Event,GPS,GPS_valtype,UTC,UTC_valtype,rho,rho_valtype,rho_errp,rho_errm,FAR,FAR_valtype,M1,M1_valtype,M1_errp,M1_errm,M2,M2_valtype,M2_errp,M2_errm,Mchirp,Mchirp_valtype,Mchirp_errp,Mchirp_errm,Mtotal,Mtotal_valtype,Mtotal_errp,Mtotal_errm,chi,chi_valtype,chi_errp,chi_errm,Mfinal,Mfinal_valtype,Mfinal_errp,Mfinal_errm,Mratio,Mratio_valtype,Mratio_errp,Mratio_errm,af,af_valtype,af_errp,af_errm,Erad,Erad_valtype,Erad_errp,Erad_errm,lpeak,lpeak_valtype,lpeak_errp,lpeak_errm,DL,DL_valtype,DL_errp,DL_errm,z,z_valtype,z_errp,z_errm,deltaOmega,deltaOmega_valtype,obsrun,obsrun_valtype,net,net_valtype,detType,detType_valtype,p_astro,p_astro_valtype
GW150914,1126259462.4,value,2015-09-14T09:51:21.400,value,26.0,bestfit,0.1,-0.2,,,34.6,bestfit,4.4,-2.6,30.0,bestfit,2.9,-4.6,27.9,bestfit,1.7,-1.5,64.5,bestfit,3.7,-3.2,-0.04,bestfit,0.12,-0.14,61.5,bestfit,3.4,-2.9,,,,,0.68,bestfit,0.05,-0.05,,,,,,,,,470.0,bestfit,140.0,-160.0,0.1,bestfit,0.03,-0.03,152.0,value,O1,value,HL,value,GW,value,,
GW151012,1128678900.4,value,2015-10-12T09:55:19.400,value,9.3,bestfit,0.3,-0.5,,,24.8,bestfit,14.5,-6.3,13.6,bestfit,4.5,-4.9,15.6,bestfit,2.3,-1.5,38.8,bestfit,10.3,-4.7,0.12,bestfit,0.28,-0.21,37.1,bestfit,10.6,-4.6,0.551,bestfit,0.3817,-0.3238,0.69,bestfit,0.13,-0.13,1.63,bestfit,0.68,-0.56,3.19,bestfit,0.97,-1.79,1000.0,bestfit,640.0,-490.0,0.2,bestfit,0.11,-0.09,1530.0,value,O1,value,HL,value,GW,value,,
GW151226,1135136350.6,value,2015-12-26T03:39:29.600,value,12.7,bestfit,0.3,-0.4,,,14.2,bestfit,11.1,-3.6,7.5,bestfit,2.4,-2.8,8.9,bestfit,0.3,-0.3,21.7,bestfit,8.3,-1.6,0.2,bestfit,0.23,-0.08,20.7,bestfit,8.6,-1.6,0.527,bestfit,0.4109,-0.3407,0.75,bestfit,0.12,-0.05,0.985,bestfit,0.111,-0.268,3.29,bestfit,0.7,-1.99,460.0,bestfit,160.0,-200.0,0.1,bestfit,0.03,-0.04,953.0,value,O1,value,HL,value,GW,value,,
GW170104,1167559936.6,value,2017-01-04T10:12:35.600,value,13.8,bestfit,0.2,-0.3,,,28.7,bestfit,6.6,-4.2,20.8,bestfit,4.1,-4.7,21.1,bestfit,2.0,-1.5,49.6,bestfit,4.7,-3.6,-0.04,bestfit,0.15,-0.19,47.5,bestfit,4.5,-3.4,0.7288,bestfit,0.234,-0.2598,0.67,bestfit,0.06,-0.08,2.18,bestfit,0.42,-0.43,3.38,bestfit,0.41,-0.81,1110.0,bestfit,390.0,-480.0,0.22,bestfit,0.07,-0.09,954.0,value,O2,value,HL,value,GW,value,,
GW170608,1180922494.5,value,2017-06-08T02:01:53.500,value,15.3,bestfit,0.2,-0.3,,,10.6,bestfit,4.0,-1.4,7.8,bestfit,1.2,-1.9,7.9,bestfit,0.2,-0.2,18.5,bestfit,2.0,-0.6,0.05,bestfit,0.13,-0.05,17.7,bestfit,2.1,-0.6,0.7351,bestfit,0.2316,-0.3341,0.69,bestfit,0.03,-0.03,0.867,bestfit,0.045,-0.104,3.57,bestfit,0.2,-1.01,340.0,bestfit,120.0,-130.0,0.07,bestfit,0.03,-0.03,416.0,value,O2,value,L,value,GW,value,,
GW170729,1185389807.3,value,2017-07-29T18:57:06.300,value,10.7,bestfit,0.4,-0.5,,,54.7,bestfit,12.7,-12.8,30.2,bestfit,11.9,-10.2,34.6,bestfit,7.0,-5.7,84.4,bestfit,15.0,-10.9,0.29,bestfit,0.25,-0.33,80.3,bestfit,13.5,-10.2,0.5488,bestfit,0.3713,-0.2226,0.78,bestfit,0.09,-0.22,4.27,bestfit,2.01,-1.93,3.65,bestfit,1.18,-1.72,2490.0,bestfit,1690.0,-1230.0,0.44,bestfit,0.24,-0.19,1150.0,value,O2,value,HL,value,GW,value,,
GW170809,1186302519.8,value,2017-08-09T08:28:58.800,value,12.8,bestfit,0.2,-0.3,,,34.1,bestfit,8.0,-5.3,24.2,bestfit,4.8,-5.3,24.8,bestfit,2.2,-1.6,58.5,bestfit,5.3,-3.9,0.07,bestfit,0.17,-0.17,55.7,bestfit,5.0,-3.6,0.711,bestfit,0.2526,-0.2524,0.71,bestfit,0.08,-0.08,2.74,bestfit,0.6,-0.53,3.57,bestfit,0.5,-0.88,1070.0,bestfit,310.0,-380.0,0.21,bestfit,0.05,-0.07,261.0,value,O2,value,HLV,value,GW,value,,
GW170814,1186741861.5,value,2017-08-14T10:31:20.500,value,17.7,bestfit,0.2,-0.3,,,30.9,bestfit,5.4,-3.3,24.9,bestfit,3.0,-4.0,24.1,bestfit,1.4,-1.2,56.0,bestfit,3.5,-3.0,0.08,bestfit,0.13,-0.12,53.2,bestfit,3.2,-2.7,0.8095,bestfit,0.1657,-0.2269,0.72,bestfit,0.07,-0.06,2.75,bestfit,0.41,-0.35,3.74,bestfit,0.31,-0.5,610.0,bestfit,160.0,-230.0,0.13,bestfit,0.03,-0.05,80.0,value,O2,value,HLV,value,GW,value,,
GW170818,1187058327.1,value,2017-08-18T02:25:46.100,value,12.0,bestfit,0.3,-0.4,,,34.8,bestfit,6.5,-4.2,27.6,bestfit,4.1,-5.1,26.8,bestfit,2.3,-2.0,62.5,bestfit,5.3,-4.6,-0.06,bestfit,0.19,-0.22,59.7,bestfit,4.9,-4.2,0.7997,bestfit,0.1766,-0.2395,0.68,bestfit,0.08,-0.08,2.82,bestfit,0.57,-0.5,3.47,bestfit,0.41,-0.56,1080.0,bestfit,430.0,-410.0,0.21,bestfit,0.07,-0.07,27.0,value,O2,value,HLV,value,GW,value,,
GW170823,1187529256.5,value,2017-08-23T13:14:35.500,value,12.2,bestfit,0.2,-0.3,,,38.3,bestfit,9.5,-6.2,29.0,bestfit,6.5,-7.8,28.6,bestfit,4.5,-3.3,67.0,bestfit,10.3,-7.2,0.05,bestfit,0.21,-0.22,63.9,bestfit,9.6,-6.8,0.7753,bestfit,0.199,-0.299,0.71,bestfit,0.08,-0.1,3.18,bestfit,0.9,-0.82,3.62,bestfit,0.51,-0.97,1970.0,bestfit,840.0,-930.0,0.36,bestfit,0.13,-0.15,1710.0,value,O2,value,HLV,value,GW,value,,
GW190403_051519,1238303737.2,value,2019-04-03T05:15:56.200,value,7.6,bestfit,0.6,-1.1,7.7,value,85.0,bestfit,27.8,-33.0,20.0,bestfit,26.3,-8.4,34.0,bestfit,15.1,-8.4,106.6,bestfit,26.7,-23.6,0.68,bestfit,0.16,-0.43,102.2,bestfit,26.3,-24.3,0.2304,bestfit,0.5693,-0.115,0.91,bestfit,0.05,-0.17,4.54,bestfit,3.38,-2.62,2.35,bestfit,2.78,-1.58,8280.0,bestfit,6720.0,-4290.0,1.18,bestfit,0.73,-0.53,2730.0,value,O3a,value,HL,value,GW,value,0.60924,value
GW190408_181802,1238782700.2,value,2019-04-08T18:18:39.200,value,14.6,bestfit,0.2,-0.3,1e-05,value,24.8,bestfit,5.4,-3.5,18.5,bestfit,3.3,-4.0,18.5,bestfit,1.9,-1.2,43.4,bestfit,4.2,-3.0,-0.03,bestfit,0.13,-0.17,41.4,bestfit,3.9,-2.9,0.753,bestfit,0.2132,-0.257,0.67,bestfit,0.06,-0.07,1.94,bestfit,0.35,-0.35,3.45,bestfit,0.35,-0.73,1540.0,bestfit,440.0,-620.0,0.29,bestfit,0.07,-0.11,271.0,value,O3a,value,HLV,value,GW,value,1.0,value
GW190412,1239082262.1,value,2019-04-12T05:31:21.100,value,19.8,bestfit,0.2,-0.3,1e-05,value,27.7,bestfit,6.0,-6.0,9.0,bestfit,2.0,-1.4,13.3,bestfit,0.5,-0.5,36.8,bestfit,4.7,-4.4,0.21,bestfit,0.12,-0.13,35.6,bestfit,4.8,-4.5,0.3254,bestfit,0.1716,-0.0971,0.66,bestfit,0.05,-0.04,1.19,bestfit,0.19,-0.15,2.13,bestfit,0.84,-0.63,720.0,bestfit,240.0,-220.0,0.15,bestfit,0.04,-0.04,25.0,value,O3a,value,HLV,value,GW,value,1.0,value
GW190413_052954,1239168612.5,value,2019-04-13T05:30:31.500,value,9.0,bestfit,0.4,-0.8,0.82,value,33.7,bestfit,10.4,-6.4,24.2,bestfit,6.5,-7.0,24.5,bestfit,4.6,-3.4,58.0,bestfit,10.6,-7.8,-0.04,bestfit,0.27,-0.32,55.5,bestfit,10.1,-7.3,0.731,bestfit,0.24,-0.3086,0.67,bestfit,0.1,-0.12,2.56,bestfit,0.87,-0.77,3.39,bestfit,0.62,-1.09,3320.0,bestfit,1910.0,-1400.0,0.56,bestfit,0.25,-0.21,668.0,value,O3a,value,HL,value,GW,value,0.9275,value
GW190413_134308,1239198206.7,value,2019-04-13T13:43:45.700,value,10.6,bestfit,0.4,-0.5,0.18,value,51.3,bestfit,16.6,-12.6,30.4,bestfit,11.7,-12.7,33.3,bestfit,7.8,-6.3,81.3,bestfit,16.8,-11.8,-0.01,bestfit,0.28,-0.38,78.0,bestfit,16.1,-11.5,0.6036,bestfit,0.3474,-0.3198,0.68,bestfit,0.12,-0.18,3.38,bestfit,1.35,-1.57,3.17,bestfit,0.84,-1.7,3800.0,bestfit,2480.0,-1830.0,0.62,bestfit,0.32,-0.26,562.0,value,O3a,value,HLV,value,GW,value,0.99058,value
GW190421_213856,1239917954.2,value,2019-04-21T21:39:33.200,value,10.7,bestfit,0.2,-0.4,0.0028,value,42.0,bestfit,10.1,-7.4,32.0,bestfit,8.3,-9.8,31.4,bestfit,6.0,-4.6,73.6,bestfit,13.2,-9.5,-0.1,bestfit,0.21,-0.27,70.5,bestfit,12.4,-9.0,0.7836,bestfit,0.1954,-0.3239,0.66,bestfit,0.09,-0.12,3.22,bestfit,0.95,-0.96,3.38,bestfit,0.45,-0.99,2590.0,bestfit,1490.0,-1240.0,0.45,bestfit,0.21,-0.19,1240.0,value,O3a,value,HL,value,GW,value,0.99792,value
GW190425,1240215503.0,value,2019-04-25T08:18:42.000,value,12.4,bestfit,0.4,-0.4,0.034,value,2.1,bestfit,0.5,-0.4,1.3,bestfit,0.3,-0.2,1.44,bestfit,0.02,-0.02,3.4,bestfit,0.3,-0.1,0.07,bestfit,0.07,-0.05,,,,,0.6354,bestfit,0.3098,-0.2026,,,,,,,,,,,,,150.0,bestfit,80.0,-60.0,0.03,bestfit,0.02,-0.01,8990.0,value,O3a,value,LV,value,GW,value,0.78349,value
GW190426_190642,1240340820.6,value,2019-04-26T19:07:19.600,value,8.7,bestfit,0.4,-0.6,4.1,value,105.5,bestfit,45.3,-24.1,76.0,bestfit,26.2,-36.5,76.0,bestfit,19.1,-17.4,182.3,bestfit,40.2,-35.7,0.23,bestfit,0.42,-0.41,172.9,bestfit,37.7,-33.6,0.7617,bestfit,0.2157,-0.4827,0.77,bestfit,0.14,-0.16,9.29,bestfit,4.68,-3.91,3.8,bestfit,1.15,-1.79,4580.0,bestfit,3400.0,-2280.0,0.73,bestfit,0.41,-0.32,4560.0,value,O3a,value,HL,value,GW,value,0.75053,value
GW190503_185404,1240944862.2,value,2019-05-03T18:54:41.200,value,12.2,bestfit,0.2,-0.4,1e-05,value,41.3,bestfit,10.3,-7.7,28.3,bestfit,7.5,-9.2,29.3,bestfit,4.5,-4.4,69.4,bestfit,10.1,-8.6,-0.05,bestfit,0.23,-0.3,66.5,bestfit,9.4,-7.9,0.6906,bestfit,0.2707,-0.2922,0.66,bestfit,0.09,-0.15,3.0,bestfit,0.95,-1.07,3.31,bestfit,0.59,-1.22,1520.0,bestfit,630.0,-600.0,0.29,bestfit,0.1,-0.1,103.0,value,O3a,value,HLV,value,GW,value,1.0,value
GW190512_180714,1241719652.4,value,2019-05-12T18:07:51.400,value,12.7,bestfit,0.3,-0.4,1e-05,value,23.2,bestfit,5.6,-5.6,12.5,bestfit,3.5,-2.6,14.6,bestfit,1.4,-0.9,35.8,bestfit,4.1,-3.5,0.02,bestfit,0.13,-0.14,34.3,bestfit,4.1,-3.4,0.5384,bestfit,0.3619,-0.1808,0.65,bestfit,0.06,-0.07,1.45,bestfit,0.25,-0.26,3.0,bestfit,0.68,-0.86,1460.0,bestfit,510.0,-590.0,0.28,bestfit,0.08,-0.1,274.0,value,O3a,value,HLV,value,GW,value,1.0,value
GW190513_205428,1241816086.7,value,2019-05-13T20:55:05.700,value,12.5,bestfit,0.3,-0.4,1.3e-05,value,36.0,bestfit,10.6,-9.7,18.3,bestfit,7.4,-4.7,21.8,bestfit,3.8,-2.2,54.4,bestfit,9.3,-6.7,0.16,bestfit,0.29,-0.22,52.1,bestfit,8.8,-6.6,0.5059,bestfit,0.414,-0.1948,0.71,bestfit,0.13,-0.13,2.32,bestfit,1.2,-0.68,3.16,bestfit,1.21,-1.23,2210.0,bestfit,990.0,-810.0,0.4,bestfit,0.14,-0.13,448.0,value,O3a,value,HLV,value,GW,value,0.99998,value
GW190514_065416,1241852074.8,value,2019-05-14T06:54:53.800,value,8.0,bestfit,0.3,-0.6,2.8,value,40.9,bestfit,17.3,-9.3,28.4,bestfit,10.0,-10.1,29.1,bestfit,8.1,-5.4,69.3,bestfit,19.8,-12.1,-0.08,bestfit,0.29,-0.35,66.4,bestfit,19.0,-11.5,0.7106,bestfit,0.2564,-0.3498,0.66,bestfit,0.12,-0.16,2.92,bestfit,1.25,-1.05,3.27,bestfit,0.65,-1.35,3890.0,bestfit,2610.0,-2070.0,0.64,bestfit,0.33,-0.3,3190.0,value,O3a,value,HL,value,GW,value,0.76021,value
GW190517_055101,1242107479.8,value,2019-05-17T05:51:38.800,value,10.8,bestfit,0.5,-0.6,0.00035,value,39.2,bestfit,13.9,-9.2,24.0,bestfit,7.4,-7.9,26.5,bestfit,4.0,-4.2,64.1,bestfit,9.9,-9.8,0.49,bestfit,0.21,-0.28,60.1,bestfit,9.9,-9.4,0.6186,bestfit,0.3212,-0.3045,0.87,bestfit,0.05,-0.07,3.94,bestfit,1.3,-1.61,4.5,bestfit,0.99,-2.24,1790.0,bestfit,1750.0,-880.0,0.33,bestfit,0.26,-0.15,365.0,value,O3a,value,HLV,value,GW,value,1.0,value
GW190519_153544,1242315362.3,value,2019-05-19T15:36:21.300,value,15.9,bestfit,0.2,-0.3,1e-05,value,65.1,bestfit,10.8,-11.0,40.8,bestfit,11.5,-12.7,44.3,bestfit,6.8,-7.5,105.6,bestfit,14.4,-13.9,0.33,bestfit,0.2,-0.24,100.0,bestfit,13.0,-12.9,0.6272,bestfit,0.2623,-0.2231,0.79,bestfit,0.07,-0.12,5.68,bestfit,1.85,-1.94,3.9,bestfit,0.87,-1.26,2600.0,bestfit,1720.0,-960.0,0.45,bestfit,0.24,-0.15,672.0,value,O3a,value,HLV,value,GW,value,1.0,value
GW190521,1242442967.4,value,2019-05-21T03:03:06.400,value,14.3,bestfit,0.5,-0.4,0.0013,value,98.4,bestfit,33.6,-21.7,57.2,bestfit,27.1,-30.1,63.3,bestfit,19.6,-14.6,153.1,bestfit,42.2,-16.2,-0.14,bestfit,0.5,-0.45,147.4,bestfit,40.0,-16.0,,,,,0.62,bestfit,0.21,-0.23,,,,,,,,,3310.0,bestfit,2790.0,-1800.0,0.56,bestfit,0.36,-0.27,1020.0,value,O3a,value,HLV,value,GW,value,0.99989,value
GW190521_074359,1242459857.4,value,2019-05-21T07:44:36.400,value,25.9,bestfit,0.1,-0.2,1e-05,value,43.4,bestfit,5.8,-5.5,33.4,bestfit,5.2,-6.8,32.8,bestfit,3.2,-2.8,76.3,bestfit,7.0,-5.9,0.1,bestfit,0.13,-0.13,72.6,bestfit,6.5,-5.4,0.7749,bestfit,0.1842,-0.2067,0.71,bestfit,0.06,-0.06,3.75,bestfit,0.65,-0.67,3.71,bestfit,0.35,-0.56,1080.0,bestfit,580.0,-530.0,0.21,bestfit,0.1,-0.1,469.0,value,O3a,value,HL,value,GW,value,1.0,value
GW190527_092055,1242984073.7,value,2019-05-27T09:21:32.700,value,8.0,bestfit,0.4,-0.9,0.23,value,35.6,bestfit,18.7,-8.0,22.2,bestfit,9.0,-8.7,23.9,bestfit,6.8,-3.9,58.1,bestfit,18.1,-8.8,0.1,bestfit,0.22,-0.22,55.5,bestfit,17.9,-8.5,0.6355,bestfit,0.3074,-0.359,0.71,bestfit,0.1,-0.16,2.61,bestfit,1.17,-1.1,3.43,bestfit,0.76,-1.89,2520.0,bestfit,2080.0,-1230.0,0.44,bestfit,0.29,-0.19,3640.0,value,O3a,value,HL,value,GW,value,0.84784,value
GW190602_175927,1243533585.0,value,2019-06-02T18:00:04.000,value,13.2,bestfit,0.2,-0.3,1e-05,value,71.8,bestfit,18.1,-14.6,44.8,bestfit,15.5,-19.6,48.0,bestfit,9.5,-9.7,115.6,bestfit,19.2,-14.8,0.12,bestfit,0.25,-0.28,110.5,bestfit,17.9,-13.9,0.6297,bestfit,0.3217,-0.3418,0.72,bestfit,0.11,-0.17,5.33,bestfit,1.95,-2.46,3.44,bestfit,0.87,-1.78,2840.0,bestfit,1930.0,-1280.0,0.49,bestfit,0.26,-0.2,739.0,value,O3a,value,HLV,value,GW,value,1.0,value
GW190620_030421,1245035079.3,value,2019-06-20T03:04:58.300,value,12.1,bestfit,0.3,-0.4,0.011,value,58.0,bestfit,19.2,-13.3,35.0,bestfit,13.1,-14.5,38.1,bestfit,8.5,-7.2,92.7,bestfit,18.5,-13.2,0.34,bestfit,0.22,-0.29,88.0,bestfit,17.2,-12.4,0.6063,bestfit,0.342,-0.3194,0.8,bestfit,0.07,-0.15,4.92,bestfit,2.09,-2.4,3.91,bestfit,0.97,-2.17,2910.0,bestfit,1710.0,-1320.0,0.5,bestfit,0.23,-0.2,6440.0,value,O3a,value,LV,value,GW,value,0.98748,value
GW190630_185205,1245955943.1,value,2019-06-30T18:52:42.100,value,16.4,bestfit,0.2,-0.3,1e-05,value,35.1,bestfit,6.5,-5.5,24.0,bestfit,5.5,-5.2,25.1,bestfit,2.2,-2.1,59.4,bestfit,4.7,-4.8,0.1,bestfit,0.14,-0.13,56.6,bestfit,4.4,-4.5,0.6804,bestfit,0.2752,-0.2166,0.7,bestfit,0.06,-0.07,2.79,bestfit,0.56,-0.55,3.55,bestfit,0.49,-0.8,870.0,bestfit,530.0,-360.0,0.18,bestfit,0.09,-0.07,960.0,value,O3a,value,LV,value,GW,value,1.0,value
GW190701_203306,1246048404.5,value,2019-07-01T20:33:43.500,value,11.2,bestfit,0.2,-0.4,0.0057,value,54.1,bestfit,12.6,-8.0,40.5,bestfit,8.7,-12.1,40.2,bestfit,5.4,-5.0,94.3,bestfit,12.0,-9.5,-0.08,bestfit,0.23,-0.31,90.2,bestfit,11.2,-8.9,0.7607,bestfit,0.2108,-0.3135,0.66,bestfit,0.09,-0.13,4.11,bestfit,1.09,-1.18,3.36,bestfit,0.51,-1.02,2090.0,bestfit,770.0,-740.0,0.38,bestfit,0.11,-0.12,43.0,value,O3a,value,HLV,value,GW,value,0.99986,value
GW190706_222641,1246487219.3,value,2019-07-06T22:27:18.300,value,13.4,bestfit,0.2,-0.4,5e-05,value,74.0,bestfit,20.1,-16.9,39.4,bestfit,18.4,-15.4,45.6,bestfit,13.0,-9.1,112.6,bestfit,27.4,-16.8,0.28,bestfit,0.25,-0.31,107.3,bestfit,25.2,-15.9,0.5379,bestfit,0.3436,-0.2481,0.78,bestfit,0.09,-0.19,5.52,bestfit,2.77,-2.57,3.51,bestfit,1.21,-1.74,3630.0,bestfit,2600.0,-2000.0,0.6,bestfit,0.33,-0.29,2600.0,value,O3a,value,HLV,value,GW,value,1.0,value
GW190707_093326,1246527224.1,value,2019-07-07T09:34:03.100,value,13.1,bestfit,0.2,-0.4,1e-05,value,12.1,bestfit,2.6,-2.0,7.9,bestfit,1.6,-1.3,8.4,bestfit,0.6,-0.4,20.1,bestfit,1.7,-1.2,-0.04,bestfit,0.1,-0.09,19.2,bestfit,1.7,-1.2,0.6602,bestfit,0.2737,-0.2022,0.66,bestfit,0.03,-0.03,0.865,bestfit,0.08,-0.084,3.29,bestfit,0.28,-0.62,850.0,bestfit,340.0,-400.0,0.17,bestfit,0.06,-0.08,893.0,value,O3a,value,HL,value,GW,value,1.0,value
GW190708_232457,1246663515.3,value,2019-07-08T23:25:34.300,value,13.4,bestfit,0.2,-0.3,0.00031,value,19.8,bestfit,4.3,-4.3,11.6,bestfit,3.1,-2.0,13.1,bestfit,0.9,-0.6,31.4,bestfit,2.8,-2.2,0.05,bestfit,0.1,-0.1,30.1,bestfit,2.9,-2.1,0.5848,bestfit,0.3579,-0.1779,0.68,bestfit,0.04,-0.05,1.37,bestfit,0.15,-0.16,3.23,bestfit,0.49,-0.72,930.0,bestfit,310.0,-390.0,0.19,bestfit,0.06,-0.07,11000.0,value,O3a,value,LV,value,GW,value,0.99965,value
GW190719_215514,1247608532.9,value,2019-07-19T21:55:51.900,value,7.9,bestfit,0.3,-0.7,0.63,value,36.6,bestfit,42.1,-11.1,19.9,bestfit,10.0,-9.3,22.8,bestfit,8.3,-4.3,57.2,bestfit,38.4,-11.6,0.25,bestfit,0.33,-0.32,54.5,bestfit,38.3,-11.1,0.5481,bestfit,0.3959,-0.405,0.76,bestfit,0.13,-0.18,2.61,bestfit,1.76,-1.32,3.46,bestfit,1.17,-2.62,3730.0,bestfit,3120.0,-2070.0,0.61,bestfit,0.39,-0.3,3560.0,value,O3a,value,HL,value,GW,value,0.91976,value
GW190720_000836,1247616534.7,value,2019-07-20T00:09:13.700,value,10.9,bestfit,0.3,-0.8,1e-05,value,14.2,bestfit,5.6,-3.3,7.5,bestfit,2.2,-1.8,9.0,bestfit,0.4,-0.8,21.8,bestfit,3.8,-2.0,0.19,bestfit,0.14,-0.11,20.8,bestfit,3.9,-2.0,0.5289,bestfit,0.357,-0.2379,0.71,bestfit,0.05,-0.05,0.963,bestfit,0.115,-0.161,3.21,bestfit,0.66,-1.18,770.0,bestfit,650.0,-260.0,0.16,bestfit,0.11,-0.05,35.0,value,O3a,value,HLV,value,GW,value,1.0,value
GW190725_174728,1248112066.4,value,2019-07-25T17:48:05.400,value,9.1,bestfit,0.4,-0.7,0.46,value,11.8,bestfit,10.1,-3.0,6.3,bestfit,2.1,-2.5,7.4,bestfit,0.5,-0.5,18.3,bestfit,7.4,-1.9,-0.04,bestfit,0.36,-0.16,17.6,bestfit,7.7,-1.8,0.5329,bestfit,0.4075,-0.3606,0.65,bestfit,0.09,-0.07,0.707,bestfit,0.11,-0.233,2.88,bestfit,0.65,-1.89,1030.0,bestfit,520.0,-430.0,0.2,bestfit,0.09,-0.08,2140.0,value,O3a,value,HLV,value,GW,value,0.96021,value
GW190727_060333,1248242631.9,value,2019-07-27T06:04:10.900,value,11.7,bestfit,0.2,-0.5,1e-05,value,38.9,bestfit,8.9,-6.0,30.2,bestfit,6.5,-8.3,29.4,bestfit,4.6,-3.7,68.8,bestfit,10.2,-7.8,0.09,bestfit,0.25,-0.27,65.4,bestfit,9.5,-7.3,0.7915,bestfit,0.1856,-0.3031,0.73,bestfit,0.09,-0.11,3.37,bestfit,0.94,-0.88,3.7,bestfit,0.62,-0.91,3070.0,bestfit,1300.0,-1230.0,0.52,bestfit,0.18,-0.18,100.0,value,O3a,value,HLV,value,GW,value,1.0,value
GW190728_064510,1248331528.5,value,2019-07-28T06:45:47.500,value,13.1,bestfit,0.3,-0.4,1e-05,value,12.5,bestfit,6.9,-2.3,8.0,bestfit,1.7,-2.6,8.6,bestfit,0.6,-0.3,20.7,bestfit,4.2,-1.4,0.13,bestfit,0.19,-0.07,19.7,bestfit,4.4,-1.4,0.6443,bestfit,0.301,-0.3595,0.71,bestfit,0.04,-0.04,0.963,bestfit,0.092,-0.183,3.51,bestfit,0.37,-1.52,880.0,bestfit,260.0,-380.0,0.18,bestfit,0.05,-0.07,321.0,value,O3a,value,HLV,value,GW,value,1.0,value
GW190731_140936,1248617394.6,value,2019-07-31T14:10:13.600,value,8.8,bestfit,0.3,-0.4,0.33,value,41.8,bestfit,12.7,-9.1,29.0,bestfit,10.2,-9.9,29.7,bestfit,7.4,-5.3,70.7,bestfit,16.3,-11.4,0.07,bestfit,0.28,-0.25,67.4,bestfit,15.3,-10.8,0.7164,bestfit,0.2529,-0.3229,0.71,bestfit,0.12,-0.14,3.3,bestfit,1.4,-1.13,3.57,bestfit,0.74,-1.33,3330.0,bestfit,2350.0,-1770.0,0.56,bestfit,0.31,-0.26,3530.0,value,O3a,value,HL,value,GW,value,0.83427,value
GW190803_022701,1248834439.8,value,2019-08-03T02:27:38.800,value,9.3,bestfit,0.3,-0.5,0.073,value,37.7,bestfit,9.8,-6.7,27.6,bestfit,7.6,-8.5,27.6,bestfit,5.4,-3.8,65.0,bestfit,12.0,-8.1,-0.01,bestfit,0.23,-0.28,62.1,bestfit,11.2,-7.6,0.7536,bestfit,0.2191,-0.3166,0.68,bestfit,0.09,-0.12,2.94,bestfit,0.9,-0.89,3.47,bestfit,0.54,-1.1,3190.0,bestfit,1630.0,-1470.0,0.54,bestfit,0.22,-0.22,1010.0,value,O3a,value,HLV,value,GW,value,0.97383,value
GW190805_211137,1249074715.3,value,2019-08-05T21:12:14.300,value,8.1,bestfit,0.5,-0.7,0.63,value,46.2,bestfit,15.4,-11.2,30.6,bestfit,11.8,-11.3,31.9,bestfit,8.8,-6.3,76.7,bestfit,19.5,-13.8,0.37,bestfit,0.29,-0.39,72.4,bestfit,18.2,-13.2,0.6832,bestfit,0.2773,-0.3255,0.82,bestfit,0.09,-0.16,4.3,bestfit,1.85,-1.63,4.08,bestfit,1.15,-1.57,6130.0,bestfit,3720.0,-3080.0,0.92,bestfit,0.43,-0.4,1540.0,value,O3a,value,HL,value,GW,value,0.95372,value
GW190814,1249852257.0,value,2019-08-14T21:11:16.000,value,25.3,bestfit,0.1,-0.2,1e-05,value,23.3,bestfit,1.4,-1.4,2.6,bestfit,0.1,-0.1,6.11,bestfit,0.06,-0.05,25.9,bestfit,1.3,-1.3,0.0,bestfit,0.0,0.0,25.7,bestfit,1.3,-1.3,0.1112,bestfit,0.0118,-0.0108,0.28,bestfit,0.03,-0.03,0.242,bestfit,0.007,-0.007,0.397,bestfit,0.056,-0.051,230.0,bestfit,40.0,-50.0,0.05,bestfit,0.01,-0.01,22.0,value,O3a,value,HLV,value,GW,value,1.0,value
GW190828_063405,1251009263.7,value,2019-08-28T06:34:42.700,value,16.5,bestfit,0.2,-0.3,1e-05,value,31.9,bestfit,5.4,-4.1,25.8,bestfit,4.9,-5.3,24.6,bestfit,3.6,-2.0,57.2,bestfit,7.9,-4.3,0.15,bestfit,0.15,-0.16,54.3,bestfit,7.3,-4.0,0.8234,bestfit,0.1586,-0.2449,0.74,bestfit,0.07,-0.07,2.96,bestfit,0.67,-0.53,3.89,bestfit,0.39,-0.61,2070.0,bestfit,650.0,-920.0,0.38,bestfit,0.1,-0.15,340.0,value,O3a,value,HLV,value,GW,value,1.0,value
GW190828_065509,1251010527.8,value,2019-08-28T06:55:46.800,value,10.2,bestfit,0.4,-0.5,3.5e-05,value,23.7,bestfit,6.8,-6.7,10.4,bestfit,3.8,-2.2,13.4,bestfit,1.4,-1.0,34.3,bestfit,5.2,-4.3,0.05,bestfit,0.16,-0.17,33.0,bestfit,5.3,-4.3,0.4411,bestfit,0.3814,-0.1614,0.64,bestfit,0.08,-0.08,1.25,bestfit,0.29,-0.25,2.59,bestfit,0.98,-0.89,1540.0,bestfit,690.0,-650.0,0.29,bestfit,0.11,-0.11,593.0,value,O3a,value,HLV,value,GW,value,0.99998,value
GW190910_112807,1252150105.3,value,2019-09-10T11:28:44.300,value,14.5,bestfit,0.2,-0.3,0.0029,value,43.8,bestfit,7.6,-6.8,34.2,bestfit,6.6,-7.3,33.5,bestfit,4.2,-4.1,78.0,bestfit,9.3,-9.1,0.0,bestfit,0.0,0.0,74.4,bestfit,8.5,-8.6,0.7905,bestfit,0.1841,-0.2282,0.69,bestfit,0.07,-0.08,3.62,bestfit,0.84,-0.76,3.57,bestfit,0.41,-0.62,1520.0,bestfit,1090.0,-630.0,0.29,bestfit,0.17,-0.11,8300.0,value,O3a,value,LV,value,GW,value,0.99669,value
GW190915_235702,1252627040.6,value,2019-09-15T23:57:39.600,value,13.1,bestfit,0.2,-0.3,1e-05,value,32.6,bestfit,8.8,-4.9,24.5,bestfit,4.9,-5.8,24.4,bestfit,3.0,-2.3,57.2,bestfit,7.1,-5.3,-0.03,bestfit,0.19,-0.24,54.7,bestfit,6.6,-5.0,0.7603,bestfit,0.2089,-0.2938,0.69,bestfit,0.08,-0.09,2.57,bestfit,0.61,-0.58,3.46,bestfit,0.45,-0.89,1750.0,bestfit,710.0,-650.0,0.32,bestfit,0.11,-0.11,432.0,value,O3a,value,HLV,value,GW,value,1.0,value
GW190916_200658,1252699636.9,value,2019-09-16T20:07:35.900,value,8.1,bestfit,0.3,-0.5,4.7,value,43.8,bestfit,19.9,-12.6,23.3,bestfit,12.5,-10.0,26.9,bestfit,8.2,-5.4,68.0,bestfit,18.3,-13.1,0.2,bestfit,0.33,-0.31,65.0,bestfit,17.3,-12.6,0.5468,bestfit,0.3969,-0.3168,0.74,bestfit,0.13,-0.24,3.02,bestfit,2.05,-1.54,3.38,bestfit,1.31,-2.13,4940.0,bestfit,3710.0,-2380.0,0.77,bestfit,0.45,-0.32,2370.0,value,O3a,value,HLV,value,GW,value,0.65727,value
GW190917_114630,1252756008.0,value,2019-09-17T11:47:07.000,value,8.3,bestfit,0.5,-0.8,0.66,value,9.7,bestfit,3.4,-3.9,2.1,bestfit,1.1,-0.4,3.7,bestfit,0.2,-0.2,11.8,bestfit,3.0,-2.8,-0.08,bestfit,0.21,-0.43,11.6,bestfit,3.1,-2.9,0.21,bestfit,0.3243,-0.0857,0.42,bestfit,0.14,-0.05,0.212,bestfit,0.065,-0.043,1.03,bestfit,1.3,-0.51,720.0,bestfit,300.0,-310.0,0.15,bestfit,0.05,-0.06,1690.0,value,O3a,value,HLV,value,GW,value,0.76643,value
GW190924_021846,1253326744.8,value,2019-09-24T02:19:23.800,value,12.0,bestfit,0.3,-0.4,1e-05,value,8.8,bestfit,4.3,-1.8,5.1,bestfit,1.2,-1.5,5.8,bestfit,0.2,-0.2,13.9,bestfit,2.8,-0.9,0.03,bestfit,0.2,-0.08,13.3,bestfit,3.0,-0.9,0.58,bestfit,0.3242,-0.3015,0.67,bestfit,0.05,-0.04,0.59,bestfit,0.049,-0.113,3.15,bestfit,0.48,-1.35,550.0,bestfit,220.0,-220.0,0.11,bestfit,0.04,-0.04,376.0,value,O3a,value,HLV,value,GW,value,1.0,value
GW190925_232845,1253489343.1,value,2019-09-25T23:29:22.100,value,9.7,bestfit,0.3,-0.6,0.0072,value,20.8,bestfit,6.5,-2.9,15.5,bestfit,2.5,-3.6,15.6,bestfit,1.1,-1.1,36.7,bestfit,3.6,-2.8,0.09,bestfit,0.16,-0.15,34.9,bestfit,3.5,-2.6,0.7478,bestfit,0.2225,-0.3035,0.71,bestfit,0.06,-0.06,1.74,bestfit,0.28,-0.28,3.63,bestfit,0.38,-0.88,930.0,bestfit,460.0,-350.0,0.19,bestfit,0.08,-0.07,876.0,value,O3a,value,HV,value,GW,value,0.98849,value
GW190926_050336,1253509434.0,value,2019-09-26T05:04:13.000,value,8.1,bestfit,0.6,-0.8,1.1,value,41.1,bestfit,20.8,-12.5,20.4,bestfit,11.4,-8.2,24.4,bestfit,9.0,-4.9,61.9,bestfit,22.7,-12.0,-0.02,bestfit,0.25,-0.32,59.6,bestfit,22.1,-11.8,0.4979,bestfit,0.419,-0.2629,0.64,bestfit,0.14,-0.2,2.3,bestfit,1.28,-1.06,2.79,bestfit,1.06,-1.61,3280.0,bestfit,3400.0,-1730.0,0.55,bestfit,0.44,-0.26,2020.0,value,O3a,value,HLV,value,GW,value,0.54334,value
GW190929_012149,1253755327.4,value,2019-09-29T01:22:26.400,value,9.7,bestfit,0.4,-0.6,0.16,value,66.3,bestfit,21.6,-16.6,26.8,bestfit,14.7,-10.6,35.6,bestfit,10.2,-7.4,93.3,bestfit,23.3,-15.0,-0.03,bestfit,0.23,-0.28,90.3,bestfit,22.3,-14.6,0.4035,bestfit,0.3361,-0.1998,0.6,bestfit,0.17,-0.22,3.05,bestfit,1.74,-1.47,2.29,bestfit,1.29,-1.34,3130.0,bestfit,2510.0,-1370.0,0.53,bestfit,0.33,-0.2,1650.0,value,O3a,value,HLV,value,GW,value,0.87042,value
GW190930_133541,1253885759.2,value,2019-09-30T13:36:18.200,value,9.7,bestfit,0.3,-0.5,0.012,value,14.2,bestfit,8.0,-4.0,6.9,bestfit,2.4,-2.1,8.5,bestfit,0.5,-0.4,21.2,bestfit,5.9,-2.0,0.19,bestfit,0.22,-0.16,20.2,bestfit,6.1,-2.0,0.4877,bestfit,0.4252,-0.2674,0.71,bestfit,0.07,-0.06,0.896,bestfit,0.139,-0.176,3.02,bestfit,0.86,-1.45,770.0,bestfit,320.0,-320.0,0.16,bestfit,0.06,-0.06,1490.0,value,O3a,value,HL,value,GW,value,0.99785,value
GW191103_012549,1256779567.5,value,2019-11-03T01:26:26.500,value,8.9,bestfit,0.3,-0.5,0.46,value,11.8,bestfit,6.2,-2.2,7.9,bestfit,1.7,-2.4,8.34,bestfit,0.66,-0.57,20.0,bestfit,3.7,-1.8,0.21,bestfit,0.16,-0.1,19.0,bestfit,3.8,-1.7,,,,,0.75,bestfit,0.06,-0.05,,,,,,,,,990.0,bestfit,500.0,-470.0,0.2,bestfit,0.09,-0.09,2520.0,value,O3b,value,HL,value,GW,value,0.94318,value
GW191105_143521,1256999739.9,value,2019-11-05T14:35:58.900,value,9.7,bestfit,0.3,-0.5,0.012,value,10.7,bestfit,3.7,-1.6,7.7,bestfit,1.4,-1.9,7.82,bestfit,0.61,-0.45,18.5,bestfit,2.1,-1.3,-0.02,bestfit,0.13,-0.09,17.6,bestfit,2.1,-1.2,,,,,0.67,bestfit,0.04,-0.05,,,,,,,,,1150.0,bestfit,430.0,-480.0,0.23,bestfit,0.07,-0.09,729.0,value,O3b,value,HLV,value,GW,value,0.99,value
GW191109_010717,1257296855.2,value,2019-11-09T01:07:54.200,value,17.3,bestfit,0.5,-0.5,0.00018,value,65.0,bestfit,11.0,-11.0,47.0,bestfit,15.0,-13.0,47.5,bestfit,9.6,-7.5,112.0,bestfit,20.0,-16.0,-0.29,bestfit,0.42,-0.31,107.0,bestfit,18.0,-15.0,,,,,0.61,bestfit,0.18,-0.19,,,,,,,,,1290.0,bestfit,1130.0,-650.0,0.25,bestfit,0.18,-0.12,1780.0,value,O3b,value,HL,value,GW,value,0.99,value
GW191113_071753,1257664691.8,value,2019-11-13T07:18:30.800,value,7.9,bestfit,0.5,-1.1,26.0,value,29.0,bestfit,12.0,-14.0,5.9,bestfit,4.4,-1.3,10.7,bestfit,1.1,-1.0,34.5,bestfit,10.5,-9.8,0.0,bestfit,0.0,0.0,34.0,bestfit,11.0,-10.0,,,,,0.45,bestfit,0.33,-0.11,,,,,,,,,1370.0,bestfit,1150.0,-620.0,0.26,bestfit,0.18,-0.11,2990.0,value,O3b,value,HLV,value,GW,value,0.68339,value
GW191126_115259,1258804397.6,value,2019-11-26T11:53:36.600,value,8.3,bestfit,0.2,-0.5,3.2,value,12.1,bestfit,5.5,-2.2,8.3,bestfit,1.9,-2.4,8.65,bestfit,0.95,-0.71,20.7,bestfit,3.4,-2.0,0.21,bestfit,0.15,-0.11,19.6,bestfit,3.5,-2.0,,,,,0.75,bestfit,0.06,-0.05,,,,,,,,,1620.0,bestfit,740.0,-740.0,0.3,bestfit,0.12,-0.13,1520.0,value,O3b,value,HL,value,GW,value,0.70041,value
GW191127_050227,1258866165.5,value,2019-11-27T05:03:04.500,value,9.2,bestfit,0.7,-0.6,0.25,value,53.0,bestfit,47.0,-20.0,24.0,bestfit,17.0,-14.0,29.9,bestfit,11.7,-9.1,80.0,bestfit,39.0,-22.0,0.18,bestfit,0.34,-0.36,76.0,bestfit,39.0,-21.0,,,,,0.75,bestfit,0.13,-0.29,,,,,,,,,3400.0,bestfit,3100.0,-1900.0,0.57,bestfit,0.4,-0.29,1500.0,value,O3b,value,HLV,value,GW,value,0.73996,value
GW191129_134029,1259070047.1,value,2019-11-29T13:41:06.100,value,13.1,bestfit,0.2,-0.3,1e-05,value,10.7,bestfit,4.1,-2.1,6.7,bestfit,1.5,-1.7,7.31,bestfit,0.43,-0.28,17.5,bestfit,2.4,-1.2,0.06,bestfit,0.16,-0.08,16.8,bestfit,2.5,-1.2,,,,,0.69,bestfit,0.03,-0.05,,,,,,,,,790.0,bestfit,260.0,-330.0,0.16,bestfit,0.05,-0.06,848.0,value,O3b,value,HL,value,GW,value,0.99,value
GW191204_110529,1259492747.5,value,2019-12-04T11:06:06.500,value,8.9,bestfit,0.4,-0.6,3.3,value,27.3,bestfit,10.8,-5.9,19.2,bestfit,5.5,-6.0,19.8,bestfit,3.6,-3.2,47.1,bestfit,9.1,-7.8,0.05,bestfit,0.25,-0.26,45.0,bestfit,8.7,-7.5,,,,,0.71,bestfit,0.11,-0.11,,,,,,,,,1900.0,bestfit,1700.0,-1100.0,0.34,bestfit,0.25,-0.18,4600.0,value,O3b,value,HL,value,GW,value,0.74239,value
GW191204_171526,1259514944.0,value,2019-12-04T17:16:03.000,value,17.4,bestfit,0.2,-0.3,1e-05,value,11.7,bestfit,3.3,-1.7,8.4,bestfit,1.3,-1.7,8.56,bestfit,0.41,-0.28,20.19,bestfit,1.64,-0.95,0.16,bestfit,0.08,-0.05,19.18,bestfit,1.71,-0.93,,,,,0.73,bestfit,0.04,-0.03,,,,,,,,,640.0,bestfit,200.0,-260.0,0.13,bestfit,0.04,-0.05,345.0,value,O3b,value,HL,value,GW,value,0.99,value
GW191215_223052,1260484270.3,value,2019-12-15T22:31:29.300,value,11.2,bestfit,0.3,-0.4,1e-05,value,24.9,bestfit,7.1,-4.1,18.1,bestfit,3.8,-4.1,18.4,bestfit,2.2,-1.7,43.3,bestfit,5.3,-4.3,-0.04,bestfit,0.17,-0.21,41.4,bestfit,5.1,-4.1,,,,,0.68,bestfit,0.07,-0.07,,,,,,,,,1930.0,bestfit,890.0,-860.0,0.35,bestfit,0.13,-0.14,526.0,value,O3b,value,HLV,value,GW,value,0.99,value
GW191216_213338,1260567236.4,value,2019-12-16T21:34:15.400,value,18.6,bestfit,0.2,-0.2,1e-05,value,12.1,bestfit,4.6,-2.2,7.7,bestfit,1.6,-1.9,8.33,bestfit,0.22,-0.19,19.8,bestfit,2.7,-0.93,0.11,bestfit,0.13,-0.06,18.87,bestfit,2.81,-0.93,,,,,0.7,bestfit,0.03,-0.04,,,,,,,,,340.0,bestfit,120.0,-130.0,0.07,bestfit,0.02,-0.03,914.0,value,O3b,value,HV,value,GW,value,0.99,value
GW191219_163120,1260808298.4,value,2019-12-19T16:31:57.400,value,9.1,bestfit,0.5,-0.8,4.0,value,31.1,bestfit,2.2,-2.8,1.17,bestfit,0.07,-0.06,4.31,bestfit,0.12,-0.17,32.3,bestfit,2.2,-2.7,0.0,bestfit,0.0,0.0,32.2,bestfit,2.2,-2.7,,,,,0.14,bestfit,0.06,-0.06,,,,,,,,,550.0,bestfit,240.0,-160.0,0.11,bestfit,0.05,-0.03,1900.0,value,O3b,value,HLV,value,GW,value,0.8224,value
GW191222_033537,1261020955.1,value,2019-12-22T03:36:14.100,value,12.5,bestfit,0.2,-0.3,1e-05,value,45.1,bestfit,10.9,-8.0,34.7,bestfit,9.3,-10.5,33.8,bestfit,7.1,-5.0,79.0,bestfit,16.0,-11.0,-0.04,bestfit,0.2,-0.25,75.5,bestfit,15.3,-9.9,,,,,0.67,bestfit,0.08,-0.11,,,,,,,,,3000.0,bestfit,1700.0,-1700.0,0.51,bestfit,0.23,-0.26,1960.0,value,O3b,value,HL,value,GW,value,0.99,value
GW191230_180458,1261764316.4,value,2019-12-30T18:05:35.400,value,10.4,bestfit,0.3,-0.4,0.05,value,49.4,bestfit,14.0,-9.6,37.0,bestfit,11.0,-12.0,36.5,bestfit,8.2,-5.6,86.0,bestfit,19.0,-12.0,-0.05,bestfit,0.26,-0.31,82.0,bestfit,17.0,-11.0,,,,,0.68,bestfit,0.11,-0.13,,,,,,,,,4300.0,bestfit,2100.0,-1900.0,0.69,bestfit,0.26,-0.27,744.0,value,O3b,value,HLV,value,GW,value,0.96159,value
GW200112_155838,1262879936.0,value,2020-01-12T15:59:15.000,value,19.8,bestfit,0.1,-0.2,1e-05,value,35.6,bestfit,6.7,-4.5,28.3,bestfit,4.4,-5.9,27.4,bestfit,2.6,-2.1,63.9,bestfit,5.7,-4.6,0.06,bestfit,0.15,-0.15,60.8,bestfit,5.3,-4.3,,,,,0.71,bestfit,0.06,-0.06,,,,,,,,,1250.0,bestfit,430.0,-460.0,0.24,bestfit,0.07,-0.08,3200.0,value,O3b,value,LV,value,GW,value,0.99,value
GW200115_042309,1263097407.7,value,2020-01-15T04:23:46.700,value,11.3,bestfit,0.3,-0.5,1e-05,value,5.9,bestfit,2.0,-2.5,1.44,bestfit,0.85,-0.28,2.43,bestfit,0.05,-0.07,7.4,bestfit,1.7,-1.7,-0.15,bestfit,0.23,-0.42,7.2,bestfit,1.8,-1.7,,,,,0.42,bestfit,0.09,-0.04,,,,,,,,,290.0,bestfit,150.0,-100.0,0.06,bestfit,0.03,-0.02,371.0,value,O3b,value,HLV,value,GW,value,0.99,value
GW200128_022011,1264213229.9,value,2020-01-28T02:20:48.900,value,10.6,bestfit,0.3,-0.4,0.0043,value,42.2,bestfit,11.6,-8.1,32.6,bestfit,9.5,-9.2,32.0,bestfit,7.5,-5.5,75.0,bestfit,17.0,-12.0,0.12,bestfit,0.24,-0.25,71.0,bestfit,16.0,-11.0,,,,,0.74,bestfit,0.1,-0.1,,,,,,,,,3400.0,bestfit,2100.0,-1800.0,0.56,bestfit,0.28,-0.28,2680.0,value,O3b,value,HL,value,GW,value,0.99,value
GW200129_065458,1264316116.4,value,2020-01-29T06:55:35.400,value,26.8,bestfit,0.2,-0.2,1e-05,value,34.5,bestfit,9.9,-3.1,29.0,bestfit,3.3,-9.3,27.2,bestfit,2.1,-2.3,63.3,bestfit,4.5,-3.4,0.11,bestfit,0.11,-0.16,60.2,bestfit,4.1,-3.2,,,,,0.73,bestfit,0.06,-0.05,,,,,,,,,890.0,bestfit,260.0,-370.0,0.18,bestfit,0.05,-0.07,31.0,value,O3b,value,HLV,value,GW,value,0.99,value
GW200202_154313,1264693411.5,value,2020-02-02T15:43:50.500,value,10.8,bestfit,0.2,-0.4,1e-05,value,10.1,bestfit,3.5,-1.4,7.3,bestfit,1.1,-1.7,7.49,bestfit,0.24,-0.2,17.58,bestfit,1.78,-0.67,0.04,bestfit,0.13,-0.06,16.76,bestfit,1.87,-0.66,,,,,0.69,bestfit,0.03,-0.04,,,,,,,,,410.0,bestfit,150.0,-160.0,0.09,bestfit,0.03,-0.03,159.0,value,O3b,value,HLV,value,GW,value,0.99,value
GW200208_130117,1265202095.9,value,2020-02-08T13:01:54.900,value,10.8,bestfit,0.3,-0.4,0.00031,value,37.7,bestfit,9.3,-6.2,27.4,bestfit,6.3,-7.3,27.7,bestfit,3.7,-3.1,65.3,bestfit,8.1,-6.8,-0.07,bestfit,0.21,-0.27,62.5,bestfit,7.5,-6.4,,,,,0.66,bestfit,0.09,-0.12,,,,,,,,,2230.0,bestfit,1020.0,-850.0,0.4,bestfit,0.15,-0.14,30.0,value,O3b,value,HLV,value,GW,value,0.99,value
GW200208_222617,1265235995.9,value,2020-02-08T22:26:54.900,value,7.4,bestfit,1.4,-1.2,4.8,value,51.0,bestfit,103.0,-30.0,12.3,bestfit,9.2,-5.5,19.8,bestfit,10.5,-5.2,63.0,bestfit,100.0,-26.0,0.45,bestfit,0.42,-0.46,61.0,bestfit,99.0,-26.0,,,,,0.83,bestfit,0.14,-0.26,,,,,,,,,4100.0,bestfit,4400.0,-2000.0,0.66,bestfit,0.53,-0.29,1080.0,value,O3b,value,HLV,value,GW,value,0.70006,value
GW200209_085452,1265273710.1,value,2020-02-09T08:55:29.100,value,9.6,bestfit,0.4,-0.5,0.046,value,35.6,bestfit,10.5,-6.8,27.1,bestfit,7.8,-7.8,26.7,bestfit,6.0,-4.2,62.6,bestfit,13.9,-9.4,-0.12,bestfit,0.24,-0.3,59.9,bestfit,13.1,-8.9,,,,,0.66,bestfit,0.1,-0.12,,,,,,,,,3400.0,bestfit,1900.0,-1800.0,0.57,bestfit,0.25,-0.26,726.0,value,O3b,value,HLV,value,GW,value,0.97236,value
GW200210_092254,1265361792.9,value,2020-02-10T09:23:31.900,value,8.4,bestfit,0.5,-0.7,1.2,value,24.1,bestfit,7.5,-4.6,2.83,bestfit,0.47,-0.42,6.56,bestfit,0.38,-0.4,27.0,bestfit,7.1,-4.3,0.02,bestfit,0.22,-0.21,26.7,bestfit,7.2,-4.3,,,,,0.34,bestfit,0.13,-0.08,,,,,,,,,940.0,bestfit,430.0,-340.0,0.19,bestfit,0.08,-0.06,1390.0,value,O3b,value,HLV,value,GW,value,0.54462,value
GW200216_220804,1265926102.8,value,2020-02-16T22:08:41.800,value,8.1,bestfit,0.4,-0.5,0.35,value,51.0,bestfit,22.0,-13.0,30.0,bestfit,14.0,-16.0,32.9,bestfit,9.3,-8.5,81.0,bestfit,20.0,-14.0,0.1,bestfit,0.34,-0.36,78.0,bestfit,19.0,-13.0,,,,,0.7,bestfit,0.14,-0.24,,,,,,,,,3800.0,bestfit,3000.0,-2000.0,0.63,bestfit,0.37,-0.29,3010.0,value,O3b,value,HLV,value,GW,value,0.77277,value
GW200219_094415,1266140673.1,value,2020-02-19T09:44:52.100,value,10.7,bestfit,0.3,-0.5,0.00099,value,37.5,bestfit,10.1,-6.9,27.9,bestfit,7.4,-8.4,27.6,bestfit,5.6,-3.8,65.0,bestfit,12.6,-8.2,-0.08,bestfit,0.23,-0.29,62.2,bestfit,11.7,-7.8,,,,,0.66,bestfit,0.1,-0.13,,,,,,,,,3400.0,bestfit,1700.0,-1500.0,0.57,bestfit,0.22,-0.22,459.0,value,O3b,value,HLV,value,GW,value,0.99,value
GW200220_061928,1266214786.7,value,2020-02-20T06:20:05.700,value,7.2,bestfit,0.4,-0.7,6.8,value,87.0,bestfit,40.0,-23.0,61.0,bestfit,26.0,-25.0,62.0,bestfit,23.0,-15.0,148.0,bestfit,55.0,-33.0,0.06,bestfit,0.4,-0.38,141.0,bestfit,51.0,-31.0,,,,,0.71,bestfit,0.15,-0.17,,,,,,,,,6000.0,bestfit,4800.0,-3100.0,0.9,bestfit,0.55,-0.4,4480.0,value,O3b,value,HLV,value,GW,value,0.62376,value
GW200220_124850,1266238148.1,value,2020-02-20T12:49:27.100,value,8.5,bestfit,0.3,-0.5,30.0,value,38.9,bestfit,14.1,-8.6,27.9,bestfit,9.2,-9.0,28.2,bestfit,7.3,-5.1,67.0,bestfit,17.0,-12.0,-0.07,bestfit,0.27,-0.33,64.0,bestfit,16.0,-11.0,,,,,0.67,bestfit,0.11,-0.14,,,,,,,,,4000.0,bestfit,2800.0,-2200.0,0.66,bestfit,0.36,-0.31,3170.0,value,O3b,value,HL,value,GW,value,0.82579,value
GW200224_222234,1266618172.4,value,2020-02-24T22:23:11.400,value,20.0,bestfit,0.2,-0.2,1e-05,value,40.0,bestfit,6.7,-4.5,32.7,bestfit,4.8,-7.2,31.1,bestfit,3.3,-2.7,72.3,bestfit,7.2,-5.3,0.1,bestfit,0.15,-0.16,68.7,bestfit,6.7,-4.8,,,,,0.73,bestfit,0.06,-0.07,,,,,,,,,1710.0,bestfit,500.0,-650.0,0.32,bestfit,0.08,-0.11,50.0,value,O3b,value,HLV,value,GW,value,0.99,value
GW200225_060421,1266645879.3,value,2020-02-25T06:04:58.300,value,12.5,bestfit,0.3,-0.4,1.1e-05,value,19.3,bestfit,5.0,-3.0,14.0,bestfit,2.8,-3.5,14.2,bestfit,1.5,-1.4,33.5,bestfit,3.6,-3.0,-0.12,bestfit,0.17,-0.28,32.1,bestfit,3.5,-2.8,,,,,0.66,bestfit,0.07,-0.13,,,,,,,,,1150.0,bestfit,510.0,-530.0,0.22,bestfit,0.09,-0.1,375.0,value,O3b,value,HL,value,GW,value,0.99,value
GW200302_015811,1267149509.5,value,2020-03-02T01:58:48.500,value,10.8,bestfit,0.3,-0.4,0.11,value,37.8,bestfit,8.7,-8.5,20.0,bestfit,8.1,-5.7,23.4,bestfit,4.7,-3.0,57.8,bestfit,9.6,-6.9,0.01,bestfit,0.25,-0.26,55.5,bestfit,8.9,-6.6,,,,,0.66,bestfit,0.13,-0.15,,,,,,,,,1480.0,bestfit,1020.0,-700.0,0.28,bestfit,0.16,-0.12,7320.0,value,O3b,value,HV,value,GW,value,0.90643,value
GW200306_093714,1267522652.1,value,2020-03-06T09:37:51.100,value,7.8,bestfit,0.4,-0.6,24.0,value,28.3,bestfit,17.1,-7.7,14.8,bestfit,6.5,-6.4,17.5,bestfit,3.5,-3.0,43.9,bestfit,11.8,-7.5,0.32,bestfit,0.28,-0.46,41.7,bestfit,12.3,-6.9,,,,,0.78,bestfit,0.11,-0.26,,,,,,,,,2100.0,bestfit,1700.0,-1100.0,0.38,bestfit,0.24,-0.18,4640.0,value,O3b,value,HL,value,GW,value,0.81156,value
GW200308_173609,1267724187.7,value,2020-03-08T17:36:46.700,value,4.7,bestfit,2.5,-2.9,2.4,value,60.0,bestfit,166.0,-29.0,24.0,bestfit,36.0,-13.0,34.0,bestfit,44.0,-18.0,92.0,bestfit,169.0,-48.0,0.16,bestfit,0.58,-0.49,88.0,bestfit,169.0,-47.0,,,,,0.72,bestfit,0.22,-0.35,,,,,,,,,7100.0,bestfit,13900.0,-4400.0,1.04,bestfit,1.47,-0.57,25300.0,value,O3b,value,HLV,value,GW,value,0.8566,value
GW200311_115853,1267963151.3,value,2020-03-11T11:59:30.300,value,17.8,bestfit,0.2,-0.2,1e-05,value,34.2,bestfit,6.4,-3.8,27.7,bestfit,4.1,-5.9,26.6,bestfit,2.4,-2.0,61.9,bestfit,5.3,-4.2,-0.02,bestfit,0.16,-0.2,59.0,bestfit,4.8,-3.9,,,,,0.69,bestfit,0.07,-0.08,,,,,,,,,1170.0,bestfit,280.0,-400.0,0.23,bestfit,0.05,-0.07,35.0,value,O3b,value,HLV,value,GW,value,0.99,value
GW200316_215756,1268431094.1,value,2020-03-16T21:58:33.100,value,10.3,bestfit,0.4,-0.7,1e-05,value,13.1,bestfit,10.2,-2.9,7.8,bestfit,2.0,-2.9,8.75,bestfit,0.62,-0.55,21.2,bestfit,7.2,-2.0,0.13,bestfit,0.27,-0.1,20.2,bestfit,7.4,-1.9,,,,,0.7,bestfit,0.04,-0.04,,,,,,,,,1120.0,bestfit,480.0,-440.0,0.22,bestfit,0.08,-0.08,509.0,value,O3b,value,HLV,value,GW,value,0.99,value
GW200322_091133,1268903511.3,value,2020-03-22T09:12:10.300,value,4.5,bestfit,2.7,-3.0,140.0,value,38.0,bestfit,130.0,-22.0,11.3,bestfit,24.3,-6.0,15.0,bestfit,29.5,-4.0,50.0,bestfit,132.0,-22.0,0.27,bestfit,0.54,-0.58,48.0,bestfit,132.0,-22.0,,,,,0.77,bestfit,0.19,-0.39,,,,,,,,,3500.0,bestfit,12500.0,-2200.0,0.59,bestfit,1.43,-0.32,28700.0,value,O3b,value,HLV,value,GW,value,0.61501,value
GW230517_044807,1368334105.4,value,2023-05-17T04:48:44.400,value,11.8,value,,,8.5,value,,,,,,,,,,,,,,,,,,,,,,,,,,,,,,,,,,,,,,,,,,,,,,,,,,,O4a,value,HL,value,GW,value,0.62,value
GW230518_125908,1368449966.2,value,2023-05-18T12:59:45.200,value,14.1,value,,,1e-05,value,8.17,bestfit,0.84,-0.92,1.45,bestfit,0.13,-0.1,2.8,bestfit,0.06,-0.06,9.61,bestfit,0.76,-0.79,-0.01,bestfit,0.09,-0.11,,,,,,,,,,,,,,,,,,,,,236.0,bestfit,108.0,-96.0,0.05,bestfit,0.02,-0.02,548.0,value,O4a,value,HL,value,GW,value,0.99,value
GW230528_145129,1369320707.7,value,2023-05-28T14:52:06.700,value,8.8,value,,,14.0,value,,,,,,,,,,,,,,,,,,,,,,,,,,,,,,,,,,,,,,,,,,,,,,,,,,,O4a,value,HL,value,GW,value,0.5,value
GW230529_181500,1369419318.7,value,2023-05-29T18:15:37.700,value,11.8,value,,,0.00022,value,3.66,bestfit,0.82,-1.21,1.42,bestfit,0.6,-0.22,1.94,bestfit,0.04,-0.04,5.08,bestfit,0.61,-0.6,-0.1,bestfit,0.12,-0.18,,,,,,,,,,,,,,,,,,,,,203.0,bestfit,103.0,-98.0,0.04,bestfit,0.02,-0.02,24900.0,value,O4a,value,L,value,GW,value,0.99,value
GW230531_141100,1369577478.3,value,2023-05-31T14:11:37.300,value,8.0,value,,,3.5,value,,,,,,,,,,,,,,,,,,,,,,,,,,,,,,,,,,,,,,,,,,,,,,,,,,,O4a,value,L,value,GW,value,0.72,value
GW230601_224134,1369694512.1,value,2023-06-01T22:42:11.100,value,13.4,value,,,1e-05,value,64.0,bestfit,17.0,-13.0,44.0,bestfit,14.0,-15.0,45.1,bestfit,9.8,-7.4,107.0,bestfit,22.0,-15.0,-0.03,bestfit,0.27,-0.32,102.0,bestfit,21.0,-14.0,,,,,,,,,,,,,,,,,3700.0,bestfit,2100.0,-1800.0,0.6,bestfit,0.27,-0.26,3310.0,value,O4a,value,HL,value,GW,value,0.99,value
GW230603_174756,1369849694.9,value,2023-06-03T17:48:33.900,value,8.0,value,,,4.0,value,,,,,,,,,,,,,,,,,,,,,,,,,,,,,,,,,,,,,,,,,,,,,,,,,,,O4a,value,HL,value,GW,value,0.79,value
GW230605_065343,1369983241.5,value,2023-06-05T06:54:20.500,value,11.4,value,,,1e-05,value,17.4,bestfit,6.6,-3.6,11.0,bestfit,2.5,-2.7,11.95,bestfit,0.94,-0.94,28.6,bestfit,4.1,-2.8,0.06,bestfit,0.16,-0.1,27.3,bestfit,4.2,-2.8,,,,,,,,,,,,,,,,,1060.0,bestfit,610.0,-480.0,0.21,bestfit,0.1,-0.09,1060.0,value,O4a,value,HL,value,GW,value,0.99,value
GW230606_004305,1370047403.8,value,2023-06-06T00:43:42.800,value,11.1,value,,,0.00041,value,37.6,bestfit,13.3,-7.6,25.7,bestfit,8.2,-8.3,26.5,bestfit,5.7,-3.6,63.4,bestfit,13.5,-8.4,-0.11,bestfit,0.26,-0.31,60.8,bestfit,12.8,-8.0,,,,,,,,,,,,,,,,,2800.0,bestfit,1500.0,-1400.0,0.48,bestfit,0.21,-0.22,1560.0,value,O4a,value,HL,value,GW,value,0.99,value
GW230606_024545,1370054763.5,value,2023-06-06T02:46:22.500,value,7.5,value,,,1.5,value,,,,,,,,,,,,,,,,,,,,,,,,,,,,,,,,,,,,,,,,,,,,,,,,,,,O4a,value,HL,value,GW,value,0.88,value
GW230606_065320,1370069618.1,value,2023-06-06T06:53:57.100,value,12.6,value,,,7.9,value,,,,,,,,,,,,,,,,,,,,,,,,,,,,,,,,,,,,,,,,,,,,,,,,,,,O4a,value,HL,value,GW,value,0.64,value
GW230608_205047,1370292665.2,value,2023-06-08T20:51:24.200,value,10.2,value,,,0.0011,value,48.0,bestfit,13.0,-11.0,31.0,bestfit,11.0,-10.0,32.7,bestfit,7.3,-5.4,79.0,bestfit,16.0,-11.0,0.04,bestfit,0.25,-0.26,75.0,bestfit,15.0,-11.0,,,,,,,,,,,,,,,,,3500.0,bestfit,2200.0,-1700.0,0.58,bestfit,0.29,-0.25,2280.0,value,O4a,value,HL,value,GW,value,0.99,value
GW230609_010824,1370308122.4,value,2023-06-09T01:09:01.400,value,8.0,value,,,2.7,value,,,,,,,,,,,,,,,,,,,,,,,,,,,,,,,,,,,,,,,,,,,,,,,,,,,O4a,value,HL,value,GW,value,0.85,value
GW230609_064958,1370328616.3,value,2023-06-09T06:50:35.300,value,10.6,value,,,0.0001,value,35.4,bestfit,10.7,-7.0,25.2,bestfit,7.6,-7.4,25.6,bestfit,5.6,-3.7,60.5,bestfit,12.7,-8.3,-0.14,bestfit,0.22,-0.27,58.0,bestfit,12.1,-7.9,,,,,,,,,,,,,,,,,3400.0,bestfit,1900.0,-1800.0,0.56,bestfit,0.25,-0.26,1640.0,value,O4a,value,HL,value,GW,value,0.99,value
GW230610_061439,1370412897.4,value,2023-06-10T06:15:16.400,value,8.3,value,,,13.0,value,,,,,,,,,,,,,,,,,,,,,,,,,,,,,,,,,,,,,,,,,,,,,,,,,,,O4a,value,HL,value,GW,value,0.53,value
GW230615_160825,1370880524.0,value,2023-06-15T16:09:03.000,value,8.9,value,,,4.1,value,,,,,,,,,,,,,,,,,,,,,,,,,,,,,,,,,,,,,,,,,,,,,,,,,,,O4a,value,HL,value,GW,value,0.76,value
GW230618_102550,1371119168.0,value,2023-06-18T10:26:27.000,value,7.8,value,,,11.0,value,,,,,,,,,,,,,,,,,,,,,,,,,,,,,,,,,,,,,,,,,,,,,,,,,,,O4a,value,HL,value,GW,value,0.6,value
GW230624_113103,1371641481.7,value,2023-06-24T11:31:40.700,value,11.4,value,,,0.00017,value,27.1,bestfit,14.0,-6.8,16.1,bestfit,4.8,-4.5,18.0,bestfit,3.2,-2.3,43.7,bestfit,11.3,-6.5,0.17,bestfit,0.29,-0.25,41.7,bestfit,11.0,-6.2,,,,,,,,,,,,,,,,,1930.0,bestfit,1270.0,-970.0,0.35,bestfit,0.19,-0.16,1140.0,value,O4a,value,HL,value,GW,value,0.99,value
GW230624_214944,1371678602.5,value,2023-06-24T21:50:21.500,value,10.6,value,,,2.2,value,,,,,,,,,,,,,,,,,,,,,,,,,,,,,,,,,,,,,,,,,,,,,,,,,,,O4a,value,HL,value,GW,value,0.74,value
GW230625_211655,1371763033.0,value,2023-06-25T21:17:32.000,value,8.1,value,,,9.8,value,,,,,,,,,,,,,,,,,,,,,,,,,,,,,,,,,,,,,,,,,,,,,,,,,,,O4a,value,HL,value,GW,value,0.61,value
GW230627_015337,1371866035.8,value,2023-06-27T01:54:14.800,value,28.7,value,,,1e-05,value,8.4,bestfit,1.7,-1.3,5.74,bestfit,0.99,-0.92,6.02,bestfit,0.17,-0.07,14.22,bestfit,0.79,-0.47,0.02,bestfit,0.08,-0.04,13.57,bestfit,0.83,-0.48,,,,,,,,,,,,,,,,,305.0,bestfit,65.0,-139.0,0.07,bestfit,0.01,-0.03,107.0,value,O4a,value,HL,value,GW,value,0.99,value
GW230628_231200,1372029138.4,value,2023-06-28T23:12:37.400,value,16.4,value,,,1e-05,value,32.5,bestfit,6.1,-3.9,27.0,bestfit,4.9,-5.2,25.5,bestfit,3.8,-2.2,59.2,bestfit,8.5,-4.9,-0.01,bestfit,0.16,-0.17,56.4,bestfit,8.0,-4.5,,,,,,,,,,,,,,,,,2260.0,bestfit,790.0,-1080.0,0.4,bestfit,0.12,-0.17,644.0,value,O4a,value,HL,value,GW,value,0.99,value
GW230630_070659,1372144037.0,value,2023-06-30T07:07:36.000,value,9.8,value,,,0.47,value,,,,,,,,,,,,,,,,,,,,,,,,,,,,,,,,,,,,,,,,,,,,,,,,,,,O4a,value,HL,value,GW,value,0.96,value
GW230630_125806,1372165104.9,value,2023-06-30T12:58:43.900,value,9.0,value,,,0.048,value,51.0,bestfit,20.0,-15.0,33.0,bestfit,15.0,-13.0,35.0,bestfit,11.4,-8.4,84.0,bestfit,26.0,-19.0,0.18,bestfit,0.3,-0.3,80.0,bestfit,24.0,-18.0,,,,,,,,,,,,,,,,,5400.0,bestfit,5100.0,-3000.0,0.83,bestfit,0.59,-0.41,4260.0,value,O4a,value,HL,value,GW,value,0.99,value
GW230630_234532,1372203950.4,value,2023-06-30T23:46:09.400,value,9.9,value,,,0.00042,value,10.0,bestfit,3.6,-1.9,6.6,bestfit,1.5,-1.6,7.06,bestfit,0.56,-0.48,16.8,bestfit,2.2,-1.4,-0.04,bestfit,0.16,-0.09,16.1,bestfit,2.2,-1.4,,,,,,,,,,,,,,,,,1090.0,bestfit,520.0,-490.0,0.21,bestfit,0.09,-0.09,1490.0,value,O4a,value,HL,value,GW,value,0.99,value
GW230702_162025,1372350043.9,value,2023-07-02T16:21:02.900,value,9.2,value,,,6.5,value,,,,,,,,,,,,,,,,,,,,,,,,,,,,,,,,,,,,,,,,,,,,,,,,,,,O4a,value,HL,value,GW,value,0.6,value
GW230702_185453,1372359311.7,value,2023-07-02T18:55:30.700,value,10.1,value,,,1e-05,value,40.0,bestfit,21.0,-13.0,18.0,bestfit,8.8,-6.6,22.9,bestfit,4.1,-3.6,60.0,bestfit,15.0,-11.0,0.05,bestfit,0.3,-0.26,57.0,bestfit,16.0,-11.0,,,,,,,,,,,,,,,,,2500.0,bestfit,2000.0,-1100.0,0.44,bestfit,0.27,-0.18,2470.0,value,O4a,value,HL,value,GW,value,0.99,value
GW230704_021211,1372471949.2,value,2023-07-04T02:12:48.200,value,9.4,value,,,0.037,value,32.6,bestfit,11.8,-8.0,20.0,bestfit,6.6,-5.9,21.9,bestfit,4.4,-3.2,53.0,bestfit,10.9,-8.2,-0.01,bestfit,0.21,-0.24,50.7,bestfit,10.6,-7.9,,,,,,,,,,,,,,,,,2700.0,bestfit,1900.0,-1500.0,0.47,bestfit,0.26,-0.23,1620.0,value,O4a,value,HL,value,GW,value,0.99,value
GW230704_212616,1372541194.7,value,2023-07-04T21:26:53.700,value,8.7,value,,,0.51,value,89.0,bestfit,40.0,-27.0,50.0,bestfit,30.0,-25.0,56.0,bestfit,23.0,-15.0,139.0,bestfit,50.0,-32.0,0.27,bestfit,0.35,-0.43,132.0,bestfit,47.0,-31.0,,,,,,,,,,,,,,,,,7300.0,bestfit,6200.0,-4200.0,1.06,bestfit,0.68,-0.54,7550.0,value,O4a,value,HL,value,GW,value,0.93,value
GW230706_104333,1372675431.2,value,2023-07-06T10:44:10.200,value,9.2,value,,,0.22,value,16.3,bestfit,5.3,-3.0,11.5,bestfit,2.6,-2.7,11.8,bestfit,1.6,-1.1,28.0,bestfit,4.3,-3.0,0.19,bestfit,0.13,-0.13,26.6,bestfit,4.1,-2.8,,,,,,,,,,,,,,,,,1910.0,bestfit,930.0,-970.0,0.35,bestfit,0.14,-0.16,1590.0,value,O4a,value,HL,value,GW,value,0.99,value
GW230707_124047,1372768865.3,value,2023-07-07T12:41:24.300,value,11.9,value,,,0.00042,value,46.1,bestfit,12.2,-8.3,36.3,bestfit,10.6,-9.6,35.1,bestfit,8.6,-5.3,82.0,bestfit,20.0,-12.0,-0.05,bestfit,0.25,-0.28,78.0,bestfit,19.0,-11.0,,,,,,,,,,,,,,,,,4400.0,bestfit,2400.0,-2300.0,0.71,bestfit,0.29,-0.32,3060.0,value,O4a,value,HL,value,GW,value,0.99,value
GW230708_053705,1372829843.1,value,2023-07-08T05:37:42.100,value,8.9,value,,,0.028,value,29.1,bestfit,8.2,-5.4,22.7,bestfit,5.6,-5.3,22.2,bestfit,4.4,-3.3,51.9,bestfit,10.2,-7.7,0.06,bestfit,0.23,-0.24,49.4,bestfit,9.6,-7.3,,,,,,,,,,,,,,,,,3300.0,bestfit,2100.0,-1700.0,0.55,bestfit,0.27,-0.25,1990.0,value,O4a,value,HL,value,GW,value,0.99,value
GW230708_071859,1372835957.4,value,2023-07-08T07:19:36.400,value,9.1,value,,,1.4,value,,,,,,,,,,,,,,,,,,,,,,,,,,,,,,,,,,,,,,,,,,,,,,,,,,,O4a,value,HL,value,GW,value,0.89,value
GW230708_230935,1372892993.5,value,2023-07-08T23:10:12.500,value,10.0,value,,,0.001,value,64.0,bestfit,20.0,-15.0,40.0,bestfit,14.0,-15.0,42.6,bestfit,9.7,-7.7,103.0,bestfit,22.0,-15.0,0.01,bestfit,0.28,-0.29,99.0,bestfit,21.0,-15.0,,,,,,,,,,,,,,,,,3500.0,bestfit,2300.0,-1600.0,0.59,bestfit,0.3,-0.24,2470.0,value,O4a,value,HL,value,GW,value,0.99,value
GW230709_063445,1372919703.1,value,2023-07-09T06:35:22.100,value,7.9,value,,,3.3,value,,,,,,,,,,,,,,,,,,,,,,,,,,,,,,,,,,,,,,,,,,,,,,,,,,,O4a,value,HL,value,GW,value,0.8,value
GW230709_122727,1372940865.2,value,2023-07-09T12:28:04.200,value,10.2,value,,,0.00097,value,45.0,bestfit,16.0,-11.0,30.0,bestfit,12.0,-13.0,30.9,bestfit,9.3,-6.8,74.0,bestfit,20.0,-14.0,0.08,bestfit,0.31,-0.31,71.0,bestfit,19.0,-13.0,,,,,,,,,,,,,,,,,4700.0,bestfit,3500.0,-2500.0,0.74,bestfit,0.43,-0.35,3620.0,value,O4a,value,HL,value,GW,value,0.99,value
GW230712_090405,1373187863.9,value,2023-07-12T09:04:42.900,value,9.5,value,,,0.018,value,32.0,bestfit,16.0,-10.0,12.5,bestfit,15.3,-5.2,16.2,bestfit,11.5,-2.9,46.0,bestfit,22.0,-10.0,-0.02,bestfit,0.35,-0.31,44.0,bestfit,21.0,-10.0,,,,,,,,,,,,,,,,,2000.0,bestfit,2400.0,-1000.0,0.37,bestfit,0.34,-0.17,1490.0,value,O4a,value,HL,value,GW,value,0.99,value
GW230717_102139,1373624517.1,value,2023-07-17T10:22:16.100,value,8.3,value,,,6.8,value,,,,,,,,,,,,,,,,,,,,,,,,,,,,,,,,,,,,,,,,,,,,,,,,,,,O4a,value,HL,value,GW,value,0.67,value
GW230721_222634,1374013612.8,value,2023-07-21T22:27:11.800,value,7.9,value,,,4.1,value,,,,,,,,,,,,,,,,,,,,,,,,,,,,,,,,,,,,,,,,,,,,,,,,,,,O4a,value,HL,value,GW,value,0.73,value
GW230723_084820,1374137318.4,value,2023-07-23T08:48:57.400,value,8.4,value,,,3.9,value,,,,,,,,,,,,,,,,,,,,,,,,,,,,,,,,,,,,,,,,,,,,,,,,,,,O4a,value,HL,value,GW,value,0.64,value
GW230723_101834,1374142732.4,value,2023-07-23T10:19:11.400,value,10.1,value,,,0.00022,value,16.6,bestfit,5.6,-3.3,10.6,bestfit,3.0,-2.7,11.4,bestfit,1.59,-0.91,27.5,bestfit,3.9,-2.6,-0.18,bestfit,0.19,-0.16,26.4,bestfit,3.8,-2.6,,,,,,,,,,,,,,,,,1610.0,bestfit,680.0,-930.0,0.3,bestfit,0.11,-0.16,1100.0,value,O4a,value,HL,value,GW,value,0.99,value
GW230726_002940,1374366598.1,value,2023-07-26T00:30:17.100,value,10.5,value,,,1e-05,value,35.6,bestfit,8.9,-5.9,27.9,bestfit,6.0,-5.9,27.2,bestfit,4.4,-3.4,63.6,bestfit,10.3,-7.9,-0.02,bestfit,0.21,-0.23,60.6,bestfit,9.7,-7.4,,,,,,,,,,,,,,,,,2100.0,bestfit,1300.0,-1000.0,0.37,bestfit,0.19,-0.17,29200.0,value,O4a,value,HL,value,GW,value,0.99,value
GW230728_083628,1374568606.9,value,2023-07-28T08:37:05.900,value,13.1,value,,,1.4,value,,,,,,,,,,,,,,,,,,,,,,,,,,,,,,,,,,,,,,,,,,,,,,,,,,,O4a,value,HL,value,GW,value,0.89,value
GW230729_082317,1374654215.2,value,2023-07-29T08:23:54.200,value,9.5,value,,,0.17,value,12.3,bestfit,7.6,-2.7,7.6,bestfit,2.1,-2.6,8.34,bestfit,0.94,-0.76,20.3,bestfit,4.9,-2.4,0.12,bestfit,0.22,-0.13,19.3,bestfit,5.1,-2.3,,,,,,,,,,,,,,,,,1640.0,bestfit,820.0,-770.0,0.31,bestfit,0.13,-0.13,2260.0,value,O4a,value,HL,value,GW,value,0.98,value
GW230731_215307,1374875605.9,value,2023-07-31T21:53:44.900,value,12.2,value,,,1e-05,value,10.3,bestfit,2.8,-1.3,7.9,bestfit,1.2,-1.7,7.78,bestfit,0.58,-0.37,18.3,bestfit,1.6,-1.0,-0.05,bestfit,0.11,-0.06,17.4,bestfit,1.6,-1.0,,,,,,,,,,,,,,,,,1100.0,bestfit,350.0,-460.0,0.22,bestfit,0.06,-0.08,686.0,value,O4a,value,HL,value,GW,value,0.99,value
GW230803_033412,1375068870.4,value,2023-08-03T03:34:49.400,value,9.4,value,,,0.044,value,44.0,bestfit,19.0,-12.0,29.0,bestfit,12.0,-10.0,30.5,bestfit,9.2,-6.7,73.0,bestfit,22.0,-16.0,0.07,bestfit,0.3,-0.32,70.0,bestfit,21.0,-15.0,,,,,,,,,,,,,,,,,5000.0,bestfit,4000.0,-2600.0,0.78,bestfit,0.48,-0.35,4290.0,value,O4a,value,HL,value,GW,value,0.99,value
GW230805_034249,1375242188.0,value,2023-08-05T03:43:27.000,value,9.5,value,,,0.00029,value,32.2,bestfit,12.3,-7.3,22.6,bestfit,7.8,-7.7,23.1,bestfit,5.9,-4.2,54.9,bestfit,13.9,-9.7,0.06,bestfit,0.27,-0.28,52.4,bestfit,13.0,-9.2,,,,,,,,,,,,,,,,,3500.0,bestfit,2500.0,-1700.0,0.58,bestfit,0.32,-0.25,2390.0,value,O4a,value,HL,value,GW,value,0.99,value
GW230806_204041,1375389659.9,value,2023-08-06T20:41:18.900,value,9.4,value,,,0.0035,value,51.0,bestfit,18.0,-12.0,35.0,bestfit,14.0,-13.0,35.9,bestfit,10.7,-7.0,86.0,bestfit,24.0,-16.0,0.08,bestfit,0.27,-0.27,82.0,bestfit,23.0,-15.0,,,,,,,,,,,,,,,,,5500.0,bestfit,3700.0,-2900.0,0.84,bestfit,0.44,-0.39,4440.0,value,O4a,value,HL,value,GW,value,0.99,value
GW230807_205045,1375476663.4,value,2023-08-07T20:51:22.400,value,8.1,value,,,2.9,value,,,,,,,,,,,,,,,,,,,,,,,,,,,,,,,,,,,,,,,,,,,,,,,,,,,O4a,value,HL,value,GW,value,0.82,value
GW230811_032116,1375759294.3,value,2023-08-11T03:21:53.300,value,13.6,value,,,1e-05,value,35.4,bestfit,8.6,-7.3,22.3,bestfit,6.7,-5.2,24.1,bestfit,4.1,-2.5,57.9,bestfit,8.9,-6.7,0.03,bestfit,0.18,-0.18,55.3,bestfit,8.4,-6.5,,,,,,,,,,,,,,,,,2100.0,bestfit,1200.0,-1100.0,0.38,bestfit,0.17,-0.18,924.0,value,O4a,value,HL,value,GW,value,0.99,value
GW230814_061920,1376029178.5,value,2023-08-14T06:19:57.500,value,11.2,value,,,0.00059,value,69.0,bestfit,20.0,-18.0,42.0,bestfit,17.0,-16.0,46.0,bestfit,12.0,-10.0,111.0,bestfit,26.0,-21.0,0.07,bestfit,0.29,-0.28,106.0,bestfit,24.0,-20.0,,,,,,,,,,,,,,,,,4000.0,bestfit,3500.0,-2000.0,0.64,bestfit,0.43,-0.28,5010.0,value,O4a,value,HL,value,GW,value,0.99,value
GW230814_230901,1376089759.8,value,2023-08-14T23:09:38.800,value,43.0,value,,,1e-05,value,33.7,bestfit,2.9,-2.2,28.2,bestfit,2.2,-3.1,26.78,bestfit,0.88,-1.03,61.9,bestfit,2.0,-2.0,-0.01,bestfit,0.06,-0.07,59.0,bestfit,1.9,-1.9,,,,,,,,,,,,,,,,,290.0,bestfit,180.0,-130.0,0.06,bestfit,0.04,-0.03,24900.0,value,O4a,value,HL,value,GW,value,0.99,value
GW230817_212349,1376342647.1,value,2023-08-17T21:24:26.100,value,7.8,value,,,2.0,value,,,,,,,,,,,,,,,,,,,,,,,,,,,,,,,,,,,,,,,,,,,,,,,,,,,O4a,value,HL,value,GW,value,0.86,value
GW230819_171910,1376500768.4,value,2023-08-19T17:19:47.400,value,9.9,value,,,0.011,value,70.0,bestfit,43.0,-21.0,35.0,bestfit,20.0,-19.0,42.0,bestfit,14.0,-11.0,106.0,bestfit,38.0,-22.0,-0.04,bestfit,0.35,-0.44,102.0,bestfit,37.0,-22.0,,,,,,,,,,,,,,,,,4100.0,bestfit,3800.0,-2200.0,0.66,bestfit,0.47,-0.31,5170.0,value,O4a,value,HL,value,GW,value,0.99,value
GW230820_212515,1376601934.0,value,2023-08-20T21:25:53.000,value,9.3,value,,,0.24,value,62.0,bestfit,23.0,-16.0,34.0,bestfit,18.0,-18.0,38.5,bestfit,11.1,-9.6,96.0,bestfit,22.0,-17.0,0.21,bestfit,0.3,-0.3,92.0,bestfit,20.0,-16.0,,,,,,,,,,,,,,,,,4000.0,bestfit,3000.0,-2100.0,0.65,bestfit,0.37,-0.3,2200.0,value,O4a,value,HL,value,GW,value,0.98,value
GW230822_230337,1376780635.5,value,2023-08-22T23:04:14.500,value,8.3,value,,,1.4,value,,,,,,,,,,,,,,,,,,,,,,,,,,,,,,,,,,,,,,,,,,,,,,,,,,,O4a,value,HL,value,GW,value,0.89,value
GW230823_142524,1376835942.6,value,2023-08-23T14:26:01.600,value,8.8,value,,,1.6,value,,,,,,,,,,,,,,,,,,,,,,,,,,,,,,,,,,,,,,,,,,,,,,,,,,,O4a,value,HL,value,GW,value,0.86,value
GW230824_033047,1376883065.7,value,2023-08-24T03:31:24.700,value,11.1,value,,,1e-05,value,53.0,bestfit,16.0,-11.0,36.0,bestfit,13.0,-13.0,36.9,bestfit,9.3,-6.3,88.0,bestfit,20.0,-13.0,-0.01,bestfit,0.23,-0.27,84.0,bestfit,19.0,-13.0,,,,,,,,,,,,,,,,,4700.0,bestfit,2900.0,-2300.0,0.74,bestfit,0.35,-0.32,4160.0,value,O4a,value,HL,value,GW,value,0.99,value
GW230824_135331,1376920429.9,value,2023-08-24T13:54:08.900,value,9.7,value,,,6.2,value,,,,,,,,,,,,,,,,,,,,,,,,,,,,,,,,,,,,,,,,,,,,,,,,,,,O4a,value,HL,value,GW,value,0.58,value
GW230825_041334,1376972032.5,value,2023-08-25T04:14:11.500,value,8.8,value,,,0.093,value,44.0,bestfit,17.0,-12.0,27.2,bestfit,12.0,-8.8,29.5,bestfit,9.4,-6.3,71.0,bestfit,22.0,-16.0,0.29,bestfit,0.24,-0.3,67.0,bestfit,21.0,-15.0,,,,,,,,,,,,,,,,,4900.0,bestfit,4200.0,-2900.0,0.76,bestfit,0.51,-0.4,3310.0,value,O4a,value,HL,value,GW,value,0.99,value
GW230830_064744,1377413282.2,value,2023-08-30T06:48:21.200,value,8.5,value,,,3.2,value,,,,,,,,,,,,,,,,,,,,,,,,,,,,,,,,,,,,,,,,,,,,,,,,,,,O4a,value,HL,value,GW,value,0.8,value
GW230831_015414,1377482072.1,value,2023-08-31T01:54:51.100,value,8.6,value,,,0.036,value,42.0,bestfit,18.0,-11.0,30.0,bestfit,12.0,-10.0,30.7,bestfit,10.5,-6.5,73.0,bestfit,25.0,-15.0,0.04,bestfit,0.29,-0.3,69.0,bestfit,24.0,-14.0,,,,,,,,,,,,,,,,,4900.0,bestfit,4200.0,-2900.0,0.77,bestfit,0.49,-0.4,4300.0,value,O4a,value,HL,value,GW,value,0.99,value
GW230831_134621,1377524799.7,value,2023-08-31T13:46:58.700,value,8.8,value,,,2.8,value,,,,,,,,,,,,,,,,,,,,,,,,,,,,,,,,,,,,,,,,,,,,,,,,,,,O4a,value,HL,value,GW,value,0.8,value
GW230902_122814,1377692912.9,value,2023-09-02T12:28:51.900,value,8.1,value,,,2.0,value,,,,,,,,,,,,,,,,,,,,,,,,,,,,,,,,,,,,,,,,,,,,,,,,,,,O4a,value,HL,value,GW,value,0.84,value
GW230902_150325,1377702223.2,value,2023-09-02T15:04:02.200,value,7.8,value,,,7.4,value,,,,,,,,,,,,,,,,,,,,,,,,,,,,,,,,,,,,,,,,,,,,,,,,,,,O4a,value,HL,value,GW,value,0.65,value
GW230902_172430,1377710688.8,value,2023-09-02T17:25:07.800,value,8.5,value,,,10.0,value,,,,,,,,,,,,,,,,,,,,,,,,,,,,,,,,,,,,,,,,,,,,,,,,,,,O4a,value,HL,value,GW,value,0.6,value
GW230902_224555,1377729973.7,value,2023-09-02T22:46:32.700,value,7.5,value,,,14.0,value,,,,,,,,,,,,,,,,,,,,,,,,,,,,,,,,,,,,,,,,,,,,,,,,,,,O4a,value,HL,value,GW,value,0.51,value
GW230904_051013,1377839431.1,value,2023-09-04T05:10:50.100,value,10.5,value,,,3.7e-05,value,10.6,bestfit,4.2,-1.9,7.1,bestfit,1.5,-1.9,7.53,bestfit,0.54,-0.59,17.9,bestfit,2.4,-1.6,0.05,bestfit,0.15,-0.07,17.1,bestfit,2.5,-1.6,,,,,,,,,,,,,,,,,1030.0,bestfit,590.0,-440.0,0.2,bestfit,0.1,-0.08,1920.0,value,O4a,value,HL,value,GW,value,0.99,value
GW230904_152545,1377876363.2,value,2023-09-04T15:26:22.200,value,9.2,value,,,4.4,value,,,,,,,,,,,,,,,,,,,,,,,,,,,,,,,,,,,,,,,,,,,,,,,,,,,O4a,value,HL,value,GW,value,0.75,value
GW230911_195324,1378497222.2,value,2023-09-11T19:54:01.200,value,11.1,value,,,0.001,value,33.9,bestfit,8.2,-7.2,21.6,bestfit,5.7,-5.6,23.2,bestfit,3.4,-3.0,55.5,bestfit,8.0,-7.1,-0.02,bestfit,0.2,-0.22,53.1,bestfit,7.5,-6.8,,,,,,,,,,,,,,,,,1350.0,bestfit,1170.0,-710.0,0.26,bestfit,0.18,-0.13,28100.0,value,O4a,value,HL,value,GW,value,0.99,value
GW230914_111401,1378725259.7,value,2023-09-14T11:14:38.700,value,17.2,value,,,1e-05,value,60.0,bestfit,12.0,-11.0,37.0,bestfit,13.0,-12.0,39.8,bestfit,7.6,-6.2,96.0,bestfit,15.0,-10.0,0.12,bestfit,0.19,-0.19,91.2,bestfit,14.2,-9.9,,,,,,,,,,,,,,,,,2700.0,bestfit,1600.0,-1200.0,0.47,bestfit,0.22,-0.19,1890.0,value,O4a,value,HL,value,GW,value,0.99,value
GW230919_215712,1379195850.0,value,2023-09-19T21:57:49.000,value,16.8,value,,,1e-05,value,27.3,bestfit,5.5,-3.7,21.4,bestfit,3.5,-4.2,21.0,bestfit,1.9,-2.0,49.1,bestfit,4.2,-4.5,0.18,bestfit,0.13,-0.13,46.5,bestfit,4.0,-4.3,,,,,,,,,,,,,,,,,1330.0,bestfit,790.0,-510.0,0.25,bestfit,0.13,-0.09,740.0,value,O4a,value,HL,value,GW,value,0.99,value
GW230920_064709,1379227647.3,value,2023-09-20T06:47:46.300,value,9.5,value,,,3.2,value,,,,,,,,,,,,,,,,,,,,,,,,,,,,,,,,,,,,,,,,,,,,,,,,,,,O4a,value,HL,value,GW,value,0.79,value
GW230920_071124,1379229102.7,value,2023-09-20T07:12:01.700,value,11.1,value,,,1e-05,value,32.4,bestfit,9.1,-6.2,23.8,bestfit,6.6,-6.8,23.9,bestfit,4.6,-3.5,56.4,bestfit,10.3,-8.0,,,,,53.8,bestfit,9.6,-7.6,,,,,,,,,,,,,,,,,2900.0,bestfit,1800.0,-1400.0,0.49,bestfit,0.24,-0.21,2140.0,value,O4a,value,HL,value,GW,value,0.99,value
GW230922_020344,1379383442.9,value,2023-09-22T02:04:21.900,value,13.4,value,,,1e-05,value,39.3,bestfit,10.2,-6.4,29.2,bestfit,5.6,-6.2,29.2,bestfit,3.7,-2.7,68.7,bestfit,9.1,-6.6,0.03,bestfit,0.2,-0.2,65.4,bestfit,8.6,-6.2,,,,,,,,,,,,,,,,,1640.0,bestfit,730.0,-740.0,0.31,bestfit,0.11,-0.13,384.0,value,O4a,value,HL,value,GW,value,0.99,value
GW230922_040658,1379390836.1,value,2023-09-22T04:07:35.100,value,12.5,value,,,1e-05,value,76.0,bestfit,28.0,-18.0,51.0,bestfit,22.0,-24.0,52.0,bestfit,17.0,-11.0,125.0,bestfit,37.0,-21.0,0.31,bestfit,0.26,-0.31,119.0,bestfit,34.0,-21.0,,,,,,,,,,,,,,,,,6500.0,bestfit,4100.0,-3500.0,0.96,bestfit,0.47,-0.45,5150.0,value,O4a,value,HL,value,GW,value,0.99,value
GW230924_124453,1379594711.8,value,2023-09-24T12:45:30.800,value,13.5,value,,,1e-05,value,28.8,bestfit,5.7,-4.0,23.2,bestfit,4.4,-4.3,22.3,bestfit,3.1,-2.1,51.8,bestfit,7.1,-4.9,0.02,bestfit,0.18,-0.18,49.4,bestfit,6.7,-4.6,,,,,,,,,,,,,,,,,2400.0,bestfit,1000.0,-1000.0,0.42,bestfit,0.15,-0.16,1340.0,value,O4a,value,HL,value,GW,value,0.99,value
GW230925_143957,1379688015.5,value,2023-09-25T14:40:34.500,value,8.0,value,,,8.2,value,,,,,,,,,,,,,,,,,,,,,,,,,,,,,,,,,,,,,,,,,,,,,,,,,,,O4a,value,HL,value,GW,value,0.55,value
GW230927_043729,1379824667.1,value,2023-09-27T04:38:06.100,value,12.1,value,,,1e-05,value,35.0,bestfit,8.6,-6.2,27.1,bestfit,7.3,-6.5,26.5,bestfit,5.6,-3.5,61.9,bestfit,12.6,-8.2,0.01,bestfit,0.21,-0.22,59.0,bestfit,11.8,-7.8,,,,,,,,,,,,,,,,,3200.0,bestfit,1800.0,-1700.0,0.55,bestfit,0.24,-0.26,1560.0,value,O4a,value,HL,value,GW,value,0.99,value
GW230927_153832,1379864330.9,value,2023-09-27T15:39:09.900,value,20.3,value,,,1e-05,value,21.7,bestfit,3.8,-2.8,16.6,bestfit,2.5,-2.6,16.37,bestfit,1.43,-0.8,38.3,bestfit,3.3,-2.1,0.03,bestfit,0.08,-0.08,36.5,bestfit,3.1,-2.1,,,,,,,,,,,,,,,,,1190.0,bestfit,370.0,-540.0,0.23,bestfit,0.06,-0.1,354.0,value,O4a,value,HL,value,GW,value,0.99,value
GW230928_215827,1379973525.1,value,2023-09-28T21:59:04.100,value,10.5,value,,,1.4e-05,value,54.0,bestfit,19.0,-16.0,29.0,bestfit,13.0,-11.0,33.6,bestfit,9.9,-7.4,83.0,bestfit,22.0,-18.0,0.4,bestfit,0.2,-0.28,79.0,bestfit,21.0,-17.0,,,,,,,,,,,,,,,,,4900.0,bestfit,4000.0,-2500.0,0.77,bestfit,0.48,-0.34,3730.0,value,O4a,value,HL,value,GW,value,0.99,value
GW230930_110730,1380107268.4,value,2023-09-30T11:08:07.400,value,9.0,value,,,0.095,value,34.5,bestfit,13.2,-7.9,24.4,bestfit,8.4,-7.5,24.8,bestfit,6.5,-4.1,59.0,bestfit,15.0,-10.0,0.02,bestfit,0.26,-0.27,56.3,bestfit,14.5,-9.6,,,,,,,,,,,,,,,,,4900.0,bestfit,3200.0,-2500.0,0.76,bestfit,0.38,-0.34,3240.0,value,O4a,value,HL,value,GW,value,0.99,value
GW231001_140220,1380204158.7,value,2023-10-01T14:02:57.700,value,11.5,value,,,1.5e-05,value,76.0,bestfit,25.0,-22.0,41.0,bestfit,18.0,-16.0,46.6,bestfit,13.8,-9.9,116.0,bestfit,31.0,-23.0,-0.04,bestfit,0.33,-0.35,111.0,bestfit,29.0,-22.0,,,,,,,,,,,,,,,,,4400.0,bestfit,3900.0,-2400.0,0.7,bestfit,0.47,-0.34,4340.0,value,O4a,value,HL,value,GW,value,0.99,value
GW231002_143916,1380292774.7,value,2023-10-02T14:39:53.700,value,9.4,value,,,1.0,value,,,,,,,,,,,,,,,,,,,,,,,,,,,,,,,,,,,,,,,,,,,,,,,,,,,O4a,value,HL,value,GW,value,0.9,value
GW231004_232346,1380497044.3,value,2023-10-04T23:24:23.300,value,8.9,value,,,0.16,value,64.0,bestfit,25.0,-18.0,35.0,bestfit,16.0,-14.0,40.0,bestfit,11.5,-8.6,99.0,bestfit,27.0,-19.0,-0.04,bestfit,0.3,-0.37,96.0,bestfit,26.0,-19.0,,,,,,,,,,,,,,,,,4400.0,bestfit,3700.0,-2300.0,0.7,bestfit,0.45,-0.32,3470.0,value,O4a,value,HL,value,GW,value,0.97,value
GW231005_021030,1380507049.0,value,2023-10-05T02:11:08.000,value,10.4,value,,,0.01,value,84.0,bestfit,29.0,-23.0,50.0,bestfit,22.0,-20.0,54.0,bestfit,17.0,-11.0,133.0,bestfit,38.0,-25.0,0.1,bestfit,0.36,-0.37,127.0,bestfit,36.0,-25.0,,,,,,,,,,,,,,,,,6300.0,bestfit,4600.0,-3200.0,0.93,bestfit,0.53,-0.42,5750.0,value,O4a,value,HL,value,GW,value,0.99,value
GW231005_091549,1380532567.5,value,2023-10-05T09:16:26.500,value,11.0,value,,,0.04,value,28.8,bestfit,10.1,-6.1,21.2,bestfit,6.3,-6.2,21.3,bestfit,4.8,-3.5,50.2,bestfit,11.3,-8.3,-0.03,bestfit,0.24,-0.26,48.0,bestfit,10.8,-7.9,,,,,,,,,,,,,,,,,3800.0,bestfit,2500.0,-1900.0,0.62,bestfit,0.32,-0.27,2950.0,value,O4a,value,HL,value,GW,value,0.99,value
GW231005_144455,1380552313.4,value,2023-10-05T14:45:32.400,value,7.3,value,,,14.0,value,,,,,,,,,,,,,,,,,,,,,,,,,,,,,,,,,,,,,,,,,,,,,,,,,,,O4a,value,HL,value,GW,value,0.52,value
GW231007_134720,1380721658.8,value,2023-10-07T13:47:57.800,value,8.1,value,,,8.3,value,,,,,,,,,,,,,,,,,,,,,,,,,,,,,,,,,,,,,,,,,,,,,,,,,,,O4a,value,HL,value,GW,value,0.63,value
GW231008_142521,1380810339.8,value,2023-10-08T14:25:58.800,value,9.3,value,,,0.0015,value,45.0,bestfit,17.0,-12.0,25.6,bestfit,10.7,-9.7,29.0,bestfit,6.9,-5.7,71.0,bestfit,16.0,-13.0,-0.01,bestfit,0.25,-0.28,69.0,bestfit,15.0,-13.0,,,,,,,,,,,,,,,,,3000.0,bestfit,2500.0,-1300.0,0.51,bestfit,0.33,-0.2,3280.0,value,O4a,value,HL,value,GW,value,0.99,value
GW231013_135504,1381240522.4,value,2023-10-13T13:55:41.400,value,8.4,value,,,15.0,value,,,,,,,,,,,,,,,,,,,,,,,,,,,,,,,,,,,,,,,,,,,,,,,,,,,O4a,value,HL,value,GW,value,0.53,value
GW231014_040532,1381291551.0,value,2023-10-14T04:06:10.000,value,9.0,value,,,0.21,value,20.6,bestfit,7.9,-4.0,14.7,bestfit,3.8,-4.2,15.0,bestfit,2.6,-1.9,35.6,bestfit,6.8,-4.7,0.18,bestfit,0.26,-0.28,33.8,bestfit,6.5,-4.4,,,,,,,,,,,,,,,,,2300.0,bestfit,1400.0,-1200.0,0.42,bestfit,0.2,-0.19,1810.0,value,O4a,value,HL,value,GW,value,0.98,value
GW231018_233037,1381707055.0,value,2023-10-18T23:31:14.000,value,9.1,value,,,0.68,value,11.6,bestfit,5.1,-2.4,7.3,bestfit,1.9,-2.1,7.9,bestfit,0.89,-0.67,19.0,bestfit,3.4,-2.0,0.01,bestfit,0.17,-0.13,18.2,bestfit,3.5,-1.9,,,,,,,,,,,,,,,,,1540.0,bestfit,740.0,-740.0,0.29,bestfit,0.12,-0.13,1660.0,value,O4a,value,HL,value,GW,value,0.93,value
GW231020_142947,1381847405.6,value,2023-10-20T14:30:24.600,value,12.0,value,,,1e-05,value,12.0,bestfit,8.4,-2.6,7.4,bestfit,2.0,-2.8,8.07,bestfit,0.83,-0.52,19.8,bestfit,5.4,-2.1,0.14,bestfit,0.24,-0.12,18.8,bestfit,5.6,-2.0,,,,,,,,,,,,,,,,,1230.0,bestfit,510.0,-640.0,0.24,bestfit,0.08,-0.12,1420.0,value,O4a,value,HL,value,GW,value,0.99,value
GW231024_023603,1382150181.2,value,2023-10-24T02:36:40.200,value,8.3,value,,,14.0,value,,,,,,,,,,,,,,,,,,,,,,,,,,,,,,,,,,,,,,,,,,,,,,,,,,,O4a,value,HL,value,GW,value,0.51,value
GW231025_142306,1382279004.1,value,2023-10-25T14:23:43.100,value,8.3,value,,,5.3,value,,,,,,,,,,,,,,,,,,,,,,,,,,,,,,,,,,,,,,,,,,,,,,,,,,,O4a,value,HL,value,GW,value,0.71,value
GW231026_130704,1382360842.2,value,2023-10-26T13:07:41.200,value,8.3,value,,,0.76,value,34.0,bestfit,27.0,-11.0,20.8,bestfit,9.8,-8.2,22.8,bestfit,10.3,-5.7,55.0,bestfit,29.0,-14.0,0.03,bestfit,0.36,-0.36,53.0,bestfit,28.0,-13.0,,,,,,,,,,,,,,,,,4400.0,bestfit,4000.0,-2400.0,0.71,bestfit,0.49,-0.33,3620.0,value,O4a,value,HL,value,GW,value,0.95,value
GW231028_153006,1382542224.3,value,2023-10-28T15:30:43.300,value,22.4,value,,,1e-05,value,94.0,bestfit,32.0,-19.0,59.0,bestfit,21.0,-24.0,63.0,bestfit,13.1,-9.7,153.0,bestfit,29.0,-14.0,0.45,bestfit,0.16,-0.19,144.0,bestfit,27.0,-13.0,,,,,,,,,,,,,,,,,4200.0,bestfit,1300.0,-1900.0,0.68,bestfit,0.17,-0.26,1260.0,value,O4a,value,HL,value,GW,value,0.99,value
GW231029_111508,1382613326.8,value,2023-10-29T11:15:45.800,value,10.8,value,,,5.1e-05,value,65.0,bestfit,18.0,-14.0,42.0,bestfit,15.0,-15.0,44.4,bestfit,10.4,-8.0,106.0,bestfit,22.0,-16.0,0.14,bestfit,0.24,-0.23,101.0,bestfit,21.0,-16.0,,,,,,,,,,,,,,,,,3100.0,bestfit,2400.0,-1700.0,0.53,bestfit,0.32,-0.26,29000.0,value,O4a,value,L,value,GW,value,0.99,value
GW231102_052214,1382937752.4,value,2023-11-02T05:22:51.400,value,7.9,value,,,4.0,value,,,,,,,,,,,,,,,,,,,,,,,,,,,,,,,,,,,,,,,,,,,,,,,,,,,O4a,value,HL,value,GW,value,0.72,value
GW231102_071736,1382944674.4,value,2023-11-02T07:18:13.400,value,15.6,value,,,1e-05,value,61.0,bestfit,14.0,-12.0,42.0,bestfit,13.0,-13.0,43.3,bestfit,9.5,-6.3,102.0,bestfit,21.0,-13.0,0.06,bestfit,0.22,-0.22,98.0,bestfit,19.0,-13.0,,,,,,,,,,,,,,,,,3800.0,bestfit,2100.0,-1800.0,0.63,bestfit,0.27,-0.26,2940.0,value,O4a,value,HL,value,GW,value,0.99,value
GW231102_232433,1383002691.5,value,2023-11-02T23:25:10.500,value,7.6,value,,,2.5,value,,,,,,,,,,,,,,,,,,,,,,,,,,,,,,,,,,,,,,,,,,,,,,,,,,,O4a,value,HL,value,GW,value,0.8,value
GW231104_133418,1383140076.9,value,2023-11-04T13:34:55.900,value,11.8,value,,,1e-05,value,12.2,bestfit,4.4,-2.0,8.6,bestfit,1.8,-2.2,8.84,bestfit,0.87,-0.56,21.0,bestfit,2.7,-1.7,0.14,bestfit,0.11,-0.07,20.0,bestfit,2.7,-1.6,,,,,,,,,,,,,,,,,1470.0,bestfit,540.0,-660.0,0.28,bestfit,0.09,-0.11,1060.0,value,O4a,value,HL,value,GW,value,0.99,value
GW231108_125142,1383483120.5,value,2023-11-08T12:52:19.500,value,12.6,value,,,1e-05,value,23.2,bestfit,5.5,-3.6,17.4,bestfit,3.2,-3.2,17.3,bestfit,2.1,-1.3,40.6,bestfit,5.1,-3.3,-0.08,bestfit,0.13,-0.15,38.9,bestfit,4.9,-3.2,,,,,,,,,,,,,,,,,2050.0,bestfit,750.0,-890.0,0.37,bestfit,0.11,-0.15,1030.0,value,O4a,value,HL,value,GW,value,0.99,value
GW231110_040320,1383624218.2,value,2023-11-10T04:03:57.200,value,11.5,value,,,1e-05,value,19.4,bestfit,5.8,-4.0,12.6,bestfit,3.0,-2.9,13.4,bestfit,1.7,-1.1,32.2,bestfit,4.3,-3.3,0.17,bestfit,0.13,-0.12,30.6,bestfit,4.3,-3.3,,,,,,,,,,,,,,,,,1890.0,bestfit,850.0,-910.0,0.35,bestfit,0.13,-0.15,706.0,value,O4a,value,HL,value,GW,value,0.99,value
GW231113_062050,1383891668.9,value,2023-11-13T06:21:27.900,value,8.5,value,,,5.4,value,,,,,,,,,,,,,,,,,,,,,,,,,,,,,,,,,,,,,,,,,,,,,,,,,,,O4a,value,HL,value,GW,value,0.71,value
GW231113_112825,1383910123.5,value,2023-11-13T11:29:02.500,value,7.8,value,,,14.0,value,,,,,,,,,,,,,,,,,,,,,,,,,,,,,,,,,,,,,,,,,,,,,,,,,,,O4a,value,HL,value,GW,value,0.51,value
GW231113_122623,1383913601.9,value,2023-11-13T12:27:00.900,value,8.6,value,,,0.063,value,39.8,bestfit,17.2,-9.6,26.4,bestfit,8.9,-9.5,27.9,bestfit,6.3,-5.5,67.0,bestfit,16.0,-13.0,0.33,bestfit,0.25,-0.33,63.0,bestfit,15.0,-12.0,,,,,,,,,,,,,,,,,3400.0,bestfit,2400.0,-1700.0,0.56,bestfit,0.32,-0.25,2740.0,value,O4a,value,HL,value,GW,value,0.99,value
GW231113_150041,1383922859.4,value,2023-11-13T15:01:18.400,value,8.7,value,,,0.5,value,56.0,bestfit,38.0,-22.0,29.0,bestfit,18.0,-16.0,34.0,bestfit,18.0,-11.0,85.0,bestfit,46.0,-26.0,0.04,bestfit,0.39,-0.37,82.0,bestfit,44.0,-25.0,,,,,,,,,,,,,,,,,5200.0,bestfit,5100.0,-2800.0,0.8,bestfit,0.6,-0.38,5310.0,value,O4a,value,HL,value,GW,value,0.97,value
GW231113_200417,1383941075.9,value,2023-11-13T20:04:54.900,value,10.5,value,,,2.7e-05,value,11.6,bestfit,5.1,-2.4,7.4,bestfit,1.8,-2.0,8.0,bestfit,0.68,-0.64,19.2,bestfit,3.2,-1.9,0.13,bestfit,0.15,-0.08,18.3,bestfit,3.3,-1.9,,,,,,,,,,,,,,,,,1160.0,bestfit,640.0,-530.0,0.23,bestfit,0.11,-0.1,1620.0,value,O4a,value,HL,value,GW,value,0.99,value
GW231114_043211,1383971549.2,value,2023-11-14T04:32:48.200,value,10.0,value,,,0.00012,value,22.8,bestfit,9.2,-6.3,8.2,bestfit,2.5,-2.1,11.6,bestfit,1.1,-1.1,31.1,bestfit,7.3,-4.8,0.08,bestfit,0.21,-0.16,30.1,bestfit,7.5,-4.9,,,,,,,,,,,,,,,,,1390.0,bestfit,860.0,-620.0,0.26,bestfit,0.14,-0.11,1560.0,value,O4a,value,HL,value,GW,value,0.99,value
GW231118_005626,1384304204.8,value,2023-11-18T00:57:03.800,value,10.7,value,,,1e-05,value,20.0,bestfit,7.5,-5.0,10.8,bestfit,3.4,-2.4,12.6,bestfit,1.6,-1.1,31.0,bestfit,5.9,-3.7,0.38,bestfit,0.1,-0.11,29.4,bestfit,6.0,-3.6,,,,,,,,,,,,,,,,,2190.0,bestfit,930.0,-970.0,0.39,bestfit,0.14,-0.16,1150.0,value,O4a,value,HL,value,GW,value,0.99,value
GW231118_071402,1384326860.2,value,2023-11-18T07:14:39.200,value,9.2,value,,,0.00022,value,43.0,bestfit,15.0,-10.0,29.0,bestfit,11.0,-10.0,30.3,bestfit,8.0,-6.1,72.0,bestfit,18.0,-14.0,0.12,bestfit,0.29,-0.28,69.0,bestfit,17.0,-13.0,,,,,,,,,,,,,,,,,4300.0,bestfit,3600.0,-2300.0,0.69,bestfit,0.44,-0.32,3680.0,value,O4a,value,HL,value,GW,value,0.99,value
GW231118_090602,1384333580.0,value,2023-11-18T09:06:39.000,value,11.0,value,,,1e-05,value,12.9,bestfit,12.4,-3.1,7.4,bestfit,2.1,-3.2,8.36,bestfit,0.79,-0.56,20.6,bestfit,9.1,-2.2,0.08,bestfit,0.33,-0.09,19.6,bestfit,9.4,-2.2,,,,,,,,,,,,,,,,,1360.0,bestfit,550.0,-620.0,0.26,bestfit,0.09,-0.11,1050.0,value,O4a,value,HL,value,GW,value,0.99,value
GW231119_075248,1384415586.1,value,2023-11-19T07:53:25.100,value,8.3,value,,,0.0029,value,49.0,bestfit,22.0,-13.0,33.0,bestfit,15.0,-13.0,34.5,bestfit,12.4,-7.9,82.0,bestfit,29.0,-18.0,,,,,79.0,bestfit,27.0,-18.0,,,,,,,,,,,,,,,,,6700.0,bestfit,5300.0,-3700.0,0.99,bestfit,0.6,-0.48,5780.0,value,O4a,value,HL,value,GW,value,0.99,value
GW231120_022103,1384482081.0,value,2023-11-20T02:21:40.000,value,10.0,value,,,1.6,value,,,,,,,,,,,,,,,,,,,,,,,,,,,,,,,,,,,,,,,,,,,,,,,,,,,O4a,value,HL,value,GW,value,0.9,value
GW231123_135430,1384782888.7,value,2023-11-23T13:55:07.700,value,21.8,value,,,1e-05,value,137.0,bestfit,23.0,-18.0,101.0,bestfit,22.0,-50.0,101.0,bestfit,13.0,-30.0,236.0,bestfit,30.0,-47.0,0.32,bestfit,0.25,-0.41,222.0,bestfit,28.0,-42.0,,,,,,,,,,,,,,,,,2200.0,bestfit,1900.0,-1500.0,0.4,bestfit,0.27,-0.25,1300.0,value,O4a,value,HL,value,GW,value,0.99,value
GW231126_010928,1384996186.3,value,2023-11-26T01:10:05.300,value,9.1,value,,,2.1,value,,,,,,,,,,,,,,,,,,,,,,,,,,,,,,,,,,,,,,,,,,,,,,,,,,,O4a,value,HL,value,GW,value,0.86,value
GW231127_061546,1385100964.5,value,2023-11-27T06:16:23.500,value,8.0,value,,,11.0,value,,,,,,,,,,,,,,,,,,,,,,,,,,,,,,,,,,,,,,,,,,,,,,,,,,,O4a,value,HL,value,GW,value,0.55,value
GW231127_165300,1385139198.9,value,2023-11-27T16:53:37.900,value,9.9,value,,,0.01,value,45.0,bestfit,18.0,-12.0,28.0,bestfit,13.0,-12.0,30.4,bestfit,9.7,-6.7,74.0,bestfit,22.0,-15.0,0.05,bestfit,0.3,-0.32,71.0,bestfit,21.0,-14.0,,,,,,,,,,,,,,,,,4500.0,bestfit,3600.0,-2500.0,0.71,bestfit,0.44,-0.35,4260.0,value,O4a,value,HL,value,GW,value,0.99,value
GW231129_081745,1385281083.6,value,2023-11-29T08:18:22.600,value,9.4,value,,,0.056,value,45.0,bestfit,15.0,-13.0,23.8,bestfit,10.3,-8.2,27.8,bestfit,7.7,-5.7,69.0,bestfit,17.0,-14.0,0.03,bestfit,0.27,-0.26,66.0,bestfit,17.0,-14.0,,,,,,,,,,,,,,,,,3800.0,bestfit,3600.0,-2100.0,0.62,bestfit,0.45,-0.3,3850.0,value,O4a,value,HL,value,GW,value,0.99,value
GW231204_090648,1385716026.9,value,2023-12-04T09:07:25.900,value,8.4,value,,,3.5,value,,,,,,,,,,,,,,,,,,,,,,,,,,,,,,,,,,,,,,,,,,,,,,,,,,,O4a,value,HL,value,GW,value,0.78,value
GW231206_010629,1385860007.2,value,2023-12-06T01:07:06.200,value,9.7,value,,,6.9,value,,,,,,,,,,,,,,,,,,,,,,,,,,,,,,,,,,,,,,,,,,,,,,,,,,,O4a,value,HL,value,GW,value,0.58,value
GW231206_233134,1385940712.5,value,2023-12-06T23:32:11.500,value,12.8,value,,,1e-05,value,35.6,bestfit,9.0,-6.2,28.2,bestfit,7.6,-7.1,27.2,bestfit,6.1,-3.9,63.5,bestfit,13.7,-8.8,-0.08,bestfit,0.21,-0.25,60.6,bestfit,13.0,-8.3,,,,,,,,,,,,,,,,,3200.0,bestfit,1800.0,-1800.0,0.54,bestfit,0.25,-0.27,2400.0,value,O4a,value,HL,value,GW,value,0.99,value
GW231206_233901,1385941159.5,value,2023-12-06T23:39:38.500,value,21.9,value,,,1e-05,value,37.6,bestfit,6.6,-4.6,28.5,bestfit,5.3,-6.1,28.2,bestfit,2.7,-1.8,66.0,bestfit,5.3,-3.7,-0.05,bestfit,0.14,-0.15,63.1,bestfit,4.9,-3.4,,,,,,,,,,,,,,,,,1490.0,bestfit,340.0,-500.0,0.28,bestfit,0.05,-0.08,390.0,value,O4a,value,HL,value,GW,value,0.99,value
GW231213_111417,1386501275.9,value,2023-12-13T11:14:54.900,value,10.4,value,,,1e-05,value,35.6,bestfit,10.5,-6.8,27.2,bestfit,7.9,-7.6,26.7,bestfit,6.2,-4.2,62.6,bestfit,14.2,-9.4,0.06,bestfit,0.24,-0.23,59.6,bestfit,13.3,-8.9,,,,,,,,,,,,,,,,,4000.0,bestfit,2300.0,-2000.0,0.65,bestfit,0.3,-0.29,2420.0,value,O4a,value,HL,value,GW,value,0.99,value
GW231220_173406,1387128864.2,value,2023-12-20T17:34:43.200,value,7.9,value,,,3.0,value,,,,,,,,,,,,,,,,,,,,,,,,,,,,,,,,,,,,,,,,,,,,,,,,,,,O4a,value,HL,value,GW,value,0.83,value
GW231221_135041,1387201859.3,value,2023-12-21T13:51:18.300,value,10.0,value,,,0.54,value,47.0,bestfit,22.0,-13.0,29.0,bestfit,12.0,-13.0,31.0,bestfit,9.6,-6.8,76.0,bestfit,22.0,-16.0,0.01,bestfit,0.37,-0.38,73.0,bestfit,21.0,-15.0,,,,,,,,,,,,,,,,,4600.0,bestfit,3800.0,-2500.0,0.72,bestfit,0.46,-0.36,3730.0,value,O4a,value,HL,value,GW,value,0.96,value
GW231223_032836,1387337334.1,value,2023-12-23T03:29:13.100,value,10.2,value,,,0.00036,value,46.0,bestfit,16.0,-11.0,31.0,bestfit,12.0,-14.0,31.9,bestfit,8.5,-7.0,76.0,bestfit,18.0,-13.0,-0.16,bestfit,0.33,-0.37,73.0,bestfit,17.0,-13.0,,,,,,,,,,,,,,,,,4200.0,bestfit,3100.0,-2200.0,0.67,bestfit,0.39,-0.31,3880.0,value,O4a,value,HL,value,GW,value,0.99,value
GW231223_075055,1387353073.3,value,2023-12-23T07:51:32.300,value,9.4,value,,,0.23,value,11.9,bestfit,7.0,-2.8,6.8,bestfit,2.0,-2.2,7.8,bestfit,0.57,-0.6,19.0,bestfit,4.8,-2.0,0.07,bestfit,0.22,-0.12,18.1,bestfit,4.9,-1.9,,,,,,,,,,,,,,,,,970.0,bestfit,580.0,-430.0,0.19,bestfit,0.1,-0.08,1460.0,value,O4a,value,HL,value,GW,value,0.98,value
GW231223_202619,1387398397.0,value,2023-12-23T20:26:56.000,value,10.1,value,,,0.002,value,11.1,bestfit,3.9,-1.6,8.3,bestfit,1.4,-2.0,8.35,bestfit,0.66,-0.57,19.6,bestfit,2.2,-1.5,0.1,bestfit,0.14,-0.11,18.7,bestfit,2.3,-1.5,,,,,,,,,,,,,,,,,890.0,bestfit,480.0,-440.0,0.18,bestfit,0.08,-0.08,26500.0,value,O4a,value,HL,value,GW,value,0.99,value
GW231224_024321,1387421020.0,value,2023-12-24T02:43:59.000,value,14.0,value,,,1e-05,value,9.3,bestfit,2.1,-1.1,7.31,bestfit,0.97,-1.31,7.13,bestfit,0.48,-0.29,16.66,bestfit,1.26,-0.79,-0.01,bestfit,0.08,-0.06,15.89,bestfit,1.24,-0.77,,,,,,,,,,,,,,,,,950.0,bestfit,280.0,-400.0,0.19,bestfit,0.05,-0.07,362.0,value,O4a,value,HL,value,GW,value,0.99,value
GW231226_101520,1387620938.3,value,2023-12-26T10:15:57.300,value,34.7,value,,,1e-05,value,40.2,bestfit,4.4,-2.9,35.1,bestfit,3.2,-4.9,32.5,bestfit,1.8,-1.5,75.0,bestfit,3.9,-3.1,-0.08,bestfit,0.09,-0.1,71.6,bestfit,3.7,-2.8,,,,,,,,,,,,,,,,,1180.0,bestfit,240.0,-360.0,0.23,bestfit,0.04,-0.06,204.0,value,O4a,value,HL,value,GW,value,0.99,value
GW231230_170116,1387990895.0,value,2023-12-30T17:01:54.000,value,8.2,value,,,0.42,value,53.0,bestfit,53.0,-15.0,35.0,bestfit,15.0,-14.0,37.0,bestfit,14.9,-8.3,89.0,bestfit,52.0,-20.0,-0.18,bestfit,0.33,-0.35,86.0,bestfit,51.0,-19.0,,,,,,,,,,,,,,,,,5700.0,bestfit,4800.0,-3200.0,0.87,bestfit,0.56,-0.43,6660.0,value,O4a,value,HL,value,GW,value,0.96,value
GW231231_120147,1388059325.6,value,2023-12-31T12:02:24.600,value,11.3,value,,,2.0,value,,,,,,,,,,,,,,,,,,,,,,,,,,,,,,,,,,,,,,,,,,,,,,,,,,,O4a,value,HL,value,GW,value,0.86,value
GW231231_154016,1388072434.7,value,2023-12-31T15:40:53.700,value,13.4,value,,,1e-05,value,22.5,bestfit,5.5,-3.2,17.2,bestfit,2.9,-3.2,17.1,bestfit,1.6,-1.3,39.9,bestfit,4.1,-3.4,-0.03,bestfit,0.12,-0.12,38.1,bestfit,4.0,-3.3,,,,,,,,,,,,,,,,,1070.0,bestfit,590.0,-530.0,0.21,bestfit,0.1,-0.1,27800.0,value,O4a,value,HL,value,GW,value,0.99,value
GW240104_164932,1388422190.6,value,2024-01-04T16:50:09.600,value,14.8,value,,,1e-05,value,42.3,bestfit,9.4,-6.8,32.2,bestfit,7.5,-8.2,31.8,bestfit,5.1,-4.0,74.3,bestfit,11.4,-8.5,0.09,bestfit,0.19,-0.2,70.7,bestfit,10.7,-8.1,,,,,,,,,,,,,,,,,1910.0,bestfit,1120.0,-970.0,0.35,bestfit,0.17,-0.16,27700.0,value,O4a,value,HL,value,GW,value,0.99,value
GW240105_151143,1388502721.2,value,2024-01-05T15:12:20.200,value,25.9,value,,,3.3,value,,,,,,,,,,,,,,,,,,,,,,,,,,,,,,,,,,,,,,,,,,,,,,,,,,,O4a,value,H,value,GW,value,0.74,value
GW240107_013215,1388626353.7,value,2024-01-07T01:32:52.700,value,9.6,value,,,0.0094,value,59.0,bestfit,27.0,-17.0,33.0,bestfit,20.0,-17.0,36.7,bestfit,14.3,-9.9,92.0,bestfit,30.0,-20.0,0.32,bestfit,0.29,-0.38,87.0,bestfit,29.0,-19.0,,,,,,,,,,,,,,,,,5800.0,bestfit,4900.0,-3300.0,0.88,bestfit,0.56,-0.44,4660.0,value,O4a,value,HL,value,GW,value,0.99,value
GW240109_050431,1388811889.8,value,2024-01-09T05:05:08.800,value,10.4,value,,,0.00022,value,28.7,bestfit,7.5,-6.1,18.1,bestfit,4.8,-4.1,19.7,bestfit,2.7,-2.2,47.1,bestfit,6.7,-5.8,-0.07,bestfit,0.2,-0.23,45.2,bestfit,6.4,-5.5,,,,,,,,,,,,,,,,,1500.0,bestfit,1020.0,-770.0,0.28,bestfit,0.16,-0.14,27400.0,value,O4a,value,H,value,GW,value,0.99,value
GW240406_062847,1396420145.9,value,2024-04-06T06:29:24.900,value,11.3,value,,,1e-05,value,,,,,,,,,,,,,,,,,,,,,,,,,,,,,,,,,,,,,,,,,,,,,,,,,,,O4b,value,HL,value,GW,value,0.99,value
GW240407_040938,1396498196.4,value,2024-04-07T04:10:15.400,value,8.5,value,,,1.8,value,,,,,,,,,,,,,,,,,,,,,,,,,,,,,,,,,,,,,,,,,,,,,,,,,,,O4b,value,HLV,value,GW,value,0.91,value
GW240407_061416,1396505674.0,value,2024-04-07T06:14:53.000,value,8.8,value,,,2.7,value,,,,,,,,,,,,,,,,,,,,,,,,,,,,,,,,,,,,,,,,,,,,,,,,,,,O4b,value,HLV,value,GW,value,0.78,value
GW240407_214946,1396561804.2,value,2024-04-07T21:50:23.200,value,7.5,value,,,4.2,value,,,,,,,,,,,,,,,,,,,,,,,,,,,,,,,,,,,,,,,,,,,,,,,,,,,O4b,value,HLV,value,GW,value,0.79,value
GW240408_081753,1396599491.7,value,2024-04-08T08:18:30.700,value,8.3,value,,,4.4,value,,,,,,,,,,,,,,,,,,,,,,,,,,,,,,,,,,,,,,,,,,,,,,,,,,,O4b,value,HLV,value,GW,value,0.61,value
GW240411_074140,1396856518.6,value,2024-04-11T07:42:17.600,value,8.2,value,,,3.4,value,,,,,,,,,,,,,,,,,,,,,,,,,,,,,,,,,,,,,,,,,,,,,,,,,,,O4b,value,HL,value,GW,value,0.68,value
GW240413_022019,1397010037.8,value,2024-04-13T02:20:56.800,value,18.1,value,,,1e-05,value,7.9,bestfit,2.8,-1.2,5.57,bestfit,0.96,-1.35,5.74,bestfit,0.23,-0.11,13.56,bestfit,1.41,-0.52,0.07,bestfit,0.14,-0.04,12.92,bestfit,1.49,-0.52,,,,,,,,,,,,,,,,,570.0,bestfit,110.0,-220.0,0.12,bestfit,0.02,-0.04,37.0,value,O4b,value,HLV,value,GW,value,0.99,value
GW240414_054515,1397108733.2,value,2024-04-14T05:45:52.200,value,11.2,value,,,5.3e-05,value,38.8,bestfit,12.1,-7.2,25.9,bestfit,6.9,-8.1,27.1,bestfit,3.6,-2.8,65.0,bestfit,8.4,-6.3,0.03,bestfit,0.22,-0.21,62.2,bestfit,8.0,-6.0,,,,,,,,,,,,,,,,,1530.0,bestfit,680.0,-580.0,0.29,bestfit,0.11,-0.1,270.0,value,O4b,value,HLV,value,GW,value,0.99,value
GW240419_041206,1397535144.5,value,2024-04-19T04:12:43.500,value,9.1,value,,,3.4,value,,,,,,,,,,,,,,,,,,,,,,,,,,,,,,,,,,,,,,,,,,,,,,,,,,,O4b,value,HLV,value,GW,value,0.71,value
GW240420_175625,1397671003.5,value,2024-04-20T17:57:02.500,value,10.0,value,,,0.078,value,34.6,bestfit,10.0,-7.2,23.8,bestfit,7.2,-7.1,24.7,bestfit,4.6,-3.8,58.6,bestfit,10.3,-8.7,,,,,56.0,bestfit,9.8,-8.3,,,,,,,,,,,,,,,,,2000.0,bestfit,1600.0,-1100.0,0.37,bestfit,0.22,-0.18,28900.0,value,O4b,value,HV,value,GW,value,0.98,value
GW240421_052935,1397712593.7,value,2024-04-21T05:30:12.700,value,8.5,value,,,2.7,value,,,,,,,,,,,,,,,,,,,,,,,,,,,,,,,,,,,,,,,,,,,,,,,,,,,O4b,value,HLV,value,GW,value,0.77,value
GW240426_031451,1398136510.0,value,2024-04-26T03:15:29.000,value,10.3,value,,,3.8e-05,value,52.0,bestfit,14.0,-11.0,36.0,bestfit,11.0,-12.0,37.1,bestfit,8.2,-6.3,88.0,bestfit,18.0,-13.0,-0.05,bestfit,0.24,-0.28,84.0,bestfit,17.0,-13.0,,,,,,,,,,,,,,,,,4000.0,bestfit,2600.0,-2000.0,0.65,bestfit,0.33,-0.28,2960.0,value,O4b,value,HLV,value,GW,value,0.99,value
GW240426_085802,1398157100.9,value,2024-04-26T08:58:39.900,value,8.2,value,,,4.2,value,,,,,,,,,,,,,,,,,,,,,,,,,,,,,,,,,,,,,,,,,,,,,,,,,,,O4b,value,HLV,value,GW,value,0.63,value
GW240428_225440,1398380098.1,value,2024-04-28T22:55:17.100,value,15.6,value,,,1e-05,value,19.8,bestfit,4.9,-2.6,14.7,bestfit,2.2,-2.9,14.72,bestfit,0.72,-0.48,34.6,bestfit,2.3,-1.5,0.03,bestfit,0.1,-0.08,33.0,bestfit,2.3,-1.4,,,,,,,,,,,,,,,,,840.0,bestfit,200.0,-280.0,0.17,bestfit,0.04,-0.05,196.0,value,O4b,value,HV,value,GW,value,0.99,value
GW240430_093517,1398504935.4,value,2024-04-30T09:35:54.400,value,8.7,value,,,1.3,value,,,,,,,,,,,,,,,,,,,,,,,,,,,,,,,,,,,,,,,,,,,,,,,,,,,O4b,value,HL,value,GW,value,0.88,value
GW240501_033534,1398569752.9,value,2024-05-01T03:36:11.900,value,10.6,value,,,1e-05,value,38.6,bestfit,11.6,-8.0,27.7,bestfit,8.6,-8.2,28.0,bestfit,6.4,-4.4,66.0,bestfit,14.0,-10.0,0.04,bestfit,0.26,-0.28,63.1,bestfit,13.4,-9.5,,,,,,,,,,,,,,,,,4700.0,bestfit,2700.0,-2200.0,0.74,bestfit,0.33,-0.3,1540.0,value,O4b,value,HLV,value,GW,value,0.99,value
GW240505_133552,1398951370.6,value,2024-05-05T13:36:29.600,value,9.4,value,,,0.13,value,31.0,bestfit,9.2,-5.9,23.1,bestfit,6.8,-6.7,23.0,bestfit,5.3,-3.4,54.0,bestfit,11.9,-7.7,-0.13,bestfit,0.25,-0.3,51.8,bestfit,11.3,-7.3,,,,,,,,,,,,,,,,,4700.0,bestfit,2600.0,-2100.0,0.74,bestfit,0.32,-0.29,2080.0,value,O4b,value,HLV,value,GW,value,0.98,value
GW240507_041632,1399090610.4,value,2024-05-07T04:17:09.400,value,10.2,value,,,0.00025,value,31.3,bestfit,9.2,-11.6,8.5,bestfit,6.3,-1.9,13.8,bestfit,1.9,-1.4,39.9,bestfit,7.8,-6.9,0.01,bestfit,0.2,-0.23,38.9,bestfit,8.0,-7.2,,,,,,,,,,,,,,,,,1450.0,bestfit,900.0,-500.0,0.28,bestfit,0.14,-0.09,678.0,value,O4b,value,HLV,value,GW,value,0.99,value
GW240509_102351,1399285449.9,value,2024-05-09T10:24:28.900,value,8.2,value,,,2.0,value,,,,,,,,,,,,,,,,,,,,,,,,,,,,,,,,,,,,,,,,,,,,,,,,,,,O4b,value,HLV,value,GW,value,0.89,value
GW240511_031507,1399432526.0,value,2024-05-11T03:15:45.000,value,16.3,value,,,1e-05,value,40.5,bestfit,7.4,-5.1,32.2,bestfit,5.5,-6.6,31.1,bestfit,3.3,-2.6,72.6,bestfit,7.4,-5.8,0.05,bestfit,0.17,-0.16,69.1,bestfit,6.8,-5.5,,,,,,,,,,,,,,,,,1990.0,bestfit,750.0,-760.0,0.36,bestfit,0.11,-0.12,117.0,value,O4b,value,HLV,value,GW,value,0.99,value
GW240512_024139,1399516917.1,value,2024-05-12T02:42:16.100,value,11.6,value,,,1e-05,value,12.6,bestfit,4.8,-2.5,8.0,bestfit,1.8,-2.1,8.62,bestfit,0.65,-0.39,20.7,bestfit,2.8,-1.5,0.14,bestfit,0.13,-0.07,19.7,bestfit,3.0,-1.5,,,,,,,,,,,,,,,,,1170.0,bestfit,340.0,-490.0,0.23,bestfit,0.06,-0.09,193.0,value,O4b,value,HLV,value,GW,value,0.99,value
GW240512_051606,1399526185.0,value,2024-05-12T05:16:44.000,value,9.4,value,,,3.1,value,,,,,,,,,,,,,,,,,,,,,,,,,,,,,,,,,,,,,,,,,,,,,,,,,,,O4b,value,HLV,value,GW,value,0.7,value
GW240513_183302,1399660400.9,value,2024-05-13T18:33:39.900,value,14.5,value,,,1e-05,value,24.4,bestfit,6.0,-4.2,16.9,bestfit,3.6,-3.6,17.4,bestfit,1.8,-1.1,41.4,bestfit,4.3,-3.2,0.14,bestfit,0.13,-0.14,39.4,bestfit,4.2,-3.1,,,,,,,,,,,,,,,,,2250.0,bestfit,690.0,-800.0,0.4,bestfit,0.1,-0.13,50.0,value,O4b,value,HLV,value,GW,value,0.99,value
GW240514_121713,1399724251.7,value,2024-05-14T12:17:50.700,value,16.9,value,,,1e-05,value,46.8,bestfit,9.3,-6.3,36.7,bestfit,7.5,-10.6,35.4,bestfit,5.2,-3.7,82.7,bestfit,11.2,-6.8,0.01,bestfit,0.17,-0.18,78.9,bestfit,10.4,-6.3,,,,,,,,,,,,,,,,,2590.0,bestfit,820.0,-1040.0,0.45,bestfit,0.12,-0.16,191.0,value,O4b,value,HLV,value,GW,value,0.99,value
GW240515_005301,1399769599.1,value,2024-05-15T00:53:38.100,value,12.8,value,,,1e-05,value,37.1,bestfit,11.4,-9.9,18.5,bestfit,8.9,-4.5,22.4,bestfit,4.8,-2.7,56.3,bestfit,10.9,-8.1,0.47,bestfit,0.17,-0.19,53.2,bestfit,10.3,-8.0,,,,,,,,,,,,,,,,,3800.0,bestfit,1800.0,-1900.0,0.63,bestfit,0.24,-0.27,1750.0,value,O4b,value,HLV,value,GW,value,0.99,value
GW240516_041939,1399868397.1,value,2024-05-16T04:20:16.100,value,9.0,value,,,3.4,value,,,,,,,,,,,,,,,,,,,,,,,,,,,,,,,,,,,,,,,,,,,,,,,,,,,O4b,value,HLV,value,GW,value,0.67,value
GW240519_012815,1400117314.0,value,2024-05-19T01:28:53.000,value,10.6,value,,,0.014,value,65.0,bestfit,19.0,-16.0,39.0,bestfit,13.0,-16.0,43.1,bestfit,8.3,-9.3,104.0,bestfit,18.0,-19.0,-0.04,bestfit,0.26,-0.31,100.0,bestfit,17.0,-18.0,,,,,,,,,,,,,,,,,1740.0,bestfit,1830.0,-820.0,0.32,bestfit,0.27,-0.14,2560.0,value,O4b,value,HLV,value,GW,value,0.99,value
GW240520_213616,1400276195.0,value,2024-05-20T21:36:54.000,value,11.9,value,,,1e-05,value,11.4,bestfit,3.6,-1.9,8.0,bestfit,1.5,-1.8,8.28,bestfit,0.62,-0.52,19.6,bestfit,2.1,-1.4,,,,,18.7,bestfit,2.1,-1.4,,,,,,,,,,,,,,,,,1400.0,bestfit,530.0,-500.0,0.27,bestfit,0.08,-0.09,353.0,value,O4b,value,HLV,value,GW,value,0.99,value
GW240525_031210,1400641948.6,value,2024-05-25T03:12:47.600,value,9.1,value,,,0.29,value,31.1,bestfit,12.1,-7.2,21.4,bestfit,7.1,-6.8,22.1,bestfit,5.2,-3.8,52.8,bestfit,12.4,-9.2,0.17,bestfit,0.25,-0.26,50.2,bestfit,11.7,-8.8,,,,,,,,,,,,,,,,,4500.0,bestfit,3000.0,-2200.0,0.72,bestfit,0.37,-0.3,2350.0,value,O4b,value,HLV,value,GW,value,0.97,value
GW240525_201644,1400703422.1,value,2024-05-25T20:17:21.100,value,9.0,value,,,2.3,value,,,,,,,,,,,,,,,,,,,,,,,,,,,,,,,,,,,,,,,,,,,,,,,,,,,O4b,value,HLV,value,GW,value,0.81,value
GW240526_093944,1400751602.7,value,2024-05-26T09:40:21.700,value,9.7,value,,,0.14,value,14.5,bestfit,6.1,-3.6,8.4,bestfit,2.5,-2.3,9.5,bestfit,1.3,-1.0,23.2,bestfit,4.3,-3.2,0.22,bestfit,0.14,-0.12,22.1,bestfit,4.4,-3.1,,,,,,,,,,,,,,,,,1940.0,bestfit,1100.0,-940.0,0.35,bestfit,0.16,-0.16,852.0,value,O4b,value,HLV,value,GW,value,0.97,value
GW240527_150907,1400857765.4,value,2024-05-27T15:09:44.400,value,9.2,value,,,2.2,value,,,,,,,,,,,,,,,,,,,,,,,,,,,,,,,,,,,,,,,,,,,,,,,,,,,O4b,value,HLV,value,GW,value,0.81,value
GW240527_183429,1400870087.1,value,2024-05-27T18:35:06.100,value,10.4,value,,,0.00017,value,52.0,bestfit,17.0,-12.0,33.0,bestfit,15.0,-15.0,34.5,bestfit,10.8,-6.7,84.0,bestfit,22.0,-13.0,0.31,bestfit,0.27,-0.33,80.0,bestfit,20.0,-12.0,,,,,,,,,,,,,,,,,6400.0,bestfit,3500.0,-3100.0,0.96,bestfit,0.4,-0.4,1080.0,value,O4b,value,HLV,value,GW,value,0.99,value
GW240527_230910,1400886568.4,value,2024-05-27T23:09:47.400,value,11.0,value,,,1.4e-05,value,27.6,bestfit,8.9,-9.6,10.0,bestfit,4.9,-2.1,14.07,bestfit,0.76,-0.63,37.5,bestfit,7.0,-5.1,-0.03,bestfit,0.2,-0.24,36.4,bestfit,7.1,-5.3,,,,,,,,,,,,,,,,,1190.0,bestfit,320.0,-320.0,0.23,bestfit,0.05,-0.06,20.0,value,O4b,value,HLV,value,GW,value,0.99,value
GW240530_012417,1401067476.0,value,2024-05-30T01:24:55.000,value,10.8,value,,,1e-05,value,14.1,bestfit,8.4,-3.3,8.3,bestfit,2.1,-3.0,9.26,bestfit,0.78,-0.75,22.6,bestfit,5.4,-2.4,0.04,bestfit,0.25,-0.11,21.6,bestfit,5.6,-2.3,,,,,,,,,,,,,,,,,1010.0,bestfit,630.0,-500.0,0.2,bestfit,0.11,-0.09,642.0,value,O4b,value,HLV,value,GW,value,0.99,value
GW240531_040326,1401163424.6,value,2024-05-31T04:04:03.600,value,9.1,value,,,0.87,value,19.5,bestfit,7.4,-3.7,14.3,bestfit,3.5,-4.3,14.4,bestfit,2.6,-1.8,34.0,bestfit,6.4,-4.3,0.14,bestfit,0.22,-0.21,32.3,bestfit,6.1,-4.1,,,,,,,,,,,,,,,,,3000.0,bestfit,1600.0,-1500.0,0.52,bestfit,0.22,-0.23,932.0,value,O4b,value,HLV,value,GW,value,0.95,value
GW240531_075248,1401177186.5,value,2024-05-31T07:53:25.500,value,9.3,value,,,0.0039,value,33.0,bestfit,10.4,-7.6,22.6,bestfit,7.6,-6.4,23.4,bestfit,5.6,-3.8,55.6,bestfit,13.0,-9.1,0.04,bestfit,0.26,-0.27,53.1,bestfit,12.2,-8.7,,,,,,,,,,,,,,,,,4100.0,bestfit,2800.0,-2200.0,0.67,bestfit,0.35,-0.32,1580.0,value,O4b,value,HLV,value,GW,value,0.99,value
GW240601_061200,1401257538.3,value,2024-06-01T06:12:37.300,value,10.0,value,,,0.082,value,52.0,bestfit,20.0,-16.0,32.0,bestfit,12.0,-11.0,35.3,bestfit,9.7,-7.9,85.0,bestfit,23.0,-20.0,-0.08,bestfit,0.27,-0.31,82.0,bestfit,22.0,-19.0,,,,,,,,,,,,,,,,,5100.0,bestfit,4400.0,-2600.0,0.79,bestfit,0.52,-0.35,2630.0,value,O4b,value,HLV,value,GW,value,0.99,value
GW240601_231004,1401318622.0,value,2024-06-01T23:10:41.000,value,10.4,value,,,2.6e-05,value,10.6,bestfit,4.8,-1.7,7.7,bestfit,1.5,-2.4,7.8,bestfit,0.65,-0.51,18.6,bestfit,2.4,-1.5,0.09,bestfit,0.16,-0.07,17.7,bestfit,2.6,-1.4,,,,,,,,,,,,,,,,,1270.0,bestfit,530.0,-540.0,0.25,bestfit,0.09,-0.1,948.0,value,O4b,value,HLV,value,GW,value,0.99,value
GW240611_214835,1402177733.7,value,2024-06-11T21:49:12.700,value,8.9,value,,,1.7,value,,,,,,,,,,,,,,,,,,,,,,,,,,,,,,,,,,,,,,,,,,,,,,,,,,,O4b,value,LV,value,GW,value,0.61,value
GW240612_081540,1402215358.7,value,2024-06-12T08:16:17.700,value,9.9,value,,,0.56,value,55.0,bestfit,21.0,-13.0,38.0,bestfit,16.0,-16.0,38.5,bestfit,12.2,-8.5,92.0,bestfit,27.0,-18.0,0.07,bestfit,0.34,-0.34,88.0,bestfit,25.0,-17.0,,,,,,,,,,,,,,,,,6200.0,bestfit,4100.0,-3100.0,0.93,bestfit,0.47,-0.4,2800.0,value,O4b,value,HLV,value,GW,value,0.92,value
GW240613_011503,1402276521.5,value,2024-06-13T01:15:40.500,value,8.3,value,,,3.7,value,,,,,,,,,,,,,,,,,,,,,,,,,,,,,,,,,,,,,,,,,,,,,,,,,,,O4b,value,HLV,value,GW,value,0.74,value
GW240615_113620,1402486598.7,value,2024-06-15T11:36:57.700,value,26.4,value,,,1e-05,value,34.0,bestfit,5.4,-3.7,26.4,bestfit,4.0,-4.8,25.9,bestfit,1.7,-1.2,60.4,bestfit,3.5,-2.5,-0.07,bestfit,0.11,-0.13,57.8,bestfit,3.3,-2.4,,,,,,,,,,,,,,,,,1560.0,bestfit,290.0,-450.0,0.29,bestfit,0.05,-0.08,,,O4b,value,HLV,value,GW,value,0.99,value
GW240615_160735,1402502873.4,value,2024-06-15T16:08:12.400,value,13.1,value,,,2.8e-05,value,28.5,bestfit,7.9,-5.6,20.0,bestfit,5.7,-5.6,20.4,bestfit,4.0,-2.4,48.5,bestfit,8.5,-5.9,0.28,bestfit,0.2,-0.24,45.9,bestfit,8.0,-5.6,,,,,,,,,,,,,,,,,4000.0,bestfit,1900.0,-1900.0,0.65,bestfit,0.24,-0.27,1070.0,value,O4b,value,HLV,value,GW,value,0.99,value
GW240618_071627,1402730205.2,value,2024-06-18T07:17:04.200,value,8.7,value,,,0.16,value,65.0,bestfit,24.0,-19.0,40.0,bestfit,17.0,-15.0,43.0,bestfit,13.0,-10.0,105.0,bestfit,30.0,-24.0,,,,,101.0,bestfit,28.0,-23.0,,,,,,,,,,,,,,,,,5500.0,bestfit,5100.0,-2900.0,0.84,bestfit,0.59,-0.39,6280.0,value,O4b,value,HL,value,GW,value,0.98,value
GW240619_044535,1402807553.5,value,2024-06-19T04:46:12.500,value,9.3,value,,,5.1,value,,,,,,,,,,,,,,,,,,,,,,,,,,,,,,,,,,,,,,,,,,,,,,,,,,,O4b,value,HLV,value,GW,value,0.75,value
GW240619_212357,1402867455.4,value,2024-06-19T21:24:34.400,value,8.5,value,,,10.0,value,,,,,,,,,,,,,,,,,,,,,,,,,,,,,,,,,,,,,,,,,,,,,,,,,,,O4b,value,HLV,value,GW,value,0.51,value
GW240620_094631,1402912009.7,value,2024-06-20T09:47:08.700,value,8.6,value,,,2.1,value,,,,,,,,,,,,,,,,,,,,,,,,,,,,,,,,,,,,,,,,,,,,,,,,,,,O4b,value,HLV,value,GW,value,0.68,value
GW240621_103457,1403001315.5,value,2024-06-21T10:35:34.500,value,8.6,value,,,10.0,value,,,,,,,,,,,,,,,,,,,,,,,,,,,,,,,,,,,,,,,,,,,,,,,,,,,O4b,value,HLV,value,GW,value,0.51,value
GW240621_195059,1403034677.4,value,2024-06-21T19:51:36.400,value,28.2,value,,,1e-05,value,36.8,bestfit,4.4,-3.7,29.7,bestfit,4.1,-5.2,28.4,bestfit,2.2,-1.4,66.0,bestfit,4.6,-2.8,,,,,62.9,bestfit,4.2,-2.6,,,,,,,,,,,,,,,,,1210.0,bestfit,260.0,-430.0,0.23,bestfit,0.04,-0.08,33.0,value,O4b,value,HLV,value,GW,value,0.99,value
GW240621_200935,1403035793.5,value,2024-06-21T20:10:12.500,value,10.7,value,,,0.0012,value,41.6,bestfit,11.6,-8.3,31.6,bestfit,9.8,-9.5,31.1,bestfit,7.6,-5.3,73.0,bestfit,17.0,-12.0,-0.09,bestfit,0.23,-0.28,70.0,bestfit,16.0,-11.0,,,,,,,,,,,,,,,,,4800.0,bestfit,3000.0,-2400.0,0.75,bestfit,0.36,-0.32,1550.0,value,O4b,value,HLV,value,GW,value,0.99,value
GW240621_214041,1403041259.7,value,2024-06-21T21:41:18.700,value,7.9,value,,,0.038,value,45.0,bestfit,17.0,-11.0,32.0,bestfit,13.0,-11.0,32.1,bestfit,10.3,-6.7,76.0,bestfit,24.0,-16.0,,,,,73.0,bestfit,22.0,-15.0,,,,,,,,,,,,,,,,,6800.0,bestfit,4800.0,-3400.0,1.0,bestfit,0.54,-0.44,3300.0,value,O4b,value,HLV,value,GW,value,0.99,value
GW240622_004008,1403052026.4,value,2024-06-22T00:40:45.400,value,12.7,value,,,1e-05,value,18.6,bestfit,7.6,-4.0,11.3,bestfit,2.9,-3.2,12.5,bestfit,0.98,-0.91,30.2,bestfit,4.5,-2.9,0.25,bestfit,0.13,-0.1,28.7,bestfit,4.8,-2.8,,,,,,,,,,,,,,,,,1470.0,bestfit,600.0,-530.0,0.28,bestfit,0.1,-0.09,395.0,value,O4b,value,HLV,value,GW,value,0.99,value
GW240625_073331,1403336029.0,value,2024-06-25T07:34:08.000,value,10.1,value,,,2.5,value,,,,,,,,,,,,,,,,,,,,,,,,,,,,,,,,,,,,,,,,,,,,,,,,,,,O4b,value,HL,value,GW,value,0.64,value
GW240627_131622,1403529400.2,value,2024-06-27T13:16:59.200,value,9.8,value,,,0.087,value,13.2,bestfit,5.7,-3.5,6.7,bestfit,2.4,-1.8,8.08,bestfit,0.72,-0.57,20.1,bestfit,3.8,-2.2,,,,,19.3,bestfit,4.0,-2.2,,,,,,,,,,,,,,,,,1350.0,bestfit,620.0,-570.0,0.26,bestfit,0.1,-0.1,1070.0,value,O4b,value,HLV,value,GW,value,0.99,value
GW240629_145256,1403707994.8,value,2024-06-29T14:53:33.800,value,12.7,value,,,1e-05,value,11.1,bestfit,3.0,-1.7,7.8,bestfit,1.4,-1.6,8.01,bestfit,0.61,-0.35,18.9,bestfit,1.8,-1.1,0.04,bestfit,0.11,-0.06,18.1,bestfit,1.8,-1.1,,,,,,,,,,,,,,,,,1280.0,bestfit,340.0,-500.0,0.25,bestfit,0.06,-0.09,452.0,value,O4b,value,HLV,value,GW,value,0.99,value
GW240630_101703,1403777841.4,value,2024-06-30T10:17:40.400,value,10.6,value,,,1.5e-05,value,28.6,bestfit,7.6,-4.8,21.6,bestfit,5.0,-5.3,21.4,bestfit,3.5,-2.5,50.2,bestfit,8.0,-5.8,-0.04,bestfit,0.23,-0.27,48.0,bestfit,7.5,-5.5,,,,,,,,,,,,,,,,,3200.0,bestfit,1500.0,-1400.0,0.54,bestfit,0.21,-0.2,701.0,value,O4b,value,HLV,value,GW,value,0.99,value
GW240630_115348,1403783646.7,value,2024-06-30T11:54:25.700,value,8.5,value,,,6.5,value,,,,,,,,,,,,,,,,,,,,,,,,,,,,,,,,,,,,,,,,,,,,,,,,,,,O4b,value,HLV,value,GW,value,0.67,value
GW240630_212937,1403818195.4,value,2024-06-30T21:30:14.400,value,8.2,value,,,4.9,value,,,,,,,,,,,,,,,,,,,,,,,,,,,,,,,,,,,,,,,,,,,,,,,,,,,O4b,value,HLV,value,GW,value,0.75,value
GW240701_011640,1403831818.5,value,2024-07-01T01:17:17.500,value,7.8,value,,,12.0,value,,,,,,,,,,,,,,,,,,,,,,,,,,,,,,,,,,,,,,,,,,,,,,,,,,,O4b,value,HLV,value,GW,value,0.51,value
GW240701_013826,1403833124.0,value,2024-07-01T01:39:03.000,value,10.4,value,,,2.5,value,,,,,,,,,,,,,,,,,,,,,,,,,,,,,,,,,,,,,,,,,,,,,,,,,,,O4b,value,HLV,value,GW,value,0.64,value
GW240701_203807,1403901505.2,value,2024-07-01T20:38:44.200,value,7.9,value,,,8.6,value,,,,,,,,,,,,,,,,,,,,,,,,,,,,,,,,,,,,,,,,,,,,,,,,,,,O4b,value,HLV,value,GW,value,0.55,value
GW240703_191355,1404069253.3,value,2024-07-03T19:14:32.300,value,10.1,value,,,1e-05,value,34.4,bestfit,8.5,-6.2,26.4,bestfit,5.9,-6.7,26.2,bestfit,3.8,-4.0,61.2,bestfit,8.6,-9.3,0.05,bestfit,0.21,-0.2,58.3,bestfit,8.0,-8.8,,,,,,,,,,,,,,,,,1880.0,bestfit,1540.0,-860.0,0.34,bestfit,0.23,-0.14,10100.0,value,O4b,value,LV,value,GW,value,0.99,value
GW240705_053215,1404192753.9,value,2024-07-05T05:32:52.900,value,16.8,value,,,1e-05,value,47.1,bestfit,9.7,-7.7,35.3,bestfit,8.0,-8.2,34.9,bestfit,5.7,-3.6,81.9,bestfit,12.8,-8.1,-0.03,bestfit,0.2,-0.21,78.2,bestfit,12.1,-7.7,,,,,,,,,,,,,,,,,3700.0,bestfit,1400.0,-1600.0,0.61,bestfit,0.18,-0.23,301.0,value,O4b,value,HLV,value,GW,value,0.99,value
GW240716_034900,1405136958.5,value,2024-07-16T03:49:37.500,value,12.9,value,,,1e-05,value,40.3,bestfit,8.8,-8.0,26.5,bestfit,6.7,-6.4,28.1,bestfit,3.9,-3.3,66.8,bestfit,8.8,-7.8,-0.02,bestfit,0.22,-0.25,63.9,bestfit,8.4,-7.5,,,,,,,,,,,,,,,,,1860.0,bestfit,1390.0,-930.0,0.34,bestfit,0.21,-0.16,10800.0,value,O4b,value,LV,value,GW,value,0.99,value
GW240806_043539,1406954157.1,value,2024-08-06T04:36:16.100,value,8.9,value,,,1.9,value,,,,,,,,,,,,,,,,,,,,,,,,,,,,,,,,,,,,,,,,,,,,,,,,,,,O4b,value,LV,value,GW,value,0.89,value
GW240807_214559,1407102377.2,value,2024-08-07T21:46:36.200,value,9.6,value,,,17.0,value,,,,,,,,,,,,,,,,,,,,,,,,,,,,,,,,,,,,,,,,,,,,,,,,,,,O4b,value,LV,value,GW,value,0.66,value
GW240813_034548,1407555966.3,value,2024-08-13T03:46:25.300,value,9.7,value,,,19.0,value,,,,,,,,,,,,,,,,,,,,,,,,,,,,,,,,,,,,,,,,,,,,,,,,,,,O4b,value,LV,value,GW,value,0.64,value
GW240814_145043,1407682261.9,value,2024-08-14T14:51:20.900,value,9.4,value,,,2.1,value,,,,,,,,,,,,,,,,,,,,,,,,,,,,,,,,,,,,,,,,,,,,,,,,,,,O4b,value,LV,value,GW,value,0.74,value
GW240824_205609,1408568187.3,value,2024-08-24T20:56:46.300,value,9.0,value,,,0.25,value,70.0,bestfit,32.0,-24.0,37.0,bestfit,20.0,-17.0,43.0,bestfit,17.0,-12.0,107.0,bestfit,37.0,-27.0,0.08,bestfit,0.34,-0.35,103.0,bestfit,36.0,-26.0,,,,,,,,,,,,,,,,,5300.0,bestfit,5400.0,-3000.0,0.81,bestfit,0.62,-0.41,2950.0,value,O4b,value,HLV,value,GW,value,0.96,value
GW240825_055146,1408600325.0,value,2024-08-25T05:52:24.000,value,10.3,value,,,2e-05,value,13.2,bestfit,5.8,-3.0,7.9,bestfit,2.0,-2.2,8.77,bestfit,0.77,-0.61,21.3,bestfit,3.8,-2.1,0.07,bestfit,0.19,-0.13,20.3,bestfit,3.9,-2.0,,,,,,,,,,,,,,,,,1250.0,bestfit,530.0,-550.0,0.24,bestfit,0.09,-0.1,618.0,value,O4b,value,HLV,value,GW,value,0.99,value
GW240828_102340,1408875838.5,value,2024-08-28T10:24:17.500,value,8.0,value,,,3.8,value,,,,,,,,,,,,,,,,,,,,,,,,,,,,,,,,,,,,,,,,,,,,,,,,,,,O4b,value,HLV,value,GW,value,0.62,value
GW240830_211120,1409087498.4,value,2024-08-30T21:11:57.400,value,11.1,value,,,1e-05,value,11.9,bestfit,3.6,-2.3,7.8,bestfit,1.6,-1.7,8.33,bestfit,0.66,-0.54,19.8,bestfit,2.3,-1.6,0.07,bestfit,0.13,-0.07,18.9,bestfit,2.3,-1.6,,,,,,,,,,,,,,,,,1140.0,bestfit,500.0,-490.0,0.22,bestfit,0.08,-0.09,500.0,value,O4b,value,HLV,value,GW,value,0.99,value
GW240901_195332,1409255630.2,value,2024-09-01T19:54:09.200,value,9.4,value,,,7.8,value,,,,,,,,,,,,,,,,,,,,,,,,,,,,,,,,,,,,,,,,,,,,,,,,,,,O4b,value,HLV,value,GW,value,0.62,value
GW240902_143306,1409322804.8,value,2024-09-02T14:33:43.800,value,10.6,value,,,1e-05,value,24.4,bestfit,6.8,-4.4,18.3,bestfit,4.9,-5.2,18.2,bestfit,3.6,-2.6,42.7,bestfit,8.2,-5.8,-0.03,bestfit,0.28,-0.3,40.8,bestfit,7.5,-5.5,,,,,,,,,,,,,,,,,2900.0,bestfit,1700.0,-1300.0,0.49,bestfit,0.24,-0.2,915.0,value,O4b,value,HLV,value,GW,value,0.99,value
GW240907_092521,1409736339.4,value,2024-09-07T09:25:58.400,value,8.3,value,,,4.0,value,,,,,,,,,,,,,,,,,,,,,,,,,,,,,,,,,,,,,,,,,,,,,,,,,,,O4b,value,HLV,value,GW,value,0.72,value
GW240907_121650,1409746628.3,value,2024-09-07T12:17:27.300,value,9.8,value,,,6.0,value,,,,,,,,,,,,,,,,,,,,,,,,,,,,,,,,,,,,,,,,,,,,,,,,,,,O4b,value,HLV,value,GW,value,0.52,value
GW240907_153833,1409758731.8,value,2024-09-07T15:39:10.800,value,10.5,value,,,8e-05,value,38.0,bestfit,11.3,-8.0,28.3,bestfit,8.7,-8.5,28.3,bestfit,6.5,-5.0,67.0,bestfit,14.0,-12.0,0.04,bestfit,0.26,-0.25,63.0,bestfit,14.0,-11.0,,,,,,,,,,,,,,,,,4500.0,bestfit,3100.0,-2100.0,0.71,bestfit,0.38,-0.29,1630.0,value,O4b,value,HLV,value,GW,value,0.99,value
GW240908_082628,1409819206.4,value,2024-09-08T08:27:05.400,value,11.1,value,,,1.2e-05,value,39.8,bestfit,11.8,-9.4,27.7,bestfit,8.4,-9.2,28.6,bestfit,5.6,-5.8,68.0,bestfit,12.0,-14.0,0.14,bestfit,0.24,-0.25,65.0,bestfit,11.0,-13.0,,,,,,,,,,,,,,,,,3100.0,bestfit,2600.0,-1300.0,0.53,bestfit,0.34,-0.2,163.0,value,O4b,value,HLV,value,GW,value,0.99,value
GW240908_125134,1409835112.3,value,2024-09-08T12:52:11.300,value,8.6,value,,,0.29,value,45.0,bestfit,15.0,-11.0,32.0,bestfit,11.0,-11.0,32.5,bestfit,8.6,-6.6,77.0,bestfit,19.0,-15.0,-0.09,bestfit,0.24,-0.3,74.0,bestfit,18.0,-14.0,,,,,,,,,,,,,,,,,4700.0,bestfit,3500.0,-2300.0,0.74,bestfit,0.42,-0.31,1140.0,value,O4b,value,HLV,value,GW,value,0.97,value
GW240908_174149,1409852527.2,value,2024-09-08T17:42:26.200,value,9.0,value,,,3.1,value,,,,,,,,,,,,,,,,,,,,,,,,,,,,,,,,,,,,,,,,,,,,,,,,,,,O4b,value,HLV,value,GW,value,0.67,value
GW240910_103535,1409999753.5,value,2024-09-10T10:36:12.500,value,17.8,value,,,1e-05,value,10.9,bestfit,3.1,-2.4,6.3,bestfit,1.7,-1.3,7.16,bestfit,0.39,-0.19,17.3,bestfit,1.8,-1.1,0.12,bestfit,0.12,-0.07,16.6,bestfit,1.9,-1.1,,,,,,,,,,,,,,,,,740.0,bestfit,170.0,-310.0,0.15,bestfit,0.03,-0.06,596.0,value,O4b,value,HLV,value,GW,value,0.99,value
GW240913_111216,1410261154.9,value,2024-09-13T11:12:53.900,value,7.8,value,,,6.2,value,,,,,,,,,,,,,,,,,,,,,,,,,,,,,,,,,,,,,,,,,,,,,,,,,,,O4b,value,HLV,value,GW,value,0.62,value
GW240915_001357,1410394455.7,value,2024-09-15T00:14:34.700,value,16.4,value,,,1e-05,value,10.9,bestfit,5.5,-1.7,7.7,bestfit,1.3,-2.3,7.95,bestfit,0.37,-0.21,18.8,bestfit,3.1,-0.87,0.13,bestfit,0.16,-0.05,17.88,bestfit,3.22,-0.86,,,,,,,,,,,,,,,,,920.0,bestfit,190.0,-290.0,0.18,bestfit,0.03,-0.05,,,O4b,value,HLV,value,GW,value,0.99,value
GW240915_045510,1410411328.7,value,2024-09-15T04:55:47.700,value,8.2,value,,,3.5,value,,,,,,,,,,,,,,,,,,,,,,,,,,,,,,,,,,,,,,,,,,,,,,,,,,,O4b,value,HLV,value,GW,value,0.75,value
GW240915_105151,1410432729.1,value,2024-09-15T10:52:28.100,value,13.9,value,,,1e-05,value,11.6,bestfit,7.3,-2.2,7.5,bestfit,1.7,-2.6,8.07,bestfit,0.4,-0.32,19.4,bestfit,4.4,-1.3,0.07,bestfit,0.22,-0.09,18.5,bestfit,4.6,-1.2,,,,,,,,,,,,,,,,,630.0,bestfit,260.0,-280.0,0.13,bestfit,0.05,-0.05,4930.0,value,O4b,value,HV,value,GW,value,0.99,value
GW240916_184352,1410547450.3,value,2024-09-16T18:44:29.300,value,9.8,value,,,0.028,value,10.7,bestfit,4.2,-1.7,7.8,bestfit,1.5,-2.2,7.89,bestfit,0.8,-0.62,18.7,bestfit,2.4,-1.7,0.05,bestfit,0.14,-0.09,17.8,bestfit,2.5,-1.6,,,,,,,,,,,,,,,,,1280.0,bestfit,630.0,-640.0,0.25,bestfit,0.1,-0.11,1400.0,value,O4b,value,HLV,value,GW,value,0.99,value
GW240917_130237,1410613375.7,value,2024-09-17T13:03:14.700,value,7.8,value,,,1.8,value,,,,,,,,,,,,,,,,,,,,,,,,,,,,,,,,,,,,,,,,,,,,,,,,,,,O4b,value,HLV,value,GW,value,0.85,value
GW240919_061559,1410761777.2,value,2024-09-19T06:16:36.200,value,16.9,value,,,1e-05,value,38.3,bestfit,6.6,-5.5,29.6,bestfit,5.4,-5.9,29.0,bestfit,3.2,-2.6,67.8,bestfit,7.0,-5.9,-0.02,bestfit,0.16,-0.17,64.7,bestfit,6.5,-5.6,,,,,,,,,,,,,,,,,1870.0,bestfit,820.0,-740.0,0.34,bestfit,0.12,-0.12,20.0,value,O4b,value,HLV,value,GW,value,0.99,value
GW240919_215453,1410818111.6,value,2024-09-19T21:55:30.600,value,10.1,value,,,5.1,value,,,,,,,,,,,,,,,,,,,,,,,,,,,,,,,,,,,,,,,,,,,,,,,,,,,O4b,value,HLV,value,GW,value,0.7,value
GW240920_073424,1410852882.5,value,2024-09-20T07:35:01.500,value,14.0,value,,,1e-05,value,24.7,bestfit,7.6,-5.6,13.4,bestfit,3.3,-3.2,15.6,bestfit,1.5,-1.3,38.2,bestfit,5.6,-3.9,-0.09,bestfit,0.19,-0.16,36.7,bestfit,5.6,-3.8,,,,,,,,,,,,,,,,,1440.0,bestfit,620.0,-550.0,0.27,bestfit,0.1,-0.09,544.0,value,O4b,value,HLV,value,GW,value,0.99,value
GW240920_124024,1410871242.9,value,2024-09-20T12:41:01.900,value,37.4,value,,,1e-05,value,37.1,bestfit,4.0,-2.8,31.9,bestfit,3.0,-3.9,29.8,bestfit,1.7,-1.2,68.8,bestfit,3.7,-2.6,-0.04,bestfit,0.08,-0.09,65.6,bestfit,3.5,-2.4,,,,,,,,,,,,,,,,,1090.0,bestfit,220.0,-320.0,0.21,bestfit,0.04,-0.06,166.0,value,O4b,value,HL,value,GW,value,0.99,value
GW240921_201835,1410985133.8,value,2024-09-21T20:19:12.800,value,11.3,value,,,1e-05,value,34.9,bestfit,8.9,-9.4,9.8,bestfit,3.0,-1.7,15.62,bestfit,0.76,-1.52,44.8,bestfit,7.5,-7.0,,,,,43.7,bestfit,7.6,-7.2,,,,,,,,,,,,,,,,,920.0,bestfit,760.0,-300.0,0.18,bestfit,0.13,-0.06,4580.0,value,O4b,value,HLV,value,GW,value,0.99,value
GW240922_142106,1411050084.4,value,2024-09-22T14:21:43.400,value,12.5,value,,,1e-05,value,11.5,bestfit,3.9,-2.0,7.8,bestfit,1.5,-1.8,8.12,bestfit,0.63,-0.37,19.3,bestfit,2.2,-1.2,0.07,bestfit,0.12,-0.06,18.4,bestfit,2.3,-1.2,,,,,,,,,,,,,,,,,1230.0,bestfit,340.0,-500.0,0.24,bestfit,0.06,-0.09,195.0,value,O4b,value,HLV,value,GW,value,0.99,value
GW240923_000715,1411085253.3,value,2024-09-23T00:07:52.300,value,11.0,value,,,1.6,value,,,,,,,,,,,,,,,,,,,,,,,,,,,,,,,,,,,,,,,,,,,,,,,,,,,O4b,value,HLV,value,GW,value,0.78,value
GW240923_110846,1411124944.5,value,2024-09-23T11:09:23.500,value,8.6,value,,,8.5,value,,,,,,,,,,,,,,,,,,,,,,,,,,,,,,,,,,,,,,,,,,,,,,,,,,,O4b,value,HLV,value,GW,value,0.61,value
GW240923_204006,1411159224.1,value,2024-09-23T20:40:43.100,value,13.6,value,,,1e-05,value,46.1,bestfit,10.3,-7.9,34.9,bestfit,9.9,-10.6,34.1,bestfit,7.3,-4.8,79.9,bestfit,16.2,-9.6,0.01,bestfit,0.2,-0.21,76.3,bestfit,15.1,-9.1,,,,,,,,,,,,,,,,,4000.0,bestfit,1800.0,-1900.0,0.65,bestfit,0.24,-0.27,438.0,value,O4b,value,HLV,value,GW,value,0.99,value
GW240924_000316,1411171414.5,value,2024-09-24T00:03:53.500,value,11.4,value,,,2e-05,value,46.0,bestfit,14.3,-9.9,34.0,bestfit,11.0,-10.0,34.2,bestfit,8.4,-6.3,80.0,bestfit,19.0,-14.0,0.1,bestfit,0.23,-0.24,76.0,bestfit,18.0,-14.0,,,,,,,,,,,,,,,,,3700.0,bestfit,2600.0,-1700.0,0.61,bestfit,0.34,-0.25,819.0,value,O4b,value,HLV,value,GW,value,0.99,value
GW240925_000956,1411258214.3,value,2024-09-25T00:10:33.300,value,8.5,value,,,6.5,value,,,,,,,,,,,,,,,,,,,,,,,,,,,,,,,,,,,,,,,,,,,,,,,,,,,O4b,value,HLV,value,GW,value,0.61,value
GW240925_005809,1411261108.0,value,2024-09-25T00:58:47.000,value,31.2,value,,,1e-05,value,9.02,bestfit,1.97,-0.99,6.99,bestfit,0.83,-1.27,6.85,bestfit,0.22,-0.08,16.07,bestfit,0.71,-0.44,0.02,bestfit,0.08,-0.02,15.32,bestfit,0.75,-0.44,,,,,,,,,,,,,,,,,356.0,bestfit,61.0,-162.0,0.08,bestfit,0.01,-0.03,26.0,value,O4b,value,HLV,value,GW,value,0.99,value
GW240930_035959,1411704018.0,value,2024-09-30T04:00:37.000,value,16.1,value,,,1e-05,value,25.5,bestfit,5.0,-4.8,11.2,bestfit,2.1,-1.8,14.5,bestfit,0.77,-0.98,36.8,bestfit,3.8,-3.4,-0.05,bestfit,0.14,-0.13,35.5,bestfit,3.8,-3.4,,,,,,,,,,,,,,,,,950.0,bestfit,490.0,-290.0,0.19,bestfit,0.08,-0.05,361.0,value,O4b,value,HLV,value,GW,value,0.99,value
GW240930_123408,1411734866.6,value,2024-09-30T12:34:45.600,value,8.3,value,,,2.9,value,,,,,,,,,,,,,,,,,,,,,,,,,,,,,,,,,,,,,,,,,,,,,,,,,,,O4b,value,HLV,value,GW,value,0.81,value
GW240930_234614,1411775192.9,value,2024-09-30T23:46:51.900,value,11.3,value,,,0.24,value,35.8,bestfit,14.0,-8.9,21.9,bestfit,7.2,-7.2,23.9,bestfit,4.9,-3.7,58.0,bestfit,12.3,-9.2,0.04,bestfit,0.27,-0.3,55.5,bestfit,12.0,-8.9,,,,,,,,,,,,,,,,,3600.0,bestfit,2600.0,-2000.0,0.6,bestfit,0.33,-0.3,1010.0,value,O4b,value,HLV,value,GW,value,0.98,value
GW241002_030559,1411873577.7,value,2024-10-02T03:06:36.700,value,11.9,value,,,1e-05,value,37.3,bestfit,8.4,-5.5,29.9,bestfit,5.6,-7.1,28.8,bestfit,3.9,-3.4,67.2,bestfit,8.8,-7.7,-0.1,bestfit,0.2,-0.23,64.2,bestfit,8.2,-7.2,,,,,,,,,,,,,,,,,1460.0,bestfit,950.0,-680.0,0.28,bestfit,0.15,-0.12,690.0,value,O4b,value,LV,value,GW,value,0.99,value
GW241006_015333,1412214831.5,value,2024-10-06T01:54:10.500,value,17.6,value,,,1e-05,value,24.6,bestfit,4.2,-2.8,20.3,bestfit,2.8,-3.1,19.4,bestfit,1.8,-1.3,44.9,bestfit,4.2,-3.0,0.07,bestfit,0.13,-0.13,42.7,bestfit,4.0,-2.9,,,,,,,,,,,,,,,,,1850.0,bestfit,650.0,-710.0,0.34,bestfit,0.1,-0.12,249.0,value,O4b,value,HLV,value,GW,value,0.99,value
GW241007_082943,1412325001.2,value,2024-10-07T08:30:20.200,value,9.8,value,,,0.042,value,36.6,bestfit,13.5,-7.7,26.6,bestfit,8.4,-7.9,26.7,bestfit,6.8,-4.3,63.2,bestfit,15.7,-9.8,0.11,bestfit,0.26,-0.26,60.1,bestfit,14.9,-9.3,,,,,,,,,,,,,,,,,4000.0,bestfit,2300.0,-2000.0,0.65,bestfit,0.29,-0.29,949.0,value,O4b,value,HLV,value,GW,value,0.99,value
GW241009_022835,1412476133.7,value,2024-10-09T02:29:12.700,value,8.4,value,,,0.97,value,37.1,bestfit,14.1,-8.9,26.8,bestfit,10.2,-9.5,27.1,bestfit,8.2,-5.6,64.0,bestfit,19.0,-13.0,0.09,bestfit,0.26,-0.25,61.0,bestfit,18.0,-12.0,,,,,,,,,,,,,,,,,5600.0,bestfit,3800.0,-2800.0,0.85,bestfit,0.45,-0.37,2660.0,value,O4b,value,HLV,value,GW,value,0.99,value
GW241009_084816,1412498914.8,value,2024-10-09T08:48:53.800,value,12.1,value,,,1e-05,value,12.7,bestfit,4.0,-2.5,8.1,bestfit,1.9,-1.9,8.78,bestfit,0.67,-0.65,21.0,bestfit,2.3,-1.9,-0.05,bestfit,0.14,-0.08,20.1,bestfit,2.4,-1.9,,,,,,,,,,,,,,,,,1130.0,bestfit,580.0,-480.0,0.22,bestfit,0.1,-0.09,508.0,value,O4b,value,HLV,value,GW,value,0.99,value
GW241009_220455,1412546713.5,value,2024-10-09T22:05:32.500,value,10.0,value,,,0.023,value,33.2,bestfit,8.1,-6.6,25.5,bestfit,5.9,-8.1,25.2,bestfit,4.0,-5.1,58.9,bestfit,9.3,-10.9,0.11,bestfit,0.23,-0.25,56.0,bestfit,8.7,-10.2,,,,,,,,,,,,,,,,,2900.0,bestfit,2200.0,-1300.0,0.5,bestfit,0.3,-0.2,90.0,value,O4b,value,HLV,value,GW,value,0.99,value
GW241011_233834,1412725133.0,value,2024-10-11T23:39:12.000,value,35.8,value,,,1e-05,value,19.5,bestfit,2.6,-2.0,5.96,bestfit,0.58,-0.58,9.09,bestfit,0.08,-0.08,25.5,bestfit,2.0,-1.5,0.5,bestfit,0.06,-0.04,24.4,bestfit,2.1,-1.5,,,,,,,,,,,,,,,,,212.0,bestfit,43.0,-41.0,0.05,bestfit,0.01,-0.01,72.0,value,O4b,value,HV,value,GW,value,0.99,value
GW241018_235402,1413330860.2,value,2024-10-18T23:54:39.200,value,9.6,value,,,1.8,value,,,,,,,,,,,,,,,,,,,,,,,,,,,,,,,,,,,,,,,,,,,,,,,,,,,O4b,value,HV,value,GW,value,0.98,value
GW241101_034726,1414468064.2,value,2024-11-01T03:48:03.200,value,8.2,value,,,2.1,value,,,,,,,,,,,,,,,,,,,,,,,,,,,,,,,,,,,,,,,,,,,,,,,,,,,O4b,value,HLV,value,GW,value,0.87,value
GW241101_220523,1414533941.1,value,2024-11-01T22:06:00.100,value,10.6,value,,,0.00055,value,41.0,bestfit,13.0,-12.0,19.3,bestfit,9.8,-5.7,23.6,bestfit,5.8,-3.1,60.2,bestfit,12.7,-9.2,0.15,bestfit,0.33,-0.29,57.7,bestfit,11.9,-9.0,,,,,,,,,,,,,,,,,2200.0,bestfit,1400.0,-1000.0,0.39,bestfit,0.21,-0.17,9890.0,value,O4b,value,LV,value,GW,value,0.99,value
GW241102_124058,1414586476.8,value,2024-11-02T12:41:35.800,value,21.7,value,,,1e-05,value,10.9,bestfit,3.2,-1.4,8.0,bestfit,1.2,-1.7,8.12,bestfit,0.17,-0.09,19.01,bestfit,1.45,-0.47,0.06,bestfit,0.11,-0.04,18.1,bestfit,1.54,-0.46,,,,,,,,,,,,,,,,,390.0,bestfit,59.0,-112.0,0.08,bestfit,0.01,-0.02,34.0,value,O4b,value,HLV,value,GW,value,0.99,value
GW241102_144729,1414594067.7,value,2024-11-02T14:48:06.700,value,12.7,value,,,1e-05,value,44.4,bestfit,12.3,-8.6,31.0,bestfit,9.9,-11.1,31.5,bestfit,6.5,-4.8,75.1,bestfit,13.6,-9.8,-0.09,bestfit,0.21,-0.27,72.0,bestfit,12.7,-9.4,,,,,,,,,,,,,,,,,3400.0,bestfit,2000.0,-1600.0,0.57,bestfit,0.26,-0.23,986.0,value,O4b,value,HLV,value,GW,value,0.99,value
GW241106_110932,1414926590.1,value,2024-11-06T11:10:09.100,value,9.2,value,,,3.9,value,,,,,,,,,,,,,,,,,,,,,,,,,,,,,,,,,,,,,,,,,,,,,,,,,,,O4b,value,HLV,value,GW,value,0.73,value
GW241109_005349,1415148847.3,value,2024-11-09T00:54:26.300,value,10.5,value,,,7.4,value,,,,,,,,,,,,,,,,,,,,,,,,,,,,,,,,,,,,,,,,,,,,,,,,,,,O4b,value,HLV,value,GW,value,0.56,value
GW241109_033317,1415158416.0,value,2024-11-09T03:33:55.000,value,11.3,value,,,0.0013,value,42.4,bestfit,11.3,-8.5,31.7,bestfit,9.3,-9.4,31.4,bestfit,7.0,-5.2,74.0,bestfit,16.0,-11.0,0.01,bestfit,0.22,-0.24,70.0,bestfit,15.0,-11.0,,,,,,,,,,,,,,,,,2700.0,bestfit,2000.0,-1500.0,0.46,bestfit,0.28,-0.24,7190.0,value,O4b,value,HLV,value,GW,value,0.99,value
GW241109_115924,1415188782.9,value,2024-11-09T12:00:01.900,value,11.9,value,,,0.00012,value,7.3,bestfit,2.8,-1.1,5.14,bestfit,0.9,-1.26,5.29,bestfit,0.28,-0.2,12.51,bestfit,1.51,-0.68,0.01,bestfit,0.16,-0.05,11.94,bestfit,1.58,-0.66,,,,,,,,,,,,,,,,,600.0,bestfit,230.0,-290.0,0.12,bestfit,0.04,-0.06,11400.0,value,O4b,value,HLV,value,GW,value,0.99,value
GW241110_124123,1415277701.7,value,2024-11-10T12:42:00.700,value,10.2,value,,,0.00063,value,16.4,bestfit,5.1,-4.1,8.0,bestfit,2.2,-1.6,9.84,bestfit,0.5,-0.42,24.5,bestfit,3.5,-2.2,-0.31,bestfit,0.23,-0.18,23.7,bestfit,3.6,-2.2,,,,,,,,,,,,,,,,,740.0,bestfit,260.0,-260.0,0.15,bestfit,0.05,-0.05,102.0,value,O4b,value,HLV,value,GW,value,0.99,value
GW241111_111552,1415358970.6,value,2024-11-11T11:16:29.600,value,16.3,value,,,1e-05,value,25.3,bestfit,4.4,-3.3,20.5,bestfit,3.9,-4.2,19.5,bestfit,2.7,-1.6,45.4,bestfit,5.9,-3.7,0.1,bestfit,0.15,-0.14,43.2,bestfit,5.4,-3.4,,,,,,,,,,,,,,,,,1550.0,bestfit,580.0,-740.0,0.29,bestfit,0.09,-0.13,475.0,value,O4b,value,HL,value,GW,value,0.99,value
GW241113_163507,1415550925.5,value,2024-11-13T16:35:44.500,value,12.5,value,,,1e-05,value,19.3,bestfit,5.4,-3.0,14.4,bestfit,2.7,-3.3,14.4,bestfit,1.5,-1.1,33.9,bestfit,3.9,-3.0,0.5,bestfit,0.11,-0.11,31.7,bestfit,3.7,-2.8,,,,,,,,,,,,,,,,,1360.0,bestfit,670.0,-630.0,0.26,bestfit,0.11,-0.11,13600.0,value,O4b,value,HLV,value,GW,value,0.99,value
GW241114_024711,1415587649.8,value,2024-11-14T02:47:48.800,value,11.3,value,,,1e-05,value,47.0,bestfit,9.7,-11.0,25.0,bestfit,8.2,-7.3,29.2,bestfit,4.7,-4.3,71.9,bestfit,9.9,-9.5,0.12,bestfit,0.21,-0.24,68.9,bestfit,9.4,-9.3,,,,,,,,,,,,,,,,,2600.0,bestfit,1600.0,-1000.0,0.45,bestfit,0.22,-0.16,203.0,value,O4b,value,HLV,value,GW,value,0.99,value
GW241114_235258,1415663596.1,value,2024-11-14T23:53:35.100,value,12.4,value,,,1e-05,value,11.3,bestfit,5.2,-1.9,7.7,bestfit,1.5,-2.2,8.04,bestfit,0.5,-0.37,19.1,bestfit,2.9,-1.3,0.06,bestfit,0.18,-0.08,18.2,bestfit,3.0,-1.2,,,,,,,,,,,,,,,,,790.0,bestfit,300.0,-350.0,0.16,bestfit,0.05,-0.07,11500.0,value,O4b,value,LV,value,GW,value,0.99,value
GW241116_151753,1415805491.7,value,2024-11-16T15:18:30.700,value,10.5,value,,,0.0044,value,70.0,bestfit,57.0,-28.0,24.0,bestfit,26.0,-13.0,34.0,bestfit,18.8,-9.6,99.0,bestfit,48.0,-30.0,0.28,bestfit,0.34,-0.48,95.0,bestfit,48.0,-29.0,,,,,,,,,,,,,,,,,5700.0,bestfit,5600.0,-2900.0,0.87,bestfit,0.64,-0.39,3430.0,value,O4b,value,HLV,value,GW,value,0.99,value
GW241124_024914,1416451772.3,value,2024-11-24T02:49:51.300,value,8.7,value,,,0.78,value,42.0,bestfit,32.0,-12.0,26.0,bestfit,11.0,-11.0,28.4,bestfit,8.6,-6.1,70.0,bestfit,26.0,-15.0,0.04,bestfit,0.33,-0.29,67.0,bestfit,26.0,-15.0,,,,,,,,,,,,,,,,,4500.0,bestfit,4000.0,-2300.0,0.72,bestfit,0.48,-0.31,3430.0,value,O4b,value,HLV,value,GW,value,0.94,value
GW241125_010116,1416531694.8,value,2024-11-25T01:01:53.800,value,11.0,value,,,1.1e-05,value,60.0,bestfit,14.0,-13.0,47.0,bestfit,14.0,-17.0,45.0,bestfit,10.0,-10.0,106.0,bestfit,23.0,-22.0,0.09,bestfit,0.27,-0.27,101.0,bestfit,22.0,-20.0,,,,,,,,,,,,,,,,,4700.0,bestfit,3900.0,-2200.0,0.74,bestfit,0.47,-0.3,2510.0,value,O4b,value,HLV,value,GW,value,0.99,value
GW241127_061008,1416723026.2,value,2024-11-27T06:10:45.200,value,31.3,value,,,1e-05,value,63.8,bestfit,8.7,-7.7,20.8,bestfit,6.5,-3.4,30.8,bestfit,3.6,-2.0,85.3,bestfit,6.0,-5.6,-0.16,bestfit,0.13,-0.14,83.0,bestfit,6.2,-5.4,,,,,,,,,,,,,,,,,1080.0,bestfit,220.0,-180.0,0.21,bestfit,0.04,-0.03,88.0,value,O4b,value,HLV,value,GW,value,0.99,value
GW241129_021832,1416881930.6,value,2024-11-29T02:19:09.600,value,16.7,value,,,1e-05,value,30.4,bestfit,6.8,-4.5,23.0,bestfit,4.5,-4.8,22.7,bestfit,2.8,-1.7,53.3,bestfit,6.1,-4.2,0.17,bestfit,0.16,-0.16,50.6,bestfit,5.7,-3.9,,,,,,,,,,,,,,,,,2550.0,bestfit,740.0,-910.0,0.45,bestfit,0.11,-0.14,353.0,value,O4b,value,HLV,value,GW,value,0.99,value
GW241129_140416,1416924274.7,value,2024-11-29T14:04:53.700,value,8.2,value,,,16.0,value,,,,,,,,,,,,,,,,,,,,,,,,,,,,,,,,,,,,,,,,,,,,,,,,,,,O4b,value,HL,value,GW,value,0.51,value
GW241130_034908,1416973766.6,value,2024-11-30T03:49:45.600,value,13.8,value,,,1e-05,value,29.9,bestfit,5.8,-4.1,24.3,bestfit,4.1,-4.1,23.3,bestfit,2.9,-2.2,54.2,bestfit,6.7,-5.1,0.05,bestfit,0.15,-0.15,51.6,bestfit,6.3,-4.9,,,,,,,,,,,,,,,,,1990.0,bestfit,990.0,-930.0,0.36,bestfit,0.15,-0.15,547.0,value,O4b,value,HLV,value,GW,value,0.99,value
GW241130_110422,1416999880.1,value,2024-11-30T11:04:59.100,value,10.3,value,,,0.00055,value,11.1,bestfit,5.2,-2.5,6.5,bestfit,1.8,-1.9,7.31,bestfit,0.64,-0.48,17.8,bestfit,3.4,-1.7,0.04,bestfit,0.2,-0.1,17.0,bestfit,3.5,-1.7,,,,,,,,,,,,,,,,,1320.0,bestfit,530.0,-570.0,0.25,bestfit,0.09,-0.1,1480.0,value,O4b,value,HLV,value,GW,value,0.99,value
GW241201_055758,1417067896.6,value,2024-12-01T05:58:35.600,value,9.0,value,,,0.83,value,47.0,bestfit,19.0,-12.0,33.0,bestfit,13.0,-13.0,33.5,bestfit,10.7,-7.5,80.0,bestfit,24.0,-16.0,0.13,bestfit,0.36,-0.36,76.0,bestfit,23.0,-15.0,,,,,,,,,,,,,,,,,7100.0,bestfit,4700.0,-3800.0,1.03,bestfit,0.53,-0.48,4100.0,value,O4b,value,HLV,value,GW,value,0.92,value
GW241201_142737,1417098475.1,value,2024-12-01T14:28:14.100,value,7.5,value,,,7.6,value,,,,,,,,,,,,,,,,,,,,,,,,,,,,,,,,,,,,,,,,,,,,,,,,,,,O4b,value,HLV,value,GW,value,0.66,value
GW241210_023335,1417833233.2,value,2024-12-10T02:34:12.200,value,7.8,value,,,1.9,value,,,,,,,,,,,,,,,,,,,,,,,,,,,,,,,,,,,,,,,,,,,,,,,,,,,O4b,value,HLV,value,GW,value,0.87,value
GW241210_060606,1417845984.8,value,2024-12-10T06:06:43.800,value,13.4,value,,,1e-05,value,29.0,bestfit,8.2,-5.2,21.4,bestfit,5.5,-5.5,21.3,bestfit,4.1,-2.4,50.2,bestfit,9.4,-5.7,0.04,bestfit,0.22,-0.19,47.9,bestfit,8.8,-5.5,,,,,,,,,,,,,,,,,2600.0,bestfit,1200.0,-1200.0,0.45,bestfit,0.17,-0.19,886.0,value,O4b,value,HLV,value,GW,value,0.99,value
GW241210_120900,1417867758.6,value,2024-12-10T12:09:37.600,value,9.0,value,,,0.28,value,40.0,bestfit,15.0,-11.0,23.6,bestfit,9.2,-8.0,26.3,bestfit,6.4,-4.9,64.0,bestfit,15.0,-12.0,-0.07,bestfit,0.24,-0.3,62.0,bestfit,14.0,-12.0,,,,,,,,,,,,,,,,,3600.0,bestfit,3000.0,-1800.0,0.59,bestfit,0.38,-0.26,3510.0,value,O4b,value,HL,value,GW,value,0.97,value
GW241219_222607,1418682385.3,value,2024-12-19T22:26:44.300,value,8.7,value,,,7.9,value,,,,,,,,,,,,,,,,,,,,,,,,,,,,,,,,,,,,,,,,,,,,,,,,,,,O4b,value,HL,value,GW,value,0.56,value
GW241220_062146,1418710924.5,value,2024-12-20T06:22:23.500,value,7.9,value,,,9.4,value,,,,,,,,,,,,,,,,,,,,,,,,,,,,,,,,,,,,,,,,,,,,,,,,,,,O4b,value,HL,value,GW,value,0.57,value
GW241225_042553,1419135971.2,value,2024-12-25T04:26:30.200,value,16.5,value,,,1e-05,value,12.4,bestfit,3.0,-2.3,8.1,bestfit,1.5,-1.5,8.65,bestfit,0.42,-0.26,20.6,bestfit,1.7,-1.1,0.12,bestfit,0.09,-0.05,19.6,bestfit,1.8,-1.1,,,,,,,,,,,,,,,,,660.0,bestfit,190.0,-270.0,0.14,bestfit,0.04,-0.05,3840.0,value,O4b,value,LV,value,GW,value,0.99,value
GW241225_082815,1419150513.7,value,2024-12-25T08:28:52.700,value,19.5,value,,,1e-05,value,55.7,bestfit,11.0,-8.5,42.2,bestfit,8.4,-9.4,41.8,bestfit,6.1,-5.2,98.0,bestfit,14.0,-11.0,-0.17,bestfit,0.21,-0.22,94.0,bestfit,13.0,-11.0,,,,,,,,,,,,,,,,,1880.0,bestfit,1080.0,-880.0,0.34,bestfit,0.16,-0.15,974.0,value,O4b,value,HLV,value,GW,value,0.99,value
GW241229_155844,1419523142.7,value,2024-12-29T15:59:21.700,value,8.7,value,,,0.083,value,52.0,bestfit,22.0,-15.0,33.0,bestfit,16.0,-15.0,35.0,bestfit,12.3,-8.5,85.0,bestfit,27.0,-19.0,0.05,bestfit,0.31,-0.32,82.0,bestfit,26.0,-18.0,,,,,,,,,,,,,,,,,6800.0,bestfit,5200.0,-3400.0,1.0,bestfit,0.59,-0.44,3650.0,value,O4b,value,HLV,value,GW,value,0.99,value
GW241230_084504,1419583522.5,value,2024-12-30T08:45:41.500,value,11.1,value,,,1e-05,value,42.4,bestfit,9.5,-6.7,33.5,bestfit,7.7,-8.3,32.4,bestfit,5.7,-4.0,75.6,bestfit,12.9,-8.9,-0.14,bestfit,0.21,-0.23,72.4,bestfit,12.1,-8.4,,,,,,,,,,,,,,,,,2900.0,bestfit,1400.0,-1300.0,0.5,bestfit,0.19,-0.2,12800.0,value,O4b,value,HLV,value,GW,value,0.99,value
GW241230_233618,1419636996.1,value,2024-12-30T23:36:55.100,value,12.2,value,,,0.48,value,68.0,bestfit,17.0,-14.0,49.0,bestfit,16.0,-19.0,49.3,bestfit,10.8,-9.7,116.0,bestfit,23.0,-18.0,-0.14,bestfit,0.25,-0.29,112.0,bestfit,22.0,-18.0,,,,,,,,,,,,,,,,,2700.0,bestfit,2100.0,-1300.0,0.47,bestfit,0.29,-0.2,515.0,value,O4b,value,HLV,value,GW,value,0.95,value
GW241231_054133,1419658911.6,value,2024-12-31T05:42:10.600,value,17.4,value,,,1e-05,value,12.4,bestfit,3.3,-2.8,7.1,bestfit,2.0,-1.3,8.08,bestfit,0.43,-0.22,19.6,bestfit,2.0,-1.2,0.08,bestfit,0.12,-0.08,18.7,bestfit,2.1,-1.3,,,,,,,,,,,,,,,,,910.0,bestfit,190.0,-330.0,0.18,bestfit,0.03,-0.06,142.0,value,O4b,value,HLV,value,GW,value,0.99,value
GW250101_011205,1419729143.0,value,2025-01-01T01:12:42.000,value,9.8,value,,,0.02,value,30.0,bestfit,8.8,-5.8,21.1,bestfit,5.9,-7.2,21.5,bestfit,4.1,-3.3,50.8,bestfit,9.3,-6.6,-0.05,bestfit,0.24,-0.31,48.7,bestfit,8.8,-6.2,,,,,,,,,,,,,,,,,3200.0,bestfit,1700.0,-1500.0,0.54,bestfit,0.23,-0.23,532.0,value,O4b,value,HLV,value,GW,value,0.99,value
GW250104_015122,1419990700.3,value,2025-01-04T01:51:59.300,value,12.1,value,,,1e-05,value,45.8,bestfit,11.0,-8.8,34.5,bestfit,10.7,-9.9,33.9,bestfit,8.1,-5.2,80.0,bestfit,18.0,-11.0,0.11,bestfit,0.22,-0.23,76.0,bestfit,17.0,-11.0,,,,,,,,,,,,,,,,,4800.0,bestfit,2500.0,-2300.0,0.76,bestfit,0.31,-0.32,1790.0,value,O4b,value,HLV,value,GW,value,0.99,value
GW250105_134047,1420119665.7,value,2025-01-05T13:41:24.700,value,8.7,value,,,10.0,value,,,,,,,,,,,,,,,,,,,,,,,,,,,,,,,,,,,,,,,,,,,,,,,,,,,O4b,value,HLV,value,GW,value,0.51,value
GW250108_152221,1420384959.7,value,2025-01-08T15:22:58.700,value,11.8,value,,,0.00015,value,54.0,bestfit,15.0,-12.0,36.0,bestfit,10.0,-10.0,37.6,bestfit,7.7,-5.5,90.0,bestfit,17.0,-13.0,0.05,bestfit,0.28,-0.28,86.0,bestfit,17.0,-12.0,,,,,,,,,,,,,,,,,3800.0,bestfit,2400.0,-1900.0,0.63,bestfit,0.3,-0.28,747.0,value,O4b,value,HLV,value,GW,value,0.99,value
GW250109_010541,1420419959.5,value,2025-01-09T01:06:18.500,value,13.1,value,,,1e-05,value,37.5,bestfit,14.7,-7.1,27.4,bestfit,8.0,-8.9,27.4,bestfit,6.4,-3.9,64.9,bestfit,14.7,-8.6,-0.11,bestfit,0.27,-0.29,62.2,bestfit,14.0,-8.2,,,,,,,,,,,,,,,,,3400.0,bestfit,1700.0,-1700.0,0.56,bestfit,0.22,-0.25,568.0,value,O4b,value,HLV,value,GW,value,0.99,value
GW250109_074552,1420443970.4,value,2025-01-09T07:46:29.400,value,10.7,value,,,0.42,value,39.0,bestfit,8.3,-6.3,30.2,bestfit,6.8,-7.2,29.6,bestfit,4.7,-3.8,69.2,bestfit,10.5,-8.6,0.07,bestfit,0.2,-0.2,65.9,bestfit,9.8,-8.1,,,,,,,,,,,,,,,,,2300.0,bestfit,1400.0,-1100.0,0.41,bestfit,0.2,-0.18,7460.0,value,O4b,value,HV,value,GW,value,0.95,value
GW250109_083206,1420446744.3,value,2025-01-09T08:32:43.300,value,10.5,value,,,1.4,value,,,,,,,,,,,,,,,,,,,,,,,,,,,,,,,,,,,,,,,,,,,,,,,,,,,O4b,value,HV,value,GW,value,0.99,value
GW250114_082203,1420878141.2,value,2025-01-14T08:22:40.200,value,78.6,value,,,1e-05,value,33.76,bestfit,1.28,-0.9,32.26,bestfit,0.95,-1.47,28.71,bestfit,0.5,-0.51,66.0,bestfit,1.1,-1.2,-0.03,bestfit,0.04,-0.05,62.9,bestfit,1.0,-1.1,,,,,,,,,,,,,,,,,405.0,bestfit,84.0,-73.0,0.09,bestfit,0.02,-0.01,145.0,value,O4b,value,HL,value,GW,value,0.99,value
GW250116_015318,1421027616.4,value,2025-01-16T01:53:55.400,value,8.0,value,,,0.12,value,34.2,bestfit,14.5,-9.3,21.3,bestfit,8.8,-8.3,23.0,bestfit,6.9,-5.0,56.0,bestfit,16.0,-11.0,0.15,bestfit,0.31,-0.33,53.0,bestfit,15.0,-11.0,,,,,,,,,,,,,,,,,5200.0,bestfit,3900.0,-2500.0,0.8,bestfit,0.47,-0.33,2790.0,value,O4b,value,HLV,value,GW,value,0.99,value
GW250116_051426,1421039685.0,value,2025-01-16T05:15:04.000,value,7.9,value,,,4.8,value,,,,,,,,,,,,,,,,,,,,,,,,,,,,,,,,,,,,,,,,,,,,,,,,,,,O4b,value,HL,value,GW,value,0.63,value
GW250118_023225,1421202763.9,value,2025-01-18T02:33:02.900,value,9.0,value,,,0.0035,value,44.0,bestfit,15.0,-10.0,31.0,bestfit,11.0,-11.0,31.1,bestfit,8.9,-6.0,74.0,bestfit,20.0,-13.0,0.04,bestfit,0.28,-0.31,71.0,bestfit,19.0,-13.0,,,,,,,,,,,,,,,,,5800.0,bestfit,3800.0,-2900.0,0.88,bestfit,0.45,-0.39,2360.0,value,O4b,value,HLV,value,GW,value,0.99,value
GW250118_055802,1421215100.5,value,2025-01-18T05:58:39.500,value,10.5,value,,,0.0089,value,10.3,bestfit,7.5,-1.8,6.9,bestfit,1.5,-2.6,7.36,bestfit,0.45,-0.63,17.5,bestfit,4.7,-1.6,0.11,bestfit,0.24,-0.09,16.6,bestfit,4.9,-1.5,,,,,,,,,,,,,,,,,940.0,bestfit,630.0,-380.0,0.19,bestfit,0.11,-0.07,1180.0,value,O4b,value,HLV,value,GW,value,0.99,value
GW250118_170523,1421255141.2,value,2025-01-18T17:06:00.200,value,13.9,value,,,1e-05,value,38.1,bestfit,8.1,-5.6,29.6,bestfit,5.4,-6.3,29.0,bestfit,3.5,-2.9,67.8,bestfit,7.9,-6.7,0.12,bestfit,0.18,-0.19,64.4,bestfit,7.3,-6.2,,,,,,,,,,,,,,,,,1910.0,bestfit,800.0,-740.0,0.35,bestfit,0.12,-0.12,816.0,value,O4b,value,HLV,value,GW,value,0.99,value
GW250119_025138,1421290316.8,value,2025-01-19T02:52:15.800,value,14.5,value,,,1e-05,value,33.8,bestfit,6.3,-4.8,26.7,bestfit,5.6,-6.3,25.7,bestfit,4.0,-2.5,59.9,bestfit,8.8,-5.4,0.06,bestfit,0.18,-0.18,57.1,bestfit,8.2,-5.0,,,,,,,,,,,,,,,,,3100.0,bestfit,1100.0,-1300.0,0.52,bestfit,0.15,-0.19,599.0,value,O4b,value,HLV,value,GW,value,0.99,value
GW250119_190238,1421348576.3,value,2025-01-19T19:03:15.300,value,21.3,value,,,1e-05,value,11.54,bestfit,1.95,-0.81,9.95,bestfit,0.77,-1.56,9.38,bestfit,0.14,-0.48,21.64,bestfit,0.55,-1.03,0.09,bestfit,0.05,-0.03,20.56,bestfit,0.57,-0.97,,,,,,,,,,,,,,,,,311.0,bestfit,289.0,-68.0,0.07,bestfit,0.06,-0.01,14.0,value,O4b,value,HLV,value,GW,value,0.99,value
GW250120_042414,1421382272.1,value,2025-01-20T04:24:51.100,value,8.7,value,,,1.6,value,,,,,,,,,,,,,,,,,,,,,,,,,,,,,,,,,,,,,,,,,,,,,,,,,,,O4b,value,HLV,value,GW,value,0.89,value
S230520ae,1368658140.567,value,2023-05-20T22:49:19.567,value,,,,,0.0966,value,,,,,,,,,,,,,,,,,,,,,,,,,,,,,,,,,,,,,,,,,2010.0,bestfit,660.0,-660.0,,,,,1700.0,value,O4a,value,HL,value,Candidate,value,,
S230522a,1368783503.135,value,2023-05-22T09:38:42.135,value,,,,,0.327,value,,,,,,,,,,,,,,,,,,,,,,,,,,,,,,,,,,,,,,,,,3100.0,bestfit,1030.0,-1030.0,,,,,24200.0,value,O4a,value,L,value,Candidate,value,,
S230522n,1368804651.391,value,2023-05-22T15:31:10.391,value,,,,,0.204,value,,,,,,,,,,,,,,,,,,,,,,,,,,,,,,,,,,,,,,,,,2930.0,bestfit,1080.0,-1080.0,,,,,24200.0,value,O4a,value,L,value,Candidate,value,,
S230802aq,1375011257.961,value,2023-08-02T11:34:36.961,value,,,,,0.703,value,,,,,,,,,,,,,,,,,,,,,,,,,,,,,,,,,,,,,,,,,576.0,bestfit,246.0,-246.0,,,,,25900.0,value,O4a,value,H,value,Candidate,value,,
S231020bw,1381860327.78,value,2023-10-20T18:05:46.780,value,,,,,0.0109,value,,,,,,,,,,,,,,,,,,,,,,,,,,,,,,,,,,,,,,,,,2620.0,bestfit,690.0,-690.0,,,,,386.0,value,O4a,value,HL,value,Candidate,value,,
S240422ed,1397856931.417,value,2024-04-22T21:35:50.417,value,,,,,9.77e-06,value,,,,,,,,,,,,,,,,,,,,,,,,,,,,,,,,,,,,,,,,,188.0,bestfit,43.0,-43.0,,,,,259.0,value,O4b,value,HLV,value,Candidate,value,,
S240426dl,1398179901.773,value,2024-04-26T15:18:40.773,value,,,,,1.63,value,,,,,,,,,,,,,,,,,,,,,,,,,,,,,,,,,,,,,,,,,5890.0,bestfit,2240.0,-2240.0,,,,,3470.0,value,O4b,value,HL,value,Candidate,value,,
S240514c,1399709019.048,value,2024-05-14T08:03:58.048,value,,,,,0.304,value,,,,,,,,,,,,,,,,,,,,,,,,,,,,,,,,,,,,,,,,,4180.0,bestfit,1830.0,-1830.0,,,,,30800.0,value,O4b,value,L,value,Candidate,value,,
S240813d,1407559171.349,value,2024-08-13T04:39:50.349,value,,,,,5.7e-11,value,,,,,,,,,,,,,,,,,,,,,,,,,,,,,,,,,,,,,,,,,2080.0,bestfit,480.0,-480.0,,,,,1110.0,value,O4b,value,LV,value,Candidate,value,,
S241122a,1416333078.882,value,2024-11-22T17:51:37.882,value,,,,,2.02,value,,,,,,,,,,,,,,,,,,,,,,,,,,,,,,,,,,,,,,,,,2270.0,bestfit,950.0,-950.0,,,,,28600.0,value,O4b,value,L,value,Candidate,value,,
S250202cu,1422557360.51,value,2025-02-02T18:49:39.510,value,,,,,0.461,value,,,,,,,,,,,,,,,,,,,,,,,,,,,,,,,,,,,,,,,,,5200.0,bestfit,2270.0,-2270.0,,,,,4770.0,value,O4b,value,HL,value,Candidate,value,,
S250204ax,1422683597.004,value,2025-02-04T05:53:36.004,value,,,,,0.01,value,,,,,,,,,,,,,,,,,,,,,,,,,,,,,,,,,,,,,,,,,2060.0,bestfit,690.0,-690.0,,,,,318.0,value,O4b,value,HLV,value,Candidate,value,,
S250205bk,1422786959.575,value,2025-02-05T10:36:18.575,value,,,,,0.03,value,,,,,,,,,,,,,,,,,,,,,,,,,,,,,,,,,,,,,,,,,748.0,bestfit,160.0,-160.0,,,,,94.0,value,O4b,value,HLV,value,Candidate,value,,
S250205ee,1422827553.879,value,2025-02-05T21:52:52.879,value,,,,,0.0579,value,,,,,,,,,,,,,,,,,,,,,,,,,,,,,,,,,,,,,,,,,2490.0,bestfit,890.0,-890.0,,,,,1570.0,value,O4b,value,HL,value,Candidate,value,,
S250206dm,1422912348.439,value,2025-02-06T21:26:07.439,value,,,,,0.04,value,,,,,,,,,,,,,,,,,,,,,,,,,,,,,,,,,,,,,,,,,373.0,bestfit,104.0,-104.0,,,,,547.0,value,O4b,value,HL,value,Candidate,value,,
S250207bg,1422964623.258,value,2025-02-07T11:57:22.258,value,,,,,1.55e-28,value,,,,,,,,,,,,,,,,,,,,,,,,,,,,,,,,,,,,,,,,,180.0,bestfit,38.0,-38.0,,,,,19.0,value,O4b,value,LV,value,Candidate,value,,
S250208ad,1423021884.789,value,2025-02-08T03:51:43.789,value,,,,,0.0118,value,,,,,,,,,,,,,,,,,,,,,,,,,,,,,,,,,,,,,,,,,4870.0,bestfit,1420.0,-1420.0,,,,,1130.0,value,O4b,value,HLV,value,Candidate,value,,
S250211aa,1423275964.623,value,2025-02-11T02:26:23.623,value,,,,,1.48e-10,value,,,,,,,,,,,,,,,,,,,,,,,,,,,,,,,,,,,,,,,,,1120.0,bestfit,260.0,-260.0,,,,,356.0,value,O4b,value,HLV,value,Candidate,value,,
S250211be,1423283761.152,value,2025-02-11T04:36:20.152,value,,,,,0.562,value,,,,,,,,,,,,,,,,,,,,,,,,,,,,,,,,,,,,,,,,,3340.0,bestfit,1190.0,-1190.0,,,,,91.0,value,O4b,value,HLV,value,Candidate,value,,
S250226dl,1424645336.699,value,2025-02-26T22:49:15.699,value,,,,,3.69e-05,value,,,,,,,,,,,,,,,,,,,,,,,,,,,,,,,,,,,,,,,,,3360.0,bestfit,1040.0,-1040.0,,,,,1220.0,value,O4b,value,HL,value,Candidate,value,,
S250227e,1424650383.474,value,2025-02-27T00:13:22.474,value,,,,,8.19e-05,value,,,,,,,,,,,,,,,,,,,,,,,,,,,,,,,,,,,,,,,,,2000.0,bestfit,530.0,-530.0,,,,,210.0,value,O4b,value,HLV,value,Candidate,value,,
S250304cb,1425104583.568,value,2025-03-04T06:23:22.568,value,,,,,1.77,value,,,,,,,,,,,,,,,,,,,,,,,,,,,,,,,,,,,,,,,,,1770.0,bestfit,540.0,-540.0,,,,,1570.0,value,O4b,value,HLV,value,Candidate,value,,
S250319bu,1426400754.479,value,2025-03-19T06:26:13.479,value,,,,,0.0148,value,,,,,,,,,,,,,,,,,,,,,,,,,,,,,,,,,,,,,,,,,4710.0,bestfit,1550.0,-1550.0,,,,,989.0,value,O4b,value,HLV,value,Candidate,value,,
S250326y,1426989264.153,value,2025-03-26T01:54:43.153,value,,,,,0.000112,value,,,,,,,,,,,,,,,,,,,,,,,,,,,,,,,,,,,,,,,,,5410.0,bestfit,1720.0,-1720.0,,,,,1460.0,value,O4b,value,HLV,value,Candidate,value,,
S250328ae,1427175645.419,value,2025-03-28T05:41:04.419,value,,,,,0.01,value,,,,,,,,,,,,,,,,,,,,,,,,,,,,,,,,,,,,,,,,,511.0,bestfit,82.0,-82.0,,,,,14.0,value,O4,value,HLV,value,Candidate,value,,
S250331o,1427420106.438,value,2025-03-31T01:35:25.438,value,,,,,0.01,value,,,,,,,,,,,,,,,,,,,,,,,,,,,,,,,,,,,,,,,,,657.0,bestfit,91.0,-91.0,,,,,18.0,value,O4,value,HLV,value,Candidate,value,,
S250628am,1435170217.785,value,2025-06-28T18:23:56.785,value,,,,,5.31e-07,value,,,,,,,,,,,,,,,,,,,,,,,,,,,,,,,,,,,,,,,,,902.0,bestfit,223.0,-223.0,,,,,287.0,value,O4c,value,HLV,value,Candidate,value,,
S250629ae,1435211454.925,value,2025-06-29T05:51:13.925,value,,,,,1.02,value,,,,,,,,,,,,,,,,,,,,,,,,,,,,,,,,,,,,,,,,,7080.0,bestfit,2120.0,-2120.0,,,,,2830.0,value,O4c,value,HLV,value,Candidate,value,,
S250629bs,1435234402.377,value,2025-06-29T12:13:41.377,value,,,,,1.37,value,,,,,,,,,,,,,,,,,,,,,,,,,,,,,,,,,,,,,,,,,4850.0,bestfit,1750.0,-1750.0,,,,,3000.0,value,O4c,value,HL,value,Candidate,value,,
S250701bp,1435437298.856,value,2025-07-01T20:35:17.856,value,,,,,9.89e-10,value,,,,,,,,,,,,,,,,,,,,,,,,,,,,,,,,,,,,,,,,,939.0,bestfit,300.0,-300.0,,,,,26500.0,value,O4c,value,L,value,Candidate,value,,
S250701bq,1435447084.927,value,2025-07-01T23:18:23.927,value,,,,,1.34e-09,value,,,,,,,,,,,,,,,,,,,,,,,,,,,,,,,,,,,,,,,,,480.0,bestfit,118.0,-118.0,,,,,25000.0,value,O4c,value,L,value,Candidate,value,,
S250702n,1435498338.382,value,2025-07-02T13:32:37.382,value,,,,,0.551,value,,,,,,,,,,,,,,,,,,,,,,,,,,,,,,,,,,,,,,,,,2180.0,bestfit,910.0,-910.0,,,,,1760.0,value,O4c,value,HL,value,Candidate,value,,
S250704ab,1435638666.04,value,2025-07-04T04:31:25.040,value,,,,,0.01,value,,,,,,,,,,,,,,,,,,,,,,,,,,,,,,,,,,,,,,,,,531.0,bestfit,101.0,-101.0,,,,,44.0,value,O4c,value,HLV,value,Candidate,value,,
S250705cb,1435768214.842,value,2025-07-05T16:30:33.842,value,,,,,0.03,value,,,,,,,,,,,,,,,,,,,,,,,,,,,,,,,,,,,,,,,,,1140.0,bestfit,300.0,-300.0,,,,,333.0,value,O4c,value,HLV,value,Candidate,value,,
S250711q,1436239663.108,value,2025-07-11T03:28:02.108,value,,,,,0.0497,value,,,,,,,,,,,,,,,,,,,,,,,,,,,,,,,,,,,,,,,,,4760.0,bestfit,2020.0,-2020.0,,,,,2020.0,value,O4c,value,HLV,value,Candidate,value,,
S250712cd,1436365550.329,value,2025-07-12T14:26:09.329,value,,,,,0.000848,value,,,,,,,,,,,,,,,,,,,,,,,,,,,,,,,,,,,,,,,,,2440.0,bestfit,870.0,-870.0,,,,,155.0,value,O4c,value,HLV,value,Candidate,value,,
S250725j,1437451802.252,value,2025-07-25T04:10:21.252,value,,,,,0.00134,value,,,,,,,,,,,,,,,,,,,,,,,,,,,,,,,,,,,,,,,,,380.0,bestfit,93.0,-93.0,,,,,19.0,value,O4c,value,HLV,value,Candidate,value,,
S250725l,1437452468.94,value,2025-07-25T04:21:27.940,value,,,,,0.94,value,,,,,,,,,,,,,,,,,,,,,,,,,,,,,,,,,,,,,,,,,2570.0,bestfit,770.0,-770.0,,,,,1530.0,value,O4c,value,HLV,value,Candidate,value,,
S250726ak,1437553713.37,value,2025-07-26T08:28:52.370,value,,,,,0.000148,value,,,,,,,,,,,,,,,,,,,,,,,,,,,,,,,,,,,,,,,,,3330.0,bestfit,1450.0,-1450.0,,,,,361.0,value,O4c,value,HLV,value,Candidate,value,,
S250727cl,1437674627.655,value,2025-07-27T18:04:06.655,value,,,,,1.26e-12,value,,,,,,,,,,,,,,,,,,,,,,,,,,,,,,,,,,,,,,,,,2150.0,bestfit,520.0,-520.0,,,,,205.0,value,O4c,value,HLV,value,Candidate,value,,
S250727dc,1437681726.457,value,2025-07-27T20:02:25.457,value,,,,,3.53e-11,value,,,,,,,,,,,,,,,,,,,,,,,,,,,,,,,,,,,,,,,,,1390.0,bestfit,320.0,-320.0,,,,,15.0,value,O4c,value,HLV,value,Candidate,value,,
S250802dn,1438201530.022,value,2025-08-02T20:25:49.022,value,,,,,1.73,value,,,,,,,,,,,,,,,,,,,,,,,,,,,,,,,,,,,,,,,,,3070.0,bestfit,1220.0,-1220.0,,,,,3210.0,value,O4c,value,HL,value,Candidate,value,,
S250810ck,1438871055.336,value,2025-08-10T14:24:34.336,value,,,,,1.7e-12,value,,,,,,,,,,,,,,,,,,,,,,,,,,,,,,,,,,,,,,,,,621.0,bestfit,129.0,-129.0,,,,,180.0,value,O4c,value,HV,value,Candidate,value,,
S250813k,1439086338.444,value,2025-08-13T02:12:37.444,value,,,,,0.00398,value,,,,,,,,,,,,,,,,,,,,,,,,,,,,,,,,,,,,,,,,,708.0,bestfit,159.0,-159.0,,,,,12.0,value,O4c,value,HLV,value,Candidate,value,,
S250818k,1439515224.03,value,2025-08-18T01:20:43.030,value,,,,,2.15,value,,,,,,,,,,,,,,,,,,,,,,,,,,,,,,,,,,,,,,,,,237.0,bestfit,62.0,-62.0,,,,,949.0,value,O4c,value,HLV,value,Candidate,value,,
S250818t,1439518156.392,value,2025-08-18T02:09:35.392,value,,,,,0.000542,value,,,,,,,,,,,,,,,,,,,,,,,,,,,,,,,,,,,,,,,,,1210.0,bestfit,290.0,-290.0,,,,,319.0,value,O4c,value,HLV,value,Candidate,value,,
S250827fo,1440370198.311,value,2025-08-27T22:50:17.311,value,,,,,0.000712,value,,,,,,,,,,,,,,,,,,,,,,,,,,,,,,,,,,,,,,,,,1000.0,bestfit,260.0,-260.0,,,,,967.0,value,O4c,value,HLV,value,Candidate,value,,
S250827l,1440293295.538,value,2025-08-27T01:28:34.538,value,,,,,0.01,value,,,,,,,,,,,,,,,,,,,,,,,,,,,,,,,,,,,,,,,,,2460.0,bestfit,700.0,-700.0,,,,,615.0,value,O4c,value,HLV,value,Candidate,value,,
S250830bp,1440584676.852,value,2025-08-30T10:24:55.852,value,,,,,0.01,value,,,,,,,,,,,,,,,,,,,,,,,,,,,,,,,,,,,,,,,,,427.0,bestfit,69.0,-69.0,,,,,4.0,value,O4c,value,HLV,value,Candidate,value,,
S250830m,1440559647.028,value,2025-08-30T03:27:46.028,value,,,,,0.375,value,,,,,,,,,,,,,,,,,,,,,,,,,,,,,,,,,,,,,,,,,3730.0,bestfit,1470.0,-1470.0,,,,,3190.0,value,O4c,value,HL,value,Candidate,value,,
S250901cb,1440788399.965,value,2025-09-01T19:00:18.965,value,,,,,1.01e-06,value,,,,,,,,,,,,,,,,,,,,,,,,,,,,,,,,,,,,,,,,,2020.0,bestfit,480.0,-480.0,,,,,581.0,value,O4c,value,HLV,value,Candidate,value,,
S250904ae,1440992005.667,value,2025-09-04T03:33:44.667,value,,,,,0.01,value,,,,,,,,,,,,,,,,,,,,,,,,,,,,,,,,,,,,,,,,,3540.0,bestfit,910.0,-910.0,,,,,931.0,value,O4c,value,HLV,value,Candidate,value,,
S250904br,1441016546.022,value,2025-09-04T10:22:45.022,value,,,,,0.01,value,,,,,,,,,,,,,,,,,,,,,,,,,,,,,,,,,,,,,,,,,2550.0,bestfit,580.0,-580.0,,,,,221.0,value,O4c,value,HLV,value,Candidate,value,,
S250904cv,1441029010.532,value,2025-09-04T13:50:29.532,value,,,,,0.01,value,,,,,,,,,,,,,,,,,,,,,,,,,,,,,,,,,,,,,,,,,1810.0,bestfit,600.0,-600.0,,,,,980.0,value,O4c,value,HL,value,Candidate,value,,
S250906ca,1441196657.099,value,2025-09-06T12:24:36.099,value,,,,,3.46e-06,value,,,,,,,,,,,,,,,,,,,,,,,,,,,,,,,,,,,,,,,,,1120.0,bestfit,270.0,-270.0,,,,,516.0,value,O4c,value,HLV,value,Candidate,value,,
S250908y,1441377286.958,value,2025-09-08T14:35:05.958,value,,,,,0.00363,value,,,,,,,,,,,,,,,,,,,,,,,,,,,,,,,,,,,,,,,,,1150.0,bestfit,330.0,-330.0,,,,,9930.0,value,O4c,value,HV,value,Candidate,value,,
S250911ac,1441612017.272,value,2025-09-11T07:47:16.272,value,,,,,0.19,value,,,,,,,,,,,,,,,,,,,,,,,,,,,,,,,,,,,,,,,,,1120.0,bestfit,290.0,-290.0,,,,,952.0,value,O4c,value,HL,value,Candidate,value,,
S250912f,1441694426.84,value,2025-09-12T06:40:45.840,value,,,,,9.07e-06,value,,,,,,,,,,,,,,,,,,,,,,,,,,,,,,,,,,,,,,,,,2740.0,bestfit,720.0,-720.0,,,,,298.0,value,O4c,value,LV,value,Candidate,value,,
S250917aq,1442150532.401,value,2025-09-17T13:22:31.401,value,,,,,3.48e-06,value,,,,,,,,,,,,,,,,,,,,,,,,,,,,,,,,,,,,,,,,,696.0,bestfit,162.0,-162.0,,,,,5220.0,value,O4c,value,HV,value,Candidate,value,,
S250927ck,1443021906.939,value,2025-09-27T15:25:25.939,value,,,,,0.991,value,,,,,,,,,,,,,,,,,,,,,,,,,,,,,,,,,,,,,,,,,3570.0,bestfit,910.0,-910.0,,,,,67.0,value,O4c,value,HLV,value,Candidate,value,,
S250927cy,1443029459.678,value,2025-09-27T17:31:18.678,value,,,,,1.68,value,,,,,,,,,,,,,,,,,,,,,,,,,,,,,,,,,,,,,,,,,4090.0,bestfit,1480.0,-1480.0,,,,,944.0,value,O4c,value,HLV,value,Candidate,value,,
S250929c,1443140870.375,value,2025-09-29T00:28:09.375,value,,,,,0.798,value,,,,,,,,,,,,,,,,,,,,,,,,,,,,,,,,,,,,,,,,,3800.0,bestfit,1510.0,-1510.0,,,,,1830.0,value,O4c,value,HLV,value,Candidate,value,,
S251006dd,1443829055.979,value,2025-10-06T23:37:54.979,value,,,,,1.71e-08,value,,,,,,,,,,,,,,,,,,,,,,,,,,,,,,,,,,,,,,,,,706.0,bestfit,151.0,-151.0,,,,,109.0,value,O4c,value,HLV,value,Candidate,value,,
S251013x,1444358672.281,value,2025-10-13T02:44:51.281,value,,,,,0.468,value,,,,,,,,,,,,,,,,,,,,,,,,,,,,,,,,,,,,,,,,,3770.0,bestfit,1200.0,-1200.0,,,,,1360.0,value,O4c,value,HLV,value,Candidate,value,,
S251014cn,1444476821.373,value,2025-10-14T11:34:00.373,value,,,,,0.01,value,,,,,,,,,,,,,,,,,,,,,,,,,,,,,,,,,,,,,,,,,607.0,bestfit,164.0,-164.0,,,,,172.0,value,O4c,value,HL,value,Candidate,value,,
S251018bi,1444836365.021,value,2025-10-18T15:26:24.021,value,,,,,0.01,value,,,,,,,,,,,,,,,,,,,,,,,,,,,,,,,,,,,,,,,,,4500.0,bestfit,1310.0,-1310.0,,,,,883.0,value,O4c,value,HLV,value,Candidate,value,,
S251021u,1445052153.181,value,2025-10-21T03:22:52.181,value,,,,,0.07,value,,,,,,,,,,,,,,,,,,,,,,,,,,,,,,,,,,,,,,,,,5880.0,bestfit,2090.0,-2090.0,,,,,3860.0,value,O4c,value,HL,value,Candidate,value,,
S251026bn,1445548583.296,value,2025-10-26T21:16:42.296,value,,,,,0.000152,value,,,,,,,,,,,,,,,,,,,,,,,,,,,,,,,,,,,,,,,,,1200.0,bestfit,350.0,-350.0,,,,,744.0,value,O4c,value,HL,value,Candidate,value,,
S251031cq,1445972373.906,value,2025-10-31T18:59:52.906,value,,,,,0.0221,value,,,,,,,,,,,,,,,,,,,,,,,,,,,,,,,,,,,,,,,,,2130.0,bestfit,710.0,-710.0,,,,,393.0,value,O4c,value,HLV,value,Candidate,value,,
S251103f,1446242744.54,value,2025-11-03T22:06:03.540,value,,,,,1.31e-06,value,,,,,,,,,,,,,,,,,,,,,,,,,,,,,,,,,,,,,,,,,2160.0,bestfit,540.0,-540.0,,,,,757.0,value,O4c,value,HLV,value,Candidate,value,,
S251105aj,1446382777.959,value,2025-11-05T12:59:56.959,value,,,,,2.54e-05,value,,,,,,,,,,,,,,,,,,,,,,,,,,,,,,,,,,,,,,,,,2480.0,bestfit,740.0,-740.0,,,,,376.0,value,O4c,value,HLV,value,Candidate,value,,
S251108dn,1446633181.578,value,2025-11-08T10:33:20.578,value,,,,,2.98e-10,value,,,,,,,,,,,,,,,,,,,,,,,,,,,,,,,,,,,,,,,,,1090.0,bestfit,250.0,-250.0,,,,,370.0,value,O4c,value,HLV,value,Candidate,value,,
S251108fi,1446664426.506,value,2025-11-08T19:14:05.506,value,,,,,4.14e-05,value,,,,,,,,,,,,,,,,,,,,,,,,,,,,,,,,,,,,,,,,,2970.0,bestfit,960.0,-960.0,,,,,528.0,value,O4c,value,HLV,value,Candidate,value,,
S251112cm,1446995943.362,value,2025-11-12T15:19:22.362,value,,,,,0.161,value,,,,,,,,,,,,,,,,,,,,,,,,,,,,,,,,,,,,,,,,,93.2,bestfit,27.5,-27.5,,,,,1680.0,value,O4c,value,HLV,value,Candidate,value,,
S251116en,1447370559.761,value,2025-11-16T23:22:58.761,value,,,,,4.12e-05,value,,,,,,,,,,,,,,,,,,,,,,,,,,,,,,,,,,,,,,,,,1930.0,bestfit,500.0,-500.0,,,,,792.0,value,O4c,value,HL,value,Candidate,value,,
S251117dq,1447450731.119,value,2025-11-17T21:39:10.119,value,,,,,1.85e-07,value,,,,,,,,,,,,,,,,,,,,,,,,,,,,,,,,,,,,,,,,,2700.0,bestfit,860.0,-860.0,,,,,1550.0,value,O4c,value,HL,value,Candidate,value,,
