Ref,event,url,text,type,filetype,src,created,files
0,GW200322_091133,https://gwosc.org/eventapi/json/GWTC-3-confident/GW200322_091133/v1,JSON file,json-url,,,,
1,GW200322_091133,https://gwosc.org/eventapi/html/GWTC-3-confident/GW200322_091133/v1,GWTC link,open-data,,,,
2,GW200322_091133,https://zenodo.org/api/records/8177023/files/IGWN-GWTC3p0-v2-GW200322_091133_PEDataRelease_mixed_cosmo.h5/content,Data file,data-file,h5,zenodo,,
3,GW200322_091133,https://zenodo.org/record/8177023/files/IGWN-GWTC3p0-v2-PESkyLocalizations.tar.gz,Sky Map,skymap-fits,tar,,2023-07-31T13:54:56.000,
4,GW200322_091133,%BASEURL%,Skymaps,skymaps-plot,,,2026-05-31T10:20:18.448,"['moll', 'moll_pretty', 'moll_pretty_black', 'cartzoom', 'cartzoom_pretty', 'cart', 'moll_rot', 'cart_rot']"
5,GW200322_091133,%BASEURL%,Skymaps,skymaps-thumb,,,2026-05-31T10:20:18.448,"['moll', 'moll_pretty', 'moll_pretty_black', 'cartzoom', 'cartzoom_pretty', 'cart', 'moll_rot', 'cart_rot']"
6,GW200322_091133,%BASEURL%,Skymaps (plain),skymaps-plain,,,2026-05-31T10:20:18.452,"['gal_8192', 'eq_8192', 'eq_4096']"
7,GW200316_215756,https://gwosc.org/eventapi/json/GWTC-3-confident/GW200316_215756/v1,JSON file,json-url,,,,
8,GW200316_215756,https://gwosc.org/eventapi/html/GWTC-3-confident/GW200316_215756/v1,GWTC link,open-data,,,,
9,GW200316_215756,https://zenodo.org/api/records/8177023/files/IGWN-GWTC3p0-v2-GW200316_215756_PEDataRelease_mixed_cosmo.h5/content,Data file,data-file,h5,zenodo,,
10,GW200316_215756,https://zenodo.org/record/8177023/files/IGWN-GWTC3p0-v2-PESkyLocalizations.tar.gz,Sky Map,skymap-fits,tar,,2023-07-31T13:54:54.000,
11,GW200316_215756,%BASEURL%,Skymaps,skymaps-plot,,,2026-05-31T10:20:18.464,"['moll', 'moll_pretty', 'moll_pretty_black', 'cartzoom', 'cartzoom_pretty', 'cart', 'moll_rot', 'cart_rot']"
12,GW200316_215756,%BASEURL%,Skymaps,skymaps-thumb,,,2026-05-31T10:20:18.464,"['moll', 'moll_pretty', 'moll_pretty_black', 'cartzoom', 'cartzoom_pretty', 'cart', 'moll_rot', 'cart_rot']"
13,GW200316_215756,%BASEURL%,Skymaps (plain),skymaps-plain,,,2026-05-31T10:20:18.469,"['gal_8192', 'eq_8192', 'eq_4096']"
14,GW200311_115853,https://gwosc.org/eventapi/json/GWTC-3-confident/GW200311_115853/v1,JSON file,json-url,,,,
15,GW200311_115853,https://gwosc.org/eventapi/html/GWTC-3-confident/GW200311_115853/v1,GWTC link,open-data,,,,
16,GW200311_115853,https://zenodo.org/api/records/8177023/files/IGWN-GWTC3p0-v2-GW200311_115853_PEDataRelease_mixed_cosmo.h5/content,Data file,data-file,h5,zenodo,,
17,GW200311_115853,https://zenodo.org/record/8177023/files/IGWN-GWTC3p0-v2-PESkyLocalizations.tar.gz,Sky Map,skymap-fits,tar,,2023-07-31T13:54:50.000,
18,GW200311_115853,%BASEURL%,Skymaps,skymaps-plot,,,2026-05-31T10:20:18.479,"['moll', 'moll_pretty', 'moll_pretty_black', 'cartzoom', 'cartzoom_pretty', 'cart', 'moll_rot', 'cart_rot']"
19,GW200311_115853,%BASEURL%,Skymaps,skymaps-thumb,,,2026-05-31T10:20:18.480,"['moll', 'moll_pretty', 'moll_pretty_black', 'cartzoom', 'cartzoom_pretty', 'cart', 'moll_rot', 'cart_rot']"
20,GW200311_115853,%BASEURL%,Skymaps (plain),skymaps-plain,,,2026-05-31T10:20:18.484,"['gal_8192', 'eq_8192', 'eq_4096']"
21,GW200308_173609,https://gwosc.org/eventapi/json/GWTC-3-confident/GW200308_173609/v1,JSON file,json-url,,,,
22,GW200308_173609,https://gwosc.org/eventapi/html/GWTC-3-confident/GW200308_173609/v1,GWTC link,open-data,,,,
23,GW200308_173609,https://zenodo.org/api/records/8177023/files/IGWN-GWTC3p0-v2-GW200308_173609_PEDataRelease_mixed_cosmo.h5/content,Data file,data-file,h5,zenodo,,
24,GW200308_173609,https://zenodo.org/record/8177023/files/IGWN-GWTC3p0-v2-PESkyLocalizations.tar.gz,Sky Map,skymap-fits,tar,,2023-07-31T13:54:46.000,
25,GW200308_173609,%BASEURL%,Skymaps,skymaps-plot,,,2026-05-31T10:20:18.495,"['moll', 'moll_pretty', 'moll_pretty_black', 'cartzoom', 'cartzoom_pretty', 'cart', 'moll_rot', 'cart_rot']"
26,GW200308_173609,%BASEURL%,Skymaps,skymaps-thumb,,,2026-05-31T10:20:18.495,"['moll', 'moll_pretty', 'moll_pretty_black', 'cartzoom', 'cartzoom_pretty', 'cart', 'moll_rot', 'cart_rot']"
27,GW200308_173609,%BASEURL%,Skymaps (plain),skymaps-plain,,,2026-05-31T10:20:18.499,"['gal_8192', 'eq_8192', 'eq_4096']"
28,GW200306_093714,https://gwosc.org/eventapi/json/GWTC-3-confident/GW200306_093714/v1,JSON file,json-url,,,,
29,GW200306_093714,https://gwosc.org/eventapi/html/GWTC-3-confident/GW200306_093714/v1,GWTC link,open-data,,,,
30,GW200306_093714,https://zenodo.org/api/records/8177023/files/IGWN-GWTC3p0-v2-GW200306_093714_PEDataRelease_mixed_cosmo.h5/content,Data file,data-file,h5,zenodo,,
31,GW200306_093714,https://zenodo.org/record/8177023/files/IGWN-GWTC3p0-v2-PESkyLocalizations.tar.gz,Sky Map,skymap-fits,tar,,2023-07-31T13:54:45.000,
32,GW200306_093714,%BASEURL%,Skymaps,skymaps-plot,,,2026-05-31T10:20:18.511,"['moll', 'moll_pretty', 'moll_pretty_black', 'cartzoom', 'cartzoom_pretty', 'cart', 'moll_rot', 'cart_rot']"
33,GW200306_093714,%BASEURL%,Skymaps,skymaps-thumb,,,2026-05-31T10:20:18.512,"['moll', 'moll_pretty', 'moll_pretty_black', 'cartzoom', 'cartzoom_pretty', 'cart', 'moll_rot', 'cart_rot']"
34,GW200306_093714,%BASEURL%,Skymaps (plain),skymaps-plain,,,2026-05-31T10:20:18.516,"['gal_8192', 'eq_8192', 'eq_4096']"
35,GW200302_015811,https://gwosc.org/eventapi/json/GWTC-3-confident/GW200302_015811/v1,JSON file,json-url,,,,
36,GW200302_015811,https://gwosc.org/eventapi/html/GWTC-3-confident/GW200302_015811/v1,GWTC link,open-data,,,,
37,GW200302_015811,https://zenodo.org/api/records/8177023/files/IGWN-GWTC3p0-v2-GW200302_015811_PEDataRelease_mixed_cosmo.h5/content,Data file,data-file,h5,zenodo,,
38,GW200302_015811,https://zenodo.org/record/8177023/files/IGWN-GWTC3p0-v2-PESkyLocalizations.tar.gz,Sky Map,skymap-fits,tar,,2023-07-31T13:54:41.000,
39,GW200302_015811,%BASEURL%,Skymaps,skymaps-plot,,,2026-05-31T10:20:18.527,"['moll', 'moll_pretty', 'moll_pretty_black', 'cartzoom', 'cartzoom_pretty', 'cart', 'moll_rot', 'cart_rot']"
40,GW200302_015811,%BASEURL%,Skymaps,skymaps-thumb,,,2026-05-31T10:20:18.527,"['moll', 'moll_pretty', 'moll_pretty_black', 'cartzoom', 'cartzoom_pretty', 'cart', 'moll_rot', 'cart_rot']"
41,GW200302_015811,%BASEURL%,Skymaps (plain),skymaps-plain,,,2026-05-31T10:20:18.531,"['gal_8192', 'eq_8192', 'eq_4096']"
42,GW200225_060421,https://gwosc.org/eventapi/json/GWTC-3-confident/GW200225_060421/v1,JSON file,json-url,,,,
43,GW200225_060421,https://gwosc.org/eventapi/html/GWTC-3-confident/GW200225_060421/v1,GWTC link,open-data,,,,
44,GW200225_060421,https://zenodo.org/api/records/8177023/files/IGWN-GWTC3p0-v2-GW200225_060421_PEDataRelease_mixed_cosmo.h5/content,Data file,data-file,h5,zenodo,,
45,GW200225_060421,https://zenodo.org/record/8177023/files/IGWN-GWTC3p0-v2-PESkyLocalizations.tar.gz,Sky Map,skymap-fits,tar,,2023-07-31T13:54:39.000,
46,GW200225_060421,%BASEURL%,Skymaps,skymaps-plot,,,2026-05-31T10:20:18.542,"['moll', 'moll_pretty', 'moll_pretty_black', 'cartzoom', 'cartzoom_pretty', 'cart', 'moll_rot', 'cart_rot']"
47,GW200225_060421,%BASEURL%,Skymaps,skymaps-thumb,,,2026-05-31T10:20:18.542,"['moll', 'moll_pretty', 'moll_pretty_black', 'cartzoom', 'cartzoom_pretty', 'cart', 'moll_rot', 'cart_rot']"
48,GW200225_060421,%BASEURL%,Skymaps (plain),skymaps-plain,,,2026-05-31T10:20:18.546,"['gal_8192', 'eq_8192', 'eq_4096']"
49,GW200224_222234,https://gwosc.org/eventapi/json/GWTC-3-confident/GW200224_222234/v1,JSON file,json-url,,,,
50,GW200224_222234,https://gwosc.org/eventapi/html/GWTC-3-confident/GW200224_222234/v1,GWTC link,open-data,,,,
51,GW200224_222234,https://zenodo.org/api/records/8177023/files/IGWN-GWTC3p0-v2-GW200224_222234_PEDataRelease_mixed_cosmo.h5/content,Data file,data-file,h5,zenodo,,
52,GW200224_222234,https://zenodo.org/record/8177023/files/IGWN-GWTC3p0-v2-PESkyLocalizations.tar.gz,Sky Map,skymap-fits,tar,,2023-07-31T13:54:35.000,
53,GW200224_222234,%BASEURL%,Skymaps,skymaps-plot,,,2026-05-31T10:20:18.558,"['moll', 'moll_pretty', 'moll_pretty_black', 'cartzoom', 'cartzoom_pretty', 'cart', 'moll_rot', 'cart_rot']"
54,GW200224_222234,%BASEURL%,Skymaps,skymaps-thumb,,,2026-05-31T10:20:18.558,"['moll', 'moll_pretty', 'moll_pretty_black', 'cartzoom', 'cartzoom_pretty', 'cart', 'moll_rot', 'cart_rot']"
55,GW200224_222234,%BASEURL%,Skymaps (plain),skymaps-plain,,,2026-05-31T10:20:18.562,"['gal_8192', 'eq_8192', 'eq_4096']"
56,GW200220_124850,https://gwosc.org/eventapi/json/GWTC-3-confident/GW200220_124850/v1,JSON file,json-url,,,,
57,GW200220_124850,https://gwosc.org/eventapi/html/GWTC-3-confident/GW200220_124850/v1,GWTC link,open-data,,,,
58,GW200220_124850,https://zenodo.org/api/records/8177023/files/IGWN-GWTC3p0-v2-GW200220_124850_PEDataRelease_mixed_cosmo.h5/content,Data file,data-file,h5,zenodo,,
59,GW200220_124850,https://zenodo.org/record/8177023/files/IGWN-GWTC3p0-v2-PESkyLocalizations.tar.gz,Sky Map,skymap-fits,tar,,2023-07-31T13:54:32.000,
60,GW200220_124850,%BASEURL%,Skymaps,skymaps-plot,,,2026-05-31T10:20:18.573,"['moll', 'moll_pretty', 'moll_pretty_black', 'cartzoom', 'cartzoom_pretty', 'cart', 'moll_rot', 'cart_rot']"
61,GW200220_124850,%BASEURL%,Skymaps,skymaps-thumb,,,2026-05-31T10:20:18.573,"['moll', 'moll_pretty', 'moll_pretty_black', 'cartzoom', 'cartzoom_pretty', 'cart', 'moll_rot', 'cart_rot']"
62,GW200220_124850,%BASEURL%,Skymaps (plain),skymaps-plain,,,2026-05-31T10:20:18.578,"['gal_8192', 'eq_8192', 'eq_4096']"
63,GW200220_061928,https://gwosc.org/eventapi/json/GWTC-3-confident/GW200220_061928/v1,JSON file,json-url,,,,
64,GW200220_061928,https://gwosc.org/eventapi/html/GWTC-3-confident/GW200220_061928/v1,GWTC link,open-data,,,,
65,GW200220_061928,https://zenodo.org/api/records/8177023/files/IGWN-GWTC3p0-v2-GW200220_061928_PEDataRelease_mixed_cosmo.h5/content,Data file,data-file,h5,zenodo,,
66,GW200220_061928,https://zenodo.org/record/8177023/files/IGWN-GWTC3p0-v2-PESkyLocalizations.tar.gz,Sky Map,skymap-fits,tar,,2023-07-31T13:54:29.000,
67,GW200220_061928,%BASEURL%,Skymaps,skymaps-plot,,,2026-05-31T10:20:18.588,"['moll', 'moll_pretty', 'moll_pretty_black', 'cartzoom', 'cartzoom_pretty', 'cart', 'moll_rot', 'cart_rot']"
68,GW200220_061928,%BASEURL%,Skymaps,skymaps-thumb,,,2026-05-31T10:20:18.588,"['moll', 'moll_pretty', 'moll_pretty_black', 'cartzoom', 'cartzoom_pretty', 'cart', 'moll_rot', 'cart_rot']"
69,GW200220_061928,%BASEURL%,Skymaps (plain),skymaps-plain,,,2026-05-31T10:20:18.592,"['gal_8192', 'eq_8192', 'eq_4096']"
70,GW200219_094415,https://gwosc.org/eventapi/json/GWTC-3-confident/GW200219_094415/v1,JSON file,json-url,,,,
71,GW200219_094415,https://gwosc.org/eventapi/html/GWTC-3-confident/GW200219_094415/v1,GWTC link,open-data,,,,
72,GW200219_094415,https://zenodo.org/api/records/8177023/files/IGWN-GWTC3p0-v2-GW200219_094415_PEDataRelease_mixed_cosmo.h5/content,Data file,data-file,h5,zenodo,,
73,GW200219_094415,https://zenodo.org/record/8177023/files/IGWN-GWTC3p0-v2-PESkyLocalizations.tar.gz,Sky Map,skymap-fits,tar,,2023-07-31T13:54:28.000,
74,GW200219_094415,%BASEURL%,Skymaps,skymaps-plot,,,2026-05-31T10:20:18.603,"['moll', 'moll_pretty', 'moll_pretty_black', 'cartzoom', 'cartzoom_pretty', 'cart', 'moll_rot', 'cart_rot']"
75,GW200219_094415,%BASEURL%,Skymaps,skymaps-thumb,,,2026-05-31T10:20:18.603,"['moll', 'moll_pretty', 'moll_pretty_black', 'cartzoom', 'cartzoom_pretty', 'cart', 'moll_rot', 'cart_rot']"
76,GW200219_094415,%BASEURL%,Skymaps (plain),skymaps-plain,,,2026-05-31T10:20:18.607,"['gal_8192', 'eq_8192', 'eq_4096']"
77,GW200216_220804,https://gwosc.org/eventapi/json/GWTC-3-confident/GW200216_220804/v1,JSON file,json-url,,,,
78,GW200216_220804,https://gwosc.org/eventapi/html/GWTC-3-confident/GW200216_220804/v1,GWTC link,open-data,,,,
79,GW200216_220804,https://zenodo.org/api/records/8177023/files/IGWN-GWTC3p0-v2-GW200216_220804_PEDataRelease_mixed_cosmo.h5/content,Data file,data-file,h5,zenodo,,
80,GW200216_220804,https://zenodo.org/record/8177023/files/IGWN-GWTC3p0-v2-PESkyLocalizations.tar.gz,Sky Map,skymap-fits,tar,,2023-07-31T13:54:23.000,
81,GW200216_220804,%BASEURL%,Skymaps,skymaps-plot,,,2026-05-31T10:20:18.617,"['moll', 'moll_pretty', 'moll_pretty_black', 'cartzoom', 'cartzoom_pretty', 'cart', 'moll_rot', 'cart_rot']"
82,GW200216_220804,%BASEURL%,Skymaps,skymaps-thumb,,,2026-05-31T10:20:18.618,"['moll', 'moll_pretty', 'moll_pretty_black', 'cartzoom', 'cartzoom_pretty', 'cart', 'moll_rot', 'cart_rot']"
83,GW200216_220804,%BASEURL%,Skymaps (plain),skymaps-plain,,,2026-05-31T10:20:18.622,"['gal_8192', 'eq_8192', 'eq_4096']"
84,GW200210_092254,https://gwosc.org/eventapi/json/GWTC-3-confident/GW200210_092254/v1,JSON file,json-url,,,,
85,GW200210_092254,https://gwosc.org/eventapi/html/GWTC-3-confident/GW200210_092254/v1,GWTC link,open-data,,,,
86,GW200210_092254,https://zenodo.org/api/records/8177023/files/IGWN-GWTC3p0-v2-GW200210_092254_PEDataRelease_mixed_cosmo.h5/content,Data file,data-file,h5,zenodo,,
87,GW200210_092254,https://zenodo.org/record/8177023/files/IGWN-GWTC3p0-v2-PESkyLocalizations.tar.gz,Sky Map,skymap-fits,tar,,2023-07-31T13:54:20.000,
88,GW200210_092254,%BASEURL%,Skymaps,skymaps-plot,,,2026-05-31T10:20:18.633,"['moll', 'moll_pretty', 'moll_pretty_black', 'cartzoom', 'cartzoom_pretty', 'cart', 'moll_rot', 'cart_rot']"
89,GW200210_092254,%BASEURL%,Skymaps,skymaps-thumb,,,2026-05-31T10:20:18.633,"['moll', 'moll_pretty', 'moll_pretty_black', 'cartzoom', 'cartzoom_pretty', 'cart', 'moll_rot', 'cart_rot']"
90,GW200210_092254,%BASEURL%,Skymaps (plain),skymaps-plain,,,2026-05-31T10:20:18.638,"['gal_8192', 'eq_8192', 'eq_4096']"
91,GW200209_085452,https://gwosc.org/eventapi/json/GWTC-3-confident/GW200209_085452/v1,JSON file,json-url,,,,
92,GW200209_085452,https://gwosc.org/eventapi/html/GWTC-3-confident/GW200209_085452/v1,GWTC link,open-data,,,,
93,GW200209_085452,https://zenodo.org/api/records/8177023/files/IGWN-GWTC3p0-v2-GW200209_085452_PEDataRelease_mixed_cosmo.h5/content,Data file,data-file,h5,zenodo,,
94,GW200209_085452,https://zenodo.org/record/8177023/files/IGWN-GWTC3p0-v2-PESkyLocalizations.tar.gz,Sky Map,skymap-fits,tar,,2023-07-31T13:54:19.000,
95,GW200209_085452,%BASEURL%,Skymaps,skymaps-plot,,,2026-05-31T10:20:18.649,"['moll', 'moll_pretty', 'moll_pretty_black', 'cartzoom', 'cartzoom_pretty', 'cart', 'moll_rot', 'cart_rot']"
96,GW200209_085452,%BASEURL%,Skymaps,skymaps-thumb,,,2026-05-31T10:20:18.650,"['moll', 'moll_pretty', 'moll_pretty_black', 'cartzoom', 'cartzoom_pretty', 'cart', 'moll_rot', 'cart_rot']"
97,GW200209_085452,%BASEURL%,Skymaps (plain),skymaps-plain,,,2026-05-31T10:20:18.654,"['gal_8192', 'eq_8192', 'eq_4096']"
98,GW200208_222617,https://gwosc.org/eventapi/json/GWTC-3-confident/GW200208_222617/v1,JSON file,json-url,,,,
99,GW200208_222617,https://gwosc.org/eventapi/html/GWTC-3-confident/GW200208_222617/v1,GWTC link,open-data,,,,
100,GW200208_222617,https://zenodo.org/api/records/8177023/files/IGWN-GWTC3p0-v2-GW200208_222617_PEDataRelease_mixed_cosmo.h5/content,Data file,data-file,h5,zenodo,,
101,GW200208_222617,https://zenodo.org/record/8177023/files/IGWN-GWTC3p0-v2-PESkyLocalizations.tar.gz,Sky Map,skymap-fits,tar,,2023-07-31T13:54:16.000,
102,GW200208_222617,%BASEURL%,Skymaps,skymaps-plot,,,2026-05-31T10:20:18.665,"['moll', 'moll_pretty', 'moll_pretty_black', 'cartzoom', 'cartzoom_pretty', 'cart', 'moll_rot', 'cart_rot']"
103,GW200208_222617,%BASEURL%,Skymaps,skymaps-thumb,,,2026-05-31T10:20:18.666,"['moll', 'moll_pretty', 'moll_pretty_black', 'cartzoom', 'cartzoom_pretty', 'cart', 'moll_rot', 'cart_rot']"
104,GW200208_222617,%BASEURL%,Skymaps (plain),skymaps-plain,,,2026-05-31T10:20:18.670,"['gal_8192', 'eq_8192', 'eq_4096']"
105,GW200208_130117,https://gwosc.org/eventapi/json/GWTC-3-confident/GW200208_130117/v1,JSON file,json-url,,,,
106,GW200208_130117,https://gwosc.org/eventapi/html/GWTC-3-confident/GW200208_130117/v1,GWTC link,open-data,,,,
107,GW200208_130117,https://zenodo.org/api/records/8177023/files/IGWN-GWTC3p0-v2-GW200208_130117_PEDataRelease_mixed_cosmo.h5/content,Data file,data-file,h5,zenodo,,
108,GW200208_130117,https://zenodo.org/record/8177023/files/IGWN-GWTC3p0-v2-PESkyLocalizations.tar.gz,Sky Map,skymap-fits,tar,,2023-07-31T13:54:10.000,
109,GW200208_130117,%BASEURL%,Skymaps,skymaps-plot,,,2026-05-31T10:20:18.681,"['moll', 'moll_pretty', 'moll_pretty_black', 'cartzoom', 'cartzoom_pretty', 'cart', 'moll_rot', 'cart_rot']"
110,GW200208_130117,%BASEURL%,Skymaps,skymaps-thumb,,,2026-05-31T10:20:18.681,"['moll', 'moll_pretty', 'moll_pretty_black', 'cartzoom', 'cartzoom_pretty', 'cart', 'moll_rot', 'cart_rot']"
111,GW200208_130117,%BASEURL%,Skymaps (plain),skymaps-plain,,,2026-05-31T10:20:18.686,"['gal_8192', 'eq_8192', 'eq_4096']"
112,GW200202_154313,https://gwosc.org/eventapi/json/GWTC-3-confident/GW200202_154313/v1,JSON file,json-url,,,,
113,GW200202_154313,https://gwosc.org/eventapi/html/GWTC-3-confident/GW200202_154313/v1,GWTC link,open-data,,,,
114,GW200202_154313,https://zenodo.org/api/records/8177023/files/IGWN-GWTC3p0-v2-GW200202_154313_PEDataRelease_mixed_cosmo.h5/content,Data file,data-file,h5,zenodo,,
115,GW200202_154313,https://zenodo.org/record/8177023/files/IGWN-GWTC3p0-v2-PESkyLocalizations.tar.gz,Sky Map,skymap-fits,tar,,2023-07-31T13:54:09.000,
116,GW200202_154313,%BASEURL%,Skymaps,skymaps-plot,,,2026-05-31T10:20:18.697,"['moll', 'moll_pretty', 'moll_pretty_black', 'cartzoom', 'cartzoom_pretty', 'cart', 'moll_rot', 'cart_rot']"
117,GW200202_154313,%BASEURL%,Skymaps,skymaps-thumb,,,2026-05-31T10:20:18.697,"['moll', 'moll_pretty', 'moll_pretty_black', 'cartzoom', 'cartzoom_pretty', 'cart', 'moll_rot', 'cart_rot']"
118,GW200202_154313,%BASEURL%,Skymaps (plain),skymaps-plain,,,2026-05-31T10:20:18.702,"['gal_8192', 'eq_8192', 'eq_4096']"
119,GW200129_065458,https://gwosc.org/eventapi/json/GWTC-3-confident/GW200129_065458/v1,JSON file,json-url,,,,
120,GW200129_065458,https://gwosc.org/eventapi/html/GWTC-3-confident/GW200129_065458/v1,GWTC link,open-data,,,,
121,GW200129_065458,https://zenodo.org/api/records/8177023/files/IGWN-GWTC3p0-v2-GW200129_065458_PEDataRelease_mixed_cosmo.h5/content,Data file,data-file,h5,zenodo,,
122,GW200129_065458,https://zenodo.org/record/8177023/files/IGWN-GWTC3p0-v2-PESkyLocalizations.tar.gz,Sky Map,skymap-fits,tar,,2023-07-31T13:54:04.000,
123,GW200129_065458,%BASEURL%,Skymaps,skymaps-plot,,,2026-05-31T10:20:18.713,"['moll', 'moll_pretty', 'moll_pretty_black', 'cartzoom', 'cartzoom_pretty', 'cart', 'moll_rot', 'cart_rot']"
124,GW200129_065458,%BASEURL%,Skymaps,skymaps-thumb,,,2026-05-31T10:20:18.714,"['moll', 'moll_pretty', 'moll_pretty_black', 'cartzoom', 'cartzoom_pretty', 'cart', 'moll_rot', 'cart_rot']"
125,GW200129_065458,%BASEURL%,Skymaps (plain),skymaps-plain,,,2026-05-31T10:20:18.718,"['gal_8192', 'eq_8192', 'eq_4096']"
126,GW200128_022011,https://gwosc.org/eventapi/json/GWTC-3-confident/GW200128_022011/v1,JSON file,json-url,,,,
127,GW200128_022011,https://gwosc.org/eventapi/html/GWTC-3-confident/GW200128_022011/v1,GWTC link,open-data,,,,
128,GW200128_022011,https://zenodo.org/api/records/8177023/files/IGWN-GWTC3p0-v2-GW200128_022011_PEDataRelease_mixed_cosmo.h5/content,Data file,data-file,h5,zenodo,,
129,GW200128_022011,https://zenodo.org/record/8177023/files/IGWN-GWTC3p0-v2-PESkyLocalizations.tar.gz,Sky Map,skymap-fits,tar,,2023-07-31T13:54:02.000,
130,GW200128_022011,%BASEURL%,Skymaps,skymaps-plot,,,2026-05-31T10:20:18.728,"['moll', 'moll_pretty', 'moll_pretty_black', 'cartzoom', 'cartzoom_pretty', 'cart', 'moll_rot', 'cart_rot']"
131,GW200128_022011,%BASEURL%,Skymaps,skymaps-thumb,,,2026-05-31T10:20:18.728,"['moll', 'moll_pretty', 'moll_pretty_black', 'cartzoom', 'cartzoom_pretty', 'cart', 'moll_rot', 'cart_rot']"
132,GW200128_022011,%BASEURL%,Skymaps (plain),skymaps-plain,,,2026-05-31T10:20:18.732,"['gal_8192', 'eq_8192', 'eq_4096']"
133,GW200115_042309,https://gwosc.org/eventapi/json/GWTC-3-confident/GW200115_042309/v2,JSON file,json-url,,,,
134,GW200115_042309,https://gwosc.org/eventapi/html/GWTC-3-confident/GW200115_042309/v2,GWTC link,open-data,,,,
135,GW200115_042309,https://zenodo.org/api/records/8177023/files/IGWN-GWTC3p0-v2-GW200115_042309_PEDataRelease_mixed_cosmo.h5/content,Data file,data-file,h5,zenodo,,
136,GW200115_042309,https://zenodo.org/record/8177023/files/IGWN-GWTC3p0-v2-PESkyLocalizations.tar.gz,Sky Map,skymap-fits,tar,,2023-07-31T13:53:59.000,
137,GW200115_042309,%BASEURL%,Skymaps,skymaps-plot,,,2026-05-31T10:20:18.743,"['moll', 'moll_pretty', 'moll_pretty_black', 'cartzoom', 'cartzoom_pretty', 'cart', 'moll_rot', 'cart_rot']"
138,GW200115_042309,%BASEURL%,Skymaps,skymaps-thumb,,,2026-05-31T10:20:18.743,"['moll', 'moll_pretty', 'moll_pretty_black', 'cartzoom', 'cartzoom_pretty', 'cart', 'moll_rot', 'cart_rot']"
139,GW200115_042309,%BASEURL%,Skymaps (plain),skymaps-plain,,,2026-05-31T10:20:18.748,"['gal_8192', 'eq_8192', 'eq_4096']"
140,GW200112_155838,https://gwosc.org/eventapi/json/GWTC-3-confident/GW200112_155838/v1,JSON file,json-url,,,,
141,GW200112_155838,https://gwosc.org/eventapi/html/GWTC-3-confident/GW200112_155838/v1,GWTC link,open-data,,,,
142,GW200112_155838,https://zenodo.org/api/records/8177023/files/IGWN-GWTC3p0-v2-GW200112_155838_PEDataRelease_mixed_cosmo.h5/content,Data file,data-file,h5,zenodo,,
143,GW200112_155838,https://zenodo.org/record/8177023/files/IGWN-GWTC3p0-v2-PESkyLocalizations.tar.gz,Sky Map,skymap-fits,tar,,2023-07-31T13:53:45.000,
144,GW200112_155838,%BASEURL%,Skymaps,skymaps-plot,,,2026-05-31T10:20:18.759,"['moll', 'moll_pretty', 'moll_pretty_black', 'cartzoom', 'cartzoom_pretty', 'cart', 'moll_rot', 'cart_rot']"
145,GW200112_155838,%BASEURL%,Skymaps,skymaps-thumb,,,2026-05-31T10:20:18.760,"['moll', 'moll_pretty', 'moll_pretty_black', 'cartzoom', 'cartzoom_pretty', 'cart', 'moll_rot', 'cart_rot']"
146,GW200112_155838,%BASEURL%,Skymaps (plain),skymaps-plain,,,2026-05-31T10:20:18.763,"['gal_8192', 'eq_8192', 'eq_4096']"
147,GW191230_180458,https://gwosc.org/eventapi/json/GWTC-3-confident/GW191230_180458/v1,JSON file,json-url,,,,
148,GW191230_180458,https://gwosc.org/eventapi/html/GWTC-3-confident/GW191230_180458/v1,GWTC link,open-data,,,,
149,GW191230_180458,https://zenodo.org/api/records/8177023/files/IGWN-GWTC3p0-v2-GW191230_180458_PEDataRelease_mixed_cosmo.h5/content,Data file,data-file,h5,zenodo,,
150,GW191230_180458,https://zenodo.org/record/8177023/files/IGWN-GWTC3p0-v2-PESkyLocalizations.tar.gz,Sky Map,skymap-fits,tar,,2023-07-31T13:53:35.000,
151,GW191230_180458,%BASEURL%,Skymaps,skymaps-plot,,,2026-05-31T10:20:18.775,"['moll', 'moll_pretty', 'moll_pretty_black', 'cartzoom', 'cartzoom_pretty', 'cart', 'moll_rot', 'cart_rot']"
152,GW191230_180458,%BASEURL%,Skymaps,skymaps-thumb,,,2026-05-31T10:20:18.775,"['moll', 'moll_pretty', 'moll_pretty_black', 'cartzoom', 'cartzoom_pretty', 'cart', 'moll_rot', 'cart_rot']"
153,GW191230_180458,%BASEURL%,Skymaps (plain),skymaps-plain,,,2026-05-31T10:20:18.780,"['gal_8192', 'eq_8192', 'eq_4096']"
154,GW191222_033537,https://gwosc.org/eventapi/json/GWTC-3-confident/GW191222_033537/v1,JSON file,json-url,,,,
155,GW191222_033537,https://gwosc.org/eventapi/html/GWTC-3-confident/GW191222_033537/v1,GWTC link,open-data,,,,
156,GW191222_033537,https://zenodo.org/api/records/8177023/files/IGWN-GWTC3p0-v2-GW191222_033537_PEDataRelease_mixed_cosmo.h5/content,Data file,data-file,h5,zenodo,,
157,GW191222_033537,https://zenodo.org/record/8177023/files/IGWN-GWTC3p0-v2-PESkyLocalizations.tar.gz,Sky Map,skymap-fits,tar,,2023-07-31T13:53:31.000,
158,GW191222_033537,%BASEURL%,Skymaps,skymaps-plot,,,2026-05-31T10:20:18.791,"['moll', 'moll_pretty', 'moll_pretty_black', 'cartzoom', 'cartzoom_pretty', 'cart', 'moll_rot', 'cart_rot']"
159,GW191222_033537,%BASEURL%,Skymaps,skymaps-thumb,,,2026-05-31T10:20:18.791,"['moll', 'moll_pretty', 'moll_pretty_black', 'cartzoom', 'cartzoom_pretty', 'cart', 'moll_rot', 'cart_rot']"
160,GW191222_033537,%BASEURL%,Skymaps (plain),skymaps-plain,,,2026-05-31T10:20:18.795,"['gal_8192', 'eq_8192', 'eq_4096']"
161,GW191219_163120,https://gwosc.org/eventapi/json/GWTC-3-confident/GW191219_163120/v1,JSON file,json-url,,,,
162,GW191219_163120,https://gwosc.org/eventapi/html/GWTC-3-confident/GW191219_163120/v1,GWTC link,open-data,,,,
163,GW191219_163120,https://zenodo.org/api/records/8177023/files/IGWN-GWTC3p0-v2-GW191219_163120_PEDataRelease_mixed_cosmo.h5/content,Data file,data-file,h5,zenodo,,
164,GW191219_163120,https://zenodo.org/record/8177023/files/IGWN-GWTC3p0-v2-PESkyLocalizations.tar.gz,Sky Map,skymap-fits,tar,,2023-07-31T13:53:21.000,
165,GW191219_163120,%BASEURL%,Skymaps,skymaps-plot,,,2026-05-31T10:20:18.807,"['moll', 'moll_pretty', 'moll_pretty_black', 'cartzoom', 'cartzoom_pretty', 'cart', 'moll_rot', 'cart_rot']"
166,GW191219_163120,%BASEURL%,Skymaps,skymaps-thumb,,,2026-05-31T10:20:18.808,"['moll', 'moll_pretty', 'moll_pretty_black', 'cartzoom', 'cartzoom_pretty', 'cart', 'moll_rot', 'cart_rot']"
167,GW191219_163120,%BASEURL%,Skymaps (plain),skymaps-plain,,,2026-05-31T10:20:18.812,"['gal_8192', 'eq_8192', 'eq_4096']"
168,GW191216_213338,https://gwosc.org/eventapi/json/GWTC-3-confident/GW191216_213338/v1,JSON file,json-url,,,,
169,GW191216_213338,https://gwosc.org/eventapi/html/GWTC-3-confident/GW191216_213338/v1,GWTC link,open-data,,,,
170,GW191216_213338,https://zenodo.org/api/records/8177023/files/IGWN-GWTC3p0-v2-GW191216_213338_PEDataRelease_mixed_cosmo.h5/content,Data file,data-file,h5,zenodo,,
171,GW191216_213338,https://zenodo.org/record/8177023/files/IGWN-GWTC3p0-v2-PESkyLocalizations.tar.gz,Sky Map,skymap-fits,tar,,2023-07-31T13:53:19.000,
172,GW191216_213338,%BASEURL%,Skymaps,skymaps-plot,,,2026-05-31T10:20:18.823,"['moll', 'moll_pretty', 'moll_pretty_black', 'cartzoom', 'cartzoom_pretty', 'cart', 'moll_rot', 'cart_rot']"
173,GW191216_213338,%BASEURL%,Skymaps,skymaps-thumb,,,2026-05-31T10:20:18.824,"['moll', 'moll_pretty', 'moll_pretty_black', 'cartzoom', 'cartzoom_pretty', 'cart', 'moll_rot', 'cart_rot']"
174,GW191216_213338,%BASEURL%,Skymaps (plain),skymaps-plain,,,2026-05-31T10:20:18.828,"['gal_8192', 'eq_8192', 'eq_4096']"
175,GW191215_223052,https://gwosc.org/eventapi/json/GWTC-3-confident/GW191215_223052/v1,JSON file,json-url,,,,
176,GW191215_223052,https://gwosc.org/eventapi/html/GWTC-3-confident/GW191215_223052/v1,GWTC link,open-data,,,,
177,GW191215_223052,https://zenodo.org/api/records/8177023/files/IGWN-GWTC3p0-v2-GW191215_223052_PEDataRelease_mixed_cosmo.h5/content,Data file,data-file,h5,zenodo,,
178,GW191215_223052,https://zenodo.org/record/8177023/files/IGWN-GWTC3p0-v2-PESkyLocalizations.tar.gz,Sky Map,skymap-fits,tar,,2023-07-31T13:53:15.000,
179,GW191215_223052,%BASEURL%,Skymaps,skymaps-plot,,,2026-05-31T10:20:18.839,"['moll', 'moll_pretty', 'moll_pretty_black', 'cartzoom', 'cartzoom_pretty', 'cart', 'moll_rot', 'cart_rot']"
180,GW191215_223052,%BASEURL%,Skymaps,skymaps-thumb,,,2026-05-31T10:20:18.839,"['moll', 'moll_pretty', 'moll_pretty_black', 'cartzoom', 'cartzoom_pretty', 'cart', 'moll_rot', 'cart_rot']"
181,GW191215_223052,%BASEURL%,Skymaps (plain),skymaps-plain,,,2026-05-31T10:20:18.843,"['gal_8192', 'eq_8192', 'eq_4096']"
182,GW191204_171526,https://gwosc.org/eventapi/json/GWTC-3-confident/GW191204_171526/v1,JSON file,json-url,,,,
183,GW191204_171526,https://gwosc.org/eventapi/html/GWTC-3-confident/GW191204_171526/v1,GWTC link,open-data,,,,
184,GW191204_171526,https://zenodo.org/api/records/8177023/files/IGWN-GWTC3p0-v2-GW191204_171526_PEDataRelease_mixed_cosmo.h5/content,Data file,data-file,h5,zenodo,,
185,GW191204_171526,https://zenodo.org/record/8177023/files/IGWN-GWTC3p0-v2-PESkyLocalizations.tar.gz,Sky Map,skymap-fits,tar,,2023-07-31T13:53:10.000,
186,GW191204_171526,%BASEURL%,Skymaps,skymaps-plot,,,2026-05-31T10:20:18.853,"['moll', 'moll_pretty', 'moll_pretty_black', 'cartzoom', 'cartzoom_pretty', 'cart', 'moll_rot', 'cart_rot']"
187,GW191204_171526,%BASEURL%,Skymaps,skymaps-thumb,,,2026-05-31T10:20:18.854,"['moll', 'moll_pretty', 'moll_pretty_black', 'cartzoom', 'cartzoom_pretty', 'cart', 'moll_rot', 'cart_rot']"
188,GW191204_171526,%BASEURL%,Skymaps (plain),skymaps-plain,,,2026-05-31T10:20:18.859,"['gal_8192', 'eq_8192', 'eq_4096']"
189,GW191204_110529,https://gwosc.org/eventapi/json/GWTC-3-confident/GW191204_110529/v1,JSON file,json-url,,,,
190,GW191204_110529,https://gwosc.org/eventapi/html/GWTC-3-confident/GW191204_110529/v1,GWTC link,open-data,,,,
191,GW191204_110529,https://zenodo.org/api/records/8177023/files/IGWN-GWTC3p0-v2-GW191204_110529_PEDataRelease_mixed_cosmo.h5/content,Data file,data-file,h5,zenodo,,
192,GW191204_110529,https://zenodo.org/record/8177023/files/IGWN-GWTC3p0-v2-PESkyLocalizations.tar.gz,Sky Map,skymap-fits,tar,,2023-07-31T13:53:07.000,
193,GW191204_110529,%BASEURL%,Skymaps,skymaps-plot,,,2026-05-31T10:20:18.870,"['moll', 'moll_pretty', 'moll_pretty_black', 'cartzoom', 'cartzoom_pretty', 'cart', 'moll_rot', 'cart_rot']"
194,GW191204_110529,%BASEURL%,Skymaps,skymaps-thumb,,,2026-05-31T10:20:18.871,"['moll', 'moll_pretty', 'moll_pretty_black', 'cartzoom', 'cartzoom_pretty', 'cart', 'moll_rot', 'cart_rot']"
195,GW191204_110529,%BASEURL%,Skymaps (plain),skymaps-plain,,,2026-05-31T10:20:18.875,"['gal_8192', 'eq_8192', 'eq_4096']"
196,GW191129_134029,https://gwosc.org/eventapi/json/GWTC-3-confident/GW191129_134029/v1,JSON file,json-url,,,,
197,GW191129_134029,https://gwosc.org/eventapi/html/GWTC-3-confident/GW191129_134029/v1,GWTC link,open-data,,,,
198,GW191129_134029,https://zenodo.org/api/records/8177023/files/IGWN-GWTC3p0-v2-GW191129_134029_PEDataRelease_mixed_cosmo.h5/content,Data file,data-file,h5,zenodo,,
199,GW191129_134029,https://zenodo.org/record/8177023/files/IGWN-GWTC3p0-v2-PESkyLocalizations.tar.gz,Sky Map,skymap-fits,tar,,,
200,GW191129_134029,%BASEURL%,Skymaps,skymaps-plot,,,2026-05-31T10:20:18.885,"['moll', 'moll_pretty', 'moll_pretty_black', 'cartzoom', 'cartzoom_pretty', 'cart', 'moll_rot', 'cart_rot']"
201,GW191129_134029,%BASEURL%,Skymaps,skymaps-thumb,,,2026-05-31T10:20:18.886,"['moll', 'moll_pretty', 'moll_pretty_black', 'cartzoom', 'cartzoom_pretty', 'cart', 'moll_rot', 'cart_rot']"
202,GW191129_134029,%BASEURL%,Skymaps (plain),skymaps-plain,,,2026-05-31T10:20:18.889,"['gal_8192', 'eq_8192', 'eq_4096']"
203,GW191127_050227,https://gwosc.org/eventapi/json/GWTC-3-confident/GW191127_050227/v1,JSON file,json-url,,,,
204,GW191127_050227,https://gwosc.org/eventapi/html/GWTC-3-confident/GW191127_050227/v1,GWTC link,open-data,,,,
205,GW191127_050227,https://zenodo.org/api/records/8177023/files/IGWN-GWTC3p0-v2-GW191127_050227_PEDataRelease_mixed_cosmo.h5/content,Data file,data-file,h5,zenodo,,
206,GW191127_050227,https://zenodo.org/record/8177023/files/IGWN-GWTC3p0-v2-PESkyLocalizations.tar.gz,Sky Map,skymap-fits,tar,,,
207,GW191127_050227,%BASEURL%,Skymaps,skymaps-plot,,,2026-05-31T10:20:18.900,"['moll', 'moll_pretty', 'moll_pretty_black', 'cartzoom', 'cartzoom_pretty', 'cart', 'moll_rot', 'cart_rot']"
208,GW191127_050227,%BASEURL%,Skymaps,skymaps-thumb,,,2026-05-31T10:20:18.901,"['moll', 'moll_pretty', 'moll_pretty_black', 'cartzoom', 'cartzoom_pretty', 'cart', 'moll_rot', 'cart_rot']"
209,GW191127_050227,%BASEURL%,Skymaps (plain),skymaps-plain,,,2026-05-31T10:20:18.905,"['gal_8192', 'eq_8192', 'eq_4096']"
210,GW191126_115259,https://gwosc.org/eventapi/json/GWTC-3-confident/GW191126_115259/v1,JSON file,json-url,,,,
211,GW191126_115259,https://gwosc.org/eventapi/html/GWTC-3-confident/GW191126_115259/v1,GWTC link,open-data,,,,
212,GW191126_115259,https://zenodo.org/api/records/8177023/files/IGWN-GWTC3p0-v2-GW191126_115259_PEDataRelease_mixed_cosmo.h5/content,Data file,data-file,h5,zenodo,,
213,GW191126_115259,https://zenodo.org/record/8177023/files/IGWN-GWTC3p0-v2-PESkyLocalizations.tar.gz,Sky Map,skymap-fits,tar,,,
214,GW191126_115259,%BASEURL%,Skymaps,skymaps-plot,,,2026-05-31T10:20:18.916,"['moll', 'moll_pretty', 'moll_pretty_black', 'cartzoom', 'cartzoom_pretty', 'cart', 'moll_rot', 'cart_rot']"
215,GW191126_115259,%BASEURL%,Skymaps,skymaps-thumb,,,2026-05-31T10:20:18.916,"['moll', 'moll_pretty', 'moll_pretty_black', 'cartzoom', 'cartzoom_pretty', 'cart', 'moll_rot', 'cart_rot']"
216,GW191126_115259,%BASEURL%,Skymaps (plain),skymaps-plain,,,2026-05-31T10:20:18.921,"['gal_8192', 'eq_8192', 'eq_4096']"
217,GW191113_071753,https://gwosc.org/eventapi/json/GWTC-3-confident/GW191113_071753/v1,JSON file,json-url,,,,
218,GW191113_071753,https://gwosc.org/eventapi/html/GWTC-3-confident/GW191113_071753/v1,GWTC link,open-data,,,,
219,GW191113_071753,https://zenodo.org/api/records/8177023/files/IGWN-GWTC3p0-v2-GW191113_071753_PEDataRelease_mixed_cosmo.h5/content,Data file,data-file,h5,zenodo,,
220,GW191113_071753,https://zenodo.org/record/8177023/files/IGWN-GWTC3p0-v2-PESkyLocalizations.tar.gz,Sky Map,skymap-fits,tar,,,
221,GW191113_071753,%BASEURL%,Skymaps,skymaps-plot,,,2026-05-31T10:20:18.932,"['moll', 'moll_pretty', 'moll_pretty_black', 'cartzoom', 'cartzoom_pretty', 'cart', 'moll_rot', 'cart_rot']"
222,GW191113_071753,%BASEURL%,Skymaps,skymaps-thumb,,,2026-05-31T10:20:18.932,"['moll', 'moll_pretty', 'moll_pretty_black', 'cartzoom', 'cartzoom_pretty', 'cart', 'moll_rot', 'cart_rot']"
223,GW191113_071753,%BASEURL%,Skymaps (plain),skymaps-plain,,,2026-05-31T10:20:18.937,"['gal_8192', 'eq_8192', 'eq_4096']"
224,GW191109_010717,https://gwosc.org/eventapi/json/GWTC-3-confident/GW191109_010717/v1,JSON file,json-url,,,,
225,GW191109_010717,https://gwosc.org/eventapi/html/GWTC-3-confident/GW191109_010717/v1,GWTC link,open-data,,,,
226,GW191109_010717,https://zenodo.org/api/records/8177023/files/IGWN-GWTC3p0-v2-GW191109_010717_PEDataRelease_mixed_cosmo.h5/content,Data file,data-file,h5,zenodo,,
227,GW191109_010717,https://zenodo.org/record/8177023/files/IGWN-GWTC3p0-v2-PESkyLocalizations.tar.gz,Sky Map,skymap-fits,tar,,,
228,GW191109_010717,%BASEURL%,Skymaps,skymaps-plot,,,2026-05-31T10:20:18.948,"['moll', 'moll_pretty', 'moll_pretty_black', 'cartzoom', 'cartzoom_pretty', 'cart', 'moll_rot', 'cart_rot']"
229,GW191109_010717,%BASEURL%,Skymaps,skymaps-thumb,,,2026-05-31T10:20:18.948,"['moll', 'moll_pretty', 'moll_pretty_black', 'cartzoom', 'cartzoom_pretty', 'cart', 'moll_rot', 'cart_rot']"
230,GW191109_010717,%BASEURL%,Skymaps (plain),skymaps-plain,,,2026-05-31T10:20:18.952,"['gal_8192', 'eq_8192', 'eq_4096']"
231,GW191105_143521,https://gwosc.org/eventapi/json/GWTC-3-confident/GW191105_143521/v1,JSON file,json-url,,,,
232,GW191105_143521,https://gwosc.org/eventapi/html/GWTC-3-confident/GW191105_143521/v1,GWTC link,open-data,,,,
233,GW191105_143521,https://zenodo.org/api/records/8177023/files/IGWN-GWTC3p0-v2-GW191105_143521_PEDataRelease_mixed_cosmo.h5/content,Data file,data-file,h5,zenodo,,
234,GW191105_143521,https://zenodo.org/record/8177023/files/IGWN-GWTC3p0-v2-PESkyLocalizations.tar.gz,Sky Map,skymap-fits,tar,,,
235,GW191105_143521,%BASEURL%,Skymaps,skymaps-plot,,,2026-05-31T10:20:18.962,"['moll', 'moll_pretty', 'moll_pretty_black', 'cartzoom', 'cartzoom_pretty', 'cart', 'moll_rot', 'cart_rot']"
236,GW191105_143521,%BASEURL%,Skymaps,skymaps-thumb,,,2026-05-31T10:20:18.963,"['moll', 'moll_pretty', 'moll_pretty_black', 'cartzoom', 'cartzoom_pretty', 'cart', 'moll_rot', 'cart_rot']"
237,GW191105_143521,%BASEURL%,Skymaps (plain),skymaps-plain,,,2026-05-31T10:20:18.966,"['gal_8192', 'eq_8192', 'eq_4096']"
238,GW191103_012549,https://gwosc.org/eventapi/json/GWTC-3-confident/GW191103_012549/v1,JSON file,json-url,,,,
239,GW191103_012549,https://gwosc.org/eventapi/html/GWTC-3-confident/GW191103_012549/v1,GWTC link,open-data,,,,
240,GW191103_012549,https://zenodo.org/api/records/8177023/files/IGWN-GWTC3p0-v2-GW191103_012549_PEDataRelease_mixed_cosmo.h5/content,Data file,data-file,h5,zenodo,,
241,GW191103_012549,https://zenodo.org/record/8177023/files/IGWN-GWTC3p0-v2-PESkyLocalizations.tar.gz,Sky Map,skymap-fits,tar,,,
242,GW191103_012549,%BASEURL%,Skymaps,skymaps-plot,,,2026-05-31T10:20:18.977,"['moll', 'moll_pretty', 'moll_pretty_black', 'cartzoom', 'cartzoom_pretty', 'cart', 'moll_rot', 'cart_rot']"
243,GW191103_012549,%BASEURL%,Skymaps,skymaps-thumb,,,2026-05-31T10:20:18.977,"['moll', 'moll_pretty', 'moll_pretty_black', 'cartzoom', 'cartzoom_pretty', 'cart', 'moll_rot', 'cart_rot']"
244,GW191103_012549,%BASEURL%,Skymaps (plain),skymaps-plain,,,2026-05-31T10:20:18.981,"['gal_8192', 'eq_8192', 'eq_4096']"
245,GW240109_050431,https://gwosc.org/eventapi/json/GWTC-4.1/GW240109_050431/v2,JSON file,json-url,,,,
246,GW240109_050431,https://gwosc.org/eventapi/html/GWTC-4.1/GW240109_050431/v2,GWTC link,open-data,,,,
247,GW240109_050431,https://zenodo.org/api/records/20275769/files/IGWN-GWTC4p1-18965dda8_5-GW240109_050431-combined_PEDataRelease.hdf5/content,Data file,data-file,h5,zenodo,,
248,GW240109_050431,https://zenodo.org/record/20275769/files/IGWN-GWTC4p1-18965dda8_5-Archived_Skymaps.tar.gz,Sky Map,skymap-fits,tar,,2026-05-18T20:00:40.000,
249,GW240107_013215,https://gwosc.org/eventapi/json/GWTC-4.1/GW240107_013215/v2,JSON file,json-url,,,,
250,GW240107_013215,https://gwosc.org/eventapi/html/GWTC-4.1/GW240107_013215/v2,GWTC link,open-data,,,,
251,GW240107_013215,https://zenodo.org/api/records/20275769/files/IGWN-GWTC4p1-18965dda8_5-GW240107_013215-combined_PEDataRelease.hdf5/content,Data file,data-file,h5,zenodo,,
252,GW240107_013215,https://zenodo.org/record/20275769/files/IGWN-GWTC4p1-18965dda8_5-Archived_Skymaps.tar.gz,Sky Map,skymap-fits,tar,,2026-05-18T20:00:41.000,
253,GW240105_151143,https://gwosc.org/eventapi/json/GWTC-4.1/GW240105_151143/v2,JSON file,json-url,,,,
254,GW240105_151143,https://gwosc.org/eventapi/html/GWTC-4.1/GW240105_151143/v2,GWTC link,open-data,,,,
255,GW240105_151143,https://zenodo.org/record/20275769/files/IGWN-GWTC4p1-18965dda8_5-Archived_Skymaps.tar.gz,Sky Map,skymap-fits,tar,,,
256,GW240104_164932,https://gwosc.org/eventapi/json/GWTC-4.1/GW240104_164932/v2,JSON file,json-url,,,,
257,GW240104_164932,https://gwosc.org/eventapi/html/GWTC-4.1/GW240104_164932/v2,GWTC link,open-data,,,,
258,GW240104_164932,https://zenodo.org/api/records/20275769/files/IGWN-GWTC4p1-18965dda8_5-GW240104_164932-combined_PEDataRelease.hdf5/content,Data file,data-file,h5,zenodo,,
259,GW240104_164932,https://zenodo.org/record/20275769/files/IGWN-GWTC4p1-18965dda8_5-Archived_Skymaps.tar.gz,Sky Map,skymap-fits,tar,,2026-05-18T20:00:40.000,
260,GW231231_154016,https://gwosc.org/eventapi/json/GWTC-4.1/GW231231_154016/v2,JSON file,json-url,,,,
261,GW231231_154016,https://gwosc.org/eventapi/html/GWTC-4.1/GW231231_154016/v2,GWTC link,open-data,,,,
262,GW231231_154016,https://zenodo.org/api/records/20275769/files/IGWN-GWTC4p1-18965dda8_5-GW231231_154016-combined_PEDataRelease.hdf5/content,Data file,data-file,h5,zenodo,,
263,GW231231_154016,https://zenodo.org/record/20275769/files/IGWN-GWTC4p1-18965dda8_5-Archived_Skymaps.tar.gz,Sky Map,skymap-fits,tar,,2026-05-18T20:00:41.000,
264,GW231231_120147,https://gwosc.org/eventapi/json/GWTC-4.1/GW231231_120147/v2,JSON file,json-url,,,,
265,GW231231_120147,https://gwosc.org/eventapi/html/GWTC-4.1/GW231231_120147/v2,GWTC link,open-data,,,,
266,GW231231_120147,https://zenodo.org/record/20275769/files/IGWN-GWTC4p1-18965dda8_5-Archived_Skymaps.tar.gz,Sky Map,skymap-fits,tar,,,
267,GW231230_170116,https://gwosc.org/eventapi/json/GWTC-4.1/GW231230_170116/v2,JSON file,json-url,,,,
268,GW231230_170116,https://gwosc.org/eventapi/html/GWTC-4.1/GW231230_170116/v2,GWTC link,open-data,,,,
269,GW231230_170116,https://zenodo.org/api/records/20275769/files/IGWN-GWTC4p1-18965dda8_5-GW231230_170116-combined_PEDataRelease.hdf5/content,Data file,data-file,h5,zenodo,,
270,GW231230_170116,https://zenodo.org/record/20275769/files/IGWN-GWTC4p1-18965dda8_5-Archived_Skymaps.tar.gz,Sky Map,skymap-fits,tar,,2026-05-18T20:00:41.000,
271,GW231226_101520,https://gwosc.org/eventapi/json/GWTC-4.1/GW231226_101520/v2,JSON file,json-url,,,,
272,GW231226_101520,https://gwosc.org/eventapi/html/GWTC-4.1/GW231226_101520/v2,GWTC link,open-data,,,,
273,GW231226_101520,https://zenodo.org/api/records/20275769/files/IGWN-GWTC4p1-18965dda8_5-GW231226_101520-combined_PEDataRelease.hdf5/content,Data file,data-file,h5,zenodo,,
274,GW231226_101520,https://zenodo.org/record/20275769/files/IGWN-GWTC4p1-18965dda8_5-Archived_Skymaps.tar.gz,Sky Map,skymap-fits,tar,,2026-05-18T20:00:41.000,
275,GW231224_024321,https://gwosc.org/eventapi/json/GWTC-4.1/GW231224_024321/v2,JSON file,json-url,,,,
276,GW231224_024321,https://gwosc.org/eventapi/html/GWTC-4.1/GW231224_024321/v2,GWTC link,open-data,,,,
277,GW231224_024321,https://zenodo.org/api/records/20275769/files/IGWN-GWTC4p1-18965dda8_5-GW231224_024321-combined_PEDataRelease.hdf5/content,Data file,data-file,h5,zenodo,,
278,GW231224_024321,https://zenodo.org/record/20275769/files/IGWN-GWTC4p1-18965dda8_5-Archived_Skymaps.tar.gz,Sky Map,skymap-fits,tar,,2026-05-18T20:00:41.000,
279,GW231223_202619,https://gwosc.org/eventapi/json/GWTC-4.1/GW231223_202619/v2,JSON file,json-url,,,,
280,GW231223_202619,https://gwosc.org/eventapi/html/GWTC-4.1/GW231223_202619/v2,GWTC link,open-data,,,,
281,GW231223_202619,https://zenodo.org/api/records/20275769/files/IGWN-GWTC4p1-18965dda8_5-GW231223_202619-combined_PEDataRelease.hdf5/content,Data file,data-file,h5,zenodo,,
282,GW231223_202619,https://zenodo.org/record/20275769/files/IGWN-GWTC4p1-18965dda8_5-Archived_Skymaps.tar.gz,Sky Map,skymap-fits,tar,,2026-05-18T20:00:41.000,
283,GW231223_075055,https://gwosc.org/eventapi/json/GWTC-4.1/GW231223_075055/v2,JSON file,json-url,,,,
284,GW231223_075055,https://gwosc.org/eventapi/html/GWTC-4.1/GW231223_075055/v2,GWTC link,open-data,,,,
285,GW231223_075055,https://zenodo.org/api/records/20275769/files/IGWN-GWTC4p1-18965dda8_5-GW231223_075055-combined_PEDataRelease.hdf5/content,Data file,data-file,h5,zenodo,,
286,GW231223_075055,https://zenodo.org/record/20275769/files/IGWN-GWTC4p1-18965dda8_5-Archived_Skymaps.tar.gz,Sky Map,skymap-fits,tar,,2026-05-18T20:00:40.000,
287,GW231223_032836,https://gwosc.org/eventapi/json/GWTC-4.1/GW231223_032836/v2,JSON file,json-url,,,,
288,GW231223_032836,https://gwosc.org/eventapi/html/GWTC-4.1/GW231223_032836/v2,GWTC link,open-data,,,,
289,GW231223_032836,https://zenodo.org/api/records/20275769/files/IGWN-GWTC4p1-18965dda8_5-GW231223_032836-combined_PEDataRelease.hdf5/content,Data file,data-file,h5,zenodo,,
290,GW231223_032836,https://zenodo.org/record/20275769/files/IGWN-GWTC4p1-18965dda8_5-Archived_Skymaps.tar.gz,Sky Map,skymap-fits,tar,,2026-05-18T20:00:42.000,
291,GW231221_135041,https://gwosc.org/eventapi/json/GWTC-4.1/GW231221_135041/v2,JSON file,json-url,,,,
292,GW231221_135041,https://gwosc.org/eventapi/html/GWTC-4.1/GW231221_135041/v2,GWTC link,open-data,,,,
293,GW231221_135041,https://zenodo.org/api/records/20275769/files/IGWN-GWTC4p1-18965dda8_5-GW231221_135041-combined_PEDataRelease.hdf5/content,Data file,data-file,h5,zenodo,,
294,GW231221_135041,https://zenodo.org/record/20275769/files/IGWN-GWTC4p1-18965dda8_5-Archived_Skymaps.tar.gz,Sky Map,skymap-fits,tar,,2026-05-18T20:00:42.000,
295,GW231220_173406,https://gwosc.org/eventapi/json/GWTC-4.1/GW231220_173406/v2,JSON file,json-url,,,,
296,GW231220_173406,https://gwosc.org/eventapi/html/GWTC-4.1/GW231220_173406/v2,GWTC link,open-data,,,,
297,GW231220_173406,https://zenodo.org/record/20275769/files/IGWN-GWTC4p1-18965dda8_5-Archived_Skymaps.tar.gz,Sky Map,skymap-fits,tar,,,
298,GW231213_111417,https://gwosc.org/eventapi/json/GWTC-4.1/GW231213_111417/v2,JSON file,json-url,,,,
299,GW231213_111417,https://gwosc.org/eventapi/html/GWTC-4.1/GW231213_111417/v2,GWTC link,open-data,,,,
300,GW231213_111417,https://zenodo.org/api/records/20275769/files/IGWN-GWTC4p1-18965dda8_5-GW231213_111417-combined_PEDataRelease.hdf5/content,Data file,data-file,h5,zenodo,,
301,GW231213_111417,https://zenodo.org/record/20275769/files/IGWN-GWTC4p1-18965dda8_5-Archived_Skymaps.tar.gz,Sky Map,skymap-fits,tar,,2026-05-18T20:00:41.000,
302,GW231206_233901,https://gwosc.org/eventapi/json/GWTC-4.1/GW231206_233901/v2,JSON file,json-url,,,,
303,GW231206_233901,https://gwosc.org/eventapi/html/GWTC-4.1/GW231206_233901/v2,GWTC link,open-data,,,,
304,GW231206_233901,https://zenodo.org/api/records/20275769/files/IGWN-GWTC4p1-18965dda8_5-GW231206_233901-combined_PEDataRelease.hdf5/content,Data file,data-file,h5,zenodo,,
305,GW231206_233901,https://zenodo.org/record/20275769/files/IGWN-GWTC4p1-18965dda8_5-Archived_Skymaps.tar.gz,Sky Map,skymap-fits,tar,,2026-05-18T20:00:42.000,
306,GW231206_233134,https://gwosc.org/eventapi/json/GWTC-4.1/GW231206_233134/v2,JSON file,json-url,,,,
307,GW231206_233134,https://gwosc.org/eventapi/html/GWTC-4.1/GW231206_233134/v2,GWTC link,open-data,,,,
308,GW231206_233134,https://zenodo.org/api/records/20275769/files/IGWN-GWTC4p1-18965dda8_5-GW231206_233134-combined_PEDataRelease.hdf5/content,Data file,data-file,h5,zenodo,,
309,GW231206_233134,https://zenodo.org/record/20275769/files/IGWN-GWTC4p1-18965dda8_5-Archived_Skymaps.tar.gz,Sky Map,skymap-fits,tar,,2026-05-18T20:00:41.000,
310,GW231206_010629,https://gwosc.org/eventapi/json/GWTC-4.1/GW231206_010629/v2,JSON file,json-url,,,,
311,GW231206_010629,https://gwosc.org/eventapi/html/GWTC-4.1/GW231206_010629/v2,GWTC link,open-data,,,,
312,GW231206_010629,https://zenodo.org/record/20275769/files/IGWN-GWTC4p1-18965dda8_5-Archived_Skymaps.tar.gz,Sky Map,skymap-fits,tar,,,
313,GW231204_090648,https://gwosc.org/eventapi/json/GWTC-4.1/GW231204_090648/v2,JSON file,json-url,,,,
314,GW231204_090648,https://gwosc.org/eventapi/html/GWTC-4.1/GW231204_090648/v2,GWTC link,open-data,,,,
315,GW231204_090648,https://zenodo.org/record/20275769/files/IGWN-GWTC4p1-18965dda8_5-Archived_Skymaps.tar.gz,Sky Map,skymap-fits,tar,,,
316,GW231129_081745,https://gwosc.org/eventapi/json/GWTC-4.1/GW231129_081745/v2,JSON file,json-url,,,,
317,GW231129_081745,https://gwosc.org/eventapi/html/GWTC-4.1/GW231129_081745/v2,GWTC link,open-data,,,,
318,GW231129_081745,https://zenodo.org/api/records/20275769/files/IGWN-GWTC4p1-18965dda8_5-GW231129_081745-combined_PEDataRelease.hdf5/content,Data file,data-file,h5,zenodo,,
319,GW231129_081745,https://zenodo.org/record/20275769/files/IGWN-GWTC4p1-18965dda8_5-Archived_Skymaps.tar.gz,Sky Map,skymap-fits,tar,,2026-05-18T20:00:41.000,
320,GW231127_165300,https://gwosc.org/eventapi/json/GWTC-4.1/GW231127_165300/v2,JSON file,json-url,,,,
321,GW231127_165300,https://gwosc.org/eventapi/html/GWTC-4.1/GW231127_165300/v2,GWTC link,open-data,,,,
322,GW231127_165300,https://zenodo.org/api/records/20275769/files/IGWN-GWTC4p1-18965dda8_5-GW231127_165300-combined_PEDataRelease.hdf5/content,Data file,data-file,h5,zenodo,,
323,GW231127_165300,https://zenodo.org/record/20275769/files/IGWN-GWTC4p1-18965dda8_5-Archived_Skymaps.tar.gz,Sky Map,skymap-fits,tar,,2026-05-18T20:00:40.000,
324,GW231127_061546,https://gwosc.org/eventapi/json/GWTC-4.1/GW231127_061546/v1,JSON file,json-url,,,,
325,GW231127_061546,https://gwosc.org/eventapi/html/GWTC-4.1/GW231127_061546/v1,GWTC link,open-data,,,,
326,GW231127_061546,https://zenodo.org/record/20275769/files/IGWN-GWTC4p1-18965dda8_5-Archived_Skymaps.tar.gz,Sky Map,skymap-fits,tar,,,
327,GW231126_010928,https://gwosc.org/eventapi/json/GWTC-4.1/GW231126_010928/v2,JSON file,json-url,,,,
328,GW231126_010928,https://gwosc.org/eventapi/html/GWTC-4.1/GW231126_010928/v2,GWTC link,open-data,,,,
329,GW231126_010928,https://zenodo.org/record/20275769/files/IGWN-GWTC4p1-18965dda8_5-Archived_Skymaps.tar.gz,Sky Map,skymap-fits,tar,,,
330,GW231123_135430,https://gwosc.org/eventapi/json/GWTC-4.1/GW231123_135430/v3,JSON file,json-url,,,,
331,GW231123_135430,https://gwosc.org/eventapi/html/GWTC-4.1/GW231123_135430/v3,GWTC link,open-data,,,,
332,GW231123_135430,https://zenodo.org/api/records/20275769/files/IGWN-GWTC4p1-18965dda8_5-GW231123_135430-combined_PEDataRelease.hdf5/content,Data file,data-file,h5,zenodo,,
333,GW231123_135430,https://zenodo.org/record/20275769/files/IGWN-GWTC4p1-18965dda8_5-Archived_Skymaps.tar.gz,Sky Map,skymap-fits,tar,,2026-05-18T20:00:41.000,
334,GW231120_022103,https://gwosc.org/eventapi/json/GWTC-4.1/GW231120_022103/v2,JSON file,json-url,,,,
335,GW231120_022103,https://gwosc.org/eventapi/html/GWTC-4.1/GW231120_022103/v2,GWTC link,open-data,,,,
336,GW231120_022103,https://zenodo.org/record/20275769/files/IGWN-GWTC4p1-18965dda8_5-Archived_Skymaps.tar.gz,Sky Map,skymap-fits,tar,,,
337,GW231119_075248,https://gwosc.org/eventapi/json/GWTC-4.1/GW231119_075248/v2,JSON file,json-url,,,,
338,GW231119_075248,https://gwosc.org/eventapi/html/GWTC-4.1/GW231119_075248/v2,GWTC link,open-data,,,,
339,GW231119_075248,https://zenodo.org/api/records/20275769/files/IGWN-GWTC4p1-18965dda8_5-GW231119_075248-combined_PEDataRelease.hdf5/content,Data file,data-file,h5,zenodo,,
340,GW231119_075248,https://zenodo.org/record/20275769/files/IGWN-GWTC4p1-18965dda8_5-Archived_Skymaps.tar.gz,Sky Map,skymap-fits,tar,,2026-05-18T20:00:41.000,
341,GW231118_090602,https://gwosc.org/eventapi/json/GWTC-4.1/GW231118_090602/v2,JSON file,json-url,,,,
342,GW231118_090602,https://gwosc.org/eventapi/html/GWTC-4.1/GW231118_090602/v2,GWTC link,open-data,,,,
343,GW231118_090602,https://zenodo.org/api/records/20275769/files/IGWN-GWTC4p1-18965dda8_5-GW231118_090602-combined_PEDataRelease.hdf5/content,Data file,data-file,h5,zenodo,,
344,GW231118_090602,https://zenodo.org/record/20275769/files/IGWN-GWTC4p1-18965dda8_5-Archived_Skymaps.tar.gz,Sky Map,skymap-fits,tar,,2026-05-18T20:00:41.000,
345,GW231118_071402,https://gwosc.org/eventapi/json/GWTC-4.1/GW231118_071402/v2,JSON file,json-url,,,,
346,GW231118_071402,https://gwosc.org/eventapi/html/GWTC-4.1/GW231118_071402/v2,GWTC link,open-data,,,,
347,GW231118_071402,https://zenodo.org/api/records/20275769/files/IGWN-GWTC4p1-18965dda8_5-GW231118_071402-combined_PEDataRelease.hdf5/content,Data file,data-file,h5,zenodo,,
348,GW231118_071402,https://zenodo.org/record/20275769/files/IGWN-GWTC4p1-18965dda8_5-Archived_Skymaps.tar.gz,Sky Map,skymap-fits,tar,,2026-05-18T20:00:42.000,
349,GW231118_005626,https://gwosc.org/eventapi/json/GWTC-4.1/GW231118_005626/v2,JSON file,json-url,,,,
350,GW231118_005626,https://gwosc.org/eventapi/html/GWTC-4.1/GW231118_005626/v2,GWTC link,open-data,,,,
351,GW231118_005626,https://zenodo.org/api/records/20275769/files/IGWN-GWTC4p1-18965dda8_5-GW231118_005626-combined_PEDataRelease.hdf5/content,Data file,data-file,h5,zenodo,,
352,GW231118_005626,https://zenodo.org/record/20275769/files/IGWN-GWTC4p1-18965dda8_5-Archived_Skymaps.tar.gz,Sky Map,skymap-fits,tar,,2026-05-18T20:00:41.000,
353,GW231114_043211,https://gwosc.org/eventapi/json/GWTC-4.1/GW231114_043211/v2,JSON file,json-url,,,,
354,GW231114_043211,https://gwosc.org/eventapi/html/GWTC-4.1/GW231114_043211/v2,GWTC link,open-data,,,,
355,GW231114_043211,https://zenodo.org/api/records/20275769/files/IGWN-GWTC4p1-18965dda8_5-GW231114_043211-combined_PEDataRelease.hdf5/content,Data file,data-file,h5,zenodo,,
356,GW231114_043211,https://zenodo.org/record/20275769/files/IGWN-GWTC4p1-18965dda8_5-Archived_Skymaps.tar.gz,Sky Map,skymap-fits,tar,,2026-05-18T20:00:41.000,
357,GW231113_200417,https://gwosc.org/eventapi/json/GWTC-4.1/GW231113_200417/v2,JSON file,json-url,,,,
358,GW231113_200417,https://gwosc.org/eventapi/html/GWTC-4.1/GW231113_200417/v2,GWTC link,open-data,,,,
359,GW231113_200417,https://zenodo.org/api/records/20275769/files/IGWN-GWTC4p1-18965dda8_5-GW231113_200417-combined_PEDataRelease.hdf5/content,Data file,data-file,h5,zenodo,,
360,GW231113_200417,https://zenodo.org/record/20275769/files/IGWN-GWTC4p1-18965dda8_5-Archived_Skymaps.tar.gz,Sky Map,skymap-fits,tar,,2026-05-18T20:00:42.000,
361,GW231113_150041,https://gwosc.org/eventapi/json/GWTC-4.1/GW231113_150041/v2,JSON file,json-url,,,,
362,GW231113_150041,https://gwosc.org/eventapi/html/GWTC-4.1/GW231113_150041/v2,GWTC link,open-data,,,,
363,GW231113_150041,https://zenodo.org/api/records/20275769/files/IGWN-GWTC4p1-18965dda8_5-GW231113_150041-combined_PEDataRelease.hdf5/content,Data file,data-file,h5,zenodo,,
364,GW231113_150041,https://zenodo.org/record/20275769/files/IGWN-GWTC4p1-18965dda8_5-Archived_Skymaps.tar.gz,Sky Map,skymap-fits,tar,,2026-05-18T20:00:41.000,
365,GW231113_122623,https://gwosc.org/eventapi/json/GWTC-4.1/GW231113_122623/v2,JSON file,json-url,,,,
366,GW231113_122623,https://gwosc.org/eventapi/html/GWTC-4.1/GW231113_122623/v2,GWTC link,open-data,,,,
367,GW231113_122623,https://zenodo.org/api/records/20275769/files/IGWN-GWTC4p1-18965dda8_5-GW231113_122623-combined_PEDataRelease.hdf5/content,Data file,data-file,h5,zenodo,,
368,GW231113_122623,https://zenodo.org/record/20275769/files/IGWN-GWTC4p1-18965dda8_5-Archived_Skymaps.tar.gz,Sky Map,skymap-fits,tar,,2026-05-18T20:00:41.000,
369,GW231113_112825,https://gwosc.org/eventapi/json/GWTC-4.1/GW231113_112825/v1,JSON file,json-url,,,,
370,GW231113_112825,https://gwosc.org/eventapi/html/GWTC-4.1/GW231113_112825/v1,GWTC link,open-data,,,,
371,GW231113_112825,https://zenodo.org/record/20275769/files/IGWN-GWTC4p1-18965dda8_5-Archived_Skymaps.tar.gz,Sky Map,skymap-fits,tar,,,
372,GW231113_062050,https://gwosc.org/eventapi/json/GWTC-4.1/GW231113_062050/v1,JSON file,json-url,,,,
373,GW231113_062050,https://gwosc.org/eventapi/html/GWTC-4.1/GW231113_062050/v1,GWTC link,open-data,,,,
374,GW231113_062050,https://zenodo.org/record/20275769/files/IGWN-GWTC4p1-18965dda8_5-Archived_Skymaps.tar.gz,Sky Map,skymap-fits,tar,,,
375,GW231110_040320,https://gwosc.org/eventapi/json/GWTC-4.1/GW231110_040320/v2,JSON file,json-url,,,,
376,GW231110_040320,https://gwosc.org/eventapi/html/GWTC-4.1/GW231110_040320/v2,GWTC link,open-data,,,,
377,GW231110_040320,https://zenodo.org/api/records/20275769/files/IGWN-GWTC4p1-18965dda8_5-GW231110_040320-combined_PEDataRelease.hdf5/content,Data file,data-file,h5,zenodo,,
378,GW231110_040320,https://zenodo.org/record/20275769/files/IGWN-GWTC4p1-18965dda8_5-Archived_Skymaps.tar.gz,Sky Map,skymap-fits,tar,,2026-05-18T20:00:42.000,
379,GW231108_125142,https://gwosc.org/eventapi/json/GWTC-4.1/GW231108_125142/v2,JSON file,json-url,,,,
380,GW231108_125142,https://gwosc.org/eventapi/html/GWTC-4.1/GW231108_125142/v2,GWTC link,open-data,,,,
381,GW231108_125142,https://zenodo.org/api/records/20275769/files/IGWN-GWTC4p1-18965dda8_5-GW231108_125142-combined_PEDataRelease.hdf5/content,Data file,data-file,h5,zenodo,,
382,GW231108_125142,https://zenodo.org/record/20275769/files/IGWN-GWTC4p1-18965dda8_5-Archived_Skymaps.tar.gz,Sky Map,skymap-fits,tar,,2026-05-18T20:00:42.000,
383,GW231104_133418,https://gwosc.org/eventapi/json/GWTC-4.1/GW231104_133418/v2,JSON file,json-url,,,,
384,GW231104_133418,https://gwosc.org/eventapi/html/GWTC-4.1/GW231104_133418/v2,GWTC link,open-data,,,,
385,GW231104_133418,https://zenodo.org/api/records/20275769/files/IGWN-GWTC4p1-18965dda8_5-GW231104_133418-combined_PEDataRelease.hdf5/content,Data file,data-file,h5,zenodo,,
386,GW231104_133418,https://zenodo.org/record/20275769/files/IGWN-GWTC4p1-18965dda8_5-Archived_Skymaps.tar.gz,Sky Map,skymap-fits,tar,,2026-05-18T20:00:41.000,
387,GW231102_232433,https://gwosc.org/eventapi/json/GWTC-4.1/GW231102_232433/v2,JSON file,json-url,,,,
388,GW231102_232433,https://gwosc.org/eventapi/html/GWTC-4.1/GW231102_232433/v2,GWTC link,open-data,,,,
389,GW231102_232433,https://zenodo.org/record/20275769/files/IGWN-GWTC4p1-18965dda8_5-Archived_Skymaps.tar.gz,Sky Map,skymap-fits,tar,,,
390,GW231102_071736,https://gwosc.org/eventapi/json/GWTC-4.1/GW231102_071736/v2,JSON file,json-url,,,,
391,GW231102_071736,https://gwosc.org/eventapi/html/GWTC-4.1/GW231102_071736/v2,GWTC link,open-data,,,,
392,GW231102_071736,https://zenodo.org/api/records/20275769/files/IGWN-GWTC4p1-18965dda8_5-GW231102_071736-combined_PEDataRelease.hdf5/content,Data file,data-file,h5,zenodo,,
393,GW231102_071736,https://zenodo.org/record/20275769/files/IGWN-GWTC4p1-18965dda8_5-Archived_Skymaps.tar.gz,Sky Map,skymap-fits,tar,,2026-05-18T20:00:42.000,
394,GW231102_052214,https://gwosc.org/eventapi/json/GWTC-4.1/GW231102_052214/v2,JSON file,json-url,,,,
395,GW231102_052214,https://gwosc.org/eventapi/html/GWTC-4.1/GW231102_052214/v2,GWTC link,open-data,,,,
396,GW231102_052214,https://zenodo.org/record/20275769/files/IGWN-GWTC4p1-18965dda8_5-Archived_Skymaps.tar.gz,Sky Map,skymap-fits,tar,,,
397,GW231029_111508,https://gwosc.org/eventapi/json/GWTC-4.1/GW231029_111508/v2,JSON file,json-url,,,,
398,GW231029_111508,https://gwosc.org/eventapi/html/GWTC-4.1/GW231029_111508/v2,GWTC link,open-data,,,,
399,GW231029_111508,https://zenodo.org/api/records/20275769/files/IGWN-GWTC4p1-18965dda8_5-GW231029_111508-combined_PEDataRelease.hdf5/content,Data file,data-file,h5,zenodo,,
400,GW231029_111508,https://zenodo.org/record/20275769/files/IGWN-GWTC4p1-18965dda8_5-Archived_Skymaps.tar.gz,Sky Map,skymap-fits,tar,,2026-05-18T20:00:41.000,
401,GW231028_153006,https://gwosc.org/eventapi/json/GWTC-4.1/GW231028_153006/v2,JSON file,json-url,,,,
402,GW231028_153006,https://gwosc.org/eventapi/html/GWTC-4.1/GW231028_153006/v2,GWTC link,open-data,,,,
403,GW231028_153006,https://zenodo.org/api/records/20275769/files/IGWN-GWTC4p1-18965dda8_5-GW231028_153006-combined_PEDataRelease.hdf5/content,Data file,data-file,h5,zenodo,,
404,GW231028_153006,https://zenodo.org/record/20275769/files/IGWN-GWTC4p1-18965dda8_5-Archived_Skymaps.tar.gz,Sky Map,skymap-fits,tar,,2026-05-18T20:00:41.000,
405,GW231026_130704,https://gwosc.org/eventapi/json/GWTC-4.1/GW231026_130704/v2,JSON file,json-url,,,,
406,GW231026_130704,https://gwosc.org/eventapi/html/GWTC-4.1/GW231026_130704/v2,GWTC link,open-data,,,,
407,GW231026_130704,https://zenodo.org/api/records/20275769/files/IGWN-GWTC4p1-18965dda8_5-GW231026_130704-combined_PEDataRelease.hdf5/content,Data file,data-file,h5,zenodo,,
408,GW231026_130704,https://zenodo.org/record/20275769/files/IGWN-GWTC4p1-18965dda8_5-Archived_Skymaps.tar.gz,Sky Map,skymap-fits,tar,,2026-05-18T20:00:42.000,
409,GW231025_142306,https://gwosc.org/eventapi/json/GWTC-4.1/GW231025_142306/v1,JSON file,json-url,,,,
410,GW231025_142306,https://gwosc.org/eventapi/html/GWTC-4.1/GW231025_142306/v1,GWTC link,open-data,,,,
411,GW231025_142306,https://zenodo.org/record/20275769/files/IGWN-GWTC4p1-18965dda8_5-Archived_Skymaps.tar.gz,Sky Map,skymap-fits,tar,,,
412,GW231024_023603,https://gwosc.org/eventapi/json/GWTC-4.1/GW231024_023603/v1,JSON file,json-url,,,,
413,GW231024_023603,https://gwosc.org/eventapi/html/GWTC-4.1/GW231024_023603/v1,GWTC link,open-data,,,,
414,GW231024_023603,https://zenodo.org/record/20275769/files/IGWN-GWTC4p1-18965dda8_5-Archived_Skymaps.tar.gz,Sky Map,skymap-fits,tar,,,
415,GW231020_142947,https://gwosc.org/eventapi/json/GWTC-4.1/GW231020_142947/v2,JSON file,json-url,,,,
416,GW231020_142947,https://gwosc.org/eventapi/html/GWTC-4.1/GW231020_142947/v2,GWTC link,open-data,,,,
417,GW231020_142947,https://zenodo.org/api/records/20275769/files/IGWN-GWTC4p1-18965dda8_5-GW231020_142947-combined_PEDataRelease.hdf5/content,Data file,data-file,h5,zenodo,,
418,GW231020_142947,https://zenodo.org/record/20275769/files/IGWN-GWTC4p1-18965dda8_5-Archived_Skymaps.tar.gz,Sky Map,skymap-fits,tar,,2026-05-18T20:00:41.000,
419,GW231018_233037,https://gwosc.org/eventapi/json/GWTC-4.1/GW231018_233037/v2,JSON file,json-url,,,,
420,GW231018_233037,https://gwosc.org/eventapi/html/GWTC-4.1/GW231018_233037/v2,GWTC link,open-data,,,,
421,GW231018_233037,https://zenodo.org/api/records/20275769/files/IGWN-GWTC4p1-18965dda8_5-GW231018_233037-combined_PEDataRelease.hdf5/content,Data file,data-file,h5,zenodo,,
422,GW231018_233037,https://zenodo.org/record/20275769/files/IGWN-GWTC4p1-18965dda8_5-Archived_Skymaps.tar.gz,Sky Map,skymap-fits,tar,,2026-05-18T20:00:42.000,
423,GW231014_040532,https://gwosc.org/eventapi/json/GWTC-4.1/GW231014_040532/v2,JSON file,json-url,,,,
424,GW231014_040532,https://gwosc.org/eventapi/html/GWTC-4.1/GW231014_040532/v2,GWTC link,open-data,,,,
425,GW231014_040532,https://zenodo.org/api/records/20275769/files/IGWN-GWTC4p1-18965dda8_5-GW231014_040532-combined_PEDataRelease.hdf5/content,Data file,data-file,h5,zenodo,,
426,GW231014_040532,https://zenodo.org/record/20275769/files/IGWN-GWTC4p1-18965dda8_5-Archived_Skymaps.tar.gz,Sky Map,skymap-fits,tar,,2026-05-18T20:00:42.000,
427,GW231013_135504,https://gwosc.org/eventapi/json/GWTC-4.1/GW231013_135504/v2,JSON file,json-url,,,,
428,GW231013_135504,https://gwosc.org/eventapi/html/GWTC-4.1/GW231013_135504/v2,GWTC link,open-data,,,,
429,GW231013_135504,https://zenodo.org/record/20275769/files/IGWN-GWTC4p1-18965dda8_5-Archived_Skymaps.tar.gz,Sky Map,skymap-fits,tar,,,
430,GW231008_142521,https://gwosc.org/eventapi/json/GWTC-4.1/GW231008_142521/v2,JSON file,json-url,,,,
431,GW231008_142521,https://gwosc.org/eventapi/html/GWTC-4.1/GW231008_142521/v2,GWTC link,open-data,,,,
432,GW231008_142521,https://zenodo.org/api/records/20275769/files/IGWN-GWTC4p1-18965dda8_5-GW231008_142521-combined_PEDataRelease.hdf5/content,Data file,data-file,h5,zenodo,,
433,GW231008_142521,https://zenodo.org/record/20275769/files/IGWN-GWTC4p1-18965dda8_5-Archived_Skymaps.tar.gz,Sky Map,skymap-fits,tar,,2026-05-18T20:00:42.000,
434,GW231007_134720,https://gwosc.org/eventapi/json/GWTC-4.1/GW231007_134720/v1,JSON file,json-url,,,,
435,GW231007_134720,https://gwosc.org/eventapi/html/GWTC-4.1/GW231007_134720/v1,GWTC link,open-data,,,,
436,GW231007_134720,https://zenodo.org/record/20275769/files/IGWN-GWTC4p1-18965dda8_5-Archived_Skymaps.tar.gz,Sky Map,skymap-fits,tar,,,
437,GW231005_144455,https://gwosc.org/eventapi/json/GWTC-4.1/GW231005_144455/v2,JSON file,json-url,,,,
438,GW231005_144455,https://gwosc.org/eventapi/html/GWTC-4.1/GW231005_144455/v2,GWTC link,open-data,,,,
439,GW231005_144455,https://zenodo.org/record/20275769/files/IGWN-GWTC4p1-18965dda8_5-Archived_Skymaps.tar.gz,Sky Map,skymap-fits,tar,,,
440,GW231005_091549,https://gwosc.org/eventapi/json/GWTC-4.1/GW231005_091549/v2,JSON file,json-url,,,,
441,GW231005_091549,https://gwosc.org/eventapi/html/GWTC-4.1/GW231005_091549/v2,GWTC link,open-data,,,,
442,GW231005_091549,https://zenodo.org/api/records/20275769/files/IGWN-GWTC4p1-18965dda8_5-GW231005_091549-combined_PEDataRelease.hdf5/content,Data file,data-file,h5,zenodo,,
443,GW231005_091549,https://zenodo.org/record/20275769/files/IGWN-GWTC4p1-18965dda8_5-Archived_Skymaps.tar.gz,Sky Map,skymap-fits,tar,,2026-05-18T20:00:42.000,
444,GW231005_021030,https://gwosc.org/eventapi/json/GWTC-4.1/GW231005_021030/v2,JSON file,json-url,,,,
445,GW231005_021030,https://gwosc.org/eventapi/html/GWTC-4.1/GW231005_021030/v2,GWTC link,open-data,,,,
446,GW231005_021030,https://zenodo.org/api/records/20275769/files/IGWN-GWTC4p1-18965dda8_5-GW231005_021030-combined_PEDataRelease.hdf5/content,Data file,data-file,h5,zenodo,,
447,GW231005_021030,https://zenodo.org/record/20275769/files/IGWN-GWTC4p1-18965dda8_5-Archived_Skymaps.tar.gz,Sky Map,skymap-fits,tar,,2026-05-18T20:00:40.000,
448,GW231004_232346,https://gwosc.org/eventapi/json/GWTC-4.1/GW231004_232346/v2,JSON file,json-url,,,,
449,GW231004_232346,https://gwosc.org/eventapi/html/GWTC-4.1/GW231004_232346/v2,GWTC link,open-data,,,,
450,GW231004_232346,https://zenodo.org/api/records/20275769/files/IGWN-GWTC4p1-18965dda8_5-GW231004_232346-combined_PEDataRelease.hdf5/content,Data file,data-file,h5,zenodo,,
451,GW231004_232346,https://zenodo.org/record/20275769/files/IGWN-GWTC4p1-18965dda8_5-Archived_Skymaps.tar.gz,Sky Map,skymap-fits,tar,,2026-05-18T20:00:41.000,
452,GW231002_143916,https://gwosc.org/eventapi/json/GWTC-4.1/GW231002_143916/v2,JSON file,json-url,,,,
453,GW231002_143916,https://gwosc.org/eventapi/html/GWTC-4.1/GW231002_143916/v2,GWTC link,open-data,,,,
454,GW231002_143916,https://zenodo.org/record/20275769/files/IGWN-GWTC4p1-18965dda8_5-Archived_Skymaps.tar.gz,Sky Map,skymap-fits,tar,,,
455,GW231001_140220,https://gwosc.org/eventapi/json/GWTC-4.1/GW231001_140220/v2,JSON file,json-url,,,,
456,GW231001_140220,https://gwosc.org/eventapi/html/GWTC-4.1/GW231001_140220/v2,GWTC link,open-data,,,,
457,GW231001_140220,https://zenodo.org/api/records/20275769/files/IGWN-GWTC4p1-18965dda8_5-GW231001_140220-combined_PEDataRelease.hdf5/content,Data file,data-file,h5,zenodo,,
458,GW231001_140220,https://zenodo.org/record/20275769/files/IGWN-GWTC4p1-18965dda8_5-Archived_Skymaps.tar.gz,Sky Map,skymap-fits,tar,,2026-05-18T20:00:42.000,
459,GW230930_110730,https://gwosc.org/eventapi/json/GWTC-4.1/GW230930_110730/v2,JSON file,json-url,,,,
460,GW230930_110730,https://gwosc.org/eventapi/html/GWTC-4.1/GW230930_110730/v2,GWTC link,open-data,,,,
461,GW230930_110730,https://zenodo.org/api/records/20275769/files/IGWN-GWTC4p1-18965dda8_5-GW230930_110730-combined_PEDataRelease.hdf5/content,Data file,data-file,h5,zenodo,,
462,GW230930_110730,https://zenodo.org/record/20275769/files/IGWN-GWTC4p1-18965dda8_5-Archived_Skymaps.tar.gz,Sky Map,skymap-fits,tar,,2026-05-18T20:00:41.000,
463,GW230928_215827,https://gwosc.org/eventapi/json/GWTC-4.1/GW230928_215827/v2,JSON file,json-url,,,,
464,GW230928_215827,https://gwosc.org/eventapi/html/GWTC-4.1/GW230928_215827/v2,GWTC link,open-data,,,,
465,GW230928_215827,https://zenodo.org/api/records/20275769/files/IGWN-GWTC4p1-18965dda8_5-GW230928_215827-combined_PEDataRelease.hdf5/content,Data file,data-file,h5,zenodo,,
466,GW230928_215827,https://zenodo.org/record/20275769/files/IGWN-GWTC4p1-18965dda8_5-Archived_Skymaps.tar.gz,Sky Map,skymap-fits,tar,,2026-05-18T20:00:42.000,
467,GW230927_153832,https://gwosc.org/eventapi/json/GWTC-4.1/GW230927_153832/v2,JSON file,json-url,,,,
468,GW230927_153832,https://gwosc.org/eventapi/html/GWTC-4.1/GW230927_153832/v2,GWTC link,open-data,,,,
469,GW230927_153832,https://zenodo.org/api/records/20275769/files/IGWN-GWTC4p1-18965dda8_5-GW230927_153832-combined_PEDataRelease.hdf5/content,Data file,data-file,h5,zenodo,,
470,GW230927_153832,https://zenodo.org/record/20275769/files/IGWN-GWTC4p1-18965dda8_5-Archived_Skymaps.tar.gz,Sky Map,skymap-fits,tar,,2026-05-18T20:00:41.000,
471,GW230927_043729,https://gwosc.org/eventapi/json/GWTC-4.1/GW230927_043729/v2,JSON file,json-url,,,,
472,GW230927_043729,https://gwosc.org/eventapi/html/GWTC-4.1/GW230927_043729/v2,GWTC link,open-data,,,,
473,GW230927_043729,https://zenodo.org/api/records/20275769/files/IGWN-GWTC4p1-18965dda8_5-GW230927_043729-combined_PEDataRelease.hdf5/content,Data file,data-file,h5,zenodo,,
474,GW230927_043729,https://zenodo.org/record/20275769/files/IGWN-GWTC4p1-18965dda8_5-Archived_Skymaps.tar.gz,Sky Map,skymap-fits,tar,,2026-05-18T20:00:41.000,
475,GW230925_143957,https://gwosc.org/eventapi/json/GWTC-4.1/GW230925_143957/v2,JSON file,json-url,,,,
476,GW230925_143957,https://gwosc.org/eventapi/html/GWTC-4.1/GW230925_143957/v2,GWTC link,open-data,,,,
477,GW230925_143957,https://zenodo.org/record/20275769/files/IGWN-GWTC4p1-18965dda8_5-Archived_Skymaps.tar.gz,Sky Map,skymap-fits,tar,,,
478,GW230924_124453,https://gwosc.org/eventapi/json/GWTC-4.1/GW230924_124453/v2,JSON file,json-url,,,,
479,GW230924_124453,https://gwosc.org/eventapi/html/GWTC-4.1/GW230924_124453/v2,GWTC link,open-data,,,,
480,GW230924_124453,https://zenodo.org/api/records/20275769/files/IGWN-GWTC4p1-18965dda8_5-GW230924_124453-combined_PEDataRelease.hdf5/content,Data file,data-file,h5,zenodo,,
481,GW230924_124453,https://zenodo.org/record/20275769/files/IGWN-GWTC4p1-18965dda8_5-Archived_Skymaps.tar.gz,Sky Map,skymap-fits,tar,,2026-05-18T20:00:42.000,
482,GW230922_040658,https://gwosc.org/eventapi/json/GWTC-4.1/GW230922_040658/v2,JSON file,json-url,,,,
483,GW230922_040658,https://gwosc.org/eventapi/html/GWTC-4.1/GW230922_040658/v2,GWTC link,open-data,,,,
484,GW230922_040658,https://zenodo.org/api/records/20275769/files/IGWN-GWTC4p1-18965dda8_5-GW230922_040658-combined_PEDataRelease.hdf5/content,Data file,data-file,h5,zenodo,,
485,GW230922_040658,https://zenodo.org/record/20275769/files/IGWN-GWTC4p1-18965dda8_5-Archived_Skymaps.tar.gz,Sky Map,skymap-fits,tar,,2026-05-18T20:00:40.000,
486,GW230922_020344,https://gwosc.org/eventapi/json/GWTC-4.1/GW230922_020344/v2,JSON file,json-url,,,,
487,GW230922_020344,https://gwosc.org/eventapi/html/GWTC-4.1/GW230922_020344/v2,GWTC link,open-data,,,,
488,GW230922_020344,https://zenodo.org/api/records/20275769/files/IGWN-GWTC4p1-18965dda8_5-GW230922_020344-combined_PEDataRelease.hdf5/content,Data file,data-file,h5,zenodo,,
489,GW230922_020344,https://zenodo.org/record/20275769/files/IGWN-GWTC4p1-18965dda8_5-Archived_Skymaps.tar.gz,Sky Map,skymap-fits,tar,,2026-05-18T20:00:41.000,
490,GW230920_071124,https://gwosc.org/eventapi/json/GWTC-4.1/GW230920_071124/v2,JSON file,json-url,,,,
491,GW230920_071124,https://gwosc.org/eventapi/html/GWTC-4.1/GW230920_071124/v2,GWTC link,open-data,,,,
492,GW230920_071124,https://zenodo.org/api/records/20275769/files/IGWN-GWTC4p1-18965dda8_5-GW230920_071124-combined_PEDataRelease.hdf5/content,Data file,data-file,h5,zenodo,,
493,GW230920_071124,https://zenodo.org/record/20275769/files/IGWN-GWTC4p1-18965dda8_5-Archived_Skymaps.tar.gz,Sky Map,skymap-fits,tar,,2026-05-18T20:00:42.000,
494,GW230920_064709,https://gwosc.org/eventapi/json/GWTC-4.1/GW230920_064709/v2,JSON file,json-url,,,,
495,GW230920_064709,https://gwosc.org/eventapi/html/GWTC-4.1/GW230920_064709/v2,GWTC link,open-data,,,,
496,GW230920_064709,https://zenodo.org/record/20275769/files/IGWN-GWTC4p1-18965dda8_5-Archived_Skymaps.tar.gz,Sky Map,skymap-fits,tar,,,
497,GW230919_215712,https://gwosc.org/eventapi/json/GWTC-4.1/GW230919_215712/v2,JSON file,json-url,,,,
498,GW230919_215712,https://gwosc.org/eventapi/html/GWTC-4.1/GW230919_215712/v2,GWTC link,open-data,,,,
499,GW230919_215712,https://zenodo.org/api/records/20275769/files/IGWN-GWTC4p1-18965dda8_5-GW230919_215712-combined_PEDataRelease.hdf5/content,Data file,data-file,h5,zenodo,,
500,GW230919_215712,https://zenodo.org/record/20275769/files/IGWN-GWTC4p1-18965dda8_5-Archived_Skymaps.tar.gz,Sky Map,skymap-fits,tar,,2026-05-18T20:00:42.000,
501,GW230914_111401,https://gwosc.org/eventapi/json/GWTC-4.1/GW230914_111401/v2,JSON file,json-url,,,,
502,GW230914_111401,https://gwosc.org/eventapi/html/GWTC-4.1/GW230914_111401/v2,GWTC link,open-data,,,,
503,GW230914_111401,https://zenodo.org/api/records/20275769/files/IGWN-GWTC4p1-18965dda8_5-GW230914_111401-combined_PEDataRelease.hdf5/content,Data file,data-file,h5,zenodo,,
504,GW230914_111401,https://zenodo.org/record/20275769/files/IGWN-GWTC4p1-18965dda8_5-Archived_Skymaps.tar.gz,Sky Map,skymap-fits,tar,,2026-05-18T20:00:40.000,
505,GW230911_195324,https://gwosc.org/eventapi/json/GWTC-4.1/GW230911_195324/v2,JSON file,json-url,,,,
506,GW230911_195324,https://gwosc.org/eventapi/html/GWTC-4.1/GW230911_195324/v2,GWTC link,open-data,,,,
507,GW230911_195324,https://zenodo.org/api/records/20275769/files/IGWN-GWTC4p1-18965dda8_5-GW230911_195324-combined_PEDataRelease.hdf5/content,Data file,data-file,h5,zenodo,,
508,GW230911_195324,https://zenodo.org/record/20275769/files/IGWN-GWTC4p1-18965dda8_5-Archived_Skymaps.tar.gz,Sky Map,skymap-fits,tar,,2026-05-18T20:00:41.000,
509,GW230904_152545,https://gwosc.org/eventapi/json/GWTC-4.1/GW230904_152545/v2,JSON file,json-url,,,,
510,GW230904_152545,https://gwosc.org/eventapi/html/GWTC-4.1/GW230904_152545/v2,GWTC link,open-data,,,,
511,GW230904_152545,https://zenodo.org/record/20275769/files/IGWN-GWTC4p1-18965dda8_5-Archived_Skymaps.tar.gz,Sky Map,skymap-fits,tar,,,
512,GW230904_051013,https://gwosc.org/eventapi/json/GWTC-4.1/GW230904_051013/v2,JSON file,json-url,,,,
513,GW230904_051013,https://gwosc.org/eventapi/html/GWTC-4.1/GW230904_051013/v2,GWTC link,open-data,,,,
514,GW230904_051013,https://zenodo.org/api/records/20275769/files/IGWN-GWTC4p1-18965dda8_5-GW230904_051013-combined_PEDataRelease.hdf5/content,Data file,data-file,h5,zenodo,,
515,GW230904_051013,https://zenodo.org/record/20275769/files/IGWN-GWTC4p1-18965dda8_5-Archived_Skymaps.tar.gz,Sky Map,skymap-fits,tar,,2026-05-18T20:00:41.000,
516,GW230902_224555,https://gwosc.org/eventapi/json/GWTC-4.1/GW230902_224555/v2,JSON file,json-url,,,,
517,GW230902_224555,https://gwosc.org/eventapi/html/GWTC-4.1/GW230902_224555/v2,GWTC link,open-data,,,,
518,GW230902_224555,https://zenodo.org/record/20275769/files/IGWN-GWTC4p1-18965dda8_5-Archived_Skymaps.tar.gz,Sky Map,skymap-fits,tar,,,
519,GW230902_172430,https://gwosc.org/eventapi/json/GWTC-4.1/GW230902_172430/v2,JSON file,json-url,,,,
520,GW230902_172430,https://gwosc.org/eventapi/html/GWTC-4.1/GW230902_172430/v2,GWTC link,open-data,,,,
521,GW230902_172430,https://zenodo.org/record/20275769/files/IGWN-GWTC4p1-18965dda8_5-Archived_Skymaps.tar.gz,Sky Map,skymap-fits,tar,,,
522,GW230902_150325,https://gwosc.org/eventapi/json/GWTC-4.1/GW230902_150325/v1,JSON file,json-url,,,,
523,GW230902_150325,https://gwosc.org/eventapi/html/GWTC-4.1/GW230902_150325/v1,GWTC link,open-data,,,,
524,GW230902_150325,https://zenodo.org/record/20275769/files/IGWN-GWTC4p1-18965dda8_5-Archived_Skymaps.tar.gz,Sky Map,skymap-fits,tar,,,
525,GW230902_122814,https://gwosc.org/eventapi/json/GWTC-4.1/GW230902_122814/v2,JSON file,json-url,,,,
526,GW230902_122814,https://gwosc.org/eventapi/html/GWTC-4.1/GW230902_122814/v2,GWTC link,open-data,,,,
527,GW230902_122814,https://zenodo.org/record/20275769/files/IGWN-GWTC4p1-18965dda8_5-Archived_Skymaps.tar.gz,Sky Map,skymap-fits,tar,,,
528,GW230831_134621,https://gwosc.org/eventapi/json/GWTC-4.1/GW230831_134621/v2,JSON file,json-url,,,,
529,GW230831_134621,https://gwosc.org/eventapi/html/GWTC-4.1/GW230831_134621/v2,GWTC link,open-data,,,,
530,GW230831_134621,https://zenodo.org/record/20275769/files/IGWN-GWTC4p1-18965dda8_5-Archived_Skymaps.tar.gz,Sky Map,skymap-fits,tar,,,
531,GW230831_015414,https://gwosc.org/eventapi/json/GWTC-4.1/GW230831_015414/v2,JSON file,json-url,,,,
532,GW230831_015414,https://gwosc.org/eventapi/html/GWTC-4.1/GW230831_015414/v2,GWTC link,open-data,,,,
533,GW230831_015414,https://zenodo.org/api/records/20275769/files/IGWN-GWTC4p1-18965dda8_5-GW230831_015414-combined_PEDataRelease.hdf5/content,Data file,data-file,h5,zenodo,,
534,GW230831_015414,https://zenodo.org/record/20275769/files/IGWN-GWTC4p1-18965dda8_5-Archived_Skymaps.tar.gz,Sky Map,skymap-fits,tar,,2026-05-18T20:00:42.000,
535,GW230830_064744,https://gwosc.org/eventapi/json/GWTC-4.1/GW230830_064744/v2,JSON file,json-url,,,,
536,GW230830_064744,https://gwosc.org/eventapi/html/GWTC-4.1/GW230830_064744/v2,GWTC link,open-data,,,,
537,GW230830_064744,https://zenodo.org/record/20275769/files/IGWN-GWTC4p1-18965dda8_5-Archived_Skymaps.tar.gz,Sky Map,skymap-fits,tar,,,
538,GW230825_041334,https://gwosc.org/eventapi/json/GWTC-4.1/GW230825_041334/v2,JSON file,json-url,,,,
539,GW230825_041334,https://gwosc.org/eventapi/html/GWTC-4.1/GW230825_041334/v2,GWTC link,open-data,,,,
540,GW230825_041334,https://zenodo.org/api/records/20275769/files/IGWN-GWTC4p1-18965dda8_5-GW230825_041334-combined_PEDataRelease.hdf5/content,Data file,data-file,h5,zenodo,,
541,GW230825_041334,https://zenodo.org/record/20275769/files/IGWN-GWTC4p1-18965dda8_5-Archived_Skymaps.tar.gz,Sky Map,skymap-fits,tar,,2026-05-18T20:00:40.000,
542,GW230824_135331,https://gwosc.org/eventapi/json/GWTC-4.1/GW230824_135331/v2,JSON file,json-url,,,,
543,GW230824_135331,https://gwosc.org/eventapi/html/GWTC-4.1/GW230824_135331/v2,GWTC link,open-data,,,,
544,GW230824_135331,https://zenodo.org/record/20275769/files/IGWN-GWTC4p1-18965dda8_5-Archived_Skymaps.tar.gz,Sky Map,skymap-fits,tar,,,
545,GW230824_033047,https://gwosc.org/eventapi/json/GWTC-4.1/GW230824_033047/v2,JSON file,json-url,,,,
546,GW230824_033047,https://gwosc.org/eventapi/html/GWTC-4.1/GW230824_033047/v2,GWTC link,open-data,,,,
547,GW230824_033047,https://zenodo.org/api/records/20275769/files/IGWN-GWTC4p1-18965dda8_5-GW230824_033047-combined_PEDataRelease.hdf5/content,Data file,data-file,h5,zenodo,,
548,GW230824_033047,https://zenodo.org/record/20275769/files/IGWN-GWTC4p1-18965dda8_5-Archived_Skymaps.tar.gz,Sky Map,skymap-fits,tar,,2026-05-18T20:00:40.000,
549,GW230823_142524,https://gwosc.org/eventapi/json/GWTC-4.1/GW230823_142524/v2,JSON file,json-url,,,,
550,GW230823_142524,https://gwosc.org/eventapi/html/GWTC-4.1/GW230823_142524/v2,GWTC link,open-data,,,,
551,GW230823_142524,https://zenodo.org/record/20275769/files/IGWN-GWTC4p1-18965dda8_5-Archived_Skymaps.tar.gz,Sky Map,skymap-fits,tar,,,
552,GW230822_230337,https://gwosc.org/eventapi/json/GWTC-4.1/GW230822_230337/v2,JSON file,json-url,,,,
553,GW230822_230337,https://gwosc.org/eventapi/html/GWTC-4.1/GW230822_230337/v2,GWTC link,open-data,,,,
554,GW230822_230337,https://zenodo.org/record/20275769/files/IGWN-GWTC4p1-18965dda8_5-Archived_Skymaps.tar.gz,Sky Map,skymap-fits,tar,,,
555,GW230820_212515,https://gwosc.org/eventapi/json/GWTC-4.1/GW230820_212515/v2,JSON file,json-url,,,,
556,GW230820_212515,https://gwosc.org/eventapi/html/GWTC-4.1/GW230820_212515/v2,GWTC link,open-data,,,,
557,GW230820_212515,https://zenodo.org/api/records/20275769/files/IGWN-GWTC4p1-18965dda8_5-GW230820_212515-combined_PEDataRelease.hdf5/content,Data file,data-file,h5,zenodo,,
558,GW230820_212515,https://zenodo.org/record/20275769/files/IGWN-GWTC4p1-18965dda8_5-Archived_Skymaps.tar.gz,Sky Map,skymap-fits,tar,,2026-05-18T20:00:41.000,
559,GW230819_171910,https://gwosc.org/eventapi/json/GWTC-4.1/GW230819_171910/v2,JSON file,json-url,,,,
560,GW230819_171910,https://gwosc.org/eventapi/html/GWTC-4.1/GW230819_171910/v2,GWTC link,open-data,,,,
561,GW230819_171910,https://zenodo.org/api/records/20275769/files/IGWN-GWTC4p1-18965dda8_5-GW230819_171910-combined_PEDataRelease.hdf5/content,Data file,data-file,h5,zenodo,,
562,GW230819_171910,https://zenodo.org/record/20275769/files/IGWN-GWTC4p1-18965dda8_5-Archived_Skymaps.tar.gz,Sky Map,skymap-fits,tar,,2026-05-18T20:00:41.000,
563,GW230817_212349,https://gwosc.org/eventapi/json/GWTC-4.1/GW230817_212349/v2,JSON file,json-url,,,,
564,GW230817_212349,https://gwosc.org/eventapi/html/GWTC-4.1/GW230817_212349/v2,GWTC link,open-data,,,,
565,GW230817_212349,https://zenodo.org/record/20275769/files/IGWN-GWTC4p1-18965dda8_5-Archived_Skymaps.tar.gz,Sky Map,skymap-fits,tar,,,
566,GW230814_230901,https://gwosc.org/eventapi/json/GWTC-4.1/GW230814_230901/v3,JSON file,json-url,,,,
567,GW230814_230901,https://gwosc.org/eventapi/html/GWTC-4.1/GW230814_230901/v3,GWTC link,open-data,,,,
568,GW230814_230901,https://zenodo.org/api/records/20275769/files/IGWN-GWTC4p1-18965dda8_5-GW230814_230901-combined_PEDataRelease.hdf5/content,Data file,data-file,h5,zenodo,,
569,GW230814_230901,https://zenodo.org/record/20275769/files/IGWN-GWTC4p1-18965dda8_5-Archived_Skymaps.tar.gz,Sky Map,skymap-fits,tar,,2026-05-18T20:00:42.000,
570,GW230814_061920,https://gwosc.org/eventapi/json/GWTC-4.1/GW230814_061920/v2,JSON file,json-url,,,,
571,GW230814_061920,https://gwosc.org/eventapi/html/GWTC-4.1/GW230814_061920/v2,GWTC link,open-data,,,,
572,GW230814_061920,https://zenodo.org/api/records/20275769/files/IGWN-GWTC4p1-18965dda8_5-GW230814_061920-combined_PEDataRelease.hdf5/content,Data file,data-file,h5,zenodo,,
573,GW230814_061920,https://zenodo.org/record/20275769/files/IGWN-GWTC4p1-18965dda8_5-Archived_Skymaps.tar.gz,Sky Map,skymap-fits,tar,,2026-05-18T20:00:42.000,
574,GW230811_032116,https://gwosc.org/eventapi/json/GWTC-4.1/GW230811_032116/v2,JSON file,json-url,,,,
575,GW230811_032116,https://gwosc.org/eventapi/html/GWTC-4.1/GW230811_032116/v2,GWTC link,open-data,,,,
576,GW230811_032116,https://zenodo.org/api/records/20275769/files/IGWN-GWTC4p1-18965dda8_5-GW230811_032116-combined_PEDataRelease.hdf5/content,Data file,data-file,h5,zenodo,,
577,GW230811_032116,https://zenodo.org/record/20275769/files/IGWN-GWTC4p1-18965dda8_5-Archived_Skymaps.tar.gz,Sky Map,skymap-fits,tar,,2026-05-18T20:00:42.000,
578,GW230807_205045,https://gwosc.org/eventapi/json/GWTC-4.1/GW230807_205045/v2,JSON file,json-url,,,,
579,GW230807_205045,https://gwosc.org/eventapi/html/GWTC-4.1/GW230807_205045/v2,GWTC link,open-data,,,,
580,GW230807_205045,https://zenodo.org/record/20275769/files/IGWN-GWTC4p1-18965dda8_5-Archived_Skymaps.tar.gz,Sky Map,skymap-fits,tar,,,
581,GW230806_204041,https://gwosc.org/eventapi/json/GWTC-4.1/GW230806_204041/v2,JSON file,json-url,,,,
582,GW230806_204041,https://gwosc.org/eventapi/html/GWTC-4.1/GW230806_204041/v2,GWTC link,open-data,,,,
583,GW230806_204041,https://zenodo.org/api/records/20275769/files/IGWN-GWTC4p1-18965dda8_5-GW230806_204041-combined_PEDataRelease.hdf5/content,Data file,data-file,h5,zenodo,,
584,GW230806_204041,https://zenodo.org/record/20275769/files/IGWN-GWTC4p1-18965dda8_5-Archived_Skymaps.tar.gz,Sky Map,skymap-fits,tar,,2026-05-18T20:00:42.000,
585,GW230805_034249,https://gwosc.org/eventapi/json/GWTC-4.1/GW230805_034249/v2,JSON file,json-url,,,,
586,GW230805_034249,https://gwosc.org/eventapi/html/GWTC-4.1/GW230805_034249/v2,GWTC link,open-data,,,,
587,GW230805_034249,https://zenodo.org/api/records/20275769/files/IGWN-GWTC4p1-18965dda8_5-GW230805_034249-combined_PEDataRelease.hdf5/content,Data file,data-file,h5,zenodo,,
588,GW230805_034249,https://zenodo.org/record/20275769/files/IGWN-GWTC4p1-18965dda8_5-Archived_Skymaps.tar.gz,Sky Map,skymap-fits,tar,,2026-05-18T20:00:40.000,
589,GW230803_033412,https://gwosc.org/eventapi/json/GWTC-4.1/GW230803_033412/v2,JSON file,json-url,,,,
590,GW230803_033412,https://gwosc.org/eventapi/html/GWTC-4.1/GW230803_033412/v2,GWTC link,open-data,,,,
591,GW230803_033412,https://zenodo.org/api/records/20275769/files/IGWN-GWTC4p1-18965dda8_5-GW230803_033412-combined_PEDataRelease.hdf5/content,Data file,data-file,h5,zenodo,,
592,GW230803_033412,https://zenodo.org/record/20275769/files/IGWN-GWTC4p1-18965dda8_5-Archived_Skymaps.tar.gz,Sky Map,skymap-fits,tar,,2026-05-18T20:00:41.000,
593,GW230731_215307,https://gwosc.org/eventapi/json/GWTC-4.1/GW230731_215307/v2,JSON file,json-url,,,,
594,GW230731_215307,https://gwosc.org/eventapi/html/GWTC-4.1/GW230731_215307/v2,GWTC link,open-data,,,,
595,GW230731_215307,https://zenodo.org/api/records/20275769/files/IGWN-GWTC4p1-18965dda8_5-GW230731_215307-combined_PEDataRelease.hdf5/content,Data file,data-file,h5,zenodo,,
596,GW230731_215307,https://zenodo.org/record/20275769/files/IGWN-GWTC4p1-18965dda8_5-Archived_Skymaps.tar.gz,Sky Map,skymap-fits,tar,,2026-05-18T20:00:41.000,
597,GW230729_082317,https://gwosc.org/eventapi/json/GWTC-4.1/GW230729_082317/v2,JSON file,json-url,,,,
598,GW230729_082317,https://gwosc.org/eventapi/html/GWTC-4.1/GW230729_082317/v2,GWTC link,open-data,,,,
599,GW230729_082317,https://zenodo.org/api/records/20275769/files/IGWN-GWTC4p1-18965dda8_5-GW230729_082317-combined_PEDataRelease.hdf5/content,Data file,data-file,h5,zenodo,,
600,GW230729_082317,https://zenodo.org/record/20275769/files/IGWN-GWTC4p1-18965dda8_5-Archived_Skymaps.tar.gz,Sky Map,skymap-fits,tar,,2026-05-18T20:00:41.000,
601,GW230728_083628,https://gwosc.org/eventapi/json/GWTC-4.1/GW230728_083628/v2,JSON file,json-url,,,,
602,GW230728_083628,https://gwosc.org/eventapi/html/GWTC-4.1/GW230728_083628/v2,GWTC link,open-data,,,,
603,GW230728_083628,https://zenodo.org/record/20275769/files/IGWN-GWTC4p1-18965dda8_5-Archived_Skymaps.tar.gz,Sky Map,skymap-fits,tar,,,
604,GW230726_002940,https://gwosc.org/eventapi/json/GWTC-4.1/GW230726_002940/v2,JSON file,json-url,,,,
605,GW230726_002940,https://gwosc.org/eventapi/html/GWTC-4.1/GW230726_002940/v2,GWTC link,open-data,,,,
606,GW230726_002940,https://zenodo.org/api/records/20275769/files/IGWN-GWTC4p1-18965dda8_5-GW230726_002940-combined_PEDataRelease.hdf5/content,Data file,data-file,h5,zenodo,,
607,GW230726_002940,https://zenodo.org/record/20275769/files/IGWN-GWTC4p1-18965dda8_5-Archived_Skymaps.tar.gz,Sky Map,skymap-fits,tar,,2026-05-18T20:00:42.000,
608,GW230723_101834,https://gwosc.org/eventapi/json/GWTC-4.1/GW230723_101834/v2,JSON file,json-url,,,,
609,GW230723_101834,https://gwosc.org/eventapi/html/GWTC-4.1/GW230723_101834/v2,GWTC link,open-data,,,,
610,GW230723_101834,https://zenodo.org/api/records/20275769/files/IGWN-GWTC4p1-18965dda8_5-GW230723_101834-combined_PEDataRelease.hdf5/content,Data file,data-file,h5,zenodo,,
611,GW230723_101834,https://zenodo.org/record/20275769/files/IGWN-GWTC4p1-18965dda8_5-Archived_Skymaps.tar.gz,Sky Map,skymap-fits,tar,,2026-05-18T20:00:40.000,
612,GW230723_084820,https://gwosc.org/eventapi/json/GWTC-4.1/GW230723_084820/v2,JSON file,json-url,,,,
613,GW230723_084820,https://gwosc.org/eventapi/html/GWTC-4.1/GW230723_084820/v2,GWTC link,open-data,,,,
614,GW230723_084820,https://zenodo.org/record/20275769/files/IGWN-GWTC4p1-18965dda8_5-Archived_Skymaps.tar.gz,Sky Map,skymap-fits,tar,,,
615,GW230721_222634,https://gwosc.org/eventapi/json/GWTC-4.1/GW230721_222634/v2,JSON file,json-url,,,,
616,GW230721_222634,https://gwosc.org/eventapi/html/GWTC-4.1/GW230721_222634/v2,GWTC link,open-data,,,,
617,GW230721_222634,https://zenodo.org/record/20275769/files/IGWN-GWTC4p1-18965dda8_5-Archived_Skymaps.tar.gz,Sky Map,skymap-fits,tar,,,
618,GW230717_102139,https://gwosc.org/eventapi/json/GWTC-4.1/GW230717_102139/v2,JSON file,json-url,,,,
619,GW230717_102139,https://gwosc.org/eventapi/html/GWTC-4.1/GW230717_102139/v2,GWTC link,open-data,,,,
620,GW230717_102139,https://zenodo.org/record/20275769/files/IGWN-GWTC4p1-18965dda8_5-Archived_Skymaps.tar.gz,Sky Map,skymap-fits,tar,,,
621,GW230712_090405,https://gwosc.org/eventapi/json/GWTC-4.1/GW230712_090405/v2,JSON file,json-url,,,,
622,GW230712_090405,https://gwosc.org/eventapi/html/GWTC-4.1/GW230712_090405/v2,GWTC link,open-data,,,,
623,GW230712_090405,https://zenodo.org/api/records/20275769/files/IGWN-GWTC4p1-18965dda8_5-GW230712_090405-combined_PEDataRelease.hdf5/content,Data file,data-file,h5,zenodo,,
624,GW230712_090405,https://zenodo.org/record/20275769/files/IGWN-GWTC4p1-18965dda8_5-Archived_Skymaps.tar.gz,Sky Map,skymap-fits,tar,,2026-05-18T20:00:41.000,
625,GW230709_122727,https://gwosc.org/eventapi/json/GWTC-4.1/GW230709_122727/v2,JSON file,json-url,,,,
626,GW230709_122727,https://gwosc.org/eventapi/html/GWTC-4.1/GW230709_122727/v2,GWTC link,open-data,,,,
627,GW230709_122727,https://zenodo.org/api/records/20275769/files/IGWN-GWTC4p1-18965dda8_5-GW230709_122727-combined_PEDataRelease.hdf5/content,Data file,data-file,h5,zenodo,,
628,GW230709_122727,https://zenodo.org/record/20275769/files/IGWN-GWTC4p1-18965dda8_5-Archived_Skymaps.tar.gz,Sky Map,skymap-fits,tar,,2026-05-18T20:00:40.000,
629,GW230709_063445,https://gwosc.org/eventapi/json/GWTC-4.1/GW230709_063445/v2,JSON file,json-url,,,,
630,GW230709_063445,https://gwosc.org/eventapi/html/GWTC-4.1/GW230709_063445/v2,GWTC link,open-data,,,,
631,GW230709_063445,https://zenodo.org/record/20275769/files/IGWN-GWTC4p1-18965dda8_5-Archived_Skymaps.tar.gz,Sky Map,skymap-fits,tar,,,
632,GW230708_230935,https://gwosc.org/eventapi/json/GWTC-4.1/GW230708_230935/v2,JSON file,json-url,,,,
633,GW230708_230935,https://gwosc.org/eventapi/html/GWTC-4.1/GW230708_230935/v2,GWTC link,open-data,,,,
634,GW230708_230935,https://zenodo.org/api/records/20275769/files/IGWN-GWTC4p1-18965dda8_5-GW230708_230935-combined_PEDataRelease.hdf5/content,Data file,data-file,h5,zenodo,,
635,GW230708_230935,https://zenodo.org/record/20275769/files/IGWN-GWTC4p1-18965dda8_5-Archived_Skymaps.tar.gz,Sky Map,skymap-fits,tar,,2026-05-18T20:00:41.000,
636,GW230708_071859,https://gwosc.org/eventapi/json/GWTC-4.1/GW230708_071859/v2,JSON file,json-url,,,,
637,GW230708_071859,https://gwosc.org/eventapi/html/GWTC-4.1/GW230708_071859/v2,GWTC link,open-data,,,,
638,GW230708_071859,https://zenodo.org/record/20275769/files/IGWN-GWTC4p1-18965dda8_5-Archived_Skymaps.tar.gz,Sky Map,skymap-fits,tar,,,
639,GW230708_053705,https://gwosc.org/eventapi/json/GWTC-4.1/GW230708_053705/v2,JSON file,json-url,,,,
640,GW230708_053705,https://gwosc.org/eventapi/html/GWTC-4.1/GW230708_053705/v2,GWTC link,open-data,,,,
641,GW230708_053705,https://zenodo.org/api/records/20275769/files/IGWN-GWTC4p1-18965dda8_5-GW230708_053705-combined_PEDataRelease.hdf5/content,Data file,data-file,h5,zenodo,,
642,GW230708_053705,https://zenodo.org/record/20275769/files/IGWN-GWTC4p1-18965dda8_5-Archived_Skymaps.tar.gz,Sky Map,skymap-fits,tar,,2026-05-18T20:00:42.000,
643,GW230707_124047,https://gwosc.org/eventapi/json/GWTC-4.1/GW230707_124047/v2,JSON file,json-url,,,,
644,GW230707_124047,https://gwosc.org/eventapi/html/GWTC-4.1/GW230707_124047/v2,GWTC link,open-data,,,,
645,GW230707_124047,https://zenodo.org/api/records/20275769/files/IGWN-GWTC4p1-18965dda8_5-GW230707_124047-combined_PEDataRelease.hdf5/content,Data file,data-file,h5,zenodo,,
646,GW230707_124047,https://zenodo.org/record/20275769/files/IGWN-GWTC4p1-18965dda8_5-Archived_Skymaps.tar.gz,Sky Map,skymap-fits,tar,,2026-05-18T20:00:42.000,
647,GW230706_104333,https://gwosc.org/eventapi/json/GWTC-4.1/GW230706_104333/v2,JSON file,json-url,,,,
648,GW230706_104333,https://gwosc.org/eventapi/html/GWTC-4.1/GW230706_104333/v2,GWTC link,open-data,,,,
649,GW230706_104333,https://zenodo.org/api/records/20275769/files/IGWN-GWTC4p1-18965dda8_5-GW230706_104333-combined_PEDataRelease.hdf5/content,Data file,data-file,h5,zenodo,,
650,GW230706_104333,https://zenodo.org/record/20275769/files/IGWN-GWTC4p1-18965dda8_5-Archived_Skymaps.tar.gz,Sky Map,skymap-fits,tar,,2026-05-18T20:00:42.000,
651,GW230704_212616,https://gwosc.org/eventapi/json/GWTC-4.1/GW230704_212616/v2,JSON file,json-url,,,,
652,GW230704_212616,https://gwosc.org/eventapi/html/GWTC-4.1/GW230704_212616/v2,GWTC link,open-data,,,,
653,GW230704_212616,https://zenodo.org/api/records/20275769/files/IGWN-GWTC4p1-18965dda8_5-GW230704_212616-combined_PEDataRelease.hdf5/content,Data file,data-file,h5,zenodo,,
654,GW230704_212616,https://zenodo.org/record/20275769/files/IGWN-GWTC4p1-18965dda8_5-Archived_Skymaps.tar.gz,Sky Map,skymap-fits,tar,,2026-05-18T20:00:42.000,
655,GW230704_021211,https://gwosc.org/eventapi/json/GWTC-4.1/GW230704_021211/v2,JSON file,json-url,,,,
656,GW230704_021211,https://gwosc.org/eventapi/html/GWTC-4.1/GW230704_021211/v2,GWTC link,open-data,,,,
657,GW230704_021211,https://zenodo.org/api/records/20275769/files/IGWN-GWTC4p1-18965dda8_5-GW230704_021211-combined_PEDataRelease.hdf5/content,Data file,data-file,h5,zenodo,,
658,GW230704_021211,https://zenodo.org/record/20275769/files/IGWN-GWTC4p1-18965dda8_5-Archived_Skymaps.tar.gz,Sky Map,skymap-fits,tar,,2026-05-18T20:00:42.000,
659,GW230702_185453,https://gwosc.org/eventapi/json/GWTC-4.1/GW230702_185453/v2,JSON file,json-url,,,,
660,GW230702_185453,https://gwosc.org/eventapi/html/GWTC-4.1/GW230702_185453/v2,GWTC link,open-data,,,,
661,GW230702_185453,https://zenodo.org/api/records/20275769/files/IGWN-GWTC4p1-18965dda8_5-GW230702_185453-combined_PEDataRelease.hdf5/content,Data file,data-file,h5,zenodo,,
662,GW230702_185453,https://zenodo.org/record/20275769/files/IGWN-GWTC4p1-18965dda8_5-Archived_Skymaps.tar.gz,Sky Map,skymap-fits,tar,,2026-05-18T20:00:41.000,
663,GW230702_162025,https://gwosc.org/eventapi/json/GWTC-4.1/GW230702_162025/v2,JSON file,json-url,,,,
664,GW230702_162025,https://gwosc.org/eventapi/html/GWTC-4.1/GW230702_162025/v2,GWTC link,open-data,,,,
665,GW230702_162025,https://zenodo.org/record/20275769/files/IGWN-GWTC4p1-18965dda8_5-Archived_Skymaps.tar.gz,Sky Map,skymap-fits,tar,,,
666,GW230630_234532,https://gwosc.org/eventapi/json/GWTC-4.1/GW230630_234532/v2,JSON file,json-url,,,,
667,GW230630_234532,https://gwosc.org/eventapi/html/GWTC-4.1/GW230630_234532/v2,GWTC link,open-data,,,,
668,GW230630_234532,https://zenodo.org/api/records/20275769/files/IGWN-GWTC4p1-18965dda8_5-GW230630_234532-combined_PEDataRelease.hdf5/content,Data file,data-file,h5,zenodo,,
669,GW230630_234532,https://zenodo.org/record/20275769/files/IGWN-GWTC4p1-18965dda8_5-Archived_Skymaps.tar.gz,Sky Map,skymap-fits,tar,,2026-05-18T20:00:42.000,
670,GW230630_125806,https://gwosc.org/eventapi/json/GWTC-4.1/GW230630_125806/v2,JSON file,json-url,,,,
671,GW230630_125806,https://gwosc.org/eventapi/html/GWTC-4.1/GW230630_125806/v2,GWTC link,open-data,,,,
672,GW230630_125806,https://zenodo.org/api/records/20275769/files/IGWN-GWTC4p1-18965dda8_5-GW230630_125806-combined_PEDataRelease.hdf5/content,Data file,data-file,h5,zenodo,,
673,GW230630_125806,https://zenodo.org/record/20275769/files/IGWN-GWTC4p1-18965dda8_5-Archived_Skymaps.tar.gz,Sky Map,skymap-fits,tar,,2026-05-18T20:00:41.000,
674,GW230630_070659,https://gwosc.org/eventapi/json/GWTC-4.1/GW230630_070659/v2,JSON file,json-url,,,,
675,GW230630_070659,https://gwosc.org/eventapi/html/GWTC-4.1/GW230630_070659/v2,GWTC link,open-data,,,,
676,GW230630_070659,https://zenodo.org/record/20275769/files/IGWN-GWTC4p1-18965dda8_5-Archived_Skymaps.tar.gz,Sky Map,skymap-fits,tar,,,
677,GW230628_231200,https://gwosc.org/eventapi/json/GWTC-4.1/GW230628_231200/v2,JSON file,json-url,,,,
678,GW230628_231200,https://gwosc.org/eventapi/html/GWTC-4.1/GW230628_231200/v2,GWTC link,open-data,,,,
679,GW230628_231200,https://zenodo.org/api/records/20275769/files/IGWN-GWTC4p1-18965dda8_5-GW230628_231200-combined_PEDataRelease.hdf5/content,Data file,data-file,h5,zenodo,,
680,GW230628_231200,https://zenodo.org/record/20275769/files/IGWN-GWTC4p1-18965dda8_5-Archived_Skymaps.tar.gz,Sky Map,skymap-fits,tar,,2026-05-18T20:00:42.000,
681,GW230627_015337,https://gwosc.org/eventapi/json/GWTC-4.1/GW230627_015337/v2,JSON file,json-url,,,,
682,GW230627_015337,https://gwosc.org/eventapi/html/GWTC-4.1/GW230627_015337/v2,GWTC link,open-data,,,,
683,GW230627_015337,https://zenodo.org/api/records/20275769/files/IGWN-GWTC4p1-18965dda8_5-GW230627_015337-combined_PEDataRelease.hdf5/content,Data file,data-file,h5,zenodo,,
684,GW230627_015337,https://zenodo.org/record/20275769/files/IGWN-GWTC4p1-18965dda8_5-Archived_Skymaps.tar.gz,Sky Map,skymap-fits,tar,,2026-05-18T20:00:42.000,
685,GW230625_211655,https://gwosc.org/eventapi/json/GWTC-4.1/GW230625_211655/v2,JSON file,json-url,,,,
686,GW230625_211655,https://gwosc.org/eventapi/html/GWTC-4.1/GW230625_211655/v2,GWTC link,open-data,,,,
687,GW230625_211655,https://zenodo.org/record/20275769/files/IGWN-GWTC4p1-18965dda8_5-Archived_Skymaps.tar.gz,Sky Map,skymap-fits,tar,,,
688,GW230624_214944,https://gwosc.org/eventapi/json/GWTC-4.1/GW230624_214944/v2,JSON file,json-url,,,,
689,GW230624_214944,https://gwosc.org/eventapi/html/GWTC-4.1/GW230624_214944/v2,GWTC link,open-data,,,,
690,GW230624_214944,https://zenodo.org/record/20275769/files/IGWN-GWTC4p1-18965dda8_5-Archived_Skymaps.tar.gz,Sky Map,skymap-fits,tar,,,
691,GW230624_113103,https://gwosc.org/eventapi/json/GWTC-4.1/GW230624_113103/v2,JSON file,json-url,,,,
692,GW230624_113103,https://gwosc.org/eventapi/html/GWTC-4.1/GW230624_113103/v2,GWTC link,open-data,,,,
693,GW230624_113103,https://zenodo.org/api/records/20275769/files/IGWN-GWTC4p1-18965dda8_5-GW230624_113103-combined_PEDataRelease.hdf5/content,Data file,data-file,h5,zenodo,,
694,GW230624_113103,https://zenodo.org/record/20275769/files/IGWN-GWTC4p1-18965dda8_5-Archived_Skymaps.tar.gz,Sky Map,skymap-fits,tar,,2026-05-18T20:00:42.000,
695,GW230618_102550,https://gwosc.org/eventapi/json/GWTC-4.1/GW230618_102550/v2,JSON file,json-url,,,,
696,GW230618_102550,https://gwosc.org/eventapi/html/GWTC-4.1/GW230618_102550/v2,GWTC link,open-data,,,,
697,GW230618_102550,https://zenodo.org/record/20275769/files/IGWN-GWTC4p1-18965dda8_5-Archived_Skymaps.tar.gz,Sky Map,skymap-fits,tar,,,
698,GW230615_160825,https://gwosc.org/eventapi/json/GWTC-4.1/GW230615_160825/v2,JSON file,json-url,,,,
699,GW230615_160825,https://gwosc.org/eventapi/html/GWTC-4.1/GW230615_160825/v2,GWTC link,open-data,,,,
700,GW230615_160825,https://zenodo.org/record/20275769/files/IGWN-GWTC4p1-18965dda8_5-Archived_Skymaps.tar.gz,Sky Map,skymap-fits,tar,,,
701,GW230610_061439,https://gwosc.org/eventapi/json/GWTC-4.1/GW230610_061439/v1,JSON file,json-url,,,,
702,GW230610_061439,https://gwosc.org/eventapi/html/GWTC-4.1/GW230610_061439/v1,GWTC link,open-data,,,,
703,GW230610_061439,https://zenodo.org/record/20275769/files/IGWN-GWTC4p1-18965dda8_5-Archived_Skymaps.tar.gz,Sky Map,skymap-fits,tar,,,
704,GW230609_064958,https://gwosc.org/eventapi/json/GWTC-4.1/GW230609_064958/v2,JSON file,json-url,,,,
705,GW230609_064958,https://gwosc.org/eventapi/html/GWTC-4.1/GW230609_064958/v2,GWTC link,open-data,,,,
706,GW230609_064958,https://zenodo.org/api/records/20275769/files/IGWN-GWTC4p1-18965dda8_5-GW230609_064958-combined_PEDataRelease.hdf5/content,Data file,data-file,h5,zenodo,,
707,GW230609_064958,https://zenodo.org/record/20275769/files/IGWN-GWTC4p1-18965dda8_5-Archived_Skymaps.tar.gz,Sky Map,skymap-fits,tar,,2026-05-18T20:00:42.000,
708,GW230609_010824,https://gwosc.org/eventapi/json/GWTC-4.1/GW230609_010824/v2,JSON file,json-url,,,,
709,GW230609_010824,https://gwosc.org/eventapi/html/GWTC-4.1/GW230609_010824/v2,GWTC link,open-data,,,,
710,GW230609_010824,https://zenodo.org/record/20275769/files/IGWN-GWTC4p1-18965dda8_5-Archived_Skymaps.tar.gz,Sky Map,skymap-fits,tar,,,
711,GW230608_205047,https://gwosc.org/eventapi/json/GWTC-4.1/GW230608_205047/v2,JSON file,json-url,,,,
712,GW230608_205047,https://gwosc.org/eventapi/html/GWTC-4.1/GW230608_205047/v2,GWTC link,open-data,,,,
713,GW230608_205047,https://zenodo.org/api/records/20275769/files/IGWN-GWTC4p1-18965dda8_5-GW230608_205047-combined_PEDataRelease.hdf5/content,Data file,data-file,h5,zenodo,,
714,GW230608_205047,https://zenodo.org/record/20275769/files/IGWN-GWTC4p1-18965dda8_5-Archived_Skymaps.tar.gz,Sky Map,skymap-fits,tar,,2026-05-18T20:00:42.000,
715,GW230606_065320,https://gwosc.org/eventapi/json/GWTC-4.1/GW230606_065320/v1,JSON file,json-url,,,,
716,GW230606_065320,https://gwosc.org/eventapi/html/GWTC-4.1/GW230606_065320/v1,GWTC link,open-data,,,,
717,GW230606_065320,https://zenodo.org/record/20275769/files/IGWN-GWTC4p1-18965dda8_5-Archived_Skymaps.tar.gz,Sky Map,skymap-fits,tar,,,
718,GW230606_024545,https://gwosc.org/eventapi/json/GWTC-4.1/GW230606_024545/v2,JSON file,json-url,,,,
719,GW230606_024545,https://gwosc.org/eventapi/html/GWTC-4.1/GW230606_024545/v2,GWTC link,open-data,,,,
720,GW230606_024545,https://zenodo.org/record/20275769/files/IGWN-GWTC4p1-18965dda8_5-Archived_Skymaps.tar.gz,Sky Map,skymap-fits,tar,,,
721,GW230606_004305,https://gwosc.org/eventapi/json/GWTC-4.1/GW230606_004305/v2,JSON file,json-url,,,,
722,GW230606_004305,https://gwosc.org/eventapi/html/GWTC-4.1/GW230606_004305/v2,GWTC link,open-data,,,,
723,GW230606_004305,https://zenodo.org/api/records/20275769/files/IGWN-GWTC4p1-18965dda8_5-GW230606_004305-combined_PEDataRelease.hdf5/content,Data file,data-file,h5,zenodo,,
724,GW230606_004305,https://zenodo.org/record/20275769/files/IGWN-GWTC4p1-18965dda8_5-Archived_Skymaps.tar.gz,Sky Map,skymap-fits,tar,,2026-05-18T20:00:41.000,
725,GW230605_065343,https://gwosc.org/eventapi/json/GWTC-4.1/GW230605_065343/v2,JSON file,json-url,,,,
726,GW230605_065343,https://gwosc.org/eventapi/html/GWTC-4.1/GW230605_065343/v2,GWTC link,open-data,,,,
727,GW230605_065343,https://zenodo.org/api/records/20275769/files/IGWN-GWTC4p1-18965dda8_5-GW230605_065343-combined_PEDataRelease.hdf5/content,Data file,data-file,h5,zenodo,,
728,GW230605_065343,https://zenodo.org/record/20275769/files/IGWN-GWTC4p1-18965dda8_5-Archived_Skymaps.tar.gz,Sky Map,skymap-fits,tar,,2026-05-18T20:00:42.000,
729,GW230603_174756,https://gwosc.org/eventapi/json/GWTC-4.1/GW230603_174756/v2,JSON file,json-url,,,,
730,GW230603_174756,https://gwosc.org/eventapi/html/GWTC-4.1/GW230603_174756/v2,GWTC link,open-data,,,,
731,GW230603_174756,https://zenodo.org/record/20275769/files/IGWN-GWTC4p1-18965dda8_5-Archived_Skymaps.tar.gz,Sky Map,skymap-fits,tar,,,
732,GW230601_224134,https://gwosc.org/eventapi/json/GWTC-4.1/GW230601_224134/v2,JSON file,json-url,,,,
733,GW230601_224134,https://gwosc.org/eventapi/html/GWTC-4.1/GW230601_224134/v2,GWTC link,open-data,,,,
734,GW230601_224134,https://zenodo.org/api/records/20275769/files/IGWN-GWTC4p1-18965dda8_5-GW230601_224134-combined_PEDataRelease.hdf5/content,Data file,data-file,h5,zenodo,,
735,GW230601_224134,https://zenodo.org/record/20275769/files/IGWN-GWTC4p1-18965dda8_5-Archived_Skymaps.tar.gz,Sky Map,skymap-fits,tar,,2026-05-18T20:00:42.000,
736,GW230531_141100,https://gwosc.org/eventapi/json/GWTC-4.1/GW230531_141100/v2,JSON file,json-url,,,,
737,GW230531_141100,https://gwosc.org/eventapi/html/GWTC-4.1/GW230531_141100/v2,GWTC link,open-data,,,,
738,GW230531_141100,https://zenodo.org/record/20275769/files/IGWN-GWTC4p1-18965dda8_5-Archived_Skymaps.tar.gz,Sky Map,skymap-fits,tar,,,
739,GW230529_181500,https://gwosc.org/eventapi/json/GWTC-4.1/GW230529_181500/v3,JSON file,json-url,,,,
740,GW230529_181500,https://gwosc.org/eventapi/html/GWTC-4.1/GW230529_181500/v3,GWTC link,open-data,,,,
741,GW230529_181500,https://zenodo.org/api/records/20275769/files/IGWN-GWTC4p1-18965dda8_5-GW230529_181500-combined_PEDataRelease.hdf5/content,Data file,data-file,h5,zenodo,,
742,GW230529_181500,https://zenodo.org/record/20275769/files/IGWN-GWTC4p1-18965dda8_5-Archived_Skymaps.tar.gz,Sky Map,skymap-fits,tar,,2026-05-18T20:00:40.000,
743,GW230528_145129,https://gwosc.org/eventapi/json/GWTC-4.1/GW230528_145129/v1,JSON file,json-url,,,,
744,GW230528_145129,https://gwosc.org/eventapi/html/GWTC-4.1/GW230528_145129/v1,GWTC link,open-data,,,,
745,GW230528_145129,https://zenodo.org/record/20275769/files/IGWN-GWTC4p1-18965dda8_5-Archived_Skymaps.tar.gz,Sky Map,skymap-fits,tar,,,
746,GW230518_125908,https://gwosc.org/eventapi/json/GWTC-4.1/GW230518_125908/v2,JSON file,json-url,,,,
747,GW230518_125908,https://gwosc.org/eventapi/html/GWTC-4.1/GW230518_125908/v2,GWTC link,open-data,,,,
748,GW230518_125908,https://zenodo.org/api/records/20275769/files/IGWN-GWTC4p1-18965dda8_5-GW230518_125908-combined_PEDataRelease.hdf5/content,Data file,data-file,h5,zenodo,,
749,GW230518_125908,https://zenodo.org/record/20275769/files/IGWN-GWTC4p1-18965dda8_5-Archived_Skymaps.tar.gz,Sky Map,skymap-fits,tar,,2026-05-18T20:00:40.000,
750,GW230517_044807,https://gwosc.org/eventapi/json/GWTC-4.1/GW230517_044807/v1,JSON file,json-url,,,,
751,GW230517_044807,https://gwosc.org/eventapi/html/GWTC-4.1/GW230517_044807/v1,GWTC link,open-data,,,,
752,GW230517_044807,https://zenodo.org/record/20275769/files/IGWN-GWTC4p1-18965dda8_5-Archived_Skymaps.tar.gz,Sky Map,skymap-fits,tar,,,
753,GW250120_042414,https://gwosc.org/eventapi/json/GWTC-5.0/GW250120_042414/v1,JSON file,json-url,,,,
754,GW250120_042414,https://gwosc.org/eventapi/html/GWTC-5.0/GW250120_042414/v1,GWTC link,open-data,,,,
755,GW250120_042414,https://zenodo.org/record/20348005/files/IGWN-GWTC5p0-29ebe06b7_25-Archived_Skymaps.tar.gz,Sky Map,skymap-fits,tar,,,
756,GW250119_190238,https://gwosc.org/eventapi/json/GWTC-5.0/GW250119_190238/v1,JSON file,json-url,,,,
757,GW250119_190238,https://gwosc.org/eventapi/html/GWTC-5.0/GW250119_190238/v1,GWTC link,open-data,,,,
758,GW250119_190238,https://zenodo.org/api/records/20348006/files/IGWN-GWTC5p0-29ebe06b7_25-GW250119_190238-combined_PEDataRelease.hdf5/content,Data file,data-file,h5,zenodo,,
759,GW250119_190238,https://zenodo.org/record/20348005/files/IGWN-GWTC5p0-29ebe06b7_25-Archived_Skymaps.tar.gz,Sky Map,skymap-fits,tar,,,
760,GW250119_025138,https://gwosc.org/eventapi/json/GWTC-5.0/GW250119_025138/v1,JSON file,json-url,,,,
761,GW250119_025138,https://gwosc.org/eventapi/html/GWTC-5.0/GW250119_025138/v1,GWTC link,open-data,,,,
762,GW250119_025138,https://zenodo.org/api/records/20348006/files/IGWN-GWTC5p0-29ebe06b7_25-GW250119_025138-combined_PEDataRelease.hdf5/content,Data file,data-file,h5,zenodo,,
763,GW250119_025138,https://zenodo.org/record/20348005/files/IGWN-GWTC5p0-29ebe06b7_25-Archived_Skymaps.tar.gz,Sky Map,skymap-fits,tar,,,
764,GW250118_170523,https://gwosc.org/eventapi/json/GWTC-5.0/GW250118_170523/v1,JSON file,json-url,,,,
765,GW250118_170523,https://gwosc.org/eventapi/html/GWTC-5.0/GW250118_170523/v1,GWTC link,open-data,,,,
766,GW250118_170523,https://zenodo.org/api/records/20348006/files/IGWN-GWTC5p0-29ebe06b7_25-GW250118_170523-combined_PEDataRelease.hdf5/content,Data file,data-file,h5,zenodo,,
767,GW250118_170523,https://zenodo.org/record/20348005/files/IGWN-GWTC5p0-29ebe06b7_25-Archived_Skymaps.tar.gz,Sky Map,skymap-fits,tar,,,
768,GW250118_055802,https://gwosc.org/eventapi/json/GWTC-5.0/GW250118_055802/v1,JSON file,json-url,,,,
769,GW250118_055802,https://gwosc.org/eventapi/html/GWTC-5.0/GW250118_055802/v1,GWTC link,open-data,,,,
770,GW250118_055802,https://zenodo.org/api/records/20348006/files/IGWN-GWTC5p0-29ebe06b7_25-GW250118_055802-combined_PEDataRelease.hdf5/content,Data file,data-file,h5,zenodo,,
771,GW250118_055802,https://zenodo.org/record/20348005/files/IGWN-GWTC5p0-29ebe06b7_25-Archived_Skymaps.tar.gz,Sky Map,skymap-fits,tar,,,
772,GW250118_023225,https://gwosc.org/eventapi/json/GWTC-5.0/GW250118_023225/v1,JSON file,json-url,,,,
773,GW250118_023225,https://gwosc.org/eventapi/html/GWTC-5.0/GW250118_023225/v1,GWTC link,open-data,,,,
774,GW250118_023225,https://zenodo.org/api/records/20348006/files/IGWN-GWTC5p0-29ebe06b7_25-GW250118_023225-combined_PEDataRelease.hdf5/content,Data file,data-file,h5,zenodo,,
775,GW250118_023225,https://zenodo.org/record/20348005/files/IGWN-GWTC5p0-29ebe06b7_25-Archived_Skymaps.tar.gz,Sky Map,skymap-fits,tar,,,
776,GW250116_051426,https://gwosc.org/eventapi/json/GWTC-5.0/GW250116_051426/v1,JSON file,json-url,,,,
777,GW250116_051426,https://gwosc.org/eventapi/html/GWTC-5.0/GW250116_051426/v1,GWTC link,open-data,,,,
778,GW250116_051426,https://zenodo.org/record/20348005/files/IGWN-GWTC5p0-29ebe06b7_25-Archived_Skymaps.tar.gz,Sky Map,skymap-fits,tar,,,
779,GW250116_015318,https://gwosc.org/eventapi/json/GWTC-5.0/GW250116_015318/v1,JSON file,json-url,,,,
780,GW250116_015318,https://gwosc.org/eventapi/html/GWTC-5.0/GW250116_015318/v1,GWTC link,open-data,,,,
781,GW250116_015318,https://zenodo.org/api/records/20348006/files/IGWN-GWTC5p0-29ebe06b7_25-GW250116_015318-combined_PEDataRelease.hdf5/content,Data file,data-file,h5,zenodo,,
782,GW250116_015318,https://zenodo.org/record/20348005/files/IGWN-GWTC5p0-29ebe06b7_25-Archived_Skymaps.tar.gz,Sky Map,skymap-fits,tar,,,
783,GW250114_082203,https://gwosc.org/eventapi/json/GWTC-5.0/GW250114_082203/v2,JSON file,json-url,,,,
784,GW250114_082203,https://gwosc.org/eventapi/html/GWTC-5.0/GW250114_082203/v2,GWTC link,open-data,,,,
785,GW250114_082203,https://zenodo.org/api/records/20348006/files/IGWN-GWTC5p0-29ebe06b7_25-GW250114_082203-combined_PEDataRelease.hdf5/content,Data file,data-file,h5,zenodo,,
786,GW250114_082203,https://zenodo.org/record/20348005/files/IGWN-GWTC5p0-29ebe06b7_25-Archived_Skymaps.tar.gz,Sky Map,skymap-fits,tar,,,
787,GW250109_083206,https://gwosc.org/eventapi/json/GWTC-5.0/GW250109_083206/v1,JSON file,json-url,,,,
788,GW250109_083206,https://gwosc.org/eventapi/html/GWTC-5.0/GW250109_083206/v1,GWTC link,open-data,,,,
789,GW250109_083206,https://zenodo.org/record/20348005/files/IGWN-GWTC5p0-29ebe06b7_25-Archived_Skymaps.tar.gz,Sky Map,skymap-fits,tar,,,
790,GW250109_074552,https://gwosc.org/eventapi/json/GWTC-5.0/GW250109_074552/v1,JSON file,json-url,,,,
791,GW250109_074552,https://gwosc.org/eventapi/html/GWTC-5.0/GW250109_074552/v1,GWTC link,open-data,,,,
792,GW250109_074552,https://zenodo.org/api/records/20348006/files/IGWN-GWTC5p0-29ebe06b7_25-GW250109_074552-combined_PEDataRelease.hdf5/content,Data file,data-file,h5,zenodo,,
793,GW250109_074552,https://zenodo.org/record/20348005/files/IGWN-GWTC5p0-29ebe06b7_25-Archived_Skymaps.tar.gz,Sky Map,skymap-fits,tar,,,
794,GW250109_010541,https://gwosc.org/eventapi/json/GWTC-5.0/GW250109_010541/v1,JSON file,json-url,,,,
795,GW250109_010541,https://gwosc.org/eventapi/html/GWTC-5.0/GW250109_010541/v1,GWTC link,open-data,,,,
796,GW250109_010541,https://zenodo.org/api/records/20348006/files/IGWN-GWTC5p0-29ebe06b7_25-GW250109_010541-combined_PEDataRelease.hdf5/content,Data file,data-file,h5,zenodo,,
797,GW250109_010541,https://zenodo.org/record/20348005/files/IGWN-GWTC5p0-29ebe06b7_25-Archived_Skymaps.tar.gz,Sky Map,skymap-fits,tar,,,
798,GW250108_152221,https://gwosc.org/eventapi/json/GWTC-5.0/GW250108_152221/v1,JSON file,json-url,,,,
799,GW250108_152221,https://gwosc.org/eventapi/html/GWTC-5.0/GW250108_152221/v1,GWTC link,open-data,,,,
800,GW250108_152221,https://zenodo.org/api/records/20348006/files/IGWN-GWTC5p0-29ebe06b7_25-GW250108_152221-combined_PEDataRelease.hdf5/content,Data file,data-file,h5,zenodo,,
801,GW250108_152221,https://zenodo.org/record/20348005/files/IGWN-GWTC5p0-29ebe06b7_25-Archived_Skymaps.tar.gz,Sky Map,skymap-fits,tar,,,
802,GW250105_134047,https://gwosc.org/eventapi/json/GWTC-5.0/GW250105_134047/v1,JSON file,json-url,,,,
803,GW250105_134047,https://gwosc.org/eventapi/html/GWTC-5.0/GW250105_134047/v1,GWTC link,open-data,,,,
804,GW250105_134047,https://zenodo.org/record/20348005/files/IGWN-GWTC5p0-29ebe06b7_25-Archived_Skymaps.tar.gz,Sky Map,skymap-fits,tar,,,
805,GW250104_015122,https://gwosc.org/eventapi/json/GWTC-5.0/GW250104_015122/v1,JSON file,json-url,,,,
806,GW250104_015122,https://gwosc.org/eventapi/html/GWTC-5.0/GW250104_015122/v1,GWTC link,open-data,,,,
807,GW250104_015122,https://zenodo.org/api/records/20348006/files/IGWN-GWTC5p0-29ebe06b7_25-GW250104_015122-combined_PEDataRelease.hdf5/content,Data file,data-file,h5,zenodo,,
808,GW250104_015122,https://zenodo.org/record/20348005/files/IGWN-GWTC5p0-29ebe06b7_25-Archived_Skymaps.tar.gz,Sky Map,skymap-fits,tar,,,
809,GW250101_011205,https://gwosc.org/eventapi/json/GWTC-5.0/GW250101_011205/v1,JSON file,json-url,,,,
810,GW250101_011205,https://gwosc.org/eventapi/html/GWTC-5.0/GW250101_011205/v1,GWTC link,open-data,,,,
811,GW250101_011205,https://zenodo.org/api/records/20348006/files/IGWN-GWTC5p0-29ebe06b7_25-GW250101_011205-combined_PEDataRelease.hdf5/content,Data file,data-file,h5,zenodo,,
812,GW250101_011205,https://zenodo.org/record/20348005/files/IGWN-GWTC5p0-29ebe06b7_25-Archived_Skymaps.tar.gz,Sky Map,skymap-fits,tar,,,
813,GW241231_054133,https://gwosc.org/eventapi/json/GWTC-5.0/GW241231_054133/v1,JSON file,json-url,,,,
814,GW241231_054133,https://gwosc.org/eventapi/html/GWTC-5.0/GW241231_054133/v1,GWTC link,open-data,,,,
815,GW241231_054133,https://zenodo.org/api/records/20348006/files/IGWN-GWTC5p0-29ebe06b7_25-GW241231_054133-combined_PEDataRelease.hdf5/content,Data file,data-file,h5,zenodo,,
816,GW241231_054133,https://zenodo.org/record/20348005/files/IGWN-GWTC5p0-29ebe06b7_25-Archived_Skymaps.tar.gz,Sky Map,skymap-fits,tar,,,
817,GW241230_233618,https://gwosc.org/eventapi/json/GWTC-5.0/GW241230_233618/v1,JSON file,json-url,,,,
818,GW241230_233618,https://gwosc.org/eventapi/html/GWTC-5.0/GW241230_233618/v1,GWTC link,open-data,,,,
819,GW241230_233618,https://zenodo.org/api/records/20348006/files/IGWN-GWTC5p0-29ebe06b7_25-GW241230_233618-combined_PEDataRelease.hdf5/content,Data file,data-file,h5,zenodo,,
820,GW241230_233618,https://zenodo.org/record/20348005/files/IGWN-GWTC5p0-29ebe06b7_25-Archived_Skymaps.tar.gz,Sky Map,skymap-fits,tar,,,
821,GW241230_084504,https://gwosc.org/eventapi/json/GWTC-5.0/GW241230_084504/v1,JSON file,json-url,,,,
822,GW241230_084504,https://gwosc.org/eventapi/html/GWTC-5.0/GW241230_084504/v1,GWTC link,open-data,,,,
823,GW241230_084504,https://zenodo.org/api/records/20348006/files/IGWN-GWTC5p0-29ebe06b7_25-GW241230_084504-combined_PEDataRelease.hdf5/content,Data file,data-file,h5,zenodo,,
824,GW241230_084504,https://zenodo.org/record/20348005/files/IGWN-GWTC5p0-29ebe06b7_25-Archived_Skymaps.tar.gz,Sky Map,skymap-fits,tar,,,
825,GW241229_155844,https://gwosc.org/eventapi/json/GWTC-5.0/GW241229_155844/v1,JSON file,json-url,,,,
826,GW241229_155844,https://gwosc.org/eventapi/html/GWTC-5.0/GW241229_155844/v1,GWTC link,open-data,,,,
827,GW241229_155844,https://zenodo.org/api/records/20348006/files/IGWN-GWTC5p0-29ebe06b7_25-GW241229_155844-combined_PEDataRelease.hdf5/content,Data file,data-file,h5,zenodo,,
828,GW241229_155844,https://zenodo.org/record/20348005/files/IGWN-GWTC5p0-29ebe06b7_25-Archived_Skymaps.tar.gz,Sky Map,skymap-fits,tar,,,
829,GW241225_082815,https://gwosc.org/eventapi/json/GWTC-5.0/GW241225_082815/v1,JSON file,json-url,,,,
830,GW241225_082815,https://gwosc.org/eventapi/html/GWTC-5.0/GW241225_082815/v1,GWTC link,open-data,,,,
831,GW241225_082815,https://zenodo.org/api/records/20348006/files/IGWN-GWTC5p0-29ebe06b7_25-GW241225_082815-combined_PEDataRelease.hdf5/content,Data file,data-file,h5,zenodo,,
832,GW241225_082815,https://zenodo.org/record/20348005/files/IGWN-GWTC5p0-29ebe06b7_25-Archived_Skymaps.tar.gz,Sky Map,skymap-fits,tar,,,
833,GW241225_042553,https://gwosc.org/eventapi/json/GWTC-5.0/GW241225_042553/v1,JSON file,json-url,,,,
834,GW241225_042553,https://gwosc.org/eventapi/html/GWTC-5.0/GW241225_042553/v1,GWTC link,open-data,,,,
835,GW241225_042553,https://zenodo.org/api/records/20348006/files/IGWN-GWTC5p0-29ebe06b7_25-GW241225_042553-combined_PEDataRelease.hdf5/content,Data file,data-file,h5,zenodo,,
836,GW241225_042553,https://zenodo.org/record/20348005/files/IGWN-GWTC5p0-29ebe06b7_25-Archived_Skymaps.tar.gz,Sky Map,skymap-fits,tar,,,
837,GW241220_062146,https://gwosc.org/eventapi/json/GWTC-5.0/GW241220_062146/v1,JSON file,json-url,,,,
838,GW241220_062146,https://gwosc.org/eventapi/html/GWTC-5.0/GW241220_062146/v1,GWTC link,open-data,,,,
839,GW241220_062146,https://zenodo.org/record/20348005/files/IGWN-GWTC5p0-29ebe06b7_25-Archived_Skymaps.tar.gz,Sky Map,skymap-fits,tar,,,
840,GW241219_222607,https://gwosc.org/eventapi/json/GWTC-5.0/GW241219_222607/v1,JSON file,json-url,,,,
841,GW241219_222607,https://gwosc.org/eventapi/html/GWTC-5.0/GW241219_222607/v1,GWTC link,open-data,,,,
842,GW241219_222607,https://zenodo.org/record/20348005/files/IGWN-GWTC5p0-29ebe06b7_25-Archived_Skymaps.tar.gz,Sky Map,skymap-fits,tar,,,
843,GW241210_120900,https://gwosc.org/eventapi/json/GWTC-5.0/GW241210_120900/v1,JSON file,json-url,,,,
844,GW241210_120900,https://gwosc.org/eventapi/html/GWTC-5.0/GW241210_120900/v1,GWTC link,open-data,,,,
845,GW241210_120900,https://zenodo.org/api/records/20348006/files/IGWN-GWTC5p0-29ebe06b7_25-GW241210_120900-combined_PEDataRelease.hdf5/content,Data file,data-file,h5,zenodo,,
846,GW241210_120900,https://zenodo.org/record/20348005/files/IGWN-GWTC5p0-29ebe06b7_25-Archived_Skymaps.tar.gz,Sky Map,skymap-fits,tar,,,
847,GW241210_060606,https://gwosc.org/eventapi/json/GWTC-5.0/GW241210_060606/v1,JSON file,json-url,,,,
848,GW241210_060606,https://gwosc.org/eventapi/html/GWTC-5.0/GW241210_060606/v1,GWTC link,open-data,,,,
849,GW241210_060606,https://zenodo.org/api/records/20348006/files/IGWN-GWTC5p0-29ebe06b7_25-GW241210_060606-combined_PEDataRelease.hdf5/content,Data file,data-file,h5,zenodo,,
850,GW241210_060606,https://zenodo.org/record/20348005/files/IGWN-GWTC5p0-29ebe06b7_25-Archived_Skymaps.tar.gz,Sky Map,skymap-fits,tar,,,
851,GW241210_023335,https://gwosc.org/eventapi/json/GWTC-5.0/GW241210_023335/v1,JSON file,json-url,,,,
852,GW241210_023335,https://gwosc.org/eventapi/html/GWTC-5.0/GW241210_023335/v1,GWTC link,open-data,,,,
853,GW241210_023335,https://zenodo.org/record/20348005/files/IGWN-GWTC5p0-29ebe06b7_25-Archived_Skymaps.tar.gz,Sky Map,skymap-fits,tar,,,
854,GW241201_142737,https://gwosc.org/eventapi/json/GWTC-5.0/GW241201_142737/v1,JSON file,json-url,,,,
855,GW241201_142737,https://gwosc.org/eventapi/html/GWTC-5.0/GW241201_142737/v1,GWTC link,open-data,,,,
856,GW241201_142737,https://zenodo.org/record/20348005/files/IGWN-GWTC5p0-29ebe06b7_25-Archived_Skymaps.tar.gz,Sky Map,skymap-fits,tar,,,
857,GW241201_055758,https://gwosc.org/eventapi/json/GWTC-5.0/GW241201_055758/v1,JSON file,json-url,,,,
858,GW241201_055758,https://gwosc.org/eventapi/html/GWTC-5.0/GW241201_055758/v1,GWTC link,open-data,,,,
859,GW241201_055758,https://zenodo.org/api/records/20348006/files/IGWN-GWTC5p0-29ebe06b7_25-GW241201_055758-combined_PEDataRelease.hdf5/content,Data file,data-file,h5,zenodo,,
860,GW241201_055758,https://zenodo.org/record/20348005/files/IGWN-GWTC5p0-29ebe06b7_25-Archived_Skymaps.tar.gz,Sky Map,skymap-fits,tar,,,
861,GW241130_110422,https://gwosc.org/eventapi/json/GWTC-5.0/GW241130_110422/v1,JSON file,json-url,,,,
862,GW241130_110422,https://gwosc.org/eventapi/html/GWTC-5.0/GW241130_110422/v1,GWTC link,open-data,,,,
863,GW241130_110422,https://zenodo.org/api/records/20348005/files/IGWN-GWTC5p0-29ebe06b7_25-GW241130_110422-combined_PEDataRelease.hdf5/content,Data file,data-file,h5,zenodo,,
864,GW241130_110422,https://zenodo.org/record/20348005/files/IGWN-GWTC5p0-29ebe06b7_25-Archived_Skymaps.tar.gz,Sky Map,skymap-fits,tar,,,
865,GW241130_034908,https://gwosc.org/eventapi/json/GWTC-5.0/GW241130_034908/v1,JSON file,json-url,,,,
866,GW241130_034908,https://gwosc.org/eventapi/html/GWTC-5.0/GW241130_034908/v1,GWTC link,open-data,,,,
867,GW241130_034908,https://zenodo.org/api/records/20348005/files/IGWN-GWTC5p0-29ebe06b7_25-GW241130_034908-combined_PEDataRelease.hdf5/content,Data file,data-file,h5,zenodo,,
868,GW241130_034908,https://zenodo.org/record/20348005/files/IGWN-GWTC5p0-29ebe06b7_25-Archived_Skymaps.tar.gz,Sky Map,skymap-fits,tar,,,
869,GW241129_140416,https://gwosc.org/eventapi/json/GWTC-5.0/GW241129_140416/v1,JSON file,json-url,,,,
870,GW241129_140416,https://gwosc.org/eventapi/html/GWTC-5.0/GW241129_140416/v1,GWTC link,open-data,,,,
871,GW241129_140416,https://zenodo.org/record/20348005/files/IGWN-GWTC5p0-29ebe06b7_25-Archived_Skymaps.tar.gz,Sky Map,skymap-fits,tar,,,
872,GW241129_021832,https://gwosc.org/eventapi/json/GWTC-5.0/GW241129_021832/v1,JSON file,json-url,,,,
873,GW241129_021832,https://gwosc.org/eventapi/html/GWTC-5.0/GW241129_021832/v1,GWTC link,open-data,,,,
874,GW241129_021832,https://zenodo.org/api/records/20348005/files/IGWN-GWTC5p0-29ebe06b7_25-GW241129_021832-combined_PEDataRelease.hdf5/content,Data file,data-file,h5,zenodo,,
875,GW241129_021832,https://zenodo.org/record/20348005/files/IGWN-GWTC5p0-29ebe06b7_25-Archived_Skymaps.tar.gz,Sky Map,skymap-fits,tar,,,
876,GW241127_061008,https://gwosc.org/eventapi/json/GWTC-5.0/GW241127_061008/v1,JSON file,json-url,,,,
877,GW241127_061008,https://gwosc.org/eventapi/html/GWTC-5.0/GW241127_061008/v1,GWTC link,open-data,,,,
878,GW241127_061008,https://zenodo.org/api/records/20348005/files/IGWN-GWTC5p0-29ebe06b7_25-GW241127_061008-combined_PEDataRelease.hdf5/content,Data file,data-file,h5,zenodo,,
879,GW241127_061008,https://zenodo.org/record/20348005/files/IGWN-GWTC5p0-29ebe06b7_25-Archived_Skymaps.tar.gz,Sky Map,skymap-fits,tar,,,
880,GW241125_010116,https://gwosc.org/eventapi/json/GWTC-5.0/GW241125_010116/v1,JSON file,json-url,,,,
881,GW241125_010116,https://gwosc.org/eventapi/html/GWTC-5.0/GW241125_010116/v1,GWTC link,open-data,,,,
882,GW241125_010116,https://zenodo.org/api/records/20348005/files/IGWN-GWTC5p0-29ebe06b7_25-GW241125_010116-combined_PEDataRelease.hdf5/content,Data file,data-file,h5,zenodo,,
883,GW241125_010116,https://zenodo.org/record/20348005/files/IGWN-GWTC5p0-29ebe06b7_25-Archived_Skymaps.tar.gz,Sky Map,skymap-fits,tar,,,
884,GW241124_024914,https://gwosc.org/eventapi/json/GWTC-5.0/GW241124_024914/v1,JSON file,json-url,,,,
885,GW241124_024914,https://gwosc.org/eventapi/html/GWTC-5.0/GW241124_024914/v1,GWTC link,open-data,,,,
886,GW241124_024914,https://zenodo.org/api/records/20348005/files/IGWN-GWTC5p0-29ebe06b7_25-GW241124_024914-combined_PEDataRelease.hdf5/content,Data file,data-file,h5,zenodo,,
887,GW241124_024914,https://zenodo.org/record/20348005/files/IGWN-GWTC5p0-29ebe06b7_25-Archived_Skymaps.tar.gz,Sky Map,skymap-fits,tar,,,
888,GW241116_151753,https://gwosc.org/eventapi/json/GWTC-5.0/GW241116_151753/v1,JSON file,json-url,,,,
889,GW241116_151753,https://gwosc.org/eventapi/html/GWTC-5.0/GW241116_151753/v1,GWTC link,open-data,,,,
890,GW241116_151753,https://zenodo.org/api/records/20348005/files/IGWN-GWTC5p0-29ebe06b7_25-GW241116_151753-combined_PEDataRelease.hdf5/content,Data file,data-file,h5,zenodo,,
891,GW241116_151753,https://zenodo.org/record/20348005/files/IGWN-GWTC5p0-29ebe06b7_25-Archived_Skymaps.tar.gz,Sky Map,skymap-fits,tar,,,
892,GW241114_235258,https://gwosc.org/eventapi/json/GWTC-5.0/GW241114_235258/v1,JSON file,json-url,,,,
893,GW241114_235258,https://gwosc.org/eventapi/html/GWTC-5.0/GW241114_235258/v1,GWTC link,open-data,,,,
894,GW241114_235258,https://zenodo.org/api/records/20348005/files/IGWN-GWTC5p0-29ebe06b7_25-GW241114_235258-combined_PEDataRelease.hdf5/content,Data file,data-file,h5,zenodo,,
895,GW241114_235258,https://zenodo.org/record/20348005/files/IGWN-GWTC5p0-29ebe06b7_25-Archived_Skymaps.tar.gz,Sky Map,skymap-fits,tar,,,
896,GW241114_024711,https://gwosc.org/eventapi/json/GWTC-5.0/GW241114_024711/v1,JSON file,json-url,,,,
897,GW241114_024711,https://gwosc.org/eventapi/html/GWTC-5.0/GW241114_024711/v1,GWTC link,open-data,,,,
898,GW241114_024711,https://zenodo.org/api/records/20348005/files/IGWN-GWTC5p0-29ebe06b7_25-GW241114_024711-combined_PEDataRelease.hdf5/content,Data file,data-file,h5,zenodo,,
899,GW241114_024711,https://zenodo.org/record/20348005/files/IGWN-GWTC5p0-29ebe06b7_25-Archived_Skymaps.tar.gz,Sky Map,skymap-fits,tar,,,
900,GW241113_163507,https://gwosc.org/eventapi/json/GWTC-5.0/GW241113_163507/v1,JSON file,json-url,,,,
901,GW241113_163507,https://gwosc.org/eventapi/html/GWTC-5.0/GW241113_163507/v1,GWTC link,open-data,,,,
902,GW241113_163507,https://zenodo.org/api/records/20348005/files/IGWN-GWTC5p0-29ebe06b7_25-GW241113_163507-combined_PEDataRelease.hdf5/content,Data file,data-file,h5,zenodo,,
903,GW241113_163507,https://zenodo.org/record/20348005/files/IGWN-GWTC5p0-29ebe06b7_25-Archived_Skymaps.tar.gz,Sky Map,skymap-fits,tar,,,
904,GW241111_111552,https://gwosc.org/eventapi/json/GWTC-5.0/GW241111_111552/v1,JSON file,json-url,,,,
905,GW241111_111552,https://gwosc.org/eventapi/html/GWTC-5.0/GW241111_111552/v1,GWTC link,open-data,,,,
906,GW241111_111552,https://zenodo.org/api/records/20348005/files/IGWN-GWTC5p0-29ebe06b7_25-GW241111_111552-combined_PEDataRelease.hdf5/content,Data file,data-file,h5,zenodo,,
907,GW241111_111552,https://zenodo.org/record/20348005/files/IGWN-GWTC5p0-29ebe06b7_25-Archived_Skymaps.tar.gz,Sky Map,skymap-fits,tar,,,
908,GW241110_124123,https://gwosc.org/eventapi/json/GWTC-5.0/GW241110_124123/v2,JSON file,json-url,,,,
909,GW241110_124123,https://gwosc.org/eventapi/html/GWTC-5.0/GW241110_124123/v2,GWTC link,open-data,,,,
910,GW241110_124123,https://zenodo.org/api/records/20348005/files/IGWN-GWTC5p0-29ebe06b7_25-GW241110_124123-combined_PEDataRelease.hdf5/content,Data file,data-file,h5,zenodo,,
911,GW241110_124123,https://zenodo.org/record/20348005/files/IGWN-GWTC5p0-29ebe06b7_25-Archived_Skymaps.tar.gz,Sky Map,skymap-fits,tar,,,
912,GW241109_115924,https://gwosc.org/eventapi/json/GWTC-5.0/GW241109_115924/v1,JSON file,json-url,,,,
913,GW241109_115924,https://gwosc.org/eventapi/html/GWTC-5.0/GW241109_115924/v1,GWTC link,open-data,,,,
914,GW241109_115924,https://zenodo.org/api/records/20348005/files/IGWN-GWTC5p0-29ebe06b7_25-GW241109_115924-combined_PEDataRelease.hdf5/content,Data file,data-file,h5,zenodo,,
915,GW241109_115924,https://zenodo.org/record/20348005/files/IGWN-GWTC5p0-29ebe06b7_25-Archived_Skymaps.tar.gz,Sky Map,skymap-fits,tar,,,
916,GW241109_033317,https://gwosc.org/eventapi/json/GWTC-5.0/GW241109_033317/v1,JSON file,json-url,,,,
917,GW241109_033317,https://gwosc.org/eventapi/html/GWTC-5.0/GW241109_033317/v1,GWTC link,open-data,,,,
918,GW241109_033317,https://zenodo.org/api/records/20348005/files/IGWN-GWTC5p0-29ebe06b7_25-GW241109_033317-combined_PEDataRelease.hdf5/content,Data file,data-file,h5,zenodo,,
919,GW241109_033317,https://zenodo.org/record/20348005/files/IGWN-GWTC5p0-29ebe06b7_25-Archived_Skymaps.tar.gz,Sky Map,skymap-fits,tar,,,
920,GW241109_005349,https://gwosc.org/eventapi/json/GWTC-5.0/GW241109_005349/v1,JSON file,json-url,,,,
921,GW241109_005349,https://gwosc.org/eventapi/html/GWTC-5.0/GW241109_005349/v1,GWTC link,open-data,,,,
922,GW241109_005349,https://zenodo.org/record/20348005/files/IGWN-GWTC5p0-29ebe06b7_25-Archived_Skymaps.tar.gz,Sky Map,skymap-fits,tar,,,
923,GW241106_110932,https://gwosc.org/eventapi/json/GWTC-5.0/GW241106_110932/v1,JSON file,json-url,,,,
924,GW241106_110932,https://gwosc.org/eventapi/html/GWTC-5.0/GW241106_110932/v1,GWTC link,open-data,,,,
925,GW241106_110932,https://zenodo.org/record/20348005/files/IGWN-GWTC5p0-29ebe06b7_25-Archived_Skymaps.tar.gz,Sky Map,skymap-fits,tar,,,
926,GW241102_144729,https://gwosc.org/eventapi/json/GWTC-5.0/GW241102_144729/v1,JSON file,json-url,,,,
927,GW241102_144729,https://gwosc.org/eventapi/html/GWTC-5.0/GW241102_144729/v1,GWTC link,open-data,,,,
928,GW241102_144729,https://zenodo.org/api/records/20348005/files/IGWN-GWTC5p0-29ebe06b7_25-GW241102_144729-combined_PEDataRelease.hdf5/content,Data file,data-file,h5,zenodo,,
929,GW241102_144729,https://zenodo.org/record/20348005/files/IGWN-GWTC5p0-29ebe06b7_25-Archived_Skymaps.tar.gz,Sky Map,skymap-fits,tar,,,
930,GW241102_124058,https://gwosc.org/eventapi/json/GWTC-5.0/GW241102_124058/v1,JSON file,json-url,,,,
931,GW241102_124058,https://gwosc.org/eventapi/html/GWTC-5.0/GW241102_124058/v1,GWTC link,open-data,,,,
932,GW241102_124058,https://zenodo.org/api/records/20348005/files/IGWN-GWTC5p0-29ebe06b7_25-GW241102_124058-combined_PEDataRelease.hdf5/content,Data file,data-file,h5,zenodo,,
933,GW241102_124058,https://zenodo.org/record/20348005/files/IGWN-GWTC5p0-29ebe06b7_25-Archived_Skymaps.tar.gz,Sky Map,skymap-fits,tar,,,
934,GW241101_220523,https://gwosc.org/eventapi/json/GWTC-5.0/GW241101_220523/v1,JSON file,json-url,,,,
935,GW241101_220523,https://gwosc.org/eventapi/html/GWTC-5.0/GW241101_220523/v1,GWTC link,open-data,,,,
936,GW241101_220523,https://zenodo.org/api/records/20348005/files/IGWN-GWTC5p0-29ebe06b7_25-GW241101_220523-combined_PEDataRelease.hdf5/content,Data file,data-file,h5,zenodo,,
937,GW241101_220523,https://zenodo.org/record/20348005/files/IGWN-GWTC5p0-29ebe06b7_25-Archived_Skymaps.tar.gz,Sky Map,skymap-fits,tar,,,
938,GW241101_034726,https://gwosc.org/eventapi/json/GWTC-5.0/GW241101_034726/v1,JSON file,json-url,,,,
939,GW241101_034726,https://gwosc.org/eventapi/html/GWTC-5.0/GW241101_034726/v1,GWTC link,open-data,,,,
940,GW241101_034726,https://zenodo.org/record/20348005/files/IGWN-GWTC5p0-29ebe06b7_25-Archived_Skymaps.tar.gz,Sky Map,skymap-fits,tar,,,
941,GW241018_235402,https://gwosc.org/eventapi/json/GWTC-5.0/GW241018_235402/v1,JSON file,json-url,,,,
942,GW241018_235402,https://gwosc.org/eventapi/html/GWTC-5.0/GW241018_235402/v1,GWTC link,open-data,,,,
943,GW241018_235402,https://zenodo.org/record/20348005/files/IGWN-GWTC5p0-29ebe06b7_25-Archived_Skymaps.tar.gz,Sky Map,skymap-fits,tar,,,
944,GW241011_233834,https://gwosc.org/eventapi/json/GWTC-5.0/GW241011_233834/v2,JSON file,json-url,,,,
945,GW241011_233834,https://gwosc.org/eventapi/html/GWTC-5.0/GW241011_233834/v2,GWTC link,open-data,,,,
946,GW241011_233834,https://zenodo.org/api/records/20348005/files/IGWN-GWTC5p0-29ebe06b7_25-GW241011_233834-combined_PEDataRelease.hdf5/content,Data file,data-file,h5,zenodo,,
947,GW241011_233834,https://zenodo.org/record/20348005/files/IGWN-GWTC5p0-29ebe06b7_25-Archived_Skymaps.tar.gz,Sky Map,skymap-fits,tar,,,
948,GW241009_220455,https://gwosc.org/eventapi/json/GWTC-5.0/GW241009_220455/v1,JSON file,json-url,,,,
949,GW241009_220455,https://gwosc.org/eventapi/html/GWTC-5.0/GW241009_220455/v1,GWTC link,open-data,,,,
950,GW241009_220455,https://zenodo.org/api/records/20348005/files/IGWN-GWTC5p0-29ebe06b7_25-GW241009_220455-combined_PEDataRelease.hdf5/content,Data file,data-file,h5,zenodo,,
951,GW241009_220455,https://zenodo.org/record/20348005/files/IGWN-GWTC5p0-29ebe06b7_25-Archived_Skymaps.tar.gz,Sky Map,skymap-fits,tar,,,
952,GW241009_084816,https://gwosc.org/eventapi/json/GWTC-5.0/GW241009_084816/v1,JSON file,json-url,,,,
953,GW241009_084816,https://gwosc.org/eventapi/html/GWTC-5.0/GW241009_084816/v1,GWTC link,open-data,,,,
954,GW241009_084816,https://zenodo.org/api/records/20348005/files/IGWN-GWTC5p0-29ebe06b7_25-GW241009_084816-combined_PEDataRelease.hdf5/content,Data file,data-file,h5,zenodo,,
955,GW241009_084816,https://zenodo.org/record/20348005/files/IGWN-GWTC5p0-29ebe06b7_25-Archived_Skymaps.tar.gz,Sky Map,skymap-fits,tar,,,
956,GW241009_022835,https://gwosc.org/eventapi/json/GWTC-5.0/GW241009_022835/v1,JSON file,json-url,,,,
957,GW241009_022835,https://gwosc.org/eventapi/html/GWTC-5.0/GW241009_022835/v1,GWTC link,open-data,,,,
958,GW241009_022835,https://zenodo.org/api/records/20348005/files/IGWN-GWTC5p0-29ebe06b7_25-GW241009_022835-combined_PEDataRelease.hdf5/content,Data file,data-file,h5,zenodo,,
959,GW241009_022835,https://zenodo.org/record/20348005/files/IGWN-GWTC5p0-29ebe06b7_25-Archived_Skymaps.tar.gz,Sky Map,skymap-fits,tar,,,
960,GW241007_082943,https://gwosc.org/eventapi/json/GWTC-5.0/GW241007_082943/v1,JSON file,json-url,,,,
961,GW241007_082943,https://gwosc.org/eventapi/html/GWTC-5.0/GW241007_082943/v1,GWTC link,open-data,,,,
962,GW241007_082943,https://zenodo.org/api/records/20348005/files/IGWN-GWTC5p0-29ebe06b7_25-GW241007_082943-combined_PEDataRelease.hdf5/content,Data file,data-file,h5,zenodo,,
963,GW241007_082943,https://zenodo.org/record/20348005/files/IGWN-GWTC5p0-29ebe06b7_25-Archived_Skymaps.tar.gz,Sky Map,skymap-fits,tar,,,
964,GW241006_015333,https://gwosc.org/eventapi/json/GWTC-5.0/GW241006_015333/v1,JSON file,json-url,,,,
965,GW241006_015333,https://gwosc.org/eventapi/html/GWTC-5.0/GW241006_015333/v1,GWTC link,open-data,,,,
966,GW241006_015333,https://zenodo.org/api/records/20348005/files/IGWN-GWTC5p0-29ebe06b7_25-GW241006_015333-combined_PEDataRelease.hdf5/content,Data file,data-file,h5,zenodo,,
967,GW241006_015333,https://zenodo.org/record/20348005/files/IGWN-GWTC5p0-29ebe06b7_25-Archived_Skymaps.tar.gz,Sky Map,skymap-fits,tar,,,
968,GW241002_030559,https://gwosc.org/eventapi/json/GWTC-5.0/GW241002_030559/v1,JSON file,json-url,,,,
969,GW241002_030559,https://gwosc.org/eventapi/html/GWTC-5.0/GW241002_030559/v1,GWTC link,open-data,,,,
970,GW241002_030559,https://zenodo.org/api/records/20348005/files/IGWN-GWTC5p0-29ebe06b7_25-GW241002_030559-combined_PEDataRelease.hdf5/content,Data file,data-file,h5,zenodo,,
971,GW241002_030559,https://zenodo.org/record/20348005/files/IGWN-GWTC5p0-29ebe06b7_25-Archived_Skymaps.tar.gz,Sky Map,skymap-fits,tar,,,
972,GW240930_234614,https://gwosc.org/eventapi/json/GWTC-5.0/GW240930_234614/v1,JSON file,json-url,,,,
973,GW240930_234614,https://gwosc.org/eventapi/html/GWTC-5.0/GW240930_234614/v1,GWTC link,open-data,,,,
974,GW240930_234614,https://zenodo.org/api/records/20348005/files/IGWN-GWTC5p0-29ebe06b7_25-GW240930_234614-combined_PEDataRelease.hdf5/content,Data file,data-file,h5,zenodo,,
975,GW240930_234614,https://zenodo.org/record/20348005/files/IGWN-GWTC5p0-29ebe06b7_25-Archived_Skymaps.tar.gz,Sky Map,skymap-fits,tar,,,
976,GW240930_123408,https://gwosc.org/eventapi/json/GWTC-5.0/GW240930_123408/v1,JSON file,json-url,,,,
977,GW240930_123408,https://gwosc.org/eventapi/html/GWTC-5.0/GW240930_123408/v1,GWTC link,open-data,,,,
978,GW240930_123408,https://zenodo.org/record/20348005/files/IGWN-GWTC5p0-29ebe06b7_25-Archived_Skymaps.tar.gz,Sky Map,skymap-fits,tar,,,
979,GW240930_035959,https://gwosc.org/eventapi/json/GWTC-5.0/GW240930_035959/v1,JSON file,json-url,,,,
980,GW240930_035959,https://gwosc.org/eventapi/html/GWTC-5.0/GW240930_035959/v1,GWTC link,open-data,,,,
981,GW240930_035959,https://zenodo.org/api/records/20348005/files/IGWN-GWTC5p0-29ebe06b7_25-GW240930_035959-combined_PEDataRelease.hdf5/content,Data file,data-file,h5,zenodo,,
982,GW240930_035959,https://zenodo.org/record/20348005/files/IGWN-GWTC5p0-29ebe06b7_25-Archived_Skymaps.tar.gz,Sky Map,skymap-fits,tar,,,
983,GW240925_005809,https://gwosc.org/eventapi/json/GWTC-5.0/GW240925_005809/v2,JSON file,json-url,,,,
984,GW240925_005809,https://gwosc.org/eventapi/html/GWTC-5.0/GW240925_005809/v2,GWTC link,open-data,,,,
985,GW240925_005809,https://zenodo.org/api/records/20348005/files/IGWN-GWTC5p0-29ebe06b7_25-GW240925_005809-combined_PEDataRelease.hdf5/content,Data file,data-file,h5,zenodo,,
986,GW240925_005809,https://zenodo.org/record/20348005/files/IGWN-GWTC5p0-29ebe06b7_25-Archived_Skymaps.tar.gz,Sky Map,skymap-fits,tar,,,
987,GW240925_000956,https://gwosc.org/eventapi/json/GWTC-5.0/GW240925_000956/v1,JSON file,json-url,,,,
988,GW240925_000956,https://gwosc.org/eventapi/html/GWTC-5.0/GW240925_000956/v1,GWTC link,open-data,,,,
989,GW240925_000956,https://zenodo.org/record/20348005/files/IGWN-GWTC5p0-29ebe06b7_25-Archived_Skymaps.tar.gz,Sky Map,skymap-fits,tar,,,
990,GW240924_000316,https://gwosc.org/eventapi/json/GWTC-5.0/GW240924_000316/v1,JSON file,json-url,,,,
991,GW240924_000316,https://gwosc.org/eventapi/html/GWTC-5.0/GW240924_000316/v1,GWTC link,open-data,,,,
992,GW240924_000316,https://zenodo.org/api/records/20348005/files/IGWN-GWTC5p0-29ebe06b7_25-GW240924_000316-combined_PEDataRelease.hdf5/content,Data file,data-file,h5,zenodo,,
993,GW240924_000316,https://zenodo.org/record/20348005/files/IGWN-GWTC5p0-29ebe06b7_25-Archived_Skymaps.tar.gz,Sky Map,skymap-fits,tar,,,
994,GW240923_204006,https://gwosc.org/eventapi/json/GWTC-5.0/GW240923_204006/v1,JSON file,json-url,,,,
995,GW240923_204006,https://gwosc.org/eventapi/html/GWTC-5.0/GW240923_204006/v1,GWTC link,open-data,,,,
996,GW240923_204006,https://zenodo.org/api/records/20348005/files/IGWN-GWTC5p0-29ebe06b7_25-GW240923_204006-combined_PEDataRelease.hdf5/content,Data file,data-file,h5,zenodo,,
997,GW240923_204006,https://zenodo.org/record/20348005/files/IGWN-GWTC5p0-29ebe06b7_25-Archived_Skymaps.tar.gz,Sky Map,skymap-fits,tar,,,
998,GW240923_110846,https://gwosc.org/eventapi/json/GWTC-5.0/GW240923_110846/v1,JSON file,json-url,,,,
999,GW240923_110846,https://gwosc.org/eventapi/html/GWTC-5.0/GW240923_110846/v1,GWTC link,open-data,,,,
1000,GW240923_110846,https://zenodo.org/record/20348005/files/IGWN-GWTC5p0-29ebe06b7_25-Archived_Skymaps.tar.gz,Sky Map,skymap-fits,tar,,,
1001,GW240923_000715,https://gwosc.org/eventapi/json/GWTC-5.0/GW240923_000715/v1,JSON file,json-url,,,,
1002,GW240923_000715,https://gwosc.org/eventapi/html/GWTC-5.0/GW240923_000715/v1,GWTC link,open-data,,,,
1003,GW240923_000715,https://zenodo.org/record/20348005/files/IGWN-GWTC5p0-29ebe06b7_25-Archived_Skymaps.tar.gz,Sky Map,skymap-fits,tar,,,
1004,GW240922_142106,https://gwosc.org/eventapi/json/GWTC-5.0/GW240922_142106/v1,JSON file,json-url,,,,
1005,GW240922_142106,https://gwosc.org/eventapi/html/GWTC-5.0/GW240922_142106/v1,GWTC link,open-data,,,,
1006,GW240922_142106,https://zenodo.org/api/records/20348005/files/IGWN-GWTC5p0-29ebe06b7_25-GW240922_142106-combined_PEDataRelease.hdf5/content,Data file,data-file,h5,zenodo,,
1007,GW240922_142106,https://zenodo.org/record/20348005/files/IGWN-GWTC5p0-29ebe06b7_25-Archived_Skymaps.tar.gz,Sky Map,skymap-fits,tar,,,
1008,GW240921_201835,https://gwosc.org/eventapi/json/GWTC-5.0/GW240921_201835/v1,JSON file,json-url,,,,
1009,GW240921_201835,https://gwosc.org/eventapi/html/GWTC-5.0/GW240921_201835/v1,GWTC link,open-data,,,,
1010,GW240921_201835,https://zenodo.org/api/records/20348005/files/IGWN-GWTC5p0-29ebe06b7_25-GW240921_201835-combined_PEDataRelease.hdf5/content,Data file,data-file,h5,zenodo,,
1011,GW240921_201835,https://zenodo.org/record/20348005/files/IGWN-GWTC5p0-29ebe06b7_25-Archived_Skymaps.tar.gz,Sky Map,skymap-fits,tar,,,
1012,GW240920_124024,https://gwosc.org/eventapi/json/GWTC-5.0/GW240920_124024/v1,JSON file,json-url,,,,
1013,GW240920_124024,https://gwosc.org/eventapi/html/GWTC-5.0/GW240920_124024/v1,GWTC link,open-data,,,,
1014,GW240920_124024,https://zenodo.org/api/records/20348005/files/IGWN-GWTC5p0-29ebe06b7_25-GW240920_124024-combined_PEDataRelease.hdf5/content,Data file,data-file,h5,zenodo,,
1015,GW240920_124024,https://zenodo.org/record/20348005/files/IGWN-GWTC5p0-29ebe06b7_25-Archived_Skymaps.tar.gz,Sky Map,skymap-fits,tar,,,
1016,GW240920_073424,https://gwosc.org/eventapi/json/GWTC-5.0/GW240920_073424/v1,JSON file,json-url,,,,
1017,GW240920_073424,https://gwosc.org/eventapi/html/GWTC-5.0/GW240920_073424/v1,GWTC link,open-data,,,,
1018,GW240920_073424,https://zenodo.org/api/records/20348005/files/IGWN-GWTC5p0-29ebe06b7_25-GW240920_073424-combined_PEDataRelease.hdf5/content,Data file,data-file,h5,zenodo,,
1019,GW240920_073424,https://zenodo.org/record/20348005/files/IGWN-GWTC5p0-29ebe06b7_25-Archived_Skymaps.tar.gz,Sky Map,skymap-fits,tar,,,
1020,GW240919_215453,https://gwosc.org/eventapi/json/GWTC-5.0/GW240919_215453/v1,JSON file,json-url,,,,
1021,GW240919_215453,https://gwosc.org/eventapi/html/GWTC-5.0/GW240919_215453/v1,GWTC link,open-data,,,,
1022,GW240919_215453,https://zenodo.org/record/20348005/files/IGWN-GWTC5p0-29ebe06b7_25-Archived_Skymaps.tar.gz,Sky Map,skymap-fits,tar,,,
1023,GW240919_061559,https://gwosc.org/eventapi/json/GWTC-5.0/GW240919_061559/v1,JSON file,json-url,,,,
1024,GW240919_061559,https://gwosc.org/eventapi/html/GWTC-5.0/GW240919_061559/v1,GWTC link,open-data,,,,
1025,GW240919_061559,https://zenodo.org/api/records/20348005/files/IGWN-GWTC5p0-29ebe06b7_25-GW240919_061559-combined_PEDataRelease.hdf5/content,Data file,data-file,h5,zenodo,,
1026,GW240919_061559,https://zenodo.org/record/20348005/files/IGWN-GWTC5p0-29ebe06b7_25-Archived_Skymaps.tar.gz,Sky Map,skymap-fits,tar,,,
1027,GW240917_130237,https://gwosc.org/eventapi/json/GWTC-5.0/GW240917_130237/v1,JSON file,json-url,,,,
1028,GW240917_130237,https://gwosc.org/eventapi/html/GWTC-5.0/GW240917_130237/v1,GWTC link,open-data,,,,
1029,GW240917_130237,https://zenodo.org/record/20348005/files/IGWN-GWTC5p0-29ebe06b7_25-Archived_Skymaps.tar.gz,Sky Map,skymap-fits,tar,,,
1030,GW240916_184352,https://gwosc.org/eventapi/json/GWTC-5.0/GW240916_184352/v1,JSON file,json-url,,,,
1031,GW240916_184352,https://gwosc.org/eventapi/html/GWTC-5.0/GW240916_184352/v1,GWTC link,open-data,,,,
1032,GW240916_184352,https://zenodo.org/api/records/20348005/files/IGWN-GWTC5p0-29ebe06b7_25-GW240916_184352-combined_PEDataRelease.hdf5/content,Data file,data-file,h5,zenodo,,
1033,GW240916_184352,https://zenodo.org/record/20348005/files/IGWN-GWTC5p0-29ebe06b7_25-Archived_Skymaps.tar.gz,Sky Map,skymap-fits,tar,,,
1034,GW240915_105151,https://gwosc.org/eventapi/json/GWTC-5.0/GW240915_105151/v1,JSON file,json-url,,,,
1035,GW240915_105151,https://gwosc.org/eventapi/html/GWTC-5.0/GW240915_105151/v1,GWTC link,open-data,,,,
1036,GW240915_105151,https://zenodo.org/api/records/20348005/files/IGWN-GWTC5p0-29ebe06b7_25-GW240915_105151-combined_PEDataRelease.hdf5/content,Data file,data-file,h5,zenodo,,
1037,GW240915_105151,https://zenodo.org/record/20348005/files/IGWN-GWTC5p0-29ebe06b7_25-Archived_Skymaps.tar.gz,Sky Map,skymap-fits,tar,,,
1038,GW240915_045510,https://gwosc.org/eventapi/json/GWTC-5.0/GW240915_045510/v1,JSON file,json-url,,,,
1039,GW240915_045510,https://gwosc.org/eventapi/html/GWTC-5.0/GW240915_045510/v1,GWTC link,open-data,,,,
1040,GW240915_045510,https://zenodo.org/record/20348005/files/IGWN-GWTC5p0-29ebe06b7_25-Archived_Skymaps.tar.gz,Sky Map,skymap-fits,tar,,,
1041,GW240915_001357,https://gwosc.org/eventapi/json/GWTC-5.0/GW240915_001357/v1,JSON file,json-url,,,,
1042,GW240915_001357,https://gwosc.org/eventapi/html/GWTC-5.0/GW240915_001357/v1,GWTC link,open-data,,,,
1043,GW240915_001357,https://zenodo.org/api/records/20348005/files/IGWN-GWTC5p0-29ebe06b7_25-GW240915_001357-combined_PEDataRelease.hdf5/content,Data file,data-file,h5,zenodo,,
1044,GW240915_001357,https://zenodo.org/record/20348005/files/IGWN-GWTC5p0-29ebe06b7_25-Archived_Skymaps.tar.gz,Sky Map,skymap-fits,tar,,,
1045,GW240913_111216,https://gwosc.org/eventapi/json/GWTC-5.0/GW240913_111216/v1,JSON file,json-url,,,,
1046,GW240913_111216,https://gwosc.org/eventapi/html/GWTC-5.0/GW240913_111216/v1,GWTC link,open-data,,,,
1047,GW240913_111216,https://zenodo.org/record/20348005/files/IGWN-GWTC5p0-29ebe06b7_25-Archived_Skymaps.tar.gz,Sky Map,skymap-fits,tar,,,
1048,GW240910_103535,https://gwosc.org/eventapi/json/GWTC-5.0/GW240910_103535/v1,JSON file,json-url,,,,
1049,GW240910_103535,https://gwosc.org/eventapi/html/GWTC-5.0/GW240910_103535/v1,GWTC link,open-data,,,,
1050,GW240910_103535,https://zenodo.org/api/records/20348005/files/IGWN-GWTC5p0-29ebe06b7_25-GW240910_103535-combined_PEDataRelease.hdf5/content,Data file,data-file,h5,zenodo,,
1051,GW240910_103535,https://zenodo.org/record/20348005/files/IGWN-GWTC5p0-29ebe06b7_25-Archived_Skymaps.tar.gz,Sky Map,skymap-fits,tar,,,
1052,GW240908_174149,https://gwosc.org/eventapi/json/GWTC-5.0/GW240908_174149/v1,JSON file,json-url,,,,
1053,GW240908_174149,https://gwosc.org/eventapi/html/GWTC-5.0/GW240908_174149/v1,GWTC link,open-data,,,,
1054,GW240908_174149,https://zenodo.org/record/20348005/files/IGWN-GWTC5p0-29ebe06b7_25-Archived_Skymaps.tar.gz,Sky Map,skymap-fits,tar,,,
1055,GW240908_125134,https://gwosc.org/eventapi/json/GWTC-5.0/GW240908_125134/v1,JSON file,json-url,,,,
1056,GW240908_125134,https://gwosc.org/eventapi/html/GWTC-5.0/GW240908_125134/v1,GWTC link,open-data,,,,
1057,GW240908_125134,https://zenodo.org/api/records/20348005/files/IGWN-GWTC5p0-29ebe06b7_25-GW240908_125134-combined_PEDataRelease.hdf5/content,Data file,data-file,h5,zenodo,,
1058,GW240908_125134,https://zenodo.org/record/20348005/files/IGWN-GWTC5p0-29ebe06b7_25-Archived_Skymaps.tar.gz,Sky Map,skymap-fits,tar,,,
1059,GW240908_082628,https://gwosc.org/eventapi/json/GWTC-5.0/GW240908_082628/v1,JSON file,json-url,,,,
1060,GW240908_082628,https://gwosc.org/eventapi/html/GWTC-5.0/GW240908_082628/v1,GWTC link,open-data,,,,
1061,GW240908_082628,https://zenodo.org/api/records/20348005/files/IGWN-GWTC5p0-29ebe06b7_25-GW240908_082628-combined_PEDataRelease.hdf5/content,Data file,data-file,h5,zenodo,,
1062,GW240908_082628,https://zenodo.org/record/20348005/files/IGWN-GWTC5p0-29ebe06b7_25-Archived_Skymaps.tar.gz,Sky Map,skymap-fits,tar,,,
1063,GW240907_153833,https://gwosc.org/eventapi/json/GWTC-5.0/GW240907_153833/v1,JSON file,json-url,,,,
1064,GW240907_153833,https://gwosc.org/eventapi/html/GWTC-5.0/GW240907_153833/v1,GWTC link,open-data,,,,
1065,GW240907_153833,https://zenodo.org/api/records/20348005/files/IGWN-GWTC5p0-29ebe06b7_25-GW240907_153833-combined_PEDataRelease.hdf5/content,Data file,data-file,h5,zenodo,,
1066,GW240907_153833,https://zenodo.org/record/20348005/files/IGWN-GWTC5p0-29ebe06b7_25-Archived_Skymaps.tar.gz,Sky Map,skymap-fits,tar,,,
1067,GW240907_121650,https://gwosc.org/eventapi/json/GWTC-5.0/GW240907_121650/v1,JSON file,json-url,,,,
1068,GW240907_121650,https://gwosc.org/eventapi/html/GWTC-5.0/GW240907_121650/v1,GWTC link,open-data,,,,
1069,GW240907_121650,https://zenodo.org/record/20348005/files/IGWN-GWTC5p0-29ebe06b7_25-Archived_Skymaps.tar.gz,Sky Map,skymap-fits,tar,,,
1070,GW240907_092521,https://gwosc.org/eventapi/json/GWTC-5.0/GW240907_092521/v1,JSON file,json-url,,,,
1071,GW240907_092521,https://gwosc.org/eventapi/html/GWTC-5.0/GW240907_092521/v1,GWTC link,open-data,,,,
1072,GW240907_092521,https://zenodo.org/record/20348005/files/IGWN-GWTC5p0-29ebe06b7_25-Archived_Skymaps.tar.gz,Sky Map,skymap-fits,tar,,,
1073,GW240902_143306,https://gwosc.org/eventapi/json/GWTC-5.0/GW240902_143306/v1,JSON file,json-url,,,,
1074,GW240902_143306,https://gwosc.org/eventapi/html/GWTC-5.0/GW240902_143306/v1,GWTC link,open-data,,,,
1075,GW240902_143306,https://zenodo.org/api/records/20348005/files/IGWN-GWTC5p0-29ebe06b7_25-GW240902_143306-combined_PEDataRelease.hdf5/content,Data file,data-file,h5,zenodo,,
1076,GW240902_143306,https://zenodo.org/record/20348005/files/IGWN-GWTC5p0-29ebe06b7_25-Archived_Skymaps.tar.gz,Sky Map,skymap-fits,tar,,,
1077,GW240901_195332,https://gwosc.org/eventapi/json/GWTC-5.0/GW240901_195332/v1,JSON file,json-url,,,,
1078,GW240901_195332,https://gwosc.org/eventapi/html/GWTC-5.0/GW240901_195332/v1,GWTC link,open-data,,,,
1079,GW240901_195332,https://zenodo.org/record/20348005/files/IGWN-GWTC5p0-29ebe06b7_25-Archived_Skymaps.tar.gz,Sky Map,skymap-fits,tar,,,
1080,GW240830_211120,https://gwosc.org/eventapi/json/GWTC-5.0/GW240830_211120/v1,JSON file,json-url,,,,
1081,GW240830_211120,https://gwosc.org/eventapi/html/GWTC-5.0/GW240830_211120/v1,GWTC link,open-data,,,,
1082,GW240830_211120,https://zenodo.org/api/records/20348005/files/IGWN-GWTC5p0-29ebe06b7_25-GW240830_211120-combined_PEDataRelease.hdf5/content,Data file,data-file,h5,zenodo,,
1083,GW240830_211120,https://zenodo.org/record/20348005/files/IGWN-GWTC5p0-29ebe06b7_25-Archived_Skymaps.tar.gz,Sky Map,skymap-fits,tar,,,
1084,GW240828_102340,https://gwosc.org/eventapi/json/GWTC-5.0/GW240828_102340/v1,JSON file,json-url,,,,
1085,GW240828_102340,https://gwosc.org/eventapi/html/GWTC-5.0/GW240828_102340/v1,GWTC link,open-data,,,,
1086,GW240828_102340,https://zenodo.org/record/20348005/files/IGWN-GWTC5p0-29ebe06b7_25-Archived_Skymaps.tar.gz,Sky Map,skymap-fits,tar,,,
1087,GW240825_055146,https://gwosc.org/eventapi/json/GWTC-5.0/GW240825_055146/v1,JSON file,json-url,,,,
1088,GW240825_055146,https://gwosc.org/eventapi/html/GWTC-5.0/GW240825_055146/v1,GWTC link,open-data,,,,
1089,GW240825_055146,https://zenodo.org/api/records/20348005/files/IGWN-GWTC5p0-29ebe06b7_25-GW240825_055146-combined_PEDataRelease.hdf5/content,Data file,data-file,h5,zenodo,,
1090,GW240825_055146,https://zenodo.org/record/20348005/files/IGWN-GWTC5p0-29ebe06b7_25-Archived_Skymaps.tar.gz,Sky Map,skymap-fits,tar,,,
1091,GW240824_205609,https://gwosc.org/eventapi/json/GWTC-5.0/GW240824_205609/v1,JSON file,json-url,,,,
1092,GW240824_205609,https://gwosc.org/eventapi/html/GWTC-5.0/GW240824_205609/v1,GWTC link,open-data,,,,
1093,GW240824_205609,https://zenodo.org/api/records/20348005/files/IGWN-GWTC5p0-29ebe06b7_25-GW240824_205609-combined_PEDataRelease.hdf5/content,Data file,data-file,h5,zenodo,,
1094,GW240824_205609,https://zenodo.org/record/20348005/files/IGWN-GWTC5p0-29ebe06b7_25-Archived_Skymaps.tar.gz,Sky Map,skymap-fits,tar,,,
1095,GW240814_145043,https://gwosc.org/eventapi/json/GWTC-5.0/GW240814_145043/v1,JSON file,json-url,,,,
1096,GW240814_145043,https://gwosc.org/eventapi/html/GWTC-5.0/GW240814_145043/v1,GWTC link,open-data,,,,
1097,GW240814_145043,https://zenodo.org/record/20348005/files/IGWN-GWTC5p0-29ebe06b7_25-Archived_Skymaps.tar.gz,Sky Map,skymap-fits,tar,,,
1098,GW240813_034548,https://gwosc.org/eventapi/json/GWTC-5.0/GW240813_034548/v1,JSON file,json-url,,,,
1099,GW240813_034548,https://gwosc.org/eventapi/html/GWTC-5.0/GW240813_034548/v1,GWTC link,open-data,,,,
1100,GW240813_034548,https://zenodo.org/record/20348005/files/IGWN-GWTC5p0-29ebe06b7_25-Archived_Skymaps.tar.gz,Sky Map,skymap-fits,tar,,,
1101,GW240807_214559,https://gwosc.org/eventapi/json/GWTC-5.0/GW240807_214559/v1,JSON file,json-url,,,,
1102,GW240807_214559,https://gwosc.org/eventapi/html/GWTC-5.0/GW240807_214559/v1,GWTC link,open-data,,,,
1103,GW240807_214559,https://zenodo.org/record/20348005/files/IGWN-GWTC5p0-29ebe06b7_25-Archived_Skymaps.tar.gz,Sky Map,skymap-fits,tar,,,
1104,GW240806_043539,https://gwosc.org/eventapi/json/GWTC-5.0/GW240806_043539/v1,JSON file,json-url,,,,
1105,GW240806_043539,https://gwosc.org/eventapi/html/GWTC-5.0/GW240806_043539/v1,GWTC link,open-data,,,,
1106,GW240806_043539,https://zenodo.org/record/20348005/files/IGWN-GWTC5p0-29ebe06b7_25-Archived_Skymaps.tar.gz,Sky Map,skymap-fits,tar,,,
1107,GW240716_034900,https://gwosc.org/eventapi/json/GWTC-5.0/GW240716_034900/v1,JSON file,json-url,,,,
1108,GW240716_034900,https://gwosc.org/eventapi/html/GWTC-5.0/GW240716_034900/v1,GWTC link,open-data,,,,
1109,GW240716_034900,https://zenodo.org/api/records/20348005/files/IGWN-GWTC5p0-29ebe06b7_25-GW240716_034900-combined_PEDataRelease.hdf5/content,Data file,data-file,h5,zenodo,,
1110,GW240716_034900,https://zenodo.org/record/20348005/files/IGWN-GWTC5p0-29ebe06b7_25-Archived_Skymaps.tar.gz,Sky Map,skymap-fits,tar,,,
1111,GW240705_053215,https://gwosc.org/eventapi/json/GWTC-5.0/GW240705_053215/v1,JSON file,json-url,,,,
1112,GW240705_053215,https://gwosc.org/eventapi/html/GWTC-5.0/GW240705_053215/v1,GWTC link,open-data,,,,
1113,GW240705_053215,https://zenodo.org/api/records/20348005/files/IGWN-GWTC5p0-29ebe06b7_25-GW240705_053215-combined_PEDataRelease.hdf5/content,Data file,data-file,h5,zenodo,,
1114,GW240705_053215,https://zenodo.org/record/20348005/files/IGWN-GWTC5p0-29ebe06b7_25-Archived_Skymaps.tar.gz,Sky Map,skymap-fits,tar,,,
1115,GW240703_191355,https://gwosc.org/eventapi/json/GWTC-5.0/GW240703_191355/v1,JSON file,json-url,,,,
1116,GW240703_191355,https://gwosc.org/eventapi/html/GWTC-5.0/GW240703_191355/v1,GWTC link,open-data,,,,
1117,GW240703_191355,https://zenodo.org/api/records/20348005/files/IGWN-GWTC5p0-29ebe06b7_25-GW240703_191355-combined_PEDataRelease.hdf5/content,Data file,data-file,h5,zenodo,,
1118,GW240703_191355,https://zenodo.org/record/20348005/files/IGWN-GWTC5p0-29ebe06b7_25-Archived_Skymaps.tar.gz,Sky Map,skymap-fits,tar,,,
1119,GW240701_203807,https://gwosc.org/eventapi/json/GWTC-5.0/GW240701_203807/v1,JSON file,json-url,,,,
1120,GW240701_203807,https://gwosc.org/eventapi/html/GWTC-5.0/GW240701_203807/v1,GWTC link,open-data,,,,
1121,GW240701_203807,https://zenodo.org/record/20348005/files/IGWN-GWTC5p0-29ebe06b7_25-Archived_Skymaps.tar.gz,Sky Map,skymap-fits,tar,,,
1122,GW240701_013826,https://gwosc.org/eventapi/json/GWTC-5.0/GW240701_013826/v1,JSON file,json-url,,,,
1123,GW240701_013826,https://gwosc.org/eventapi/html/GWTC-5.0/GW240701_013826/v1,GWTC link,open-data,,,,
1124,GW240701_013826,https://zenodo.org/record/20348005/files/IGWN-GWTC5p0-29ebe06b7_25-Archived_Skymaps.tar.gz,Sky Map,skymap-fits,tar,,,
1125,GW240701_011640,https://gwosc.org/eventapi/json/GWTC-5.0/GW240701_011640/v1,JSON file,json-url,,,,
1126,GW240701_011640,https://gwosc.org/eventapi/html/GWTC-5.0/GW240701_011640/v1,GWTC link,open-data,,,,
1127,GW240701_011640,https://zenodo.org/record/20348005/files/IGWN-GWTC5p0-29ebe06b7_25-Archived_Skymaps.tar.gz,Sky Map,skymap-fits,tar,,,
1128,GW240630_212937,https://gwosc.org/eventapi/json/GWTC-5.0/GW240630_212937/v1,JSON file,json-url,,,,
1129,GW240630_212937,https://gwosc.org/eventapi/html/GWTC-5.0/GW240630_212937/v1,GWTC link,open-data,,,,
1130,GW240630_212937,https://zenodo.org/record/20348005/files/IGWN-GWTC5p0-29ebe06b7_25-Archived_Skymaps.tar.gz,Sky Map,skymap-fits,tar,,,
1131,GW240630_115348,https://gwosc.org/eventapi/json/GWTC-5.0/GW240630_115348/v1,JSON file,json-url,,,,
1132,GW240630_115348,https://gwosc.org/eventapi/html/GWTC-5.0/GW240630_115348/v1,GWTC link,open-data,,,,
1133,GW240630_115348,https://zenodo.org/record/20348005/files/IGWN-GWTC5p0-29ebe06b7_25-Archived_Skymaps.tar.gz,Sky Map,skymap-fits,tar,,,
1134,GW240630_101703,https://gwosc.org/eventapi/json/GWTC-5.0/GW240630_101703/v1,JSON file,json-url,,,,
1135,GW240630_101703,https://gwosc.org/eventapi/html/GWTC-5.0/GW240630_101703/v1,GWTC link,open-data,,,,
1136,GW240630_101703,https://zenodo.org/api/records/20348005/files/IGWN-GWTC5p0-29ebe06b7_25-GW240630_101703-combined_PEDataRelease.hdf5/content,Data file,data-file,h5,zenodo,,
1137,GW240630_101703,https://zenodo.org/record/20348005/files/IGWN-GWTC5p0-29ebe06b7_25-Archived_Skymaps.tar.gz,Sky Map,skymap-fits,tar,,,
1138,GW240629_145256,https://gwosc.org/eventapi/json/GWTC-5.0/GW240629_145256/v1,JSON file,json-url,,,,
1139,GW240629_145256,https://gwosc.org/eventapi/html/GWTC-5.0/GW240629_145256/v1,GWTC link,open-data,,,,
1140,GW240629_145256,https://zenodo.org/api/records/20348005/files/IGWN-GWTC5p0-29ebe06b7_25-GW240629_145256-combined_PEDataRelease.hdf5/content,Data file,data-file,h5,zenodo,,
1141,GW240629_145256,https://zenodo.org/record/20348005/files/IGWN-GWTC5p0-29ebe06b7_25-Archived_Skymaps.tar.gz,Sky Map,skymap-fits,tar,,,
1142,GW240627_131622,https://gwosc.org/eventapi/json/GWTC-5.0/GW240627_131622/v1,JSON file,json-url,,,,
1143,GW240627_131622,https://gwosc.org/eventapi/html/GWTC-5.0/GW240627_131622/v1,GWTC link,open-data,,,,
1144,GW240627_131622,https://zenodo.org/api/records/20348005/files/IGWN-GWTC5p0-29ebe06b7_25-GW240627_131622-combined_PEDataRelease.hdf5/content,Data file,data-file,h5,zenodo,,
1145,GW240627_131622,https://zenodo.org/record/20348005/files/IGWN-GWTC5p0-29ebe06b7_25-Archived_Skymaps.tar.gz,Sky Map,skymap-fits,tar,,,
1146,GW240625_073331,https://gwosc.org/eventapi/json/GWTC-5.0/GW240625_073331/v1,JSON file,json-url,,,,
1147,GW240625_073331,https://gwosc.org/eventapi/html/GWTC-5.0/GW240625_073331/v1,GWTC link,open-data,,,,
1148,GW240625_073331,https://zenodo.org/record/20348005/files/IGWN-GWTC5p0-29ebe06b7_25-Archived_Skymaps.tar.gz,Sky Map,skymap-fits,tar,,,
1149,GW240622_004008,https://gwosc.org/eventapi/json/GWTC-5.0/GW240622_004008/v1,JSON file,json-url,,,,
1150,GW240622_004008,https://gwosc.org/eventapi/html/GWTC-5.0/GW240622_004008/v1,GWTC link,open-data,,,,
1151,GW240622_004008,https://zenodo.org/api/records/20348005/files/IGWN-GWTC5p0-29ebe06b7_25-GW240622_004008-combined_PEDataRelease.hdf5/content,Data file,data-file,h5,zenodo,,
1152,GW240622_004008,https://zenodo.org/record/20348005/files/IGWN-GWTC5p0-29ebe06b7_25-Archived_Skymaps.tar.gz,Sky Map,skymap-fits,tar,,,
1153,GW240621_214041,https://gwosc.org/eventapi/json/GWTC-5.0/GW240621_214041/v1,JSON file,json-url,,,,
1154,GW240621_214041,https://gwosc.org/eventapi/html/GWTC-5.0/GW240621_214041/v1,GWTC link,open-data,,,,
1155,GW240621_214041,https://zenodo.org/api/records/20348005/files/IGWN-GWTC5p0-29ebe06b7_25-GW240621_214041-combined_PEDataRelease.hdf5/content,Data file,data-file,h5,zenodo,,
1156,GW240621_214041,https://zenodo.org/record/20348005/files/IGWN-GWTC5p0-29ebe06b7_25-Archived_Skymaps.tar.gz,Sky Map,skymap-fits,tar,,,
1157,GW240621_200935,https://gwosc.org/eventapi/json/GWTC-5.0/GW240621_200935/v1,JSON file,json-url,,,,
1158,GW240621_200935,https://gwosc.org/eventapi/html/GWTC-5.0/GW240621_200935/v1,GWTC link,open-data,,,,
1159,GW240621_200935,https://zenodo.org/api/records/20348005/files/IGWN-GWTC5p0-29ebe06b7_25-GW240621_200935-combined_PEDataRelease.hdf5/content,Data file,data-file,h5,zenodo,,
1160,GW240621_200935,https://zenodo.org/record/20348005/files/IGWN-GWTC5p0-29ebe06b7_25-Archived_Skymaps.tar.gz,Sky Map,skymap-fits,tar,,,
1161,GW240621_195059,https://gwosc.org/eventapi/json/GWTC-5.0/GW240621_195059/v1,JSON file,json-url,,,,
1162,GW240621_195059,https://gwosc.org/eventapi/html/GWTC-5.0/GW240621_195059/v1,GWTC link,open-data,,,,
1163,GW240621_195059,https://zenodo.org/api/records/20348005/files/IGWN-GWTC5p0-29ebe06b7_25-GW240621_195059-combined_PEDataRelease.hdf5/content,Data file,data-file,h5,zenodo,,
1164,GW240621_195059,https://zenodo.org/record/20348005/files/IGWN-GWTC5p0-29ebe06b7_25-Archived_Skymaps.tar.gz,Sky Map,skymap-fits,tar,,,
1165,GW240621_103457,https://gwosc.org/eventapi/json/GWTC-5.0/GW240621_103457/v1,JSON file,json-url,,,,
1166,GW240621_103457,https://gwosc.org/eventapi/html/GWTC-5.0/GW240621_103457/v1,GWTC link,open-data,,,,
1167,GW240621_103457,https://zenodo.org/record/20348005/files/IGWN-GWTC5p0-29ebe06b7_25-Archived_Skymaps.tar.gz,Sky Map,skymap-fits,tar,,,
1168,GW240620_094631,https://gwosc.org/eventapi/json/GWTC-5.0/GW240620_094631/v1,JSON file,json-url,,,,
1169,GW240620_094631,https://gwosc.org/eventapi/html/GWTC-5.0/GW240620_094631/v1,GWTC link,open-data,,,,
1170,GW240620_094631,https://zenodo.org/record/20348005/files/IGWN-GWTC5p0-29ebe06b7_25-Archived_Skymaps.tar.gz,Sky Map,skymap-fits,tar,,,
1171,GW240619_212357,https://gwosc.org/eventapi/json/GWTC-5.0/GW240619_212357/v1,JSON file,json-url,,,,
1172,GW240619_212357,https://gwosc.org/eventapi/html/GWTC-5.0/GW240619_212357/v1,GWTC link,open-data,,,,
1173,GW240619_212357,https://zenodo.org/record/20348005/files/IGWN-GWTC5p0-29ebe06b7_25-Archived_Skymaps.tar.gz,Sky Map,skymap-fits,tar,,,
1174,GW240619_044535,https://gwosc.org/eventapi/json/GWTC-5.0/GW240619_044535/v1,JSON file,json-url,,,,
1175,GW240619_044535,https://gwosc.org/eventapi/html/GWTC-5.0/GW240619_044535/v1,GWTC link,open-data,,,,
1176,GW240619_044535,https://zenodo.org/record/20348005/files/IGWN-GWTC5p0-29ebe06b7_25-Archived_Skymaps.tar.gz,Sky Map,skymap-fits,tar,,,
1177,GW240618_071627,https://gwosc.org/eventapi/json/GWTC-5.0/GW240618_071627/v1,JSON file,json-url,,,,
1178,GW240618_071627,https://gwosc.org/eventapi/html/GWTC-5.0/GW240618_071627/v1,GWTC link,open-data,,,,
1179,GW240618_071627,https://zenodo.org/api/records/20348005/files/IGWN-GWTC5p0-29ebe06b7_25-GW240618_071627-combined_PEDataRelease.hdf5/content,Data file,data-file,h5,zenodo,,
1180,GW240618_071627,https://zenodo.org/record/20348005/files/IGWN-GWTC5p0-29ebe06b7_25-Archived_Skymaps.tar.gz,Sky Map,skymap-fits,tar,,,
1181,GW240615_160735,https://gwosc.org/eventapi/json/GWTC-5.0/GW240615_160735/v1,JSON file,json-url,,,,
1182,GW240615_160735,https://gwosc.org/eventapi/html/GWTC-5.0/GW240615_160735/v1,GWTC link,open-data,,,,
1183,GW240615_160735,https://zenodo.org/api/records/20348005/files/IGWN-GWTC5p0-29ebe06b7_25-GW240615_160735-combined_PEDataRelease.hdf5/content,Data file,data-file,h5,zenodo,,
1184,GW240615_160735,https://zenodo.org/record/20348005/files/IGWN-GWTC5p0-29ebe06b7_25-Archived_Skymaps.tar.gz,Sky Map,skymap-fits,tar,,,
1185,GW240615_113620,https://gwosc.org/eventapi/json/GWTC-5.0/GW240615_113620/v1,JSON file,json-url,,,,
1186,GW240615_113620,https://gwosc.org/eventapi/html/GWTC-5.0/GW240615_113620/v1,GWTC link,open-data,,,,
1187,GW240615_113620,https://zenodo.org/api/records/20348005/files/IGWN-GWTC5p0-29ebe06b7_25-GW240615_113620-combined_PEDataRelease.hdf5/content,Data file,data-file,h5,zenodo,,
1188,GW240615_113620,https://zenodo.org/record/20348005/files/IGWN-GWTC5p0-29ebe06b7_25-Archived_Skymaps.tar.gz,Sky Map,skymap-fits,tar,,,
1189,GW240613_011503,https://gwosc.org/eventapi/json/GWTC-5.0/GW240613_011503/v1,JSON file,json-url,,,,
1190,GW240613_011503,https://gwosc.org/eventapi/html/GWTC-5.0/GW240613_011503/v1,GWTC link,open-data,,,,
1191,GW240613_011503,https://zenodo.org/record/20348005/files/IGWN-GWTC5p0-29ebe06b7_25-Archived_Skymaps.tar.gz,Sky Map,skymap-fits,tar,,,
1192,GW240612_081540,https://gwosc.org/eventapi/json/GWTC-5.0/GW240612_081540/v1,JSON file,json-url,,,,
1193,GW240612_081540,https://gwosc.org/eventapi/html/GWTC-5.0/GW240612_081540/v1,GWTC link,open-data,,,,
1194,GW240612_081540,https://zenodo.org/api/records/20348005/files/IGWN-GWTC5p0-29ebe06b7_25-GW240612_081540-combined_PEDataRelease.hdf5/content,Data file,data-file,h5,zenodo,,
1195,GW240612_081540,https://zenodo.org/record/20348005/files/IGWN-GWTC5p0-29ebe06b7_25-Archived_Skymaps.tar.gz,Sky Map,skymap-fits,tar,,2026-05-19T21:39:16.000,
1196,GW240611_214835,https://gwosc.org/eventapi/json/GWTC-5.0/GW240611_214835/v1,JSON file,json-url,,,,
1197,GW240611_214835,https://gwosc.org/eventapi/html/GWTC-5.0/GW240611_214835/v1,GWTC link,open-data,,,,
1198,GW240611_214835,https://zenodo.org/record/20348005/files/IGWN-GWTC5p0-29ebe06b7_25-Archived_Skymaps.tar.gz,Sky Map,skymap-fits,tar,,,
1199,GW240601_231004,https://gwosc.org/eventapi/json/GWTC-5.0/GW240601_231004/v1,JSON file,json-url,,,,
1200,GW240601_231004,https://gwosc.org/eventapi/html/GWTC-5.0/GW240601_231004/v1,GWTC link,open-data,,,,
1201,GW240601_231004,https://zenodo.org/api/records/20348005/files/IGWN-GWTC5p0-29ebe06b7_25-GW240601_231004-combined_PEDataRelease.hdf5/content,Data file,data-file,h5,zenodo,,
1202,GW240601_231004,https://zenodo.org/record/20348005/files/IGWN-GWTC5p0-29ebe06b7_25-Archived_Skymaps.tar.gz,Sky Map,skymap-fits,tar,,2026-05-19T21:39:16.000,
1203,GW240601_061200,https://gwosc.org/eventapi/json/GWTC-5.0/GW240601_061200/v1,JSON file,json-url,,,,
1204,GW240601_061200,https://gwosc.org/eventapi/html/GWTC-5.0/GW240601_061200/v1,GWTC link,open-data,,,,
1205,GW240601_061200,https://zenodo.org/api/records/20348005/files/IGWN-GWTC5p0-29ebe06b7_25-GW240601_061200-combined_PEDataRelease.hdf5/content,Data file,data-file,h5,zenodo,,
1206,GW240601_061200,https://zenodo.org/record/20348005/files/IGWN-GWTC5p0-29ebe06b7_25-Archived_Skymaps.tar.gz,Sky Map,skymap-fits,tar,,2026-05-19T21:39:19.000,
1207,GW240531_075248,https://gwosc.org/eventapi/json/GWTC-5.0/GW240531_075248/v1,JSON file,json-url,,,,
1208,GW240531_075248,https://gwosc.org/eventapi/html/GWTC-5.0/GW240531_075248/v1,GWTC link,open-data,,,,
1209,GW240531_075248,https://zenodo.org/api/records/20348005/files/IGWN-GWTC5p0-29ebe06b7_25-GW240531_075248-combined_PEDataRelease.hdf5/content,Data file,data-file,h5,zenodo,,
1210,GW240531_075248,https://zenodo.org/record/20348005/files/IGWN-GWTC5p0-29ebe06b7_25-Archived_Skymaps.tar.gz,Sky Map,skymap-fits,tar,,2026-05-19T21:39:18.000,
1211,GW240531_040326,https://gwosc.org/eventapi/json/GWTC-5.0/GW240531_040326/v1,JSON file,json-url,,,,
1212,GW240531_040326,https://gwosc.org/eventapi/html/GWTC-5.0/GW240531_040326/v1,GWTC link,open-data,,,,
1213,GW240531_040326,https://zenodo.org/api/records/20348005/files/IGWN-GWTC5p0-29ebe06b7_25-GW240531_040326-combined_PEDataRelease.hdf5/content,Data file,data-file,h5,zenodo,,
1214,GW240531_040326,https://zenodo.org/record/20348005/files/IGWN-GWTC5p0-29ebe06b7_25-Archived_Skymaps.tar.gz,Sky Map,skymap-fits,tar,,2026-05-19T21:39:16.000,
1215,GW240530_012417,https://gwosc.org/eventapi/json/GWTC-5.0/GW240530_012417/v1,JSON file,json-url,,,,
1216,GW240530_012417,https://gwosc.org/eventapi/html/GWTC-5.0/GW240530_012417/v1,GWTC link,open-data,,,,
1217,GW240530_012417,https://zenodo.org/api/records/20348005/files/IGWN-GWTC5p0-29ebe06b7_25-GW240530_012417-combined_PEDataRelease.hdf5/content,Data file,data-file,h5,zenodo,,
1218,GW240530_012417,https://zenodo.org/record/20348005/files/IGWN-GWTC5p0-29ebe06b7_25-Archived_Skymaps.tar.gz,Sky Map,skymap-fits,tar,,2026-05-19T21:39:17.000,
1219,GW240527_230910,https://gwosc.org/eventapi/json/GWTC-5.0/GW240527_230910/v1,JSON file,json-url,,,,
1220,GW240527_230910,https://gwosc.org/eventapi/html/GWTC-5.0/GW240527_230910/v1,GWTC link,open-data,,,,
1221,GW240527_230910,https://zenodo.org/api/records/20348005/files/IGWN-GWTC5p0-29ebe06b7_25-GW240527_230910-combined_PEDataRelease.hdf5/content,Data file,data-file,h5,zenodo,,
1222,GW240527_230910,https://zenodo.org/record/20348005/files/IGWN-GWTC5p0-29ebe06b7_25-Archived_Skymaps.tar.gz,Sky Map,skymap-fits,tar,,2026-05-19T21:39:16.000,
1223,GW240527_183429,https://gwosc.org/eventapi/json/GWTC-5.0/GW240527_183429/v1,JSON file,json-url,,,,
1224,GW240527_183429,https://gwosc.org/eventapi/html/GWTC-5.0/GW240527_183429/v1,GWTC link,open-data,,,,
1225,GW240527_183429,https://zenodo.org/api/records/20348005/files/IGWN-GWTC5p0-29ebe06b7_25-GW240527_183429-combined_PEDataRelease.hdf5/content,Data file,data-file,h5,zenodo,,
1226,GW240527_183429,https://zenodo.org/record/20348005/files/IGWN-GWTC5p0-29ebe06b7_25-Archived_Skymaps.tar.gz,Sky Map,skymap-fits,tar,,2026-05-19T21:39:16.000,
1227,GW240527_150907,https://gwosc.org/eventapi/json/GWTC-5.0/GW240527_150907/v1,JSON file,json-url,,,,
1228,GW240527_150907,https://gwosc.org/eventapi/html/GWTC-5.0/GW240527_150907/v1,GWTC link,open-data,,,,
1229,GW240527_150907,https://zenodo.org/record/20348005/files/IGWN-GWTC5p0-29ebe06b7_25-Archived_Skymaps.tar.gz,Sky Map,skymap-fits,tar,,,
1230,GW240526_093944,https://gwosc.org/eventapi/json/GWTC-5.0/GW240526_093944/v1,JSON file,json-url,,,,
1231,GW240526_093944,https://gwosc.org/eventapi/html/GWTC-5.0/GW240526_093944/v1,GWTC link,open-data,,,,
1232,GW240526_093944,https://zenodo.org/api/records/20348005/files/IGWN-GWTC5p0-29ebe06b7_25-GW240526_093944-combined_PEDataRelease.hdf5/content,Data file,data-file,h5,zenodo,,
1233,GW240526_093944,https://zenodo.org/record/20348005/files/IGWN-GWTC5p0-29ebe06b7_25-Archived_Skymaps.tar.gz,Sky Map,skymap-fits,tar,,2026-05-19T21:39:18.000,
1234,GW240525_201644,https://gwosc.org/eventapi/json/GWTC-5.0/GW240525_201644/v1,JSON file,json-url,,,,
1235,GW240525_201644,https://gwosc.org/eventapi/html/GWTC-5.0/GW240525_201644/v1,GWTC link,open-data,,,,
1236,GW240525_201644,https://zenodo.org/record/20348005/files/IGWN-GWTC5p0-29ebe06b7_25-Archived_Skymaps.tar.gz,Sky Map,skymap-fits,tar,,,
1237,GW240525_031210,https://gwosc.org/eventapi/json/GWTC-5.0/GW240525_031210/v1,JSON file,json-url,,,,
1238,GW240525_031210,https://gwosc.org/eventapi/html/GWTC-5.0/GW240525_031210/v1,GWTC link,open-data,,,,
1239,GW240525_031210,https://zenodo.org/api/records/20348005/files/IGWN-GWTC5p0-29ebe06b7_25-GW240525_031210-combined_PEDataRelease.hdf5/content,Data file,data-file,h5,zenodo,,
1240,GW240525_031210,https://zenodo.org/record/20348005/files/IGWN-GWTC5p0-29ebe06b7_25-Archived_Skymaps.tar.gz,Sky Map,skymap-fits,tar,,2026-05-19T21:39:18.000,
1241,GW240520_213616,https://gwosc.org/eventapi/json/GWTC-5.0/GW240520_213616/v1,JSON file,json-url,,,,
1242,GW240520_213616,https://gwosc.org/eventapi/html/GWTC-5.0/GW240520_213616/v1,GWTC link,open-data,,,,
1243,GW240520_213616,https://zenodo.org/api/records/20348005/files/IGWN-GWTC5p0-29ebe06b7_25-GW240520_213616-combined_PEDataRelease.hdf5/content,Data file,data-file,h5,zenodo,,
1244,GW240520_213616,https://zenodo.org/record/20348005/files/IGWN-GWTC5p0-29ebe06b7_25-Archived_Skymaps.tar.gz,Sky Map,skymap-fits,tar,,2026-05-19T21:39:19.000,
1245,GW240519_012815,https://gwosc.org/eventapi/json/GWTC-5.0/GW240519_012815/v1,JSON file,json-url,,,,
1246,GW240519_012815,https://gwosc.org/eventapi/html/GWTC-5.0/GW240519_012815/v1,GWTC link,open-data,,,,
1247,GW240519_012815,https://zenodo.org/api/records/20348005/files/IGWN-GWTC5p0-29ebe06b7_25-GW240519_012815-combined_PEDataRelease.hdf5/content,Data file,data-file,h5,zenodo,,
1248,GW240519_012815,https://zenodo.org/record/20348005/files/IGWN-GWTC5p0-29ebe06b7_25-Archived_Skymaps.tar.gz,Sky Map,skymap-fits,tar,,2026-05-19T21:39:17.000,
1249,GW240516_041939,https://gwosc.org/eventapi/json/GWTC-5.0/GW240516_041939/v1,JSON file,json-url,,,,
1250,GW240516_041939,https://gwosc.org/eventapi/html/GWTC-5.0/GW240516_041939/v1,GWTC link,open-data,,,,
1251,GW240516_041939,https://zenodo.org/record/20348005/files/IGWN-GWTC5p0-29ebe06b7_25-Archived_Skymaps.tar.gz,Sky Map,skymap-fits,tar,,,
1252,GW240515_005301,https://gwosc.org/eventapi/json/GWTC-5.0/GW240515_005301/v1,JSON file,json-url,,,,
1253,GW240515_005301,https://gwosc.org/eventapi/html/GWTC-5.0/GW240515_005301/v1,GWTC link,open-data,,,,
1254,GW240515_005301,https://zenodo.org/api/records/20348005/files/IGWN-GWTC5p0-29ebe06b7_25-GW240515_005301-combined_PEDataRelease.hdf5/content,Data file,data-file,h5,zenodo,,
1255,GW240515_005301,https://zenodo.org/record/20348005/files/IGWN-GWTC5p0-29ebe06b7_25-Archived_Skymaps.tar.gz,Sky Map,skymap-fits,tar,,2026-05-19T21:39:16.000,
1256,GW240514_121713,https://gwosc.org/eventapi/json/GWTC-5.0/GW240514_121713/v1,JSON file,json-url,,,,
1257,GW240514_121713,https://gwosc.org/eventapi/html/GWTC-5.0/GW240514_121713/v1,GWTC link,open-data,,,,
1258,GW240514_121713,https://zenodo.org/api/records/20348005/files/IGWN-GWTC5p0-29ebe06b7_25-GW240514_121713-combined_PEDataRelease.hdf5/content,Data file,data-file,h5,zenodo,,
1259,GW240514_121713,https://zenodo.org/record/20348005/files/IGWN-GWTC5p0-29ebe06b7_25-Archived_Skymaps.tar.gz,Sky Map,skymap-fits,tar,,2026-05-19T21:39:16.000,
1260,GW240513_183302,https://gwosc.org/eventapi/json/GWTC-5.0/GW240513_183302/v1,JSON file,json-url,,,,
1261,GW240513_183302,https://gwosc.org/eventapi/html/GWTC-5.0/GW240513_183302/v1,GWTC link,open-data,,,,
1262,GW240513_183302,https://zenodo.org/api/records/20348005/files/IGWN-GWTC5p0-29ebe06b7_25-GW240513_183302-combined_PEDataRelease.hdf5/content,Data file,data-file,h5,zenodo,,
1263,GW240513_183302,https://zenodo.org/record/20348005/files/IGWN-GWTC5p0-29ebe06b7_25-Archived_Skymaps.tar.gz,Sky Map,skymap-fits,tar,,2026-05-19T21:39:17.000,
1264,GW240512_051606,https://gwosc.org/eventapi/json/GWTC-5.0/GW240512_051606/v1,JSON file,json-url,,,,
1265,GW240512_051606,https://gwosc.org/eventapi/html/GWTC-5.0/GW240512_051606/v1,GWTC link,open-data,,,,
1266,GW240512_051606,https://zenodo.org/record/20348005/files/IGWN-GWTC5p0-29ebe06b7_25-Archived_Skymaps.tar.gz,Sky Map,skymap-fits,tar,,,
1267,GW240512_024139,https://gwosc.org/eventapi/json/GWTC-5.0/GW240512_024139/v1,JSON file,json-url,,,,
1268,GW240512_024139,https://gwosc.org/eventapi/html/GWTC-5.0/GW240512_024139/v1,GWTC link,open-data,,,,
1269,GW240512_024139,https://zenodo.org/api/records/20348005/files/IGWN-GWTC5p0-29ebe06b7_25-GW240512_024139-combined_PEDataRelease.hdf5/content,Data file,data-file,h5,zenodo,,
1270,GW240512_024139,https://zenodo.org/record/20348005/files/IGWN-GWTC5p0-29ebe06b7_25-Archived_Skymaps.tar.gz,Sky Map,skymap-fits,tar,,2026-05-19T21:39:17.000,
1271,GW240511_031507,https://gwosc.org/eventapi/json/GWTC-5.0/GW240511_031507/v1,JSON file,json-url,,,,
1272,GW240511_031507,https://gwosc.org/eventapi/html/GWTC-5.0/GW240511_031507/v1,GWTC link,open-data,,,,
1273,GW240511_031507,https://zenodo.org/api/records/20348005/files/IGWN-GWTC5p0-29ebe06b7_25-GW240511_031507-combined_PEDataRelease.hdf5/content,Data file,data-file,h5,zenodo,,
1274,GW240511_031507,https://zenodo.org/record/20348005/files/IGWN-GWTC5p0-29ebe06b7_25-Archived_Skymaps.tar.gz,Sky Map,skymap-fits,tar,,2026-05-19T21:39:17.000,
1275,GW240509_102351,https://gwosc.org/eventapi/json/GWTC-5.0/GW240509_102351/v1,JSON file,json-url,,,,
1276,GW240509_102351,https://gwosc.org/eventapi/html/GWTC-5.0/GW240509_102351/v1,GWTC link,open-data,,,,
1277,GW240509_102351,https://zenodo.org/record/20348005/files/IGWN-GWTC5p0-29ebe06b7_25-Archived_Skymaps.tar.gz,Sky Map,skymap-fits,tar,,,
1278,GW240507_041632,https://gwosc.org/eventapi/json/GWTC-5.0/GW240507_041632/v1,JSON file,json-url,,,,
1279,GW240507_041632,https://gwosc.org/eventapi/html/GWTC-5.0/GW240507_041632/v1,GWTC link,open-data,,,,
1280,GW240507_041632,https://zenodo.org/api/records/20348005/files/IGWN-GWTC5p0-29ebe06b7_25-GW240507_041632-combined_PEDataRelease.hdf5/content,Data file,data-file,h5,zenodo,,
1281,GW240507_041632,https://zenodo.org/record/20348005/files/IGWN-GWTC5p0-29ebe06b7_25-Archived_Skymaps.tar.gz,Sky Map,skymap-fits,tar,,2026-05-19T21:39:17.000,
1282,GW240505_133552,https://gwosc.org/eventapi/json/GWTC-5.0/GW240505_133552/v1,JSON file,json-url,,,,
1283,GW240505_133552,https://gwosc.org/eventapi/html/GWTC-5.0/GW240505_133552/v1,GWTC link,open-data,,,,
1284,GW240505_133552,https://zenodo.org/api/records/20348005/files/IGWN-GWTC5p0-29ebe06b7_25-GW240505_133552-combined_PEDataRelease.hdf5/content,Data file,data-file,h5,zenodo,,
1285,GW240505_133552,https://zenodo.org/record/20348005/files/IGWN-GWTC5p0-29ebe06b7_25-Archived_Skymaps.tar.gz,Sky Map,skymap-fits,tar,,2026-05-19T21:39:17.000,
1286,GW240501_033534,https://gwosc.org/eventapi/json/GWTC-5.0/GW240501_033534/v1,JSON file,json-url,,,,
1287,GW240501_033534,https://gwosc.org/eventapi/html/GWTC-5.0/GW240501_033534/v1,GWTC link,open-data,,,,
1288,GW240501_033534,https://zenodo.org/api/records/20348005/files/IGWN-GWTC5p0-29ebe06b7_25-GW240501_033534-combined_PEDataRelease.hdf5/content,Data file,data-file,h5,zenodo,,
1289,GW240501_033534,https://zenodo.org/record/20348005/files/IGWN-GWTC5p0-29ebe06b7_25-Archived_Skymaps.tar.gz,Sky Map,skymap-fits,tar,,2026-05-19T21:39:18.000,
1290,GW240430_093517,https://gwosc.org/eventapi/json/GWTC-5.0/GW240430_093517/v1,JSON file,json-url,,,,
1291,GW240430_093517,https://gwosc.org/eventapi/html/GWTC-5.0/GW240430_093517/v1,GWTC link,open-data,,,,
1292,GW240430_093517,https://zenodo.org/record/20348005/files/IGWN-GWTC5p0-29ebe06b7_25-Archived_Skymaps.tar.gz,Sky Map,skymap-fits,tar,,,
1293,GW240428_225440,https://gwosc.org/eventapi/json/GWTC-5.0/GW240428_225440/v1,JSON file,json-url,,,,
1294,GW240428_225440,https://gwosc.org/eventapi/html/GWTC-5.0/GW240428_225440/v1,GWTC link,open-data,,,,
1295,GW240428_225440,https://zenodo.org/api/records/20348005/files/IGWN-GWTC5p0-29ebe06b7_25-GW240428_225440-combined_PEDataRelease.hdf5/content,Data file,data-file,h5,zenodo,,
1296,GW240428_225440,https://zenodo.org/record/20348005/files/IGWN-GWTC5p0-29ebe06b7_25-Archived_Skymaps.tar.gz,Sky Map,skymap-fits,tar,,2026-05-19T21:39:19.000,
1297,GW240426_085802,https://gwosc.org/eventapi/json/GWTC-5.0/GW240426_085802/v1,JSON file,json-url,,,,
1298,GW240426_085802,https://gwosc.org/eventapi/html/GWTC-5.0/GW240426_085802/v1,GWTC link,open-data,,,,
1299,GW240426_085802,https://zenodo.org/record/20348005/files/IGWN-GWTC5p0-29ebe06b7_25-Archived_Skymaps.tar.gz,Sky Map,skymap-fits,tar,,,
1300,GW240426_031451,https://gwosc.org/eventapi/json/GWTC-5.0/GW240426_031451/v1,JSON file,json-url,,,,
1301,GW240426_031451,https://gwosc.org/eventapi/html/GWTC-5.0/GW240426_031451/v1,GWTC link,open-data,,,,
1302,GW240426_031451,https://zenodo.org/api/records/20348005/files/IGWN-GWTC5p0-29ebe06b7_25-GW240426_031451-combined_PEDataRelease.hdf5/content,Data file,data-file,h5,zenodo,,
1303,GW240426_031451,https://zenodo.org/record/20348005/files/IGWN-GWTC5p0-29ebe06b7_25-Archived_Skymaps.tar.gz,Sky Map,skymap-fits,tar,,2026-05-19T21:39:19.000,
1304,GW240421_052935,https://gwosc.org/eventapi/json/GWTC-5.0/GW240421_052935/v1,JSON file,json-url,,,,
1305,GW240421_052935,https://gwosc.org/eventapi/html/GWTC-5.0/GW240421_052935/v1,GWTC link,open-data,,,,
1306,GW240421_052935,https://zenodo.org/record/20348005/files/IGWN-GWTC5p0-29ebe06b7_25-Archived_Skymaps.tar.gz,Sky Map,skymap-fits,tar,,,
1307,GW240420_175625,https://gwosc.org/eventapi/json/GWTC-5.0/GW240420_175625/v1,JSON file,json-url,,,,
1308,GW240420_175625,https://gwosc.org/eventapi/html/GWTC-5.0/GW240420_175625/v1,GWTC link,open-data,,,,
1309,GW240420_175625,https://zenodo.org/api/records/20348005/files/IGWN-GWTC5p0-29ebe06b7_25-GW240420_175625-combined_PEDataRelease.hdf5/content,Data file,data-file,h5,zenodo,,
1310,GW240420_175625,https://zenodo.org/record/20348005/files/IGWN-GWTC5p0-29ebe06b7_25-Archived_Skymaps.tar.gz,Sky Map,skymap-fits,tar,,2026-05-19T21:39:18.000,
1311,GW240419_041206,https://gwosc.org/eventapi/json/GWTC-5.0/GW240419_041206/v1,JSON file,json-url,,,,
1312,GW240419_041206,https://gwosc.org/eventapi/html/GWTC-5.0/GW240419_041206/v1,GWTC link,open-data,,,,
1313,GW240419_041206,https://zenodo.org/record/20348005/files/IGWN-GWTC5p0-29ebe06b7_25-Archived_Skymaps.tar.gz,Sky Map,skymap-fits,tar,,,
1314,GW240414_054515,https://gwosc.org/eventapi/json/GWTC-5.0/GW240414_054515/v1,JSON file,json-url,,,,
1315,GW240414_054515,https://gwosc.org/eventapi/html/GWTC-5.0/GW240414_054515/v1,GWTC link,open-data,,,,
1316,GW240414_054515,https://zenodo.org/api/records/20348005/files/IGWN-GWTC5p0-29ebe06b7_25-GW240414_054515-combined_PEDataRelease.hdf5/content,Data file,data-file,h5,zenodo,,
1317,GW240414_054515,https://zenodo.org/record/20348005/files/IGWN-GWTC5p0-29ebe06b7_25-Archived_Skymaps.tar.gz,Sky Map,skymap-fits,tar,,2026-05-19T21:39:17.000,
1318,GW240413_022019,https://gwosc.org/eventapi/json/GWTC-5.0/GW240413_022019/v1,JSON file,json-url,,,,
1319,GW240413_022019,https://gwosc.org/eventapi/html/GWTC-5.0/GW240413_022019/v1,GWTC link,open-data,,,,
1320,GW240413_022019,https://zenodo.org/api/records/20348005/files/IGWN-GWTC5p0-29ebe06b7_25-GW240413_022019-combined_PEDataRelease.hdf5/content,Data file,data-file,h5,zenodo,,
1321,GW240413_022019,https://zenodo.org/record/20348005/files/IGWN-GWTC5p0-29ebe06b7_25-Archived_Skymaps.tar.gz,Sky Map,skymap-fits,tar,,2026-05-19T21:39:19.000,
1322,GW240411_074140,https://gwosc.org/eventapi/json/GWTC-5.0/GW240411_074140/v1,JSON file,json-url,,,,
1323,GW240411_074140,https://gwosc.org/eventapi/html/GWTC-5.0/GW240411_074140/v1,GWTC link,open-data,,,,
1324,GW240411_074140,https://zenodo.org/record/20348005/files/IGWN-GWTC5p0-29ebe06b7_25-Archived_Skymaps.tar.gz,Sky Map,skymap-fits,tar,,,
1325,GW240408_081753,https://gwosc.org/eventapi/json/GWTC-5.0/GW240408_081753/v1,JSON file,json-url,,,,
1326,GW240408_081753,https://gwosc.org/eventapi/html/GWTC-5.0/GW240408_081753/v1,GWTC link,open-data,,,,
1327,GW240408_081753,https://zenodo.org/record/20348005/files/IGWN-GWTC5p0-29ebe06b7_25-Archived_Skymaps.tar.gz,Sky Map,skymap-fits,tar,,,
1328,GW240407_214946,https://gwosc.org/eventapi/json/GWTC-5.0/GW240407_214946/v1,JSON file,json-url,,,,
1329,GW240407_214946,https://gwosc.org/eventapi/html/GWTC-5.0/GW240407_214946/v1,GWTC link,open-data,,,,
1330,GW240407_214946,https://zenodo.org/record/20348005/files/IGWN-GWTC5p0-29ebe06b7_25-Archived_Skymaps.tar.gz,Sky Map,skymap-fits,tar,,,
1331,GW240407_061416,https://gwosc.org/eventapi/json/GWTC-5.0/GW240407_061416/v1,JSON file,json-url,,,,
1332,GW240407_061416,https://gwosc.org/eventapi/html/GWTC-5.0/GW240407_061416/v1,GWTC link,open-data,,,,
1333,GW240407_061416,https://zenodo.org/record/20348005/files/IGWN-GWTC5p0-29ebe06b7_25-Archived_Skymaps.tar.gz,Sky Map,skymap-fits,tar,,,
1334,GW240407_040938,https://gwosc.org/eventapi/json/GWTC-5.0/GW240407_040938/v1,JSON file,json-url,,,,
1335,GW240407_040938,https://gwosc.org/eventapi/html/GWTC-5.0/GW240407_040938/v1,GWTC link,open-data,,,,
1336,GW240407_040938,https://zenodo.org/record/20348005/files/IGWN-GWTC5p0-29ebe06b7_25-Archived_Skymaps.tar.gz,Sky Map,skymap-fits,tar,,,
1337,GW240406_062847,https://gwosc.org/eventapi/json/GWTC-5.0/GW240406_062847/v1,JSON file,json-url,,,,
1338,GW240406_062847,https://gwosc.org/eventapi/html/GWTC-5.0/GW240406_062847/v1,GWTC link,open-data,,,,
1339,GW240406_062847,https://zenodo.org/record/20348005/files/IGWN-GWTC5p0-29ebe06b7_25-Archived_Skymaps.tar.gz,Sky Map,skymap-fits,tar,,,
1340,GW190930_133541,https://gwosc.org/eventapi/json/GWTC-2.1-confident/GW190930_133541/v2,JSON file,json-url,,,,
1341,GW190930_133541,https://gwosc.org/eventapi/html/GWTC-2.1-confident/GW190930_133541/v2,GWTC link,open-data,,,,
1342,GW190930_133541,https://zenodo.org/api/records/6513631/files/IGWN-GWTC2p1-v2-GW190930_133541_PEDataRelease_mixed_cosmo.h5/content,Data file,data-file,h5,zenodo,,
1343,GW190930_133541,https://zenodo.org/record/6513631/files/IGWN-GWTC2p1-v2-PESkyMaps.tar.gz,Sky Map,skymap-fits,tar,,2022-04-26T12:09:50.000,
1344,GW190930_133541,%BASEURL%,Skymaps,skymaps-plot,,,2026-05-31T09:25:40.393,"['moll', 'moll_pretty', 'moll_pretty_black', 'cartzoom', 'cartzoom_pretty', 'cart', 'moll_rot', 'cart_rot']"
1345,GW190930_133541,%BASEURL%,Skymaps,skymaps-thumb,,,2026-05-31T09:25:40.394,"['moll', 'moll_pretty', 'moll_pretty_black', 'cartzoom', 'cartzoom_pretty', 'cart', 'moll_rot', 'cart_rot']"
1346,GW190930_133541,%BASEURL%,Skymaps (plain),skymaps-plain,,,2026-05-31T09:25:40.399,"['gal_8192', 'eq_8192', 'eq_4096']"
1347,GW190929_012149,https://gwosc.org/eventapi/json/GWTC-2.1-confident/GW190929_012149/v2,JSON file,json-url,,,,
1348,GW190929_012149,https://gwosc.org/eventapi/html/GWTC-2.1-confident/GW190929_012149/v2,GWTC link,open-data,,,,
1349,GW190929_012149,https://zenodo.org/api/records/6513631/files/IGWN-GWTC2p1-v2-GW190929_012149_PEDataRelease_mixed_cosmo.h5/content,Data file,data-file,h5,zenodo,,
1350,GW190929_012149,https://zenodo.org/record/6513631/files/IGWN-GWTC2p1-v2-PESkyMaps.tar.gz,Sky Map,skymap-fits,tar,,2022-04-26T12:09:12.000,
1351,GW190929_012149,%BASEURL%,Skymaps,skymaps-plot,,,2026-05-31T09:25:40.412,"['moll', 'moll_pretty', 'moll_pretty_black', 'cartzoom', 'cartzoom_pretty', 'cart', 'moll_rot', 'cart_rot']"
1352,GW190929_012149,%BASEURL%,Skymaps,skymaps-thumb,,,2026-05-31T09:25:40.413,"['moll', 'moll_pretty', 'moll_pretty_black', 'cartzoom', 'cartzoom_pretty', 'cart', 'moll_rot', 'cart_rot']"
1353,GW190929_012149,%BASEURL%,Skymaps (plain),skymaps-plain,,,2026-05-31T09:25:40.417,"['gal_8192', 'eq_8192', 'eq_4096']"
1354,GW190926_050336,https://gwosc.org/eventapi/json/GWTC-2.1-confident/GW190926_050336/v1,JSON file,json-url,,,,
1355,GW190926_050336,https://gwosc.org/eventapi/html/GWTC-2.1-confident/GW190926_050336/v1,GWTC link,open-data,,,,
1356,GW190926_050336,https://zenodo.org/api/records/6513631/files/IGWN-GWTC2p1-v2-GW190926_050336_PEDataRelease_mixed_cosmo.h5/content,Data file,data-file,h5,zenodo,,
1357,GW190926_050336,https://zenodo.org/record/6513631/files/IGWN-GWTC2p1-v2-PESkyMaps.tar.gz,Sky Map,skymap-fits,tar,,2022-04-26T11:54:44.000,
1358,GW190926_050336,%BASEURL%,Skymaps,skymaps-plot,,,2026-05-31T09:25:40.430,"['moll', 'moll_pretty', 'moll_pretty_black', 'cartzoom', 'cartzoom_pretty', 'cart', 'moll_rot', 'cart_rot']"
1359,GW190926_050336,%BASEURL%,Skymaps,skymaps-thumb,,,2026-05-31T09:25:40.430,"['moll', 'moll_pretty', 'moll_pretty_black', 'cartzoom', 'cartzoom_pretty', 'cart', 'moll_rot', 'cart_rot']"
1360,GW190926_050336,%BASEURL%,Skymaps (plain),skymaps-plain,,,2026-05-31T09:25:40.435,"['gal_8192', 'eq_8192', 'eq_4096']"
1361,GW190925_232845,https://gwosc.org/eventapi/json/GWTC-2.1-confident/GW190925_232845/v1,JSON file,json-url,,,,
1362,GW190925_232845,https://gwosc.org/eventapi/html/GWTC-2.1-confident/GW190925_232845/v1,GWTC link,open-data,,,,
1363,GW190925_232845,https://zenodo.org/api/records/6513631/files/IGWN-GWTC2p1-v2-GW190925_232845_PEDataRelease_mixed_cosmo.h5/content,Data file,data-file,h5,zenodo,,
1364,GW190925_232845,https://zenodo.org/record/6513631/files/IGWN-GWTC2p1-v2-PESkyMaps.tar.gz,Sky Map,skymap-fits,tar,,2022-04-26T11:54:18.000,
1365,GW190925_232845,%BASEURL%,Skymaps,skymaps-plot,,,2026-05-31T09:25:40.448,"['moll', 'moll_pretty', 'moll_pretty_black', 'cartzoom', 'cartzoom_pretty', 'cart', 'moll_rot', 'cart_rot']"
1366,GW190925_232845,%BASEURL%,Skymaps,skymaps-thumb,,,2026-05-31T09:25:40.449,"['moll', 'moll_pretty', 'moll_pretty_black', 'cartzoom', 'cartzoom_pretty', 'cart', 'moll_rot', 'cart_rot']"
1367,GW190925_232845,%BASEURL%,Skymaps (plain),skymaps-plain,,,2026-05-31T09:25:40.454,"['gal_8192', 'eq_8192', 'eq_4096']"
1368,GW190924_021846,https://gwosc.org/eventapi/json/GWTC-2.1-confident/GW190924_021846/v2,JSON file,json-url,,,,
1369,GW190924_021846,https://gwosc.org/eventapi/html/GWTC-2.1-confident/GW190924_021846/v2,GWTC link,open-data,,,,
1370,GW190924_021846,https://zenodo.org/api/records/6513631/files/IGWN-GWTC2p1-v2-GW190924_021846_PEDataRelease_mixed_cosmo.h5/content,Data file,data-file,h5,zenodo,,
1371,GW190924_021846,https://zenodo.org/record/6513631/files/IGWN-GWTC2p1-v2-PESkyMaps.tar.gz,Sky Map,skymap-fits,tar,,2022-04-26T12:08:49.000,
1372,GW190924_021846,%BASEURL%,Skymaps,skymaps-plot,,,2026-05-31T09:25:40.466,"['moll', 'moll_pretty', 'moll_pretty_black', 'cartzoom', 'cartzoom_pretty', 'cart', 'moll_rot', 'cart_rot']"
1373,GW190924_021846,%BASEURL%,Skymaps,skymaps-thumb,,,2026-05-31T09:25:40.466,"['moll', 'moll_pretty', 'moll_pretty_black', 'cartzoom', 'cartzoom_pretty', 'cart', 'moll_rot', 'cart_rot']"
1374,GW190924_021846,%BASEURL%,Skymaps (plain),skymaps-plain,,,2026-05-31T09:25:40.471,"['gal_8192', 'eq_8192', 'eq_4096']"
1375,GW190917_114630,https://gwosc.org/eventapi/json/GWTC-2.1-confident/GW190917_114630/v1,JSON file,json-url,,,,
1376,GW190917_114630,https://gwosc.org/eventapi/html/GWTC-2.1-confident/GW190917_114630/v1,GWTC link,open-data,,,,
1377,GW190917_114630,https://zenodo.org/api/records/6513631/files/IGWN-GWTC2p1-v2-GW190917_114630_PEDataRelease_mixed_cosmo.h5/content,Data file,data-file,h5,zenodo,,
1378,GW190917_114630,https://zenodo.org/record/6513631/files/IGWN-GWTC2p1-v2-PESkyMaps.tar.gz,Sky Map,skymap-fits,tar,,2022-04-26T11:54:04.000,
1379,GW190917_114630,%BASEURL%,Skymaps,skymaps-plot,,,2026-05-31T09:25:40.484,"['moll', 'moll_pretty', 'moll_pretty_black', 'cartzoom', 'cartzoom_pretty', 'cart', 'moll_rot', 'cart_rot']"
1380,GW190917_114630,%BASEURL%,Skymaps,skymaps-thumb,,,2026-05-31T09:25:40.484,"['moll', 'moll_pretty', 'moll_pretty_black', 'cartzoom', 'cartzoom_pretty', 'cart', 'moll_rot', 'cart_rot']"
1381,GW190917_114630,%BASEURL%,Skymaps (plain),skymaps-plain,,,2026-05-31T09:25:40.489,"['gal_8192', 'eq_8192', 'eq_4096']"
1382,GW190916_200658,https://gwosc.org/eventapi/json/GWTC-2.1-confident/GW190916_200658/v1,JSON file,json-url,,,,
1383,GW190916_200658,https://gwosc.org/eventapi/html/GWTC-2.1-confident/GW190916_200658/v1,GWTC link,open-data,,,,
1384,GW190916_200658,https://zenodo.org/api/records/6513631/files/IGWN-GWTC2p1-v2-GW190916_200658_PEDataRelease_mixed_cosmo.h5/content,Data file,data-file,h5,zenodo,,
1385,GW190916_200658,https://zenodo.org/record/6513631/files/IGWN-GWTC2p1-v2-PESkyMaps.tar.gz,Sky Map,skymap-fits,tar,,2022-04-26T11:53:44.000,
1386,GW190916_200658,%BASEURL%,Skymaps,skymaps-plot,,,2026-05-31T09:25:40.504,"['moll', 'moll_pretty', 'moll_pretty_black', 'cartzoom', 'cartzoom_pretty', 'cart', 'moll_rot', 'cart_rot']"
1387,GW190916_200658,%BASEURL%,Skymaps,skymaps-thumb,,,2026-05-31T09:25:40.505,"['moll', 'moll_pretty', 'moll_pretty_black', 'cartzoom', 'cartzoom_pretty', 'cart', 'moll_rot', 'cart_rot']"
1388,GW190916_200658,%BASEURL%,Skymaps (plain),skymaps-plain,,,2026-05-31T09:25:40.510,"['gal_8192', 'eq_8192', 'eq_4096']"
1389,GW190915_235702,https://gwosc.org/eventapi/json/GWTC-2.1-confident/GW190915_235702/v2,JSON file,json-url,,,,
1390,GW190915_235702,https://gwosc.org/eventapi/html/GWTC-2.1-confident/GW190915_235702/v2,GWTC link,open-data,,,,
1391,GW190915_235702,https://zenodo.org/api/records/6513631/files/IGWN-GWTC2p1-v2-GW190915_235702_PEDataRelease_mixed_cosmo.h5/content,Data file,data-file,h5,zenodo,,
1392,GW190915_235702,https://zenodo.org/record/6513631/files/IGWN-GWTC2p1-v2-PESkyMaps.tar.gz,Sky Map,skymap-fits,tar,,2022-04-26T12:08:19.000,
1393,GW190915_235702,%BASEURL%,Skymaps,skymaps-plot,,,2026-05-31T09:25:40.530,"['moll', 'moll_pretty', 'moll_pretty_black', 'cartzoom', 'cartzoom_pretty', 'cart', 'moll_rot', 'cart_rot']"
1394,GW190915_235702,%BASEURL%,Skymaps,skymaps-thumb,,,2026-05-31T09:25:40.531,"['moll', 'moll_pretty', 'moll_pretty_black', 'cartzoom', 'cartzoom_pretty', 'cart', 'moll_rot', 'cart_rot']"
1395,GW190915_235702,%BASEURL%,Skymaps (plain),skymaps-plain,,,2026-05-31T09:25:40.537,"['gal_8192', 'eq_8192', 'eq_4096']"
1396,GW190910_112807,https://gwosc.org/eventapi/json/GWTC-2.1-confident/GW190910_112807/v2,JSON file,json-url,,,,
1397,GW190910_112807,https://gwosc.org/eventapi/html/GWTC-2.1-confident/GW190910_112807/v2,GWTC link,open-data,,,,
1398,GW190910_112807,https://zenodo.org/api/records/6513631/files/IGWN-GWTC2p1-v2-GW190910_112807_PEDataRelease_mixed_cosmo.h5/content,Data file,data-file,h5,zenodo,,
1399,GW190910_112807,https://zenodo.org/record/6513631/files/IGWN-GWTC2p1-v2-PESkyMaps.tar.gz,Sky Map,skymap-fits,tar,,2022-04-26T12:07:54.000,
1400,GW190910_112807,%BASEURL%,Skymaps,skymaps-plot,,,2026-05-31T09:25:40.552,"['moll', 'moll_pretty', 'moll_pretty_black', 'cartzoom', 'cartzoom_pretty', 'cart', 'moll_rot', 'cart_rot']"
1401,GW190910_112807,%BASEURL%,Skymaps,skymaps-thumb,,,2026-05-31T09:25:40.552,"['moll', 'moll_pretty', 'moll_pretty_black', 'cartzoom', 'cartzoom_pretty', 'cart', 'moll_rot', 'cart_rot']"
1402,GW190910_112807,%BASEURL%,Skymaps (plain),skymaps-plain,,,2026-05-31T09:25:40.556,"['gal_8192', 'eq_8192', 'eq_4096']"
1403,GW190828_065509,https://gwosc.org/eventapi/json/GWTC-2.1-confident/GW190828_065509/v2,JSON file,json-url,,,,
1404,GW190828_065509,https://gwosc.org/eventapi/html/GWTC-2.1-confident/GW190828_065509/v2,GWTC link,open-data,,,,
1405,GW190828_065509,https://zenodo.org/api/records/6513631/files/IGWN-GWTC2p1-v2-GW190828_065509_PEDataRelease_mixed_cosmo.h5/content,Data file,data-file,h5,zenodo,,
1406,GW190828_065509,https://zenodo.org/record/6513631/files/IGWN-GWTC2p1-v2-PESkyMaps.tar.gz,Sky Map,skymap-fits,tar,,2022-04-26T11:53:04.000,
1407,GW190828_065509,%BASEURL%,Skymaps,skymaps-plot,,,2026-05-31T09:25:40.568,"['moll', 'moll_pretty', 'moll_pretty_black', 'cartzoom', 'cartzoom_pretty', 'cart', 'moll_rot', 'cart_rot']"
1408,GW190828_065509,%BASEURL%,Skymaps,skymaps-thumb,,,2026-05-31T09:25:40.569,"['moll', 'moll_pretty', 'moll_pretty_black', 'cartzoom', 'cartzoom_pretty', 'cart', 'moll_rot', 'cart_rot']"
1409,GW190828_065509,%BASEURL%,Skymaps (plain),skymaps-plain,,,2026-05-31T09:25:40.573,"['gal_8192', 'eq_8192', 'eq_4096']"
1410,GW190828_063405,https://gwosc.org/eventapi/json/GWTC-2.1-confident/GW190828_063405/v2,JSON file,json-url,,,,
1411,GW190828_063405,https://gwosc.org/eventapi/html/GWTC-2.1-confident/GW190828_063405/v2,GWTC link,open-data,,,,
1412,GW190828_063405,https://zenodo.org/api/records/6513631/files/IGWN-GWTC2p1-v2-GW190828_063405_PEDataRelease_mixed_cosmo.h5/content,Data file,data-file,h5,zenodo,,
1413,GW190828_063405,https://zenodo.org/record/6513631/files/IGWN-GWTC2p1-v2-PESkyMaps.tar.gz,Sky Map,skymap-fits,tar,,2022-04-26T12:07:20.000,
1414,GW190828_063405,%BASEURL%,Skymaps,skymaps-plot,,,2026-05-31T09:25:40.584,"['moll', 'moll_pretty', 'moll_pretty_black', 'cartzoom', 'cartzoom_pretty', 'cart', 'moll_rot', 'cart_rot']"
1415,GW190828_063405,%BASEURL%,Skymaps,skymaps-thumb,,,2026-05-31T09:25:40.584,"['moll', 'moll_pretty', 'moll_pretty_black', 'cartzoom', 'cartzoom_pretty', 'cart', 'moll_rot', 'cart_rot']"
1416,GW190828_063405,%BASEURL%,Skymaps (plain),skymaps-plain,,,2026-05-31T09:25:40.589,"['gal_8192', 'eq_8192', 'eq_4096']"
1417,GW190814,https://gwosc.org/eventapi/json/GWTC-2.1-confident/GW190814/v3,JSON file,json-url,,,,
1418,GW190814,https://gwosc.org/eventapi/html/GWTC-2.1-confident/GW190814/v3,GWTC link,open-data,,,,
1419,GW190814,https://zenodo.org/api/records/6513631/files/IGWN-GWTC2p1-v2-GW190814_211039_PEDataRelease_mixed_cosmo.h5/content,Data file,data-file,h5,zenodo,,
1420,GW190814,https://zenodo.org/record/6513631/files/IGWN-GWTC2p1-v2-PESkyMaps.tar.gz,Sky Map,skymap-fits,tar,,2022-04-26T12:06:39.000,
1421,GW190814,%BASEURL%,Skymaps,skymaps-plot,,,2026-05-31T09:25:40.601,"['moll', 'moll_pretty', 'moll_pretty_black', 'cartzoom', 'cartzoom_pretty', 'cart', 'moll_rot', 'cart_rot']"
1422,GW190814,%BASEURL%,Skymaps,skymaps-thumb,,,2026-05-31T09:25:40.602,"['moll', 'moll_pretty', 'moll_pretty_black', 'cartzoom', 'cartzoom_pretty', 'cart', 'moll_rot', 'cart_rot']"
1423,GW190814,%BASEURL%,Skymaps (plain),skymaps-plain,,,2026-05-31T09:25:40.606,"['gal_8192', 'eq_8192', 'eq_4096']"
1424,GW190805_211137,https://gwosc.org/eventapi/json/GWTC-2.1-confident/GW190805_211137/v1,JSON file,json-url,,,,
1425,GW190805_211137,https://gwosc.org/eventapi/html/GWTC-2.1-confident/GW190805_211137/v1,GWTC link,open-data,,,,
1426,GW190805_211137,https://zenodo.org/api/records/6513631/files/IGWN-GWTC2p1-v2-GW190805_211137_PEDataRelease_mixed_cosmo.h5/content,Data file,data-file,h5,zenodo,,
1427,GW190805_211137,https://zenodo.org/record/6513631/files/IGWN-GWTC2p1-v2-PESkyMaps.tar.gz,Sky Map,skymap-fits,tar,,2022-04-26T11:52:37.000,
1428,GW190805_211137,%BASEURL%,Skymaps,skymaps-plot,,,2026-05-31T09:25:40.618,"['moll', 'moll_pretty', 'moll_pretty_black', 'cartzoom', 'cartzoom_pretty', 'cart', 'moll_rot', 'cart_rot']"
1429,GW190805_211137,%BASEURL%,Skymaps,skymaps-thumb,,,2026-05-31T09:25:40.619,"['moll', 'moll_pretty', 'moll_pretty_black', 'cartzoom', 'cartzoom_pretty', 'cart', 'moll_rot', 'cart_rot']"
1430,GW190805_211137,%BASEURL%,Skymaps (plain),skymaps-plain,,,2026-05-31T09:25:40.623,"['gal_8192', 'eq_8192', 'eq_4096']"
1431,GW190803_022701,https://gwosc.org/eventapi/json/GWTC-2.1-confident/GW190803_022701/v2,JSON file,json-url,,,,
1432,GW190803_022701,https://gwosc.org/eventapi/html/GWTC-2.1-confident/GW190803_022701/v2,GWTC link,open-data,,,,
1433,GW190803_022701,https://zenodo.org/api/records/6513631/files/IGWN-GWTC2p1-v2-GW190803_022701_PEDataRelease_mixed_cosmo.h5/content,Data file,data-file,h5,zenodo,,
1434,GW190803_022701,https://zenodo.org/record/6513631/files/IGWN-GWTC2p1-v2-PESkyMaps.tar.gz,Sky Map,skymap-fits,tar,,2022-04-26T12:06:07.000,
1435,GW190803_022701,%BASEURL%,Skymaps,skymaps-plot,,,2026-05-31T09:25:40.634,"['moll', 'moll_pretty', 'moll_pretty_black', 'cartzoom', 'cartzoom_pretty', 'cart', 'moll_rot', 'cart_rot']"
1436,GW190803_022701,%BASEURL%,Skymaps,skymaps-thumb,,,2026-05-31T09:25:40.634,"['moll', 'moll_pretty', 'moll_pretty_black', 'cartzoom', 'cartzoom_pretty', 'cart', 'moll_rot', 'cart_rot']"
1437,GW190803_022701,%BASEURL%,Skymaps (plain),skymaps-plain,,,2026-05-31T09:25:40.638,"['gal_8192', 'eq_8192', 'eq_4096']"
1438,GW190731_140936,https://gwosc.org/eventapi/json/GWTC-2.1-confident/GW190731_140936/v2,JSON file,json-url,,,,
1439,GW190731_140936,https://gwosc.org/eventapi/html/GWTC-2.1-confident/GW190731_140936/v2,GWTC link,open-data,,,,
1440,GW190731_140936,https://zenodo.org/api/records/6513631/files/IGWN-GWTC2p1-v2-GW190731_140936_PEDataRelease_mixed_cosmo.h5/content,Data file,data-file,h5,zenodo,,
1441,GW190731_140936,https://zenodo.org/record/6513631/files/IGWN-GWTC2p1-v2-PESkyMaps.tar.gz,Sky Map,skymap-fits,tar,,2022-04-26T12:05:49.000,
1442,GW190731_140936,%BASEURL%,Skymaps,skymaps-plot,,,2026-05-31T09:25:40.650,"['moll', 'moll_pretty', 'moll_pretty_black', 'cartzoom', 'cartzoom_pretty', 'cart', 'moll_rot', 'cart_rot']"
1443,GW190731_140936,%BASEURL%,Skymaps,skymaps-thumb,,,2026-05-31T09:25:40.650,"['moll', 'moll_pretty', 'moll_pretty_black', 'cartzoom', 'cartzoom_pretty', 'cart', 'moll_rot', 'cart_rot']"
1444,GW190731_140936,%BASEURL%,Skymaps (plain),skymaps-plain,,,2026-05-31T09:25:40.654,"['gal_8192', 'eq_8192', 'eq_4096']"
1445,GW190728_064510,https://gwosc.org/eventapi/json/GWTC-2.1-confident/GW190728_064510/v2,JSON file,json-url,,,,
1446,GW190728_064510,https://gwosc.org/eventapi/html/GWTC-2.1-confident/GW190728_064510/v2,GWTC link,open-data,,,,
1447,GW190728_064510,https://zenodo.org/api/records/6513631/files/IGWN-GWTC2p1-v2-GW190728_064510_PEDataRelease_mixed_cosmo.h5/content,Data file,data-file,h5,zenodo,,
1448,GW190728_064510,https://zenodo.org/record/6513631/files/IGWN-GWTC2p1-v2-PESkyMaps.tar.gz,Sky Map,skymap-fits,tar,,2022-04-26T12:05:35.000,
1449,GW190728_064510,%BASEURL%,Skymaps,skymaps-plot,,,2026-05-31T09:25:40.665,"['moll', 'moll_pretty', 'moll_pretty_black', 'cartzoom', 'cartzoom_pretty', 'cart', 'moll_rot', 'cart_rot']"
1450,GW190728_064510,%BASEURL%,Skymaps,skymaps-thumb,,,2026-05-31T09:25:40.665,"['moll', 'moll_pretty', 'moll_pretty_black', 'cartzoom', 'cartzoom_pretty', 'cart', 'moll_rot', 'cart_rot']"
1451,GW190728_064510,%BASEURL%,Skymaps (plain),skymaps-plain,,,2026-05-31T09:25:40.669,"['gal_8192', 'eq_8192', 'eq_4096']"
1452,GW190727_060333,https://gwosc.org/eventapi/json/GWTC-2.1-confident/GW190727_060333/v2,JSON file,json-url,,,,
1453,GW190727_060333,https://gwosc.org/eventapi/html/GWTC-2.1-confident/GW190727_060333/v2,GWTC link,open-data,,,,
1454,GW190727_060333,https://zenodo.org/api/records/6513631/files/IGWN-GWTC2p1-v2-GW190727_060333_PEDataRelease_mixed_cosmo.h5/content,Data file,data-file,h5,zenodo,,
1455,GW190727_060333,https://zenodo.org/record/6513631/files/IGWN-GWTC2p1-v2-PESkyMaps.tar.gz,Sky Map,skymap-fits,tar,,2022-04-26T12:05:08.000,
1456,GW190727_060333,%BASEURL%,Skymaps,skymaps-plot,,,2026-05-31T09:25:40.680,"['moll', 'moll_pretty', 'moll_pretty_black', 'cartzoom', 'cartzoom_pretty', 'cart', 'moll_rot', 'cart_rot']"
1457,GW190727_060333,%BASEURL%,Skymaps,skymaps-thumb,,,2026-05-31T09:25:40.681,"['moll', 'moll_pretty', 'moll_pretty_black', 'cartzoom', 'cartzoom_pretty', 'cart', 'moll_rot', 'cart_rot']"
1458,GW190727_060333,%BASEURL%,Skymaps (plain),skymaps-plain,,,2026-05-31T09:25:40.685,"['gal_8192', 'eq_8192', 'eq_4096']"
1459,GW190725_174728,https://gwosc.org/eventapi/json/GWTC-2.1-confident/GW190725_174728/v1,JSON file,json-url,,,,
1460,GW190725_174728,https://gwosc.org/eventapi/html/GWTC-2.1-confident/GW190725_174728/v1,GWTC link,open-data,,,,
1461,GW190725_174728,https://zenodo.org/api/records/6513631/files/IGWN-GWTC2p1-v2-GW190725_174728_PEDataRelease_mixed_cosmo.h5/content,Data file,data-file,h5,zenodo,,
1462,GW190725_174728,https://zenodo.org/record/6513631/files/IGWN-GWTC2p1-v2-PESkyMaps.tar.gz,Sky Map,skymap-fits,tar,,2022-04-26T11:51:52.000,
1463,GW190725_174728,%BASEURL%,Skymaps,skymaps-plot,,,2026-05-31T09:25:40.696,"['moll', 'moll_pretty', 'moll_pretty_black', 'cartzoom', 'cartzoom_pretty', 'cart', 'moll_rot', 'cart_rot']"
1464,GW190725_174728,%BASEURL%,Skymaps,skymaps-thumb,,,2026-05-31T09:25:40.697,"['moll', 'moll_pretty', 'moll_pretty_black', 'cartzoom', 'cartzoom_pretty', 'cart', 'moll_rot', 'cart_rot']"
1465,GW190725_174728,%BASEURL%,Skymaps (plain),skymaps-plain,,,2026-05-31T09:25:40.701,"['gal_8192', 'eq_8192', 'eq_4096']"
1466,GW190720_000836,https://gwosc.org/eventapi/json/GWTC-2.1-confident/GW190720_000836/v2,JSON file,json-url,,,,
1467,GW190720_000836,https://gwosc.org/eventapi/html/GWTC-2.1-confident/GW190720_000836/v2,GWTC link,open-data,,,,
1468,GW190720_000836,https://zenodo.org/api/records/6513631/files/IGWN-GWTC2p1-v2-GW190720_000836_PEDataRelease_mixed_cosmo.h5/content,Data file,data-file,h5,zenodo,,
1469,GW190720_000836,https://zenodo.org/record/6513631/files/IGWN-GWTC2p1-v2-PESkyMaps.tar.gz,Sky Map,skymap-fits,tar,,2022-04-26T12:04:35.000,
1470,GW190720_000836,%BASEURL%,Skymaps,skymaps-plot,,,2026-05-31T09:25:40.713,"['moll', 'moll_pretty', 'moll_pretty_black', 'cartzoom', 'cartzoom_pretty', 'cart', 'moll_rot', 'cart_rot']"
1471,GW190720_000836,%BASEURL%,Skymaps,skymaps-thumb,,,2026-05-31T09:25:40.713,"['moll', 'moll_pretty', 'moll_pretty_black', 'cartzoom', 'cartzoom_pretty', 'cart', 'moll_rot', 'cart_rot']"
1472,GW190720_000836,%BASEURL%,Skymaps (plain),skymaps-plain,,,2026-05-31T09:25:40.718,"['gal_8192', 'eq_8192', 'eq_4096']"
1473,GW190719_215514,https://gwosc.org/eventapi/json/GWTC-2.1-confident/GW190719_215514/v2,JSON file,json-url,,,,
1474,GW190719_215514,https://gwosc.org/eventapi/html/GWTC-2.1-confident/GW190719_215514/v2,GWTC link,open-data,,,,
1475,GW190719_215514,https://zenodo.org/api/records/6513631/files/IGWN-GWTC2p1-v2-GW190719_215514_PEDataRelease_mixed_cosmo.h5/content,Data file,data-file,h5,zenodo,,
1476,GW190719_215514,https://zenodo.org/record/6513631/files/IGWN-GWTC2p1-v2-PESkyMaps.tar.gz,Sky Map,skymap-fits,tar,,2022-04-26T12:04:04.000,
1477,GW190719_215514,%BASEURL%,Skymaps,skymaps-plot,,,2026-05-31T09:25:40.729,"['moll', 'moll_pretty', 'moll_pretty_black', 'cartzoom', 'cartzoom_pretty', 'cart', 'moll_rot', 'cart_rot']"
1478,GW190719_215514,%BASEURL%,Skymaps,skymaps-thumb,,,2026-05-31T09:25:40.730,"['moll', 'moll_pretty', 'moll_pretty_black', 'cartzoom', 'cartzoom_pretty', 'cart', 'moll_rot', 'cart_rot']"
1479,GW190719_215514,%BASEURL%,Skymaps (plain),skymaps-plain,,,2026-05-31T09:25:40.735,"['gal_8192', 'eq_8192', 'eq_4096']"
1480,GW190708_232457,https://gwosc.org/eventapi/json/GWTC-2.1-confident/GW190708_232457/v2,JSON file,json-url,,,,
1481,GW190708_232457,https://gwosc.org/eventapi/html/GWTC-2.1-confident/GW190708_232457/v2,GWTC link,open-data,,,,
1482,GW190708_232457,https://zenodo.org/api/records/6513631/files/IGWN-GWTC2p1-v2-GW190708_232457_PEDataRelease_mixed_cosmo.h5/content,Data file,data-file,h5,zenodo,,
1483,GW190708_232457,https://zenodo.org/record/6513631/files/IGWN-GWTC2p1-v2-PESkyMaps.tar.gz,Sky Map,skymap-fits,tar,,2022-04-26T11:51:36.000,
1484,GW190708_232457,%BASEURL%,Skymaps,skymaps-plot,,,2026-05-31T09:25:40.746,"['moll', 'moll_pretty', 'moll_pretty_black', 'cartzoom', 'cartzoom_pretty', 'cart', 'moll_rot', 'cart_rot']"
1485,GW190708_232457,%BASEURL%,Skymaps,skymaps-thumb,,,2026-05-31T09:25:40.747,"['moll', 'moll_pretty', 'moll_pretty_black', 'cartzoom', 'cartzoom_pretty', 'cart', 'moll_rot', 'cart_rot']"
1486,GW190708_232457,%BASEURL%,Skymaps (plain),skymaps-plain,,,2026-05-31T09:25:40.752,"['gal_8192', 'eq_8192', 'eq_4096']"
1487,GW190707_093326,https://gwosc.org/eventapi/json/GWTC-2.1-confident/GW190707_093326/v2,JSON file,json-url,,,,
1488,GW190707_093326,https://gwosc.org/eventapi/html/GWTC-2.1-confident/GW190707_093326/v2,GWTC link,open-data,,,,
1489,GW190707_093326,https://zenodo.org/api/records/6513631/files/IGWN-GWTC2p1-v2-GW190707_093326_PEDataRelease_mixed_cosmo.h5/content,Data file,data-file,h5,zenodo,,
1490,GW190707_093326,https://zenodo.org/record/6513631/files/IGWN-GWTC2p1-v2-PESkyMaps.tar.gz,Sky Map,skymap-fits,tar,,2022-04-26T12:03:23.000,
1491,GW190707_093326,%BASEURL%,Skymaps,skymaps-plot,,,2026-05-31T09:25:40.764,"['moll', 'moll_pretty', 'moll_pretty_black', 'cartzoom', 'cartzoom_pretty', 'cart', 'moll_rot', 'cart_rot']"
1492,GW190707_093326,%BASEURL%,Skymaps,skymaps-thumb,,,2026-05-31T09:25:40.764,"['moll', 'moll_pretty', 'moll_pretty_black', 'cartzoom', 'cartzoom_pretty', 'cart', 'moll_rot', 'cart_rot']"
1493,GW190707_093326,%BASEURL%,Skymaps (plain),skymaps-plain,,,2026-05-31T09:25:40.769,"['gal_8192', 'eq_8192', 'eq_4096']"
1494,GW190706_222641,https://gwosc.org/eventapi/json/GWTC-2.1-confident/GW190706_222641/v2,JSON file,json-url,,,,
1495,GW190706_222641,https://gwosc.org/eventapi/html/GWTC-2.1-confident/GW190706_222641/v2,GWTC link,open-data,,,,
1496,GW190706_222641,https://zenodo.org/api/records/6513631/files/IGWN-GWTC2p1-v2-GW190706_222641_PEDataRelease_mixed_cosmo.h5/content,Data file,data-file,h5,zenodo,,
1497,GW190706_222641,https://zenodo.org/record/6513631/files/IGWN-GWTC2p1-v2-PESkyMaps.tar.gz,Sky Map,skymap-fits,tar,,2022-04-26T12:03:04.000,
1498,GW190706_222641,%BASEURL%,Skymaps,skymaps-plot,,,2026-05-31T09:25:40.781,"['moll', 'moll_pretty', 'moll_pretty_black', 'cartzoom', 'cartzoom_pretty', 'cart', 'moll_rot', 'cart_rot']"
1499,GW190706_222641,%BASEURL%,Skymaps,skymaps-thumb,,,2026-05-31T09:25:40.781,"['moll', 'moll_pretty', 'moll_pretty_black', 'cartzoom', 'cartzoom_pretty', 'cart', 'moll_rot', 'cart_rot']"
1500,GW190706_222641,%BASEURL%,Skymaps (plain),skymaps-plain,,,2026-05-31T09:25:40.786,"['gal_8192', 'eq_8192', 'eq_4096']"
1501,GW190701_203306,https://gwosc.org/eventapi/json/GWTC-2.1-confident/GW190701_203306/v2,JSON file,json-url,,,,
1502,GW190701_203306,https://gwosc.org/eventapi/html/GWTC-2.1-confident/GW190701_203306/v2,GWTC link,open-data,,,,
1503,GW190701_203306,https://zenodo.org/api/records/6513631/files/IGWN-GWTC2p1-v2-GW190701_203306_PEDataRelease_mixed_cosmo.h5/content,Data file,data-file,h5,zenodo,,
1504,GW190701_203306,https://zenodo.org/record/6513631/files/IGWN-GWTC2p1-v2-PESkyMaps.tar.gz,Sky Map,skymap-fits,tar,,2022-04-26T12:02:31.000,
1505,GW190701_203306,%BASEURL%,Skymaps,skymaps-plot,,,2026-05-31T09:25:40.798,"['moll', 'moll_pretty', 'moll_pretty_black', 'cartzoom', 'cartzoom_pretty', 'cart', 'moll_rot', 'cart_rot']"
1506,GW190701_203306,%BASEURL%,Skymaps,skymaps-thumb,,,2026-05-31T09:25:40.798,"['moll', 'moll_pretty', 'moll_pretty_black', 'cartzoom', 'cartzoom_pretty', 'cart', 'moll_rot', 'cart_rot']"
1507,GW190701_203306,%BASEURL%,Skymaps (plain),skymaps-plain,,,2026-05-31T09:25:40.803,"['gal_8192', 'eq_8192', 'eq_4096']"
1508,GW190630_185205,https://gwosc.org/eventapi/json/GWTC-2.1-confident/GW190630_185205/v2,JSON file,json-url,,,,
1509,GW190630_185205,https://gwosc.org/eventapi/html/GWTC-2.1-confident/GW190630_185205/v2,GWTC link,open-data,,,,
1510,GW190630_185205,https://zenodo.org/api/records/6513631/files/IGWN-GWTC2p1-v2-GW190630_185205_PEDataRelease_mixed_cosmo.h5/content,Data file,data-file,h5,zenodo,,
1511,GW190630_185205,https://zenodo.org/record/6513631/files/IGWN-GWTC2p1-v2-PESkyMaps.tar.gz,Sky Map,skymap-fits,tar,,2022-04-26T12:02:06.000,
1512,GW190630_185205,%BASEURL%,Skymaps,skymaps-plot,,,2026-05-31T09:25:40.814,"['moll', 'moll_pretty', 'moll_pretty_black', 'cartzoom', 'cartzoom_pretty', 'cart', 'moll_rot', 'cart_rot']"
1513,GW190630_185205,%BASEURL%,Skymaps,skymaps-thumb,,,2026-05-31T09:25:40.815,"['moll', 'moll_pretty', 'moll_pretty_black', 'cartzoom', 'cartzoom_pretty', 'cart', 'moll_rot', 'cart_rot']"
1514,GW190630_185205,%BASEURL%,Skymaps (plain),skymaps-plain,,,2026-05-31T09:25:40.819,"['gal_8192', 'eq_8192', 'eq_4096']"
1515,GW190620_030421,https://gwosc.org/eventapi/json/GWTC-2.1-confident/GW190620_030421/v2,JSON file,json-url,,,,
1516,GW190620_030421,https://gwosc.org/eventapi/html/GWTC-2.1-confident/GW190620_030421/v2,GWTC link,open-data,,,,
1517,GW190620_030421,https://zenodo.org/api/records/6513631/files/IGWN-GWTC2p1-v2-GW190620_030421_PEDataRelease_mixed_cosmo.h5/content,Data file,data-file,h5,zenodo,,
1518,GW190620_030421,https://zenodo.org/record/6513631/files/IGWN-GWTC2p1-v2-PESkyMaps.tar.gz,Sky Map,skymap-fits,tar,,2022-04-26T12:01:43.000,
1519,GW190620_030421,%BASEURL%,Skymaps,skymaps-plot,,,2026-05-31T09:25:40.831,"['moll', 'moll_pretty', 'moll_pretty_black', 'cartzoom', 'cartzoom_pretty', 'cart', 'moll_rot', 'cart_rot']"
1520,GW190620_030421,%BASEURL%,Skymaps,skymaps-thumb,,,2026-05-31T09:25:40.832,"['moll', 'moll_pretty', 'moll_pretty_black', 'cartzoom', 'cartzoom_pretty', 'cart', 'moll_rot', 'cart_rot']"
1521,GW190620_030421,%BASEURL%,Skymaps (plain),skymaps-plain,,,2026-05-31T09:25:40.836,"['gal_8192', 'eq_8192', 'eq_4096']"
1522,GW190602_175927,https://gwosc.org/eventapi/json/GWTC-2.1-confident/GW190602_175927/v2,JSON file,json-url,,,,
1523,GW190602_175927,https://gwosc.org/eventapi/html/GWTC-2.1-confident/GW190602_175927/v2,GWTC link,open-data,,,,
1524,GW190602_175927,https://zenodo.org/api/records/6513631/files/IGWN-GWTC2p1-v2-GW190602_175927_PEDataRelease_mixed_cosmo.h5/content,Data file,data-file,h5,zenodo,,
1525,GW190602_175927,https://zenodo.org/record/6513631/files/IGWN-GWTC2p1-v2-PESkyMaps.tar.gz,Sky Map,skymap-fits,tar,,2022-04-26T12:01:09.000,
1526,GW190602_175927,%BASEURL%,Skymaps,skymaps-plot,,,2026-05-31T09:25:40.847,"['moll', 'moll_pretty', 'moll_pretty_black', 'cartzoom', 'cartzoom_pretty', 'cart', 'moll_rot', 'cart_rot']"
1527,GW190602_175927,%BASEURL%,Skymaps,skymaps-thumb,,,2026-05-31T09:25:40.848,"['moll', 'moll_pretty', 'moll_pretty_black', 'cartzoom', 'cartzoom_pretty', 'cart', 'moll_rot', 'cart_rot']"
1528,GW190602_175927,%BASEURL%,Skymaps (plain),skymaps-plain,,,2026-05-31T09:25:40.853,"['gal_8192', 'eq_8192', 'eq_4096']"
1529,GW190527_092055,https://gwosc.org/eventapi/json/GWTC-2.1-confident/GW190527_092055/v2,JSON file,json-url,,,,
1530,GW190527_092055,https://gwosc.org/eventapi/html/GWTC-2.1-confident/GW190527_092055/v2,GWTC link,open-data,,,,
1531,GW190527_092055,https://zenodo.org/api/records/6513631/files/IGWN-GWTC2p1-v2-GW190527_092055_PEDataRelease_mixed_cosmo.h5/content,Data file,data-file,h5,zenodo,,
1532,GW190527_092055,https://zenodo.org/record/6513631/files/IGWN-GWTC2p1-v2-PESkyMaps.tar.gz,Sky Map,skymap-fits,tar,,2022-04-26T12:00:47.000,
1533,GW190527_092055,%BASEURL%,Skymaps,skymaps-plot,,,2026-05-31T09:25:40.864,"['moll', 'moll_pretty', 'moll_pretty_black', 'cartzoom', 'cartzoom_pretty', 'cart', 'moll_rot', 'cart_rot']"
1534,GW190527_092055,%BASEURL%,Skymaps,skymaps-thumb,,,2026-05-31T09:25:40.864,"['moll', 'moll_pretty', 'moll_pretty_black', 'cartzoom', 'cartzoom_pretty', 'cart', 'moll_rot', 'cart_rot']"
1535,GW190527_092055,%BASEURL%,Skymaps (plain),skymaps-plain,,,2026-05-31T09:25:40.869,"['gal_8192', 'eq_8192', 'eq_4096']"
1536,GW190521_074359,https://gwosc.org/eventapi/json/GWTC-2.1-confident/GW190521_074359/v2,JSON file,json-url,,,,
1537,GW190521_074359,https://gwosc.org/eventapi/html/GWTC-2.1-confident/GW190521_074359/v2,GWTC link,open-data,,,,
1538,GW190521_074359,https://zenodo.org/api/records/6513631/files/IGWN-GWTC2p1-v2-GW190521_074359_PEDataRelease_mixed_cosmo.h5/content,Data file,data-file,h5,zenodo,,
1539,GW190521_074359,https://zenodo.org/record/6513631/files/IGWN-GWTC2p1-v2-PESkyMaps.tar.gz,Sky Map,skymap-fits,tar,,2022-04-26T12:00:25.000,
1540,GW190521_074359,%BASEURL%,Skymaps,skymaps-plot,,,2026-05-31T09:25:40.880,"['moll', 'moll_pretty', 'moll_pretty_black', 'cartzoom', 'cartzoom_pretty', 'cart', 'moll_rot', 'cart_rot']"
1541,GW190521_074359,%BASEURL%,Skymaps,skymaps-thumb,,,2026-05-31T09:25:40.881,"['moll', 'moll_pretty', 'moll_pretty_black', 'cartzoom', 'cartzoom_pretty', 'cart', 'moll_rot', 'cart_rot']"
1542,GW190521_074359,%BASEURL%,Skymaps (plain),skymaps-plain,,,2026-05-31T09:25:40.885,"['gal_8192', 'eq_8192', 'eq_4096']"
1543,GW190521,https://gwosc.org/eventapi/json/GWTC-2.1-confident/GW190521/v4,JSON file,json-url,,,,
1544,GW190521,https://gwosc.org/eventapi/html/GWTC-2.1-confident/GW190521/v4,GWTC link,open-data,,,,
1545,GW190521,https://zenodo.org/records/6513631/files/IGWN-GWTC2p1-v2-GW190521_030229_PEDataRelease_mixed_cosmo.h5?download=1,Data file,data-file,h5,zenodo,,
1546,GW190521,https://zenodo.org/record/6513631/files/IGWN-GWTC2p1-v2-PESkyMaps.tar.gz,Sky Map,skymap-fits,tar,,2022-04-26T11:59:59.000,
1547,GW190521,%BASEURL%,Skymaps,skymaps-plot,,,2026-05-31T09:25:40.896,"['moll', 'moll_pretty', 'moll_pretty_black', 'cartzoom', 'cartzoom_pretty', 'cart', 'moll_rot', 'cart_rot']"
1548,GW190521,%BASEURL%,Skymaps,skymaps-thumb,,,2026-05-31T09:25:40.897,"['moll', 'moll_pretty', 'moll_pretty_black', 'cartzoom', 'cartzoom_pretty', 'cart', 'moll_rot', 'cart_rot']"
1549,GW190521,%BASEURL%,Skymaps (plain),skymaps-plain,,,2026-05-31T09:25:40.900,"['gal_8192', 'eq_8192', 'eq_4096']"
1550,GW190519_153544,https://gwosc.org/eventapi/json/GWTC-2.1-confident/GW190519_153544/v2,JSON file,json-url,,,,
1551,GW190519_153544,https://gwosc.org/eventapi/html/GWTC-2.1-confident/GW190519_153544/v2,GWTC link,open-data,,,,
1552,GW190519_153544,https://zenodo.org/api/records/6513631/files/IGWN-GWTC2p1-v2-GW190519_153544_PEDataRelease_mixed_cosmo.h5/content,Data file,data-file,h5,zenodo,,
1553,GW190519_153544,https://zenodo.org/record/6513631/files/IGWN-GWTC2p1-v2-PESkyMaps.tar.gz,Sky Map,skymap-fits,tar,,2022-04-26T11:59:31.000,
1554,GW190519_153544,%BASEURL%,Skymaps,skymaps-plot,,,2026-05-31T09:25:40.911,"['moll', 'moll_pretty', 'moll_pretty_black', 'cartzoom', 'cartzoom_pretty', 'cart', 'moll_rot', 'cart_rot']"
1555,GW190519_153544,%BASEURL%,Skymaps,skymaps-thumb,,,2026-05-31T09:25:40.912,"['moll', 'moll_pretty', 'moll_pretty_black', 'cartzoom', 'cartzoom_pretty', 'cart', 'moll_rot', 'cart_rot']"
1556,GW190519_153544,%BASEURL%,Skymaps (plain),skymaps-plain,,,2026-05-31T09:25:40.916,"['gal_8192', 'eq_8192', 'eq_4096']"
1557,GW190517_055101,https://gwosc.org/eventapi/json/GWTC-2.1-confident/GW190517_055101/v2,JSON file,json-url,,,,
1558,GW190517_055101,https://gwosc.org/eventapi/html/GWTC-2.1-confident/GW190517_055101/v2,GWTC link,open-data,,,,
1559,GW190517_055101,https://zenodo.org/api/records/6513631/files/IGWN-GWTC2p1-v2-GW190517_055101_PEDataRelease_mixed_cosmo.h5/content,Data file,data-file,h5,zenodo,,
1560,GW190517_055101,https://zenodo.org/record/6513631/files/IGWN-GWTC2p1-v2-PESkyMaps.tar.gz,Sky Map,skymap-fits,tar,,2022-04-26T11:59:00.000,
1561,GW190517_055101,%BASEURL%,Skymaps,skymaps-plot,,,2026-05-31T09:25:40.928,"['moll', 'moll_pretty', 'moll_pretty_black', 'cartzoom', 'cartzoom_pretty', 'cart', 'moll_rot', 'cart_rot']"
1562,GW190517_055101,%BASEURL%,Skymaps,skymaps-thumb,,,2026-05-31T09:25:40.928,"['moll', 'moll_pretty', 'moll_pretty_black', 'cartzoom', 'cartzoom_pretty', 'cart', 'moll_rot', 'cart_rot']"
1563,GW190517_055101,%BASEURL%,Skymaps (plain),skymaps-plain,,,2026-05-31T09:25:40.933,"['gal_8192', 'eq_8192', 'eq_4096']"
1564,GW190514_065416,https://gwosc.org/eventapi/json/GWTC-2.1-confident/GW190514_065416/v2,JSON file,json-url,,,,
1565,GW190514_065416,https://gwosc.org/eventapi/html/GWTC-2.1-confident/GW190514_065416/v2,GWTC link,open-data,,,,
1566,GW190514_065416,https://zenodo.org/api/records/6513631/files/IGWN-GWTC2p1-v2-GW190514_065416_PEDataRelease_mixed_cosmo.h5/content,Data file,data-file,h5,zenodo,,
1567,GW190514_065416,https://zenodo.org/record/6513631/files/IGWN-GWTC2p1-v2-PESkyMaps.tar.gz,Sky Map,skymap-fits,tar,,2022-04-26T11:58:43.000,
1568,GW190514_065416,%BASEURL%,Skymaps,skymaps-plot,,,2026-05-31T09:25:40.947,"['moll', 'moll_pretty', 'moll_pretty_black', 'cartzoom', 'cartzoom_pretty', 'cart', 'moll_rot', 'cart_rot']"
1569,GW190514_065416,%BASEURL%,Skymaps,skymaps-thumb,,,2026-05-31T09:25:40.947,"['moll', 'moll_pretty', 'moll_pretty_black', 'cartzoom', 'cartzoom_pretty', 'cart', 'moll_rot', 'cart_rot']"
1570,GW190514_065416,%BASEURL%,Skymaps (plain),skymaps-plain,,,2026-05-31T09:25:40.952,"['gal_8192', 'eq_8192', 'eq_4096']"
1571,GW190513_205428,https://gwosc.org/eventapi/json/GWTC-2.1-confident/GW190513_205428/v2,JSON file,json-url,,,,
1572,GW190513_205428,https://gwosc.org/eventapi/html/GWTC-2.1-confident/GW190513_205428/v2,GWTC link,open-data,,,,
1573,GW190513_205428,https://zenodo.org/api/records/6513631/files/IGWN-GWTC2p1-v2-GW190513_205428_PEDataRelease_mixed_cosmo.h5/content,Data file,data-file,h5,zenodo,,
1574,GW190513_205428,https://zenodo.org/record/6513631/files/IGWN-GWTC2p1-v2-PESkyMaps.tar.gz,Sky Map,skymap-fits,tar,,2022-04-26T11:58:16.000,
1575,GW190513_205428,%BASEURL%,Skymaps,skymaps-plot,,,2026-05-31T09:25:40.966,"['moll', 'moll_pretty', 'moll_pretty_black', 'cartzoom', 'cartzoom_pretty', 'cart', 'moll_rot', 'cart_rot']"
1576,GW190513_205428,%BASEURL%,Skymaps,skymaps-thumb,,,2026-05-31T09:25:40.966,"['moll', 'moll_pretty', 'moll_pretty_black', 'cartzoom', 'cartzoom_pretty', 'cart', 'moll_rot', 'cart_rot']"
1577,GW190513_205428,%BASEURL%,Skymaps (plain),skymaps-plain,,,2026-05-31T09:25:40.971,"['gal_8192', 'eq_8192', 'eq_4096']"
1578,GW190512_180714,https://gwosc.org/eventapi/json/GWTC-2.1-confident/GW190512_180714/v2,JSON file,json-url,,,,
1579,GW190512_180714,https://gwosc.org/eventapi/html/GWTC-2.1-confident/GW190512_180714/v2,GWTC link,open-data,,,,
1580,GW190512_180714,https://zenodo.org/api/records/6513631/files/IGWN-GWTC2p1-v2-GW190512_180714_PEDataRelease_mixed_cosmo.h5/content,Data file,data-file,h5,zenodo,,
1581,GW190512_180714,https://zenodo.org/record/6513631/files/IGWN-GWTC2p1-v2-PESkyMaps.tar.gz,Sky Map,skymap-fits,tar,,2022-04-26T11:57:41.000,
1582,GW190512_180714,%BASEURL%,Skymaps,skymaps-plot,,,2026-05-31T09:25:40.984,"['moll', 'moll_pretty', 'moll_pretty_black', 'cartzoom', 'cartzoom_pretty', 'cart', 'moll_rot', 'cart_rot']"
1583,GW190512_180714,%BASEURL%,Skymaps,skymaps-thumb,,,2026-05-31T09:25:40.984,"['moll', 'moll_pretty', 'moll_pretty_black', 'cartzoom', 'cartzoom_pretty', 'cart', 'moll_rot', 'cart_rot']"
1584,GW190512_180714,%BASEURL%,Skymaps (plain),skymaps-plain,,,2026-05-31T09:25:40.990,"['gal_8192', 'eq_8192', 'eq_4096']"
1585,GW190503_185404,https://gwosc.org/eventapi/json/GWTC-2.1-confident/GW190503_185404/v2,JSON file,json-url,,,,
1586,GW190503_185404,https://gwosc.org/eventapi/html/GWTC-2.1-confident/GW190503_185404/v2,GWTC link,open-data,,,,
1587,GW190503_185404,https://zenodo.org/api/records/6513631/files/IGWN-GWTC2p1-v2-GW190503_185404_PEDataRelease_mixed_cosmo.h5/content,Data file,data-file,h5,zenodo,,
1588,GW190503_185404,https://zenodo.org/record/6513631/files/IGWN-GWTC2p1-v2-PESkyMaps.tar.gz,Sky Map,skymap-fits,tar,,2022-04-26T11:57:10.000,
1589,GW190503_185404,%BASEURL%,Skymaps,skymaps-plot,,,2026-05-31T09:25:41.001,"['moll', 'moll_pretty', 'moll_pretty_black', 'cartzoom', 'cartzoom_pretty', 'cart', 'moll_rot', 'cart_rot']"
1590,GW190503_185404,%BASEURL%,Skymaps,skymaps-thumb,,,2026-05-31T09:25:41.001,"['moll', 'moll_pretty', 'moll_pretty_black', 'cartzoom', 'cartzoom_pretty', 'cart', 'moll_rot', 'cart_rot']"
1591,GW190503_185404,%BASEURL%,Skymaps (plain),skymaps-plain,,,2026-05-31T09:25:41.006,"['gal_8192', 'eq_8192', 'eq_4096']"
1592,GW190426_190642,https://gwosc.org/eventapi/json/GWTC-2.1-confident/GW190426_190642/v1,JSON file,json-url,,,,
1593,GW190426_190642,https://gwosc.org/eventapi/html/GWTC-2.1-confident/GW190426_190642/v1,GWTC link,open-data,,,,
1594,GW190426_190642,https://zenodo.org/api/records/6513631/files/IGWN-GWTC2p1-v2-GW190426_190642_PEDataRelease_mixed_cosmo.h5/content,Data file,data-file,h5,zenodo,,
1595,GW190426_190642,https://zenodo.org/record/6513631/files/IGWN-GWTC2p1-v2-PESkyMaps.tar.gz,Sky Map,skymap-fits,tar,,2022-04-26T11:50:59.000,
1596,GW190426_190642,%BASEURL%,Skymaps,skymaps-plot,,,2026-05-31T09:25:41.017,"['moll', 'moll_pretty', 'moll_pretty_black', 'cartzoom', 'cartzoom_pretty', 'cart', 'moll_rot', 'cart_rot']"
1597,GW190426_190642,%BASEURL%,Skymaps,skymaps-thumb,,,2026-05-31T09:25:41.017,"['moll', 'moll_pretty', 'moll_pretty_black', 'cartzoom', 'cartzoom_pretty', 'cart', 'moll_rot', 'cart_rot']"
1598,GW190426_190642,%BASEURL%,Skymaps (plain),skymaps-plain,,,2026-05-31T09:25:41.021,"['gal_8192', 'eq_8192', 'eq_4096']"
1599,GW190425,https://gwosc.org/eventapi/json/GWTC-2.1-confident/GW190425/v3,JSON file,json-url,,,,
1600,GW190425,https://gwosc.org/eventapi/html/GWTC-2.1-confident/GW190425/v3,GWTC link,open-data,,,,
1601,GW190425,https://zenodo.org/api/records/6513631/files/IGWN-GWTC2p1-v2-GW190425_081805_PEDataRelease_mixed_cosmo.h5/content,Data file,data-file,h5,zenodo,,
1602,GW190425,https://zenodo.org/record/6513631/files/IGWN-GWTC2p1-v2-PESkyMaps.tar.gz,Sky Map,skymap-fits,tar,,2022-04-26T11:50:47.000,
1603,GW190425,%BASEURL%,Skymaps,skymaps-plot,,,2026-05-31T09:25:41.031,"['moll', 'moll_pretty', 'moll_pretty_black', 'cartzoom', 'cartzoom_pretty', 'cart', 'moll_rot', 'cart_rot']"
1604,GW190425,%BASEURL%,Skymaps,skymaps-thumb,,,2026-05-31T09:25:41.031,"['moll', 'moll_pretty', 'moll_pretty_black', 'cartzoom', 'cartzoom_pretty', 'cart', 'moll_rot', 'cart_rot']"
1605,GW190425,%BASEURL%,Skymaps (plain),skymaps-plain,,,2026-05-31T09:25:41.036,"['gal_8192', 'eq_8192', 'eq_4096']"
1606,GW190421_213856,https://gwosc.org/eventapi/json/GWTC-2.1-confident/GW190421_213856/v2,JSON file,json-url,,,,
1607,GW190421_213856,https://gwosc.org/eventapi/html/GWTC-2.1-confident/GW190421_213856/v2,GWTC link,open-data,,,,
1608,GW190421_213856,https://zenodo.org/api/records/6513631/files/IGWN-GWTC2p1-v2-GW190421_213856_PEDataRelease_mixed_cosmo.h5/content,Data file,data-file,h5,zenodo,,
1609,GW190421_213856,https://zenodo.org/record/6513631/files/IGWN-GWTC2p1-v2-PESkyMaps.tar.gz,Sky Map,skymap-fits,tar,,2022-04-26T11:56:38.000,
1610,GW190421_213856,%BASEURL%,Skymaps,skymaps-plot,,,2026-05-31T09:25:41.048,"['moll', 'moll_pretty', 'moll_pretty_black', 'cartzoom', 'cartzoom_pretty', 'cart', 'moll_rot', 'cart_rot']"
1611,GW190421_213856,%BASEURL%,Skymaps,skymaps-thumb,,,2026-05-31T09:25:41.048,"['moll', 'moll_pretty', 'moll_pretty_black', 'cartzoom', 'cartzoom_pretty', 'cart', 'moll_rot', 'cart_rot']"
1612,GW190421_213856,%BASEURL%,Skymaps (plain),skymaps-plain,,,2026-05-31T09:25:41.053,"['gal_8192', 'eq_8192', 'eq_4096']"
1613,GW190413_134308,https://gwosc.org/eventapi/json/GWTC-2.1-confident/GW190413_134308/v2,JSON file,json-url,,,,
1614,GW190413_134308,https://gwosc.org/eventapi/html/GWTC-2.1-confident/GW190413_134308/v2,GWTC link,open-data,,,,
1615,GW190413_134308,https://zenodo.org/api/records/6513631/files/IGWN-GWTC2p1-v2-GW190413_134308_PEDataRelease_mixed_cosmo.h5/content,Data file,data-file,h5,zenodo,,
1616,GW190413_134308,https://zenodo.org/record/6513631/files/IGWN-GWTC2p1-v2-PESkyMaps.tar.gz,Sky Map,skymap-fits,tar,,2022-04-26T11:55:54.000,
1617,GW190413_134308,%BASEURL%,Skymaps,skymaps-plot,,,2026-05-31T09:25:41.065,"['moll', 'moll_pretty', 'moll_pretty_black', 'cartzoom', 'cartzoom_pretty', 'cart', 'moll_rot', 'cart_rot']"
1618,GW190413_134308,%BASEURL%,Skymaps,skymaps-thumb,,,2026-05-31T09:25:41.065,"['moll', 'moll_pretty', 'moll_pretty_black', 'cartzoom', 'cartzoom_pretty', 'cart', 'moll_rot', 'cart_rot']"
1619,GW190413_134308,%BASEURL%,Skymaps (plain),skymaps-plain,,,2026-05-31T09:25:41.071,"['gal_8192', 'eq_8192', 'eq_4096']"
1620,GW190413_052954,https://gwosc.org/eventapi/json/GWTC-2.1-confident/GW190413_052954/v2,JSON file,json-url,,,,
1621,GW190413_052954,https://gwosc.org/eventapi/html/GWTC-2.1-confident/GW190413_052954/v2,GWTC link,open-data,,,,
1622,GW190413_052954,https://zenodo.org/api/records/6513631/files/IGWN-GWTC2p1-v2-GW190413_052954_PEDataRelease_mixed_cosmo.h5/content,Data file,data-file,h5,zenodo,,
1623,GW190413_052954,https://zenodo.org/record/6513631/files/IGWN-GWTC2p1-v2-PESkyMaps.tar.gz,Sky Map,skymap-fits,tar,,2022-04-26T11:55:17.000,
1624,GW190413_052954,%BASEURL%,Skymaps,skymaps-plot,,,2026-05-31T09:25:41.082,"['moll', 'moll_pretty', 'moll_pretty_black', 'cartzoom', 'cartzoom_pretty', 'cart', 'moll_rot', 'cart_rot']"
1625,GW190413_052954,%BASEURL%,Skymaps,skymaps-thumb,,,2026-05-31T09:25:41.083,"['moll', 'moll_pretty', 'moll_pretty_black', 'cartzoom', 'cartzoom_pretty', 'cart', 'moll_rot', 'cart_rot']"
1626,GW190413_052954,%BASEURL%,Skymaps (plain),skymaps-plain,,,2026-05-31T09:25:41.087,"['gal_8192', 'eq_8192', 'eq_4096']"
1627,GW190412,https://gwosc.org/eventapi/json/GWTC-2.1-confident/GW190412/v4,JSON file,json-url,,,,
1628,GW190412,https://gwosc.org/eventapi/html/GWTC-2.1-confident/GW190412/v4,GWTC link,open-data,,,,
1629,GW190412,https://zenodo.org/api/records/6513631/files/IGWN-GWTC2p1-v2-GW190412_053044_PEDataRelease_mixed_cosmo.h5/content,Data file,data-file,h5,zenodo,,
1630,GW190412,https://zenodo.org/record/6513631/files/IGWN-GWTC2p1-v2-PESkyMaps.tar.gz,Sky Map,skymap-fits,tar,,2022-04-26T11:50:05.000,
1631,GW190412,%BASEURL%,Skymaps,skymaps-plot,,,2026-05-31T09:25:41.098,"['moll', 'moll_pretty', 'moll_pretty_black', 'cartzoom', 'cartzoom_pretty', 'cart', 'moll_rot', 'cart_rot']"
1632,GW190412,%BASEURL%,Skymaps,skymaps-thumb,,,2026-05-31T09:25:41.099,"['moll', 'moll_pretty', 'moll_pretty_black', 'cartzoom', 'cartzoom_pretty', 'cart', 'moll_rot', 'cart_rot']"
1633,GW190412,%BASEURL%,Skymaps (plain),skymaps-plain,,,2026-05-31T09:25:41.103,"['gal_8192', 'eq_8192', 'eq_4096']"
1634,GW190408_181802,https://gwosc.org/eventapi/json/GWTC-2.1-confident/GW190408_181802/v2,JSON file,json-url,,,,
1635,GW190408_181802,https://gwosc.org/eventapi/html/GWTC-2.1-confident/GW190408_181802/v2,GWTC link,open-data,,,,
1636,GW190408_181802,https://zenodo.org/api/records/6513631/files/IGWN-GWTC2p1-v2-GW190408_181802_PEDataRelease_mixed_cosmo.h5/content,Data file,data-file,h5,zenodo,,
1637,GW190408_181802,https://zenodo.org/record/6513631/files/IGWN-GWTC2p1-v2-PESkyMaps.tar.gz,Sky Map,skymap-fits,tar,,2022-04-26T11:49:42.000,
1638,GW190408_181802,%BASEURL%,Skymaps,skymaps-plot,,,2026-05-31T09:25:41.115,"['moll', 'moll_pretty', 'moll_pretty_black', 'cartzoom', 'cartzoom_pretty', 'cart', 'moll_rot', 'cart_rot']"
1639,GW190408_181802,%BASEURL%,Skymaps,skymaps-thumb,,,2026-05-31T09:25:41.115,"['moll', 'moll_pretty', 'moll_pretty_black', 'cartzoom', 'cartzoom_pretty', 'cart', 'moll_rot', 'cart_rot']"
1640,GW190408_181802,%BASEURL%,Skymaps (plain),skymaps-plain,,,2026-05-31T09:25:41.120,"['gal_8192', 'eq_8192', 'eq_4096']"
1641,GW190403_051519,https://gwosc.org/eventapi/json/GWTC-2.1-confident/GW190403_051519/v1,JSON file,json-url,,,,
1642,GW190403_051519,https://gwosc.org/eventapi/html/GWTC-2.1-confident/GW190403_051519/v1,GWTC link,open-data,,,,
1643,GW190403_051519,https://zenodo.org/api/records/6513631/files/IGWN-GWTC2p1-v2-GW190403_051519_PEDataRelease_mixed_cosmo.h5/content,Data file,data-file,h5,zenodo,,
1644,GW190403_051519,https://zenodo.org/record/6513631/files/IGWN-GWTC2p1-v2-PESkyMaps.tar.gz,Sky Map,skymap-fits,tar,,2022-04-26T11:49:20.000,
1645,GW190403_051519,%BASEURL%,Skymaps,skymaps-plot,,,2026-05-31T09:25:41.131,"['moll', 'moll_pretty', 'moll_pretty_black', 'cartzoom', 'cartzoom_pretty', 'cart', 'moll_rot', 'cart_rot']"
1646,GW190403_051519,%BASEURL%,Skymaps,skymaps-thumb,,,2026-05-31T09:25:41.132,"['moll', 'moll_pretty', 'moll_pretty_black', 'cartzoom', 'cartzoom_pretty', 'cart', 'moll_rot', 'cart_rot']"
1647,GW190403_051519,%BASEURL%,Skymaps (plain),skymaps-plain,,,2026-05-31T09:25:41.136,"['gal_8192', 'eq_8192', 'eq_4096']"
1648,GW170823,https://gwosc.org/eventapi/json/GWTC-2.1-confident/GW170823/v2,JSON file,json-url,,,,
1649,GW170823,https://gwosc.org/eventapi/html/GWTC-2.1-confident/GW170823/v2,GWTC link,open-data,,,,
1650,GW170823,https://zenodo.org/api/files/ecf41927-9275-47da-8b37-e299693fe5cb/IGWN-GWTC2p1-v2-GW170823_131358_PEDataRelease_mixed_cosmo.h5,Data file,data-file,h5,zenodo,,
1651,GW170823,https://zenodo.org/record/6513631/files/IGWN-GWTC2p1-v2-PESkyMaps.tar.gz,Sky Map,skymap-fits,tar,,2022-04-26T11:48:59.000,
1652,GW170823,%BASEURL%,Skymaps,skymaps-plot,,,2026-05-31T09:25:41.147,"['moll', 'moll_pretty', 'moll_pretty_black', 'cartzoom', 'cartzoom_pretty', 'cart', 'moll_rot', 'cart_rot']"
1653,GW170823,%BASEURL%,Skymaps,skymaps-thumb,,,2026-05-31T09:25:41.148,"['moll', 'moll_pretty', 'moll_pretty_black', 'cartzoom', 'cartzoom_pretty', 'cart', 'moll_rot', 'cart_rot']"
1654,GW170823,%BASEURL%,Skymaps (plain),skymaps-plain,,,2026-05-31T09:25:41.152,"['gal_8192', 'eq_8192', 'eq_4096']"
1655,GW170818,https://gwosc.org/eventapi/json/GWTC-2.1-confident/GW170818/v2,JSON file,json-url,,,,
1656,GW170818,https://gwosc.org/eventapi/html/GWTC-2.1-confident/GW170818/v2,GWTC link,open-data,,,,
1657,GW170818,https://zenodo.org/api/files/ecf41927-9275-47da-8b37-e299693fe5cb/IGWN-GWTC2p1-v2-GW170818_022509_PEDataRelease_mixed_cosmo.h5,Data file,data-file,h5,zenodo,,
1658,GW170818,https://zenodo.org/record/6513631/files/IGWN-GWTC2p1-v2-PESkyMaps.tar.gz,Sky Map,skymap-fits,tar,,2022-04-26T11:48:24.000,
1659,GW170818,%BASEURL%,Skymaps,skymaps-plot,,,2026-05-31T09:25:41.163,"['moll', 'moll_pretty', 'moll_pretty_black', 'cartzoom', 'cartzoom_pretty', 'cart', 'moll_rot', 'cart_rot']"
1660,GW170818,%BASEURL%,Skymaps,skymaps-thumb,,,2026-05-31T09:25:41.164,"['moll', 'moll_pretty', 'moll_pretty_black', 'cartzoom', 'cartzoom_pretty', 'cart', 'moll_rot', 'cart_rot']"
1661,GW170818,%BASEURL%,Skymaps (plain),skymaps-plain,,,2026-05-31T09:25:41.168,"['gal_8192', 'eq_8192', 'eq_4096']"
1662,GW170814,https://gwosc.org/eventapi/json/GWTC-2.1-confident/GW170814/v4,JSON file,json-url,,,,
1663,GW170814,https://gwosc.org/eventapi/html/GWTC-2.1-confident/GW170814/v4,GWTC link,open-data,,,,
1664,GW170814,https://zenodo.org/api/files/ecf41927-9275-47da-8b37-e299693fe5cb/IGWN-GWTC2p1-v2-GW170814_103043_PEDataRelease_mixed_cosmo.h5,Data file,data-file,h5,zenodo,,
1665,GW170814,https://zenodo.org/record/6513631/files/IGWN-GWTC2p1-v2-PESkyMaps.tar.gz,Sky Map,skymap-fits,tar,,2022-04-26T11:47:40.000,
1666,GW170814,%BASEURL%,Skymaps,skymaps-plot,,,2026-05-31T09:25:41.180,"['moll', 'moll_pretty', 'moll_pretty_black', 'cartzoom', 'cartzoom_pretty', 'cart', 'moll_rot', 'cart_rot']"
1667,GW170814,%BASEURL%,Skymaps,skymaps-thumb,,,2026-05-31T09:25:41.180,"['moll', 'moll_pretty', 'moll_pretty_black', 'cartzoom', 'cartzoom_pretty', 'cart', 'moll_rot', 'cart_rot']"
1668,GW170814,%BASEURL%,Skymaps (plain),skymaps-plain,,,2026-05-31T09:25:41.184,"['gal_8192', 'eq_8192', 'eq_4096']"
1669,GW170809,https://gwosc.org/eventapi/json/GWTC-2.1-confident/GW170809/v2,JSON file,json-url,,,,
1670,GW170809,https://gwosc.org/eventapi/html/GWTC-2.1-confident/GW170809/v2,GWTC link,open-data,,,,
1671,GW170809,https://zenodo.org/api/files/ecf41927-9275-47da-8b37-e299693fe5cb/IGWN-GWTC2p1-v2-GW170809_082821_PEDataRelease_mixed_cosmo.h5,Data file,data-file,h5,zenodo,,
1672,GW170809,https://zenodo.org/record/6513631/files/IGWN-GWTC2p1-v2-PESkyMaps.tar.gz,Sky Map,skymap-fits,tar,,2022-04-26T11:47:04.000,
1673,GW170809,%BASEURL%,Skymaps,skymaps-plot,,,2026-05-31T09:25:41.194,"['moll', 'moll_pretty', 'moll_pretty_black', 'cartzoom', 'cartzoom_pretty', 'cart', 'moll_rot', 'cart_rot']"
1674,GW170809,%BASEURL%,Skymaps,skymaps-thumb,,,2026-05-31T09:25:41.195,"['moll', 'moll_pretty', 'moll_pretty_black', 'cartzoom', 'cartzoom_pretty', 'cart', 'moll_rot', 'cart_rot']"
1675,GW170809,%BASEURL%,Skymaps (plain),skymaps-plain,,,2026-05-31T09:25:41.199,"['gal_8192', 'eq_8192', 'eq_4096']"
1676,GW170729,https://gwosc.org/eventapi/json/GWTC-2.1-confident/GW170729/v2,JSON file,json-url,,,,
1677,GW170729,https://gwosc.org/eventapi/html/GWTC-2.1-confident/GW170729/v2,GWTC link,open-data,,,,
1678,GW170729,https://zenodo.org/api/files/ecf41927-9275-47da-8b37-e299693fe5cb/IGWN-GWTC2p1-v2-GW170729_185629_PEDataRelease_mixed_cosmo.h5,Data file,data-file,h5,zenodo,,
1679,GW170729,https://zenodo.org/record/6513631/files/IGWN-GWTC2p1-v2-PESkyMaps.tar.gz,Sky Map,skymap-fits,tar,,2022-04-26T11:46:33.000,
1680,GW170729,%BASEURL%,Skymaps,skymaps-plot,,,2026-05-31T09:25:41.210,"['moll', 'moll_pretty', 'moll_pretty_black', 'cartzoom', 'cartzoom_pretty', 'cart', 'moll_rot', 'cart_rot']"
1681,GW170729,%BASEURL%,Skymaps,skymaps-thumb,,,2026-05-31T09:25:41.210,"['moll', 'moll_pretty', 'moll_pretty_black', 'cartzoom', 'cartzoom_pretty', 'cart', 'moll_rot', 'cart_rot']"
1682,GW170729,%BASEURL%,Skymaps (plain),skymaps-plain,,,2026-05-31T09:25:41.215,"['gal_8192', 'eq_8192', 'eq_4096']"
1683,GW170608,https://gwosc.org/eventapi/json/GWTC-2.1-confident/GW170608/v4,JSON file,json-url,,,,
1684,GW170608,https://gwosc.org/eventapi/html/GWTC-2.1-confident/GW170608/v4,GWTC link,open-data,,,,
1685,GW170608,https://zenodo.org/api/files/ecf41927-9275-47da-8b37-e299693fe5cb/IGWN-GWTC2p1-v2-GW170608_020116_PEDataRelease_mixed_cosmo.h5,Data file,data-file,h5,zenodo,,
1686,GW170608,https://zenodo.org/record/6513631/files/IGWN-GWTC2p1-v2-PESkyMaps.tar.gz,Sky Map,skymap-fits,tar,,2022-04-26T11:45:51.000,
1687,GW170608,%BASEURL%,Skymaps,skymaps-plot,,,2026-05-31T09:25:41.227,"['moll', 'moll_pretty', 'moll_pretty_black', 'cartzoom', 'cartzoom_pretty', 'cart', 'moll_rot', 'cart_rot']"
1688,GW170608,%BASEURL%,Skymaps,skymaps-thumb,,,2026-05-31T09:25:41.227,"['moll', 'moll_pretty', 'moll_pretty_black', 'cartzoom', 'cartzoom_pretty', 'cart', 'moll_rot', 'cart_rot']"
1689,GW170608,%BASEURL%,Skymaps (plain),skymaps-plain,,,2026-05-31T09:25:41.231,"['gal_8192', 'eq_8192', 'eq_4096']"
1690,GW170104,https://gwosc.org/eventapi/json/GWTC-2.1-confident/GW170104/v3,JSON file,json-url,,,,
1691,GW170104,https://gwosc.org/eventapi/html/GWTC-2.1-confident/GW170104/v3,GWTC link,open-data,,,,
1692,GW170104,https://zenodo.org/api/files/ecf41927-9275-47da-8b37-e299693fe5cb/IGWN-GWTC2p1-v2-GW170104_101158_PEDataRelease_mixed_cosmo.h5,Data file,data-file,h5,zenodo,,
1693,GW170104,https://zenodo.org/record/6513631/files/IGWN-GWTC2p1-v2-PESkyMaps.tar.gz,Sky Map,skymap-fits,tar,,2022-04-26T11:45:26.000,
1694,GW170104,%BASEURL%,Skymaps,skymaps-plot,,,2026-05-31T09:25:41.242,"['moll', 'moll_pretty', 'moll_pretty_black', 'cartzoom', 'cartzoom_pretty', 'cart', 'moll_rot', 'cart_rot']"
1695,GW170104,%BASEURL%,Skymaps,skymaps-thumb,,,2026-05-31T09:25:41.243,"['moll', 'moll_pretty', 'moll_pretty_black', 'cartzoom', 'cartzoom_pretty', 'cart', 'moll_rot', 'cart_rot']"
1696,GW170104,%BASEURL%,Skymaps (plain),skymaps-plain,,,2026-05-31T09:25:41.247,"['gal_8192', 'eq_8192', 'eq_4096']"
1697,GW151226,https://gwosc.org/eventapi/json/GWTC-2.1-confident/GW151226/v3,JSON file,json-url,,,,
1698,GW151226,https://gwosc.org/eventapi/html/GWTC-2.1-confident/GW151226/v3,GWTC link,open-data,,,,
1699,GW151226,https://zenodo.org/api/files/ecf41927-9275-47da-8b37-e299693fe5cb/IGWN-GWTC2p1-v2-GW151226_033853_PEDataRelease_mixed_cosmo.h5,Data file,data-file,h5,zenodo,,
1700,GW151226,https://zenodo.org/record/6513631/files/IGWN-GWTC2p1-v2-PESkyMaps.tar.gz,Sky Map,skymap-fits,tar,,2022-04-26T11:44:52.000,
1701,GW151226,%BASEURL%,Skymaps,skymaps-plot,,,2026-05-31T09:25:41.258,"['moll', 'moll_pretty', 'moll_pretty_black', 'cartzoom', 'cartzoom_pretty', 'cart', 'moll_rot', 'cart_rot']"
1702,GW151226,%BASEURL%,Skymaps,skymaps-thumb,,,2026-05-31T09:25:41.258,"['moll', 'moll_pretty', 'moll_pretty_black', 'cartzoom', 'cartzoom_pretty', 'cart', 'moll_rot', 'cart_rot']"
1703,GW151226,%BASEURL%,Skymaps (plain),skymaps-plain,,,2026-05-31T09:25:41.262,"['gal_8192', 'eq_8192', 'eq_4096']"
1704,GW151012,https://gwosc.org/eventapi/json/GWTC-2.1-confident/GW151012/v4,JSON file,json-url,,,,
1705,GW151012,https://gwosc.org/eventapi/html/GWTC-2.1-confident/GW151012/v4,GWTC link,open-data,,,,
1706,GW151012,https://zenodo.org/api/files/ecf41927-9275-47da-8b37-e299693fe5cb/IGWN-GWTC2p1-v2-GW151012_095443_PEDataRelease_mixed_cosmo.h5,Data file,data-file,h5,zenodo,,
1707,GW151012,https://zenodo.org/record/6513631/files/IGWN-GWTC2p1-v2-PESkyMaps.tar.gz,Sky Map,skymap-fits,tar,,2022-04-26T11:44:34.000,
1708,GW151012,%BASEURL%,Skymaps,skymaps-plot,,,2026-05-31T09:25:41.274,"['moll', 'moll_pretty', 'moll_pretty_black', 'cartzoom', 'cartzoom_pretty', 'cart', 'moll_rot', 'cart_rot']"
1709,GW151012,%BASEURL%,Skymaps,skymaps-thumb,,,2026-05-31T09:25:41.274,"['moll', 'moll_pretty', 'moll_pretty_black', 'cartzoom', 'cartzoom_pretty', 'cart', 'moll_rot', 'cart_rot']"
1710,GW151012,%BASEURL%,Skymaps (plain),skymaps-plain,,,2026-05-31T09:25:41.278,"['gal_8192', 'eq_8192', 'eq_4096']"
1711,GW150914,https://gwosc.org/eventapi/json/GWTC-2.1-confident/GW150914/v4,JSON file,json-url,,,,
1712,GW150914,https://gwosc.org/eventapi/html/GWTC-2.1-confident/GW150914/v4,GWTC link,open-data,,,,
1713,GW150914,https://zenodo.org/api/files/ecf41927-9275-47da-8b37-e299693fe5cb/IGWN-GWTC2p1-v2-GW150914_095045_PEDataRelease_mixed_cosmo.h5,Data file,data-file,h5,zenodo,,
1714,GW150914,https://zenodo.org/record/6513631/files/IGWN-GWTC2p1-v2-PESkyMaps.tar.gz,Sky Map,skymap-fits,tar,,2022-04-26T11:44:11.000,
1715,GW150914,%BASEURL%,Skymaps,skymaps-plot,,,2026-05-31T09:25:41.288,"['moll', 'moll_pretty', 'moll_pretty_black', 'cartzoom', 'cartzoom_pretty', 'cart', 'moll_rot', 'cart_rot']"
1716,GW150914,%BASEURL%,Skymaps,skymaps-thumb,,,2026-05-31T09:25:41.288,"['moll', 'moll_pretty', 'moll_pretty_black', 'cartzoom', 'cartzoom_pretty', 'cart', 'moll_rot', 'cart_rot']"
1717,GW150914,%BASEURL%,Skymaps (plain),skymaps-plain,,,2026-05-31T09:25:41.293,"['gal_8192', 'eq_8192', 'eq_4096']"
1718,S230520ae,https://gracedb.ligo.org/api/superevents/S230520ae/,GraceDB data,open-data,,,,
1719,S230520ae,"https://gracedb.ligo.org/api/superevents/S230520ae/files/Bilby.multiorder.fits,0",Sky Map,skymap-fits,,,,
1720,S230520ae,https://gwcat-data.s3.eu-north-1.amazonaws.com/gravoscope/S230520ae-tiles,Gravoscope tileset,gravoscope-tiles,,,2023-06-30T19:47:42.283,
1721,S230520ae,https://gwcat-data.s3.eu-north-1.amazonaws.com/png/,Skymaps,skymaps-plot,,,2026-01-18T22:29:45.119,"['moll', 'moll_pretty', 'moll_pretty_black', 'cartzoom', 'cartzoom_pretty', 'cart', 'moll_rot', 'cart_rot']"
1722,S230520ae,https://gwcat-data.s3.eu-north-1.amazonaws.com/png/,Skymaps,skymaps-thumb,,,2026-01-18T22:29:45.120,"['moll', 'moll_pretty', 'moll_pretty_black', 'cartzoom', 'cartzoom_pretty', 'cart', 'moll_rot', 'cart_rot']"
1723,S230520ae,https://gwcat-data.s3.eu-north-1.amazonaws.com/gravoscope/,Skymaps (plain),skymaps-plain,,,2026-01-18T22:29:45.122,"['gal_8192', 'eq_8192', 'eq_4096']"
1724,S230520ae,https://gracedb.ligo.org/api/superevents/S230520ae/,GraceDB data,open-data,,,,
1725,S230522a,https://gracedb.ligo.org/api/superevents/S230522a/,GraceDB data,open-data,,,,
1726,S230522a,"https://gracedb.ligo.org/api/superevents/S230522a/files/bayestar.multiorder.fits,1",Sky Map,skymap-fits,,,,
1727,S230522a,https://gwcat-data.s3.eu-north-1.amazonaws.com/gravoscope/S230522a-tiles,Gravoscope tileset,gravoscope-tiles,,,2023-05-23T20:49:56.172,
1728,S230522a,https://gwcat-data.s3.eu-north-1.amazonaws.com/png/,Skymaps,skymaps-plot,,,2026-01-18T22:29:45.124,"['moll', 'moll_pretty', 'moll_pretty_black', 'cartzoom', 'cartzoom_pretty', 'cart', 'moll_rot', 'cart_rot']"
1729,S230522a,https://gwcat-data.s3.eu-north-1.amazonaws.com/png/,Skymaps,skymaps-thumb,,,2026-01-18T22:29:45.125,"['moll', 'moll_pretty', 'moll_pretty_black', 'cartzoom', 'cartzoom_pretty', 'cart', 'moll_rot', 'cart_rot']"
1730,S230522a,https://gwcat-data.s3.eu-north-1.amazonaws.com/gravoscope/,Skymaps (plain),skymaps-plain,,,2026-01-18T22:29:45.127,"['gal_8192', 'eq_8192', 'eq_4096']"
1731,S230522a,https://gracedb.ligo.org/api/superevents/S230522a/,GraceDB data,open-data,,,,
1732,S230522n,https://gracedb.ligo.org/api/superevents/S230522n/,GraceDB data,open-data,,,,
1733,S230522n,"https://gracedb.ligo.org/api/superevents/S230522n/files/bayestar.multiorder.fits,1",Sky Map,skymap-fits,,,,
1734,S230522n,https://gwcat-data.s3.eu-north-1.amazonaws.com/gravoscope/S230522n-tiles,Gravoscope tileset,gravoscope-tiles,,,2023-05-23T20:53:43.904,
1735,S230522n,https://gwcat-data.s3.eu-north-1.amazonaws.com/png/,Skymaps,skymaps-plot,,,2026-01-18T22:29:45.129,"['moll', 'moll_pretty', 'moll_pretty_black', 'cartzoom', 'cartzoom_pretty', 'cart', 'moll_rot', 'cart_rot']"
1736,S230522n,https://gwcat-data.s3.eu-north-1.amazonaws.com/png/,Skymaps,skymaps-thumb,,,2026-01-18T22:29:45.130,"['moll', 'moll_pretty', 'moll_pretty_black', 'cartzoom', 'cartzoom_pretty', 'cart', 'moll_rot', 'cart_rot']"
1737,S230522n,https://gwcat-data.s3.eu-north-1.amazonaws.com/gravoscope/,Skymaps (plain),skymaps-plain,,,2026-01-18T22:29:45.133,"['gal_8192', 'eq_8192', 'eq_4096']"
1738,S230522n,https://gracedb.ligo.org/api/superevents/S230522n/,GraceDB data,open-data,,,,
1739,S230802aq,https://gracedb.ligo.org/api/superevents/S230802aq/,GraceDB data,open-data,,,,
1740,S230802aq,"https://gracedb.ligo.org/api/superevents/S230802aq/files/Bilby.offline0.multiorder.fits,0",Sky Map,skymap-fits,,,,
1741,S230802aq,https://gracedb.ligo.org/api/superevents/S230802aq/,GraceDB data,open-data,,,,
1742,S230802aq,https://gwcat-data.s3.eu-north-1.amazonaws.com/png/,Skymaps,skymaps-plot,,,2026-01-18T22:29:45.135,"['moll', 'moll_pretty', 'moll_pretty_black', 'cartzoom', 'cartzoom_pretty', 'cart', 'moll_rot', 'cart_rot']"
1743,S230802aq,https://gwcat-data.s3.eu-north-1.amazonaws.com/png/,Skymaps,skymaps-thumb,,,2026-01-18T22:29:45.135,"['moll', 'moll_pretty', 'moll_pretty_black', 'cartzoom', 'cartzoom_pretty', 'cart', 'moll_rot', 'cart_rot']"
1744,S230802aq,https://gwcat-data.s3.eu-north-1.amazonaws.com/gravoscope/,Skymaps (plain),skymaps-plain,,,2026-01-18T22:29:45.138,"['gal_8192', 'eq_8192', 'eq_4096']"
1745,S231020bw,https://gracedb.ligo.org/api/superevents/S231020bw/,GraceDB data,open-data,,,,
1746,S231020bw,"https://gracedb.ligo.org/api/superevents/S231020bw/files/Bilby.offline0.multiorder.fits,0",Sky Map,skymap-fits,,,,
1747,S231020bw,https://gwcat-data.s3.eu-north-1.amazonaws.com/png/,Skymaps,skymaps-plot,,,2026-01-18T22:29:45.139,"['moll', 'moll_pretty', 'moll_pretty_black', 'cartzoom', 'cartzoom_pretty', 'cart', 'moll_rot', 'cart_rot']"
1748,S231020bw,https://gwcat-data.s3.eu-north-1.amazonaws.com/png/,Skymaps,skymaps-thumb,,,2026-01-18T22:29:45.140,"['moll', 'moll_pretty', 'moll_pretty_black', 'cartzoom', 'cartzoom_pretty', 'cart', 'moll_rot', 'cart_rot']"
1749,S231020bw,https://gwcat-data.s3.eu-north-1.amazonaws.com/gravoscope/,Skymaps (plain),skymaps-plain,,,2026-01-18T22:29:45.142,"['gal_8192', 'eq_8192', 'eq_4096']"
1750,S240422ed,https://gracedb.ligo.org/api/superevents/S240422ed/,GraceDB data,open-data,,,,
1751,S240422ed,"https://gracedb.ligo.org/api/superevents/S240422ed/files/Bilby.offline0.multiorder.fits,0",Sky Map,skymap-fits,,,,
1752,S240422ed,https://gwcat-data.s3.eu-north-1.amazonaws.com/png/,Skymaps,skymaps-plot,,,2026-01-18T22:29:45.162,"['moll', 'moll_pretty', 'moll_pretty_black', 'cartzoom', 'cartzoom_pretty', 'cart', 'moll_rot', 'cart_rot']"
1753,S240422ed,https://gwcat-data.s3.eu-north-1.amazonaws.com/png/,Skymaps,skymaps-thumb,,,2026-01-18T22:29:45.162,"['moll', 'moll_pretty', 'moll_pretty_black', 'cartzoom', 'cartzoom_pretty', 'cart', 'moll_rot', 'cart_rot']"
1754,S240422ed,https://gwcat-data.s3.eu-north-1.amazonaws.com/gravoscope/,Skymaps (plain),skymaps-plain,,,2026-01-18T22:29:45.165,"['gal_8192', 'eq_8192', 'eq_4096']"
1755,S240422ed,https://gracedb.ligo.org/api/superevents/S240422ed/,GraceDB data,open-data,,,,
1756,S240426dl,https://gracedb.ligo.org/api/superevents/S240426dl/,GraceDB data,open-data,,,,
1757,S240426dl,"https://gracedb.ligo.org/api/superevents/S240426dl/files/Bilby.multiorder.fits,0",Sky Map,skymap-fits,,,,
1758,S240426dl,https://gwcat-data.s3.eu-north-1.amazonaws.com/png/,Skymaps,skymaps-plot,,,2026-01-18T22:29:45.172,"['moll', 'moll_pretty', 'moll_pretty_black', 'cartzoom', 'cartzoom_pretty', 'cart', 'moll_rot', 'cart_rot']"
1759,S240426dl,https://gwcat-data.s3.eu-north-1.amazonaws.com/png/,Skymaps,skymaps-thumb,,,2026-01-18T22:29:45.172,"['moll', 'moll_pretty', 'moll_pretty_black', 'cartzoom', 'cartzoom_pretty', 'cart', 'moll_rot', 'cart_rot']"
1760,S240426dl,https://gwcat-data.s3.eu-north-1.amazonaws.com/gravoscope/,Skymaps (plain),skymaps-plain,,,2026-01-18T22:29:45.175,"['gal_8192', 'eq_8192', 'eq_4096']"
1761,S240426dl,https://gracedb.ligo.org/api/superevents/S240426dl/,GraceDB data,open-data,,,,
1762,S240514c,https://gracedb.ligo.org/api/superevents/S240514c/,GraceDB data,open-data,,,,
1763,S240514c,"https://gracedb.ligo.org/api/superevents/S240514c/files/Bilby.offline0.multiorder.fits,0",Sky Map,skymap-fits,,,,
1764,S240514c,https://gwcat-data.s3.eu-north-1.amazonaws.com/png/,Skymaps,skymaps-plot,,,2026-01-18T22:29:45.215,"['moll', 'moll_pretty', 'moll_pretty_black', 'cartzoom', 'cartzoom_pretty', 'cart', 'moll_rot', 'cart_rot']"
1765,S240514c,https://gwcat-data.s3.eu-north-1.amazonaws.com/png/,Skymaps,skymaps-thumb,,,2026-01-18T22:29:45.216,"['moll', 'moll_pretty', 'moll_pretty_black', 'cartzoom', 'cartzoom_pretty', 'cart', 'moll_rot', 'cart_rot']"
1766,S240514c,https://gwcat-data.s3.eu-north-1.amazonaws.com/gravoscope/,Skymaps (plain),skymaps-plain,,,2026-01-18T22:29:45.218,"['gal_8192', 'eq_8192', 'eq_4096']"
1767,S240514c,https://gracedb.ligo.org/api/superevents/S240514c/,GraceDB data,open-data,,,,
1768,S240813d,https://gracedb.ligo.org/api/superevents/S240813d/,GraceDB data,open-data,,,,
1769,S240813d,"https://gracedb.ligo.org/api/superevents/S240813d/files/Bilby.multiorder.fits,0",Sky Map,skymap-fits,,,,
1770,S240813d,https://gwcat-data.s3.eu-north-1.amazonaws.com/png/,Skymaps,skymaps-plot,,,2026-01-18T22:29:45.333,"['moll', 'moll_pretty', 'moll_pretty_black', 'cartzoom', 'cartzoom_pretty', 'cart', 'moll_rot', 'cart_rot']"
1771,S240813d,https://gwcat-data.s3.eu-north-1.amazonaws.com/png/,Skymaps,skymaps-thumb,,,2026-01-18T22:29:45.334,"['moll', 'moll_pretty', 'moll_pretty_black', 'cartzoom', 'cartzoom_pretty', 'cart', 'moll_rot', 'cart_rot']"
1772,S240813d,https://gwcat-data.s3.eu-north-1.amazonaws.com/gravoscope/,Skymaps (plain),skymaps-plain,,,2026-01-18T22:29:45.336,"['gal_8192', 'eq_8192', 'eq_4096']"
1773,S240813d,https://gracedb.ligo.org/api/superevents/S240813d/,GraceDB data,open-data,,,,
1774,S241122a,https://gracedb.ligo.org/api/superevents/S241122a/,GraceDB data,open-data,,,,
1775,S241122a,"https://gracedb.ligo.org/api/superevents/S241122a/files/Bilby.multiorder.fits,0",Sky Map,skymap-fits,,,,
1776,S241122a,https://gwcat-data.s3.eu-north-1.amazonaws.com/png/,Skymaps,skymaps-plot,,,2026-01-18T22:29:45.521,"['moll', 'moll_pretty', 'moll_pretty_black', 'cartzoom', 'cartzoom_pretty', 'cart', 'moll_rot', 'cart_rot']"
1777,S241122a,https://gwcat-data.s3.eu-north-1.amazonaws.com/png/,Skymaps,skymaps-thumb,,,2026-01-18T22:29:45.521,"['moll', 'moll_pretty', 'moll_pretty_black', 'cartzoom', 'cartzoom_pretty', 'cart', 'moll_rot', 'cart_rot']"
1778,S241122a,https://gwcat-data.s3.eu-north-1.amazonaws.com/gravoscope/,Skymaps (plain),skymaps-plain,,,2026-01-18T22:29:45.524,"['gal_8192', 'eq_8192', 'eq_4096']"
1779,S241122a,https://gracedb.ligo.org/api/superevents/S241122a/,GraceDB data,open-data,,,,
1780,S250202cu,https://gracedb.ligo.org/api/superevents/S250202cu/,GraceDB data,open-data,,,,
1781,S250202cu,"https://gracedb.ligo.org/api/superevents/S250202cu/files/Bilby.multiorder.fits,0",Sky Map,skymap-fits,,,,
1782,S250202cu,https://gwcat-data.s3.eu-north-1.amazonaws.com/png/,Skymaps,skymaps-plot,,,2026-01-18T22:29:45.641,"['moll', 'moll_pretty', 'moll_pretty_black', 'cartzoom', 'cartzoom_pretty', 'cart', 'moll_rot', 'cart_rot']"
1783,S250202cu,https://gwcat-data.s3.eu-north-1.amazonaws.com/png/,Skymaps,skymaps-thumb,,,2026-01-18T22:29:45.641,"['moll', 'moll_pretty', 'moll_pretty_black', 'cartzoom', 'cartzoom_pretty', 'cart', 'moll_rot', 'cart_rot']"
1784,S250202cu,https://gwcat-data.s3.eu-north-1.amazonaws.com/gravoscope/,Skymaps (plain),skymaps-plain,,,2026-01-18T22:29:45.644,"['gal_8192', 'eq_8192', 'eq_4096']"
1785,S250202cu,https://gracedb.ligo.org/api/superevents/S250202cu/,GraceDB data,open-data,,,,
1786,S250204ax,https://gracedb.ligo.org/api/superevents/S250204ax/,GraceDB data,open-data,,,,
1787,S250204ax,"https://gracedb.ligo.org/api/superevents/S250204ax/files/Bilby.multiorder.fits,0",Sky Map,skymap-fits,,,,
1788,S250204ax,https://gwcat-data.s3.eu-north-1.amazonaws.com/png/,Skymaps,skymaps-plot,,,2026-01-18T22:29:45.646,"['moll', 'moll_pretty', 'moll_pretty_black', 'cartzoom', 'cartzoom_pretty', 'cart', 'moll_rot', 'cart_rot']"
1789,S250204ax,https://gwcat-data.s3.eu-north-1.amazonaws.com/png/,Skymaps,skymaps-thumb,,,2026-01-18T22:29:45.647,"['moll', 'moll_pretty', 'moll_pretty_black', 'cartzoom', 'cartzoom_pretty', 'cart', 'moll_rot', 'cart_rot']"
1790,S250204ax,https://gwcat-data.s3.eu-north-1.amazonaws.com/gravoscope/,Skymaps (plain),skymaps-plain,,,2026-01-18T22:29:45.649,"['gal_8192', 'eq_8192', 'eq_4096']"
1791,S250204ax,https://gracedb.ligo.org/api/superevents/S250204ax/,GraceDB data,open-data,,,,
1792,S250205bk,https://gracedb.ligo.org/api/superevents/S250205bk/,GraceDB data,open-data,,,,
1793,S250205bk,"https://gracedb.ligo.org/api/superevents/S250205bk/files/Bilby.multiorder.fits,0",Sky Map,skymap-fits,,,,
1794,S250205bk,https://gwcat-data.s3.eu-north-1.amazonaws.com/png/,Skymaps,skymaps-plot,,,2026-01-18T22:29:45.651,"['moll', 'moll_pretty', 'moll_pretty_black', 'cartzoom', 'cartzoom_pretty', 'cart', 'moll_rot', 'cart_rot']"
1795,S250205bk,https://gwcat-data.s3.eu-north-1.amazonaws.com/png/,Skymaps,skymaps-thumb,,,2026-01-18T22:29:45.651,"['moll', 'moll_pretty', 'moll_pretty_black', 'cartzoom', 'cartzoom_pretty', 'cart', 'moll_rot', 'cart_rot']"
1796,S250205bk,https://gwcat-data.s3.eu-north-1.amazonaws.com/gravoscope/,Skymaps (plain),skymaps-plain,,,2026-01-18T22:29:45.654,"['gal_8192', 'eq_8192', 'eq_4096']"
1797,S250205bk,https://gracedb.ligo.org/api/superevents/S250205bk/,GraceDB data,open-data,,,,
1798,S250205ee,https://gracedb.ligo.org/api/superevents/S250205ee/,GraceDB data,open-data,,,,
1799,S250205ee,"https://gracedb.ligo.org/api/superevents/S250205ee/files/Bilby.multiorder.fits,0",Sky Map,skymap-fits,,,,
1800,S250205ee,https://gracedb.ligo.org/api/superevents/S250205ee/,GraceDB data,open-data,,,,
1801,S250205ee,https://gwcat-data.s3.eu-north-1.amazonaws.com/png/,Skymaps,skymaps-plot,,,2026-01-18T22:29:45.655,"['moll', 'moll_pretty', 'moll_pretty_black', 'cartzoom', 'cartzoom_pretty', 'cart', 'moll_rot', 'cart_rot']"
1802,S250205ee,https://gwcat-data.s3.eu-north-1.amazonaws.com/png/,Skymaps,skymaps-thumb,,,2026-01-18T22:29:45.656,"['moll', 'moll_pretty', 'moll_pretty_black', 'cartzoom', 'cartzoom_pretty', 'cart', 'moll_rot', 'cart_rot']"
1803,S250205ee,https://gwcat-data.s3.eu-north-1.amazonaws.com/gravoscope/,Skymaps (plain),skymaps-plain,,,2026-01-18T22:29:45.658,"['gal_8192', 'eq_8192', 'eq_4096']"
1804,S250206dm,https://gracedb.ligo.org/api/superevents/S250206dm/,GraceDB data,open-data,,,,
1805,S250206dm,"https://gracedb.ligo.org/api/superevents/S250206dm/files/Bilby.offline1.multiorder.fits,0",Sky Map,skymap-fits,,,,
1806,S250206dm,https://gracedb.ligo.org/api/superevents/S250206dm/,GraceDB data,open-data,,,,
1807,S250206dm,https://gwcat-data.s3.eu-north-1.amazonaws.com/png/,Skymaps,skymaps-plot,,,2026-01-18T22:29:45.660,"['moll', 'moll_pretty', 'moll_pretty_black', 'cartzoom', 'cartzoom_pretty', 'cart', 'moll_rot', 'cart_rot']"
1808,S250206dm,https://gwcat-data.s3.eu-north-1.amazonaws.com/png/,Skymaps,skymaps-thumb,,,2026-01-18T22:29:45.661,"['moll', 'moll_pretty', 'moll_pretty_black', 'cartzoom', 'cartzoom_pretty', 'cart', 'moll_rot', 'cart_rot']"
1809,S250206dm,https://gwcat-data.s3.eu-north-1.amazonaws.com/gravoscope/,Skymaps (plain),skymaps-plain,,,2026-01-18T22:29:45.663,"['gal_8192', 'eq_8192', 'eq_4096']"
1810,S250207bg,https://gracedb.ligo.org/api/superevents/S250207bg/,GraceDB data,open-data,,,,
1811,S250207bg,"https://gracedb.ligo.org/api/superevents/S250207bg/files/Bilby.offline1.multiorder.fits,0",Sky Map,skymap-fits,,,,
1812,S250207bg,https://gwcat-data.s3.eu-north-1.amazonaws.com/png/,Skymaps,skymaps-plot,,,2026-01-18T22:29:45.665,"['moll', 'moll_pretty', 'moll_pretty_black', 'cartzoom', 'cartzoom_pretty', 'cart', 'moll_rot', 'cart_rot']"
1813,S250207bg,https://gwcat-data.s3.eu-north-1.amazonaws.com/png/,Skymaps,skymaps-thumb,,,2026-01-18T22:29:45.666,"['moll', 'moll_pretty', 'moll_pretty_black', 'cartzoom', 'cartzoom_pretty', 'cart', 'moll_rot', 'cart_rot']"
1814,S250207bg,https://gwcat-data.s3.eu-north-1.amazonaws.com/gravoscope/,Skymaps (plain),skymaps-plain,,,2026-01-18T22:29:45.668,"['gal_8192', 'eq_8192', 'eq_4096']"
1815,S250207bg,https://gracedb.ligo.org/api/superevents/S250207bg/,GraceDB data,open-data,,,,
1816,S250208ad,https://gracedb.ligo.org/api/superevents/S250208ad/,GraceDB data,open-data,,,,
1817,S250208ad,"https://gracedb.ligo.org/api/superevents/S250208ad/files/Bilby.multiorder.fits,0",Sky Map,skymap-fits,,,,
1818,S250208ad,https://gracedb.ligo.org/api/superevents/S250208ad/,GraceDB data,open-data,,,,
1819,S250208ad,https://gwcat-data.s3.eu-north-1.amazonaws.com/png/,Skymaps,skymaps-plot,,,2026-01-18T22:29:45.670,"['moll', 'moll_pretty', 'moll_pretty_black', 'cartzoom', 'cartzoom_pretty', 'cart', 'moll_rot', 'cart_rot']"
1820,S250208ad,https://gwcat-data.s3.eu-north-1.amazonaws.com/png/,Skymaps,skymaps-thumb,,,2026-01-18T22:29:45.670,"['moll', 'moll_pretty', 'moll_pretty_black', 'cartzoom', 'cartzoom_pretty', 'cart', 'moll_rot', 'cart_rot']"
1821,S250208ad,https://gwcat-data.s3.eu-north-1.amazonaws.com/gravoscope/,Skymaps (plain),skymaps-plain,,,2026-01-18T22:29:45.673,"['gal_8192', 'eq_8192', 'eq_4096']"
1822,S250211aa,https://gracedb.ligo.org/api/superevents/S250211aa/,GraceDB data,open-data,,,,
1823,S250211aa,"https://gracedb.ligo.org/api/superevents/S250211aa/files/Bilby.multiorder.fits,0",Sky Map,skymap-fits,,,,
1824,S250211aa,https://gracedb.ligo.org/api/superevents/S250211aa/,GraceDB data,open-data,,,,
1825,S250211aa,https://gwcat-data.s3.eu-north-1.amazonaws.com/png/,Skymaps,skymaps-plot,,,2026-01-18T22:29:45.675,"['moll', 'moll_pretty', 'moll_pretty_black', 'cartzoom', 'cartzoom_pretty', 'cart', 'moll_rot', 'cart_rot']"
1826,S250211aa,https://gwcat-data.s3.eu-north-1.amazonaws.com/png/,Skymaps,skymaps-thumb,,,2026-01-18T22:29:45.675,"['moll', 'moll_pretty', 'moll_pretty_black', 'cartzoom', 'cartzoom_pretty', 'cart', 'moll_rot', 'cart_rot']"
1827,S250211aa,https://gwcat-data.s3.eu-north-1.amazonaws.com/gravoscope/,Skymaps (plain),skymaps-plain,,,2026-01-18T22:29:45.678,"['gal_8192', 'eq_8192', 'eq_4096']"
1828,S250211be,https://gracedb.ligo.org/api/superevents/S250211be/,GraceDB data,open-data,,,,
1829,S250211be,"https://gracedb.ligo.org/api/superevents/S250211be/files/Bilby.multiorder.fits,0",Sky Map,skymap-fits,,,,
1830,S250211be,https://gwcat-data.s3.eu-north-1.amazonaws.com/png/,Skymaps,skymaps-plot,,,2026-01-18T22:29:45.680,"['moll', 'moll_pretty', 'moll_pretty_black', 'cartzoom', 'cartzoom_pretty', 'cart', 'moll_rot', 'cart_rot']"
1831,S250211be,https://gwcat-data.s3.eu-north-1.amazonaws.com/png/,Skymaps,skymaps-thumb,,,2026-01-18T22:29:45.681,"['moll', 'moll_pretty', 'moll_pretty_black', 'cartzoom', 'cartzoom_pretty', 'cart', 'moll_rot', 'cart_rot']"
1832,S250211be,https://gwcat-data.s3.eu-north-1.amazonaws.com/gravoscope/,Skymaps (plain),skymaps-plain,,,2026-01-18T22:29:45.683,"['gal_8192', 'eq_8192', 'eq_4096']"
1833,S250211be,https://gracedb.ligo.org/api/superevents/S250211be/,GraceDB data,open-data,,,,
1834,S250226dl,https://gracedb.ligo.org/api/superevents/S250226dl/,GraceDB data,open-data,,,,
1835,S250226dl,"https://gracedb.ligo.org/api/superevents/S250226dl/files/Bilby.multiorder.fits,0",Sky Map,skymap-fits,,,,
1836,S250226dl,https://gwcat-data.s3.eu-north-1.amazonaws.com/png/,Skymaps,skymaps-plot,,,2026-01-18T22:29:45.685,"['moll', 'moll_pretty', 'moll_pretty_black', 'cartzoom', 'cartzoom_pretty', 'cart', 'moll_rot', 'cart_rot']"
1837,S250226dl,https://gwcat-data.s3.eu-north-1.amazonaws.com/png/,Skymaps,skymaps-thumb,,,2026-01-18T22:29:45.685,"['moll', 'moll_pretty', 'moll_pretty_black', 'cartzoom', 'cartzoom_pretty', 'cart', 'moll_rot', 'cart_rot']"
1838,S250226dl,https://gwcat-data.s3.eu-north-1.amazonaws.com/gravoscope/,Skymaps (plain),skymaps-plain,,,2026-01-18T22:29:45.688,"['gal_8192', 'eq_8192', 'eq_4096']"
1839,S250226dl,https://gracedb.ligo.org/api/superevents/S250226dl/,GraceDB data,open-data,,,,
1840,S250227e,https://gracedb.ligo.org/api/superevents/S250227e/,GraceDB data,open-data,,,,
1841,S250227e,"https://gracedb.ligo.org/api/superevents/S250227e/files/Bilby.multiorder.fits,0",Sky Map,skymap-fits,,,,
1842,S250227e,https://gwcat-data.s3.eu-north-1.amazonaws.com/png/,Skymaps,skymaps-plot,,,2026-01-18T22:29:45.690,"['moll', 'moll_pretty', 'moll_pretty_black', 'cartzoom', 'cartzoom_pretty', 'cart', 'moll_rot', 'cart_rot']"
1843,S250227e,https://gwcat-data.s3.eu-north-1.amazonaws.com/png/,Skymaps,skymaps-thumb,,,2026-01-18T22:29:45.690,"['moll', 'moll_pretty', 'moll_pretty_black', 'cartzoom', 'cartzoom_pretty', 'cart', 'moll_rot', 'cart_rot']"
1844,S250227e,https://gwcat-data.s3.eu-north-1.amazonaws.com/gravoscope/,Skymaps (plain),skymaps-plain,,,2026-01-18T22:29:45.692,"['gal_8192', 'eq_8192', 'eq_4096']"
1845,S250227e,https://gracedb.ligo.org/api/superevents/S250227e/,GraceDB data,open-data,,,,
1846,S250304cb,https://gracedb.ligo.org/api/superevents/S250304cb/,GraceDB data,open-data,,,,
1847,S250304cb,"https://gracedb.ligo.org/api/superevents/S250304cb/files/bayestar.multiorder.fits,2",Sky Map,skymap-fits,,,,
1848,S250304cb,https://gwcat-data.s3.eu-north-1.amazonaws.com/png/,Skymaps,skymaps-plot,,,2026-01-18T22:29:45.694,"['moll', 'moll_pretty', 'moll_pretty_black', 'cartzoom', 'cartzoom_pretty', 'cart', 'moll_rot', 'cart_rot']"
1849,S250304cb,https://gwcat-data.s3.eu-north-1.amazonaws.com/png/,Skymaps,skymaps-thumb,,,2026-01-18T22:29:45.695,"['moll', 'moll_pretty', 'moll_pretty_black', 'cartzoom', 'cartzoom_pretty', 'cart', 'moll_rot', 'cart_rot']"
1850,S250304cb,https://gwcat-data.s3.eu-north-1.amazonaws.com/gravoscope/,Skymaps (plain),skymaps-plain,,,2026-01-18T22:29:45.698,"['gal_8192', 'eq_8192', 'eq_4096']"
1851,S250319bu,https://gracedb.ligo.org/api/superevents/S250319bu/,GraceDB data,open-data,,,,
1852,S250319bu,"https://gracedb.ligo.org/api/superevents/S250319bu/files/Bilby.multiorder.fits,0",Sky Map,skymap-fits,,,,
1853,S250319bu,https://gwcat-data.s3.eu-north-1.amazonaws.com/png/,Skymaps,skymaps-plot,,,2026-01-18T22:29:45.699,"['moll', 'moll_pretty', 'moll_pretty_black', 'cartzoom', 'cartzoom_pretty', 'cart', 'moll_rot', 'cart_rot']"
1854,S250319bu,https://gwcat-data.s3.eu-north-1.amazonaws.com/png/,Skymaps,skymaps-thumb,,,2026-01-18T22:29:45.700,"['moll', 'moll_pretty', 'moll_pretty_black', 'cartzoom', 'cartzoom_pretty', 'cart', 'moll_rot', 'cart_rot']"
1855,S250319bu,https://gwcat-data.s3.eu-north-1.amazonaws.com/gravoscope/,Skymaps (plain),skymaps-plain,,,2026-01-18T22:29:45.702,"['gal_8192', 'eq_8192', 'eq_4096']"
1856,S250319bu,https://gracedb.ligo.org/api/superevents/S250319bu/,GraceDB data,open-data,,,,
1857,S250326y,https://gracedb.ligo.org/api/superevents/S250326y/,GraceDB data,open-data,,,,
1858,S250326y,"https://gracedb.ligo.org/api/superevents/S250326y/files/Bilby.multiorder.fits,0",Sky Map,skymap-fits,,,,
1859,S250326y,https://gracedb.ligo.org/api/superevents/S250326y/,GraceDB data,open-data,,,,
1860,S250326y,https://gwcat-data.s3.eu-north-1.amazonaws.com/png/,Skymaps,skymaps-plot,,,2026-01-18T22:29:45.704,"['moll', 'moll_pretty', 'moll_pretty_black', 'cartzoom', 'cartzoom_pretty', 'cart', 'moll_rot', 'cart_rot']"
1861,S250326y,https://gwcat-data.s3.eu-north-1.amazonaws.com/png/,Skymaps,skymaps-thumb,,,2026-01-18T22:29:45.705,"['moll', 'moll_pretty', 'moll_pretty_black', 'cartzoom', 'cartzoom_pretty', 'cart', 'moll_rot', 'cart_rot']"
1862,S250326y,https://gwcat-data.s3.eu-north-1.amazonaws.com/gravoscope/,Skymaps (plain),skymaps-plain,,,2026-01-18T22:29:45.707,"['gal_8192', 'eq_8192', 'eq_4096']"
1863,S250328ae,https://gracedb.ligo.org/api/superevents/S250328ae/,GraceDB data,open-data,,,,
1864,S250328ae,"https://gracedb.ligo.org/api/superevents/S250328ae/files/Bilby.multiorder.fits,0",Sky Map,skymap-fits,,,,
1865,S250328ae,https://gwcat-data.s3.eu-north-1.amazonaws.com/png/,Skymaps,skymaps-plot,,,2026-01-18T22:29:45.709,"['moll', 'moll_pretty', 'moll_pretty_black', 'cartzoom', 'cartzoom_pretty', 'cart', 'moll_rot', 'cart_rot']"
1866,S250328ae,https://gwcat-data.s3.eu-north-1.amazonaws.com/png/,Skymaps,skymaps-thumb,,,2026-01-18T22:29:45.709,"['moll', 'moll_pretty', 'moll_pretty_black', 'cartzoom', 'cartzoom_pretty', 'cart', 'moll_rot', 'cart_rot']"
1867,S250328ae,https://gwcat-data.s3.eu-north-1.amazonaws.com/gravoscope/,Skymaps (plain),skymaps-plain,,,2026-01-18T22:29:45.712,"['gal_8192', 'eq_8192', 'eq_4096']"
1868,S250328ae,https://gracedb.ligo.org/api/superevents/S250328ae/,GraceDB data,open-data,,,,
1869,S250331o,https://gracedb.ligo.org/api/superevents/S250331o/,GraceDB data,open-data,,,,
1870,S250331o,"https://gracedb.ligo.org/api/superevents/S250331o/files/Bilby.multiorder.fits,0",Sky Map,skymap-fits,,,,
1871,S250331o,https://gwcat-data.s3.eu-north-1.amazonaws.com/png/,Skymaps,skymaps-plot,,,2026-01-18T22:29:45.713,"['moll', 'moll_pretty', 'moll_pretty_black', 'cartzoom', 'cartzoom_pretty', 'cart', 'moll_rot', 'cart_rot']"
1872,S250331o,https://gwcat-data.s3.eu-north-1.amazonaws.com/png/,Skymaps,skymaps-thumb,,,2026-01-18T22:29:45.714,"['moll', 'moll_pretty', 'moll_pretty_black', 'cartzoom', 'cartzoom_pretty', 'cart', 'moll_rot', 'cart_rot']"
1873,S250331o,https://gwcat-data.s3.eu-north-1.amazonaws.com/gravoscope/,Skymaps (plain),skymaps-plain,,,2026-01-18T22:29:45.717,"['gal_8192', 'eq_8192', 'eq_4096']"
1874,S250331o,https://gracedb.ligo.org/api/superevents/S250331o/,GraceDB data,open-data,,,,
1875,S250726ak,https://gracedb.ligo.org/api/superevents/S250726ak/,GraceDB data,open-data,,,,
1876,S250726ak,"https://gracedb.ligo.org/api/superevents/S250726ak/files/Bilby.multiorder.fits,0",Sky Map,skymap-fits,,,,
1877,S250726ak,https://gwcat-data.s3.eu-north-1.amazonaws.com/png/,Skymaps,skymaps-plot,,,2026-01-18T22:29:45.723,"['moll', 'moll_pretty', 'moll_pretty_black', 'cartzoom', 'cartzoom_pretty', 'cart', 'moll_rot', 'cart_rot']"
1878,S250726ak,https://gwcat-data.s3.eu-north-1.amazonaws.com/png/,Skymaps,skymaps-thumb,,,2026-01-18T22:29:45.724,"['moll', 'moll_pretty', 'moll_pretty_black', 'cartzoom', 'cartzoom_pretty', 'cart', 'moll_rot', 'cart_rot']"
1879,S250726ak,https://gwcat-data.s3.eu-north-1.amazonaws.com/gravoscope/,Skymaps (plain),skymaps-plain,,,2026-01-18T22:29:45.726,"['gal_8192', 'eq_8192', 'eq_4096']"
1880,S250726ak,https://gracedb.ligo.org/api/superevents/S250726ak/,GraceDB data,open-data,,,,
1881,S250725l,https://gracedb.ligo.org/api/superevents/S250725l/,GraceDB data,open-data,,,,
1882,S250725l,"https://gracedb.ligo.org/api/superevents/S250725l/files/Bilby.offline0.multiorder.fits,0",Sky Map,skymap-fits,,,,
1883,S250725l,https://gwcat-data.s3.eu-north-1.amazonaws.com/png/,Skymaps,skymaps-plot,,,2026-01-18T22:29:45.728,"['moll', 'moll_pretty', 'moll_pretty_black', 'cartzoom', 'cartzoom_pretty', 'cart', 'moll_rot', 'cart_rot']"
1884,S250725l,https://gwcat-data.s3.eu-north-1.amazonaws.com/png/,Skymaps,skymaps-thumb,,,2026-01-18T22:29:45.728,"['moll', 'moll_pretty', 'moll_pretty_black', 'cartzoom', 'cartzoom_pretty', 'cart', 'moll_rot', 'cart_rot']"
1885,S250725l,https://gwcat-data.s3.eu-north-1.amazonaws.com/gravoscope/,Skymaps (plain),skymaps-plain,,,2026-01-18T22:29:45.731,"['gal_8192', 'eq_8192', 'eq_4096']"
1886,S250725l,https://gracedb.ligo.org/api/superevents/S250725l/,GraceDB data,open-data,,,,
1887,S250725j,https://gracedb.ligo.org/api/superevents/S250725j/,GraceDB data,open-data,,,,
1888,S250725j,"https://gracedb.ligo.org/api/superevents/S250725j/files/Bilby.multiorder.fits,0",Sky Map,skymap-fits,,,,
1889,S250725j,https://gwcat-data.s3.eu-north-1.amazonaws.com/png/,Skymaps,skymaps-plot,,,2026-01-18T22:29:45.733,"['moll', 'moll_pretty', 'moll_pretty_black', 'cartzoom', 'cartzoom_pretty', 'cart', 'moll_rot', 'cart_rot']"
1890,S250725j,https://gwcat-data.s3.eu-north-1.amazonaws.com/png/,Skymaps,skymaps-thumb,,,2026-01-18T22:29:45.733,"['moll', 'moll_pretty', 'moll_pretty_black', 'cartzoom', 'cartzoom_pretty', 'cart', 'moll_rot', 'cart_rot']"
1891,S250725j,https://gwcat-data.s3.eu-north-1.amazonaws.com/gravoscope/,Skymaps (plain),skymaps-plain,,,2026-01-18T22:29:45.736,"['gal_8192', 'eq_8192', 'eq_4096']"
1892,S250712cd,https://gracedb.ligo.org/api/superevents/S250712cd/,GraceDB data,open-data,,,,
1893,S250712cd,"https://gracedb.ligo.org/api/superevents/S250712cd/files/Bilby.multiorder.fits,0",Sky Map,skymap-fits,,,,
1894,S250712cd,https://gwcat-data.s3.eu-north-1.amazonaws.com/png/,Skymaps,skymaps-plot,,,2026-01-18T22:29:45.738,"['moll', 'moll_pretty', 'moll_pretty_black', 'cartzoom', 'cartzoom_pretty', 'cart', 'moll_rot', 'cart_rot']"
1895,S250712cd,https://gwcat-data.s3.eu-north-1.amazonaws.com/png/,Skymaps,skymaps-thumb,,,2026-01-18T22:29:45.738,"['moll', 'moll_pretty', 'moll_pretty_black', 'cartzoom', 'cartzoom_pretty', 'cart', 'moll_rot', 'cart_rot']"
1896,S250712cd,https://gwcat-data.s3.eu-north-1.amazonaws.com/gravoscope/,Skymaps (plain),skymaps-plain,,,2026-01-18T22:29:45.741,"['gal_8192', 'eq_8192', 'eq_4096']"
1897,S250711q,https://gracedb.ligo.org/api/superevents/S250711q/,GraceDB data,open-data,,,,
1898,S250711q,"https://gracedb.ligo.org/api/superevents/S250711q/files/Bilby.offline1.multiorder.fits,0",Sky Map,skymap-fits,,,,
1899,S250711q,https://gwcat-data.s3.eu-north-1.amazonaws.com/png/,Skymaps,skymaps-plot,,,2026-01-18T22:29:45.743,"['moll', 'moll_pretty', 'moll_pretty_black', 'cartzoom', 'cartzoom_pretty', 'cart', 'moll_rot', 'cart_rot']"
1900,S250711q,https://gwcat-data.s3.eu-north-1.amazonaws.com/png/,Skymaps,skymaps-thumb,,,2026-01-18T22:29:45.743,"['moll', 'moll_pretty', 'moll_pretty_black', 'cartzoom', 'cartzoom_pretty', 'cart', 'moll_rot', 'cart_rot']"
1901,S250711q,https://gwcat-data.s3.eu-north-1.amazonaws.com/gravoscope/,Skymaps (plain),skymaps-plain,,,2026-01-18T22:29:45.745,"['gal_8192', 'eq_8192', 'eq_4096']"
1902,S250705cb,https://gracedb.ligo.org/api/superevents/S250705cb/,GraceDB data,open-data,,,,
1903,S250705cb,"https://gracedb.ligo.org/api/superevents/S250705cb/files/Bilby.multiorder.fits,0",Sky Map,skymap-fits,,,,
1904,S250705cb,https://gwcat-data.s3.eu-north-1.amazonaws.com/png/,Skymaps,skymaps-plot,,,2026-01-18T22:29:45.747,"['moll', 'moll_pretty', 'moll_pretty_black', 'cartzoom', 'cartzoom_pretty', 'cart', 'moll_rot', 'cart_rot']"
1905,S250705cb,https://gwcat-data.s3.eu-north-1.amazonaws.com/png/,Skymaps,skymaps-thumb,,,2026-01-18T22:29:45.748,"['moll', 'moll_pretty', 'moll_pretty_black', 'cartzoom', 'cartzoom_pretty', 'cart', 'moll_rot', 'cart_rot']"
1906,S250705cb,https://gwcat-data.s3.eu-north-1.amazonaws.com/gravoscope/,Skymaps (plain),skymaps-plain,,,2026-01-18T22:29:45.751,"['gal_8192', 'eq_8192', 'eq_4096']"
1907,S250704ab,https://gracedb.ligo.org/api/superevents/S250704ab/,GraceDB data,open-data,,,,
1908,S250704ab,"https://gracedb.ligo.org/api/superevents/S250704ab/files/Bilby.multiorder.fits,0",Sky Map,skymap-fits,,,,
1909,S250704ab,https://gwcat-data.s3.eu-north-1.amazonaws.com/png/,Skymaps,skymaps-plot,,,2026-01-18T22:29:45.752,"['moll', 'moll_pretty', 'moll_pretty_black', 'cartzoom', 'cartzoom_pretty', 'cart', 'moll_rot', 'cart_rot']"
1910,S250704ab,https://gwcat-data.s3.eu-north-1.amazonaws.com/png/,Skymaps,skymaps-thumb,,,2026-01-18T22:29:45.753,"['moll', 'moll_pretty', 'moll_pretty_black', 'cartzoom', 'cartzoom_pretty', 'cart', 'moll_rot', 'cart_rot']"
1911,S250704ab,https://gwcat-data.s3.eu-north-1.amazonaws.com/gravoscope/,Skymaps (plain),skymaps-plain,,,2026-01-18T22:29:45.755,"['gal_8192', 'eq_8192', 'eq_4096']"
1912,S250702n,https://gracedb.ligo.org/api/superevents/S250702n/,GraceDB data,open-data,,,,
1913,S250702n,"https://gracedb.ligo.org/api/superevents/S250702n/files/Bilby.multiorder.fits,0",Sky Map,skymap-fits,,,,
1914,S250702n,https://gwcat-data.s3.eu-north-1.amazonaws.com/png/,Skymaps,skymaps-plot,,,2026-01-18T22:29:45.757,"['moll', 'moll_pretty', 'moll_pretty_black', 'cartzoom', 'cartzoom_pretty', 'cart', 'moll_rot', 'cart_rot']"
1915,S250702n,https://gwcat-data.s3.eu-north-1.amazonaws.com/png/,Skymaps,skymaps-thumb,,,2026-01-18T22:29:45.758,"['moll', 'moll_pretty', 'moll_pretty_black', 'cartzoom', 'cartzoom_pretty', 'cart', 'moll_rot', 'cart_rot']"
1916,S250702n,https://gwcat-data.s3.eu-north-1.amazonaws.com/gravoscope/,Skymaps (plain),skymaps-plain,,,2026-01-18T22:29:45.760,"['gal_8192', 'eq_8192', 'eq_4096']"
1917,S250701bq,https://gracedb.ligo.org/api/superevents/S250701bq/,GraceDB data,open-data,,,,
1918,S250701bq,"https://gracedb.ligo.org/api/superevents/S250701bq/files/Bilby.multiorder.fits,0",Sky Map,skymap-fits,,,,
1919,S250701bq,https://gwcat-data.s3.eu-north-1.amazonaws.com/png/,Skymaps,skymaps-plot,,,2026-01-18T22:29:45.762,"['moll', 'moll_pretty', 'moll_pretty_black', 'cartzoom', 'cartzoom_pretty', 'cart', 'moll_rot', 'cart_rot']"
1920,S250701bq,https://gwcat-data.s3.eu-north-1.amazonaws.com/png/,Skymaps,skymaps-thumb,,,2026-01-18T22:29:45.762,"['moll', 'moll_pretty', 'moll_pretty_black', 'cartzoom', 'cartzoom_pretty', 'cart', 'moll_rot', 'cart_rot']"
1921,S250701bq,https://gwcat-data.s3.eu-north-1.amazonaws.com/gravoscope/,Skymaps (plain),skymaps-plain,,,2026-01-18T22:29:45.765,"['gal_8192', 'eq_8192', 'eq_4096']"
1922,S250701bp,https://gracedb.ligo.org/api/superevents/S250701bp/,GraceDB data,open-data,,,,
1923,S250701bp,"https://gracedb.ligo.org/api/superevents/S250701bp/files/Bilby.multiorder.fits,0",Sky Map,skymap-fits,,,,
1924,S250701bp,https://gwcat-data.s3.eu-north-1.amazonaws.com/png/,Skymaps,skymaps-plot,,,2026-01-18T22:29:45.767,"['moll', 'moll_pretty', 'moll_pretty_black', 'cartzoom', 'cartzoom_pretty', 'cart', 'moll_rot', 'cart_rot']"
1925,S250701bp,https://gwcat-data.s3.eu-north-1.amazonaws.com/png/,Skymaps,skymaps-thumb,,,2026-01-18T22:29:45.767,"['moll', 'moll_pretty', 'moll_pretty_black', 'cartzoom', 'cartzoom_pretty', 'cart', 'moll_rot', 'cart_rot']"
1926,S250701bp,https://gwcat-data.s3.eu-north-1.amazonaws.com/gravoscope/,Skymaps (plain),skymaps-plain,,,2026-01-18T22:29:45.770,"['gal_8192', 'eq_8192', 'eq_4096']"
1927,S250629bs,https://gracedb.ligo.org/api/superevents/S250629bs/,GraceDB data,open-data,,,,
1928,S250629bs,"https://gracedb.ligo.org/api/superevents/S250629bs/files/Bilby.multiorder.fits,0",Sky Map,skymap-fits,,,,
1929,S250629bs,https://gwcat-data.s3.eu-north-1.amazonaws.com/png/,Skymaps,skymaps-plot,,,2026-01-18T22:29:45.772,"['moll', 'moll_pretty', 'moll_pretty_black', 'cartzoom', 'cartzoom_pretty', 'cart', 'moll_rot', 'cart_rot']"
1930,S250629bs,https://gwcat-data.s3.eu-north-1.amazonaws.com/png/,Skymaps,skymaps-thumb,,,2026-01-18T22:29:45.772,"['moll', 'moll_pretty', 'moll_pretty_black', 'cartzoom', 'cartzoom_pretty', 'cart', 'moll_rot', 'cart_rot']"
1931,S250629bs,https://gwcat-data.s3.eu-north-1.amazonaws.com/gravoscope/,Skymaps (plain),skymaps-plain,,,2026-01-18T22:29:45.775,"['gal_8192', 'eq_8192', 'eq_4096']"
1932,S250629ae,https://gracedb.ligo.org/api/superevents/S250629ae/,GraceDB data,open-data,,,,
1933,S250629ae,"https://gracedb.ligo.org/api/superevents/S250629ae/files/Bilby.multiorder.fits,0",Sky Map,skymap-fits,,,,
1934,S250629ae,https://gwcat-data.s3.eu-north-1.amazonaws.com/png/,Skymaps,skymaps-plot,,,2026-01-18T22:29:45.776,"['moll', 'moll_pretty', 'moll_pretty_black', 'cartzoom', 'cartzoom_pretty', 'cart', 'moll_rot', 'cart_rot']"
1935,S250629ae,https://gwcat-data.s3.eu-north-1.amazonaws.com/png/,Skymaps,skymaps-thumb,,,2026-01-18T22:29:45.777,"['moll', 'moll_pretty', 'moll_pretty_black', 'cartzoom', 'cartzoom_pretty', 'cart', 'moll_rot', 'cart_rot']"
1936,S250629ae,https://gwcat-data.s3.eu-north-1.amazonaws.com/gravoscope/,Skymaps (plain),skymaps-plain,,,2026-01-18T22:29:45.779,"['gal_8192', 'eq_8192', 'eq_4096']"
1937,S250628am,https://gracedb.ligo.org/api/superevents/S250628am/,GraceDB data,open-data,,,,
1938,S250628am,"https://gracedb.ligo.org/api/superevents/S250628am/files/Bilby.multiorder.fits,0",Sky Map,skymap-fits,,,,
1939,S250628am,https://gwcat-data.s3.eu-north-1.amazonaws.com/png/,Skymaps,skymaps-plot,,,2026-01-18T22:29:45.781,"['moll', 'moll_pretty', 'moll_pretty_black', 'cartzoom', 'cartzoom_pretty', 'cart', 'moll_rot', 'cart_rot']"
1940,S250628am,https://gwcat-data.s3.eu-north-1.amazonaws.com/png/,Skymaps,skymaps-thumb,,,2026-01-18T22:29:45.782,"['moll', 'moll_pretty', 'moll_pretty_black', 'cartzoom', 'cartzoom_pretty', 'cart', 'moll_rot', 'cart_rot']"
1941,S250628am,https://gwcat-data.s3.eu-north-1.amazonaws.com/gravoscope/,Skymaps (plain),skymaps-plain,,,2026-01-18T22:29:45.784,"['gal_8192', 'eq_8192', 'eq_4096']"
1942,S250802dn,https://gracedb.ligo.org/api/superevents/S250802dn/,GraceDB data,open-data,,,,
1943,S250802dn,"https://gracedb.ligo.org/api/superevents/S250802dn/files/Bilby.multiorder.fits,0",Sky Map,skymap-fits,,,,
1944,S250802dn,https://gwcat-data.s3.eu-north-1.amazonaws.com/png/,Skymaps,skymaps-plot,,,2026-01-18T22:29:45.786,"['moll', 'moll_pretty', 'moll_pretty_black', 'cartzoom', 'cartzoom_pretty', 'cart', 'moll_rot', 'cart_rot']"
1945,S250802dn,https://gwcat-data.s3.eu-north-1.amazonaws.com/png/,Skymaps,skymaps-thumb,,,2026-01-18T22:29:45.787,"['moll', 'moll_pretty', 'moll_pretty_black', 'cartzoom', 'cartzoom_pretty', 'cart', 'moll_rot', 'cart_rot']"
1946,S250802dn,https://gwcat-data.s3.eu-north-1.amazonaws.com/gravoscope/,Skymaps (plain),skymaps-plain,,,2026-01-18T22:29:45.789,"['gal_8192', 'eq_8192', 'eq_4096']"
1947,S250727dc,https://gracedb.ligo.org/api/superevents/S250727dc/,GraceDB data,open-data,,,,
1948,S250727dc,"https://gracedb.ligo.org/api/superevents/S250727dc/files/Bilby.offline0.multiorder.fits,0",Sky Map,skymap-fits,,,,
1949,S250727dc,https://gwcat-data.s3.eu-north-1.amazonaws.com/png/,Skymaps,skymaps-plot,,,2026-01-18T22:29:45.791,"['moll', 'moll_pretty', 'moll_pretty_black', 'cartzoom', 'cartzoom_pretty', 'cart', 'moll_rot', 'cart_rot']"
1950,S250727dc,https://gwcat-data.s3.eu-north-1.amazonaws.com/png/,Skymaps,skymaps-thumb,,,2026-01-18T22:29:45.791,"['moll', 'moll_pretty', 'moll_pretty_black', 'cartzoom', 'cartzoom_pretty', 'cart', 'moll_rot', 'cart_rot']"
1951,S250727dc,https://gwcat-data.s3.eu-north-1.amazonaws.com/gravoscope/,Skymaps (plain),skymaps-plain,,,2026-01-18T22:29:45.794,"['gal_8192', 'eq_8192', 'eq_4096']"
1952,S250727cl,https://gracedb.ligo.org/api/superevents/S250727cl/,GraceDB data,open-data,,,,
1953,S250727cl,"https://gracedb.ligo.org/api/superevents/S250727cl/files/Bilby.multiorder.fits,0",Sky Map,skymap-fits,,,,
1954,S250727cl,https://gwcat-data.s3.eu-north-1.amazonaws.com/png/,Skymaps,skymaps-plot,,,2026-01-18T22:29:45.796,"['moll', 'moll_pretty', 'moll_pretty_black', 'cartzoom', 'cartzoom_pretty', 'cart', 'moll_rot', 'cart_rot']"
1955,S250727cl,https://gwcat-data.s3.eu-north-1.amazonaws.com/png/,Skymaps,skymaps-thumb,,,2026-01-18T22:29:45.796,"['moll', 'moll_pretty', 'moll_pretty_black', 'cartzoom', 'cartzoom_pretty', 'cart', 'moll_rot', 'cart_rot']"
1956,S250727cl,https://gwcat-data.s3.eu-north-1.amazonaws.com/gravoscope/,Skymaps (plain),skymaps-plain,,,2026-01-18T22:29:45.799,"['gal_8192', 'eq_8192', 'eq_4096']"
1957,S250827fo,https://gracedb.ligo.org/api/superevents/S250827fo/,GraceDB data,open-data,,,,
1958,S250827fo,"https://gracedb.ligo.org/api/superevents/S250827fo/files/Bilby.multiorder.fits,0",Sky Map,skymap-fits,,,,
1959,S250827fo,https://gracedb.ligo.org/api/superevents/S250827fo/,GraceDB data,open-data,,,,
1960,S250827fo,https://gwcat-data.s3.eu-north-1.amazonaws.com/png/,Skymaps,skymaps-plot,,,2026-01-18T22:29:45.800,"['moll', 'moll_pretty', 'moll_pretty_black', 'cartzoom', 'cartzoom_pretty', 'cart', 'moll_rot', 'cart_rot']"
1961,S250827fo,https://gwcat-data.s3.eu-north-1.amazonaws.com/png/,Skymaps,skymaps-thumb,,,2026-01-18T22:29:45.801,"['moll', 'moll_pretty', 'moll_pretty_black', 'cartzoom', 'cartzoom_pretty', 'cart', 'moll_rot', 'cart_rot']"
1962,S250827fo,https://gwcat-data.s3.eu-north-1.amazonaws.com/gravoscope/,Skymaps (plain),skymaps-plain,,,2026-01-18T22:29:45.804,"['gal_8192', 'eq_8192', 'eq_4096']"
1963,S250827l,https://gracedb.ligo.org/api/superevents/S250827l/,GraceDB data,open-data,,,,
1964,S250827l,"https://gracedb.ligo.org/api/superevents/S250827l/files/Bilby.multiorder.fits,0",Sky Map,skymap-fits,,,,
1965,S250827l,https://gwcat-data.s3.eu-north-1.amazonaws.com/png/,Skymaps,skymaps-plot,,,2026-01-18T22:29:45.805,"['moll', 'moll_pretty', 'moll_pretty_black', 'cartzoom', 'cartzoom_pretty', 'cart', 'moll_rot', 'cart_rot']"
1966,S250827l,https://gwcat-data.s3.eu-north-1.amazonaws.com/png/,Skymaps,skymaps-thumb,,,2026-01-18T22:29:45.806,"['moll', 'moll_pretty', 'moll_pretty_black', 'cartzoom', 'cartzoom_pretty', 'cart', 'moll_rot', 'cart_rot']"
1967,S250827l,https://gwcat-data.s3.eu-north-1.amazonaws.com/gravoscope/,Skymaps (plain),skymaps-plain,,,2026-01-18T22:29:45.808,"['gal_8192', 'eq_8192', 'eq_4096']"
1968,S250818t,https://gracedb.ligo.org/api/superevents/S250818t/,GraceDB data,open-data,,,,
1969,S250818t,"https://gracedb.ligo.org/api/superevents/S250818t/files/Bilby.multiorder.fits,0",Sky Map,skymap-fits,,,,
1970,S250818t,https://gwcat-data.s3.eu-north-1.amazonaws.com/png/,Skymaps,skymaps-plot,,,2026-01-18T22:29:45.810,"['moll', 'moll_pretty', 'moll_pretty_black', 'cartzoom', 'cartzoom_pretty', 'cart', 'moll_rot', 'cart_rot']"
1971,S250818t,https://gwcat-data.s3.eu-north-1.amazonaws.com/png/,Skymaps,skymaps-thumb,,,2026-01-18T22:29:45.810,"['moll', 'moll_pretty', 'moll_pretty_black', 'cartzoom', 'cartzoom_pretty', 'cart', 'moll_rot', 'cart_rot']"
1972,S250818t,https://gwcat-data.s3.eu-north-1.amazonaws.com/gravoscope/,Skymaps (plain),skymaps-plain,,,2026-01-18T22:29:45.813,"['gal_8192', 'eq_8192', 'eq_4096']"
1973,S250818k,https://gracedb.ligo.org/api/superevents/S250818k/,GraceDB data,open-data,,,,
1974,S250818k,"https://gracedb.ligo.org/api/superevents/S250818k/files/Bilby.offline0.multiorder.fits,0",Sky Map,skymap-fits,,,,
1975,S250818k,https://gwcat-data.s3.eu-north-1.amazonaws.com/png/,Skymaps,skymaps-plot,,,2026-01-18T22:29:45.815,"['moll', 'moll_pretty', 'moll_pretty_black', 'cartzoom', 'cartzoom_pretty', 'cart', 'moll_rot', 'cart_rot']"
1976,S250818k,https://gwcat-data.s3.eu-north-1.amazonaws.com/png/,Skymaps,skymaps-thumb,,,2026-01-18T22:29:45.815,"['moll', 'moll_pretty', 'moll_pretty_black', 'cartzoom', 'cartzoom_pretty', 'cart', 'moll_rot', 'cart_rot']"
1977,S250818k,https://gwcat-data.s3.eu-north-1.amazonaws.com/gravoscope/,Skymaps (plain),skymaps-plain,,,2026-01-18T22:29:45.818,"['gal_8192', 'eq_8192', 'eq_4096']"
1978,S250813k,https://gracedb.ligo.org/api/superevents/S250813k/,GraceDB data,open-data,,,,
1979,S250813k,"https://gracedb.ligo.org/api/superevents/S250813k/files/Bilby.multiorder.fits,0",Sky Map,skymap-fits,,,,
1980,S250813k,https://gwcat-data.s3.eu-north-1.amazonaws.com/png/,Skymaps,skymaps-plot,,,2026-01-18T22:29:45.819,"['moll', 'moll_pretty', 'moll_pretty_black', 'cartzoom', 'cartzoom_pretty', 'cart', 'moll_rot', 'cart_rot']"
1981,S250813k,https://gwcat-data.s3.eu-north-1.amazonaws.com/png/,Skymaps,skymaps-thumb,,,2026-01-18T22:29:45.820,"['moll', 'moll_pretty', 'moll_pretty_black', 'cartzoom', 'cartzoom_pretty', 'cart', 'moll_rot', 'cart_rot']"
1982,S250813k,https://gwcat-data.s3.eu-north-1.amazonaws.com/gravoscope/,Skymaps (plain),skymaps-plain,,,2026-01-18T22:29:45.823,"['gal_8192', 'eq_8192', 'eq_4096']"
1983,S250810ck,https://gracedb.ligo.org/api/superevents/S250810ck/,GraceDB data,open-data,,,,
1984,S250810ck,"https://gracedb.ligo.org/api/superevents/S250810ck/files/Bilby.multiorder.fits,0",Sky Map,skymap-fits,,,,
1985,S250810ck,https://gwcat-data.s3.eu-north-1.amazonaws.com/png/,Skymaps,skymaps-plot,,,2026-01-18T22:29:45.825,"['moll', 'moll_pretty', 'moll_pretty_black', 'cartzoom', 'cartzoom_pretty', 'cart', 'moll_rot', 'cart_rot']"
1986,S250810ck,https://gwcat-data.s3.eu-north-1.amazonaws.com/png/,Skymaps,skymaps-thumb,,,2026-01-18T22:29:45.825,"['moll', 'moll_pretty', 'moll_pretty_black', 'cartzoom', 'cartzoom_pretty', 'cart', 'moll_rot', 'cart_rot']"
1987,S250810ck,https://gwcat-data.s3.eu-north-1.amazonaws.com/gravoscope/,Skymaps (plain),skymaps-plain,,,2026-01-18T22:29:45.827,"['gal_8192', 'eq_8192', 'eq_4096']"
1988,S250906ca,https://gracedb.ligo.org/api/superevents/S250906ca/,GraceDB data,open-data,,,,
1989,S250906ca,"https://gracedb.ligo.org/api/superevents/S250906ca/files/Bilby.multiorder.fits,0",Sky Map,skymap-fits,,,,
1990,S250906ca,https://gwcat-data.s3.eu-north-1.amazonaws.com/png/,Skymaps,skymaps-plot,,,2026-01-18T22:29:46.237,"['moll', 'moll_pretty', 'moll_pretty_black', 'cartzoom', 'cartzoom_pretty', 'cart', 'moll_rot', 'cart_rot']"
1991,S250906ca,https://gwcat-data.s3.eu-north-1.amazonaws.com/png/,Skymaps,skymaps-thumb,,,2026-01-18T22:29:46.237,"['moll', 'moll_pretty', 'moll_pretty_black', 'cartzoom', 'cartzoom_pretty', 'cart', 'moll_rot', 'cart_rot']"
1992,S250906ca,https://gwcat-data.s3.eu-north-1.amazonaws.com/gravoscope/,Skymaps (plain),skymaps-plain,,,2026-01-18T22:29:46.240,"['gal_8192', 'eq_8192', 'eq_4096']"
1993,S250906ca,https://gracedb.ligo.org/api/superevents/S250906ca/,GraceDB data,open-data,,,,
1994,S250904cv,https://gracedb.ligo.org/api/superevents/S250904cv/,GraceDB data,open-data,,,,
1995,S250904cv,"https://gracedb.ligo.org/api/superevents/S250904cv/files/Bilby.multiorder.fits,0",Sky Map,skymap-fits,,,,
1996,S250904cv,https://gwcat-data.s3.eu-north-1.amazonaws.com/png/,Skymaps,skymaps-plot,,,2026-01-18T22:29:46.241,"['moll', 'moll_pretty', 'moll_pretty_black', 'cartzoom', 'cartzoom_pretty', 'cart', 'moll_rot', 'cart_rot']"
1997,S250904cv,https://gwcat-data.s3.eu-north-1.amazonaws.com/png/,Skymaps,skymaps-thumb,,,2026-01-18T22:29:46.242,"['moll', 'moll_pretty', 'moll_pretty_black', 'cartzoom', 'cartzoom_pretty', 'cart', 'moll_rot', 'cart_rot']"
1998,S250904cv,https://gwcat-data.s3.eu-north-1.amazonaws.com/gravoscope/,Skymaps (plain),skymaps-plain,,,2026-01-18T22:29:46.244,"['gal_8192', 'eq_8192', 'eq_4096']"
1999,S250904br,https://gracedb.ligo.org/api/superevents/S250904br/,GraceDB data,open-data,,,,
2000,S250904br,"https://gracedb.ligo.org/api/superevents/S250904br/files/Bilby.multiorder.fits,0",Sky Map,skymap-fits,,,,
2001,S250904br,https://gwcat-data.s3.eu-north-1.amazonaws.com/png/,Skymaps,skymaps-plot,,,2026-01-18T22:29:46.246,"['moll', 'moll_pretty', 'moll_pretty_black', 'cartzoom', 'cartzoom_pretty', 'cart', 'moll_rot', 'cart_rot']"
2002,S250904br,https://gwcat-data.s3.eu-north-1.amazonaws.com/png/,Skymaps,skymaps-thumb,,,2026-01-18T22:29:46.246,"['moll', 'moll_pretty', 'moll_pretty_black', 'cartzoom', 'cartzoom_pretty', 'cart', 'moll_rot', 'cart_rot']"
2003,S250904br,https://gwcat-data.s3.eu-north-1.amazonaws.com/gravoscope/,Skymaps (plain),skymaps-plain,,,2026-01-18T22:29:46.249,"['gal_8192', 'eq_8192', 'eq_4096']"
2004,S250904ae,https://gracedb.ligo.org/api/superevents/S250904ae/,GraceDB data,open-data,,,,
2005,S250904ae,"https://gracedb.ligo.org/api/superevents/S250904ae/files/Bilby.multiorder.fits,0",Sky Map,skymap-fits,,,,
2006,S250904ae,https://gwcat-data.s3.eu-north-1.amazonaws.com/png/,Skymaps,skymaps-plot,,,2026-01-18T22:29:46.251,"['moll', 'moll_pretty', 'moll_pretty_black', 'cartzoom', 'cartzoom_pretty', 'cart', 'moll_rot', 'cart_rot']"
2007,S250904ae,https://gwcat-data.s3.eu-north-1.amazonaws.com/png/,Skymaps,skymaps-thumb,,,2026-01-18T22:29:46.252,"['moll', 'moll_pretty', 'moll_pretty_black', 'cartzoom', 'cartzoom_pretty', 'cart', 'moll_rot', 'cart_rot']"
2008,S250904ae,https://gwcat-data.s3.eu-north-1.amazonaws.com/gravoscope/,Skymaps (plain),skymaps-plain,,,2026-01-18T22:29:46.254,"['gal_8192', 'eq_8192', 'eq_4096']"
2009,S250901cb,https://gracedb.ligo.org/api/superevents/S250901cb/,GraceDB data,open-data,,,,
2010,S250901cb,"https://gracedb.ligo.org/api/superevents/S250901cb/files/Bilby.multiorder.fits,0",Sky Map,skymap-fits,,,,
2011,S250901cb,https://gwcat-data.s3.eu-north-1.amazonaws.com/png/,Skymaps,skymaps-plot,,,2026-01-18T22:29:46.256,"['moll', 'moll_pretty', 'moll_pretty_black', 'cartzoom', 'cartzoom_pretty', 'cart', 'moll_rot', 'cart_rot']"
2012,S250901cb,https://gwcat-data.s3.eu-north-1.amazonaws.com/png/,Skymaps,skymaps-thumb,,,2026-01-18T22:29:46.256,"['moll', 'moll_pretty', 'moll_pretty_black', 'cartzoom', 'cartzoom_pretty', 'cart', 'moll_rot', 'cart_rot']"
2013,S250901cb,https://gwcat-data.s3.eu-north-1.amazonaws.com/gravoscope/,Skymaps (plain),skymaps-plain,,,2026-01-18T22:29:46.259,"['gal_8192', 'eq_8192', 'eq_4096']"
2014,S250830bp,https://gracedb.ligo.org/api/superevents/S250830bp/,GraceDB data,open-data,,,,
2015,S250830bp,"https://gracedb.ligo.org/api/superevents/S250830bp/files/Bilby.multiorder.fits,0",Sky Map,skymap-fits,,,,
2016,S250830bp,https://gwcat-data.s3.eu-north-1.amazonaws.com/png/,Skymaps,skymaps-plot,,,2026-01-18T22:29:46.261,"['moll', 'moll_pretty', 'moll_pretty_black', 'cartzoom', 'cartzoom_pretty', 'cart', 'moll_rot', 'cart_rot']"
2017,S250830bp,https://gwcat-data.s3.eu-north-1.amazonaws.com/png/,Skymaps,skymaps-thumb,,,2026-01-18T22:29:46.261,"['moll', 'moll_pretty', 'moll_pretty_black', 'cartzoom', 'cartzoom_pretty', 'cart', 'moll_rot', 'cart_rot']"
2018,S250830bp,https://gwcat-data.s3.eu-north-1.amazonaws.com/gravoscope/,Skymaps (plain),skymaps-plain,,,2026-01-18T22:29:46.264,"['gal_8192', 'eq_8192', 'eq_4096']"
2019,S250830m,https://gracedb.ligo.org/api/superevents/S250830m/,GraceDB data,open-data,,,,
2020,S250830m,"https://gracedb.ligo.org/api/superevents/S250830m/files/Bilby.multiorder.fits,0",Sky Map,skymap-fits,,,,
2021,S250830m,https://gwcat-data.s3.eu-north-1.amazonaws.com/png/,Skymaps,skymaps-plot,,,2026-01-18T22:29:46.266,"['moll', 'moll_pretty', 'moll_pretty_black', 'cartzoom', 'cartzoom_pretty', 'cart', 'moll_rot', 'cart_rot']"
2022,S250830m,https://gwcat-data.s3.eu-north-1.amazonaws.com/png/,Skymaps,skymaps-thumb,,,2026-01-18T22:29:46.266,"['moll', 'moll_pretty', 'moll_pretty_black', 'cartzoom', 'cartzoom_pretty', 'cart', 'moll_rot', 'cart_rot']"
2023,S250830m,https://gwcat-data.s3.eu-north-1.amazonaws.com/gravoscope/,Skymaps (plain),skymaps-plain,,,2026-01-18T22:29:46.269,"['gal_8192', 'eq_8192', 'eq_4096']"
2024,S250912f,https://gracedb.ligo.org/api/superevents/S250912f/,GraceDB data,open-data,,,,
2025,S250912f,"https://gracedb.ligo.org/api/superevents/S250912f/files/Bilby.multiorder.fits,0",Sky Map,skymap-fits,,,,
2026,S250912f,https://gwcat-data.s3.eu-north-1.amazonaws.com/png/,Skymaps,skymaps-plot,,,2026-01-18T22:29:46.270,"['moll', 'moll_pretty', 'moll_pretty_black', 'cartzoom', 'cartzoom_pretty', 'cart', 'moll_rot', 'cart_rot']"
2027,S250912f,https://gwcat-data.s3.eu-north-1.amazonaws.com/png/,Skymaps,skymaps-thumb,,,2026-01-18T22:29:46.271,"['moll', 'moll_pretty', 'moll_pretty_black', 'cartzoom', 'cartzoom_pretty', 'cart', 'moll_rot', 'cart_rot']"
2028,S250912f,https://gwcat-data.s3.eu-north-1.amazonaws.com/gravoscope/,Skymaps (plain),skymaps-plain,,,2026-01-18T22:29:46.273,"['gal_8192', 'eq_8192', 'eq_4096']"
2029,S250911ac,https://gracedb.ligo.org/api/superevents/S250911ac/,GraceDB data,open-data,,,,
2030,S250911ac,"https://gracedb.ligo.org/api/superevents/S250911ac/files/Bilby.offline0.multiorder.fits,0",Sky Map,skymap-fits,,,,
2031,S250911ac,https://gwcat-data.s3.eu-north-1.amazonaws.com/png/,Skymaps,skymaps-plot,,,2026-01-18T22:29:46.275,"['moll', 'moll_pretty', 'moll_pretty_black', 'cartzoom', 'cartzoom_pretty', 'cart', 'moll_rot', 'cart_rot']"
2032,S250911ac,https://gwcat-data.s3.eu-north-1.amazonaws.com/png/,Skymaps,skymaps-thumb,,,2026-01-18T22:29:46.275,"['moll', 'moll_pretty', 'moll_pretty_black', 'cartzoom', 'cartzoom_pretty', 'cart', 'moll_rot', 'cart_rot']"
2033,S250911ac,https://gwcat-data.s3.eu-north-1.amazonaws.com/gravoscope/,Skymaps (plain),skymaps-plain,,,2026-01-18T22:29:46.278,"['gal_8192', 'eq_8192', 'eq_4096']"
2034,S250908y,https://gracedb.ligo.org/api/superevents/S250908y/,GraceDB data,open-data,,,,
2035,S250908y,"https://gracedb.ligo.org/api/superevents/S250908y/files/Bilby.multiorder.fits,0",Sky Map,skymap-fits,,,,
2036,S250908y,https://gwcat-data.s3.eu-north-1.amazonaws.com/png/,Skymaps,skymaps-plot,,,2026-01-18T22:29:46.280,"['moll', 'moll_pretty', 'moll_pretty_black', 'cartzoom', 'cartzoom_pretty', 'cart', 'moll_rot', 'cart_rot']"
2037,S250908y,https://gwcat-data.s3.eu-north-1.amazonaws.com/png/,Skymaps,skymaps-thumb,,,2026-01-18T22:29:46.280,"['moll', 'moll_pretty', 'moll_pretty_black', 'cartzoom', 'cartzoom_pretty', 'cart', 'moll_rot', 'cart_rot']"
2038,S250908y,https://gwcat-data.s3.eu-north-1.amazonaws.com/gravoscope/,Skymaps (plain),skymaps-plain,,,2026-01-18T22:29:46.283,"['gal_8192', 'eq_8192', 'eq_4096']"
2039,S250929c,https://gracedb.ligo.org/api/superevents/S250929c/,GraceDB data,open-data,,,,
2040,S250929c,"https://gracedb.ligo.org/api/superevents/S250929c/files/Bilby.multiorder.fits,0",Sky Map,skymap-fits,,,,
2041,S250929c,https://gwcat-data.s3.eu-north-1.amazonaws.com/png/,Skymaps,skymaps-plot,,,2026-01-18T22:29:46.285,"['moll', 'moll_pretty', 'moll_pretty_black', 'cartzoom', 'cartzoom_pretty', 'cart', 'moll_rot', 'cart_rot']"
2042,S250929c,https://gwcat-data.s3.eu-north-1.amazonaws.com/png/,Skymaps,skymaps-thumb,,,2026-01-18T22:29:46.285,"['moll', 'moll_pretty', 'moll_pretty_black', 'cartzoom', 'cartzoom_pretty', 'cart', 'moll_rot', 'cart_rot']"
2043,S250929c,https://gwcat-data.s3.eu-north-1.amazonaws.com/gravoscope/,Skymaps (plain),skymaps-plain,,,2026-01-18T22:29:46.288,"['gal_8192', 'eq_8192', 'eq_4096']"
2044,S250927cy,https://gracedb.ligo.org/api/superevents/S250927cy/,GraceDB data,open-data,,,,
2045,S250927cy,"https://gracedb.ligo.org/api/superevents/S250927cy/files/Bilby.multiorder.fits,0",Sky Map,skymap-fits,,,,
2046,S250927cy,https://gwcat-data.s3.eu-north-1.amazonaws.com/png/,Skymaps,skymaps-plot,,,2026-01-18T22:29:46.289,"['moll', 'moll_pretty', 'moll_pretty_black', 'cartzoom', 'cartzoom_pretty', 'cart', 'moll_rot', 'cart_rot']"
2047,S250927cy,https://gwcat-data.s3.eu-north-1.amazonaws.com/png/,Skymaps,skymaps-thumb,,,2026-01-18T22:29:46.290,"['moll', 'moll_pretty', 'moll_pretty_black', 'cartzoom', 'cartzoom_pretty', 'cart', 'moll_rot', 'cart_rot']"
2048,S250927cy,https://gwcat-data.s3.eu-north-1.amazonaws.com/gravoscope/,Skymaps (plain),skymaps-plain,,,2026-01-18T22:29:46.292,"['gal_8192', 'eq_8192', 'eq_4096']"
2049,S250927ck,https://gracedb.ligo.org/api/superevents/S250927ck/,GraceDB data,open-data,,,,
2050,S250927ck,"https://gracedb.ligo.org/api/superevents/S250927ck/files/Bilby.multiorder.fits,0",Sky Map,skymap-fits,,,,
2051,S250927ck,https://gwcat-data.s3.eu-north-1.amazonaws.com/png/,Skymaps,skymaps-plot,,,2026-01-18T22:29:46.294,"['moll', 'moll_pretty', 'moll_pretty_black', 'cartzoom', 'cartzoom_pretty', 'cart', 'moll_rot', 'cart_rot']"
2052,S250927ck,https://gwcat-data.s3.eu-north-1.amazonaws.com/png/,Skymaps,skymaps-thumb,,,2026-01-18T22:29:46.295,"['moll', 'moll_pretty', 'moll_pretty_black', 'cartzoom', 'cartzoom_pretty', 'cart', 'moll_rot', 'cart_rot']"
2053,S250927ck,https://gwcat-data.s3.eu-north-1.amazonaws.com/gravoscope/,Skymaps (plain),skymaps-plain,,,2026-01-18T22:29:46.297,"['gal_8192', 'eq_8192', 'eq_4096']"
2054,S250917aq,https://gracedb.ligo.org/api/superevents/S250917aq/,GraceDB data,open-data,,,,
2055,S250917aq,"https://gracedb.ligo.org/api/superevents/S250917aq/files/Bilby.multiorder.fits,0",Sky Map,skymap-fits,,,,
2056,S250917aq,https://gwcat-data.s3.eu-north-1.amazonaws.com/png/,Skymaps,skymaps-plot,,,2026-01-18T22:29:46.299,"['moll', 'moll_pretty', 'moll_pretty_black', 'cartzoom', 'cartzoom_pretty', 'cart', 'moll_rot', 'cart_rot']"
2057,S250917aq,https://gwcat-data.s3.eu-north-1.amazonaws.com/png/,Skymaps,skymaps-thumb,,,2026-01-18T22:29:46.299,"['moll', 'moll_pretty', 'moll_pretty_black', 'cartzoom', 'cartzoom_pretty', 'cart', 'moll_rot', 'cart_rot']"
2058,S250917aq,https://gwcat-data.s3.eu-north-1.amazonaws.com/gravoscope/,Skymaps (plain),skymaps-plain,,,2026-01-18T22:29:46.302,"['gal_8192', 'eq_8192', 'eq_4096']"
2059,S251112cm,https://gracedb.ligo.org/api/superevents/S251112cm/,GraceDB data,open-data,,,,
2060,S251112cm,"https://gracedb.ligo.org/api/superevents/S251112cm/files/Bilby.multiorder.fits,1",Sky Map,skymap-fits,,,,
2061,S251112cm,https://gwcat-data.s3.eu-north-1.amazonaws.com/png/,Skymaps,skymaps-plot,,,2026-01-18T22:29:46.304,"['moll', 'moll_pretty', 'moll_pretty_black', 'cartzoom', 'cartzoom_pretty', 'cart', 'moll_rot', 'cart_rot']"
2062,S251112cm,https://gwcat-data.s3.eu-north-1.amazonaws.com/png/,Skymaps,skymaps-thumb,,,2026-01-18T22:29:46.304,"['moll', 'moll_pretty', 'moll_pretty_black', 'cartzoom', 'cartzoom_pretty', 'cart', 'moll_rot', 'cart_rot']"
2063,S251112cm,https://gwcat-data.s3.eu-north-1.amazonaws.com/gravoscope/,Skymaps (plain),skymaps-plain,,,2026-01-18T22:29:46.307,"['gal_8192', 'eq_8192', 'eq_4096']"
2064,S251108fi,https://gracedb.ligo.org/api/superevents/S251108fi/,GraceDB data,open-data,,,,
2065,S251108fi,"https://gracedb.ligo.org/api/superevents/S251108fi/files/Bilby.multiorder.fits,0",Sky Map,skymap-fits,,,,
2066,S251108fi,https://gwcat-data.s3.eu-north-1.amazonaws.com/png/,Skymaps,skymaps-plot,,,2026-01-18T22:29:46.309,"['moll', 'moll_pretty', 'moll_pretty_black', 'cartzoom', 'cartzoom_pretty', 'cart', 'moll_rot', 'cart_rot']"
2067,S251108fi,https://gwcat-data.s3.eu-north-1.amazonaws.com/png/,Skymaps,skymaps-thumb,,,2026-01-18T22:29:46.309,"['moll', 'moll_pretty', 'moll_pretty_black', 'cartzoom', 'cartzoom_pretty', 'cart', 'moll_rot', 'cart_rot']"
2068,S251108fi,https://gwcat-data.s3.eu-north-1.amazonaws.com/gravoscope/,Skymaps (plain),skymaps-plain,,,2026-01-18T22:29:46.312,"['gal_8192', 'eq_8192', 'eq_4096']"
2069,S251108dn,https://gracedb.ligo.org/api/superevents/S251108dn/,GraceDB data,open-data,,,,
2070,S251108dn,"https://gracedb.ligo.org/api/superevents/S251108dn/files/Bilby.multiorder.fits,0",Sky Map,skymap-fits,,,,
2071,S251108dn,https://gwcat-data.s3.eu-north-1.amazonaws.com/png/,Skymaps,skymaps-plot,,,2026-01-18T22:29:46.313,"['moll', 'moll_pretty', 'moll_pretty_black', 'cartzoom', 'cartzoom_pretty', 'cart', 'moll_rot', 'cart_rot']"
2072,S251108dn,https://gwcat-data.s3.eu-north-1.amazonaws.com/png/,Skymaps,skymaps-thumb,,,2026-01-18T22:29:46.314,"['moll', 'moll_pretty', 'moll_pretty_black', 'cartzoom', 'cartzoom_pretty', 'cart', 'moll_rot', 'cart_rot']"
2073,S251108dn,https://gwcat-data.s3.eu-north-1.amazonaws.com/gravoscope/,Skymaps (plain),skymaps-plain,,,2026-01-18T22:29:46.316,"['gal_8192', 'eq_8192', 'eq_4096']"
2074,S251105aj,https://gracedb.ligo.org/api/superevents/S251105aj/,GraceDB data,open-data,,,,
2075,S251105aj,"https://gracedb.ligo.org/api/superevents/S251105aj/files/Bilby.multiorder.fits,0",Sky Map,skymap-fits,,,,
2076,S251105aj,https://gwcat-data.s3.eu-north-1.amazonaws.com/png/,Skymaps,skymaps-plot,,,2026-01-18T22:29:46.319,"['moll', 'moll_pretty', 'moll_pretty_black', 'cartzoom', 'cartzoom_pretty', 'cart', 'moll_rot', 'cart_rot']"
2077,S251105aj,https://gwcat-data.s3.eu-north-1.amazonaws.com/png/,Skymaps,skymaps-thumb,,,2026-01-18T22:29:46.319,"['moll', 'moll_pretty', 'moll_pretty_black', 'cartzoom', 'cartzoom_pretty', 'cart', 'moll_rot', 'cart_rot']"
2078,S251105aj,https://gwcat-data.s3.eu-north-1.amazonaws.com/gravoscope/,Skymaps (plain),skymaps-plain,,,2026-01-18T22:29:46.322,"['gal_8192', 'eq_8192', 'eq_4096']"
2079,S251103f,https://gracedb.ligo.org/api/superevents/S251103f/,GraceDB data,open-data,,,,
2080,S251103f,"https://gracedb.ligo.org/api/superevents/S251103f/files/Bilby.multiorder.fits,0",Sky Map,skymap-fits,,,,
2081,S251103f,https://gwcat-data.s3.eu-north-1.amazonaws.com/png/,Skymaps,skymaps-plot,,,2026-01-18T22:29:46.323,"['moll', 'moll_pretty', 'moll_pretty_black', 'cartzoom', 'cartzoom_pretty', 'cart', 'moll_rot', 'cart_rot']"
2082,S251103f,https://gwcat-data.s3.eu-north-1.amazonaws.com/png/,Skymaps,skymaps-thumb,,,2026-01-18T22:29:46.324,"['moll', 'moll_pretty', 'moll_pretty_black', 'cartzoom', 'cartzoom_pretty', 'cart', 'moll_rot', 'cart_rot']"
2083,S251103f,https://gwcat-data.s3.eu-north-1.amazonaws.com/gravoscope/,Skymaps (plain),skymaps-plain,,,2026-01-18T22:29:46.326,"['gal_8192', 'eq_8192', 'eq_4096']"
2084,S251031cq,https://gracedb.ligo.org/api/superevents/S251031cq/,GraceDB data,open-data,,,,
2085,S251031cq,"https://gracedb.ligo.org/api/superevents/S251031cq/files/Bilby.multiorder.fits,0",Sky Map,skymap-fits,,,,
2086,S251031cq,https://gwcat-data.s3.eu-north-1.amazonaws.com/png/,Skymaps,skymaps-plot,,,2026-01-18T22:29:46.328,"['moll', 'moll_pretty', 'moll_pretty_black', 'cartzoom', 'cartzoom_pretty', 'cart', 'moll_rot', 'cart_rot']"
2087,S251031cq,https://gwcat-data.s3.eu-north-1.amazonaws.com/png/,Skymaps,skymaps-thumb,,,2026-01-18T22:29:46.329,"['moll', 'moll_pretty', 'moll_pretty_black', 'cartzoom', 'cartzoom_pretty', 'cart', 'moll_rot', 'cart_rot']"
2088,S251031cq,https://gwcat-data.s3.eu-north-1.amazonaws.com/gravoscope/,Skymaps (plain),skymaps-plain,,,2026-01-18T22:29:46.331,"['gal_8192', 'eq_8192', 'eq_4096']"
2089,S251026bn,https://gracedb.ligo.org/api/superevents/S251026bn/,GraceDB data,open-data,,,,
2090,S251026bn,"https://gracedb.ligo.org/api/superevents/S251026bn/files/Bilby.multiorder.fits,0",Sky Map,skymap-fits,,,,
2091,S251026bn,https://gwcat-data.s3.eu-north-1.amazonaws.com/png/,Skymaps,skymaps-plot,,,2026-01-18T22:29:46.333,"['moll', 'moll_pretty', 'moll_pretty_black', 'cartzoom', 'cartzoom_pretty', 'cart', 'moll_rot', 'cart_rot']"
2092,S251026bn,https://gwcat-data.s3.eu-north-1.amazonaws.com/png/,Skymaps,skymaps-thumb,,,2026-01-18T22:29:46.333,"['moll', 'moll_pretty', 'moll_pretty_black', 'cartzoom', 'cartzoom_pretty', 'cart', 'moll_rot', 'cart_rot']"
2093,S251026bn,https://gwcat-data.s3.eu-north-1.amazonaws.com/gravoscope/,Skymaps (plain),skymaps-plain,,,2026-01-18T22:29:46.336,"['gal_8192', 'eq_8192', 'eq_4096']"
2094,S251021u,https://gracedb.ligo.org/api/superevents/S251021u/,GraceDB data,open-data,,,,
2095,S251021u,"https://gracedb.ligo.org/api/superevents/S251021u/files/Bilby.multiorder.fits,0",Sky Map,skymap-fits,,,,
2096,S251021u,https://gwcat-data.s3.eu-north-1.amazonaws.com/png/,Skymaps,skymaps-plot,,,2026-01-18T22:29:46.338,"['moll', 'moll_pretty', 'moll_pretty_black', 'cartzoom', 'cartzoom_pretty', 'cart', 'moll_rot', 'cart_rot']"
2097,S251021u,https://gwcat-data.s3.eu-north-1.amazonaws.com/png/,Skymaps,skymaps-thumb,,,2026-01-18T22:29:46.338,"['moll', 'moll_pretty', 'moll_pretty_black', 'cartzoom', 'cartzoom_pretty', 'cart', 'moll_rot', 'cart_rot']"
2098,S251021u,https://gwcat-data.s3.eu-north-1.amazonaws.com/gravoscope/,Skymaps (plain),skymaps-plain,,,2026-01-18T22:29:46.341,"['gal_8192', 'eq_8192', 'eq_4096']"
2099,S251018bi,https://gracedb.ligo.org/api/superevents/S251018bi/,GraceDB data,open-data,,,,
2100,S251018bi,"https://gracedb.ligo.org/api/superevents/S251018bi/files/Bilby.multiorder.fits,0",Sky Map,skymap-fits,,,,
2101,S251018bi,https://gwcat-data.s3.eu-north-1.amazonaws.com/png/,Skymaps,skymaps-plot,,,2026-01-18T22:29:46.342,"['moll', 'moll_pretty', 'moll_pretty_black', 'cartzoom', 'cartzoom_pretty', 'cart', 'moll_rot', 'cart_rot']"
2102,S251018bi,https://gwcat-data.s3.eu-north-1.amazonaws.com/png/,Skymaps,skymaps-thumb,,,2026-01-18T22:29:46.343,"['moll', 'moll_pretty', 'moll_pretty_black', 'cartzoom', 'cartzoom_pretty', 'cart', 'moll_rot', 'cart_rot']"
2103,S251018bi,https://gwcat-data.s3.eu-north-1.amazonaws.com/gravoscope/,Skymaps (plain),skymaps-plain,,,2026-01-18T22:29:46.345,"['gal_8192', 'eq_8192', 'eq_4096']"
2104,S251014cn,https://gracedb.ligo.org/api/superevents/S251014cn/,GraceDB data,open-data,,,,
2105,S251014cn,"https://gracedb.ligo.org/api/superevents/S251014cn/files/Bilby.multiorder.fits,0",Sky Map,skymap-fits,,,,
2106,S251014cn,https://gwcat-data.s3.eu-north-1.amazonaws.com/png/,Skymaps,skymaps-plot,,,2026-01-18T22:29:46.347,"['moll', 'moll_pretty', 'moll_pretty_black', 'cartzoom', 'cartzoom_pretty', 'cart', 'moll_rot', 'cart_rot']"
2107,S251014cn,https://gwcat-data.s3.eu-north-1.amazonaws.com/png/,Skymaps,skymaps-thumb,,,2026-01-18T22:29:46.348,"['moll', 'moll_pretty', 'moll_pretty_black', 'cartzoom', 'cartzoom_pretty', 'cart', 'moll_rot', 'cart_rot']"
2108,S251014cn,https://gwcat-data.s3.eu-north-1.amazonaws.com/gravoscope/,Skymaps (plain),skymaps-plain,,,2026-01-18T22:29:46.350,"['gal_8192', 'eq_8192', 'eq_4096']"
2109,S251013x,https://gracedb.ligo.org/api/superevents/S251013x/,GraceDB data,open-data,,,,
2110,S251013x,"https://gracedb.ligo.org/api/superevents/S251013x/files/Bilby.multiorder.fits,0",Sky Map,skymap-fits,,,,
2111,S251013x,https://gwcat-data.s3.eu-north-1.amazonaws.com/png/,Skymaps,skymaps-plot,,,2026-01-18T22:29:46.352,"['moll', 'moll_pretty', 'moll_pretty_black', 'cartzoom', 'cartzoom_pretty', 'cart', 'moll_rot', 'cart_rot']"
2112,S251013x,https://gwcat-data.s3.eu-north-1.amazonaws.com/png/,Skymaps,skymaps-thumb,,,2026-01-18T22:29:46.352,"['moll', 'moll_pretty', 'moll_pretty_black', 'cartzoom', 'cartzoom_pretty', 'cart', 'moll_rot', 'cart_rot']"
2113,S251013x,https://gwcat-data.s3.eu-north-1.amazonaws.com/gravoscope/,Skymaps (plain),skymaps-plain,,,2026-01-18T22:29:46.355,"['gal_8192', 'eq_8192', 'eq_4096']"
2114,S251006dd,https://gracedb.ligo.org/api/superevents/S251006dd/,GraceDB data,open-data,,,,
2115,S251006dd,"https://gracedb.ligo.org/api/superevents/S251006dd/files/bayestar.multiorder.fits,2",Sky Map,skymap-fits,,,,
2116,S251006dd,https://gwcat-data.s3.eu-north-1.amazonaws.com/png/,Skymaps,skymaps-plot,,,2026-01-18T22:29:46.357,"['moll', 'moll_pretty', 'moll_pretty_black', 'cartzoom', 'cartzoom_pretty', 'cart', 'moll_rot', 'cart_rot']"
2117,S251006dd,https://gwcat-data.s3.eu-north-1.amazonaws.com/png/,Skymaps,skymaps-thumb,,,2026-01-18T22:29:46.357,"['moll', 'moll_pretty', 'moll_pretty_black', 'cartzoom', 'cartzoom_pretty', 'cart', 'moll_rot', 'cart_rot']"
2118,S251006dd,https://gwcat-data.s3.eu-north-1.amazonaws.com/gravoscope/,Skymaps (plain),skymaps-plain,,,2026-01-18T22:29:46.360,"['gal_8192', 'eq_8192', 'eq_4096']"
2119,S251117dq,https://gracedb.ligo.org/api/superevents/S251117dq/,GraceDB data,open-data,,,,
2120,S251117dq,"https://gracedb.ligo.org/api/superevents/S251117dq/files/Bilby.multiorder.fits,0",Sky Map,skymap-fits,,,,
2121,S251117dq,https://gwcat-data.s3.eu-north-1.amazonaws.com/png/,Skymaps,skymaps-plot,,,2026-01-18T23:22:35.203,"['moll', 'moll_pretty', 'moll_pretty_black', 'cartzoom', 'cartzoom_pretty', 'cart', 'moll_rot', 'cart_rot']"
2122,S251117dq,https://gwcat-data.s3.eu-north-1.amazonaws.com/png/,Skymaps,skymaps-thumb,,,2026-01-18T23:22:35.206,"['moll', 'moll_pretty', 'moll_pretty_black', 'cartzoom', 'cartzoom_pretty', 'cart', 'moll_rot', 'cart_rot']"
2123,S251117dq,https://gwcat-data.s3.eu-north-1.amazonaws.com/gravoscope/,Skymaps (plain),skymaps-plain,,,2026-01-18T23:23:24.835,"['gal_8192', 'eq_8192', 'eq_4096']"
2124,S251116en,https://gracedb.ligo.org/api/superevents/S251116en/,GraceDB data,open-data,,,,
2125,S251116en,"https://gracedb.ligo.org/api/superevents/S251116en/files/Bilby.multiorder.fits,0",Sky Map,skymap-fits,,,,
2126,S251116en,https://gwcat-data.s3.eu-north-1.amazonaws.com/png/,Skymaps,skymaps-plot,,,2026-01-19T00:14:26.571,"['moll', 'moll_pretty', 'moll_pretty_black', 'cartzoom', 'cartzoom_pretty', 'cart', 'moll_rot', 'cart_rot']"
2127,S251116en,https://gwcat-data.s3.eu-north-1.amazonaws.com/png/,Skymaps,skymaps-thumb,,,2026-01-19T00:14:26.582,"['moll', 'moll_pretty', 'moll_pretty_black', 'cartzoom', 'cartzoom_pretty', 'cart', 'moll_rot', 'cart_rot']"
2128,S251116en,https://gwcat-data.s3.eu-north-1.amazonaws.com/gravoscope/,Skymaps (plain),skymaps-plain,,,2026-01-19T00:15:16.502,"['gal_8192', 'eq_8192', 'eq_4096']"
2129,GW170817,https://gwosc.org/eventapi/json/GWTC-1-confident/GW170817/v3,JSON file,json-url,,,,
2130,GW170817,https://gwosc.org/eventapi/html/GWTC-1-confident/GW170817/v3,GWTC link,open-data,,,,
2131,GW170817,https://dcc.ligo.org/public/0157/P1800370/005/GW170817_GWTC-1.hdf5,Data file,data-file,h5,,,
2132,GW170817,https://dcc.ligo.org/public/0157/P1800381/007/GW170817_skymap.fits.gz,Final Skymap,skymap-fits,,,,
2133,GW170817,%BASEURL%,Skymaps,skymaps-plot,,,2026-05-31T09:56:33.711,"['moll', 'moll_pretty', 'moll_pretty_black', 'cartzoom', 'cartzoom_pretty', 'cart', 'moll_rot', 'cart_rot']"
2134,GW170817,%BASEURL%,Skymaps,skymaps-thumb,,,2026-05-31T09:56:33.711,"['moll', 'moll_pretty', 'moll_pretty_black', 'cartzoom', 'cartzoom_pretty', 'cart', 'moll_rot', 'cart_rot']"
2135,GW170817,%BASEURL%,Skymaps (plain),skymaps-plain,,,2026-05-31T09:56:33.715,"['gal_8192', 'eq_8192', 'eq_4096']"
