t strain*1e23
-3.44466 -2.1
-3.44442 -2.1
-3.44418 -2.0
-3.44393 -2.0
-3.44369 -2.0
-3.44344 -2.0
-3.4432 -2.0
-3.44296 -1.9
-3.44271 -1.9
-3.44247 -1.9
-3.44222 -1.8
-3.44198 -1.8
-3.44173 -1.7
-3.44149 -1.7
-3.44125 -1.7
-3.441 -1.6
-3.44076 -1.6
-3.44051 -1.5
-3.44027 -1.4
-3.44003 -1.4
-3.43978 -1.3
-3.43954 -1.3
-3.43929 -1.2
-3.43905 -1.1
-3.4388 -1.1
-3.43856 -1.0
-3.43832 -0.9
-3.43807 -0.9
-3.43783 -0.8
-3.43758 -0.7
-3.43734 -0.6
-3.4371 -0.6
-3.43685 -0.5
-3.43661 -0.4
-3.43636 -0.3
-3.43612 -0.2
-3.43587 -0.2
-3.43563 0.0
-3.43539 0.0
-3.43514 0.0
-3.4349 0.2
-3.43465 0.2
-3.43441 0.3
-3.43417 0.4
-3.43392 0.5
-3.43368 0.6
-3.43343 0.6
-3.43319 0.7
-3.43295 0.8
-3.4327 0.9
-3.43246 0.9
-3.43221 1.0
-3.43197 1.1
-3.43172 1.1
-3.43148 1.2
-3.43124 1.3
-3.43099 1.3
-3.43075 1.4
-3.4305 1.4
-3.43026 1.5
-3.43002 1.6
-3.42977 1.6
-3.42953 1.7
-3.42928 1.7
-3.42904 1.8
-3.42879 1.8
-3.42855 1.8
-3.42831 1.9
-3.42806 1.9
-3.42782 1.9
-3.42757 2.0
-3.42733 2.0
-3.42709 2.0
-3.42684 2.0
-3.4266 2.0
-3.42635 2.1
-3.42611 2.1
-3.42587 2.1
-3.42562 2.1
-3.42538 2.1
-3.42513 2.1
-3.42489 2.1
-3.42464 2.1
-3.4244 2.1
-3.42416 2.0
-3.42391 2.0
-3.42367 2.0
-3.42342 2.0
-3.42318 2.0
-3.42294 1.9
-3.42269 1.9
-3.42245 1.9
-3.4222 1.8
-3.42196 1.8
-3.42171 1.7
-3.42147 1.7
-3.42123 1.6
-3.42098 1.6
-3.42074 1.5
-3.42049 1.5
-3.42025 1.4
-3.42001 1.4
-3.41976 1.3
-3.41952 1.3
-3.41927 1.2
-3.41903 1.1
-3.41879 1.0
-3.41854 1.0
-3.4183 0.9
-3.41805 0.8
-3.41781 0.8
-3.41756 0.7
-3.41732 0.6
-3.41708 0.5
-3.41683 0.5
-3.41659 0.4
-3.41634 0.3
-3.4161 0.2
-3.41586 0.1
-3.41561 0.0
-3.41537 0.0
-3.41512 -0.1
-3.41488 -0.2
-3.41463 -0.3
-3.41439 -0.3
-3.41415 -0.4
-3.4139 -0.5
-3.41366 -0.6
-3.41341 -0.7
-3.41317 -0.7
-3.41293 -0.8
-3.41268 -0.9
-3.41244 -0.9
-3.41219 -1.0
-3.41195 -1.1
-3.41171 -1.2
-3.41146 -1.2
-3.41122 -1.3
-3.41097 -1.3
-3.41073 -1.4
-3.41048 -1.5
-3.41024 -1.5
-3.41 -1.6
-3.40975 -1.6
-3.40951 -1.7
-3.40926 -1.7
-3.40902 -1.8
-3.40878 -1.8
-3.40853 -1.8
-3.40829 -1.9
-3.40804 -1.9
-3.4078 -1.9
-3.40755 -2.0
-3.40731 -2.0
-3.40707 -2.0
-3.40682 -2.0
-3.40658 -2.1
-3.40633 -2.1
-3.40609 -2.1
-3.40585 -2.1
-3.4056 -2.1
-3.40536 -2.1
-3.40511 -2.1
-3.40487 -2.1
-3.40462 -2.1
-3.40438 -2.1
-3.40414 -2.0
-3.40389 -2.0
-3.40365 -2.0
-3.4034 -2.0
-3.40316 -1.9
-3.40292 -1.9
-3.40267 -1.9
-3.40243 -1.9
-3.40218 -1.8
-3.40194 -1.8
-3.4017 -1.7
-3.40145 -1.7
-3.40121 -1.6
-3.40096 -1.6
-3.40072 -1.5
-3.40047 -1.5
-3.40023 -1.4
-3.39999 -1.4
-3.39974 -1.3
-3.3995 -1.2
-3.39925 -1.2
-3.39901 -1.1
-3.39877 -1.0
-3.39852 -1.0
-3.39828 -0.9
-3.39803 -0.8
-3.39779 -0.7
-3.39754 -0.7
-3.3973 -0.6
-3.39706 -0.5
-3.39681 -0.4
-3.39657 -0.3
-3.39632 -0.3
-3.39608 -0.2
-3.39584 -0.1
-3.39559 0.0
-3.39535 0.0
-3.3951 0.1
-3.39486 0.2
-3.39462 0.3
-3.39437 0.4
-3.39413 0.5
-3.39388 0.5
-3.39364 0.6
-3.39339 0.7
-3.39315 0.8
-3.39291 0.8
-3.39266 0.9
-3.39242 1.0
-3.39217 1.1
-3.39193 1.1
-3.39169 1.2
-3.39144 1.3
-3.3912 1.3
-3.39095 1.4
-3.39071 1.4
-3.39046 1.5
-3.39022 1.6
-3.38998 1.6
-3.38973 1.7
-3.38949 1.7
-3.38924 1.7
-3.389 1.8
-3.38876 1.8
-3.38851 1.9
-3.38827 1.9
-3.38802 1.9
-3.38778 2.0
-3.38754 2.0
-3.38729 2.0
-3.38705 2.0
-3.3868 2.0
-3.38656 2.1
-3.38631 2.1
-3.38607 2.1
-3.38583 2.1
-3.38558 2.1
-3.38534 2.1
-3.38509 2.1
-3.38485 2.1
-3.38461 2.1
-3.38436 2.1
-3.38412 2.0
-3.38387 2.0
-3.38363 2.0
-3.38338 2.0
-3.38314 1.9
-3.3829 1.9
-3.38265 1.9
-3.38241 1.8
-3.38216 1.8
-3.38192 1.7
-3.38168 1.7
-3.38143 1.7
-3.38119 1.6
-3.38094 1.6
-3.3807 1.5
-3.38046 1.4
-3.38021 1.4
-3.37997 1.3
-3.37972 1.3
-3.37948 1.2
-3.37923 1.1
-3.37899 1.1
-3.37875 1.0
-3.3785 0.9
-3.37826 0.8
-3.37801 0.8
-3.37777 0.7
-3.37753 0.6
-3.37728 0.5
-3.37704 0.5
-3.37679 0.4
-3.37655 0.3
-3.3763 0.2
-3.37606 0.1
-3.37582 0.0
-3.37557 0.0
-3.37533 -0.1
-3.37508 -0.2
-3.37484 -0.3
-3.3746 -0.3
-3.37435 -0.4
-3.37411 -0.5
-3.37386 -0.6
-3.37362 -0.7
-3.37337 -0.7
-3.37313 -0.8
-3.37289 -0.9
-3.37264 -1.0
-3.3724 -1.0
-3.37215 -1.1
-3.37191 -1.2
-3.37167 -1.2
-3.37142 -1.3
-3.37118 -1.4
-3.37093 -1.4
-3.37069 -1.5
-3.37045 -1.5
-3.3702 -1.6
-3.36996 -1.6
-3.36971 -1.7
-3.36947 -1.7
-3.36922 -1.8
-3.36898 -1.8
-3.36874 -1.9
-3.36849 -1.9
-3.36825 -1.9
-3.368 -2.0
-3.36776 -2.0
-3.36752 -2.0
-3.36727 -2.0
-3.36703 -2.0
-3.36678 -2.1
-3.36654 -2.1
-3.36629 -2.1
-3.36605 -2.1
-3.36581 -2.1
-3.36556 -2.1
-3.36532 -2.1
-3.36507 -2.1
-3.36483 -2.1
-3.36459 -2.1
-3.36434 -2.0
-3.3641 -2.0
-3.36385 -2.0
-3.36361 -2.0
-3.36337 -1.9
-3.36312 -1.9
-3.36288 -1.9
-3.36263 -1.8
-3.36239 -1.8
-3.36214 -1.8
-3.3619 -1.7
-3.36166 -1.7
-3.36141 -1.6
-3.36117 -1.6
-3.36092 -1.5
-3.36068 -1.5
-3.36044 -1.4
-3.36019 -1.3
-3.35995 -1.3
-3.3597 -1.2
-3.35946 -1.1
-3.35921 -1.1
-3.35897 -1.0
-3.35873 -0.9
-3.35848 -0.9
-3.35824 -0.8
-3.35799 -0.7
-3.35775 -0.6
-3.35751 -0.6
-3.35726 -0.5
-3.35702 -0.4
-3.35677 -0.3
-3.35653 -0.2
-3.35629 -0.2
-3.35604 0.0
-3.3558 0.0
-3.35555 0.0
-3.35531 0.2
-3.35506 0.2
-3.35482 0.3
-3.35458 0.4
-3.35433 0.5
-3.35409 0.6
-3.35384 0.6
-3.3536 0.7
-3.35336 0.8
-3.35311 0.9
-3.35287 0.9
-3.35262 1.0
-3.35238 1.1
-3.35213 1.2
-3.35189 1.2
-3.35165 1.3
-3.3514 1.3
-3.35116 1.4
-3.35091 1.5
-3.35067 1.5
-3.35043 1.6
-3.35018 1.6
-3.34994 1.7
-3.34969 1.7
-3.34945 1.8
-3.34921 1.8
-3.34896 1.9
-3.34872 1.9
-3.34847 1.9
-3.34823 2.0
-3.34798 2.0
-3.34774 2.0
-3.3475 2.0
-3.34725 2.0
-3.34701 2.1
-3.34676 2.1
-3.34652 2.1
-3.34628 2.1
-3.34603 2.1
-3.34579 2.1
-3.34554 2.1
-3.3453 2.1
-3.34505 2.1
-3.34481 2.1
-3.34457 2.0
-3.34432 2.0
-3.34408 2.0
-3.34383 2.0
-3.34359 2.0
-3.34335 1.9
-3.3431 1.9
-3.34286 1.9
-3.34261 1.8
-3.34237 1.8
-3.34212 1.7
-3.34188 1.7
-3.34164 1.6
-3.34139 1.6
-3.34115 1.5
-3.3409 1.5
-3.34066 1.4
-3.34042 1.3
-3.34017 1.3
-3.33993 1.2
-3.33968 1.1
-3.33944 1.1
-3.3392 1.0
-3.33895 0.9
-3.33871 0.9
-3.33846 0.8
-3.33822 0.7
-3.33797 0.6
-3.33773 0.6
-3.33749 0.5
-3.33724 0.4
-3.337 0.3
-3.33675 0.2
-3.33651 0.2
-3.33627 0.0
-3.33602 0.0
-3.33578 0.0
-3.33553 -0.2
-3.33529 -0.2
-3.33504 -0.3
-3.3348 -0.4
-3.33456 -0.5
-3.33431 -0.6
-3.33407 -0.6
-3.33382 -0.7
-3.33358 -0.8
-3.33334 -0.9
-3.33309 -0.9
-3.33285 -1.0
-3.3326 -1.1
-3.33236 -1.2
-3.33212 -1.2
-3.33187 -1.3
-3.33163 -1.4
-3.33138 -1.4
-3.33114 -1.5
-3.33089 -1.5
-3.33065 -1.6
-3.33041 -1.6
-3.33016 -1.7
-3.32992 -1.7
-3.32967 -1.8
-3.32943 -1.8
-3.32919 -1.9
-3.32894 -1.9
-3.3287 -1.9
-3.32845 -2.0
-3.32821 -2.0
-3.32796 -2.0
-3.32772 -2.0
-3.32748 -2.1
-3.32723 -2.1
-3.32699 -2.1
-3.32674 -2.1
-3.3265 -2.1
-3.32626 -2.1
-3.32601 -2.1
-3.32577 -2.1
-3.32552 -2.1
-3.32528 -2.1
-3.32504 -2.1
-3.32479 -2.0
-3.32455 -2.0
-3.3243 -2.0
-3.32406 -2.0
-3.32381 -2.0
-3.32357 -1.9
-3.32333 -1.9
-3.32308 -1.9
-3.32284 -1.8
-3.32259 -1.8
-3.32235 -1.7
-3.32211 -1.7
-3.32186 -1.6
-3.32162 -1.6
-3.32137 -1.5
-3.32113 -1.5
-3.32088 -1.4
-3.32064 -1.3
-3.3204 -1.3
-3.32015 -1.2
-3.31991 -1.1
-3.31966 -1.1
-3.31942 -1.0
-3.31918 -0.9
-3.31893 -0.9
-3.31869 -0.8
-3.31844 -0.7
-3.3182 -0.6
-3.31796 -0.6
-3.31771 -0.5
-3.31747 -0.4
-3.31722 -0.3
-3.31698 -0.2
-3.31673 -0.2
-3.31649 0.0
-3.31625 0.0
-3.316 0.0
-3.31576 0.2
-3.31551 0.3
-3.31527 0.3
-3.31503 0.4
-3.31478 0.5
-3.31454 0.6
-3.31429 0.7
-3.31405 0.7
-3.3138 0.8
-3.31356 0.9
-3.31332 1.0
-3.31307 1.0
-3.31283 1.1
-3.31258 1.2
-3.31234 1.2
-3.3121 1.3
-3.31185 1.4
-3.31161 1.4
-3.31136 1.5
-3.31112 1.5
-3.31087 1.6
-3.31063 1.6
-3.31039 1.7
-3.31014 1.7
-3.3099 1.8
-3.30965 1.8
-3.30941 1.9
-3.30917 1.9
-3.30892 1.9
-3.30868 2.0
-3.30843 2.0
-3.30819 2.0
-3.30795 2.0
-3.3077 2.1
-3.30746 2.1
-3.30721 2.1
-3.30697 2.1
-3.30672 2.1
-3.30648 2.1
-3.30624 2.1
-3.30599 2.1
-3.30575 2.1
-3.3055 2.1
-3.30526 2.1
-3.30502 2.0
-3.30477 2.0
-3.30453 2.0
-3.30428 2.0
-3.30404 2.0
-3.30379 1.9
-3.30355 1.9
-3.30331 1.8
-3.30306 1.8
-3.30282 1.8
-3.30257 1.7
-3.30233 1.7
-3.30209 1.6
-3.30184 1.6
-3.3016 1.5
-3.30135 1.4
-3.30111 1.4
-3.30087 1.3
-3.30062 1.3
-3.30038 1.2
-3.30013 1.1
-3.29989 1.1
-3.29964 1.0
-3.2994 0.9
-3.29916 0.8
-3.29891 0.8
-3.29867 0.7
-3.29842 0.6
-3.29818 0.5
-3.29794 0.5
-3.29769 0.4
-3.29745 0.3
-3.2972 0.2
-3.29696 0.1
-3.29671 0.0
-3.29647 0.0
-3.29623 -0.1
-3.29598 -0.2
-3.29574 -0.3
-3.29549 -0.4
-3.29525 -0.4
-3.29501 -0.5
-3.29476 -0.6
-3.29452 -0.7
-3.29427 -0.8
-3.29403 -0.8
-3.29379 -0.9
-3.29354 -1.0
-3.2933 -1.1
-3.29305 -1.1
-3.29281 -1.2
-3.29256 -1.3
-3.29232 -1.3
-3.29208 -1.4
-3.29183 -1.4
-3.29159 -1.5
-3.29134 -1.6
-3.2911 -1.6
-3.29086 -1.7
-3.29061 -1.7
-3.29037 -1.8
-3.29012 -1.8
-3.28988 -1.8
-3.28963 -1.9
-3.28939 -1.9
-3.28915 -2.0
-3.2889 -2.0
-3.28866 -2.0
-3.28841 -2.0
-3.28817 -2.0
-3.28793 -2.1
-3.28768 -2.1
-3.28744 -2.1
-3.28719 -2.1
-3.28695 -2.1
-3.28671 -2.1
-3.28646 -2.1
-3.28622 -2.1
-3.28597 -2.1
-3.28573 -2.1
-3.28548 -2.1
-3.28524 -2.0
-3.285 -2.0
-3.28475 -2.0
-3.28451 -2.0
-3.28426 -1.9
-3.28402 -1.9
-3.28378 -1.9
-3.28353 -1.8
-3.28329 -1.8
-3.28304 -1.7
-3.2828 -1.7
-3.28255 -1.6
-3.28231 -1.6
-3.28207 -1.5
-3.28182 -1.5
-3.28158 -1.4
-3.28133 -1.4
-3.28109 -1.3
-3.28085 -1.2
-3.2806 -1.2
-3.28036 -1.1
-3.28011 -1.0
-3.27987 -1.0
-3.27962 -0.9
-3.27938 -0.8
-3.27914 -0.7
-3.27889 -0.7
-3.27865 -0.6
-3.2784 -0.5
-3.27816 -0.4
-3.27792 -0.3
-3.27767 -0.3
-3.27743 -0.2
-3.27718 0.0
-3.27694 0.0
-3.2767 0.0
-3.27645 0.2
-3.27621 0.2
-3.27596 0.3
-3.27572 0.4
-3.27547 0.5
-3.27523 0.6
-3.27499 0.6
-3.27474 0.7
-3.2745 0.8
-3.27425 0.9
-3.27401 0.9
-3.27377 1.0
-3.27352 1.1
-3.27328 1.2
-3.27303 1.2
-3.27279 1.3
-3.27254 1.4
-3.2723 1.4
-3.27206 1.5
-3.27181 1.5
-3.27157 1.6
-3.27132 1.6
-3.27108 1.7
-3.27084 1.7
-3.27059 1.8
-3.27035 1.8
-3.2701 1.9
-3.26986 1.9
-3.26962 1.9
-3.26937 2.0
-3.26913 2.0
-3.26888 2.0
-3.26864 2.0
-3.26839 2.1
-3.26815 2.1
-3.26791 2.1
-3.26766 2.1
-3.26742 2.1
-3.26717 2.1
-3.26693 2.1
-3.26669 2.1
-3.26644 2.1
-3.2662 2.1
-3.26595 2.1
-3.26571 2.1
-3.26546 2.0
-3.26522 2.0
-3.26498 2.0
-3.26473 2.0
-3.26449 1.9
-3.26424 1.9
-3.264 1.9
-3.26376 1.8
-3.26351 1.8
-3.26327 1.7
-3.26302 1.7
-3.26278 1.6
-3.26254 1.6
-3.26229 1.5
-3.26205 1.5
-3.2618 1.4
-3.26156 1.3
-3.26131 1.3
-3.26107 1.2
-3.26083 1.1
-3.26058 1.1
-3.26034 1.0
-3.26009 0.9
-3.25985 0.8
-3.25961 0.8
-3.25936 0.7
-3.25912 0.6
-3.25887 0.5
-3.25863 0.4
-3.25838 0.4
-3.25814 0.3
-3.2579 0.2
-3.25765 0.1
-3.25741 0.0
-3.25716 0.0
-3.25692 -0.1
-3.25668 -0.2
-3.25643 -0.3
-3.25619 -0.4
-3.25594 -0.5
-3.2557 -0.5
-3.25546 -0.6
-3.25521 -0.7
-3.25497 -0.8
-3.25472 -0.8
-3.25448 -0.9
-3.25423 -1.0
-3.25399 -1.1
-3.25375 -1.1
-3.2535 -1.2
-3.25326 -1.3
-3.25301 -1.3
-3.25277 -1.4
-3.25253 -1.5
-3.25228 -1.5
-3.25204 -1.6
-3.25179 -1.6
-3.25155 -1.7
-3.2513 -1.7
-3.25106 -1.8
-3.25082 -1.8
-3.25057 -1.9
-3.25033 -1.9
-3.25008 -1.9
-3.24984 -2.0
-3.2496 -2.0
-3.24935 -2.0
-3.24911 -2.0
-3.24886 -2.1
-3.24862 -2.1
-3.24837 -2.1
-3.24813 -2.1
-3.24789 -2.1
-3.24764 -2.1
-3.2474 -2.1
-3.24715 -2.1
-3.24691 -2.1
-3.24667 -2.1
-3.24642 -2.1
-3.24618 -2.1
-3.24593 -2.0
-3.24569 -2.0
-3.24545 -2.0
-3.2452 -2.0
-3.24496 -1.9
-3.24471 -1.9
-3.24447 -1.9
-3.24422 -1.8
-3.24398 -1.8
-3.24374 -1.7
-3.24349 -1.7
-3.24325 -1.6
-3.243 -1.6
-3.24276 -1.5
-3.24252 -1.5
-3.24227 -1.4
-3.24203 -1.3
-3.24178 -1.3
-3.24154 -1.2
-3.24129 -1.1
-3.24105 -1.1
-3.24081 -1.0
-3.24056 -0.9
-3.24032 -0.9
-3.24007 -0.8
-3.23983 -0.7
-3.23959 -0.6
-3.23934 -0.5
-3.2391 -0.5
-3.23885 -0.4
-3.23861 -0.3
-3.23837 -0.2
-3.23812 -0.1
-3.23788 0.0
-3.23763 0.0
-3.23739 0.1
-3.23714 0.2
-3.2369 0.3
-3.23666 0.4
-3.23641 0.4
-3.23617 0.5
-3.23592 0.6
-3.23568 0.7
-3.23544 0.8
-3.23519 0.8
-3.23495 0.9
-3.2347 1.0
-3.23446 1.1
-3.23421 1.1
-3.23397 1.2
-3.23373 1.3
-3.23348 1.3
-3.23324 1.4
-3.23299 1.5
-3.23275 1.5
-3.23251 1.6
-3.23226 1.6
-3.23202 1.7
-3.23177 1.7
-3.23153 1.8
-3.23129 1.8
-3.23104 1.9
-3.2308 1.9
-3.23055 1.9
-3.23031 2.0
-3.23006 2.0
-3.22982 2.0
-3.22958 2.0
-3.22933 2.1
-3.22909 2.1
-3.22884 2.1
-3.2286 2.1
-3.22836 2.1
-3.22811 2.1
-3.22787 2.1
-3.22762 2.1
-3.22738 2.1
-3.22713 2.1
-3.22689 2.1
-3.22665 2.1
-3.2264 2.0
-3.22616 2.0
-3.22591 2.0
-3.22567 2.0
-3.22543 1.9
-3.22518 1.9
-3.22494 1.9
-3.22469 1.8
-3.22445 1.8
-3.22421 1.7
-3.22396 1.7
-3.22372 1.6
-3.22347 1.6
-3.22323 1.5
-3.22298 1.5
-3.22274 1.4
-3.2225 1.3
-3.22225 1.3
-3.22201 1.2
-3.22176 1.1
-3.22152 1.1
-3.22128 1.0
-3.22103 0.9
-3.22079 0.9
-3.22054 0.8
-3.2203 0.7
-3.22005 0.6
-3.21981 0.5
-3.21957 0.5
-3.21932 0.4
-3.21908 0.3
-3.21883 0.2
-3.21859 0.1
-3.21835 0.0
-3.2181 0.0
-3.21786 -0.1
-3.21761 -0.2
-3.21737 -0.3
-3.21712 -0.4
-3.21688 -0.4
-3.21664 -0.5
-3.21639 -0.6
-3.21615 -0.7
-3.2159 -0.8
-3.21566 -0.8
-3.21542 -0.9
-3.21517 -1.0
-3.21493 -1.1
-3.21468 -1.1
-3.21444 -1.2
-3.2142 -1.3
-3.21395 -1.3
-3.21371 -1.4
-3.21346 -1.5
-3.21322 -1.5
-3.21297 -1.6
-3.21273 -1.6
-3.21249 -1.7
-3.21224 -1.7
-3.212 -1.8
-3.21175 -1.8
-3.21151 -1.9
-3.21127 -1.9
-3.21102 -1.9
-3.21078 -2.0
-3.21053 -2.0
-3.21029 -2.0
-3.21004 -2.0
-3.2098 -2.1
-3.20956 -2.1
-3.20931 -2.1
-3.20907 -2.1
-3.20882 -2.1
-3.20858 -2.1
-3.20834 -2.1
-3.20809 -2.1
-3.20785 -2.1
-3.2076 -2.1
-3.20736 -2.1
-3.20712 -2.1
-3.20687 -2.0
-3.20663 -2.0
-3.20638 -2.0
-3.20614 -2.0
-3.20589 -1.9
-3.20565 -1.9
-3.20541 -1.9
-3.20516 -1.8
-3.20492 -1.8
-3.20467 -1.7
-3.20443 -1.7
-3.20419 -1.6
-3.20394 -1.6
-3.2037 -1.5
-3.20345 -1.5
-3.20321 -1.4
-3.20296 -1.3
-3.20272 -1.3
-3.20248 -1.2
-3.20223 -1.1
-3.20199 -1.1
-3.20174 -1.0
-3.2015 -0.9
-3.20126 -0.8
-3.20101 -0.8
-3.20077 -0.7
-3.20052 -0.6
-3.20028 -0.5
-3.20004 -0.4
-3.19979 -0.4
-3.19955 -0.3
-3.1993 -0.2
-3.19906 -0.1
-3.19881 0.0
-3.19857 0.0
-3.19833 0.1
-3.19808 0.2
-3.19784 0.3
-3.19759 0.4
-3.19735 0.5
-3.19711 0.5
-3.19686 0.6
-3.19662 0.7
-3.19637 0.8
-3.19613 0.9
-3.19588 0.9
-3.19564 1.0
-3.1954 1.1
-3.19515 1.2
-3.19491 1.2
-3.19466 1.3
-3.19442 1.4
-3.19418 1.4
-3.19393 1.5
-3.19369 1.5
-3.19344 1.6
-3.1932 1.6
-3.19296 1.7
-3.19271 1.7
-3.19247 1.8
-3.19222 1.8
-3.19198 1.9
-3.19173 1.9
-3.19149 1.9
-3.19125 2.0
-3.191 2.0
-3.19076 2.0
-3.19051 2.1
-3.19027 2.1
-3.19003 2.1
-3.18978 2.1
-3.18954 2.1
-3.18929 2.1
-3.18905 2.1
-3.1888 2.1
-3.18856 2.1
-3.18832 2.1
-3.18807 2.1
-3.18783 2.1
-3.18758 2.1
-3.18734 2.0
-3.1871 2.0
-3.18685 2.0
-3.18661 2.0
-3.18636 1.9
-3.18612 1.9
-3.18587 1.9
-3.18563 1.8
-3.18539 1.8
-3.18514 1.7
-3.1849 1.7
-3.18465 1.6
-3.18441 1.6
-3.18417 1.5
-3.18392 1.4
-3.18368 1.4
-3.18343 1.3
-3.18319 1.3
-3.18295 1.2
-3.1827 1.1
-3.18246 1.0
-3.18221 1.0
-3.18197 0.9
-3.18172 0.8
-3.18148 0.7
-3.18124 0.7
-3.18099 0.6
-3.18075 0.5
-3.1805 0.4
-3.18026 0.3
-3.18002 0.3
-3.17977 0.2
-3.17953 0.0
-3.17928 0.0
-3.17904 0.0
-3.17879 -0.2
-3.17855 -0.2
-3.17831 -0.3
-3.17806 -0.4
-3.17782 -0.5
-3.17757 -0.6
-3.17733 -0.7
-3.17709 -0.7
-3.17684 -0.8
-3.1766 -0.9
-3.17635 -1.0
-3.17611 -1.0
-3.17587 -1.1
-3.17562 -1.2
-3.17538 -1.3
-3.17513 -1.3
-3.17489 -1.4
-3.17464 -1.4
-3.1744 -1.5
-3.17416 -1.6
-3.17391 -1.6
-3.17367 -1.7
-3.17342 -1.7
-3.17318 -1.8
-3.17294 -1.8
-3.17269 -1.9
-3.17245 -1.9
-3.1722 -1.9
-3.17196 -2.0
-3.17171 -2.0
-3.17147 -2.0
-3.17123 -2.0
-3.17098 -2.1
-3.17074 -2.1
-3.17049 -2.1
-3.17025 -2.1
-3.17001 -2.1
-3.16976 -2.1
-3.16952 -2.1
-3.16927 -2.1
-3.16903 -2.1
-3.16879 -2.1
-3.16854 -2.1
-3.1683 -2.1
-3.16805 -2.1
-3.16781 -2.0
-3.16756 -2.0
-3.16732 -2.0
-3.16708 -2.0
-3.16683 -1.9
-3.16659 -1.9
-3.16634 -1.8
-3.1661 -1.8
-3.16586 -1.7
-3.16561 -1.7
-3.16537 -1.6
-3.16512 -1.6
-3.16488 -1.5
-3.16463 -1.5
-3.16439 -1.4
-3.16415 -1.4
-3.1639 -1.3
-3.16366 -1.2
-3.16341 -1.2
-3.16317 -1.1
-3.16293 -1.0
-3.16268 -0.9
-3.16244 -0.9
-3.16219 -0.8
-3.16195 -0.7
-3.16171 -0.6
-3.16146 -0.5
-3.16122 -0.5
-3.16097 -0.4
-3.16073 -0.3
-3.16048 -0.2
-3.16024 -0.1
-3.16 0.0
-3.15975 0.0
-3.15951 0.1
-3.15926 0.2
-3.15902 0.3
-3.15878 0.4
-3.15853 0.5
-3.15829 0.5
-3.15804 0.6
-3.1578 0.7
-3.15755 0.8
-3.15731 0.9
-3.15707 0.9
-3.15682 1.0
-3.15658 1.1
-3.15633 1.2
-3.15609 1.2
-3.15585 1.3
-3.1556 1.4
-3.15536 1.4
-3.15511 1.5
-3.15487 1.5
-3.15462 1.6
-3.15438 1.7
-3.15414 1.7
-3.15389 1.8
-3.15365 1.8
-3.1534 1.8
-3.15316 1.9
-3.15292 1.9
-3.15267 2.0
-3.15243 2.0
-3.15218 2.0
-3.15194 2.0
-3.1517 2.1
-3.15145 2.1
-3.15121 2.1
-3.15096 2.1
-3.15072 2.1
-3.15047 2.1
-3.15023 2.1
-3.14999 2.1
-3.14974 2.1
-3.1495 2.1
-3.14925 2.1
-3.14901 2.1
-3.14877 2.1
-3.14852 2.0
-3.14828 2.0
-3.14803 2.0
-3.14779 2.0
-3.14754 1.9
-3.1473 1.9
-3.14706 1.9
-3.14681 1.8
-3.14657 1.8
-3.14632 1.7
-3.14608 1.7
-3.14584 1.6
-3.14559 1.6
-3.14535 1.5
-3.1451 1.4
-3.14486 1.4
-3.14462 1.3
-3.14437 1.2
-3.14413 1.2
-3.14388 1.1
-3.14364 1.0
-3.14339 1.0
-3.14315 0.9
-3.14291 0.8
-3.14266 0.7
-3.14242 0.6
-3.14217 0.6
-3.14193 0.5
-3.14169 0.4
-3.14144 0.3
-3.1412 0.2
-3.14095 0.1
-3.14071 0.0
-3.14046 0.0
-3.14022 -0.1
-3.13998 -0.2
-3.13973 -0.3
-3.13949 -0.4
-3.13924 -0.4
-3.139 -0.5
-3.13876 -0.6
-3.13851 -0.7
-3.13827 -0.8
-3.13802 -0.8
-3.13778 -0.9
-3.13754 -1.0
-3.13729 -1.1
-3.13705 -1.1
-3.1368 -1.2
-3.13656 -1.3
-3.13631 -1.3
-3.13607 -1.4
-3.13583 -1.5
-3.13558 -1.5
-3.13534 -1.6
-3.13509 -1.6
-3.13485 -1.7
-3.13461 -1.7
-3.13436 -1.8
-3.13412 -1.8
-3.13387 -1.9
-3.13363 -1.9
-3.13338 -2.0
-3.13314 -2.0
-3.1329 -2.0
-3.13265 -2.0
-3.13241 -2.1
-3.13216 -2.1
-3.13192 -2.1
-3.13168 -2.1
-3.13143 -2.1
-3.13119 -2.1
-3.13094 -2.1
-3.1307 -2.1
-3.13046 -2.1
-3.13021 -2.1
-3.12997 -2.1
-3.12972 -2.1
-3.12948 -2.1
-3.12923 -2.1
-3.12899 -2.0
-3.12875 -2.0
-3.1285 -2.0
-3.12826 -1.9
-3.12801 -1.9
-3.12777 -1.9
-3.12753 -1.8
-3.12728 -1.8
-3.12704 -1.7
-3.12679 -1.7
-3.12655 -1.6
-3.1263 -1.6
-3.12606 -1.5
-3.12582 -1.5
-3.12557 -1.4
-3.12533 -1.3
-3.12508 -1.3
-3.12484 -1.2
-3.1246 -1.1
-3.12435 -1.0
-3.12411 -1.0
-3.12386 -0.9
-3.12362 -0.8
-3.12337 -0.7
-3.12313 -0.7
-3.12289 -0.6
-3.12264 -0.5
-3.1224 -0.4
-3.12215 -0.3
-3.12191 -0.2
-3.12167 -0.2
-3.12142 0.0
-3.12118 0.0
-3.12093 0.0
-3.12069 0.2
-3.12045 0.3
-3.1202 0.3
-3.11996 0.4
-3.11971 0.5
-3.11947 0.6
-3.11922 0.7
-3.11898 0.8
-3.11874 0.8
-3.11849 0.9
-3.11825 1.0
-3.118 1.1
-3.11776 1.1
-3.11752 1.2
-3.11727 1.3
-3.11703 1.3
-3.11678 1.4
-3.11654 1.5
-3.11629 1.5
-3.11605 1.6
-3.11581 1.6
-3.11556 1.7
-3.11532 1.7
-3.11507 1.8
-3.11483 1.8
-3.11459 1.9
-3.11434 1.9
-3.1141 2.0
-3.11385 2.0
-3.11361 2.0
-3.11337 2.0
-3.11312 2.1
-3.11288 2.1
-3.11263 2.1
-3.11239 2.1
-3.11214 2.1
-3.1119 2.1
-3.11166 2.1
-3.11141 2.1
-3.11117 2.1
-3.11092 2.1
-3.11068 2.1
-3.11044 2.1
-3.11019 2.1
-3.10995 2.1
-3.1097 2.0
-3.10946 2.0
-3.10921 2.0
-3.10897 1.9
-3.10873 1.9
-3.10848 1.9
-3.10824 1.8
-3.10799 1.8
-3.10775 1.7
-3.10751 1.7
-3.10726 1.6
-3.10702 1.6
-3.10677 1.5
-3.10653 1.5
-3.10629 1.4
-3.10604 1.3
-3.1058 1.3
-3.10555 1.2
-3.10531 1.1
-3.10506 1.0
-3.10482 1.0
-3.10458 0.9
-3.10433 0.8
-3.10409 0.7
-3.10384 0.7
-3.1036 0.6
-3.10336 0.5
-3.10311 0.4
-3.10287 0.3
-3.10262 0.2
-3.10238 0.2
-3.10213 0.0
-3.10189 0.0
-3.10165 -0.1
-3.1014 -0.2
-3.10116 -0.3
-3.10091 -0.4
-3.10067 -0.4
-3.10043 -0.5
-3.10018 -0.6
-3.09994 -0.7
-3.09969 -0.8
-3.09945 -0.8
-3.09921 -0.9
-3.09896 -1.0
-3.09872 -1.1
-3.09847 -1.1
-3.09823 -1.2
-3.09798 -1.3
-3.09774 -1.4
-3.0975 -1.4
-3.09725 -1.5
-3.09701 -1.5
-3.09676 -1.6
-3.09652 -1.7
-3.09628 -1.7
-3.09603 -1.8
-3.09579 -1.8
-3.09554 -1.8
-3.0953 -1.9
-3.09505 -1.9
-3.09481 -2.0
-3.09457 -2.0
-3.09432 -2.0
-3.09408 -2.0
-3.09383 -2.1
-3.09359 -2.1
-3.09335 -2.1
-3.0931 -2.1
-3.09286 -2.1
-3.09261 -2.1
-3.09237 -2.1
-3.09212 -2.1
-3.09188 -2.1
-3.09164 -2.1
-3.09139 -2.1
-3.09115 -2.1
-3.0909 -2.1
-3.09066 -2.1
-3.09042 -2.0
-3.09017 -2.0
-3.08993 -2.0
-3.08968 -1.9
-3.08944 -1.9
-3.0892 -1.9
-3.08895 -1.8
-3.08871 -1.8
-3.08846 -1.7
-3.08822 -1.7
-3.08797 -1.6
-3.08773 -1.6
-3.08749 -1.5
-3.08724 -1.4
-3.087 -1.4
-3.08675 -1.3
-3.08651 -1.2
-3.08627 -1.2
-3.08602 -1.1
-3.08578 -1.0
-3.08553 -0.9
-3.08529 -0.9
-3.08504 -0.8
-3.0848 -0.7
-3.08456 -0.6
-3.08431 -0.6
-3.08407 -0.5
-3.08382 -0.4
-3.08358 -0.3
-3.08334 -0.2
-3.08309 -0.1
-3.08285 0.0
-3.0826 0.0
-3.08236 0.1
-3.08212 0.2
-3.08187 0.3
-3.08163 0.4
-3.08138 0.5
-3.08114 0.5
-3.08089 0.6
-3.08065 0.7
-3.08041 0.8
-3.08016 0.9
-3.07992 0.9
-3.07967 1.0
-3.07943 1.1
-3.07919 1.2
-3.07894 1.2
-3.0787 1.3
-3.07845 1.4
-3.07821 1.4
-3.07796 1.5
-3.07772 1.6
-3.07748 1.6
-3.07723 1.7
-3.07699 1.7
-3.07674 1.8
-3.0765 1.8
-3.07626 1.9
-3.07601 1.9
-3.07577 1.9
-3.07552 2.0
-3.07528 2.0
-3.07504 2.0
-3.07479 2.1
-3.07455 2.1
-3.0743 2.1
-3.07406 2.1
-3.07381 2.1
-3.07357 2.1
-3.07333 2.1
-3.07308 2.1
-3.07284 2.1
-3.07259 2.1
-3.07235 2.1
-3.07211 2.1
-3.07186 2.1
-3.07162 2.1
-3.07137 2.1
-3.07113 2.0
-3.07088 2.0
-3.07064 2.0
-3.0704 1.9
-3.07015 1.9
-3.06991 1.8
-3.06966 1.8
-3.06942 1.8
-3.06918 1.7
-3.06893 1.7
-3.06869 1.6
-3.06844 1.5
-3.0682 1.5
-3.06796 1.4
-3.06771 1.4
-3.06747 1.3
-3.06722 1.2
-3.06698 1.1
-3.06673 1.1
-3.06649 1.0
-3.06625 0.9
-3.066 0.8
-3.06576 0.8
-3.06551 0.7
-3.06527 0.6
-3.06503 0.5
-3.06478 0.4
-3.06454 0.4
-3.06429 0.3
-3.06405 0.2
-3.0638 0.0
-3.06356 0.0
-3.06332 0.0
-3.06307 -0.2
-3.06283 -0.2
-3.06258 -0.3
-3.06234 -0.4
-3.0621 -0.5
-3.06185 -0.6
-3.06161 -0.7
-3.06136 -0.7
-3.06112 -0.8
-3.06087 -0.9
-3.06063 -1.0
-3.06039 -1.1
-3.06014 -1.1
-3.0599 -1.2
-3.05965 -1.3
-3.05941 -1.3
-3.05917 -1.4
-3.05892 -1.5
-3.05868 -1.5
-3.05843 -1.6
-3.05819 -1.6
-3.05795 -1.7
-3.0577 -1.7
-3.05746 -1.8
-3.05721 -1.8
-3.05697 -1.9
-3.05672 -1.9
-3.05648 -2.0
-3.05624 -2.0
-3.05599 -2.0
-3.05575 -2.0
-3.0555 -2.1
-3.05526 -2.1
-3.05502 -2.1
-3.05477 -2.1
-3.05453 -2.1
-3.05428 -2.1
-3.05404 -2.1
-3.05379 -2.1
-3.05355 -2.1
-3.05331 -2.1
-3.05306 -2.1
-3.05282 -2.1
-3.05257 -2.1
-3.05233 -2.1
-3.05209 -2.0
-3.05184 -2.0
-3.0516 -2.0
-3.05135 -1.9
-3.05111 -1.9
-3.05087 -1.9
-3.05062 -1.8
-3.05038 -1.8
-3.05013 -1.7
-3.04989 -1.7
-3.04964 -1.6
-3.0494 -1.6
-3.04916 -1.5
-3.04891 -1.4
-3.04867 -1.4
-3.04842 -1.3
-3.04818 -1.2
-3.04794 -1.2
-3.04769 -1.1
-3.04745 -1.0
-3.0472 -1.0
-3.04696 -0.9
-3.04671 -0.8
-3.04647 -0.7
-3.04623 -0.6
-3.04598 -0.6
-3.04574 -0.5
-3.04549 -0.4
-3.04525 -0.3
-3.04501 -0.2
-3.04476 -0.1
-3.04452 0.0
-3.04427 0.0
-3.04403 0.1
-3.04379 0.2
-3.04354 0.3
-3.0433 0.4
-3.04305 0.5
-3.04281 0.6
-3.04256 0.6
-3.04232 0.7
-3.04208 0.8
-3.04183 0.9
-3.04159 1.0
-3.04134 1.0
-3.0411 1.1
-3.04086 1.2
-3.04061 1.2
-3.04037 1.3
-3.04012 1.4
-3.03988 1.4
-3.03963 1.5
-3.03939 1.6
-3.03915 1.6
-3.0389 1.7
-3.03866 1.7
-3.03841 1.8
-3.03817 1.8
-3.03793 1.9
-3.03768 1.9
-3.03744 2.0
-3.03719 2.0
-3.03695 2.0
-3.03671 2.0
-3.03646 2.1
-3.03622 2.1
-3.03597 2.1
-3.03573 2.1
-3.03548 2.1
-3.03524 2.1
-3.035 2.1
-3.03475 2.1
-3.03451 2.1
-3.03426 2.1
-3.03402 2.1
-3.03378 2.1
-3.03353 2.1
-3.03329 2.1
-3.03304 2.1
-3.0328 2.0
-3.03255 2.0
-3.03231 2.0
-3.03207 1.9
-3.03182 1.9
-3.03158 1.8
-3.03133 1.8
-3.03109 1.7
-3.03085 1.7
-3.0306 1.6
-3.03036 1.6
-3.03011 1.5
-3.02987 1.5
-3.02962 1.4
-3.02938 1.3
-3.02914 1.3
-3.02889 1.2
-3.02865 1.1
-3.0284 1.0
-3.02816 1.0
-3.02792 0.9
-3.02767 0.8
-3.02743 0.7
-3.02718 0.7
-3.02694 0.6
-3.0267 0.5
-3.02645 0.4
-3.02621 0.3
-3.02596 0.2
-3.02572 0.1
-3.02547 0.0
-3.02523 0.0
-3.02499 -0.1
-3.02474 -0.2
-3.0245 -0.3
-3.02425 -0.4
-3.02401 -0.5
-3.02377 -0.5
-3.02352 -0.6
-3.02328 -0.7
-3.02303 -0.8
-3.02279 -0.9
-3.02254 -0.9
-3.0223 -1.0
-3.02206 -1.1
-3.02181 -1.2
-3.02157 -1.2
-3.02132 -1.3
-3.02108 -1.4
-3.02084 -1.4
-3.02059 -1.5
-3.02035 -1.6
-3.0201 -1.6
-3.01986 -1.7
-3.01962 -1.7
-3.01937 -1.8
-3.01913 -1.8
-3.01888 -1.9
-3.01864 -1.9
-3.01839 -1.9
-3.01815 -2.0
-3.01791 -2.0
-3.01766 -2.0
-3.01742 -2.1
-3.01717 -2.1
-3.01693 -2.1
-3.01669 -2.1
-3.01644 -2.1
-3.0162 -2.1
-3.01595 -2.1
-3.01571 -2.1
-3.01546 -2.1
-3.01522 -2.1
-3.01498 -2.1
-3.01473 -2.1
-3.01449 -2.1
-3.01424 -2.1
-3.014 -2.1
-3.01376 -2.0
-3.01351 -2.0
-3.01327 -2.0
-3.01302 -1.9
-3.01278 -1.9
-3.01254 -1.8
-3.01229 -1.8
-3.01205 -1.8
-3.0118 -1.7
-3.01156 -1.6
-3.01131 -1.6
-3.01107 -1.5
-3.01083 -1.5
-3.01058 -1.4
-3.01034 -1.3
-3.01009 -1.3
-3.00985 -1.2
-3.00961 -1.1
-3.00936 -1.1
-3.00912 -1.0
-3.00887 -0.9
-3.00863 -0.8
-3.00838 -0.7
-3.00814 -0.7
-3.0079 -0.6
-3.00765 -0.5
-3.00741 -0.4
-3.00716 -0.3
-3.00692 -0.2
-3.00668 -0.2
-3.00643 0.0
-3.00619 0.0
-3.00594 0.1
-3.0057 0.2
-3.00546 0.3
-3.00521 0.4
-3.00497 0.5
-3.00472 0.5
-3.00448 0.6
-3.00423 0.7
-3.00399 0.8
-3.00375 0.9
-3.0035 0.9
-3.00326 1.0
-3.00301 1.1
-3.00277 1.2
-3.00253 1.2
-3.00228 1.3
-3.00204 1.4
-3.00179 1.4
-3.00155 1.5
-3.0013 1.6
-3.00106 1.6
-3.00082 1.7
-3.00057 1.7
-3.00033 1.8
-3.00008 1.8
-2.99984 1.9
-2.9996 1.9
-2.99935 2.0
-2.99911 2.0
-2.99886 2.0
-2.99862 2.0
-2.99837 2.1
-2.99813 2.1
-2.99789 2.1
-2.99764 2.1
-2.9974 2.1
-2.99715 2.1
-2.99691 2.1
-2.99667 2.1
-2.99642 2.1
-2.99618 2.1
-2.99593 2.1
-2.99569 2.1
-2.99545 2.1
-2.9952 2.1
-2.99496 2.1
-2.99471 2.0
-2.99447 2.0
-2.99422 2.0
-2.99398 1.9
-2.99374 1.9
-2.99349 1.8
-2.99325 1.8
-2.993 1.8
-2.99276 1.7
-2.99252 1.6
-2.99227 1.6
-2.99203 1.5
-2.99178 1.5
-2.99154 1.4
-2.99129 1.3
-2.99105 1.3
-2.99081 1.2
-2.99056 1.1
-2.99032 1.0
-2.99007 1.0
-2.98983 0.9
-2.98959 0.8
-2.98934 0.7
-2.9891 0.6
-2.98885 0.6
-2.98861 0.5
-2.98837 0.4
-2.98812 0.3
-2.98788 0.2
-2.98763 0.1
-2.98739 0.0
-2.98714 0.0
-2.9869 -0.1
-2.98666 -0.2
-2.98641 -0.3
-2.98617 -0.4
-2.98592 -0.5
-2.98568 -0.6
-2.98544 -0.6
-2.98519 -0.7
-2.98495 -0.8
-2.9847 -0.9
-2.98446 -1.0
-2.98421 -1.0
-2.98397 -1.1
-2.98373 -1.2
-2.98348 -1.3
-2.98324 -1.3
-2.98299 -1.4
-2.98275 -1.5
-2.98251 -1.5
-2.98226 -1.6
-2.98202 -1.6
-2.98177 -1.7
-2.98153 -1.7
-2.98129 -1.8
-2.98104 -1.8
-2.9808 -1.9
-2.98055 -1.9
-2.98031 -2.0
-2.98006 -2.0
-2.97982 -2.0
-2.97958 -2.1
-2.97933 -2.1
-2.97909 -2.1
-2.97884 -2.1
-2.9786 -2.1
-2.97836 -2.1
-2.97811 -2.1
-2.97787 -2.2
-2.97762 -2.2
-2.97738 -2.1
-2.97713 -2.1
-2.97689 -2.1
-2.97665 -2.1
-2.9764 -2.1
-2.97616 -2.1
-2.97591 -2.1
-2.97567 -2.0
-2.97543 -2.0
-2.97518 -2.0
-2.97494 -1.9
-2.97469 -1.9
-2.97445 -1.8
-2.97421 -1.8
-2.97396 -1.7
-2.97372 -1.7
-2.97347 -1.6
-2.97323 -1.6
-2.97298 -1.5
-2.97274 -1.5
-2.9725 -1.4
-2.97225 -1.3
-2.97201 -1.2
-2.97176 -1.2
-2.97152 -1.1
-2.97128 -1.0
-2.97103 -0.9
-2.97079 -0.9
-2.97054 -0.8
-2.9703 -0.7
-2.97005 -0.6
-2.96981 -0.5
-2.96957 -0.5
-2.96932 -0.4
-2.96908 -0.3
-2.96883 -0.2
-2.96859 -0.1
-2.96835 0.0
-2.9681 0.0
-2.96786 0.2
-2.96761 0.2
-2.96737 0.3
-2.96712 0.4
-2.96688 0.5
-2.96664 0.6
-2.96639 0.7
-2.96615 0.7
-2.9659 0.8
-2.96566 0.9
-2.96542 1.0
-2.96517 1.1
-2.96493 1.1
-2.96468 1.2
-2.96444 1.3
-2.9642 1.4
-2.96395 1.4
-2.96371 1.5
-2.96346 1.5
-2.96322 1.6
-2.96297 1.7
-2.96273 1.7
-2.96249 1.8
-2.96224 1.8
-2.962 1.9
-2.96175 1.9
-2.96151 1.9
-2.96127 2.0
-2.96102 2.0
-2.96078 2.0
-2.96053 2.1
-2.96029 2.1
-2.96004 2.1
-2.9598 2.1
-2.95956 2.1
-2.95931 2.1
-2.95907 2.2
-2.95882 2.2
-2.95858 2.2
-2.95834 2.1
-2.95809 2.1
-2.95785 2.1
-2.9576 2.1
-2.95736 2.1
-2.95712 2.1
-2.95687 2.0
-2.95663 2.0
-2.95638 2.0
-2.95614 1.9
-2.95589 1.9
-2.95565 1.9
-2.95541 1.8
-2.95516 1.8
-2.95492 1.7
-2.95467 1.7
-2.95443 1.6
-2.95419 1.5
-2.95394 1.5
-2.9537 1.4
-2.95345 1.4
-2.95321 1.3
-2.95296 1.2
-2.95272 1.1
-2.95248 1.1
-2.95223 1.0
-2.95199 0.9
-2.95174 0.8
-2.9515 0.7
-2.95126 0.7
-2.95101 0.6
-2.95077 0.5
-2.95052 0.4
-2.95028 0.3
-2.95004 0.2
-2.94979 0.2
-2.94955 0.0
-2.9493 0.0
-2.94906 -0.1
-2.94881 -0.2
-2.94857 -0.3
-2.94833 -0.4
-2.94808 -0.5
-2.94784 -0.5
-2.94759 -0.6
-2.94735 -0.7
-2.94711 -0.8
-2.94686 -0.9
-2.94662 -1.0
-2.94637 -1.0
-2.94613 -1.1
-2.94588 -1.2
-2.94564 -1.3
-2.9454 -1.3
-2.94515 -1.4
-2.94491 -1.5
-2.94466 -1.5
-2.94442 -1.6
-2.94418 -1.6
-2.94393 -1.7
-2.94369 -1.7
-2.94344 -1.8
-2.9432 -1.8
-2.94296 -1.9
-2.94271 -1.9
-2.94247 -2.0
-2.94222 -2.0
-2.94198 -2.0
-2.94173 -2.1
-2.94149 -2.1
-2.94125 -2.1
-2.941 -2.1
-2.94076 -2.1
-2.94051 -2.1
-2.94027 -2.2
-2.94003 -2.2
-2.93978 -2.2
-2.93954 -2.2
-2.93929 -2.1
-2.93905 -2.1
-2.9388 -2.1
-2.93856 -2.1
-2.93832 -2.1
-2.93807 -2.1
-2.93783 -2.0
-2.93758 -2.0
-2.93734 -2.0
-2.9371 -1.9
-2.93685 -1.9
-2.93661 -1.8
-2.93636 -1.8
-2.93612 -1.7
-2.93587 -1.7
-2.93563 -1.6
-2.93539 -1.6
-2.93514 -1.5
-2.9349 -1.4
-2.93465 -1.4
-2.93441 -1.3
-2.93417 -1.2
-2.93392 -1.2
-2.93368 -1.1
-2.93343 -1.0
-2.93319 -0.9
-2.93295 -0.9
-2.9327 -0.8
-2.93246 -0.7
-2.93221 -0.6
-2.93197 -0.5
-2.93172 -0.4
-2.93148 -0.4
-2.93124 -0.3
-2.93099 -0.2
-2.93075 0.0
-2.9305 0.0
-2.93026 0.0
-2.93002 0.2
-2.92977 0.3
-2.92953 0.3
-2.92928 0.4
-2.92904 0.5
-2.92879 0.6
-2.92855 0.7
-2.92831 0.8
-2.92806 0.9
-2.92782 0.9
-2.92757 1.0
-2.92733 1.1
-2.92709 1.2
-2.92684 1.2
-2.9266 1.3
-2.92635 1.4
-2.92611 1.4
-2.92587 1.5
-2.92562 1.6
-2.92538 1.6
-2.92513 1.7
-2.92489 1.7
-2.92464 1.8
-2.9244 1.8
-2.92416 1.9
-2.92391 1.9
-2.92367 2.0
-2.92342 2.0
-2.92318 2.0
-2.92294 2.1
-2.92269 2.1
-2.92245 2.1
-2.9222 2.1
-2.92196 2.1
-2.92171 2.2
-2.92147 2.2
-2.92123 2.2
-2.92098 2.2
-2.92074 2.2
-2.92049 2.2
-2.92025 2.1
-2.92001 2.1
-2.91976 2.1
-2.91952 2.1
-2.91927 2.1
-2.91903 2.0
-2.91879 2.0
-2.91854 2.0
-2.9183 1.9
-2.91805 1.9
-2.91781 1.9
-2.91756 1.8
-2.91732 1.8
-2.91708 1.7
-2.91683 1.6
-2.91659 1.6
-2.91634 1.5
-2.9161 1.5
-2.91586 1.4
-2.91561 1.3
-2.91537 1.3
-2.91512 1.2
-2.91488 1.1
-2.91463 1.0
-2.91439 1.0
-2.91415 0.9
-2.9139 0.8
-2.91366 0.7
-2.91341 0.6
-2.91317 0.5
-2.91293 0.5
-2.91268 0.4
-2.91244 0.3
-2.91219 0.2
-2.91195 0.1
-2.91171 0.0
-2.91146 0.0
-2.91122 -0.2
-2.91097 -0.2
-2.91073 -0.3
-2.91048 -0.4
-2.91024 -0.5
-2.91 -0.6
-2.90975 -0.7
-2.90951 -0.8
-2.90926 -0.8
-2.90902 -0.9
-2.90878 -1.0
-2.90853 -1.1
-2.90829 -1.2
-2.90804 -1.2
-2.9078 -1.3
-2.90755 -1.4
-2.90731 -1.4
-2.90707 -1.5
-2.90682 -1.6
-2.90658 -1.6
-2.90633 -1.7
-2.90609 -1.7
-2.90585 -1.8
-2.9056 -1.8
-2.90536 -1.9
-2.90511 -1.9
-2.90487 -2.0
-2.90462 -2.0
-2.90438 -2.0
-2.90414 -2.1
-2.90389 -2.1
-2.90365 -2.1
-2.9034 -2.1
-2.90316 -2.1
-2.90292 -2.2
-2.90267 -2.2
-2.90243 -2.2
-2.90218 -2.2
-2.90194 -2.2
-2.9017 -2.2
-2.90145 -2.1
-2.90121 -2.1
-2.90096 -2.1
-2.90072 -2.1
-2.90047 -2.1
-2.90023 -2.0
-2.89999 -2.0
-2.89974 -2.0
-2.8995 -1.9
-2.89925 -1.9
-2.89901 -1.9
-2.89877 -1.8
-2.89852 -1.8
-2.89828 -1.7
-2.89803 -1.6
-2.89779 -1.6
-2.89754 -1.5
-2.8973 -1.5
-2.89706 -1.4
-2.89681 -1.3
-2.89657 -1.3
-2.89632 -1.2
-2.89608 -1.1
-2.89584 -1.0
-2.89559 -1.0
-2.89535 -0.9
-2.8951 -0.8
-2.89486 -0.7
-2.89462 -0.6
-2.89437 -0.5
-2.89413 -0.4
-2.89388 -0.4
-2.89364 -0.3
-2.89339 -0.2
-2.89315 0.0
-2.89291 0.0
-2.89266 0.0
-2.89242 0.2
-2.89217 0.3
-2.89193 0.3
-2.89169 0.4
-2.89144 0.5
-2.8912 0.6
-2.89095 0.7
-2.89071 0.8
-2.89046 0.9
-2.89022 0.9
-2.88998 1.0
-2.88973 1.1
-2.88949 1.2
-2.88924 1.2
-2.889 1.3
-2.88876 1.4
-2.88851 1.4
-2.88827 1.5
-2.88802 1.6
-2.88778 1.6
-2.88754 1.7
-2.88729 1.7
-2.88705 1.8
-2.8868 1.8
-2.88656 1.9
-2.88631 1.9
-2.88607 2.0
-2.88583 2.0
-2.88558 2.0
-2.88534 2.1
-2.88509 2.1
-2.88485 2.1
-2.88461 2.1
-2.88436 2.1
-2.88412 2.2
-2.88387 2.2
-2.88363 2.2
-2.88338 2.2
-2.88314 2.2
-2.8829 2.2
-2.88265 2.1
-2.88241 2.1
-2.88216 2.1
-2.88192 2.1
-2.88168 2.1
-2.88143 2.0
-2.88119 2.0
-2.88094 2.0
-2.8807 1.9
-2.88046 1.9
-2.88021 1.8
-2.87997 1.8
-2.87972 1.7
-2.87948 1.7
-2.87923 1.6
-2.87899 1.6
-2.87875 1.5
-2.8785 1.5
-2.87826 1.4
-2.87801 1.3
-2.87777 1.2
-2.87753 1.2
-2.87728 1.1
-2.87704 1.0
-2.87679 0.9
-2.87655 0.9
-2.8763 0.8
-2.87606 0.7
-2.87582 0.6
-2.87557 0.5
-2.87533 0.4
-2.87508 0.3
-2.87484 0.3
-2.8746 0.2
-2.87435 0.0
-2.87411 0.0
-2.87386 0.0
-2.87362 -0.2
-2.87337 -0.3
-2.87313 -0.4
-2.87289 -0.5
-2.87264 -0.5
-2.8724 -0.6
-2.87215 -0.7
-2.87191 -0.8
-2.87167 -0.9
-2.87142 -1.0
-2.87118 -1.0
-2.87093 -1.1
-2.87069 -1.2
-2.87045 -1.3
-2.8702 -1.3
-2.86996 -1.4
-2.86971 -1.5
-2.86947 -1.5
-2.86922 -1.6
-2.86898 -1.7
-2.86874 -1.7
-2.86849 -1.8
-2.86825 -1.8
-2.868 -1.9
-2.86776 -1.9
-2.86752 -1.9
-2.86727 -2.0
-2.86703 -2.0
-2.86678 -2.1
-2.86654 -2.1
-2.86629 -2.1
-2.86605 -2.1
-2.86581 -2.1
-2.86556 -2.2
-2.86532 -2.2
-2.86507 -2.2
-2.86483 -2.2
-2.86459 -2.2
-2.86434 -2.2
-2.8641 -2.2
-2.86385 -2.1
-2.86361 -2.1
-2.86337 -2.1
-2.86312 -2.1
-2.86288 -2.1
-2.86263 -2.0
-2.86239 -2.0
-2.86214 -2.0
-2.8619 -1.9
-2.86166 -1.9
-2.86141 -1.8
-2.86117 -1.8
-2.86092 -1.7
-2.86068 -1.7
-2.86044 -1.6
-2.86019 -1.6
-2.85995 -1.5
-2.8597 -1.4
-2.85946 -1.4
-2.85921 -1.3
-2.85897 -1.2
-2.85873 -1.1
-2.85848 -1.1
-2.85824 -1.0
-2.85799 -0.9
-2.85775 -0.8
-2.85751 -0.7
-2.85726 -0.7
-2.85702 -0.6
-2.85677 -0.5
-2.85653 -0.4
-2.85629 -0.3
-2.85604 -0.2
-2.8558 -0.1
-2.85555 0.0
-2.85531 0.0
-2.85506 0.1
-2.85482 0.2
-2.85458 0.3
-2.85433 0.4
-2.85409 0.5
-2.85384 0.6
-2.8536 0.7
-2.85336 0.7
-2.85311 0.8
-2.85287 0.9
-2.85262 1.0
-2.85238 1.1
-2.85213 1.1
-2.85189 1.2
-2.85165 1.3
-2.8514 1.4
-2.85116 1.4
-2.85091 1.5
-2.85067 1.6
-2.85043 1.6
-2.85018 1.7
-2.84994 1.7
-2.84969 1.8
-2.84945 1.8
-2.84921 1.9
-2.84896 1.9
-2.84872 2.0
-2.84847 2.0
-2.84823 2.0
-2.84798 2.1
-2.84774 2.1
-2.8475 2.1
-2.84725 2.1
-2.84701 2.2
-2.84676 2.2
-2.84652 2.2
-2.84628 2.2
-2.84603 2.2
-2.84579 2.2
-2.84554 2.2
-2.8453 2.2
-2.84505 2.1
-2.84481 2.1
-2.84457 2.1
-2.84432 2.1
-2.84408 2.1
-2.84383 2.0
-2.84359 2.0
-2.84335 1.9
-2.8431 1.9
-2.84286 1.9
-2.84261 1.8
-2.84237 1.8
-2.84212 1.7
-2.84188 1.6
-2.84164 1.6
-2.84139 1.5
-2.84115 1.5
-2.8409 1.4
-2.84066 1.3
-2.84042 1.2
-2.84017 1.2
-2.83993 1.1
-2.83968 1.0
-2.83944 0.9
-2.8392 0.9
-2.83895 0.8
-2.83871 0.7
-2.83846 0.6
-2.83822 0.5
-2.83797 0.4
-2.83773 0.3
-2.83749 0.3
-2.83724 0.2
-2.837 0.0
-2.83675 0.0
-2.83651 -0.1
-2.83627 -0.2
-2.83602 -0.3
-2.83578 -0.4
-2.83553 -0.5
-2.83529 -0.5
-2.83504 -0.6
-2.8348 -0.7
-2.83456 -0.8
-2.83431 -0.9
-2.83407 -1.0
-2.83382 -1.0
-2.83358 -1.1
-2.83334 -1.2
-2.83309 -1.3
-2.83285 -1.3
-2.8326 -1.4
-2.83236 -1.5
-2.83212 -1.5
-2.83187 -1.6
-2.83163 -1.7
-2.83138 -1.7
-2.83114 -1.8
-2.83089 -1.8
-2.83065 -1.9
-2.83041 -1.9
-2.83016 -2.0
-2.82992 -2.0
-2.82967 -2.0
-2.82943 -2.1
-2.82919 -2.1
-2.82894 -2.1
-2.8287 -2.1
-2.82845 -2.2
-2.82821 -2.2
-2.82796 -2.2
-2.82772 -2.2
-2.82748 -2.2
-2.82723 -2.2
-2.82699 -2.2
-2.82674 -2.2
-2.8265 -2.1
-2.82626 -2.1
-2.82601 -2.1
-2.82577 -2.1
-2.82552 -2.1
-2.82528 -2.0
-2.82504 -2.0
-2.82479 -2.0
-2.82455 -1.9
-2.8243 -1.9
-2.82406 -1.8
-2.82381 -1.8
-2.82357 -1.7
-2.82333 -1.7
-2.82308 -1.6
-2.82284 -1.5
-2.82259 -1.5
-2.82235 -1.4
-2.82211 -1.3
-2.82186 -1.3
-2.82162 -1.2
-2.82137 -1.1
-2.82113 -1.0
-2.82088 -1.0
-2.82064 -0.9
-2.8204 -0.8
-2.82015 -0.7
-2.81991 -0.6
-2.81966 -0.5
-2.81942 -0.5
-2.81918 -0.4
-2.81893 -0.3
-2.81869 -0.2
-2.81844 0.0
-2.8182 0.0
-2.81796 0.0
-2.81771 0.2
-2.81747 0.3
-2.81722 0.4
-2.81698 0.4
-2.81673 0.5
-2.81649 0.6
-2.81625 0.7
-2.816 0.8
-2.81576 0.9
-2.81551 1.0
-2.81527 1.0
-2.81503 1.1
-2.81478 1.2
-2.81454 1.3
-2.81429 1.3
-2.81405 1.4
-2.8138 1.5
-2.81356 1.5
-2.81332 1.6
-2.81307 1.7
-2.81283 1.7
-2.81258 1.8
-2.81234 1.8
-2.8121 1.9
-2.81185 1.9
-2.81161 2.0
-2.81136 2.0
-2.81112 2.0
-2.81087 2.1
-2.81063 2.1
-2.81039 2.1
-2.81014 2.1
-2.8099 2.2
-2.80965 2.2
-2.80941 2.2
-2.80917 2.2
-2.80892 2.2
-2.80868 2.2
-2.80843 2.2
-2.80819 2.2
-2.80795 2.2
-2.8077 2.1
-2.80746 2.1
-2.80721 2.1
-2.80697 2.1
-2.80672 2.0
-2.80648 2.0
-2.80624 2.0
-2.80599 1.9
-2.80575 1.9
-2.8055 1.8
-2.80526 1.8
-2.80502 1.7
-2.80477 1.7
-2.80453 1.6
-2.80428 1.6
-2.80404 1.5
-2.80379 1.4
-2.80355 1.3
-2.80331 1.3
-2.80306 1.2
-2.80282 1.1
-2.80257 1.0
-2.80233 1.0
-2.80209 0.9
-2.80184 0.8
-2.8016 0.7
-2.80135 0.6
-2.80111 0.5
-2.80087 0.5
-2.80062 0.4
-2.80038 0.3
-2.80013 0.2
-2.79989 0.0
-2.79964 0.0
-2.7994 0.0
-2.79916 -0.2
-2.79891 -0.3
-2.79867 -0.4
-2.79842 -0.4
-2.79818 -0.5
-2.79794 -0.6
-2.79769 -0.7
-2.79745 -0.8
-2.7972 -0.9
-2.79696 -1.0
-2.79671 -1.0
-2.79647 -1.1
-2.79623 -1.2
-2.79598 -1.3
-2.79574 -1.3
-2.79549 -1.4
-2.79525 -1.5
-2.79501 -1.5
-2.79476 -1.6
-2.79452 -1.7
-2.79427 -1.7
-2.79403 -1.8
-2.79379 -1.8
-2.79354 -1.9
-2.7933 -1.9
-2.79305 -2.0
-2.79281 -2.0
-2.79256 -2.0
-2.79232 -2.1
-2.79208 -2.1
-2.79183 -2.1
-2.79159 -2.1
-2.79134 -2.2
-2.7911 -2.2
-2.79086 -2.2
-2.79061 -2.2
-2.79037 -2.2
-2.79012 -2.2
-2.78988 -2.2
-2.78963 -2.2
-2.78939 -2.2
-2.78915 -2.1
-2.7889 -2.1
-2.78866 -2.1
-2.78841 -2.1
-2.78817 -2.0
-2.78793 -2.0
-2.78768 -2.0
-2.78744 -1.9
-2.78719 -1.9
-2.78695 -1.8
-2.78671 -1.8
-2.78646 -1.7
-2.78622 -1.7
-2.78597 -1.6
-2.78573 -1.5
-2.78548 -1.5
-2.78524 -1.4
-2.785 -1.3
-2.78475 -1.3
-2.78451 -1.2
-2.78426 -1.1
-2.78402 -1.0
-2.78378 -1.0
-2.78353 -0.9
-2.78329 -0.8
-2.78304 -0.7
-2.7828 -0.6
-2.78255 -0.5
-2.78231 -0.4
-2.78207 -0.4
-2.78182 -0.3
-2.78158 -0.2
-2.78133 0.0
-2.78109 0.0
-2.78085 0.0
-2.7806 0.2
-2.78036 0.3
-2.78011 0.4
-2.77987 0.5
-2.77962 0.5
-2.77938 0.6
-2.77914 0.7
-2.77889 0.8
-2.77865 0.9
-2.7784 1.0
-2.77816 1.0
-2.77792 1.1
-2.77767 1.2
-2.77743 1.3
-2.77718 1.4
-2.77694 1.4
-2.7767 1.5
-2.77645 1.6
-2.77621 1.6
-2.77596 1.7
-2.77572 1.7
-2.77547 1.8
-2.77523 1.8
-2.77499 1.9
-2.77474 1.9
-2.7745 2.0
-2.77425 2.0
-2.77401 2.0
-2.77377 2.1
-2.77352 2.1
-2.77328 2.1
-2.77303 2.1
-2.77279 2.2
-2.77254 2.2
-2.7723 2.2
-2.77206 2.2
-2.77181 2.2
-2.77157 2.2
-2.77132 2.2
-2.77108 2.2
-2.77084 2.2
-2.77059 2.1
-2.77035 2.1
-2.7701 2.1
-2.76986 2.1
-2.76962 2.0
-2.76937 2.0
-2.76913 2.0
-2.76888 1.9
-2.76864 1.9
-2.76839 1.8
-2.76815 1.8
-2.76791 1.7
-2.76766 1.7
-2.76742 1.6
-2.76717 1.5
-2.76693 1.5
-2.76669 1.4
-2.76644 1.3
-2.7662 1.2
-2.76595 1.2
-2.76571 1.1
-2.76546 1.0
-2.76522 0.9
-2.76498 0.9
-2.76473 0.8
-2.76449 0.7
-2.76424 0.6
-2.764 0.5
-2.76376 0.4
-2.76351 0.3
-2.76327 0.2
-2.76302 0.1
-2.76278 0.0
-2.76254 0.0
-2.76229 -0.1
-2.76205 -0.2
-2.7618 -0.3
-2.76156 -0.4
-2.76131 -0.5
-2.76107 -0.6
-2.76083 -0.7
-2.76058 -0.7
-2.76034 -0.8
-2.76009 -0.9
-2.75985 -1.0
-2.75961 -1.1
-2.75936 -1.2
-2.75912 -1.2
-2.75887 -1.3
-2.75863 -1.4
-2.75838 -1.5
-2.75814 -1.5
-2.7579 -1.6
-2.75765 -1.6
-2.75741 -1.7
-2.75716 -1.8
-2.75692 -1.8
-2.75668 -1.9
-2.75643 -1.9
-2.75619 -2.0
-2.75594 -2.0
-2.7557 -2.0
-2.75546 -2.1
-2.75521 -2.1
-2.75497 -2.1
-2.75472 -2.1
-2.75448 -2.2
-2.75423 -2.2
-2.75399 -2.2
-2.75375 -2.2
-2.7535 -2.2
-2.75326 -2.2
-2.75301 -2.2
-2.75277 -2.2
-2.75253 -2.2
-2.75228 -2.2
-2.75204 -2.1
-2.75179 -2.1
-2.75155 -2.1
-2.7513 -2.1
-2.75106 -2.0
-2.75082 -2.0
-2.75057 -1.9
-2.75033 -1.9
-2.75008 -1.9
-2.74984 -1.8
-2.7496 -1.7
-2.74935 -1.7
-2.74911 -1.6
-2.74886 -1.6
-2.74862 -1.5
-2.74837 -1.4
-2.74813 -1.4
-2.74789 -1.3
-2.74764 -1.2
-2.7474 -1.1
-2.74715 -1.1
-2.74691 -1.0
-2.74667 -0.9
-2.74642 -0.8
-2.74618 -0.7
-2.74593 -0.6
-2.74569 -0.6
-2.74545 -0.5
-2.7452 -0.4
-2.74496 -0.3
-2.74471 -0.2
-2.74447 0.0
-2.74422 0.0
-2.74398 0.0
-2.74374 0.2
-2.74349 0.3
-2.74325 0.4
-2.743 0.4
-2.74276 0.5
-2.74252 0.6
-2.74227 0.7
-2.74203 0.8
-2.74178 0.9
-2.74154 1.0
-2.74129 1.0
-2.74105 1.1
-2.74081 1.2
-2.74056 1.3
-2.74032 1.4
-2.74007 1.4
-2.73983 1.5
-2.73959 1.6
-2.73934 1.6
-2.7391 1.7
-2.73885 1.7
-2.73861 1.8
-2.73837 1.8
-2.73812 1.9
-2.73788 1.9
-2.73763 2.0
-2.73739 2.0
-2.73714 2.1
-2.7369 2.1
-2.73666 2.1
-2.73641 2.1
-2.73617 2.2
-2.73592 2.2
-2.73568 2.2
-2.73544 2.2
-2.73519 2.2
-2.73495 2.2
-2.7347 2.2
-2.73446 2.2
-2.73421 2.2
-2.73397 2.2
-2.73373 2.1
-2.73348 2.1
-2.73324 2.1
-2.73299 2.1
-2.73275 2.0
-2.73251 2.0
-2.73226 2.0
-2.73202 1.9
-2.73177 1.9
-2.73153 1.8
-2.73129 1.8
-2.73104 1.7
-2.7308 1.7
-2.73055 1.6
-2.73031 1.5
-2.73006 1.5
-2.72982 1.4
-2.72958 1.3
-2.72933 1.2
-2.72909 1.2
-2.72884 1.1
-2.7286 1.0
-2.72836 0.9
-2.72811 0.8
-2.72787 0.8
-2.72762 0.7
-2.72738 0.6
-2.72713 0.5
-2.72689 0.4
-2.72665 0.3
-2.7264 0.2
-2.72616 0.1
-2.72591 0.0
-2.72567 0.0
-2.72543 -0.1
-2.72518 -0.2
-2.72494 -0.3
-2.72469 -0.4
-2.72445 -0.5
-2.72421 -0.6
-2.72396 -0.7
-2.72372 -0.8
-2.72347 -0.9
-2.72323 -0.9
-2.72298 -1.0
-2.72274 -1.1
-2.7225 -1.2
-2.72225 -1.3
-2.72201 -1.3
-2.72176 -1.4
-2.72152 -1.5
-2.72128 -1.5
-2.72103 -1.6
-2.72079 -1.7
-2.72054 -1.7
-2.7203 -1.8
-2.72005 -1.8
-2.71981 -1.9
-2.71957 -1.9
-2.71932 -2.0
-2.71908 -2.0
-2.71883 -2.0
-2.71859 -2.1
-2.71835 -2.1
-2.7181 -2.1
-2.71786 -2.2
-2.71761 -2.2
-2.71737 -2.2
-2.71712 -2.2
-2.71688 -2.2
-2.71664 -2.2
-2.71639 -2.2
-2.71615 -2.2
-2.7159 -2.2
-2.71566 -2.2
-2.71542 -2.2
-2.71517 -2.1
-2.71493 -2.1
-2.71468 -2.1
-2.71444 -2.0
-2.7142 -2.0
-2.71395 -2.0
-2.71371 -1.9
-2.71346 -1.9
-2.71322 -1.8
-2.71297 -1.8
-2.71273 -1.7
-2.71249 -1.7
-2.71224 -1.6
-2.712 -1.5
-2.71175 -1.5
-2.71151 -1.4
-2.71127 -1.3
-2.71102 -1.3
-2.71078 -1.2
-2.71053 -1.1
-2.71029 -1.0
-2.71004 -0.9
-2.7098 -0.9
-2.70956 -0.8
-2.70931 -0.7
-2.70907 -0.6
-2.70882 -0.5
-2.70858 -0.4
-2.70834 -0.3
-2.70809 -0.2
-2.70785 -0.1
-2.7076 0.0
-2.70736 0.0
-2.70712 0.1
-2.70687 0.2
-2.70663 0.3
-2.70638 0.4
-2.70614 0.5
-2.70589 0.6
-2.70565 0.7
-2.70541 0.8
-2.70516 0.9
-2.70492 0.9
-2.70467 1.0
-2.70443 1.1
-2.70419 1.2
-2.70394 1.3
-2.7037 1.3
-2.70345 1.4
-2.70321 1.5
-2.70296 1.5
-2.70272 1.6
-2.70248 1.7
-2.70223 1.7
-2.70199 1.8
-2.70174 1.8
-2.7015 1.9
-2.70126 1.9
-2.70101 2.0
-2.70077 2.0
-2.70052 2.0
-2.70028 2.1
-2.70004 2.1
-2.69979 2.1
-2.69955 2.2
-2.6993 2.2
-2.69906 2.2
-2.69881 2.2
-2.69857 2.2
-2.69833 2.2
-2.69808 2.2
-2.69784 2.2
-2.69759 2.2
-2.69735 2.2
-2.69711 2.2
-2.69686 2.1
-2.69662 2.1
-2.69637 2.1
-2.69613 2.0
-2.69588 2.0
-2.69564 2.0
-2.6954 1.9
-2.69515 1.9
-2.69491 1.8
-2.69466 1.8
-2.69442 1.7
-2.69418 1.7
-2.69393 1.6
-2.69369 1.5
-2.69344 1.5
-2.6932 1.4
-2.69296 1.3
-2.69271 1.3
-2.69247 1.2
-2.69222 1.1
-2.69198 1.0
-2.69173 0.9
-2.69149 0.8
-2.69125 0.8
-2.691 0.7
-2.69076 0.6
-2.69051 0.5
-2.69027 0.4
-2.69003 0.3
-2.68978 0.2
-2.68954 0.1
-2.68929 0.0
-2.68905 0.0
-2.6888 -0.1
-2.68856 -0.2
-2.68832 -0.3
-2.68807 -0.4
-2.68783 -0.5
-2.68758 -0.6
-2.68734 -0.7
-2.6871 -0.8
-2.68685 -0.9
-2.68661 -0.9
-2.68636 -1.0
-2.68612 -1.1
-2.68587 -1.2
-2.68563 -1.3
-2.68539 -1.3
-2.68514 -1.4
-2.6849 -1.5
-2.68465 -1.6
-2.68441 -1.6
-2.68417 -1.7
-2.68392 -1.7
-2.68368 -1.8
-2.68343 -1.8
-2.68319 -1.9
-2.68295 -1.9
-2.6827 -2.0
-2.68246 -2.0
-2.68221 -2.1
-2.68197 -2.1
-2.68172 -2.1
-2.68148 -2.1
-2.68124 -2.2
-2.68099 -2.2
-2.68075 -2.2
-2.6805 -2.2
-2.68026 -2.2
-2.68002 -2.2
-2.67977 -2.2
-2.67953 -2.2
-2.67928 -2.2
-2.67904 -2.2
-2.67879 -2.2
-2.67855 -2.1
-2.67831 -2.1
-2.67806 -2.1
-2.67782 -2.0
-2.67757 -2.0
-2.67733 -2.0
-2.67709 -1.9
-2.67684 -1.9
-2.6766 -1.8
-2.67635 -1.8
-2.67611 -1.7
-2.67587 -1.7
-2.67562 -1.6
-2.67538 -1.5
-2.67513 -1.5
-2.67489 -1.4
-2.67464 -1.3
-2.6744 -1.2
-2.67416 -1.2
-2.67391 -1.1
-2.67367 -1.0
-2.67342 -0.9
-2.67318 -0.8
-2.67294 -0.7
-2.67269 -0.7
-2.67245 -0.6
-2.6722 -0.5
-2.67196 -0.4
-2.67171 -0.3
-2.67147 -0.2
-2.67123 -0.1
-2.67098 0.0
-2.67074 0.0
-2.67049 0.2
-2.67025 0.3
-2.67001 0.4
-2.66976 0.4
-2.66952 0.5
-2.66927 0.6
-2.66903 0.7
-2.66879 0.8
-2.66854 0.9
-2.6683 1.0
-2.66805 1.1
-2.66781 1.1
-2.66756 1.2
-2.66732 1.3
-2.66708 1.4
-2.66683 1.4
-2.66659 1.5
-2.66634 1.6
-2.6661 1.6
-2.66586 1.7
-2.66561 1.8
-2.66537 1.8
-2.66512 1.9
-2.66488 1.9
-2.66463 2.0
-2.66439 2.0
-2.66415 2.0
-2.6639 2.1
-2.66366 2.1
-2.66341 2.1
-2.66317 2.2
-2.66293 2.2
-2.66268 2.2
-2.66244 2.2
-2.66219 2.2
-2.66195 2.2
-2.66171 2.2
-2.66146 2.2
-2.66122 2.2
-2.66097 2.2
-2.66073 2.2
-2.66048 2.2
-2.66024 2.1
-2.66 2.1
-2.65975 2.1
-2.65951 2.0
-2.65926 2.0
-2.65902 2.0
-2.65878 1.9
-2.65853 1.9
-2.65829 1.8
-2.65804 1.8
-2.6578 1.7
-2.65755 1.6
-2.65731 1.6
-2.65707 1.5
-2.65682 1.4
-2.65658 1.4
-2.65633 1.3
-2.65609 1.2
-2.65585 1.1
-2.6556 1.0
-2.65536 1.0
-2.65511 0.9
-2.65487 0.8
-2.65462 0.7
-2.65438 0.6
-2.65414 0.5
-2.65389 0.4
-2.65365 0.3
-2.6534 0.3
-2.65316 0.2
-2.65292 0.0
-2.65267 0.0
-2.65243 -0.1
-2.65218 -0.2
-2.65194 -0.3
-2.6517 -0.4
-2.65145 -0.5
-2.65121 -0.6
-2.65096 -0.7
-2.65072 -0.8
-2.65047 -0.8
-2.65023 -0.9
-2.64999 -1.0
-2.64974 -1.1
-2.6495 -1.2
-2.64925 -1.3
-2.64901 -1.3
-2.64877 -1.4
-2.64852 -1.5
-2.64828 -1.5
-2.64803 -1.6
-2.64779 -1.7
-2.64754 -1.7
-2.6473 -1.8
-2.64706 -1.8
-2.64681 -1.9
-2.64657 -1.9
-2.64632 -2.0
-2.64608 -2.0
-2.64584 -2.1
-2.64559 -2.1
-2.64535 -2.1
-2.6451 -2.1
-2.64486 -2.2
-2.64462 -2.2
-2.64437 -2.2
-2.64413 -2.2
-2.64388 -2.2
-2.64364 -2.2
-2.64339 -2.2
-2.64315 -2.2
-2.64291 -2.2
-2.64266 -2.2
-2.64242 -2.2
-2.64217 -2.1
-2.64193 -2.1
-2.64169 -2.1
-2.64144 -2.1
-2.6412 -2.0
-2.64095 -2.0
-2.64071 -1.9
-2.64046 -1.9
-2.64022 -1.8
-2.63998 -1.8
-2.63973 -1.7
-2.63949 -1.7
-2.63924 -1.6
-2.639 -1.5
-2.63876 -1.5
-2.63851 -1.4
-2.63827 -1.3
-2.63802 -1.2
-2.63778 -1.2
-2.63754 -1.1
-2.63729 -1.0
-2.63705 -0.9
-2.6368 -0.8
-2.63656 -0.7
-2.63631 -0.7
-2.63607 -0.6
-2.63583 -0.5
-2.63558 -0.4
-2.63534 -0.3
-2.63509 -0.2
-2.63485 -0.1
-2.63461 0.0
-2.63436 0.0
-2.63412 0.2
-2.63387 0.3
-2.63363 0.4
-2.63338 0.5
-2.63314 0.5
-2.6329 0.6
-2.63265 0.7
-2.63241 0.8
-2.63216 0.9
-2.63192 1.0
-2.63168 1.1
-2.63143 1.2
-2.63119 1.2
-2.63094 1.3
-2.6307 1.4
-2.63046 1.5
-2.63021 1.5
-2.62997 1.6
-2.62972 1.7
-2.62948 1.7
-2.62923 1.8
-2.62899 1.8
-2.62875 1.9
-2.6285 1.9
-2.62826 2.0
-2.62801 2.0
-2.62777 2.1
-2.62753 2.1
-2.62728 2.1
-2.62704 2.1
-2.62679 2.2
-2.62655 2.2
-2.6263 2.2
-2.62606 2.2
-2.62582 2.2
-2.62557 2.2
-2.62533 2.2
-2.62508 2.2
-2.62484 2.2
-2.6246 2.2
-2.62435 2.2
-2.62411 2.2
-2.62386 2.1
-2.62362 2.1
-2.62337 2.1
-2.62313 2.0
-2.62289 2.0
-2.62264 1.9
-2.6224 1.9
-2.62215 1.8
-2.62191 1.8
-2.62167 1.7
-2.62142 1.7
-2.62118 1.6
-2.62093 1.6
-2.62069 1.5
-2.62045 1.4
-2.6202 1.3
-2.61996 1.3
-2.61971 1.2
-2.61947 1.1
-2.61922 1.0
-2.61898 0.9
-2.61874 0.8
-2.61849 0.8
-2.61825 0.7
-2.618 0.6
-2.61776 0.5
-2.61752 0.4
-2.61727 0.3
-2.61703 0.2
-2.61678 0.1
-2.61654 0.0
-2.61629 0.0
-2.61605 -0.2
-2.61581 -0.3
-2.61556 -0.4
-2.61532 -0.4
-2.61507 -0.5
-2.61483 -0.6
-2.61459 -0.7
-2.61434 -0.8
-2.6141 -0.9
-2.61385 -1.0
-2.61361 -1.1
-2.61337 -1.1
-2.61312 -1.2
-2.61288 -1.3
-2.61263 -1.4
-2.61239 -1.4
-2.61214 -1.5
-2.6119 -1.6
-2.61166 -1.7
-2.61141 -1.7
-2.61117 -1.8
-2.61092 -1.8
-2.61068 -1.9
-2.61044 -1.9
-2.61019 -2.0
-2.60995 -2.0
-2.6097 -2.1
-2.60946 -2.1
-2.60921 -2.1
-2.60897 -2.1
-2.60873 -2.2
-2.60848 -2.2
-2.60824 -2.2
-2.60799 -2.2
-2.60775 -2.2
-2.60751 -2.2
-2.60726 -2.2
-2.60702 -2.2
-2.60677 -2.2
-2.60653 -2.2
-2.60629 -2.2
-2.60604 -2.2
-2.6058 -2.1
-2.60555 -2.1
-2.60531 -2.1
-2.60506 -2.0
-2.60482 -2.0
-2.60458 -2.0
-2.60433 -1.9
-2.60409 -1.9
-2.60384 -1.8
-2.6036 -1.7
-2.60336 -1.7
-2.60311 -1.6
-2.60287 -1.6
-2.60262 -1.5
-2.60238 -1.4
-2.60213 -1.3
-2.60189 -1.3
-2.60165 -1.2
-2.6014 -1.1
-2.60116 -1.0
-2.60091 -0.9
-2.60067 -0.9
-2.60043 -0.8
-2.60018 -0.7
-2.59994 -0.6
-2.59969 -0.5
-2.59945 -0.4
-2.59921 -0.3
-2.59896 -0.2
-2.59872 -0.1
-2.59847 0.0
-2.59823 0.0
-2.59798 0.2
-2.59774 0.3
-2.5975 0.4
-2.59725 0.4
-2.59701 0.5
-2.59676 0.6
-2.59652 0.7
-2.59628 0.8
-2.59603 0.9
-2.59579 1.0
-2.59554 1.1
-2.5953 1.1
-2.59505 1.2
-2.59481 1.3
-2.59457 1.4
-2.59432 1.5
-2.59408 1.5
-2.59383 1.6
-2.59359 1.7
-2.59335 1.7
-2.5931 1.8
-2.59286 1.8
-2.59261 1.9
-2.59237 1.9
-2.59212 2.0
-2.59188 2.0
-2.59164 2.1
-2.59139 2.1
-2.59115 2.1
-2.5909 2.1
-2.59066 2.2
-2.59042 2.2
-2.59017 2.2
-2.58993 2.2
-2.58968 2.2
-2.58944 2.2
-2.5892 2.2
-2.58895 2.2
-2.58871 2.2
-2.58846 2.2
-2.58822 2.2
-2.58797 2.2
-2.58773 2.1
-2.58749 2.1
-2.58724 2.1
-2.587 2.0
-2.58675 2.0
-2.58651 1.9
-2.58627 1.9
-2.58602 1.9
-2.58578 1.8
-2.58553 1.7
-2.58529 1.7
-2.58504 1.6
-2.5848 1.5
-2.58456 1.5
-2.58431 1.4
-2.58407 1.3
-2.58382 1.3
-2.58358 1.2
-2.58334 1.1
-2.58309 1.0
-2.58285 0.9
-2.5826 0.8
-2.58236 0.7
-2.58212 0.7
-2.58187 0.6
-2.58163 0.5
-2.58138 0.4
-2.58114 0.3
-2.58089 0.2
-2.58065 0.1
-2.58041 0.0
-2.58016 0.0
-2.57992 -0.2
-2.57967 -0.3
-2.57943 -0.4
-2.57919 -0.5
-2.57894 -0.6
-2.5787 -0.6
-2.57845 -0.7
-2.57821 -0.8
-2.57796 -0.9
-2.57772 -1.0
-2.57748 -1.1
-2.57723 -1.2
-2.57699 -1.2
-2.57674 -1.3
-2.5765 -1.4
-2.57626 -1.5
-2.57601 -1.5
-2.57577 -1.6
-2.57552 -1.7
-2.57528 -1.7
-2.57504 -1.8
-2.57479 -1.8
-2.57455 -1.9
-2.5743 -1.9
-2.57406 -2.0
-2.57381 -2.0
-2.57357 -2.1
-2.57333 -2.1
-2.57308 -2.1
-2.57284 -2.2
-2.57259 -2.2
-2.57235 -2.2
-2.57211 -2.2
-2.57186 -2.2
-2.57162 -2.2
-2.57137 -2.2
-2.57113 -2.2
-2.57088 -2.2
-2.57064 -2.2
-2.5704 -2.2
-2.57015 -2.2
-2.56991 -2.2
-2.56966 -2.1
-2.56942 -2.1
-2.56918 -2.1
-2.56893 -2.0
-2.56869 -2.0
-2.56844 -1.9
-2.5682 -1.9
-2.56796 -1.8
-2.56771 -1.8
-2.56747 -1.7
-2.56722 -1.7
-2.56698 -1.6
-2.56673 -1.5
-2.56649 -1.5
-2.56625 -1.4
-2.566 -1.3
-2.56576 -1.2
-2.56551 -1.1
-2.56527 -1.1
-2.56503 -1.0
-2.56478 -0.9
-2.56454 -0.8
-2.56429 -0.7
-2.56405 -0.6
-2.5638 -0.5
-2.56356 -0.4
-2.56332 -0.3
-2.56307 -0.3
-2.56283 -0.2
-2.56258 0.0
-2.56234 0.0
-2.5621 0.1
-2.56185 0.2
-2.56161 0.3
-2.56136 0.4
-2.56112 0.5
-2.56087 0.6
-2.56063 0.7
-2.56039 0.8
-2.56014 0.9
-2.5599 1.0
-2.55965 1.0
-2.55941 1.1
-2.55917 1.2
-2.55892 1.3
-2.55868 1.4
-2.55843 1.4
-2.55819 1.5
-2.55795 1.6
-2.5577 1.6
-2.55746 1.7
-2.55721 1.8
-2.55697 1.8
-2.55672 1.9
-2.55648 1.9
-2.55624 2.0
-2.55599 2.0
-2.55575 2.1
-2.5555 2.1
-2.55526 2.1
-2.55502 2.1
-2.55477 2.2
-2.55453 2.2
-2.55428 2.2
-2.55404 2.2
-2.55379 2.2
-2.55355 2.2
-2.55331 2.2
-2.55306 2.2
-2.55282 2.2
-2.55257 2.2
-2.55233 2.2
-2.55209 2.2
-2.55184 2.1
-2.5516 2.1
-2.55135 2.1
-2.55111 2.0
-2.55087 2.0
-2.55062 2.0
-2.55038 1.9
-2.55013 1.9
-2.54989 1.8
-2.54964 1.8
-2.5494 1.7
-2.54916 1.6
-2.54891 1.6
-2.54867 1.5
-2.54842 1.4
-2.54818 1.3
-2.54794 1.3
-2.54769 1.2
-2.54745 1.1
-2.5472 1.0
-2.54696 0.9
-2.54671 0.8
-2.54647 0.8
-2.54623 0.7
-2.54598 0.6
-2.54574 0.5
-2.54549 0.4
-2.54525 0.3
-2.54501 0.2
-2.54476 0.1
-2.54452 0.0
-2.54427 0.0
-2.54403 -0.2
-2.54379 -0.3
-2.54354 -0.4
-2.5433 -0.5
-2.54305 -0.6
-2.54281 -0.7
-2.54256 -0.7
-2.54232 -0.8
-2.54208 -0.9
-2.54183 -1.0
-2.54159 -1.1
-2.54134 -1.2
-2.5411 -1.3
-2.54086 -1.3
-2.54061 -1.4
-2.54037 -1.5
-2.54012 -1.6
-2.53988 -1.6
-2.53963 -1.7
-2.53939 -1.7
-2.53915 -1.8
-2.5389 -1.9
-2.53866 -1.9
-2.53841 -2.0
-2.53817 -2.0
-2.53793 -2.0
-2.53768 -2.1
-2.53744 -2.1
-2.53719 -2.1
-2.53695 -2.2
-2.53671 -2.2
-2.53646 -2.2
-2.53622 -2.2
-2.53597 -2.2
-2.53573 -2.2
-2.53548 -2.2
-2.53524 -2.2
-2.535 -2.2
-2.53475 -2.2
-2.53451 -2.2
-2.53426 -2.2
-2.53402 -2.2
-2.53378 -2.1
-2.53353 -2.1
-2.53329 -2.1
-2.53304 -2.0
-2.5328 -2.0
-2.53255 -1.9
-2.53231 -1.9
-2.53207 -1.8
-2.53182 -1.8
-2.53158 -1.7
-2.53133 -1.7
-2.53109 -1.6
-2.53085 -1.5
-2.5306 -1.4
-2.53036 -1.4
-2.53011 -1.3
-2.52987 -1.2
-2.52962 -1.1
-2.52938 -1.0
-2.52914 -1.0
-2.52889 -0.9
-2.52865 -0.8
-2.5284 -0.7
-2.52816 -0.6
-2.52792 -0.5
-2.52767 -0.4
-2.52743 -0.3
-2.52718 -0.2
-2.52694 -0.1
-2.5267 0.0
-2.52645 0.0
-2.52621 0.2
-2.52596 0.3
-2.52572 0.3
-2.52547 0.4
-2.52523 0.5
-2.52499 0.6
-2.52474 0.7
-2.5245 0.8
-2.52425 0.9
-2.52401 1.0
-2.52377 1.1
-2.52352 1.2
-2.52328 1.2
-2.52303 1.3
-2.52279 1.4
-2.52254 1.5
-2.5223 1.5
-2.52206 1.6
-2.52181 1.7
-2.52157 1.7
-2.52132 1.8
-2.52108 1.9
-2.52084 1.9
-2.52059 2.0
-2.52035 2.0
-2.5201 2.0
-2.51986 2.1
-2.51962 2.1
-2.51937 2.1
-2.51913 2.2
-2.51888 2.2
-2.51864 2.2
-2.51839 2.2
-2.51815 2.2
-2.51791 2.2
-2.51766 2.2
-2.51742 2.2
-2.51717 2.2
-2.51693 2.2
-2.51669 2.2
-2.51644 2.2
-2.5162 2.2
-2.51595 2.1
-2.51571 2.1
-2.51546 2.1
-2.51522 2.0
-2.51498 2.0
-2.51473 1.9
-2.51449 1.9
-2.51424 1.8
-2.514 1.8
-2.51376 1.7
-2.51351 1.7
-2.51327 1.6
-2.51302 1.5
-2.51278 1.5
-2.51254 1.4
-2.51229 1.3
-2.51205 1.2
-2.5118 1.1
-2.51156 1.1
-2.51131 1.0
-2.51107 0.9
-2.51083 0.8
-2.51058 0.7
-2.51034 0.6
-2.51009 0.5
-2.50985 0.4
-2.50961 0.3
-2.50936 0.2
-2.50912 0.1
-2.50887 0.0
-2.50863 0.0
-2.50838 -0.2
-2.50814 -0.2
-2.5079 -0.3
-2.50765 -0.4
-2.50741 -0.5
-2.50716 -0.6
-2.50692 -0.7
-2.50668 -0.8
-2.50643 -0.9
-2.50619 -1.0
-2.50594 -1.1
-2.5057 -1.2
-2.50546 -1.2
-2.50521 -1.3
-2.50497 -1.4
-2.50472 -1.5
-2.50448 -1.5
-2.50423 -1.6
-2.50399 -1.7
-2.50375 -1.7
-2.5035 -1.8
-2.50326 -1.9
-2.50301 -1.9
-2.50277 -2.0
-2.50253 -2.0
-2.50228 -2.0
-2.50204 -2.1
-2.50179 -2.1
-2.50155 -2.1
-2.5013 -2.2
-2.50106 -2.2
-2.50082 -2.2
-2.50057 -2.2
-2.50033 -2.2
-2.50008 -2.2
-2.49984 -2.2
-2.4996 -2.2
-2.49935 -2.2
-2.49911 -2.2
-2.49886 -2.2
-2.49862 -2.2
-2.49837 -2.2
-2.49813 -2.1
-2.49789 -2.1
-2.49764 -2.1
-2.4974 -2.0
-2.49715 -2.0
-2.49691 -1.9
-2.49667 -1.9
-2.49642 -1.8
-2.49618 -1.8
-2.49593 -1.7
-2.49569 -1.7
-2.49545 -1.6
-2.4952 -1.5
-2.49496 -1.5
-2.49471 -1.4
-2.49447 -1.3
-2.49422 -1.2
-2.49398 -1.1
-2.49374 -1.1
-2.49349 -1.0
-2.49325 -0.9
-2.493 -0.8
-2.49276 -0.7
-2.49252 -0.6
-2.49227 -0.5
-2.49203 -0.4
-2.49178 -0.3
-2.49154 -0.2
-2.49129 -0.1
-2.49105 0.0
-2.49081 0.0
-2.49056 0.2
-2.49032 0.3
-2.49007 0.4
-2.48983 0.5
-2.48959 0.5
-2.48934 0.6
-2.4891 0.7
-2.48885 0.8
-2.48861 0.9
-2.48837 1.0
-2.48812 1.1
-2.48788 1.2
-2.48763 1.3
-2.48739 1.3
-2.48714 1.4
-2.4869 1.5
-2.48666 1.6
-2.48641 1.6
-2.48617 1.7
-2.48592 1.8
-2.48568 1.8
-2.48544 1.9
-2.48519 1.9
-2.48495 2.0
-2.4847 2.0
-2.48446 2.1
-2.48421 2.1
-2.48397 2.1
-2.48373 2.2
-2.48348 2.2
-2.48324 2.2
-2.48299 2.2
-2.48275 2.2
-2.48251 2.2
-2.48226 2.2
-2.48202 2.2
-2.48177 2.2
-2.48153 2.2
-2.48129 2.2
-2.48104 2.2
-2.4808 2.2
-2.48055 2.2
-2.48031 2.1
-2.48006 2.1
-2.47982 2.1
-2.47958 2.0
-2.47933 2.0
-2.47909 1.9
-2.47884 1.9
-2.4786 1.8
-2.47836 1.8
-2.47811 1.7
-2.47787 1.6
-2.47762 1.6
-2.47738 1.5
-2.47713 1.4
-2.47689 1.4
-2.47665 1.3
-2.4764 1.2
-2.47616 1.1
-2.47591 1.0
-2.47567 0.9
-2.47543 0.9
-2.47518 0.8
-2.47494 0.7
-2.47469 0.6
-2.47445 0.5
-2.47421 0.4
-2.47396 0.3
-2.47372 0.2
-2.47347 0.0
-2.47323 0.0
-2.47298 -0.1
-2.47274 -0.2
-2.4725 -0.3
-2.47225 -0.4
-2.47201 -0.5
-2.47176 -0.6
-2.47152 -0.7
-2.47128 -0.8
-2.47103 -0.9
-2.47079 -0.9
-2.47054 -1.0
-2.4703 -1.1
-2.47005 -1.2
-2.46981 -1.3
-2.46957 -1.4
-2.46932 -1.4
-2.46908 -1.5
-2.46883 -1.6
-2.46859 -1.7
-2.46835 -1.7
-2.4681 -1.8
-2.46786 -1.8
-2.46761 -1.9
-2.46737 -1.9
-2.46712 -2.0
-2.46688 -2.0
-2.46664 -2.1
-2.46639 -2.1
-2.46615 -2.1
-2.4659 -2.2
-2.46566 -2.2
-2.46542 -2.2
-2.46517 -2.2
-2.46493 -2.2
-2.46468 -2.2
-2.46444 -2.3
-2.4642 -2.3
-2.46395 -2.2
-2.46371 -2.2
-2.46346 -2.2
-2.46322 -2.2
-2.46297 -2.2
-2.46273 -2.2
-2.46249 -2.1
-2.46224 -2.1
-2.462 -2.1
-2.46175 -2.0
-2.46151 -2.0
-2.46127 -1.9
-2.46102 -1.9
-2.46078 -1.8
-2.46053 -1.7
-2.46029 -1.7
-2.46004 -1.6
-2.4598 -1.5
-2.45956 -1.5
-2.45931 -1.4
-2.45907 -1.3
-2.45882 -1.2
-2.45858 -1.2
-2.45834 -1.1
-2.45809 -1.0
-2.45785 -0.9
-2.4576 -0.8
-2.45736 -0.7
-2.45712 -0.6
-2.45687 -0.5
-2.45663 -0.4
-2.45638 -0.3
-2.45614 -0.2
-2.45589 -0.1
-2.45565 0.0
-2.45541 0.0
-2.45516 0.2
-2.45492 0.2
-2.45467 0.3
-2.45443 0.4
-2.45419 0.5
-2.45394 0.6
-2.4537 0.7
-2.45345 0.8
-2.45321 0.9
-2.45296 1.0
-2.45272 1.1
-2.45248 1.2
-2.45223 1.3
-2.45199 1.3
-2.45174 1.4
-2.4515 1.5
-2.45126 1.6
-2.45101 1.6
-2.45077 1.7
-2.45052 1.8
-2.45028 1.8
-2.45004 1.9
-2.44979 1.9
-2.44955 2.0
-2.4493 2.0
-2.44906 2.1
-2.44881 2.1
-2.44857 2.1
-2.44833 2.2
-2.44808 2.2
-2.44784 2.2
-2.44759 2.2
-2.44735 2.2
-2.44711 2.2
-2.44686 2.3
-2.44662 2.3
-2.44637 2.3
-2.44613 2.2
-2.44588 2.2
-2.44564 2.2
-2.4454 2.2
-2.44515 2.2
-2.44491 2.1
-2.44466 2.1
-2.44442 2.1
-2.44418 2.0
-2.44393 2.0
-2.44369 1.9
-2.44344 1.9
-2.4432 1.8
-2.44296 1.8
-2.44271 1.7
-2.44247 1.6
-2.44222 1.6
-2.44198 1.5
-2.44173 1.4
-2.44149 1.4
-2.44125 1.3
-2.441 1.2
-2.44076 1.1
-2.44051 1.0
-2.44027 0.9
-2.44003 0.8
-2.43978 0.7
-2.43954 0.7
-2.43929 0.6
-2.43905 0.5
-2.4388 0.4
-2.43856 0.3
-2.43832 0.2
-2.43807 0.0
-2.43783 0.0
-2.43758 -0.1
-2.43734 -0.2
-2.4371 -0.3
-2.43685 -0.4
-2.43661 -0.5
-2.43636 -0.6
-2.43612 -0.7
-2.43587 -0.8
-2.43563 -0.9
-2.43539 -1.0
-2.43514 -1.1
-2.4349 -1.1
-2.43465 -1.2
-2.43441 -1.3
-2.43417 -1.4
-2.43392 -1.5
-2.43368 -1.5
-2.43343 -1.6
-2.43319 -1.7
-2.43295 -1.7
-2.4327 -1.8
-2.43246 -1.9
-2.43221 -1.9
-2.43197 -2.0
-2.43172 -2.0
-2.43148 -2.1
-2.43124 -2.1
-2.43099 -2.1
-2.43075 -2.2
-2.4305 -2.2
-2.43026 -2.2
-2.43002 -2.2
-2.42977 -2.2
-2.42953 -2.3
-2.42928 -2.3
-2.42904 -2.3
-2.42879 -2.3
-2.42855 -2.2
-2.42831 -2.2
-2.42806 -2.2
-2.42782 -2.2
-2.42757 -2.2
-2.42733 -2.2
-2.42709 -2.1
-2.42684 -2.1
-2.4266 -2.0
-2.42635 -2.0
-2.42611 -1.9
-2.42587 -1.9
-2.42562 -1.8
-2.42538 -1.8
-2.42513 -1.7
-2.42489 -1.7
-2.42464 -1.6
-2.4244 -1.5
-2.42416 -1.4
-2.42391 -1.4
-2.42367 -1.3
-2.42342 -1.2
-2.42318 -1.1
-2.42294 -1.0
-2.42269 -0.9
-2.42245 -0.9
-2.4222 -0.8
-2.42196 -0.7
-2.42171 -0.6
-2.42147 -0.5
-2.42123 -0.4
-2.42098 -0.3
-2.42074 -0.2
-2.42049 0.0
-2.42025 0.0
-2.42001 0.1
-2.41976 0.2
-2.41952 0.3
-2.41927 0.4
-2.41903 0.5
-2.41879 0.6
-2.41854 0.7
-2.4183 0.8
-2.41805 0.9
-2.41781 1.0
-2.41756 1.1
-2.41732 1.1
-2.41708 1.2
-2.41683 1.3
-2.41659 1.4
-2.41634 1.5
-2.4161 1.5
-2.41586 1.6
-2.41561 1.7
-2.41537 1.7
-2.41512 1.8
-2.41488 1.9
-2.41463 1.9
-2.41439 2.0
-2.41415 2.0
-2.4139 2.1
-2.41366 2.1
-2.41341 2.1
-2.41317 2.2
-2.41293 2.2
-2.41268 2.2
-2.41244 2.2
-2.41219 2.2
-2.41195 2.3
-2.41171 2.3
-2.41146 2.3
-2.41122 2.3
-2.41097 2.3
-2.41073 2.2
-2.41048 2.2
-2.41024 2.2
-2.41 2.2
-2.40975 2.2
-2.40951 2.1
-2.40926 2.1
-2.40902 2.0
-2.40878 2.0
-2.40853 2.0
-2.40829 1.9
-2.40804 1.8
-2.4078 1.8
-2.40755 1.7
-2.40731 1.7
-2.40707 1.6
-2.40682 1.5
-2.40658 1.4
-2.40633 1.4
-2.40609 1.3
-2.40585 1.2
-2.4056 1.1
-2.40536 1.0
-2.40511 0.9
-2.40487 0.8
-2.40462 0.8
-2.40438 0.7
-2.40414 0.6
-2.40389 0.5
-2.40365 0.4
-2.4034 0.3
-2.40316 0.2
-2.40292 0.0
-2.40267 0.0
-2.40243 -0.1
-2.40218 -0.2
-2.40194 -0.3
-2.4017 -0.4
-2.40145 -0.5
-2.40121 -0.6
-2.40096 -0.7
-2.40072 -0.8
-2.40047 -0.9
-2.40023 -1.0
-2.39999 -1.1
-2.39974 -1.2
-2.3995 -1.2
-2.39925 -1.3
-2.39901 -1.4
-2.39877 -1.5
-2.39852 -1.6
-2.39828 -1.6
-2.39803 -1.7
-2.39779 -1.8
-2.39754 -1.8
-2.3973 -1.9
-2.39706 -1.9
-2.39681 -2.0
-2.39657 -2.0
-2.39632 -2.1
-2.39608 -2.1
-2.39584 -2.1
-2.39559 -2.2
-2.39535 -2.2
-2.3951 -2.2
-2.39486 -2.2
-2.39462 -2.3
-2.39437 -2.3
-2.39413 -2.3
-2.39388 -2.3
-2.39364 -2.3
-2.39339 -2.3
-2.39315 -2.2
-2.39291 -2.2
-2.39266 -2.2
-2.39242 -2.2
-2.39217 -2.2
-2.39193 -2.1
-2.39169 -2.1
-2.39144 -2.0
-2.3912 -2.0
-2.39095 -1.9
-2.39071 -1.9
-2.39046 -1.8
-2.39022 -1.8
-2.38998 -1.7
-2.38973 -1.6
-2.38949 -1.6
-2.38924 -1.5
-2.389 -1.4
-2.38876 -1.3
-2.38851 -1.3
-2.38827 -1.2
-2.38802 -1.1
-2.38778 -1.0
-2.38754 -0.9
-2.38729 -0.8
-2.38705 -0.7
-2.3868 -0.6
-2.38656 -0.5
-2.38631 -0.4
-2.38607 -0.3
-2.38583 -0.2
-2.38558 -0.1
-2.38534 0.0
-2.38509 0.0
-2.38485 0.1
-2.38461 0.2
-2.38436 0.3
-2.38412 0.4
-2.38387 0.5
-2.38363 0.6
-2.38338 0.7
-2.38314 0.8
-2.3829 0.9
-2.38265 1.0
-2.38241 1.1
-2.38216 1.2
-2.38192 1.3
-2.38168 1.3
-2.38143 1.4
-2.38119 1.5
-2.38094 1.6
-2.3807 1.6
-2.38046 1.7
-2.38021 1.8
-2.37997 1.8
-2.37972 1.9
-2.37948 1.9
-2.37923 2.0
-2.37899 2.0
-2.37875 2.1
-2.3785 2.1
-2.37826 2.2
-2.37801 2.2
-2.37777 2.2
-2.37753 2.2
-2.37728 2.2
-2.37704 2.3
-2.37679 2.3
-2.37655 2.3
-2.3763 2.3
-2.37606 2.3
-2.37582 2.3
-2.37557 2.2
-2.37533 2.2
-2.37508 2.2
-2.37484 2.2
-2.3746 2.1
-2.37435 2.1
-2.37411 2.1
-2.37386 2.0
-2.37362 2.0
-2.37337 1.9
-2.37313 1.9
-2.37289 1.8
-2.37264 1.8
-2.3724 1.7
-2.37215 1.6
-2.37191 1.5
-2.37167 1.5
-2.37142 1.4
-2.37118 1.3
-2.37093 1.2
-2.37069 1.1
-2.37045 1.1
-2.3702 1.0
-2.36996 0.9
-2.36971 0.8
-2.36947 0.7
-2.36922 0.6
-2.36898 0.5
-2.36874 0.4
-2.36849 0.3
-2.36825 0.2
-2.368 0.1
-2.36776 0.0
-2.36752 0.0
-2.36727 -0.2
-2.36703 -0.3
-2.36678 -0.4
-2.36654 -0.5
-2.36629 -0.6
-2.36605 -0.7
-2.36581 -0.8
-2.36556 -0.9
-2.36532 -1.0
-2.36507 -1.1
-2.36483 -1.1
-2.36459 -1.2
-2.36434 -1.3
-2.3641 -1.4
-2.36385 -1.5
-2.36361 -1.5
-2.36337 -1.6
-2.36312 -1.7
-2.36288 -1.7
-2.36263 -1.8
-2.36239 -1.9
-2.36214 -1.9
-2.3619 -2.0
-2.36166 -2.0
-2.36141 -2.1
-2.36117 -2.1
-2.36092 -2.1
-2.36068 -2.2
-2.36044 -2.2
-2.36019 -2.2
-2.35995 -2.2
-2.3597 -2.3
-2.35946 -2.3
-2.35921 -2.3
-2.35897 -2.3
-2.35873 -2.3
-2.35848 -2.3
-2.35824 -2.3
-2.35799 -2.2
-2.35775 -2.2
-2.35751 -2.2
-2.35726 -2.2
-2.35702 -2.1
-2.35677 -2.1
-2.35653 -2.0
-2.35629 -2.0
-2.35604 -2.0
-2.3558 -1.9
-2.35555 -1.8
-2.35531 -1.8
-2.35506 -1.7
-2.35482 -1.6
-2.35458 -1.6
-2.35433 -1.5
-2.35409 -1.4
-2.35384 -1.3
-2.3536 -1.3
-2.35336 -1.2
-2.35311 -1.1
-2.35287 -1.0
-2.35262 -0.9
-2.35238 -0.8
-2.35213 -0.7
-2.35189 -0.6
-2.35165 -0.5
-2.3514 -0.4
-2.35116 -0.3
-2.35091 -0.2
-2.35067 -0.1
-2.35043 0.0
-2.35018 0.0
-2.34994 0.2
-2.34969 0.3
-2.34945 0.4
-2.34921 0.5
-2.34896 0.6
-2.34872 0.7
-2.34847 0.8
-2.34823 0.8
-2.34798 0.9
-2.34774 1.0
-2.3475 1.1
-2.34725 1.2
-2.34701 1.3
-2.34676 1.4
-2.34652 1.4
-2.34628 1.5
-2.34603 1.6
-2.34579 1.7
-2.34554 1.7
-2.3453 1.8
-2.34505 1.9
-2.34481 1.9
-2.34457 2.0
-2.34432 2.0
-2.34408 2.1
-2.34383 2.1
-2.34359 2.1
-2.34335 2.2
-2.3431 2.2
-2.34286 2.2
-2.34261 2.2
-2.34237 2.3
-2.34212 2.3
-2.34188 2.3
-2.34164 2.3
-2.34139 2.3
-2.34115 2.3
-2.3409 2.3
-2.34066 2.2
-2.34042 2.2
-2.34017 2.2
-2.33993 2.2
-2.33968 2.1
-2.33944 2.1
-2.3392 2.1
-2.33895 2.0
-2.33871 2.0
-2.33846 1.9
-2.33822 1.9
-2.33797 1.8
-2.33773 1.7
-2.33749 1.7
-2.33724 1.6
-2.337 1.5
-2.33675 1.4
-2.33651 1.4
-2.33627 1.3
-2.33602 1.2
-2.33578 1.1
-2.33553 1.0
-2.33529 0.9
-2.33504 0.8
-2.3348 0.7
-2.33456 0.6
-2.33431 0.6
-2.33407 0.5
-2.33382 0.4
-2.33358 0.3
-2.33334 0.2
-2.33309 0.0
-2.33285 0.0
-2.3326 -0.1
-2.33236 -0.2
-2.33212 -0.3
-2.33187 -0.4
-2.33163 -0.5
-2.33138 -0.6
-2.33114 -0.7
-2.33089 -0.8
-2.33065 -0.9
-2.33041 -1.0
-2.33016 -1.1
-2.32992 -1.2
-2.32967 -1.3
-2.32943 -1.4
-2.32919 -1.4
-2.32894 -1.5
-2.3287 -1.6
-2.32845 -1.7
-2.32821 -1.7
-2.32796 -1.8
-2.32772 -1.9
-2.32748 -1.9
-2.32723 -2.0
-2.32699 -2.0
-2.32674 -2.1
-2.3265 -2.1
-2.32626 -2.1
-2.32601 -2.2
-2.32577 -2.2
-2.32552 -2.2
-2.32528 -2.2
-2.32504 -2.3
-2.32479 -2.3
-2.32455 -2.3
-2.3243 -2.3
-2.32406 -2.3
-2.32381 -2.3
-2.32357 -2.3
-2.32333 -2.2
-2.32308 -2.2
-2.32284 -2.2
-2.32259 -2.2
-2.32235 -2.1
-2.32211 -2.1
-2.32186 -2.1
-2.32162 -2.0
-2.32137 -2.0
-2.32113 -1.9
-2.32088 -1.9
-2.32064 -1.8
-2.3204 -1.7
-2.32015 -1.7
-2.31991 -1.6
-2.31966 -1.5
-2.31942 -1.4
-2.31918 -1.4
-2.31893 -1.3
-2.31869 -1.2
-2.31844 -1.1
-2.3182 -1.0
-2.31796 -0.9
-2.31771 -0.8
-2.31747 -0.7
-2.31722 -0.6
-2.31698 -0.6
-2.31673 -0.5
-2.31649 -0.4
-2.31625 -0.3
-2.316 -0.2
-2.31576 0.0
-2.31551 0.0
-2.31527 0.2
-2.31503 0.3
-2.31478 0.4
-2.31454 0.5
-2.31429 0.6
-2.31405 0.6
-2.3138 0.7
-2.31356 0.8
-2.31332 0.9
-2.31307 1.0
-2.31283 1.1
-2.31258 1.2
-2.31234 1.3
-2.3121 1.4
-2.31185 1.5
-2.31161 1.5
-2.31136 1.6
-2.31112 1.7
-2.31087 1.7
-2.31063 1.8
-2.31039 1.9
-2.31014 1.9
-2.3099 2.0
-2.30965 2.0
-2.30941 2.1
-2.30917 2.1
-2.30892 2.1
-2.30868 2.2
-2.30843 2.2
-2.30819 2.2
-2.30795 2.3
-2.3077 2.3
-2.30746 2.3
-2.30721 2.3
-2.30697 2.3
-2.30672 2.3
-2.30648 2.3
-2.30624 2.3
-2.30599 2.2
-2.30575 2.2
-2.3055 2.2
-2.30526 2.2
-2.30502 2.1
-2.30477 2.1
-2.30453 2.1
-2.30428 2.0
-2.30404 2.0
-2.30379 1.9
-2.30355 1.9
-2.30331 1.8
-2.30306 1.7
-2.30282 1.7
-2.30257 1.6
-2.30233 1.5
-2.30209 1.4
-2.30184 1.4
-2.3016 1.3
-2.30135 1.2
-2.30111 1.1
-2.30087 1.0
-2.30062 0.9
-2.30038 0.8
-2.30013 0.7
-2.29989 0.6
-2.29964 0.5
-2.2994 0.4
-2.29916 0.3
-2.29891 0.2
-2.29867 0.1
-2.29842 0.0
-2.29818 0.0
-2.29794 -0.2
-2.29769 -0.3
-2.29745 -0.4
-2.2972 -0.5
-2.29696 -0.6
-2.29671 -0.7
-2.29647 -0.8
-2.29623 -0.9
-2.29598 -1.0
-2.29574 -1.1
-2.29549 -1.1
-2.29525 -1.2
-2.29501 -1.3
-2.29476 -1.4
-2.29452 -1.5
-2.29427 -1.6
-2.29403 -1.6
-2.29379 -1.7
-2.29354 -1.8
-2.2933 -1.8
-2.29305 -1.9
-2.29281 -1.9
-2.29256 -2.0
-2.29232 -2.0
-2.29208 -2.1
-2.29183 -2.1
-2.29159 -2.2
-2.29134 -2.2
-2.2911 -2.2
-2.29086 -2.2
-2.29061 -2.3
-2.29037 -2.3
-2.29012 -2.3
-2.28988 -2.3
-2.28963 -2.3
-2.28939 -2.3
-2.28915 -2.3
-2.2889 -2.3
-2.28866 -2.2
-2.28841 -2.2
-2.28817 -2.2
-2.28793 -2.2
-2.28768 -2.1
-2.28744 -2.1
-2.28719 -2.0
-2.28695 -2.0
-2.28671 -2.0
-2.28646 -1.9
-2.28622 -1.8
-2.28597 -1.8
-2.28573 -1.7
-2.28548 -1.6
-2.28524 -1.6
-2.285 -1.5
-2.28475 -1.4
-2.28451 -1.3
-2.28426 -1.2
-2.28402 -1.2
-2.28378 -1.1
-2.28353 -1.0
-2.28329 -0.9
-2.28304 -0.8
-2.2828 -0.7
-2.28255 -0.6
-2.28231 -0.5
-2.28207 -0.4
-2.28182 -0.3
-2.28158 -0.2
-2.28133 0.0
-2.28109 0.0
-2.28085 0.1
-2.2806 0.2
-2.28036 0.3
-2.28011 0.4
-2.27987 0.5
-2.27962 0.6
-2.27938 0.7
-2.27914 0.8
-2.27889 0.9
-2.27865 1.0
-2.2784 1.1
-2.27816 1.2
-2.27792 1.3
-2.27767 1.4
-2.27743 1.4
-2.27718 1.5
-2.27694 1.6
-2.2767 1.7
-2.27645 1.7
-2.27621 1.8
-2.27596 1.9
-2.27572 1.9
-2.27547 2.0
-2.27523 2.0
-2.27499 2.1
-2.27474 2.1
-2.2745 2.1
-2.27425 2.2
-2.27401 2.2
-2.27377 2.2
-2.27352 2.3
-2.27328 2.3
-2.27303 2.3
-2.27279 2.3
-2.27254 2.3
-2.2723 2.3
-2.27206 2.3
-2.27181 2.3
-2.27157 2.3
-2.27132 2.2
-2.27108 2.2
-2.27084 2.2
-2.27059 2.2
-2.27035 2.1
-2.2701 2.1
-2.26986 2.0
-2.26962 2.0
-2.26937 1.9
-2.26913 1.9
-2.26888 1.8
-2.26864 1.7
-2.26839 1.7
-2.26815 1.6
-2.26791 1.5
-2.26766 1.4
-2.26742 1.4
-2.26717 1.3
-2.26693 1.2
-2.26669 1.1
-2.26644 1.0
-2.2662 0.9
-2.26595 0.8
-2.26571 0.7
-2.26546 0.6
-2.26522 0.5
-2.26498 0.4
-2.26473 0.3
-2.26449 0.2
-2.26424 0.1
-2.264 0.0
-2.26376 0.0
-2.26351 -0.2
-2.26327 -0.3
-2.26302 -0.4
-2.26278 -0.5
-2.26254 -0.6
-2.26229 -0.7
-2.26205 -0.8
-2.2618 -0.9
-2.26156 -1.0
-2.26131 -1.1
-2.26107 -1.2
-2.26083 -1.2
-2.26058 -1.3
-2.26034 -1.4
-2.26009 -1.5
-2.25985 -1.6
-2.25961 -1.6
-2.25936 -1.7
-2.25912 -1.8
-2.25887 -1.8
-2.25863 -1.9
-2.25838 -2.0
-2.25814 -2.0
-2.2579 -2.1
-2.25765 -2.1
-2.25741 -2.1
-2.25716 -2.2
-2.25692 -2.2
-2.25668 -2.2
-2.25643 -2.3
-2.25619 -2.3
-2.25594 -2.3
-2.2557 -2.3
-2.25546 -2.3
-2.25521 -2.3
-2.25497 -2.3
-2.25472 -2.3
-2.25448 -2.3
-2.25423 -2.2
-2.25399 -2.2
-2.25375 -2.2
-2.2535 -2.2
-2.25326 -2.1
-2.25301 -2.1
-2.25277 -2.0
-2.25253 -2.0
-2.25228 -1.9
-2.25204 -1.9
-2.25179 -1.8
-2.25155 -1.8
-2.2513 -1.7
-2.25106 -1.6
-2.25082 -1.5
-2.25057 -1.5
-2.25033 -1.4
-2.25008 -1.3
-2.24984 -1.2
-2.2496 -1.1
-2.24935 -1.0
-2.24911 -0.9
-2.24886 -0.8
-2.24862 -0.8
-2.24837 -0.7
-2.24813 -0.6
-2.24789 -0.5
-2.24764 -0.4
-2.2474 -0.2
-2.24715 -0.1
-2.24691 0.0
-2.24667 0.0
-2.24642 0.2
-2.24618 0.3
-2.24593 0.4
-2.24569 0.5
-2.24545 0.6
-2.2452 0.7
-2.24496 0.8
-2.24471 0.9
-2.24447 1.0
-2.24422 1.1
-2.24398 1.1
-2.24374 1.2
-2.24349 1.3
-2.24325 1.4
-2.243 1.5
-2.24276 1.6
-2.24252 1.6
-2.24227 1.7
-2.24203 1.8
-2.24178 1.8
-2.24154 1.9
-2.24129 2.0
-2.24105 2.0
-2.24081 2.1
-2.24056 2.1
-2.24032 2.1
-2.24007 2.2
-2.23983 2.2
-2.23959 2.2
-2.23934 2.3
-2.2391 2.3
-2.23885 2.3
-2.23861 2.3
-2.23837 2.3
-2.23812 2.3
-2.23788 2.3
-2.23763 2.3
-2.23739 2.3
-2.23714 2.3
-2.2369 2.2
-2.23666 2.2
-2.23641 2.2
-2.23617 2.1
-2.23592 2.1
-2.23568 2.0
-2.23544 2.0
-2.23519 1.9
-2.23495 1.9
-2.2347 1.8
-2.23446 1.8
-2.23421 1.7
-2.23397 1.6
-2.23373 1.5
-2.23348 1.5
-2.23324 1.4
-2.23299 1.3
-2.23275 1.2
-2.23251 1.1
-2.23226 1.0
-2.23202 0.9
-2.23177 0.9
-2.23153 0.8
-2.23129 0.7
-2.23104 0.6
-2.2308 0.5
-2.23055 0.4
-2.23031 0.2
-2.23006 0.1
-2.22982 0.0
-2.22958 0.0
-2.22933 -0.2
-2.22909 -0.3
-2.22884 -0.4
-2.2286 -0.5
-2.22836 -0.6
-2.22811 -0.7
-2.22787 -0.8
-2.22762 -0.9
-2.22738 -1.0
-2.22713 -1.1
-2.22689 -1.1
-2.22665 -1.2
-2.2264 -1.3
-2.22616 -1.4
-2.22591 -1.5
-2.22567 -1.6
-2.22543 -1.6
-2.22518 -1.7
-2.22494 -1.8
-2.22469 -1.8
-2.22445 -1.9
-2.22421 -2.0
-2.22396 -2.0
-2.22372 -2.1
-2.22347 -2.1
-2.22323 -2.1
-2.22298 -2.2
-2.22274 -2.2
-2.2225 -2.2
-2.22225 -2.3
-2.22201 -2.3
-2.22176 -2.3
-2.22152 -2.3
-2.22128 -2.3
-2.22103 -2.3
-2.22079 -2.3
-2.22054 -2.3
-2.2203 -2.3
-2.22005 -2.3
-2.21981 -2.2
-2.21957 -2.2
-2.21932 -2.2
-2.21908 -2.1
-2.21883 -2.1
-2.21859 -2.0
-2.21835 -2.0
-2.2181 -1.9
-2.21786 -1.9
-2.21761 -1.8
-2.21737 -1.8
-2.21712 -1.7
-2.21688 -1.6
-2.21664 -1.5
-2.21639 -1.5
-2.21615 -1.4
-2.2159 -1.3
-2.21566 -1.2
-2.21542 -1.1
-2.21517 -1.0
-2.21493 -0.9
-2.21468 -0.8
-2.21444 -0.7
-2.2142 -0.6
-2.21395 -0.5
-2.21371 -0.4
-2.21346 -0.3
-2.21322 -0.2
-2.21297 -0.1
-2.21273 0.0
-2.21249 0.0
-2.21224 0.2
-2.212 0.3
-2.21175 0.4
-2.21151 0.5
-2.21127 0.6
-2.21102 0.7
-2.21078 0.8
-2.21053 0.9
-2.21029 1.0
-2.21004 1.1
-2.2098 1.2
-2.20956 1.3
-2.20931 1.3
-2.20907 1.4
-2.20882 1.5
-2.20858 1.6
-2.20834 1.7
-2.20809 1.7
-2.20785 1.8
-2.2076 1.9
-2.20736 1.9
-2.20712 2.0
-2.20687 2.0
-2.20663 2.1
-2.20638 2.1
-2.20614 2.2
-2.20589 2.2
-2.20565 2.2
-2.20541 2.3
-2.20516 2.3
-2.20492 2.3
-2.20467 2.3
-2.20443 2.3
-2.20419 2.3
-2.20394 2.3
-2.2037 2.3
-2.20345 2.3
-2.20321 2.3
-2.20296 2.3
-2.20272 2.2
-2.20248 2.2
-2.20223 2.2
-2.20199 2.1
-2.20174 2.1
-2.2015 2.0
-2.20126 2.0
-2.20101 1.9
-2.20077 1.9
-2.20052 1.8
-2.20028 1.7
-2.20004 1.7
-2.19979 1.6
-2.19955 1.5
-2.1993 1.4
-2.19906 1.4
-2.19881 1.3
-2.19857 1.2
-2.19833 1.1
-2.19808 1.0
-2.19784 0.9
-2.19759 0.8
-2.19735 0.7
-2.19711 0.6
-2.19686 0.5
-2.19662 0.4
-2.19637 0.3
-2.19613 0.2
-2.19588 0.0
-2.19564 0.0
-2.1954 -0.1
-2.19515 -0.2
-2.19491 -0.3
-2.19466 -0.4
-2.19442 -0.5
-2.19418 -0.6
-2.19393 -0.7
-2.19369 -0.8
-2.19344 -0.9
-2.1932 -1.0
-2.19296 -1.1
-2.19271 -1.2
-2.19247 -1.3
-2.19222 -1.4
-2.19198 -1.5
-2.19173 -1.5
-2.19149 -1.6
-2.19125 -1.7
-2.191 -1.8
-2.19076 -1.8
-2.19051 -1.9
-2.19027 -2.0
-2.19003 -2.0
-2.18978 -2.1
-2.18954 -2.1
-2.18929 -2.1
-2.18905 -2.2
-2.1888 -2.2
-2.18856 -2.2
-2.18832 -2.3
-2.18807 -2.3
-2.18783 -2.3
-2.18758 -2.3
-2.18734 -2.3
-2.1871 -2.3
-2.18685 -2.3
-2.18661 -2.3
-2.18636 -2.3
-2.18612 -2.3
-2.18587 -2.2
-2.18563 -2.2
-2.18539 -2.2
-2.18514 -2.1
-2.1849 -2.1
-2.18465 -2.1
-2.18441 -2.0
-2.18417 -2.0
-2.18392 -1.9
-2.18368 -1.8
-2.18343 -1.8
-2.18319 -1.7
-2.18295 -1.6
-2.1827 -1.6
-2.18246 -1.5
-2.18221 -1.4
-2.18197 -1.3
-2.18172 -1.2
-2.18148 -1.1
-2.18124 -1.0
-2.18099 -0.9
-2.18075 -0.8
-2.1805 -0.7
-2.18026 -0.6
-2.18002 -0.5
-2.17977 -0.4
-2.17953 -0.3
-2.17928 -0.2
-2.17904 -0.1
-2.17879 0.0
-2.17855 0.0
-2.17831 0.2
-2.17806 0.3
-2.17782 0.4
-2.17757 0.5
-2.17733 0.6
-2.17709 0.7
-2.17684 0.8
-2.1766 0.9
-2.17635 1.0
-2.17611 1.1
-2.17587 1.2
-2.17562 1.3
-2.17538 1.4
-2.17513 1.4
-2.17489 1.5
-2.17464 1.6
-2.1744 1.7
-2.17416 1.7
-2.17391 1.8
-2.17367 1.9
-2.17342 1.9
-2.17318 2.0
-2.17294 2.0
-2.17269 2.1
-2.17245 2.1
-2.1722 2.2
-2.17196 2.2
-2.17171 2.2
-2.17147 2.3
-2.17123 2.3
-2.17098 2.3
-2.17074 2.3
-2.17049 2.3
-2.17025 2.3
-2.17001 2.3
-2.16976 2.3
-2.16952 2.3
-2.16927 2.3
-2.16903 2.3
-2.16879 2.2
-2.16854 2.2
-2.1683 2.2
-2.16805 2.1
-2.16781 2.1
-2.16756 2.0
-2.16732 2.0
-2.16708 1.9
-2.16683 1.9
-2.16659 1.8
-2.16634 1.7
-2.1661 1.7
-2.16586 1.6
-2.16561 1.5
-2.16537 1.4
-2.16512 1.3
-2.16488 1.2
-2.16463 1.2
-2.16439 1.1
-2.16415 1.0
-2.1639 0.9
-2.16366 0.8
-2.16341 0.7
-2.16317 0.6
-2.16293 0.5
-2.16268 0.4
-2.16244 0.3
-2.16219 0.2
-2.16195 0.0
-2.16171 0.0
-2.16146 -0.2
-2.16122 -0.3
-2.16097 -0.4
-2.16073 -0.5
-2.16048 -0.6
-2.16024 -0.7
-2.16 -0.8
-2.15975 -0.9
-2.15951 -1.0
-2.15926 -1.1
-2.15902 -1.2
-2.15878 -1.3
-2.15853 -1.3
-2.15829 -1.4
-2.15804 -1.5
-2.1578 -1.6
-2.15755 -1.7
-2.15731 -1.7
-2.15707 -1.8
-2.15682 -1.9
-2.15658 -1.9
-2.15633 -2.0
-2.15609 -2.0
-2.15585 -2.1
-2.1556 -2.1
-2.15536 -2.2
-2.15511 -2.2
-2.15487 -2.2
-2.15462 -2.3
-2.15438 -2.3
-2.15414 -2.3
-2.15389 -2.3
-2.15365 -2.3
-2.1534 -2.3
-2.15316 -2.3
-2.15292 -2.3
-2.15267 -2.3
-2.15243 -2.3
-2.15218 -2.3
-2.15194 -2.2
-2.1517 -2.2
-2.15145 -2.2
-2.15121 -2.1
-2.15096 -2.1
-2.15072 -2.0
-2.15047 -2.0
-2.15023 -1.9
-2.14999 -1.9
-2.14974 -1.8
-2.1495 -1.7
-2.14925 -1.7
-2.14901 -1.6
-2.14877 -1.5
-2.14852 -1.4
-2.14828 -1.3
-2.14803 -1.3
-2.14779 -1.2
-2.14754 -1.1
-2.1473 -1.0
-2.14706 -0.9
-2.14681 -0.8
-2.14657 -0.7
-2.14632 -0.6
-2.14608 -0.5
-2.14584 -0.4
-2.14559 -0.3
-2.14535 -0.2
-2.1451 0.0
-2.14486 0.0
-2.14462 0.2
-2.14437 0.3
-2.14413 0.4
-2.14388 0.5
-2.14364 0.6
-2.14339 0.7
-2.14315 0.8
-2.14291 0.9
-2.14266 1.0
-2.14242 1.1
-2.14217 1.2
-2.14193 1.3
-2.14169 1.3
-2.14144 1.4
-2.1412 1.5
-2.14095 1.6
-2.14071 1.7
-2.14046 1.7
-2.14022 1.8
-2.13998 1.9
-2.13973 1.9
-2.13949 2.0
-2.13924 2.0
-2.139 2.1
-2.13876 2.1
-2.13851 2.2
-2.13827 2.2
-2.13802 2.2
-2.13778 2.3
-2.13754 2.3
-2.13729 2.3
-2.13705 2.3
-2.1368 2.3
-2.13656 2.3
-2.13631 2.3
-2.13607 2.3
-2.13583 2.3
-2.13558 2.3
-2.13534 2.3
-2.13509 2.2
-2.13485 2.2
-2.13461 2.2
-2.13436 2.1
-2.13412 2.1
-2.13387 2.0
-2.13363 2.0
-2.13338 1.9
-2.13314 1.9
-2.1329 1.8
-2.13265 1.7
-2.13241 1.7
-2.13216 1.6
-2.13192 1.5
-2.13168 1.4
-2.13143 1.3
-2.13119 1.2
-2.13094 1.1
-2.1307 1.1
-2.13046 1.0
-2.13021 0.9
-2.12997 0.8
-2.12972 0.7
-2.12948 0.6
-2.12923 0.5
-2.12899 0.3
-2.12875 0.2
-2.1285 0.1
-2.12826 0.0
-2.12801 0.0
-2.12777 -0.2
-2.12753 -0.3
-2.12728 -0.4
-2.12704 -0.5
-2.12679 -0.6
-2.12655 -0.7
-2.1263 -0.8
-2.12606 -0.9
-2.12582 -1.0
-2.12557 -1.1
-2.12533 -1.2
-2.12508 -1.3
-2.12484 -1.4
-2.1246 -1.5
-2.12435 -1.5
-2.12411 -1.6
-2.12386 -1.7
-2.12362 -1.8
-2.12337 -1.8
-2.12313 -1.9
-2.12289 -2.0
-2.12264 -2.0
-2.1224 -2.1
-2.12215 -2.1
-2.12191 -2.2
-2.12167 -2.2
-2.12142 -2.2
-2.12118 -2.3
-2.12093 -2.3
-2.12069 -2.3
-2.12045 -2.3
-2.1202 -2.3
-2.11996 -2.3
-2.11971 -2.3
-2.11947 -2.3
-2.11922 -2.3
-2.11898 -2.3
-2.11874 -2.3
-2.11849 -2.3
-2.11825 -2.2
-2.118 -2.2
-2.11776 -2.2
-2.11752 -2.1
-2.11727 -2.1
-2.11703 -2.0
-2.11678 -2.0
-2.11654 -1.9
-2.11629 -1.8
-2.11605 -1.8
-2.11581 -1.7
-2.11556 -1.6
-2.11532 -1.6
-2.11507 -1.5
-2.11483 -1.4
-2.11459 -1.3
-2.11434 -1.2
-2.1141 -1.1
-2.11385 -1.0
-2.11361 -0.9
-2.11337 -0.8
-2.11312 -0.7
-2.11288 -0.6
-2.11263 -0.5
-2.11239 -0.4
-2.11214 -0.3
-2.1119 -0.2
-2.11166 0.0
-2.11141 0.0
-2.11117 0.1
-2.11092 0.2
-2.11068 0.3
-2.11044 0.4
-2.11019 0.5
-2.10995 0.6
-2.1097 0.7
-2.10946 0.8
-2.10921 0.9
-2.10897 1.0
-2.10873 1.1
-2.10848 1.2
-2.10824 1.3
-2.10799 1.4
-2.10775 1.5
-2.10751 1.6
-2.10726 1.6
-2.10702 1.7
-2.10677 1.8
-2.10653 1.9
-2.10629 1.9
-2.10604 2.0
-2.1058 2.0
-2.10555 2.1
-2.10531 2.1
-2.10506 2.2
-2.10482 2.2
-2.10458 2.2
-2.10433 2.3
-2.10409 2.3
-2.10384 2.3
-2.1036 2.3
-2.10336 2.3
-2.10311 2.3
-2.10287 2.3
-2.10262 2.3
-2.10238 2.3
-2.10213 2.3
-2.10189 2.3
-2.10165 2.3
-2.1014 2.2
-2.10116 2.2
-2.10091 2.1
-2.10067 2.1
-2.10043 2.1
-2.10018 2.0
-2.09994 1.9
-2.09969 1.9
-2.09945 1.8
-2.09921 1.7
-2.09896 1.7
-2.09872 1.6
-2.09847 1.5
-2.09823 1.4
-2.09798 1.3
-2.09774 1.3
-2.0975 1.2
-2.09725 1.1
-2.09701 1.0
-2.09676 0.9
-2.09652 0.8
-2.09628 0.7
-2.09603 0.6
-2.09579 0.5
-2.09554 0.4
-2.0953 0.3
-2.09505 0.1
-2.09481 0.0
-2.09457 0.0
-2.09432 -0.2
-2.09408 -0.3
-2.09383 -0.4
-2.09359 -0.5
-2.09335 -0.6
-2.0931 -0.7
-2.09286 -0.8
-2.09261 -0.9
-2.09237 -1.0
-2.09212 -1.1
-2.09188 -1.2
-2.09164 -1.3
-2.09139 -1.4
-2.09115 -1.5
-2.0909 -1.5
-2.09066 -1.6
-2.09042 -1.7
-2.09017 -1.8
-2.08993 -1.8
-2.08968 -1.9
-2.08944 -2.0
-2.0892 -2.0
-2.08895 -2.1
-2.08871 -2.1
-2.08846 -2.2
-2.08822 -2.2
-2.08797 -2.2
-2.08773 -2.3
-2.08749 -2.3
-2.08724 -2.3
-2.087 -2.3
-2.08675 -2.3
-2.08651 -2.3
-2.08627 -2.3
-2.08602 -2.3
-2.08578 -2.3
-2.08553 -2.3
-2.08529 -2.3
-2.08504 -2.3
-2.0848 -2.2
-2.08456 -2.2
-2.08431 -2.2
-2.08407 -2.1
-2.08382 -2.1
-2.08358 -2.0
-2.08334 -2.0
-2.08309 -1.9
-2.08285 -1.8
-2.0826 -1.8
-2.08236 -1.7
-2.08212 -1.6
-2.08187 -1.5
-2.08163 -1.5
-2.08138 -1.4
-2.08114 -1.3
-2.08089 -1.2
-2.08065 -1.1
-2.08041 -1.0
-2.08016 -0.9
-2.07992 -0.8
-2.07967 -0.7
-2.07943 -0.6
-2.07919 -0.5
-2.07894 -0.4
-2.0787 -0.3
-2.07845 -0.2
-2.07821 0.0
-2.07796 0.0
-2.07772 0.2
-2.07748 0.3
-2.07723 0.4
-2.07699 0.5
-2.07674 0.6
-2.0765 0.7
-2.07626 0.8
-2.07601 0.9
-2.07577 1.0
-2.07552 1.1
-2.07528 1.2
-2.07504 1.3
-2.07479 1.4
-2.07455 1.4
-2.0743 1.5
-2.07406 1.6
-2.07381 1.7
-2.07357 1.8
-2.07333 1.8
-2.07308 1.9
-2.07284 2.0
-2.07259 2.0
-2.07235 2.1
-2.07211 2.1
-2.07186 2.2
-2.07162 2.2
-2.07137 2.2
-2.07113 2.3
-2.07088 2.3
-2.07064 2.3
-2.0704 2.3
-2.07015 2.3
-2.06991 2.3
-2.06966 2.3
-2.06942 2.3
-2.06918 2.3
-2.06893 2.3
-2.06869 2.3
-2.06844 2.3
-2.0682 2.2
-2.06796 2.2
-2.06771 2.2
-2.06747 2.1
-2.06722 2.1
-2.06698 2.0
-2.06673 2.0
-2.06649 1.9
-2.06625 1.8
-2.066 1.8
-2.06576 1.7
-2.06551 1.6
-2.06527 1.5
-2.06503 1.5
-2.06478 1.4
-2.06454 1.3
-2.06429 1.2
-2.06405 1.1
-2.0638 1.0
-2.06356 0.9
-2.06332 0.8
-2.06307 0.7
-2.06283 0.6
-2.06258 0.5
-2.06234 0.4
-2.0621 0.3
-2.06185 0.2
-2.06161 0.0
-2.06136 0.0
-2.06112 -0.2
-2.06087 -0.3
-2.06063 -0.4
-2.06039 -0.5
-2.06014 -0.6
-2.0599 -0.7
-2.05965 -0.8
-2.05941 -0.9
-2.05917 -1.0
-2.05892 -1.1
-2.05868 -1.2
-2.05843 -1.3
-2.05819 -1.4
-2.05795 -1.5
-2.0577 -1.5
-2.05746 -1.6
-2.05721 -1.7
-2.05697 -1.8
-2.05672 -1.8
-2.05648 -1.9
-2.05624 -2.0
-2.05599 -2.0
-2.05575 -2.1
-2.0555 -2.1
-2.05526 -2.2
-2.05502 -2.2
-2.05477 -2.2
-2.05453 -2.3
-2.05428 -2.3
-2.05404 -2.3
-2.05379 -2.3
-2.05355 -2.3
-2.05331 -2.3
-2.05306 -2.3
-2.05282 -2.3
-2.05257 -2.3
-2.05233 -2.3
-2.05209 -2.3
-2.05184 -2.3
-2.0516 -2.2
-2.05135 -2.2
-2.05111 -2.2
-2.05087 -2.1
-2.05062 -2.1
-2.05038 -2.0
-2.05013 -2.0
-2.04989 -1.9
-2.04964 -1.8
-2.0494 -1.8
-2.04916 -1.7
-2.04891 -1.6
-2.04867 -1.5
-2.04842 -1.5
-2.04818 -1.4
-2.04794 -1.3
-2.04769 -1.2
-2.04745 -1.1
-2.0472 -1.0
-2.04696 -0.9
-2.04671 -0.8
-2.04647 -0.7
-2.04623 -0.6
-2.04598 -0.5
-2.04574 -0.4
-2.04549 -0.3
-2.04525 -0.2
-2.04501 0.0
-2.04476 0.0
-2.04452 0.2
-2.04427 0.3
-2.04403 0.4
-2.04379 0.5
-2.04354 0.6
-2.0433 0.7
-2.04305 0.8
-2.04281 0.9
-2.04256 1.0
-2.04232 1.1
-2.04208 1.2
-2.04183 1.3
-2.04159 1.4
-2.04134 1.5
-2.0411 1.6
-2.04086 1.6
-2.04061 1.7
-2.04037 1.8
-2.04012 1.9
-2.03988 1.9
-2.03963 2.0
-2.03939 2.0
-2.03915 2.1
-2.0389 2.1
-2.03866 2.2
-2.03841 2.2
-2.03817 2.3
-2.03793 2.3
-2.03768 2.3
-2.03744 2.3
-2.03719 2.3
-2.03695 2.4
-2.03671 2.4
-2.03646 2.4
-2.03622 2.3
-2.03597 2.3
-2.03573 2.3
-2.03548 2.3
-2.03524 2.3
-2.035 2.2
-2.03475 2.2
-2.03451 2.2
-2.03426 2.1
-2.03402 2.1
-2.03378 2.0
-2.03353 2.0
-2.03329 1.9
-2.03304 1.8
-2.0328 1.8
-2.03255 1.7
-2.03231 1.6
-2.03207 1.5
-2.03182 1.4
-2.03158 1.3
-2.03133 1.3
-2.03109 1.2
-2.03085 1.1
-2.0306 1.0
-2.03036 0.9
-2.03011 0.8
-2.02987 0.7
-2.02962 0.5
-2.02938 0.4
-2.02914 0.3
-2.02889 0.2
-2.02865 0.1
-2.0284 0.0
-2.02816 -0.1
-2.02792 -0.2
-2.02767 -0.3
-2.02743 -0.4
-2.02718 -0.5
-2.02694 -0.6
-2.0267 -0.7
-2.02645 -0.9
-2.02621 -1.0
-2.02596 -1.1
-2.02572 -1.1
-2.02547 -1.2
-2.02523 -1.3
-2.02499 -1.4
-2.02474 -1.5
-2.0245 -1.6
-2.02425 -1.7
-2.02401 -1.7
-2.02377 -1.8
-2.02352 -1.9
-2.02328 -2.0
-2.02303 -2.0
-2.02279 -2.1
-2.02254 -2.1
-2.0223 -2.2
-2.02206 -2.2
-2.02181 -2.2
-2.02157 -2.3
-2.02132 -2.3
-2.02108 -2.3
-2.02084 -2.3
-2.02059 -2.4
-2.02035 -2.4
-2.0201 -2.4
-2.01986 -2.4
-2.01962 -2.3
-2.01937 -2.3
-2.01913 -2.3
-2.01888 -2.3
-2.01864 -2.3
-2.01839 -2.2
-2.01815 -2.2
-2.01791 -2.1
-2.01766 -2.1
-2.01742 -2.0
-2.01717 -2.0
-2.01693 -1.9
-2.01669 -1.9
-2.01644 -1.8
-2.0162 -1.7
-2.01595 -1.6
-2.01571 -1.6
-2.01546 -1.5
-2.01522 -1.4
-2.01498 -1.3
-2.01473 -1.2
-2.01449 -1.1
-2.01424 -1.0
-2.014 -0.9
-2.01376 -0.8
-2.01351 -0.7
-2.01327 -0.6
-2.01302 -0.5
-2.01278 -0.4
-2.01254 -0.3
-2.01229 -0.2
-2.01205 0.0
-2.0118 0.0
-2.01156 0.2
-2.01131 0.3
-2.01107 0.4
-2.01083 0.5
-2.01058 0.6
-2.01034 0.7
-2.01009 0.8
-2.00985 0.9
-2.00961 1.0
-2.00936 1.1
-2.00912 1.2
-2.00887 1.3
-2.00863 1.4
-2.00838 1.5
-2.00814 1.6
-2.0079 1.6
-2.00765 1.7
-2.00741 1.8
-2.00716 1.9
-2.00692 1.9
-2.00668 2.0
-2.00643 2.1
-2.00619 2.1
-2.00594 2.2
-2.0057 2.2
-2.00546 2.2
-2.00521 2.3
-2.00497 2.3
-2.00472 2.3
-2.00448 2.3
-2.00423 2.4
-2.00399 2.4
-2.00375 2.4
-2.0035 2.4
-2.00326 2.4
-2.00301 2.3
-2.00277 2.3
-2.00253 2.3
-2.00228 2.3
-2.00204 2.2
-2.00179 2.2
-2.00155 2.2
-2.0013 2.1
-2.00106 2.1
-2.00082 2.0
-2.00057 2.0
-2.00033 1.9
-2.00008 1.8
-1.99984 1.7
-1.9996 1.7
-1.99935 1.6
-1.99911 1.5
-1.99886 1.4
-1.99862 1.3
-1.99837 1.2
-1.99813 1.1
-1.99789 1.0
-1.99764 0.9
-1.9974 0.8
-1.99715 0.7
-1.99691 0.6
-1.99667 0.5
-1.99642 0.4
-1.99618 0.3
-1.99593 0.2
-1.99569 0.0
-1.99545 0.0
-1.9952 -0.1
-1.99496 -0.3
-1.99471 -0.4
-1.99447 -0.5
-1.99422 -0.6
-1.99398 -0.7
-1.99374 -0.8
-1.99349 -0.9
-1.99325 -1.0
-1.993 -1.1
-1.99276 -1.2
-1.99252 -1.3
-1.99227 -1.4
-1.99203 -1.5
-1.99178 -1.6
-1.99154 -1.6
-1.99129 -1.7
-1.99105 -1.8
-1.99081 -1.9
-1.99056 -1.9
-1.99032 -2.0
-1.99007 -2.0
-1.98983 -2.1
-1.98959 -2.1
-1.98934 -2.2
-1.9891 -2.2
-1.98885 -2.3
-1.98861 -2.3
-1.98837 -2.3
-1.98812 -2.3
-1.98788 -2.4
-1.98763 -2.4
-1.98739 -2.4
-1.98714 -2.4
-1.9869 -2.4
-1.98666 -2.3
-1.98641 -2.3
-1.98617 -2.3
-1.98592 -2.3
-1.98568 -2.3
-1.98544 -2.2
-1.98519 -2.2
-1.98495 -2.1
-1.9847 -2.1
-1.98446 -2.0
-1.98421 -2.0
-1.98397 -1.9
-1.98373 -1.8
-1.98348 -1.8
-1.98324 -1.7
-1.98299 -1.6
-1.98275 -1.5
-1.98251 -1.4
-1.98226 -1.3
-1.98202 -1.2
-1.98177 -1.1
-1.98153 -1.0
-1.98129 -0.9
-1.98104 -0.8
-1.9808 -0.7
-1.98055 -0.6
-1.98031 -0.5
-1.98006 -0.4
-1.97982 -0.3
-1.97958 -0.2
-1.97933 0.0
-1.97909 0.0
-1.97884 0.1
-1.9786 0.2
-1.97836 0.4
-1.97811 0.5
-1.97787 0.6
-1.97762 0.7
-1.97738 0.8
-1.97713 0.9
-1.97689 1.0
-1.97665 1.1
-1.9764 1.2
-1.97616 1.3
-1.97591 1.4
-1.97567 1.5
-1.97543 1.6
-1.97518 1.6
-1.97494 1.7
-1.97469 1.8
-1.97445 1.9
-1.97421 1.9
-1.97396 2.0
-1.97372 2.1
-1.97347 2.1
-1.97323 2.2
-1.97298 2.2
-1.97274 2.2
-1.9725 2.3
-1.97225 2.3
-1.97201 2.3
-1.97176 2.3
-1.97152 2.4
-1.97128 2.4
-1.97103 2.4
-1.97079 2.4
-1.97054 2.4
-1.9703 2.4
-1.97005 2.3
-1.96981 2.3
-1.96957 2.3
-1.96932 2.3
-1.96908 2.2
-1.96883 2.2
-1.96859 2.1
-1.96835 2.1
-1.9681 2.0
-1.96786 2.0
-1.96761 1.9
-1.96737 1.8
-1.96712 1.7
-1.96688 1.7
-1.96664 1.6
-1.96639 1.5
-1.96615 1.4
-1.9659 1.3
-1.96566 1.2
-1.96542 1.1
-1.96517 1.0
-1.96493 0.9
-1.96468 0.8
-1.96444 0.7
-1.9642 0.6
-1.96395 0.5
-1.96371 0.4
-1.96346 0.3
-1.96322 0.2
-1.96297 0.0
-1.96273 0.0
-1.96249 -0.2
-1.96224 -0.3
-1.962 -0.4
-1.96175 -0.5
-1.96151 -0.6
-1.96127 -0.7
-1.96102 -0.8
-1.96078 -0.9
-1.96053 -1.0
-1.96029 -1.1
-1.96004 -1.2
-1.9598 -1.3
-1.95956 -1.4
-1.95931 -1.5
-1.95907 -1.6
-1.95882 -1.7
-1.95858 -1.7
-1.95834 -1.8
-1.95809 -1.9
-1.95785 -1.9
-1.9576 -2.0
-1.95736 -2.1
-1.95712 -2.1
-1.95687 -2.2
-1.95663 -2.2
-1.95638 -2.3
-1.95614 -2.3
-1.95589 -2.3
-1.95565 -2.3
-1.95541 -2.4
-1.95516 -2.4
-1.95492 -2.4
-1.95467 -2.4
-1.95443 -2.4
-1.95419 -2.4
-1.95394 -2.4
-1.9537 -2.3
-1.95345 -2.3
-1.95321 -2.3
-1.95296 -2.2
-1.95272 -2.2
-1.95248 -2.2
-1.95223 -2.1
-1.95199 -2.1
-1.95174 -2.0
-1.9515 -1.9
-1.95126 -1.9
-1.95101 -1.8
-1.95077 -1.7
-1.95052 -1.6
-1.95028 -1.6
-1.95004 -1.5
-1.94979 -1.4
-1.94955 -1.3
-1.9493 -1.2
-1.94906 -1.1
-1.94881 -1.0
-1.94857 -0.9
-1.94833 -0.8
-1.94808 -0.7
-1.94784 -0.6
-1.94759 -0.5
-1.94735 -0.4
-1.94711 -0.3
-1.94686 -0.1
-1.94662 0.0
-1.94637 0.0
-1.94613 0.2
-1.94588 0.3
-1.94564 0.4
-1.9454 0.5
-1.94515 0.6
-1.94491 0.7
-1.94466 0.9
-1.94442 1.0
-1.94418 1.1
-1.94393 1.2
-1.94369 1.3
-1.94344 1.3
-1.9432 1.4
-1.94296 1.5
-1.94271 1.6
-1.94247 1.7
-1.94222 1.8
-1.94198 1.8
-1.94173 1.9
-1.94149 2.0
-1.94125 2.0
-1.941 2.1
-1.94076 2.1
-1.94051 2.2
-1.94027 2.2
-1.94003 2.3
-1.93978 2.3
-1.93954 2.3
-1.93929 2.4
-1.93905 2.4
-1.9388 2.4
-1.93856 2.4
-1.93832 2.4
-1.93807 2.4
-1.93783 2.4
-1.93758 2.3
-1.93734 2.3
-1.9371 2.3
-1.93685 2.3
-1.93661 2.2
-1.93636 2.2
-1.93612 2.1
-1.93587 2.1
-1.93563 2.0
-1.93539 2.0
-1.93514 1.9
-1.9349 1.8
-1.93465 1.8
-1.93441 1.7
-1.93417 1.6
-1.93392 1.5
-1.93368 1.4
-1.93343 1.3
-1.93319 1.3
-1.93295 1.2
-1.9327 1.1
-1.93246 1.0
-1.93221 0.8
-1.93197 0.7
-1.93172 0.6
-1.93148 0.5
-1.93124 0.4
-1.93099 0.3
-1.93075 0.2
-1.9305 0.0
-1.93026 0.0
-1.93002 -0.2
-1.92977 -0.3
-1.92953 -0.4
-1.92928 -0.5
-1.92904 -0.6
-1.92879 -0.7
-1.92855 -0.8
-1.92831 -0.9
-1.92806 -1.0
-1.92782 -1.1
-1.92757 -1.2
-1.92733 -1.3
-1.92709 -1.4
-1.92684 -1.5
-1.9266 -1.6
-1.92635 -1.7
-1.92611 -1.7
-1.92587 -1.8
-1.92562 -1.9
-1.92538 -2.0
-1.92513 -2.0
-1.92489 -2.1
-1.92464 -2.1
-1.9244 -2.2
-1.92416 -2.2
-1.92391 -2.3
-1.92367 -2.3
-1.92342 -2.3
-1.92318 -2.3
-1.92294 -2.4
-1.92269 -2.4
-1.92245 -2.4
-1.9222 -2.4
-1.92196 -2.4
-1.92171 -2.4
-1.92147 -2.4
-1.92123 -2.3
-1.92098 -2.3
-1.92074 -2.3
-1.92049 -2.3
-1.92025 -2.2
-1.92001 -2.2
-1.91976 -2.1
-1.91952 -2.1
-1.91927 -2.0
-1.91903 -1.9
-1.91879 -1.9
-1.91854 -1.8
-1.9183 -1.7
-1.91805 -1.6
-1.91781 -1.6
-1.91756 -1.5
-1.91732 -1.4
-1.91708 -1.3
-1.91683 -1.2
-1.91659 -1.1
-1.91634 -1.0
-1.9161 -0.9
-1.91586 -0.8
-1.91561 -0.7
-1.91537 -0.6
-1.91512 -0.4
-1.91488 -0.3
-1.91463 -0.2
-1.91439 -0.1
-1.91415 0.0
-1.9139 0.1
-1.91366 0.2
-1.91341 0.4
-1.91317 0.5
-1.91293 0.6
-1.91268 0.7
-1.91244 0.8
-1.91219 0.9
-1.91195 1.0
-1.91171 1.1
-1.91146 1.2
-1.91122 1.3
-1.91097 1.4
-1.91073 1.5
-1.91048 1.6
-1.91024 1.7
-1.91 1.7
-1.90975 1.8
-1.90951 1.9
-1.90926 2.0
-1.90902 2.0
-1.90878 2.1
-1.90853 2.1
-1.90829 2.2
-1.90804 2.2
-1.9078 2.3
-1.90755 2.3
-1.90731 2.3
-1.90707 2.3
-1.90682 2.4
-1.90658 2.4
-1.90633 2.4
-1.90609 2.4
-1.90585 2.4
-1.9056 2.4
-1.90536 2.4
-1.90511 2.3
-1.90487 2.3
-1.90462 2.3
-1.90438 2.3
-1.90414 2.2
-1.90389 2.2
-1.90365 2.1
-1.9034 2.1
-1.90316 2.0
-1.90292 1.9
-1.90267 1.9
-1.90243 1.8
-1.90218 1.7
-1.90194 1.6
-1.9017 1.6
-1.90145 1.5
-1.90121 1.4
-1.90096 1.3
-1.90072 1.2
-1.90047 1.1
-1.90023 1.0
-1.89999 0.9
-1.89974 0.8
-1.8995 0.7
-1.89925 0.6
-1.89901 0.4
-1.89877 0.3
-1.89852 0.2
-1.89828 0.1
-1.89803 0.0
-1.89779 -0.1
-1.89754 -0.2
-1.8973 -0.3
-1.89706 -0.5
-1.89681 -0.6
-1.89657 -0.7
-1.89632 -0.8
-1.89608 -0.9
-1.89584 -1.0
-1.89559 -1.1
-1.89535 -1.2
-1.8951 -1.3
-1.89486 -1.4
-1.89462 -1.5
-1.89437 -1.6
-1.89413 -1.7
-1.89388 -1.7
-1.89364 -1.8
-1.89339 -1.9
-1.89315 -2.0
-1.89291 -2.0
-1.89266 -2.1
-1.89242 -2.1
-1.89217 -2.2
-1.89193 -2.2
-1.89169 -2.3
-1.89144 -2.3
-1.8912 -2.3
-1.89095 -2.4
-1.89071 -2.4
-1.89046 -2.4
-1.89022 -2.4
-1.88998 -2.4
-1.88973 -2.4
-1.88949 -2.4
-1.88924 -2.4
-1.889 -2.4
-1.88876 -2.3
-1.88851 -2.3
-1.88827 -2.3
-1.88802 -2.2
-1.88778 -2.2
-1.88754 -2.1
-1.88729 -2.1
-1.88705 -2.0
-1.8868 -1.9
-1.88656 -1.9
-1.88631 -1.8
-1.88607 -1.7
-1.88583 -1.6
-1.88558 -1.6
-1.88534 -1.5
-1.88509 -1.4
-1.88485 -1.3
-1.88461 -1.2
-1.88436 -1.1
-1.88412 -1.0
-1.88387 -0.9
-1.88363 -0.8
-1.88338 -0.7
-1.88314 -0.5
-1.8829 -0.4
-1.88265 -0.3
-1.88241 -0.2
-1.88216 0.0
-1.88192 0.0
-1.88168 0.1
-1.88143 0.3
-1.88119 0.4
-1.88094 0.5
-1.8807 0.6
-1.88046 0.7
-1.88021 0.8
-1.87997 0.9
-1.87972 1.0
-1.87948 1.1
-1.87923 1.2
-1.87899 1.3
-1.87875 1.4
-1.8785 1.5
-1.87826 1.6
-1.87801 1.7
-1.87777 1.8
-1.87753 1.8
-1.87728 1.9
-1.87704 2.0
-1.87679 2.0
-1.87655 2.1
-1.8763 2.2
-1.87606 2.2
-1.87582 2.2
-1.87557 2.3
-1.87533 2.3
-1.87508 2.3
-1.87484 2.4
-1.8746 2.4
-1.87435 2.4
-1.87411 2.4
-1.87386 2.4
-1.87362 2.4
-1.87337 2.4
-1.87313 2.4
-1.87289 2.3
-1.87264 2.3
-1.8724 2.3
-1.87215 2.3
-1.87191 2.2
-1.87167 2.2
-1.87142 2.1
-1.87118 2.1
-1.87093 2.0
-1.87069 1.9
-1.87045 1.9
-1.8702 1.8
-1.86996 1.7
-1.86971 1.6
-1.86947 1.5
-1.86922 1.4
-1.86898 1.3
-1.86874 1.2
-1.86849 1.1
-1.86825 1.0
-1.868 0.9
-1.86776 0.8
-1.86752 0.7
-1.86727 0.6
-1.86703 0.5
-1.86678 0.4
-1.86654 0.3
-1.86629 0.2
-1.86605 0.0
-1.86581 0.0
-1.86556 -0.2
-1.86532 -0.3
-1.86507 -0.4
-1.86483 -0.5
-1.86459 -0.6
-1.86434 -0.8
-1.8641 -0.9
-1.86385 -1.0
-1.86361 -1.1
-1.86337 -1.2
-1.86312 -1.3
-1.86288 -1.4
-1.86263 -1.5
-1.86239 -1.6
-1.86214 -1.6
-1.8619 -1.7
-1.86166 -1.8
-1.86141 -1.9
-1.86117 -1.9
-1.86092 -2.0
-1.86068 -2.1
-1.86044 -2.1
-1.86019 -2.2
-1.85995 -2.2
-1.8597 -2.3
-1.85946 -2.3
-1.85921 -2.3
-1.85897 -2.4
-1.85873 -2.4
-1.85848 -2.4
-1.85824 -2.4
-1.85799 -2.4
-1.85775 -2.4
-1.85751 -2.4
-1.85726 -2.4
-1.85702 -2.4
-1.85677 -2.3
-1.85653 -2.3
-1.85629 -2.3
-1.85604 -2.2
-1.8558 -2.2
-1.85555 -2.1
-1.85531 -2.1
-1.85506 -2.0
-1.85482 -2.0
-1.85458 -1.9
-1.85433 -1.8
-1.85409 -1.7
-1.85384 -1.7
-1.8536 -1.6
-1.85336 -1.5
-1.85311 -1.4
-1.85287 -1.3
-1.85262 -1.2
-1.85238 -1.1
-1.85213 -1.0
-1.85189 -0.9
-1.85165 -0.8
-1.8514 -0.7
-1.85116 -0.6
-1.85091 -0.4
-1.85067 -0.3
-1.85043 -0.2
-1.85018 0.0
-1.84994 0.0
-1.84969 0.1
-1.84945 0.3
-1.84921 0.4
-1.84896 0.5
-1.84872 0.6
-1.84847 0.7
-1.84823 0.8
-1.84798 0.9
-1.84774 1.0
-1.8475 1.1
-1.84725 1.2
-1.84701 1.3
-1.84676 1.4
-1.84652 1.5
-1.84628 1.6
-1.84603 1.7
-1.84579 1.8
-1.84554 1.9
-1.8453 1.9
-1.84505 2.0
-1.84481 2.1
-1.84457 2.1
-1.84432 2.2
-1.84408 2.2
-1.84383 2.3
-1.84359 2.3
-1.84335 2.3
-1.8431 2.4
-1.84286 2.4
-1.84261 2.4
-1.84237 2.4
-1.84212 2.4
-1.84188 2.4
-1.84164 2.4
-1.84139 2.4
-1.84115 2.4
-1.8409 2.4
-1.84066 2.3
-1.84042 2.3
-1.84017 2.3
-1.83993 2.2
-1.83968 2.2
-1.83944 2.1
-1.8392 2.0
-1.83895 2.0
-1.83871 1.9
-1.83846 1.8
-1.83822 1.8
-1.83797 1.7
-1.83773 1.6
-1.83749 1.5
-1.83724 1.4
-1.837 1.3
-1.83675 1.2
-1.83651 1.1
-1.83627 1.0
-1.83602 0.9
-1.83578 0.8
-1.83553 0.7
-1.83529 0.6
-1.83504 0.5
-1.8348 0.3
-1.83456 0.2
-1.83431 0.1
-1.83407 0.0
-1.83382 -0.1
-1.83358 -0.2
-1.83334 -0.3
-1.83309 -0.5
-1.83285 -0.6
-1.8326 -0.7
-1.83236 -0.8
-1.83212 -0.9
-1.83187 -1.0
-1.83163 -1.1
-1.83138 -1.2
-1.83114 -1.3
-1.83089 -1.4
-1.83065 -1.5
-1.83041 -1.6
-1.83016 -1.7
-1.82992 -1.8
-1.82967 -1.8
-1.82943 -1.9
-1.82919 -2.0
-1.82894 -2.0
-1.8287 -2.1
-1.82845 -2.2
-1.82821 -2.2
-1.82796 -2.3
-1.82772 -2.3
-1.82748 -2.3
-1.82723 -2.4
-1.82699 -2.4
-1.82674 -2.4
-1.8265 -2.4
-1.82626 -2.4
-1.82601 -2.4
-1.82577 -2.4
-1.82552 -2.4
-1.82528 -2.4
-1.82504 -2.4
-1.82479 -2.3
-1.82455 -2.3
-1.8243 -2.3
-1.82406 -2.2
-1.82381 -2.2
-1.82357 -2.1
-1.82333 -2.1
-1.82308 -2.0
-1.82284 -1.9
-1.82259 -1.9
-1.82235 -1.8
-1.82211 -1.7
-1.82186 -1.6
-1.82162 -1.5
-1.82137 -1.4
-1.82113 -1.3
-1.82088 -1.2
-1.82064 -1.1
-1.8204 -1.0
-1.82015 -0.9
-1.81991 -0.8
-1.81966 -0.7
-1.81942 -0.6
-1.81918 -0.5
-1.81893 -0.4
-1.81869 -0.2
-1.81844 -0.1
-1.8182 0.0
-1.81796 0.1
-1.81771 0.2
-1.81747 0.3
-1.81722 0.5
-1.81698 0.6
-1.81673 0.7
-1.81649 0.8
-1.81625 0.9
-1.816 1.0
-1.81576 1.1
-1.81551 1.2
-1.81527 1.3
-1.81503 1.4
-1.81478 1.5
-1.81454 1.6
-1.81429 1.7
-1.81405 1.8
-1.8138 1.9
-1.81356 1.9
-1.81332 2.0
-1.81307 2.1
-1.81283 2.1
-1.81258 2.2
-1.81234 2.2
-1.8121 2.3
-1.81185 2.3
-1.81161 2.3
-1.81136 2.4
-1.81112 2.4
-1.81087 2.4
-1.81063 2.4
-1.81039 2.4
-1.81014 2.4
-1.8099 2.4
-1.80965 2.4
-1.80941 2.4
-1.80917 2.4
-1.80892 2.3
-1.80868 2.3
-1.80843 2.3
-1.80819 2.2
-1.80795 2.2
-1.8077 2.1
-1.80746 2.1
-1.80721 2.0
-1.80697 1.9
-1.80672 1.8
-1.80648 1.8
-1.80624 1.7
-1.80599 1.6
-1.80575 1.5
-1.8055 1.4
-1.80526 1.3
-1.80502 1.2
-1.80477 1.1
-1.80453 1.0
-1.80428 0.9
-1.80404 0.8
-1.80379 0.7
-1.80355 0.6
-1.80331 0.4
-1.80306 0.3
-1.80282 0.2
-1.80257 0.0
-1.80233 0.0
-1.80209 -0.1
-1.80184 -0.3
-1.8016 -0.4
-1.80135 -0.5
-1.80111 -0.6
-1.80087 -0.7
-1.80062 -0.8
-1.80038 -0.9
-1.80013 -1.0
-1.79989 -1.1
-1.79964 -1.3
-1.7994 -1.4
-1.79916 -1.4
-1.79891 -1.5
-1.79867 -1.6
-1.79842 -1.7
-1.79818 -1.8
-1.79794 -1.9
-1.79769 -1.9
-1.79745 -2.0
-1.7972 -2.1
-1.79696 -2.1
-1.79671 -2.2
-1.79647 -2.2
-1.79623 -2.3
-1.79598 -2.3
-1.79574 -2.3
-1.79549 -2.4
-1.79525 -2.4
-1.79501 -2.4
-1.79476 -2.4
-1.79452 -2.4
-1.79427 -2.4
-1.79403 -2.4
-1.79379 -2.4
-1.79354 -2.4
-1.7933 -2.4
-1.79305 -2.3
-1.79281 -2.3
-1.79256 -2.3
-1.79232 -2.2
-1.79208 -2.2
-1.79183 -2.1
-1.79159 -2.0
-1.79134 -2.0
-1.7911 -1.9
-1.79086 -1.8
-1.79061 -1.7
-1.79037 -1.7
-1.79012 -1.6
-1.78988 -1.5
-1.78963 -1.4
-1.78939 -1.3
-1.78915 -1.2
-1.7889 -1.1
-1.78866 -1.0
-1.78841 -0.9
-1.78817 -0.7
-1.78793 -0.6
-1.78768 -0.5
-1.78744 -0.4
-1.78719 -0.3
-1.78695 -0.2
-1.78671 0.0
-1.78646 0.0
-1.78622 0.2
-1.78597 0.3
-1.78573 0.4
-1.78548 0.5
-1.78524 0.7
-1.785 0.8
-1.78475 0.9
-1.78451 1.0
-1.78426 1.1
-1.78402 1.2
-1.78378 1.3
-1.78353 1.4
-1.78329 1.5
-1.78304 1.6
-1.7828 1.7
-1.78255 1.8
-1.78231 1.8
-1.78207 1.9
-1.78182 2.0
-1.78158 2.0
-1.78133 2.1
-1.78109 2.2
-1.78085 2.2
-1.7806 2.3
-1.78036 2.3
-1.78011 2.3
-1.77987 2.4
-1.77962 2.4
-1.77938 2.4
-1.77914 2.4
-1.77889 2.4
-1.77865 2.4
-1.7784 2.4
-1.77816 2.4
-1.77792 2.4
-1.77767 2.4
-1.77743 2.3
-1.77718 2.3
-1.77694 2.3
-1.7767 2.2
-1.77645 2.2
-1.77621 2.1
-1.77596 2.1
-1.77572 2.0
-1.77547 1.9
-1.77523 1.9
-1.77499 1.8
-1.77474 1.7
-1.7745 1.6
-1.77425 1.5
-1.77401 1.4
-1.77377 1.3
-1.77352 1.2
-1.77328 1.1
-1.77303 1.0
-1.77279 0.9
-1.77254 0.8
-1.7723 0.7
-1.77206 0.6
-1.77181 0.5
-1.77157 0.3
-1.77132 0.2
-1.77108 0.0
-1.77084 0.0
-1.77059 -0.1
-1.77035 -0.3
-1.7701 -0.4
-1.76986 -0.5
-1.76962 -0.6
-1.76937 -0.7
-1.76913 -0.8
-1.76888 -0.9
-1.76864 -1.1
-1.76839 -1.2
-1.76815 -1.3
-1.76791 -1.4
-1.76766 -1.5
-1.76742 -1.6
-1.76717 -1.6
-1.76693 -1.7
-1.76669 -1.8
-1.76644 -1.9
-1.7662 -2.0
-1.76595 -2.0
-1.76571 -2.1
-1.76546 -2.2
-1.76522 -2.2
-1.76498 -2.3
-1.76473 -2.3
-1.76449 -2.3
-1.76424 -2.4
-1.764 -2.4
-1.76376 -2.4
-1.76351 -2.4
-1.76327 -2.4
-1.76302 -2.4
-1.76278 -2.4
-1.76254 -2.4
-1.76229 -2.4
-1.76205 -2.4
-1.7618 -2.4
-1.76156 -2.3
-1.76131 -2.3
-1.76107 -2.2
-1.76083 -2.2
-1.76058 -2.1
-1.76034 -2.1
-1.76009 -2.0
-1.75985 -2.0
-1.75961 -1.9
-1.75936 -1.8
-1.75912 -1.7
-1.75887 -1.6
-1.75863 -1.5
-1.75838 -1.5
-1.75814 -1.4
-1.7579 -1.3
-1.75765 -1.1
-1.75741 -1.0
-1.75716 -0.9
-1.75692 -0.8
-1.75668 -0.7
-1.75643 -0.6
-1.75619 -0.5
-1.75594 -0.4
-1.7557 -0.2
-1.75546 -0.1
-1.75521 0.0
-1.75497 0.1
-1.75472 0.2
-1.75448 0.4
-1.75423 0.5
-1.75399 0.6
-1.75375 0.7
-1.7535 0.8
-1.75326 0.9
-1.75301 1.0
-1.75277 1.1
-1.75253 1.3
-1.75228 1.4
-1.75204 1.5
-1.75179 1.5
-1.75155 1.6
-1.7513 1.7
-1.75106 1.8
-1.75082 1.9
-1.75057 2.0
-1.75033 2.0
-1.75008 2.1
-1.74984 2.2
-1.7496 2.2
-1.74935 2.3
-1.74911 2.3
-1.74886 2.3
-1.74862 2.4
-1.74837 2.4
-1.74813 2.4
-1.74789 2.4
-1.74764 2.4
-1.7474 2.4
-1.74715 2.4
-1.74691 2.4
-1.74667 2.4
-1.74642 2.4
-1.74618 2.4
-1.74593 2.3
-1.74569 2.3
-1.74545 2.3
-1.7452 2.2
-1.74496 2.2
-1.74471 2.1
-1.74447 2.0
-1.74422 2.0
-1.74398 1.9
-1.74374 1.8
-1.74349 1.7
-1.74325 1.6
-1.743 1.6
-1.74276 1.5
-1.74252 1.4
-1.74227 1.3
-1.74203 1.2
-1.74178 1.0
-1.74154 0.9
-1.74129 0.8
-1.74105 0.7
-1.74081 0.6
-1.74056 0.5
-1.74032 0.4
-1.74007 0.2
-1.73983 0.1
-1.73959 0.0
-1.73934 -0.1
-1.7391 -0.2
-1.73885 -0.4
-1.73861 -0.5
-1.73837 -0.6
-1.73812 -0.7
-1.73788 -0.8
-1.73763 -0.9
-1.73739 -1.0
-1.73714 -1.2
-1.7369 -1.3
-1.73666 -1.4
-1.73641 -1.5
-1.73617 -1.6
-1.73592 -1.6
-1.73568 -1.7
-1.73544 -1.8
-1.73519 -1.9
-1.73495 -2.0
-1.7347 -2.0
-1.73446 -2.1
-1.73421 -2.2
-1.73397 -2.2
-1.73373 -2.3
-1.73348 -2.3
-1.73324 -2.3
-1.73299 -2.4
-1.73275 -2.4
-1.73251 -2.4
-1.73226 -2.4
-1.73202 -2.4
-1.73177 -2.4
-1.73153 -2.4
-1.73129 -2.4
-1.73104 -2.4
-1.7308 -2.4
-1.73055 -2.4
-1.73031 -2.3
-1.73006 -2.3
-1.72982 -2.3
-1.72958 -2.2
-1.72933 -2.2
-1.72909 -2.1
-1.72884 -2.0
-1.7286 -2.0
-1.72836 -1.9
-1.72811 -1.8
-1.72787 -1.7
-1.72762 -1.6
-1.72738 -1.5
-1.72713 -1.4
-1.72689 -1.3
-1.72665 -1.2
-1.7264 -1.1
-1.72616 -1.0
-1.72591 -0.9
-1.72567 -0.8
-1.72543 -0.7
-1.72518 -0.6
-1.72494 -0.5
-1.72469 -0.3
-1.72445 -0.2
-1.72421 0.0
-1.72396 0.0
-1.72372 0.1
-1.72347 0.3
-1.72323 0.4
-1.72298 0.5
-1.72274 0.6
-1.7225 0.7
-1.72225 0.9
-1.72201 1.0
-1.72176 1.1
-1.72152 1.2
-1.72128 1.3
-1.72103 1.4
-1.72079 1.5
-1.72054 1.6
-1.7203 1.7
-1.72005 1.8
-1.71981 1.8
-1.71957 1.9
-1.71932 2.0
-1.71908 2.1
-1.71883 2.1
-1.71859 2.2
-1.71835 2.2
-1.7181 2.3
-1.71786 2.3
-1.71761 2.4
-1.71737 2.4
-1.71712 2.4
-1.71688 2.4
-1.71664 2.4
-1.71639 2.5
-1.71615 2.5
-1.7159 2.4
-1.71566 2.4
-1.71542 2.4
-1.71517 2.4
-1.71493 2.4
-1.71468 2.3
-1.71444 2.3
-1.7142 2.2
-1.71395 2.2
-1.71371 2.1
-1.71346 2.1
-1.71322 2.0
-1.71297 1.9
-1.71273 1.9
-1.71249 1.8
-1.71224 1.7
-1.712 1.6
-1.71175 1.5
-1.71151 1.4
-1.71127 1.3
-1.71102 1.2
-1.71078 1.1
-1.71053 1.0
-1.71029 0.9
-1.71004 0.8
-1.7098 0.6
-1.70956 0.5
-1.70931 0.4
-1.70907 0.3
-1.70882 0.2
-1.70858 0.0
-1.70834 0.0
-1.70809 -0.2
-1.70785 -0.3
-1.7076 -0.4
-1.70736 -0.6
-1.70712 -0.7
-1.70687 -0.8
-1.70663 -0.9
-1.70638 -1.0
-1.70614 -1.1
-1.70589 -1.2
-1.70565 -1.3
-1.70541 -1.4
-1.70516 -1.5
-1.70492 -1.6
-1.70467 -1.7
-1.70443 -1.8
-1.70419 -1.9
-1.70394 -2.0
-1.7037 -2.0
-1.70345 -2.1
-1.70321 -2.2
-1.70296 -2.2
-1.70272 -2.3
-1.70248 -2.3
-1.70223 -2.3
-1.70199 -2.4
-1.70174 -2.4
-1.7015 -2.4
-1.70126 -2.4
-1.70101 -2.5
-1.70077 -2.5
-1.70052 -2.5
-1.70028 -2.4
-1.70004 -2.4
-1.69979 -2.4
-1.69955 -2.4
-1.6993 -2.4
-1.69906 -2.3
-1.69881 -2.3
-1.69857 -2.2
-1.69833 -2.2
-1.69808 -2.1
-1.69784 -2.0
-1.69759 -2.0
-1.69735 -1.9
-1.69711 -1.8
-1.69686 -1.7
-1.69662 -1.6
-1.69637 -1.5
-1.69613 -1.4
-1.69588 -1.3
-1.69564 -1.2
-1.6954 -1.1
-1.69515 -1.0
-1.69491 -0.9
-1.69466 -0.8
-1.69442 -0.7
-1.69418 -0.6
-1.69393 -0.4
-1.69369 -0.3
-1.69344 -0.2
-1.6932 0.0
-1.69296 0.0
-1.69271 0.2
-1.69247 0.3
-1.69222 0.4
-1.69198 0.5
-1.69173 0.6
-1.69149 0.8
-1.69125 0.9
-1.691 1.0
-1.69076 1.1
-1.69051 1.2
-1.69027 1.3
-1.69003 1.4
-1.68978 1.5
-1.68954 1.6
-1.68929 1.7
-1.68905 1.8
-1.6888 1.9
-1.68856 1.9
-1.68832 2.0
-1.68807 2.1
-1.68783 2.1
-1.68758 2.2
-1.68734 2.3
-1.6871 2.3
-1.68685 2.3
-1.68661 2.4
-1.68636 2.4
-1.68612 2.4
-1.68587 2.4
-1.68563 2.5
-1.68539 2.5
-1.68514 2.5
-1.6849 2.5
-1.68465 2.4
-1.68441 2.4
-1.68417 2.4
-1.68392 2.4
-1.68368 2.3
-1.68343 2.3
-1.68319 2.2
-1.68295 2.2
-1.6827 2.1
-1.68246 2.1
-1.68221 2.0
-1.68197 1.9
-1.68172 1.8
-1.68148 1.7
-1.68124 1.7
-1.68099 1.6
-1.68075 1.5
-1.6805 1.4
-1.68026 1.3
-1.68002 1.2
-1.67977 1.1
-1.67953 0.9
-1.67928 0.8
-1.67904 0.7
-1.67879 0.6
-1.67855 0.5
-1.67831 0.3
-1.67806 0.2
-1.67782 0.1
-1.67757 0.0
-1.67733 -0.1
-1.67709 -0.3
-1.67684 -0.4
-1.6766 -0.5
-1.67635 -0.6
-1.67611 -0.7
-1.67587 -0.9
-1.67562 -1.0
-1.67538 -1.1
-1.67513 -1.2
-1.67489 -1.3
-1.67464 -1.4
-1.6744 -1.5
-1.67416 -1.6
-1.67391 -1.7
-1.67367 -1.8
-1.67342 -1.9
-1.67318 -1.9
-1.67294 -2.0
-1.67269 -2.1
-1.67245 -2.1
-1.6722 -2.2
-1.67196 -2.3
-1.67171 -2.3
-1.67147 -2.3
-1.67123 -2.4
-1.67098 -2.4
-1.67074 -2.4
-1.67049 -2.5
-1.67025 -2.5
-1.67001 -2.5
-1.66976 -2.5
-1.66952 -2.5
-1.66927 -2.4
-1.66903 -2.4
-1.66879 -2.4
-1.66854 -2.4
-1.6683 -2.3
-1.66805 -2.3
-1.66781 -2.2
-1.66756 -2.2
-1.66732 -2.1
-1.66708 -2.1
-1.66683 -2.0
-1.66659 -1.9
-1.66634 -1.8
-1.6661 -1.8
-1.66586 -1.7
-1.66561 -1.6
-1.66537 -1.5
-1.66512 -1.4
-1.66488 -1.3
-1.66463 -1.2
-1.66439 -1.0
-1.66415 -0.9
-1.6639 -0.8
-1.66366 -0.7
-1.66341 -0.6
-1.66317 -0.5
-1.66293 -0.3
-1.66268 -0.2
-1.66244 0.0
-1.66219 0.0
-1.66195 0.2
-1.66171 0.3
-1.66146 0.4
-1.66122 0.5
-1.66097 0.6
-1.66073 0.8
-1.66048 0.9
-1.66024 1.0
-1.66 1.1
-1.65975 1.2
-1.65951 1.3
-1.65926 1.4
-1.65902 1.5
-1.65878 1.6
-1.65853 1.7
-1.65829 1.8
-1.65804 1.9
-1.6578 2.0
-1.65755 2.0
-1.65731 2.1
-1.65707 2.2
-1.65682 2.2
-1.65658 2.3
-1.65633 2.3
-1.65609 2.4
-1.65585 2.4
-1.6556 2.4
-1.65536 2.4
-1.65511 2.5
-1.65487 2.5
-1.65462 2.5
-1.65438 2.5
-1.65414 2.5
-1.65389 2.4
-1.65365 2.4
-1.6534 2.4
-1.65316 2.4
-1.65292 2.3
-1.65267 2.3
-1.65243 2.2
-1.65218 2.2
-1.65194 2.1
-1.6517 2.1
-1.65145 2.0
-1.65121 1.9
-1.65096 1.8
-1.65072 1.7
-1.65047 1.6
-1.65023 1.6
-1.64999 1.5
-1.64974 1.4
-1.6495 1.2
-1.64925 1.1
-1.64901 1.0
-1.64877 0.9
-1.64852 0.8
-1.64828 0.7
-1.64803 0.6
-1.64779 0.4
-1.64754 0.3
-1.6473 0.2
-1.64706 0.0
-1.64681 0.0
-1.64657 -0.2
-1.64632 -0.3
-1.64608 -0.4
-1.64584 -0.6
-1.64559 -0.7
-1.64535 -0.8
-1.6451 -0.9
-1.64486 -1.0
-1.64462 -1.1
-1.64437 -1.2
-1.64413 -1.3
-1.64388 -1.5
-1.64364 -1.6
-1.64339 -1.6
-1.64315 -1.7
-1.64291 -1.8
-1.64266 -1.9
-1.64242 -2.0
-1.64217 -2.1
-1.64193 -2.1
-1.64169 -2.2
-1.64144 -2.2
-1.6412 -2.3
-1.64095 -2.3
-1.64071 -2.4
-1.64046 -2.4
-1.64022 -2.4
-1.63998 -2.5
-1.63973 -2.5
-1.63949 -2.5
-1.63924 -2.5
-1.639 -2.5
-1.63876 -2.5
-1.63851 -2.4
-1.63827 -2.4
-1.63802 -2.4
-1.63778 -2.4
-1.63754 -2.3
-1.63729 -2.3
-1.63705 -2.2
-1.6368 -2.2
-1.63656 -2.1
-1.63631 -2.0
-1.63607 -2.0
-1.63583 -1.9
-1.63558 -1.8
-1.63534 -1.7
-1.63509 -1.6
-1.63485 -1.5
-1.63461 -1.4
-1.63436 -1.3
-1.63412 -1.2
-1.63387 -1.1
-1.63363 -1.0
-1.63338 -0.9
-1.63314 -0.7
-1.6329 -0.6
-1.63265 -0.5
-1.63241 -0.4
-1.63216 -0.3
-1.63192 -0.1
-1.63168 0.0
-1.63143 0.1
-1.63119 0.2
-1.63094 0.4
-1.6307 0.5
-1.63046 0.6
-1.63021 0.7
-1.62997 0.9
-1.62972 1.0
-1.62948 1.1
-1.62923 1.2
-1.62899 1.3
-1.62875 1.4
-1.6285 1.5
-1.62826 1.6
-1.62801 1.7
-1.62777 1.8
-1.62753 1.9
-1.62728 2.0
-1.62704 2.0
-1.62679 2.1
-1.62655 2.2
-1.6263 2.2
-1.62606 2.3
-1.62582 2.3
-1.62557 2.4
-1.62533 2.4
-1.62508 2.4
-1.62484 2.5
-1.6246 2.5
-1.62435 2.5
-1.62411 2.5
-1.62386 2.5
-1.62362 2.5
-1.62337 2.5
-1.62313 2.4
-1.62289 2.4
-1.62264 2.4
-1.6224 2.3
-1.62215 2.3
-1.62191 2.2
-1.62167 2.2
-1.62142 2.1
-1.62118 2.1
-1.62093 2.0
-1.62069 1.9
-1.62045 1.8
-1.6202 1.7
-1.61996 1.6
-1.61971 1.5
-1.61947 1.5
-1.61922 1.3
-1.61898 1.2
-1.61874 1.1
-1.61849 1.0
-1.61825 0.9
-1.618 0.8
-1.61776 0.7
-1.61752 0.5
-1.61727 0.4
-1.61703 0.3
-1.61678 0.2
-1.61654 0.0
-1.61629 0.0
-1.61605 -0.2
-1.61581 -0.3
-1.61556 -0.5
-1.61532 -0.6
-1.61507 -0.7
-1.61483 -0.8
-1.61459 -0.9
-1.61434 -1.1
-1.6141 -1.2
-1.61385 -1.3
-1.61361 -1.4
-1.61337 -1.5
-1.61312 -1.6
-1.61288 -1.7
-1.61263 -1.8
-1.61239 -1.9
-1.61214 -1.9
-1.6119 -2.0
-1.61166 -2.1
-1.61141 -2.2
-1.61117 -2.2
-1.61092 -2.3
-1.61068 -2.3
-1.61044 -2.4
-1.61019 -2.4
-1.60995 -2.4
-1.6097 -2.5
-1.60946 -2.5
-1.60921 -2.5
-1.60897 -2.5
-1.60873 -2.5
-1.60848 -2.5
-1.60824 -2.5
-1.60799 -2.4
-1.60775 -2.4
-1.60751 -2.4
-1.60726 -2.4
-1.60702 -2.3
-1.60677 -2.3
-1.60653 -2.2
-1.60629 -2.1
-1.60604 -2.1
-1.6058 -2.0
-1.60555 -1.9
-1.60531 -1.8
-1.60506 -1.8
-1.60482 -1.7
-1.60458 -1.6
-1.60433 -1.5
-1.60409 -1.4
-1.60384 -1.3
-1.6036 -1.1
-1.60336 -1.0
-1.60311 -0.9
-1.60287 -0.8
-1.60262 -0.7
-1.60238 -0.6
-1.60213 -0.4
-1.60189 -0.3
-1.60165 -0.2
-1.6014 0.0
-1.60116 0.0
-1.60091 0.2
-1.60067 0.3
-1.60043 0.4
-1.60018 0.6
-1.59994 0.7
-1.59969 0.8
-1.59945 0.9
-1.59921 1.0
-1.59896 1.2
-1.59872 1.3
-1.59847 1.4
-1.59823 1.5
-1.59798 1.6
-1.59774 1.7
-1.5975 1.8
-1.59725 1.9
-1.59701 1.9
-1.59676 2.0
-1.59652 2.1
-1.59628 2.2
-1.59603 2.2
-1.59579 2.3
-1.59554 2.3
-1.5953 2.4
-1.59505 2.4
-1.59481 2.4
-1.59457 2.5
-1.59432 2.5
-1.59408 2.5
-1.59383 2.5
-1.59359 2.5
-1.59335 2.5
-1.5931 2.5
-1.59286 2.5
-1.59261 2.4
-1.59237 2.4
-1.59212 2.4
-1.59188 2.3
-1.59164 2.3
-1.59139 2.2
-1.59115 2.1
-1.5909 2.1
-1.59066 2.0
-1.59042 1.9
-1.59017 1.8
-1.58993 1.8
-1.58968 1.7
-1.58944 1.6
-1.5892 1.5
-1.58895 1.4
-1.58871 1.3
-1.58846 1.1
-1.58822 1.0
-1.58797 0.9
-1.58773 0.8
-1.58749 0.7
-1.58724 0.5
-1.587 0.4
-1.58675 0.3
-1.58651 0.2
-1.58627 0.0
-1.58602 0.0
-1.58578 -0.2
-1.58553 -0.3
-1.58529 -0.5
-1.58504 -0.6
-1.5848 -0.7
-1.58456 -0.8
-1.58431 -1.0
-1.58407 -1.1
-1.58382 -1.2
-1.58358 -1.3
-1.58334 -1.4
-1.58309 -1.5
-1.58285 -1.6
-1.5826 -1.7
-1.58236 -1.8
-1.58212 -1.9
-1.58187 -2.0
-1.58163 -2.0
-1.58138 -2.1
-1.58114 -2.2
-1.58089 -2.2
-1.58065 -2.3
-1.58041 -2.3
-1.58016 -2.4
-1.57992 -2.4
-1.57967 -2.4
-1.57943 -2.5
-1.57919 -2.5
-1.57894 -2.5
-1.5787 -2.5
-1.57845 -2.5
-1.57821 -2.5
-1.57796 -2.5
-1.57772 -2.5
-1.57748 -2.4
-1.57723 -2.4
-1.57699 -2.4
-1.57674 -2.3
-1.5765 -2.3
-1.57626 -2.2
-1.57601 -2.1
-1.57577 -2.1
-1.57552 -2.0
-1.57528 -1.9
-1.57504 -1.8
-1.57479 -1.7
-1.57455 -1.6
-1.5743 -1.5
-1.57406 -1.4
-1.57381 -1.3
-1.57357 -1.2
-1.57333 -1.1
-1.57308 -1.0
-1.57284 -0.9
-1.57259 -0.8
-1.57235 -0.6
-1.57211 -0.5
-1.57186 -0.4
-1.57162 -0.3
-1.57137 -0.1
-1.57113 0.0
-1.57088 0.1
-1.57064 0.3
-1.5704 0.4
-1.57015 0.5
-1.56991 0.6
-1.56966 0.8
-1.56942 0.9
-1.56918 1.0
-1.56893 1.1
-1.56869 1.2
-1.56844 1.3
-1.5682 1.4
-1.56796 1.5
-1.56771 1.6
-1.56747 1.7
-1.56722 1.8
-1.56698 1.9
-1.56673 2.0
-1.56649 2.1
-1.56625 2.1
-1.566 2.2
-1.56576 2.3
-1.56551 2.3
-1.56527 2.4
-1.56503 2.4
-1.56478 2.4
-1.56454 2.5
-1.56429 2.5
-1.56405 2.5
-1.5638 2.5
-1.56356 2.5
-1.56332 2.5
-1.56307 2.5
-1.56283 2.5
-1.56258 2.4
-1.56234 2.4
-1.5621 2.4
-1.56185 2.3
-1.56161 2.3
-1.56136 2.2
-1.56112 2.2
-1.56087 2.1
-1.56063 2.0
-1.56039 2.0
-1.56014 1.9
-1.5599 1.8
-1.55965 1.7
-1.55941 1.6
-1.55917 1.5
-1.55892 1.4
-1.55868 1.3
-1.55843 1.2
-1.55819 1.1
-1.55795 0.9
-1.5577 0.8
-1.55746 0.7
-1.55721 0.6
-1.55697 0.4
-1.55672 0.3
-1.55648 0.2
-1.55624 0.0
-1.55599 0.0
-1.55575 -0.2
-1.5555 -0.3
-1.55526 -0.5
-1.55502 -0.6
-1.55477 -0.7
-1.55453 -0.8
-1.55428 -0.9
-1.55404 -1.1
-1.55379 -1.2
-1.55355 -1.3
-1.55331 -1.4
-1.55306 -1.5
-1.55282 -1.6
-1.55257 -1.7
-1.55233 -1.8
-1.55209 -1.9
-1.55184 -2.0
-1.5516 -2.0
-1.55135 -2.1
-1.55111 -2.2
-1.55087 -2.2
-1.55062 -2.3
-1.55038 -2.3
-1.55013 -2.4
-1.54989 -2.4
-1.54964 -2.5
-1.5494 -2.5
-1.54916 -2.5
-1.54891 -2.5
-1.54867 -2.5
-1.54842 -2.5
-1.54818 -2.5
-1.54794 -2.5
-1.54769 -2.5
-1.54745 -2.4
-1.5472 -2.4
-1.54696 -2.4
-1.54671 -2.3
-1.54647 -2.3
-1.54623 -2.2
-1.54598 -2.1
-1.54574 -2.1
-1.54549 -2.0
-1.54525 -1.9
-1.54501 -1.8
-1.54476 -1.7
-1.54452 -1.6
-1.54427 -1.5
-1.54403 -1.4
-1.54379 -1.3
-1.54354 -1.2
-1.5433 -1.1
-1.54305 -1.0
-1.54281 -0.8
-1.54256 -0.7
-1.54232 -0.6
-1.54208 -0.5
-1.54183 -0.3
-1.54159 -0.2
-1.54134 0.0
-1.5411 0.0
-1.54086 0.2
-1.54061 0.3
-1.54037 0.4
-1.54012 0.6
-1.53988 0.7
-1.53963 0.8
-1.53939 0.9
-1.53915 1.0
-1.5389 1.2
-1.53866 1.3
-1.53841 1.4
-1.53817 1.5
-1.53793 1.6
-1.53768 1.7
-1.53744 1.8
-1.53719 1.9
-1.53695 2.0
-1.53671 2.0
-1.53646 2.1
-1.53622 2.2
-1.53597 2.2
-1.53573 2.3
-1.53548 2.3
-1.53524 2.4
-1.535 2.4
-1.53475 2.5
-1.53451 2.5
-1.53426 2.5
-1.53402 2.5
-1.53378 2.5
-1.53353 2.5
-1.53329 2.5
-1.53304 2.5
-1.5328 2.5
-1.53255 2.4
-1.53231 2.4
-1.53207 2.4
-1.53182 2.3
-1.53158 2.3
-1.53133 2.2
-1.53109 2.1
-1.53085 2.1
-1.5306 2.0
-1.53036 1.9
-1.53011 1.8
-1.52987 1.7
-1.52962 1.6
-1.52938 1.5
-1.52914 1.4
-1.52889 1.3
-1.52865 1.2
-1.5284 1.1
-1.52816 1.0
-1.52792 0.9
-1.52767 0.7
-1.52743 0.6
-1.52718 0.5
-1.52694 0.4
-1.5267 0.2
-1.52645 0.0
-1.52621 0.0
-1.52596 -0.2
-1.52572 -0.3
-1.52547 -0.4
-1.52523 -0.5
-1.52499 -0.7
-1.52474 -0.8
-1.5245 -0.9
-1.52425 -1.0
-1.52401 -1.2
-1.52377 -1.3
-1.52352 -1.4
-1.52328 -1.5
-1.52303 -1.6
-1.52279 -1.7
-1.52254 -1.8
-1.5223 -1.9
-1.52206 -2.0
-1.52181 -2.0
-1.52157 -2.1
-1.52132 -2.2
-1.52108 -2.2
-1.52084 -2.3
-1.52059 -2.4
-1.52035 -2.4
-1.5201 -2.4
-1.51986 -2.5
-1.51962 -2.5
-1.51937 -2.5
-1.51913 -2.5
-1.51888 -2.5
-1.51864 -2.5
-1.51839 -2.5
-1.51815 -2.5
-1.51791 -2.5
-1.51766 -2.4
-1.51742 -2.4
-1.51717 -2.4
-1.51693 -2.3
-1.51669 -2.3
-1.51644 -2.2
-1.5162 -2.1
-1.51595 -2.1
-1.51571 -2.0
-1.51546 -1.9
-1.51522 -1.8
-1.51498 -1.7
-1.51473 -1.6
-1.51449 -1.5
-1.51424 -1.4
-1.514 -1.3
-1.51376 -1.2
-1.51351 -1.1
-1.51327 -1.0
-1.51302 -0.8
-1.51278 -0.7
-1.51254 -0.6
-1.51229 -0.5
-1.51205 -0.3
-1.5118 -0.2
-1.51156 0.0
-1.51131 0.0
-1.51107 0.2
-1.51083 0.3
-1.51058 0.4
-1.51034 0.6
-1.51009 0.7
-1.50985 0.8
-1.50961 0.9
-1.50936 1.1
-1.50912 1.2
-1.50887 1.3
-1.50863 1.4
-1.50838 1.5
-1.50814 1.6
-1.5079 1.7
-1.50765 1.8
-1.50741 1.9
-1.50716 2.0
-1.50692 2.1
-1.50668 2.1
-1.50643 2.2
-1.50619 2.3
-1.50594 2.3
-1.5057 2.4
-1.50546 2.4
-1.50521 2.4
-1.50497 2.5
-1.50472 2.5
-1.50448 2.5
-1.50423 2.5
-1.50399 2.5
-1.50375 2.5
-1.5035 2.5
-1.50326 2.5
-1.50301 2.5
-1.50277 2.4
-1.50253 2.4
-1.50228 2.4
-1.50204 2.3
-1.50179 2.3
-1.50155 2.2
-1.5013 2.1
-1.50106 2.0
-1.50082 2.0
-1.50057 1.9
-1.50033 1.8
-1.50008 1.7
-1.49984 1.6
-1.4996 1.5
-1.49935 1.4
-1.49911 1.3
-1.49886 1.2
-1.49862 1.0
-1.49837 0.9
-1.49813 0.8
-1.49789 0.7
-1.49764 0.5
-1.4974 0.4
-1.49715 0.3
-1.49691 0.2
-1.49667 0.0
-1.49642 -0.1
-1.49618 -0.2
-1.49593 -0.4
-1.49569 -0.5
-1.49545 -0.6
-1.4952 -0.8
-1.49496 -0.9
-1.49471 -1.0
-1.49447 -1.1
-1.49422 -1.2
-1.49398 -1.4
-1.49374 -1.5
-1.49349 -1.6
-1.49325 -1.7
-1.493 -1.8
-1.49276 -1.9
-1.49252 -1.9
-1.49227 -2.0
-1.49203 -2.1
-1.49178 -2.2
-1.49154 -2.2
-1.49129 -2.3
-1.49105 -2.3
-1.49081 -2.4
-1.49056 -2.4
-1.49032 -2.5
-1.49007 -2.5
-1.48983 -2.5
-1.48959 -2.5
-1.48934 -2.5
-1.4891 -2.5
-1.48885 -2.5
-1.48861 -2.5
-1.48837 -2.5
-1.48812 -2.5
-1.48788 -2.4
-1.48763 -2.4
-1.48739 -2.3
-1.48714 -2.3
-1.4869 -2.2
-1.48666 -2.2
-1.48641 -2.1
-1.48617 -2.0
-1.48592 -1.9
-1.48568 -1.8
-1.48544 -1.7
-1.48519 -1.6
-1.48495 -1.5
-1.4847 -1.4
-1.48446 -1.3
-1.48421 -1.2
-1.48397 -1.1
-1.48373 -1.0
-1.48348 -0.8
-1.48324 -0.7
-1.48299 -0.6
-1.48275 -0.5
-1.48251 -0.3
-1.48226 -0.2
-1.48202 0.0
-1.48177 0.0
-1.48153 0.2
-1.48129 0.3
-1.48104 0.5
-1.4808 0.6
-1.48055 0.7
-1.48031 0.8
-1.48006 1.0
-1.47982 1.1
-1.47958 1.2
-1.47933 1.3
-1.47909 1.4
-1.47884 1.5
-1.4786 1.6
-1.47836 1.7
-1.47811 1.8
-1.47787 1.9
-1.47762 2.0
-1.47738 2.1
-1.47713 2.2
-1.47689 2.2
-1.47665 2.3
-1.4764 2.3
-1.47616 2.4
-1.47591 2.4
-1.47567 2.5
-1.47543 2.5
-1.47518 2.5
-1.47494 2.5
-1.47469 2.5
-1.47445 2.5
-1.47421 2.5
-1.47396 2.5
-1.47372 2.5
-1.47347 2.5
-1.47323 2.4
-1.47298 2.4
-1.47274 2.4
-1.4725 2.3
-1.47225 2.2
-1.47201 2.2
-1.47176 2.1
-1.47152 2.0
-1.47128 1.9
-1.47103 1.9
-1.47079 1.8
-1.47054 1.7
-1.4703 1.6
-1.47005 1.5
-1.46981 1.4
-1.46957 1.2
-1.46932 1.1
-1.46908 1.0
-1.46883 0.9
-1.46859 0.8
-1.46835 0.6
-1.4681 0.5
-1.46786 0.4
-1.46761 0.2
-1.46737 0.0
-1.46712 0.0
-1.46688 -0.2
-1.46664 -0.3
-1.46639 -0.4
-1.46615 -0.6
-1.4659 -0.7
-1.46566 -0.8
-1.46542 -0.9
-1.46517 -1.1
-1.46493 -1.2
-1.46468 -1.3
-1.46444 -1.4
-1.4642 -1.5
-1.46395 -1.6
-1.46371 -1.7
-1.46346 -1.8
-1.46322 -1.9
-1.46297 -2.0
-1.46273 -2.1
-1.46249 -2.2
-1.46224 -2.2
-1.462 -2.3
-1.46175 -2.3
-1.46151 -2.4
-1.46127 -2.4
-1.46102 -2.5
-1.46078 -2.5
-1.46053 -2.5
-1.46029 -2.5
-1.46004 -2.5
-1.4598 -2.5
-1.45956 -2.5
-1.45931 -2.5
-1.45907 -2.5
-1.45882 -2.5
-1.45858 -2.5
-1.45834 -2.4
-1.45809 -2.4
-1.45785 -2.3
-1.4576 -2.3
-1.45736 -2.2
-1.45712 -2.1
-1.45687 -2.0
-1.45663 -2.0
-1.45638 -1.9
-1.45614 -1.8
-1.45589 -1.7
-1.45565 -1.6
-1.45541 -1.5
-1.45516 -1.4
-1.45492 -1.2
-1.45467 -1.1
-1.45443 -1.0
-1.45419 -0.9
-1.45394 -0.7
-1.4537 -0.6
-1.45345 -0.5
-1.45321 -0.4
-1.45296 -0.2
-1.45272 0.0
-1.45248 0.0
-1.45223 0.2
-1.45199 0.3
-1.45174 0.4
-1.4515 0.6
-1.45126 0.7
-1.45101 0.8
-1.45077 1.0
-1.45052 1.1
-1.45028 1.2
-1.45004 1.3
-1.44979 1.4
-1.44955 1.5
-1.4493 1.6
-1.44906 1.7
-1.44881 1.8
-1.44857 1.9
-1.44833 2.0
-1.44808 2.1
-1.44784 2.2
-1.44759 2.2
-1.44735 2.3
-1.44711 2.4
-1.44686 2.4
-1.44662 2.4
-1.44637 2.5
-1.44613 2.5
-1.44588 2.5
-1.44564 2.5
-1.4454 2.6
-1.44515 2.6
-1.44491 2.5
-1.44466 2.5
-1.44442 2.5
-1.44418 2.5
-1.44393 2.4
-1.44369 2.4
-1.44344 2.4
-1.4432 2.3
-1.44296 2.2
-1.44271 2.2
-1.44247 2.1
-1.44222 2.0
-1.44198 1.9
-1.44173 1.9
-1.44149 1.8
-1.44125 1.7
-1.441 1.6
-1.44076 1.4
-1.44051 1.3
-1.44027 1.2
-1.44003 1.1
-1.43978 1.0
-1.43954 0.8
-1.43929 0.7
-1.43905 0.6
-1.4388 0.5
-1.43856 0.3
-1.43832 0.2
-1.43807 0.0
-1.43783 0.0
-1.43758 -0.2
-1.43734 -0.3
-1.4371 -0.5
-1.43685 -0.6
-1.43661 -0.7
-1.43636 -0.9
-1.43612 -1.0
-1.43587 -1.1
-1.43563 -1.2
-1.43539 -1.4
-1.43514 -1.5
-1.4349 -1.6
-1.43465 -1.7
-1.43441 -1.8
-1.43417 -1.9
-1.43392 -2.0
-1.43368 -2.0
-1.43343 -2.1
-1.43319 -2.2
-1.43295 -2.3
-1.4327 -2.3
-1.43246 -2.4
-1.43221 -2.4
-1.43197 -2.5
-1.43172 -2.5
-1.43148 -2.5
-1.43124 -2.5
-1.43099 -2.6
-1.43075 -2.6
-1.4305 -2.6
-1.43026 -2.5
-1.43002 -2.5
-1.42977 -2.5
-1.42953 -2.5
-1.42928 -2.4
-1.42904 -2.4
-1.42879 -2.3
-1.42855 -2.3
-1.42831 -2.2
-1.42806 -2.2
-1.42782 -2.1
-1.42757 -2.0
-1.42733 -1.9
-1.42709 -1.8
-1.42684 -1.7
-1.4266 -1.6
-1.42635 -1.5
-1.42611 -1.4
-1.42587 -1.3
-1.42562 -1.2
-1.42538 -1.0
-1.42513 -0.9
-1.42489 -0.8
-1.42464 -0.7
-1.4244 -0.5
-1.42416 -0.4
-1.42391 -0.3
-1.42367 -0.1
-1.42342 0.0
-1.42318 0.1
-1.42294 0.3
-1.42269 0.4
-1.42245 0.5
-1.4222 0.7
-1.42196 0.8
-1.42171 0.9
-1.42147 1.1
-1.42123 1.2
-1.42098 1.3
-1.42074 1.4
-1.42049 1.5
-1.42025 1.6
-1.42001 1.7
-1.41976 1.8
-1.41952 1.9
-1.41927 2.0
-1.41903 2.1
-1.41879 2.2
-1.41854 2.2
-1.4183 2.3
-1.41805 2.4
-1.41781 2.4
-1.41756 2.5
-1.41732 2.5
-1.41708 2.5
-1.41683 2.5
-1.41659 2.6
-1.41634 2.6
-1.4161 2.6
-1.41586 2.6
-1.41561 2.5
-1.41537 2.5
-1.41512 2.5
-1.41488 2.5
-1.41463 2.4
-1.41439 2.4
-1.41415 2.3
-1.4139 2.3
-1.41366 2.2
-1.41341 2.1
-1.41317 2.0
-1.41293 1.9
-1.41268 1.9
-1.41244 1.8
-1.41219 1.7
-1.41195 1.6
-1.41171 1.4
-1.41146 1.3
-1.41122 1.2
-1.41097 1.1
-1.41073 1.0
-1.41048 0.8
-1.41024 0.7
-1.41 0.6
-1.40975 0.4
-1.40951 0.3
-1.40926 0.2
-1.40902 0.0
-1.40878 -0.1
-1.40853 -0.2
-1.40829 -0.4
-1.40804 -0.5
-1.4078 -0.6
-1.40755 -0.8
-1.40731 -0.9
-1.40707 -1.0
-1.40682 -1.2
-1.40658 -1.3
-1.40633 -1.4
-1.40609 -1.5
-1.40585 -1.6
-1.4056 -1.7
-1.40536 -1.8
-1.40511 -1.9
-1.40487 -2.0
-1.40462 -2.1
-1.40438 -2.2
-1.40414 -2.2
-1.40389 -2.3
-1.40365 -2.4
-1.4034 -2.4
-1.40316 -2.4
-1.40292 -2.5
-1.40267 -2.5
-1.40243 -2.5
-1.40218 -2.6
-1.40194 -2.6
-1.4017 -2.6
-1.40145 -2.6
-1.40121 -2.6
-1.40096 -2.5
-1.40072 -2.5
-1.40047 -2.5
-1.40023 -2.4
-1.39999 -2.4
-1.39974 -2.3
-1.3995 -2.3
-1.39925 -2.2
-1.39901 -2.1
-1.39877 -2.1
-1.39852 -2.0
-1.39828 -1.9
-1.39803 -1.8
-1.39779 -1.7
-1.39754 -1.6
-1.3973 -1.5
-1.39706 -1.3
-1.39681 -1.2
-1.39657 -1.1
-1.39632 -1.0
-1.39608 -0.9
-1.39584 -0.7
-1.39559 -0.6
-1.39535 -0.5
-1.3951 -0.3
-1.39486 -0.2
-1.39462 0.0
-1.39437 0.0
-1.39413 0.2
-1.39388 0.4
-1.39364 0.5
-1.39339 0.6
-1.39315 0.8
-1.39291 0.9
-1.39266 1.0
-1.39242 1.1
-1.39217 1.3
-1.39193 1.4
-1.39169 1.5
-1.39144 1.6
-1.3912 1.7
-1.39095 1.8
-1.39071 1.9
-1.39046 2.0
-1.39022 2.1
-1.38998 2.2
-1.38973 2.2
-1.38949 2.3
-1.38924 2.4
-1.389 2.4
-1.38876 2.5
-1.38851 2.5
-1.38827 2.5
-1.38802 2.5
-1.38778 2.6
-1.38754 2.6
-1.38729 2.6
-1.38705 2.6
-1.3868 2.6
-1.38656 2.5
-1.38631 2.5
-1.38607 2.5
-1.38583 2.4
-1.38558 2.4
-1.38534 2.3
-1.38509 2.3
-1.38485 2.2
-1.38461 2.1
-1.38436 2.0
-1.38412 2.0
-1.38387 1.9
-1.38363 1.8
-1.38338 1.7
-1.38314 1.6
-1.3829 1.5
-1.38265 1.3
-1.38241 1.2
-1.38216 1.1
-1.38192 1.0
-1.38168 0.8
-1.38143 0.7
-1.38119 0.6
-1.38094 0.4
-1.3807 0.3
-1.38046 0.2
-1.38021 0.0
-1.37997 -0.1
-1.37972 -0.2
-1.37948 -0.4
-1.37923 -0.5
-1.37899 -0.7
-1.37875 -0.8
-1.3785 -0.9
-1.37826 -1.0
-1.37801 -1.2
-1.37777 -1.3
-1.37753 -1.4
-1.37728 -1.5
-1.37704 -1.6
-1.37679 -1.7
-1.37655 -1.8
-1.3763 -1.9
-1.37606 -2.0
-1.37582 -2.1
-1.37557 -2.2
-1.37533 -2.3
-1.37508 -2.3
-1.37484 -2.4
-1.3746 -2.4
-1.37435 -2.5
-1.37411 -2.5
-1.37386 -2.5
-1.37362 -2.6
-1.37337 -2.6
-1.37313 -2.6
-1.37289 -2.6
-1.37264 -2.6
-1.3724 -2.6
-1.37215 -2.5
-1.37191 -2.5
-1.37167 -2.5
-1.37142 -2.4
-1.37118 -2.4
-1.37093 -2.3
-1.37069 -2.3
-1.37045 -2.2
-1.3702 -2.1
-1.36996 -2.0
-1.36971 -1.9
-1.36947 -1.8
-1.36922 -1.7
-1.36898 -1.6
-1.36874 -1.5
-1.36849 -1.4
-1.36825 -1.3
-1.368 -1.2
-1.36776 -1.1
-1.36752 -0.9
-1.36727 -0.8
-1.36703 -0.7
-1.36678 -0.5
-1.36654 -0.4
-1.36629 -0.3
-1.36605 -0.1
-1.36581 0.0
-1.36556 0.2
-1.36532 0.3
-1.36507 0.4
-1.36483 0.6
-1.36459 0.7
-1.36434 0.8
-1.3641 1.0
-1.36385 1.1
-1.36361 1.2
-1.36337 1.3
-1.36312 1.5
-1.36288 1.6
-1.36263 1.7
-1.36239 1.8
-1.36214 1.9
-1.3619 2.0
-1.36166 2.1
-1.36141 2.1
-1.36117 2.2
-1.36092 2.3
-1.36068 2.3
-1.36044 2.4
-1.36019 2.5
-1.35995 2.5
-1.3597 2.5
-1.35946 2.6
-1.35921 2.6
-1.35897 2.6
-1.35873 2.6
-1.35848 2.6
-1.35824 2.6
-1.35799 2.6
-1.35775 2.5
-1.35751 2.5
-1.35726 2.5
-1.35702 2.4
-1.35677 2.4
-1.35653 2.3
-1.35629 2.2
-1.35604 2.2
-1.3558 2.1
-1.35555 2.0
-1.35531 1.9
-1.35506 1.8
-1.35482 1.7
-1.35458 1.6
-1.35433 1.5
-1.35409 1.4
-1.35384 1.2
-1.3536 1.1
-1.35336 1.0
-1.35311 0.9
-1.35287 0.7
-1.35262 0.6
-1.35238 0.5
-1.35213 0.3
-1.35189 0.2
-1.35165 0.0
-1.3514 -0.1
-1.35116 -0.2
-1.35091 -0.4
-1.35067 -0.5
-1.35043 -0.7
-1.35018 -0.8
-1.34994 -0.9
-1.34969 -1.1
-1.34945 -1.2
-1.34921 -1.3
-1.34896 -1.4
-1.34872 -1.5
-1.34847 -1.6
-1.34823 -1.7
-1.34798 -1.9
-1.34774 -1.9
-1.3475 -2.0
-1.34725 -2.1
-1.34701 -2.2
-1.34676 -2.3
-1.34652 -2.3
-1.34628 -2.4
-1.34603 -2.4
-1.34579 -2.5
-1.34554 -2.5
-1.3453 -2.6
-1.34505 -2.6
-1.34481 -2.6
-1.34457 -2.6
-1.34432 -2.6
-1.34408 -2.6
-1.34383 -2.6
-1.34359 -2.5
-1.34335 -2.5
-1.3431 -2.5
-1.34286 -2.4
-1.34261 -2.4
-1.34237 -2.3
-1.34212 -2.3
-1.34188 -2.2
-1.34164 -2.1
-1.34139 -2.0
-1.34115 -1.9
-1.3409 -1.8
-1.34066 -1.7
-1.34042 -1.6
-1.34017 -1.5
-1.33993 -1.4
-1.33968 -1.3
-1.33944 -1.1
-1.3392 -1.0
-1.33895 -0.9
-1.33871 -0.8
-1.33846 -0.6
-1.33822 -0.5
-1.33797 -0.3
-1.33773 -0.2
-1.33749 0.0
-1.33724 0.0
-1.337 0.2
-1.33675 0.4
-1.33651 0.5
-1.33627 0.6
-1.33602 0.8
-1.33578 0.9
-1.33553 1.0
-1.33529 1.2
-1.33504 1.3
-1.3348 1.4
-1.33456 1.5
-1.33431 1.6
-1.33407 1.7
-1.33382 1.8
-1.33358 1.9
-1.33334 2.0
-1.33309 2.1
-1.33285 2.2
-1.3326 2.3
-1.33236 2.3
-1.33212 2.4
-1.33187 2.4
-1.33163 2.5
-1.33138 2.5
-1.33114 2.6
-1.33089 2.6
-1.33065 2.6
-1.33041 2.6
-1.33016 2.6
-1.32992 2.6
-1.32967 2.6
-1.32943 2.6
-1.32919 2.5
-1.32894 2.5
-1.3287 2.4
-1.32845 2.4
-1.32821 2.3
-1.32796 2.3
-1.32772 2.2
-1.32748 2.1
-1.32723 2.0
-1.32699 1.9
-1.32674 1.8
-1.3265 1.7
-1.32626 1.6
-1.32601 1.5
-1.32577 1.4
-1.32552 1.3
-1.32528 1.2
-1.32504 1.0
-1.32479 0.9
-1.32455 0.8
-1.3243 0.6
-1.32406 0.5
-1.32381 0.3
-1.32357 0.2
-1.32333 0.0
-1.32308 0.0
-1.32284 -0.2
-1.32259 -0.4
-1.32235 -0.5
-1.32211 -0.6
-1.32186 -0.8
-1.32162 -0.9
-1.32137 -1.0
-1.32113 -1.2
-1.32088 -1.3
-1.32064 -1.4
-1.3204 -1.5
-1.32015 -1.6
-1.31991 -1.8
-1.31966 -1.9
-1.31942 -1.9
-1.31918 -2.0
-1.31893 -2.1
-1.31869 -2.2
-1.31844 -2.3
-1.3182 -2.3
-1.31796 -2.4
-1.31771 -2.5
-1.31747 -2.5
-1.31722 -2.5
-1.31698 -2.6
-1.31673 -2.6
-1.31649 -2.6
-1.31625 -2.6
-1.316 -2.6
-1.31576 -2.6
-1.31551 -2.6
-1.31527 -2.6
-1.31503 -2.5
-1.31478 -2.5
-1.31454 -2.4
-1.31429 -2.4
-1.31405 -2.3
-1.3138 -2.3
-1.31356 -2.2
-1.31332 -2.1
-1.31307 -2.0
-1.31283 -1.9
-1.31258 -1.8
-1.31234 -1.7
-1.3121 -1.6
-1.31185 -1.5
-1.31161 -1.4
-1.31136 -1.3
-1.31112 -1.1
-1.31087 -1.0
-1.31063 -0.9
-1.31039 -0.7
-1.31014 -0.6
-1.3099 -0.5
-1.30965 -0.3
-1.30941 -0.2
-1.30917 0.0
-1.30892 0.1
-1.30868 0.3
-1.30843 0.4
-1.30819 0.5
-1.30795 0.7
-1.3077 0.8
-1.30746 0.9
-1.30721 1.1
-1.30697 1.2
-1.30672 1.3
-1.30648 1.5
-1.30624 1.6
-1.30599 1.7
-1.30575 1.8
-1.3055 1.9
-1.30526 2.0
-1.30502 2.1
-1.30477 2.2
-1.30453 2.2
-1.30428 2.3
-1.30404 2.4
-1.30379 2.4
-1.30355 2.5
-1.30331 2.5
-1.30306 2.6
-1.30282 2.6
-1.30257 2.6
-1.30233 2.6
-1.30209 2.6
-1.30184 2.6
-1.3016 2.6
-1.30135 2.6
-1.30111 2.6
-1.30087 2.5
-1.30062 2.5
-1.30038 2.4
-1.30013 2.4
-1.29989 2.3
-1.29964 2.2
-1.2994 2.2
-1.29916 2.1
-1.29891 2.0
-1.29867 1.9
-1.29842 1.8
-1.29818 1.7
-1.29794 1.6
-1.29769 1.4
-1.29745 1.3
-1.2972 1.2
-1.29696 1.1
-1.29671 0.9
-1.29647 0.8
-1.29623 0.7
-1.29598 0.5
-1.29574 0.4
-1.29549 0.2
-1.29525 0.1
-1.29501 0.0
-1.29476 -0.2
-1.29452 -0.3
-1.29427 -0.5
-1.29403 -0.6
-1.29379 -0.7
-1.29354 -0.9
-1.2933 -1.0
-1.29305 -1.1
-1.29281 -1.3
-1.29256 -1.4
-1.29232 -1.5
-1.29208 -1.6
-1.29183 -1.7
-1.29159 -1.8
-1.29134 -1.9
-1.2911 -2.0
-1.29086 -2.1
-1.29061 -2.2
-1.29037 -2.3
-1.29012 -2.3
-1.28988 -2.4
-1.28963 -2.5
-1.28939 -2.5
-1.28915 -2.5
-1.2889 -2.6
-1.28866 -2.6
-1.28841 -2.6
-1.28817 -2.6
-1.28793 -2.6
-1.28768 -2.6
-1.28744 -2.6
-1.28719 -2.6
-1.28695 -2.5
-1.28671 -2.5
-1.28646 -2.5
-1.28622 -2.4
-1.28597 -2.3
-1.28573 -2.3
-1.28548 -2.2
-1.28524 -2.1
-1.285 -2.0
-1.28475 -1.9
-1.28451 -1.8
-1.28426 -1.7
-1.28402 -1.6
-1.28378 -1.5
-1.28353 -1.4
-1.28329 -1.3
-1.28304 -1.1
-1.2828 -1.0
-1.28255 -0.9
-1.28231 -0.7
-1.28207 -0.6
-1.28182 -0.4
-1.28158 -0.3
-1.28133 -0.2
-1.28109 0.0
-1.28085 0.1
-1.2806 0.3
-1.28036 0.4
-1.28011 0.6
-1.27987 0.7
-1.27962 0.8
-1.27938 1.0
-1.27914 1.1
-1.27889 1.2
-1.27865 1.4
-1.2784 1.5
-1.27816 1.6
-1.27792 1.7
-1.27767 1.8
-1.27743 1.9
-1.27718 2.0
-1.27694 2.1
-1.2767 2.2
-1.27645 2.3
-1.27621 2.3
-1.27596 2.4
-1.27572 2.5
-1.27547 2.5
-1.27523 2.5
-1.27499 2.6
-1.27474 2.6
-1.2745 2.6
-1.27425 2.6
-1.27401 2.6
-1.27377 2.6
-1.27352 2.6
-1.27328 2.6
-1.27303 2.6
-1.27279 2.5
-1.27254 2.5
-1.2723 2.4
-1.27206 2.4
-1.27181 2.3
-1.27157 2.2
-1.27132 2.1
-1.27108 2.0
-1.27084 1.9
-1.27059 1.8
-1.27035 1.7
-1.2701 1.6
-1.26986 1.5
-1.26962 1.4
-1.26937 1.3
-1.26913 1.1
-1.26888 1.0
-1.26864 0.9
-1.26839 0.7
-1.26815 0.6
-1.26791 0.5
-1.26766 0.3
-1.26742 0.2
-1.26717 0.0
-1.26693 -0.1
-1.26669 -0.3
-1.26644 -0.4
-1.2662 -0.6
-1.26595 -0.7
-1.26571 -0.8
-1.26546 -1.0
-1.26522 -1.1
-1.26498 -1.2
-1.26473 -1.4
-1.26449 -1.5
-1.26424 -1.6
-1.264 -1.7
-1.26376 -1.8
-1.26351 -1.9
-1.26327 -2.0
-1.26302 -2.1
-1.26278 -2.2
-1.26254 -2.3
-1.26229 -2.3
-1.26205 -2.4
-1.2618 -2.5
-1.26156 -2.5
-1.26131 -2.6
-1.26107 -2.6
-1.26083 -2.6
-1.26058 -2.6
-1.26034 -2.6
-1.26009 -2.6
-1.25985 -2.6
-1.25961 -2.6
-1.25936 -2.6
-1.25912 -2.6
-1.25887 -2.5
-1.25863 -2.5
-1.25838 -2.4
-1.25814 -2.4
-1.2579 -2.3
-1.25765 -2.2
-1.25741 -2.1
-1.25716 -2.0
-1.25692 -1.9
-1.25668 -1.8
-1.25643 -1.7
-1.25619 -1.6
-1.25594 -1.5
-1.2557 -1.4
-1.25546 -1.3
-1.25521 -1.1
-1.25497 -1.0
-1.25472 -0.9
-1.25448 -0.7
-1.25423 -0.6
-1.25399 -0.4
-1.25375 -0.3
-1.2535 -0.1
-1.25326 0.0
-1.25301 0.1
-1.25277 0.3
-1.25253 0.4
-1.25228 0.6
-1.25204 0.7
-1.25179 0.9
-1.25155 1.0
-1.2513 1.1
-1.25106 1.3
-1.25082 1.4
-1.25057 1.5
-1.25033 1.6
-1.25008 1.7
-1.24984 1.8
-1.2496 2.0
-1.24935 2.0
-1.24911 2.1
-1.24886 2.2
-1.24862 2.3
-1.24837 2.4
-1.24813 2.4
-1.24789 2.5
-1.24764 2.5
-1.2474 2.6
-1.24715 2.6
-1.24691 2.6
-1.24667 2.6
-1.24642 2.6
-1.24618 2.6
-1.24593 2.6
-1.24569 2.6
-1.24545 2.6
-1.2452 2.6
-1.24496 2.5
-1.24471 2.5
-1.24447 2.4
-1.24422 2.3
-1.24398 2.3
-1.24374 2.2
-1.24349 2.1
-1.24325 2.0
-1.243 1.9
-1.24276 1.8
-1.24252 1.7
-1.24227 1.6
-1.24203 1.5
-1.24178 1.3
-1.24154 1.2
-1.24129 1.1
-1.24105 1.0
-1.24081 0.8
-1.24056 0.7
-1.24032 0.5
-1.24007 0.4
-1.23983 0.2
-1.23959 0.0
-1.23934 0.0
-1.2391 -0.2
-1.23885 -0.3
-1.23861 -0.5
-1.23837 -0.6
-1.23812 -0.8
-1.23788 -0.9
-1.23763 -1.1
-1.23739 -1.2
-1.23714 -1.3
-1.2369 -1.4
-1.23666 -1.6
-1.23641 -1.7
-1.23617 -1.8
-1.23592 -1.9
-1.23568 -2.0
-1.23544 -2.1
-1.23519 -2.2
-1.23495 -2.3
-1.2347 -2.3
-1.23446 -2.4
-1.23421 -2.5
-1.23397 -2.5
-1.23373 -2.6
-1.23348 -2.6
-1.23324 -2.6
-1.23299 -2.6
-1.23275 -2.6
-1.23251 -2.6
-1.23226 -2.6
-1.23202 -2.6
-1.23177 -2.6
-1.23153 -2.6
-1.23129 -2.5
-1.23104 -2.5
-1.2308 -2.4
-1.23055 -2.4
-1.23031 -2.3
-1.23006 -2.2
-1.22982 -2.2
-1.22958 -2.1
-1.22933 -2.0
-1.22909 -1.9
-1.22884 -1.8
-1.2286 -1.6
-1.22836 -1.5
-1.22811 -1.4
-1.22787 -1.3
-1.22762 -1.1
-1.22738 -1.0
-1.22713 -0.9
-1.22689 -0.7
-1.22665 -0.6
-1.2264 -0.4
-1.22616 -0.3
-1.22591 -0.2
-1.22567 0.0
-1.22543 0.1
-1.22518 0.3
-1.22494 0.4
-1.22469 0.6
-1.22445 0.7
-1.22421 0.9
-1.22396 1.0
-1.22372 1.1
-1.22347 1.3
-1.22323 1.4
-1.22298 1.5
-1.22274 1.6
-1.2225 1.8
-1.22225 1.9
-1.22201 2.0
-1.22176 2.1
-1.22152 2.2
-1.22128 2.2
-1.22103 2.3
-1.22079 2.4
-1.22054 2.4
-1.2203 2.5
-1.22005 2.5
-1.21981 2.6
-1.21957 2.6
-1.21932 2.6
-1.21908 2.6
-1.21883 2.7
-1.21859 2.7
-1.21835 2.6
-1.2181 2.6
-1.21786 2.6
-1.21761 2.6
-1.21737 2.5
-1.21712 2.5
-1.21688 2.4
-1.21664 2.3
-1.21639 2.3
-1.21615 2.2
-1.2159 2.1
-1.21566 2.0
-1.21542 1.9
-1.21517 1.8
-1.21493 1.7
-1.21468 1.6
-1.21444 1.4
-1.2142 1.3
-1.21395 1.2
-1.21371 1.0
-1.21346 0.9
-1.21322 0.8
-1.21297 0.6
-1.21273 0.5
-1.21249 0.3
-1.21224 0.2
-1.212 0.0
-1.21175 -0.1
-1.21151 -0.3
-1.21127 -0.4
-1.21102 -0.6
-1.21078 -0.7
-1.21053 -0.8
-1.21029 -1.0
-1.21004 -1.1
-1.2098 -1.3
-1.20956 -1.4
-1.20931 -1.5
-1.20907 -1.6
-1.20882 -1.7
-1.20858 -1.9
-1.20834 -2.0
-1.20809 -2.1
-1.20785 -2.1
-1.2076 -2.2
-1.20736 -2.3
-1.20712 -2.4
-1.20687 -2.4
-1.20663 -2.5
-1.20638 -2.5
-1.20614 -2.6
-1.20589 -2.6
-1.20565 -2.6
-1.20541 -2.7
-1.20516 -2.7
-1.20492 -2.7
-1.20467 -2.6
-1.20443 -2.6
-1.20419 -2.6
-1.20394 -2.6
-1.2037 -2.5
-1.20345 -2.5
-1.20321 -2.4
-1.20296 -2.3
-1.20272 -2.3
-1.20248 -2.2
-1.20223 -2.1
-1.20199 -2.0
-1.20174 -1.9
-1.2015 -1.8
-1.20126 -1.7
-1.20101 -1.6
-1.20077 -1.4
-1.20052 -1.3
-1.20028 -1.2
-1.20004 -1.0
-1.19979 -0.9
-1.19955 -0.8
-1.1993 -0.6
-1.19906 -0.5
-1.19881 -0.3
-1.19857 -0.2
-1.19833 0.0
-1.19808 0.1
-1.19784 0.3
-1.19759 0.4
-1.19735 0.6
-1.19711 0.7
-1.19686 0.9
-1.19662 1.0
-1.19637 1.1
-1.19613 1.3
-1.19588 1.4
-1.19564 1.5
-1.1954 1.6
-1.19515 1.8
-1.19491 1.9
-1.19466 2.0
-1.19442 2.1
-1.19418 2.2
-1.19393 2.3
-1.19369 2.3
-1.19344 2.4
-1.1932 2.5
-1.19296 2.5
-1.19271 2.6
-1.19247 2.6
-1.19222 2.6
-1.19198 2.7
-1.19173 2.7
-1.19149 2.7
-1.19125 2.7
-1.191 2.7
-1.19076 2.6
-1.19051 2.6
-1.19027 2.6
-1.19003 2.5
-1.18978 2.5
-1.18954 2.4
-1.18929 2.3
-1.18905 2.3
-1.1888 2.2
-1.18856 2.1
-1.18832 2.0
-1.18807 1.9
-1.18783 1.8
-1.18758 1.7
-1.18734 1.5
-1.1871 1.4
-1.18685 1.3
-1.18661 1.2
-1.18636 1.0
-1.18612 0.9
-1.18587 0.7
-1.18563 0.6
-1.18539 0.4
-1.18514 0.3
-1.1849 0.1
-1.18465 0.0
-1.18441 -0.2
-1.18417 -0.3
-1.18392 -0.5
-1.18368 -0.6
-1.18343 -0.8
-1.18319 -0.9
-1.18295 -1.0
-1.1827 -1.2
-1.18246 -1.3
-1.18221 -1.4
-1.18197 -1.6
-1.18172 -1.7
-1.18148 -1.8
-1.18124 -1.9
-1.18099 -2.0
-1.18075 -2.1
-1.1805 -2.2
-1.18026 -2.3
-1.18002 -2.4
-1.17977 -2.4
-1.17953 -2.5
-1.17928 -2.5
-1.17904 -2.6
-1.17879 -2.6
-1.17855 -2.6
-1.17831 -2.7
-1.17806 -2.7
-1.17782 -2.7
-1.17757 -2.7
-1.17733 -2.7
-1.17709 -2.6
-1.17684 -2.6
-1.1766 -2.6
-1.17635 -2.5
-1.17611 -2.5
-1.17587 -2.4
-1.17562 -2.3
-1.17538 -2.2
-1.17513 -2.1
-1.17489 -2.1
-1.17464 -2.0
-1.1744 -1.8
-1.17416 -1.7
-1.17391 -1.6
-1.17367 -1.5
-1.17342 -1.4
-1.17318 -1.2
-1.17294 -1.1
-1.17269 -1.0
-1.17245 -0.8
-1.1722 -0.7
-1.17196 -0.5
-1.17171 -0.4
-1.17147 -0.2
-1.17123 0.0
-1.17098 0.0
-1.17074 0.2
-1.17049 0.4
-1.17025 0.5
-1.17001 0.7
-1.16976 0.8
-1.16952 1.0
-1.16927 1.1
-1.16903 1.3
-1.16879 1.4
-1.16854 1.5
-1.1683 1.6
-1.16805 1.8
-1.16781 1.9
-1.16756 2.0
-1.16732 2.1
-1.16708 2.2
-1.16683 2.3
-1.16659 2.3
-1.16634 2.4
-1.1661 2.5
-1.16586 2.5
-1.16561 2.6
-1.16537 2.6
-1.16512 2.6
-1.16488 2.7
-1.16463 2.7
-1.16439 2.7
-1.16415 2.7
-1.1639 2.7
-1.16366 2.6
-1.16341 2.6
-1.16317 2.6
-1.16293 2.5
-1.16268 2.5
-1.16244 2.4
-1.16219 2.3
-1.16195 2.3
-1.16171 2.2
-1.16146 2.1
-1.16122 2.0
-1.16097 1.9
-1.16073 1.8
-1.16048 1.7
-1.16024 1.5
-1.16 1.4
-1.15975 1.3
-1.15951 1.1
-1.15926 1.0
-1.15902 0.9
-1.15878 0.7
-1.15853 0.6
-1.15829 0.4
-1.15804 0.3
-1.1578 0.1
-1.15755 0.0
-1.15731 -0.2
-1.15707 -0.4
-1.15682 -0.5
-1.15658 -0.7
-1.15633 -0.8
-1.15609 -0.9
-1.15585 -1.1
-1.1556 -1.2
-1.15536 -1.4
-1.15511 -1.5
-1.15487 -1.6
-1.15462 -1.7
-1.15438 -1.9
-1.15414 -2.0
-1.15389 -2.1
-1.15365 -2.2
-1.1534 -2.2
-1.15316 -2.3
-1.15292 -2.4
-1.15267 -2.5
-1.15243 -2.5
-1.15218 -2.6
-1.15194 -2.6
-1.1517 -2.6
-1.15145 -2.7
-1.15121 -2.7
-1.15096 -2.7
-1.15072 -2.7
-1.15047 -2.7
-1.15023 -2.7
-1.14999 -2.6
-1.14974 -2.6
-1.1495 -2.5
-1.14925 -2.5
-1.14901 -2.4
-1.14877 -2.4
-1.14852 -2.3
-1.14828 -2.2
-1.14803 -2.1
-1.14779 -2.0
-1.14754 -1.9
-1.1473 -1.8
-1.14706 -1.7
-1.14681 -1.5
-1.14657 -1.4
-1.14632 -1.3
-1.14608 -1.1
-1.14584 -1.0
-1.14559 -0.9
-1.14535 -0.7
-1.1451 -0.6
-1.14486 -0.4
-1.14462 -0.3
-1.14437 -0.1
-1.14413 0.0
-1.14388 0.2
-1.14364 0.4
-1.14339 0.5
-1.14315 0.7
-1.14291 0.8
-1.14266 0.9
-1.14242 1.1
-1.14217 1.2
-1.14193 1.4
-1.14169 1.5
-1.14144 1.6
-1.1412 1.7
-1.14095 1.9
-1.14071 2.0
-1.14046 2.1
-1.14022 2.2
-1.13998 2.3
-1.13973 2.3
-1.13949 2.4
-1.13924 2.5
-1.139 2.5
-1.13876 2.6
-1.13851 2.6
-1.13827 2.7
-1.13802 2.7
-1.13778 2.7
-1.13754 2.7
-1.13729 2.7
-1.13705 2.7
-1.1368 2.7
-1.13656 2.6
-1.13631 2.6
-1.13607 2.5
-1.13583 2.5
-1.13558 2.4
-1.13534 2.4
-1.13509 2.3
-1.13485 2.2
-1.13461 2.1
-1.13436 2.0
-1.13412 1.9
-1.13387 1.8
-1.13363 1.7
-1.13338 1.5
-1.13314 1.4
-1.1329 1.3
-1.13265 1.1
-1.13241 1.0
-1.13216 0.8
-1.13192 0.7
-1.13168 0.5
-1.13143 0.4
-1.13119 0.2
-1.13094 0.0
-1.1307 0.0
-1.13046 -0.2
-1.13021 -0.4
-1.12997 -0.5
-1.12972 -0.7
-1.12948 -0.8
-1.12923 -1.0
-1.12899 -1.1
-1.12875 -1.3
-1.1285 -1.4
-1.12826 -1.5
-1.12801 -1.7
-1.12777 -1.8
-1.12753 -1.9
-1.12728 -2.0
-1.12704 -2.1
-1.12679 -2.2
-1.12655 -2.3
-1.1263 -2.4
-1.12606 -2.4
-1.12582 -2.5
-1.12557 -2.6
-1.12533 -2.6
-1.12508 -2.6
-1.12484 -2.7
-1.1246 -2.7
-1.12435 -2.7
-1.12411 -2.7
-1.12386 -2.7
-1.12362 -2.7
-1.12337 -2.7
-1.12313 -2.6
-1.12289 -2.6
-1.12264 -2.5
-1.1224 -2.5
-1.12215 -2.4
-1.12191 -2.3
-1.12167 -2.3
-1.12142 -2.2
-1.12118 -2.1
-1.12093 -2.0
-1.12069 -1.9
-1.12045 -1.7
-1.1202 -1.6
-1.11996 -1.5
-1.11971 -1.4
-1.11947 -1.2
-1.11922 -1.1
-1.11898 -0.9
-1.11874 -0.8
-1.11849 -0.6
-1.11825 -0.5
-1.118 -0.3
-1.11776 -0.2
-1.11752 0.0
-1.11727 0.1
-1.11703 0.3
-1.11678 0.5
-1.11654 0.6
-1.11629 0.8
-1.11605 0.9
-1.11581 1.1
-1.11556 1.2
-1.11532 1.3
-1.11507 1.5
-1.11483 1.6
-1.11459 1.7
-1.11434 1.8
-1.1141 2.0
-1.11385 2.1
-1.11361 2.2
-1.11337 2.2
-1.11312 2.3
-1.11288 2.4
-1.11263 2.5
-1.11239 2.5
-1.11214 2.6
-1.1119 2.6
-1.11166 2.7
-1.11141 2.7
-1.11117 2.7
-1.11092 2.7
-1.11068 2.7
-1.11044 2.7
-1.11019 2.7
-1.10995 2.7
-1.1097 2.6
-1.10946 2.6
-1.10921 2.5
-1.10897 2.4
-1.10873 2.4
-1.10848 2.3
-1.10824 2.2
-1.10799 2.1
-1.10775 2.0
-1.10751 1.9
-1.10726 1.8
-1.10702 1.7
-1.10677 1.5
-1.10653 1.4
-1.10629 1.3
-1.10604 1.1
-1.1058 1.0
-1.10555 0.8
-1.10531 0.7
-1.10506 0.5
-1.10482 0.4
-1.10458 0.2
-1.10433 0.0
-1.10409 0.0
-1.10384 -0.2
-1.1036 -0.4
-1.10336 -0.6
-1.10311 -0.7
-1.10287 -0.9
-1.10262 -1.0
-1.10238 -1.2
-1.10213 -1.3
-1.10189 -1.4
-1.10165 -1.6
-1.1014 -1.7
-1.10116 -1.8
-1.10091 -1.9
-1.10067 -2.0
-1.10043 -2.1
-1.10018 -2.2
-1.09994 -2.3
-1.09969 -2.4
-1.09945 -2.5
-1.09921 -2.5
-1.09896 -2.6
-1.09872 -2.6
-1.09847 -2.7
-1.09823 -2.7
-1.09798 -2.7
-1.09774 -2.7
-1.0975 -2.7
-1.09725 -2.7
-1.09701 -2.7
-1.09676 -2.7
-1.09652 -2.6
-1.09628 -2.6
-1.09603 -2.5
-1.09579 -2.5
-1.09554 -2.4
-1.0953 -2.3
-1.09505 -2.2
-1.09481 -2.1
-1.09457 -2.0
-1.09432 -1.9
-1.09408 -1.8
-1.09383 -1.7
-1.09359 -1.6
-1.09335 -1.4
-1.0931 -1.3
-1.09286 -1.2
-1.09261 -1.0
-1.09237 -0.9
-1.09212 -0.7
-1.09188 -0.6
-1.09164 -0.4
-1.09139 -0.2
-1.09115 0.0
-1.0909 0.0
-1.09066 0.2
-1.09042 0.4
-1.09017 0.5
-1.08993 0.7
-1.08968 0.9
-1.08944 1.0
-1.0892 1.1
-1.08895 1.3
-1.08871 1.4
-1.08846 1.6
-1.08822 1.7
-1.08797 1.8
-1.08773 1.9
-1.08749 2.0
-1.08724 2.1
-1.087 2.2
-1.08675 2.3
-1.08651 2.4
-1.08627 2.5
-1.08602 2.5
-1.08578 2.6
-1.08553 2.6
-1.08529 2.7
-1.08504 2.7
-1.0848 2.7
-1.08456 2.7
-1.08431 2.7
-1.08407 2.7
-1.08382 2.7
-1.08358 2.7
-1.08334 2.6
-1.08309 2.6
-1.08285 2.5
-1.0826 2.5
-1.08236 2.4
-1.08212 2.3
-1.08187 2.2
-1.08163 2.1
-1.08138 2.0
-1.08114 1.9
-1.08089 1.8
-1.08065 1.7
-1.08041 1.6
-1.08016 1.4
-1.07992 1.3
-1.07967 1.1
-1.07943 1.0
-1.07919 0.8
-1.07894 0.7
-1.0787 0.5
-1.07845 0.4
-1.07821 0.2
-1.07796 0.0
-1.07772 0.0
-1.07748 -0.3
-1.07723 -0.4
-1.07699 -0.6
-1.07674 -0.7
-1.0765 -0.9
-1.07626 -1.0
-1.07601 -1.2
-1.07577 -1.3
-1.07552 -1.5
-1.07528 -1.6
-1.07504 -1.7
-1.07479 -1.8
-1.07455 -2.0
-1.0743 -2.1
-1.07406 -2.2
-1.07381 -2.3
-1.07357 -2.3
-1.07333 -2.4
-1.07308 -2.5
-1.07284 -2.6
-1.07259 -2.6
-1.07235 -2.7
-1.07211 -2.7
-1.07186 -2.7
-1.07162 -2.7
-1.07137 -2.7
-1.07113 -2.7
-1.07088 -2.7
-1.07064 -2.7
-1.0704 -2.7
-1.07015 -2.6
-1.06991 -2.6
-1.06966 -2.5
-1.06942 -2.5
-1.06918 -2.4
-1.06893 -2.3
-1.06869 -2.2
-1.06844 -2.1
-1.0682 -2.0
-1.06796 -1.9
-1.06771 -1.8
-1.06747 -1.7
-1.06722 -1.5
-1.06698 -1.4
-1.06673 -1.2
-1.06649 -1.1
-1.06625 -1.0
-1.066 -0.8
-1.06576 -0.6
-1.06551 -0.5
-1.06527 -0.3
-1.06503 -0.2
-1.06478 0.0
-1.06454 0.2
-1.06429 0.3
-1.06405 0.5
-1.0638 0.6
-1.06356 0.8
-1.06332 0.9
-1.06307 1.1
-1.06283 1.2
-1.06258 1.4
-1.06234 1.5
-1.0621 1.6
-1.06185 1.8
-1.06161 1.9
-1.06136 2.0
-1.06112 2.1
-1.06087 2.2
-1.06063 2.3
-1.06039 2.4
-1.06014 2.5
-1.0599 2.5
-1.05965 2.6
-1.05941 2.6
-1.05917 2.7
-1.05892 2.7
-1.05868 2.7
-1.05843 2.7
-1.05819 2.7
-1.05795 2.7
-1.0577 2.7
-1.05746 2.7
-1.05721 2.7
-1.05697 2.6
-1.05672 2.6
-1.05648 2.5
-1.05624 2.4
-1.05599 2.4
-1.05575 2.3
-1.0555 2.2
-1.05526 2.1
-1.05502 2.0
-1.05477 1.8
-1.05453 1.7
-1.05428 1.6
-1.05404 1.5
-1.05379 1.3
-1.05355 1.2
-1.05331 1.0
-1.05306 0.9
-1.05282 0.7
-1.05257 0.6
-1.05233 0.4
-1.05209 0.2
-1.05184 0.0
-1.0516 0.0
-1.05135 -0.2
-1.05111 -0.4
-1.05087 -0.6
-1.05062 -0.7
-1.05038 -0.9
-1.05013 -1.0
-1.04989 -1.2
-1.04964 -1.3
-1.0494 -1.5
-1.04916 -1.6
-1.04891 -1.7
-1.04867 -1.9
-1.04842 -2.0
-1.04818 -2.1
-1.04794 -2.2
-1.04769 -2.3
-1.04745 -2.4
-1.0472 -2.4
-1.04696 -2.5
-1.04671 -2.6
-1.04647 -2.6
-1.04623 -2.7
-1.04598 -2.7
-1.04574 -2.7
-1.04549 -2.7
-1.04525 -2.8
-1.04501 -2.7
-1.04476 -2.7
-1.04452 -2.7
-1.04427 -2.7
-1.04403 -2.6
-1.04379 -2.6
-1.04354 -2.5
-1.0433 -2.5
-1.04305 -2.4
-1.04281 -2.3
-1.04256 -2.2
-1.04232 -2.1
-1.04208 -2.0
-1.04183 -1.9
-1.04159 -1.7
-1.04134 -1.6
-1.0411 -1.5
-1.04086 -1.3
-1.04061 -1.2
-1.04037 -1.1
-1.04012 -0.9
-1.03988 -0.7
-1.03963 -0.6
-1.03939 -0.4
-1.03915 -0.3
-1.0389 -0.1
-1.03866 0.0
-1.03841 0.2
-1.03817 0.4
-1.03793 0.5
-1.03768 0.7
-1.03744 0.9
-1.03719 1.0
-1.03695 1.2
-1.03671 1.3
-1.03646 1.5
-1.03622 1.6
-1.03597 1.7
-1.03573 1.8
-1.03548 2.0
-1.03524 2.1
-1.035 2.2
-1.03475 2.3
-1.03451 2.4
-1.03426 2.4
-1.03402 2.5
-1.03378 2.6
-1.03353 2.6
-1.03329 2.7
-1.03304 2.7
-1.0328 2.7
-1.03255 2.8
-1.03231 2.8
-1.03207 2.8
-1.03182 2.7
-1.03158 2.7
-1.03133 2.7
-1.03109 2.6
-1.03085 2.6
-1.0306 2.5
-1.03036 2.5
-1.03011 2.4
-1.02987 2.3
-1.02962 2.2
-1.02938 2.1
-1.02914 2.0
-1.02889 1.9
-1.02865 1.8
-1.0284 1.6
-1.02816 1.5
-1.02792 1.3
-1.02767 1.2
-1.02743 1.1
-1.02718 0.9
-1.02694 0.7
-1.0267 0.6
-1.02645 0.4
-1.02621 0.3
-1.02596 0.0
-1.02572 0.0
-1.02547 -0.2
-1.02523 -0.4
-1.02499 -0.6
-1.02474 -0.7
-1.0245 -0.9
-1.02425 -1.0
-1.02401 -1.2
-1.02377 -1.3
-1.02352 -1.5
-1.02328 -1.6
-1.02303 -1.7
-1.02279 -1.9
-1.02254 -2.0
-1.0223 -2.1
-1.02206 -2.2
-1.02181 -2.3
-1.02157 -2.4
-1.02132 -2.5
-1.02108 -2.5
-1.02084 -2.6
-1.02059 -2.6
-1.02035 -2.7
-1.0201 -2.7
-1.01986 -2.7
-1.01962 -2.8
-1.01937 -2.8
-1.01913 -2.8
-1.01888 -2.7
-1.01864 -2.7
-1.01839 -2.7
-1.01815 -2.6
-1.01791 -2.6
-1.01766 -2.5
-1.01742 -2.5
-1.01717 -2.4
-1.01693 -2.3
-1.01669 -2.2
-1.01644 -2.1
-1.0162 -2.0
-1.01595 -1.9
-1.01571 -1.7
-1.01546 -1.6
-1.01522 -1.5
-1.01498 -1.3
-1.01473 -1.2
-1.01449 -1.0
-1.01424 -0.9
-1.014 -0.7
-1.01376 -0.5
-1.01351 -0.4
-1.01327 -0.2
-1.01302 0.0
-1.01278 0.1
-1.01254 0.3
-1.01229 0.5
-1.01205 0.6
-1.0118 0.8
-1.01156 0.9
-1.01131 1.1
-1.01107 1.2
-1.01083 1.4
-1.01058 1.5
-1.01034 1.7
-1.01009 1.8
-1.00985 1.9
-1.00961 2.0
-1.00936 2.1
-1.00912 2.2
-1.00887 2.3
-1.00863 2.4
-1.00838 2.5
-1.00814 2.6
-1.0079 2.6
-1.00765 2.7
-1.00741 2.7
-1.00716 2.7
-1.00692 2.8
-1.00668 2.8
-1.00643 2.8
-1.00619 2.8
-1.00594 2.7
-1.0057 2.7
-1.00546 2.7
-1.00521 2.6
-1.00497 2.6
-1.00472 2.5
-1.00448 2.4
-1.00423 2.3
-1.00399 2.2
-1.00375 2.1
-1.0035 2.0
-1.00326 1.9
-1.00301 1.8
-1.00277 1.7
-1.00253 1.5
-1.00228 1.4
-1.00204 1.2
-1.00179 1.1
-1.00155 0.9
-1.0013 0.8
-1.00106 0.6
-1.00082 0.4
-1.00057 0.3
-1.00033 0.1
-1.00008 0.0
-0.99984 -0.2
-0.9996 -0.4
-0.99935 -0.5
-0.99911 -0.7
-0.99886 -0.9
-0.99862 -1.0
-0.99837 -1.2
-0.99813 -1.3
-0.99789 -1.5
-0.99764 -1.6
-0.9974 -1.7
-0.99715 -1.9
-0.99691 -2.0
-0.99667 -2.1
-0.99642 -2.2
-0.99618 -2.3
-0.99593 -2.4
-0.99569 -2.5
-0.99545 -2.6
-0.9952 -2.6
-0.99496 -2.7
-0.99471 -2.7
-0.99447 -2.7
-0.99422 -2.8
-0.99398 -2.8
-0.99374 -2.8
-0.99349 -2.8
-0.99325 -2.8
-0.993 -2.7
-0.99276 -2.7
-0.99252 -2.7
-0.99227 -2.6
-0.99203 -2.5
-0.99178 -2.5
-0.99154 -2.4
-0.99129 -2.3
-0.99105 -2.2
-0.99081 -2.1
-0.99056 -2.0
-0.99032 -1.8
-0.99007 -1.7
-0.98983 -1.6
-0.98959 -1.4
-0.98934 -1.3
-0.9891 -1.1
-0.98885 -1.0
-0.98861 -0.8
-0.98837 -0.7
-0.98812 -0.5
-0.98788 -0.3
-0.98763 -0.2
-0.98739 0.0
-0.98714 0.2
-0.9869 0.3
-0.98666 0.5
-0.98641 0.7
-0.98617 0.8
-0.98592 1.0
-0.98568 1.2
-0.98544 1.3
-0.98519 1.5
-0.98495 1.6
-0.9847 1.7
-0.98446 1.9
-0.98421 2.0
-0.98397 2.1
-0.98373 2.2
-0.98348 2.3
-0.98324 2.4
-0.98299 2.5
-0.98275 2.5
-0.98251 2.6
-0.98226 2.7
-0.98202 2.7
-0.98177 2.7
-0.98153 2.8
-0.98129 2.8
-0.98104 2.8
-0.9808 2.8
-0.98055 2.8
-0.98031 2.7
-0.98006 2.7
-0.97982 2.7
-0.97958 2.6
-0.97933 2.5
-0.97909 2.5
-0.97884 2.4
-0.9786 2.3
-0.97836 2.2
-0.97811 2.1
-0.97787 2.0
-0.97762 1.8
-0.97738 1.7
-0.97713 1.6
-0.97689 1.4
-0.97665 1.3
-0.9764 1.1
-0.97616 1.0
-0.97591 0.8
-0.97567 0.7
-0.97543 0.5
-0.97518 0.3
-0.97494 0.2
-0.97469 0.0
-0.97445 -0.2
-0.97421 -0.4
-0.97396 -0.5
-0.97372 -0.7
-0.97347 -0.9
-0.97323 -1.0
-0.97298 -1.2
-0.97274 -1.3
-0.9725 -1.5
-0.97225 -1.6
-0.97201 -1.7
-0.97176 -1.9
-0.97152 -2.0
-0.97128 -2.1
-0.97103 -2.2
-0.97079 -2.3
-0.97054 -2.4
-0.9703 -2.5
-0.97005 -2.6
-0.96981 -2.6
-0.96957 -2.7
-0.96932 -2.7
-0.96908 -2.8
-0.96883 -2.8
-0.96859 -2.8
-0.96835 -2.8
-0.9681 -2.8
-0.96786 -2.8
-0.96761 -2.7
-0.96737 -2.7
-0.96712 -2.7
-0.96688 -2.6
-0.96664 -2.5
-0.96639 -2.5
-0.96615 -2.4
-0.9659 -2.3
-0.96566 -2.2
-0.96542 -2.1
-0.96517 -1.9
-0.96493 -1.8
-0.96468 -1.7
-0.96444 -1.6
-0.9642 -1.4
-0.96395 -1.3
-0.96371 -1.1
-0.96346 -0.9
-0.96322 -0.8
-0.96297 -0.6
-0.96273 -0.4
-0.96249 -0.3
-0.96224 -0.1
-0.962 0.0
-0.96175 0.2
-0.96151 0.4
-0.96127 0.6
-0.96102 0.7
-0.96078 0.9
-0.96053 1.1
-0.96029 1.2
-0.96004 1.4
-0.9598 1.5
-0.95956 1.7
-0.95931 1.8
-0.95907 1.9
-0.95882 2.0
-0.95858 2.2
-0.95834 2.3
-0.95809 2.4
-0.95785 2.4
-0.9576 2.5
-0.95736 2.6
-0.95712 2.7
-0.95687 2.7
-0.95663 2.7
-0.95638 2.8
-0.95614 2.8
-0.95589 2.8
-0.95565 2.8
-0.95541 2.8
-0.95516 2.8
-0.95492 2.7
-0.95467 2.7
-0.95443 2.6
-0.95419 2.6
-0.95394 2.5
-0.9537 2.4
-0.95345 2.3
-0.95321 2.2
-0.95296 2.1
-0.95272 2.0
-0.95248 1.9
-0.95223 1.8
-0.95199 1.6
-0.95174 1.5
-0.9515 1.3
-0.95126 1.2
-0.95101 1.0
-0.95077 0.9
-0.95052 0.7
-0.95028 0.5
-0.95004 0.4
-0.94979 0.2
-0.94955 0.0
-0.9493 -0.2
-0.94906 -0.3
-0.94881 -0.5
-0.94857 -0.7
-0.94833 -0.8
-0.94808 -1.0
-0.94784 -1.1
-0.94759 -1.3
-0.94735 -1.5
-0.94711 -1.6
-0.94686 -1.7
-0.94662 -1.9
-0.94637 -2.0
-0.94613 -2.1
-0.94588 -2.2
-0.94564 -2.3
-0.9454 -2.4
-0.94515 -2.5
-0.94491 -2.6
-0.94466 -2.6
-0.94442 -2.7
-0.94418 -2.7
-0.94393 -2.8
-0.94369 -2.8
-0.94344 -2.8
-0.9432 -2.8
-0.94296 -2.8
-0.94271 -2.8
-0.94247 -2.8
-0.94222 -2.7
-0.94198 -2.7
-0.94173 -2.6
-0.94149 -2.5
-0.94125 -2.5
-0.941 -2.4
-0.94076 -2.3
-0.94051 -2.2
-0.94027 -2.1
-0.94003 -1.9
-0.93978 -1.8
-0.93954 -1.7
-0.93929 -1.5
-0.93905 -1.4
-0.9388 -1.2
-0.93856 -1.1
-0.93832 -0.9
-0.93807 -0.7
-0.93783 -0.6
-0.93758 -0.4
-0.93734 -0.2
-0.9371 0.0
-0.93685 0.1
-0.93661 0.3
-0.93636 0.5
-0.93612 0.6
-0.93587 0.8
-0.93563 1.0
-0.93539 1.1
-0.93514 1.3
-0.9349 1.4
-0.93465 1.6
-0.93441 1.7
-0.93417 1.9
-0.93392 2.0
-0.93368 2.1
-0.93343 2.2
-0.93319 2.3
-0.93295 2.4
-0.9327 2.5
-0.93246 2.6
-0.93221 2.6
-0.93197 2.7
-0.93172 2.7
-0.93148 2.8
-0.93124 2.8
-0.93099 2.8
-0.93075 2.8
-0.9305 2.8
-0.93026 2.8
-0.93002 2.8
-0.92977 2.7
-0.92953 2.7
-0.92928 2.6
-0.92904 2.6
-0.92879 2.5
-0.92855 2.4
-0.92831 2.3
-0.92806 2.2
-0.92782 2.1
-0.92757 2.0
-0.92733 1.8
-0.92709 1.7
-0.92684 1.5
-0.9266 1.4
-0.92635 1.2
-0.92611 1.1
-0.92587 0.9
-0.92562 0.8
-0.92538 0.6
-0.92513 0.4
-0.92489 0.2
-0.92464 0.0
-0.9244 -0.1
-0.92416 -0.3
-0.92391 -0.5
-0.92367 -0.6
-0.92342 -0.8
-0.92318 -1.0
-0.92294 -1.1
-0.92269 -1.3
-0.92245 -1.4
-0.9222 -1.6
-0.92196 -1.7
-0.92171 -1.9
-0.92147 -2.0
-0.92123 -2.1
-0.92098 -2.2
-0.92074 -2.3
-0.92049 -2.4
-0.92025 -2.5
-0.92001 -2.6
-0.91976 -2.7
-0.91952 -2.7
-0.91927 -2.8
-0.91903 -2.8
-0.91879 -2.8
-0.91854 -2.8
-0.9183 -2.8
-0.91805 -2.8
-0.91781 -2.8
-0.91756 -2.8
-0.91732 -2.7
-0.91708 -2.7
-0.91683 -2.6
-0.91659 -2.6
-0.91634 -2.5
-0.9161 -2.4
-0.91586 -2.3
-0.91561 -2.2
-0.91537 -2.1
-0.91512 -1.9
-0.91488 -1.8
-0.91463 -1.7
-0.91439 -1.5
-0.91415 -1.4
-0.9139 -1.2
-0.91366 -1.1
-0.91341 -0.9
-0.91317 -0.7
-0.91293 -0.6
-0.91268 -0.4
-0.91244 -0.2
-0.91219 0.0
-0.91195 0.2
-0.91171 0.3
-0.91146 0.5
-0.91122 0.7
-0.91097 0.8
-0.91073 1.0
-0.91048 1.2
-0.91024 1.3
-0.91 1.5
-0.90975 1.6
-0.90951 1.8
-0.90926 1.9
-0.90902 2.0
-0.90878 2.2
-0.90853 2.3
-0.90829 2.4
-0.90804 2.5
-0.9078 2.5
-0.90755 2.6
-0.90731 2.7
-0.90707 2.7
-0.90682 2.8
-0.90658 2.8
-0.90633 2.8
-0.90609 2.8
-0.90585 2.8
-0.9056 2.8
-0.90536 2.8
-0.90511 2.8
-0.90487 2.7
-0.90462 2.7
-0.90438 2.6
-0.90414 2.5
-0.90389 2.5
-0.90365 2.4
-0.9034 2.3
-0.90316 2.1
-0.90292 2.0
-0.90267 1.9
-0.90243 1.8
-0.90218 1.6
-0.90194 1.5
-0.9017 1.3
-0.90145 1.1
-0.90121 1.0
-0.90096 0.8
-0.90072 0.6
-0.90047 0.5
-0.90023 0.3
-0.89999 0.1
-0.89974 0.0
-0.8995 -0.2
-0.89925 -0.4
-0.89901 -0.6
-0.89877 -0.8
-0.89852 -0.9
-0.89828 -1.1
-0.89803 -1.3
-0.89779 -1.4
-0.89754 -1.6
-0.8973 -1.7
-0.89706 -1.9
-0.89681 -2.0
-0.89657 -2.1
-0.89632 -2.2
-0.89608 -2.3
-0.89584 -2.4
-0.89559 -2.5
-0.89535 -2.6
-0.8951 -2.7
-0.89486 -2.7
-0.89462 -2.8
-0.89437 -2.8
-0.89413 -2.8
-0.89388 -2.9
-0.89364 -2.9
-0.89339 -2.8
-0.89315 -2.8
-0.89291 -2.8
-0.89266 -2.8
-0.89242 -2.7
-0.89217 -2.6
-0.89193 -2.6
-0.89169 -2.5
-0.89144 -2.4
-0.8912 -2.3
-0.89095 -2.2
-0.89071 -2.1
-0.89046 -1.9
-0.89022 -1.8
-0.88998 -1.7
-0.88973 -1.5
-0.88949 -1.4
-0.88924 -1.2
-0.889 -1.0
-0.88876 -0.9
-0.88851 -0.7
-0.88827 -0.5
-0.88802 -0.3
-0.88778 -0.2
-0.88754 0.0
-0.88729 0.2
-0.88705 0.4
-0.8868 0.5
-0.88656 0.7
-0.88631 0.9
-0.88607 1.1
-0.88583 1.2
-0.88558 1.4
-0.88534 1.5
-0.88509 1.7
-0.88485 1.8
-0.88461 2.0
-0.88436 2.1
-0.88412 2.2
-0.88387 2.3
-0.88363 2.4
-0.88338 2.5
-0.88314 2.6
-0.8829 2.7
-0.88265 2.7
-0.88241 2.8
-0.88216 2.8
-0.88192 2.8
-0.88168 2.9
-0.88143 2.9
-0.88119 2.9
-0.88094 2.8
-0.8807 2.8
-0.88046 2.8
-0.88021 2.7
-0.87997 2.7
-0.87972 2.6
-0.87948 2.5
-0.87923 2.4
-0.87899 2.3
-0.87875 2.2
-0.8785 2.1
-0.87826 2.0
-0.87801 1.8
-0.87777 1.7
-0.87753 1.5
-0.87728 1.4
-0.87704 1.2
-0.87679 1.0
-0.87655 0.9
-0.8763 0.7
-0.87606 0.5
-0.87582 0.4
-0.87557 0.2
-0.87533 0.0
-0.87508 -0.2
-0.87484 -0.4
-0.8746 -0.5
-0.87435 -0.7
-0.87411 -0.9
-0.87386 -1.1
-0.87362 -1.2
-0.87337 -1.4
-0.87313 -1.5
-0.87289 -1.7
-0.87264 -1.8
-0.8724 -2.0
-0.87215 -2.1
-0.87191 -2.2
-0.87167 -2.3
-0.87142 -2.4
-0.87118 -2.5
-0.87093 -2.6
-0.87069 -2.7
-0.87045 -2.7
-0.8702 -2.8
-0.86996 -2.8
-0.86971 -2.9
-0.86947 -2.9
-0.86922 -2.9
-0.86898 -2.9
-0.86874 -2.8
-0.86849 -2.8
-0.86825 -2.8
-0.868 -2.7
-0.86776 -2.7
-0.86752 -2.6
-0.86727 -2.5
-0.86703 -2.4
-0.86678 -2.3
-0.86654 -2.2
-0.86629 -2.1
-0.86605 -1.9
-0.86581 -1.8
-0.86556 -1.7
-0.86532 -1.5
-0.86507 -1.4
-0.86483 -1.2
-0.86459 -1.0
-0.86434 -0.8
-0.8641 -0.7
-0.86385 -0.5
-0.86361 -0.3
-0.86337 -0.1
-0.86312 0.0
-0.86288 0.2
-0.86263 0.4
-0.86239 0.6
-0.86214 0.8
-0.8619 0.9
-0.86166 1.1
-0.86141 1.3
-0.86117 1.4
-0.86092 1.6
-0.86068 1.7
-0.86044 1.9
-0.86019 2.0
-0.85995 2.1
-0.8597 2.3
-0.85946 2.4
-0.85921 2.5
-0.85897 2.6
-0.85873 2.6
-0.85848 2.7
-0.85824 2.8
-0.85799 2.8
-0.85775 2.8
-0.85751 2.9
-0.85726 2.9
-0.85702 2.9
-0.85677 2.9
-0.85653 2.8
-0.85629 2.8
-0.85604 2.8
-0.8558 2.7
-0.85555 2.6
-0.85531 2.6
-0.85506 2.5
-0.85482 2.4
-0.85458 2.3
-0.85433 2.2
-0.85409 2.0
-0.85384 1.9
-0.8536 1.7
-0.85336 1.6
-0.85311 1.4
-0.85287 1.3
-0.85262 1.1
-0.85238 0.9
-0.85213 0.8
-0.85189 0.6
-0.85165 0.4
-0.8514 0.2
-0.85116 0.0
-0.85091 -0.1
-0.85067 -0.3
-0.85043 -0.5
-0.85018 -0.7
-0.84994 -0.9
-0.84969 -1.0
-0.84945 -1.2
-0.84921 -1.4
-0.84896 -1.5
-0.84872 -1.7
-0.84847 -1.8
-0.84823 -2.0
-0.84798 -2.1
-0.84774 -2.2
-0.8475 -2.3
-0.84725 -2.4
-0.84701 -2.5
-0.84676 -2.6
-0.84652 -2.7
-0.84628 -2.7
-0.84603 -2.8
-0.84579 -2.8
-0.84554 -2.9
-0.8453 -2.9
-0.84505 -2.9
-0.84481 -2.9
-0.84457 -2.9
-0.84432 -2.8
-0.84408 -2.8
-0.84383 -2.7
-0.84359 -2.7
-0.84335 -2.6
-0.8431 -2.5
-0.84286 -2.4
-0.84261 -2.3
-0.84237 -2.2
-0.84212 -2.1
-0.84188 -1.9
-0.84164 -1.8
-0.84139 -1.7
-0.84115 -1.5
-0.8409 -1.3
-0.84066 -1.2
-0.84042 -1.0
-0.84017 -0.8
-0.83993 -0.6
-0.83968 -0.5
-0.83944 -0.3
-0.8392 0.0
-0.83895 0.0
-0.83871 0.3
-0.83846 0.5
-0.83822 0.6
-0.83797 0.8
-0.83773 1.0
-0.83749 1.2
-0.83724 1.3
-0.837 1.5
-0.83675 1.6
-0.83651 1.8
-0.83627 1.9
-0.83602 2.1
-0.83578 2.2
-0.83553 2.3
-0.83529 2.4
-0.83504 2.5
-0.8348 2.6
-0.83456 2.7
-0.83431 2.7
-0.83407 2.8
-0.83382 2.8
-0.83358 2.9
-0.83334 2.9
-0.83309 2.9
-0.83285 2.9
-0.8326 2.9
-0.83236 2.9
-0.83212 2.8
-0.83187 2.8
-0.83163 2.7
-0.83138 2.6
-0.83114 2.5
-0.83089 2.4
-0.83065 2.3
-0.83041 2.2
-0.83016 2.1
-0.82992 2.0
-0.82967 1.8
-0.82943 1.7
-0.82919 1.5
-0.82894 1.4
-0.8287 1.2
-0.82845 1.0
-0.82821 0.8
-0.82796 0.7
-0.82772 0.5
-0.82748 0.3
-0.82723 0.1
-0.82699 0.0
-0.82674 -0.3
-0.8265 -0.5
-0.82626 -0.6
-0.82601 -0.8
-0.82577 -1.0
-0.82552 -1.2
-0.82528 -1.3
-0.82504 -1.5
-0.82479 -1.7
-0.82455 -1.8
-0.8243 -2.0
-0.82406 -2.1
-0.82381 -2.2
-0.82357 -2.3
-0.82333 -2.4
-0.82308 -2.5
-0.82284 -2.6
-0.82259 -2.7
-0.82235 -2.8
-0.82211 -2.8
-0.82186 -2.9
-0.82162 -2.9
-0.82137 -2.9
-0.82113 -2.9
-0.82088 -2.9
-0.82064 -2.9
-0.8204 -2.9
-0.82015 -2.8
-0.81991 -2.8
-0.81966 -2.7
-0.81942 -2.6
-0.81918 -2.5
-0.81893 -2.4
-0.81869 -2.3
-0.81844 -2.2
-0.8182 -2.1
-0.81796 -1.9
-0.81771 -1.8
-0.81747 -1.7
-0.81722 -1.5
-0.81698 -1.3
-0.81673 -1.2
-0.81649 -1.0
-0.81625 -0.8
-0.816 -0.6
-0.81576 -0.4
-0.81551 -0.3
-0.81527 0.0
-0.81503 0.1
-0.81478 0.3
-0.81454 0.5
-0.81429 0.7
-0.81405 0.9
-0.8138 1.0
-0.81356 1.2
-0.81332 1.4
-0.81307 1.5
-0.81283 1.7
-0.81258 1.9
-0.81234 2.0
-0.8121 2.1
-0.81185 2.3
-0.81161 2.4
-0.81136 2.5
-0.81112 2.6
-0.81087 2.7
-0.81063 2.7
-0.81039 2.8
-0.81014 2.8
-0.8099 2.9
-0.80965 2.9
-0.80941 2.9
-0.80917 2.9
-0.80892 2.9
-0.80868 2.9
-0.80843 2.9
-0.80819 2.8
-0.80795 2.7
-0.8077 2.7
-0.80746 2.6
-0.80721 2.5
-0.80697 2.4
-0.80672 2.3
-0.80648 2.2
-0.80624 2.0
-0.80599 1.9
-0.80575 1.7
-0.8055 1.6
-0.80526 1.4
-0.80502 1.3
-0.80477 1.1
-0.80453 0.9
-0.80428 0.7
-0.80404 0.5
-0.80379 0.4
-0.80355 0.2
-0.80331 0.0
-0.80306 -0.2
-0.80282 -0.4
-0.80257 -0.6
-0.80233 -0.8
-0.80209 -1.0
-0.80184 -1.1
-0.8016 -1.3
-0.80135 -1.5
-0.80111 -1.6
-0.80087 -1.8
-0.80062 -1.9
-0.80038 -2.1
-0.80013 -2.2
-0.79989 -2.3
-0.79964 -2.4
-0.7994 -2.5
-0.79916 -2.6
-0.79891 -2.7
-0.79867 -2.8
-0.79842 -2.8
-0.79818 -2.9
-0.79794 -2.9
-0.79769 -2.9
-0.79745 -2.9
-0.7972 -2.9
-0.79696 -2.9
-0.79671 -2.9
-0.79647 -2.8
-0.79623 -2.8
-0.79598 -2.7
-0.79574 -2.6
-0.79549 -2.5
-0.79525 -2.4
-0.79501 -2.3
-0.79476 -2.2
-0.79452 -2.1
-0.79427 -1.9
-0.79403 -1.8
-0.79379 -1.6
-0.79354 -1.5
-0.7933 -1.3
-0.79305 -1.1
-0.79281 -1.0
-0.79256 -0.8
-0.79232 -0.6
-0.79208 -0.4
-0.79183 -0.2
-0.79159 0.0
-0.79134 0.2
-0.7911 0.4
-0.79086 0.5
-0.79061 0.7
-0.79037 0.9
-0.79012 1.1
-0.78988 1.3
-0.78963 1.4
-0.78939 1.6
-0.78915 1.8
-0.7889 1.9
-0.78866 2.1
-0.78841 2.2
-0.78817 2.3
-0.78793 2.4
-0.78768 2.5
-0.78744 2.6
-0.78719 2.7
-0.78695 2.8
-0.78671 2.8
-0.78646 2.9
-0.78622 2.9
-0.78597 2.9
-0.78573 2.9
-0.78548 2.9
-0.78524 2.9
-0.785 2.9
-0.78475 2.8
-0.78451 2.8
-0.78426 2.7
-0.78402 2.7
-0.78378 2.6
-0.78353 2.5
-0.78329 2.4
-0.78304 2.2
-0.7828 2.1
-0.78255 2.0
-0.78231 1.8
-0.78207 1.7
-0.78182 1.5
-0.78158 1.3
-0.78133 1.2
-0.78109 1.0
-0.78085 0.8
-0.7806 0.6
-0.78036 0.4
-0.78011 0.2
-0.77987 0.0
-0.77962 -0.2
-0.77938 -0.4
-0.77914 -0.6
-0.77889 -0.7
-0.77865 -0.9
-0.7784 -1.1
-0.77816 -1.3
-0.77792 -1.5
-0.77767 -1.6
-0.77743 -1.8
-0.77718 -1.9
-0.77694 -2.1
-0.7767 -2.2
-0.77645 -2.3
-0.77621 -2.4
-0.77596 -2.5
-0.77572 -2.6
-0.77547 -2.7
-0.77523 -2.8
-0.77499 -2.8
-0.77474 -2.9
-0.7745 -2.9
-0.77425 -2.9
-0.77401 -3.0
-0.77377 -2.9
-0.77352 -2.9
-0.77328 -2.9
-0.77303 -2.9
-0.77279 -2.8
-0.77254 -2.7
-0.7723 -2.6
-0.77206 -2.6
-0.77181 -2.5
-0.77157 -2.3
-0.77132 -2.2
-0.77108 -2.1
-0.77084 -1.9
-0.77059 -1.8
-0.77035 -1.6
-0.7701 -1.5
-0.76986 -1.3
-0.76962 -1.1
-0.76937 -0.9
-0.76913 -0.8
-0.76888 -0.6
-0.76864 -0.4
-0.76839 -0.2
-0.76815 0.0
-0.76791 0.2
-0.76766 0.4
-0.76742 0.6
-0.76717 0.8
-0.76693 1.0
-0.76669 1.2
-0.76644 1.3
-0.7662 1.5
-0.76595 1.7
-0.76571 1.8
-0.76546 2.0
-0.76522 2.1
-0.76498 2.3
-0.76473 2.4
-0.76449 2.5
-0.76424 2.6
-0.764 2.7
-0.76376 2.8
-0.76351 2.8
-0.76327 2.9
-0.76302 2.9
-0.76278 2.9
-0.76254 3.0
-0.76229 3.0
-0.76205 2.9
-0.7618 2.9
-0.76156 2.9
-0.76131 2.8
-0.76107 2.8
-0.76083 2.7
-0.76058 2.6
-0.76034 2.5
-0.76009 2.4
-0.75985 2.3
-0.75961 2.2
-0.75936 2.0
-0.75912 1.9
-0.75887 1.7
-0.75863 1.6
-0.75838 1.4
-0.75814 1.2
-0.7579 1.0
-0.75765 0.9
-0.75741 0.7
-0.75716 0.5
-0.75692 0.3
-0.75668 0.0
-0.75643 -0.1
-0.75619 -0.3
-0.75594 -0.5
-0.7557 -0.7
-0.75546 -0.9
-0.75521 -1.1
-0.75497 -1.3
-0.75472 -1.4
-0.75448 -1.6
-0.75423 -1.8
-0.75399 -1.9
-0.75375 -2.1
-0.7535 -2.2
-0.75326 -2.3
-0.75301 -2.4
-0.75277 -2.6
-0.75253 -2.6
-0.75228 -2.7
-0.75204 -2.8
-0.75179 -2.9
-0.75155 -2.9
-0.7513 -2.9
-0.75106 -3.0
-0.75082 -3.0
-0.75057 -3.0
-0.75033 -2.9
-0.75008 -2.9
-0.74984 -2.9
-0.7496 -2.8
-0.74935 -2.7
-0.74911 -2.7
-0.74886 -2.6
-0.74862 -2.5
-0.74837 -2.3
-0.74813 -2.2
-0.74789 -2.1
-0.74764 -1.9
-0.7474 -1.8
-0.74715 -1.6
-0.74691 -1.5
-0.74667 -1.3
-0.74642 -1.1
-0.74618 -0.9
-0.74593 -0.7
-0.74569 -0.5
-0.74545 -0.3
-0.7452 -0.1
-0.74496 0.0
-0.74471 0.3
-0.74447 0.5
-0.74422 0.7
-0.74398 0.9
-0.74374 1.0
-0.74349 1.2
-0.74325 1.4
-0.743 1.6
-0.74276 1.7
-0.74252 1.9
-0.74227 2.0
-0.74203 2.2
-0.74178 2.3
-0.74154 2.4
-0.74129 2.5
-0.74105 2.6
-0.74081 2.7
-0.74056 2.8
-0.74032 2.9
-0.74007 2.9
-0.73983 3.0
-0.73959 3.0
-0.73934 3.0
-0.7391 3.0
-0.73885 3.0
-0.73861 2.9
-0.73837 2.9
-0.73812 2.8
-0.73788 2.8
-0.73763 2.7
-0.73739 2.6
-0.73714 2.5
-0.7369 2.4
-0.73666 2.2
-0.73641 2.1
-0.73617 2.0
-0.73592 1.8
-0.73568 1.6
-0.73544 1.5
-0.73519 1.3
-0.73495 1.1
-0.7347 0.9
-0.73446 0.7
-0.73421 0.5
-0.73397 0.3
-0.73373 0.1
-0.73348 0.0
-0.73324 -0.3
-0.73299 -0.5
-0.73275 -0.7
-0.73251 -0.9
-0.73226 -1.1
-0.73202 -1.2
-0.73177 -1.4
-0.73153 -1.6
-0.73129 -1.8
-0.73104 -1.9
-0.7308 -2.1
-0.73055 -2.2
-0.73031 -2.3
-0.73006 -2.5
-0.72982 -2.6
-0.72958 -2.7
-0.72933 -2.7
-0.72909 -2.8
-0.72884 -2.9
-0.7286 -2.9
-0.72836 -3.0
-0.72811 -3.0
-0.72787 -3.0
-0.72762 -3.0
-0.72738 -3.0
-0.72713 -2.9
-0.72689 -2.9
-0.72665 -2.8
-0.7264 -2.8
-0.72616 -2.7
-0.72591 -2.6
-0.72567 -2.5
-0.72543 -2.3
-0.72518 -2.2
-0.72494 -2.1
-0.72469 -1.9
-0.72445 -1.8
-0.72421 -1.6
-0.72396 -1.4
-0.72372 -1.2
-0.72347 -1.1
-0.72323 -0.9
-0.72298 -0.7
-0.72274 -0.5
-0.7225 -0.3
-0.72225 0.0
-0.72201 0.1
-0.72176 0.3
-0.72152 0.5
-0.72128 0.7
-0.72103 0.9
-0.72079 1.1
-0.72054 1.3
-0.7203 1.5
-0.72005 1.7
-0.71981 1.8
-0.71957 2.0
-0.71932 2.1
-0.71908 2.3
-0.71883 2.4
-0.71859 2.5
-0.71835 2.6
-0.7181 2.7
-0.71786 2.8
-0.71761 2.9
-0.71737 2.9
-0.71712 3.0
-0.71688 3.0
-0.71664 3.0
-0.71639 3.0
-0.71615 3.0
-0.7159 3.0
-0.71566 2.9
-0.71542 2.9
-0.71517 2.8
-0.71493 2.7
-0.71468 2.6
-0.71444 2.5
-0.7142 2.4
-0.71395 2.3
-0.71371 2.2
-0.71346 2.0
-0.71322 1.9
-0.71297 1.7
-0.71273 1.5
-0.71249 1.3
-0.71224 1.2
-0.712 1.0
-0.71175 0.8
-0.71151 0.6
-0.71127 0.4
-0.71102 0.2
-0.71078 0.0
-0.71053 -0.2
-0.71029 -0.4
-0.71004 -0.6
-0.7098 -0.8
-0.70956 -1.0
-0.70931 -1.2
-0.70907 -1.4
-0.70882 -1.6
-0.70858 -1.8
-0.70834 -1.9
-0.70809 -2.1
-0.70785 -2.2
-0.7076 -2.3
-0.70736 -2.5
-0.70712 -2.6
-0.70687 -2.7
-0.70663 -2.8
-0.70638 -2.8
-0.70614 -2.9
-0.70589 -3.0
-0.70565 -3.0
-0.70541 -3.0
-0.70516 -3.0
-0.70492 -3.0
-0.70467 -3.0
-0.70443 -3.0
-0.70419 -2.9
-0.70394 -2.8
-0.7037 -2.8
-0.70345 -2.7
-0.70321 -2.6
-0.70296 -2.5
-0.70272 -2.3
-0.70248 -2.2
-0.70223 -2.1
-0.70199 -1.9
-0.70174 -1.7
-0.7015 -1.6
-0.70126 -1.4
-0.70101 -1.2
-0.70077 -1.0
-0.70052 -0.8
-0.70028 -0.6
-0.70004 -0.4
-0.69979 -0.2
-0.69955 0.0
-0.6993 0.2
-0.69906 0.4
-0.69881 0.6
-0.69857 0.8
-0.69833 1.0
-0.69808 1.2
-0.69784 1.4
-0.69759 1.6
-0.69735 1.7
-0.69711 1.9
-0.69686 2.1
-0.69662 2.2
-0.69637 2.3
-0.69613 2.5
-0.69588 2.6
-0.69564 2.7
-0.6954 2.8
-0.69515 2.8
-0.69491 2.9
-0.69466 3.0
-0.69442 3.0
-0.69418 3.0
-0.69393 3.0
-0.69369 3.0
-0.69344 3.0
-0.6932 3.0
-0.69296 2.9
-0.69271 2.9
-0.69247 2.8
-0.69222 2.7
-0.69198 2.6
-0.69173 2.5
-0.69149 2.3
-0.69125 2.2
-0.691 2.1
-0.69076 1.9
-0.69051 1.7
-0.69027 1.6
-0.69003 1.4
-0.68978 1.2
-0.68954 1.0
-0.68929 0.8
-0.68905 0.6
-0.6888 0.4
-0.68856 0.2
-0.68832 0.0
-0.68807 -0.2
-0.68783 -0.4
-0.68758 -0.6
-0.68734 -0.8
-0.6871 -1.0
-0.68685 -1.2
-0.68661 -1.4
-0.68636 -1.6
-0.68612 -1.8
-0.68587 -1.9
-0.68563 -2.1
-0.68539 -2.2
-0.68514 -2.4
-0.6849 -2.5
-0.68465 -2.6
-0.68441 -2.7
-0.68417 -2.8
-0.68392 -2.9
-0.68368 -2.9
-0.68343 -3.0
-0.68319 -3.0
-0.68295 -3.0
-0.6827 -3.0
-0.68246 -3.0
-0.68221 -3.0
-0.68197 -3.0
-0.68172 -2.9
-0.68148 -2.8
-0.68124 -2.8
-0.68099 -2.7
-0.68075 -2.6
-0.6805 -2.5
-0.68026 -2.3
-0.68002 -2.2
-0.67977 -2.0
-0.67953 -1.9
-0.67928 -1.7
-0.67904 -1.5
-0.67879 -1.3
-0.67855 -1.2
-0.67831 -1.0
-0.67806 -0.8
-0.67782 -0.5
-0.67757 -0.3
-0.67733 -0.1
-0.67709 0.0
-0.67684 0.3
-0.6766 0.5
-0.67635 0.7
-0.67611 0.9
-0.67587 1.1
-0.67562 1.3
-0.67538 1.5
-0.67513 1.7
-0.67489 1.8
-0.67464 2.0
-0.6744 2.2
-0.67416 2.3
-0.67391 2.4
-0.67367 2.5
-0.67342 2.7
-0.67318 2.8
-0.67294 2.8
-0.67269 2.9
-0.67245 3.0
-0.6722 3.0
-0.67196 3.0
-0.67171 3.0
-0.67147 3.0
-0.67123 3.0
-0.67098 3.0
-0.67074 3.0
-0.67049 2.9
-0.67025 2.8
-0.67001 2.7
-0.66976 2.6
-0.66952 2.5
-0.66927 2.4
-0.66903 2.3
-0.66879 2.1
-0.66854 2.0
-0.6683 1.8
-0.66805 1.6
-0.66781 1.4
-0.66756 1.2
-0.66732 1.0
-0.66708 0.8
-0.66683 0.6
-0.66659 0.4
-0.66634 0.2
-0.6661 0.0
-0.66586 -0.2
-0.66561 -0.4
-0.66537 -0.6
-0.66512 -0.8
-0.66488 -1.0
-0.66463 -1.2
-0.66439 -1.4
-0.66415 -1.6
-0.6639 -1.8
-0.66366 -1.9
-0.66341 -2.1
-0.66317 -2.3
-0.66293 -2.4
-0.66268 -2.5
-0.66244 -2.6
-0.66219 -2.7
-0.66195 -2.8
-0.66171 -2.9
-0.66146 -3.0
-0.66122 -3.0
-0.66097 -3.0
-0.66073 -3.1
-0.66048 -3.1
-0.66024 -3.0
-0.66 -3.0
-0.65975 -3.0
-0.65951 -2.9
-0.65926 -2.9
-0.65902 -2.8
-0.65878 -2.7
-0.65853 -2.6
-0.65829 -2.4
-0.65804 -2.3
-0.6578 -2.2
-0.65755 -2.0
-0.65731 -1.8
-0.65707 -1.7
-0.65682 -1.5
-0.65658 -1.3
-0.65633 -1.1
-0.65609 -0.9
-0.65585 -0.7
-0.6556 -0.5
-0.65536 -0.3
-0.65511 0.0
-0.65487 0.2
-0.65462 0.4
-0.65438 0.6
-0.65414 0.8
-0.65389 1.0
-0.65365 1.2
-0.6534 1.4
-0.65316 1.6
-0.65292 1.8
-0.65267 1.9
-0.65243 2.1
-0.65218 2.3
-0.65194 2.4
-0.6517 2.5
-0.65145 2.6
-0.65121 2.7
-0.65096 2.8
-0.65072 2.9
-0.65047 3.0
-0.65023 3.0
-0.64999 3.1
-0.64974 3.1
-0.6495 3.1
-0.64925 3.1
-0.64901 3.0
-0.64877 3.0
-0.64852 2.9
-0.64828 2.9
-0.64803 2.8
-0.64779 2.7
-0.64754 2.6
-0.6473 2.4
-0.64706 2.3
-0.64681 2.2
-0.64657 2.0
-0.64632 1.8
-0.64608 1.6
-0.64584 1.5
-0.64559 1.3
-0.64535 1.1
-0.6451 0.9
-0.64486 0.7
-0.64462 0.4
-0.64437 0.2
-0.64413 0.0
-0.64388 -0.2
-0.64364 -0.4
-0.64339 -0.6
-0.64315 -0.8
-0.64291 -1.0
-0.64266 -1.2
-0.64242 -1.4
-0.64217 -1.6
-0.64193 -1.8
-0.64169 -2.0
-0.64144 -2.1
-0.6412 -2.3
-0.64095 -2.4
-0.64071 -2.6
-0.64046 -2.7
-0.64022 -2.8
-0.63998 -2.9
-0.63973 -2.9
-0.63949 -3.0
-0.63924 -3.0
-0.639 -3.1
-0.63876 -3.1
-0.63851 -3.1
-0.63827 -3.1
-0.63802 -3.0
-0.63778 -3.0
-0.63754 -2.9
-0.63729 -2.8
-0.63705 -2.8
-0.6368 -2.7
-0.63656 -2.5
-0.63631 -2.4
-0.63607 -2.3
-0.63583 -2.1
-0.63558 -1.9
-0.63534 -1.8
-0.63509 -1.6
-0.63485 -1.4
-0.63461 -1.2
-0.63436 -1.0
-0.63412 -0.8
-0.63387 -0.6
-0.63363 -0.4
-0.63338 -0.1
-0.63314 0.0
-0.6329 0.3
-0.63265 0.5
-0.63241 0.7
-0.63216 0.9
-0.63192 1.1
-0.63168 1.3
-0.63143 1.5
-0.63119 1.7
-0.63094 1.9
-0.6307 2.1
-0.63046 2.2
-0.63021 2.4
-0.62997 2.5
-0.62972 2.6
-0.62948 2.7
-0.62923 2.8
-0.62899 2.9
-0.62875 3.0
-0.6285 3.0
-0.62826 3.1
-0.62801 3.1
-0.62777 3.1
-0.62753 3.1
-0.62728 3.1
-0.62704 3.0
-0.62679 3.0
-0.62655 2.9
-0.6263 2.8
-0.62606 2.7
-0.62582 2.6
-0.62557 2.5
-0.62533 2.3
-0.62508 2.2
-0.62484 2.0
-0.6246 1.9
-0.62435 1.7
-0.62411 1.5
-0.62386 1.3
-0.62362 1.1
-0.62337 0.9
-0.62313 0.7
-0.62289 0.4
-0.62264 0.2
-0.6224 0.0
-0.62215 -0.2
-0.62191 -0.4
-0.62167 -0.7
-0.62142 -0.9
-0.62118 -1.1
-0.62093 -1.3
-0.62069 -1.5
-0.62045 -1.7
-0.6202 -1.9
-0.61996 -2.0
-0.61971 -2.2
-0.61947 -2.3
-0.61922 -2.5
-0.61898 -2.6
-0.61874 -2.7
-0.61849 -2.8
-0.61825 -2.9
-0.618 -3.0
-0.61776 -3.0
-0.61752 -3.1
-0.61727 -3.1
-0.61703 -3.1
-0.61678 -3.1
-0.61654 -3.1
-0.61629 -3.0
-0.61605 -3.0
-0.61581 -2.9
-0.61556 -2.8
-0.61532 -2.7
-0.61507 -2.6
-0.61483 -2.5
-0.61459 -2.4
-0.61434 -2.2
-0.6141 -2.1
-0.61385 -1.9
-0.61361 -1.7
-0.61337 -1.5
-0.61312 -1.3
-0.61288 -1.1
-0.61263 -0.9
-0.61239 -0.7
-0.61214 -0.5
-0.6119 -0.2
-0.61166 0.0
-0.61141 0.2
-0.61117 0.4
-0.61092 0.6
-0.61068 0.9
-0.61044 1.1
-0.61019 1.3
-0.60995 1.5
-0.6097 1.7
-0.60946 1.9
-0.60921 2.0
-0.60897 2.2
-0.60873 2.4
-0.60848 2.5
-0.60824 2.6
-0.60799 2.7
-0.60775 2.8
-0.60751 2.9
-0.60726 3.0
-0.60702 3.0
-0.60677 3.1
-0.60653 3.1
-0.60629 3.1
-0.60604 3.1
-0.6058 3.1
-0.60555 3.1
-0.60531 3.0
-0.60506 2.9
-0.60482 2.8
-0.60458 2.7
-0.60433 2.6
-0.60409 2.5
-0.60384 2.4
-0.6036 2.2
-0.60336 2.0
-0.60311 1.9
-0.60287 1.7
-0.60262 1.5
-0.60238 1.3
-0.60213 1.1
-0.60189 0.9
-0.60165 0.6
-0.6014 0.4
-0.60116 0.2
-0.60091 0.0
-0.60067 -0.3
-0.60043 -0.5
-0.60018 -0.7
-0.59994 -0.9
-0.59969 -1.1
-0.59945 -1.3
-0.59921 -1.5
-0.59896 -1.7
-0.59872 -1.9
-0.59847 -2.1
-0.59823 -2.2
-0.59798 -2.4
-0.59774 -2.5
-0.5975 -2.7
-0.59725 -2.8
-0.59701 -2.9
-0.59676 -3.0
-0.59652 -3.0
-0.59628 -3.1
-0.59603 -3.1
-0.59579 -3.1
-0.59554 -3.1
-0.5953 -3.1
-0.59505 -3.1
-0.59481 -3.0
-0.59457 -3.0
-0.59432 -2.9
-0.59408 -2.8
-0.59383 -2.7
-0.59359 -2.6
-0.59335 -2.4
-0.5931 -2.3
-0.59286 -2.1
-0.59261 -2.0
-0.59237 -1.8
-0.59212 -1.6
-0.59188 -1.4
-0.59164 -1.2
-0.59139 -1.0
-0.59115 -0.8
-0.5909 -0.5
-0.59066 -0.3
-0.59042 0.0
-0.59017 0.1
-0.58993 0.4
-0.58968 0.6
-0.58944 0.8
-0.5892 1.0
-0.58895 1.2
-0.58871 1.4
-0.58846 1.6
-0.58822 1.8
-0.58797 2.0
-0.58773 2.2
-0.58749 2.3
-0.58724 2.5
-0.587 2.6
-0.58675 2.7
-0.58651 2.8
-0.58627 2.9
-0.58602 3.0
-0.58578 3.1
-0.58553 3.1
-0.58529 3.1
-0.58504 3.1
-0.5848 3.1
-0.58456 3.1
-0.58431 3.1
-0.58407 3.0
-0.58382 2.9
-0.58358 2.9
-0.58334 2.8
-0.58309 2.6
-0.58285 2.5
-0.5826 2.4
-0.58236 2.2
-0.58212 2.0
-0.58187 1.9
-0.58163 1.7
-0.58138 1.5
-0.58114 1.3
-0.58089 1.0
-0.58065 0.8
-0.58041 0.6
-0.58016 0.4
-0.57992 0.1
-0.57967 0.0
-0.57943 -0.3
-0.57919 -0.5
-0.57894 -0.8
-0.5787 -1.0
-0.57845 -1.2
-0.57821 -1.4
-0.57796 -1.6
-0.57772 -1.8
-0.57748 -2.0
-0.57723 -2.2
-0.57699 -2.3
-0.57674 -2.5
-0.5765 -2.6
-0.57626 -2.7
-0.57601 -2.8
-0.57577 -2.9
-0.57552 -3.0
-0.57528 -3.1
-0.57504 -3.1
-0.57479 -3.1
-0.57455 -3.2
-0.5743 -3.2
-0.57406 -3.1
-0.57381 -3.1
-0.57357 -3.0
-0.57333 -3.0
-0.57308 -2.9
-0.57284 -2.8
-0.57259 -2.7
-0.57235 -2.5
-0.57211 -2.4
-0.57186 -2.2
-0.57162 -2.0
-0.57137 -1.9
-0.57113 -1.7
-0.57088 -1.5
-0.57064 -1.3
-0.5704 -1.0
-0.57015 -0.8
-0.56991 -0.6
-0.56966 -0.4
-0.56942 -0.1
-0.56918 0.0
-0.56893 0.3
-0.56869 0.6
-0.56844 0.8
-0.5682 1.0
-0.56796 1.2
-0.56771 1.4
-0.56747 1.6
-0.56722 1.8
-0.56698 2.0
-0.56673 2.2
-0.56649 2.4
-0.56625 2.5
-0.566 2.6
-0.56576 2.8
-0.56551 2.9
-0.56527 3.0
-0.56503 3.0
-0.56478 3.1
-0.56454 3.1
-0.56429 3.2
-0.56405 3.2
-0.5638 3.2
-0.56356 3.1
-0.56332 3.1
-0.56307 3.0
-0.56283 3.0
-0.56258 2.9
-0.56234 2.8
-0.5621 2.6
-0.56185 2.5
-0.56161 2.3
-0.56136 2.2
-0.56112 2.0
-0.56087 1.8
-0.56063 1.6
-0.56039 1.4
-0.56014 1.2
-0.5599 1.0
-0.55965 0.8
-0.55941 0.5
-0.55917 0.3
-0.55892 0.0
-0.55868 -0.2
-0.55843 -0.4
-0.55819 -0.6
-0.55795 -0.9
-0.5577 -1.1
-0.55746 -1.3
-0.55721 -1.5
-0.55697 -1.7
-0.55672 -1.9
-0.55648 -2.1
-0.55624 -2.3
-0.55599 -2.4
-0.55575 -2.6
-0.5555 -2.7
-0.55526 -2.8
-0.55502 -2.9
-0.55477 -3.0
-0.55453 -3.1
-0.55428 -3.1
-0.55404 -3.2
-0.55379 -3.2
-0.55355 -3.2
-0.55331 -3.2
-0.55306 -3.1
-0.55282 -3.1
-0.55257 -3.0
-0.55233 -2.9
-0.55209 -2.8
-0.55184 -2.7
-0.5516 -2.6
-0.55135 -2.4
-0.55111 -2.3
-0.55087 -2.1
-0.55062 -1.9
-0.55038 -1.7
-0.55013 -1.5
-0.54989 -1.3
-0.54964 -1.1
-0.5494 -0.9
-0.54916 -0.6
-0.54891 -0.4
-0.54867 -0.2
-0.54842 0.0
-0.54818 0.3
-0.54794 0.5
-0.54769 0.8
-0.54745 1.0
-0.5472 1.2
-0.54696 1.4
-0.54671 1.7
-0.54647 1.9
-0.54623 2.0
-0.54598 2.2
-0.54574 2.4
-0.54549 2.5
-0.54525 2.7
-0.54501 2.8
-0.54476 2.9
-0.54452 3.0
-0.54427 3.1
-0.54403 3.1
-0.54379 3.2
-0.54354 3.2
-0.5433 3.2
-0.54305 3.2
-0.54281 3.2
-0.54256 3.1
-0.54232 3.0
-0.54208 3.0
-0.54183 2.9
-0.54159 2.8
-0.54134 2.6
-0.5411 2.5
-0.54086 2.3
-0.54061 2.1
-0.54037 2.0
-0.54012 1.8
-0.53988 1.6
-0.53963 1.4
-0.53939 1.1
-0.53915 0.9
-0.5389 0.7
-0.53866 0.4
-0.53841 0.2
-0.53817 0.0
-0.53793 -0.3
-0.53768 -0.5
-0.53744 -0.8
-0.53719 -1.0
-0.53695 -1.2
-0.53671 -1.4
-0.53646 -1.6
-0.53622 -1.8
-0.53597 -2.0
-0.53573 -2.2
-0.53548 -2.4
-0.53524 -2.5
-0.535 -2.7
-0.53475 -2.8
-0.53451 -2.9
-0.53426 -3.0
-0.53402 -3.1
-0.53378 -3.1
-0.53353 -3.2
-0.53329 -3.2
-0.53304 -3.2
-0.5328 -3.2
-0.53255 -3.2
-0.53231 -3.1
-0.53207 -3.1
-0.53182 -3.0
-0.53158 -2.9
-0.53133 -2.8
-0.53109 -2.6
-0.53085 -2.5
-0.5306 -2.3
-0.53036 -2.1
-0.53011 -2.0
-0.52987 -1.8
-0.52962 -1.6
-0.52938 -1.3
-0.52914 -1.1
-0.52889 -0.9
-0.52865 -0.6
-0.5284 -0.4
-0.52816 -0.2
-0.52792 0.0
-0.52767 0.3
-0.52743 0.6
-0.52718 0.8
-0.52694 1.0
-0.5267 1.3
-0.52645 1.5
-0.52621 1.7
-0.52596 1.9
-0.52572 2.1
-0.52547 2.3
-0.52523 2.4
-0.52499 2.6
-0.52474 2.7
-0.5245 2.8
-0.52425 3.0
-0.52401 3.0
-0.52377 3.1
-0.52352 3.2
-0.52328 3.2
-0.52303 3.2
-0.52279 3.2
-0.52254 3.2
-0.5223 3.2
-0.52206 3.1
-0.52181 3.0
-0.52157 3.0
-0.52132 2.8
-0.52108 2.7
-0.52084 2.6
-0.52059 2.4
-0.52035 2.3
-0.5201 2.1
-0.51986 1.9
-0.51962 1.7
-0.51937 1.5
-0.51913 1.3
-0.51888 1.0
-0.51864 0.8
-0.51839 0.5
-0.51815 0.3
-0.51791 0.0
-0.51766 -0.2
-0.51742 -0.4
-0.51717 -0.7
-0.51693 -0.9
-0.51669 -1.1
-0.51644 -1.4
-0.5162 -1.6
-0.51595 -1.8
-0.51571 -2.0
-0.51546 -2.2
-0.51522 -2.4
-0.51498 -2.5
-0.51473 -2.7
-0.51449 -2.8
-0.51424 -2.9
-0.514 -3.0
-0.51376 -3.1
-0.51351 -3.2
-0.51327 -3.2
-0.51302 -3.2
-0.51278 -3.2
-0.51254 -3.2
-0.51229 -3.2
-0.51205 -3.2
-0.5118 -3.1
-0.51156 -3.0
-0.51131 -2.9
-0.51107 -2.8
-0.51083 -2.6
-0.51058 -2.5
-0.51034 -2.3
-0.51009 -2.2
-0.50985 -2.0
-0.50961 -1.8
-0.50936 -1.5
-0.50912 -1.3
-0.50887 -1.1
-0.50863 -0.9
-0.50838 -0.6
-0.50814 -0.4
-0.5079 -0.1
-0.50765 0.1
-0.50741 0.4
-0.50716 0.6
-0.50692 0.9
-0.50668 1.1
-0.50643 1.3
-0.50619 1.5
-0.50594 1.8
-0.5057 2.0
-0.50546 2.2
-0.50521 2.3
-0.50497 2.5
-0.50472 2.7
-0.50448 2.8
-0.50423 2.9
-0.50399 3.0
-0.50375 3.1
-0.5035 3.2
-0.50326 3.2
-0.50301 3.2
-0.50277 3.3
-0.50253 3.2
-0.50228 3.2
-0.50204 3.2
-0.50179 3.1
-0.50155 3.0
-0.5013 2.9
-0.50106 2.8
-0.50082 2.7
-0.50057 2.5
-0.50033 2.4
-0.50008 2.2
-0.49984 2.0
-0.4996 1.8
-0.49935 1.6
-0.49911 1.3
-0.49886 1.1
-0.49862 0.9
-0.49837 0.6
-0.49813 0.4
-0.49789 0.1
-0.49764 -0.1
-0.4974 -0.4
-0.49715 -0.6
-0.49691 -0.9
-0.49667 -1.1
-0.49642 -1.3
-0.49618 -1.6
-0.49593 -1.8
-0.49569 -2.0
-0.49545 -2.2
-0.4952 -2.4
-0.49496 -2.5
-0.49471 -2.7
-0.49447 -2.8
-0.49422 -2.9
-0.49398 -3.0
-0.49374 -3.1
-0.49349 -3.2
-0.49325 -3.2
-0.493 -3.3
-0.49276 -3.3
-0.49252 -3.3
-0.49227 -3.2
-0.49203 -3.2
-0.49178 -3.1
-0.49154 -3.0
-0.49129 -2.9
-0.49105 -2.8
-0.49081 -2.7
-0.49056 -2.5
-0.49032 -2.3
-0.49007 -2.1
-0.48983 -1.9
-0.48959 -1.7
-0.48934 -1.5
-0.4891 -1.3
-0.48885 -1.0
-0.48861 -0.8
-0.48837 -0.6
-0.48812 -0.3
-0.48788 0.0
-0.48763 0.2
-0.48739 0.5
-0.48714 0.7
-0.4869 1.0
-0.48666 1.2
-0.48641 1.4
-0.48617 1.6
-0.48592 1.9
-0.48568 2.1
-0.48544 2.3
-0.48519 2.4
-0.48495 2.6
-0.4847 2.8
-0.48446 2.9
-0.48421 3.0
-0.48397 3.1
-0.48373 3.2
-0.48348 3.2
-0.48324 3.3
-0.48299 3.3
-0.48275 3.3
-0.48251 3.3
-0.48226 3.2
-0.48202 3.2
-0.48177 3.1
-0.48153 3.0
-0.48129 2.9
-0.48104 2.7
-0.4808 2.6
-0.48055 2.4
-0.48031 2.2
-0.48006 2.1
-0.47982 1.8
-0.47958 1.6
-0.47933 1.4
-0.47909 1.2
-0.47884 0.9
-0.4786 0.7
-0.47836 0.4
-0.47811 0.2
-0.47787 0.0
-0.47762 -0.4
-0.47738 -0.6
-0.47713 -0.9
-0.47689 -1.1
-0.47665 -1.3
-0.4764 -1.6
-0.47616 -1.8
-0.47591 -2.0
-0.47567 -2.2
-0.47543 -2.4
-0.47518 -2.6
-0.47494 -2.7
-0.47469 -2.9
-0.47445 -3.0
-0.47421 -3.1
-0.47396 -3.2
-0.47372 -3.2
-0.47347 -3.3
-0.47323 -3.3
-0.47298 -3.3
-0.47274 -3.3
-0.4725 -3.3
-0.47225 -3.2
-0.47201 -3.1
-0.47176 -3.0
-0.47152 -2.9
-0.47128 -2.8
-0.47103 -2.6
-0.47079 -2.5
-0.47054 -2.3
-0.4703 -2.1
-0.47005 -1.9
-0.46981 -1.7
-0.46957 -1.4
-0.46932 -1.2
-0.46908 -1.0
-0.46883 -0.7
-0.46859 -0.5
-0.46835 -0.2
-0.4681 0.0
-0.46786 0.3
-0.46761 0.6
-0.46737 0.8
-0.46712 1.1
-0.46688 1.3
-0.46664 1.6
-0.46639 1.8
-0.46615 2.0
-0.4659 2.2
-0.46566 2.4
-0.46542 2.6
-0.46517 2.7
-0.46493 2.9
-0.46468 3.0
-0.46444 3.1
-0.4642 3.2
-0.46395 3.2
-0.46371 3.3
-0.46346 3.3
-0.46322 3.3
-0.46297 3.3
-0.46273 3.3
-0.46249 3.2
-0.46224 3.1
-0.462 3.0
-0.46175 2.9
-0.46151 2.8
-0.46127 2.6
-0.46102 2.5
-0.46078 2.3
-0.46053 2.1
-0.46029 1.9
-0.46004 1.7
-0.4598 1.4
-0.45956 1.2
-0.45931 0.9
-0.45907 0.7
-0.45882 0.4
-0.45858 0.2
-0.45834 -0.1
-0.45809 -0.4
-0.45785 -0.6
-0.4576 -0.9
-0.45736 -1.1
-0.45712 -1.4
-0.45687 -1.6
-0.45663 -1.8
-0.45638 -2.1
-0.45614 -2.3
-0.45589 -2.5
-0.45565 -2.6
-0.45541 -2.8
-0.45516 -2.9
-0.45492 -3.0
-0.45467 -3.1
-0.45443 -3.2
-0.45419 -3.3
-0.45394 -3.3
-0.4537 -3.3
-0.45345 -3.3
-0.45321 -3.3
-0.45296 -3.3
-0.45272 -3.2
-0.45248 -3.1
-0.45223 -3.0
-0.45199 -2.9
-0.45174 -2.7
-0.4515 -2.6
-0.45126 -2.4
-0.45101 -2.2
-0.45077 -2.0
-0.45052 -1.8
-0.45028 -1.6
-0.45004 -1.3
-0.44979 -1.1
-0.44955 -0.8
-0.4493 -0.6
-0.44906 -0.3
-0.44881 0.0
-0.44857 0.2
-0.44833 0.5
-0.44808 0.8
-0.44784 1.0
-0.44759 1.3
-0.44735 1.5
-0.44711 1.7
-0.44686 2.0
-0.44662 2.2
-0.44637 2.4
-0.44613 2.6
-0.44588 2.7
-0.44564 2.9
-0.4454 3.0
-0.44515 3.1
-0.44491 3.2
-0.44466 3.3
-0.44442 3.3
-0.44418 3.3
-0.44393 3.4
-0.44369 3.3
-0.44344 3.3
-0.4432 3.2
-0.44296 3.2
-0.44271 3.1
-0.44247 2.9
-0.44222 2.8
-0.44198 2.7
-0.44173 2.5
-0.44149 2.3
-0.44125 2.1
-0.441 1.9
-0.44076 1.6
-0.44051 1.4
-0.44027 1.1
-0.44003 0.9
-0.43978 0.6
-0.43954 0.4
-0.43929 0.0
-0.43905 -0.2
-0.4388 -0.4
-0.43856 -0.7
-0.43832 -1.0
-0.43807 -1.2
-0.43783 -1.5
-0.43758 -1.7
-0.43734 -1.9
-0.4371 -2.2
-0.43685 -2.4
-0.43661 -2.5
-0.43636 -2.7
-0.43612 -2.9
-0.43587 -3.0
-0.43563 -3.1
-0.43539 -3.2
-0.43514 -3.3
-0.4349 -3.3
-0.43465 -3.4
-0.43441 -3.4
-0.43417 -3.4
-0.43392 -3.3
-0.43368 -3.3
-0.43343 -3.2
-0.43319 -3.1
-0.43295 -3.0
-0.4327 -2.8
-0.43246 -2.7
-0.43221 -2.5
-0.43197 -2.3
-0.43172 -2.1
-0.43148 -1.9
-0.43124 -1.6
-0.43099 -1.4
-0.43075 -1.1
-0.4305 -0.9
-0.43026 -0.6
-0.43002 -0.4
-0.42977 0.0
-0.42953 0.2
-0.42928 0.5
-0.42904 0.7
-0.42879 1.0
-0.42855 1.3
-0.42831 1.5
-0.42806 1.7
-0.42782 2.0
-0.42757 2.2
-0.42733 2.4
-0.42709 2.6
-0.42684 2.8
-0.4266 2.9
-0.42635 3.0
-0.42611 3.1
-0.42587 3.2
-0.42562 3.3
-0.42538 3.4
-0.42513 3.4
-0.42489 3.4
-0.42464 3.4
-0.4244 3.3
-0.42416 3.3
-0.42391 3.2
-0.42367 3.1
-0.42342 2.9
-0.42318 2.8
-0.42294 2.6
-0.42269 2.5
-0.42245 2.3
-0.4222 2.0
-0.42196 1.8
-0.42171 1.6
-0.42147 1.3
-0.42123 1.1
-0.42098 0.8
-0.42074 0.5
-0.42049 0.3
-0.42025 0.0
-0.42001 -0.3
-0.41976 -0.6
-0.41952 -0.8
-0.41927 -1.1
-0.41903 -1.4
-0.41879 -1.6
-0.41854 -1.9
-0.4183 -2.1
-0.41805 -2.3
-0.41781 -2.5
-0.41756 -2.7
-0.41732 -2.8
-0.41708 -3.0
-0.41683 -3.1
-0.41659 -3.2
-0.41634 -3.3
-0.4161 -3.4
-0.41586 -3.4
-0.41561 -3.4
-0.41537 -3.4
-0.41512 -3.4
-0.41488 -3.3
-0.41463 -3.2
-0.41439 -3.1
-0.41415 -3.0
-0.4139 -2.9
-0.41366 -2.7
-0.41341 -2.5
-0.41317 -2.4
-0.41293 -2.1
-0.41268 -1.9
-0.41244 -1.7
-0.41219 -1.4
-0.41195 -1.2
-0.41171 -0.9
-0.41146 -0.6
-0.41122 -0.4
-0.41097 0.0
-0.41073 0.2
-0.41048 0.5
-0.41024 0.8
-0.41 1.0
-0.40975 1.3
-0.40951 1.6
-0.40926 1.8
-0.40902 2.0
-0.40878 2.3
-0.40853 2.5
-0.40829 2.6
-0.40804 2.8
-0.4078 3.0
-0.40755 3.1
-0.40731 3.2
-0.40707 3.3
-0.40682 3.4
-0.40658 3.4
-0.40633 3.4
-0.40609 3.4
-0.40585 3.4
-0.4056 3.3
-0.40536 3.3
-0.40511 3.2
-0.40487 3.1
-0.40462 2.9
-0.40438 2.8
-0.40414 2.6
-0.40389 2.4
-0.40365 2.2
-0.4034 1.9
-0.40316 1.7
-0.40292 1.5
-0.40267 1.2
-0.40243 0.9
-0.40218 0.7
-0.40194 0.4
-0.4017 0.0
-0.40145 -0.2
-0.40121 -0.5
-0.40096 -0.8
-0.40072 -1.0
-0.40047 -1.3
-0.40023 -1.6
-0.39999 -1.8
-0.39974 -2.0
-0.3995 -2.3
-0.39925 -2.5
-0.39901 -2.7
-0.39877 -2.8
-0.39852 -3.0
-0.39828 -3.1
-0.39803 -3.2
-0.39779 -3.3
-0.39754 -3.4
-0.3973 -3.4
-0.39706 -3.4
-0.39681 -3.4
-0.39657 -3.4
-0.39632 -3.3
-0.39608 -3.3
-0.39584 -3.2
-0.39559 -3.0
-0.39535 -2.9
-0.3951 -2.7
-0.39486 -2.6
-0.39462 -2.4
-0.39437 -2.1
-0.39413 -1.9
-0.39388 -1.7
-0.39364 -1.4
-0.39339 -1.1
-0.39315 -0.9
-0.39291 -0.6
-0.39266 -0.3
-0.39242 0.0
-0.39217 0.3
-0.39193 0.6
-0.39169 0.8
-0.39144 1.1
-0.3912 1.4
-0.39095 1.7
-0.39071 1.9
-0.39046 2.1
-0.39022 2.4
-0.38998 2.6
-0.38973 2.7
-0.38949 2.9
-0.38924 3.1
-0.389 3.2
-0.38876 3.3
-0.38851 3.4
-0.38827 3.4
-0.38802 3.4
-0.38778 3.5
-0.38754 3.4
-0.38729 3.4
-0.38705 3.3
-0.3868 3.2
-0.38656 3.1
-0.38631 3.0
-0.38607 2.8
-0.38583 2.7
-0.38558 2.5
-0.38534 2.3
-0.38509 2.0
-0.38485 1.8
-0.38461 1.5
-0.38436 1.3
-0.38412 1.0
-0.38387 0.7
-0.38363 0.4
-0.38338 0.1
-0.38314 -0.2
-0.3829 -0.5
-0.38265 -0.7
-0.38241 -1.0
-0.38216 -1.3
-0.38192 -1.6
-0.38168 -1.8
-0.38143 -2.1
-0.38119 -2.3
-0.38094 -2.5
-0.3807 -2.7
-0.38046 -2.9
-0.38021 -3.0
-0.37997 -3.2
-0.37972 -3.3
-0.37948 -3.4
-0.37923 -3.4
-0.37899 -3.5
-0.37875 -3.5
-0.3785 -3.5
-0.37826 -3.4
-0.37801 -3.4
-0.37777 -3.3
-0.37753 -3.2
-0.37728 -3.0
-0.37704 -2.9
-0.37679 -2.7
-0.37655 -2.5
-0.3763 -2.3
-0.37606 -2.1
-0.37582 -1.8
-0.37557 -1.6
-0.37533 -1.3
-0.37508 -1.0
-0.37484 -0.8
-0.3746 -0.5
-0.37435 -0.2
-0.37411 0.1
-0.37386 0.4
-0.37362 0.7
-0.37337 1.0
-0.37313 1.3
-0.37289 1.6
-0.37264 1.8
-0.3724 2.1
-0.37215 2.3
-0.37191 2.5
-0.37167 2.7
-0.37142 2.9
-0.37118 3.0
-0.37093 3.2
-0.37069 3.3
-0.37045 3.4
-0.3702 3.4
-0.36996 3.5
-0.36971 3.5
-0.36947 3.5
-0.36922 3.4
-0.36898 3.4
-0.36874 3.3
-0.36849 3.2
-0.36825 3.0
-0.368 2.9
-0.36776 2.7
-0.36752 2.5
-0.36727 2.3
-0.36703 2.1
-0.36678 1.8
-0.36654 1.6
-0.36629 1.3
-0.36605 1.0
-0.36581 0.7
-0.36556 0.4
-0.36532 0.1
-0.36507 -0.2
-0.36483 -0.5
-0.36459 -0.8
-0.36434 -1.1
-0.3641 -1.4
-0.36385 -1.6
-0.36361 -1.9
-0.36337 -2.1
-0.36312 -2.4
-0.36288 -2.6
-0.36263 -2.8
-0.36239 -3.0
-0.36214 -3.1
-0.3619 -3.2
-0.36166 -3.3
-0.36141 -3.4
-0.36117 -3.5
-0.36092 -3.5
-0.36068 -3.5
-0.36044 -3.5
-0.36019 -3.4
-0.35995 -3.4
-0.3597 -3.3
-0.35946 -3.2
-0.35921 -3.0
-0.35897 -2.8
-0.35873 -2.6
-0.35848 -2.4
-0.35824 -2.2
-0.35799 -2.0
-0.35775 -1.7
-0.35751 -1.4
-0.35726 -1.2
-0.35702 -0.9
-0.35677 -0.6
-0.35653 -0.3
-0.35629 0.0
-0.35604 0.3
-0.3558 0.6
-0.35555 0.9
-0.35531 1.2
-0.35506 1.5
-0.35482 1.8
-0.35458 2.0
-0.35433 2.3
-0.35409 2.5
-0.35384 2.7
-0.3536 2.9
-0.35336 3.1
-0.35311 3.2
-0.35287 3.3
-0.35262 3.4
-0.35238 3.5
-0.35213 3.5
-0.35189 3.5
-0.35165 3.5
-0.3514 3.5
-0.35116 3.4
-0.35091 3.3
-0.35067 3.2
-0.35043 3.1
-0.35018 2.9
-0.34994 2.7
-0.34969 2.5
-0.34945 2.3
-0.34921 2.0
-0.34896 1.8
-0.34872 1.5
-0.34847 1.2
-0.34823 0.9
-0.34798 0.6
-0.34774 0.3
-0.3475 0.0
-0.34725 -0.3
-0.34701 -0.6
-0.34676 -0.9
-0.34652 -1.2
-0.34628 -1.5
-0.34603 -1.8
-0.34579 -2.0
-0.34554 -2.3
-0.3453 -2.5
-0.34505 -2.7
-0.34481 -2.9
-0.34457 -3.1
-0.34432 -3.2
-0.34408 -3.3
-0.34383 -3.4
-0.34359 -3.5
-0.34335 -3.5
-0.3431 -3.6
-0.34286 -3.5
-0.34261 -3.5
-0.34237 -3.4
-0.34212 -3.3
-0.34188 -3.2
-0.34164 -3.1
-0.34139 -2.9
-0.34115 -2.7
-0.3409 -2.5
-0.34066 -2.3
-0.34042 -2.0
-0.34017 -1.8
-0.33993 -1.5
-0.33968 -1.2
-0.33944 -0.9
-0.3392 -0.6
-0.33895 -0.3
-0.33871 0.0
-0.33846 0.3
-0.33822 0.7
-0.33797 1.0
-0.33773 1.3
-0.33749 1.6
-0.33724 1.8
-0.337 2.1
-0.33675 2.3
-0.33651 2.6
-0.33627 2.8
-0.33602 3.0
-0.33578 3.1
-0.33553 3.3
-0.33529 3.4
-0.33504 3.5
-0.3348 3.5
-0.33456 3.6
-0.33431 3.6
-0.33407 3.6
-0.33382 3.5
-0.33358 3.4
-0.33334 3.3
-0.33309 3.2
-0.33285 3.0
-0.3326 2.9
-0.33236 2.7
-0.33212 2.4
-0.33187 2.2
-0.33163 1.9
-0.33138 1.7
-0.33114 1.4
-0.33089 1.1
-0.33065 0.8
-0.33041 0.5
-0.33016 0.1
-0.32992 -0.2
-0.32967 -0.5
-0.32943 -0.8
-0.32919 -1.1
-0.32894 -1.4
-0.3287 -1.7
-0.32845 -2.0
-0.32821 -2.2
-0.32796 -2.5
-0.32772 -2.7
-0.32748 -2.9
-0.32723 -3.1
-0.32699 -3.2
-0.32674 -3.4
-0.3265 -3.5
-0.32626 -3.5
-0.32601 -3.6
-0.32577 -3.6
-0.32552 -3.6
-0.32528 -3.5
-0.32504 -3.5
-0.32479 -3.4
-0.32455 -3.3
-0.3243 -3.1
-0.32406 -2.9
-0.32381 -2.7
-0.32357 -2.5
-0.32333 -2.3
-0.32308 -2.0
-0.32284 -1.7
-0.32259 -1.5
-0.32235 -1.2
-0.32211 -0.8
-0.32186 -0.5
-0.32162 -0.2
-0.32137 0.1
-0.32113 0.4
-0.32088 0.8
-0.32064 1.1
-0.3204 1.4
-0.32015 1.7
-0.31991 2.0
-0.31966 2.2
-0.31942 2.5
-0.31918 2.7
-0.31893 2.9
-0.31869 3.1
-0.31844 3.2
-0.3182 3.4
-0.31796 3.5
-0.31771 3.6
-0.31747 3.6
-0.31722 3.6
-0.31698 3.6
-0.31673 3.6
-0.31649 3.5
-0.31625 3.4
-0.316 3.3
-0.31576 3.1
-0.31551 2.9
-0.31527 2.7
-0.31503 2.5
-0.31478 2.3
-0.31454 2.0
-0.31429 1.7
-0.31405 1.4
-0.3138 1.1
-0.31356 0.8
-0.31332 0.5
-0.31307 0.2
-0.31283 -0.2
-0.31258 -0.5
-0.31234 -0.8
-0.3121 -1.1
-0.31185 -1.4
-0.31161 -1.7
-0.31136 -2.0
-0.31112 -2.3
-0.31087 -2.5
-0.31063 -2.8
-0.31039 -3.0
-0.31014 -3.1
-0.3099 -3.3
-0.30965 -3.4
-0.30941 -3.5
-0.30917 -3.6
-0.30892 -3.6
-0.30868 -3.6
-0.30843 -3.6
-0.30819 -3.6
-0.30795 -3.5
-0.3077 -3.4
-0.30746 -3.2
-0.30721 -3.1
-0.30697 -2.9
-0.30672 -2.7
-0.30648 -2.5
-0.30624 -2.2
-0.30599 -1.9
-0.30575 -1.6
-0.3055 -1.3
-0.30526 -1.0
-0.30502 -0.7
-0.30477 -0.4
-0.30453 0.0
-0.30428 0.3
-0.30404 0.6
-0.30379 1.0
-0.30355 1.3
-0.30331 1.6
-0.30306 1.9
-0.30282 2.2
-0.30257 2.4
-0.30233 2.7
-0.30209 2.9
-0.30184 3.1
-0.3016 3.2
-0.30135 3.4
-0.30111 3.5
-0.30087 3.6
-0.30062 3.6
-0.30038 3.7
-0.30013 3.7
-0.29989 3.6
-0.29964 3.5
-0.2994 3.4
-0.29916 3.3
-0.29891 3.2
-0.29867 3.0
-0.29842 2.8
-0.29818 2.5
-0.29794 2.3
-0.29769 2.0
-0.29745 1.7
-0.2972 1.4
-0.29696 1.1
-0.29671 0.8
-0.29647 0.4
-0.29623 0.1
-0.29598 -0.2
-0.29574 -0.6
-0.29549 -0.9
-0.29525 -1.2
-0.29501 -1.5
-0.29476 -1.8
-0.29452 -2.1
-0.29427 -2.4
-0.29403 -2.6
-0.29379 -2.9
-0.29354 -3.1
-0.2933 -3.2
-0.29305 -3.4
-0.29281 -3.5
-0.29256 -3.6
-0.29232 -3.7
-0.29208 -3.7
-0.29183 -3.7
-0.29159 -3.6
-0.29134 -3.6
-0.2911 -3.5
-0.29086 -3.3
-0.29061 -3.2
-0.29037 -3.0
-0.29012 -2.8
-0.28988 -2.6
-0.28963 -2.3
-0.28939 -2.0
-0.28915 -1.7
-0.2889 -1.4
-0.28866 -1.1
-0.28841 -0.8
-0.28817 -0.4
-0.28793 0.0
-0.28768 0.3
-0.28744 0.6
-0.28719 1.0
-0.28695 1.3
-0.28671 1.6
-0.28646 1.9
-0.28622 2.2
-0.28597 2.5
-0.28573 2.7
-0.28548 2.9
-0.28524 3.1
-0.285 3.3
-0.28475 3.4
-0.28451 3.6
-0.28426 3.6
-0.28402 3.7
-0.28378 3.7
-0.28353 3.7
-0.28329 3.6
-0.28304 3.6
-0.2828 3.5
-0.28255 3.3
-0.28231 3.1
-0.28207 3.0
-0.28182 2.7
-0.28158 2.5
-0.28133 2.2
-0.28109 1.9
-0.28085 1.6
-0.2806 1.3
-0.28036 1.0
-0.28011 0.6
-0.27987 0.3
-0.27962 0.0
-0.27938 -0.4
-0.27914 -0.8
-0.27889 -1.1
-0.27865 -1.4
-0.2784 -1.8
-0.27816 -2.1
-0.27792 -2.3
-0.27767 -2.6
-0.27743 -2.8
-0.27718 -3.1
-0.27694 -3.3
-0.2767 -3.4
-0.27645 -3.5
-0.27621 -3.6
-0.27596 -3.7
-0.27572 -3.7
-0.27547 -3.7
-0.27523 -3.7
-0.27499 -3.6
-0.27474 -3.5
-0.2745 -3.4
-0.27425 -3.2
-0.27401 -3.0
-0.27377 -2.8
-0.27352 -2.6
-0.27328 -2.3
-0.27303 -2.0
-0.27279 -1.7
-0.27254 -1.4
-0.2723 -1.1
-0.27206 -0.7
-0.27181 -0.4
-0.27157 0.0
-0.27132 0.4
-0.27108 0.7
-0.27084 1.1
-0.27059 1.4
-0.27035 1.7
-0.2701 2.0
-0.26986 2.3
-0.26962 2.6
-0.26937 2.8
-0.26913 3.1
-0.26888 3.3
-0.26864 3.4
-0.26839 3.6
-0.26815 3.7
-0.26791 3.7
-0.26766 3.8
-0.26742 3.8
-0.26717 3.7
-0.26693 3.7
-0.26669 3.6
-0.26644 3.4
-0.2662 3.3
-0.26595 3.1
-0.26571 2.8
-0.26546 2.6
-0.26522 2.3
-0.26498 2.0
-0.26473 1.7
-0.26449 1.4
-0.26424 1.0
-0.264 0.7
-0.26376 0.3
-0.26351 0.0
-0.26327 -0.4
-0.26302 -0.8
-0.26278 -1.1
-0.26254 -1.5
-0.26229 -1.8
-0.26205 -2.1
-0.2618 -2.4
-0.26156 -2.7
-0.26131 -2.9
-0.26107 -3.1
-0.26083 -3.3
-0.26058 -3.5
-0.26034 -3.6
-0.26009 -3.7
-0.25985 -3.8
-0.25961 -3.8
-0.25936 -3.8
-0.25912 -3.7
-0.25887 -3.7
-0.25863 -3.5
-0.25838 -3.4
-0.25814 -3.2
-0.2579 -3.0
-0.25765 -2.8
-0.25741 -2.5
-0.25716 -2.2
-0.25692 -1.9
-0.25668 -1.6
-0.25643 -1.2
-0.25619 -0.9
-0.25594 -0.5
-0.2557 -0.2
-0.25546 0.2
-0.25521 0.6
-0.25497 0.9
-0.25472 1.3
-0.25448 1.6
-0.25423 2.0
-0.25399 2.3
-0.25375 2.6
-0.2535 2.8
-0.25326 3.1
-0.25301 3.3
-0.25277 3.4
-0.25253 3.6
-0.25228 3.7
-0.25204 3.8
-0.25179 3.8
-0.25155 3.8
-0.2513 3.8
-0.25106 3.7
-0.25082 3.6
-0.25057 3.5
-0.25033 3.3
-0.25008 3.1
-0.24984 2.9
-0.2496 2.6
-0.24935 2.3
-0.24911 2.0
-0.24886 1.7
-0.24862 1.3
-0.24837 1.0
-0.24813 0.6
-0.24789 0.2
-0.24764 -0.1
-0.2474 -0.5
-0.24715 -0.9
-0.24691 -1.2
-0.24667 -1.6
-0.24642 -1.9
-0.24618 -2.2
-0.24593 -2.5
-0.24569 -2.8
-0.24545 -3.1
-0.2452 -3.3
-0.24496 -3.5
-0.24471 -3.6
-0.24447 -3.7
-0.24422 -3.8
-0.24398 -3.8
-0.24374 -3.8
-0.24349 -3.8
-0.24325 -3.7
-0.243 -3.6
-0.24276 -3.5
-0.24252 -3.3
-0.24227 -3.1
-0.24203 -2.9
-0.24178 -2.6
-0.24154 -2.3
-0.24129 -2.0
-0.24105 -1.7
-0.24081 -1.3
-0.24056 -0.9
-0.24032 -0.6
-0.24007 -0.2
-0.23983 0.2
-0.23959 0.6
-0.23934 1.0
-0.2391 1.3
-0.23885 1.7
-0.23861 2.0
-0.23837 2.3
-0.23812 2.6
-0.23788 2.9
-0.23763 3.1
-0.23739 3.3
-0.23714 3.5
-0.2369 3.7
-0.23666 3.8
-0.23641 3.8
-0.23617 3.9
-0.23592 3.9
-0.23568 3.8
-0.23544 3.7
-0.23519 3.6
-0.23495 3.4
-0.2347 3.3
-0.23446 3.0
-0.23421 2.8
-0.23397 2.5
-0.23373 2.2
-0.23348 1.9
-0.23324 1.5
-0.23299 1.1
-0.23275 0.8
-0.23251 0.4
-0.23226 0.0
-0.23202 -0.4
-0.23177 -0.8
-0.23153 -1.2
-0.23129 -1.5
-0.23104 -1.9
-0.2308 -2.2
-0.23055 -2.5
-0.23031 -2.8
-0.23006 -3.1
-0.22982 -3.3
-0.22958 -3.5
-0.22933 -3.6
-0.22909 -3.8
-0.22884 -3.8
-0.2286 -3.9
-0.22836 -3.9
-0.22811 -3.9
-0.22787 -3.8
-0.22762 -3.7
-0.22738 -3.5
-0.22713 -3.3
-0.22689 -3.1
-0.22665 -2.9
-0.2264 -2.6
-0.22616 -2.3
-0.22591 -1.9
-0.22567 -1.6
-0.22543 -1.2
-0.22518 -0.8
-0.22494 -0.4
-0.22469 0.0
-0.22445 0.4
-0.22421 0.7
-0.22396 1.1
-0.22372 1.5
-0.22347 1.9
-0.22323 2.2
-0.22298 2.5
-0.22274 2.8
-0.2225 3.1
-0.22225 3.3
-0.22201 3.5
-0.22176 3.7
-0.22152 3.8
-0.22128 3.9
-0.22103 3.9
-0.22079 3.9
-0.22054 3.9
-0.2203 3.8
-0.22005 3.7
-0.21981 3.5
-0.21957 3.3
-0.21932 3.1
-0.21908 2.8
-0.21883 2.6
-0.21859 2.2
-0.21835 1.9
-0.2181 1.5
-0.21786 1.1
-0.21761 0.8
-0.21737 0.4
-0.21712 0.0
-0.21688 -0.5
-0.21664 -0.9
-0.21639 -1.2
-0.21615 -1.6
-0.2159 -2.0
-0.21566 -2.3
-0.21542 -2.6
-0.21517 -2.9
-0.21493 -3.2
-0.21468 -3.4
-0.21444 -3.6
-0.2142 -3.7
-0.21395 -3.9
-0.21371 -3.9
-0.21346 -4.0
-0.21322 -3.9
-0.21297 -3.9
-0.21273 -3.8
-0.21249 -3.6
-0.21224 -3.5
-0.212 -3.3
-0.21175 -3.0
-0.21151 -2.7
-0.21127 -2.4
-0.21102 -2.1
-0.21078 -1.7
-0.21053 -1.3
-0.21029 -0.9
-0.21004 -0.5
-0.2098 -0.1
-0.20956 0.3
-0.20931 0.7
-0.20907 1.1
-0.20882 1.5
-0.20858 1.9
-0.20834 2.2
-0.20809 2.6
-0.20785 2.9
-0.2076 3.1
-0.20736 3.4
-0.20712 3.6
-0.20687 3.7
-0.20663 3.9
-0.20638 3.9
-0.20614 4.0
-0.20589 4.0
-0.20565 3.9
-0.20541 3.8
-0.20516 3.7
-0.20492 3.5
-0.20467 3.3
-0.20443 3.1
-0.20419 2.8
-0.20394 2.5
-0.2037 2.1
-0.20345 1.8
-0.20321 1.4
-0.20296 1.0
-0.20272 0.6
-0.20248 0.1
-0.20223 -0.3
-0.20199 -0.7
-0.20174 -1.1
-0.2015 -1.5
-0.20126 -1.9
-0.20101 -2.2
-0.20077 -2.6
-0.20052 -2.9
-0.20028 -3.2
-0.20004 -3.4
-0.19979 -3.6
-0.19955 -3.8
-0.1993 -3.9
-0.19906 -4.0
-0.19881 -4.0
-0.19857 -4.0
-0.19833 -4.0
-0.19808 -3.9
-0.19784 -3.7
-0.19759 -3.5
-0.19735 -3.3
-0.19711 -3.0
-0.19686 -2.7
-0.19662 -2.4
-0.19637 -2.1
-0.19613 -1.7
-0.19588 -1.3
-0.19564 -0.9
-0.1954 -0.4
-0.19515 0.0
-0.19491 0.4
-0.19466 0.8
-0.19442 1.3
-0.19418 1.7
-0.19393 2.0
-0.19369 2.4
-0.19344 2.7
-0.1932 3.0
-0.19296 3.3
-0.19271 3.5
-0.19247 3.7
-0.19222 3.9
-0.19198 4.0
-0.19173 4.0
-0.19149 4.1
-0.19125 4.0
-0.191 3.9
-0.19076 3.8
-0.19051 3.6
-0.19027 3.4
-0.19003 3.2
-0.18978 2.9
-0.18954 2.6
-0.18929 2.2
-0.18905 1.8
-0.1888 1.4
-0.18856 1.0
-0.18832 0.6
-0.18807 0.2
-0.18783 -0.3
-0.18758 -0.7
-0.18734 -1.2
-0.1871 -1.6
-0.18685 -2.0
-0.18661 -2.3
-0.18636 -2.7
-0.18612 -3.0
-0.18587 -3.3
-0.18563 -3.5
-0.18539 -3.7
-0.18514 -3.9
-0.1849 -4.0
-0.18465 -4.1
-0.18441 -4.1
-0.18417 -4.1
-0.18392 -4.0
-0.18368 -3.9
-0.18343 -3.7
-0.18319 -3.5
-0.18295 -3.2
-0.1827 -2.9
-0.18246 -2.6
-0.18221 -2.2
-0.18197 -1.8
-0.18172 -1.4
-0.18148 -1.0
-0.18124 -0.6
-0.18099 -0.1
-0.18075 0.3
-0.1805 0.8
-0.18026 1.2
-0.18002 1.6
-0.17977 2.0
-0.17953 2.4
-0.17928 2.8
-0.17904 3.1
-0.17879 3.4
-0.17855 3.6
-0.17831 3.8
-0.17806 4.0
-0.17782 4.1
-0.17757 4.1
-0.17733 4.1
-0.17709 4.1
-0.17684 4.0
-0.1766 3.8
-0.17635 3.7
-0.17611 3.4
-0.17587 3.1
-0.17562 2.8
-0.17538 2.5
-0.17513 2.1
-0.17489 1.7
-0.17464 1.3
-0.1744 0.8
-0.17416 0.4
-0.17391 0.0
-0.17367 -0.5
-0.17342 -1.0
-0.17318 -1.4
-0.17294 -1.9
-0.17269 -2.3
-0.17245 -2.6
-0.1722 -3.0
-0.17196 -3.3
-0.17171 -3.5
-0.17147 -3.8
-0.17123 -3.9
-0.17098 -4.1
-0.17074 -4.1
-0.17049 -4.2
-0.17025 -4.1
-0.17001 -4.1
-0.16976 -3.9
-0.16952 -3.7
-0.16927 -3.5
-0.16903 -3.3
-0.16879 -2.9
-0.16854 -2.6
-0.1683 -2.2
-0.16805 -1.8
-0.16781 -1.4
-0.16756 -0.9
-0.16732 -0.5
-0.16708 0.0
-0.16683 0.5
-0.16659 0.9
-0.16634 1.4
-0.1661 1.8
-0.16586 2.2
-0.16561 2.6
-0.16537 3.0
-0.16512 3.3
-0.16488 3.6
-0.16463 3.8
-0.16439 4.0
-0.16415 4.1
-0.1639 4.2
-0.16366 4.2
-0.16341 4.2
-0.16317 4.1
-0.16293 4.0
-0.16268 3.8
-0.16244 3.5
-0.16219 3.2
-0.16195 2.9
-0.16171 2.6
-0.16146 2.2
-0.16122 1.7
-0.16097 1.3
-0.16073 0.8
-0.16048 0.4
-0.16024 -0.1
-0.16 -0.6
-0.15975 -1.1
-0.15951 -1.5
-0.15926 -2.0
-0.15902 -2.4
-0.15878 -2.8
-0.15853 -3.1
-0.15829 -3.4
-0.15804 -3.7
-0.1578 -3.9
-0.15755 -4.1
-0.15731 -4.2
-0.15707 -4.2
-0.15682 -4.2
-0.15658 -4.2
-0.15633 -4.1
-0.15609 -3.9
-0.15585 -3.7
-0.1556 -3.4
-0.15536 -3.1
-0.15511 -2.8
-0.15487 -2.4
-0.15462 -2.0
-0.15438 -1.5
-0.15414 -1.0
-0.15389 -0.6
-0.15365 0.0
-0.1534 0.4
-0.15316 0.9
-0.15292 1.4
-0.15267 1.8
-0.15243 2.3
-0.15218 2.7
-0.15194 3.0
-0.1517 3.4
-0.15145 3.7
-0.15121 3.9
-0.15096 4.1
-0.15072 4.2
-0.15047 4.3
-0.15023 4.3
-0.14999 4.2
-0.14974 4.1
-0.1495 4.0
-0.14925 3.8
-0.14901 3.5
-0.14877 3.2
-0.14852 2.8
-0.14828 2.4
-0.14803 2.0
-0.14779 1.5
-0.14754 1.1
-0.1473 0.6
-0.14706 0.0
-0.14681 -0.4
-0.14657 -0.9
-0.14632 -1.4
-0.14608 -1.9
-0.14584 -2.3
-0.14559 -2.8
-0.14535 -3.1
-0.1451 -3.5
-0.14486 -3.7
-0.14462 -4.0
-0.14437 -4.1
-0.14413 -4.3
-0.14388 -4.3
-0.14364 -4.3
-0.14339 -4.3
-0.14315 -4.1
-0.14291 -4.0
-0.14266 -3.7
-0.14242 -3.4
-0.14217 -3.1
-0.14193 -2.7
-0.14169 -2.3
-0.14144 -1.8
-0.1412 -1.4
-0.14095 -0.9
-0.14071 -0.4
-0.14046 0.2
-0.14022 0.7
-0.13998 1.2
-0.13973 1.7
-0.13949 2.1
-0.13924 2.6
-0.139 3.0
-0.13876 3.3
-0.13851 3.7
-0.13827 3.9
-0.13802 4.1
-0.13778 4.3
-0.13754 4.3
-0.13729 4.4
-0.13705 4.3
-0.1368 4.2
-0.13656 4.1
-0.13631 3.8
-0.13607 3.6
-0.13583 3.2
-0.13558 2.8
-0.13534 2.4
-0.13509 2.0
-0.13485 1.5
-0.13461 1.0
-0.13436 0.4
-0.13412 0.0
-0.13387 -0.6
-0.13363 -1.1
-0.13338 -1.6
-0.13314 -2.1
-0.1329 -2.6
-0.13265 -3.0
-0.13241 -3.4
-0.13216 -3.7
-0.13192 -4.0
-0.13168 -4.2
-0.13143 -4.3
-0.13119 -4.4
-0.13094 -4.4
-0.1307 -4.4
-0.13046 -4.3
-0.13021 -4.1
-0.12997 -3.8
-0.12972 -3.5
-0.12948 -3.2
-0.12923 -2.8
-0.12899 -2.4
-0.12875 -1.9
-0.1285 -1.4
-0.12826 -0.9
-0.12801 -0.3
-0.12777 0.2
-0.12753 0.8
-0.12728 1.3
-0.12704 1.8
-0.12679 2.3
-0.12655 2.8
-0.1263 3.2
-0.12606 3.5
-0.12582 3.8
-0.12557 4.1
-0.12533 4.3
-0.12508 4.4
-0.12484 4.5
-0.1246 4.4
-0.12435 4.4
-0.12411 4.2
-0.12386 4.0
-0.12362 3.7
-0.12337 3.4
-0.12313 3.0
-0.12289 2.6
-0.12264 2.1
-0.1224 1.6
-0.12215 1.1
-0.12191 0.5
-0.12167 0.0
-0.12142 -0.6
-0.12118 -1.2
-0.12093 -1.7
-0.12069 -2.2
-0.12045 -2.7
-0.1202 -3.1
-0.11996 -3.5
-0.11971 -3.8
-0.11947 -4.1
-0.11922 -4.3
-0.11898 -4.4
-0.11874 -4.5
-0.11849 -4.5
-0.11825 -4.4
-0.118 -4.3
-0.11776 -4.1
-0.11752 -3.8
-0.11727 -3.4
-0.11703 -3.0
-0.11678 -2.6
-0.11654 -2.1
-0.11629 -1.6
-0.11605 -1.0
-0.11581 -0.5
-0.11556 0.1
-0.11532 0.7
-0.11507 1.3
-0.11483 1.8
-0.11459 2.3
-0.11434 2.8
-0.1141 3.2
-0.11385 3.6
-0.11361 3.9
-0.11337 4.2
-0.11312 4.4
-0.11288 4.5
-0.11263 4.6
-0.11239 4.5
-0.11214 4.4
-0.1119 4.3
-0.11166 4.0
-0.11141 3.7
-0.11117 3.3
-0.11092 2.9
-0.11068 2.4
-0.11044 1.9
-0.11019 1.3
-0.10995 0.7
-0.1097 0.1
-0.10946 -0.4
-0.10921 -1.0
-0.10897 -1.6
-0.10873 -2.2
-0.10848 -2.7
-0.10824 -3.1
-0.10799 -3.5
-0.10775 -3.9
-0.10751 -4.2
-0.10726 -4.4
-0.10702 -4.5
-0.10677 -4.6
-0.10653 -4.6
-0.10629 -4.5
-0.10604 -4.3
-0.1058 -4.1
-0.10555 -3.8
-0.10531 -3.4
-0.10506 -3.0
-0.10482 -2.5
-0.10458 -1.9
-0.10433 -1.4
-0.10409 -0.8
-0.10384 -0.2
-0.1036 0.5
-0.10336 1.1
-0.10311 1.7
-0.10287 2.2
-0.10262 2.7
-0.10238 3.2
-0.10213 3.6
-0.10189 4.0
-0.10165 4.3
-0.1014 4.5
-0.10116 4.6
-0.10091 4.7
-0.10067 4.6
-0.10043 4.5
-0.10018 4.3
-0.09994 4.1
-0.09969 3.7
-0.09945 3.3
-0.09921 2.8
-0.09896 2.3
-0.09872 1.7
-0.09847 1.1
-0.09823 0.5
-0.09798 -0.1
-0.09774 -0.7
-0.0975 -1.4
-0.09725 -2.0
-0.09701 -2.5
-0.09676 -3.0
-0.09652 -3.5
-0.09628 -3.9
-0.09603 -4.2
-0.09579 -4.5
-0.09554 -4.6
-0.0953 -4.7
-0.09505 -4.7
-0.09481 -4.6
-0.09457 -4.5
-0.09432 -4.2
-0.09408 -3.9
-0.09383 -3.4
-0.09359 -3.0
-0.09335 -2.4
-0.0931 -1.9
-0.09286 -1.2
-0.09261 -0.6
-0.09237 0.0
-0.09212 0.7
-0.09188 1.3
-0.09164 2.0
-0.09139 2.5
-0.09115 3.1
-0.0909 3.6
-0.09066 4.0
-0.09042 4.3
-0.09017 4.6
-0.08993 4.7
-0.08968 4.8
-0.08944 4.8
-0.0892 4.7
-0.08895 4.5
-0.08871 4.2
-0.08846 3.8
-0.08822 3.4
-0.08797 2.9
-0.08773 2.3
-0.08749 1.7
-0.08724 1.0
-0.087 0.4
-0.08675 -0.3
-0.08651 -1.0
-0.08627 -1.6
-0.08602 -2.3
-0.08578 -2.8
-0.08553 -3.4
-0.08529 -3.8
-0.08504 -4.2
-0.0848 -4.5
-0.08456 -4.7
-0.08431 -4.8
-0.08407 -4.9
-0.08382 -4.8
-0.08358 -4.6
-0.08334 -4.4
-0.08309 -4.0
-0.08285 -3.6
-0.0826 -3.1
-0.08236 -2.5
-0.08212 -1.9
-0.08187 -1.2
-0.08163 -0.5
-0.08138 0.2
-0.08114 0.9
-0.08089 1.6
-0.08065 2.2
-0.08041 2.8
-0.08016 3.4
-0.07992 3.9
-0.07967 4.3
-0.07943 4.6
-0.07919 4.8
-0.07894 4.9
-0.0787 4.9
-0.07845 4.8
-0.07821 4.7
-0.07796 4.4
-0.07772 4.0
-0.07748 3.5
-0.07723 3.0
-0.07699 2.4
-0.07674 1.7
-0.0765 1.0
-0.07626 0.3
-0.07601 -0.4
-0.07577 -1.2
-0.07552 -1.9
-0.07528 -2.5
-0.07504 -3.1
-0.07479 -3.7
-0.07455 -4.1
-0.0743 -4.5
-0.07406 -4.8
-0.07381 -5.0
-0.07357 -5.0
-0.07333 -5.0
-0.07308 -4.8
-0.07284 -4.6
-0.07259 -4.2
-0.07235 -3.7
-0.07211 -3.2
-0.07186 -2.6
-0.07162 -1.9
-0.07137 -1.2
-0.07113 -0.4
-0.07088 0.3
-0.07064 1.1
-0.0704 1.8
-0.07015 2.5
-0.06991 3.1
-0.06966 3.7
-0.06942 4.2
-0.06918 4.6
-0.06893 4.9
-0.06869 5.0
-0.06844 5.1
-0.0682 5.0
-0.06796 4.9
-0.06771 4.6
-0.06747 4.2
-0.06722 3.7
-0.06698 3.1
-0.06673 2.5
-0.06649 1.7
-0.06625 1.0
-0.066 0.2
-0.06576 -0.6
-0.06551 -1.4
-0.06527 -2.1
-0.06503 -2.8
-0.06478 -3.5
-0.06454 -4.0
-0.06429 -4.5
-0.06405 -4.8
-0.0638 -5.1
-0.06356 -5.2
-0.06332 -5.2
-0.06307 -5.0
-0.06283 -4.8
-0.06258 -4.4
-0.06234 -3.9
-0.0621 -3.3
-0.06185 -2.7
-0.06161 -1.9
-0.06136 -1.2
-0.06112 -0.3
-0.06087 0.5
-0.06063 1.3
-0.06039 2.1
-0.06014 2.8
-0.0599 3.5
-0.05965 4.1
-0.05941 4.6
-0.05917 4.9
-0.05892 5.2
-0.05868 5.3
-0.05843 5.2
-0.05819 5.1
-0.05795 4.8
-0.0577 4.4
-0.05746 3.9
-0.05721 3.2
-0.05697 2.5
-0.05672 1.7
-0.05648 0.9
-0.05624 0.0
-0.05599 -0.8
-0.05575 -1.7
-0.0555 -2.5
-0.05526 -3.2
-0.05502 -3.9
-0.05477 -4.4
-0.05453 -4.9
-0.05428 -5.2
-0.05404 -5.3
-0.05379 -5.4
-0.05355 -5.3
-0.05331 -5.0
-0.05306 -4.6
-0.05282 -4.1
-0.05257 -3.4
-0.05233 -2.7
-0.05209 -1.9
-0.05184 -1.0
-0.0516 0.0
-0.05135 0.8
-0.05111 1.7
-0.05087 2.5
-0.05062 3.3
-0.05038 4.0
-0.05013 4.6
-0.04989 5.0
-0.04964 5.3
-0.0494 5.5
-0.04916 5.5
-0.04891 5.3
-0.04867 5.0
-0.04842 4.5
-0.04818 3.9
-0.04794 3.2
-0.04769 2.4
-0.04745 1.5
-0.0472 0.6
-0.04696 -0.4
-0.04671 -1.3
-0.04647 -2.2
-0.04623 -3.1
-0.04598 -3.8
-0.04574 -4.5
-0.04549 -5.0
-0.04525 -5.4
-0.04501 -5.6
-0.04476 -5.6
-0.04452 -5.5
-0.04427 -5.2
-0.04403 -4.7
-0.04379 -4.1
-0.04354 -3.3
-0.0433 -2.5
-0.04305 -1.6
-0.04281 -0.6
-0.04256 0.4
-0.04232 1.4
-0.04208 2.4
-0.04183 3.3
-0.04159 4.1
-0.04134 4.7
-0.0411 5.2
-0.04086 5.6
-0.04061 5.7
-0.04037 5.7
-0.04012 5.5
-0.03988 5.1
-0.03963 4.5
-0.03939 3.8
-0.03915 2.9
-0.0389 2.0
-0.03866 1.0
-0.03841 -0.1
-0.03817 -1.2
-0.03793 -2.2
-0.03768 -3.2
-0.03744 -4.0
-0.03719 -4.7
-0.03695 -5.3
-0.03671 -5.7
-0.03646 -5.9
-0.03622 -5.8
-0.03597 -5.6
-0.03573 -5.2
-0.03548 -4.6
-0.03524 -3.8
-0.035 -2.8
-0.03475 -1.8
-0.03451 -0.7
-0.03426 0.4
-0.03402 1.6
-0.03378 2.6
-0.03353 3.6
-0.03329 4.5
-0.03304 5.2
-0.0328 5.7
-0.03255 6.0
-0.03231 6.0
-0.03207 5.9
-0.03182 5.5
-0.03158 4.9
-0.03133 4.1
-0.03109 3.1
-0.03085 2.0
-0.0306 0.8
-0.03036 -0.4
-0.03011 -1.6
-0.02987 -2.7
-0.02962 -3.8
-0.02938 -4.7
-0.02914 -5.4
-0.02889 -5.9
-0.02865 -6.2
-0.0284 -6.2
-0.02816 -5.9
-0.02792 -5.4
-0.02767 -4.7
-0.02743 -3.7
-0.02718 -2.6
-0.02694 -1.4
-0.0267 -0.1
-0.02645 1.2
-0.02621 2.5
-0.02596 3.6
-0.02572 4.6
-0.02547 5.5
-0.02523 6.0
-0.02499 6.4
-0.02474 6.4
-0.0245 6.1
-0.02425 5.6
-0.02401 4.7
-0.02377 3.7
-0.02352 2.5
-0.02328 1.1
-0.02303 -0.3
-0.02279 -1.7
-0.02254 -3.1
-0.0223 -4.3
-0.02206 -5.3
-0.02181 -6.0
-0.02157 -6.5
-0.02132 -6.6
-0.02108 -6.4
-0.02084 -5.9
-0.02059 -5.1
-0.02035 -3.9
-0.0201 -2.6
-0.01986 -1.1
-0.01962 0.4
-0.01937 2.0
-0.01913 3.4
-0.01888 4.7
-0.01864 5.7
-0.01839 6.5
-0.01815 6.8
-0.01791 6.8
-0.01766 6.4
-0.01742 5.7
-0.01717 4.5
-0.01693 3.1
-0.01669 1.5
-0.01644 -0.2
-0.0162 -1.9
-0.01595 -3.5
-0.01571 -5.0
-0.01546 -6.1
-0.01522 -6.9
-0.01498 -7.2
-0.01473 -7.1
-0.01449 -6.5
-0.01424 -5.4
-0.014 -4.0
-0.01376 -2.3
-0.01351 -0.4
-0.01327 1.5
-0.01302 3.4
-0.01278 5.0
-0.01254 6.4
-0.01229 7.2
-0.01205 7.6
-0.0118 7.4
-0.01156 6.6
-0.01131 5.3
-0.01107 3.5
-0.01083 1.4
-0.01058 -0.8
-0.01034 -3.0
-0.01009 -5.0
-0.00985 -6.6
-0.00961 -7.6
-0.00936 -8.0
-0.00912 -7.7
-0.00887 -6.7
-0.00863 -5.0
-0.00838 -2.8
-0.00814 -0.2
-0.0079 2.4
-0.00765 4.9
-0.00741 6.9
-0.00716 8.2
-0.00692 8.6
-0.00668 8.1
-0.00643 6.7
-0.00619 4.4
-0.00594 1.4
-0.0057 -1.8
-0.00546 -4.9
-0.00521 -7.4
-0.00497 -9.0
-0.00472 -9.4
-0.00448 -8.4
-0.00423 -6.0
-0.00399 -2.6
-0.00375 1.5
-0.0035 5.5
-0.00326 8.7
-0.00301 10.4
-0.00277 10.0
-0.00253 7.4
-0.00228 2.9
-0.00204 -2.7
-0.00179 -8.0
-0.00155 -11.4
-0.0013 -11.5
-0.00106 -7.5
-0.00082 -0.2
-0.00057 8.1
-0.00033 13.2
-8e-05 11.2
0.00016 1.1
0.0004 -10.2
0.00065 -11.7
0.00089 -1.4
0.00114 8.5
0.00138 6.7
0.00163 -2.1
0.00187 -5.8
0.00211 -1.4
0.00236 3.2
0.0026 2.3
0.00285 -1.1
0.00309 -1.9
0.00333 0.0
0.00358 1.2
0.00382 0.5
0.00407 -0.6
0.00431 -0.6
0.00455 0.2
0.0048 0.4
0.00504 0.0
0.00529 -0.3
0.00553 -0.1
0.00578 0.1
0.00602 0.1
0.00626 0.0
0.00651 0.0
0.00675 0.0
0.007 0.0
0.00724 0.0
0.00748 0.0
0.00773 0.0
0.00797 0.0
0.00822 0.0
0.00846 0.0
0.00871 0.0
0.00895 0.0
0.00919 0.0
0.00944 0.0
0.00968 0.0
0.00993 0.0
0.01017 0.0
0.01041 0.0
0.01066 0.0
0.0109 0.0
0.01115 0.0
0.01139 0.0
0.01163 0.0
0.01188 0.0
0.01212 0.0
0.01237 0.0
0.01261 0.0
0.01286 0.0
0.0131 0.0
0.01334 0.0
0.01359 0.0
0.01383 0.0
0.01408 0.0
0.01432 0.0
0.01456 0.0
0.01481 0.0
0.01505 0.0
0.0153 0.0
0.01554 0.0
0.01579 0.0
0.01603 0.0
0.01627 0.0
0.01652 0.0
0.01676 0.0
0.01701 0.0
0.01725 0.0
0.01749 0.0
0.01774 0.0
0.01798 0.0
0.01823 0.0
0.01847 0.0
0.01871 0.0
0.01896 0.0
0.0192 0.0
0.01945 0.0
0.01969 0.0
0.01994 0.0
0.02018 0.0
0.02042 0.0
0.02067 0.0
0.02091 0.0
0.02116 0.0
0.0214 0.0
0.02164 0.0
0.02189 0.0
0.02213 0.0
0.02238 0.0
0.02262 0.0
0.02287 0.0
0.02311 0.0
0.02335 0.0
0.0236 0.0
0.02384 0.0
0.02409 0.0
0.02433 0.0
0.02457 0.0
0.02482 0.0
0.02506 0.0
0.02531 0.0
0.02555 0.0
0.02579 0.0
0.02604 0.0
0.02628 0.0
0.02653 0.0
0.02677 0.0
0.02702 0.0
0.02726 0.0
0.0275 0.0
0.02775 0.0
0.02799 0.0
0.02824 0.0
0.02848 0.0
0.02872 0.0
0.02897 0.0
0.02921 0.0
0.02946 0.0
0.0297 0.0
0.02995 0.0
0.03019 0.0
0.03043 0.0
0.03068 0.0
0.03092 0.0
0.03117 0.0
0.03141 0.0
0.03165 0.0
0.0319 0.0
0.03214 0.0
0.03239 0.0
0.03263 0.0
0.03288 0.0
0.03312 0.0
0.03336 0.0
0.03361 0.0
0.03385 0.0
0.0341 0.0
0.03434 0.0
0.03458 0.0
0.03483 0.0
0.03507 0.0
0.03532 0.0
0.03556 0.0
0.0358 0.0
0.03605 0.0
0.03629 0.0
0.03654 0.0
0.03678 0.0
0.03703 0.0
0.03727 0.0
0.03751 0.0
0.03776 0.0
0.038 0.0
0.03825 0.0
0.03849 0.0
0.03873 0.0
0.03898 0.0
0.03922 0.0
0.03947 0.0
0.03971 0.0
0.03996 0.0
0.0402 0.0
0.04044 0.0
0.04069 0.0
0.04093 0.0
0.04118 0.0
0.04142 0.0
0.04166 0.0
0.04191 0.0
0.04215 0.0
0.0424 0.0
0.04264 0.0
0.04288 0.0
0.04313 0.0
0.04337 0.0
0.04362 0.0
0.04386 0.0
0.04411 0.0
0.04435 0.0
0.04459 0.0
0.04484 0.0
0.04508 0.0
0.04533 0.0
0.04557 0.0
0.04581 0.0
