t strain*1e23
-3.90514 -2.0
-3.9049 -2.1
-3.90465 -2.1
-3.90441 -2.2
-3.90416 -2.3
-3.90392 -2.3
-3.90368 -2.4
-3.90343 -2.4
-3.90319 -2.5
-3.90294 -2.5
-3.9027 -2.5
-3.90245 -2.6
-3.90221 -2.6
-3.90197 -2.6
-3.90172 -2.6
-3.90148 -2.7
-3.90123 -2.7
-3.90099 -2.7
-3.90075 -2.7
-3.9005 -2.7
-3.90026 -2.7
-3.90001 -2.7
-3.89977 -2.7
-3.89952 -2.7
-3.89928 -2.6
-3.89904 -2.6
-3.89879 -2.6
-3.89855 -2.6
-3.8983 -2.5
-3.89806 -2.5
-3.89782 -2.4
-3.89757 -2.4
-3.89733 -2.3
-3.89708 -2.3
-3.89684 -2.2
-3.8966 -2.2
-3.89635 -2.1
-3.89611 -2.1
-3.89586 -2.0
-3.89562 -1.9
-3.89537 -1.8
-3.89513 -1.8
-3.89489 -1.7
-3.89464 -1.6
-3.8944 -1.5
-3.89415 -1.4
-3.89391 -1.3
-3.89367 -1.3
-3.89342 -1.2
-3.89318 -1.1
-3.89293 -1.0
-3.89269 -0.9
-3.89244 -0.8
-3.8922 -0.7
-3.89196 -0.6
-3.89171 -0.5
-3.89147 -0.4
-3.89122 -0.3
-3.89098 -0.2
-3.89074 0.0
-3.89049 0.0
-3.89025 0.1
-3.89 0.3
-3.88976 0.4
-3.88951 0.5
-3.88927 0.6
-3.88903 0.7
-3.88878 0.8
-3.88854 0.9
-3.88829 1.0
-3.88805 1.1
-3.88781 1.1
-3.88756 1.2
-3.88732 1.3
-3.88707 1.4
-3.88683 1.5
-3.88659 1.6
-3.88634 1.7
-3.8861 1.8
-3.88585 1.8
-3.88561 1.9
-3.88536 2.0
-3.88512 2.0
-3.88488 2.1
-3.88463 2.2
-3.88439 2.2
-3.88414 2.3
-3.8839 2.3
-3.88366 2.4
-3.88341 2.4
-3.88317 2.5
-3.88292 2.5
-3.88268 2.6
-3.88243 2.6
-3.88219 2.6
-3.88195 2.6
-3.8817 2.7
-3.88146 2.7
-3.88121 2.7
-3.88097 2.7
-3.88073 2.7
-3.88048 2.7
-3.88024 2.7
-3.87999 2.7
-3.87975 2.7
-3.87951 2.6
-3.87926 2.6
-3.87902 2.6
-3.87877 2.6
-3.87853 2.5
-3.87828 2.5
-3.87804 2.5
-3.8778 2.4
-3.87755 2.4
-3.87731 2.3
-3.87706 2.3
-3.87682 2.2
-3.87658 2.2
-3.87633 2.1
-3.87609 2.0
-3.87584 2.0
-3.8756 1.9
-3.87535 1.8
-3.87511 1.7
-3.87487 1.6
-3.87462 1.6
-3.87438 1.5
-3.87413 1.4
-3.87389 1.3
-3.87365 1.2
-3.8734 1.1
-3.87316 1.0
-3.87291 0.9
-3.87267 0.8
-3.87243 0.7
-3.87218 0.6
-3.87194 0.5
-3.87169 0.4
-3.87145 0.3
-3.8712 0.2
-3.87096 0.1
-3.87072 0.0
-3.87047 0.0
-3.87023 -0.2
-3.86998 -0.3
-3.86974 -0.4
-3.8695 -0.5
-3.86925 -0.6
-3.86901 -0.7
-3.86876 -0.8
-3.86852 -0.9
-3.86827 -1.0
-3.86803 -1.1
-3.86779 -1.2
-3.86754 -1.3
-3.8673 -1.4
-3.86705 -1.5
-3.86681 -1.6
-3.86657 -1.6
-3.86632 -1.7
-3.86608 -1.8
-3.86583 -1.9
-3.86559 -1.9
-3.86535 -2.0
-3.8651 -2.1
-3.86486 -2.2
-3.86461 -2.2
-3.86437 -2.3
-3.86412 -2.3
-3.86388 -2.4
-3.86364 -2.4
-3.86339 -2.5
-3.86315 -2.5
-3.8629 -2.5
-3.86266 -2.6
-3.86242 -2.6
-3.86217 -2.6
-3.86193 -2.6
-3.86168 -2.7
-3.86144 -2.7
-3.86119 -2.7
-3.86095 -2.7
-3.86071 -2.7
-3.86046 -2.7
-3.86022 -2.7
-3.85997 -2.7
-3.85973 -2.7
-3.85949 -2.6
-3.85924 -2.6
-3.859 -2.6
-3.85875 -2.6
-3.85851 -2.5
-3.85826 -2.5
-3.85802 -2.4
-3.85778 -2.4
-3.85753 -2.3
-3.85729 -2.3
-3.85704 -2.2
-3.8568 -2.2
-3.85656 -2.1
-3.85631 -2.0
-3.85607 -2.0
-3.85582 -1.9
-3.85558 -1.8
-3.85534 -1.8
-3.85509 -1.7
-3.85485 -1.6
-3.8546 -1.5
-3.85436 -1.4
-3.85411 -1.3
-3.85387 -1.2
-3.85363 -1.1
-3.85338 -1.1
-3.85314 -1.0
-3.85289 -0.9
-3.85265 -0.8
-3.85241 -0.7
-3.85216 -0.6
-3.85192 -0.5
-3.85167 -0.3
-3.85143 -0.2
-3.85118 -0.1
-3.85094 0.0
-3.8507 0.0
-3.85045 0.2
-3.85021 0.3
-3.84996 0.4
-3.84972 0.5
-3.84948 0.6
-3.84923 0.7
-3.84899 0.8
-3.84874 0.9
-3.8485 1.0
-3.84826 1.1
-3.84801 1.2
-3.84777 1.3
-3.84752 1.4
-3.84728 1.4
-3.84703 1.5
-3.84679 1.6
-3.84655 1.7
-3.8463 1.8
-3.84606 1.9
-3.84581 1.9
-3.84557 2.0
-3.84533 2.1
-3.84508 2.1
-3.84484 2.2
-3.84459 2.3
-3.84435 2.3
-3.8441 2.4
-3.84386 2.4
-3.84362 2.5
-3.84337 2.5
-3.84313 2.5
-3.84288 2.6
-3.84264 2.6
-3.8424 2.6
-3.84215 2.6
-3.84191 2.7
-3.84166 2.7
-3.84142 2.7
-3.84118 2.7
-3.84093 2.7
-3.84069 2.7
-3.84044 2.7
-3.8402 2.7
-3.83995 2.7
-3.83971 2.6
-3.83947 2.6
-3.83922 2.6
-3.83898 2.6
-3.83873 2.5
-3.83849 2.5
-3.83825 2.5
-3.838 2.4
-3.83776 2.4
-3.83751 2.3
-3.83727 2.3
-3.83702 2.2
-3.83678 2.1
-3.83654 2.1
-3.83629 2.0
-3.83605 1.9
-3.8358 1.9
-3.83556 1.8
-3.83532 1.7
-3.83507 1.6
-3.83483 1.5
-3.83458 1.4
-3.83434 1.3
-3.8341 1.3
-3.83385 1.2
-3.83361 1.1
-3.83336 1.0
-3.83312 0.9
-3.83287 0.8
-3.83263 0.7
-3.83239 0.6
-3.83214 0.5
-3.8319 0.4
-3.83165 0.3
-3.83141 0.2
-3.83117 0.0
-3.83092 0.0
-3.83068 -0.2
-3.83043 -0.3
-3.83019 -0.4
-3.82994 -0.5
-3.8297 -0.6
-3.82946 -0.7
-3.82921 -0.8
-3.82897 -0.9
-3.82872 -1.0
-3.82848 -1.1
-3.82824 -1.2
-3.82799 -1.3
-3.82775 -1.3
-3.8275 -1.4
-3.82726 -1.5
-3.82701 -1.6
-3.82677 -1.7
-3.82653 -1.8
-3.82628 -1.9
-3.82604 -1.9
-3.82579 -2.0
-3.82555 -2.1
-3.82531 -2.1
-3.82506 -2.2
-3.82482 -2.3
-3.82457 -2.3
-3.82433 -2.4
-3.82409 -2.4
-3.82384 -2.5
-3.8236 -2.5
-3.82335 -2.5
-3.82311 -2.6
-3.82286 -2.6
-3.82262 -2.6
-3.82238 -2.7
-3.82213 -2.7
-3.82189 -2.7
-3.82164 -2.7
-3.8214 -2.7
-3.82116 -2.7
-3.82091 -2.7
-3.82067 -2.7
-3.82042 -2.7
-3.82018 -2.7
-3.81993 -2.7
-3.81969 -2.6
-3.81945 -2.6
-3.8192 -2.6
-3.81896 -2.5
-3.81871 -2.5
-3.81847 -2.5
-3.81823 -2.4
-3.81798 -2.4
-3.81774 -2.3
-3.81749 -2.3
-3.81725 -2.2
-3.81701 -2.1
-3.81676 -2.1
-3.81652 -2.0
-3.81627 -1.9
-3.81603 -1.9
-3.81578 -1.8
-3.81554 -1.7
-3.8153 -1.6
-3.81505 -1.5
-3.81481 -1.4
-3.81456 -1.4
-3.81432 -1.3
-3.81408 -1.2
-3.81383 -1.1
-3.81359 -1.0
-3.81334 -0.9
-3.8131 -0.8
-3.81285 -0.7
-3.81261 -0.6
-3.81237 -0.5
-3.81212 -0.4
-3.81188 -0.3
-3.81163 -0.2
-3.81139 0.0
-3.81115 0.0
-3.8109 0.2
-3.81066 0.3
-3.81041 0.4
-3.81017 0.5
-3.80993 0.6
-3.80968 0.7
-3.80944 0.8
-3.80919 0.9
-3.80895 1.0
-3.8087 1.1
-3.80846 1.2
-3.80822 1.3
-3.80797 1.4
-3.80773 1.4
-3.80748 1.5
-3.80724 1.6
-3.807 1.7
-3.80675 1.8
-3.80651 1.9
-3.80626 1.9
-3.80602 2.0
-3.80577 2.1
-3.80553 2.1
-3.80529 2.2
-3.80504 2.3
-3.8048 2.3
-3.80455 2.4
-3.80431 2.4
-3.80407 2.5
-3.80382 2.5
-3.80358 2.5
-3.80333 2.6
-3.80309 2.6
-3.80285 2.6
-3.8026 2.7
-3.80236 2.7
-3.80211 2.7
-3.80187 2.7
-3.80162 2.7
-3.80138 2.7
-3.80114 2.7
-3.80089 2.7
-3.80065 2.7
-3.8004 2.7
-3.80016 2.7
-3.79992 2.6
-3.79967 2.6
-3.79943 2.6
-3.79918 2.5
-3.79894 2.5
-3.79869 2.5
-3.79845 2.4
-3.79821 2.4
-3.79796 2.3
-3.79772 2.3
-3.79747 2.2
-3.79723 2.1
-3.79699 2.1
-3.79674 2.0
-3.7965 1.9
-3.79625 1.8
-3.79601 1.8
-3.79576 1.7
-3.79552 1.6
-3.79528 1.5
-3.79503 1.4
-3.79479 1.3
-3.79454 1.3
-3.7943 1.2
-3.79406 1.1
-3.79381 1.0
-3.79357 0.9
-3.79332 0.8
-3.79308 0.7
-3.79284 0.6
-3.79259 0.5
-3.79235 0.4
-3.7921 0.2
-3.79186 0.1
-3.79161 0.0
-3.79137 0.0
-3.79113 -0.2
-3.79088 -0.3
-3.79064 -0.4
-3.79039 -0.5
-3.79015 -0.6
-3.78991 -0.7
-3.78966 -0.8
-3.78942 -0.9
-3.78917 -1.0
-3.78893 -1.1
-3.78868 -1.2
-3.78844 -1.3
-3.7882 -1.4
-3.78795 -1.5
-3.78771 -1.5
-3.78746 -1.6
-3.78722 -1.7
-3.78698 -1.8
-3.78673 -1.9
-3.78649 -1.9
-3.78624 -2.0
-3.786 -2.1
-3.78576 -2.2
-3.78551 -2.2
-3.78527 -2.3
-3.78502 -2.3
-3.78478 -2.4
-3.78453 -2.4
-3.78429 -2.5
-3.78405 -2.5
-3.7838 -2.6
-3.78356 -2.6
-3.78331 -2.6
-3.78307 -2.6
-3.78283 -2.7
-3.78258 -2.7
-3.78234 -2.7
-3.78209 -2.7
-3.78185 -2.7
-3.7816 -2.7
-3.78136 -2.7
-3.78112 -2.7
-3.78087 -2.7
-3.78063 -2.7
-3.78038 -2.7
-3.78014 -2.6
-3.7799 -2.6
-3.77965 -2.6
-3.77941 -2.5
-3.77916 -2.5
-3.77892 -2.5
-3.77868 -2.4
-3.77843 -2.4
-3.77819 -2.3
-3.77794 -2.2
-3.7777 -2.2
-3.77745 -2.1
-3.77721 -2.1
-3.77697 -2.0
-3.77672 -1.9
-3.77648 -1.8
-3.77623 -1.8
-3.77599 -1.7
-3.77575 -1.6
-3.7755 -1.5
-3.77526 -1.4
-3.77501 -1.3
-3.77477 -1.2
-3.77452 -1.1
-3.77428 -1.0
-3.77404 -0.9
-3.77379 -0.8
-3.77355 -0.7
-3.7733 -0.6
-3.77306 -0.5
-3.77282 -0.4
-3.77257 -0.3
-3.77233 -0.2
-3.77208 -0.1
-3.77184 0.0
-3.7716 0.1
-3.77135 0.2
-3.77111 0.3
-3.77086 0.4
-3.77062 0.5
-3.77037 0.6
-3.77013 0.7
-3.76989 0.8
-3.76964 0.9
-3.7694 1.0
-3.76915 1.1
-3.76891 1.2
-3.76867 1.3
-3.76842 1.4
-3.76818 1.5
-3.76793 1.6
-3.76769 1.7
-3.76744 1.7
-3.7672 1.8
-3.76696 1.9
-3.76671 2.0
-3.76647 2.0
-3.76622 2.1
-3.76598 2.2
-3.76574 2.2
-3.76549 2.3
-3.76525 2.4
-3.765 2.4
-3.76476 2.5
-3.76451 2.5
-3.76427 2.5
-3.76403 2.6
-3.76378 2.6
-3.76354 2.6
-3.76329 2.7
-3.76305 2.7
-3.76281 2.7
-3.76256 2.7
-3.76232 2.7
-3.76207 2.7
-3.76183 2.7
-3.76159 2.7
-3.76134 2.7
-3.7611 2.7
-3.76085 2.7
-3.76061 2.6
-3.76036 2.6
-3.76012 2.6
-3.75988 2.6
-3.75963 2.5
-3.75939 2.5
-3.75914 2.4
-3.7589 2.4
-3.75866 2.3
-3.75841 2.3
-3.75817 2.2
-3.75792 2.2
-3.75768 2.1
-3.75743 2.0
-3.75719 2.0
-3.75695 1.9
-3.7567 1.8
-3.75646 1.7
-3.75621 1.6
-3.75597 1.6
-3.75573 1.5
-3.75548 1.4
-3.75524 1.3
-3.75499 1.2
-3.75475 1.1
-3.75451 1.0
-3.75426 0.9
-3.75402 0.8
-3.75377 0.7
-3.75353 0.6
-3.75328 0.5
-3.75304 0.4
-3.7528 0.3
-3.75255 0.2
-3.75231 0.0
-3.75206 0.0
-3.75182 -0.2
-3.75158 -0.3
-3.75133 -0.4
-3.75109 -0.5
-3.75084 -0.6
-3.7506 -0.7
-3.75035 -0.8
-3.75011 -0.9
-3.74987 -1.0
-3.74962 -1.1
-3.74938 -1.2
-3.74913 -1.3
-3.74889 -1.4
-3.74865 -1.4
-3.7484 -1.5
-3.74816 -1.6
-3.74791 -1.7
-3.74767 -1.8
-3.74743 -1.9
-3.74718 -1.9
-3.74694 -2.0
-3.74669 -2.1
-3.74645 -2.2
-3.7462 -2.2
-3.74596 -2.3
-3.74572 -2.3
-3.74547 -2.4
-3.74523 -2.4
-3.74498 -2.5
-3.74474 -2.5
-3.7445 -2.6
-3.74425 -2.6
-3.74401 -2.6
-3.74376 -2.6
-3.74352 -2.7
-3.74327 -2.7
-3.74303 -2.7
-3.74279 -2.7
-3.74254 -2.7
-3.7423 -2.7
-3.74205 -2.7
-3.74181 -2.7
-3.74157 -2.7
-3.74132 -2.7
-3.74108 -2.7
-3.74083 -2.6
-3.74059 -2.6
-3.74035 -2.6
-3.7401 -2.5
-3.73986 -2.5
-3.73961 -2.5
-3.73937 -2.4
-3.73912 -2.4
-3.73888 -2.3
-3.73864 -2.2
-3.73839 -2.2
-3.73815 -2.1
-3.7379 -2.1
-3.73766 -2.0
-3.73742 -1.9
-3.73717 -1.8
-3.73693 -1.8
-3.73668 -1.7
-3.73644 -1.6
-3.73619 -1.5
-3.73595 -1.4
-3.73571 -1.3
-3.73546 -1.2
-3.73522 -1.1
-3.73497 -1.0
-3.73473 -0.9
-3.73449 -0.8
-3.73424 -0.7
-3.734 -0.6
-3.73375 -0.5
-3.73351 -0.4
-3.73326 -0.3
-3.73302 -0.2
-3.73278 -0.1
-3.73253 0.0
-3.73229 0.1
-3.73204 0.2
-3.7318 0.3
-3.73156 0.4
-3.73131 0.5
-3.73107 0.6
-3.73082 0.7
-3.73058 0.8
-3.73034 0.9
-3.73009 1.0
-3.72985 1.1
-3.7296 1.2
-3.72936 1.3
-3.72911 1.4
-3.72887 1.5
-3.72863 1.6
-3.72838 1.7
-3.72814 1.8
-3.72789 1.8
-3.72765 1.9
-3.72741 2.0
-3.72716 2.1
-3.72692 2.1
-3.72667 2.2
-3.72643 2.3
-3.72618 2.3
-3.72594 2.4
-3.7257 2.4
-3.72545 2.5
-3.72521 2.5
-3.72496 2.5
-3.72472 2.6
-3.72448 2.6
-3.72423 2.6
-3.72399 2.7
-3.72374 2.7
-3.7235 2.7
-3.72326 2.7
-3.72301 2.7
-3.72277 2.7
-3.72252 2.7
-3.72228 2.7
-3.72203 2.7
-3.72179 2.7
-3.72155 2.7
-3.7213 2.6
-3.72106 2.6
-3.72081 2.6
-3.72057 2.6
-3.72033 2.5
-3.72008 2.5
-3.71984 2.4
-3.71959 2.4
-3.71935 2.3
-3.7191 2.3
-3.71886 2.2
-3.71862 2.1
-3.71837 2.1
-3.71813 2.0
-3.71788 1.9
-3.71764 1.9
-3.7174 1.8
-3.71715 1.7
-3.71691 1.6
-3.71666 1.5
-3.71642 1.4
-3.71618 1.3
-3.71593 1.3
-3.71569 1.2
-3.71544 1.1
-3.7152 1.0
-3.71495 0.9
-3.71471 0.8
-3.71447 0.7
-3.71422 0.5
-3.71398 0.4
-3.71373 0.3
-3.71349 0.2
-3.71325 0.1
-3.713 0.0
-3.71276 0.0
-3.71251 -0.2
-3.71227 -0.3
-3.71202 -0.4
-3.71178 -0.5
-3.71154 -0.6
-3.71129 -0.7
-3.71105 -0.8
-3.7108 -0.9
-3.71056 -1.0
-3.71032 -1.1
-3.71007 -1.2
-3.70983 -1.3
-3.70958 -1.4
-3.70934 -1.5
-3.7091 -1.6
-3.70885 -1.7
-3.70861 -1.7
-3.70836 -1.8
-3.70812 -1.9
-3.70787 -2.0
-3.70763 -2.1
-3.70739 -2.1
-3.70714 -2.2
-3.7069 -2.2
-3.70665 -2.3
-3.70641 -2.4
-3.70617 -2.4
-3.70592 -2.5
-3.70568 -2.5
-3.70543 -2.5
-3.70519 -2.6
-3.70494 -2.6
-3.7047 -2.6
-3.70446 -2.7
-3.70421 -2.7
-3.70397 -2.7
-3.70372 -2.7
-3.70348 -2.7
-3.70324 -2.7
-3.70299 -2.7
-3.70275 -2.7
-3.7025 -2.7
-3.70226 -2.7
-3.70201 -2.7
-3.70177 -2.7
-3.70153 -2.6
-3.70128 -2.6
-3.70104 -2.6
-3.70079 -2.5
-3.70055 -2.5
-3.70031 -2.4
-3.70006 -2.4
-3.69982 -2.3
-3.69957 -2.3
-3.69933 -2.2
-3.69909 -2.2
-3.69884 -2.1
-3.6986 -2.0
-3.69835 -1.9
-3.69811 -1.9
-3.69786 -1.8
-3.69762 -1.7
-3.69738 -1.6
-3.69713 -1.5
-3.69689 -1.4
-3.69664 -1.4
-3.6964 -1.3
-3.69616 -1.2
-3.69591 -1.1
-3.69567 -1.0
-3.69542 -0.9
-3.69518 -0.8
-3.69493 -0.7
-3.69469 -0.6
-3.69445 -0.5
-3.6942 -0.3
-3.69396 -0.2
-3.69371 -0.1
-3.69347 0.0
-3.69323 0.0
-3.69298 0.2
-3.69274 0.3
-3.69249 0.4
-3.69225 0.5
-3.69201 0.6
-3.69176 0.7
-3.69152 0.8
-3.69127 0.9
-3.69103 1.0
-3.69078 1.1
-3.69054 1.2
-3.6903 1.3
-3.69005 1.4
-3.68981 1.5
-3.68956 1.6
-3.68932 1.7
-3.68908 1.7
-3.68883 1.8
-3.68859 1.9
-3.68834 2.0
-3.6881 2.1
-3.68785 2.1
-3.68761 2.2
-3.68737 2.2
-3.68712 2.3
-3.68688 2.4
-3.68663 2.4
-3.68639 2.5
-3.68615 2.5
-3.6859 2.5
-3.68566 2.6
-3.68541 2.6
-3.68517 2.6
-3.68493 2.7
-3.68468 2.7
-3.68444 2.7
-3.68419 2.7
-3.68395 2.7
-3.6837 2.7
-3.68346 2.7
-3.68322 2.7
-3.68297 2.7
-3.68273 2.7
-3.68248 2.7
-3.68224 2.7
-3.682 2.6
-3.68175 2.6
-3.68151 2.6
-3.68126 2.5
-3.68102 2.5
-3.68077 2.4
-3.68053 2.4
-3.68029 2.3
-3.68004 2.3
-3.6798 2.2
-3.67955 2.2
-3.67931 2.1
-3.67907 2.0
-3.67882 1.9
-3.67858 1.9
-3.67833 1.8
-3.67809 1.7
-3.67785 1.6
-3.6776 1.5
-3.67736 1.4
-3.67711 1.4
-3.67687 1.3
-3.67662 1.2
-3.67638 1.1
-3.67614 1.0
-3.67589 0.9
-3.67565 0.8
-3.6754 0.7
-3.67516 0.6
-3.67492 0.4
-3.67467 0.3
-3.67443 0.2
-3.67418 0.1
-3.67394 0.0
-3.67369 0.0
-3.67345 -0.2
-3.67321 -0.3
-3.67296 -0.4
-3.67272 -0.5
-3.67247 -0.6
-3.67223 -0.7
-3.67199 -0.8
-3.67174 -0.9
-3.6715 -1.0
-3.67125 -1.1
-3.67101 -1.2
-3.67076 -1.3
-3.67052 -1.4
-3.67028 -1.5
-3.67003 -1.6
-3.66979 -1.7
-3.66954 -1.8
-3.6693 -1.8
-3.66906 -1.9
-3.66881 -2.0
-3.66857 -2.1
-3.66832 -2.1
-3.66808 -2.2
-3.66784 -2.3
-3.66759 -2.3
-3.66735 -2.4
-3.6671 -2.4
-3.66686 -2.5
-3.66661 -2.5
-3.66637 -2.6
-3.66613 -2.6
-3.66588 -2.6
-3.66564 -2.7
-3.66539 -2.7
-3.66515 -2.7
-3.66491 -2.7
-3.66466 -2.7
-3.66442 -2.7
-3.66417 -2.7
-3.66393 -2.7
-3.66368 -2.7
-3.66344 -2.7
-3.6632 -2.7
-3.66295 -2.7
-3.66271 -2.7
-3.66246 -2.6
-3.66222 -2.6
-3.66198 -2.6
-3.66173 -2.5
-3.66149 -2.5
-3.66124 -2.4
-3.661 -2.4
-3.66076 -2.3
-3.66051 -2.3
-3.66027 -2.2
-3.66002 -2.1
-3.65978 -2.1
-3.65953 -2.0
-3.65929 -1.9
-3.65905 -1.9
-3.6588 -1.8
-3.65856 -1.7
-3.65831 -1.6
-3.65807 -1.5
-3.65783 -1.4
-3.65758 -1.3
-3.65734 -1.2
-3.65709 -1.1
-3.65685 -1.0
-3.6566 -0.9
-3.65636 -0.8
-3.65612 -0.7
-3.65587 -0.6
-3.65563 -0.5
-3.65538 -0.4
-3.65514 -0.3
-3.6549 -0.2
-3.65465 -0.1
-3.65441 0.0
-3.65416 0.1
-3.65392 0.2
-3.65368 0.3
-3.65343 0.4
-3.65319 0.5
-3.65294 0.6
-3.6527 0.7
-3.65245 0.9
-3.65221 1.0
-3.65197 1.1
-3.65172 1.2
-3.65148 1.2
-3.65123 1.3
-3.65099 1.4
-3.65075 1.5
-3.6505 1.6
-3.65026 1.7
-3.65001 1.8
-3.64977 1.9
-3.64952 1.9
-3.64928 2.0
-3.64904 2.1
-3.64879 2.2
-3.64855 2.2
-3.6483 2.3
-3.64806 2.3
-3.64782 2.4
-3.64757 2.4
-3.64733 2.5
-3.64708 2.5
-3.64684 2.6
-3.6466 2.6
-3.64635 2.6
-3.64611 2.7
-3.64586 2.7
-3.64562 2.7
-3.64537 2.7
-3.64513 2.7
-3.64489 2.7
-3.64464 2.7
-3.6444 2.7
-3.64415 2.7
-3.64391 2.7
-3.64367 2.7
-3.64342 2.7
-3.64318 2.7
-3.64293 2.6
-3.64269 2.6
-3.64244 2.6
-3.6422 2.5
-3.64196 2.5
-3.64171 2.4
-3.64147 2.4
-3.64122 2.3
-3.64098 2.3
-3.64074 2.2
-3.64049 2.1
-3.64025 2.1
-3.64 2.0
-3.63976 1.9
-3.63951 1.8
-3.63927 1.7
-3.63903 1.7
-3.63878 1.6
-3.63854 1.5
-3.63829 1.4
-3.63805 1.3
-3.63781 1.2
-3.63756 1.1
-3.63732 1.0
-3.63707 0.9
-3.63683 0.8
-3.63659 0.7
-3.63634 0.6
-3.6361 0.5
-3.63585 0.4
-3.63561 0.3
-3.63536 0.2
-3.63512 0.0
-3.63488 0.0
-3.63463 -0.2
-3.63439 -0.3
-3.63414 -0.4
-3.6339 -0.5
-3.63366 -0.6
-3.63341 -0.7
-3.63317 -0.8
-3.63292 -0.9
-3.63268 -1.0
-3.63243 -1.1
-3.63219 -1.2
-3.63195 -1.3
-3.6317 -1.4
-3.63146 -1.5
-3.63121 -1.6
-3.63097 -1.7
-3.63073 -1.7
-3.63048 -1.8
-3.63024 -1.9
-3.62999 -2.0
-3.62975 -2.0
-3.62951 -2.1
-3.62926 -2.2
-3.62902 -2.2
-3.62877 -2.3
-3.62853 -2.4
-3.62828 -2.4
-3.62804 -2.5
-3.6278 -2.5
-3.62755 -2.6
-3.62731 -2.6
-3.62706 -2.6
-3.62682 -2.7
-3.62658 -2.7
-3.62633 -2.7
-3.62609 -2.7
-3.62584 -2.7
-3.6256 -2.7
-3.62535 -2.7
-3.62511 -2.7
-3.62487 -2.7
-3.62462 -2.7
-3.62438 -2.7
-3.62413 -2.7
-3.62389 -2.7
-3.62365 -2.6
-3.6234 -2.6
-3.62316 -2.6
-3.62291 -2.5
-3.62267 -2.5
-3.62243 -2.4
-3.62218 -2.4
-3.62194 -2.3
-3.62169 -2.3
-3.62145 -2.2
-3.6212 -2.2
-3.62096 -2.1
-3.62072 -2.0
-3.62047 -1.9
-3.62023 -1.9
-3.61998 -1.8
-3.61974 -1.7
-3.6195 -1.6
-3.61925 -1.5
-3.61901 -1.4
-3.61876 -1.3
-3.61852 -1.3
-3.61827 -1.2
-3.61803 -1.1
-3.61779 -1.0
-3.61754 -0.9
-3.6173 -0.7
-3.61705 -0.6
-3.61681 -0.5
-3.61657 -0.4
-3.61632 -0.3
-3.61608 -0.2
-3.61583 -0.1
-3.61559 0.0
-3.61535 0.1
-3.6151 0.2
-3.61486 0.3
-3.61461 0.4
-3.61437 0.5
-3.61412 0.6
-3.61388 0.7
-3.61364 0.9
-3.61339 1.0
-3.61315 1.1
-3.6129 1.2
-3.61266 1.3
-3.61242 1.3
-3.61217 1.4
-3.61193 1.5
-3.61168 1.6
-3.61144 1.7
-3.61119 1.8
-3.61095 1.9
-3.61071 1.9
-3.61046 2.0
-3.61022 2.1
-3.60997 2.2
-3.60973 2.2
-3.60949 2.3
-3.60924 2.3
-3.609 2.4
-3.60875 2.5
-3.60851 2.5
-3.60826 2.5
-3.60802 2.6
-3.60778 2.6
-3.60753 2.6
-3.60729 2.7
-3.60704 2.7
-3.6068 2.7
-3.60656 2.7
-3.60631 2.7
-3.60607 2.7
-3.60582 2.7
-3.60558 2.7
-3.60534 2.7
-3.60509 2.7
-3.60485 2.7
-3.6046 2.7
-3.60436 2.7
-3.60411 2.6
-3.60387 2.6
-3.60363 2.6
-3.60338 2.5
-3.60314 2.5
-3.60289 2.4
-3.60265 2.4
-3.60241 2.3
-3.60216 2.2
-3.60192 2.2
-3.60167 2.1
-3.60143 2.0
-3.60118 2.0
-3.60094 1.9
-3.6007 1.8
-3.60045 1.7
-3.60021 1.7
-3.59996 1.6
-3.59972 1.5
-3.59948 1.4
-3.59923 1.3
-3.59899 1.2
-3.59874 1.1
-3.5985 1.0
-3.59826 0.9
-3.59801 0.8
-3.59777 0.7
-3.59752 0.6
-3.59728 0.5
-3.59703 0.4
-3.59679 0.2
-3.59655 0.1
-3.5963 0.0
-3.59606 0.0
-3.59581 -0.2
-3.59557 -0.3
-3.59533 -0.4
-3.59508 -0.5
-3.59484 -0.6
-3.59459 -0.7
-3.59435 -0.8
-3.5941 -0.9
-3.59386 -1.0
-3.59362 -1.1
-3.59337 -1.2
-3.59313 -1.3
-3.59288 -1.4
-3.59264 -1.5
-3.5924 -1.6
-3.59215 -1.7
-3.59191 -1.8
-3.59166 -1.9
-3.59142 -1.9
-3.59118 -2.0
-3.59093 -2.1
-3.59069 -2.1
-3.59044 -2.2
-3.5902 -2.3
-3.58995 -2.3
-3.58971 -2.4
-3.58947 -2.4
-3.58922 -2.5
-3.58898 -2.5
-3.58873 -2.6
-3.58849 -2.6
-3.58825 -2.6
-3.588 -2.7
-3.58776 -2.7
-3.58751 -2.7
-3.58727 -2.7
-3.58702 -2.7
-3.58678 -2.7
-3.58654 -2.7
-3.58629 -2.7
-3.58605 -2.7
-3.5858 -2.7
-3.58556 -2.7
-3.58532 -2.7
-3.58507 -2.7
-3.58483 -2.6
-3.58458 -2.6
-3.58434 -2.6
-3.5841 -2.5
-3.58385 -2.5
-3.58361 -2.4
-3.58336 -2.4
-3.58312 -2.3
-3.58287 -2.3
-3.58263 -2.2
-3.58239 -2.1
-3.58214 -2.1
-3.5819 -2.0
-3.58165 -1.9
-3.58141 -1.8
-3.58117 -1.8
-3.58092 -1.7
-3.58068 -1.6
-3.58043 -1.5
-3.58019 -1.4
-3.57994 -1.3
-3.5797 -1.2
-3.57946 -1.1
-3.57921 -1.0
-3.57897 -0.9
-3.57872 -0.8
-3.57848 -0.7
-3.57824 -0.6
-3.57799 -0.5
-3.57775 -0.4
-3.5775 -0.3
-3.57726 -0.2
-3.57701 0.0
-3.57677 0.0
-3.57653 0.2
-3.57628 0.3
-3.57604 0.4
-3.57579 0.5
-3.57555 0.6
-3.57531 0.7
-3.57506 0.8
-3.57482 0.9
-3.57457 1.0
-3.57433 1.1
-3.57409 1.2
-3.57384 1.3
-3.5736 1.4
-3.57335 1.5
-3.57311 1.6
-3.57286 1.7
-3.57262 1.8
-3.57238 1.8
-3.57213 1.9
-3.57189 2.0
-3.57164 2.1
-3.5714 2.1
-3.57116 2.2
-3.57091 2.3
-3.57067 2.3
-3.57042 2.4
-3.57018 2.4
-3.56993 2.5
-3.56969 2.5
-3.56945 2.6
-3.5692 2.6
-3.56896 2.6
-3.56871 2.7
-3.56847 2.7
-3.56823 2.7
-3.56798 2.7
-3.56774 2.7
-3.56749 2.7
-3.56725 2.7
-3.56701 2.7
-3.56676 2.7
-3.56652 2.7
-3.56627 2.7
-3.56603 2.7
-3.56578 2.7
-3.56554 2.6
-3.5653 2.6
-3.56505 2.6
-3.56481 2.5
-3.56456 2.5
-3.56432 2.4
-3.56408 2.4
-3.56383 2.3
-3.56359 2.3
-3.56334 2.2
-3.5631 2.1
-3.56285 2.1
-3.56261 2.0
-3.56237 1.9
-3.56212 1.8
-3.56188 1.8
-3.56163 1.7
-3.56139 1.6
-3.56115 1.5
-3.5609 1.4
-3.56066 1.3
-3.56041 1.2
-3.56017 1.1
-3.55993 1.0
-3.55968 0.9
-3.55944 0.8
-3.55919 0.7
-3.55895 0.6
-3.5587 0.5
-3.55846 0.4
-3.55822 0.3
-3.55797 0.2
-3.55773 0.0
-3.55748 0.0
-3.55724 -0.2
-3.557 -0.3
-3.55675 -0.4
-3.55651 -0.5
-3.55626 -0.6
-3.55602 -0.7
-3.55577 -0.8
-3.55553 -0.9
-3.55529 -1.0
-3.55504 -1.1
-3.5548 -1.2
-3.55455 -1.3
-3.55431 -1.4
-3.55407 -1.5
-3.55382 -1.6
-3.55358 -1.7
-3.55333 -1.8
-3.55309 -1.9
-3.55285 -1.9
-3.5526 -2.0
-3.55236 -2.1
-3.55211 -2.2
-3.55187 -2.2
-3.55162 -2.3
-3.55138 -2.3
-3.55114 -2.4
-3.55089 -2.4
-3.55065 -2.5
-3.5504 -2.5
-3.55016 -2.6
-3.54992 -2.6
-3.54967 -2.6
-3.54943 -2.7
-3.54918 -2.7
-3.54894 -2.7
-3.54869 -2.7
-3.54845 -2.7
-3.54821 -2.7
-3.54796 -2.7
-3.54772 -2.7
-3.54747 -2.7
-3.54723 -2.7
-3.54699 -2.7
-3.54674 -2.7
-3.5465 -2.7
-3.54625 -2.6
-3.54601 -2.6
-3.54576 -2.6
-3.54552 -2.5
-3.54528 -2.5
-3.54503 -2.4
-3.54479 -2.4
-3.54454 -2.3
-3.5443 -2.3
-3.54406 -2.2
-3.54381 -2.1
-3.54357 -2.1
-3.54332 -2.0
-3.54308 -1.9
-3.54284 -1.8
-3.54259 -1.7
-3.54235 -1.7
-3.5421 -1.6
-3.54186 -1.5
-3.54161 -1.4
-3.54137 -1.3
-3.54113 -1.2
-3.54088 -1.1
-3.54064 -1.0
-3.54039 -0.9
-3.54015 -0.8
-3.53991 -0.7
-3.53966 -0.6
-3.53942 -0.5
-3.53917 -0.4
-3.53893 -0.2
-3.53868 -0.1
-3.53844 0.0
-3.5382 0.0
-3.53795 0.2
-3.53771 0.3
-3.53746 0.4
-3.53722 0.5
-3.53698 0.6
-3.53673 0.7
-3.53649 0.8
-3.53624 0.9
-3.536 1.0
-3.53576 1.1
-3.53551 1.2
-3.53527 1.3
-3.53502 1.4
-3.53478 1.5
-3.53453 1.6
-3.53429 1.7
-3.53405 1.8
-3.5338 1.9
-3.53356 2.0
-3.53331 2.0
-3.53307 2.1
-3.53283 2.2
-3.53258 2.2
-3.53234 2.3
-3.53209 2.4
-3.53185 2.4
-3.5316 2.5
-3.53136 2.5
-3.53112 2.6
-3.53087 2.6
-3.53063 2.6
-3.53038 2.7
-3.53014 2.7
-3.5299 2.7
-3.52965 2.7
-3.52941 2.7
-3.52916 2.7
-3.52892 2.8
-3.52868 2.8
-3.52843 2.7
-3.52819 2.7
-3.52794 2.7
-3.5277 2.7
-3.52745 2.7
-3.52721 2.7
-3.52697 2.6
-3.52672 2.6
-3.52648 2.6
-3.52623 2.5
-3.52599 2.5
-3.52575 2.4
-3.5255 2.4
-3.52526 2.3
-3.52501 2.2
-3.52477 2.2
-3.52452 2.1
-3.52428 2.0
-3.52404 2.0
-3.52379 1.9
-3.52355 1.8
-3.5233 1.7
-3.52306 1.6
-3.52282 1.5
-3.52257 1.5
-3.52233 1.4
-3.52208 1.3
-3.52184 1.2
-3.5216 1.1
-3.52135 1.0
-3.52111 0.9
-3.52086 0.8
-3.52062 0.6
-3.52037 0.5
-3.52013 0.4
-3.51989 0.3
-3.51964 0.2
-3.5194 0.1
-3.51915 0.0
-3.51891 -0.1
-3.51867 -0.2
-3.51842 -0.3
-3.51818 -0.4
-3.51793 -0.6
-3.51769 -0.7
-3.51744 -0.8
-3.5172 -0.9
-3.51696 -1.0
-3.51671 -1.1
-3.51647 -1.2
-3.51622 -1.3
-3.51598 -1.4
-3.51574 -1.5
-3.51549 -1.6
-3.51525 -1.7
-3.515 -1.7
-3.51476 -1.8
-3.51451 -1.9
-3.51427 -2.0
-3.51403 -2.1
-3.51378 -2.1
-3.51354 -2.2
-3.51329 -2.3
-3.51305 -2.3
-3.51281 -2.4
-3.51256 -2.4
-3.51232 -2.5
-3.51207 -2.5
-3.51183 -2.6
-3.51159 -2.6
-3.51134 -2.6
-3.5111 -2.7
-3.51085 -2.7
-3.51061 -2.7
-3.51036 -2.7
-3.51012 -2.7
-3.50988 -2.8
-3.50963 -2.8
-3.50939 -2.8
-3.50914 -2.7
-3.5089 -2.7
-3.50866 -2.7
-3.50841 -2.7
-3.50817 -2.7
-3.50792 -2.7
-3.50768 -2.6
-3.50743 -2.6
-3.50719 -2.5
-3.50695 -2.5
-3.5067 -2.5
-3.50646 -2.4
-3.50621 -2.3
-3.50597 -2.3
-3.50573 -2.2
-3.50548 -2.2
-3.50524 -2.1
-3.50499 -2.0
-3.50475 -1.9
-3.50451 -1.9
-3.50426 -1.8
-3.50402 -1.7
-3.50377 -1.6
-3.50353 -1.5
-3.50328 -1.4
-3.50304 -1.3
-3.5028 -1.2
-3.50255 -1.1
-3.50231 -1.0
-3.50206 -0.9
-3.50182 -0.8
-3.50158 -0.7
-3.50133 -0.6
-3.50109 -0.5
-3.50084 -0.4
-3.5006 -0.3
-3.50035 -0.2
-3.50011 0.0
-3.49987 0.0
-3.49962 0.2
-3.49938 0.3
-3.49913 0.4
-3.49889 0.5
-3.49865 0.6
-3.4984 0.7
-3.49816 0.8
-3.49791 0.9
-3.49767 1.0
-3.49743 1.1
-3.49718 1.2
-3.49694 1.3
-3.49669 1.4
-3.49645 1.5
-3.4962 1.6
-3.49596 1.7
-3.49572 1.8
-3.49547 1.9
-3.49523 1.9
-3.49498 2.0
-3.49474 2.1
-3.4945 2.2
-3.49425 2.2
-3.49401 2.3
-3.49376 2.4
-3.49352 2.4
-3.49327 2.5
-3.49303 2.5
-3.49279 2.6
-3.49254 2.6
-3.4923 2.6
-3.49205 2.7
-3.49181 2.7
-3.49157 2.7
-3.49132 2.7
-3.49108 2.7
-3.49083 2.8
-3.49059 2.8
-3.49035 2.8
-3.4901 2.8
-3.48986 2.7
-3.48961 2.7
-3.48937 2.7
-3.48912 2.7
-3.48888 2.7
-3.48864 2.6
-3.48839 2.6
-3.48815 2.6
-3.4879 2.5
-3.48766 2.5
-3.48742 2.4
-3.48717 2.4
-3.48693 2.3
-3.48668 2.3
-3.48644 2.2
-3.48619 2.1
-3.48595 2.0
-3.48571 2.0
-3.48546 1.9
-3.48522 1.8
-3.48497 1.7
-3.48473 1.6
-3.48449 1.5
-3.48424 1.5
-3.484 1.4
-3.48375 1.3
-3.48351 1.2
-3.48326 1.1
-3.48302 1.0
-3.48278 0.8
-3.48253 0.7
-3.48229 0.6
-3.48204 0.5
-3.4818 0.4
-3.48156 0.3
-3.48131 0.2
-3.48107 0.0
-3.48082 0.0
-3.48058 -0.1
-3.48034 -0.2
-3.48009 -0.4
-3.47985 -0.5
-3.4796 -0.6
-3.47936 -0.7
-3.47911 -0.8
-3.47887 -0.9
-3.47863 -1.0
-3.47838 -1.1
-3.47814 -1.2
-3.47789 -1.3
-3.47765 -1.4
-3.47741 -1.5
-3.47716 -1.6
-3.47692 -1.7
-3.47667 -1.8
-3.47643 -1.8
-3.47618 -1.9
-3.47594 -2.0
-3.4757 -2.1
-3.47545 -2.2
-3.47521 -2.2
-3.47496 -2.3
-3.47472 -2.3
-3.47448 -2.4
-3.47423 -2.5
-3.47399 -2.5
-3.47374 -2.5
-3.4735 -2.6
-3.47326 -2.6
-3.47301 -2.7
-3.47277 -2.7
-3.47252 -2.7
-3.47228 -2.7
-3.47203 -2.7
-3.47179 -2.8
-3.47155 -2.8
-3.4713 -2.8
-3.47106 -2.8
-3.47081 -2.8
-3.47057 -2.7
-3.47033 -2.7
-3.47008 -2.7
-3.46984 -2.7
-3.46959 -2.7
-3.46935 -2.6
-3.4691 -2.6
-3.46886 -2.5
-3.46862 -2.5
-3.46837 -2.4
-3.46813 -2.4
-3.46788 -2.3
-3.46764 -2.3
-3.4674 -2.2
-3.46715 -2.1
-3.46691 -2.1
-3.46666 -2.0
-3.46642 -1.9
-3.46618 -1.8
-3.46593 -1.7
-3.46569 -1.7
-3.46544 -1.6
-3.4652 -1.5
-3.46495 -1.4
-3.46471 -1.3
-3.46447 -1.2
-3.46422 -1.1
-3.46398 -1.0
-3.46373 -0.9
-3.46349 -0.8
-3.46325 -0.7
-3.463 -0.5
-3.46276 -0.4
-3.46251 -0.3
-3.46227 -0.2
-3.46202 -0.1
-3.46178 0.0
-3.46154 0.1
-3.46129 0.2
-3.46105 0.3
-3.4608 0.4
-3.46056 0.6
-3.46032 0.7
-3.46007 0.8
-3.45983 0.9
-3.45958 1.0
-3.45934 1.1
-3.4591 1.2
-3.45885 1.3
-3.45861 1.4
-3.45836 1.5
-3.45812 1.6
-3.45787 1.7
-3.45763 1.8
-3.45739 1.8
-3.45714 1.9
-3.4569 2.0
-3.45665 2.1
-3.45641 2.1
-3.45617 2.2
-3.45592 2.3
-3.45568 2.3
-3.45543 2.4
-3.45519 2.4
-3.45494 2.5
-3.4547 2.5
-3.45446 2.6
-3.45421 2.6
-3.45397 2.7
-3.45372 2.7
-3.45348 2.7
-3.45324 2.7
-3.45299 2.7
-3.45275 2.8
-3.4525 2.8
-3.45226 2.8
-3.45201 2.8
-3.45177 2.8
-3.45153 2.7
-3.45128 2.7
-3.45104 2.7
-3.45079 2.7
-3.45055 2.7
-3.45031 2.6
-3.45006 2.6
-3.44982 2.5
-3.44957 2.5
-3.44933 2.5
-3.44909 2.4
-3.44884 2.3
-3.4486 2.3
-3.44835 2.2
-3.44811 2.1
-3.44786 2.1
-3.44762 2.0
-3.44738 1.9
-3.44713 1.8
-3.44689 1.8
-3.44664 1.7
-3.4464 1.6
-3.44616 1.5
-3.44591 1.4
-3.44567 1.3
-3.44542 1.2
-3.44518 1.1
-3.44493 1.0
-3.44469 0.9
-3.44445 0.8
-3.4442 0.7
-3.44396 0.6
-3.44371 0.4
-3.44347 0.3
-3.44323 0.2
-3.44298 0.1
-3.44274 0.0
-3.44249 -0.1
-3.44225 -0.2
-3.44201 -0.3
-3.44176 -0.4
-3.44152 -0.6
-3.44127 -0.7
-3.44103 -0.8
-3.44078 -0.9
-3.44054 -1.0
-3.4403 -1.1
-3.44005 -1.2
-3.43981 -1.3
-3.43956 -1.4
-3.43932 -1.5
-3.43908 -1.6
-3.43883 -1.7
-3.43859 -1.8
-3.43834 -1.8
-3.4381 -1.9
-3.43785 -2.0
-3.43761 -2.1
-3.43737 -2.1
-3.43712 -2.2
-3.43688 -2.3
-3.43663 -2.3
-3.43639 -2.4
-3.43615 -2.5
-3.4359 -2.5
-3.43566 -2.5
-3.43541 -2.6
-3.43517 -2.6
-3.43493 -2.7
-3.43468 -2.7
-3.43444 -2.7
-3.43419 -2.7
-3.43395 -2.8
-3.4337 -2.8
-3.43346 -2.8
-3.43322 -2.8
-3.43297 -2.8
-3.43273 -2.8
-3.43248 -2.8
-3.43224 -2.7
-3.432 -2.7
-3.43175 -2.7
-3.43151 -2.7
-3.43126 -2.6
-3.43102 -2.6
-3.43077 -2.5
-3.43053 -2.5
-3.43029 -2.5
-3.43004 -2.4
-3.4298 -2.3
-3.42955 -2.3
-3.42931 -2.2
-3.42907 -2.1
-3.42882 -2.1
-3.42858 -2.0
-3.42833 -1.9
-3.42809 -1.8
-3.42785 -1.7
-3.4276 -1.7
-3.42736 -1.6
-3.42711 -1.5
-3.42687 -1.4
-3.42662 -1.3
-3.42638 -1.2
-3.42614 -1.1
-3.42589 -1.0
-3.42565 -0.9
-3.4254 -0.8
-3.42516 -0.7
-3.42492 -0.5
-3.42467 -0.4
-3.42443 -0.3
-3.42418 -0.2
-3.42394 0.0
-3.42369 0.0
-3.42345 0.1
-3.42321 0.2
-3.42296 0.3
-3.42272 0.5
-3.42247 0.6
-3.42223 0.7
-3.42199 0.8
-3.42174 0.9
-3.4215 1.0
-3.42125 1.1
-3.42101 1.2
-3.42076 1.3
-3.42052 1.4
-3.42028 1.5
-3.42003 1.6
-3.41979 1.7
-3.41954 1.8
-3.4193 1.9
-3.41906 1.9
-3.41881 2.0
-3.41857 2.1
-3.41832 2.2
-3.41808 2.2
-3.41784 2.3
-3.41759 2.4
-3.41735 2.4
-3.4171 2.5
-3.41686 2.5
-3.41661 2.6
-3.41637 2.6
-3.41613 2.6
-3.41588 2.7
-3.41564 2.7
-3.41539 2.7
-3.41515 2.7
-3.41491 2.8
-3.41466 2.8
-3.41442 2.8
-3.41417 2.8
-3.41393 2.8
-3.41368 2.8
-3.41344 2.8
-3.4132 2.7
-3.41295 2.7
-3.41271 2.7
-3.41246 2.7
-3.41222 2.6
-3.41198 2.6
-3.41173 2.5
-3.41149 2.5
-3.41124 2.4
-3.411 2.4
-3.41076 2.3
-3.41051 2.3
-3.41027 2.2
-3.41002 2.1
-3.40978 2.1
-3.40953 2.0
-3.40929 1.9
-3.40905 1.8
-3.4088 1.7
-3.40856 1.6
-3.40831 1.5
-3.40807 1.5
-3.40783 1.4
-3.40758 1.3
-3.40734 1.2
-3.40709 1.1
-3.40685 0.9
-3.4066 0.8
-3.40636 0.7
-3.40612 0.6
-3.40587 0.5
-3.40563 0.4
-3.40538 0.3
-3.40514 0.2
-3.4049 0.0
-3.40465 0.0
-3.40441 -0.2
-3.40416 -0.3
-3.40392 -0.4
-3.40368 -0.5
-3.40343 -0.6
-3.40319 -0.7
-3.40294 -0.8
-3.4027 -0.9
-3.40245 -1.0
-3.40221 -1.1
-3.40197 -1.2
-3.40172 -1.3
-3.40148 -1.4
-3.40123 -1.5
-3.40099 -1.6
-3.40075 -1.7
-3.4005 -1.8
-3.40026 -1.9
-3.40001 -2.0
-3.39977 -2.0
-3.39952 -2.1
-3.39928 -2.2
-3.39904 -2.3
-3.39879 -2.3
-3.39855 -2.4
-3.3983 -2.4
-3.39806 -2.5
-3.39782 -2.5
-3.39757 -2.6
-3.39733 -2.6
-3.39708 -2.7
-3.39684 -2.7
-3.3966 -2.7
-3.39635 -2.7
-3.39611 -2.8
-3.39586 -2.8
-3.39562 -2.8
-3.39537 -2.8
-3.39513 -2.8
-3.39489 -2.8
-3.39464 -2.8
-3.3944 -2.7
-3.39415 -2.7
-3.39391 -2.7
-3.39367 -2.7
-3.39342 -2.6
-3.39318 -2.6
-3.39293 -2.6
-3.39269 -2.5
-3.39244 -2.5
-3.3922 -2.4
-3.39196 -2.4
-3.39171 -2.3
-3.39147 -2.2
-3.39122 -2.2
-3.39098 -2.1
-3.39074 -2.0
-3.39049 -1.9
-3.39025 -1.9
-3.39 -1.8
-3.38976 -1.7
-3.38951 -1.6
-3.38927 -1.5
-3.38903 -1.4
-3.38878 -1.3
-3.38854 -1.2
-3.38829 -1.1
-3.38805 -1.0
-3.38781 -0.9
-3.38756 -0.8
-3.38732 -0.7
-3.38707 -0.6
-3.38683 -0.5
-3.38659 -0.4
-3.38634 -0.2
-3.3861 -0.1
-3.38585 0.0
-3.38561 0.0
-3.38536 0.2
-3.38512 0.3
-3.38488 0.4
-3.38463 0.5
-3.38439 0.7
-3.38414 0.8
-3.3839 0.9
-3.38366 1.0
-3.38341 1.1
-3.38317 1.2
-3.38292 1.3
-3.38268 1.4
-3.38243 1.5
-3.38219 1.6
-3.38195 1.7
-3.3817 1.8
-3.38146 1.8
-3.38121 1.9
-3.38097 2.0
-3.38073 2.1
-3.38048 2.2
-3.38024 2.2
-3.37999 2.3
-3.37975 2.4
-3.37951 2.4
-3.37926 2.5
-3.37902 2.5
-3.37877 2.6
-3.37853 2.6
-3.37828 2.6
-3.37804 2.7
-3.3778 2.7
-3.37755 2.7
-3.37731 2.7
-3.37706 2.8
-3.37682 2.8
-3.37658 2.8
-3.37633 2.8
-3.37609 2.8
-3.37584 2.8
-3.3756 2.8
-3.37535 2.7
-3.37511 2.7
-3.37487 2.7
-3.37462 2.7
-3.37438 2.6
-3.37413 2.6
-3.37389 2.6
-3.37365 2.5
-3.3734 2.5
-3.37316 2.4
-3.37291 2.3
-3.37267 2.3
-3.37243 2.2
-3.37218 2.1
-3.37194 2.1
-3.37169 2.0
-3.37145 1.9
-3.3712 1.8
-3.37096 1.7
-3.37072 1.6
-3.37047 1.6
-3.37023 1.5
-3.36998 1.4
-3.36974 1.3
-3.3695 1.2
-3.36925 1.1
-3.36901 1.0
-3.36876 0.8
-3.36852 0.7
-3.36827 0.6
-3.36803 0.5
-3.36779 0.4
-3.36754 0.3
-3.3673 0.2
-3.36705 0.0
-3.36681 0.0
-3.36657 -0.2
-3.36632 -0.3
-3.36608 -0.4
-3.36583 -0.5
-3.36559 -0.6
-3.36535 -0.7
-3.3651 -0.8
-3.36486 -0.9
-3.36461 -1.0
-3.36437 -1.1
-3.36412 -1.2
-3.36388 -1.3
-3.36364 -1.4
-3.36339 -1.5
-3.36315 -1.6
-3.3629 -1.7
-3.36266 -1.8
-3.36242 -1.9
-3.36217 -2.0
-3.36193 -2.1
-3.36168 -2.1
-3.36144 -2.2
-3.36119 -2.3
-3.36095 -2.3
-3.36071 -2.4
-3.36046 -2.4
-3.36022 -2.5
-3.35997 -2.5
-3.35973 -2.6
-3.35949 -2.6
-3.35924 -2.7
-3.359 -2.7
-3.35875 -2.7
-3.35851 -2.7
-3.35826 -2.8
-3.35802 -2.8
-3.35778 -2.8
-3.35753 -2.8
-3.35729 -2.8
-3.35704 -2.8
-3.3568 -2.8
-3.35656 -2.8
-3.35631 -2.7
-3.35607 -2.7
-3.35582 -2.7
-3.35558 -2.6
-3.35534 -2.6
-3.35509 -2.6
-3.35485 -2.5
-3.3546 -2.5
-3.35436 -2.4
-3.35411 -2.4
-3.35387 -2.3
-3.35363 -2.2
-3.35338 -2.2
-3.35314 -2.1
-3.35289 -2.0
-3.35265 -1.9
-3.35241 -1.8
-3.35216 -1.8
-3.35192 -1.7
-3.35167 -1.6
-3.35143 -1.5
-3.35118 -1.4
-3.35094 -1.3
-3.3507 -1.2
-3.35045 -1.1
-3.35021 -1.0
-3.34996 -0.9
-3.34972 -0.8
-3.34948 -0.7
-3.34923 -0.5
-3.34899 -0.4
-3.34874 -0.3
-3.3485 -0.2
-3.34826 0.0
-3.34801 0.0
-3.34777 0.1
-3.34752 0.2
-3.34728 0.4
-3.34703 0.5
-3.34679 0.6
-3.34655 0.7
-3.3463 0.8
-3.34606 0.9
-3.34581 1.0
-3.34557 1.1
-3.34533 1.2
-3.34508 1.3
-3.34484 1.4
-3.34459 1.5
-3.34435 1.6
-3.3441 1.7
-3.34386 1.8
-3.34362 1.9
-3.34337 2.0
-3.34313 2.0
-3.34288 2.1
-3.34264 2.2
-3.3424 2.3
-3.34215 2.3
-3.34191 2.4
-3.34166 2.4
-3.34142 2.5
-3.34118 2.5
-3.34093 2.6
-3.34069 2.6
-3.34044 2.7
-3.3402 2.7
-3.33995 2.7
-3.33971 2.7
-3.33947 2.8
-3.33922 2.8
-3.33898 2.8
-3.33873 2.8
-3.33849 2.8
-3.33825 2.8
-3.338 2.8
-3.33776 2.8
-3.33751 2.7
-3.33727 2.7
-3.33702 2.7
-3.33678 2.7
-3.33654 2.6
-3.33629 2.6
-3.33605 2.5
-3.3358 2.5
-3.33556 2.4
-3.33532 2.4
-3.33507 2.3
-3.33483 2.2
-3.33458 2.2
-3.33434 2.1
-3.3341 2.0
-3.33385 1.9
-3.33361 1.9
-3.33336 1.8
-3.33312 1.7
-3.33287 1.6
-3.33263 1.5
-3.33239 1.4
-3.33214 1.3
-3.3319 1.2
-3.33165 1.1
-3.33141 1.0
-3.33117 0.9
-3.33092 0.8
-3.33068 0.7
-3.33043 0.6
-3.33019 0.4
-3.32994 0.3
-3.3297 0.2
-3.32946 0.1
-3.32921 0.0
-3.32897 -0.1
-3.32872 -0.2
-3.32848 -0.4
-3.32824 -0.5
-3.32799 -0.6
-3.32775 -0.7
-3.3275 -0.8
-3.32726 -0.9
-3.32701 -1.0
-3.32677 -1.1
-3.32653 -1.2
-3.32628 -1.3
-3.32604 -1.4
-3.32579 -1.5
-3.32555 -1.6
-3.32531 -1.7
-3.32506 -1.8
-3.32482 -1.9
-3.32457 -2.0
-3.32433 -2.0
-3.32409 -2.1
-3.32384 -2.2
-3.3236 -2.3
-3.32335 -2.3
-3.32311 -2.4
-3.32286 -2.4
-3.32262 -2.5
-3.32238 -2.5
-3.32213 -2.6
-3.32189 -2.6
-3.32164 -2.7
-3.3214 -2.7
-3.32116 -2.7
-3.32091 -2.7
-3.32067 -2.8
-3.32042 -2.8
-3.32018 -2.8
-3.31993 -2.8
-3.31969 -2.8
-3.31945 -2.8
-3.3192 -2.8
-3.31896 -2.8
-3.31871 -2.7
-3.31847 -2.7
-3.31823 -2.7
-3.31798 -2.7
-3.31774 -2.6
-3.31749 -2.6
-3.31725 -2.5
-3.31701 -2.5
-3.31676 -2.4
-3.31652 -2.4
-3.31627 -2.3
-3.31603 -2.2
-3.31578 -2.2
-3.31554 -2.1
-3.3153 -2.0
-3.31505 -1.9
-3.31481 -1.9
-3.31456 -1.8
-3.31432 -1.7
-3.31408 -1.6
-3.31383 -1.5
-3.31359 -1.4
-3.31334 -1.3
-3.3131 -1.2
-3.31285 -1.1
-3.31261 -1.0
-3.31237 -0.9
-3.31212 -0.8
-3.31188 -0.7
-3.31163 -0.5
-3.31139 -0.4
-3.31115 -0.3
-3.3109 -0.2
-3.31066 0.0
-3.31041 0.0
-3.31017 0.1
-3.30993 0.2
-3.30968 0.4
-3.30944 0.5
-3.30919 0.6
-3.30895 0.7
-3.3087 0.8
-3.30846 0.9
-3.30822 1.0
-3.30797 1.1
-3.30773 1.2
-3.30748 1.3
-3.30724 1.4
-3.307 1.5
-3.30675 1.6
-3.30651 1.7
-3.30626 1.8
-3.30602 1.9
-3.30577 2.0
-3.30553 2.1
-3.30529 2.1
-3.30504 2.2
-3.3048 2.3
-3.30455 2.3
-3.30431 2.4
-3.30407 2.5
-3.30382 2.5
-3.30358 2.6
-3.30333 2.6
-3.30309 2.6
-3.30285 2.7
-3.3026 2.7
-3.30236 2.7
-3.30211 2.8
-3.30187 2.8
-3.30162 2.8
-3.30138 2.8
-3.30114 2.8
-3.30089 2.8
-3.30065 2.8
-3.3004 2.8
-3.30016 2.8
-3.29992 2.7
-3.29967 2.7
-3.29943 2.7
-3.29918 2.7
-3.29894 2.6
-3.29869 2.6
-3.29845 2.5
-3.29821 2.5
-3.29796 2.4
-3.29772 2.4
-3.29747 2.3
-3.29723 2.2
-3.29699 2.2
-3.29674 2.1
-3.2965 2.0
-3.29625 1.9
-3.29601 1.8
-3.29576 1.8
-3.29552 1.7
-3.29528 1.6
-3.29503 1.5
-3.29479 1.4
-3.29454 1.3
-3.2943 1.2
-3.29406 1.1
-3.29381 1.0
-3.29357 0.9
-3.29332 0.7
-3.29308 0.6
-3.29284 0.5
-3.29259 0.4
-3.29235 0.3
-3.2921 0.2
-3.29186 0.0
-3.29161 0.0
-3.29137 -0.2
-3.29113 -0.3
-3.29088 -0.4
-3.29064 -0.5
-3.29039 -0.6
-3.29015 -0.7
-3.28991 -0.8
-3.28966 -0.9
-3.28942 -1.1
-3.28917 -1.2
-3.28893 -1.3
-3.28868 -1.4
-3.28844 -1.5
-3.2882 -1.6
-3.28795 -1.7
-3.28771 -1.7
-3.28746 -1.8
-3.28722 -1.9
-3.28698 -2.0
-3.28673 -2.1
-3.28649 -2.2
-3.28624 -2.2
-3.286 -2.3
-3.28576 -2.4
-3.28551 -2.4
-3.28527 -2.5
-3.28502 -2.5
-3.28478 -2.6
-3.28453 -2.6
-3.28429 -2.7
-3.28405 -2.7
-3.2838 -2.7
-3.28356 -2.7
-3.28331 -2.8
-3.28307 -2.8
-3.28283 -2.8
-3.28258 -2.8
-3.28234 -2.8
-3.28209 -2.8
-3.28185 -2.8
-3.2816 -2.8
-3.28136 -2.8
-3.28112 -2.7
-3.28087 -2.7
-3.28063 -2.7
-3.28038 -2.6
-3.28014 -2.6
-3.2799 -2.6
-3.27965 -2.5
-3.27941 -2.5
-3.27916 -2.4
-3.27892 -2.3
-3.27868 -2.3
-3.27843 -2.2
-3.27819 -2.1
-3.27794 -2.1
-3.2777 -2.0
-3.27745 -1.9
-3.27721 -1.8
-3.27697 -1.7
-3.27672 -1.6
-3.27648 -1.5
-3.27623 -1.4
-3.27599 -1.3
-3.27575 -1.2
-3.2755 -1.1
-3.27526 -1.0
-3.27501 -0.9
-3.27477 -0.8
-3.27452 -0.7
-3.27428 -0.6
-3.27404 -0.5
-3.27379 -0.4
-3.27355 -0.3
-3.2733 -0.1
-3.27306 0.0
-3.27282 0.0
-3.27257 0.2
-3.27233 0.3
-3.27208 0.4
-3.27184 0.5
-3.2716 0.7
-3.27135 0.8
-3.27111 0.9
-3.27086 1.0
-3.27062 1.1
-3.27037 1.2
-3.27013 1.3
-3.26989 1.4
-3.26964 1.5
-3.2694 1.6
-3.26915 1.7
-3.26891 1.8
-3.26867 1.9
-3.26842 2.0
-3.26818 2.0
-3.26793 2.1
-3.26769 2.2
-3.26744 2.3
-3.2672 2.3
-3.26696 2.4
-3.26671 2.4
-3.26647 2.5
-3.26622 2.5
-3.26598 2.6
-3.26574 2.6
-3.26549 2.7
-3.26525 2.7
-3.265 2.7
-3.26476 2.8
-3.26451 2.8
-3.26427 2.8
-3.26403 2.8
-3.26378 2.8
-3.26354 2.8
-3.26329 2.8
-3.26305 2.8
-3.26281 2.8
-3.26256 2.8
-3.26232 2.7
-3.26207 2.7
-3.26183 2.7
-3.26159 2.6
-3.26134 2.6
-3.2611 2.5
-3.26085 2.5
-3.26061 2.4
-3.26036 2.4
-3.26012 2.3
-3.25988 2.3
-3.25963 2.2
-3.25939 2.1
-3.25914 2.0
-3.2589 1.9
-3.25866 1.9
-3.25841 1.8
-3.25817 1.7
-3.25792 1.6
-3.25768 1.5
-3.25743 1.4
-3.25719 1.3
-3.25695 1.2
-3.2567 1.1
-3.25646 1.0
-3.25621 0.9
-3.25597 0.8
-3.25573 0.6
-3.25548 0.5
-3.25524 0.4
-3.25499 0.3
-3.25475 0.2
-3.25451 0.0
-3.25426 0.0
-3.25402 -0.2
-3.25377 -0.3
-3.25353 -0.4
-3.25328 -0.5
-3.25304 -0.6
-3.2528 -0.7
-3.25255 -0.8
-3.25231 -0.9
-3.25206 -1.1
-3.25182 -1.2
-3.25158 -1.3
-3.25133 -1.4
-3.25109 -1.5
-3.25084 -1.6
-3.2506 -1.7
-3.25035 -1.7
-3.25011 -1.8
-3.24987 -1.9
-3.24962 -2.0
-3.24938 -2.1
-3.24913 -2.2
-3.24889 -2.2
-3.24865 -2.3
-3.2484 -2.4
-3.24816 -2.4
-3.24791 -2.5
-3.24767 -2.5
-3.24743 -2.6
-3.24718 -2.6
-3.24694 -2.7
-3.24669 -2.7
-3.24645 -2.7
-3.2462 -2.8
-3.24596 -2.8
-3.24572 -2.8
-3.24547 -2.8
-3.24523 -2.8
-3.24498 -2.8
-3.24474 -2.8
-3.2445 -2.8
-3.24425 -2.8
-3.24401 -2.8
-3.24376 -2.7
-3.24352 -2.7
-3.24327 -2.7
-3.24303 -2.7
-3.24279 -2.6
-3.24254 -2.6
-3.2423 -2.5
-3.24205 -2.5
-3.24181 -2.4
-3.24157 -2.3
-3.24132 -2.3
-3.24108 -2.2
-3.24083 -2.1
-3.24059 -2.1
-3.24035 -2.0
-3.2401 -1.9
-3.23986 -1.8
-3.23961 -1.7
-3.23937 -1.6
-3.23912 -1.5
-3.23888 -1.4
-3.23864 -1.3
-3.23839 -1.2
-3.23815 -1.1
-3.2379 -1.0
-3.23766 -0.9
-3.23742 -0.8
-3.23717 -0.7
-3.23693 -0.6
-3.23668 -0.5
-3.23644 -0.3
-3.23619 -0.2
-3.23595 -0.1
-3.23571 0.0
-3.23546 0.1
-3.23522 0.2
-3.23497 0.4
-3.23473 0.5
-3.23449 0.6
-3.23424 0.7
-3.234 0.8
-3.23375 0.9
-3.23351 1.0
-3.23326 1.1
-3.23302 1.2
-3.23278 1.3
-3.23253 1.4
-3.23229 1.5
-3.23204 1.6
-3.2318 1.7
-3.23156 1.8
-3.23131 1.9
-3.23107 2.0
-3.23082 2.1
-3.23058 2.1
-3.23034 2.2
-3.23009 2.3
-3.22985 2.4
-3.2296 2.4
-3.22936 2.5
-3.22911 2.5
-3.22887 2.6
-3.22863 2.6
-3.22838 2.7
-3.22814 2.7
-3.22789 2.7
-3.22765 2.8
-3.22741 2.8
-3.22716 2.8
-3.22692 2.8
-3.22667 2.8
-3.22643 2.8
-3.22618 2.8
-3.22594 2.8
-3.2257 2.8
-3.22545 2.8
-3.22521 2.8
-3.22496 2.7
-3.22472 2.7
-3.22448 2.7
-3.22423 2.6
-3.22399 2.6
-3.22374 2.5
-3.2235 2.5
-3.22326 2.4
-3.22301 2.4
-3.22277 2.3
-3.22252 2.2
-3.22228 2.1
-3.22203 2.1
-3.22179 2.0
-3.22155 1.9
-3.2213 1.8
-3.22106 1.7
-3.22081 1.6
-3.22057 1.5
-3.22033 1.4
-3.22008 1.3
-3.21984 1.2
-3.21959 1.1
-3.21935 1.0
-3.2191 0.9
-3.21886 0.8
-3.21862 0.7
-3.21837 0.6
-3.21813 0.5
-3.21788 0.4
-3.21764 0.2
-3.2174 0.1
-3.21715 0.0
-3.21691 -0.1
-3.21666 -0.2
-3.21642 -0.3
-3.21618 -0.5
-3.21593 -0.6
-3.21569 -0.7
-3.21544 -0.8
-3.2152 -0.9
-3.21495 -1.0
-3.21471 -1.1
-3.21447 -1.2
-3.21422 -1.3
-3.21398 -1.4
-3.21373 -1.5
-3.21349 -1.6
-3.21325 -1.7
-3.213 -1.8
-3.21276 -1.9
-3.21251 -2.0
-3.21227 -2.1
-3.21202 -2.1
-3.21178 -2.2
-3.21154 -2.3
-3.21129 -2.4
-3.21105 -2.4
-3.2108 -2.5
-3.21056 -2.5
-3.21032 -2.6
-3.21007 -2.6
-3.20983 -2.7
-3.20958 -2.7
-3.20934 -2.7
-3.2091 -2.8
-3.20885 -2.8
-3.20861 -2.8
-3.20836 -2.8
-3.20812 -2.8
-3.20787 -2.8
-3.20763 -2.8
-3.20739 -2.8
-3.20714 -2.8
-3.2069 -2.8
-3.20665 -2.8
-3.20641 -2.7
-3.20617 -2.7
-3.20592 -2.7
-3.20568 -2.6
-3.20543 -2.6
-3.20519 -2.5
-3.20494 -2.5
-3.2047 -2.4
-3.20446 -2.4
-3.20421 -2.3
-3.20397 -2.2
-3.20372 -2.2
-3.20348 -2.1
-3.20324 -2.0
-3.20299 -1.9
-3.20275 -1.8
-3.2025 -1.7
-3.20226 -1.6
-3.20201 -1.5
-3.20177 -1.4
-3.20153 -1.3
-3.20128 -1.2
-3.20104 -1.1
-3.20079 -1.0
-3.20055 -0.9
-3.20031 -0.8
-3.20006 -0.7
-3.19982 -0.6
-3.19957 -0.5
-3.19933 -0.4
-3.19909 -0.2
-3.19884 -0.1
-3.1986 0.0
-3.19835 0.1
-3.19811 0.2
-3.19786 0.3
-3.19762 0.5
-3.19738 0.6
-3.19713 0.7
-3.19689 0.8
-3.19664 0.9
-3.1964 1.0
-3.19616 1.1
-3.19591 1.2
-3.19567 1.3
-3.19542 1.4
-3.19518 1.5
-3.19493 1.6
-3.19469 1.7
-3.19445 1.8
-3.1942 1.9
-3.19396 2.0
-3.19371 2.1
-3.19347 2.2
-3.19323 2.2
-3.19298 2.3
-3.19274 2.4
-3.19249 2.4
-3.19225 2.5
-3.19201 2.5
-3.19176 2.6
-3.19152 2.6
-3.19127 2.7
-3.19103 2.7
-3.19078 2.7
-3.19054 2.8
-3.1903 2.8
-3.19005 2.8
-3.18981 2.8
-3.18956 2.8
-3.18932 2.8
-3.18908 2.8
-3.18883 2.8
-3.18859 2.8
-3.18834 2.8
-3.1881 2.8
-3.18785 2.7
-3.18761 2.7
-3.18737 2.7
-3.18712 2.6
-3.18688 2.6
-3.18663 2.5
-3.18639 2.5
-3.18615 2.4
-3.1859 2.4
-3.18566 2.3
-3.18541 2.2
-3.18517 2.1
-3.18493 2.1
-3.18468 2.0
-3.18444 1.9
-3.18419 1.8
-3.18395 1.7
-3.1837 1.6
-3.18346 1.5
-3.18322 1.4
-3.18297 1.3
-3.18273 1.2
-3.18248 1.1
-3.18224 1.0
-3.182 0.9
-3.18175 0.8
-3.18151 0.7
-3.18126 0.6
-3.18102 0.4
-3.18077 0.3
-3.18053 0.2
-3.18029 0.0
-3.18004 0.0
-3.1798 -0.1
-3.17955 -0.3
-3.17931 -0.4
-3.17907 -0.5
-3.17882 -0.6
-3.17858 -0.7
-3.17833 -0.8
-3.17809 -0.9
-3.17785 -1.0
-3.1776 -1.2
-3.17736 -1.3
-3.17711 -1.4
-3.17687 -1.5
-3.17662 -1.6
-3.17638 -1.7
-3.17614 -1.8
-3.17589 -1.8
-3.17565 -1.9
-3.1754 -2.0
-3.17516 -2.1
-3.17492 -2.2
-3.17467 -2.2
-3.17443 -2.3
-3.17418 -2.4
-3.17394 -2.4
-3.17369 -2.5
-3.17345 -2.6
-3.17321 -2.6
-3.17296 -2.6
-3.17272 -2.7
-3.17247 -2.7
-3.17223 -2.7
-3.17199 -2.8
-3.17174 -2.8
-3.1715 -2.8
-3.17125 -2.8
-3.17101 -2.8
-3.17076 -2.8
-3.17052 -2.8
-3.17028 -2.8
-3.17003 -2.8
-3.16979 -2.8
-3.16954 -2.8
-3.1693 -2.7
-3.16906 -2.7
-3.16881 -2.7
-3.16857 -2.6
-3.16832 -2.6
-3.16808 -2.5
-3.16784 -2.5
-3.16759 -2.4
-3.16735 -2.3
-3.1671 -2.3
-3.16686 -2.2
-3.16661 -2.1
-3.16637 -2.0
-3.16613 -2.0
-3.16588 -1.9
-3.16564 -1.8
-3.16539 -1.7
-3.16515 -1.6
-3.16491 -1.5
-3.16466 -1.4
-3.16442 -1.3
-3.16417 -1.2
-3.16393 -1.1
-3.16368 -1.0
-3.16344 -0.9
-3.1632 -0.8
-3.16295 -0.6
-3.16271 -0.5
-3.16246 -0.4
-3.16222 -0.3
-3.16198 -0.2
-3.16173 0.0
-3.16149 0.0
-3.16124 0.2
-3.161 0.3
-3.16076 0.4
-3.16051 0.5
-3.16027 0.6
-3.16002 0.8
-3.15978 0.9
-3.15953 1.0
-3.15929 1.1
-3.15905 1.2
-3.1588 1.3
-3.15856 1.4
-3.15831 1.5
-3.15807 1.6
-3.15783 1.7
-3.15758 1.8
-3.15734 1.9
-3.15709 2.0
-3.15685 2.1
-3.1566 2.1
-3.15636 2.2
-3.15612 2.3
-3.15587 2.3
-3.15563 2.4
-3.15538 2.5
-3.15514 2.5
-3.1549 2.6
-3.15465 2.6
-3.15441 2.7
-3.15416 2.7
-3.15392 2.7
-3.15368 2.8
-3.15343 2.8
-3.15319 2.8
-3.15294 2.8
-3.1527 2.8
-3.15245 2.8
-3.15221 2.8
-3.15197 2.8
-3.15172 2.8
-3.15148 2.8
-3.15123 2.8
-3.15099 2.7
-3.15075 2.7
-3.1505 2.7
-3.15026 2.6
-3.15001 2.6
-3.14977 2.5
-3.14952 2.5
-3.14928 2.4
-3.14904 2.4
-3.14879 2.3
-3.14855 2.2
-3.1483 2.2
-3.14806 2.1
-3.14782 2.0
-3.14757 1.9
-3.14733 1.8
-3.14708 1.7
-3.14684 1.6
-3.1466 1.6
-3.14635 1.5
-3.14611 1.4
-3.14586 1.2
-3.14562 1.1
-3.14537 1.0
-3.14513 0.9
-3.14489 0.8
-3.14464 0.7
-3.1444 0.6
-3.14415 0.5
-3.14391 0.3
-3.14367 0.2
-3.14342 0.1
-3.14318 0.0
-3.14293 -0.1
-3.14269 -0.2
-3.14244 -0.4
-3.1422 -0.5
-3.14196 -0.6
-3.14171 -0.7
-3.14147 -0.8
-3.14122 -0.9
-3.14098 -1.0
-3.14074 -1.2
-3.14049 -1.3
-3.14025 -1.4
-3.14 -1.5
-3.13976 -1.6
-3.13951 -1.7
-3.13927 -1.8
-3.13903 -1.8
-3.13878 -1.9
-3.13854 -2.0
-3.13829 -2.1
-3.13805 -2.2
-3.13781 -2.3
-3.13756 -2.3
-3.13732 -2.4
-3.13707 -2.4
-3.13683 -2.5
-3.13659 -2.6
-3.13634 -2.6
-3.1361 -2.7
-3.13585 -2.7
-3.13561 -2.7
-3.13536 -2.8
-3.13512 -2.8
-3.13488 -2.8
-3.13463 -2.8
-3.13439 -2.8
-3.13414 -2.8
-3.1339 -2.8
-3.13366 -2.8
-3.13341 -2.8
-3.13317 -2.8
-3.13292 -2.8
-3.13268 -2.8
-3.13243 -2.7
-3.13219 -2.7
-3.13195 -2.7
-3.1317 -2.6
-3.13146 -2.6
-3.13121 -2.5
-3.13097 -2.5
-3.13073 -2.4
-3.13048 -2.3
-3.13024 -2.3
-3.12999 -2.2
-3.12975 -2.1
-3.12951 -2.0
-3.12926 -2.0
-3.12902 -1.9
-3.12877 -1.8
-3.12853 -1.7
-3.12828 -1.6
-3.12804 -1.5
-3.1278 -1.4
-3.12755 -1.3
-3.12731 -1.2
-3.12706 -1.1
-3.12682 -1.0
-3.12658 -0.8
-3.12633 -0.7
-3.12609 -0.6
-3.12584 -0.5
-3.1256 -0.4
-3.12535 -0.3
-3.12511 -0.1
-3.12487 0.0
-3.12462 0.0
-3.12438 0.2
-3.12413 0.3
-3.12389 0.4
-3.12365 0.6
-3.1234 0.7
-3.12316 0.8
-3.12291 0.9
-3.12267 1.0
-3.12243 1.1
-3.12218 1.2
-3.12194 1.3
-3.12169 1.4
-3.12145 1.5
-3.1212 1.6
-3.12096 1.7
-3.12072 1.8
-3.12047 1.9
-3.12023 2.0
-3.11998 2.1
-3.11974 2.2
-3.1195 2.2
-3.11925 2.3
-3.11901 2.4
-3.11876 2.4
-3.11852 2.5
-3.11827 2.5
-3.11803 2.6
-3.11779 2.6
-3.11754 2.7
-3.1173 2.7
-3.11705 2.8
-3.11681 2.8
-3.11657 2.8
-3.11632 2.8
-3.11608 2.8
-3.11583 2.8
-3.11559 2.8
-3.11535 2.8
-3.1151 2.8
-3.11486 2.8
-3.11461 2.8
-3.11437 2.8
-3.11412 2.7
-3.11388 2.7
-3.11364 2.7
-3.11339 2.6
-3.11315 2.6
-3.1129 2.5
-3.11266 2.5
-3.11242 2.4
-3.11217 2.4
-3.11193 2.3
-3.11168 2.2
-3.11144 2.1
-3.11119 2.1
-3.11095 2.0
-3.11071 1.9
-3.11046 1.8
-3.11022 1.7
-3.10997 1.6
-3.10973 1.5
-3.10949 1.4
-3.10924 1.3
-3.109 1.2
-3.10875 1.1
-3.10851 1.0
-3.10826 0.9
-3.10802 0.8
-3.10778 0.6
-3.10753 0.5
-3.10729 0.4
-3.10704 0.3
-3.1068 0.2
-3.10656 0.0
-3.10631 0.0
-3.10607 -0.2
-3.10582 -0.3
-3.10558 -0.4
-3.10534 -0.5
-3.10509 -0.7
-3.10485 -0.8
-3.1046 -0.9
-3.10436 -1.0
-3.10411 -1.1
-3.10387 -1.2
-3.10363 -1.3
-3.10338 -1.4
-3.10314 -1.5
-3.10289 -1.6
-3.10265 -1.7
-3.10241 -1.8
-3.10216 -1.9
-3.10192 -2.0
-3.10167 -2.1
-3.10143 -2.2
-3.10118 -2.2
-3.10094 -2.3
-3.1007 -2.4
-3.10045 -2.4
-3.10021 -2.5
-3.09996 -2.5
-3.09972 -2.6
-3.09948 -2.6
-3.09923 -2.7
-3.09899 -2.7
-3.09874 -2.8
-3.0985 -2.8
-3.09826 -2.8
-3.09801 -2.8
-3.09777 -2.8
-3.09752 -2.8
-3.09728 -2.8
-3.09703 -2.8
-3.09679 -2.8
-3.09655 -2.8
-3.0963 -2.8
-3.09606 -2.8
-3.09581 -2.7
-3.09557 -2.7
-3.09533 -2.7
-3.09508 -2.6
-3.09484 -2.6
-3.09459 -2.5
-3.09435 -2.5
-3.0941 -2.4
-3.09386 -2.4
-3.09362 -2.3
-3.09337 -2.2
-3.09313 -2.1
-3.09288 -2.1
-3.09264 -2.0
-3.0924 -1.9
-3.09215 -1.8
-3.09191 -1.7
-3.09166 -1.6
-3.09142 -1.5
-3.09118 -1.4
-3.09093 -1.3
-3.09069 -1.2
-3.09044 -1.1
-3.0902 -1.0
-3.08995 -0.9
-3.08971 -0.8
-3.08947 -0.6
-3.08922 -0.5
-3.08898 -0.4
-3.08873 -0.3
-3.08849 -0.2
-3.08825 0.0
-3.088 0.0
-3.08776 0.2
-3.08751 0.3
-3.08727 0.4
-3.08702 0.5
-3.08678 0.7
-3.08654 0.8
-3.08629 0.9
-3.08605 1.0
-3.0858 1.1
-3.08556 1.2
-3.08532 1.3
-3.08507 1.4
-3.08483 1.5
-3.08458 1.6
-3.08434 1.7
-3.0841 1.8
-3.08385 1.9
-3.08361 2.0
-3.08336 2.1
-3.08312 2.2
-3.08287 2.2
-3.08263 2.3
-3.08239 2.4
-3.08214 2.4
-3.0819 2.5
-3.08165 2.6
-3.08141 2.6
-3.08117 2.6
-3.08092 2.7
-3.08068 2.7
-3.08043 2.8
-3.08019 2.8
-3.07994 2.8
-3.0797 2.8
-3.07946 2.8
-3.07921 2.8
-3.07897 2.8
-3.07872 2.8
-3.07848 2.8
-3.07824 2.8
-3.07799 2.8
-3.07775 2.8
-3.0775 2.7
-3.07726 2.7
-3.07701 2.7
-3.07677 2.6
-3.07653 2.6
-3.07628 2.5
-3.07604 2.5
-3.07579 2.4
-3.07555 2.4
-3.07531 2.3
-3.07506 2.2
-3.07482 2.1
-3.07457 2.1
-3.07433 2.0
-3.07409 1.9
-3.07384 1.8
-3.0736 1.7
-3.07335 1.6
-3.07311 1.5
-3.07286 1.4
-3.07262 1.3
-3.07238 1.2
-3.07213 1.1
-3.07189 1.0
-3.07164 0.9
-3.0714 0.7
-3.07116 0.6
-3.07091 0.5
-3.07067 0.4
-3.07042 0.3
-3.07018 0.1
-3.06993 0.0
-3.06969 0.0
-3.06945 -0.2
-3.0692 -0.3
-3.06896 -0.4
-3.06871 -0.6
-3.06847 -0.7
-3.06823 -0.8
-3.06798 -0.9
-3.06774 -1.0
-3.06749 -1.1
-3.06725 -1.2
-3.06701 -1.4
-3.06676 -1.5
-3.06652 -1.6
-3.06627 -1.7
-3.06603 -1.8
-3.06578 -1.8
-3.06554 -1.9
-3.0653 -2.0
-3.06505 -2.1
-3.06481 -2.2
-3.06456 -2.3
-3.06432 -2.3
-3.06408 -2.4
-3.06383 -2.5
-3.06359 -2.5
-3.06334 -2.6
-3.0631 -2.6
-3.06285 -2.7
-3.06261 -2.7
-3.06237 -2.7
-3.06212 -2.8
-3.06188 -2.8
-3.06163 -2.8
-3.06139 -2.8
-3.06115 -2.8
-3.0609 -2.8
-3.06066 -2.8
-3.06041 -2.8
-3.06017 -2.8
-3.05993 -2.8
-3.05968 -2.8
-3.05944 -2.8
-3.05919 -2.7
-3.05895 -2.7
-3.0587 -2.7
-3.05846 -2.6
-3.05822 -2.6
-3.05797 -2.5
-3.05773 -2.5
-3.05748 -2.4
-3.05724 -2.3
-3.057 -2.3
-3.05675 -2.2
-3.05651 -2.1
-3.05626 -2.0
-3.05602 -2.0
-3.05577 -1.9
-3.05553 -1.8
-3.05529 -1.7
-3.05504 -1.6
-3.0548 -1.5
-3.05455 -1.4
-3.05431 -1.3
-3.05407 -1.2
-3.05382 -1.0
-3.05358 -0.9
-3.05333 -0.8
-3.05309 -0.7
-3.05285 -0.6
-3.0526 -0.5
-3.05236 -0.3
-3.05211 -0.2
-3.05187 -0.1
-3.05162 0.0
-3.05138 0.1
-3.05114 0.3
-3.05089 0.4
-3.05065 0.5
-3.0504 0.6
-3.05016 0.7
-3.04992 0.8
-3.04967 1.0
-3.04943 1.1
-3.04918 1.2
-3.04894 1.3
-3.04869 1.4
-3.04845 1.5
-3.04821 1.6
-3.04796 1.7
-3.04772 1.8
-3.04747 1.9
-3.04723 2.0
-3.04699 2.1
-3.04674 2.1
-3.0465 2.2
-3.04625 2.3
-3.04601 2.4
-3.04576 2.4
-3.04552 2.5
-3.04528 2.5
-3.04503 2.6
-3.04479 2.6
-3.04454 2.7
-3.0443 2.7
-3.04406 2.8
-3.04381 2.8
-3.04357 2.8
-3.04332 2.8
-3.04308 2.8
-3.04284 2.8
-3.04259 2.9
-3.04235 2.9
-3.0421 2.8
-3.04186 2.8
-3.04161 2.8
-3.04137 2.8
-3.04113 2.8
-3.04088 2.7
-3.04064 2.7
-3.04039 2.7
-3.04015 2.6
-3.03991 2.6
-3.03966 2.5
-3.03942 2.4
-3.03917 2.4
-3.03893 2.3
-3.03868 2.2
-3.03844 2.2
-3.0382 2.1
-3.03795 2.0
-3.03771 1.9
-3.03746 1.8
-3.03722 1.7
-3.03698 1.6
-3.03673 1.5
-3.03649 1.4
-3.03624 1.3
-3.036 1.2
-3.03576 1.1
-3.03551 1.0
-3.03527 0.9
-3.03502 0.8
-3.03478 0.6
-3.03453 0.5
-3.03429 0.4
-3.03405 0.3
-3.0338 0.2
-3.03356 0.0
-3.03331 0.0
-3.03307 -0.2
-3.03283 -0.3
-3.03258 -0.4
-3.03234 -0.5
-3.03209 -0.7
-3.03185 -0.8
-3.0316 -0.9
-3.03136 -1.0
-3.03112 -1.1
-3.03087 -1.2
-3.03063 -1.3
-3.03038 -1.4
-3.03014 -1.5
-3.0299 -1.6
-3.02965 -1.7
-3.02941 -1.8
-3.02916 -1.9
-3.02892 -2.0
-3.02868 -2.1
-3.02843 -2.2
-3.02819 -2.3
-3.02794 -2.3
-3.0277 -2.4
-3.02745 -2.5
-3.02721 -2.5
-3.02697 -2.6
-3.02672 -2.6
-3.02648 -2.7
-3.02623 -2.7
-3.02599 -2.7
-3.02575 -2.8
-3.0255 -2.8
-3.02526 -2.8
-3.02501 -2.8
-3.02477 -2.8
-3.02452 -2.9
-3.02428 -2.9
-3.02404 -2.9
-3.02379 -2.8
-3.02355 -2.8
-3.0233 -2.8
-3.02306 -2.8
-3.02282 -2.8
-3.02257 -2.7
-3.02233 -2.7
-3.02208 -2.6
-3.02184 -2.6
-3.0216 -2.5
-3.02135 -2.5
-3.02111 -2.4
-3.02086 -2.3
-3.02062 -2.3
-3.02037 -2.2
-3.02013 -2.1
-3.01989 -2.0
-3.01964 -1.9
-3.0194 -1.9
-3.01915 -1.8
-3.01891 -1.7
-3.01867 -1.6
-3.01842 -1.5
-3.01818 -1.4
-3.01793 -1.3
-3.01769 -1.1
-3.01744 -1.0
-3.0172 -0.9
-3.01696 -0.8
-3.01671 -0.7
-3.01647 -0.6
-3.01622 -0.5
-3.01598 -0.3
-3.01574 -0.2
-3.01549 0.0
-3.01525 0.0
-3.015 0.1
-3.01476 0.3
-3.01451 0.4
-3.01427 0.5
-3.01403 0.6
-3.01378 0.7
-3.01354 0.9
-3.01329 1.0
-3.01305 1.1
-3.01281 1.2
-3.01256 1.3
-3.01232 1.4
-3.01207 1.5
-3.01183 1.6
-3.01159 1.7
-3.01134 1.8
-3.0111 1.9
-3.01085 2.0
-3.01061 2.1
-3.01036 2.2
-3.01012 2.2
-3.00988 2.3
-3.00963 2.4
-3.00939 2.4
-3.00914 2.5
-3.0089 2.6
-3.00866 2.6
-3.00841 2.7
-3.00817 2.7
-3.00792 2.7
-3.00768 2.8
-3.00743 2.8
-3.00719 2.8
-3.00695 2.8
-3.0067 2.9
-3.00646 2.9
-3.00621 2.9
-3.00597 2.9
-3.00573 2.8
-3.00548 2.8
-3.00524 2.8
-3.00499 2.8
-3.00475 2.8
-3.00451 2.7
-3.00426 2.7
-3.00402 2.6
-3.00377 2.6
-3.00353 2.5
-3.00328 2.5
-3.00304 2.4
-3.0028 2.4
-3.00255 2.3
-3.00231 2.2
-3.00206 2.1
-3.00182 2.1
-3.00158 2.0
-3.00133 1.9
-3.00109 1.8
-3.00084 1.7
-3.0006 1.6
-3.00035 1.5
-3.00011 1.4
-2.99987 1.3
-2.99962 1.2
-2.99938 1.1
-2.99913 0.9
-2.99889 0.8
-2.99865 0.7
-2.9984 0.6
-2.99816 0.5
-2.99791 0.4
-2.99767 0.2
-2.99743 0.1
-2.99718 0.0
-2.99694 -0.1
-2.99669 -0.3
-2.99645 -0.4
-2.9962 -0.5
-2.99596 -0.6
-2.99572 -0.7
-2.99547 -0.8
-2.99523 -1.0
-2.99498 -1.1
-2.99474 -1.2
-2.9945 -1.3
-2.99425 -1.4
-2.99401 -1.5
-2.99376 -1.6
-2.99352 -1.7
-2.99327 -1.8
-2.99303 -1.9
-2.99279 -2.0
-2.99254 -2.1
-2.9923 -2.2
-2.99205 -2.2
-2.99181 -2.3
-2.99157 -2.4
-2.99132 -2.4
-2.99108 -2.5
-2.99083 -2.6
-2.99059 -2.6
-2.99035 -2.7
-2.9901 -2.7
-2.98986 -2.7
-2.98961 -2.8
-2.98937 -2.8
-2.98912 -2.8
-2.98888 -2.8
-2.98864 -2.9
-2.98839 -2.9
-2.98815 -2.9
-2.9879 -2.9
-2.98766 -2.9
-2.98742 -2.8
-2.98717 -2.8
-2.98693 -2.8
-2.98668 -2.8
-2.98644 -2.7
-2.98619 -2.7
-2.98595 -2.7
-2.98571 -2.6
-2.98546 -2.6
-2.98522 -2.5
-2.98497 -2.4
-2.98473 -2.4
-2.98449 -2.3
-2.98424 -2.2
-2.984 -2.1
-2.98375 -2.1
-2.98351 -2.0
-2.98326 -1.9
-2.98302 -1.8
-2.98278 -1.7
-2.98253 -1.6
-2.98229 -1.5
-2.98204 -1.4
-2.9818 -1.3
-2.98156 -1.2
-2.98131 -1.1
-2.98107 -0.9
-2.98082 -0.8
-2.98058 -0.7
-2.98034 -0.6
-2.98009 -0.5
-2.97985 -0.4
-2.9796 -0.2
-2.97936 -0.1
-2.97911 0.0
-2.97887 0.1
-2.97863 0.2
-2.97838 0.4
-2.97814 0.5
-2.97789 0.6
-2.97765 0.7
-2.97741 0.8
-2.97716 1.0
-2.97692 1.1
-2.97667 1.2
-2.97643 1.3
-2.97618 1.4
-2.97594 1.5
-2.9757 1.6
-2.97545 1.7
-2.97521 1.8
-2.97496 1.9
-2.97472 2.0
-2.97448 2.1
-2.97423 2.2
-2.97399 2.2
-2.97374 2.3
-2.9735 2.4
-2.97326 2.4
-2.97301 2.5
-2.97277 2.6
-2.97252 2.6
-2.97228 2.7
-2.97203 2.7
-2.97179 2.7
-2.97155 2.8
-2.9713 2.8
-2.97106 2.8
-2.97081 2.8
-2.97057 2.9
-2.97033 2.9
-2.97008 2.9
-2.96984 2.9
-2.96959 2.9
-2.96935 2.8
-2.9691 2.8
-2.96886 2.8
-2.96862 2.8
-2.96837 2.7
-2.96813 2.7
-2.96788 2.7
-2.96764 2.6
-2.9674 2.6
-2.96715 2.5
-2.96691 2.4
-2.96666 2.4
-2.96642 2.3
-2.96618 2.2
-2.96593 2.1
-2.96569 2.1
-2.96544 2.0
-2.9652 1.9
-2.96495 1.8
-2.96471 1.7
-2.96447 1.6
-2.96422 1.5
-2.96398 1.4
-2.96373 1.3
-2.96349 1.2
-2.96325 1.1
-2.963 0.9
-2.96276 0.8
-2.96251 0.7
-2.96227 0.6
-2.96202 0.5
-2.96178 0.3
-2.96154 0.2
-2.96129 0.0
-2.96105 0.0
-2.9608 -0.1
-2.96056 -0.3
-2.96032 -0.4
-2.96007 -0.5
-2.95983 -0.6
-2.95958 -0.7
-2.95934 -0.9
-2.9591 -1.0
-2.95885 -1.1
-2.95861 -1.2
-2.95836 -1.3
-2.95812 -1.4
-2.95787 -1.5
-2.95763 -1.6
-2.95739 -1.7
-2.95714 -1.8
-2.9569 -1.9
-2.95665 -2.0
-2.95641 -2.1
-2.95617 -2.2
-2.95592 -2.3
-2.95568 -2.3
-2.95543 -2.4
-2.95519 -2.5
-2.95494 -2.5
-2.9547 -2.6
-2.95446 -2.6
-2.95421 -2.7
-2.95397 -2.7
-2.95372 -2.8
-2.95348 -2.8
-2.95324 -2.8
-2.95299 -2.8
-2.95275 -2.9
-2.9525 -2.9
-2.95226 -2.9
-2.95201 -2.9
-2.95177 -2.9
-2.95153 -2.9
-2.95128 -2.8
-2.95104 -2.8
-2.95079 -2.8
-2.95055 -2.8
-2.95031 -2.7
-2.95006 -2.7
-2.94982 -2.6
-2.94957 -2.6
-2.94933 -2.5
-2.94909 -2.5
-2.94884 -2.4
-2.9486 -2.4
-2.94835 -2.3
-2.94811 -2.2
-2.94786 -2.1
-2.94762 -2.0
-2.94738 -2.0
-2.94713 -1.9
-2.94689 -1.8
-2.94664 -1.7
-2.9464 -1.6
-2.94616 -1.5
-2.94591 -1.4
-2.94567 -1.2
-2.94542 -1.1
-2.94518 -1.0
-2.94493 -0.9
-2.94469 -0.8
-2.94445 -0.7
-2.9442 -0.5
-2.94396 -0.4
-2.94371 -0.3
-2.94347 -0.2
-2.94323 0.0
-2.94298 0.0
-2.94274 0.2
-2.94249 0.3
-2.94225 0.4
-2.94201 0.6
-2.94176 0.7
-2.94152 0.8
-2.94127 0.9
-2.94103 1.0
-2.94078 1.1
-2.94054 1.2
-2.9403 1.4
-2.94005 1.5
-2.93981 1.6
-2.93956 1.7
-2.93932 1.8
-2.93908 1.9
-2.93883 2.0
-2.93859 2.0
-2.93834 2.1
-2.9381 2.2
-2.93785 2.3
-2.93761 2.4
-2.93737 2.4
-2.93712 2.5
-2.93688 2.5
-2.93663 2.6
-2.93639 2.7
-2.93615 2.7
-2.9359 2.7
-2.93566 2.8
-2.93541 2.8
-2.93517 2.8
-2.93493 2.8
-2.93468 2.9
-2.93444 2.9
-2.93419 2.9
-2.93395 2.9
-2.9337 2.9
-2.93346 2.9
-2.93322 2.8
-2.93297 2.8
-2.93273 2.8
-2.93248 2.8
-2.93224 2.7
-2.932 2.7
-2.93175 2.6
-2.93151 2.6
-2.93126 2.5
-2.93102 2.5
-2.93077 2.4
-2.93053 2.3
-2.93029 2.3
-2.93004 2.2
-2.9298 2.1
-2.92955 2.0
-2.92931 1.9
-2.92907 1.8
-2.92882 1.7
-2.92858 1.6
-2.92833 1.5
-2.92809 1.4
-2.92785 1.3
-2.9276 1.2
-2.92736 1.1
-2.92711 1.0
-2.92687 0.9
-2.92662 0.7
-2.92638 0.6
-2.92614 0.5
-2.92589 0.4
-2.92565 0.2
-2.9254 0.1
-2.92516 0.0
-2.92492 -0.1
-2.92467 -0.2
-2.92443 -0.4
-2.92418 -0.5
-2.92394 -0.6
-2.92369 -0.7
-2.92345 -0.8
-2.92321 -1.0
-2.92296 -1.1
-2.92272 -1.2
-2.92247 -1.3
-2.92223 -1.4
-2.92199 -1.5
-2.92174 -1.6
-2.9215 -1.7
-2.92125 -1.8
-2.92101 -1.9
-2.92076 -2.0
-2.92052 -2.1
-2.92028 -2.2
-2.92003 -2.3
-2.91979 -2.3
-2.91954 -2.4
-2.9193 -2.5
-2.91906 -2.5
-2.91881 -2.6
-2.91857 -2.6
-2.91832 -2.7
-2.91808 -2.7
-2.91784 -2.8
-2.91759 -2.8
-2.91735 -2.8
-2.9171 -2.8
-2.91686 -2.9
-2.91661 -2.9
-2.91637 -2.9
-2.91613 -2.9
-2.91588 -2.9
-2.91564 -2.9
-2.91539 -2.9
-2.91515 -2.8
-2.91491 -2.8
-2.91466 -2.8
-2.91442 -2.7
-2.91417 -2.7
-2.91393 -2.7
-2.91368 -2.6
-2.91344 -2.6
-2.9132 -2.5
-2.91295 -2.4
-2.91271 -2.4
-2.91246 -2.3
-2.91222 -2.2
-2.91198 -2.1
-2.91173 -2.0
-2.91149 -2.0
-2.91124 -1.9
-2.911 -1.8
-2.91076 -1.7
-2.91051 -1.6
-2.91027 -1.5
-2.91002 -1.3
-2.90978 -1.2
-2.90953 -1.1
-2.90929 -1.0
-2.90905 -0.9
-2.9088 -0.8
-2.90856 -0.7
-2.90831 -0.5
-2.90807 -0.4
-2.90783 -0.3
-2.90758 -0.2
-2.90734 0.0
-2.90709 0.0
-2.90685 0.2
-2.9066 0.3
-2.90636 0.4
-2.90612 0.6
-2.90587 0.7
-2.90563 0.8
-2.90538 0.9
-2.90514 1.0
-2.9049 1.2
-2.90465 1.3
-2.90441 1.4
-2.90416 1.5
-2.90392 1.6
-2.90368 1.7
-2.90343 1.8
-2.90319 1.9
-2.90294 2.0
-2.9027 2.1
-2.90245 2.2
-2.90221 2.2
-2.90197 2.3
-2.90172 2.4
-2.90148 2.4
-2.90123 2.5
-2.90099 2.6
-2.90075 2.6
-2.9005 2.7
-2.90026 2.7
-2.90001 2.8
-2.89977 2.8
-2.89952 2.8
-2.89928 2.8
-2.89904 2.9
-2.89879 2.9
-2.89855 2.9
-2.8983 2.9
-2.89806 2.9
-2.89782 2.9
-2.89757 2.9
-2.89733 2.8
-2.89708 2.8
-2.89684 2.8
-2.8966 2.8
-2.89635 2.7
-2.89611 2.7
-2.89586 2.6
-2.89562 2.6
-2.89537 2.5
-2.89513 2.4
-2.89489 2.4
-2.89464 2.3
-2.8944 2.2
-2.89415 2.1
-2.89391 2.1
-2.89367 2.0
-2.89342 1.9
-2.89318 1.8
-2.89293 1.7
-2.89269 1.6
-2.89244 1.5
-2.8922 1.4
-2.89196 1.3
-2.89171 1.2
-2.89147 1.0
-2.89122 0.9
-2.89098 0.8
-2.89074 0.7
-2.89049 0.6
-2.89025 0.4
-2.89 0.3
-2.88976 0.2
-2.88951 0.0
-2.88927 0.0
-2.88903 -0.2
-2.88878 -0.3
-2.88854 -0.4
-2.88829 -0.5
-2.88805 -0.7
-2.88781 -0.8
-2.88756 -0.9
-2.88732 -1.0
-2.88707 -1.1
-2.88683 -1.3
-2.88659 -1.4
-2.88634 -1.5
-2.8861 -1.6
-2.88585 -1.7
-2.88561 -1.8
-2.88536 -1.9
-2.88512 -2.0
-2.88488 -2.1
-2.88463 -2.1
-2.88439 -2.2
-2.88414 -2.3
-2.8839 -2.4
-2.88366 -2.4
-2.88341 -2.5
-2.88317 -2.6
-2.88292 -2.6
-2.88268 -2.7
-2.88243 -2.7
-2.88219 -2.8
-2.88195 -2.8
-2.8817 -2.8
-2.88146 -2.8
-2.88121 -2.9
-2.88097 -2.9
-2.88073 -2.9
-2.88048 -2.9
-2.88024 -2.9
-2.87999 -2.9
-2.87975 -2.9
-2.87951 -2.8
-2.87926 -2.8
-2.87902 -2.8
-2.87877 -2.8
-2.87853 -2.7
-2.87828 -2.7
-2.87804 -2.6
-2.8778 -2.6
-2.87755 -2.5
-2.87731 -2.5
-2.87706 -2.4
-2.87682 -2.3
-2.87658 -2.2
-2.87633 -2.2
-2.87609 -2.1
-2.87584 -2.0
-2.8756 -1.9
-2.87535 -1.8
-2.87511 -1.7
-2.87487 -1.6
-2.87462 -1.5
-2.87438 -1.4
-2.87413 -1.3
-2.87389 -1.2
-2.87365 -1.0
-2.8734 -0.9
-2.87316 -0.8
-2.87291 -0.7
-2.87267 -0.6
-2.87243 -0.4
-2.87218 -0.3
-2.87194 -0.2
-2.87169 0.0
-2.87145 0.0
-2.8712 0.2
-2.87096 0.3
-2.87072 0.4
-2.87047 0.5
-2.87023 0.7
-2.86998 0.8
-2.86974 0.9
-2.8695 1.0
-2.86925 1.1
-2.86901 1.3
-2.86876 1.4
-2.86852 1.5
-2.86827 1.6
-2.86803 1.7
-2.86779 1.8
-2.86754 1.9
-2.8673 2.0
-2.86705 2.1
-2.86681 2.1
-2.86657 2.2
-2.86632 2.3
-2.86608 2.4
-2.86583 2.4
-2.86559 2.5
-2.86535 2.6
-2.8651 2.6
-2.86486 2.7
-2.86461 2.7
-2.86437 2.8
-2.86412 2.8
-2.86388 2.8
-2.86364 2.8
-2.86339 2.9
-2.86315 2.9
-2.8629 2.9
-2.86266 2.9
-2.86242 2.9
-2.86217 2.9
-2.86193 2.9
-2.86168 2.9
-2.86144 2.8
-2.86119 2.8
-2.86095 2.8
-2.86071 2.7
-2.86046 2.7
-2.86022 2.6
-2.85997 2.6
-2.85973 2.5
-2.85949 2.5
-2.85924 2.4
-2.859 2.3
-2.85875 2.2
-2.85851 2.2
-2.85826 2.1
-2.85802 2.0
-2.85778 1.9
-2.85753 1.8
-2.85729 1.7
-2.85704 1.6
-2.8568 1.5
-2.85656 1.4
-2.85631 1.3
-2.85607 1.1
-2.85582 1.0
-2.85558 0.9
-2.85534 0.8
-2.85509 0.7
-2.85485 0.6
-2.8546 0.4
-2.85436 0.3
-2.85411 0.2
-2.85387 0.0
-2.85363 0.0
-2.85338 -0.2
-2.85314 -0.3
-2.85289 -0.4
-2.85265 -0.6
-2.85241 -0.7
-2.85216 -0.8
-2.85192 -0.9
-2.85167 -1.0
-2.85143 -1.2
-2.85118 -1.3
-2.85094 -1.4
-2.8507 -1.5
-2.85045 -1.6
-2.85021 -1.7
-2.84996 -1.8
-2.84972 -1.9
-2.84948 -2.0
-2.84923 -2.1
-2.84899 -2.2
-2.84874 -2.2
-2.8485 -2.3
-2.84826 -2.4
-2.84801 -2.5
-2.84777 -2.5
-2.84752 -2.6
-2.84728 -2.6
-2.84703 -2.7
-2.84679 -2.7
-2.84655 -2.8
-2.8463 -2.8
-2.84606 -2.8
-2.84581 -2.9
-2.84557 -2.9
-2.84533 -2.9
-2.84508 -2.9
-2.84484 -2.9
-2.84459 -2.9
-2.84435 -2.9
-2.8441 -2.9
-2.84386 -2.9
-2.84362 -2.8
-2.84337 -2.8
-2.84313 -2.8
-2.84288 -2.7
-2.84264 -2.7
-2.8424 -2.6
-2.84215 -2.6
-2.84191 -2.5
-2.84166 -2.4
-2.84142 -2.4
-2.84118 -2.3
-2.84093 -2.2
-2.84069 -2.1
-2.84044 -2.0
-2.8402 -2.0
-2.83995 -1.9
-2.83971 -1.8
-2.83947 -1.7
-2.83922 -1.6
-2.83898 -1.5
-2.83873 -1.3
-2.83849 -1.2
-2.83825 -1.1
-2.838 -1.0
-2.83776 -0.9
-2.83751 -0.8
-2.83727 -0.6
-2.83702 -0.5
-2.83678 -0.4
-2.83654 -0.3
-2.83629 -0.1
-2.83605 0.0
-2.8358 0.1
-2.83556 0.2
-2.83532 0.4
-2.83507 0.5
-2.83483 0.6
-2.83458 0.7
-2.83434 0.8
-2.8341 1.0
-2.83385 1.1
-2.83361 1.2
-2.83336 1.3
-2.83312 1.4
-2.83287 1.5
-2.83263 1.6
-2.83239 1.7
-2.83214 1.8
-2.8319 1.9
-2.83165 2.0
-2.83141 2.1
-2.83117 2.2
-2.83092 2.3
-2.83068 2.4
-2.83043 2.4
-2.83019 2.5
-2.82994 2.6
-2.8297 2.6
-2.82946 2.7
-2.82921 2.7
-2.82897 2.8
-2.82872 2.8
-2.82848 2.8
-2.82824 2.8
-2.82799 2.9
-2.82775 2.9
-2.8275 2.9
-2.82726 2.9
-2.82701 2.9
-2.82677 2.9
-2.82653 2.9
-2.82628 2.9
-2.82604 2.8
-2.82579 2.8
-2.82555 2.8
-2.82531 2.7
-2.82506 2.7
-2.82482 2.7
-2.82457 2.6
-2.82433 2.5
-2.82409 2.5
-2.82384 2.4
-2.8236 2.3
-2.82335 2.3
-2.82311 2.2
-2.82286 2.1
-2.82262 2.0
-2.82238 1.9
-2.82213 1.8
-2.82189 1.7
-2.82164 1.6
-2.8214 1.5
-2.82116 1.4
-2.82091 1.3
-2.82067 1.2
-2.82042 1.1
-2.82018 0.9
-2.81993 0.8
-2.81969 0.7
-2.81945 0.6
-2.8192 0.5
-2.81896 0.3
-2.81871 0.2
-2.81847 0.0
-2.81823 0.0
-2.81798 -0.2
-2.81774 -0.3
-2.81749 -0.4
-2.81725 -0.5
-2.81701 -0.7
-2.81676 -0.8
-2.81652 -0.9
-2.81627 -1.0
-2.81603 -1.1
-2.81578 -1.3
-2.81554 -1.4
-2.8153 -1.5
-2.81505 -1.6
-2.81481 -1.7
-2.81456 -1.8
-2.81432 -1.9
-2.81408 -2.0
-2.81383 -2.1
-2.81359 -2.2
-2.81334 -2.2
-2.8131 -2.3
-2.81285 -2.4
-2.81261 -2.5
-2.81237 -2.5
-2.81212 -2.6
-2.81188 -2.6
-2.81163 -2.7
-2.81139 -2.7
-2.81115 -2.8
-2.8109 -2.8
-2.81066 -2.8
-2.81041 -2.9
-2.81017 -2.9
-2.80993 -2.9
-2.80968 -2.9
-2.80944 -2.9
-2.80919 -2.9
-2.80895 -2.9
-2.8087 -2.9
-2.80846 -2.9
-2.80822 -2.8
-2.80797 -2.8
-2.80773 -2.8
-2.80748 -2.7
-2.80724 -2.7
-2.807 -2.6
-2.80675 -2.6
-2.80651 -2.5
-2.80626 -2.4
-2.80602 -2.4
-2.80577 -2.3
-2.80553 -2.2
-2.80529 -2.1
-2.80504 -2.1
-2.8048 -2.0
-2.80455 -1.9
-2.80431 -1.8
-2.80407 -1.7
-2.80382 -1.6
-2.80358 -1.5
-2.80333 -1.3
-2.80309 -1.2
-2.80285 -1.1
-2.8026 -1.0
-2.80236 -0.9
-2.80211 -0.8
-2.80187 -0.6
-2.80162 -0.5
-2.80138 -0.4
-2.80114 -0.3
-2.80089 -0.1
-2.80065 0.0
-2.8004 0.1
-2.80016 0.2
-2.79992 0.4
-2.79967 0.5
-2.79943 0.6
-2.79918 0.7
-2.79894 0.9
-2.79869 1.0
-2.79845 1.1
-2.79821 1.2
-2.79796 1.3
-2.79772 1.4
-2.79747 1.6
-2.79723 1.7
-2.79699 1.8
-2.79674 1.9
-2.7965 2.0
-2.79625 2.0
-2.79601 2.1
-2.79576 2.2
-2.79552 2.3
-2.79528 2.4
-2.79503 2.4
-2.79479 2.5
-2.79454 2.6
-2.7943 2.6
-2.79406 2.7
-2.79381 2.7
-2.79357 2.8
-2.79332 2.8
-2.79308 2.8
-2.79284 2.9
-2.79259 2.9
-2.79235 2.9
-2.7921 2.9
-2.79186 2.9
-2.79161 2.9
-2.79137 2.9
-2.79113 2.9
-2.79088 2.9
-2.79064 2.8
-2.79039 2.8
-2.79015 2.8
-2.78991 2.7
-2.78966 2.7
-2.78942 2.6
-2.78917 2.6
-2.78893 2.5
-2.78868 2.5
-2.78844 2.4
-2.7882 2.3
-2.78795 2.2
-2.78771 2.2
-2.78746 2.1
-2.78722 2.0
-2.78698 1.9
-2.78673 1.8
-2.78649 1.7
-2.78624 1.6
-2.786 1.5
-2.78576 1.4
-2.78551 1.3
-2.78527 1.1
-2.78502 1.0
-2.78478 0.9
-2.78453 0.8
-2.78429 0.7
-2.78405 0.5
-2.7838 0.4
-2.78356 0.3
-2.78331 0.2
-2.78307 0.0
-2.78283 0.0
-2.78258 -0.2
-2.78234 -0.4
-2.78209 -0.5
-2.78185 -0.6
-2.7816 -0.7
-2.78136 -0.8
-2.78112 -1.0
-2.78087 -1.1
-2.78063 -1.2
-2.78038 -1.3
-2.78014 -1.4
-2.7799 -1.5
-2.77965 -1.6
-2.77941 -1.7
-2.77916 -1.8
-2.77892 -1.9
-2.77868 -2.0
-2.77843 -2.1
-2.77819 -2.2
-2.77794 -2.3
-2.7777 -2.4
-2.77745 -2.4
-2.77721 -2.5
-2.77697 -2.6
-2.77672 -2.6
-2.77648 -2.7
-2.77623 -2.7
-2.77599 -2.8
-2.77575 -2.8
-2.7755 -2.8
-2.77526 -2.9
-2.77501 -2.9
-2.77477 -2.9
-2.77452 -2.9
-2.77428 -2.9
-2.77404 -2.9
-2.77379 -2.9
-2.77355 -2.9
-2.7733 -2.9
-2.77306 -2.9
-2.77282 -2.8
-2.77257 -2.8
-2.77233 -2.8
-2.77208 -2.7
-2.77184 -2.7
-2.7716 -2.6
-2.77135 -2.5
-2.77111 -2.5
-2.77086 -2.4
-2.77062 -2.3
-2.77037 -2.3
-2.77013 -2.2
-2.76989 -2.1
-2.76964 -2.0
-2.7694 -1.9
-2.76915 -1.8
-2.76891 -1.7
-2.76867 -1.6
-2.76842 -1.5
-2.76818 -1.4
-2.76793 -1.3
-2.76769 -1.1
-2.76744 -1.0
-2.7672 -0.9
-2.76696 -0.8
-2.76671 -0.7
-2.76647 -0.5
-2.76622 -0.4
-2.76598 -0.3
-2.76574 -0.2
-2.76549 0.0
-2.76525 0.0
-2.765 0.2
-2.76476 0.3
-2.76451 0.5
-2.76427 0.6
-2.76403 0.7
-2.76378 0.8
-2.76354 1.0
-2.76329 1.1
-2.76305 1.2
-2.76281 1.3
-2.76256 1.4
-2.76232 1.5
-2.76207 1.6
-2.76183 1.8
-2.76159 1.9
-2.76134 1.9
-2.7611 2.0
-2.76085 2.1
-2.76061 2.2
-2.76036 2.3
-2.76012 2.4
-2.75988 2.4
-2.75963 2.5
-2.75939 2.6
-2.75914 2.6
-2.7589 2.7
-2.75866 2.7
-2.75841 2.8
-2.75817 2.8
-2.75792 2.8
-2.75768 2.9
-2.75743 2.9
-2.75719 2.9
-2.75695 2.9
-2.7567 2.9
-2.75646 2.9
-2.75621 2.9
-2.75597 2.9
-2.75573 2.9
-2.75548 2.9
-2.75524 2.8
-2.75499 2.8
-2.75475 2.8
-2.75451 2.7
-2.75426 2.7
-2.75402 2.6
-2.75377 2.5
-2.75353 2.5
-2.75328 2.4
-2.75304 2.3
-2.7528 2.3
-2.75255 2.2
-2.75231 2.1
-2.75206 2.0
-2.75182 1.9
-2.75158 1.8
-2.75133 1.7
-2.75109 1.6
-2.75084 1.5
-2.7506 1.4
-2.75035 1.3
-2.75011 1.1
-2.74987 1.0
-2.74962 0.9
-2.74938 0.8
-2.74913 0.6
-2.74889 0.5
-2.74865 0.4
-2.7484 0.3
-2.74816 0.1
-2.74791 0.0
-2.74767 -0.1
-2.74743 -0.2
-2.74718 -0.4
-2.74694 -0.5
-2.74669 -0.6
-2.74645 -0.7
-2.7462 -0.9
-2.74596 -1.0
-2.74572 -1.1
-2.74547 -1.2
-2.74523 -1.3
-2.74498 -1.5
-2.74474 -1.6
-2.7445 -1.7
-2.74425 -1.8
-2.74401 -1.9
-2.74376 -2.0
-2.74352 -2.1
-2.74327 -2.2
-2.74303 -2.2
-2.74279 -2.3
-2.74254 -2.4
-2.7423 -2.5
-2.74205 -2.5
-2.74181 -2.6
-2.74157 -2.6
-2.74132 -2.7
-2.74108 -2.7
-2.74083 -2.8
-2.74059 -2.8
-2.74035 -2.9
-2.7401 -2.9
-2.73986 -2.9
-2.73961 -2.9
-2.73937 -2.9
-2.73912 -2.9
-2.73888 -2.9
-2.73864 -2.9
-2.73839 -2.9
-2.73815 -2.9
-2.7379 -2.9
-2.73766 -2.8
-2.73742 -2.8
-2.73717 -2.7
-2.73693 -2.7
-2.73668 -2.6
-2.73644 -2.6
-2.73619 -2.5
-2.73595 -2.5
-2.73571 -2.4
-2.73546 -2.3
-2.73522 -2.2
-2.73497 -2.1
-2.73473 -2.1
-2.73449 -2.0
-2.73424 -1.9
-2.734 -1.8
-2.73375 -1.7
-2.73351 -1.6
-2.73326 -1.4
-2.73302 -1.3
-2.73278 -1.2
-2.73253 -1.1
-2.73229 -1.0
-2.73204 -0.9
-2.7318 -0.7
-2.73156 -0.6
-2.73131 -0.5
-2.73107 -0.4
-2.73082 -0.2
-2.73058 -0.1
-2.73034 0.0
-2.73009 0.2
-2.72985 0.3
-2.7296 0.4
-2.72936 0.5
-2.72911 0.7
-2.72887 0.8
-2.72863 0.9
-2.72838 1.0
-2.72814 1.1
-2.72789 1.3
-2.72765 1.4
-2.72741 1.5
-2.72716 1.6
-2.72692 1.7
-2.72667 1.8
-2.72643 1.9
-2.72618 2.0
-2.72594 2.1
-2.7257 2.2
-2.72545 2.3
-2.72521 2.3
-2.72496 2.4
-2.72472 2.5
-2.72448 2.6
-2.72423 2.6
-2.72399 2.7
-2.72374 2.7
-2.7235 2.8
-2.72326 2.8
-2.72301 2.8
-2.72277 2.9
-2.72252 2.9
-2.72228 2.9
-2.72203 2.9
-2.72179 2.9
-2.72155 2.9
-2.7213 2.9
-2.72106 2.9
-2.72081 2.9
-2.72057 2.9
-2.72033 2.8
-2.72008 2.8
-2.71984 2.8
-2.71959 2.7
-2.71935 2.7
-2.7191 2.6
-2.71886 2.6
-2.71862 2.5
-2.71837 2.4
-2.71813 2.4
-2.71788 2.3
-2.71764 2.2
-2.7174 2.1
-2.71715 2.0
-2.71691 1.9
-2.71666 1.8
-2.71642 1.7
-2.71618 1.6
-2.71593 1.5
-2.71569 1.4
-2.71544 1.3
-2.7152 1.2
-2.71495 1.0
-2.71471 0.9
-2.71447 0.8
-2.71422 0.7
-2.71398 0.6
-2.71373 0.4
-2.71349 0.3
-2.71325 0.2
-2.713 0.0
-2.71276 0.0
-2.71251 -0.2
-2.71227 -0.3
-2.71202 -0.5
-2.71178 -0.6
-2.71154 -0.7
-2.71129 -0.8
-2.71105 -1.0
-2.7108 -1.1
-2.71056 -1.2
-2.71032 -1.3
-2.71007 -1.4
-2.70983 -1.5
-2.70958 -1.7
-2.70934 -1.8
-2.7091 -1.9
-2.70885 -2.0
-2.70861 -2.1
-2.70836 -2.1
-2.70812 -2.2
-2.70787 -2.3
-2.70763 -2.4
-2.70739 -2.5
-2.70714 -2.5
-2.7069 -2.6
-2.70665 -2.7
-2.70641 -2.7
-2.70617 -2.8
-2.70592 -2.8
-2.70568 -2.8
-2.70543 -2.9
-2.70519 -2.9
-2.70494 -2.9
-2.7047 -2.9
-2.70446 -2.9
-2.70421 -2.9
-2.70397 -2.9
-2.70372 -2.9
-2.70348 -2.9
-2.70324 -2.9
-2.70299 -2.9
-2.70275 -2.8
-2.7025 -2.8
-2.70226 -2.8
-2.70201 -2.7
-2.70177 -2.7
-2.70153 -2.6
-2.70128 -2.5
-2.70104 -2.5
-2.70079 -2.4
-2.70055 -2.3
-2.70031 -2.2
-2.70006 -2.2
-2.69982 -2.1
-2.69957 -2.0
-2.69933 -1.9
-2.69909 -1.8
-2.69884 -1.7
-2.6986 -1.6
-2.69835 -1.4
-2.69811 -1.3
-2.69786 -1.2
-2.69762 -1.1
-2.69738 -1.0
-2.69713 -0.9
-2.69689 -0.7
-2.69664 -0.6
-2.6964 -0.5
-2.69616 -0.3
-2.69591 -0.2
-2.69567 0.0
-2.69542 0.0
-2.69518 0.2
-2.69493 0.3
-2.69469 0.4
-2.69445 0.6
-2.6942 0.7
-2.69396 0.8
-2.69371 0.9
-2.69347 1.1
-2.69323 1.2
-2.69298 1.3
-2.69274 1.4
-2.69249 1.5
-2.69225 1.6
-2.69201 1.7
-2.69176 1.8
-2.69152 1.9
-2.69127 2.0
-2.69103 2.1
-2.69078 2.2
-2.69054 2.3
-2.6903 2.4
-2.69005 2.4
-2.68981 2.5
-2.68956 2.6
-2.68932 2.6
-2.68908 2.7
-2.68883 2.7
-2.68859 2.8
-2.68834 2.8
-2.6881 2.9
-2.68785 2.9
-2.68761 2.9
-2.68737 2.9
-2.68712 2.9
-2.68688 2.9
-2.68663 2.9
-2.68639 2.9
-2.68615 2.9
-2.6859 2.9
-2.68566 2.9
-2.68541 2.8
-2.68517 2.8
-2.68493 2.8
-2.68468 2.7
-2.68444 2.7
-2.68419 2.6
-2.68395 2.6
-2.6837 2.5
-2.68346 2.4
-2.68322 2.3
-2.68297 2.3
-2.68273 2.2
-2.68248 2.1
-2.68224 2.0
-2.682 1.9
-2.68175 1.8
-2.68151 1.7
-2.68126 1.6
-2.68102 1.5
-2.68077 1.4
-2.68053 1.2
-2.68029 1.1
-2.68004 1.0
-2.6798 0.9
-2.67955 0.8
-2.67931 0.6
-2.67907 0.5
-2.67882 0.4
-2.67858 0.2
-2.67833 0.1
-2.67809 0.0
-2.67785 -0.1
-2.6776 -0.3
-2.67736 -0.4
-2.67711 -0.5
-2.67687 -0.7
-2.67662 -0.8
-2.67638 -0.9
-2.67614 -1.0
-2.67589 -1.2
-2.67565 -1.3
-2.6754 -1.4
-2.67516 -1.5
-2.67492 -1.6
-2.67467 -1.7
-2.67443 -1.8
-2.67418 -1.9
-2.67394 -2.0
-2.67369 -2.1
-2.67345 -2.2
-2.67321 -2.3
-2.67296 -2.4
-2.67272 -2.4
-2.67247 -2.5
-2.67223 -2.6
-2.67199 -2.6
-2.67174 -2.7
-2.6715 -2.7
-2.67125 -2.8
-2.67101 -2.8
-2.67076 -2.9
-2.67052 -2.9
-2.67028 -2.9
-2.67003 -2.9
-2.66979 -2.9
-2.66954 -2.9
-2.6693 -2.9
-2.66906 -2.9
-2.66881 -2.9
-2.66857 -2.9
-2.66832 -2.9
-2.66808 -2.9
-2.66784 -2.8
-2.66759 -2.8
-2.66735 -2.7
-2.6671 -2.7
-2.66686 -2.6
-2.66661 -2.6
-2.66637 -2.5
-2.66613 -2.4
-2.66588 -2.4
-2.66564 -2.3
-2.66539 -2.2
-2.66515 -2.1
-2.66491 -2.0
-2.66466 -1.9
-2.66442 -1.8
-2.66417 -1.7
-2.66393 -1.6
-2.66368 -1.5
-2.66344 -1.4
-2.6632 -1.3
-2.66295 -1.1
-2.66271 -1.0
-2.66246 -0.9
-2.66222 -0.8
-2.66198 -0.6
-2.66173 -0.5
-2.66149 -0.4
-2.66124 -0.2
-2.661 -0.1
-2.66076 0.0
-2.66051 0.1
-2.66027 0.3
-2.66002 0.4
-2.65978 0.5
-2.65953 0.7
-2.65929 0.8
-2.65905 0.9
-2.6588 1.0
-2.65856 1.2
-2.65831 1.3
-2.65807 1.4
-2.65783 1.5
-2.65758 1.6
-2.65734 1.7
-2.65709 1.8
-2.65685 1.9
-2.6566 2.0
-2.65636 2.1
-2.65612 2.2
-2.65587 2.3
-2.65563 2.4
-2.65538 2.4
-2.65514 2.5
-2.6549 2.6
-2.65465 2.6
-2.65441 2.7
-2.65416 2.7
-2.65392 2.8
-2.65368 2.8
-2.65343 2.9
-2.65319 2.9
-2.65294 2.9
-2.6527 2.9
-2.65245 2.9
-2.65221 2.9
-2.65197 2.9
-2.65172 2.9
-2.65148 2.9
-2.65123 2.9
-2.65099 2.9
-2.65075 2.9
-2.6505 2.8
-2.65026 2.8
-2.65001 2.7
-2.64977 2.7
-2.64952 2.6
-2.64928 2.6
-2.64904 2.5
-2.64879 2.4
-2.64855 2.3
-2.6483 2.3
-2.64806 2.2
-2.64782 2.1
-2.64757 2.0
-2.64733 1.9
-2.64708 1.8
-2.64684 1.7
-2.6466 1.6
-2.64635 1.5
-2.64611 1.4
-2.64586 1.2
-2.64562 1.1
-2.64537 1.0
-2.64513 0.9
-2.64489 0.7
-2.64464 0.6
-2.6444 0.5
-2.64415 0.4
-2.64391 0.2
-2.64367 0.0
-2.64342 0.0
-2.64318 -0.2
-2.64293 -0.3
-2.64269 -0.4
-2.64244 -0.6
-2.6422 -0.7
-2.64196 -0.8
-2.64171 -0.9
-2.64147 -1.1
-2.64122 -1.2
-2.64098 -1.3
-2.64074 -1.4
-2.64049 -1.5
-2.64025 -1.6
-2.64 -1.7
-2.63976 -1.8
-2.63951 -1.9
-2.63927 -2.0
-2.63903 -2.1
-2.63878 -2.2
-2.63854 -2.3
-2.63829 -2.4
-2.63805 -2.5
-2.63781 -2.5
-2.63756 -2.6
-2.63732 -2.7
-2.63707 -2.7
-2.63683 -2.8
-2.63659 -2.8
-2.63634 -2.8
-2.6361 -2.9
-2.63585 -2.9
-2.63561 -2.9
-2.63536 -2.9
-2.63512 -2.9
-2.63488 -3.0
-2.63463 -2.9
-2.63439 -2.9
-2.63414 -2.9
-2.6339 -2.9
-2.63366 -2.9
-2.63341 -2.9
-2.63317 -2.8
-2.63292 -2.8
-2.63268 -2.7
-2.63243 -2.7
-2.63219 -2.6
-2.63195 -2.5
-2.6317 -2.5
-2.63146 -2.4
-2.63121 -2.3
-2.63097 -2.2
-2.63073 -2.2
-2.63048 -2.1
-2.63024 -2.0
-2.62999 -1.9
-2.62975 -1.8
-2.62951 -1.7
-2.62926 -1.6
-2.62902 -1.4
-2.62877 -1.3
-2.62853 -1.2
-2.62828 -1.1
-2.62804 -1.0
-2.6278 -0.8
-2.62755 -0.7
-2.62731 -0.6
-2.62706 -0.5
-2.62682 -0.3
-2.62658 -0.2
-2.62633 0.0
-2.62609 0.0
-2.62584 0.2
-2.6256 0.3
-2.62535 0.5
-2.62511 0.6
-2.62487 0.7
-2.62462 0.8
-2.62438 1.0
-2.62413 1.1
-2.62389 1.2
-2.62365 1.3
-2.6234 1.5
-2.62316 1.6
-2.62291 1.7
-2.62267 1.8
-2.62243 1.9
-2.62218 2.0
-2.62194 2.1
-2.62169 2.2
-2.62145 2.3
-2.6212 2.3
-2.62096 2.4
-2.62072 2.5
-2.62047 2.6
-2.62023 2.6
-2.61998 2.7
-2.61974 2.7
-2.6195 2.8
-2.61925 2.8
-2.61901 2.9
-2.61876 2.9
-2.61852 2.9
-2.61827 2.9
-2.61803 2.9
-2.61779 3.0
-2.61754 3.0
-2.6173 3.0
-2.61705 2.9
-2.61681 2.9
-2.61657 2.9
-2.61632 2.9
-2.61608 2.8
-2.61583 2.8
-2.61559 2.8
-2.61535 2.7
-2.6151 2.7
-2.61486 2.6
-2.61461 2.5
-2.61437 2.5
-2.61412 2.4
-2.61388 2.3
-2.61364 2.2
-2.61339 2.1
-2.61315 2.0
-2.6129 1.9
-2.61266 1.8
-2.61242 1.7
-2.61217 1.6
-2.61193 1.5
-2.61168 1.4
-2.61144 1.3
-2.61119 1.2
-2.61095 1.0
-2.61071 0.9
-2.61046 0.8
-2.61022 0.6
-2.60997 0.5
-2.60973 0.4
-2.60949 0.3
-2.60924 0.1
-2.609 0.0
-2.60875 -0.1
-2.60851 -0.3
-2.60826 -0.4
-2.60802 -0.5
-2.60778 -0.7
-2.60753 -0.8
-2.60729 -0.9
-2.60704 -1.0
-2.6068 -1.2
-2.60656 -1.3
-2.60631 -1.4
-2.60607 -1.5
-2.60582 -1.6
-2.60558 -1.7
-2.60534 -1.8
-2.60509 -1.9
-2.60485 -2.0
-2.6046 -2.1
-2.60436 -2.2
-2.60411 -2.3
-2.60387 -2.4
-2.60363 -2.5
-2.60338 -2.5
-2.60314 -2.6
-2.60289 -2.7
-2.60265 -2.7
-2.60241 -2.8
-2.60216 -2.8
-2.60192 -2.8
-2.60167 -2.9
-2.60143 -2.9
-2.60118 -2.9
-2.60094 -2.9
-2.6007 -3.0
-2.60045 -3.0
-2.60021 -3.0
-2.59996 -2.9
-2.59972 -2.9
-2.59948 -2.9
-2.59923 -2.9
-2.59899 -2.9
-2.59874 -2.8
-2.5985 -2.8
-2.59826 -2.7
-2.59801 -2.7
-2.59777 -2.6
-2.59752 -2.6
-2.59728 -2.5
-2.59703 -2.4
-2.59679 -2.3
-2.59655 -2.2
-2.5963 -2.2
-2.59606 -2.1
-2.59581 -2.0
-2.59557 -1.9
-2.59533 -1.8
-2.59508 -1.7
-2.59484 -1.5
-2.59459 -1.4
-2.59435 -1.3
-2.5941 -1.2
-2.59386 -1.1
-2.59362 -0.9
-2.59337 -0.8
-2.59313 -0.7
-2.59288 -0.6
-2.59264 -0.4
-2.5924 -0.3
-2.59215 -0.2
-2.59191 0.0
-2.59166 0.0
-2.59142 0.2
-2.59118 0.4
-2.59093 0.5
-2.59069 0.6
-2.59044 0.7
-2.5902 0.9
-2.58995 1.0
-2.58971 1.1
-2.58947 1.2
-2.58922 1.4
-2.58898 1.5
-2.58873 1.6
-2.58849 1.7
-2.58825 1.8
-2.588 1.9
-2.58776 2.0
-2.58751 2.1
-2.58727 2.2
-2.58702 2.3
-2.58678 2.4
-2.58654 2.4
-2.58629 2.5
-2.58605 2.6
-2.5858 2.6
-2.58556 2.7
-2.58532 2.8
-2.58507 2.8
-2.58483 2.8
-2.58458 2.9
-2.58434 2.9
-2.5841 2.9
-2.58385 2.9
-2.58361 3.0
-2.58336 3.0
-2.58312 3.0
-2.58287 3.0
-2.58263 2.9
-2.58239 2.9
-2.58214 2.9
-2.5819 2.9
-2.58165 2.8
-2.58141 2.8
-2.58117 2.7
-2.58092 2.7
-2.58068 2.6
-2.58043 2.6
-2.58019 2.5
-2.57994 2.4
-2.5797 2.4
-2.57946 2.3
-2.57921 2.2
-2.57897 2.1
-2.57872 2.0
-2.57848 1.9
-2.57824 1.8
-2.57799 1.7
-2.57775 1.6
-2.5775 1.5
-2.57726 1.3
-2.57701 1.2
-2.57677 1.1
-2.57653 1.0
-2.57628 0.8
-2.57604 0.7
-2.57579 0.6
-2.57555 0.5
-2.57531 0.3
-2.57506 0.2
-2.57482 0.0
-2.57457 0.0
-2.57433 -0.2
-2.57409 -0.3
-2.57384 -0.5
-2.5736 -0.6
-2.57335 -0.7
-2.57311 -0.9
-2.57286 -1.0
-2.57262 -1.1
-2.57238 -1.2
-2.57213 -1.3
-2.57189 -1.5
-2.57164 -1.6
-2.5714 -1.7
-2.57116 -1.8
-2.57091 -1.9
-2.57067 -2.0
-2.57042 -2.1
-2.57018 -2.2
-2.56993 -2.3
-2.56969 -2.4
-2.56945 -2.4
-2.5692 -2.5
-2.56896 -2.6
-2.56871 -2.6
-2.56847 -2.7
-2.56823 -2.8
-2.56798 -2.8
-2.56774 -2.8
-2.56749 -2.9
-2.56725 -2.9
-2.56701 -2.9
-2.56676 -3.0
-2.56652 -3.0
-2.56627 -3.0
-2.56603 -3.0
-2.56578 -3.0
-2.56554 -3.0
-2.5653 -2.9
-2.56505 -2.9
-2.56481 -2.9
-2.56456 -2.8
-2.56432 -2.8
-2.56408 -2.8
-2.56383 -2.7
-2.56359 -2.6
-2.56334 -2.6
-2.5631 -2.5
-2.56285 -2.4
-2.56261 -2.4
-2.56237 -2.3
-2.56212 -2.2
-2.56188 -2.1
-2.56163 -2.0
-2.56139 -1.9
-2.56115 -1.8
-2.5609 -1.7
-2.56066 -1.6
-2.56041 -1.5
-2.56017 -1.3
-2.55993 -1.2
-2.55968 -1.1
-2.55944 -1.0
-2.55919 -0.9
-2.55895 -0.7
-2.5587 -0.6
-2.55846 -0.5
-2.55822 -0.3
-2.55797 -0.2
-2.55773 0.0
-2.55748 0.0
-2.55724 0.2
-2.557 0.3
-2.55675 0.5
-2.55651 0.6
-2.55626 0.7
-2.55602 0.9
-2.55577 1.0
-2.55553 1.1
-2.55529 1.2
-2.55504 1.4
-2.5548 1.5
-2.55455 1.6
-2.55431 1.7
-2.55407 1.8
-2.55382 1.9
-2.55358 2.0
-2.55333 2.1
-2.55309 2.2
-2.55285 2.3
-2.5526 2.4
-2.55236 2.4
-2.55211 2.5
-2.55187 2.6
-2.55162 2.7
-2.55138 2.7
-2.55114 2.8
-2.55089 2.8
-2.55065 2.9
-2.5504 2.9
-2.55016 2.9
-2.54992 2.9
-2.54967 3.0
-2.54943 3.0
-2.54918 3.0
-2.54894 3.0
-2.54869 3.0
-2.54845 3.0
-2.54821 2.9
-2.54796 2.9
-2.54772 2.9
-2.54747 2.8
-2.54723 2.8
-2.54699 2.8
-2.54674 2.7
-2.5465 2.6
-2.54625 2.6
-2.54601 2.5
-2.54576 2.4
-2.54552 2.4
-2.54528 2.3
-2.54503 2.2
-2.54479 2.1
-2.54454 2.0
-2.5443 1.9
-2.54406 1.8
-2.54381 1.7
-2.54357 1.6
-2.54332 1.5
-2.54308 1.3
-2.54284 1.2
-2.54259 1.1
-2.54235 1.0
-2.5421 0.8
-2.54186 0.7
-2.54161 0.6
-2.54137 0.4
-2.54113 0.3
-2.54088 0.2
-2.54064 0.0
-2.54039 0.0
-2.54015 -0.2
-2.53991 -0.4
-2.53966 -0.5
-2.53942 -0.6
-2.53917 -0.8
-2.53893 -0.9
-2.53868 -1.0
-2.53844 -1.1
-2.5382 -1.3
-2.53795 -1.4
-2.53771 -1.5
-2.53746 -1.6
-2.53722 -1.7
-2.53698 -1.8
-2.53673 -1.9
-2.53649 -2.0
-2.53624 -2.1
-2.536 -2.2
-2.53576 -2.3
-2.53551 -2.4
-2.53527 -2.5
-2.53502 -2.5
-2.53478 -2.6
-2.53453 -2.7
-2.53429 -2.7
-2.53405 -2.8
-2.5338 -2.8
-2.53356 -2.9
-2.53331 -2.9
-2.53307 -2.9
-2.53283 -2.9
-2.53258 -3.0
-2.53234 -3.0
-2.53209 -3.0
-2.53185 -3.0
-2.5316 -3.0
-2.53136 -3.0
-2.53112 -2.9
-2.53087 -2.9
-2.53063 -2.9
-2.53038 -2.8
-2.53014 -2.8
-2.5299 -2.7
-2.52965 -2.7
-2.52941 -2.6
-2.52916 -2.6
-2.52892 -2.5
-2.52868 -2.4
-2.52843 -2.3
-2.52819 -2.3
-2.52794 -2.2
-2.5277 -2.1
-2.52745 -2.0
-2.52721 -1.9
-2.52697 -1.8
-2.52672 -1.6
-2.52648 -1.5
-2.52623 -1.4
-2.52599 -1.3
-2.52575 -1.2
-2.5255 -1.1
-2.52526 -0.9
-2.52501 -0.8
-2.52477 -0.7
-2.52452 -0.5
-2.52428 -0.4
-2.52404 -0.3
-2.52379 -0.1
-2.52355 0.0
-2.5233 0.1
-2.52306 0.3
-2.52282 0.4
-2.52257 0.5
-2.52233 0.7
-2.52208 0.8
-2.52184 0.9
-2.5216 1.1
-2.52135 1.2
-2.52111 1.3
-2.52086 1.4
-2.52062 1.5
-2.52037 1.7
-2.52013 1.8
-2.51989 1.9
-2.51964 2.0
-2.5194 2.1
-2.51915 2.2
-2.51891 2.3
-2.51867 2.3
-2.51842 2.4
-2.51818 2.5
-2.51793 2.6
-2.51769 2.6
-2.51744 2.7
-2.5172 2.8
-2.51696 2.8
-2.51671 2.8
-2.51647 2.9
-2.51622 2.9
-2.51598 2.9
-2.51574 3.0
-2.51549 3.0
-2.51525 3.0
-2.515 3.0
-2.51476 3.0
-2.51451 3.0
-2.51427 3.0
-2.51403 2.9
-2.51378 2.9
-2.51354 2.9
-2.51329 2.8
-2.51305 2.8
-2.51281 2.7
-2.51256 2.7
-2.51232 2.6
-2.51207 2.5
-2.51183 2.5
-2.51159 2.4
-2.51134 2.3
-2.5111 2.2
-2.51085 2.1
-2.51061 2.0
-2.51036 1.9
-2.51012 1.8
-2.50988 1.7
-2.50963 1.6
-2.50939 1.5
-2.50914 1.4
-2.5089 1.2
-2.50866 1.1
-2.50841 1.0
-2.50817 0.9
-2.50792 0.7
-2.50768 0.6
-2.50743 0.5
-2.50719 0.3
-2.50695 0.2
-2.5067 0.0
-2.50646 0.0
-2.50621 -0.2
-2.50597 -0.3
-2.50573 -0.5
-2.50548 -0.6
-2.50524 -0.7
-2.50499 -0.9
-2.50475 -1.0
-2.50451 -1.1
-2.50426 -1.2
-2.50402 -1.4
-2.50377 -1.5
-2.50353 -1.6
-2.50328 -1.7
-2.50304 -1.8
-2.5028 -1.9
-2.50255 -2.0
-2.50231 -2.1
-2.50206 -2.2
-2.50182 -2.3
-2.50158 -2.4
-2.50133 -2.5
-2.50109 -2.5
-2.50084 -2.6
-2.5006 -2.7
-2.50035 -2.7
-2.50011 -2.8
-2.49987 -2.8
-2.49962 -2.9
-2.49938 -2.9
-2.49913 -2.9
-2.49889 -3.0
-2.49865 -3.0
-2.4984 -3.0
-2.49816 -3.0
-2.49791 -3.0
-2.49767 -3.0
-2.49743 -3.0
-2.49718 -2.9
-2.49694 -2.9
-2.49669 -2.9
-2.49645 -2.8
-2.4962 -2.8
-2.49596 -2.8
-2.49572 -2.7
-2.49547 -2.6
-2.49523 -2.6
-2.49498 -2.5
-2.49474 -2.4
-2.4945 -2.3
-2.49425 -2.3
-2.49401 -2.2
-2.49376 -2.1
-2.49352 -2.0
-2.49327 -1.9
-2.49303 -1.8
-2.49279 -1.6
-2.49254 -1.5
-2.4923 -1.4
-2.49205 -1.3
-2.49181 -1.2
-2.49157 -1.0
-2.49132 -0.9
-2.49108 -0.8
-2.49083 -0.6
-2.49059 -0.5
-2.49035 -0.4
-2.4901 -0.2
-2.48986 -0.1
-2.48961 0.0
-2.48937 0.2
-2.48912 0.3
-2.48888 0.4
-2.48864 0.6
-2.48839 0.7
-2.48815 0.8
-2.4879 1.0
-2.48766 1.1
-2.48742 1.2
-2.48717 1.3
-2.48693 1.5
-2.48668 1.6
-2.48644 1.7
-2.48619 1.8
-2.48595 1.9
-2.48571 2.0
-2.48546 2.1
-2.48522 2.2
-2.48497 2.3
-2.48473 2.4
-2.48449 2.5
-2.48424 2.5
-2.484 2.6
-2.48375 2.7
-2.48351 2.7
-2.48326 2.8
-2.48302 2.8
-2.48278 2.9
-2.48253 2.9
-2.48229 2.9
-2.48204 3.0
-2.4818 3.0
-2.48156 3.0
-2.48131 3.0
-2.48107 3.0
-2.48082 3.0
-2.48058 3.0
-2.48034 3.0
-2.48009 2.9
-2.47985 2.9
-2.4796 2.9
-2.47936 2.8
-2.47911 2.8
-2.47887 2.7
-2.47863 2.7
-2.47838 2.6
-2.47814 2.5
-2.47789 2.4
-2.47765 2.4
-2.47741 2.3
-2.47716 2.2
-2.47692 2.1
-2.47667 2.0
-2.47643 1.9
-2.47618 1.8
-2.47594 1.7
-2.4757 1.5
-2.47545 1.4
-2.47521 1.3
-2.47496 1.2
-2.47472 1.1
-2.47448 0.9
-2.47423 0.8
-2.47399 0.7
-2.47374 0.5
-2.4735 0.4
-2.47326 0.3
-2.47301 0.1
-2.47277 0.0
-2.47252 -0.1
-2.47228 -0.3
-2.47203 -0.4
-2.47179 -0.6
-2.47155 -0.7
-2.4713 -0.8
-2.47106 -0.9
-2.47081 -1.1
-2.47057 -1.2
-2.47033 -1.3
-2.47008 -1.4
-2.46984 -1.6
-2.46959 -1.7
-2.46935 -1.8
-2.4691 -1.9
-2.46886 -2.0
-2.46862 -2.1
-2.46837 -2.2
-2.46813 -2.3
-2.46788 -2.4
-2.46764 -2.5
-2.4674 -2.5
-2.46715 -2.6
-2.46691 -2.7
-2.46666 -2.7
-2.46642 -2.8
-2.46618 -2.8
-2.46593 -2.9
-2.46569 -2.9
-2.46544 -2.9
-2.4652 -3.0
-2.46495 -3.0
-2.46471 -3.0
-2.46447 -3.0
-2.46422 -3.0
-2.46398 -3.0
-2.46373 -3.0
-2.46349 -3.0
-2.46325 -2.9
-2.463 -2.9
-2.46276 -2.9
-2.46251 -2.8
-2.46227 -2.8
-2.46202 -2.7
-2.46178 -2.7
-2.46154 -2.6
-2.46129 -2.5
-2.46105 -2.4
-2.4608 -2.4
-2.46056 -2.3
-2.46032 -2.2
-2.46007 -2.1
-2.45983 -2.0
-2.45958 -1.9
-2.45934 -1.8
-2.4591 -1.7
-2.45885 -1.6
-2.45861 -1.4
-2.45836 -1.3
-2.45812 -1.2
-2.45787 -1.1
-2.45763 -0.9
-2.45739 -0.8
-2.45714 -0.7
-2.4569 -0.5
-2.45665 -0.4
-2.45641 -0.3
-2.45617 -0.1
-2.45592 0.0
-2.45568 0.1
-2.45543 0.3
-2.45519 0.4
-2.45494 0.6
-2.4547 0.7
-2.45446 0.8
-2.45421 1.0
-2.45397 1.1
-2.45372 1.2
-2.45348 1.3
-2.45324 1.5
-2.45299 1.6
-2.45275 1.7
-2.4525 1.8
-2.45226 1.9
-2.45201 2.0
-2.45177 2.1
-2.45153 2.2
-2.45128 2.3
-2.45104 2.4
-2.45079 2.5
-2.45055 2.5
-2.45031 2.6
-2.45006 2.7
-2.44982 2.7
-2.44957 2.8
-2.44933 2.8
-2.44909 2.9
-2.44884 2.9
-2.4486 2.9
-2.44835 3.0
-2.44811 3.0
-2.44786 3.0
-2.44762 3.0
-2.44738 3.0
-2.44713 3.0
-2.44689 3.0
-2.44664 3.0
-2.4464 2.9
-2.44616 2.9
-2.44591 2.9
-2.44567 2.8
-2.44542 2.8
-2.44518 2.7
-2.44493 2.7
-2.44469 2.6
-2.44445 2.5
-2.4442 2.4
-2.44396 2.4
-2.44371 2.3
-2.44347 2.2
-2.44323 2.1
-2.44298 2.0
-2.44274 1.9
-2.44249 1.8
-2.44225 1.6
-2.44201 1.5
-2.44176 1.4
-2.44152 1.3
-2.44127 1.2
-2.44103 1.0
-2.44078 0.9
-2.44054 0.8
-2.4403 0.6
-2.44005 0.5
-2.43981 0.4
-2.43956 0.2
-2.43932 0.0
-2.43908 0.0
-2.43883 -0.2
-2.43859 -0.3
-2.43834 -0.4
-2.4381 -0.6
-2.43785 -0.7
-2.43761 -0.9
-2.43737 -1.0
-2.43712 -1.1
-2.43688 -1.2
-2.43663 -1.4
-2.43639 -1.5
-2.43615 -1.6
-2.4359 -1.7
-2.43566 -1.8
-2.43541 -1.9
-2.43517 -2.0
-2.43493 -2.1
-2.43468 -2.2
-2.43444 -2.3
-2.43419 -2.4
-2.43395 -2.5
-2.4337 -2.6
-2.43346 -2.6
-2.43322 -2.7
-2.43297 -2.8
-2.43273 -2.8
-2.43248 -2.9
-2.43224 -2.9
-2.432 -2.9
-2.43175 -3.0
-2.43151 -3.0
-2.43126 -3.0
-2.43102 -3.0
-2.43077 -3.0
-2.43053 -3.0
-2.43029 -3.0
-2.43004 -3.0
-2.4298 -3.0
-2.42955 -2.9
-2.42931 -2.9
-2.42907 -2.9
-2.42882 -2.8
-2.42858 -2.8
-2.42833 -2.7
-2.42809 -2.6
-2.42785 -2.6
-2.4276 -2.5
-2.42736 -2.4
-2.42711 -2.3
-2.42687 -2.2
-2.42662 -2.1
-2.42638 -2.0
-2.42614 -1.9
-2.42589 -1.8
-2.42565 -1.7
-2.4254 -1.6
-2.42516 -1.5
-2.42492 -1.4
-2.42467 -1.3
-2.42443 -1.1
-2.42418 -1.0
-2.42394 -0.9
-2.42369 -0.7
-2.42345 -0.6
-2.42321 -0.5
-2.42296 -0.3
-2.42272 -0.2
-2.42247 0.0
-2.42223 0.0
-2.42199 0.2
-2.42174 0.4
-2.4215 0.5
-2.42125 0.6
-2.42101 0.8
-2.42076 0.9
-2.42052 1.0
-2.42028 1.2
-2.42003 1.3
-2.41979 1.4
-2.41954 1.5
-2.4193 1.7
-2.41906 1.8
-2.41881 1.9
-2.41857 2.0
-2.41832 2.1
-2.41808 2.2
-2.41784 2.3
-2.41759 2.4
-2.41735 2.4
-2.4171 2.5
-2.41686 2.6
-2.41661 2.7
-2.41637 2.7
-2.41613 2.8
-2.41588 2.8
-2.41564 2.9
-2.41539 2.9
-2.41515 2.9
-2.41491 3.0
-2.41466 3.0
-2.41442 3.0
-2.41417 3.0
-2.41393 3.0
-2.41368 3.0
-2.41344 3.0
-2.4132 3.0
-2.41295 3.0
-2.41271 2.9
-2.41246 2.9
-2.41222 2.8
-2.41198 2.8
-2.41173 2.7
-2.41149 2.7
-2.41124 2.6
-2.411 2.5
-2.41076 2.5
-2.41051 2.4
-2.41027 2.3
-2.41002 2.2
-2.40978 2.1
-2.40953 2.0
-2.40929 1.9
-2.40905 1.8
-2.4088 1.7
-2.40856 1.6
-2.40831 1.4
-2.40807 1.3
-2.40783 1.2
-2.40758 1.1
-2.40734 0.9
-2.40709 0.8
-2.40685 0.7
-2.4066 0.5
-2.40636 0.4
-2.40612 0.3
-2.40587 0.1
-2.40563 0.0
-2.40538 -0.2
-2.40514 -0.3
-2.4049 -0.4
-2.40465 -0.6
-2.40441 -0.7
-2.40416 -0.8
-2.40392 -1.0
-2.40368 -1.1
-2.40343 -1.2
-2.40319 -1.4
-2.40294 -1.5
-2.4027 -1.6
-2.40245 -1.7
-2.40221 -1.8
-2.40197 -1.9
-2.40172 -2.0
-2.40148 -2.1
-2.40123 -2.2
-2.40099 -2.3
-2.40075 -2.4
-2.4005 -2.5
-2.40026 -2.6
-2.40001 -2.6
-2.39977 -2.7
-2.39952 -2.8
-2.39928 -2.8
-2.39904 -2.9
-2.39879 -2.9
-2.39855 -2.9
-2.3983 -3.0
-2.39806 -3.0
-2.39782 -3.0
-2.39757 -3.0
-2.39733 -3.0
-2.39708 -3.0
-2.39684 -3.0
-2.3966 -3.0
-2.39635 -3.0
-2.39611 -2.9
-2.39586 -2.9
-2.39562 -2.9
-2.39537 -2.8
-2.39513 -2.8
-2.39489 -2.7
-2.39464 -2.6
-2.3944 -2.6
-2.39415 -2.5
-2.39391 -2.4
-2.39367 -2.3
-2.39342 -2.2
-2.39318 -2.1
-2.39293 -2.0
-2.39269 -1.9
-2.39244 -1.8
-2.3922 -1.7
-2.39196 -1.6
-2.39171 -1.5
-2.39147 -1.4
-2.39122 -1.2
-2.39098 -1.1
-2.39074 -1.0
-2.39049 -0.8
-2.39025 -0.7
-2.39 -0.6
-2.38976 -0.4
-2.38951 -0.3
-2.38927 -0.2
-2.38903 0.0
-2.38878 0.1
-2.38854 0.3
-2.38829 0.4
-2.38805 0.5
-2.38781 0.7
-2.38756 0.8
-2.38732 0.9
-2.38707 1.1
-2.38683 1.2
-2.38659 1.3
-2.38634 1.5
-2.3861 1.6
-2.38585 1.7
-2.38561 1.8
-2.38536 1.9
-2.38512 2.0
-2.38488 2.1
-2.38463 2.2
-2.38439 2.3
-2.38414 2.4
-2.3839 2.5
-2.38366 2.6
-2.38341 2.6
-2.38317 2.7
-2.38292 2.8
-2.38268 2.8
-2.38243 2.9
-2.38219 2.9
-2.38195 2.9
-2.3817 3.0
-2.38146 3.0
-2.38121 3.0
-2.38097 3.0
-2.38073 3.0
-2.38048 3.0
-2.38024 3.0
-2.37999 3.0
-2.37975 3.0
-2.37951 2.9
-2.37926 2.9
-2.37902 2.9
-2.37877 2.8
-2.37853 2.8
-2.37828 2.7
-2.37804 2.7
-2.3778 2.6
-2.37755 2.5
-2.37731 2.4
-2.37706 2.3
-2.37682 2.3
-2.37658 2.2
-2.37633 2.1
-2.37609 2.0
-2.37584 1.8
-2.3756 1.7
-2.37535 1.6
-2.37511 1.5
-2.37487 1.4
-2.37462 1.2
-2.37438 1.1
-2.37413 1.0
-2.37389 0.9
-2.37365 0.7
-2.3734 0.6
-2.37316 0.4
-2.37291 0.3
-2.37267 0.2
-2.37243 0.0
-2.37218 -0.1
-2.37194 -0.3
-2.37169 -0.4
-2.37145 -0.5
-2.3712 -0.7
-2.37096 -0.8
-2.37072 -0.9
-2.37047 -1.1
-2.37023 -1.2
-2.36998 -1.3
-2.36974 -1.4
-2.3695 -1.6
-2.36925 -1.7
-2.36901 -1.8
-2.36876 -1.9
-2.36852 -2.0
-2.36827 -2.1
-2.36803 -2.2
-2.36779 -2.3
-2.36754 -2.4
-2.3673 -2.5
-2.36705 -2.6
-2.36681 -2.6
-2.36657 -2.7
-2.36632 -2.8
-2.36608 -2.8
-2.36583 -2.9
-2.36559 -2.9
-2.36535 -2.9
-2.3651 -3.0
-2.36486 -3.0
-2.36461 -3.0
-2.36437 -3.0
-2.36412 -3.0
-2.36388 -3.0
-2.36364 -3.0
-2.36339 -3.0
-2.36315 -3.0
-2.3629 -3.0
-2.36266 -2.9
-2.36242 -2.9
-2.36217 -2.8
-2.36193 -2.8
-2.36168 -2.7
-2.36144 -2.7
-2.36119 -2.6
-2.36095 -2.5
-2.36071 -2.4
-2.36046 -2.3
-2.36022 -2.3
-2.35997 -2.2
-2.35973 -2.1
-2.35949 -2.0
-2.35924 -1.8
-2.359 -1.7
-2.35875 -1.6
-2.35851 -1.5
-2.35826 -1.4
-2.35802 -1.2
-2.35778 -1.1
-2.35753 -1.0
-2.35729 -0.9
-2.35704 -0.7
-2.3568 -0.6
-2.35656 -0.4
-2.35631 -0.3
-2.35607 -0.2
-2.35582 0.0
-2.35558 0.1
-2.35534 0.3
-2.35509 0.4
-2.35485 0.5
-2.3546 0.7
-2.35436 0.8
-2.35411 0.9
-2.35387 1.1
-2.35363 1.2
-2.35338 1.3
-2.35314 1.5
-2.35289 1.6
-2.35265 1.7
-2.35241 1.8
-2.35216 1.9
-2.35192 2.0
-2.35167 2.1
-2.35143 2.2
-2.35118 2.3
-2.35094 2.4
-2.3507 2.5
-2.35045 2.6
-2.35021 2.6
-2.34996 2.7
-2.34972 2.8
-2.34948 2.8
-2.34923 2.9
-2.34899 2.9
-2.34874 2.9
-2.3485 3.0
-2.34826 3.0
-2.34801 3.0
-2.34777 3.0
-2.34752 3.0
-2.34728 3.0
-2.34703 3.0
-2.34679 3.0
-2.34655 3.0
-2.3463 3.0
-2.34606 2.9
-2.34581 2.9
-2.34557 2.8
-2.34533 2.8
-2.34508 2.7
-2.34484 2.7
-2.34459 2.6
-2.34435 2.5
-2.3441 2.4
-2.34386 2.3
-2.34362 2.2
-2.34337 2.1
-2.34313 2.0
-2.34288 1.9
-2.34264 1.8
-2.3424 1.7
-2.34215 1.6
-2.34191 1.5
-2.34166 1.3
-2.34142 1.2
-2.34118 1.1
-2.34093 1.0
-2.34069 0.8
-2.34044 0.7
-2.3402 0.5
-2.33995 0.4
-2.33971 0.3
-2.33947 0.1
-2.33922 0.0
-2.33898 -0.2
-2.33873 -0.3
-2.33849 -0.4
-2.33825 -0.6
-2.338 -0.7
-2.33776 -0.8
-2.33751 -1.0
-2.33727 -1.1
-2.33702 -1.2
-2.33678 -1.4
-2.33654 -1.5
-2.33629 -1.6
-2.33605 -1.7
-2.3358 -1.8
-2.33556 -2.0
-2.33532 -2.1
-2.33507 -2.2
-2.33483 -2.3
-2.33458 -2.4
-2.33434 -2.4
-2.3341 -2.5
-2.33385 -2.6
-2.33361 -2.7
-2.33336 -2.7
-2.33312 -2.8
-2.33287 -2.8
-2.33263 -2.9
-2.33239 -2.9
-2.33214 -3.0
-2.3319 -3.0
-2.33165 -3.0
-2.33141 -3.0
-2.33117 -3.0
-2.33092 -3.0
-2.33068 -3.0
-2.33043 -3.0
-2.33019 -3.0
-2.32994 -3.0
-2.3297 -2.9
-2.32946 -2.9
-2.32921 -2.9
-2.32897 -2.8
-2.32872 -2.8
-2.32848 -2.7
-2.32824 -2.6
-2.32799 -2.6
-2.32775 -2.5
-2.3275 -2.4
-2.32726 -2.3
-2.32701 -2.2
-2.32677 -2.1
-2.32653 -2.0
-2.32628 -1.9
-2.32604 -1.8
-2.32579 -1.7
-2.32555 -1.5
-2.32531 -1.4
-2.32506 -1.3
-2.32482 -1.2
-2.32457 -1.0
-2.32433 -0.9
-2.32409 -0.8
-2.32384 -0.6
-2.3236 -0.5
-2.32335 -0.4
-2.32311 -0.2
-2.32286 0.0
-2.32262 0.0
-2.32238 0.2
-2.32213 0.4
-2.32189 0.5
-2.32164 0.6
-2.3214 0.8
-2.32116 0.9
-2.32091 1.0
-2.32067 1.2
-2.32042 1.3
-2.32018 1.4
-2.31993 1.6
-2.31969 1.7
-2.31945 1.8
-2.3192 1.9
-2.31896 2.0
-2.31871 2.1
-2.31847 2.2
-2.31823 2.3
-2.31798 2.4
-2.31774 2.5
-2.31749 2.6
-2.31725 2.6
-2.31701 2.7
-2.31676 2.8
-2.31652 2.8
-2.31627 2.9
-2.31603 2.9
-2.31578 3.0
-2.31554 3.0
-2.3153 3.0
-2.31505 3.0
-2.31481 3.0
-2.31456 3.0
-2.31432 3.0
-2.31408 3.0
-2.31383 3.0
-2.31359 3.0
-2.31334 3.0
-2.3131 2.9
-2.31285 2.9
-2.31261 2.8
-2.31237 2.8
-2.31212 2.7
-2.31188 2.7
-2.31163 2.6
-2.31139 2.5
-2.31115 2.4
-2.3109 2.4
-2.31066 2.3
-2.31041 2.2
-2.31017 2.1
-2.30993 2.0
-2.30968 1.8
-2.30944 1.7
-2.30919 1.6
-2.30895 1.5
-2.3087 1.4
-2.30846 1.2
-2.30822 1.1
-2.30797 1.0
-2.30773 0.8
-2.30748 0.7
-2.30724 0.6
-2.307 0.4
-2.30675 0.3
-2.30651 0.1
-2.30626 0.0
-2.30602 -0.2
-2.30577 -0.3
-2.30553 -0.4
-2.30529 -0.6
-2.30504 -0.7
-2.3048 -0.9
-2.30455 -1.0
-2.30431 -1.1
-2.30407 -1.3
-2.30382 -1.4
-2.30358 -1.5
-2.30333 -1.6
-2.30309 -1.7
-2.30285 -1.9
-2.3026 -2.0
-2.30236 -2.1
-2.30211 -2.2
-2.30187 -2.3
-2.30162 -2.4
-2.30138 -2.5
-2.30114 -2.5
-2.30089 -2.6
-2.30065 -2.7
-2.3004 -2.7
-2.30016 -2.8
-2.29992 -2.9
-2.29967 -2.9
-2.29943 -2.9
-2.29918 -3.0
-2.29894 -3.0
-2.29869 -3.0
-2.29845 -3.0
-2.29821 -3.0
-2.29796 -3.0
-2.29772 -3.0
-2.29747 -3.0
-2.29723 -3.0
-2.29699 -3.0
-2.29674 -3.0
-2.2965 -2.9
-2.29625 -2.9
-2.29601 -2.8
-2.29576 -2.8
-2.29552 -2.7
-2.29528 -2.6
-2.29503 -2.5
-2.29479 -2.5
-2.29454 -2.4
-2.2943 -2.3
-2.29406 -2.2
-2.29381 -2.1
-2.29357 -2.0
-2.29332 -1.9
-2.29308 -1.8
-2.29284 -1.6
-2.29259 -1.5
-2.29235 -1.4
-2.2921 -1.3
-2.29186 -1.1
-2.29161 -1.0
-2.29137 -0.9
-2.29113 -0.7
-2.29088 -0.6
-2.29064 -0.4
-2.29039 -0.3
-2.29015 -0.2
-2.28991 0.0
-2.28966 0.1
-2.28942 0.3
-2.28917 0.4
-2.28893 0.5
-2.28868 0.7
-2.28844 0.8
-2.2882 1.0
-2.28795 1.1
-2.28771 1.2
-2.28746 1.4
-2.28722 1.5
-2.28698 1.6
-2.28673 1.7
-2.28649 1.8
-2.28624 2.0
-2.286 2.1
-2.28576 2.2
-2.28551 2.3
-2.28527 2.4
-2.28502 2.4
-2.28478 2.5
-2.28453 2.6
-2.28429 2.7
-2.28405 2.7
-2.2838 2.8
-2.28356 2.9
-2.28331 2.9
-2.28307 2.9
-2.28283 3.0
-2.28258 3.0
-2.28234 3.0
-2.28209 3.0
-2.28185 3.1
-2.2816 3.1
-2.28136 3.0
-2.28112 3.0
-2.28087 3.0
-2.28063 3.0
-2.28038 3.0
-2.28014 2.9
-2.2799 2.9
-2.27965 2.8
-2.27941 2.8
-2.27916 2.7
-2.27892 2.6
-2.27868 2.6
-2.27843 2.5
-2.27819 2.4
-2.27794 2.3
-2.2777 2.2
-2.27745 2.1
-2.27721 2.0
-2.27697 1.9
-2.27672 1.8
-2.27648 1.7
-2.27623 1.5
-2.27599 1.4
-2.27575 1.3
-2.2755 1.1
-2.27526 1.0
-2.27501 0.9
-2.27477 0.7
-2.27452 0.6
-2.27428 0.5
-2.27404 0.3
-2.27379 0.2
-2.27355 0.0
-2.2733 -0.1
-2.27306 -0.3
-2.27282 -0.4
-2.27257 -0.5
-2.27233 -0.7
-2.27208 -0.8
-2.27184 -1.0
-2.2716 -1.1
-2.27135 -1.2
-2.27111 -1.4
-2.27086 -1.5
-2.27062 -1.6
-2.27037 -1.7
-2.27013 -1.8
-2.26989 -2.0
-2.26964 -2.1
-2.2694 -2.2
-2.26915 -2.3
-2.26891 -2.4
-2.26867 -2.4
-2.26842 -2.5
-2.26818 -2.6
-2.26793 -2.7
-2.26769 -2.7
-2.26744 -2.8
-2.2672 -2.9
-2.26696 -2.9
-2.26671 -2.9
-2.26647 -3.0
-2.26622 -3.0
-2.26598 -3.0
-2.26574 -3.0
-2.26549 -3.1
-2.26525 -3.1
-2.265 -3.1
-2.26476 -3.0
-2.26451 -3.0
-2.26427 -3.0
-2.26403 -3.0
-2.26378 -2.9
-2.26354 -2.9
-2.26329 -2.8
-2.26305 -2.8
-2.26281 -2.7
-2.26256 -2.6
-2.26232 -2.6
-2.26207 -2.5
-2.26183 -2.4
-2.26159 -2.3
-2.26134 -2.2
-2.2611 -2.1
-2.26085 -2.0
-2.26061 -1.9
-2.26036 -1.8
-2.26012 -1.6
-2.25988 -1.5
-2.25963 -1.4
-2.25939 -1.3
-2.25914 -1.1
-2.2589 -1.0
-2.25866 -0.9
-2.25841 -0.7
-2.25817 -0.6
-2.25792 -0.4
-2.25768 -0.3
-2.25743 -0.2
-2.25719 0.0
-2.25695 0.1
-2.2567 0.3
-2.25646 0.4
-2.25621 0.6
-2.25597 0.7
-2.25573 0.8
-2.25548 1.0
-2.25524 1.1
-2.25499 1.2
-2.25475 1.4
-2.25451 1.5
-2.25426 1.6
-2.25402 1.7
-2.25377 1.9
-2.25353 2.0
-2.25328 2.1
-2.25304 2.2
-2.2528 2.3
-2.25255 2.4
-2.25231 2.5
-2.25206 2.5
-2.25182 2.6
-2.25158 2.7
-2.25133 2.8
-2.25109 2.8
-2.25084 2.9
-2.2506 2.9
-2.25035 3.0
-2.25011 3.0
-2.24987 3.0
-2.24962 3.0
-2.24938 3.1
-2.24913 3.1
-2.24889 3.1
-2.24865 3.1
-2.2484 3.0
-2.24816 3.0
-2.24791 3.0
-2.24767 3.0
-2.24743 2.9
-2.24718 2.9
-2.24694 2.8
-2.24669 2.8
-2.24645 2.7
-2.2462 2.6
-2.24596 2.5
-2.24572 2.5
-2.24547 2.4
-2.24523 2.3
-2.24498 2.2
-2.24474 2.1
-2.2445 2.0
-2.24425 1.9
-2.24401 1.7
-2.24376 1.6
-2.24352 1.5
-2.24327 1.4
-2.24303 1.2
-2.24279 1.1
-2.24254 1.0
-2.2423 0.8
-2.24205 0.7
-2.24181 0.5
-2.24157 0.4
-2.24132 0.3
-2.24108 0.1
-2.24083 0.0
-2.24059 -0.2
-2.24035 -0.3
-2.2401 -0.5
-2.23986 -0.6
-2.23961 -0.7
-2.23937 -0.9
-2.23912 -1.0
-2.23888 -1.2
-2.23864 -1.3
-2.23839 -1.4
-2.23815 -1.5
-2.2379 -1.7
-2.23766 -1.8
-2.23742 -1.9
-2.23717 -2.0
-2.23693 -2.1
-2.23668 -2.2
-2.23644 -2.3
-2.23619 -2.4
-2.23595 -2.5
-2.23571 -2.6
-2.23546 -2.7
-2.23522 -2.7
-2.23497 -2.8
-2.23473 -2.8
-2.23449 -2.9
-2.23424 -2.9
-2.234 -3.0
-2.23375 -3.0
-2.23351 -3.0
-2.23326 -3.1
-2.23302 -3.1
-2.23278 -3.1
-2.23253 -3.1
-2.23229 -3.1
-2.23204 -3.0
-2.2318 -3.0
-2.23156 -3.0
-2.23131 -3.0
-2.23107 -2.9
-2.23082 -2.9
-2.23058 -2.8
-2.23034 -2.7
-2.23009 -2.7
-2.22985 -2.6
-2.2296 -2.5
-2.22936 -2.4
-2.22911 -2.3
-2.22887 -2.2
-2.22863 -2.1
-2.22838 -2.0
-2.22814 -1.9
-2.22789 -1.8
-2.22765 -1.7
-2.22741 -1.6
-2.22716 -1.4
-2.22692 -1.3
-2.22667 -1.2
-2.22643 -1.0
-2.22618 -0.9
-2.22594 -0.8
-2.2257 -0.6
-2.22545 -0.5
-2.22521 -0.3
-2.22496 -0.2
-2.22472 0.0
-2.22448 0.0
-2.22423 0.2
-2.22399 0.4
-2.22374 0.5
-2.2235 0.7
-2.22326 0.8
-2.22301 0.9
-2.22277 1.1
-2.22252 1.2
-2.22228 1.4
-2.22203 1.5
-2.22179 1.6
-2.22155 1.7
-2.2213 1.8
-2.22106 2.0
-2.22081 2.1
-2.22057 2.2
-2.22033 2.3
-2.22008 2.4
-2.21984 2.5
-2.21959 2.5
-2.21935 2.6
-2.2191 2.7
-2.21886 2.8
-2.21862 2.8
-2.21837 2.9
-2.21813 2.9
-2.21788 3.0
-2.21764 3.0
-2.2174 3.0
-2.21715 3.1
-2.21691 3.1
-2.21666 3.1
-2.21642 3.1
-2.21618 3.1
-2.21593 3.1
-2.21569 3.0
-2.21544 3.0
-2.2152 3.0
-2.21495 2.9
-2.21471 2.9
-2.21447 2.8
-2.21422 2.8
-2.21398 2.7
-2.21373 2.6
-2.21349 2.6
-2.21325 2.5
-2.213 2.4
-2.21276 2.3
-2.21251 2.2
-2.21227 2.1
-2.21202 2.0
-2.21178 1.9
-2.21154 1.7
-2.21129 1.6
-2.21105 1.5
-2.2108 1.4
-2.21056 1.2
-2.21032 1.1
-2.21007 1.0
-2.20983 0.8
-2.20958 0.7
-2.20934 0.5
-2.2091 0.4
-2.20885 0.2
-2.20861 0.1
-2.20836 0.0
-2.20812 -0.2
-2.20787 -0.3
-2.20763 -0.5
-2.20739 -0.6
-2.20714 -0.8
-2.2069 -0.9
-2.20665 -1.0
-2.20641 -1.2
-2.20617 -1.3
-2.20592 -1.4
-2.20568 -1.6
-2.20543 -1.7
-2.20519 -1.8
-2.20494 -1.9
-2.2047 -2.0
-2.20446 -2.1
-2.20421 -2.3
-2.20397 -2.3
-2.20372 -2.4
-2.20348 -2.5
-2.20324 -2.6
-2.20299 -2.7
-2.20275 -2.7
-2.2025 -2.8
-2.20226 -2.9
-2.20201 -2.9
-2.20177 -3.0
-2.20153 -3.0
-2.20128 -3.0
-2.20104 -3.1
-2.20079 -3.1
-2.20055 -3.1
-2.20031 -3.1
-2.20006 -3.1
-2.19982 -3.1
-2.19957 -3.0
-2.19933 -3.0
-2.19909 -3.0
-2.19884 -2.9
-2.1986 -2.9
-2.19835 -2.9
-2.19811 -2.8
-2.19786 -2.7
-2.19762 -2.7
-2.19738 -2.6
-2.19713 -2.5
-2.19689 -2.4
-2.19664 -2.3
-2.1964 -2.2
-2.19616 -2.1
-2.19591 -2.0
-2.19567 -1.9
-2.19542 -1.8
-2.19518 -1.6
-2.19493 -1.5
-2.19469 -1.4
-2.19445 -1.3
-2.1942 -1.1
-2.19396 -1.0
-2.19371 -0.9
-2.19347 -0.7
-2.19323 -0.6
-2.19298 -0.4
-2.19274 -0.3
-2.19249 -0.1
-2.19225 0.0
-2.19201 0.2
-2.19176 0.3
-2.19152 0.5
-2.19127 0.6
-2.19103 0.7
-2.19078 0.9
-2.19054 1.0
-2.1903 1.2
-2.19005 1.3
-2.18981 1.4
-2.18956 1.6
-2.18932 1.7
-2.18908 1.8
-2.18883 1.9
-2.18859 2.0
-2.18834 2.1
-2.1881 2.2
-2.18785 2.3
-2.18761 2.4
-2.18737 2.5
-2.18712 2.6
-2.18688 2.7
-2.18663 2.7
-2.18639 2.8
-2.18615 2.9
-2.1859 2.9
-2.18566 3.0
-2.18541 3.0
-2.18517 3.0
-2.18493 3.1
-2.18468 3.1
-2.18444 3.1
-2.18419 3.1
-2.18395 3.1
-2.1837 3.1
-2.18346 3.1
-2.18322 3.0
-2.18297 3.0
-2.18273 3.0
-2.18248 2.9
-2.18224 2.9
-2.182 2.8
-2.18175 2.7
-2.18151 2.7
-2.18126 2.6
-2.18102 2.5
-2.18077 2.4
-2.18053 2.3
-2.18029 2.2
-2.18004 2.1
-2.1798 2.0
-2.17955 1.9
-2.17931 1.8
-2.17907 1.7
-2.17882 1.5
-2.17858 1.4
-2.17833 1.3
-2.17809 1.1
-2.17785 1.0
-2.1776 0.9
-2.17736 0.7
-2.17711 0.6
-2.17687 0.4
-2.17662 0.3
-2.17638 0.1
-2.17614 0.0
-2.17589 -0.2
-2.17565 -0.3
-2.1754 -0.5
-2.17516 -0.6
-2.17492 -0.7
-2.17467 -0.9
-2.17443 -1.0
-2.17418 -1.2
-2.17394 -1.3
-2.17369 -1.4
-2.17345 -1.6
-2.17321 -1.7
-2.17296 -1.8
-2.17272 -1.9
-2.17247 -2.0
-2.17223 -2.1
-2.17199 -2.2
-2.17174 -2.3
-2.1715 -2.4
-2.17125 -2.5
-2.17101 -2.6
-2.17076 -2.7
-2.17052 -2.8
-2.17028 -2.8
-2.17003 -2.9
-2.16979 -2.9
-2.16954 -3.0
-2.1693 -3.0
-2.16906 -3.0
-2.16881 -3.1
-2.16857 -3.1
-2.16832 -3.1
-2.16808 -3.1
-2.16784 -3.1
-2.16759 -3.1
-2.16735 -3.1
-2.1671 -3.0
-2.16686 -3.0
-2.16661 -3.0
-2.16637 -2.9
-2.16613 -2.9
-2.16588 -2.8
-2.16564 -2.7
-2.16539 -2.7
-2.16515 -2.6
-2.16491 -2.5
-2.16466 -2.4
-2.16442 -2.3
-2.16417 -2.2
-2.16393 -2.1
-2.16368 -2.0
-2.16344 -1.9
-2.1632 -1.8
-2.16295 -1.6
-2.16271 -1.5
-2.16246 -1.4
-2.16222 -1.3
-2.16198 -1.1
-2.16173 -1.0
-2.16149 -0.8
-2.16124 -0.7
-2.161 -0.5
-2.16076 -0.4
-2.16051 -0.3
-2.16027 -0.1
-2.16002 0.0
-2.15978 0.2
-2.15953 0.3
-2.15929 0.5
-2.15905 0.6
-2.1588 0.8
-2.15856 0.9
-2.15831 1.1
-2.15807 1.2
-2.15783 1.3
-2.15758 1.5
-2.15734 1.6
-2.15709 1.7
-2.15685 1.8
-2.1566 2.0
-2.15636 2.1
-2.15612 2.2
-2.15587 2.3
-2.15563 2.4
-2.15538 2.5
-2.15514 2.6
-2.1549 2.6
-2.15465 2.7
-2.15441 2.8
-2.15416 2.8
-2.15392 2.9
-2.15368 2.9
-2.15343 3.0
-2.15319 3.0
-2.15294 3.1
-2.1527 3.1
-2.15245 3.1
-2.15221 3.1
-2.15197 3.1
-2.15172 3.1
-2.15148 3.1
-2.15123 3.1
-2.15099 3.0
-2.15075 3.0
-2.1505 3.0
-2.15026 2.9
-2.15001 2.8
-2.14977 2.8
-2.14952 2.7
-2.14928 2.6
-2.14904 2.6
-2.14879 2.5
-2.14855 2.4
-2.1483 2.3
-2.14806 2.2
-2.14782 2.1
-2.14757 2.0
-2.14733 1.9
-2.14708 1.7
-2.14684 1.6
-2.1466 1.5
-2.14635 1.3
-2.14611 1.2
-2.14586 1.1
-2.14562 0.9
-2.14537 0.8
-2.14513 0.6
-2.14489 0.5
-2.14464 0.4
-2.1444 0.2
-2.14415 0.0
-2.14391 0.0
-2.14367 -0.2
-2.14342 -0.4
-2.14318 -0.5
-2.14293 -0.7
-2.14269 -0.8
-2.14244 -1.0
-2.1422 -1.1
-2.14196 -1.2
-2.14171 -1.4
-2.14147 -1.5
-2.14122 -1.6
-2.14098 -1.8
-2.14074 -1.9
-2.14049 -2.0
-2.14025 -2.1
-2.14 -2.2
-2.13976 -2.3
-2.13951 -2.4
-2.13927 -2.5
-2.13903 -2.6
-2.13878 -2.7
-2.13854 -2.7
-2.13829 -2.8
-2.13805 -2.9
-2.13781 -2.9
-2.13756 -3.0
-2.13732 -3.0
-2.13707 -3.0
-2.13683 -3.1
-2.13659 -3.1
-2.13634 -3.1
-2.1361 -3.1
-2.13585 -3.1
-2.13561 -3.1
-2.13536 -3.1
-2.13512 -3.0
-2.13488 -3.0
-2.13463 -3.0
-2.13439 -2.9
-2.13414 -2.9
-2.1339 -2.8
-2.13366 -2.8
-2.13341 -2.7
-2.13317 -2.6
-2.13292 -2.5
-2.13268 -2.4
-2.13243 -2.3
-2.13219 -2.2
-2.13195 -2.1
-2.1317 -2.0
-2.13146 -1.9
-2.13121 -1.8
-2.13097 -1.7
-2.13073 -1.5
-2.13048 -1.4
-2.13024 -1.3
-2.12999 -1.1
-2.12975 -1.0
-2.12951 -0.9
-2.12926 -0.7
-2.12902 -0.6
-2.12877 -0.4
-2.12853 -0.3
-2.12828 -0.1
-2.12804 0.0
-2.1278 0.2
-2.12755 0.3
-2.12731 0.5
-2.12706 0.6
-2.12682 0.8
-2.12658 0.9
-2.12633 1.0
-2.12609 1.2
-2.12584 1.3
-2.1256 1.5
-2.12535 1.6
-2.12511 1.7
-2.12487 1.8
-2.12462 2.0
-2.12438 2.1
-2.12413 2.2
-2.12389 2.3
-2.12365 2.4
-2.1234 2.5
-2.12316 2.6
-2.12291 2.6
-2.12267 2.7
-2.12243 2.8
-2.12218 2.8
-2.12194 2.9
-2.12169 3.0
-2.12145 3.0
-2.1212 3.0
-2.12096 3.1
-2.12072 3.1
-2.12047 3.1
-2.12023 3.1
-2.11998 3.1
-2.11974 3.1
-2.1195 3.1
-2.11925 3.1
-2.11901 3.0
-2.11876 3.0
-2.11852 3.0
-2.11827 2.9
-2.11803 2.9
-2.11779 2.8
-2.11754 2.7
-2.1173 2.6
-2.11705 2.6
-2.11681 2.5
-2.11657 2.4
-2.11632 2.3
-2.11608 2.2
-2.11583 2.1
-2.11559 2.0
-2.11535 1.8
-2.1151 1.7
-2.11486 1.6
-2.11461 1.5
-2.11437 1.3
-2.11412 1.2
-2.11388 1.0
-2.11364 0.9
-2.11339 0.8
-2.11315 0.6
-2.1129 0.5
-2.11266 0.3
-2.11242 0.2
-2.11217 0.0
-2.11193 -0.1
-2.11168 -0.3
-2.11144 -0.4
-2.11119 -0.6
-2.11095 -0.7
-2.11071 -0.9
-2.11046 -1.0
-2.11022 -1.2
-2.10997 -1.3
-2.10973 -1.4
-2.10949 -1.6
-2.10924 -1.7
-2.109 -1.8
-2.10875 -1.9
-2.10851 -2.0
-2.10826 -2.2
-2.10802 -2.3
-2.10778 -2.4
-2.10753 -2.5
-2.10729 -2.5
-2.10704 -2.6
-2.1068 -2.7
-2.10656 -2.8
-2.10631 -2.8
-2.10607 -2.9
-2.10582 -2.9
-2.10558 -3.0
-2.10534 -3.0
-2.10509 -3.1
-2.10485 -3.1
-2.1046 -3.1
-2.10436 -3.1
-2.10411 -3.1
-2.10387 -3.1
-2.10363 -3.1
-2.10338 -3.1
-2.10314 -3.0
-2.10289 -3.0
-2.10265 -3.0
-2.10241 -2.9
-2.10216 -2.9
-2.10192 -2.8
-2.10167 -2.7
-2.10143 -2.7
-2.10118 -2.6
-2.10094 -2.5
-2.1007 -2.4
-2.10045 -2.3
-2.10021 -2.2
-2.09996 -2.1
-2.09972 -2.0
-2.09948 -1.9
-2.09923 -1.7
-2.09899 -1.6
-2.09874 -1.5
-2.0985 -1.3
-2.09826 -1.2
-2.09801 -1.1
-2.09777 -0.9
-2.09752 -0.8
-2.09728 -0.6
-2.09703 -0.5
-2.09679 -0.3
-2.09655 -0.2
-2.0963 0.0
-2.09606 0.1
-2.09581 0.3
-2.09557 0.4
-2.09533 0.6
-2.09508 0.7
-2.09484 0.9
-2.09459 1.0
-2.09435 1.1
-2.0941 1.3
-2.09386 1.4
-2.09362 1.5
-2.09337 1.7
-2.09313 1.8
-2.09288 1.9
-2.09264 2.0
-2.0924 2.1
-2.09215 2.3
-2.09191 2.4
-2.09166 2.5
-2.09142 2.5
-2.09118 2.6
-2.09093 2.7
-2.09069 2.8
-2.09044 2.8
-2.0902 2.9
-2.08995 3.0
-2.08971 3.0
-2.08947 3.0
-2.08922 3.1
-2.08898 3.1
-2.08873 3.1
-2.08849 3.1
-2.08825 3.1
-2.088 3.1
-2.08776 3.1
-2.08751 3.1
-2.08727 3.1
-2.08702 3.0
-2.08678 3.0
-2.08654 2.9
-2.08629 2.9
-2.08605 2.8
-2.0858 2.7
-2.08556 2.7
-2.08532 2.6
-2.08507 2.5
-2.08483 2.4
-2.08458 2.3
-2.08434 2.2
-2.0841 2.1
-2.08385 2.0
-2.08361 1.9
-2.08336 1.7
-2.08312 1.6
-2.08287 1.5
-2.08263 1.3
-2.08239 1.2
-2.08214 1.1
-2.0819 0.9
-2.08165 0.8
-2.08141 0.6
-2.08117 0.5
-2.08092 0.3
-2.08068 0.2
-2.08043 0.0
-2.08019 -0.1
-2.07994 -0.3
-2.0797 -0.4
-2.07946 -0.6
-2.07921 -0.7
-2.07897 -0.9
-2.07872 -1.0
-2.07848 -1.2
-2.07824 -1.3
-2.07799 -1.4
-2.07775 -1.6
-2.0775 -1.7
-2.07726 -1.8
-2.07701 -1.9
-2.07677 -2.1
-2.07653 -2.2
-2.07628 -2.3
-2.07604 -2.4
-2.07579 -2.5
-2.07555 -2.6
-2.07531 -2.6
-2.07506 -2.7
-2.07482 -2.8
-2.07457 -2.9
-2.07433 -2.9
-2.07409 -3.0
-2.07384 -3.0
-2.0736 -3.0
-2.07335 -3.1
-2.07311 -3.1
-2.07286 -3.1
-2.07262 -3.1
-2.07238 -3.1
-2.07213 -3.1
-2.07189 -3.1
-2.07164 -3.1
-2.0714 -3.1
-2.07116 -3.0
-2.07091 -3.0
-2.07067 -2.9
-2.07042 -2.9
-2.07018 -2.8
-2.06993 -2.7
-2.06969 -2.7
-2.06945 -2.6
-2.0692 -2.5
-2.06896 -2.4
-2.06871 -2.3
-2.06847 -2.2
-2.06823 -2.1
-2.06798 -2.0
-2.06774 -1.8
-2.06749 -1.7
-2.06725 -1.6
-2.06701 -1.5
-2.06676 -1.3
-2.06652 -1.2
-2.06627 -1.0
-2.06603 -0.9
-2.06578 -0.7
-2.06554 -0.6
-2.0653 -0.4
-2.06505 -0.3
-2.06481 -0.1
-2.06456 0.0
-2.06432 0.2
-2.06408 0.3
-2.06383 0.5
-2.06359 0.6
-2.06334 0.8
-2.0631 0.9
-2.06285 1.1
-2.06261 1.2
-2.06237 1.3
-2.06212 1.5
-2.06188 1.6
-2.06163 1.7
-2.06139 1.9
-2.06115 2.0
-2.0609 2.1
-2.06066 2.2
-2.06041 2.3
-2.06017 2.4
-2.05993 2.5
-2.05968 2.6
-2.05944 2.7
-2.05919 2.7
-2.05895 2.8
-2.0587 2.9
-2.05846 2.9
-2.05822 3.0
-2.05797 3.0
-2.05773 3.1
-2.05748 3.1
-2.05724 3.1
-2.057 3.1
-2.05675 3.1
-2.05651 3.1
-2.05626 3.1
-2.05602 3.1
-2.05577 3.1
-2.05553 3.0
-2.05529 3.0
-2.05504 3.0
-2.0548 2.9
-2.05455 2.8
-2.05431 2.8
-2.05407 2.7
-2.05382 2.6
-2.05358 2.5
-2.05333 2.5
-2.05309 2.4
-2.05285 2.3
-2.0526 2.1
-2.05236 2.0
-2.05211 1.9
-2.05187 1.8
-2.05162 1.7
-2.05138 1.5
-2.05114 1.4
-2.05089 1.3
-2.05065 1.1
-2.0504 1.0
-2.05016 0.8
-2.04992 0.7
-2.04967 0.5
-2.04943 0.4
-2.04918 0.2
-2.04894 0.0
-2.04869 0.0
-2.04845 -0.2
-2.04821 -0.4
-2.04796 -0.5
-2.04772 -0.7
-2.04747 -0.8
-2.04723 -1.0
-2.04699 -1.1
-2.04674 -1.3
-2.0465 -1.4
-2.04625 -1.5
-2.04601 -1.7
-2.04576 -1.8
-2.04552 -1.9
-2.04528 -2.0
-2.04503 -2.1
-2.04479 -2.3
-2.04454 -2.4
-2.0443 -2.5
-2.04406 -2.5
-2.04381 -2.6
-2.04357 -2.7
-2.04332 -2.8
-2.04308 -2.9
-2.04284 -2.9
-2.04259 -3.0
-2.04235 -3.0
-2.0421 -3.1
-2.04186 -3.1
-2.04161 -3.1
-2.04137 -3.1
-2.04113 -3.1
-2.04088 -3.1
-2.04064 -3.1
-2.04039 -3.1
-2.04015 -3.1
-2.03991 -3.1
-2.03966 -3.0
-2.03942 -3.0
-2.03917 -2.9
-2.03893 -2.9
-2.03868 -2.8
-2.03844 -2.7
-2.0382 -2.7
-2.03795 -2.6
-2.03771 -2.5
-2.03746 -2.4
-2.03722 -2.3
-2.03698 -2.2
-2.03673 -2.1
-2.03649 -2.0
-2.03624 -1.8
-2.036 -1.7
-2.03576 -1.6
-2.03551 -1.5
-2.03527 -1.3
-2.03502 -1.2
-2.03478 -1.0
-2.03453 -0.9
-2.03429 -0.7
-2.03405 -0.6
-2.0338 -0.4
-2.03356 -0.3
-2.03331 -0.1
-2.03307 0.0
-2.03283 0.2
-2.03258 0.3
-2.03234 0.5
-2.03209 0.6
-2.03185 0.8
-2.0316 0.9
-2.03136 1.1
-2.03112 1.2
-2.03087 1.3
-2.03063 1.5
-2.03038 1.6
-2.03014 1.7
-2.0299 1.9
-2.02965 2.0
-2.02941 2.1
-2.02916 2.2
-2.02892 2.3
-2.02868 2.4
-2.02843 2.5
-2.02819 2.6
-2.02794 2.7
-2.0277 2.8
-2.02745 2.8
-2.02721 2.9
-2.02697 3.0
-2.02672 3.0
-2.02648 3.0
-2.02623 3.1
-2.02599 3.1
-2.02575 3.1
-2.0255 3.1
-2.02526 3.1
-2.02501 3.1
-2.02477 3.1
-2.02452 3.1
-2.02428 3.1
-2.02404 3.0
-2.02379 3.0
-2.02355 3.0
-2.0233 2.9
-2.02306 2.8
-2.02282 2.8
-2.02257 2.7
-2.02233 2.6
-2.02208 2.5
-2.02184 2.4
-2.0216 2.3
-2.02135 2.2
-2.02111 2.1
-2.02086 2.0
-2.02062 1.9
-2.02037 1.8
-2.02013 1.6
-2.01989 1.5
-2.01964 1.4
-2.0194 1.2
-2.01915 1.1
-2.01891 0.9
-2.01867 0.8
-2.01842 0.6
-2.01818 0.5
-2.01793 0.3
-2.01769 0.2
-2.01744 0.0
-2.0172 -0.1
-2.01696 -0.3
-2.01671 -0.4
-2.01647 -0.6
-2.01622 -0.7
-2.01598 -0.9
-2.01574 -1.0
-2.01549 -1.2
-2.01525 -1.3
-2.015 -1.5
-2.01476 -1.6
-2.01451 -1.7
-2.01427 -1.9
-2.01403 -2.0
-2.01378 -2.1
-2.01354 -2.2
-2.01329 -2.3
-2.01305 -2.4
-2.01281 -2.5
-2.01256 -2.6
-2.01232 -2.7
-2.01207 -2.8
-2.01183 -2.8
-2.01159 -2.9
-2.01134 -3.0
-2.0111 -3.0
-2.01085 -3.0
-2.01061 -3.1
-2.01036 -3.1
-2.01012 -3.1
-2.00988 -3.1
-2.00963 -3.1
-2.00939 -3.1
-2.00914 -3.1
-2.0089 -3.1
-2.00866 -3.1
-2.00841 -3.1
-2.00817 -3.0
-2.00792 -3.0
-2.00768 -2.9
-2.00743 -2.9
-2.00719 -2.8
-2.00695 -2.7
-2.0067 -2.6
-2.00646 -2.5
-2.00621 -2.4
-2.00597 -2.3
-2.00573 -2.2
-2.00548 -2.1
-2.00524 -2.0
-2.00499 -1.9
-2.00475 -1.8
-2.00451 -1.6
-2.00426 -1.5
-2.00402 -1.4
-2.00377 -1.2
-2.00353 -1.1
-2.00328 -0.9
-2.00304 -0.8
-2.0028 -0.6
-2.00255 -0.5
-2.00231 -0.3
-2.00206 -0.2
-2.00182 0.0
-2.00158 0.1
-2.00133 0.3
-2.00109 0.4
-2.00084 0.6
-2.0006 0.7
-2.00035 0.9
-2.00011 1.0
-1.99987 1.2
-1.99962 1.3
-1.99938 1.5
-1.99913 1.6
-1.99889 1.7
-1.99865 1.9
-1.9984 2.0
-1.99816 2.1
-1.99791 2.2
-1.99767 2.3
-1.99743 2.4
-1.99718 2.5
-1.99694 2.6
-1.99669 2.7
-1.99645 2.8
-1.9962 2.8
-1.99596 2.9
-1.99572 3.0
-1.99547 3.0
-1.99523 3.1
-1.99498 3.1
-1.99474 3.1
-1.9945 3.1
-1.99425 3.1
-1.99401 3.2
-1.99376 3.1
-1.99352 3.1
-1.99327 3.1
-1.99303 3.1
-1.99279 3.1
-1.99254 3.0
-1.9923 3.0
-1.99205 2.9
-1.99181 2.9
-1.99157 2.8
-1.99132 2.7
-1.99108 2.6
-1.99083 2.5
-1.99059 2.4
-1.99035 2.3
-1.9901 2.2
-1.98986 2.1
-1.98961 2.0
-1.98937 1.9
-1.98912 1.8
-1.98888 1.6
-1.98864 1.5
-1.98839 1.4
-1.98815 1.2
-1.9879 1.1
-1.98766 0.9
-1.98742 0.8
-1.98717 0.6
-1.98693 0.5
-1.98668 0.3
-1.98644 0.2
-1.98619 0.0
-1.98595 -0.2
-1.98571 -0.3
-1.98546 -0.5
-1.98522 -0.6
-1.98497 -0.8
-1.98473 -0.9
-1.98449 -1.1
-1.98424 -1.2
-1.984 -1.4
-1.98375 -1.5
-1.98351 -1.6
-1.98326 -1.8
-1.98302 -1.9
-1.98278 -2.0
-1.98253 -2.1
-1.98229 -2.2
-1.98204 -2.3
-1.9818 -2.4
-1.98156 -2.5
-1.98131 -2.6
-1.98107 -2.7
-1.98082 -2.8
-1.98058 -2.9
-1.98034 -2.9
-1.98009 -3.0
-1.97985 -3.0
-1.9796 -3.1
-1.97936 -3.1
-1.97911 -3.1
-1.97887 -3.1
-1.97863 -3.2
-1.97838 -3.2
-1.97814 -3.2
-1.97789 -3.1
-1.97765 -3.1
-1.97741 -3.1
-1.97716 -3.1
-1.97692 -3.0
-1.97667 -3.0
-1.97643 -2.9
-1.97618 -2.8
-1.97594 -2.8
-1.9757 -2.7
-1.97545 -2.6
-1.97521 -2.5
-1.97496 -2.4
-1.97472 -2.3
-1.97448 -2.2
-1.97423 -2.1
-1.97399 -2.0
-1.97374 -1.8
-1.9735 -1.7
-1.97326 -1.6
-1.97301 -1.5
-1.97277 -1.3
-1.97252 -1.2
-1.97228 -1.0
-1.97203 -0.9
-1.97179 -0.7
-1.97155 -0.6
-1.9713 -0.4
-1.97106 -0.3
-1.97081 -0.1
-1.97057 0.0
-1.97033 0.2
-1.97008 0.4
-1.96984 0.5
-1.96959 0.7
-1.96935 0.8
-1.9691 1.0
-1.96886 1.1
-1.96862 1.3
-1.96837 1.4
-1.96813 1.5
-1.96788 1.7
-1.96764 1.8
-1.9674 1.9
-1.96715 2.1
-1.96691 2.2
-1.96666 2.3
-1.96642 2.4
-1.96618 2.5
-1.96593 2.6
-1.96569 2.7
-1.96544 2.8
-1.9652 2.8
-1.96495 2.9
-1.96471 3.0
-1.96447 3.0
-1.96422 3.0
-1.96398 3.1
-1.96373 3.1
-1.96349 3.1
-1.96325 3.2
-1.963 3.2
-1.96276 3.2
-1.96251 3.2
-1.96227 3.1
-1.96202 3.1
-1.96178 3.1
-1.96154 3.0
-1.96129 3.0
-1.96105 2.9
-1.9608 2.9
-1.96056 2.8
-1.96032 2.7
-1.96007 2.7
-1.95983 2.6
-1.95958 2.5
-1.95934 2.4
-1.9591 2.3
-1.95885 2.2
-1.95861 2.0
-1.95836 1.9
-1.95812 1.8
-1.95787 1.7
-1.95763 1.5
-1.95739 1.4
-1.95714 1.2
-1.9569 1.1
-1.95665 0.9
-1.95641 0.8
-1.95617 0.6
-1.95592 0.5
-1.95568 0.3
-1.95543 0.2
-1.95519 0.0
-1.95494 -0.1
-1.9547 -0.3
-1.95446 -0.4
-1.95421 -0.6
-1.95397 -0.8
-1.95372 -0.9
-1.95348 -1.1
-1.95324 -1.2
-1.95299 -1.3
-1.95275 -1.5
-1.9525 -1.6
-1.95226 -1.8
-1.95201 -1.9
-1.95177 -2.0
-1.95153 -2.1
-1.95128 -2.2
-1.95104 -2.3
-1.95079 -2.5
-1.95055 -2.5
-1.95031 -2.6
-1.95006 -2.7
-1.94982 -2.8
-1.94957 -2.9
-1.94933 -2.9
-1.94909 -3.0
-1.94884 -3.0
-1.9486 -3.1
-1.94835 -3.1
-1.94811 -3.1
-1.94786 -3.2
-1.94762 -3.2
-1.94738 -3.2
-1.94713 -3.2
-1.94689 -3.2
-1.94664 -3.1
-1.9464 -3.1
-1.94616 -3.1
-1.94591 -3.0
-1.94567 -3.0
-1.94542 -2.9
-1.94518 -2.8
-1.94493 -2.8
-1.94469 -2.7
-1.94445 -2.6
-1.9442 -2.5
-1.94396 -2.4
-1.94371 -2.3
-1.94347 -2.2
-1.94323 -2.1
-1.94298 -2.0
-1.94274 -1.8
-1.94249 -1.7
-1.94225 -1.6
-1.94201 -1.4
-1.94176 -1.3
-1.94152 -1.1
-1.94127 -1.0
-1.94103 -0.8
-1.94078 -0.7
-1.94054 -0.5
-1.9403 -0.4
-1.94005 -0.2
-1.93981 0.0
-1.93956 0.0
-1.93932 0.2
-1.93908 0.4
-1.93883 0.6
-1.93859 0.7
-1.93834 0.9
-1.9381 1.0
-1.93785 1.2
-1.93761 1.3
-1.93737 1.5
-1.93712 1.6
-1.93688 1.7
-1.93663 1.9
-1.93639 2.0
-1.93615 2.1
-1.9359 2.2
-1.93566 2.3
-1.93541 2.4
-1.93517 2.5
-1.93493 2.6
-1.93468 2.7
-1.93444 2.8
-1.93419 2.9
-1.93395 2.9
-1.9337 3.0
-1.93346 3.0
-1.93322 3.1
-1.93297 3.1
-1.93273 3.1
-1.93248 3.2
-1.93224 3.2
-1.932 3.2
-1.93175 3.2
-1.93151 3.2
-1.93126 3.1
-1.93102 3.1
-1.93077 3.1
-1.93053 3.0
-1.93029 3.0
-1.93004 2.9
-1.9298 2.9
-1.92955 2.8
-1.92931 2.7
-1.92907 2.6
-1.92882 2.5
-1.92858 2.4
-1.92833 2.3
-1.92809 2.2
-1.92785 2.1
-1.9276 2.0
-1.92736 1.9
-1.92711 1.7
-1.92687 1.6
-1.92662 1.5
-1.92638 1.3
-1.92614 1.2
-1.92589 1.0
-1.92565 0.9
-1.9254 0.7
-1.92516 0.6
-1.92492 0.4
-1.92467 0.2
-1.92443 0.0
-1.92418 0.0
-1.92394 -0.2
-1.92369 -0.4
-1.92345 -0.5
-1.92321 -0.7
-1.92296 -0.9
-1.92272 -1.0
-1.92247 -1.2
-1.92223 -1.3
-1.92199 -1.4
-1.92174 -1.6
-1.9215 -1.7
-1.92125 -1.8
-1.92101 -2.0
-1.92076 -2.1
-1.92052 -2.2
-1.92028 -2.3
-1.92003 -2.4
-1.91979 -2.5
-1.91954 -2.6
-1.9193 -2.7
-1.91906 -2.8
-1.91881 -2.9
-1.91857 -2.9
-1.91832 -3.0
-1.91808 -3.0
-1.91784 -3.1
-1.91759 -3.1
-1.91735 -3.1
-1.9171 -3.2
-1.91686 -3.2
-1.91661 -3.2
-1.91637 -3.2
-1.91613 -3.2
-1.91588 -3.1
-1.91564 -3.1
-1.91539 -3.1
-1.91515 -3.0
-1.91491 -3.0
-1.91466 -2.9
-1.91442 -2.9
-1.91417 -2.8
-1.91393 -2.7
-1.91368 -2.6
-1.91344 -2.5
-1.9132 -2.4
-1.91295 -2.3
-1.91271 -2.2
-1.91246 -2.1
-1.91222 -2.0
-1.91198 -1.9
-1.91173 -1.7
-1.91149 -1.6
-1.91124 -1.5
-1.911 -1.3
-1.91076 -1.2
-1.91051 -1.0
-1.91027 -0.9
-1.91002 -0.7
-1.90978 -0.6
-1.90953 -0.4
-1.90929 -0.2
-1.90905 0.0
-1.9088 0.0
-1.90856 0.2
-1.90831 0.4
-1.90807 0.6
-1.90783 0.7
-1.90758 0.9
-1.90734 1.0
-1.90709 1.2
-1.90685 1.3
-1.9066 1.5
-1.90636 1.6
-1.90612 1.7
-1.90587 1.9
-1.90563 2.0
-1.90538 2.1
-1.90514 2.2
-1.9049 2.3
-1.90465 2.4
-1.90441 2.5
-1.90416 2.6
-1.90392 2.7
-1.90368 2.8
-1.90343 2.9
-1.90319 2.9
-1.90294 3.0
-1.9027 3.0
-1.90245 3.1
-1.90221 3.1
-1.90197 3.2
-1.90172 3.2
-1.90148 3.2
-1.90123 3.2
-1.90099 3.2
-1.90075 3.2
-1.9005 3.1
-1.90026 3.1
-1.90001 3.1
-1.89977 3.0
-1.89952 3.0
-1.89928 2.9
-1.89904 2.9
-1.89879 2.8
-1.89855 2.7
-1.8983 2.6
-1.89806 2.5
-1.89782 2.4
-1.89757 2.3
-1.89733 2.2
-1.89708 2.1
-1.89684 2.0
-1.8966 1.8
-1.89635 1.7
-1.89611 1.6
-1.89586 1.4
-1.89562 1.3
-1.89537 1.1
-1.89513 1.0
-1.89489 0.8
-1.89464 0.7
-1.8944 0.5
-1.89415 0.4
-1.89391 0.2
-1.89367 0.0
-1.89342 -0.1
-1.89318 -0.3
-1.89293 -0.4
-1.89269 -0.6
-1.89244 -0.8
-1.8922 -0.9
-1.89196 -1.1
-1.89171 -1.2
-1.89147 -1.4
-1.89122 -1.5
-1.89098 -1.6
-1.89074 -1.8
-1.89049 -1.9
-1.89025 -2.0
-1.89 -2.2
-1.88976 -2.3
-1.88951 -2.4
-1.88927 -2.5
-1.88903 -2.6
-1.88878 -2.7
-1.88854 -2.8
-1.88829 -2.8
-1.88805 -2.9
-1.88781 -3.0
-1.88756 -3.0
-1.88732 -3.1
-1.88707 -3.1
-1.88683 -3.1
-1.88659 -3.2
-1.88634 -3.2
-1.8861 -3.2
-1.88585 -3.2
-1.88561 -3.2
-1.88536 -3.2
-1.88512 -3.1
-1.88488 -3.1
-1.88463 -3.1
-1.88439 -3.0
-1.88414 -3.0
-1.8839 -2.9
-1.88366 -2.8
-1.88341 -2.8
-1.88317 -2.7
-1.88292 -2.6
-1.88268 -2.5
-1.88243 -2.4
-1.88219 -2.3
-1.88195 -2.2
-1.8817 -2.0
-1.88146 -1.9
-1.88121 -1.8
-1.88097 -1.7
-1.88073 -1.5
-1.88048 -1.4
-1.88024 -1.2
-1.87999 -1.1
-1.87975 -0.9
-1.87951 -0.8
-1.87926 -0.6
-1.87902 -0.5
-1.87877 -0.3
-1.87853 -0.1
-1.87828 0.0
-1.87804 0.2
-1.8778 0.3
-1.87755 0.5
-1.87731 0.7
-1.87706 0.8
-1.87682 1.0
-1.87658 1.1
-1.87633 1.3
-1.87609 1.4
-1.87584 1.6
-1.8756 1.7
-1.87535 1.8
-1.87511 2.0
-1.87487 2.1
-1.87462 2.2
-1.87438 2.3
-1.87413 2.4
-1.87389 2.5
-1.87365 2.6
-1.8734 2.7
-1.87316 2.8
-1.87291 2.9
-1.87267 2.9
-1.87243 3.0
-1.87218 3.1
-1.87194 3.1
-1.87169 3.1
-1.87145 3.2
-1.8712 3.2
-1.87096 3.2
-1.87072 3.2
-1.87047 3.2
-1.87023 3.2
-1.86998 3.2
-1.86974 3.1
-1.8695 3.1
-1.86925 3.1
-1.86901 3.0
-1.86876 2.9
-1.86852 2.9
-1.86827 2.8
-1.86803 2.7
-1.86779 2.6
-1.86754 2.5
-1.8673 2.4
-1.86705 2.3
-1.86681 2.2
-1.86657 2.1
-1.86632 2.0
-1.86608 1.8
-1.86583 1.7
-1.86559 1.6
-1.86535 1.4
-1.8651 1.3
-1.86486 1.1
-1.86461 1.0
-1.86437 0.8
-1.86412 0.7
-1.86388 0.5
-1.86364 0.4
-1.86339 0.2
-1.86315 0.0
-1.8629 -0.1
-1.86266 -0.3
-1.86242 -0.4
-1.86217 -0.6
-1.86193 -0.8
-1.86168 -0.9
-1.86144 -1.1
-1.86119 -1.2
-1.86095 -1.4
-1.86071 -1.5
-1.86046 -1.7
-1.86022 -1.8
-1.85997 -1.9
-1.85973 -2.1
-1.85949 -2.2
-1.85924 -2.3
-1.859 -2.4
-1.85875 -2.5
-1.85851 -2.6
-1.85826 -2.7
-1.85802 -2.8
-1.85778 -2.9
-1.85753 -2.9
-1.85729 -3.0
-1.85704 -3.0
-1.8568 -3.1
-1.85656 -3.1
-1.85631 -3.2
-1.85607 -3.2
-1.85582 -3.2
-1.85558 -3.2
-1.85534 -3.2
-1.85509 -3.2
-1.85485 -3.2
-1.8546 -3.2
-1.85436 -3.1
-1.85411 -3.1
-1.85387 -3.0
-1.85363 -3.0
-1.85338 -2.9
-1.85314 -2.8
-1.85289 -2.8
-1.85265 -2.7
-1.85241 -2.6
-1.85216 -2.5
-1.85192 -2.4
-1.85167 -2.3
-1.85143 -2.1
-1.85118 -2.0
-1.85094 -1.9
-1.8507 -1.7
-1.85045 -1.6
-1.85021 -1.5
-1.84996 -1.3
-1.84972 -1.2
-1.84948 -1.0
-1.84923 -0.9
-1.84899 -0.7
-1.84874 -0.5
-1.8485 -0.4
-1.84826 -0.2
-1.84801 0.0
-1.84777 0.0
-1.84752 0.3
-1.84728 0.4
-1.84703 0.6
-1.84679 0.7
-1.84655 0.9
-1.8463 1.1
-1.84606 1.2
-1.84581 1.4
-1.84557 1.5
-1.84533 1.6
-1.84508 1.8
-1.84484 1.9
-1.84459 2.0
-1.84435 2.2
-1.8441 2.3
-1.84386 2.4
-1.84362 2.5
-1.84337 2.6
-1.84313 2.7
-1.84288 2.8
-1.84264 2.9
-1.8424 2.9
-1.84215 3.0
-1.84191 3.0
-1.84166 3.1
-1.84142 3.1
-1.84118 3.2
-1.84093 3.2
-1.84069 3.2
-1.84044 3.2
-1.8402 3.2
-1.83995 3.2
-1.83971 3.2
-1.83947 3.2
-1.83922 3.1
-1.83898 3.1
-1.83873 3.0
-1.83849 3.0
-1.83825 2.9
-1.838 2.8
-1.83776 2.8
-1.83751 2.7
-1.83727 2.6
-1.83702 2.5
-1.83678 2.4
-1.83654 2.3
-1.83629 2.1
-1.83605 2.0
-1.8358 1.9
-1.83556 1.8
-1.83532 1.6
-1.83507 1.5
-1.83483 1.3
-1.83458 1.2
-1.83434 1.0
-1.8341 0.9
-1.83385 0.7
-1.83361 0.6
-1.83336 0.4
-1.83312 0.2
-1.83287 0.0
-1.83263 0.0
-1.83239 -0.3
-1.83214 -0.4
-1.8319 -0.6
-1.83165 -0.7
-1.83141 -0.9
-1.83117 -1.1
-1.83092 -1.2
-1.83068 -1.4
-1.83043 -1.5
-1.83019 -1.6
-1.82994 -1.8
-1.8297 -1.9
-1.82946 -2.0
-1.82921 -2.2
-1.82897 -2.3
-1.82872 -2.4
-1.82848 -2.5
-1.82824 -2.6
-1.82799 -2.7
-1.82775 -2.8
-1.8275 -2.9
-1.82726 -2.9
-1.82701 -3.0
-1.82677 -3.1
-1.82653 -3.1
-1.82628 -3.1
-1.82604 -3.2
-1.82579 -3.2
-1.82555 -3.2
-1.82531 -3.2
-1.82506 -3.2
-1.82482 -3.2
-1.82457 -3.2
-1.82433 -3.2
-1.82409 -3.1
-1.82384 -3.1
-1.8236 -3.0
-1.82335 -3.0
-1.82311 -2.9
-1.82286 -2.8
-1.82262 -2.8
-1.82238 -2.7
-1.82213 -2.6
-1.82189 -2.5
-1.82164 -2.4
-1.8214 -2.3
-1.82116 -2.1
-1.82091 -2.0
-1.82067 -1.9
-1.82042 -1.7
-1.82018 -1.6
-1.81993 -1.5
-1.81969 -1.3
-1.81945 -1.2
-1.8192 -1.0
-1.81896 -0.8
-1.81871 -0.7
-1.81847 -0.5
-1.81823 -0.4
-1.81798 -0.2
-1.81774 0.0
-1.81749 0.1
-1.81725 0.3
-1.81701 0.5
-1.81676 0.6
-1.81652 0.8
-1.81627 0.9
-1.81603 1.1
-1.81578 1.2
-1.81554 1.4
-1.8153 1.5
-1.81505 1.7
-1.81481 1.8
-1.81456 1.9
-1.81432 2.1
-1.81408 2.2
-1.81383 2.3
-1.81359 2.4
-1.81334 2.5
-1.8131 2.6
-1.81285 2.7
-1.81261 2.8
-1.81237 2.9
-1.81212 3.0
-1.81188 3.0
-1.81163 3.1
-1.81139 3.1
-1.81115 3.2
-1.8109 3.2
-1.81066 3.2
-1.81041 3.2
-1.81017 3.2
-1.80993 3.2
-1.80968 3.2
-1.80944 3.2
-1.80919 3.2
-1.80895 3.1
-1.8087 3.1
-1.80846 3.0
-1.80822 3.0
-1.80797 2.9
-1.80773 2.8
-1.80748 2.7
-1.80724 2.6
-1.807 2.6
-1.80675 2.4
-1.80651 2.3
-1.80626 2.2
-1.80602 2.1
-1.80577 2.0
-1.80553 1.8
-1.80529 1.7
-1.80504 1.6
-1.8048 1.4
-1.80455 1.3
-1.80431 1.1
-1.80407 1.0
-1.80382 0.8
-1.80358 0.6
-1.80333 0.5
-1.80309 0.3
-1.80285 0.1
-1.8026 0.0
-1.80236 -0.2
-1.80211 -0.3
-1.80187 -0.5
-1.80162 -0.7
-1.80138 -0.8
-1.80114 -1.0
-1.80089 -1.1
-1.80065 -1.3
-1.8004 -1.4
-1.80016 -1.6
-1.79992 -1.7
-1.79967 -1.9
-1.79943 -2.0
-1.79918 -2.1
-1.79894 -2.3
-1.79869 -2.4
-1.79845 -2.5
-1.79821 -2.6
-1.79796 -2.7
-1.79772 -2.8
-1.79747 -2.8
-1.79723 -2.9
-1.79699 -3.0
-1.79674 -3.0
-1.7965 -3.1
-1.79625 -3.1
-1.79601 -3.2
-1.79576 -3.2
-1.79552 -3.2
-1.79528 -3.2
-1.79503 -3.2
-1.79479 -3.2
-1.79454 -3.2
-1.7943 -3.2
-1.79406 -3.2
-1.79381 -3.1
-1.79357 -3.1
-1.79332 -3.0
-1.79308 -2.9
-1.79284 -2.9
-1.79259 -2.8
-1.79235 -2.7
-1.7921 -2.6
-1.79186 -2.5
-1.79161 -2.4
-1.79137 -2.3
-1.79113 -2.2
-1.79088 -2.0
-1.79064 -1.9
-1.79039 -1.8
-1.79015 -1.6
-1.78991 -1.5
-1.78966 -1.3
-1.78942 -1.2
-1.78917 -1.0
-1.78893 -0.9
-1.78868 -0.7
-1.78844 -0.6
-1.7882 -0.4
-1.78795 -0.2
-1.78771 0.0
-1.78746 0.1
-1.78722 0.3
-1.78698 0.4
-1.78673 0.6
-1.78649 0.8
-1.78624 0.9
-1.786 1.1
-1.78576 1.2
-1.78551 1.4
-1.78527 1.5
-1.78502 1.7
-1.78478 1.8
-1.78453 2.0
-1.78429 2.1
-1.78405 2.2
-1.7838 2.3
-1.78356 2.4
-1.78331 2.5
-1.78307 2.6
-1.78283 2.7
-1.78258 2.8
-1.78234 2.9
-1.78209 3.0
-1.78185 3.0
-1.7816 3.1
-1.78136 3.1
-1.78112 3.2
-1.78087 3.2
-1.78063 3.2
-1.78038 3.2
-1.78014 3.2
-1.7799 3.2
-1.77965 3.2
-1.77941 3.2
-1.77916 3.2
-1.77892 3.1
-1.77868 3.1
-1.77843 3.0
-1.77819 3.0
-1.77794 2.9
-1.7777 2.8
-1.77745 2.7
-1.77721 2.6
-1.77697 2.5
-1.77672 2.4
-1.77648 2.3
-1.77623 2.2
-1.77599 2.1
-1.77575 2.0
-1.7755 1.8
-1.77526 1.7
-1.77501 1.5
-1.77477 1.4
-1.77452 1.2
-1.77428 1.1
-1.77404 0.9
-1.77379 0.8
-1.77355 0.6
-1.7733 0.4
-1.77306 0.3
-1.77282 0.1
-1.77257 0.0
-1.77233 -0.2
-1.77208 -0.4
-1.77184 -0.6
-1.7716 -0.7
-1.77135 -0.9
-1.77111 -1.0
-1.77086 -1.2
-1.77062 -1.4
-1.77037 -1.5
-1.77013 -1.6
-1.76989 -1.8
-1.76964 -1.9
-1.7694 -2.1
-1.76915 -2.2
-1.76891 -2.3
-1.76867 -2.4
-1.76842 -2.5
-1.76818 -2.6
-1.76793 -2.7
-1.76769 -2.8
-1.76744 -2.9
-1.7672 -3.0
-1.76696 -3.0
-1.76671 -3.1
-1.76647 -3.1
-1.76622 -3.2
-1.76598 -3.2
-1.76574 -3.2
-1.76549 -3.2
-1.76525 -3.2
-1.765 -3.2
-1.76476 -3.2
-1.76451 -3.2
-1.76427 -3.2
-1.76403 -3.1
-1.76378 -3.1
-1.76354 -3.0
-1.76329 -3.0
-1.76305 -2.9
-1.76281 -2.8
-1.76256 -2.8
-1.76232 -2.7
-1.76207 -2.6
-1.76183 -2.5
-1.76159 -2.3
-1.76134 -2.2
-1.7611 -2.1
-1.76085 -2.0
-1.76061 -1.8
-1.76036 -1.7
-1.76012 -1.6
-1.75988 -1.4
-1.75963 -1.3
-1.75939 -1.1
-1.75914 -0.9
-1.7589 -0.8
-1.75866 -0.6
-1.75841 -0.4
-1.75817 -0.3
-1.75792 -0.1
-1.75768 0.0
-1.75743 0.2
-1.75719 0.4
-1.75695 0.6
-1.7567 0.7
-1.75646 0.9
-1.75621 1.0
-1.75597 1.2
-1.75573 1.3
-1.75548 1.5
-1.75524 1.6
-1.75499 1.8
-1.75475 1.9
-1.75451 2.1
-1.75426 2.2
-1.75402 2.3
-1.75377 2.4
-1.75353 2.5
-1.75328 2.6
-1.75304 2.7
-1.7528 2.8
-1.75255 2.9
-1.75231 3.0
-1.75206 3.0
-1.75182 3.1
-1.75158 3.1
-1.75133 3.2
-1.75109 3.2
-1.75084 3.2
-1.7506 3.2
-1.75035 3.2
-1.75011 3.2
-1.74987 3.2
-1.74962 3.2
-1.74938 3.2
-1.74913 3.1
-1.74889 3.1
-1.74865 3.1
-1.7484 3.0
-1.74816 2.9
-1.74791 2.8
-1.74767 2.8
-1.74743 2.7
-1.74718 2.6
-1.74694 2.5
-1.74669 2.3
-1.74645 2.2
-1.7462 2.1
-1.74596 2.0
-1.74572 1.8
-1.74547 1.7
-1.74523 1.5
-1.74498 1.4
-1.74474 1.2
-1.7445 1.1
-1.74425 0.9
-1.74401 0.8
-1.74376 0.6
-1.74352 0.4
-1.74327 0.3
-1.74303 0.0
-1.74279 0.0
-1.74254 -0.2
-1.7423 -0.4
-1.74205 -0.6
-1.74181 -0.7
-1.74157 -0.9
-1.74132 -1.1
-1.74108 -1.2
-1.74083 -1.4
-1.74059 -1.5
-1.74035 -1.7
-1.7401 -1.8
-1.73986 -1.9
-1.73961 -2.1
-1.73937 -2.2
-1.73912 -2.3
-1.73888 -2.4
-1.73864 -2.6
-1.73839 -2.7
-1.73815 -2.7
-1.7379 -2.8
-1.73766 -2.9
-1.73742 -3.0
-1.73717 -3.0
-1.73693 -3.1
-1.73668 -3.1
-1.73644 -3.2
-1.73619 -3.2
-1.73595 -3.2
-1.73571 -3.3
-1.73546 -3.3
-1.73522 -3.3
-1.73497 -3.2
-1.73473 -3.2
-1.73449 -3.2
-1.73424 -3.1
-1.734 -3.1
-1.73375 -3.0
-1.73351 -3.0
-1.73326 -2.9
-1.73302 -2.8
-1.73278 -2.7
-1.73253 -2.6
-1.73229 -2.5
-1.73204 -2.4
-1.7318 -2.3
-1.73156 -2.2
-1.73131 -2.1
-1.73107 -1.9
-1.73082 -1.8
-1.73058 -1.7
-1.73034 -1.5
-1.73009 -1.4
-1.72985 -1.2
-1.7296 -1.0
-1.72936 -0.9
-1.72911 -0.7
-1.72887 -0.6
-1.72863 -0.4
-1.72838 -0.2
-1.72814 0.0
-1.72789 0.1
-1.72765 0.3
-1.72741 0.5
-1.72716 0.6
-1.72692 0.8
-1.72667 1.0
-1.72643 1.1
-1.72618 1.3
-1.72594 1.4
-1.7257 1.6
-1.72545 1.7
-1.72521 1.9
-1.72496 2.0
-1.72472 2.1
-1.72448 2.3
-1.72423 2.4
-1.72399 2.5
-1.72374 2.6
-1.7235 2.7
-1.72326 2.8
-1.72301 2.9
-1.72277 2.9
-1.72252 3.0
-1.72228 3.1
-1.72203 3.1
-1.72179 3.2
-1.72155 3.2
-1.7213 3.2
-1.72106 3.3
-1.72081 3.3
-1.72057 3.3
-1.72033 3.3
-1.72008 3.2
-1.71984 3.2
-1.71959 3.2
-1.71935 3.1
-1.7191 3.1
-1.71886 3.0
-1.71862 3.0
-1.71837 2.9
-1.71813 2.8
-1.71788 2.7
-1.71764 2.6
-1.7174 2.5
-1.71715 2.4
-1.71691 2.3
-1.71666 2.1
-1.71642 2.0
-1.71618 1.9
-1.71593 1.7
-1.71569 1.6
-1.71544 1.4
-1.7152 1.3
-1.71495 1.1
-1.71471 1.0
-1.71447 0.8
-1.71422 0.6
-1.71398 0.5
-1.71373 0.3
-1.71349 0.1
-1.71325 0.0
-1.713 -0.2
-1.71276 -0.4
-1.71251 -0.5
-1.71227 -0.7
-1.71202 -0.9
-1.71178 -1.0
-1.71154 -1.2
-1.71129 -1.4
-1.71105 -1.5
-1.7108 -1.7
-1.71056 -1.8
-1.71032 -1.9
-1.71007 -2.1
-1.70983 -2.2
-1.70958 -2.3
-1.70934 -2.4
-1.7091 -2.5
-1.70885 -2.7
-1.70861 -2.7
-1.70836 -2.8
-1.70812 -2.9
-1.70787 -3.0
-1.70763 -3.1
-1.70739 -3.1
-1.70714 -3.2
-1.7069 -3.2
-1.70665 -3.2
-1.70641 -3.3
-1.70617 -3.3
-1.70592 -3.3
-1.70568 -3.3
-1.70543 -3.3
-1.70519 -3.2
-1.70494 -3.2
-1.7047 -3.2
-1.70446 -3.1
-1.70421 -3.1
-1.70397 -3.0
-1.70372 -2.9
-1.70348 -2.8
-1.70324 -2.7
-1.70299 -2.7
-1.70275 -2.5
-1.7025 -2.4
-1.70226 -2.3
-1.70201 -2.2
-1.70177 -2.1
-1.70153 -1.9
-1.70128 -1.8
-1.70104 -1.6
-1.70079 -1.5
-1.70055 -1.3
-1.70031 -1.2
-1.70006 -1.0
-1.69982 -0.9
-1.69957 -0.7
-1.69933 -0.5
-1.69909 -0.4
-1.69884 -0.2
-1.6986 0.0
-1.69835 0.1
-1.69811 0.3
-1.69786 0.5
-1.69762 0.7
-1.69738 0.8
-1.69713 1.0
-1.69689 1.1
-1.69664 1.3
-1.6964 1.5
-1.69616 1.6
-1.69591 1.8
-1.69567 1.9
-1.69542 2.0
-1.69518 2.2
-1.69493 2.3
-1.69469 2.4
-1.69445 2.5
-1.6942 2.6
-1.69396 2.7
-1.69371 2.8
-1.69347 2.9
-1.69323 3.0
-1.69298 3.0
-1.69274 3.1
-1.69249 3.2
-1.69225 3.2
-1.69201 3.2
-1.69176 3.3
-1.69152 3.3
-1.69127 3.3
-1.69103 3.3
-1.69078 3.3
-1.69054 3.2
-1.6903 3.2
-1.69005 3.2
-1.68981 3.1
-1.68956 3.1
-1.68932 3.0
-1.68908 2.9
-1.68883 2.9
-1.68859 2.8
-1.68834 2.7
-1.6881 2.6
-1.68785 2.5
-1.68761 2.3
-1.68737 2.2
-1.68712 2.1
-1.68688 2.0
-1.68663 1.8
-1.68639 1.7
-1.68615 1.5
-1.6859 1.4
-1.68566 1.2
-1.68541 1.1
-1.68517 0.9
-1.68493 0.7
-1.68468 0.6
-1.68444 0.4
-1.68419 0.2
-1.68395 0.0
-1.6837 -0.1
-1.68346 -0.3
-1.68322 -0.5
-1.68297 -0.6
-1.68273 -0.8
-1.68248 -1.0
-1.68224 -1.1
-1.682 -1.3
-1.68175 -1.4
-1.68151 -1.6
-1.68126 -1.7
-1.68102 -1.9
-1.68077 -2.0
-1.68053 -2.2
-1.68029 -2.3
-1.68004 -2.4
-1.6798 -2.5
-1.67955 -2.6
-1.67931 -2.7
-1.67907 -2.8
-1.67882 -2.9
-1.67858 -3.0
-1.67833 -3.0
-1.67809 -3.1
-1.67785 -3.2
-1.6776 -3.2
-1.67736 -3.2
-1.67711 -3.3
-1.67687 -3.3
-1.67662 -3.3
-1.67638 -3.3
-1.67614 -3.3
-1.67589 -3.2
-1.67565 -3.2
-1.6754 -3.2
-1.67516 -3.1
-1.67492 -3.1
-1.67467 -3.0
-1.67443 -2.9
-1.67418 -2.9
-1.67394 -2.8
-1.67369 -2.7
-1.67345 -2.6
-1.67321 -2.5
-1.67296 -2.4
-1.67272 -2.2
-1.67247 -2.1
-1.67223 -2.0
-1.67199 -1.8
-1.67174 -1.7
-1.6715 -1.5
-1.67125 -1.4
-1.67101 -1.2
-1.67076 -1.1
-1.67052 -0.9
-1.67028 -0.7
-1.67003 -0.6
-1.66979 -0.4
-1.66954 -0.2
-1.6693 0.0
-1.66906 0.1
-1.66881 0.3
-1.66857 0.5
-1.66832 0.6
-1.66808 0.8
-1.66784 1.0
-1.66759 1.1
-1.66735 1.3
-1.6671 1.5
-1.66686 1.6
-1.66661 1.8
-1.66637 1.9
-1.66613 2.0
-1.66588 2.2
-1.66564 2.3
-1.66539 2.4
-1.66515 2.5
-1.66491 2.6
-1.66466 2.7
-1.66442 2.8
-1.66417 2.9
-1.66393 3.0
-1.66368 3.1
-1.66344 3.1
-1.6632 3.2
-1.66295 3.2
-1.66271 3.2
-1.66246 3.3
-1.66222 3.3
-1.66198 3.3
-1.66173 3.3
-1.66149 3.3
-1.66124 3.3
-1.661 3.2
-1.66076 3.2
-1.66051 3.1
-1.66027 3.1
-1.66002 3.0
-1.65978 2.9
-1.65953 2.9
-1.65929 2.8
-1.65905 2.7
-1.6588 2.6
-1.65856 2.5
-1.65831 2.3
-1.65807 2.2
-1.65783 2.1
-1.65758 1.9
-1.65734 1.8
-1.65709 1.7
-1.65685 1.5
-1.6566 1.3
-1.65636 1.2
-1.65612 1.0
-1.65587 0.9
-1.65563 0.7
-1.65538 0.5
-1.65514 0.3
-1.6549 0.2
-1.65465 0.0
-1.65441 -0.2
-1.65416 -0.4
-1.65392 -0.5
-1.65368 -0.7
-1.65343 -0.9
-1.65319 -1.0
-1.65294 -1.2
-1.6527 -1.4
-1.65245 -1.5
-1.65221 -1.7
-1.65197 -1.8
-1.65172 -1.9
-1.65148 -2.1
-1.65123 -2.2
-1.65099 -2.3
-1.65075 -2.5
-1.6505 -2.6
-1.65026 -2.7
-1.65001 -2.8
-1.64977 -2.9
-1.64952 -2.9
-1.64928 -3.0
-1.64904 -3.1
-1.64879 -3.1
-1.64855 -3.2
-1.6483 -3.2
-1.64806 -3.3
-1.64782 -3.3
-1.64757 -3.3
-1.64733 -3.3
-1.64708 -3.3
-1.64684 -3.3
-1.6466 -3.2
-1.64635 -3.2
-1.64611 -3.2
-1.64586 -3.1
-1.64562 -3.1
-1.64537 -3.0
-1.64513 -2.9
-1.64489 -2.8
-1.64464 -2.7
-1.6444 -2.6
-1.64415 -2.5
-1.64391 -2.4
-1.64367 -2.3
-1.64342 -2.2
-1.64318 -2.0
-1.64293 -1.9
-1.64269 -1.7
-1.64244 -1.6
-1.6422 -1.4
-1.64196 -1.3
-1.64171 -1.1
-1.64147 -1.0
-1.64122 -0.8
-1.64098 -0.6
-1.64074 -0.4
-1.64049 -0.3
-1.64025 0.0
-1.64 0.0
-1.63976 0.3
-1.63951 0.4
-1.63927 0.6
-1.63903 0.8
-1.63878 0.9
-1.63854 1.1
-1.63829 1.3
-1.63805 1.4
-1.63781 1.6
-1.63756 1.7
-1.63732 1.9
-1.63707 2.0
-1.63683 2.2
-1.63659 2.3
-1.63634 2.4
-1.6361 2.5
-1.63585 2.6
-1.63561 2.7
-1.63536 2.8
-1.63512 2.9
-1.63488 3.0
-1.63463 3.1
-1.63439 3.1
-1.63414 3.2
-1.6339 3.2
-1.63366 3.3
-1.63341 3.3
-1.63317 3.3
-1.63292 3.3
-1.63268 3.3
-1.63243 3.3
-1.63219 3.3
-1.63195 3.2
-1.6317 3.2
-1.63146 3.2
-1.63121 3.1
-1.63097 3.0
-1.63073 3.0
-1.63048 2.9
-1.63024 2.8
-1.62999 2.7
-1.62975 2.6
-1.62951 2.5
-1.62926 2.3
-1.62902 2.2
-1.62877 2.1
-1.62853 2.0
-1.62828 1.8
-1.62804 1.7
-1.6278 1.5
-1.62755 1.3
-1.62731 1.2
-1.62706 1.0
-1.62682 0.9
-1.62658 0.7
-1.62633 0.5
-1.62609 0.3
-1.62584 0.2
-1.6256 0.0
-1.62535 -0.2
-1.62511 -0.4
-1.62487 -0.5
-1.62462 -0.7
-1.62438 -0.9
-1.62413 -1.0
-1.62389 -1.2
-1.62365 -1.4
-1.6234 -1.5
-1.62316 -1.7
-1.62291 -1.8
-1.62267 -2.0
-1.62243 -2.1
-1.62218 -2.2
-1.62194 -2.4
-1.62169 -2.5
-1.62145 -2.6
-1.6212 -2.7
-1.62096 -2.8
-1.62072 -2.9
-1.62047 -3.0
-1.62023 -3.0
-1.61998 -3.1
-1.61974 -3.2
-1.6195 -3.2
-1.61925 -3.3
-1.61901 -3.3
-1.61876 -3.3
-1.61852 -3.3
-1.61827 -3.3
-1.61803 -3.3
-1.61779 -3.3
-1.61754 -3.3
-1.6173 -3.2
-1.61705 -3.2
-1.61681 -3.1
-1.61657 -3.1
-1.61632 -3.0
-1.61608 -2.9
-1.61583 -2.8
-1.61559 -2.7
-1.61535 -2.6
-1.6151 -2.5
-1.61486 -2.4
-1.61461 -2.3
-1.61437 -2.1
-1.61412 -2.0
-1.61388 -1.8
-1.61364 -1.7
-1.61339 -1.5
-1.61315 -1.4
-1.6129 -1.2
-1.61266 -1.1
-1.61242 -0.9
-1.61217 -0.7
-1.61193 -0.5
-1.61168 -0.4
-1.61144 -0.2
-1.61119 0.0
-1.61095 0.2
-1.61071 0.3
-1.61046 0.5
-1.61022 0.7
-1.60997 0.9
-1.60973 1.0
-1.60949 1.2
-1.60924 1.4
-1.609 1.5
-1.60875 1.7
-1.60851 1.8
-1.60826 2.0
-1.60802 2.1
-1.60778 2.2
-1.60753 2.4
-1.60729 2.5
-1.60704 2.6
-1.6068 2.7
-1.60656 2.8
-1.60631 2.9
-1.60607 3.0
-1.60582 3.0
-1.60558 3.1
-1.60534 3.2
-1.60509 3.2
-1.60485 3.3
-1.6046 3.3
-1.60436 3.3
-1.60411 3.3
-1.60387 3.3
-1.60363 3.3
-1.60338 3.3
-1.60314 3.3
-1.60289 3.2
-1.60265 3.2
-1.60241 3.1
-1.60216 3.1
-1.60192 3.0
-1.60167 2.9
-1.60143 2.8
-1.60118 2.7
-1.60094 2.6
-1.6007 2.5
-1.60045 2.4
-1.60021 2.3
-1.59996 2.1
-1.59972 2.0
-1.59948 1.9
-1.59923 1.7
-1.59899 1.5
-1.59874 1.4
-1.5985 1.2
-1.59826 1.1
-1.59801 0.9
-1.59777 0.7
-1.59752 0.5
-1.59728 0.4
-1.59703 0.2
-1.59679 0.0
-1.59655 -0.2
-1.5963 -0.3
-1.59606 -0.5
-1.59581 -0.7
-1.59557 -0.9
-1.59533 -1.0
-1.59508 -1.2
-1.59484 -1.4
-1.59459 -1.5
-1.59435 -1.7
-1.5941 -1.8
-1.59386 -2.0
-1.59362 -2.1
-1.59337 -2.2
-1.59313 -2.4
-1.59288 -2.5
-1.59264 -2.6
-1.5924 -2.7
-1.59215 -2.8
-1.59191 -2.9
-1.59166 -3.0
-1.59142 -3.1
-1.59118 -3.1
-1.59093 -3.2
-1.59069 -3.2
-1.59044 -3.3
-1.5902 -3.3
-1.58995 -3.3
-1.58971 -3.3
-1.58947 -3.3
-1.58922 -3.3
-1.58898 -3.3
-1.58873 -3.3
-1.58849 -3.2
-1.58825 -3.2
-1.588 -3.1
-1.58776 -3.1
-1.58751 -3.0
-1.58727 -2.9
-1.58702 -2.8
-1.58678 -2.7
-1.58654 -2.6
-1.58629 -2.5
-1.58605 -2.4
-1.5858 -2.3
-1.58556 -2.1
-1.58532 -2.0
-1.58507 -1.8
-1.58483 -1.7
-1.58458 -1.5
-1.58434 -1.4
-1.5841 -1.2
-1.58385 -1.0
-1.58361 -0.9
-1.58336 -0.7
-1.58312 -0.5
-1.58287 -0.3
-1.58263 -0.2
-1.58239 0.0
-1.58214 0.2
-1.5819 0.4
-1.58165 0.6
-1.58141 0.7
-1.58117 0.9
-1.58092 1.1
-1.58068 1.2
-1.58043 1.4
-1.58019 1.6
-1.57994 1.7
-1.5797 1.9
-1.57946 2.0
-1.57921 2.1
-1.57897 2.3
-1.57872 2.4
-1.57848 2.5
-1.57824 2.6
-1.57799 2.7
-1.57775 2.8
-1.5775 2.9
-1.57726 3.0
-1.57701 3.1
-1.57677 3.1
-1.57653 3.2
-1.57628 3.2
-1.57604 3.3
-1.57579 3.3
-1.57555 3.3
-1.57531 3.3
-1.57506 3.3
-1.57482 3.3
-1.57457 3.3
-1.57433 3.3
-1.57409 3.2
-1.57384 3.2
-1.5736 3.1
-1.57335 3.0
-1.57311 3.0
-1.57286 2.9
-1.57262 2.8
-1.57238 2.7
-1.57213 2.6
-1.57189 2.5
-1.57164 2.3
-1.5714 2.2
-1.57116 2.1
-1.57091 1.9
-1.57067 1.8
-1.57042 1.6
-1.57018 1.5
-1.56993 1.3
-1.56969 1.1
-1.56945 1.0
-1.5692 0.8
-1.56896 0.6
-1.56871 0.4
-1.56847 0.3
-1.56823 0.0
-1.56798 0.0
-1.56774 -0.3
-1.56749 -0.4
-1.56725 -0.6
-1.56701 -0.8
-1.56676 -1.0
-1.56652 -1.1
-1.56627 -1.3
-1.56603 -1.5
-1.56578 -1.6
-1.56554 -1.8
-1.5653 -1.9
-1.56505 -2.1
-1.56481 -2.2
-1.56456 -2.3
-1.56432 -2.5
-1.56408 -2.6
-1.56383 -2.7
-1.56359 -2.8
-1.56334 -2.9
-1.5631 -3.0
-1.56285 -3.1
-1.56261 -3.1
-1.56237 -3.2
-1.56212 -3.2
-1.56188 -3.3
-1.56163 -3.3
-1.56139 -3.3
-1.56115 -3.3
-1.5609 -3.3
-1.56066 -3.3
-1.56041 -3.3
-1.56017 -3.3
-1.55993 -3.3
-1.55968 -3.2
-1.55944 -3.2
-1.55919 -3.1
-1.55895 -3.0
-1.5587 -2.9
-1.55846 -2.8
-1.55822 -2.7
-1.55797 -2.6
-1.55773 -2.5
-1.55748 -2.4
-1.55724 -2.3
-1.557 -2.1
-1.55675 -2.0
-1.55651 -1.9
-1.55626 -1.7
-1.55602 -1.5
-1.55577 -1.4
-1.55553 -1.2
-1.55529 -1.0
-1.55504 -0.9
-1.5548 -0.7
-1.55455 -0.5
-1.55431 -0.3
-1.55407 -0.2
-1.55382 0.0
-1.55358 0.2
-1.55333 0.4
-1.55309 0.6
-1.55285 0.7
-1.5526 0.9
-1.55236 1.1
-1.55211 1.2
-1.55187 1.4
-1.55162 1.6
-1.55138 1.7
-1.55114 1.9
-1.55089 2.0
-1.55065 2.2
-1.5504 2.3
-1.55016 2.4
-1.54992 2.5
-1.54967 2.7
-1.54943 2.8
-1.54918 2.9
-1.54894 3.0
-1.54869 3.0
-1.54845 3.1
-1.54821 3.2
-1.54796 3.2
-1.54772 3.3
-1.54747 3.3
-1.54723 3.3
-1.54699 3.3
-1.54674 3.3
-1.5465 3.3
-1.54625 3.3
-1.54601 3.3
-1.54576 3.3
-1.54552 3.2
-1.54528 3.2
-1.54503 3.1
-1.54479 3.0
-1.54454 3.0
-1.5443 2.9
-1.54406 2.8
-1.54381 2.7
-1.54357 2.6
-1.54332 2.4
-1.54308 2.3
-1.54284 2.2
-1.54259 2.0
-1.54235 1.9
-1.5421 1.7
-1.54186 1.6
-1.54161 1.4
-1.54137 1.3
-1.54113 1.1
-1.54088 0.9
-1.54064 0.7
-1.54039 0.6
-1.54015 0.4
-1.53991 0.2
-1.53966 0.0
-1.53942 -0.2
-1.53917 -0.3
-1.53893 -0.5
-1.53868 -0.7
-1.53844 -0.9
-1.5382 -1.0
-1.53795 -1.2
-1.53771 -1.4
-1.53746 -1.5
-1.53722 -1.7
-1.53698 -1.9
-1.53673 -2.0
-1.53649 -2.1
-1.53624 -2.3
-1.536 -2.4
-1.53576 -2.5
-1.53551 -2.6
-1.53527 -2.8
-1.53502 -2.9
-1.53478 -2.9
-1.53453 -3.0
-1.53429 -3.1
-1.53405 -3.2
-1.5338 -3.2
-1.53356 -3.3
-1.53331 -3.3
-1.53307 -3.3
-1.53283 -3.3
-1.53258 -3.4
-1.53234 -3.3
-1.53209 -3.3
-1.53185 -3.3
-1.5316 -3.3
-1.53136 -3.2
-1.53112 -3.2
-1.53087 -3.1
-1.53063 -3.1
-1.53038 -3.0
-1.53014 -2.9
-1.5299 -2.8
-1.52965 -2.7
-1.52941 -2.6
-1.52916 -2.5
-1.52892 -2.3
-1.52868 -2.2
-1.52843 -2.1
-1.52819 -1.9
-1.52794 -1.8
-1.5277 -1.6
-1.52745 -1.4
-1.52721 -1.3
-1.52697 -1.1
-1.52672 -0.9
-1.52648 -0.8
-1.52623 -0.6
-1.52599 -0.4
-1.52575 -0.2
-1.5255 0.0
-1.52526 0.2
-1.52501 0.3
-1.52477 0.5
-1.52452 0.7
-1.52428 0.9
-1.52404 1.0
-1.52379 1.2
-1.52355 1.4
-1.5233 1.5
-1.52306 1.7
-1.52282 1.9
-1.52257 2.0
-1.52233 2.2
-1.52208 2.3
-1.52184 2.4
-1.5216 2.5
-1.52135 2.7
-1.52111 2.8
-1.52086 2.9
-1.52062 3.0
-1.52037 3.0
-1.52013 3.1
-1.51989 3.2
-1.51964 3.2
-1.5194 3.3
-1.51915 3.3
-1.51891 3.3
-1.51867 3.4
-1.51842 3.4
-1.51818 3.4
-1.51793 3.3
-1.51769 3.3
-1.51744 3.3
-1.5172 3.2
-1.51696 3.2
-1.51671 3.1
-1.51647 3.1
-1.51622 3.0
-1.51598 2.9
-1.51574 2.8
-1.51549 2.7
-1.51525 2.6
-1.515 2.4
-1.51476 2.3
-1.51451 2.2
-1.51427 2.0
-1.51403 1.9
-1.51378 1.7
-1.51354 1.6
-1.51329 1.4
-1.51305 1.2
-1.51281 1.1
-1.51256 0.9
-1.51232 0.7
-1.51207 0.5
-1.51183 0.4
-1.51159 0.2
-1.51134 0.0
-1.5111 -0.2
-1.51085 -0.4
-1.51061 -0.5
-1.51036 -0.7
-1.51012 -0.9
-1.50988 -1.1
-1.50963 -1.3
-1.50939 -1.4
-1.50914 -1.6
-1.5089 -1.7
-1.50866 -1.9
-1.50841 -2.0
-1.50817 -2.2
-1.50792 -2.3
-1.50768 -2.5
-1.50743 -2.6
-1.50719 -2.7
-1.50695 -2.8
-1.5067 -2.9
-1.50646 -3.0
-1.50621 -3.1
-1.50597 -3.1
-1.50573 -3.2
-1.50548 -3.3
-1.50524 -3.3
-1.50499 -3.3
-1.50475 -3.4
-1.50451 -3.4
-1.50426 -3.4
-1.50402 -3.4
-1.50377 -3.3
-1.50353 -3.3
-1.50328 -3.3
-1.50304 -3.2
-1.5028 -3.2
-1.50255 -3.1
-1.50231 -3.0
-1.50206 -3.0
-1.50182 -2.9
-1.50158 -2.8
-1.50133 -2.7
-1.50109 -2.5
-1.50084 -2.4
-1.5006 -2.3
-1.50035 -2.1
-1.50011 -2.0
-1.49987 -1.8
-1.49962 -1.7
-1.49938 -1.5
-1.49913 -1.4
-1.49889 -1.2
-1.49865 -1.0
-1.4984 -0.8
-1.49816 -0.7
-1.49791 -0.5
-1.49767 -0.3
-1.49743 -0.1
-1.49718 0.0
-1.49694 0.3
-1.49669 0.4
-1.49645 0.6
-1.4962 0.8
-1.49596 1.0
-1.49572 1.1
-1.49547 1.3
-1.49523 1.5
-1.49498 1.7
-1.49474 1.8
-1.4945 2.0
-1.49425 2.1
-1.49401 2.2
-1.49376 2.4
-1.49352 2.5
-1.49327 2.6
-1.49303 2.7
-1.49279 2.8
-1.49254 2.9
-1.4923 3.0
-1.49205 3.1
-1.49181 3.2
-1.49157 3.2
-1.49132 3.3
-1.49108 3.3
-1.49083 3.3
-1.49059 3.4
-1.49035 3.4
-1.4901 3.4
-1.48986 3.4
-1.48961 3.3
-1.48937 3.3
-1.48912 3.3
-1.48888 3.2
-1.48864 3.2
-1.48839 3.1
-1.48815 3.0
-1.4879 2.9
-1.48766 2.8
-1.48742 2.7
-1.48717 2.6
-1.48693 2.5
-1.48668 2.4
-1.48644 2.2
-1.48619 2.1
-1.48595 1.9
-1.48571 1.8
-1.48546 1.6
-1.48522 1.4
-1.48497 1.3
-1.48473 1.1
-1.48449 0.9
-1.48424 0.7
-1.484 0.6
-1.48375 0.4
-1.48351 0.2
-1.48326 0.0
-1.48302 -0.2
-1.48278 -0.4
-1.48253 -0.5
-1.48229 -0.7
-1.48204 -0.9
-1.4818 -1.1
-1.48156 -1.3
-1.48131 -1.4
-1.48107 -1.6
-1.48082 -1.7
-1.48058 -1.9
-1.48034 -2.1
-1.48009 -2.2
-1.47985 -2.3
-1.4796 -2.5
-1.47936 -2.6
-1.47911 -2.7
-1.47887 -2.8
-1.47863 -2.9
-1.47838 -3.0
-1.47814 -3.1
-1.47789 -3.2
-1.47765 -3.2
-1.47741 -3.3
-1.47716 -3.3
-1.47692 -3.3
-1.47667 -3.4
-1.47643 -3.4
-1.47618 -3.4
-1.47594 -3.4
-1.4757 -3.4
-1.47545 -3.3
-1.47521 -3.3
-1.47496 -3.2
-1.47472 -3.2
-1.47448 -3.1
-1.47423 -3.0
-1.47399 -3.0
-1.47374 -2.9
-1.4735 -2.8
-1.47326 -2.6
-1.47301 -2.5
-1.47277 -2.4
-1.47252 -2.3
-1.47228 -2.1
-1.47203 -2.0
-1.47179 -1.8
-1.47155 -1.7
-1.4713 -1.5
-1.47106 -1.3
-1.47081 -1.2
-1.47057 -1.0
-1.47033 -0.8
-1.47008 -0.6
-1.46984 -0.4
-1.46959 -0.2
-1.46935 0.0
-1.4691 0.1
-1.46886 0.3
-1.46862 0.5
-1.46837 0.7
-1.46813 0.9
-1.46788 1.0
-1.46764 1.2
-1.4674 1.4
-1.46715 1.6
-1.46691 1.7
-1.46666 1.9
-1.46642 2.0
-1.46618 2.2
-1.46593 2.3
-1.46569 2.4
-1.46544 2.6
-1.4652 2.7
-1.46495 2.8
-1.46471 2.9
-1.46447 3.0
-1.46422 3.1
-1.46398 3.2
-1.46373 3.2
-1.46349 3.3
-1.46325 3.3
-1.463 3.3
-1.46276 3.4
-1.46251 3.4
-1.46227 3.4
-1.46202 3.4
-1.46178 3.4
-1.46154 3.3
-1.46129 3.3
-1.46105 3.3
-1.4608 3.2
-1.46056 3.1
-1.46032 3.1
-1.46007 3.0
-1.45983 2.9
-1.45958 2.8
-1.45934 2.7
-1.4591 2.5
-1.45885 2.4
-1.45861 2.3
-1.45836 2.1
-1.45812 2.0
-1.45787 1.8
-1.45763 1.7
-1.45739 1.5
-1.45714 1.3
-1.4569 1.2
-1.45665 1.0
-1.45641 0.8
-1.45617 0.6
-1.45592 0.4
-1.45568 0.3
-1.45543 0.0
-1.45519 -0.1
-1.45494 -0.3
-1.4547 -0.5
-1.45446 -0.7
-1.45421 -0.9
-1.45397 -1.0
-1.45372 -1.2
-1.45348 -1.4
-1.45324 -1.6
-1.45299 -1.7
-1.45275 -1.9
-1.4525 -2.0
-1.45226 -2.2
-1.45201 -2.3
-1.45177 -2.5
-1.45153 -2.6
-1.45128 -2.7
-1.45104 -2.8
-1.45079 -2.9
-1.45055 -3.0
-1.45031 -3.1
-1.45006 -3.2
-1.44982 -3.2
-1.44957 -3.3
-1.44933 -3.3
-1.44909 -3.4
-1.44884 -3.4
-1.4486 -3.4
-1.44835 -3.4
-1.44811 -3.4
-1.44786 -3.4
-1.44762 -3.3
-1.44738 -3.3
-1.44713 -3.3
-1.44689 -3.2
-1.44664 -3.1
-1.4464 -3.1
-1.44616 -3.0
-1.44591 -2.9
-1.44567 -2.8
-1.44542 -2.7
-1.44518 -2.5
-1.44493 -2.4
-1.44469 -2.3
-1.44445 -2.1
-1.4442 -2.0
-1.44396 -1.8
-1.44371 -1.7
-1.44347 -1.5
-1.44323 -1.3
-1.44298 -1.1
-1.44274 -1.0
-1.44249 -0.8
-1.44225 -0.6
-1.44201 -0.4
-1.44176 -0.2
-1.44152 0.0
-1.44127 0.1
-1.44103 0.3
-1.44078 0.5
-1.44054 0.7
-1.4403 0.9
-1.44005 1.1
-1.43981 1.2
-1.43956 1.4
-1.43932 1.6
-1.43908 1.8
-1.43883 1.9
-1.43859 2.1
-1.43834 2.2
-1.4381 2.4
-1.43785 2.5
-1.43761 2.6
-1.43737 2.7
-1.43712 2.8
-1.43688 2.9
-1.43663 3.0
-1.43639 3.1
-1.43615 3.2
-1.4359 3.2
-1.43566 3.3
-1.43541 3.3
-1.43517 3.4
-1.43493 3.4
-1.43468 3.4
-1.43444 3.4
-1.43419 3.4
-1.43395 3.4
-1.4337 3.3
-1.43346 3.3
-1.43322 3.3
-1.43297 3.2
-1.43273 3.1
-1.43248 3.0
-1.43224 3.0
-1.432 2.9
-1.43175 2.7
-1.43151 2.6
-1.43126 2.5
-1.43102 2.4
-1.43077 2.2
-1.43053 2.1
-1.43029 1.9
-1.43004 1.8
-1.4298 1.6
-1.42955 1.4
-1.42931 1.3
-1.42907 1.1
-1.42882 0.9
-1.42858 0.7
-1.42833 0.5
-1.42809 0.4
-1.42785 0.2
-1.4276 0.0
-1.42736 -0.2
-1.42711 -0.4
-1.42687 -0.6
-1.42662 -0.8
-1.42638 -1.0
-1.42614 -1.1
-1.42589 -1.3
-1.42565 -1.5
-1.4254 -1.7
-1.42516 -1.8
-1.42492 -2.0
-1.42467 -2.1
-1.42443 -2.3
-1.42418 -2.4
-1.42394 -2.5
-1.42369 -2.7
-1.42345 -2.8
-1.42321 -2.9
-1.42296 -3.0
-1.42272 -3.1
-1.42247 -3.1
-1.42223 -3.2
-1.42199 -3.3
-1.42174 -3.3
-1.4215 -3.4
-1.42125 -3.4
-1.42101 -3.4
-1.42076 -3.4
-1.42052 -3.4
-1.42028 -3.4
-1.42003 -3.4
-1.41979 -3.3
-1.41954 -3.3
-1.4193 -3.2
-1.41906 -3.2
-1.41881 -3.1
-1.41857 -3.0
-1.41832 -2.9
-1.41808 -2.8
-1.41784 -2.7
-1.41759 -2.6
-1.41735 -2.4
-1.4171 -2.3
-1.41686 -2.2
-1.41661 -2.0
-1.41637 -1.9
-1.41613 -1.7
-1.41588 -1.5
-1.41564 -1.4
-1.41539 -1.2
-1.41515 -1.0
-1.41491 -0.8
-1.41466 -0.6
-1.41442 -0.4
-1.41417 -0.3
-1.41393 0.0
-1.41368 0.1
-1.41344 0.3
-1.4132 0.5
-1.41295 0.7
-1.41271 0.9
-1.41246 1.1
-1.41222 1.2
-1.41198 1.4
-1.41173 1.6
-1.41149 1.8
-1.41124 1.9
-1.411 2.1
-1.41076 2.2
-1.41051 2.4
-1.41027 2.5
-1.41002 2.6
-1.40978 2.7
-1.40953 2.9
-1.40929 3.0
-1.40905 3.0
-1.4088 3.1
-1.40856 3.2
-1.40831 3.3
-1.40807 3.3
-1.40783 3.4
-1.40758 3.4
-1.40734 3.4
-1.40709 3.4
-1.40685 3.4
-1.4066 3.4
-1.40636 3.4
-1.40612 3.4
-1.40587 3.3
-1.40563 3.3
-1.40538 3.2
-1.40514 3.1
-1.4049 3.0
-1.40465 2.9
-1.40441 2.8
-1.40416 2.7
-1.40392 2.6
-1.40368 2.5
-1.40343 2.4
-1.40319 2.2
-1.40294 2.1
-1.4027 1.9
-1.40245 1.7
-1.40221 1.6
-1.40197 1.4
-1.40172 1.2
-1.40148 1.1
-1.40123 0.9
-1.40099 0.7
-1.40075 0.5
-1.4005 0.3
-1.40026 0.1
-1.40001 0.0
-1.39977 -0.3
-1.39952 -0.5
-1.39928 -0.7
-1.39904 -0.8
-1.39879 -1.0
-1.39855 -1.2
-1.3983 -1.4
-1.39806 -1.6
-1.39782 -1.7
-1.39757 -1.9
-1.39733 -2.0
-1.39708 -2.2
-1.39684 -2.3
-1.3966 -2.5
-1.39635 -2.6
-1.39611 -2.7
-1.39586 -2.8
-1.39562 -2.9
-1.39537 -3.0
-1.39513 -3.1
-1.39489 -3.2
-1.39464 -3.3
-1.3944 -3.3
-1.39415 -3.4
-1.39391 -3.4
-1.39367 -3.4
-1.39342 -3.4
-1.39318 -3.4
-1.39293 -3.4
-1.39269 -3.4
-1.39244 -3.4
-1.3922 -3.3
-1.39196 -3.3
-1.39171 -3.2
-1.39147 -3.1
-1.39122 -3.1
-1.39098 -3.0
-1.39074 -2.9
-1.39049 -2.8
-1.39025 -2.6
-1.39 -2.5
-1.38976 -2.4
-1.38951 -2.2
-1.38927 -2.1
-1.38903 -1.9
-1.38878 -1.8
-1.38854 -1.6
-1.38829 -1.4
-1.38805 -1.2
-1.38781 -1.1
-1.38756 -0.9
-1.38732 -0.7
-1.38707 -0.5
-1.38683 -0.3
-1.38659 -0.1
-1.38634 0.0
-1.3861 0.3
-1.38585 0.5
-1.38561 0.6
-1.38536 0.8
-1.38512 1.0
-1.38488 1.2
-1.38463 1.4
-1.38439 1.6
-1.38414 1.7
-1.3839 1.9
-1.38366 2.0
-1.38341 2.2
-1.38317 2.3
-1.38292 2.5
-1.38268 2.6
-1.38243 2.7
-1.38219 2.8
-1.38195 2.9
-1.3817 3.0
-1.38146 3.1
-1.38121 3.2
-1.38097 3.3
-1.38073 3.3
-1.38048 3.4
-1.38024 3.4
-1.37999 3.4
-1.37975 3.4
-1.37951 3.4
-1.37926 3.4
-1.37902 3.4
-1.37877 3.4
-1.37853 3.3
-1.37828 3.3
-1.37804 3.2
-1.3778 3.1
-1.37755 3.1
-1.37731 3.0
-1.37706 2.9
-1.37682 2.8
-1.37658 2.6
-1.37633 2.5
-1.37609 2.4
-1.37584 2.2
-1.3756 2.1
-1.37535 1.9
-1.37511 1.8
-1.37487 1.6
-1.37462 1.4
-1.37438 1.2
-1.37413 1.0
-1.37389 0.9
-1.37365 0.7
-1.3734 0.5
-1.37316 0.3
-1.37291 0.0
-1.37267 0.0
-1.37243 -0.3
-1.37218 -0.5
-1.37194 -0.7
-1.37169 -0.9
-1.37145 -1.0
-1.3712 -1.2
-1.37096 -1.4
-1.37072 -1.6
-1.37047 -1.8
-1.37023 -1.9
-1.36998 -2.1
-1.36974 -2.2
-1.3695 -2.4
-1.36925 -2.5
-1.36901 -2.6
-1.36876 -2.8
-1.36852 -2.9
-1.36827 -3.0
-1.36803 -3.1
-1.36779 -3.2
-1.36754 -3.2
-1.3673 -3.3
-1.36705 -3.3
-1.36681 -3.4
-1.36657 -3.4
-1.36632 -3.4
-1.36608 -3.4
-1.36583 -3.4
-1.36559 -3.4
-1.36535 -3.4
-1.3651 -3.4
-1.36486 -3.3
-1.36461 -3.3
-1.36437 -3.2
-1.36412 -3.1
-1.36388 -3.0
-1.36364 -2.9
-1.36339 -2.8
-1.36315 -2.7
-1.3629 -2.6
-1.36266 -2.5
-1.36242 -2.3
-1.36217 -2.2
-1.36193 -2.0
-1.36168 -1.9
-1.36144 -1.7
-1.36119 -1.5
-1.36095 -1.4
-1.36071 -1.2
-1.36046 -1.0
-1.36022 -0.8
-1.35997 -0.6
-1.35973 -0.4
-1.35949 -0.2
-1.35924 0.0
-1.359 0.2
-1.35875 0.4
-1.35851 0.6
-1.35826 0.7
-1.35802 0.9
-1.35778 1.1
-1.35753 1.3
-1.35729 1.5
-1.35704 1.7
-1.3568 1.8
-1.35656 2.0
-1.35631 2.1
-1.35607 2.3
-1.35582 2.4
-1.35558 2.6
-1.35534 2.7
-1.35509 2.8
-1.35485 2.9
-1.3546 3.0
-1.35436 3.1
-1.35411 3.2
-1.35387 3.3
-1.35363 3.3
-1.35338 3.4
-1.35314 3.4
-1.35289 3.4
-1.35265 3.4
-1.35241 3.5
-1.35216 3.4
-1.35192 3.4
-1.35167 3.4
-1.35143 3.4
-1.35118 3.3
-1.35094 3.3
-1.3507 3.2
-1.35045 3.1
-1.35021 3.0
-1.34996 2.9
-1.34972 2.8
-1.34948 2.7
-1.34923 2.5
-1.34899 2.4
-1.34874 2.3
-1.3485 2.1
-1.34826 2.0
-1.34801 1.8
-1.34777 1.6
-1.34752 1.4
-1.34728 1.3
-1.34703 1.1
-1.34679 0.9
-1.34655 0.7
-1.3463 0.5
-1.34606 0.3
-1.34581 0.1
-1.34557 0.0
-1.34533 -0.3
-1.34508 -0.5
-1.34484 -0.7
-1.34459 -0.9
-1.34435 -1.0
-1.3441 -1.2
-1.34386 -1.4
-1.34362 -1.6
-1.34337 -1.8
-1.34313 -1.9
-1.34288 -2.1
-1.34264 -2.2
-1.3424 -2.4
-1.34215 -2.5
-1.34191 -2.7
-1.34166 -2.8
-1.34142 -2.9
-1.34118 -3.0
-1.34093 -3.1
-1.34069 -3.2
-1.34044 -3.2
-1.3402 -3.3
-1.33995 -3.4
-1.33971 -3.4
-1.33947 -3.4
-1.33922 -3.5
-1.33898 -3.5
-1.33873 -3.5
-1.33849 -3.4
-1.33825 -3.4
-1.338 -3.4
-1.33776 -3.3
-1.33751 -3.3
-1.33727 -3.2
-1.33702 -3.1
-1.33678 -3.0
-1.33654 -2.9
-1.33629 -2.8
-1.33605 -2.7
-1.3358 -2.6
-1.33556 -2.5
-1.33532 -2.3
-1.33507 -2.2
-1.33483 -2.0
-1.33458 -1.8
-1.33434 -1.7
-1.3341 -1.5
-1.33385 -1.3
-1.33361 -1.1
-1.33336 -0.9
-1.33312 -0.8
-1.33287 -0.6
-1.33263 -0.4
-1.33239 -0.2
-1.33214 0.0
-1.3319 0.2
-1.33165 0.4
-1.33141 0.6
-1.33117 0.8
-1.33092 1.0
-1.33068 1.2
-1.33043 1.4
-1.33019 1.5
-1.32994 1.7
-1.3297 1.9
-1.32946 2.1
-1.32921 2.2
-1.32897 2.4
-1.32872 2.5
-1.32848 2.6
-1.32824 2.8
-1.32799 2.9
-1.32775 3.0
-1.3275 3.1
-1.32726 3.2
-1.32701 3.2
-1.32677 3.3
-1.32653 3.4
-1.32628 3.4
-1.32604 3.4
-1.32579 3.5
-1.32555 3.5
-1.32531 3.5
-1.32506 3.5
-1.32482 3.4
-1.32457 3.4
-1.32433 3.4
-1.32409 3.3
-1.32384 3.2
-1.3236 3.2
-1.32335 3.1
-1.32311 3.0
-1.32286 2.9
-1.32262 2.7
-1.32238 2.6
-1.32213 2.5
-1.32189 2.3
-1.32164 2.2
-1.3214 2.0
-1.32116 1.9
-1.32091 1.7
-1.32067 1.5
-1.32042 1.3
-1.32018 1.2
-1.31993 1.0
-1.31969 0.8
-1.31945 0.6
-1.3192 0.4
-1.31896 0.2
-1.31871 0.0
-1.31847 -0.2
-1.31823 -0.4
-1.31798 -0.6
-1.31774 -0.8
-1.31749 -1.0
-1.31725 -1.2
-1.31701 -1.4
-1.31676 -1.5
-1.31652 -1.7
-1.31627 -1.9
-1.31603 -2.1
-1.31578 -2.2
-1.31554 -2.4
-1.3153 -2.5
-1.31505 -2.6
-1.31481 -2.8
-1.31456 -2.9
-1.31432 -3.0
-1.31408 -3.1
-1.31383 -3.2
-1.31359 -3.2
-1.31334 -3.3
-1.3131 -3.4
-1.31285 -3.4
-1.31261 -3.4
-1.31237 -3.5
-1.31212 -3.5
-1.31188 -3.5
-1.31163 -3.5
-1.31139 -3.4
-1.31115 -3.4
-1.3109 -3.4
-1.31066 -3.3
-1.31041 -3.2
-1.31017 -3.2
-1.30993 -3.1
-1.30968 -3.0
-1.30944 -2.9
-1.30919 -2.7
-1.30895 -2.6
-1.3087 -2.5
-1.30846 -2.3
-1.30822 -2.2
-1.30797 -2.0
-1.30773 -1.9
-1.30748 -1.7
-1.30724 -1.5
-1.307 -1.3
-1.30675 -1.1
-1.30651 -0.9
-1.30626 -0.7
-1.30602 -0.6
-1.30577 -0.4
-1.30553 -0.2
-1.30529 0.0
-1.30504 0.2
-1.3048 0.4
-1.30455 0.6
-1.30431 0.8
-1.30407 1.0
-1.30382 1.2
-1.30358 1.4
-1.30333 1.6
-1.30309 1.8
-1.30285 1.9
-1.3026 2.1
-1.30236 2.2
-1.30211 2.4
-1.30187 2.5
-1.30162 2.7
-1.30138 2.8
-1.30114 2.9
-1.30089 3.0
-1.30065 3.1
-1.3004 3.2
-1.30016 3.3
-1.29992 3.3
-1.29967 3.4
-1.29943 3.4
-1.29918 3.5
-1.29894 3.5
-1.29869 3.5
-1.29845 3.5
-1.29821 3.5
-1.29796 3.4
-1.29772 3.4
-1.29747 3.4
-1.29723 3.3
-1.29699 3.2
-1.29674 3.1
-1.2965 3.0
-1.29625 2.9
-1.29601 2.8
-1.29576 2.7
-1.29552 2.6
-1.29528 2.4
-1.29503 2.3
-1.29479 2.1
-1.29454 2.0
-1.2943 1.8
-1.29406 1.6
-1.29381 1.4
-1.29357 1.3
-1.29332 1.1
-1.29308 0.9
-1.29284 0.7
-1.29259 0.5
-1.29235 0.3
-1.2921 0.0
-1.29186 -0.1
-1.29161 -0.3
-1.29137 -0.5
-1.29113 -0.7
-1.29088 -0.9
-1.29064 -1.1
-1.29039 -1.3
-1.29015 -1.5
-1.28991 -1.7
-1.28966 -1.8
-1.28942 -2.0
-1.28917 -2.2
-1.28893 -2.3
-1.28868 -2.5
-1.28844 -2.6
-1.2882 -2.7
-1.28795 -2.9
-1.28771 -3.0
-1.28746 -3.1
-1.28722 -3.2
-1.28698 -3.2
-1.28673 -3.3
-1.28649 -3.4
-1.28624 -3.4
-1.286 -3.5
-1.28576 -3.5
-1.28551 -3.5
-1.28527 -3.5
-1.28502 -3.5
-1.28478 -3.5
-1.28453 -3.4
-1.28429 -3.4
-1.28405 -3.3
-1.2838 -3.3
-1.28356 -3.2
-1.28331 -3.1
-1.28307 -3.0
-1.28283 -2.9
-1.28258 -2.8
-1.28234 -2.6
-1.28209 -2.5
-1.28185 -2.4
-1.2816 -2.2
-1.28136 -2.1
-1.28112 -1.9
-1.28087 -1.7
-1.28063 -1.5
-1.28038 -1.4
-1.28014 -1.2
-1.2799 -1.0
-1.27965 -0.8
-1.27941 -0.6
-1.27916 -0.4
-1.27892 -0.2
-1.27868 0.0
-1.27843 0.2
-1.27819 0.4
-1.27794 0.6
-1.2777 0.8
-1.27745 1.0
-1.27721 1.2
-1.27697 1.4
-1.27672 1.6
-1.27648 1.8
-1.27623 1.9
-1.27599 2.1
-1.27575 2.3
-1.2755 2.4
-1.27526 2.6
-1.27501 2.7
-1.27477 2.8
-1.27452 2.9
-1.27428 3.0
-1.27404 3.1
-1.27379 3.2
-1.27355 3.3
-1.2733 3.4
-1.27306 3.4
-1.27282 3.4
-1.27257 3.5
-1.27233 3.5
-1.27208 3.5
-1.27184 3.5
-1.2716 3.5
-1.27135 3.5
-1.27111 3.4
-1.27086 3.4
-1.27062 3.3
-1.27037 3.2
-1.27013 3.1
-1.26989 3.0
-1.26964 2.9
-1.2694 2.8
-1.26915 2.7
-1.26891 2.6
-1.26867 2.4
-1.26842 2.3
-1.26818 2.1
-1.26793 1.9
-1.26769 1.8
-1.26744 1.6
-1.2672 1.4
-1.26696 1.2
-1.26671 1.0
-1.26647 0.8
-1.26622 0.6
-1.26598 0.4
-1.26574 0.2
-1.26549 0.0
-1.26525 -0.2
-1.265 -0.4
-1.26476 -0.6
-1.26451 -0.8
-1.26427 -1.0
-1.26403 -1.2
-1.26378 -1.4
-1.26354 -1.5
-1.26329 -1.7
-1.26305 -1.9
-1.26281 -2.1
-1.26256 -2.2
-1.26232 -2.4
-1.26207 -2.5
-1.26183 -2.7
-1.26159 -2.8
-1.26134 -2.9
-1.2611 -3.0
-1.26085 -3.1
-1.26061 -3.2
-1.26036 -3.3
-1.26012 -3.4
-1.25988 -3.4
-1.25963 -3.5
-1.25939 -3.5
-1.25914 -3.5
-1.2589 -3.5
-1.25866 -3.5
-1.25841 -3.5
-1.25817 -3.5
-1.25792 -3.4
-1.25768 -3.4
-1.25743 -3.3
-1.25719 -3.2
-1.25695 -3.2
-1.2567 -3.1
-1.25646 -3.0
-1.25621 -2.8
-1.25597 -2.7
-1.25573 -2.6
-1.25548 -2.4
-1.25524 -2.3
-1.25499 -2.1
-1.25475 -2.0
-1.25451 -1.8
-1.25426 -1.6
-1.25402 -1.4
-1.25377 -1.2
-1.25353 -1.0
-1.25328 -0.8
-1.25304 -0.6
-1.2528 -0.4
-1.25255 -0.2
-1.25231 0.0
-1.25206 0.2
-1.25182 0.4
-1.25158 0.6
-1.25133 0.8
-1.25109 1.0
-1.25084 1.2
-1.2506 1.4
-1.25035 1.6
-1.25011 1.7
-1.24987 1.9
-1.24962 2.1
-1.24938 2.2
-1.24913 2.4
-1.24889 2.5
-1.24865 2.7
-1.2484 2.8
-1.24816 2.9
-1.24791 3.0
-1.24767 3.1
-1.24743 3.2
-1.24718 3.3
-1.24694 3.4
-1.24669 3.4
-1.24645 3.5
-1.2462 3.5
-1.24596 3.5
-1.24572 3.5
-1.24547 3.5
-1.24523 3.5
-1.24498 3.5
-1.24474 3.4
-1.2445 3.4
-1.24425 3.3
-1.24401 3.2
-1.24376 3.2
-1.24352 3.1
-1.24327 2.9
-1.24303 2.8
-1.24279 2.7
-1.24254 2.6
-1.2423 2.4
-1.24205 2.3
-1.24181 2.1
-1.24157 1.9
-1.24132 1.8
-1.24108 1.6
-1.24083 1.4
-1.24059 1.2
-1.24035 1.0
-1.2401 0.8
-1.23986 0.6
-1.23961 0.4
-1.23937 0.2
-1.23912 0.0
-1.23888 -0.2
-1.23864 -0.4
-1.23839 -0.6
-1.23815 -0.8
-1.2379 -1.0
-1.23766 -1.2
-1.23742 -1.4
-1.23717 -1.6
-1.23693 -1.8
-1.23668 -1.9
-1.23644 -2.1
-1.23619 -2.3
-1.23595 -2.4
-1.23571 -2.6
-1.23546 -2.7
-1.23522 -2.8
-1.23497 -3.0
-1.23473 -3.1
-1.23449 -3.2
-1.23424 -3.2
-1.234 -3.3
-1.23375 -3.4
-1.23351 -3.4
-1.23326 -3.5
-1.23302 -3.5
-1.23278 -3.5
-1.23253 -3.5
-1.23229 -3.5
-1.23204 -3.5
-1.2318 -3.5
-1.23156 -3.4
-1.23131 -3.4
-1.23107 -3.3
-1.23082 -3.2
-1.23058 -3.1
-1.23034 -3.0
-1.23009 -2.9
-1.22985 -2.8
-1.2296 -2.7
-1.22936 -2.5
-1.22911 -2.4
-1.22887 -2.2
-1.22863 -2.1
-1.22838 -1.9
-1.22814 -1.7
-1.22789 -1.5
-1.22765 -1.3
-1.22741 -1.1
-1.22716 -0.9
-1.22692 -0.7
-1.22667 -0.5
-1.22643 -0.3
-1.22618 -0.1
-1.22594 0.0
-1.2257 0.3
-1.22545 0.5
-1.22521 0.7
-1.22496 0.9
-1.22472 1.1
-1.22448 1.3
-1.22423 1.5
-1.22399 1.7
-1.22374 1.8
-1.2235 2.0
-1.22326 2.2
-1.22301 2.3
-1.22277 2.5
-1.22252 2.6
-1.22228 2.8
-1.22203 2.9
-1.22179 3.0
-1.22155 3.1
-1.2213 3.2
-1.22106 3.3
-1.22081 3.4
-1.22057 3.4
-1.22033 3.5
-1.22008 3.5
-1.21984 3.5
-1.21959 3.5
-1.21935 3.5
-1.2191 3.5
-1.21886 3.5
-1.21862 3.5
-1.21837 3.4
-1.21813 3.3
-1.21788 3.3
-1.21764 3.2
-1.2174 3.1
-1.21715 3.0
-1.21691 2.9
-1.21666 2.7
-1.21642 2.6
-1.21618 2.5
-1.21593 2.3
-1.21569 2.1
-1.21544 2.0
-1.2152 1.8
-1.21495 1.6
-1.21471 1.4
-1.21447 1.2
-1.21422 1.0
-1.21398 0.8
-1.21373 0.6
-1.21349 0.4
-1.21325 0.2
-1.213 0.0
-1.21276 -0.2
-1.21251 -0.4
-1.21227 -0.6
-1.21202 -0.8
-1.21178 -1.0
-1.21154 -1.2
-1.21129 -1.4
-1.21105 -1.6
-1.2108 -1.8
-1.21056 -2.0
-1.21032 -2.1
-1.21007 -2.3
-1.20983 -2.5
-1.20958 -2.6
-1.20934 -2.7
-1.2091 -2.9
-1.20885 -3.0
-1.20861 -3.1
-1.20836 -3.2
-1.20812 -3.3
-1.20787 -3.3
-1.20763 -3.4
-1.20739 -3.5
-1.20714 -3.5
-1.2069 -3.5
-1.20665 -3.5
-1.20641 -3.5
-1.20617 -3.5
-1.20592 -3.5
-1.20568 -3.5
-1.20543 -3.4
-1.20519 -3.4
-1.20494 -3.3
-1.2047 -3.2
-1.20446 -3.1
-1.20421 -3.0
-1.20397 -2.9
-1.20372 -2.8
-1.20348 -2.6
-1.20324 -2.5
-1.20299 -2.4
-1.20275 -2.2
-1.2025 -2.0
-1.20226 -1.8
-1.20201 -1.7
-1.20177 -1.5
-1.20153 -1.3
-1.20128 -1.1
-1.20104 -0.9
-1.20079 -0.7
-1.20055 -0.5
-1.20031 -0.3
-1.20006 0.0
-1.19982 0.2
-1.19957 0.4
-1.19933 0.6
-1.19909 0.8
-1.19884 1.0
-1.1986 1.2
-1.19835 1.4
-1.19811 1.6
-1.19786 1.8
-1.19762 1.9
-1.19738 2.1
-1.19713 2.3
-1.19689 2.4
-1.19664 2.6
-1.1964 2.7
-1.19616 2.9
-1.19591 3.0
-1.19567 3.1
-1.19542 3.2
-1.19518 3.3
-1.19493 3.3
-1.19469 3.4
-1.19445 3.5
-1.1942 3.5
-1.19396 3.5
-1.19371 3.6
-1.19347 3.6
-1.19323 3.5
-1.19298 3.5
-1.19274 3.5
-1.19249 3.4
-1.19225 3.4
-1.19201 3.3
-1.19176 3.2
-1.19152 3.1
-1.19127 3.0
-1.19103 2.9
-1.19078 2.8
-1.19054 2.7
-1.1903 2.5
-1.19005 2.4
-1.18981 2.2
-1.18956 2.0
-1.18932 1.9
-1.18908 1.7
-1.18883 1.5
-1.18859 1.3
-1.18834 1.1
-1.1881 0.9
-1.18785 0.7
-1.18761 0.5
-1.18737 0.3
-1.18712 0.0
-1.18688 -0.2
-1.18663 -0.4
-1.18639 -0.6
-1.18615 -0.8
-1.1859 -1.0
-1.18566 -1.2
-1.18541 -1.4
-1.18517 -1.6
-1.18493 -1.8
-1.18468 -1.9
-1.18444 -2.1
-1.18419 -2.3
-1.18395 -2.4
-1.1837 -2.6
-1.18346 -2.7
-1.18322 -2.9
-1.18297 -3.0
-1.18273 -3.1
-1.18248 -3.2
-1.18224 -3.3
-1.182 -3.4
-1.18175 -3.4
-1.18151 -3.5
-1.18126 -3.5
-1.18102 -3.5
-1.18077 -3.6
-1.18053 -3.6
-1.18029 -3.6
-1.18004 -3.5
-1.1798 -3.5
-1.17955 -3.4
-1.17931 -3.4
-1.17907 -3.3
-1.17882 -3.2
-1.17858 -3.1
-1.17833 -3.0
-1.17809 -2.9
-1.17785 -2.8
-1.1776 -2.7
-1.17736 -2.5
-1.17711 -2.3
-1.17687 -2.2
-1.17662 -2.0
-1.17638 -1.8
-1.17614 -1.7
-1.17589 -1.5
-1.17565 -1.3
-1.1754 -1.1
-1.17516 -0.9
-1.17492 -0.6
-1.17467 -0.4
-1.17443 -0.2
-1.17418 0.0
-1.17394 0.2
-1.17369 0.4
-1.17345 0.6
-1.17321 0.8
-1.17296 1.0
-1.17272 1.2
-1.17247 1.4
-1.17223 1.6
-1.17199 1.8
-1.17174 2.0
-1.1715 2.2
-1.17125 2.3
-1.17101 2.5
-1.17076 2.6
-1.17052 2.8
-1.17028 2.9
-1.17003 3.0
-1.16979 3.1
-1.16954 3.2
-1.1693 3.3
-1.16906 3.4
-1.16881 3.5
-1.16857 3.5
-1.16832 3.5
-1.16808 3.6
-1.16784 3.6
-1.16759 3.6
-1.16735 3.6
-1.1671 3.5
-1.16686 3.5
-1.16661 3.4
-1.16637 3.4
-1.16613 3.3
-1.16588 3.2
-1.16564 3.1
-1.16539 3.0
-1.16515 2.9
-1.16491 2.7
-1.16466 2.6
-1.16442 2.5
-1.16417 2.3
-1.16393 2.1
-1.16368 2.0
-1.16344 1.8
-1.1632 1.6
-1.16295 1.4
-1.16271 1.2
-1.16246 1.0
-1.16222 0.8
-1.16198 0.6
-1.16173 0.4
-1.16149 0.1
-1.16124 0.0
-1.161 -0.3
-1.16076 -0.5
-1.16051 -0.7
-1.16027 -0.9
-1.16002 -1.1
-1.15978 -1.3
-1.15953 -1.5
-1.15929 -1.7
-1.15905 -1.9
-1.1588 -2.1
-1.15856 -2.2
-1.15831 -2.4
-1.15807 -2.6
-1.15783 -2.7
-1.15758 -2.8
-1.15734 -3.0
-1.15709 -3.1
-1.15685 -3.2
-1.1566 -3.3
-1.15636 -3.4
-1.15612 -3.4
-1.15587 -3.5
-1.15563 -3.5
-1.15538 -3.6
-1.15514 -3.6
-1.1549 -3.6
-1.15465 -3.6
-1.15441 -3.6
-1.15416 -3.5
-1.15392 -3.5
-1.15368 -3.4
-1.15343 -3.3
-1.15319 -3.3
-1.15294 -3.2
-1.1527 -3.1
-1.15245 -2.9
-1.15221 -2.8
-1.15197 -2.7
-1.15172 -2.5
-1.15148 -2.4
-1.15123 -2.2
-1.15099 -2.0
-1.15075 -1.9
-1.1505 -1.7
-1.15026 -1.5
-1.15001 -1.3
-1.14977 -1.1
-1.14952 -0.9
-1.14928 -0.7
-1.14904 -0.4
-1.14879 -0.2
-1.14855 0.0
-1.1483 0.2
-1.14806 0.4
-1.14782 0.6
-1.14757 0.8
-1.14733 1.1
-1.14708 1.3
-1.14684 1.5
-1.1466 1.7
-1.14635 1.8
-1.14611 2.0
-1.14586 2.2
-1.14562 2.4
-1.14537 2.5
-1.14513 2.7
-1.14489 2.8
-1.14464 2.9
-1.1444 3.1
-1.14415 3.2
-1.14391 3.3
-1.14367 3.3
-1.14342 3.4
-1.14318 3.5
-1.14293 3.5
-1.14269 3.6
-1.14244 3.6
-1.1422 3.6
-1.14196 3.6
-1.14171 3.6
-1.14147 3.5
-1.14122 3.5
-1.14098 3.4
-1.14074 3.4
-1.14049 3.3
-1.14025 3.2
-1.14 3.1
-1.13976 3.0
-1.13951 2.9
-1.13927 2.7
-1.13903 2.6
-1.13878 2.4
-1.13854 2.3
-1.13829 2.1
-1.13805 1.9
-1.13781 1.7
-1.13756 1.5
-1.13732 1.3
-1.13707 1.1
-1.13683 0.9
-1.13659 0.7
-1.13634 0.5
-1.1361 0.3
-1.13585 0.0
-1.13561 -0.2
-1.13536 -0.4
-1.13512 -0.6
-1.13488 -0.8
-1.13463 -1.0
-1.13439 -1.2
-1.13414 -1.4
-1.1339 -1.6
-1.13366 -1.8
-1.13341 -2.0
-1.13317 -2.2
-1.13292 -2.3
-1.13268 -2.5
-1.13243 -2.7
-1.13219 -2.8
-1.13195 -2.9
-1.1317 -3.1
-1.13146 -3.2
-1.13121 -3.3
-1.13097 -3.3
-1.13073 -3.4
-1.13048 -3.5
-1.13024 -3.5
-1.12999 -3.6
-1.12975 -3.6
-1.12951 -3.6
-1.12926 -3.6
-1.12902 -3.6
-1.12877 -3.6
-1.12853 -3.5
-1.12828 -3.5
-1.12804 -3.4
-1.1278 -3.3
-1.12755 -3.2
-1.12731 -3.1
-1.12706 -3.0
-1.12682 -2.9
-1.12658 -2.7
-1.12633 -2.6
-1.12609 -2.4
-1.12584 -2.3
-1.1256 -2.1
-1.12535 -1.9
-1.12511 -1.7
-1.12487 -1.5
-1.12462 -1.3
-1.12438 -1.1
-1.12413 -0.9
-1.12389 -0.7
-1.12365 -0.5
-1.1234 -0.3
-1.12316 0.0
-1.12291 0.2
-1.12267 0.4
-1.12243 0.6
-1.12218 0.8
-1.12194 1.0
-1.12169 1.2
-1.12145 1.4
-1.1212 1.6
-1.12096 1.8
-1.12072 2.0
-1.12047 2.2
-1.12023 2.4
-1.11998 2.5
-1.11974 2.7
-1.1195 2.8
-1.11925 3.0
-1.11901 3.1
-1.11876 3.2
-1.11852 3.3
-1.11827 3.4
-1.11803 3.4
-1.11779 3.5
-1.11754 3.5
-1.1173 3.6
-1.11705 3.6
-1.11681 3.6
-1.11657 3.6
-1.11632 3.6
-1.11608 3.6
-1.11583 3.5
-1.11559 3.5
-1.11535 3.4
-1.1151 3.3
-1.11486 3.2
-1.11461 3.1
-1.11437 3.0
-1.11412 2.8
-1.11388 2.7
-1.11364 2.6
-1.11339 2.4
-1.11315 2.2
-1.1129 2.1
-1.11266 1.9
-1.11242 1.7
-1.11217 1.5
-1.11193 1.3
-1.11168 1.1
-1.11144 0.9
-1.11119 0.6
-1.11095 0.4
-1.11071 0.2
-1.11046 0.0
-1.11022 -0.2
-1.10997 -0.5
-1.10973 -0.7
-1.10949 -0.9
-1.10924 -1.1
-1.109 -1.3
-1.10875 -1.5
-1.10851 -1.7
-1.10826 -1.9
-1.10802 -2.1
-1.10778 -2.3
-1.10753 -2.4
-1.10729 -2.6
-1.10704 -2.7
-1.1068 -2.9
-1.10656 -3.0
-1.10631 -3.1
-1.10607 -3.2
-1.10582 -3.3
-1.10558 -3.4
-1.10534 -3.5
-1.10509 -3.5
-1.10485 -3.6
-1.1046 -3.6
-1.10436 -3.6
-1.10411 -3.6
-1.10387 -3.6
-1.10363 -3.6
-1.10338 -3.5
-1.10314 -3.5
-1.10289 -3.4
-1.10265 -3.4
-1.10241 -3.3
-1.10216 -3.2
-1.10192 -3.1
-1.10167 -2.9
-1.10143 -2.8
-1.10118 -2.7
-1.10094 -2.5
-1.1007 -2.3
-1.10045 -2.2
-1.10021 -2.0
-1.09996 -1.8
-1.09972 -1.6
-1.09948 -1.4
-1.09923 -1.2
-1.09899 -1.0
-1.09874 -0.8
-1.0985 -0.5
-1.09826 -0.3
-1.09801 -0.1
-1.09777 0.1
-1.09752 0.3
-1.09728 0.6
-1.09703 0.8
-1.09679 1.0
-1.09655 1.2
-1.0963 1.4
-1.09606 1.6
-1.09581 1.8
-1.09557 2.0
-1.09533 2.2
-1.09508 2.3
-1.09484 2.5
-1.09459 2.7
-1.09435 2.8
-1.0941 2.9
-1.09386 3.1
-1.09362 3.2
-1.09337 3.3
-1.09313 3.4
-1.09288 3.4
-1.09264 3.5
-1.0924 3.6
-1.09215 3.6
-1.09191 3.6
-1.09166 3.6
-1.09142 3.6
-1.09118 3.6
-1.09093 3.6
-1.09069 3.5
-1.09044 3.5
-1.0902 3.4
-1.08995 3.3
-1.08971 3.2
-1.08947 3.1
-1.08922 3.0
-1.08898 2.9
-1.08873 2.7
-1.08849 2.6
-1.08825 2.4
-1.088 2.2
-1.08776 2.1
-1.08751 1.9
-1.08727 1.7
-1.08702 1.5
-1.08678 1.3
-1.08654 1.1
-1.08629 0.8
-1.08605 0.6
-1.0858 0.4
-1.08556 0.2
-1.08532 0.0
-1.08507 -0.3
-1.08483 -0.5
-1.08458 -0.7
-1.08434 -0.9
-1.0841 -1.1
-1.08385 -1.3
-1.08361 -1.6
-1.08336 -1.8
-1.08312 -1.9
-1.08287 -2.1
-1.08263 -2.3
-1.08239 -2.5
-1.08214 -2.6
-1.0819 -2.8
-1.08165 -2.9
-1.08141 -3.0
-1.08117 -3.2
-1.08092 -3.3
-1.08068 -3.4
-1.08043 -3.4
-1.08019 -3.5
-1.07994 -3.6
-1.0797 -3.6
-1.07946 -3.6
-1.07921 -3.6
-1.07897 -3.6
-1.07872 -3.6
-1.07848 -3.6
-1.07824 -3.6
-1.07799 -3.5
-1.07775 -3.4
-1.0775 -3.3
-1.07726 -3.3
-1.07701 -3.1
-1.07677 -3.0
-1.07653 -2.9
-1.07628 -2.8
-1.07604 -2.6
-1.07579 -2.4
-1.07555 -2.3
-1.07531 -2.1
-1.07506 -1.9
-1.07482 -1.7
-1.07457 -1.5
-1.07433 -1.3
-1.07409 -1.1
-1.07384 -0.9
-1.0736 -0.7
-1.07335 -0.4
-1.07311 -0.2
-1.07286 0.0
-1.07262 0.2
-1.07238 0.5
-1.07213 0.7
-1.07189 0.9
-1.07164 1.1
-1.0714 1.3
-1.07116 1.5
-1.07091 1.7
-1.07067 1.9
-1.07042 2.1
-1.07018 2.3
-1.06993 2.5
-1.06969 2.6
-1.06945 2.8
-1.0692 2.9
-1.06896 3.1
-1.06871 3.2
-1.06847 3.3
-1.06823 3.4
-1.06798 3.4
-1.06774 3.5
-1.06749 3.6
-1.06725 3.6
-1.06701 3.6
-1.06676 3.6
-1.06652 3.6
-1.06627 3.6
-1.06603 3.6
-1.06578 3.6
-1.06554 3.5
-1.0653 3.4
-1.06505 3.4
-1.06481 3.3
-1.06456 3.1
-1.06432 3.0
-1.06408 2.9
-1.06383 2.8
-1.06359 2.6
-1.06334 2.4
-1.0631 2.3
-1.06285 2.1
-1.06261 1.9
-1.06237 1.7
-1.06212 1.5
-1.06188 1.3
-1.06163 1.1
-1.06139 0.9
-1.06115 0.6
-1.0609 0.4
-1.06066 0.2
-1.06041 0.0
-1.06017 -0.3
-1.05993 -0.5
-1.05968 -0.7
-1.05944 -0.9
-1.05919 -1.1
-1.05895 -1.4
-1.0587 -1.6
-1.05846 -1.8
-1.05822 -2.0
-1.05797 -2.2
-1.05773 -2.3
-1.05748 -2.5
-1.05724 -2.7
-1.057 -2.8
-1.05675 -3.0
-1.05651 -3.1
-1.05626 -3.2
-1.05602 -3.3
-1.05577 -3.4
-1.05553 -3.5
-1.05529 -3.5
-1.05504 -3.6
-1.0548 -3.6
-1.05455 -3.6
-1.05431 -3.7
-1.05407 -3.7
-1.05382 -3.6
-1.05358 -3.6
-1.05333 -3.6
-1.05309 -3.5
-1.05285 -3.4
-1.0526 -3.3
-1.05236 -3.2
-1.05211 -3.1
-1.05187 -3.0
-1.05162 -2.9
-1.05138 -2.7
-1.05114 -2.6
-1.05089 -2.4
-1.05065 -2.2
-1.0504 -2.0
-1.05016 -1.8
-1.04992 -1.6
-1.04967 -1.4
-1.04943 -1.2
-1.04918 -1.0
-1.04894 -0.8
-1.04869 -0.6
-1.04845 -0.3
-1.04821 -0.1
-1.04796 0.1
-1.04772 0.3
-1.04747 0.6
-1.04723 0.8
-1.04699 1.0
-1.04674 1.2
-1.0465 1.4
-1.04625 1.6
-1.04601 1.8
-1.04576 2.0
-1.04552 2.2
-1.04528 2.4
-1.04503 2.6
-1.04479 2.7
-1.04454 2.9
-1.0443 3.0
-1.04406 3.1
-1.04381 3.2
-1.04357 3.3
-1.04332 3.4
-1.04308 3.5
-1.04284 3.6
-1.04259 3.6
-1.04235 3.6
-1.0421 3.7
-1.04186 3.7
-1.04161 3.7
-1.04137 3.6
-1.04113 3.6
-1.04088 3.5
-1.04064 3.5
-1.04039 3.4
-1.04015 3.3
-1.03991 3.2
-1.03966 3.1
-1.03942 3.0
-1.03917 2.8
-1.03893 2.7
-1.03868 2.5
-1.03844 2.3
-1.0382 2.1
-1.03795 2.0
-1.03771 1.8
-1.03746 1.6
-1.03722 1.3
-1.03698 1.1
-1.03673 0.9
-1.03649 0.7
-1.03624 0.5
-1.036 0.2
-1.03576 0.0
-1.03551 -0.2
-1.03527 -0.5
-1.03502 -0.7
-1.03478 -0.9
-1.03453 -1.1
-1.03429 -1.3
-1.03405 -1.6
-1.0338 -1.8
-1.03356 -2.0
-1.03331 -2.1
-1.03307 -2.3
-1.03283 -2.5
-1.03258 -2.7
-1.03234 -2.8
-1.03209 -3.0
-1.03185 -3.1
-1.0316 -3.2
-1.03136 -3.3
-1.03112 -3.4
-1.03087 -3.5
-1.03063 -3.6
-1.03038 -3.6
-1.03014 -3.6
-1.0299 -3.7
-1.02965 -3.7
-1.02941 -3.7
-1.02916 -3.7
-1.02892 -3.6
-1.02868 -3.6
-1.02843 -3.5
-1.02819 -3.4
-1.02794 -3.3
-1.0277 -3.2
-1.02745 -3.1
-1.02721 -3.0
-1.02697 -2.9
-1.02672 -2.7
-1.02648 -2.6
-1.02623 -2.4
-1.02599 -2.2
-1.02575 -2.0
-1.0255 -1.8
-1.02526 -1.6
-1.02501 -1.4
-1.02477 -1.2
-1.02452 -1.0
-1.02428 -0.7
-1.02404 -0.5
-1.02379 -0.3
-1.02355 0.0
-1.0233 0.2
-1.02306 0.4
-1.02282 0.6
-1.02257 0.9
-1.02233 1.1
-1.02208 1.3
-1.02184 1.5
-1.0216 1.7
-1.02135 1.9
-1.02111 2.1
-1.02086 2.3
-1.02062 2.5
-1.02037 2.6
-1.02013 2.8
-1.01989 2.9
-1.01964 3.1
-1.0194 3.2
-1.01915 3.3
-1.01891 3.4
-1.01867 3.5
-1.01842 3.6
-1.01818 3.6
-1.01793 3.7
-1.01769 3.7
-1.01744 3.7
-1.0172 3.7
-1.01696 3.7
-1.01671 3.6
-1.01647 3.6
-1.01622 3.5
-1.01598 3.5
-1.01574 3.4
-1.01549 3.3
-1.01525 3.2
-1.015 3.0
-1.01476 2.9
-1.01451 2.7
-1.01427 2.6
-1.01403 2.4
-1.01378 2.2
-1.01354 2.0
-1.01329 1.8
-1.01305 1.6
-1.01281 1.4
-1.01256 1.2
-1.01232 1.0
-1.01207 0.8
-1.01183 0.5
-1.01159 0.3
-1.01134 0.0
-1.0111 -0.2
-1.01085 -0.4
-1.01061 -0.6
-1.01036 -0.9
-1.01012 -1.1
-1.00988 -1.3
-1.00963 -1.5
-1.00939 -1.7
-1.00914 -1.9
-1.0089 -2.1
-1.00866 -2.3
-1.00841 -2.5
-1.00817 -2.7
-1.00792 -2.8
-1.00768 -3.0
-1.00743 -3.1
-1.00719 -3.2
-1.00695 -3.3
-1.0067 -3.4
-1.00646 -3.5
-1.00621 -3.6
-1.00597 -3.6
-1.00573 -3.7
-1.00548 -3.7
-1.00524 -3.7
-1.00499 -3.7
-1.00475 -3.7
-1.00451 -3.6
-1.00426 -3.6
-1.00402 -3.5
-1.00377 -3.5
-1.00353 -3.4
-1.00328 -3.3
-1.00304 -3.2
-1.0028 -3.0
-1.00255 -2.9
-1.00231 -2.7
-1.00206 -2.6
-1.00182 -2.4
-1.00158 -2.2
-1.00133 -2.0
-1.00109 -1.8
-1.00084 -1.6
-1.0006 -1.4
-1.00035 -1.2
-1.00011 -1.0
-0.99987 -0.7
-0.99962 -0.5
-0.99938 -0.3
-0.99913 0.0
-0.99889 0.2
-0.99865 0.4
-0.9984 0.7
-0.99816 0.9
-0.99791 1.1
-0.99767 1.3
-0.99743 1.6
-0.99718 1.8
-0.99694 2.0
-0.99669 2.2
-0.99645 2.4
-0.9962 2.5
-0.99596 2.7
-0.99572 2.9
-0.99547 3.0
-0.99523 3.1
-0.99498 3.2
-0.99474 3.4
-0.9945 3.4
-0.99425 3.5
-0.99401 3.6
-0.99376 3.6
-0.99352 3.7
-0.99327 3.7
-0.99303 3.7
-0.99279 3.7
-0.99254 3.7
-0.9923 3.6
-0.99205 3.6
-0.99181 3.5
-0.99157 3.4
-0.99132 3.4
-0.99108 3.2
-0.99083 3.1
-0.99059 3.0
-0.99035 2.8
-0.9901 2.7
-0.98986 2.5
-0.98961 2.3
-0.98937 2.2
-0.98912 2.0
-0.98888 1.8
-0.98864 1.5
-0.98839 1.3
-0.98815 1.1
-0.9879 0.9
-0.98766 0.6
-0.98742 0.4
-0.98717 0.2
-0.98693 0.0
-0.98668 -0.3
-0.98644 -0.5
-0.98619 -0.8
-0.98595 -1.0
-0.98571 -1.2
-0.98546 -1.4
-0.98522 -1.7
-0.98497 -1.9
-0.98473 -2.1
-0.98449 -2.3
-0.98424 -2.4
-0.984 -2.6
-0.98375 -2.8
-0.98351 -2.9
-0.98326 -3.1
-0.98302 -3.2
-0.98278 -3.3
-0.98253 -3.4
-0.98229 -3.5
-0.98204 -3.6
-0.9818 -3.6
-0.98156 -3.7
-0.98131 -3.7
-0.98107 -3.7
-0.98082 -3.7
-0.98058 -3.7
-0.98034 -3.7
-0.98009 -3.6
-0.97985 -3.6
-0.9796 -3.5
-0.97936 -3.4
-0.97911 -3.3
-0.97887 -3.2
-0.97863 -3.1
-0.97838 -2.9
-0.97814 -2.8
-0.97789 -2.6
-0.97765 -2.4
-0.97741 -2.2
-0.97716 -2.0
-0.97692 -1.8
-0.97667 -1.6
-0.97643 -1.4
-0.97618 -1.2
-0.97594 -1.0
-0.9757 -0.7
-0.97545 -0.5
-0.97521 -0.3
-0.97496 0.0
-0.97472 0.2
-0.97448 0.4
-0.97423 0.7
-0.97399 0.9
-0.97374 1.1
-0.9735 1.4
-0.97326 1.6
-0.97301 1.8
-0.97277 2.0
-0.97252 2.2
-0.97228 2.4
-0.97203 2.6
-0.97179 2.7
-0.97155 2.9
-0.9713 3.0
-0.97106 3.2
-0.97081 3.3
-0.97057 3.4
-0.97033 3.5
-0.97008 3.6
-0.96984 3.6
-0.96959 3.7
-0.96935 3.7
-0.9691 3.7
-0.96886 3.7
-0.96862 3.7
-0.96837 3.7
-0.96813 3.7
-0.96788 3.6
-0.96764 3.5
-0.9674 3.4
-0.96715 3.3
-0.96691 3.2
-0.96666 3.1
-0.96642 3.0
-0.96618 2.8
-0.96593 2.6
-0.96569 2.5
-0.96544 2.3
-0.9652 2.1
-0.96495 1.9
-0.96471 1.7
-0.96447 1.5
-0.96422 1.2
-0.96398 1.0
-0.96373 0.8
-0.96349 0.6
-0.96325 0.3
-0.963 0.0
-0.96276 -0.2
-0.96251 -0.4
-0.96227 -0.6
-0.96202 -0.9
-0.96178 -1.1
-0.96154 -1.3
-0.96129 -1.6
-0.96105 -1.8
-0.9608 -2.0
-0.96056 -2.2
-0.96032 -2.4
-0.96007 -2.5
-0.95983 -2.7
-0.95958 -2.9
-0.95934 -3.0
-0.9591 -3.2
-0.95885 -3.3
-0.95861 -3.4
-0.95836 -3.5
-0.95812 -3.6
-0.95787 -3.6
-0.95763 -3.7
-0.95739 -3.7
-0.95714 -3.7
-0.9569 -3.7
-0.95665 -3.7
-0.95641 -3.7
-0.95617 -3.7
-0.95592 -3.6
-0.95568 -3.5
-0.95543 -3.5
-0.95519 -3.4
-0.95494 -3.2
-0.9547 -3.1
-0.95446 -3.0
-0.95421 -2.8
-0.95397 -2.7
-0.95372 -2.5
-0.95348 -2.3
-0.95324 -2.1
-0.95299 -1.9
-0.95275 -1.7
-0.9525 -1.5
-0.95226 -1.2
-0.95201 -1.0
-0.95177 -0.8
-0.95153 -0.5
-0.95128 -0.3
-0.95104 0.0
-0.95079 0.2
-0.95055 0.4
-0.95031 0.7
-0.95006 0.9
-0.94982 1.1
-0.94957 1.4
-0.94933 1.6
-0.94909 1.8
-0.94884 2.0
-0.9486 2.2
-0.94835 2.4
-0.94811 2.6
-0.94786 2.7
-0.94762 2.9
-0.94738 3.0
-0.94713 3.2
-0.94689 3.3
-0.94664 3.4
-0.9464 3.5
-0.94616 3.6
-0.94591 3.7
-0.94567 3.7
-0.94542 3.7
-0.94518 3.8
-0.94493 3.8
-0.94469 3.7
-0.94445 3.7
-0.9442 3.7
-0.94396 3.6
-0.94371 3.5
-0.94347 3.4
-0.94323 3.3
-0.94298 3.2
-0.94274 3.1
-0.94249 3.0
-0.94225 2.8
-0.94201 2.6
-0.94176 2.5
-0.94152 2.3
-0.94127 2.1
-0.94103 1.9
-0.94078 1.6
-0.94054 1.4
-0.9403 1.2
-0.94005 1.0
-0.93981 0.7
-0.93956 0.5
-0.93932 0.2
-0.93908 0.0
-0.93883 -0.2
-0.93859 -0.5
-0.93834 -0.7
-0.9381 -1.0
-0.93785 -1.2
-0.93761 -1.4
-0.93737 -1.6
-0.93712 -1.9
-0.93688 -2.1
-0.93663 -2.3
-0.93639 -2.5
-0.93615 -2.6
-0.9359 -2.8
-0.93566 -3.0
-0.93541 -3.1
-0.93517 -3.2
-0.93493 -3.4
-0.93468 -3.5
-0.93444 -3.5
-0.93419 -3.6
-0.93395 -3.7
-0.9337 -3.7
-0.93346 -3.8
-0.93322 -3.8
-0.93297 -3.8
-0.93273 -3.7
-0.93248 -3.7
-0.93224 -3.7
-0.932 -3.6
-0.93175 -3.5
-0.93151 -3.4
-0.93126 -3.3
-0.93102 -3.2
-0.93077 -3.0
-0.93053 -2.9
-0.93029 -2.7
-0.93004 -2.6
-0.9298 -2.4
-0.92955 -2.2
-0.92931 -2.0
-0.92907 -1.8
-0.92882 -1.5
-0.92858 -1.3
-0.92833 -1.1
-0.92809 -0.9
-0.92785 -0.6
-0.9276 -0.4
-0.92736 -0.1
-0.92711 0.1
-0.92687 0.4
-0.92662 0.6
-0.92638 0.8
-0.92614 1.1
-0.92589 1.3
-0.92565 1.5
-0.9254 1.8
-0.92516 2.0
-0.92492 2.2
-0.92467 2.4
-0.92443 2.6
-0.92418 2.7
-0.92394 2.9
-0.92369 3.1
-0.92345 3.2
-0.92321 3.3
-0.92296 3.4
-0.92272 3.5
-0.92247 3.6
-0.92223 3.7
-0.92199 3.7
-0.92174 3.8
-0.9215 3.8
-0.92125 3.8
-0.92101 3.8
-0.92076 3.7
-0.92052 3.7
-0.92028 3.6
-0.92003 3.6
-0.91979 3.5
-0.91954 3.4
-0.9193 3.2
-0.91906 3.1
-0.91881 3.0
-0.91857 2.8
-0.91832 2.6
-0.91808 2.4
-0.91784 2.3
-0.91759 2.1
-0.91735 1.8
-0.9171 1.6
-0.91686 1.4
-0.91661 1.2
-0.91637 0.9
-0.91613 0.7
-0.91588 0.4
-0.91564 0.2
-0.91539 0.0
-0.91515 -0.3
-0.91491 -0.5
-0.91466 -0.8
-0.91442 -1.0
-0.91417 -1.3
-0.91393 -1.5
-0.91368 -1.7
-0.91344 -1.9
-0.9132 -2.1
-0.91295 -2.3
-0.91271 -2.5
-0.91246 -2.7
-0.91222 -2.9
-0.91198 -3.0
-0.91173 -3.2
-0.91149 -3.3
-0.91124 -3.4
-0.911 -3.5
-0.91076 -3.6
-0.91051 -3.7
-0.91027 -3.7
-0.91002 -3.8
-0.90978 -3.8
-0.90953 -3.8
-0.90929 -3.8
-0.90905 -3.8
-0.9088 -3.7
-0.90856 -3.7
-0.90831 -3.6
-0.90807 -3.5
-0.90783 -3.4
-0.90758 -3.3
-0.90734 -3.1
-0.90709 -3.0
-0.90685 -2.8
-0.9066 -2.7
-0.90636 -2.5
-0.90612 -2.3
-0.90587 -2.1
-0.90563 -1.9
-0.90538 -1.7
-0.90514 -1.4
-0.9049 -1.2
-0.90465 -1.0
-0.90441 -0.7
-0.90416 -0.5
-0.90392 -0.2
-0.90368 0.0
-0.90343 0.3
-0.90319 0.5
-0.90294 0.8
-0.9027 1.0
-0.90245 1.3
-0.90221 1.5
-0.90197 1.7
-0.90172 1.9
-0.90148 2.1
-0.90123 2.3
-0.90099 2.5
-0.90075 2.7
-0.9005 2.9
-0.90026 3.0
-0.90001 3.2
-0.89977 3.3
-0.89952 3.4
-0.89928 3.5
-0.89904 3.6
-0.89879 3.7
-0.89855 3.7
-0.8983 3.8
-0.89806 3.8
-0.89782 3.8
-0.89757 3.8
-0.89733 3.8
-0.89708 3.7
-0.89684 3.7
-0.8966 3.6
-0.89635 3.5
-0.89611 3.4
-0.89586 3.3
-0.89562 3.1
-0.89537 3.0
-0.89513 2.8
-0.89489 2.7
-0.89464 2.5
-0.8944 2.3
-0.89415 2.1
-0.89391 1.9
-0.89367 1.6
-0.89342 1.4
-0.89318 1.2
-0.89293 0.9
-0.89269 0.7
-0.89244 0.4
-0.8922 0.2
-0.89196 0.0
-0.89171 -0.3
-0.89147 -0.6
-0.89122 -0.8
-0.89098 -1.1
-0.89074 -1.3
-0.89049 -1.5
-0.89025 -1.8
-0.89 -2.0
-0.88976 -2.2
-0.88951 -2.4
-0.88927 -2.6
-0.88903 -2.8
-0.88878 -2.9
-0.88854 -3.1
-0.88829 -3.2
-0.88805 -3.3
-0.88781 -3.5
-0.88756 -3.6
-0.88732 -3.6
-0.88707 -3.7
-0.88683 -3.8
-0.88659 -3.8
-0.88634 -3.8
-0.8861 -3.8
-0.88585 -3.8
-0.88561 -3.8
-0.88536 -3.7
-0.88512 -3.7
-0.88488 -3.6
-0.88463 -3.5
-0.88439 -3.4
-0.88414 -3.2
-0.8839 -3.1
-0.88366 -2.9
-0.88341 -2.8
-0.88317 -2.6
-0.88292 -2.4
-0.88268 -2.2
-0.88243 -2.0
-0.88219 -1.8
-0.88195 -1.6
-0.8817 -1.3
-0.88146 -1.1
-0.88121 -0.8
-0.88097 -0.6
-0.88073 -0.3
-0.88048 0.0
-0.88024 0.2
-0.87999 0.4
-0.87975 0.7
-0.87951 0.9
-0.87926 1.2
-0.87902 1.4
-0.87877 1.6
-0.87853 1.9
-0.87828 2.1
-0.87804 2.3
-0.8778 2.5
-0.87755 2.7
-0.87731 2.8
-0.87706 3.0
-0.87682 3.2
-0.87658 3.3
-0.87633 3.4
-0.87609 3.5
-0.87584 3.6
-0.8756 3.7
-0.87535 3.7
-0.87511 3.8
-0.87487 3.8
-0.87462 3.8
-0.87438 3.8
-0.87413 3.8
-0.87389 3.8
-0.87365 3.7
-0.8734 3.6
-0.87316 3.5
-0.87291 3.4
-0.87267 3.3
-0.87243 3.2
-0.87218 3.0
-0.87194 2.9
-0.87169 2.7
-0.87145 2.5
-0.8712 2.3
-0.87096 2.1
-0.87072 1.9
-0.87047 1.7
-0.87023 1.4
-0.86998 1.2
-0.86974 0.9
-0.8695 0.7
-0.86925 0.4
-0.86901 0.2
-0.86876 0.0
-0.86852 -0.3
-0.86827 -0.6
-0.86803 -0.8
-0.86779 -1.1
-0.86754 -1.3
-0.8673 -1.5
-0.86705 -1.8
-0.86681 -2.0
-0.86657 -2.2
-0.86632 -2.4
-0.86608 -2.6
-0.86583 -2.8
-0.86559 -3.0
-0.86535 -3.1
-0.8651 -3.3
-0.86486 -3.4
-0.86461 -3.5
-0.86437 -3.6
-0.86412 -3.7
-0.86388 -3.7
-0.86364 -3.8
-0.86339 -3.8
-0.86315 -3.8
-0.8629 -3.8
-0.86266 -3.8
-0.86242 -3.8
-0.86217 -3.7
-0.86193 -3.7
-0.86168 -3.6
-0.86144 -3.5
-0.86119 -3.4
-0.86095 -3.2
-0.86071 -3.1
-0.86046 -2.9
-0.86022 -2.7
-0.85997 -2.6
-0.85973 -2.4
-0.85949 -2.2
-0.85924 -1.9
-0.859 -1.7
-0.85875 -1.5
-0.85851 -1.2
-0.85826 -1.0
-0.85802 -0.7
-0.85778 -0.5
-0.85753 -0.2
-0.85729 0.0
-0.85704 0.3
-0.8568 0.5
-0.85656 0.8
-0.85631 1.0
-0.85607 1.3
-0.85582 1.5
-0.85558 1.8
-0.85534 2.0
-0.85509 2.2
-0.85485 2.4
-0.8546 2.6
-0.85436 2.8
-0.85411 2.9
-0.85387 3.1
-0.85363 3.3
-0.85338 3.4
-0.85314 3.5
-0.85289 3.6
-0.85265 3.7
-0.85241 3.7
-0.85216 3.8
-0.85192 3.8
-0.85167 3.8
-0.85143 3.8
-0.85118 3.8
-0.85094 3.8
-0.8507 3.7
-0.85045 3.7
-0.85021 3.6
-0.84996 3.5
-0.84972 3.4
-0.84948 3.2
-0.84923 3.1
-0.84899 2.9
-0.84874 2.7
-0.8485 2.6
-0.84826 2.4
-0.84801 2.2
-0.84777 1.9
-0.84752 1.7
-0.84728 1.5
-0.84703 1.2
-0.84679 1.0
-0.84655 0.7
-0.8463 0.5
-0.84606 0.2
-0.84581 0.0
-0.84557 -0.3
-0.84533 -0.5
-0.84508 -0.8
-0.84484 -1.1
-0.84459 -1.3
-0.84435 -1.5
-0.8441 -1.8
-0.84386 -2.0
-0.84362 -2.2
-0.84337 -2.4
-0.84313 -2.6
-0.84288 -2.8
-0.84264 -3.0
-0.8424 -3.1
-0.84215 -3.3
-0.84191 -3.4
-0.84166 -3.5
-0.84142 -3.6
-0.84118 -3.7
-0.84093 -3.8
-0.84069 -3.8
-0.84044 -3.8
-0.8402 -3.9
-0.83995 -3.9
-0.83971 -3.8
-0.83947 -3.8
-0.83922 -3.7
-0.83898 -3.7
-0.83873 -3.6
-0.83849 -3.5
-0.83825 -3.3
-0.838 -3.2
-0.83776 -3.1
-0.83751 -2.9
-0.83727 -2.7
-0.83702 -2.5
-0.83678 -2.3
-0.83654 -2.1
-0.83629 -1.9
-0.83605 -1.7
-0.8358 -1.4
-0.83556 -1.2
-0.83532 -0.9
-0.83507 -0.7
-0.83483 -0.4
-0.83458 -0.2
-0.83434 0.1
-0.8341 0.4
-0.83385 0.6
-0.83361 0.9
-0.83336 1.1
-0.83312 1.4
-0.83287 1.6
-0.83263 1.9
-0.83239 2.1
-0.83214 2.3
-0.8319 2.5
-0.83165 2.7
-0.83141 2.9
-0.83117 3.0
-0.83092 3.2
-0.83068 3.3
-0.83043 3.5
-0.83019 3.6
-0.82994 3.7
-0.8297 3.7
-0.82946 3.8
-0.82921 3.8
-0.82897 3.9
-0.82872 3.9
-0.82848 3.9
-0.82824 3.8
-0.82799 3.8
-0.82775 3.7
-0.8275 3.6
-0.82726 3.5
-0.82701 3.4
-0.82677 3.3
-0.82653 3.2
-0.82628 3.0
-0.82604 2.8
-0.82579 2.6
-0.82555 2.4
-0.82531 2.2
-0.82506 2.0
-0.82482 1.8
-0.82457 1.6
-0.82433 1.3
-0.82409 1.1
-0.82384 0.8
-0.8236 0.5
-0.82335 0.3
-0.82311 0.0
-0.82286 -0.2
-0.82262 -0.5
-0.82238 -0.8
-0.82213 -1.0
-0.82189 -1.3
-0.82164 -1.5
-0.8214 -1.8
-0.82116 -2.0
-0.82091 -2.2
-0.82067 -2.4
-0.82042 -2.6
-0.82018 -2.8
-0.81993 -3.0
-0.81969 -3.1
-0.81945 -3.3
-0.8192 -3.4
-0.81896 -3.5
-0.81871 -3.6
-0.81847 -3.7
-0.81823 -3.8
-0.81798 -3.8
-0.81774 -3.9
-0.81749 -3.9
-0.81725 -3.9
-0.81701 -3.9
-0.81676 -3.8
-0.81652 -3.8
-0.81627 -3.7
-0.81603 -3.6
-0.81578 -3.5
-0.81554 -3.4
-0.8153 -3.2
-0.81505 -3.1
-0.81481 -2.9
-0.81456 -2.7
-0.81432 -2.5
-0.81408 -2.3
-0.81383 -2.1
-0.81359 -1.9
-0.81334 -1.6
-0.8131 -1.4
-0.81285 -1.1
-0.81261 -0.9
-0.81237 -0.6
-0.81212 -0.4
-0.81188 0.0
-0.81163 0.2
-0.81139 0.4
-0.81115 0.7
-0.8109 1.0
-0.81066 1.2
-0.81041 1.5
-0.81017 1.7
-0.80993 1.9
-0.80968 2.2
-0.80944 2.4
-0.80919 2.6
-0.80895 2.8
-0.8087 3.0
-0.80846 3.1
-0.80822 3.3
-0.80797 3.4
-0.80773 3.5
-0.80748 3.6
-0.80724 3.7
-0.807 3.8
-0.80675 3.8
-0.80651 3.9
-0.80626 3.9
-0.80602 3.9
-0.80577 3.9
-0.80553 3.8
-0.80529 3.8
-0.80504 3.7
-0.8048 3.6
-0.80455 3.5
-0.80431 3.4
-0.80407 3.2
-0.80382 3.1
-0.80358 2.9
-0.80333 2.7
-0.80309 2.5
-0.80285 2.3
-0.8026 2.1
-0.80236 1.9
-0.80211 1.6
-0.80187 1.4
-0.80162 1.2
-0.80138 0.9
-0.80114 0.6
-0.80089 0.4
-0.80065 0.1
-0.8004 -0.2
-0.80016 -0.4
-0.79992 -0.7
-0.79967 -1.0
-0.79943 -1.2
-0.79918 -1.5
-0.79894 -1.7
-0.79869 -1.9
-0.79845 -2.2
-0.79821 -2.4
-0.79796 -2.6
-0.79772 -2.8
-0.79747 -3.0
-0.79723 -3.1
-0.79699 -3.3
-0.79674 -3.4
-0.7965 -3.5
-0.79625 -3.7
-0.79601 -3.7
-0.79576 -3.8
-0.79552 -3.9
-0.79528 -3.9
-0.79503 -3.9
-0.79479 -3.9
-0.79454 -3.9
-0.7943 -3.8
-0.79406 -3.8
-0.79381 -3.7
-0.79357 -3.6
-0.79332 -3.5
-0.79308 -3.4
-0.79284 -3.2
-0.79259 -3.1
-0.79235 -2.9
-0.7921 -2.7
-0.79186 -2.5
-0.79161 -2.3
-0.79137 -2.1
-0.79113 -1.9
-0.79088 -1.6
-0.79064 -1.4
-0.79039 -1.1
-0.79015 -0.9
-0.78991 -0.6
-0.78966 -0.3
-0.78942 0.0
-0.78917 0.2
-0.78893 0.5
-0.78868 0.8
-0.78844 1.0
-0.7882 1.3
-0.78795 1.5
-0.78771 1.8
-0.78746 2.0
-0.78722 2.2
-0.78698 2.4
-0.78673 2.7
-0.78649 2.8
-0.78624 3.0
-0.786 3.2
-0.78576 3.3
-0.78551 3.5
-0.78527 3.6
-0.78502 3.7
-0.78478 3.8
-0.78453 3.8
-0.78429 3.9
-0.78405 3.9
-0.7838 3.9
-0.78356 3.9
-0.78331 3.9
-0.78307 3.8
-0.78283 3.8
-0.78258 3.7
-0.78234 3.6
-0.78209 3.5
-0.78185 3.3
-0.7816 3.2
-0.78136 3.0
-0.78112 2.8
-0.78087 2.7
-0.78063 2.4
-0.78038 2.2
-0.78014 2.0
-0.7799 1.8
-0.77965 1.5
-0.77941 1.3
-0.77916 1.0
-0.77892 0.7
-0.77868 0.5
-0.77843 0.2
-0.77819 0.0
-0.77794 -0.3
-0.7777 -0.6
-0.77745 -0.9
-0.77721 -1.1
-0.77697 -1.4
-0.77672 -1.6
-0.77648 -1.9
-0.77623 -2.1
-0.77599 -2.3
-0.77575 -2.6
-0.7755 -2.8
-0.77526 -2.9
-0.77501 -3.1
-0.77477 -3.3
-0.77452 -3.4
-0.77428 -3.5
-0.77404 -3.7
-0.77379 -3.7
-0.77355 -3.8
-0.7733 -3.9
-0.77306 -3.9
-0.77282 -3.9
-0.77257 -3.9
-0.77233 -3.9
-0.77208 -3.9
-0.77184 -3.8
-0.7716 -3.7
-0.77135 -3.6
-0.77111 -3.5
-0.77086 -3.4
-0.77062 -3.3
-0.77037 -3.1
-0.77013 -2.9
-0.76989 -2.7
-0.76964 -2.5
-0.7694 -2.3
-0.76915 -2.1
-0.76891 -1.9
-0.76867 -1.6
-0.76842 -1.4
-0.76818 -1.1
-0.76793 -0.8
-0.76769 -0.6
-0.76744 -0.3
-0.7672 0.0
-0.76696 0.2
-0.76671 0.5
-0.76647 0.8
-0.76622 1.1
-0.76598 1.3
-0.76574 1.6
-0.76549 1.8
-0.76525 2.1
-0.765 2.3
-0.76476 2.5
-0.76451 2.7
-0.76427 2.9
-0.76403 3.1
-0.76378 3.2
-0.76354 3.4
-0.76329 3.5
-0.76305 3.6
-0.76281 3.7
-0.76256 3.8
-0.76232 3.9
-0.76207 3.9
-0.76183 3.9
-0.76159 3.9
-0.76134 3.9
-0.7611 3.9
-0.76085 3.8
-0.76061 3.8
-0.76036 3.7
-0.76012 3.6
-0.75988 3.4
-0.75963 3.3
-0.75939 3.1
-0.75914 3.0
-0.7589 2.8
-0.75866 2.6
-0.75841 2.4
-0.75817 2.1
-0.75792 1.9
-0.75768 1.7
-0.75743 1.4
-0.75719 1.1
-0.75695 0.9
-0.7567 0.6
-0.75646 0.3
-0.75621 0.0
-0.75597 -0.2
-0.75573 -0.5
-0.75548 -0.8
-0.75524 -1.0
-0.75499 -1.3
-0.75475 -1.6
-0.75451 -1.8
-0.75426 -2.0
-0.75402 -2.3
-0.75377 -2.5
-0.75353 -2.7
-0.75328 -2.9
-0.75304 -3.1
-0.7528 -3.3
-0.75255 -3.4
-0.75231 -3.5
-0.75206 -3.7
-0.75182 -3.7
-0.75158 -3.8
-0.75133 -3.9
-0.75109 -3.9
-0.75084 -4.0
-0.7506 -4.0
-0.75035 -3.9
-0.75011 -3.9
-0.74987 -3.9
-0.74962 -3.8
-0.74938 -3.7
-0.74913 -3.6
-0.74889 -3.5
-0.74865 -3.3
-0.7484 -3.1
-0.74816 -3.0
-0.74791 -2.8
-0.74767 -2.6
-0.74743 -2.4
-0.74718 -2.1
-0.74694 -1.9
-0.74669 -1.6
-0.74645 -1.4
-0.7462 -1.1
-0.74596 -0.9
-0.74572 -0.6
-0.74547 -0.3
-0.74523 0.0
-0.74498 0.3
-0.74474 0.5
-0.7445 0.8
-0.74425 1.1
-0.74401 1.3
-0.74376 1.6
-0.74352 1.9
-0.74327 2.1
-0.74303 2.3
-0.74279 2.5
-0.74254 2.8
-0.7423 2.9
-0.74205 3.1
-0.74181 3.3
-0.74157 3.4
-0.74132 3.6
-0.74108 3.7
-0.74083 3.8
-0.74059 3.9
-0.74035 3.9
-0.7401 4.0
-0.73986 4.0
-0.73961 4.0
-0.73937 4.0
-0.73912 3.9
-0.73888 3.9
-0.73864 3.8
-0.73839 3.7
-0.73815 3.6
-0.7379 3.4
-0.73766 3.3
-0.73742 3.1
-0.73717 2.9
-0.73693 2.7
-0.73668 2.5
-0.73644 2.3
-0.73619 2.1
-0.73595 1.8
-0.73571 1.6
-0.73546 1.3
-0.73522 1.0
-0.73497 0.8
-0.73473 0.5
-0.73449 0.2
-0.73424 0.0
-0.734 -0.4
-0.73375 -0.6
-0.73351 -0.9
-0.73326 -1.2
-0.73302 -1.4
-0.73278 -1.7
-0.73253 -2.0
-0.73229 -2.2
-0.73204 -2.4
-0.7318 -2.6
-0.73156 -2.8
-0.73131 -3.0
-0.73107 -3.2
-0.73082 -3.4
-0.73058 -3.5
-0.73034 -3.6
-0.73009 -3.7
-0.72985 -3.8
-0.7296 -3.9
-0.72936 -3.9
-0.72911 -4.0
-0.72887 -4.0
-0.72863 -4.0
-0.72838 -3.9
-0.72814 -3.9
-0.72789 -3.8
-0.72765 -3.7
-0.72741 -3.6
-0.72716 -3.5
-0.72692 -3.4
-0.72667 -3.2
-0.72643 -3.0
-0.72618 -2.8
-0.72594 -2.6
-0.7257 -2.4
-0.72545 -2.2
-0.72521 -1.9
-0.72496 -1.7
-0.72472 -1.4
-0.72448 -1.2
-0.72423 -0.9
-0.72399 -0.6
-0.72374 -0.3
-0.7235 0.0
-0.72326 0.2
-0.72301 0.5
-0.72277 0.8
-0.72252 1.1
-0.72228 1.4
-0.72203 1.6
-0.72179 1.9
-0.72155 2.1
-0.7213 2.4
-0.72106 2.6
-0.72081 2.8
-0.72057 3.0
-0.72033 3.2
-0.72008 3.3
-0.71984 3.5
-0.71959 3.6
-0.71935 3.7
-0.7191 3.8
-0.71886 3.9
-0.71862 4.0
-0.71837 4.0
-0.71813 4.0
-0.71788 4.0
-0.71764 4.0
-0.7174 3.9
-0.71715 3.9
-0.71691 3.8
-0.71666 3.7
-0.71642 3.6
-0.71618 3.4
-0.71593 3.3
-0.71569 3.1
-0.71544 2.9
-0.7152 2.7
-0.71495 2.5
-0.71471 2.2
-0.71447 2.0
-0.71422 1.7
-0.71398 1.5
-0.71373 1.2
-0.71349 0.9
-0.71325 0.7
-0.713 0.4
-0.71276 0.0
-0.71251 -0.2
-0.71227 -0.5
-0.71202 -0.8
-0.71178 -1.0
-0.71154 -1.3
-0.71129 -1.6
-0.71105 -1.8
-0.7108 -2.1
-0.71056 -2.3
-0.71032 -2.6
-0.71007 -2.8
-0.70983 -3.0
-0.70958 -3.2
-0.70934 -3.3
-0.7091 -3.5
-0.70885 -3.6
-0.70861 -3.7
-0.70836 -3.8
-0.70812 -3.9
-0.70787 -4.0
-0.70763 -4.0
-0.70739 -4.0
-0.70714 -4.0
-0.7069 -4.0
-0.70665 -3.9
-0.70641 -3.9
-0.70617 -3.8
-0.70592 -3.7
-0.70568 -3.6
-0.70543 -3.4
-0.70519 -3.3
-0.70494 -3.1
-0.7047 -2.9
-0.70446 -2.7
-0.70421 -2.5
-0.70397 -2.2
-0.70372 -2.0
-0.70348 -1.7
-0.70324 -1.5
-0.70299 -1.2
-0.70275 -0.9
-0.7025 -0.6
-0.70226 -0.4
-0.70201 0.0
-0.70177 0.2
-0.70153 0.5
-0.70128 0.8
-0.70104 1.1
-0.70079 1.4
-0.70055 1.6
-0.70031 1.9
-0.70006 2.1
-0.69982 2.4
-0.69957 2.6
-0.69933 2.8
-0.69909 3.0
-0.69884 3.2
-0.6986 3.4
-0.69835 3.5
-0.69811 3.6
-0.69786 3.8
-0.69762 3.9
-0.69738 3.9
-0.69713 4.0
-0.69689 4.0
-0.69664 4.0
-0.6964 4.0
-0.69616 4.0
-0.69591 3.9
-0.69567 3.9
-0.69542 3.8
-0.69518 3.7
-0.69493 3.5
-0.69469 3.4
-0.69445 3.2
-0.6942 3.1
-0.69396 2.9
-0.69371 2.6
-0.69347 2.4
-0.69323 2.2
-0.69298 1.9
-0.69274 1.7
-0.69249 1.4
-0.69225 1.1
-0.69201 0.8
-0.69176 0.6
-0.69152 0.3
-0.69127 0.0
-0.69103 -0.3
-0.69078 -0.6
-0.69054 -0.9
-0.6903 -1.2
-0.69005 -1.4
-0.68981 -1.7
-0.68956 -2.0
-0.68932 -2.2
-0.68908 -2.5
-0.68883 -2.7
-0.68859 -2.9
-0.68834 -3.1
-0.6881 -3.3
-0.68785 -3.4
-0.68761 -3.6
-0.68737 -3.7
-0.68712 -3.8
-0.68688 -3.9
-0.68663 -4.0
-0.68639 -4.0
-0.68615 -4.0
-0.6859 -4.0
-0.68566 -4.0
-0.68541 -4.0
-0.68517 -3.9
-0.68493 -3.9
-0.68468 -3.8
-0.68444 -3.6
-0.68419 -3.5
-0.68395 -3.3
-0.6837 -3.2
-0.68346 -3.0
-0.68322 -2.8
-0.68297 -2.5
-0.68273 -2.3
-0.68248 -2.1
-0.68224 -1.8
-0.682 -1.5
-0.68175 -1.3
-0.68151 -1.0
-0.68126 -0.7
-0.68102 -0.4
-0.68077 -0.1
-0.68053 0.2
-0.68029 0.5
-0.68004 0.8
-0.6798 1.1
-0.67955 1.3
-0.67931 1.6
-0.67907 1.9
-0.67882 2.1
-0.67858 2.4
-0.67833 2.6
-0.67809 2.8
-0.67785 3.0
-0.6776 3.2
-0.67736 3.4
-0.67711 3.5
-0.67687 3.7
-0.67662 3.8
-0.67638 3.9
-0.67614 4.0
-0.67589 4.0
-0.67565 4.0
-0.6754 4.1
-0.67516 4.0
-0.67492 4.0
-0.67467 4.0
-0.67443 3.9
-0.67418 3.8
-0.67394 3.7
-0.67369 3.5
-0.67345 3.4
-0.67321 3.2
-0.67296 3.0
-0.67272 2.8
-0.67247 2.6
-0.67223 2.4
-0.67199 2.1
-0.67174 1.9
-0.6715 1.6
-0.67125 1.3
-0.67101 1.1
-0.67076 0.8
-0.67052 0.5
-0.67028 0.2
-0.67003 -0.1
-0.66979 -0.4
-0.66954 -0.7
-0.6693 -1.0
-0.66906 -1.3
-0.66881 -1.6
-0.66857 -1.8
-0.66832 -2.1
-0.66808 -2.3
-0.66784 -2.6
-0.66759 -2.8
-0.66735 -3.0
-0.6671 -3.2
-0.66686 -3.4
-0.66661 -3.5
-0.66637 -3.7
-0.66613 -3.8
-0.66588 -3.9
-0.66564 -4.0
-0.66539 -4.0
-0.66515 -4.1
-0.66491 -4.1
-0.66466 -4.1
-0.66442 -4.0
-0.66417 -4.0
-0.66393 -3.9
-0.66368 -3.8
-0.66344 -3.7
-0.6632 -3.6
-0.66295 -3.4
-0.66271 -3.2
-0.66246 -3.1
-0.66222 -2.8
-0.66198 -2.6
-0.66173 -2.4
-0.66149 -2.1
-0.66124 -1.9
-0.661 -1.6
-0.66076 -1.3
-0.66051 -1.1
-0.66027 -0.8
-0.66002 -0.5
-0.65978 -0.2
-0.65953 0.1
-0.65929 0.4
-0.65905 0.7
-0.6588 1.0
-0.65856 1.3
-0.65831 1.6
-0.65807 1.9
-0.65783 2.1
-0.65758 2.4
-0.65734 2.6
-0.65709 2.8
-0.65685 3.0
-0.6566 3.2
-0.65636 3.4
-0.65612 3.6
-0.65587 3.7
-0.65563 3.8
-0.65538 3.9
-0.65514 4.0
-0.6549 4.0
-0.65465 4.1
-0.65441 4.1
-0.65416 4.1
-0.65392 4.0
-0.65368 4.0
-0.65343 3.9
-0.65319 3.8
-0.65294 3.7
-0.6527 3.6
-0.65245 3.4
-0.65221 3.2
-0.65197 3.0
-0.65172 2.8
-0.65148 2.6
-0.65123 2.3
-0.65099 2.1
-0.65075 1.8
-0.6505 1.6
-0.65026 1.3
-0.65001 1.0
-0.64977 0.7
-0.64952 0.4
-0.64928 0.0
-0.64904 -0.2
-0.64879 -0.5
-0.64855 -0.8
-0.6483 -1.1
-0.64806 -1.4
-0.64782 -1.7
-0.64757 -1.9
-0.64733 -2.2
-0.64708 -2.5
-0.64684 -2.7
-0.6466 -2.9
-0.64635 -3.1
-0.64611 -3.3
-0.64586 -3.5
-0.64562 -3.6
-0.64537 -3.8
-0.64513 -3.9
-0.64489 -4.0
-0.64464 -4.0
-0.6444 -4.1
-0.64415 -4.1
-0.64391 -4.1
-0.64367 -4.1
-0.64342 -4.0
-0.64318 -4.0
-0.64293 -3.9
-0.64269 -3.8
-0.64244 -3.7
-0.6422 -3.5
-0.64196 -3.3
-0.64171 -3.1
-0.64147 -2.9
-0.64122 -2.7
-0.64098 -2.5
-0.64074 -2.2
-0.64049 -2.0
-0.64025 -1.7
-0.64 -1.4
-0.63976 -1.1
-0.63951 -0.8
-0.63927 -0.5
-0.63903 -0.2
-0.63878 0.0
-0.63854 0.4
-0.63829 0.7
-0.63805 1.0
-0.63781 1.3
-0.63756 1.6
-0.63732 1.8
-0.63707 2.1
-0.63683 2.4
-0.63659 2.6
-0.63634 2.8
-0.6361 3.0
-0.63585 3.2
-0.63561 3.4
-0.63536 3.6
-0.63512 3.7
-0.63488 3.8
-0.63463 3.9
-0.63439 4.0
-0.63414 4.1
-0.6339 4.1
-0.63366 4.1
-0.63341 4.1
-0.63317 4.1
-0.63292 4.0
-0.63268 3.9
-0.63243 3.8
-0.63219 3.7
-0.63195 3.6
-0.6317 3.4
-0.63146 3.2
-0.63121 3.0
-0.63097 2.8
-0.63073 2.6
-0.63048 2.3
-0.63024 2.1
-0.62999 1.8
-0.62975 1.5
-0.62951 1.2
-0.62926 0.9
-0.62902 0.6
-0.62877 0.3
-0.62853 0.0
-0.62828 -0.3
-0.62804 -0.6
-0.6278 -0.9
-0.62755 -1.2
-0.62731 -1.5
-0.62706 -1.8
-0.62682 -2.1
-0.62658 -2.3
-0.62633 -2.6
-0.62609 -2.8
-0.62584 -3.0
-0.6256 -3.2
-0.62535 -3.4
-0.62511 -3.6
-0.62487 -3.7
-0.62462 -3.8
-0.62438 -3.9
-0.62413 -4.0
-0.62389 -4.1
-0.62365 -4.1
-0.6234 -4.1
-0.62316 -4.1
-0.62291 -4.1
-0.62267 -4.0
-0.62243 -4.0
-0.62218 -3.9
-0.62194 -3.7
-0.62169 -3.6
-0.62145 -3.4
-0.6212 -3.2
-0.62096 -3.0
-0.62072 -2.8
-0.62047 -2.6
-0.62023 -2.3
-0.61998 -2.1
-0.61974 -1.8
-0.6195 -1.5
-0.61925 -1.2
-0.61901 -0.9
-0.61876 -0.6
-0.61852 -0.3
-0.61827 0.0
-0.61803 0.3
-0.61779 0.6
-0.61754 0.9
-0.6173 1.2
-0.61705 1.5
-0.61681 1.8
-0.61657 2.1
-0.61632 2.3
-0.61608 2.6
-0.61583 2.8
-0.61559 3.0
-0.61535 3.2
-0.6151 3.4
-0.61486 3.6
-0.61461 3.7
-0.61437 3.9
-0.61412 4.0
-0.61388 4.1
-0.61364 4.1
-0.61339 4.1
-0.61315 4.2
-0.6129 4.1
-0.61266 4.1
-0.61242 4.0
-0.61217 4.0
-0.61193 3.9
-0.61168 3.7
-0.61144 3.6
-0.61119 3.4
-0.61095 3.2
-0.61071 3.0
-0.61046 2.8
-0.61022 2.6
-0.60997 2.3
-0.60973 2.0
-0.60949 1.8
-0.60924 1.5
-0.609 1.2
-0.60875 0.9
-0.60851 0.6
-0.60826 0.2
-0.60802 0.0
-0.60778 -0.4
-0.60753 -0.7
-0.60729 -1.0
-0.60704 -1.3
-0.6068 -1.6
-0.60656 -1.9
-0.60631 -2.2
-0.60607 -2.4
-0.60582 -2.7
-0.60558 -2.9
-0.60534 -3.1
-0.60509 -3.3
-0.60485 -3.5
-0.6046 -3.7
-0.60436 -3.8
-0.60411 -3.9
-0.60387 -4.0
-0.60363 -4.1
-0.60338 -4.1
-0.60314 -4.2
-0.60289 -4.2
-0.60265 -4.1
-0.60241 -4.1
-0.60216 -4.0
-0.60192 -3.9
-0.60167 -3.8
-0.60143 -3.7
-0.60118 -3.5
-0.60094 -3.3
-0.6007 -3.1
-0.60045 -2.9
-0.60021 -2.7
-0.59996 -2.4
-0.59972 -2.2
-0.59948 -1.9
-0.59923 -1.6
-0.59899 -1.3
-0.59874 -1.0
-0.5985 -0.7
-0.59826 -0.4
-0.59801 0.0
-0.59777 0.2
-0.59752 0.5
-0.59728 0.9
-0.59703 1.2
-0.59679 1.5
-0.59655 1.8
-0.5963 2.0
-0.59606 2.3
-0.59581 2.6
-0.59557 2.8
-0.59533 3.0
-0.59508 3.3
-0.59484 3.4
-0.59459 3.6
-0.59435 3.8
-0.5941 3.9
-0.59386 4.0
-0.59362 4.1
-0.59337 4.1
-0.59313 4.2
-0.59288 4.2
-0.59264 4.2
-0.5924 4.1
-0.59215 4.1
-0.59191 4.0
-0.59166 3.9
-0.59142 3.7
-0.59118 3.6
-0.59093 3.4
-0.59069 3.2
-0.59044 3.0
-0.5902 2.8
-0.58995 2.5
-0.58971 2.3
-0.58947 2.0
-0.58922 1.7
-0.58898 1.4
-0.58873 1.1
-0.58849 0.8
-0.58825 0.5
-0.588 0.2
-0.58776 -0.2
-0.58751 -0.5
-0.58727 -0.8
-0.58702 -1.1
-0.58678 -1.4
-0.58654 -1.7
-0.58629 -2.0
-0.58605 -2.3
-0.5858 -2.5
-0.58556 -2.8
-0.58532 -3.0
-0.58507 -3.2
-0.58483 -3.4
-0.58458 -3.6
-0.58434 -3.8
-0.5841 -3.9
-0.58385 -4.0
-0.58361 -4.1
-0.58336 -4.1
-0.58312 -4.2
-0.58287 -4.2
-0.58263 -4.2
-0.58239 -4.2
-0.58214 -4.1
-0.5819 -4.0
-0.58165 -3.9
-0.58141 -3.8
-0.58117 -3.6
-0.58092 -3.4
-0.58068 -3.3
-0.58043 -3.0
-0.58019 -2.8
-0.57994 -2.6
-0.5797 -2.3
-0.57946 -2.0
-0.57921 -1.7
-0.57897 -1.4
-0.57872 -1.1
-0.57848 -0.8
-0.57824 -0.5
-0.57799 -0.2
-0.57775 0.2
-0.5775 0.5
-0.57726 0.8
-0.57701 1.1
-0.57677 1.4
-0.57653 1.7
-0.57628 2.0
-0.57604 2.3
-0.57579 2.6
-0.57555 2.8
-0.57531 3.0
-0.57506 3.3
-0.57482 3.5
-0.57457 3.6
-0.57433 3.8
-0.57409 3.9
-0.57384 4.0
-0.5736 4.1
-0.57335 4.2
-0.57311 4.2
-0.57286 4.2
-0.57262 4.2
-0.57238 4.2
-0.57213 4.1
-0.57189 4.0
-0.57164 3.9
-0.5714 3.8
-0.57116 3.6
-0.57091 3.4
-0.57067 3.2
-0.57042 3.0
-0.57018 2.8
-0.56993 2.5
-0.56969 2.3
-0.56945 2.0
-0.5692 1.7
-0.56896 1.4
-0.56871 1.1
-0.56847 0.7
-0.56823 0.4
-0.56798 0.0
-0.56774 -0.2
-0.56749 -0.6
-0.56725 -0.9
-0.56701 -1.2
-0.56676 -1.5
-0.56652 -1.8
-0.56627 -2.1
-0.56603 -2.4
-0.56578 -2.6
-0.56554 -2.9
-0.5653 -3.1
-0.56505 -3.3
-0.56481 -3.5
-0.56456 -3.7
-0.56432 -3.8
-0.56408 -4.0
-0.56383 -4.1
-0.56359 -4.1
-0.56334 -4.2
-0.5631 -4.2
-0.56285 -4.2
-0.56261 -4.2
-0.56237 -4.2
-0.56212 -4.1
-0.56188 -4.0
-0.56163 -3.9
-0.56139 -3.7
-0.56115 -3.6
-0.5609 -3.4
-0.56066 -3.2
-0.56041 -2.9
-0.56017 -2.7
-0.55993 -2.4
-0.55968 -2.1
-0.55944 -1.8
-0.55919 -1.5
-0.55895 -1.2
-0.5587 -0.9
-0.55846 -0.6
-0.55822 -0.3
-0.55797 0.0
-0.55773 0.4
-0.55748 0.7
-0.55724 1.1
-0.557 1.4
-0.55675 1.7
-0.55651 2.0
-0.55626 2.3
-0.55602 2.5
-0.55577 2.8
-0.55553 3.0
-0.55529 3.3
-0.55504 3.5
-0.5548 3.6
-0.55455 3.8
-0.55431 3.9
-0.55407 4.1
-0.55382 4.1
-0.55358 4.2
-0.55333 4.2
-0.55309 4.3
-0.55285 4.2
-0.5526 4.2
-0.55236 4.1
-0.55211 4.0
-0.55187 3.9
-0.55162 3.8
-0.55138 3.6
-0.55114 3.4
-0.55089 3.2
-0.55065 3.0
-0.5504 2.8
-0.55016 2.5
-0.54992 2.2
-0.54967 1.9
-0.54943 1.6
-0.54918 1.3
-0.54894 1.0
-0.54869 0.7
-0.54845 0.3
-0.54821 0.0
-0.54796 -0.3
-0.54772 -0.7
-0.54747 -1.0
-0.54723 -1.3
-0.54699 -1.6
-0.54674 -1.9
-0.5465 -2.2
-0.54625 -2.5
-0.54601 -2.8
-0.54576 -3.0
-0.54552 -3.2
-0.54528 -3.4
-0.54503 -3.6
-0.54479 -3.8
-0.54454 -3.9
-0.5443 -4.1
-0.54406 -4.1
-0.54381 -4.2
-0.54357 -4.3
-0.54332 -4.3
-0.54308 -4.3
-0.54284 -4.2
-0.54259 -4.2
-0.54235 -4.1
-0.5421 -4.0
-0.54186 -3.8
-0.54161 -3.7
-0.54137 -3.5
-0.54113 -3.3
-0.54088 -3.0
-0.54064 -2.8
-0.54039 -2.5
-0.54015 -2.2
-0.53991 -2.0
-0.53966 -1.6
-0.53942 -1.3
-0.53917 -1.0
-0.53893 -0.7
-0.53868 -0.3
-0.53844 0.0
-0.5382 0.3
-0.53795 0.7
-0.53771 1.0
-0.53746 1.3
-0.53722 1.6
-0.53698 1.9
-0.53673 2.2
-0.53649 2.5
-0.53624 2.8
-0.536 3.0
-0.53576 3.3
-0.53551 3.5
-0.53527 3.7
-0.53502 3.8
-0.53478 4.0
-0.53453 4.1
-0.53429 4.2
-0.53405 4.2
-0.5338 4.3
-0.53356 4.3
-0.53331 4.3
-0.53307 4.2
-0.53283 4.2
-0.53258 4.1
-0.53234 3.9
-0.53209 3.8
-0.53185 3.6
-0.5316 3.4
-0.53136 3.2
-0.53112 3.0
-0.53087 2.7
-0.53063 2.5
-0.53038 2.2
-0.53014 1.9
-0.5299 1.6
-0.52965 1.3
-0.52941 0.9
-0.52916 0.6
-0.52892 0.3
-0.52868 0.0
-0.52843 -0.4
-0.52819 -0.8
-0.52794 -1.1
-0.5277 -1.4
-0.52745 -1.7
-0.52721 -2.0
-0.52697 -2.3
-0.52672 -2.6
-0.52648 -2.9
-0.52623 -3.1
-0.52599 -3.3
-0.52575 -3.6
-0.5255 -3.7
-0.52526 -3.9
-0.52501 -4.0
-0.52477 -4.1
-0.52452 -4.2
-0.52428 -4.3
-0.52404 -4.3
-0.52379 -4.3
-0.52355 -4.3
-0.5233 -4.2
-0.52306 -4.1
-0.52282 -4.0
-0.52257 -3.9
-0.52233 -3.7
-0.52208 -3.6
-0.52184 -3.4
-0.5216 -3.1
-0.52135 -2.9
-0.52111 -2.6
-0.52086 -2.4
-0.52062 -2.1
-0.52037 -1.8
-0.52013 -1.4
-0.51989 -1.1
-0.51964 -0.8
-0.5194 -0.4
-0.51915 0.0
-0.51891 0.3
-0.51867 0.6
-0.51842 0.9
-0.51818 1.3
-0.51793 1.6
-0.51769 1.9
-0.51744 2.2
-0.5172 2.5
-0.51696 2.8
-0.51671 3.0
-0.51647 3.3
-0.51622 3.5
-0.51598 3.7
-0.51574 3.8
-0.51549 4.0
-0.51525 4.1
-0.515 4.2
-0.51476 4.3
-0.51451 4.3
-0.51427 4.3
-0.51403 4.3
-0.51378 4.3
-0.51354 4.2
-0.51329 4.1
-0.51305 4.0
-0.51281 3.8
-0.51256 3.6
-0.51232 3.4
-0.51207 3.2
-0.51183 3.0
-0.51159 2.7
-0.51134 2.4
-0.5111 2.1
-0.51085 1.8
-0.51061 1.5
-0.51036 1.2
-0.51012 0.9
-0.50988 0.5
-0.50963 0.2
-0.50939 -0.2
-0.50914 -0.5
-0.5089 -0.9
-0.50866 -1.2
-0.50841 -1.5
-0.50817 -1.9
-0.50792 -2.2
-0.50768 -2.5
-0.50743 -2.7
-0.50719 -3.0
-0.50695 -3.3
-0.5067 -3.5
-0.50646 -3.7
-0.50621 -3.8
-0.50597 -4.0
-0.50573 -4.1
-0.50548 -4.2
-0.50524 -4.3
-0.50499 -4.3
-0.50475 -4.3
-0.50451 -4.3
-0.50426 -4.3
-0.50402 -4.2
-0.50377 -4.1
-0.50353 -4.0
-0.50328 -3.8
-0.50304 -3.7
-0.5028 -3.5
-0.50255 -3.2
-0.50231 -3.0
-0.50206 -2.7
-0.50182 -2.5
-0.50158 -2.2
-0.50133 -1.8
-0.50109 -1.5
-0.50084 -1.2
-0.5006 -0.8
-0.50035 -0.5
-0.50011 -0.2
-0.49987 0.2
-0.49962 0.6
-0.49938 0.9
-0.49913 1.2
-0.49889 1.6
-0.49865 1.9
-0.4984 2.2
-0.49816 2.5
-0.49791 2.8
-0.49767 3.0
-0.49743 3.3
-0.49718 3.5
-0.49694 3.7
-0.49669 3.9
-0.49645 4.0
-0.4962 4.2
-0.49596 4.2
-0.49572 4.3
-0.49547 4.4
-0.49523 4.4
-0.49498 4.3
-0.49474 4.3
-0.4945 4.2
-0.49425 4.1
-0.49401 4.0
-0.49376 3.8
-0.49352 3.6
-0.49327 3.4
-0.49303 3.2
-0.49279 3.0
-0.49254 2.7
-0.4923 2.4
-0.49205 2.1
-0.49181 1.8
-0.49157 1.4
-0.49132 1.1
-0.49108 0.8
-0.49083 0.4
-0.49059 0.0
-0.49035 -0.3
-0.4901 -0.7
-0.48986 -1.0
-0.48961 -1.4
-0.48937 -1.7
-0.48912 -2.0
-0.48888 -2.3
-0.48864 -2.6
-0.48839 -2.9
-0.48815 -3.2
-0.4879 -3.4
-0.48766 -3.6
-0.48742 -3.8
-0.48717 -4.0
-0.48693 -4.1
-0.48668 -4.2
-0.48644 -4.3
-0.48619 -4.4
-0.48595 -4.4
-0.48571 -4.4
-0.48546 -4.3
-0.48522 -4.3
-0.48497 -4.2
-0.48473 -4.1
-0.48449 -3.9
-0.48424 -3.8
-0.484 -3.6
-0.48375 -3.3
-0.48351 -3.1
-0.48326 -2.8
-0.48302 -2.6
-0.48278 -2.3
-0.48253 -1.9
-0.48229 -1.6
-0.48204 -1.3
-0.4818 -0.9
-0.48156 -0.6
-0.48131 -0.2
-0.48107 0.2
-0.48082 0.5
-0.48058 0.9
-0.48034 1.2
-0.48009 1.6
-0.47985 1.9
-0.4796 2.2
-0.47936 2.5
-0.47911 2.8
-0.47887 3.1
-0.47863 3.3
-0.47838 3.5
-0.47814 3.7
-0.47789 3.9
-0.47765 4.1
-0.47741 4.2
-0.47716 4.3
-0.47692 4.4
-0.47667 4.4
-0.47643 4.4
-0.47618 4.4
-0.47594 4.3
-0.4757 4.2
-0.47545 4.1
-0.47521 4.0
-0.47496 3.8
-0.47472 3.6
-0.47448 3.4
-0.47423 3.2
-0.47399 2.9
-0.47374 2.6
-0.4735 2.3
-0.47326 2.0
-0.47301 1.7
-0.47277 1.3
-0.47252 1.0
-0.47228 0.6
-0.47203 0.3
-0.47179 0.0
-0.47155 -0.5
-0.4713 -0.8
-0.47106 -1.2
-0.47081 -1.5
-0.47057 -1.9
-0.47033 -2.2
-0.47008 -2.5
-0.46984 -2.8
-0.46959 -3.1
-0.46935 -3.3
-0.4691 -3.5
-0.46886 -3.7
-0.46862 -3.9
-0.46837 -4.1
-0.46813 -4.2
-0.46788 -4.3
-0.46764 -4.4
-0.4674 -4.4
-0.46715 -4.4
-0.46691 -4.4
-0.46666 -4.3
-0.46642 -4.3
-0.46618 -4.1
-0.46593 -4.0
-0.46569 -3.8
-0.46544 -3.6
-0.4652 -3.4
-0.46495 -3.2
-0.46471 -2.9
-0.46447 -2.6
-0.46422 -2.3
-0.46398 -2.0
-0.46373 -1.7
-0.46349 -1.3
-0.46325 -1.0
-0.463 -0.6
-0.46276 -0.2
-0.46251 0.1
-0.46227 0.5
-0.46202 0.9
-0.46178 1.2
-0.46154 1.6
-0.46129 1.9
-0.46105 2.2
-0.4608 2.5
-0.46056 2.8
-0.46032 3.1
-0.46007 3.4
-0.45983 3.6
-0.45958 3.8
-0.45934 4.0
-0.4591 4.1
-0.45885 4.2
-0.45861 4.3
-0.45836 4.4
-0.45812 4.4
-0.45787 4.4
-0.45763 4.4
-0.45739 4.3
-0.45714 4.3
-0.4569 4.1
-0.45665 4.0
-0.45641 3.8
-0.45617 3.6
-0.45592 3.4
-0.45568 3.1
-0.45543 2.8
-0.45519 2.6
-0.45494 2.2
-0.4547 1.9
-0.45446 1.6
-0.45421 1.2
-0.45397 0.9
-0.45372 0.5
-0.45348 0.1
-0.45324 -0.3
-0.45299 -0.6
-0.45275 -1.0
-0.4525 -1.4
-0.45226 -1.7
-0.45201 -2.0
-0.45177 -2.4
-0.45153 -2.7
-0.45128 -3.0
-0.45104 -3.2
-0.45079 -3.5
-0.45055 -3.7
-0.45031 -3.9
-0.45006 -4.1
-0.44982 -4.2
-0.44957 -4.3
-0.44933 -4.4
-0.44909 -4.4
-0.44884 -4.5
-0.4486 -4.4
-0.44835 -4.4
-0.44811 -4.3
-0.44786 -4.2
-0.44762 -4.1
-0.44738 -3.9
-0.44713 -3.7
-0.44689 -3.5
-0.44664 -3.3
-0.4464 -3.0
-0.44616 -2.7
-0.44591 -2.4
-0.44567 -2.1
-0.44542 -1.7
-0.44518 -1.4
-0.44493 -1.0
-0.44469 -0.6
-0.44445 -0.3
-0.4442 0.1
-0.44396 0.5
-0.44371 0.9
-0.44347 1.2
-0.44323 1.6
-0.44298 1.9
-0.44274 2.3
-0.44249 2.6
-0.44225 2.9
-0.44201 3.2
-0.44176 3.4
-0.44152 3.7
-0.44127 3.9
-0.44103 4.0
-0.44078 4.2
-0.44054 4.3
-0.4403 4.4
-0.44005 4.5
-0.43981 4.5
-0.43956 4.5
-0.43932 4.4
-0.43908 4.4
-0.43883 4.3
-0.43859 4.1
-0.43834 4.0
-0.4381 3.8
-0.43785 3.6
-0.43761 3.3
-0.43737 3.0
-0.43712 2.8
-0.43688 2.4
-0.43663 2.1
-0.43639 1.8
-0.43615 1.4
-0.4359 1.1
-0.43566 0.7
-0.43541 0.3
-0.43517 0.0
-0.43493 -0.5
-0.43468 -0.8
-0.43444 -1.2
-0.43419 -1.6
-0.43395 -1.9
-0.4337 -2.3
-0.43346 -2.6
-0.43322 -2.9
-0.43297 -3.2
-0.43273 -3.4
-0.43248 -3.7
-0.43224 -3.9
-0.432 -4.1
-0.43175 -4.2
-0.43151 -4.3
-0.43126 -4.4
-0.43102 -4.5
-0.43077 -4.5
-0.43053 -4.5
-0.43029 -4.5
-0.43004 -4.4
-0.4298 -4.3
-0.42955 -4.1
-0.42931 -4.0
-0.42907 -3.8
-0.42882 -3.6
-0.42858 -3.3
-0.42833 -3.0
-0.42809 -2.7
-0.42785 -2.4
-0.4276 -2.1
-0.42736 -1.7
-0.42711 -1.4
-0.42687 -1.0
-0.42662 -0.6
-0.42638 -0.2
-0.42614 0.1
-0.42589 0.5
-0.42565 0.9
-0.4254 1.3
-0.42516 1.7
-0.42492 2.0
-0.42467 2.3
-0.42443 2.7
-0.42418 3.0
-0.42394 3.3
-0.42369 3.5
-0.42345 3.7
-0.42321 3.9
-0.42296 4.1
-0.42272 4.3
-0.42247 4.4
-0.42223 4.5
-0.42199 4.5
-0.42174 4.5
-0.4215 4.5
-0.42125 4.5
-0.42101 4.4
-0.42076 4.3
-0.42052 4.1
-0.42028 3.9
-0.42003 3.7
-0.41979 3.5
-0.41954 3.2
-0.4193 2.9
-0.41906 2.6
-0.41881 2.3
-0.41857 2.0
-0.41832 1.6
-0.41808 1.2
-0.41784 0.9
-0.41759 0.5
-0.41735 0.0
-0.4171 -0.3
-0.41686 -0.7
-0.41661 -1.1
-0.41637 -1.5
-0.41613 -1.8
-0.41588 -2.2
-0.41564 -2.5
-0.41539 -2.8
-0.41515 -3.1
-0.41491 -3.4
-0.41466 -3.6
-0.41442 -3.9
-0.41417 -4.1
-0.41393 -4.2
-0.41368 -4.4
-0.41344 -4.4
-0.4132 -4.5
-0.41295 -4.5
-0.41271 -4.5
-0.41246 -4.5
-0.41222 -4.4
-0.41198 -4.3
-0.41173 -4.2
-0.41149 -4.0
-0.41124 -3.8
-0.411 -3.6
-0.41076 -3.3
-0.41051 -3.1
-0.41027 -2.8
-0.41002 -2.4
-0.40978 -2.1
-0.40953 -1.7
-0.40929 -1.4
-0.40905 -1.0
-0.4088 -0.6
-0.40856 -0.2
-0.40831 0.2
-0.40807 0.6
-0.40783 1.0
-0.40758 1.4
-0.40734 1.7
-0.40709 2.1
-0.40685 2.4
-0.4066 2.8
-0.40636 3.1
-0.40612 3.4
-0.40587 3.6
-0.40563 3.8
-0.40538 4.0
-0.40514 4.2
-0.4049 4.4
-0.40465 4.5
-0.40441 4.5
-0.40416 4.6
-0.40392 4.6
-0.40368 4.5
-0.40343 4.5
-0.40319 4.4
-0.40294 4.2
-0.4027 4.1
-0.40245 3.9
-0.40221 3.6
-0.40197 3.4
-0.40172 3.1
-0.40148 2.8
-0.40123 2.5
-0.40099 2.1
-0.40075 1.8
-0.4005 1.4
-0.40026 1.0
-0.40001 0.6
-0.39977 0.2
-0.39952 -0.2
-0.39928 -0.6
-0.39904 -1.0
-0.39879 -1.4
-0.39855 -1.8
-0.3983 -2.1
-0.39806 -2.5
-0.39782 -2.8
-0.39757 -3.1
-0.39733 -3.4
-0.39708 -3.7
-0.39684 -3.9
-0.3966 -4.1
-0.39635 -4.2
-0.39611 -4.4
-0.39586 -4.5
-0.39562 -4.6
-0.39537 -4.6
-0.39513 -4.6
-0.39489 -4.5
-0.39464 -4.5
-0.3944 -4.4
-0.39415 -4.2
-0.39391 -4.1
-0.39367 -3.8
-0.39342 -3.6
-0.39318 -3.3
-0.39293 -3.1
-0.39269 -2.7
-0.39244 -2.4
-0.3922 -2.1
-0.39196 -1.7
-0.39171 -1.3
-0.39147 -0.9
-0.39122 -0.5
-0.39098 0.0
-0.39074 0.3
-0.39049 0.7
-0.39025 1.1
-0.39 1.5
-0.38976 1.9
-0.38951 2.2
-0.38927 2.6
-0.38903 2.9
-0.38878 3.2
-0.38854 3.5
-0.38829 3.8
-0.38805 4.0
-0.38781 4.2
-0.38756 4.3
-0.38732 4.5
-0.38707 4.5
-0.38683 4.6
-0.38659 4.6
-0.38634 4.6
-0.3861 4.5
-0.38585 4.5
-0.38561 4.3
-0.38536 4.2
-0.38512 4.0
-0.38488 3.8
-0.38463 3.5
-0.38439 3.2
-0.38414 2.9
-0.3839 2.6
-0.38366 2.2
-0.38341 1.9
-0.38317 1.5
-0.38292 1.1
-0.38268 0.7
-0.38243 0.3
-0.38219 -0.1
-0.38195 -0.5
-0.3817 -0.9
-0.38146 -1.3
-0.38121 -1.7
-0.38097 -2.1
-0.38073 -2.5
-0.38048 -2.8
-0.38024 -3.1
-0.37999 -3.4
-0.37975 -3.7
-0.37951 -3.9
-0.37926 -4.1
-0.37902 -4.3
-0.37877 -4.4
-0.37853 -4.5
-0.37828 -4.6
-0.37804 -4.6
-0.3778 -4.6
-0.37755 -4.6
-0.37731 -4.5
-0.37706 -4.4
-0.37682 -4.2
-0.37658 -4.1
-0.37633 -3.8
-0.37609 -3.6
-0.37584 -3.3
-0.3756 -3.0
-0.37535 -2.7
-0.37511 -2.3
-0.37487 -2.0
-0.37462 -1.6
-0.37438 -1.2
-0.37413 -0.8
-0.37389 -0.4
-0.37365 0.0
-0.3734 0.5
-0.37316 0.9
-0.37291 1.3
-0.37267 1.7
-0.37243 2.1
-0.37218 2.4
-0.37194 2.8
-0.37169 3.1
-0.37145 3.4
-0.3712 3.7
-0.37096 3.9
-0.37072 4.1
-0.37047 4.3
-0.37023 4.4
-0.36998 4.6
-0.36974 4.6
-0.3695 4.7
-0.36925 4.7
-0.36901 4.6
-0.36876 4.5
-0.36852 4.4
-0.36827 4.3
-0.36803 4.1
-0.36779 3.9
-0.36754 3.6
-0.3673 3.3
-0.36705 3.0
-0.36681 2.7
-0.36657 2.3
-0.36632 2.0
-0.36608 1.6
-0.36583 1.2
-0.36559 0.7
-0.36535 0.3
-0.3651 0.0
-0.36486 -0.5
-0.36461 -0.9
-0.36437 -1.3
-0.36412 -1.7
-0.36388 -2.1
-0.36364 -2.5
-0.36339 -2.8
-0.36315 -3.2
-0.3629 -3.5
-0.36266 -3.7
-0.36242 -4.0
-0.36217 -4.2
-0.36193 -4.4
-0.36168 -4.5
-0.36144 -4.6
-0.36119 -4.7
-0.36095 -4.7
-0.36071 -4.7
-0.36046 -4.6
-0.36022 -4.5
-0.35997 -4.4
-0.35973 -4.2
-0.35949 -4.0
-0.35924 -3.8
-0.359 -3.5
-0.35875 -3.2
-0.35851 -2.9
-0.35826 -2.6
-0.35802 -2.2
-0.35778 -1.8
-0.35753 -1.4
-0.35729 -1.0
-0.35704 -0.6
-0.3568 -0.2
-0.35656 0.3
-0.35631 0.7
-0.35607 1.1
-0.35582 1.5
-0.35558 1.9
-0.35534 2.3
-0.35509 2.7
-0.35485 3.0
-0.3546 3.3
-0.35436 3.6
-0.35411 3.9
-0.35387 4.1
-0.35363 4.3
-0.35338 4.5
-0.35314 4.6
-0.35289 4.7
-0.35265 4.7
-0.35241 4.7
-0.35216 4.7
-0.35192 4.6
-0.35167 4.5
-0.35143 4.3
-0.35118 4.2
-0.35094 3.9
-0.3507 3.7
-0.35045 3.4
-0.35021 3.1
-0.34996 2.7
-0.34972 2.4
-0.34948 2.0
-0.34923 1.6
-0.34899 1.2
-0.34874 0.7
-0.3485 0.3
-0.34826 -0.1
-0.34801 -0.6
-0.34777 -1.0
-0.34752 -1.4
-0.34728 -1.8
-0.34703 -2.2
-0.34679 -2.6
-0.34655 -2.9
-0.3463 -3.3
-0.34606 -3.6
-0.34581 -3.8
-0.34557 -4.1
-0.34533 -4.3
-0.34508 -4.5
-0.34484 -4.6
-0.34459 -4.7
-0.34435 -4.7
-0.3441 -4.7
-0.34386 -4.7
-0.34362 -4.6
-0.34337 -4.5
-0.34313 -4.4
-0.34288 -4.2
-0.34264 -4.0
-0.3424 -3.7
-0.34215 -3.4
-0.34191 -3.1
-0.34166 -2.8
-0.34142 -2.4
-0.34118 -2.0
-0.34093 -1.6
-0.34069 -1.2
-0.34044 -0.8
-0.3402 -0.3
-0.33995 0.1
-0.33971 0.5
-0.33947 1.0
-0.33922 1.4
-0.33898 1.8
-0.33873 2.2
-0.33849 2.6
-0.33825 3.0
-0.338 3.3
-0.33776 3.6
-0.33751 3.9
-0.33727 4.1
-0.33702 4.3
-0.33678 4.5
-0.33654 4.6
-0.33629 4.7
-0.33605 4.8
-0.3358 4.8
-0.33556 4.7
-0.33532 4.7
-0.33507 4.5
-0.33483 4.4
-0.33458 4.2
-0.33434 4.0
-0.3341 3.7
-0.33385 3.4
-0.33361 3.1
-0.33336 2.7
-0.33312 2.4
-0.33287 2.0
-0.33263 1.5
-0.33239 1.1
-0.33214 0.7
-0.3319 0.2
-0.33165 -0.2
-0.33141 -0.7
-0.33117 -1.1
-0.33092 -1.5
-0.33068 -1.9
-0.33043 -2.3
-0.33019 -2.7
-0.32994 -3.1
-0.3297 -3.4
-0.32946 -3.7
-0.32921 -4.0
-0.32897 -4.2
-0.32872 -4.4
-0.32848 -4.6
-0.32824 -4.7
-0.32799 -4.8
-0.32775 -4.8
-0.3275 -4.8
-0.32726 -4.7
-0.32701 -4.6
-0.32677 -4.5
-0.32653 -4.3
-0.32628 -4.1
-0.32604 -3.9
-0.32579 -3.6
-0.32555 -3.3
-0.32531 -2.9
-0.32506 -2.6
-0.32482 -2.2
-0.32457 -1.8
-0.32433 -1.3
-0.32409 -0.9
-0.32384 -0.4
-0.3236 0.0
-0.32335 0.5
-0.32311 0.9
-0.32286 1.4
-0.32262 1.8
-0.32238 2.2
-0.32213 2.6
-0.32189 3.0
-0.32164 3.3
-0.3214 3.6
-0.32116 3.9
-0.32091 4.2
-0.32067 4.4
-0.32042 4.5
-0.32018 4.7
-0.31993 4.8
-0.31969 4.8
-0.31945 4.8
-0.3192 4.8
-0.31896 4.7
-0.31871 4.6
-0.31847 4.4
-0.31823 4.2
-0.31798 4.0
-0.31774 3.7
-0.31749 3.4
-0.31725 3.0
-0.31701 2.7
-0.31676 2.3
-0.31652 1.9
-0.31627 1.4
-0.31603 1.0
-0.31578 0.5
-0.31554 0.0
-0.3153 -0.4
-0.31505 -0.9
-0.31481 -1.3
-0.31456 -1.7
-0.31432 -2.2
-0.31408 -2.6
-0.31383 -2.9
-0.31359 -3.3
-0.31334 -3.6
-0.3131 -3.9
-0.31285 -4.2
-0.31261 -4.4
-0.31237 -4.6
-0.31212 -4.7
-0.31188 -4.8
-0.31163 -4.8
-0.31139 -4.8
-0.31115 -4.8
-0.3109 -4.7
-0.31066 -4.6
-0.31041 -4.4
-0.31017 -4.2
-0.30993 -4.0
-0.30968 -3.7
-0.30944 -3.4
-0.30919 -3.0
-0.30895 -2.6
-0.3087 -2.2
-0.30846 -1.8
-0.30822 -1.4
-0.30797 -0.9
-0.30773 -0.5
-0.30748 0.0
-0.30724 0.5
-0.307 0.9
-0.30675 1.4
-0.30651 1.8
-0.30626 2.2
-0.30602 2.6
-0.30577 3.0
-0.30553 3.4
-0.30529 3.7
-0.30504 4.0
-0.3048 4.2
-0.30455 4.5
-0.30431 4.6
-0.30407 4.8
-0.30382 4.8
-0.30358 4.9
-0.30333 4.9
-0.30309 4.8
-0.30285 4.7
-0.3026 4.6
-0.30236 4.4
-0.30211 4.2
-0.30187 3.9
-0.30162 3.6
-0.30138 3.3
-0.30114 2.9
-0.30089 2.5
-0.30065 2.1
-0.3004 1.7
-0.30016 1.2
-0.29992 0.7
-0.29967 0.3
-0.29943 -0.2
-0.29918 -0.7
-0.29894 -1.1
-0.29869 -1.6
-0.29845 -2.0
-0.29821 -2.5
-0.29796 -2.9
-0.29772 -3.2
-0.29747 -3.6
-0.29723 -3.9
-0.29699 -4.2
-0.29674 -4.4
-0.2965 -4.6
-0.29625 -4.7
-0.29601 -4.8
-0.29576 -4.9
-0.29552 -4.9
-0.29528 -4.9
-0.29503 -4.8
-0.29479 -4.7
-0.29454 -4.5
-0.2943 -4.3
-0.29406 -4.0
-0.29381 -3.7
-0.29357 -3.4
-0.29332 -3.1
-0.29308 -2.7
-0.29284 -2.2
-0.29259 -1.8
-0.29235 -1.4
-0.2921 -0.9
-0.29186 -0.4
-0.29161 0.0
-0.29137 0.5
-0.29113 1.0
-0.29088 1.5
-0.29064 1.9
-0.29039 2.4
-0.29015 2.8
-0.28991 3.2
-0.28966 3.5
-0.28942 3.8
-0.28917 4.1
-0.28893 4.4
-0.28868 4.6
-0.28844 4.7
-0.2882 4.9
-0.28795 4.9
-0.28771 4.9
-0.28746 4.9
-0.28722 4.8
-0.28698 4.7
-0.28673 4.5
-0.28649 4.3
-0.28624 4.1
-0.286 3.8
-0.28576 3.5
-0.28551 3.1
-0.28527 2.7
-0.28502 2.3
-0.28478 1.8
-0.28453 1.4
-0.28429 0.9
-0.28405 0.4
-0.2838 0.0
-0.28356 -0.6
-0.28331 -1.1
-0.28307 -1.5
-0.28283 -2.0
-0.28258 -2.4
-0.28234 -2.8
-0.28209 -3.2
-0.28185 -3.6
-0.2816 -3.9
-0.28136 -4.2
-0.28112 -4.4
-0.28087 -4.6
-0.28063 -4.8
-0.28038 -4.9
-0.28014 -5.0
-0.2799 -5.0
-0.27965 -4.9
-0.27941 -4.8
-0.27916 -4.7
-0.27892 -4.5
-0.27868 -4.3
-0.27843 -4.0
-0.27819 -3.7
-0.27794 -3.4
-0.2777 -3.0
-0.27745 -2.6
-0.27721 -2.2
-0.27697 -1.7
-0.27672 -1.2
-0.27648 -0.7
-0.27623 -0.2
-0.27599 0.2
-0.27575 0.7
-0.2755 1.2
-0.27526 1.7
-0.27501 2.2
-0.27477 2.6
-0.27452 3.0
-0.27428 3.4
-0.27404 3.7
-0.27379 4.1
-0.27355 4.3
-0.2733 4.6
-0.27306 4.7
-0.27282 4.9
-0.27257 5.0
-0.27233 5.0
-0.27208 5.0
-0.27184 4.9
-0.2716 4.8
-0.27135 4.6
-0.27111 4.4
-0.27086 4.2
-0.27062 3.9
-0.27037 3.6
-0.27013 3.2
-0.26989 2.8
-0.26964 2.4
-0.2694 1.9
-0.26915 1.4
-0.26891 0.9
-0.26867 0.4
-0.26842 0.0
-0.26818 -0.6
-0.26793 -1.1
-0.26769 -1.6
-0.26744 -2.0
-0.2672 -2.5
-0.26696 -2.9
-0.26671 -3.3
-0.26647 -3.7
-0.26622 -4.0
-0.26598 -4.3
-0.26574 -4.5
-0.26549 -4.7
-0.26525 -4.9
-0.265 -5.0
-0.26476 -5.0
-0.26451 -5.0
-0.26427 -5.0
-0.26403 -4.9
-0.26378 -4.7
-0.26354 -4.5
-0.26329 -4.3
-0.26305 -4.0
-0.26281 -3.6
-0.26256 -3.3
-0.26232 -2.9
-0.26207 -2.4
-0.26183 -2.0
-0.26159 -1.5
-0.26134 -1.0
-0.2611 -0.5
-0.26085 0.0
-0.26061 0.6
-0.26036 1.1
-0.26012 1.6
-0.25988 2.0
-0.25963 2.5
-0.25939 2.9
-0.25914 3.3
-0.2589 3.7
-0.25866 4.0
-0.25841 4.3
-0.25817 4.6
-0.25792 4.8
-0.25768 4.9
-0.25743 5.0
-0.25719 5.1
-0.25695 5.1
-0.2567 5.0
-0.25646 4.9
-0.25621 4.7
-0.25597 4.5
-0.25573 4.2
-0.25548 3.9
-0.25524 3.6
-0.25499 3.2
-0.25475 2.8
-0.25451 2.3
-0.25426 1.9
-0.25402 1.4
-0.25377 0.9
-0.25353 0.3
-0.25328 -0.2
-0.25304 -0.7
-0.2528 -1.2
-0.25255 -1.7
-0.25231 -2.2
-0.25206 -2.7
-0.25182 -3.1
-0.25158 -3.5
-0.25133 -3.9
-0.25109 -4.2
-0.25084 -4.5
-0.2506 -4.7
-0.25035 -4.9
-0.25011 -5.0
-0.24987 -5.1
-0.24962 -5.1
-0.24938 -5.1
-0.24913 -5.0
-0.24889 -4.8
-0.24865 -4.7
-0.2484 -4.4
-0.24816 -4.1
-0.24791 -3.8
-0.24767 -3.4
-0.24743 -3.0
-0.24718 -2.6
-0.24694 -2.1
-0.24669 -1.6
-0.24645 -1.1
-0.2462 -0.6
-0.24596 0.0
-0.24572 0.5
-0.24547 1.0
-0.24523 1.5
-0.24498 2.0
-0.24474 2.5
-0.2445 3.0
-0.24425 3.4
-0.24401 3.8
-0.24376 4.1
-0.24352 4.4
-0.24327 4.7
-0.24303 4.9
-0.24279 5.0
-0.24254 5.1
-0.2423 5.1
-0.24205 5.1
-0.24181 5.0
-0.24157 4.9
-0.24132 4.7
-0.24108 4.5
-0.24083 4.2
-0.24059 3.9
-0.24035 3.5
-0.2401 3.1
-0.23986 2.7
-0.23961 2.2
-0.23937 1.7
-0.23912 1.2
-0.23888 0.6
-0.23864 0.1
-0.23839 -0.4
-0.23815 -1.0
-0.2379 -1.5
-0.23766 -2.0
-0.23742 -2.5
-0.23717 -3.0
-0.23693 -3.4
-0.23668 -3.8
-0.23644 -4.1
-0.23619 -4.4
-0.23595 -4.7
-0.23571 -4.9
-0.23546 -5.0
-0.23522 -5.1
-0.23497 -5.2
-0.23473 -5.1
-0.23449 -5.1
-0.23424 -4.9
-0.234 -4.7
-0.23375 -4.5
-0.23351 -4.2
-0.23326 -3.9
-0.23302 -3.5
-0.23278 -3.1
-0.23253 -2.6
-0.23229 -2.1
-0.23204 -1.6
-0.2318 -1.1
-0.23156 -0.5
-0.23131 0.0
-0.23107 0.6
-0.23082 1.1
-0.23058 1.6
-0.23034 2.1
-0.23009 2.6
-0.22985 3.1
-0.2296 3.5
-0.22936 3.9
-0.22911 4.3
-0.22887 4.5
-0.22863 4.8
-0.22838 5.0
-0.22814 5.1
-0.22789 5.2
-0.22765 5.2
-0.22741 5.2
-0.22716 5.1
-0.22692 4.9
-0.22667 4.7
-0.22643 4.4
-0.22618 4.1
-0.22594 3.7
-0.2257 3.3
-0.22545 2.9
-0.22521 2.4
-0.22496 1.9
-0.22472 1.4
-0.22448 0.8
-0.22423 0.3
-0.22399 -0.3
-0.22374 -0.9
-0.2235 -1.4
-0.22326 -1.9
-0.22301 -2.5
-0.22277 -2.9
-0.22252 -3.4
-0.22228 -3.8
-0.22203 -4.2
-0.22179 -4.5
-0.22155 -4.7
-0.2213 -5.0
-0.22106 -5.1
-0.22081 -5.2
-0.22057 -5.2
-0.22033 -5.2
-0.22008 -5.1
-0.21984 -5.0
-0.21959 -4.8
-0.21935 -4.5
-0.2191 -4.2
-0.21886 -3.8
-0.21862 -3.4
-0.21837 -3.0
-0.21813 -2.5
-0.21788 -2.0
-0.21764 -1.5
-0.2174 -0.9
-0.21715 -0.3
-0.21691 0.2
-0.21666 0.8
-0.21642 1.4
-0.21618 1.9
-0.21593 2.4
-0.21569 2.9
-0.21544 3.4
-0.2152 3.8
-0.21495 4.2
-0.21471 4.5
-0.21447 4.8
-0.21422 5.0
-0.21398 5.2
-0.21373 5.2
-0.21349 5.3
-0.21325 5.3
-0.213 5.2
-0.21276 5.0
-0.21251 4.8
-0.21227 4.5
-0.21202 4.2
-0.21178 3.8
-0.21154 3.4
-0.21129 3.0
-0.21105 2.5
-0.2108 1.9
-0.21056 1.4
-0.21032 0.8
-0.21007 0.2
-0.20983 -0.3
-0.20958 -0.9
-0.20934 -1.5
-0.2091 -2.0
-0.20885 -2.6
-0.20861 -3.1
-0.20836 -3.5
-0.20812 -3.9
-0.20787 -4.3
-0.20763 -4.6
-0.20739 -4.9
-0.20714 -5.1
-0.2069 -5.2
-0.20665 -5.3
-0.20641 -5.3
-0.20617 -5.3
-0.20592 -5.2
-0.20568 -5.0
-0.20543 -4.7
-0.20519 -4.4
-0.20494 -4.1
-0.2047 -3.7
-0.20446 -3.2
-0.20421 -2.8
-0.20397 -2.2
-0.20372 -1.7
-0.20348 -1.1
-0.20324 -0.5
-0.20299 0.0
-0.20275 0.7
-0.2025 1.2
-0.20226 1.8
-0.20201 2.4
-0.20177 2.9
-0.20153 3.4
-0.20128 3.8
-0.20104 4.2
-0.20079 4.5
-0.20055 4.8
-0.20031 5.1
-0.20006 5.2
-0.19982 5.3
-0.19957 5.4
-0.19933 5.3
-0.19909 5.2
-0.19884 5.1
-0.1986 4.8
-0.19835 4.6
-0.19811 4.2
-0.19786 3.8
-0.19762 3.4
-0.19738 2.9
-0.19713 2.4
-0.19689 1.8
-0.19664 1.2
-0.1964 0.6
-0.19616 0.0
-0.19591 -0.6
-0.19567 -1.2
-0.19542 -1.8
-0.19518 -2.3
-0.19493 -2.8
-0.19469 -3.3
-0.19445 -3.8
-0.1942 -4.2
-0.19396 -4.6
-0.19371 -4.9
-0.19347 -5.1
-0.19323 -5.3
-0.19298 -5.4
-0.19274 -5.4
-0.19249 -5.4
-0.19225 -5.3
-0.19201 -5.1
-0.19176 -4.9
-0.19152 -4.6
-0.19127 -4.2
-0.19103 -3.8
-0.19078 -3.3
-0.19054 -2.8
-0.1903 -2.3
-0.19005 -1.7
-0.18981 -1.1
-0.18956 -0.5
-0.18932 0.0
-0.18908 0.7
-0.18883 1.3
-0.18859 1.9
-0.18834 2.5
-0.1881 3.0
-0.18785 3.5
-0.18761 3.9
-0.18737 4.3
-0.18712 4.7
-0.18688 5.0
-0.18663 5.2
-0.18639 5.4
-0.18615 5.4
-0.1859 5.4
-0.18566 5.4
-0.18541 5.3
-0.18517 5.1
-0.18493 4.8
-0.18468 4.5
-0.18444 4.1
-0.18419 3.6
-0.18395 3.1
-0.1837 2.6
-0.18346 2.0
-0.18322 1.5
-0.18297 0.8
-0.18273 0.2
-0.18248 -0.4
-0.18224 -1.0
-0.182 -1.7
-0.18175 -2.2
-0.18151 -2.8
-0.18126 -3.3
-0.18102 -3.8
-0.18077 -4.2
-0.18053 -4.6
-0.18029 -4.9
-0.18004 -5.2
-0.1798 -5.4
-0.17955 -5.5
-0.17931 -5.5
-0.17907 -5.5
-0.17882 -5.3
-0.17858 -5.2
-0.17833 -4.9
-0.17809 -4.6
-0.17785 -4.2
-0.1776 -3.8
-0.17736 -3.3
-0.17711 -2.7
-0.17687 -2.2
-0.17662 -1.6
-0.17638 -0.9
-0.17614 -0.3
-0.17589 0.3
-0.17565 1.0
-0.1754 1.6
-0.17516 2.2
-0.17492 2.8
-0.17467 3.3
-0.17443 3.8
-0.17418 4.3
-0.17394 4.6
-0.17369 5.0
-0.17345 5.2
-0.17321 5.4
-0.17296 5.5
-0.17272 5.5
-0.17247 5.5
-0.17223 5.4
-0.17199 5.2
-0.17174 4.9
-0.1715 4.6
-0.17125 4.2
-0.17101 3.7
-0.17076 3.2
-0.17052 2.7
-0.17028 2.1
-0.17003 1.5
-0.16979 0.8
-0.16954 0.2
-0.1693 -0.5
-0.16906 -1.1
-0.16881 -1.8
-0.16857 -2.4
-0.16832 -3.0
-0.16808 -3.5
-0.16784 -4.0
-0.16759 -4.4
-0.16735 -4.8
-0.1671 -5.1
-0.16686 -5.3
-0.16661 -5.5
-0.16637 -5.6
-0.16613 -5.6
-0.16588 -5.5
-0.16564 -5.4
-0.16539 -5.1
-0.16515 -4.8
-0.16491 -4.4
-0.16466 -4.0
-0.16442 -3.5
-0.16417 -3.0
-0.16393 -2.4
-0.16368 -1.8
-0.16344 -1.1
-0.1632 -0.5
-0.16295 0.2
-0.16271 0.9
-0.16246 1.5
-0.16222 2.2
-0.16198 2.8
-0.16173 3.3
-0.16149 3.9
-0.16124 4.3
-0.161 4.7
-0.16076 5.1
-0.16051 5.3
-0.16027 5.5
-0.16002 5.6
-0.15978 5.6
-0.15953 5.6
-0.15929 5.4
-0.15905 5.2
-0.1588 4.9
-0.15856 4.6
-0.15831 4.1
-0.15807 3.6
-0.15783 3.1
-0.15758 2.5
-0.15734 1.9
-0.15709 1.2
-0.15685 0.5
-0.1566 -0.2
-0.15636 -0.9
-0.15612 -1.5
-0.15587 -2.2
-0.15563 -2.8
-0.15538 -3.4
-0.15514 -3.9
-0.1549 -4.4
-0.15465 -4.8
-0.15441 -5.1
-0.15416 -5.4
-0.15392 -5.6
-0.15368 -5.7
-0.15343 -5.7
-0.15319 -5.6
-0.15294 -5.5
-0.1527 -5.2
-0.15245 -4.9
-0.15221 -4.5
-0.15197 -4.1
-0.15172 -3.6
-0.15148 -3.0
-0.15123 -2.4
-0.15099 -1.7
-0.15075 -1.0
-0.1505 -0.3
-0.15026 0.4
-0.15001 1.1
-0.14977 1.8
-0.14952 2.4
-0.14928 3.0
-0.14904 3.6
-0.14879 4.1
-0.14855 4.6
-0.1483 5.0
-0.14806 5.3
-0.14782 5.5
-0.14757 5.7
-0.14733 5.7
-0.14708 5.7
-0.14684 5.6
-0.1466 5.4
-0.14635 5.1
-0.14611 4.8
-0.14586 4.3
-0.14562 3.8
-0.14537 3.3
-0.14513 2.6
-0.14489 2.0
-0.14464 1.3
-0.1444 0.6
-0.14415 -0.1
-0.14391 -0.8
-0.14367 -1.6
-0.14342 -2.2
-0.14318 -2.9
-0.14293 -3.5
-0.14269 -4.0
-0.14244 -4.5
-0.1422 -4.9
-0.14196 -5.3
-0.14171 -5.5
-0.14147 -5.7
-0.14122 -5.8
-0.14098 -5.8
-0.14074 -5.7
-0.14049 -5.5
-0.14025 -5.2
-0.14 -4.8
-0.13976 -4.4
-0.13951 -3.9
-0.13927 -3.3
-0.13903 -2.7
-0.13878 -2.0
-0.13854 -1.3
-0.13829 -0.6
-0.13805 0.1
-0.13781 0.9
-0.13756 1.6
-0.13732 2.3
-0.13707 3.0
-0.13683 3.6
-0.13659 4.1
-0.13634 4.6
-0.1361 5.0
-0.13585 5.4
-0.13561 5.6
-0.13536 5.8
-0.13512 5.9
-0.13488 5.8
-0.13463 5.7
-0.13439 5.5
-0.13414 5.2
-0.1339 4.8
-0.13366 4.3
-0.13341 3.8
-0.13317 3.2
-0.13292 2.5
-0.13268 1.8
-0.13243 1.1
-0.13219 0.3
-0.13195 -0.4
-0.1317 -1.2
-0.13146 -1.9
-0.13121 -2.6
-0.13097 -3.3
-0.13073 -3.9
-0.13048 -4.4
-0.13024 -4.9
-0.12999 -5.3
-0.12975 -5.6
-0.12951 -5.8
-0.12926 -5.9
-0.12902 -5.9
-0.12877 -5.8
-0.12853 -5.6
-0.12828 -5.4
-0.12804 -5.0
-0.1278 -4.5
-0.12755 -4.0
-0.12731 -3.4
-0.12706 -2.7
-0.12682 -2.0
-0.12658 -1.3
-0.12633 -0.5
-0.12609 0.3
-0.12584 1.0
-0.1256 1.8
-0.12535 2.5
-0.12511 3.2
-0.12487 3.8
-0.12462 4.4
-0.12438 4.9
-0.12413 5.3
-0.12389 5.6
-0.12365 5.8
-0.1234 6.0
-0.12316 6.0
-0.12291 5.9
-0.12267 5.7
-0.12243 5.4
-0.12218 5.0
-0.12194 4.5
-0.12169 4.0
-0.12145 3.4
-0.1212 2.7
-0.12096 2.0
-0.12072 1.2
-0.12047 0.4
-0.12023 -0.4
-0.11998 -1.2
-0.11974 -2.0
-0.1195 -2.7
-0.11925 -3.4
-0.11901 -4.0
-0.11876 -4.6
-0.11852 -5.1
-0.11827 -5.5
-0.11803 -5.8
-0.11779 -6.0
-0.11754 -6.0
-0.1173 -6.0
-0.11705 -5.9
-0.11681 -5.7
-0.11657 -5.3
-0.11632 -4.9
-0.11608 -4.4
-0.11583 -3.8
-0.11559 -3.1
-0.11535 -2.4
-0.1151 -1.6
-0.11486 -0.8
-0.11461 0.0
-0.11437 0.9
-0.11412 1.7
-0.11388 2.4
-0.11364 3.2
-0.11339 3.8
-0.11315 4.4
-0.1129 5.0
-0.11266 5.4
-0.11242 5.7
-0.11217 6.0
-0.11193 6.1
-0.11168 6.1
-0.11144 6.0
-0.11119 5.8
-0.11095 5.5
-0.11071 5.0
-0.11046 4.5
-0.11022 3.9
-0.10997 3.2
-0.10973 2.5
-0.10949 1.7
-0.10924 0.9
-0.109 0.0
-0.10875 -0.8
-0.10851 -1.7
-0.10826 -2.5
-0.10802 -3.2
-0.10778 -3.9
-0.10753 -4.5
-0.10729 -5.1
-0.10704 -5.5
-0.1068 -5.8
-0.10656 -6.1
-0.10631 -6.2
-0.10607 -6.2
-0.10582 -6.0
-0.10558 -5.8
-0.10534 -5.4
-0.10509 -5.0
-0.10485 -4.4
-0.1046 -3.8
-0.10436 -3.1
-0.10411 -2.3
-0.10387 -1.5
-0.10363 -0.6
-0.10338 0.3
-0.10314 1.1
-0.10289 2.0
-0.10265 2.8
-0.10241 3.5
-0.10216 4.2
-0.10192 4.8
-0.10167 5.3
-0.10143 5.7
-0.10118 6.0
-0.10094 6.2
-0.1007 6.3
-0.10045 6.2
-0.10021 6.0
-0.09996 5.7
-0.09972 5.2
-0.09948 4.7
-0.09923 4.1
-0.09899 3.3
-0.09874 2.6
-0.0985 1.7
-0.09826 0.8
-0.09801 0.0
-0.09777 -0.9
-0.09752 -1.8
-0.09728 -2.7
-0.09703 -3.4
-0.09679 -4.2
-0.09655 -4.8
-0.0963 -5.3
-0.09606 -5.8
-0.09581 -6.1
-0.09557 -6.3
-0.09533 -6.3
-0.09508 -6.3
-0.09484 -6.1
-0.09459 -5.7
-0.09435 -5.3
-0.0941 -4.7
-0.09386 -4.1
-0.09362 -3.3
-0.09337 -2.5
-0.09313 -1.6
-0.09288 -0.7
-0.09264 0.2
-0.0924 1.1
-0.09215 2.0
-0.09191 2.9
-0.09166 3.7
-0.09142 4.4
-0.09118 5.0
-0.09093 5.6
-0.09069 6.0
-0.09044 6.2
-0.0902 6.4
-0.08995 6.4
-0.08971 6.3
-0.08947 6.0
-0.08922 5.6
-0.08898 5.1
-0.08873 4.5
-0.08849 3.8
-0.08825 3.0
-0.088 2.1
-0.08776 1.2
-0.08751 0.2
-0.08727 -0.7
-0.08702 -1.7
-0.08678 -2.6
-0.08654 -3.4
-0.08629 -4.2
-0.08605 -4.9
-0.0858 -5.5
-0.08556 -5.9
-0.08532 -6.3
-0.08507 -6.5
-0.08483 -6.5
-0.08458 -6.4
-0.08434 -6.2
-0.0841 -5.8
-0.08385 -5.3
-0.08361 -4.6
-0.08336 -3.9
-0.08312 -3.1
-0.08287 -2.2
-0.08263 -1.2
-0.08239 -0.2
-0.08214 0.8
-0.0819 1.7
-0.08165 2.7
-0.08141 3.6
-0.08117 4.3
-0.08092 5.0
-0.08068 5.6
-0.08043 6.1
-0.08019 6.4
-0.07994 6.6
-0.0797 6.6
-0.07946 6.4
-0.07921 6.1
-0.07897 5.7
-0.07872 5.1
-0.07848 4.4
-0.07824 3.6
-0.07799 2.8
-0.07775 1.8
-0.0775 0.8
-0.07726 -0.2
-0.07701 -1.2
-0.07677 -2.2
-0.07653 -3.2
-0.07628 -4.0
-0.07604 -4.8
-0.07579 -5.5
-0.07555 -6.0
-0.07531 -6.4
-0.07506 -6.6
-0.07482 -6.7
-0.07457 -6.6
-0.07433 -6.3
-0.07409 -5.9
-0.07384 -5.4
-0.0736 -4.7
-0.07335 -3.9
-0.07311 -3.0
-0.07286 -2.0
-0.07262 -1.0
-0.07238 0.0
-0.07213 1.2
-0.07189 2.2
-0.07164 3.2
-0.0714 4.1
-0.07116 4.9
-0.07091 5.6
-0.07067 6.1
-0.07042 6.5
-0.07018 6.7
-0.06993 6.8
-0.06969 6.7
-0.06945 6.4
-0.0692 5.9
-0.06896 5.3
-0.06871 4.6
-0.06847 3.7
-0.06823 2.8
-0.06798 1.7
-0.06774 0.6
-0.06749 -0.5
-0.06725 -1.6
-0.06701 -2.6
-0.06676 -3.6
-0.06652 -4.5
-0.06627 -5.3
-0.06603 -5.9
-0.06578 -6.4
-0.06554 -6.7
-0.0653 -6.9
-0.06505 -6.8
-0.06481 -6.6
-0.06456 -6.2
-0.06432 -5.6
-0.06408 -4.9
-0.06383 -4.1
-0.06359 -3.1
-0.06334 -2.0
-0.0631 -0.9
-0.06285 0.3
-0.06261 1.4
-0.06237 2.5
-0.06212 3.5
-0.06188 4.5
-0.06163 5.3
-0.06139 6.0
-0.06115 6.5
-0.0609 6.9
-0.06066 7.0
-0.06041 7.0
-0.06017 6.7
-0.05993 6.3
-0.05968 5.7
-0.05944 4.9
-0.05919 4.0
-0.05895 2.9
-0.0587 1.8
-0.05846 0.6
-0.05822 -0.6
-0.05797 -1.8
-0.05773 -2.9
-0.05748 -4.0
-0.05724 -4.9
-0.057 -5.7
-0.05675 -6.4
-0.05651 -6.8
-0.05626 -7.1
-0.05602 -7.1
-0.05577 -7.0
-0.05553 -6.6
-0.05529 -6.0
-0.05504 -5.3
-0.0548 -4.4
-0.05455 -3.3
-0.05431 -2.2
-0.05407 -1.0
-0.05382 0.3
-0.05358 1.5
-0.05333 2.8
-0.05309 3.9
-0.05285 4.9
-0.0526 5.8
-0.05236 6.4
-0.05211 6.9
-0.05187 7.2
-0.05162 7.3
-0.05138 7.1
-0.05114 6.7
-0.05089 6.1
-0.05065 5.3
-0.0504 4.3
-0.05016 3.2
-0.04992 2.0
-0.04967 0.7
-0.04943 -0.6
-0.04918 -1.9
-0.04894 -3.2
-0.04869 -4.3
-0.04845 -5.3
-0.04821 -6.2
-0.04796 -6.8
-0.04772 -7.2
-0.04747 -7.4
-0.04723 -7.3
-0.04699 -7.0
-0.04674 -6.5
-0.0465 -5.7
-0.04625 -4.7
-0.04601 -3.6
-0.04576 -2.4
-0.04552 -1.0
-0.04528 0.3
-0.04503 1.7
-0.04479 3.0
-0.04454 4.3
-0.0443 5.3
-0.04406 6.2
-0.04381 6.9
-0.04357 7.4
-0.04332 7.6
-0.04308 7.5
-0.04284 7.1
-0.04259 6.5
-0.04235 5.7
-0.0421 4.7
-0.04186 3.4
-0.04161 2.1
-0.04137 0.7
-0.04113 -0.8
-0.04088 -2.2
-0.04064 -3.6
-0.04039 -4.8
-0.04015 -5.9
-0.03991 -6.7
-0.03966 -7.3
-0.03942 -7.7
-0.03917 -7.7
-0.03893 -7.5
-0.03868 -6.9
-0.03844 -6.1
-0.0382 -5.1
-0.03795 -3.9
-0.03771 -2.5
-0.03746 -1.0
-0.03722 0.6
-0.03698 2.1
-0.03673 3.6
-0.03649 4.9
-0.03624 6.0
-0.036 6.9
-0.03576 7.5
-0.03551 7.9
-0.03527 7.9
-0.03502 7.6
-0.03478 7.0
-0.03453 6.1
-0.03429 4.9
-0.03405 3.5
-0.0338 2.0
-0.03356 0.4
-0.03331 -1.2
-0.03307 -2.8
-0.03283 -4.3
-0.03258 -5.6
-0.03234 -6.7
-0.03209 -7.5
-0.03185 -8.0
-0.0316 -8.1
-0.03136 -7.9
-0.03112 -7.3
-0.03087 -6.4
-0.03063 -5.2
-0.03038 -3.8
-0.03014 -2.2
-0.0299 -0.5
-0.02965 1.3
-0.02941 3.0
-0.02916 4.6
-0.02892 5.9
-0.02868 7.1
-0.02843 7.8
-0.02819 8.3
-0.02794 8.3
-0.0277 8.0
-0.02745 7.2
-0.02721 6.1
-0.02697 4.7
-0.02672 3.1
-0.02648 1.3
-0.02623 -0.6
-0.02599 -2.5
-0.02575 -4.2
-0.0255 -5.8
-0.02526 -7.0
-0.02501 -8.0
-0.02477 -8.5
-0.02452 -8.6
-0.02428 -8.2
-0.02404 -7.4
-0.02379 -6.2
-0.02355 -4.7
-0.0233 -2.9
-0.02306 -1.0
-0.02282 1.1
-0.02257 3.1
-0.02233 4.9
-0.02208 6.5
-0.02184 7.7
-0.0216 8.5
-0.02135 8.9
-0.02111 8.7
-0.02086 8.0
-0.02062 6.9
-0.02037 5.3
-0.02013 3.4
-0.01989 1.3
-0.01964 -0.9
-0.0194 -3.1
-0.01915 -5.1
-0.01891 -6.8
-0.01867 -8.1
-0.01842 -9.0
-0.01818 -9.2
-0.01793 -8.9
-0.01769 -8.0
-0.01744 -6.6
-0.0172 -4.7
-0.01696 -2.5
-0.01671 0.0
-0.01647 2.4
-0.01622 4.7
-0.01598 6.7
-0.01574 8.3
-0.01549 9.3
-0.01525 9.6
-0.015 9.3
-0.01476 8.2
-0.01451 6.6
-0.01427 4.4
-0.01403 1.9
-0.01378 -0.8
-0.01354 -3.5
-0.01329 -6.0
-0.01305 -8.0
-0.01281 -9.4
-0.01256 -10.0
-0.01232 -9.9
-0.01207 -8.9
-0.01183 -7.1
-0.01159 -4.7
-0.01134 -1.8
-0.0111 1.3
-0.01085 4.3
-0.01061 7.0
-0.01036 9.1
-0.01012 10.3
-0.00988 10.6
-0.00963 9.8
-0.00939 8.1
-0.00914 5.5
-0.0089 2.2
-0.00866 -1.4
-0.00841 -4.9
-0.00817 -7.9
-0.00792 -10.1
-0.00768 -11.3
-0.00743 -11.1
-0.00719 -9.5
-0.00695 -6.7
-0.0067 -3.0
-0.00646 1.2
-0.00621 5.4
-0.00597 9.0
-0.00573 11.4
-0.00548 12.3
-0.00524 11.2
-0.00499 8.4
-0.00475 4.1
-0.00451 -1.1
-0.00426 -6.3
-0.00402 -10.6
-0.00377 -13.1
-0.00353 -13.1
-0.00328 -10.3
-0.00304 -5.1
-0.0028 1.7
-0.00255 8.5
-0.00231 13.6
-0.00206 15.1
-0.00182 12.1
-0.00158 4.8
-0.00133 -5.0
-0.00109 -13.7
-0.00084 -17.3
-0.0006 -12.5
-0.00035 0.3
-0.00011 14.6
0.00013 18.1
0.00038 3.6
0.00062 -14.1
0.00087 -11.8
0.00111 5.2
0.00135 10.4
0.0016 -0.4
0.00184 -6.8
0.00209 -1.1
0.00233 4.0
0.00257 1.3
0.00282 -2.3
0.00306 -1.1
0.00331 1.3
0.00355 0.8
0.0038 -0.7
0.00404 -0.6
0.00428 0.4
0.00453 0.4
0.00477 -0.2
0.00502 -0.3
0.00526 0.0
0.0055 0.2
0.00575 0.0
0.00599 -0.1
0.00624 0.0
0.00648 0.0
0.00673 0.0
0.00697 0.0
0.00721 0.0
0.00746 0.0
0.0077 0.0
0.00795 0.0
0.00819 0.0
0.00843 0.0
0.00868 0.0
0.00892 0.0
0.00917 0.0
0.00941 0.0
0.00965 0.0
0.0099 0.0
0.01014 0.0
0.01039 0.0
0.01063 0.0
0.01088 0.0
0.01112 0.0
0.01136 0.0
0.01161 0.0
0.01185 0.0
0.0121 0.0
0.01234 0.0
0.01258 0.0
0.01283 0.0
0.01307 0.0
0.01332 0.0
0.01356 0.0
0.01381 0.0
0.01405 0.0
0.01429 0.0
0.01454 0.0
0.01478 0.0
0.01503 0.0
0.01527 0.0
0.01551 0.0
0.01576 0.0
0.016 0.0
0.01625 0.0
0.01649 0.0
0.01674 0.0
0.01698 0.0
0.01722 0.0
0.01747 0.0
0.01771 0.0
0.01796 0.0
0.0182 0.0
0.01844 0.0
0.01869 0.0
0.01893 0.0
0.01918 0.0
0.01942 0.0
0.01966 0.0
0.01991 0.0
0.02015 0.0
0.0204 0.0
0.02064 0.0
0.02089 0.0
0.02113 0.0
0.02137 0.0
0.02162 0.0
0.02186 0.0
0.02211 0.0
0.02235 0.0
0.02259 0.0
0.02284 0.0
0.02308 0.0
0.02333 0.0
0.02357 0.0
0.02382 0.0
0.02406 0.0
0.0243 0.0
0.02455 0.0
0.02479 0.0
0.02504 0.0
0.02528 0.0
0.02552 0.0
0.02577 0.0
0.02601 0.0
0.02626 0.0
0.0265 0.0
0.02674 0.0
0.02699 0.0
0.02723 0.0
0.02748 0.0
0.02772 0.0
0.02797 0.0
0.02821 0.0
0.02845 0.0
0.0287 0.0
0.02894 0.0
0.02919 0.0
0.02943 0.0
0.02967 0.0
0.02992 0.0
0.03016 0.0
0.03041 0.0
0.03065 0.0
0.0309 0.0
0.03114 0.0
0.03138 0.0
0.03163 0.0
0.03187 0.0
0.03212 0.0
0.03236 0.0
0.0326 0.0
0.03285 0.0
0.03309 0.0
0.03334 0.0
0.03358 0.0
0.03382 0.0
0.03407 0.0
0.03431 0.0
0.03456 0.0
0.0348 0.0
0.03505 0.0
0.03529 0.0
0.03553 0.0
0.03578 0.0
0.03602 0.0
0.03627 0.0
0.03651 0.0
0.03675 0.0
0.037 0.0
0.03724 0.0
0.03749 0.0
0.03773 0.0
0.03798 0.0
0.03822 0.0
0.03846 0.0
0.03871 0.0
0.03895 0.0
0.0392 0.0
0.03944 0.0
0.03968 0.0
0.03993 0.0
0.04017 0.0
0.04042 0.0
0.04066 0.0
0.0409 0.0
0.04115 0.0
0.04139 0.0
0.04164 0.0
