t strain*1e23
-3.77656 -2.0
-3.77632 -2.0
-3.77608 -2.0
-3.77583 -2.0
-3.77559 -2.0
-3.77534 -1.9
-3.7751 -1.9
-3.77486 -1.9
-3.77461 -1.9
-3.77437 -1.8
-3.77412 -1.8
-3.77388 -1.8
-3.77363 -1.7
-3.77339 -1.7
-3.77315 -1.6
-3.7729 -1.6
-3.77266 -1.5
-3.77241 -1.5
-3.77217 -1.4
-3.77193 -1.4
-3.77168 -1.3
-3.77144 -1.2
-3.77119 -1.2
-3.77095 -1.1
-3.77071 -1.0
-3.77046 -1.0
-3.77022 -0.9
-3.76997 -0.8
-3.76973 -0.8
-3.76948 -0.7
-3.76924 -0.6
-3.769 -0.5
-3.76875 -0.5
-3.76851 -0.4
-3.76826 -0.3
-3.76802 -0.2
-3.76778 -0.2
-3.76753 0.0
-3.76729 0.0
-3.76704 0.0
-3.7668 0.1
-3.76655 0.2
-3.76631 0.3
-3.76607 0.4
-3.76582 0.5
-3.76558 0.5
-3.76533 0.6
-3.76509 0.7
-3.76485 0.8
-3.7646 0.8
-3.76436 0.9
-3.76411 1.0
-3.76387 1.0
-3.76363 1.1
-3.76338 1.2
-3.76314 1.2
-3.76289 1.3
-3.76265 1.3
-3.7624 1.4
-3.76216 1.5
-3.76192 1.5
-3.76167 1.6
-3.76143 1.6
-3.76118 1.7
-3.76094 1.7
-3.7607 1.7
-3.76045 1.8
-3.76021 1.8
-3.75996 1.9
-3.75972 1.9
-3.75947 1.9
-3.75923 1.9
-3.75899 2.0
-3.75874 2.0
-3.7585 2.0
-3.75825 2.0
-3.75801 2.0
-3.75777 2.0
-3.75752 2.0
-3.75728 2.0
-3.75703 2.0
-3.75679 2.0
-3.75655 2.0
-3.7563 2.0
-3.75606 2.0
-3.75581 2.0
-3.75557 2.0
-3.75532 1.9
-3.75508 1.9
-3.75484 1.9
-3.75459 1.9
-3.75435 1.8
-3.7541 1.8
-3.75386 1.7
-3.75362 1.7
-3.75337 1.7
-3.75313 1.6
-3.75288 1.6
-3.75264 1.5
-3.75239 1.5
-3.75215 1.4
-3.75191 1.4
-3.75166 1.3
-3.75142 1.2
-3.75117 1.2
-3.75093 1.1
-3.75069 1.0
-3.75044 1.0
-3.7502 0.9
-3.74995 0.8
-3.74971 0.8
-3.74946 0.7
-3.74922 0.6
-3.74898 0.5
-3.74873 0.5
-3.74849 0.4
-3.74824 0.3
-3.748 0.2
-3.74776 0.1
-3.74751 0.0
-3.74727 0.0
-3.74702 0.0
-3.74678 -0.2
-3.74654 -0.2
-3.74629 -0.3
-3.74605 -0.4
-3.7458 -0.5
-3.74556 -0.6
-3.74531 -0.6
-3.74507 -0.7
-3.74483 -0.8
-3.74458 -0.8
-3.74434 -0.9
-3.74409 -1.0
-3.74385 -1.1
-3.74361 -1.1
-3.74336 -1.2
-3.74312 -1.2
-3.74287 -1.3
-3.74263 -1.4
-3.74238 -1.4
-3.74214 -1.5
-3.7419 -1.5
-3.74165 -1.6
-3.74141 -1.6
-3.74116 -1.7
-3.74092 -1.7
-3.74068 -1.8
-3.74043 -1.8
-3.74019 -1.8
-3.73994 -1.9
-3.7397 -1.9
-3.73946 -1.9
-3.73921 -1.9
-3.73897 -2.0
-3.73872 -2.0
-3.73848 -2.0
-3.73823 -2.0
-3.73799 -2.0
-3.73775 -2.0
-3.7375 -2.0
-3.73726 -2.0
-3.73701 -2.0
-3.73677 -2.0
-3.73653 -2.0
-3.73628 -2.0
-3.73604 -2.0
-3.73579 -2.0
-3.73555 -2.0
-3.7353 -1.9
-3.73506 -1.9
-3.73482 -1.9
-3.73457 -1.8
-3.73433 -1.8
-3.73408 -1.8
-3.73384 -1.7
-3.7336 -1.7
-3.73335 -1.6
-3.73311 -1.6
-3.73286 -1.6
-3.73262 -1.5
-3.73238 -1.4
-3.73213 -1.4
-3.73189 -1.3
-3.73164 -1.3
-3.7314 -1.2
-3.73115 -1.1
-3.73091 -1.1
-3.73067 -1.0
-3.73042 -0.9
-3.73018 -0.9
-3.72993 -0.8
-3.72969 -0.7
-3.72945 -0.7
-3.7292 -0.6
-3.72896 -0.5
-3.72871 -0.4
-3.72847 -0.3
-3.72822 -0.3
-3.72798 -0.2
-3.72774 -0.1
-3.72749 0.0
-3.72725 0.0
-3.727 0.1
-3.72676 0.2
-3.72652 0.3
-3.72627 0.4
-3.72603 0.4
-3.72578 0.5
-3.72554 0.6
-3.7253 0.7
-3.72505 0.7
-3.72481 0.8
-3.72456 0.9
-3.72432 0.9
-3.72407 1.0
-3.72383 1.1
-3.72359 1.1
-3.72334 1.2
-3.7231 1.3
-3.72285 1.3
-3.72261 1.4
-3.72237 1.5
-3.72212 1.5
-3.72188 1.6
-3.72163 1.6
-3.72139 1.7
-3.72114 1.7
-3.7209 1.7
-3.72066 1.8
-3.72041 1.8
-3.72017 1.9
-3.71992 1.9
-3.71968 1.9
-3.71944 1.9
-3.71919 2.0
-3.71895 2.0
-3.7187 2.0
-3.71846 2.0
-3.71821 2.0
-3.71797 2.0
-3.71773 2.0
-3.71748 2.0
-3.71724 2.0
-3.71699 2.0
-3.71675 2.0
-3.71651 2.0
-3.71626 2.0
-3.71602 2.0
-3.71577 2.0
-3.71553 1.9
-3.71529 1.9
-3.71504 1.9
-3.7148 1.9
-3.71455 1.8
-3.71431 1.8
-3.71406 1.8
-3.71382 1.7
-3.71358 1.7
-3.71333 1.6
-3.71309 1.6
-3.71284 1.5
-3.7126 1.5
-3.71236 1.4
-3.71211 1.4
-3.71187 1.3
-3.71162 1.2
-3.71138 1.2
-3.71113 1.1
-3.71089 1.0
-3.71065 1.0
-3.7104 0.9
-3.71016 0.8
-3.70991 0.8
-3.70967 0.7
-3.70943 0.6
-3.70918 0.5
-3.70894 0.5
-3.70869 0.4
-3.70845 0.3
-3.70821 0.2
-3.70796 0.2
-3.70772 0.0
-3.70747 0.0
-3.70723 0.0
-3.70698 -0.2
-3.70674 -0.2
-3.7065 -0.3
-3.70625 -0.4
-3.70601 -0.5
-3.70576 -0.6
-3.70552 -0.6
-3.70528 -0.7
-3.70503 -0.8
-3.70479 -0.8
-3.70454 -0.9
-3.7043 -1.0
-3.70405 -1.1
-3.70381 -1.1
-3.70357 -1.2
-3.70332 -1.3
-3.70308 -1.3
-3.70283 -1.4
-3.70259 -1.4
-3.70235 -1.5
-3.7021 -1.5
-3.70186 -1.6
-3.70161 -1.6
-3.70137 -1.7
-3.70113 -1.7
-3.70088 -1.8
-3.70064 -1.8
-3.70039 -1.8
-3.70015 -1.9
-3.6999 -1.9
-3.69966 -1.9
-3.69942 -2.0
-3.69917 -2.0
-3.69893 -2.0
-3.69868 -2.0
-3.69844 -2.0
-3.6982 -2.0
-3.69795 -2.0
-3.69771 -2.0
-3.69746 -2.0
-3.69722 -2.0
-3.69697 -2.0
-3.69673 -2.0
-3.69649 -2.0
-3.69624 -2.0
-3.696 -2.0
-3.69575 -2.0
-3.69551 -1.9
-3.69527 -1.9
-3.69502 -1.9
-3.69478 -1.8
-3.69453 -1.8
-3.69429 -1.8
-3.69405 -1.7
-3.6938 -1.7
-3.69356 -1.6
-3.69331 -1.6
-3.69307 -1.5
-3.69282 -1.5
-3.69258 -1.4
-3.69234 -1.4
-3.69209 -1.3
-3.69185 -1.3
-3.6916 -1.2
-3.69136 -1.1
-3.69112 -1.1
-3.69087 -1.0
-3.69063 -0.9
-3.69038 -0.9
-3.69014 -0.8
-3.68989 -0.7
-3.68965 -0.6
-3.68941 -0.6
-3.68916 -0.5
-3.68892 -0.4
-3.68867 -0.3
-3.68843 -0.3
-3.68819 -0.2
-3.68794 0.0
-3.6877 0.0
-3.68745 0.0
-3.68721 0.1
-3.68696 0.2
-3.68672 0.3
-3.68648 0.4
-3.68623 0.5
-3.68599 0.5
-3.68574 0.6
-3.6855 0.7
-3.68526 0.8
-3.68501 0.8
-3.68477 0.9
-3.68452 1.0
-3.68428 1.0
-3.68404 1.1
-3.68379 1.2
-3.68355 1.2
-3.6833 1.3
-3.68306 1.4
-3.68281 1.4
-3.68257 1.5
-3.68233 1.5
-3.68208 1.6
-3.68184 1.6
-3.68159 1.7
-3.68135 1.7
-3.68111 1.8
-3.68086 1.8
-3.68062 1.8
-3.68037 1.9
-3.68013 1.9
-3.67988 1.9
-3.67964 2.0
-3.6794 2.0
-3.67915 2.0
-3.67891 2.0
-3.67866 2.0
-3.67842 2.0
-3.67818 2.0
-3.67793 2.0
-3.67769 2.0
-3.67744 2.0
-3.6772 2.0
-3.67696 2.0
-3.67671 2.0
-3.67647 2.0
-3.67622 2.0
-3.67598 2.0
-3.67573 1.9
-3.67549 1.9
-3.67525 1.9
-3.675 1.9
-3.67476 1.8
-3.67451 1.8
-3.67427 1.7
-3.67403 1.7
-3.67378 1.7
-3.67354 1.6
-3.67329 1.6
-3.67305 1.5
-3.6728 1.4
-3.67256 1.4
-3.67232 1.3
-3.67207 1.3
-3.67183 1.2
-3.67158 1.1
-3.67134 1.1
-3.6711 1.0
-3.67085 0.9
-3.67061 0.9
-3.67036 0.8
-3.67012 0.7
-3.66988 0.6
-3.66963 0.6
-3.66939 0.5
-3.66914 0.4
-3.6689 0.3
-3.66865 0.3
-3.66841 0.2
-3.66817 0.1
-3.66792 0.0
-3.66768 0.0
-3.66743 -0.1
-3.66719 -0.2
-3.66695 -0.3
-3.6667 -0.4
-3.66646 -0.4
-3.66621 -0.5
-3.66597 -0.6
-3.66572 -0.7
-3.66548 -0.8
-3.66524 -0.8
-3.66499 -0.9
-3.66475 -1.0
-3.6645 -1.0
-3.66426 -1.1
-3.66402 -1.2
-3.66377 -1.2
-3.66353 -1.3
-3.66328 -1.4
-3.66304 -1.4
-3.6628 -1.5
-3.66255 -1.5
-3.66231 -1.6
-3.66206 -1.6
-3.66182 -1.7
-3.66157 -1.7
-3.66133 -1.8
-3.66109 -1.8
-3.66084 -1.8
-3.6606 -1.9
-3.66035 -1.9
-3.66011 -1.9
-3.65987 -2.0
-3.65962 -2.0
-3.65938 -2.0
-3.65913 -2.0
-3.65889 -2.0
-3.65864 -2.0
-3.6584 -2.0
-3.65816 -2.0
-3.65791 -2.0
-3.65767 -2.0
-3.65742 -2.0
-3.65718 -2.0
-3.65694 -2.0
-3.65669 -2.0
-3.65645 -2.0
-3.6562 -2.0
-3.65596 -1.9
-3.65571 -1.9
-3.65547 -1.9
-3.65523 -1.9
-3.65498 -1.8
-3.65474 -1.8
-3.65449 -1.7
-3.65425 -1.7
-3.65401 -1.7
-3.65376 -1.6
-3.65352 -1.6
-3.65327 -1.5
-3.65303 -1.5
-3.65279 -1.4
-3.65254 -1.3
-3.6523 -1.3
-3.65205 -1.2
-3.65181 -1.1
-3.65156 -1.1
-3.65132 -1.0
-3.65108 -0.9
-3.65083 -0.9
-3.65059 -0.8
-3.65034 -0.7
-3.6501 -0.6
-3.64986 -0.6
-3.64961 -0.5
-3.64937 -0.4
-3.64912 -0.3
-3.64888 -0.3
-3.64863 -0.2
-3.64839 -0.1
-3.64815 0.0
-3.6479 0.0
-3.64766 0.1
-3.64741 0.2
-3.64717 0.3
-3.64693 0.4
-3.64668 0.5
-3.64644 0.5
-3.64619 0.6
-3.64595 0.7
-3.64571 0.8
-3.64546 0.8
-3.64522 0.9
-3.64497 1.0
-3.64473 1.0
-3.64448 1.1
-3.64424 1.2
-3.644 1.2
-3.64375 1.3
-3.64351 1.4
-3.64326 1.4
-3.64302 1.5
-3.64278 1.5
-3.64253 1.6
-3.64229 1.6
-3.64204 1.7
-3.6418 1.7
-3.64155 1.8
-3.64131 1.8
-3.64107 1.8
-3.64082 1.9
-3.64058 1.9
-3.64033 1.9
-3.64009 2.0
-3.63985 2.0
-3.6396 2.0
-3.63936 2.0
-3.63911 2.0
-3.63887 2.0
-3.63863 2.0
-3.63838 2.0
-3.63814 2.1
-3.63789 2.0
-3.63765 2.0
-3.6374 2.0
-3.63716 2.0
-3.63692 2.0
-3.63667 2.0
-3.63643 2.0
-3.63618 1.9
-3.63594 1.9
-3.6357 1.9
-3.63545 1.9
-3.63521 1.8
-3.63496 1.8
-3.63472 1.7
-3.63447 1.7
-3.63423 1.7
-3.63399 1.6
-3.63374 1.6
-3.6335 1.5
-3.63325 1.4
-3.63301 1.4
-3.63277 1.3
-3.63252 1.3
-3.63228 1.2
-3.63203 1.1
-3.63179 1.1
-3.63155 1.0
-3.6313 0.9
-3.63106 0.9
-3.63081 0.8
-3.63057 0.7
-3.63032 0.6
-3.63008 0.6
-3.62984 0.5
-3.62959 0.4
-3.62935 0.3
-3.6291 0.2
-3.62886 0.2
-3.62862 0.0
-3.62837 0.0
-3.62813 0.0
-3.62788 -0.2
-3.62764 -0.2
-3.62739 -0.3
-3.62715 -0.4
-3.62691 -0.5
-3.62666 -0.5
-3.62642 -0.6
-3.62617 -0.7
-3.62593 -0.8
-3.62569 -0.8
-3.62544 -0.9
-3.6252 -1.0
-3.62495 -1.1
-3.62471 -1.1
-3.62446 -1.2
-3.62422 -1.3
-3.62398 -1.3
-3.62373 -1.4
-3.62349 -1.4
-3.62324 -1.5
-3.623 -1.5
-3.62276 -1.6
-3.62251 -1.6
-3.62227 -1.7
-3.62202 -1.7
-3.62178 -1.8
-3.62154 -1.8
-3.62129 -1.9
-3.62105 -1.9
-3.6208 -1.9
-3.62056 -1.9
-3.62031 -2.0
-3.62007 -2.0
-3.61983 -2.0
-3.61958 -2.0
-3.61934 -2.0
-3.61909 -2.0
-3.61885 -2.0
-3.61861 -2.1
-3.61836 -2.1
-3.61812 -2.0
-3.61787 -2.0
-3.61763 -2.0
-3.61738 -2.0
-3.61714 -2.0
-3.6169 -2.0
-3.61665 -2.0
-3.61641 -1.9
-3.61616 -1.9
-3.61592 -1.9
-3.61568 -1.8
-3.61543 -1.8
-3.61519 -1.8
-3.61494 -1.7
-3.6147 -1.7
-3.61446 -1.6
-3.61421 -1.6
-3.61397 -1.5
-3.61372 -1.5
-3.61348 -1.4
-3.61323 -1.4
-3.61299 -1.3
-3.61275 -1.2
-3.6125 -1.2
-3.61226 -1.1
-3.61201 -1.0
-3.61177 -1.0
-3.61153 -0.9
-3.61128 -0.8
-3.61104 -0.8
-3.61079 -0.7
-3.61055 -0.6
-3.6103 -0.5
-3.61006 -0.5
-3.60982 -0.4
-3.60957 -0.3
-3.60933 -0.2
-3.60908 -0.1
-3.60884 0.0
-3.6086 0.0
-3.60835 0.1
-3.60811 0.2
-3.60786 0.3
-3.60762 0.3
-3.60738 0.4
-3.60713 0.5
-3.60689 0.6
-3.60664 0.7
-3.6064 0.7
-3.60615 0.8
-3.60591 0.9
-3.60567 0.9
-3.60542 1.0
-3.60518 1.1
-3.60493 1.2
-3.60469 1.2
-3.60445 1.3
-3.6042 1.3
-3.60396 1.4
-3.60371 1.5
-3.60347 1.5
-3.60322 1.6
-3.60298 1.6
-3.60274 1.7
-3.60249 1.7
-3.60225 1.8
-3.602 1.8
-3.60176 1.8
-3.60152 1.9
-3.60127 1.9
-3.60103 1.9
-3.60078 2.0
-3.60054 2.0
-3.6003 2.0
-3.60005 2.0
-3.59981 2.0
-3.59956 2.0
-3.59932 2.0
-3.59907 2.1
-3.59883 2.1
-3.59859 2.1
-3.59834 2.0
-3.5981 2.0
-3.59785 2.0
-3.59761 2.0
-3.59737 2.0
-3.59712 2.0
-3.59688 2.0
-3.59663 1.9
-3.59639 1.9
-3.59614 1.9
-3.5959 1.8
-3.59566 1.8
-3.59541 1.8
-3.59517 1.7
-3.59492 1.7
-3.59468 1.6
-3.59444 1.6
-3.59419 1.5
-3.59395 1.5
-3.5937 1.4
-3.59346 1.3
-3.59321 1.3
-3.59297 1.2
-3.59273 1.2
-3.59248 1.1
-3.59224 1.0
-3.59199 0.9
-3.59175 0.9
-3.59151 0.8
-3.59126 0.7
-3.59102 0.6
-3.59077 0.6
-3.59053 0.5
-3.59029 0.4
-3.59004 0.3
-3.5898 0.3
-3.58955 0.2
-3.58931 0.0
-3.58906 0.0
-3.58882 0.0
-3.58858 -0.1
-3.58833 -0.2
-3.58809 -0.3
-3.58784 -0.4
-3.5876 -0.5
-3.58736 -0.5
-3.58711 -0.6
-3.58687 -0.7
-3.58662 -0.8
-3.58638 -0.8
-3.58613 -0.9
-3.58589 -1.0
-3.58565 -1.1
-3.5854 -1.1
-3.58516 -1.2
-3.58491 -1.3
-3.58467 -1.3
-3.58443 -1.4
-3.58418 -1.4
-3.58394 -1.5
-3.58369 -1.5
-3.58345 -1.6
-3.58321 -1.6
-3.58296 -1.7
-3.58272 -1.7
-3.58247 -1.8
-3.58223 -1.8
-3.58198 -1.9
-3.58174 -1.9
-3.5815 -1.9
-3.58125 -1.9
-3.58101 -2.0
-3.58076 -2.0
-3.58052 -2.0
-3.58028 -2.0
-3.58003 -2.0
-3.57979 -2.0
-3.57954 -2.1
-3.5793 -2.1
-3.57905 -2.1
-3.57881 -2.1
-3.57857 -2.0
-3.57832 -2.0
-3.57808 -2.0
-3.57783 -2.0
-3.57759 -2.0
-3.57735 -2.0
-3.5771 -1.9
-3.57686 -1.9
-3.57661 -1.9
-3.57637 -1.9
-3.57613 -1.8
-3.57588 -1.8
-3.57564 -1.7
-3.57539 -1.7
-3.57515 -1.6
-3.5749 -1.6
-3.57466 -1.5
-3.57442 -1.5
-3.57417 -1.4
-3.57393 -1.4
-3.57368 -1.3
-3.57344 -1.2
-3.5732 -1.2
-3.57295 -1.1
-3.57271 -1.0
-3.57246 -1.0
-3.57222 -0.9
-3.57197 -0.8
-3.57173 -0.8
-3.57149 -0.7
-3.57124 -0.6
-3.571 -0.5
-3.57075 -0.4
-3.57051 -0.4
-3.57027 -0.3
-3.57002 -0.2
-3.56978 -0.1
-3.56953 0.0
-3.56929 0.0
-3.56905 0.1
-3.5688 0.2
-3.56856 0.3
-3.56831 0.4
-3.56807 0.4
-3.56782 0.5
-3.56758 0.6
-3.56734 0.7
-3.56709 0.7
-3.56685 0.8
-3.5666 0.9
-3.56636 1.0
-3.56612 1.0
-3.56587 1.1
-3.56563 1.2
-3.56538 1.2
-3.56514 1.3
-3.56489 1.4
-3.56465 1.4
-3.56441 1.5
-3.56416 1.5
-3.56392 1.6
-3.56367 1.6
-3.56343 1.7
-3.56319 1.7
-3.56294 1.8
-3.5627 1.8
-3.56245 1.9
-3.56221 1.9
-3.56196 1.9
-3.56172 1.9
-3.56148 2.0
-3.56123 2.0
-3.56099 2.0
-3.56074 2.0
-3.5605 2.0
-3.56026 2.0
-3.56001 2.1
-3.55977 2.1
-3.55952 2.1
-3.55928 2.1
-3.55904 2.1
-3.55879 2.0
-3.55855 2.0
-3.5583 2.0
-3.55806 2.0
-3.55781 2.0
-3.55757 2.0
-3.55733 1.9
-3.55708 1.9
-3.55684 1.9
-3.55659 1.8
-3.55635 1.8
-3.55611 1.7
-3.55586 1.7
-3.55562 1.7
-3.55537 1.6
-3.55513 1.5
-3.55488 1.5
-3.55464 1.4
-3.5544 1.4
-3.55415 1.3
-3.55391 1.3
-3.55366 1.2
-3.55342 1.1
-3.55318 1.1
-3.55293 1.0
-3.55269 0.9
-3.55244 0.8
-3.5522 0.8
-3.55196 0.7
-3.55171 0.6
-3.55147 0.5
-3.55122 0.5
-3.55098 0.4
-3.55073 0.3
-3.55049 0.2
-3.55025 0.1
-3.55 0.0
-3.54976 0.0
-3.54951 -0.1
-3.54927 -0.2
-3.54903 -0.3
-3.54878 -0.3
-3.54854 -0.4
-3.54829 -0.5
-3.54805 -0.6
-3.5478 -0.7
-3.54756 -0.7
-3.54732 -0.8
-3.54707 -0.9
-3.54683 -1.0
-3.54658 -1.0
-3.54634 -1.1
-3.5461 -1.2
-3.54585 -1.2
-3.54561 -1.3
-3.54536 -1.4
-3.54512 -1.4
-3.54488 -1.5
-3.54463 -1.5
-3.54439 -1.6
-3.54414 -1.6
-3.5439 -1.7
-3.54365 -1.7
-3.54341 -1.8
-3.54317 -1.8
-3.54292 -1.8
-3.54268 -1.9
-3.54243 -1.9
-3.54219 -1.9
-3.54195 -2.0
-3.5417 -2.0
-3.54146 -2.0
-3.54121 -2.0
-3.54097 -2.0
-3.54072 -2.1
-3.54048 -2.1
-3.54024 -2.1
-3.53999 -2.1
-3.53975 -2.1
-3.5395 -2.1
-3.53926 -2.0
-3.53902 -2.0
-3.53877 -2.0
-3.53853 -2.0
-3.53828 -2.0
-3.53804 -2.0
-3.5378 -1.9
-3.53755 -1.9
-3.53731 -1.9
-3.53706 -1.8
-3.53682 -1.8
-3.53657 -1.7
-3.53633 -1.7
-3.53609 -1.7
-3.53584 -1.6
-3.5356 -1.6
-3.53535 -1.5
-3.53511 -1.4
-3.53487 -1.4
-3.53462 -1.3
-3.53438 -1.3
-3.53413 -1.2
-3.53389 -1.1
-3.53364 -1.1
-3.5334 -1.0
-3.53316 -0.9
-3.53291 -0.8
-3.53267 -0.8
-3.53242 -0.7
-3.53218 -0.6
-3.53194 -0.5
-3.53169 -0.5
-3.53145 -0.4
-3.5312 -0.3
-3.53096 -0.2
-3.53071 -0.1
-3.53047 0.0
-3.53023 0.0
-3.52998 0.1
-3.52974 0.2
-3.52949 0.3
-3.52925 0.3
-3.52901 0.4
-3.52876 0.5
-3.52852 0.6
-3.52827 0.7
-3.52803 0.7
-3.52779 0.8
-3.52754 0.9
-3.5273 1.0
-3.52705 1.0
-3.52681 1.1
-3.52656 1.2
-3.52632 1.2
-3.52608 1.3
-3.52583 1.4
-3.52559 1.4
-3.52534 1.5
-3.5251 1.5
-3.52486 1.6
-3.52461 1.6
-3.52437 1.7
-3.52412 1.7
-3.52388 1.8
-3.52363 1.8
-3.52339 1.9
-3.52315 1.9
-3.5229 1.9
-3.52266 1.9
-3.52241 2.0
-3.52217 2.0
-3.52193 2.0
-3.52168 2.0
-3.52144 2.0
-3.52119 2.1
-3.52095 2.1
-3.52071 2.1
-3.52046 2.1
-3.52022 2.1
-3.51997 2.1
-3.51973 2.0
-3.51948 2.0
-3.51924 2.0
-3.519 2.0
-3.51875 2.0
-3.51851 2.0
-3.51826 1.9
-3.51802 1.9
-3.51778 1.9
-3.51753 1.8
-3.51729 1.8
-3.51704 1.7
-3.5168 1.7
-3.51655 1.7
-3.51631 1.6
-3.51607 1.5
-3.51582 1.5
-3.51558 1.4
-3.51533 1.4
-3.51509 1.3
-3.51485 1.3
-3.5146 1.2
-3.51436 1.1
-3.51411 1.0
-3.51387 1.0
-3.51363 0.9
-3.51338 0.8
-3.51314 0.8
-3.51289 0.7
-3.51265 0.6
-3.5124 0.5
-3.51216 0.4
-3.51192 0.4
-3.51167 0.3
-3.51143 0.2
-3.51118 0.1
-3.51094 0.0
-3.5107 0.0
-3.51045 -0.1
-3.51021 -0.2
-3.50996 -0.3
-3.50972 -0.4
-3.50947 -0.4
-3.50923 -0.5
-3.50899 -0.6
-3.50874 -0.7
-3.5085 -0.8
-3.50825 -0.8
-3.50801 -0.9
-3.50777 -1.0
-3.50752 -1.0
-3.50728 -1.1
-3.50703 -1.2
-3.50679 -1.3
-3.50655 -1.3
-3.5063 -1.4
-3.50606 -1.4
-3.50581 -1.5
-3.50557 -1.5
-3.50532 -1.6
-3.50508 -1.7
-3.50484 -1.7
-3.50459 -1.7
-3.50435 -1.8
-3.5041 -1.8
-3.50386 -1.9
-3.50362 -1.9
-3.50337 -1.9
-3.50313 -2.0
-3.50288 -2.0
-3.50264 -2.0
-3.50239 -2.0
-3.50215 -2.0
-3.50191 -2.1
-3.50166 -2.1
-3.50142 -2.1
-3.50117 -2.1
-3.50093 -2.1
-3.50069 -2.1
-3.50044 -2.1
-3.5002 -2.0
-3.49995 -2.0
-3.49971 -2.0
-3.49946 -2.0
-3.49922 -2.0
-3.49898 -2.0
-3.49873 -1.9
-3.49849 -1.9
-3.49824 -1.9
-3.498 -1.8
-3.49776 -1.8
-3.49751 -1.7
-3.49727 -1.7
-3.49702 -1.6
-3.49678 -1.6
-3.49654 -1.5
-3.49629 -1.5
-3.49605 -1.4
-3.4958 -1.4
-3.49556 -1.3
-3.49531 -1.2
-3.49507 -1.2
-3.49483 -1.1
-3.49458 -1.0
-3.49434 -1.0
-3.49409 -0.9
-3.49385 -0.8
-3.49361 -0.7
-3.49336 -0.7
-3.49312 -0.6
-3.49287 -0.5
-3.49263 -0.4
-3.49238 -0.3
-3.49214 -0.3
-3.4919 -0.2
-3.49165 0.0
-3.49141 0.0
-3.49116 0.0
-3.49092 0.1
-3.49068 0.2
-3.49043 0.3
-3.49019 0.4
-3.48994 0.5
-3.4897 0.5
-3.48946 0.6
-3.48921 0.7
-3.48897 0.8
-3.48872 0.9
-3.48848 0.9
-3.48823 1.0
-3.48799 1.1
-3.48775 1.1
-3.4875 1.2
-3.48726 1.3
-3.48701 1.3
-3.48677 1.4
-3.48653 1.5
-3.48628 1.5
-3.48604 1.6
-3.48579 1.6
-3.48555 1.7
-3.4853 1.7
-3.48506 1.8
-3.48482 1.8
-3.48457 1.8
-3.48433 1.9
-3.48408 1.9
-3.48384 1.9
-3.4836 2.0
-3.48335 2.0
-3.48311 2.0
-3.48286 2.0
-3.48262 2.0
-3.48238 2.1
-3.48213 2.1
-3.48189 2.1
-3.48164 2.1
-3.4814 2.1
-3.48115 2.1
-3.48091 2.1
-3.48067 2.0
-3.48042 2.0
-3.48018 2.0
-3.47993 2.0
-3.47969 2.0
-3.47945 1.9
-3.4792 1.9
-3.47896 1.9
-3.47871 1.8
-3.47847 1.8
-3.47822 1.8
-3.47798 1.7
-3.47774 1.7
-3.47749 1.6
-3.47725 1.6
-3.477 1.5
-3.47676 1.5
-3.47652 1.4
-3.47627 1.3
-3.47603 1.3
-3.47578 1.2
-3.47554 1.1
-3.4753 1.1
-3.47505 1.0
-3.47481 0.9
-3.47456 0.9
-3.47432 0.8
-3.47407 0.7
-3.47383 0.6
-3.47359 0.5
-3.47334 0.5
-3.4731 0.4
-3.47285 0.3
-3.47261 0.2
-3.47237 0.1
-3.47212 0.0
-3.47188 0.0
-3.47163 -0.1
-3.47139 -0.2
-3.47114 -0.3
-3.4709 -0.4
-3.47066 -0.4
-3.47041 -0.5
-3.47017 -0.6
-3.46992 -0.7
-3.46968 -0.7
-3.46944 -0.8
-3.46919 -0.9
-3.46895 -1.0
-3.4687 -1.0
-3.46846 -1.1
-3.46821 -1.2
-3.46797 -1.2
-3.46773 -1.3
-3.46748 -1.4
-3.46724 -1.4
-3.46699 -1.5
-3.46675 -1.5
-3.46651 -1.6
-3.46626 -1.7
-3.46602 -1.7
-3.46577 -1.7
-3.46553 -1.8
-3.46529 -1.8
-3.46504 -1.9
-3.4648 -1.9
-3.46455 -1.9
-3.46431 -2.0
-3.46406 -2.0
-3.46382 -2.0
-3.46358 -2.0
-3.46333 -2.0
-3.46309 -2.1
-3.46284 -2.1
-3.4626 -2.1
-3.46236 -2.1
-3.46211 -2.1
-3.46187 -2.1
-3.46162 -2.1
-3.46138 -2.1
-3.46113 -2.0
-3.46089 -2.0
-3.46065 -2.0
-3.4604 -2.0
-3.46016 -2.0
-3.45991 -1.9
-3.45967 -1.9
-3.45943 -1.9
-3.45918 -1.8
-3.45894 -1.8
-3.45869 -1.7
-3.45845 -1.7
-3.45821 -1.6
-3.45796 -1.6
-3.45772 -1.5
-3.45747 -1.5
-3.45723 -1.4
-3.45698 -1.4
-3.45674 -1.3
-3.4565 -1.2
-3.45625 -1.2
-3.45601 -1.1
-3.45576 -1.0
-3.45552 -1.0
-3.45528 -0.9
-3.45503 -0.8
-3.45479 -0.7
-3.45454 -0.7
-3.4543 -0.6
-3.45405 -0.5
-3.45381 -0.4
-3.45357 -0.3
-3.45332 -0.3
-3.45308 -0.2
-3.45283 0.0
-3.45259 0.0
-3.45235 0.0
-3.4521 0.2
-3.45186 0.2
-3.45161 0.3
-3.45137 0.4
-3.45113 0.5
-3.45088 0.6
-3.45064 0.6
-3.45039 0.7
-3.45015 0.8
-3.4499 0.9
-3.44966 0.9
-3.44942 1.0
-3.44917 1.1
-3.44893 1.2
-3.44868 1.2
-3.44844 1.3
-3.4482 1.4
-3.44795 1.4
-3.44771 1.5
-3.44746 1.5
-3.44722 1.6
-3.44697 1.6
-3.44673 1.7
-3.44649 1.7
-3.44624 1.8
-3.446 1.8
-3.44575 1.9
-3.44551 1.9
-3.44527 1.9
-3.44502 2.0
-3.44478 2.0
-3.44453 2.0
-3.44429 2.0
-3.44405 2.0
-3.4438 2.1
-3.44356 2.1
-3.44331 2.1
-3.44307 2.1
-3.44282 2.1
-3.44258 2.1
-3.44234 2.1
-3.44209 2.1
-3.44185 2.0
-3.4416 2.0
-3.44136 2.0
-3.44112 2.0
-3.44087 2.0
-3.44063 1.9
-3.44038 1.9
-3.44014 1.9
-3.43989 1.8
-3.43965 1.8
-3.43941 1.8
-3.43916 1.7
-3.43892 1.7
-3.43867 1.6
-3.43843 1.6
-3.43819 1.5
-3.43794 1.4
-3.4377 1.4
-3.43745 1.3
-3.43721 1.2
-3.43696 1.2
-3.43672 1.1
-3.43648 1.0
-3.43623 1.0
-3.43599 0.9
-3.43574 0.8
-3.4355 0.7
-3.43526 0.7
-3.43501 0.6
-3.43477 0.5
-3.43452 0.4
-3.43428 0.3
-3.43404 0.3
-3.43379 0.2
-3.43355 0.1
-3.4333 0.0
-3.43306 0.0
-3.43281 -0.1
-3.43257 -0.2
-3.43233 -0.3
-3.43208 -0.4
-3.43184 -0.5
-3.43159 -0.6
-3.43135 -0.6
-3.43111 -0.7
-3.43086 -0.8
-3.43062 -0.9
-3.43037 -0.9
-3.43013 -1.0
-3.42988 -1.1
-3.42964 -1.2
-3.4294 -1.2
-3.42915 -1.3
-3.42891 -1.3
-3.42866 -1.4
-3.42842 -1.5
-3.42818 -1.5
-3.42793 -1.6
-3.42769 -1.6
-3.42744 -1.7
-3.4272 -1.7
-3.42696 -1.8
-3.42671 -1.8
-3.42647 -1.9
-3.42622 -1.9
-3.42598 -1.9
-3.42573 -2.0
-3.42549 -2.0
-3.42525 -2.0
-3.425 -2.0
-3.42476 -2.0
-3.42451 -2.1
-3.42427 -2.1
-3.42403 -2.1
-3.42378 -2.1
-3.42354 -2.1
-3.42329 -2.1
-3.42305 -2.1
-3.4228 -2.1
-3.42256 -2.1
-3.42232 -2.0
-3.42207 -2.0
-3.42183 -2.0
-3.42158 -2.0
-3.42134 -1.9
-3.4211 -1.9
-3.42085 -1.9
-3.42061 -1.8
-3.42036 -1.8
-3.42012 -1.8
-3.41988 -1.7
-3.41963 -1.7
-3.41939 -1.6
-3.41914 -1.6
-3.4189 -1.5
-3.41865 -1.4
-3.41841 -1.4
-3.41817 -1.3
-3.41792 -1.3
-3.41768 -1.2
-3.41743 -1.1
-3.41719 -1.0
-3.41695 -1.0
-3.4167 -0.9
-3.41646 -0.8
-3.41621 -0.7
-3.41597 -0.7
-3.41572 -0.6
-3.41548 -0.5
-3.41524 -0.4
-3.41499 -0.4
-3.41475 -0.3
-3.4145 -0.2
-3.41426 -0.1
-3.41402 0.0
-3.41377 0.0
-3.41353 0.1
-3.41328 0.2
-3.41304 0.3
-3.4128 0.4
-3.41255 0.5
-3.41231 0.6
-3.41206 0.6
-3.41182 0.7
-3.41157 0.8
-3.41133 0.9
-3.41109 0.9
-3.41084 1.0
-3.4106 1.1
-3.41035 1.2
-3.41011 1.2
-3.40987 1.3
-3.40962 1.4
-3.40938 1.4
-3.40913 1.5
-3.40889 1.5
-3.40864 1.6
-3.4084 1.6
-3.40816 1.7
-3.40791 1.7
-3.40767 1.8
-3.40742 1.8
-3.40718 1.9
-3.40694 1.9
-3.40669 1.9
-3.40645 2.0
-3.4062 2.0
-3.40596 2.0
-3.40571 2.0
-3.40547 2.0
-3.40523 2.1
-3.40498 2.1
-3.40474 2.1
-3.40449 2.1
-3.40425 2.1
-3.40401 2.1
-3.40376 2.1
-3.40352 2.1
-3.40327 2.1
-3.40303 2.0
-3.40279 2.0
-3.40254 2.0
-3.4023 2.0
-3.40205 1.9
-3.40181 1.9
-3.40156 1.9
-3.40132 1.8
-3.40108 1.8
-3.40083 1.8
-3.40059 1.7
-3.40034 1.7
-3.4001 1.6
-3.39986 1.6
-3.39961 1.5
-3.39937 1.4
-3.39912 1.4
-3.39888 1.3
-3.39863 1.2
-3.39839 1.2
-3.39815 1.1
-3.3979 1.0
-3.39766 1.0
-3.39741 0.9
-3.39717 0.8
-3.39693 0.7
-3.39668 0.7
-3.39644 0.6
-3.39619 0.5
-3.39595 0.4
-3.39571 0.3
-3.39546 0.3
-3.39522 0.2
-3.39497 0.0
-3.39473 0.0
-3.39448 0.0
-3.39424 -0.2
-3.394 -0.2
-3.39375 -0.3
-3.39351 -0.4
-3.39326 -0.5
-3.39302 -0.6
-3.39278 -0.6
-3.39253 -0.7
-3.39229 -0.8
-3.39204 -0.9
-3.3918 -1.0
-3.39155 -1.0
-3.39131 -1.1
-3.39107 -1.2
-3.39082 -1.2
-3.39058 -1.3
-3.39033 -1.4
-3.39009 -1.4
-3.38985 -1.5
-3.3896 -1.5
-3.38936 -1.6
-3.38911 -1.6
-3.38887 -1.7
-3.38863 -1.7
-3.38838 -1.8
-3.38814 -1.8
-3.38789 -1.9
-3.38765 -1.9
-3.3874 -1.9
-3.38716 -2.0
-3.38692 -2.0
-3.38667 -2.0
-3.38643 -2.0
-3.38618 -2.1
-3.38594 -2.1
-3.3857 -2.1
-3.38545 -2.1
-3.38521 -2.1
-3.38496 -2.1
-3.38472 -2.1
-3.38447 -2.1
-3.38423 -2.1
-3.38399 -2.1
-3.38374 -2.0
-3.3835 -2.0
-3.38325 -2.0
-3.38301 -2.0
-3.38277 -1.9
-3.38252 -1.9
-3.38228 -1.9
-3.38203 -1.8
-3.38179 -1.8
-3.38155 -1.7
-3.3813 -1.7
-3.38106 -1.6
-3.38081 -1.6
-3.38057 -1.5
-3.38032 -1.5
-3.38008 -1.4
-3.37984 -1.4
-3.37959 -1.3
-3.37935 -1.2
-3.3791 -1.2
-3.37886 -1.1
-3.37862 -1.0
-3.37837 -0.9
-3.37813 -0.9
-3.37788 -0.8
-3.37764 -0.7
-3.37739 -0.6
-3.37715 -0.6
-3.37691 -0.5
-3.37666 -0.4
-3.37642 -0.3
-3.37617 -0.2
-3.37593 -0.2
-3.37569 0.0
-3.37544 0.0
-3.3752 0.0
-3.37495 0.2
-3.37471 0.3
-3.37446 0.3
-3.37422 0.4
-3.37398 0.5
-3.37373 0.6
-3.37349 0.7
-3.37324 0.7
-3.373 0.8
-3.37276 0.9
-3.37251 1.0
-3.37227 1.0
-3.37202 1.1
-3.37178 1.2
-3.37154 1.3
-3.37129 1.3
-3.37105 1.4
-3.3708 1.4
-3.37056 1.5
-3.37031 1.6
-3.37007 1.6
-3.36983 1.7
-3.36958 1.7
-3.36934 1.8
-3.36909 1.8
-3.36885 1.8
-3.36861 1.9
-3.36836 1.9
-3.36812 2.0
-3.36787 2.0
-3.36763 2.0
-3.36738 2.0
-3.36714 2.0
-3.3669 2.1
-3.36665 2.1
-3.36641 2.1
-3.36616 2.1
-3.36592 2.1
-3.36568 2.1
-3.36543 2.1
-3.36519 2.1
-3.36494 2.1
-3.3647 2.0
-3.36446 2.0
-3.36421 2.0
-3.36397 2.0
-3.36372 2.0
-3.36348 1.9
-3.36323 1.9
-3.36299 1.9
-3.36275 1.8
-3.3625 1.8
-3.36226 1.7
-3.36201 1.7
-3.36177 1.6
-3.36153 1.6
-3.36128 1.5
-3.36104 1.5
-3.36079 1.4
-3.36055 1.3
-3.3603 1.3
-3.36006 1.2
-3.35982 1.1
-3.35957 1.1
-3.35933 1.0
-3.35908 0.9
-3.35884 0.8
-3.3586 0.8
-3.35835 0.7
-3.35811 0.6
-3.35786 0.5
-3.35762 0.4
-3.35738 0.4
-3.35713 0.3
-3.35689 0.2
-3.35664 0.1
-3.3564 0.0
-3.35615 0.0
-3.35591 -0.1
-3.35567 -0.2
-3.35542 -0.3
-3.35518 -0.4
-3.35493 -0.5
-3.35469 -0.6
-3.35445 -0.6
-3.3542 -0.7
-3.35396 -0.8
-3.35371 -0.9
-3.35347 -0.9
-3.35322 -1.0
-3.35298 -1.1
-3.35274 -1.2
-3.35249 -1.2
-3.35225 -1.3
-3.352 -1.4
-3.35176 -1.4
-3.35152 -1.5
-3.35127 -1.5
-3.35103 -1.6
-3.35078 -1.6
-3.35054 -1.7
-3.3503 -1.7
-3.35005 -1.8
-3.34981 -1.8
-3.34956 -1.9
-3.34932 -1.9
-3.34907 -1.9
-3.34883 -2.0
-3.34859 -2.0
-3.34834 -2.0
-3.3481 -2.0
-3.34785 -2.1
-3.34761 -2.1
-3.34737 -2.1
-3.34712 -2.1
-3.34688 -2.1
-3.34663 -2.1
-3.34639 -2.1
-3.34614 -2.1
-3.3459 -2.1
-3.34566 -2.1
-3.34541 -2.0
-3.34517 -2.0
-3.34492 -2.0
-3.34468 -2.0
-3.34444 -1.9
-3.34419 -1.9
-3.34395 -1.9
-3.3437 -1.8
-3.34346 -1.8
-3.34321 -1.8
-3.34297 -1.7
-3.34273 -1.7
-3.34248 -1.6
-3.34224 -1.5
-3.34199 -1.5
-3.34175 -1.4
-3.34151 -1.4
-3.34126 -1.3
-3.34102 -1.2
-3.34077 -1.2
-3.34053 -1.1
-3.34029 -1.0
-3.34004 -0.9
-3.3398 -0.9
-3.33955 -0.8
-3.33931 -0.7
-3.33906 -0.6
-3.33882 -0.6
-3.33858 -0.5
-3.33833 -0.4
-3.33809 -0.3
-3.33784 -0.2
-3.3376 -0.1
-3.33736 0.0
-3.33711 0.0
-3.33687 0.1
-3.33662 0.2
-3.33638 0.3
-3.33613 0.4
-3.33589 0.4
-3.33565 0.5
-3.3354 0.6
-3.33516 0.7
-3.33491 0.8
-3.33467 0.8
-3.33443 0.9
-3.33418 1.0
-3.33394 1.1
-3.33369 1.1
-3.33345 1.2
-3.33321 1.3
-3.33296 1.3
-3.33272 1.4
-3.33247 1.5
-3.33223 1.5
-3.33198 1.6
-3.33174 1.6
-3.3315 1.7
-3.33125 1.7
-3.33101 1.8
-3.33076 1.8
-3.33052 1.9
-3.33028 1.9
-3.33003 1.9
-3.32979 2.0
-3.32954 2.0
-3.3293 2.0
-3.32905 2.0
-3.32881 2.1
-3.32857 2.1
-3.32832 2.1
-3.32808 2.1
-3.32783 2.1
-3.32759 2.1
-3.32735 2.1
-3.3271 2.1
-3.32686 2.1
-3.32661 2.1
-3.32637 2.0
-3.32613 2.0
-3.32588 2.0
-3.32564 2.0
-3.32539 2.0
-3.32515 1.9
-3.3249 1.9
-3.32466 1.8
-3.32442 1.8
-3.32417 1.8
-3.32393 1.7
-3.32368 1.7
-3.32344 1.6
-3.3232 1.6
-3.32295 1.5
-3.32271 1.4
-3.32246 1.4
-3.32222 1.3
-3.32197 1.3
-3.32173 1.2
-3.32149 1.1
-3.32124 1.0
-3.321 1.0
-3.32075 0.9
-3.32051 0.8
-3.32027 0.7
-3.32002 0.7
-3.31978 0.6
-3.31953 0.5
-3.31929 0.4
-3.31905 0.3
-3.3188 0.2
-3.31856 0.2
-3.31831 0.0
-3.31807 0.0
-3.31782 0.0
-3.31758 -0.2
-3.31734 -0.3
-3.31709 -0.3
-3.31685 -0.4
-3.3166 -0.5
-3.31636 -0.6
-3.31612 -0.7
-3.31587 -0.7
-3.31563 -0.8
-3.31538 -0.9
-3.31514 -1.0
-3.31489 -1.1
-3.31465 -1.1
-3.31441 -1.2
-3.31416 -1.3
-3.31392 -1.3
-3.31367 -1.4
-3.31343 -1.5
-3.31319 -1.5
-3.31294 -1.6
-3.3127 -1.6
-3.31245 -1.7
-3.31221 -1.7
-3.31196 -1.8
-3.31172 -1.8
-3.31148 -1.9
-3.31123 -1.9
-3.31099 -1.9
-3.31074 -2.0
-3.3105 -2.0
-3.31026 -2.0
-3.31001 -2.0
-3.30977 -2.1
-3.30952 -2.1
-3.30928 -2.1
-3.30904 -2.1
-3.30879 -2.1
-3.30855 -2.1
-3.3083 -2.1
-3.30806 -2.1
-3.30781 -2.1
-3.30757 -2.1
-3.30733 -2.1
-3.30708 -2.0
-3.30684 -2.0
-3.30659 -2.0
-3.30635 -2.0
-3.30611 -1.9
-3.30586 -1.9
-3.30562 -1.9
-3.30537 -1.8
-3.30513 -1.8
-3.30488 -1.7
-3.30464 -1.7
-3.3044 -1.6
-3.30415 -1.6
-3.30391 -1.5
-3.30366 -1.5
-3.30342 -1.4
-3.30318 -1.3
-3.30293 -1.3
-3.30269 -1.2
-3.30244 -1.1
-3.3022 -1.0
-3.30196 -1.0
-3.30171 -0.9
-3.30147 -0.8
-3.30122 -0.7
-3.30098 -0.7
-3.30073 -0.6
-3.30049 -0.5
-3.30025 -0.4
-3.3 -0.3
-3.29976 -0.2
-3.29951 -0.2
-3.29927 0.0
-3.29903 0.0
-3.29878 0.0
-3.29854 0.2
-3.29829 0.3
-3.29805 0.3
-3.2978 0.4
-3.29756 0.5
-3.29732 0.6
-3.29707 0.7
-3.29683 0.7
-3.29658 0.8
-3.29634 0.9
-3.2961 1.0
-3.29585 1.1
-3.29561 1.1
-3.29536 1.2
-3.29512 1.3
-3.29488 1.3
-3.29463 1.4
-3.29439 1.5
-3.29414 1.5
-3.2939 1.6
-3.29365 1.6
-3.29341 1.7
-3.29317 1.7
-3.29292 1.8
-3.29268 1.8
-3.29243 1.9
-3.29219 1.9
-3.29195 1.9
-3.2917 2.0
-3.29146 2.0
-3.29121 2.0
-3.29097 2.0
-3.29072 2.1
-3.29048 2.1
-3.29024 2.1
-3.28999 2.1
-3.28975 2.1
-3.2895 2.1
-3.28926 2.1
-3.28902 2.1
-3.28877 2.1
-3.28853 2.1
-3.28828 2.1
-3.28804 2.0
-3.2878 2.0
-3.28755 2.0
-3.28731 2.0
-3.28706 1.9
-3.28682 1.9
-3.28657 1.9
-3.28633 1.8
-3.28609 1.8
-3.28584 1.7
-3.2856 1.7
-3.28535 1.6
-3.28511 1.6
-3.28487 1.5
-3.28462 1.4
-3.28438 1.4
-3.28413 1.3
-3.28389 1.3
-3.28364 1.2
-3.2834 1.1
-3.28316 1.0
-3.28291 1.0
-3.28267 0.9
-3.28242 0.8
-3.28218 0.7
-3.28194 0.7
-3.28169 0.6
-3.28145 0.5
-3.2812 0.4
-3.28096 0.3
-3.28071 0.2
-3.28047 0.2
-3.28023 0.0
-3.27998 0.0
-3.27974 0.0
-3.27949 -0.2
-3.27925 -0.3
-3.27901 -0.4
-3.27876 -0.4
-3.27852 -0.5
-3.27827 -0.6
-3.27803 -0.7
-3.27779 -0.8
-3.27754 -0.8
-3.2773 -0.9
-3.27705 -1.0
-3.27681 -1.1
-3.27656 -1.1
-3.27632 -1.2
-3.27608 -1.3
-3.27583 -1.3
-3.27559 -1.4
-3.27534 -1.5
-3.2751 -1.5
-3.27486 -1.6
-3.27461 -1.6
-3.27437 -1.7
-3.27412 -1.7
-3.27388 -1.8
-3.27363 -1.8
-3.27339 -1.9
-3.27315 -1.9
-3.2729 -1.9
-3.27266 -2.0
-3.27241 -2.0
-3.27217 -2.0
-3.27193 -2.0
-3.27168 -2.1
-3.27144 -2.1
-3.27119 -2.1
-3.27095 -2.1
-3.27071 -2.1
-3.27046 -2.1
-3.27022 -2.1
-3.26997 -2.1
-3.26973 -2.1
-3.26948 -2.1
-3.26924 -2.1
-3.269 -2.0
-3.26875 -2.0
-3.26851 -2.0
-3.26826 -2.0
-3.26802 -1.9
-3.26778 -1.9
-3.26753 -1.8
-3.26729 -1.8
-3.26704 -1.8
-3.2668 -1.7
-3.26655 -1.7
-3.26631 -1.6
-3.26607 -1.6
-3.26582 -1.5
-3.26558 -1.4
-3.26533 -1.4
-3.26509 -1.3
-3.26485 -1.2
-3.2646 -1.2
-3.26436 -1.1
-3.26411 -1.0
-3.26387 -0.9
-3.26363 -0.9
-3.26338 -0.8
-3.26314 -0.7
-3.26289 -0.6
-3.26265 -0.6
-3.2624 -0.5
-3.26216 -0.4
-3.26192 -0.3
-3.26167 -0.2
-3.26143 -0.1
-3.26118 0.0
-3.26094 0.0
-3.2607 0.1
-3.26045 0.2
-3.26021 0.3
-3.25996 0.4
-3.25972 0.5
-3.25947 0.5
-3.25923 0.6
-3.25899 0.7
-3.25874 0.8
-3.2585 0.9
-3.25825 0.9
-3.25801 1.0
-3.25777 1.1
-3.25752 1.2
-3.25728 1.2
-3.25703 1.3
-3.25679 1.4
-3.25655 1.4
-3.2563 1.5
-3.25606 1.6
-3.25581 1.6
-3.25557 1.7
-3.25532 1.7
-3.25508 1.8
-3.25484 1.8
-3.25459 1.8
-3.25435 1.9
-3.2541 1.9
-3.25386 2.0
-3.25362 2.0
-3.25337 2.0
-3.25313 2.0
-3.25288 2.1
-3.25264 2.1
-3.25239 2.1
-3.25215 2.1
-3.25191 2.1
-3.25166 2.1
-3.25142 2.1
-3.25117 2.1
-3.25093 2.1
-3.25069 2.1
-3.25044 2.1
-3.2502 2.1
-3.24995 2.0
-3.24971 2.0
-3.24946 2.0
-3.24922 1.9
-3.24898 1.9
-3.24873 1.9
-3.24849 1.8
-3.24824 1.8
-3.248 1.7
-3.24776 1.7
-3.24751 1.6
-3.24727 1.6
-3.24702 1.5
-3.24678 1.5
-3.24654 1.4
-3.24629 1.3
-3.24605 1.3
-3.2458 1.2
-3.24556 1.1
-3.24531 1.1
-3.24507 1.0
-3.24483 0.9
-3.24458 0.8
-3.24434 0.8
-3.24409 0.7
-3.24385 0.6
-3.24361 0.5
-3.24336 0.4
-3.24312 0.3
-3.24287 0.3
-3.24263 0.2
-3.24238 0.0
-3.24214 0.0
-3.2419 0.0
-3.24165 -0.2
-3.24141 -0.2
-3.24116 -0.3
-3.24092 -0.4
-3.24068 -0.5
-3.24043 -0.6
-3.24019 -0.7
-3.23994 -0.7
-3.2397 -0.8
-3.23946 -0.9
-3.23921 -1.0
-3.23897 -1.1
-3.23872 -1.1
-3.23848 -1.2
-3.23823 -1.3
-3.23799 -1.3
-3.23775 -1.4
-3.2375 -1.5
-3.23726 -1.5
-3.23701 -1.6
-3.23677 -1.6
-3.23653 -1.7
-3.23628 -1.7
-3.23604 -1.8
-3.23579 -1.8
-3.23555 -1.9
-3.2353 -1.9
-3.23506 -1.9
-3.23482 -2.0
-3.23457 -2.0
-3.23433 -2.0
-3.23408 -2.1
-3.23384 -2.1
-3.2336 -2.1
-3.23335 -2.1
-3.23311 -2.1
-3.23286 -2.1
-3.23262 -2.1
-3.23238 -2.1
-3.23213 -2.1
-3.23189 -2.1
-3.23164 -2.1
-3.2314 -2.1
-3.23115 -2.0
-3.23091 -2.0
-3.23067 -2.0
-3.23042 -2.0
-3.23018 -1.9
-3.22993 -1.9
-3.22969 -1.9
-3.22945 -1.8
-3.2292 -1.8
-3.22896 -1.7
-3.22871 -1.7
-3.22847 -1.6
-3.22822 -1.6
-3.22798 -1.5
-3.22774 -1.4
-3.22749 -1.4
-3.22725 -1.3
-3.227 -1.2
-3.22676 -1.2
-3.22652 -1.1
-3.22627 -1.0
-3.22603 -0.9
-3.22578 -0.9
-3.22554 -0.8
-3.2253 -0.7
-3.22505 -0.6
-3.22481 -0.5
-3.22456 -0.5
-3.22432 -0.4
-3.22407 -0.3
-3.22383 -0.2
-3.22359 -0.1
-3.22334 0.0
-3.2231 0.0
-3.22285 0.1
-3.22261 0.2
-3.22237 0.3
-3.22212 0.4
-3.22188 0.5
-3.22163 0.6
-3.22139 0.6
-3.22114 0.7
-3.2209 0.8
-3.22066 0.9
-3.22041 1.0
-3.22017 1.0
-3.21992 1.1
-3.21968 1.2
-3.21944 1.2
-3.21919 1.3
-3.21895 1.4
-3.2187 1.4
-3.21846 1.5
-3.21821 1.6
-3.21797 1.6
-3.21773 1.7
-3.21748 1.7
-3.21724 1.8
-3.21699 1.8
-3.21675 1.9
-3.21651 1.9
-3.21626 1.9
-3.21602 2.0
-3.21577 2.0
-3.21553 2.0
-3.21529 2.0
-3.21504 2.1
-3.2148 2.1
-3.21455 2.1
-3.21431 2.1
-3.21406 2.1
-3.21382 2.1
-3.21358 2.1
-3.21333 2.1
-3.21309 2.1
-3.21284 2.1
-3.2126 2.1
-3.21236 2.1
-3.21211 2.0
-3.21187 2.0
-3.21162 2.0
-3.21138 1.9
-3.21113 1.9
-3.21089 1.9
-3.21065 1.8
-3.2104 1.8
-3.21016 1.7
-3.20991 1.7
-3.20967 1.6
-3.20943 1.6
-3.20918 1.5
-3.20894 1.5
-3.20869 1.4
-3.20845 1.3
-3.20821 1.3
-3.20796 1.2
-3.20772 1.1
-3.20747 1.0
-3.20723 1.0
-3.20698 0.9
-3.20674 0.8
-3.2065 0.7
-3.20625 0.7
-3.20601 0.6
-3.20576 0.5
-3.20552 0.4
-3.20528 0.3
-3.20503 0.2
-3.20479 0.1
-3.20454 0.0
-3.2043 0.0
-3.20405 -0.1
-3.20381 -0.2
-3.20357 -0.3
-3.20332 -0.4
-3.20308 -0.5
-3.20283 -0.5
-3.20259 -0.6
-3.20235 -0.7
-3.2021 -0.8
-3.20186 -0.9
-3.20161 -0.9
-3.20137 -1.0
-3.20113 -1.1
-3.20088 -1.2
-3.20064 -1.2
-3.20039 -1.3
-3.20015 -1.4
-3.1999 -1.4
-3.19966 -1.5
-3.19942 -1.6
-3.19917 -1.6
-3.19893 -1.7
-3.19868 -1.7
-3.19844 -1.8
-3.1982 -1.8
-3.19795 -1.9
-3.19771 -1.9
-3.19746 -1.9
-3.19722 -2.0
-3.19697 -2.0
-3.19673 -2.0
-3.19649 -2.0
-3.19624 -2.1
-3.196 -2.1
-3.19575 -2.1
-3.19551 -2.1
-3.19527 -2.1
-3.19502 -2.1
-3.19478 -2.1
-3.19453 -2.1
-3.19429 -2.1
-3.19405 -2.1
-3.1938 -2.1
-3.19356 -2.1
-3.19331 -2.0
-3.19307 -2.0
-3.19282 -2.0
-3.19258 -1.9
-3.19234 -1.9
-3.19209 -1.9
-3.19185 -1.8
-3.1916 -1.8
-3.19136 -1.7
-3.19112 -1.7
-3.19087 -1.6
-3.19063 -1.6
-3.19038 -1.5
-3.19014 -1.5
-3.18989 -1.4
-3.18965 -1.3
-3.18941 -1.3
-3.18916 -1.2
-3.18892 -1.1
-3.18867 -1.1
-3.18843 -1.0
-3.18819 -0.9
-3.18794 -0.8
-3.1877 -0.7
-3.18745 -0.7
-3.18721 -0.6
-3.18696 -0.5
-3.18672 -0.4
-3.18648 -0.3
-3.18623 -0.2
-3.18599 -0.1
-3.18574 0.0
-3.1855 0.0
-3.18526 0.1
-3.18501 0.2
-3.18477 0.3
-3.18452 0.4
-3.18428 0.5
-3.18404 0.5
-3.18379 0.6
-3.18355 0.7
-3.1833 0.8
-3.18306 0.9
-3.18281 0.9
-3.18257 1.0
-3.18233 1.1
-3.18208 1.2
-3.18184 1.2
-3.18159 1.3
-3.18135 1.4
-3.18111 1.4
-3.18086 1.5
-3.18062 1.6
-3.18037 1.6
-3.18013 1.7
-3.17988 1.7
-3.17964 1.8
-3.1794 1.8
-3.17915 1.9
-3.17891 1.9
-3.17866 1.9
-3.17842 2.0
-3.17818 2.0
-3.17793 2.0
-3.17769 2.0
-3.17744 2.1
-3.1772 2.1
-3.17696 2.1
-3.17671 2.1
-3.17647 2.1
-3.17622 2.1
-3.17598 2.1
-3.17573 2.1
-3.17549 2.1
-3.17525 2.1
-3.175 2.1
-3.17476 2.1
-3.17451 2.0
-3.17427 2.0
-3.17403 2.0
-3.17378 2.0
-3.17354 1.9
-3.17329 1.9
-3.17305 1.8
-3.1728 1.8
-3.17256 1.7
-3.17232 1.7
-3.17207 1.6
-3.17183 1.6
-3.17158 1.5
-3.17134 1.5
-3.1711 1.4
-3.17085 1.3
-3.17061 1.3
-3.17036 1.2
-3.17012 1.1
-3.16988 1.0
-3.16963 1.0
-3.16939 0.9
-3.16914 0.8
-3.1689 0.7
-3.16865 0.6
-3.16841 0.6
-3.16817 0.5
-3.16792 0.4
-3.16768 0.3
-3.16743 0.2
-3.16719 0.1
-3.16695 0.0
-3.1667 0.0
-3.16646 -0.1
-3.16621 -0.2
-3.16597 -0.3
-3.16572 -0.4
-3.16548 -0.5
-3.16524 -0.5
-3.16499 -0.6
-3.16475 -0.7
-3.1645 -0.8
-3.16426 -0.9
-3.16402 -1.0
-3.16377 -1.0
-3.16353 -1.1
-3.16328 -1.2
-3.16304 -1.2
-3.1628 -1.3
-3.16255 -1.4
-3.16231 -1.4
-3.16206 -1.5
-3.16182 -1.6
-3.16157 -1.6
-3.16133 -1.7
-3.16109 -1.7
-3.16084 -1.8
-3.1606 -1.8
-3.16035 -1.9
-3.16011 -1.9
-3.15987 -1.9
-3.15962 -2.0
-3.15938 -2.0
-3.15913 -2.0
-3.15889 -2.1
-3.15864 -2.1
-3.1584 -2.1
-3.15816 -2.1
-3.15791 -2.1
-3.15767 -2.1
-3.15742 -2.1
-3.15718 -2.1
-3.15694 -2.1
-3.15669 -2.1
-3.15645 -2.1
-3.1562 -2.1
-3.15596 -2.1
-3.15571 -2.0
-3.15547 -2.0
-3.15523 -2.0
-3.15498 -1.9
-3.15474 -1.9
-3.15449 -1.9
-3.15425 -1.8
-3.15401 -1.8
-3.15376 -1.7
-3.15352 -1.7
-3.15327 -1.6
-3.15303 -1.6
-3.15279 -1.5
-3.15254 -1.4
-3.1523 -1.4
-3.15205 -1.3
-3.15181 -1.2
-3.15156 -1.2
-3.15132 -1.1
-3.15108 -1.0
-3.15083 -1.0
-3.15059 -0.9
-3.15034 -0.8
-3.1501 -0.7
-3.14986 -0.6
-3.14961 -0.5
-3.14937 -0.5
-3.14912 -0.4
-3.14888 -0.3
-3.14863 -0.2
-3.14839 -0.1
-3.14815 0.0
-3.1479 0.0
-3.14766 0.1
-3.14741 0.2
-3.14717 0.3
-3.14693 0.4
-3.14668 0.5
-3.14644 0.6
-3.14619 0.7
-3.14595 0.7
-3.14571 0.8
-3.14546 0.9
-3.14522 1.0
-3.14497 1.1
-3.14473 1.1
-3.14448 1.2
-3.14424 1.3
-3.144 1.3
-3.14375 1.4
-3.14351 1.5
-3.14326 1.5
-3.14302 1.6
-3.14278 1.6
-3.14253 1.7
-3.14229 1.8
-3.14204 1.8
-3.1418 1.8
-3.14155 1.9
-3.14131 1.9
-3.14107 2.0
-3.14082 2.0
-3.14058 2.0
-3.14033 2.0
-3.14009 2.1
-3.13985 2.1
-3.1396 2.1
-3.13936 2.1
-3.13911 2.1
-3.13887 2.1
-3.13863 2.1
-3.13838 2.1
-3.13814 2.1
-3.13789 2.1
-3.13765 2.1
-3.1374 2.1
-3.13716 2.1
-3.13692 2.0
-3.13667 2.0
-3.13643 2.0
-3.13618 1.9
-3.13594 1.9
-3.1357 1.9
-3.13545 1.8
-3.13521 1.8
-3.13496 1.7
-3.13472 1.7
-3.13447 1.6
-3.13423 1.5
-3.13399 1.5
-3.13374 1.4
-3.1335 1.4
-3.13325 1.3
-3.13301 1.2
-3.13277 1.1
-3.13252 1.1
-3.13228 1.0
-3.13203 0.9
-3.13179 0.8
-3.13155 0.8
-3.1313 0.7
-3.13106 0.6
-3.13081 0.5
-3.13057 0.4
-3.13032 0.3
-3.13008 0.3
-3.12984 0.2
-3.12959 0.0
-3.12935 0.0
-3.1291 0.0
-3.12886 -0.2
-3.12862 -0.3
-3.12837 -0.4
-3.12813 -0.4
-3.12788 -0.5
-3.12764 -0.6
-3.12739 -0.7
-3.12715 -0.8
-3.12691 -0.9
-3.12666 -0.9
-3.12642 -1.0
-3.12617 -1.1
-3.12593 -1.2
-3.12569 -1.2
-3.12544 -1.3
-3.1252 -1.4
-3.12495 -1.4
-3.12471 -1.5
-3.12446 -1.6
-3.12422 -1.6
-3.12398 -1.7
-3.12373 -1.7
-3.12349 -1.8
-3.12324 -1.8
-3.123 -1.9
-3.12276 -1.9
-3.12251 -1.9
-3.12227 -2.0
-3.12202 -2.0
-3.12178 -2.0
-3.12154 -2.1
-3.12129 -2.1
-3.12105 -2.1
-3.1208 -2.1
-3.12056 -2.1
-3.12031 -2.1
-3.12007 -2.1
-3.11983 -2.1
-3.11958 -2.1
-3.11934 -2.1
-3.11909 -2.1
-3.11885 -2.1
-3.11861 -2.1
-3.11836 -2.0
-3.11812 -2.0
-3.11787 -2.0
-3.11763 -2.0
-3.11738 -1.9
-3.11714 -1.9
-3.1169 -1.8
-3.11665 -1.8
-3.11641 -1.7
-3.11616 -1.7
-3.11592 -1.6
-3.11568 -1.6
-3.11543 -1.5
-3.11519 -1.5
-3.11494 -1.4
-3.1147 -1.3
-3.11446 -1.3
-3.11421 -1.2
-3.11397 -1.1
-3.11372 -1.0
-3.11348 -1.0
-3.11323 -0.9
-3.11299 -0.8
-3.11275 -0.7
-3.1125 -0.6
-3.11226 -0.5
-3.11201 -0.5
-3.11177 -0.4
-3.11153 -0.3
-3.11128 -0.2
-3.11104 -0.1
-3.11079 0.0
-3.11055 0.0
-3.1103 0.2
-3.11006 0.2
-3.10982 0.3
-3.10957 0.4
-3.10933 0.5
-3.10908 0.6
-3.10884 0.7
-3.1086 0.7
-3.10835 0.8
-3.10811 0.9
-3.10786 1.0
-3.10762 1.1
-3.10738 1.1
-3.10713 1.2
-3.10689 1.3
-3.10664 1.4
-3.1064 1.4
-3.10615 1.5
-3.10591 1.5
-3.10567 1.6
-3.10542 1.7
-3.10518 1.7
-3.10493 1.8
-3.10469 1.8
-3.10445 1.9
-3.1042 1.9
-3.10396 1.9
-3.10371 2.0
-3.10347 2.0
-3.10322 2.0
-3.10298 2.1
-3.10274 2.1
-3.10249 2.1
-3.10225 2.1
-3.102 2.1
-3.10176 2.1
-3.10152 2.1
-3.10127 2.1
-3.10103 2.1
-3.10078 2.1
-3.10054 2.1
-3.1003 2.1
-3.10005 2.1
-3.09981 2.1
-3.09956 2.0
-3.09932 2.0
-3.09907 2.0
-3.09883 1.9
-3.09859 1.9
-3.09834 1.8
-3.0981 1.8
-3.09785 1.8
-3.09761 1.7
-3.09737 1.6
-3.09712 1.6
-3.09688 1.5
-3.09663 1.5
-3.09639 1.4
-3.09614 1.3
-3.0959 1.3
-3.09566 1.2
-3.09541 1.1
-3.09517 1.0
-3.09492 1.0
-3.09468 0.9
-3.09444 0.8
-3.09419 0.7
-3.09395 0.6
-3.0937 0.6
-3.09346 0.5
-3.09321 0.4
-3.09297 0.3
-3.09273 0.2
-3.09248 0.1
-3.09224 0.0
-3.09199 0.0
-3.09175 -0.1
-3.09151 -0.2
-3.09126 -0.3
-3.09102 -0.4
-3.09077 -0.5
-3.09053 -0.6
-3.09029 -0.7
-3.09004 -0.7
-3.0898 -0.8
-3.08955 -0.9
-3.08931 -1.0
-3.08906 -1.1
-3.08882 -1.1
-3.08858 -1.2
-3.08833 -1.3
-3.08809 -1.3
-3.08784 -1.4
-3.0876 -1.5
-3.08736 -1.5
-3.08711 -1.6
-3.08687 -1.7
-3.08662 -1.7
-3.08638 -1.8
-3.08613 -1.8
-3.08589 -1.9
-3.08565 -1.9
-3.0854 -1.9
-3.08516 -2.0
-3.08491 -2.0
-3.08467 -2.0
-3.08443 -2.1
-3.08418 -2.1
-3.08394 -2.1
-3.08369 -2.1
-3.08345 -2.1
-3.08321 -2.1
-3.08296 -2.1
-3.08272 -2.1
-3.08247 -2.1
-3.08223 -2.1
-3.08198 -2.1
-3.08174 -2.1
-3.0815 -2.1
-3.08125 -2.1
-3.08101 -2.0
-3.08076 -2.0
-3.08052 -2.0
-3.08028 -1.9
-3.08003 -1.9
-3.07979 -1.9
-3.07954 -1.8
-3.0793 -1.8
-3.07905 -1.7
-3.07881 -1.7
-3.07857 -1.6
-3.07832 -1.5
-3.07808 -1.5
-3.07783 -1.4
-3.07759 -1.3
-3.07735 -1.3
-3.0771 -1.2
-3.07686 -1.1
-3.07661 -1.1
-3.07637 -1.0
-3.07613 -0.9
-3.07588 -0.8
-3.07564 -0.7
-3.07539 -0.7
-3.07515 -0.6
-3.0749 -0.5
-3.07466 -0.4
-3.07442 -0.3
-3.07417 -0.2
-3.07393 -0.1
-3.07368 0.0
-3.07344 0.0
-3.0732 0.1
-3.07295 0.2
-3.07271 0.3
-3.07246 0.4
-3.07222 0.5
-3.07197 0.6
-3.07173 0.6
-3.07149 0.7
-3.07124 0.8
-3.071 0.9
-3.07075 1.0
-3.07051 1.1
-3.07027 1.1
-3.07002 1.2
-3.06978 1.3
-3.06953 1.3
-3.06929 1.4
-3.06905 1.5
-3.0688 1.5
-3.06856 1.6
-3.06831 1.7
-3.06807 1.7
-3.06782 1.8
-3.06758 1.8
-3.06734 1.9
-3.06709 1.9
-3.06685 1.9
-3.0666 2.0
-3.06636 2.0
-3.06612 2.0
-3.06587 2.1
-3.06563 2.1
-3.06538 2.1
-3.06514 2.1
-3.06489 2.1
-3.06465 2.1
-3.06441 2.1
-3.06416 2.1
-3.06392 2.1
-3.06367 2.1
-3.06343 2.1
-3.06319 2.1
-3.06294 2.1
-3.0627 2.1
-3.06245 2.0
-3.06221 2.0
-3.06196 2.0
-3.06172 1.9
-3.06148 1.9
-3.06123 1.9
-3.06099 1.8
-3.06074 1.8
-3.0605 1.7
-3.06026 1.7
-3.06001 1.6
-3.05977 1.5
-3.05952 1.5
-3.05928 1.4
-3.05904 1.3
-3.05879 1.3
-3.05855 1.2
-3.0583 1.1
-3.05806 1.1
-3.05781 1.0
-3.05757 0.9
-3.05733 0.8
-3.05708 0.7
-3.05684 0.6
-3.05659 0.6
-3.05635 0.5
-3.05611 0.4
-3.05586 0.3
-3.05562 0.2
-3.05537 0.1
-3.05513 0.0
-3.05488 0.0
-3.05464 -0.1
-3.0544 -0.2
-3.05415 -0.3
-3.05391 -0.4
-3.05366 -0.5
-3.05342 -0.6
-3.05318 -0.7
-3.05293 -0.7
-3.05269 -0.8
-3.05244 -0.9
-3.0522 -1.0
-3.05196 -1.1
-3.05171 -1.1
-3.05147 -1.2
-3.05122 -1.3
-3.05098 -1.4
-3.05073 -1.4
-3.05049 -1.5
-3.05025 -1.6
-3.05 -1.6
-3.04976 -1.7
-3.04951 -1.7
-3.04927 -1.8
-3.04903 -1.8
-3.04878 -1.9
-3.04854 -1.9
-3.04829 -1.9
-3.04805 -2.0
-3.0478 -2.0
-3.04756 -2.0
-3.04732 -2.1
-3.04707 -2.1
-3.04683 -2.1
-3.04658 -2.1
-3.04634 -2.1
-3.0461 -2.1
-3.04585 -2.1
-3.04561 -2.1
-3.04536 -2.1
-3.04512 -2.1
-3.04488 -2.1
-3.04463 -2.1
-3.04439 -2.1
-3.04414 -2.1
-3.0439 -2.0
-3.04365 -2.0
-3.04341 -2.0
-3.04317 -1.9
-3.04292 -1.9
-3.04268 -1.8
-3.04243 -1.8
-3.04219 -1.8
-3.04195 -1.7
-3.0417 -1.6
-3.04146 -1.6
-3.04121 -1.5
-3.04097 -1.5
-3.04072 -1.4
-3.04048 -1.3
-3.04024 -1.3
-3.03999 -1.2
-3.03975 -1.1
-3.0395 -1.0
-3.03926 -1.0
-3.03902 -0.9
-3.03877 -0.8
-3.03853 -0.7
-3.03828 -0.6
-3.03804 -0.5
-3.0378 -0.5
-3.03755 -0.4
-3.03731 -0.3
-3.03706 -0.2
-3.03682 0.0
-3.03657 0.0
-3.03633 0.0
-3.03609 0.2
-3.03584 0.3
-3.0356 0.3
-3.03535 0.4
-3.03511 0.5
-3.03487 0.6
-3.03462 0.7
-3.03438 0.8
-3.03413 0.9
-3.03389 0.9
-3.03364 1.0
-3.0334 1.1
-3.03316 1.2
-3.03291 1.2
-3.03267 1.3
-3.03242 1.4
-3.03218 1.4
-3.03194 1.5
-3.03169 1.6
-3.03145 1.6
-3.0312 1.7
-3.03096 1.7
-3.03071 1.8
-3.03047 1.8
-3.03023 1.9
-3.02998 1.9
-3.02974 2.0
-3.02949 2.0
-3.02925 2.0
-3.02901 2.1
-3.02876 2.1
-3.02852 2.1
-3.02827 2.1
-3.02803 2.1
-3.02779 2.1
-3.02754 2.1
-3.0273 2.1
-3.02705 2.1
-3.02681 2.1
-3.02656 2.1
-3.02632 2.1
-3.02608 2.1
-3.02583 2.1
-3.02559 2.0
-3.02534 2.0
-3.0251 2.0
-3.02486 2.0
-3.02461 1.9
-3.02437 1.9
-3.02412 1.8
-3.02388 1.8
-3.02363 1.7
-3.02339 1.7
-3.02315 1.6
-3.0229 1.6
-3.02266 1.5
-3.02241 1.4
-3.02217 1.4
-3.02193 1.3
-3.02168 1.2
-3.02144 1.2
-3.02119 1.1
-3.02095 1.0
-3.02071 0.9
-3.02046 0.8
-3.02022 0.8
-3.01997 0.7
-3.01973 0.6
-3.01948 0.5
-3.01924 0.4
-3.019 0.3
-3.01875 0.2
-3.01851 0.1
-3.01826 0.0
-3.01802 0.0
-3.01778 -0.1
-3.01753 -0.2
-3.01729 -0.3
-3.01704 -0.4
-3.0168 -0.5
-3.01655 -0.6
-3.01631 -0.6
-3.01607 -0.7
-3.01582 -0.8
-3.01558 -0.9
-3.01533 -1.0
-3.01509 -1.1
-3.01485 -1.1
-3.0146 -1.2
-3.01436 -1.3
-3.01411 -1.3
-3.01387 -1.4
-3.01363 -1.5
-3.01338 -1.5
-3.01314 -1.6
-3.01289 -1.7
-3.01265 -1.7
-3.0124 -1.8
-3.01216 -1.8
-3.01192 -1.9
-3.01167 -1.9
-3.01143 -1.9
-3.01118 -2.0
-3.01094 -2.0
-3.0107 -2.0
-3.01045 -2.1
-3.01021 -2.1
-3.00996 -2.1
-3.00972 -2.1
-3.00947 -2.1
-3.00923 -2.1
-3.00899 -2.1
-3.00874 -2.1
-3.0085 -2.1
-3.00825 -2.1
-3.00801 -2.1
-3.00777 -2.1
-3.00752 -2.1
-3.00728 -2.1
-3.00703 -2.0
-3.00679 -2.0
-3.00655 -2.0
-3.0063 -1.9
-3.00606 -1.9
-3.00581 -1.9
-3.00557 -1.8
-3.00532 -1.8
-3.00508 -1.7
-3.00484 -1.7
-3.00459 -1.6
-3.00435 -1.5
-3.0041 -1.5
-3.00386 -1.4
-3.00362 -1.3
-3.00337 -1.3
-3.00313 -1.2
-3.00288 -1.1
-3.00264 -1.0
-3.00239 -1.0
-3.00215 -0.9
-3.00191 -0.8
-3.00166 -0.7
-3.00142 -0.6
-3.00117 -0.5
-3.00093 -0.4
-3.00069 -0.4
-3.00044 -0.3
-3.0002 -0.2
-2.99995 0.0
-2.99971 0.0
-2.99946 0.0
-2.99922 0.2
-2.99898 0.3
-2.99873 0.4
-2.99849 0.4
-2.99824 0.5
-2.998 0.6
-2.99776 0.7
-2.99751 0.8
-2.99727 0.9
-2.99702 0.9
-2.99678 1.0
-2.99654 1.1
-2.99629 1.2
-2.99605 1.3
-2.9958 1.3
-2.99556 1.4
-2.99531 1.5
-2.99507 1.5
-2.99483 1.6
-2.99458 1.6
-2.99434 1.7
-2.99409 1.8
-2.99385 1.8
-2.99361 1.9
-2.99336 1.9
-2.99312 1.9
-2.99287 2.0
-2.99263 2.0
-2.99238 2.0
-2.99214 2.1
-2.9919 2.1
-2.99165 2.1
-2.99141 2.1
-2.99116 2.1
-2.99092 2.1
-2.99068 2.1
-2.99043 2.1
-2.99019 2.1
-2.98994 2.1
-2.9897 2.1
-2.98946 2.1
-2.98921 2.1
-2.98897 2.1
-2.98872 2.0
-2.98848 2.0
-2.98823 2.0
-2.98799 2.0
-2.98775 1.9
-2.9875 1.9
-2.98726 1.8
-2.98701 1.8
-2.98677 1.7
-2.98653 1.7
-2.98628 1.6
-2.98604 1.5
-2.98579 1.5
-2.98555 1.4
-2.9853 1.3
-2.98506 1.3
-2.98482 1.2
-2.98457 1.1
-2.98433 1.1
-2.98408 1.0
-2.98384 0.9
-2.9836 0.8
-2.98335 0.7
-2.98311 0.6
-2.98286 0.6
-2.98262 0.5
-2.98238 0.4
-2.98213 0.3
-2.98189 0.2
-2.98164 0.1
-2.9814 0.0
-2.98115 0.0
-2.98091 -0.2
-2.98067 -0.2
-2.98042 -0.3
-2.98018 -0.4
-2.97993 -0.5
-2.97969 -0.6
-2.97945 -0.7
-2.9792 -0.8
-2.97896 -0.9
-2.97871 -0.9
-2.97847 -1.0
-2.97822 -1.1
-2.97798 -1.2
-2.97774 -1.2
-2.97749 -1.3
-2.97725 -1.4
-2.977 -1.5
-2.97676 -1.5
-2.97652 -1.6
-2.97627 -1.6
-2.97603 -1.7
-2.97578 -1.8
-2.97554 -1.8
-2.9753 -1.8
-2.97505 -1.9
-2.97481 -1.9
-2.97456 -2.0
-2.97432 -2.0
-2.97407 -2.0
-2.97383 -2.1
-2.97359 -2.1
-2.97334 -2.1
-2.9731 -2.1
-2.97285 -2.1
-2.97261 -2.1
-2.97237 -2.1
-2.97212 -2.2
-2.97188 -2.1
-2.97163 -2.1
-2.97139 -2.1
-2.97114 -2.1
-2.9709 -2.1
-2.97066 -2.1
-2.97041 -2.1
-2.97017 -2.0
-2.96992 -2.0
-2.96968 -2.0
-2.96944 -1.9
-2.96919 -1.9
-2.96895 -1.8
-2.9687 -1.8
-2.96846 -1.7
-2.96821 -1.7
-2.96797 -1.6
-2.96773 -1.6
-2.96748 -1.5
-2.96724 -1.4
-2.96699 -1.4
-2.96675 -1.3
-2.96651 -1.2
-2.96626 -1.1
-2.96602 -1.1
-2.96577 -1.0
-2.96553 -0.9
-2.96529 -0.8
-2.96504 -0.7
-2.9648 -0.6
-2.96455 -0.6
-2.96431 -0.5
-2.96406 -0.4
-2.96382 -0.3
-2.96358 -0.2
-2.96333 -0.1
-2.96309 0.0
-2.96284 0.0
-2.9626 0.2
-2.96236 0.2
-2.96211 0.3
-2.96187 0.4
-2.96162 0.5
-2.96138 0.6
-2.96113 0.7
-2.96089 0.8
-2.96065 0.9
-2.9604 0.9
-2.96016 1.0
-2.95991 1.1
-2.95967 1.2
-2.95943 1.2
-2.95918 1.3
-2.95894 1.4
-2.95869 1.5
-2.95845 1.5
-2.95821 1.6
-2.95796 1.6
-2.95772 1.7
-2.95747 1.8
-2.95723 1.8
-2.95698 1.9
-2.95674 1.9
-2.9565 1.9
-2.95625 2.0
-2.95601 2.0
-2.95576 2.0
-2.95552 2.1
-2.95528 2.1
-2.95503 2.1
-2.95479 2.1
-2.95454 2.1
-2.9543 2.1
-2.95405 2.2
-2.95381 2.2
-2.95357 2.2
-2.95332 2.1
-2.95308 2.1
-2.95283 2.1
-2.95259 2.1
-2.95235 2.1
-2.9521 2.1
-2.95186 2.0
-2.95161 2.0
-2.95137 2.0
-2.95113 1.9
-2.95088 1.9
-2.95064 1.8
-2.95039 1.8
-2.95015 1.7
-2.9499 1.7
-2.94966 1.6
-2.94942 1.6
-2.94917 1.5
-2.94893 1.4
-2.94868 1.4
-2.94844 1.3
-2.9482 1.2
-2.94795 1.1
-2.94771 1.1
-2.94746 1.0
-2.94722 0.9
-2.94697 0.8
-2.94673 0.7
-2.94649 0.6
-2.94624 0.6
-2.946 0.5
-2.94575 0.4
-2.94551 0.3
-2.94527 0.2
-2.94502 0.1
-2.94478 0.0
-2.94453 0.0
-2.94429 -0.2
-2.94405 -0.3
-2.9438 -0.3
-2.94356 -0.4
-2.94331 -0.5
-2.94307 -0.6
-2.94282 -0.7
-2.94258 -0.8
-2.94234 -0.9
-2.94209 -0.9
-2.94185 -1.0
-2.9416 -1.1
-2.94136 -1.2
-2.94112 -1.3
-2.94087 -1.3
-2.94063 -1.4
-2.94038 -1.5
-2.94014 -1.5
-2.93989 -1.6
-2.93965 -1.7
-2.93941 -1.7
-2.93916 -1.8
-2.93892 -1.8
-2.93867 -1.9
-2.93843 -1.9
-2.93819 -1.9
-2.93794 -2.0
-2.9377 -2.0
-2.93745 -2.1
-2.93721 -2.1
-2.93696 -2.1
-2.93672 -2.1
-2.93648 -2.1
-2.93623 -2.1
-2.93599 -2.2
-2.93574 -2.2
-2.9355 -2.2
-2.93526 -2.2
-2.93501 -2.1
-2.93477 -2.1
-2.93452 -2.1
-2.93428 -2.1
-2.93404 -2.1
-2.93379 -2.1
-2.93355 -2.0
-2.9333 -2.0
-2.93306 -2.0
-2.93281 -1.9
-2.93257 -1.9
-2.93233 -1.8
-2.93208 -1.8
-2.93184 -1.7
-2.93159 -1.7
-2.93135 -1.6
-2.93111 -1.5
-2.93086 -1.5
-2.93062 -1.4
-2.93037 -1.3
-2.93013 -1.3
-2.92988 -1.2
-2.92964 -1.1
-2.9294 -1.0
-2.92915 -1.0
-2.92891 -0.9
-2.92866 -0.8
-2.92842 -0.7
-2.92818 -0.6
-2.92793 -0.5
-2.92769 -0.4
-2.92744 -0.3
-2.9272 -0.3
-2.92696 -0.2
-2.92671 0.0
-2.92647 0.0
-2.92622 0.1
-2.92598 0.2
-2.92573 0.3
-2.92549 0.4
-2.92525 0.5
-2.925 0.6
-2.92476 0.6
-2.92451 0.7
-2.92427 0.8
-2.92403 0.9
-2.92378 1.0
-2.92354 1.1
-2.92329 1.1
-2.92305 1.2
-2.9228 1.3
-2.92256 1.4
-2.92232 1.4
-2.92207 1.5
-2.92183 1.6
-2.92158 1.6
-2.92134 1.7
-2.9211 1.7
-2.92085 1.8
-2.92061 1.8
-2.92036 1.9
-2.92012 1.9
-2.91988 2.0
-2.91963 2.0
-2.91939 2.0
-2.91914 2.1
-2.9189 2.1
-2.91865 2.1
-2.91841 2.1
-2.91817 2.1
-2.91792 2.2
-2.91768 2.2
-2.91743 2.2
-2.91719 2.2
-2.91695 2.2
-2.9167 2.1
-2.91646 2.1
-2.91621 2.1
-2.91597 2.1
-2.91572 2.1
-2.91548 2.0
-2.91524 2.0
-2.91499 2.0
-2.91475 1.9
-2.9145 1.9
-2.91426 1.9
-2.91402 1.8
-2.91377 1.8
-2.91353 1.7
-2.91328 1.6
-2.91304 1.6
-2.9128 1.5
-2.91255 1.4
-2.91231 1.4
-2.91206 1.3
-2.91182 1.2
-2.91157 1.2
-2.91133 1.1
-2.91109 1.0
-2.91084 0.9
-2.9106 0.8
-2.91035 0.7
-2.91011 0.7
-2.90987 0.6
-2.90962 0.5
-2.90938 0.4
-2.90913 0.3
-2.90889 0.2
-2.90864 0.1
-2.9084 0.0
-2.90816 0.0
-2.90791 -0.1
-2.90767 -0.2
-2.90742 -0.3
-2.90718 -0.4
-2.90694 -0.5
-2.90669 -0.6
-2.90645 -0.7
-2.9062 -0.8
-2.90596 -0.9
-2.90571 -0.9
-2.90547 -1.0
-2.90523 -1.1
-2.90498 -1.2
-2.90474 -1.3
-2.90449 -1.3
-2.90425 -1.4
-2.90401 -1.5
-2.90376 -1.5
-2.90352 -1.6
-2.90327 -1.7
-2.90303 -1.7
-2.90279 -1.8
-2.90254 -1.8
-2.9023 -1.9
-2.90205 -1.9
-2.90181 -2.0
-2.90156 -2.0
-2.90132 -2.0
-2.90108 -2.1
-2.90083 -2.1
-2.90059 -2.1
-2.90034 -2.1
-2.9001 -2.1
-2.89986 -2.2
-2.89961 -2.2
-2.89937 -2.2
-2.89912 -2.2
-2.89888 -2.2
-2.89863 -2.2
-2.89839 -2.1
-2.89815 -2.1
-2.8979 -2.1
-2.89766 -2.1
-2.89741 -2.1
-2.89717 -2.0
-2.89693 -2.0
-2.89668 -2.0
-2.89644 -1.9
-2.89619 -1.9
-2.89595 -1.8
-2.89571 -1.8
-2.89546 -1.7
-2.89522 -1.7
-2.89497 -1.6
-2.89473 -1.5
-2.89448 -1.5
-2.89424 -1.4
-2.894 -1.3
-2.89375 -1.3
-2.89351 -1.2
-2.89326 -1.1
-2.89302 -1.0
-2.89278 -0.9
-2.89253 -0.9
-2.89229 -0.8
-2.89204 -0.7
-2.8918 -0.6
-2.89155 -0.5
-2.89131 -0.4
-2.89107 -0.3
-2.89082 -0.3
-2.89058 -0.2
-2.89033 0.0
-2.89009 0.0
-2.88985 0.1
-2.8896 0.2
-2.88936 0.3
-2.88911 0.4
-2.88887 0.5
-2.88863 0.6
-2.88838 0.7
-2.88814 0.7
-2.88789 0.8
-2.88765 0.9
-2.8874 1.0
-2.88716 1.1
-2.88692 1.2
-2.88667 1.2
-2.88643 1.3
-2.88618 1.4
-2.88594 1.4
-2.8857 1.5
-2.88545 1.6
-2.88521 1.6
-2.88496 1.7
-2.88472 1.8
-2.88447 1.8
-2.88423 1.9
-2.88399 1.9
-2.88374 1.9
-2.8835 2.0
-2.88325 2.0
-2.88301 2.0
-2.88277 2.1
-2.88252 2.1
-2.88228 2.1
-2.88203 2.1
-2.88179 2.2
-2.88155 2.2
-2.8813 2.2
-2.88106 2.2
-2.88081 2.2
-2.88057 2.2
-2.88032 2.1
-2.88008 2.1
-2.87984 2.1
-2.87959 2.1
-2.87935 2.1
-2.8791 2.0
-2.87886 2.0
-2.87862 2.0
-2.87837 1.9
-2.87813 1.9
-2.87788 1.8
-2.87764 1.8
-2.87739 1.7
-2.87715 1.7
-2.87691 1.6
-2.87666 1.6
-2.87642 1.5
-2.87617 1.4
-2.87593 1.4
-2.87569 1.3
-2.87544 1.2
-2.8752 1.1
-2.87495 1.0
-2.87471 1.0
-2.87446 0.9
-2.87422 0.8
-2.87398 0.7
-2.87373 0.6
-2.87349 0.5
-2.87324 0.4
-2.873 0.4
-2.87276 0.3
-2.87251 0.2
-2.87227 0.0
-2.87202 0.0
-2.87178 0.0
-2.87154 -0.2
-2.87129 -0.3
-2.87105 -0.4
-2.8708 -0.5
-2.87056 -0.6
-2.87031 -0.6
-2.87007 -0.7
-2.86983 -0.8
-2.86958 -0.9
-2.86934 -1.0
-2.86909 -1.1
-2.86885 -1.1
-2.86861 -1.2
-2.86836 -1.3
-2.86812 -1.4
-2.86787 -1.4
-2.86763 -1.5
-2.86738 -1.6
-2.86714 -1.6
-2.8669 -1.7
-2.86665 -1.7
-2.86641 -1.8
-2.86616 -1.8
-2.86592 -1.9
-2.86568 -1.9
-2.86543 -2.0
-2.86519 -2.0
-2.86494 -2.0
-2.8647 -2.1
-2.86446 -2.1
-2.86421 -2.1
-2.86397 -2.1
-2.86372 -2.2
-2.86348 -2.2
-2.86323 -2.2
-2.86299 -2.2
-2.86275 -2.2
-2.8625 -2.2
-2.86226 -2.2
-2.86201 -2.1
-2.86177 -2.1
-2.86153 -2.1
-2.86128 -2.1
-2.86104 -2.0
-2.86079 -2.0
-2.86055 -2.0
-2.8603 -1.9
-2.86006 -1.9
-2.85982 -1.8
-2.85957 -1.8
-2.85933 -1.7
-2.85908 -1.7
-2.85884 -1.6
-2.8586 -1.6
-2.85835 -1.5
-2.85811 -1.4
-2.85786 -1.4
-2.85762 -1.3
-2.85738 -1.2
-2.85713 -1.1
-2.85689 -1.1
-2.85664 -1.0
-2.8564 -0.9
-2.85615 -0.8
-2.85591 -0.7
-2.85567 -0.6
-2.85542 -0.5
-2.85518 -0.5
-2.85493 -0.4
-2.85469 -0.3
-2.85445 -0.2
-2.8542 0.0
-2.85396 0.0
-2.85371 0.0
-2.85347 0.2
-2.85322 0.3
-2.85298 0.4
-2.85274 0.5
-2.85249 0.6
-2.85225 0.6
-2.852 0.7
-2.85176 0.8
-2.85152 0.9
-2.85127 1.0
-2.85103 1.1
-2.85078 1.1
-2.85054 1.2
-2.8503 1.3
-2.85005 1.4
-2.84981 1.4
-2.84956 1.5
-2.84932 1.6
-2.84907 1.6
-2.84883 1.7
-2.84859 1.8
-2.84834 1.8
-2.8481 1.9
-2.84785 1.9
-2.84761 1.9
-2.84737 2.0
-2.84712 2.0
-2.84688 2.1
-2.84663 2.1
-2.84639 2.1
-2.84614 2.1
-2.8459 2.1
-2.84566 2.2
-2.84541 2.2
-2.84517 2.2
-2.84492 2.2
-2.84468 2.2
-2.84444 2.2
-2.84419 2.2
-2.84395 2.1
-2.8437 2.1
-2.84346 2.1
-2.84321 2.1
-2.84297 2.0
-2.84273 2.0
-2.84248 2.0
-2.84224 1.9
-2.84199 1.9
-2.84175 1.8
-2.84151 1.8
-2.84126 1.7
-2.84102 1.7
-2.84077 1.6
-2.84053 1.6
-2.84029 1.5
-2.84004 1.4
-2.8398 1.4
-2.83955 1.3
-2.83931 1.2
-2.83906 1.1
-2.83882 1.0
-2.83858 1.0
-2.83833 0.9
-2.83809 0.8
-2.83784 0.7
-2.8376 0.6
-2.83736 0.5
-2.83711 0.4
-2.83687 0.3
-2.83662 0.3
-2.83638 0.2
-2.83613 0.0
-2.83589 0.0
-2.83565 -0.1
-2.8354 -0.2
-2.83516 -0.3
-2.83491 -0.4
-2.83467 -0.5
-2.83443 -0.6
-2.83418 -0.7
-2.83394 -0.7
-2.83369 -0.8
-2.83345 -0.9
-2.83321 -1.0
-2.83296 -1.1
-2.83272 -1.2
-2.83247 -1.2
-2.83223 -1.3
-2.83198 -1.4
-2.83174 -1.5
-2.8315 -1.5
-2.83125 -1.6
-2.83101 -1.7
-2.83076 -1.7
-2.83052 -1.8
-2.83028 -1.8
-2.83003 -1.9
-2.82979 -1.9
-2.82954 -2.0
-2.8293 -2.0
-2.82905 -2.0
-2.82881 -2.1
-2.82857 -2.1
-2.82832 -2.1
-2.82808 -2.1
-2.82783 -2.2
-2.82759 -2.2
-2.82735 -2.2
-2.8271 -2.2
-2.82686 -2.2
-2.82661 -2.2
-2.82637 -2.2
-2.82613 -2.2
-2.82588 -2.1
-2.82564 -2.1
-2.82539 -2.1
-2.82515 -2.1
-2.8249 -2.0
-2.82466 -2.0
-2.82442 -2.0
-2.82417 -1.9
-2.82393 -1.9
-2.82368 -1.8
-2.82344 -1.8
-2.8232 -1.7
-2.82295 -1.7
-2.82271 -1.6
-2.82246 -1.5
-2.82222 -1.5
-2.82197 -1.4
-2.82173 -1.3
-2.82149 -1.3
-2.82124 -1.2
-2.821 -1.1
-2.82075 -1.0
-2.82051 -0.9
-2.82027 -0.9
-2.82002 -0.8
-2.81978 -0.7
-2.81953 -0.6
-2.81929 -0.5
-2.81905 -0.4
-2.8188 -0.3
-2.81856 -0.2
-2.81831 -0.1
-2.81807 0.0
-2.81782 0.0
-2.81758 0.1
-2.81734 0.2
-2.81709 0.3
-2.81685 0.4
-2.8166 0.5
-2.81636 0.6
-2.81612 0.7
-2.81587 0.8
-2.81563 0.9
-2.81538 0.9
-2.81514 1.0
-2.81489 1.1
-2.81465 1.2
-2.81441 1.3
-2.81416 1.3
-2.81392 1.4
-2.81367 1.5
-2.81343 1.6
-2.81319 1.6
-2.81294 1.7
-2.8127 1.7
-2.81245 1.8
-2.81221 1.8
-2.81196 1.9
-2.81172 1.9
-2.81148 2.0
-2.81123 2.0
-2.81099 2.0
-2.81074 2.1
-2.8105 2.1
-2.81026 2.1
-2.81001 2.1
-2.80977 2.2
-2.80952 2.2
-2.80928 2.2
-2.80904 2.2
-2.80879 2.2
-2.80855 2.2
-2.8083 2.2
-2.80806 2.2
-2.80781 2.1
-2.80757 2.1
-2.80733 2.1
-2.80708 2.1
-2.80684 2.0
-2.80659 2.0
-2.80635 2.0
-2.80611 1.9
-2.80586 1.9
-2.80562 1.8
-2.80537 1.8
-2.80513 1.7
-2.80488 1.6
-2.80464 1.6
-2.8044 1.5
-2.80415 1.4
-2.80391 1.4
-2.80366 1.3
-2.80342 1.2
-2.80318 1.1
-2.80293 1.1
-2.80269 1.0
-2.80244 0.9
-2.8022 0.8
-2.80196 0.7
-2.80171 0.6
-2.80147 0.6
-2.80122 0.5
-2.80098 0.4
-2.80073 0.3
-2.80049 0.2
-2.80025 0.0
-2.8 0.0
-2.79976 0.0
-2.79951 -0.2
-2.79927 -0.3
-2.79903 -0.4
-2.79878 -0.5
-2.79854 -0.6
-2.79829 -0.6
-2.79805 -0.7
-2.7978 -0.8
-2.79756 -0.9
-2.79732 -1.0
-2.79707 -1.1
-2.79683 -1.2
-2.79658 -1.2
-2.79634 -1.3
-2.7961 -1.4
-2.79585 -1.5
-2.79561 -1.5
-2.79536 -1.6
-2.79512 -1.7
-2.79488 -1.7
-2.79463 -1.8
-2.79439 -1.8
-2.79414 -1.9
-2.7939 -1.9
-2.79365 -2.0
-2.79341 -2.0
-2.79317 -2.0
-2.79292 -2.1
-2.79268 -2.1
-2.79243 -2.1
-2.79219 -2.1
-2.79195 -2.2
-2.7917 -2.2
-2.79146 -2.2
-2.79121 -2.2
-2.79097 -2.2
-2.79072 -2.2
-2.79048 -2.2
-2.79024 -2.2
-2.78999 -2.1
-2.78975 -2.1
-2.7895 -2.1
-2.78926 -2.1
-2.78902 -2.0
-2.78877 -2.0
-2.78853 -2.0
-2.78828 -1.9
-2.78804 -1.9
-2.7878 -1.8
-2.78755 -1.8
-2.78731 -1.7
-2.78706 -1.7
-2.78682 -1.6
-2.78657 -1.5
-2.78633 -1.5
-2.78609 -1.4
-2.78584 -1.3
-2.7856 -1.3
-2.78535 -1.2
-2.78511 -1.1
-2.78487 -1.0
-2.78462 -0.9
-2.78438 -0.8
-2.78413 -0.8
-2.78389 -0.7
-2.78364 -0.6
-2.7834 -0.5
-2.78316 -0.4
-2.78291 -0.3
-2.78267 -0.2
-2.78242 -0.1
-2.78218 0.0
-2.78194 0.0
-2.78169 0.2
-2.78145 0.3
-2.7812 0.3
-2.78096 0.4
-2.78071 0.5
-2.78047 0.6
-2.78023 0.7
-2.77998 0.8
-2.77974 0.9
-2.77949 1.0
-2.77925 1.1
-2.77901 1.1
-2.77876 1.2
-2.77852 1.3
-2.77827 1.4
-2.77803 1.4
-2.77779 1.5
-2.77754 1.6
-2.7773 1.6
-2.77705 1.7
-2.77681 1.8
-2.77656 1.8
-2.77632 1.9
-2.77608 1.9
-2.77583 2.0
-2.77559 2.0
-2.77534 2.0
-2.7751 2.1
-2.77486 2.1
-2.77461 2.1
-2.77437 2.1
-2.77412 2.2
-2.77388 2.2
-2.77363 2.2
-2.77339 2.2
-2.77315 2.2
-2.7729 2.2
-2.77266 2.2
-2.77241 2.2
-2.77217 2.2
-2.77193 2.1
-2.77168 2.1
-2.77144 2.1
-2.77119 2.1
-2.77095 2.0
-2.77071 2.0
-2.77046 1.9
-2.77022 1.9
-2.76997 1.9
-2.76973 1.8
-2.76948 1.7
-2.76924 1.7
-2.769 1.6
-2.76875 1.6
-2.76851 1.5
-2.76826 1.4
-2.76802 1.3
-2.76778 1.3
-2.76753 1.2
-2.76729 1.1
-2.76704 1.0
-2.7668 1.0
-2.76655 0.9
-2.76631 0.8
-2.76607 0.7
-2.76582 0.6
-2.76558 0.5
-2.76533 0.4
-2.76509 0.3
-2.76485 0.2
-2.7646 0.1
-2.76436 0.0
-2.76411 0.0
-2.76387 -0.1
-2.76363 -0.2
-2.76338 -0.3
-2.76314 -0.4
-2.76289 -0.5
-2.76265 -0.6
-2.7624 -0.7
-2.76216 -0.8
-2.76192 -0.9
-2.76167 -1.0
-2.76143 -1.0
-2.76118 -1.1
-2.76094 -1.2
-2.7607 -1.3
-2.76045 -1.4
-2.76021 -1.4
-2.75996 -1.5
-2.75972 -1.6
-2.75947 -1.6
-2.75923 -1.7
-2.75899 -1.7
-2.75874 -1.8
-2.7585 -1.9
-2.75825 -1.9
-2.75801 -1.9
-2.75777 -2.0
-2.75752 -2.0
-2.75728 -2.1
-2.75703 -2.1
-2.75679 -2.1
-2.75655 -2.1
-2.7563 -2.2
-2.75606 -2.2
-2.75581 -2.2
-2.75557 -2.2
-2.75532 -2.2
-2.75508 -2.2
-2.75484 -2.2
-2.75459 -2.2
-2.75435 -2.2
-2.7541 -2.1
-2.75386 -2.1
-2.75362 -2.1
-2.75337 -2.1
-2.75313 -2.0
-2.75288 -2.0
-2.75264 -1.9
-2.75239 -1.9
-2.75215 -1.9
-2.75191 -1.8
-2.75166 -1.7
-2.75142 -1.7
-2.75117 -1.6
-2.75093 -1.6
-2.75069 -1.5
-2.75044 -1.4
-2.7502 -1.4
-2.74995 -1.3
-2.74971 -1.2
-2.74946 -1.1
-2.74922 -1.0
-2.74898 -1.0
-2.74873 -0.9
-2.74849 -0.8
-2.74824 -0.7
-2.748 -0.6
-2.74776 -0.5
-2.74751 -0.4
-2.74727 -0.3
-2.74702 -0.2
-2.74678 -0.1
-2.74654 0.0
-2.74629 0.0
-2.74605 0.1
-2.7458 0.2
-2.74556 0.3
-2.74531 0.4
-2.74507 0.5
-2.74483 0.6
-2.74458 0.7
-2.74434 0.8
-2.74409 0.9
-2.74385 1.0
-2.74361 1.0
-2.74336 1.1
-2.74312 1.2
-2.74287 1.3
-2.74263 1.4
-2.74238 1.4
-2.74214 1.5
-2.7419 1.6
-2.74165 1.6
-2.74141 1.7
-2.74116 1.8
-2.74092 1.8
-2.74068 1.9
-2.74043 1.9
-2.74019 2.0
-2.73994 2.0
-2.7397 2.0
-2.73946 2.1
-2.73921 2.1
-2.73897 2.1
-2.73872 2.1
-2.73848 2.2
-2.73823 2.2
-2.73799 2.2
-2.73775 2.2
-2.7375 2.2
-2.73726 2.2
-2.73701 2.2
-2.73677 2.2
-2.73653 2.2
-2.73628 2.1
-2.73604 2.1
-2.73579 2.1
-2.73555 2.1
-2.7353 2.0
-2.73506 2.0
-2.73482 1.9
-2.73457 1.9
-2.73433 1.9
-2.73408 1.8
-2.73384 1.7
-2.7336 1.7
-2.73335 1.6
-2.73311 1.6
-2.73286 1.5
-2.73262 1.4
-2.73238 1.3
-2.73213 1.3
-2.73189 1.2
-2.73164 1.1
-2.7314 1.0
-2.73115 0.9
-2.73091 0.9
-2.73067 0.8
-2.73042 0.7
-2.73018 0.6
-2.72993 0.5
-2.72969 0.4
-2.72945 0.3
-2.7292 0.2
-2.72896 0.1
-2.72871 0.0
-2.72847 0.0
-2.72822 -0.2
-2.72798 -0.3
-2.72774 -0.4
-2.72749 -0.4
-2.72725 -0.5
-2.727 -0.6
-2.72676 -0.7
-2.72652 -0.8
-2.72627 -0.9
-2.72603 -1.0
-2.72578 -1.1
-2.72554 -1.1
-2.7253 -1.2
-2.72505 -1.3
-2.72481 -1.4
-2.72456 -1.5
-2.72432 -1.5
-2.72407 -1.6
-2.72383 -1.7
-2.72359 -1.7
-2.72334 -1.8
-2.7231 -1.8
-2.72285 -1.9
-2.72261 -1.9
-2.72237 -2.0
-2.72212 -2.0
-2.72188 -2.0
-2.72163 -2.1
-2.72139 -2.1
-2.72114 -2.1
-2.7209 -2.2
-2.72066 -2.2
-2.72041 -2.2
-2.72017 -2.2
-2.71992 -2.2
-2.71968 -2.2
-2.71944 -2.2
-2.71919 -2.2
-2.71895 -2.2
-2.7187 -2.2
-2.71846 -2.1
-2.71821 -2.1
-2.71797 -2.1
-2.71773 -2.1
-2.71748 -2.0
-2.71724 -2.0
-2.71699 -1.9
-2.71675 -1.9
-2.71651 -1.8
-2.71626 -1.8
-2.71602 -1.7
-2.71577 -1.7
-2.71553 -1.6
-2.71529 -1.5
-2.71504 -1.5
-2.7148 -1.4
-2.71455 -1.3
-2.71431 -1.2
-2.71406 -1.2
-2.71382 -1.1
-2.71358 -1.0
-2.71333 -0.9
-2.71309 -0.8
-2.71284 -0.7
-2.7126 -0.6
-2.71236 -0.6
-2.71211 -0.5
-2.71187 -0.4
-2.71162 -0.3
-2.71138 -0.2
-2.71113 0.0
-2.71089 0.0
-2.71065 0.1
-2.7104 0.2
-2.71016 0.3
-2.70991 0.4
-2.70967 0.5
-2.70943 0.6
-2.70918 0.7
-2.70894 0.8
-2.70869 0.8
-2.70845 0.9
-2.70821 1.0
-2.70796 1.1
-2.70772 1.2
-2.70747 1.3
-2.70723 1.3
-2.70698 1.4
-2.70674 1.5
-2.7065 1.6
-2.70625 1.6
-2.70601 1.7
-2.70576 1.7
-2.70552 1.8
-2.70528 1.9
-2.70503 1.9
-2.70479 1.9
-2.70454 2.0
-2.7043 2.0
-2.70405 2.1
-2.70381 2.1
-2.70357 2.1
-2.70332 2.1
-2.70308 2.2
-2.70283 2.2
-2.70259 2.2
-2.70235 2.2
-2.7021 2.2
-2.70186 2.2
-2.70161 2.2
-2.70137 2.2
-2.70113 2.2
-2.70088 2.2
-2.70064 2.1
-2.70039 2.1
-2.70015 2.1
-2.6999 2.0
-2.69966 2.0
-2.69942 2.0
-2.69917 1.9
-2.69893 1.9
-2.69868 1.8
-2.69844 1.8
-2.6982 1.7
-2.69795 1.6
-2.69771 1.6
-2.69746 1.5
-2.69722 1.4
-2.69697 1.4
-2.69673 1.3
-2.69649 1.2
-2.69624 1.1
-2.696 1.0
-2.69575 1.0
-2.69551 0.9
-2.69527 0.8
-2.69502 0.7
-2.69478 0.6
-2.69453 0.5
-2.69429 0.4
-2.69405 0.3
-2.6938 0.2
-2.69356 0.1
-2.69331 0.0
-2.69307 0.0
-2.69282 -0.2
-2.69258 -0.2
-2.69234 -0.3
-2.69209 -0.4
-2.69185 -0.5
-2.6916 -0.6
-2.69136 -0.7
-2.69112 -0.8
-2.69087 -0.9
-2.69063 -1.0
-2.69038 -1.1
-2.69014 -1.1
-2.68989 -1.2
-2.68965 -1.3
-2.68941 -1.4
-2.68916 -1.5
-2.68892 -1.5
-2.68867 -1.6
-2.68843 -1.7
-2.68819 -1.7
-2.68794 -1.8
-2.6877 -1.8
-2.68745 -1.9
-2.68721 -1.9
-2.68696 -2.0
-2.68672 -2.0
-2.68648 -2.1
-2.68623 -2.1
-2.68599 -2.1
-2.68574 -2.1
-2.6855 -2.2
-2.68526 -2.2
-2.68501 -2.2
-2.68477 -2.2
-2.68452 -2.2
-2.68428 -2.2
-2.68404 -2.2
-2.68379 -2.2
-2.68355 -2.2
-2.6833 -2.2
-2.68306 -2.1
-2.68281 -2.1
-2.68257 -2.1
-2.68233 -2.1
-2.68208 -2.0
-2.68184 -2.0
-2.68159 -1.9
-2.68135 -1.9
-2.68111 -1.8
-2.68086 -1.8
-2.68062 -1.7
-2.68037 -1.7
-2.68013 -1.6
-2.67988 -1.5
-2.67964 -1.5
-2.6794 -1.4
-2.67915 -1.3
-2.67891 -1.2
-2.67866 -1.2
-2.67842 -1.1
-2.67818 -1.0
-2.67793 -0.9
-2.67769 -0.8
-2.67744 -0.7
-2.6772 -0.6
-2.67696 -0.5
-2.67671 -0.4
-2.67647 -0.4
-2.67622 -0.3
-2.67598 -0.2
-2.67573 0.0
-2.67549 0.0
-2.67525 0.1
-2.675 0.2
-2.67476 0.3
-2.67451 0.4
-2.67427 0.5
-2.67403 0.6
-2.67378 0.7
-2.67354 0.8
-2.67329 0.9
-2.67305 1.0
-2.6728 1.0
-2.67256 1.1
-2.67232 1.2
-2.67207 1.3
-2.67183 1.4
-2.67158 1.4
-2.67134 1.5
-2.6711 1.6
-2.67085 1.6
-2.67061 1.7
-2.67036 1.8
-2.67012 1.8
-2.66988 1.9
-2.66963 1.9
-2.66939 2.0
-2.66914 2.0
-2.6689 2.0
-2.66865 2.1
-2.66841 2.1
-2.66817 2.1
-2.66792 2.2
-2.66768 2.2
-2.66743 2.2
-2.66719 2.2
-2.66695 2.2
-2.6667 2.2
-2.66646 2.2
-2.66621 2.2
-2.66597 2.2
-2.66572 2.2
-2.66548 2.2
-2.66524 2.1
-2.66499 2.1
-2.66475 2.1
-2.6645 2.0
-2.66426 2.0
-2.66402 1.9
-2.66377 1.9
-2.66353 1.9
-2.66328 1.8
-2.66304 1.7
-2.6628 1.7
-2.66255 1.6
-2.66231 1.5
-2.66206 1.5
-2.66182 1.4
-2.66157 1.3
-2.66133 1.3
-2.66109 1.2
-2.66084 1.1
-2.6606 1.0
-2.66035 0.9
-2.66011 0.8
-2.65987 0.7
-2.65962 0.6
-2.65938 0.6
-2.65913 0.5
-2.65889 0.4
-2.65864 0.3
-2.6584 0.2
-2.65816 0.0
-2.65791 0.0
-2.65767 -0.1
-2.65742 -0.2
-2.65718 -0.3
-2.65694 -0.4
-2.65669 -0.5
-2.65645 -0.6
-2.6562 -0.7
-2.65596 -0.8
-2.65571 -0.9
-2.65547 -0.9
-2.65523 -1.0
-2.65498 -1.1
-2.65474 -1.2
-2.65449 -1.3
-2.65425 -1.4
-2.65401 -1.4
-2.65376 -1.5
-2.65352 -1.6
-2.65327 -1.6
-2.65303 -1.7
-2.65279 -1.8
-2.65254 -1.8
-2.6523 -1.9
-2.65205 -1.9
-2.65181 -2.0
-2.65156 -2.0
-2.65132 -2.0
-2.65108 -2.1
-2.65083 -2.1
-2.65059 -2.1
-2.65034 -2.2
-2.6501 -2.2
-2.64986 -2.2
-2.64961 -2.2
-2.64937 -2.2
-2.64912 -2.2
-2.64888 -2.2
-2.64863 -2.2
-2.64839 -2.2
-2.64815 -2.2
-2.6479 -2.2
-2.64766 -2.1
-2.64741 -2.1
-2.64717 -2.1
-2.64693 -2.0
-2.64668 -2.0
-2.64644 -2.0
-2.64619 -1.9
-2.64595 -1.9
-2.64571 -1.8
-2.64546 -1.7
-2.64522 -1.7
-2.64497 -1.6
-2.64473 -1.5
-2.64448 -1.5
-2.64424 -1.4
-2.644 -1.3
-2.64375 -1.3
-2.64351 -1.2
-2.64326 -1.1
-2.64302 -1.0
-2.64278 -0.9
-2.64253 -0.8
-2.64229 -0.7
-2.64204 -0.6
-2.6418 -0.6
-2.64155 -0.5
-2.64131 -0.4
-2.64107 -0.3
-2.64082 -0.2
-2.64058 0.0
-2.64033 0.0
-2.64009 0.1
-2.63985 0.2
-2.6396 0.3
-2.63936 0.4
-2.63911 0.5
-2.63887 0.6
-2.63863 0.7
-2.63838 0.8
-2.63814 0.9
-2.63789 1.0
-2.63765 1.0
-2.6374 1.1
-2.63716 1.2
-2.63692 1.3
-2.63667 1.4
-2.63643 1.4
-2.63618 1.5
-2.63594 1.6
-2.6357 1.6
-2.63545 1.7
-2.63521 1.8
-2.63496 1.8
-2.63472 1.9
-2.63447 1.9
-2.63423 2.0
-2.63399 2.0
-2.63374 2.1
-2.6335 2.1
-2.63325 2.1
-2.63301 2.1
-2.63277 2.2
-2.63252 2.2
-2.63228 2.2
-2.63203 2.2
-2.63179 2.2
-2.63155 2.2
-2.6313 2.2
-2.63106 2.2
-2.63081 2.2
-2.63057 2.2
-2.63032 2.2
-2.63008 2.1
-2.62984 2.1
-2.62959 2.1
-2.62935 2.0
-2.6291 2.0
-2.62886 1.9
-2.62862 1.9
-2.62837 1.8
-2.62813 1.8
-2.62788 1.7
-2.62764 1.7
-2.62739 1.6
-2.62715 1.5
-2.62691 1.5
-2.62666 1.4
-2.62642 1.3
-2.62617 1.2
-2.62593 1.2
-2.62569 1.1
-2.62544 1.0
-2.6252 0.9
-2.62495 0.8
-2.62471 0.7
-2.62446 0.6
-2.62422 0.5
-2.62398 0.4
-2.62373 0.3
-2.62349 0.2
-2.62324 0.1
-2.623 0.0
-2.62276 0.0
-2.62251 -0.1
-2.62227 -0.2
-2.62202 -0.3
-2.62178 -0.4
-2.62154 -0.5
-2.62129 -0.6
-2.62105 -0.7
-2.6208 -0.8
-2.62056 -0.9
-2.62031 -1.0
-2.62007 -1.1
-2.61983 -1.2
-2.61958 -1.2
-2.61934 -1.3
-2.61909 -1.4
-2.61885 -1.5
-2.61861 -1.5
-2.61836 -1.6
-2.61812 -1.7
-2.61787 -1.7
-2.61763 -1.8
-2.61738 -1.8
-2.61714 -1.9
-2.6169 -1.9
-2.61665 -2.0
-2.61641 -2.0
-2.61616 -2.1
-2.61592 -2.1
-2.61568 -2.1
-2.61543 -2.2
-2.61519 -2.2
-2.61494 -2.2
-2.6147 -2.2
-2.61446 -2.2
-2.61421 -2.2
-2.61397 -2.2
-2.61372 -2.2
-2.61348 -2.2
-2.61323 -2.2
-2.61299 -2.2
-2.61275 -2.2
-2.6125 -2.1
-2.61226 -2.1
-2.61201 -2.1
-2.61177 -2.0
-2.61153 -2.0
-2.61128 -1.9
-2.61104 -1.9
-2.61079 -1.8
-2.61055 -1.8
-2.6103 -1.7
-2.61006 -1.7
-2.60982 -1.6
-2.60957 -1.5
-2.60933 -1.4
-2.60908 -1.4
-2.60884 -1.3
-2.6086 -1.2
-2.60835 -1.1
-2.60811 -1.0
-2.60786 -1.0
-2.60762 -0.9
-2.60738 -0.8
-2.60713 -0.7
-2.60689 -0.6
-2.60664 -0.5
-2.6064 -0.4
-2.60615 -0.3
-2.60591 -0.2
-2.60567 -0.1
-2.60542 0.0
-2.60518 0.0
-2.60493 0.2
-2.60469 0.3
-2.60445 0.4
-2.6042 0.5
-2.60396 0.6
-2.60371 0.7
-2.60347 0.8
-2.60322 0.8
-2.60298 0.9
-2.60274 1.0
-2.60249 1.1
-2.60225 1.2
-2.602 1.3
-2.60176 1.3
-2.60152 1.4
-2.60127 1.5
-2.60103 1.6
-2.60078 1.6
-2.60054 1.7
-2.6003 1.8
-2.60005 1.8
-2.59981 1.9
-2.59956 1.9
-2.59932 2.0
-2.59907 2.0
-2.59883 2.1
-2.59859 2.1
-2.59834 2.1
-2.5981 2.1
-2.59785 2.2
-2.59761 2.2
-2.59737 2.2
-2.59712 2.2
-2.59688 2.2
-2.59663 2.2
-2.59639 2.2
-2.59614 2.2
-2.5959 2.2
-2.59566 2.2
-2.59541 2.2
-2.59517 2.1
-2.59492 2.1
-2.59468 2.1
-2.59444 2.0
-2.59419 2.0
-2.59395 2.0
-2.5937 1.9
-2.59346 1.9
-2.59321 1.8
-2.59297 1.7
-2.59273 1.7
-2.59248 1.6
-2.59224 1.6
-2.59199 1.5
-2.59175 1.4
-2.59151 1.3
-2.59126 1.2
-2.59102 1.2
-2.59077 1.1
-2.59053 1.0
-2.59029 0.9
-2.59004 0.8
-2.5898 0.7
-2.58955 0.6
-2.58931 0.5
-2.58906 0.4
-2.58882 0.3
-2.58858 0.3
-2.58833 0.2
-2.58809 0.0
-2.58784 0.0
-2.5876 -0.1
-2.58736 -0.2
-2.58711 -0.3
-2.58687 -0.4
-2.58662 -0.5
-2.58638 -0.6
-2.58613 -0.7
-2.58589 -0.8
-2.58565 -0.9
-2.5854 -1.0
-2.58516 -1.1
-2.58491 -1.2
-2.58467 -1.2
-2.58443 -1.3
-2.58418 -1.4
-2.58394 -1.5
-2.58369 -1.5
-2.58345 -1.6
-2.58321 -1.7
-2.58296 -1.7
-2.58272 -1.8
-2.58247 -1.9
-2.58223 -1.9
-2.58198 -2.0
-2.58174 -2.0
-2.5815 -2.0
-2.58125 -2.1
-2.58101 -2.1
-2.58076 -2.1
-2.58052 -2.2
-2.58028 -2.2
-2.58003 -2.2
-2.57979 -2.2
-2.57954 -2.2
-2.5793 -2.2
-2.57905 -2.2
-2.57881 -2.2
-2.57857 -2.2
-2.57832 -2.2
-2.57808 -2.2
-2.57783 -2.2
-2.57759 -2.1
-2.57735 -2.1
-2.5771 -2.1
-2.57686 -2.0
-2.57661 -2.0
-2.57637 -1.9
-2.57613 -1.9
-2.57588 -1.8
-2.57564 -1.8
-2.57539 -1.7
-2.57515 -1.6
-2.5749 -1.6
-2.57466 -1.5
-2.57442 -1.4
-2.57417 -1.4
-2.57393 -1.3
-2.57368 -1.2
-2.57344 -1.1
-2.5732 -1.0
-2.57295 -0.9
-2.57271 -0.8
-2.57246 -0.8
-2.57222 -0.7
-2.57197 -0.6
-2.57173 -0.5
-2.57149 -0.4
-2.57124 -0.3
-2.571 -0.2
-2.57075 0.0
-2.57051 0.0
-2.57027 0.1
-2.57002 0.2
-2.56978 0.3
-2.56953 0.4
-2.56929 0.5
-2.56905 0.6
-2.5688 0.7
-2.56856 0.8
-2.56831 0.9
-2.56807 1.0
-2.56782 1.1
-2.56758 1.1
-2.56734 1.2
-2.56709 1.3
-2.56685 1.4
-2.5666 1.5
-2.56636 1.5
-2.56612 1.6
-2.56587 1.7
-2.56563 1.7
-2.56538 1.8
-2.56514 1.8
-2.56489 1.9
-2.56465 2.0
-2.56441 2.0
-2.56416 2.0
-2.56392 2.1
-2.56367 2.1
-2.56343 2.1
-2.56319 2.2
-2.56294 2.2
-2.5627 2.2
-2.56245 2.2
-2.56221 2.2
-2.56196 2.2
-2.56172 2.2
-2.56148 2.2
-2.56123 2.2
-2.56099 2.2
-2.56074 2.2
-2.5605 2.2
-2.56026 2.1
-2.56001 2.1
-2.55977 2.1
-2.55952 2.0
-2.55928 2.0
-2.55904 1.9
-2.55879 1.9
-2.55855 1.8
-2.5583 1.8
-2.55806 1.7
-2.55781 1.7
-2.55757 1.6
-2.55733 1.5
-2.55708 1.4
-2.55684 1.4
-2.55659 1.3
-2.55635 1.2
-2.55611 1.1
-2.55586 1.0
-2.55562 0.9
-2.55537 0.9
-2.55513 0.8
-2.55488 0.7
-2.55464 0.6
-2.5544 0.5
-2.55415 0.4
-2.55391 0.3
-2.55366 0.2
-2.55342 0.0
-2.55318 0.0
-2.55293 -0.1
-2.55269 -0.2
-2.55244 -0.3
-2.5522 -0.4
-2.55196 -0.5
-2.55171 -0.6
-2.55147 -0.7
-2.55122 -0.8
-2.55098 -0.9
-2.55073 -1.0
-2.55049 -1.1
-2.55025 -1.1
-2.55 -1.2
-2.54976 -1.3
-2.54951 -1.4
-2.54927 -1.5
-2.54903 -1.5
-2.54878 -1.6
-2.54854 -1.7
-2.54829 -1.7
-2.54805 -1.8
-2.5478 -1.9
-2.54756 -1.9
-2.54732 -2.0
-2.54707 -2.0
-2.54683 -2.0
-2.54658 -2.1
-2.54634 -2.1
-2.5461 -2.1
-2.54585 -2.2
-2.54561 -2.2
-2.54536 -2.2
-2.54512 -2.2
-2.54488 -2.2
-2.54463 -2.2
-2.54439 -2.2
-2.54414 -2.2
-2.5439 -2.2
-2.54365 -2.2
-2.54341 -2.2
-2.54317 -2.2
-2.54292 -2.1
-2.54268 -2.1
-2.54243 -2.1
-2.54219 -2.0
-2.54195 -2.0
-2.5417 -1.9
-2.54146 -1.9
-2.54121 -1.8
-2.54097 -1.8
-2.54072 -1.7
-2.54048 -1.7
-2.54024 -1.6
-2.53999 -1.5
-2.53975 -1.4
-2.5395 -1.4
-2.53926 -1.3
-2.53902 -1.2
-2.53877 -1.1
-2.53853 -1.0
-2.53828 -0.9
-2.53804 -0.8
-2.5378 -0.8
-2.53755 -0.7
-2.53731 -0.6
-2.53706 -0.5
-2.53682 -0.4
-2.53657 -0.3
-2.53633 -0.2
-2.53609 0.0
-2.53584 0.0
-2.5356 0.1
-2.53535 0.2
-2.53511 0.3
-2.53487 0.4
-2.53462 0.5
-2.53438 0.6
-2.53413 0.7
-2.53389 0.8
-2.53364 0.9
-2.5334 1.0
-2.53316 1.1
-2.53291 1.2
-2.53267 1.2
-2.53242 1.3
-2.53218 1.4
-2.53194 1.5
-2.53169 1.5
-2.53145 1.6
-2.5312 1.7
-2.53096 1.7
-2.53071 1.8
-2.53047 1.9
-2.53023 1.9
-2.52998 2.0
-2.52974 2.0
-2.52949 2.1
-2.52925 2.1
-2.52901 2.1
-2.52876 2.2
-2.52852 2.2
-2.52827 2.2
-2.52803 2.2
-2.52779 2.2
-2.52754 2.2
-2.5273 2.2
-2.52705 2.2
-2.52681 2.2
-2.52656 2.2
-2.52632 2.2
-2.52608 2.2
-2.52583 2.2
-2.52559 2.1
-2.52534 2.1
-2.5251 2.1
-2.52486 2.0
-2.52461 2.0
-2.52437 1.9
-2.52412 1.9
-2.52388 1.8
-2.52363 1.8
-2.52339 1.7
-2.52315 1.6
-2.5229 1.6
-2.52266 1.5
-2.52241 1.4
-2.52217 1.3
-2.52193 1.3
-2.52168 1.2
-2.52144 1.1
-2.52119 1.0
-2.52095 0.9
-2.52071 0.8
-2.52046 0.7
-2.52022 0.6
-2.51997 0.5
-2.51973 0.4
-2.51948 0.3
-2.51924 0.2
-2.519 0.2
-2.51875 0.0
-2.51851 0.0
-2.51826 -0.1
-2.51802 -0.2
-2.51778 -0.3
-2.51753 -0.4
-2.51729 -0.5
-2.51704 -0.6
-2.5168 -0.7
-2.51655 -0.8
-2.51631 -0.9
-2.51607 -1.0
-2.51582 -1.1
-2.51558 -1.2
-2.51533 -1.3
-2.51509 -1.3
-2.51485 -1.4
-2.5146 -1.5
-2.51436 -1.6
-2.51411 -1.6
-2.51387 -1.7
-2.51363 -1.8
-2.51338 -1.8
-2.51314 -1.9
-2.51289 -1.9
-2.51265 -2.0
-2.5124 -2.0
-2.51216 -2.1
-2.51192 -2.1
-2.51167 -2.1
-2.51143 -2.2
-2.51118 -2.2
-2.51094 -2.2
-2.5107 -2.2
-2.51045 -2.2
-2.51021 -2.2
-2.50996 -2.2
-2.50972 -2.2
-2.50947 -2.2
-2.50923 -2.2
-2.50899 -2.2
-2.50874 -2.2
-2.5085 -2.2
-2.50825 -2.1
-2.50801 -2.1
-2.50777 -2.1
-2.50752 -2.0
-2.50728 -2.0
-2.50703 -1.9
-2.50679 -1.9
-2.50655 -1.8
-2.5063 -1.7
-2.50606 -1.7
-2.50581 -1.6
-2.50557 -1.5
-2.50532 -1.5
-2.50508 -1.4
-2.50484 -1.3
-2.50459 -1.2
-2.50435 -1.1
-2.5041 -1.1
-2.50386 -1.0
-2.50362 -0.9
-2.50337 -0.8
-2.50313 -0.7
-2.50288 -0.6
-2.50264 -0.5
-2.50239 -0.4
-2.50215 -0.3
-2.50191 -0.2
-2.50166 -0.1
-2.50142 0.0
-2.50117 0.0
-2.50093 0.2
-2.50069 0.3
-2.50044 0.4
-2.5002 0.5
-2.49995 0.6
-2.49971 0.7
-2.49946 0.8
-2.49922 0.9
-2.49898 1.0
-2.49873 1.1
-2.49849 1.1
-2.49824 1.2
-2.498 1.3
-2.49776 1.4
-2.49751 1.5
-2.49727 1.5
-2.49702 1.6
-2.49678 1.7
-2.49654 1.7
-2.49629 1.8
-2.49605 1.9
-2.4958 1.9
-2.49556 2.0
-2.49531 2.0
-2.49507 2.1
-2.49483 2.1
-2.49458 2.1
-2.49434 2.2
-2.49409 2.2
-2.49385 2.2
-2.49361 2.2
-2.49336 2.2
-2.49312 2.2
-2.49287 2.2
-2.49263 2.2
-2.49238 2.2
-2.49214 2.2
-2.4919 2.2
-2.49165 2.2
-2.49141 2.2
-2.49116 2.1
-2.49092 2.1
-2.49068 2.1
-2.49043 2.0
-2.49019 2.0
-2.48994 1.9
-2.4897 1.9
-2.48946 1.8
-2.48921 1.8
-2.48897 1.7
-2.48872 1.6
-2.48848 1.6
-2.48823 1.5
-2.48799 1.4
-2.48775 1.3
-2.4875 1.3
-2.48726 1.2
-2.48701 1.1
-2.48677 1.0
-2.48653 0.9
-2.48628 0.8
-2.48604 0.7
-2.48579 0.6
-2.48555 0.5
-2.4853 0.4
-2.48506 0.3
-2.48482 0.2
-2.48457 0.1
-2.48433 0.0
-2.48408 0.0
-2.48384 -0.2
-2.4836 -0.3
-2.48335 -0.4
-2.48311 -0.5
-2.48286 -0.6
-2.48262 -0.6
-2.48238 -0.7
-2.48213 -0.8
-2.48189 -0.9
-2.48164 -1.0
-2.4814 -1.1
-2.48115 -1.2
-2.48091 -1.3
-2.48067 -1.4
-2.48042 -1.4
-2.48018 -1.5
-2.47993 -1.6
-2.47969 -1.7
-2.47945 -1.7
-2.4792 -1.8
-2.47896 -1.8
-2.47871 -1.9
-2.47847 -2.0
-2.47822 -2.0
-2.47798 -2.0
-2.47774 -2.1
-2.47749 -2.1
-2.47725 -2.1
-2.477 -2.2
-2.47676 -2.2
-2.47652 -2.2
-2.47627 -2.2
-2.47603 -2.2
-2.47578 -2.2
-2.47554 -2.2
-2.4753 -2.2
-2.47505 -2.2
-2.47481 -2.2
-2.47456 -2.2
-2.47432 -2.2
-2.47407 -2.2
-2.47383 -2.1
-2.47359 -2.1
-2.47334 -2.0
-2.4731 -2.0
-2.47285 -2.0
-2.47261 -1.9
-2.47237 -1.9
-2.47212 -1.8
-2.47188 -1.7
-2.47163 -1.7
-2.47139 -1.6
-2.47114 -1.5
-2.4709 -1.4
-2.47066 -1.4
-2.47041 -1.3
-2.47017 -1.2
-2.46992 -1.1
-2.46968 -1.0
-2.46944 -0.9
-2.46919 -0.8
-2.46895 -0.8
-2.4687 -0.7
-2.46846 -0.6
-2.46821 -0.5
-2.46797 -0.4
-2.46773 -0.3
-2.46748 -0.2
-2.46724 0.0
-2.46699 0.0
-2.46675 0.1
-2.46651 0.2
-2.46626 0.3
-2.46602 0.4
-2.46577 0.5
-2.46553 0.6
-2.46529 0.7
-2.46504 0.8
-2.4648 0.9
-2.46455 1.0
-2.46431 1.1
-2.46406 1.2
-2.46382 1.3
-2.46358 1.4
-2.46333 1.4
-2.46309 1.5
-2.46284 1.6
-2.4626 1.6
-2.46236 1.7
-2.46211 1.8
-2.46187 1.8
-2.46162 1.9
-2.46138 1.9
-2.46113 2.0
-2.46089 2.0
-2.46065 2.1
-2.4604 2.1
-2.46016 2.1
-2.45991 2.2
-2.45967 2.2
-2.45943 2.2
-2.45918 2.2
-2.45894 2.2
-2.45869 2.2
-2.45845 2.2
-2.45821 2.2
-2.45796 2.2
-2.45772 2.2
-2.45747 2.2
-2.45723 2.2
-2.45698 2.2
-2.45674 2.1
-2.4565 2.1
-2.45625 2.1
-2.45601 2.0
-2.45576 2.0
-2.45552 1.9
-2.45528 1.9
-2.45503 1.8
-2.45479 1.7
-2.45454 1.7
-2.4543 1.6
-2.45405 1.5
-2.45381 1.5
-2.45357 1.4
-2.45332 1.3
-2.45308 1.2
-2.45283 1.1
-2.45259 1.0
-2.45235 0.9
-2.4521 0.9
-2.45186 0.8
-2.45161 0.7
-2.45137 0.6
-2.45113 0.5
-2.45088 0.4
-2.45064 0.3
-2.45039 0.2
-2.45015 0.0
-2.4499 0.0
-2.44966 -0.1
-2.44942 -0.2
-2.44917 -0.3
-2.44893 -0.4
-2.44868 -0.5
-2.44844 -0.6
-2.4482 -0.7
-2.44795 -0.8
-2.44771 -0.9
-2.44746 -1.0
-2.44722 -1.1
-2.44697 -1.2
-2.44673 -1.3
-2.44649 -1.4
-2.44624 -1.4
-2.446 -1.5
-2.44575 -1.6
-2.44551 -1.7
-2.44527 -1.7
-2.44502 -1.8
-2.44478 -1.8
-2.44453 -1.9
-2.44429 -2.0
-2.44405 -2.0
-2.4438 -2.0
-2.44356 -2.1
-2.44331 -2.1
-2.44307 -2.2
-2.44282 -2.2
-2.44258 -2.2
-2.44234 -2.2
-2.44209 -2.2
-2.44185 -2.2
-2.4416 -2.3
-2.44136 -2.3
-2.44112 -2.2
-2.44087 -2.2
-2.44063 -2.2
-2.44038 -2.2
-2.44014 -2.2
-2.43989 -2.2
-2.43965 -2.1
-2.43941 -2.1
-2.43916 -2.1
-2.43892 -2.0
-2.43867 -2.0
-2.43843 -1.9
-2.43819 -1.9
-2.43794 -1.8
-2.4377 -1.7
-2.43745 -1.7
-2.43721 -1.6
-2.43696 -1.5
-2.43672 -1.4
-2.43648 -1.4
-2.43623 -1.3
-2.43599 -1.2
-2.43574 -1.1
-2.4355 -1.0
-2.43526 -0.9
-2.43501 -0.8
-2.43477 -0.7
-2.43452 -0.6
-2.43428 -0.6
-2.43404 -0.5
-2.43379 -0.4
-2.43355 -0.3
-2.4333 -0.2
-2.43306 0.0
-2.43281 0.0
-2.43257 0.2
-2.43233 0.3
-2.43208 0.4
-2.43184 0.5
-2.43159 0.6
-2.43135 0.7
-2.43111 0.7
-2.43086 0.8
-2.43062 0.9
-2.43037 1.0
-2.43013 1.1
-2.42988 1.2
-2.42964 1.3
-2.4294 1.4
-2.42915 1.5
-2.42891 1.5
-2.42866 1.6
-2.42842 1.7
-2.42818 1.7
-2.42793 1.8
-2.42769 1.9
-2.42744 1.9
-2.4272 2.0
-2.42696 2.0
-2.42671 2.1
-2.42647 2.1
-2.42622 2.1
-2.42598 2.2
-2.42573 2.2
-2.42549 2.2
-2.42525 2.2
-2.425 2.2
-2.42476 2.3
-2.42451 2.3
-2.42427 2.3
-2.42403 2.3
-2.42378 2.2
-2.42354 2.2
-2.42329 2.2
-2.42305 2.2
-2.4228 2.2
-2.42256 2.1
-2.42232 2.1
-2.42207 2.0
-2.42183 2.0
-2.42158 2.0
-2.42134 1.9
-2.4211 1.8
-2.42085 1.8
-2.42061 1.7
-2.42036 1.6
-2.42012 1.6
-2.41988 1.5
-2.41963 1.4
-2.41939 1.3
-2.41914 1.3
-2.4189 1.2
-2.41865 1.1
-2.41841 1.0
-2.41817 0.9
-2.41792 0.8
-2.41768 0.7
-2.41743 0.6
-2.41719 0.5
-2.41695 0.4
-2.4167 0.3
-2.41646 0.2
-2.41621 0.1
-2.41597 0.0
-2.41572 0.0
-2.41548 -0.2
-2.41524 -0.3
-2.41499 -0.4
-2.41475 -0.5
-2.4145 -0.6
-2.41426 -0.7
-2.41402 -0.8
-2.41377 -0.9
-2.41353 -1.0
-2.41328 -1.1
-2.41304 -1.2
-2.4128 -1.2
-2.41255 -1.3
-2.41231 -1.4
-2.41206 -1.5
-2.41182 -1.6
-2.41157 -1.6
-2.41133 -1.7
-2.41109 -1.8
-2.41084 -1.8
-2.4106 -1.9
-2.41035 -1.9
-2.41011 -2.0
-2.40987 -2.0
-2.40962 -2.1
-2.40938 -2.1
-2.40913 -2.2
-2.40889 -2.2
-2.40864 -2.2
-2.4084 -2.2
-2.40816 -2.2
-2.40791 -2.3
-2.40767 -2.3
-2.40742 -2.3
-2.40718 -2.3
-2.40694 -2.3
-2.40669 -2.2
-2.40645 -2.2
-2.4062 -2.2
-2.40596 -2.2
-2.40571 -2.1
-2.40547 -2.1
-2.40523 -2.1
-2.40498 -2.0
-2.40474 -2.0
-2.40449 -1.9
-2.40425 -1.9
-2.40401 -1.8
-2.40376 -1.8
-2.40352 -1.7
-2.40327 -1.6
-2.40303 -1.5
-2.40279 -1.5
-2.40254 -1.4
-2.4023 -1.3
-2.40205 -1.2
-2.40181 -1.1
-2.40156 -1.0
-2.40132 -1.0
-2.40108 -0.9
-2.40083 -0.8
-2.40059 -0.7
-2.40034 -0.6
-2.4001 -0.5
-2.39986 -0.4
-2.39961 -0.3
-2.39937 -0.2
-2.39912 0.0
-2.39888 0.0
-2.39863 0.1
-2.39839 0.2
-2.39815 0.3
-2.3979 0.4
-2.39766 0.5
-2.39741 0.6
-2.39717 0.7
-2.39693 0.8
-2.39668 0.9
-2.39644 1.0
-2.39619 1.1
-2.39595 1.2
-2.39571 1.3
-2.39546 1.4
-2.39522 1.5
-2.39497 1.5
-2.39473 1.6
-2.39448 1.7
-2.39424 1.7
-2.394 1.8
-2.39375 1.9
-2.39351 1.9
-2.39326 2.0
-2.39302 2.0
-2.39278 2.1
-2.39253 2.1
-2.39229 2.1
-2.39204 2.2
-2.3918 2.2
-2.39155 2.2
-2.39131 2.2
-2.39107 2.3
-2.39082 2.3
-2.39058 2.3
-2.39033 2.3
-2.39009 2.3
-2.38985 2.2
-2.3896 2.2
-2.38936 2.2
-2.38911 2.2
-2.38887 2.2
-2.38863 2.1
-2.38838 2.1
-2.38814 2.0
-2.38789 2.0
-2.38765 2.0
-2.3874 1.9
-2.38716 1.8
-2.38692 1.8
-2.38667 1.7
-2.38643 1.6
-2.38618 1.6
-2.38594 1.5
-2.3857 1.4
-2.38545 1.3
-2.38521 1.3
-2.38496 1.2
-2.38472 1.1
-2.38447 1.0
-2.38423 0.9
-2.38399 0.8
-2.38374 0.7
-2.3835 0.6
-2.38325 0.5
-2.38301 0.4
-2.38277 0.3
-2.38252 0.2
-2.38228 0.0
-2.38203 0.0
-2.38179 -0.1
-2.38155 -0.2
-2.3813 -0.3
-2.38106 -0.4
-2.38081 -0.5
-2.38057 -0.6
-2.38032 -0.7
-2.38008 -0.8
-2.37984 -0.9
-2.37959 -1.0
-2.37935 -1.1
-2.3791 -1.2
-2.37886 -1.3
-2.37862 -1.4
-2.37837 -1.4
-2.37813 -1.5
-2.37788 -1.6
-2.37764 -1.7
-2.37739 -1.7
-2.37715 -1.8
-2.37691 -1.9
-2.37666 -1.9
-2.37642 -2.0
-2.37617 -2.0
-2.37593 -2.1
-2.37569 -2.1
-2.37544 -2.1
-2.3752 -2.2
-2.37495 -2.2
-2.37471 -2.2
-2.37446 -2.2
-2.37422 -2.3
-2.37398 -2.3
-2.37373 -2.3
-2.37349 -2.3
-2.37324 -2.3
-2.373 -2.3
-2.37276 -2.2
-2.37251 -2.2
-2.37227 -2.2
-2.37202 -2.2
-2.37178 -2.1
-2.37154 -2.1
-2.37129 -2.1
-2.37105 -2.0
-2.3708 -2.0
-2.37056 -1.9
-2.37031 -1.9
-2.37007 -1.8
-2.36983 -1.7
-2.36958 -1.7
-2.36934 -1.6
-2.36909 -1.5
-2.36885 -1.4
-2.36861 -1.4
-2.36836 -1.3
-2.36812 -1.2
-2.36787 -1.1
-2.36763 -1.0
-2.36738 -0.9
-2.36714 -0.8
-2.3669 -0.7
-2.36665 -0.6
-2.36641 -0.5
-2.36616 -0.4
-2.36592 -0.3
-2.36568 -0.2
-2.36543 -0.1
-2.36519 0.0
-2.36494 0.0
-2.3647 0.2
-2.36446 0.3
-2.36421 0.4
-2.36397 0.5
-2.36372 0.6
-2.36348 0.7
-2.36323 0.8
-2.36299 0.9
-2.36275 1.0
-2.3625 1.1
-2.36226 1.2
-2.36201 1.3
-2.36177 1.3
-2.36153 1.4
-2.36128 1.5
-2.36104 1.6
-2.36079 1.7
-2.36055 1.7
-2.3603 1.8
-2.36006 1.9
-2.35982 1.9
-2.35957 2.0
-2.35933 2.0
-2.35908 2.1
-2.35884 2.1
-2.3586 2.1
-2.35835 2.2
-2.35811 2.2
-2.35786 2.2
-2.35762 2.2
-2.35738 2.3
-2.35713 2.3
-2.35689 2.3
-2.35664 2.3
-2.3564 2.3
-2.35615 2.3
-2.35591 2.2
-2.35567 2.2
-2.35542 2.2
-2.35518 2.2
-2.35493 2.1
-2.35469 2.1
-2.35445 2.1
-2.3542 2.0
-2.35396 2.0
-2.35371 1.9
-2.35347 1.9
-2.35322 1.8
-2.35298 1.7
-2.35274 1.7
-2.35249 1.6
-2.35225 1.5
-2.352 1.4
-2.35176 1.4
-2.35152 1.3
-2.35127 1.2
-2.35103 1.1
-2.35078 1.0
-2.35054 0.9
-2.3503 0.8
-2.35005 0.7
-2.34981 0.6
-2.34956 0.5
-2.34932 0.4
-2.34907 0.3
-2.34883 0.2
-2.34859 0.1
-2.34834 0.0
-2.3481 -0.1
-2.34785 -0.2
-2.34761 -0.3
-2.34737 -0.4
-2.34712 -0.5
-2.34688 -0.6
-2.34663 -0.7
-2.34639 -0.8
-2.34614 -0.9
-2.3459 -1.0
-2.34566 -1.1
-2.34541 -1.2
-2.34517 -1.3
-2.34492 -1.4
-2.34468 -1.4
-2.34444 -1.5
-2.34419 -1.6
-2.34395 -1.7
-2.3437 -1.7
-2.34346 -1.8
-2.34321 -1.9
-2.34297 -1.9
-2.34273 -2.0
-2.34248 -2.0
-2.34224 -2.1
-2.34199 -2.1
-2.34175 -2.1
-2.34151 -2.2
-2.34126 -2.2
-2.34102 -2.2
-2.34077 -2.2
-2.34053 -2.3
-2.34029 -2.3
-2.34004 -2.3
-2.3398 -2.3
-2.33955 -2.3
-2.33931 -2.3
-2.33906 -2.2
-2.33882 -2.2
-2.33858 -2.2
-2.33833 -2.2
-2.33809 -2.1
-2.33784 -2.1
-2.3376 -2.1
-2.33736 -2.0
-2.33711 -2.0
-2.33687 -1.9
-2.33662 -1.9
-2.33638 -1.8
-2.33613 -1.7
-2.33589 -1.7
-2.33565 -1.6
-2.3354 -1.5
-2.33516 -1.4
-2.33491 -1.3
-2.33467 -1.3
-2.33443 -1.2
-2.33418 -1.1
-2.33394 -1.0
-2.33369 -0.9
-2.33345 -0.8
-2.33321 -0.7
-2.33296 -0.6
-2.33272 -0.5
-2.33247 -0.4
-2.33223 -0.3
-2.33198 -0.2
-2.33174 0.0
-2.3315 0.0
-2.33125 0.1
-2.33101 0.2
-2.33076 0.3
-2.33052 0.4
-2.33028 0.5
-2.33003 0.6
-2.32979 0.7
-2.32954 0.8
-2.3293 0.9
-2.32905 1.0
-2.32881 1.1
-2.32857 1.2
-2.32832 1.3
-2.32808 1.4
-2.32783 1.5
-2.32759 1.5
-2.32735 1.6
-2.3271 1.7
-2.32686 1.8
-2.32661 1.8
-2.32637 1.9
-2.32613 1.9
-2.32588 2.0
-2.32564 2.0
-2.32539 2.1
-2.32515 2.1
-2.3249 2.2
-2.32466 2.2
-2.32442 2.2
-2.32417 2.2
-2.32393 2.3
-2.32368 2.3
-2.32344 2.3
-2.3232 2.3
-2.32295 2.3
-2.32271 2.3
-2.32246 2.3
-2.32222 2.2
-2.32197 2.2
-2.32173 2.2
-2.32149 2.2
-2.32124 2.1
-2.321 2.1
-2.32075 2.0
-2.32051 2.0
-2.32027 1.9
-2.32002 1.9
-2.31978 1.8
-2.31953 1.8
-2.31929 1.7
-2.31905 1.6
-2.3188 1.6
-2.31856 1.5
-2.31831 1.4
-2.31807 1.3
-2.31782 1.2
-2.31758 1.1
-2.31734 1.0
-2.31709 0.9
-2.31685 0.9
-2.3166 0.8
-2.31636 0.7
-2.31612 0.6
-2.31587 0.5
-2.31563 0.3
-2.31538 0.2
-2.31514 0.1
-2.31489 0.0
-2.31465 0.0
-2.31441 -0.2
-2.31416 -0.3
-2.31392 -0.4
-2.31367 -0.5
-2.31343 -0.6
-2.31319 -0.7
-2.31294 -0.8
-2.3127 -0.9
-2.31245 -1.0
-2.31221 -1.1
-2.31196 -1.2
-2.31172 -1.3
-2.31148 -1.3
-2.31123 -1.4
-2.31099 -1.5
-2.31074 -1.6
-2.3105 -1.7
-2.31026 -1.7
-2.31001 -1.8
-2.30977 -1.9
-2.30952 -1.9
-2.30928 -2.0
-2.30904 -2.0
-2.30879 -2.1
-2.30855 -2.1
-2.3083 -2.1
-2.30806 -2.2
-2.30781 -2.2
-2.30757 -2.2
-2.30733 -2.3
-2.30708 -2.3
-2.30684 -2.3
-2.30659 -2.3
-2.30635 -2.3
-2.30611 -2.3
-2.30586 -2.3
-2.30562 -2.3
-2.30537 -2.2
-2.30513 -2.2
-2.30488 -2.2
-2.30464 -2.2
-2.3044 -2.1
-2.30415 -2.1
-2.30391 -2.0
-2.30366 -2.0
-2.30342 -1.9
-2.30318 -1.9
-2.30293 -1.8
-2.30269 -1.7
-2.30244 -1.7
-2.3022 -1.6
-2.30196 -1.5
-2.30171 -1.4
-2.30147 -1.4
-2.30122 -1.3
-2.30098 -1.2
-2.30073 -1.1
-2.30049 -1.0
-2.30025 -0.9
-2.3 -0.8
-2.29976 -0.7
-2.29951 -0.6
-2.29927 -0.5
-2.29903 -0.4
-2.29878 -0.3
-2.29854 -0.2
-2.29829 0.0
-2.29805 0.0
-2.2978 0.1
-2.29756 0.2
-2.29732 0.3
-2.29707 0.4
-2.29683 0.5
-2.29658 0.6
-2.29634 0.7
-2.2961 0.8
-2.29585 0.9
-2.29561 1.0
-2.29536 1.1
-2.29512 1.2
-2.29488 1.3
-2.29463 1.4
-2.29439 1.5
-2.29414 1.6
-2.2939 1.6
-2.29365 1.7
-2.29341 1.8
-2.29317 1.8
-2.29292 1.9
-2.29268 2.0
-2.29243 2.0
-2.29219 2.1
-2.29195 2.1
-2.2917 2.1
-2.29146 2.2
-2.29121 2.2
-2.29097 2.2
-2.29072 2.3
-2.29048 2.3
-2.29024 2.3
-2.28999 2.3
-2.28975 2.3
-2.2895 2.3
-2.28926 2.3
-2.28902 2.3
-2.28877 2.2
-2.28853 2.2
-2.28828 2.2
-2.28804 2.2
-2.2878 2.1
-2.28755 2.1
-2.28731 2.0
-2.28706 2.0
-2.28682 1.9
-2.28657 1.9
-2.28633 1.8
-2.28609 1.8
-2.28584 1.7
-2.2856 1.6
-2.28535 1.5
-2.28511 1.5
-2.28487 1.4
-2.28462 1.3
-2.28438 1.2
-2.28413 1.1
-2.28389 1.0
-2.28364 0.9
-2.2834 0.8
-2.28316 0.7
-2.28291 0.6
-2.28267 0.5
-2.28242 0.4
-2.28218 0.3
-2.28194 0.2
-2.28169 0.1
-2.28145 0.0
-2.2812 -0.1
-2.28096 -0.2
-2.28071 -0.3
-2.28047 -0.4
-2.28023 -0.5
-2.27998 -0.6
-2.27974 -0.7
-2.27949 -0.8
-2.27925 -0.9
-2.27901 -1.0
-2.27876 -1.1
-2.27852 -1.2
-2.27827 -1.3
-2.27803 -1.4
-2.27779 -1.5
-2.27754 -1.5
-2.2773 -1.6
-2.27705 -1.7
-2.27681 -1.8
-2.27656 -1.8
-2.27632 -1.9
-2.27608 -1.9
-2.27583 -2.0
-2.27559 -2.1
-2.27534 -2.1
-2.2751 -2.1
-2.27486 -2.2
-2.27461 -2.2
-2.27437 -2.2
-2.27412 -2.3
-2.27388 -2.3
-2.27363 -2.3
-2.27339 -2.3
-2.27315 -2.3
-2.2729 -2.3
-2.27266 -2.3
-2.27241 -2.3
-2.27217 -2.3
-2.27193 -2.2
-2.27168 -2.2
-2.27144 -2.2
-2.27119 -2.1
-2.27095 -2.1
-2.27071 -2.1
-2.27046 -2.0
-2.27022 -2.0
-2.26997 -1.9
-2.26973 -1.8
-2.26948 -1.8
-2.26924 -1.7
-2.269 -1.6
-2.26875 -1.5
-2.26851 -1.5
-2.26826 -1.4
-2.26802 -1.3
-2.26778 -1.2
-2.26753 -1.1
-2.26729 -1.0
-2.26704 -0.9
-2.2668 -0.8
-2.26655 -0.7
-2.26631 -0.6
-2.26607 -0.5
-2.26582 -0.4
-2.26558 -0.3
-2.26533 -0.2
-2.26509 -0.1
-2.26485 0.0
-2.2646 0.1
-2.26436 0.2
-2.26411 0.3
-2.26387 0.4
-2.26363 0.5
-2.26338 0.6
-2.26314 0.7
-2.26289 0.8
-2.26265 0.9
-2.2624 1.0
-2.26216 1.1
-2.26192 1.2
-2.26167 1.3
-2.26143 1.4
-2.26118 1.5
-2.26094 1.5
-2.2607 1.6
-2.26045 1.7
-2.26021 1.8
-2.25996 1.8
-2.25972 1.9
-2.25947 2.0
-2.25923 2.0
-2.25899 2.1
-2.25874 2.1
-2.2585 2.1
-2.25825 2.2
-2.25801 2.2
-2.25777 2.2
-2.25752 2.3
-2.25728 2.3
-2.25703 2.3
-2.25679 2.3
-2.25655 2.3
-2.2563 2.3
-2.25606 2.3
-2.25581 2.3
-2.25557 2.3
-2.25532 2.2
-2.25508 2.2
-2.25484 2.2
-2.25459 2.1
-2.25435 2.1
-2.2541 2.1
-2.25386 2.0
-2.25362 1.9
-2.25337 1.9
-2.25313 1.8
-2.25288 1.8
-2.25264 1.7
-2.25239 1.6
-2.25215 1.5
-2.25191 1.5
-2.25166 1.4
-2.25142 1.3
-2.25117 1.2
-2.25093 1.1
-2.25069 1.0
-2.25044 0.9
-2.2502 0.8
-2.24995 0.7
-2.24971 0.6
-2.24946 0.5
-2.24922 0.4
-2.24898 0.3
-2.24873 0.2
-2.24849 0.0
-2.24824 0.0
-2.248 -0.1
-2.24776 -0.2
-2.24751 -0.3
-2.24727 -0.4
-2.24702 -0.5
-2.24678 -0.6
-2.24654 -0.7
-2.24629 -0.8
-2.24605 -0.9
-2.2458 -1.0
-2.24556 -1.1
-2.24531 -1.2
-2.24507 -1.3
-2.24483 -1.4
-2.24458 -1.5
-2.24434 -1.6
-2.24409 -1.6
-2.24385 -1.7
-2.24361 -1.8
-2.24336 -1.8
-2.24312 -1.9
-2.24287 -2.0
-2.24263 -2.0
-2.24238 -2.1
-2.24214 -2.1
-2.2419 -2.2
-2.24165 -2.2
-2.24141 -2.2
-2.24116 -2.2
-2.24092 -2.3
-2.24068 -2.3
-2.24043 -2.3
-2.24019 -2.3
-2.23994 -2.3
-2.2397 -2.3
-2.23946 -2.3
-2.23921 -2.3
-2.23897 -2.3
-2.23872 -2.2
-2.23848 -2.2
-2.23823 -2.2
-2.23799 -2.1
-2.23775 -2.1
-2.2375 -2.0
-2.23726 -2.0
-2.23701 -1.9
-2.23677 -1.9
-2.23653 -1.8
-2.23628 -1.7
-2.23604 -1.7
-2.23579 -1.6
-2.23555 -1.5
-2.2353 -1.4
-2.23506 -1.4
-2.23482 -1.3
-2.23457 -1.2
-2.23433 -1.1
-2.23408 -1.0
-2.23384 -0.9
-2.2336 -0.8
-2.23335 -0.7
-2.23311 -0.6
-2.23286 -0.5
-2.23262 -0.4
-2.23238 -0.3
-2.23213 -0.2
-2.23189 0.0
-2.23164 0.0
-2.2314 0.2
-2.23115 0.3
-2.23091 0.4
-2.23067 0.5
-2.23042 0.6
-2.23018 0.7
-2.22993 0.8
-2.22969 0.9
-2.22945 1.0
-2.2292 1.1
-2.22896 1.2
-2.22871 1.3
-2.22847 1.3
-2.22822 1.4
-2.22798 1.5
-2.22774 1.6
-2.22749 1.7
-2.22725 1.7
-2.227 1.8
-2.22676 1.9
-2.22652 1.9
-2.22627 2.0
-2.22603 2.0
-2.22578 2.1
-2.22554 2.1
-2.2253 2.2
-2.22505 2.2
-2.22481 2.2
-2.22456 2.3
-2.22432 2.3
-2.22407 2.3
-2.22383 2.3
-2.22359 2.3
-2.22334 2.3
-2.2231 2.3
-2.22285 2.3
-2.22261 2.3
-2.22237 2.3
-2.22212 2.2
-2.22188 2.2
-2.22163 2.2
-2.22139 2.1
-2.22114 2.1
-2.2209 2.0
-2.22066 2.0
-2.22041 1.9
-2.22017 1.9
-2.21992 1.8
-2.21968 1.7
-2.21944 1.6
-2.21919 1.6
-2.21895 1.5
-2.2187 1.4
-2.21846 1.3
-2.21821 1.2
-2.21797 1.1
-2.21773 1.0
-2.21748 0.9
-2.21724 0.8
-2.21699 0.7
-2.21675 0.6
-2.21651 0.5
-2.21626 0.4
-2.21602 0.3
-2.21577 0.2
-2.21553 0.1
-2.21529 0.0
-2.21504 0.0
-2.2148 -0.2
-2.21455 -0.3
-2.21431 -0.4
-2.21406 -0.5
-2.21382 -0.6
-2.21358 -0.7
-2.21333 -0.8
-2.21309 -0.9
-2.21284 -1.0
-2.2126 -1.1
-2.21236 -1.2
-2.21211 -1.3
-2.21187 -1.4
-2.21162 -1.5
-2.21138 -1.6
-2.21113 -1.6
-2.21089 -1.7
-2.21065 -1.8
-2.2104 -1.8
-2.21016 -1.9
-2.20991 -2.0
-2.20967 -2.0
-2.20943 -2.1
-2.20918 -2.1
-2.20894 -2.2
-2.20869 -2.2
-2.20845 -2.2
-2.20821 -2.3
-2.20796 -2.3
-2.20772 -2.3
-2.20747 -2.3
-2.20723 -2.3
-2.20698 -2.3
-2.20674 -2.3
-2.2065 -2.3
-2.20625 -2.3
-2.20601 -2.3
-2.20576 -2.2
-2.20552 -2.2
-2.20528 -2.2
-2.20503 -2.1
-2.20479 -2.1
-2.20454 -2.0
-2.2043 -2.0
-2.20405 -1.9
-2.20381 -1.9
-2.20357 -1.8
-2.20332 -1.7
-2.20308 -1.7
-2.20283 -1.6
-2.20259 -1.5
-2.20235 -1.4
-2.2021 -1.4
-2.20186 -1.3
-2.20161 -1.2
-2.20137 -1.1
-2.20113 -1.0
-2.20088 -0.9
-2.20064 -0.8
-2.20039 -0.7
-2.20015 -0.6
-2.1999 -0.5
-2.19966 -0.4
-2.19942 -0.3
-2.19917 -0.1
-2.19893 0.0
-2.19868 0.0
-2.19844 0.2
-2.1982 0.3
-2.19795 0.4
-2.19771 0.5
-2.19746 0.6
-2.19722 0.7
-2.19697 0.8
-2.19673 0.9
-2.19649 1.0
-2.19624 1.1
-2.196 1.2
-2.19575 1.3
-2.19551 1.4
-2.19527 1.5
-2.19502 1.5
-2.19478 1.6
-2.19453 1.7
-2.19429 1.8
-2.19405 1.8
-2.1938 1.9
-2.19356 2.0
-2.19331 2.0
-2.19307 2.1
-2.19282 2.1
-2.19258 2.2
-2.19234 2.2
-2.19209 2.2
-2.19185 2.2
-2.1916 2.3
-2.19136 2.3
-2.19112 2.3
-2.19087 2.3
-2.19063 2.3
-2.19038 2.3
-2.19014 2.3
-2.18989 2.3
-2.18965 2.3
-2.18941 2.2
-2.18916 2.2
-2.18892 2.2
-2.18867 2.2
-2.18843 2.1
-2.18819 2.1
-2.18794 2.0
-2.1877 2.0
-2.18745 1.9
-2.18721 1.8
-2.18696 1.8
-2.18672 1.7
-2.18648 1.6
-2.18623 1.5
-2.18599 1.5
-2.18574 1.4
-2.1855 1.3
-2.18526 1.2
-2.18501 1.1
-2.18477 1.0
-2.18452 0.9
-2.18428 0.8
-2.18404 0.7
-2.18379 0.6
-2.18355 0.5
-2.1833 0.4
-2.18306 0.3
-2.18281 0.2
-2.18257 0.0
-2.18233 0.0
-2.18208 -0.2
-2.18184 -0.3
-2.18159 -0.4
-2.18135 -0.5
-2.18111 -0.6
-2.18086 -0.7
-2.18062 -0.8
-2.18037 -0.9
-2.18013 -1.0
-2.17988 -1.1
-2.17964 -1.2
-2.1794 -1.3
-2.17915 -1.4
-2.17891 -1.5
-2.17866 -1.5
-2.17842 -1.6
-2.17818 -1.7
-2.17793 -1.8
-2.17769 -1.8
-2.17744 -1.9
-2.1772 -2.0
-2.17696 -2.0
-2.17671 -2.1
-2.17647 -2.1
-2.17622 -2.2
-2.17598 -2.2
-2.17573 -2.2
-2.17549 -2.3
-2.17525 -2.3
-2.175 -2.3
-2.17476 -2.3
-2.17451 -2.3
-2.17427 -2.3
-2.17403 -2.3
-2.17378 -2.3
-2.17354 -2.3
-2.17329 -2.3
-2.17305 -2.3
-2.1728 -2.2
-2.17256 -2.2
-2.17232 -2.2
-2.17207 -2.1
-2.17183 -2.1
-2.17158 -2.0
-2.17134 -2.0
-2.1711 -1.9
-2.17085 -1.8
-2.17061 -1.8
-2.17036 -1.7
-2.17012 -1.6
-2.16988 -1.5
-2.16963 -1.5
-2.16939 -1.4
-2.16914 -1.3
-2.1689 -1.2
-2.16865 -1.1
-2.16841 -1.0
-2.16817 -0.9
-2.16792 -0.8
-2.16768 -0.7
-2.16743 -0.6
-2.16719 -0.5
-2.16695 -0.4
-2.1667 -0.3
-2.16646 -0.2
-2.16621 0.0
-2.16597 0.0
-2.16572 0.2
-2.16548 0.3
-2.16524 0.4
-2.16499 0.5
-2.16475 0.6
-2.1645 0.7
-2.16426 0.8
-2.16402 0.9
-2.16377 1.0
-2.16353 1.1
-2.16328 1.2
-2.16304 1.3
-2.1628 1.4
-2.16255 1.5
-2.16231 1.5
-2.16206 1.6
-2.16182 1.7
-2.16157 1.8
-2.16133 1.8
-2.16109 1.9
-2.16084 2.0
-2.1606 2.0
-2.16035 2.1
-2.16011 2.1
-2.15987 2.2
-2.15962 2.2
-2.15938 2.2
-2.15913 2.3
-2.15889 2.3
-2.15864 2.3
-2.1584 2.3
-2.15816 2.3
-2.15791 2.3
-2.15767 2.3
-2.15742 2.3
-2.15718 2.3
-2.15694 2.3
-2.15669 2.3
-2.15645 2.2
-2.1562 2.2
-2.15596 2.2
-2.15571 2.1
-2.15547 2.1
-2.15523 2.0
-2.15498 2.0
-2.15474 1.9
-2.15449 1.8
-2.15425 1.8
-2.15401 1.7
-2.15376 1.6
-2.15352 1.5
-2.15327 1.4
-2.15303 1.4
-2.15279 1.3
-2.15254 1.2
-2.1523 1.1
-2.15205 1.0
-2.15181 0.9
-2.15156 0.8
-2.15132 0.7
-2.15108 0.6
-2.15083 0.5
-2.15059 0.4
-2.15034 0.2
-2.1501 0.1
-2.14986 0.0
-2.14961 0.0
-2.14937 -0.2
-2.14912 -0.3
-2.14888 -0.4
-2.14863 -0.5
-2.14839 -0.6
-2.14815 -0.7
-2.1479 -0.8
-2.14766 -0.9
-2.14741 -1.0
-2.14717 -1.1
-2.14693 -1.2
-2.14668 -1.3
-2.14644 -1.4
-2.14619 -1.5
-2.14595 -1.6
-2.14571 -1.6
-2.14546 -1.7
-2.14522 -1.8
-2.14497 -1.9
-2.14473 -1.9
-2.14448 -2.0
-2.14424 -2.0
-2.144 -2.1
-2.14375 -2.1
-2.14351 -2.2
-2.14326 -2.2
-2.14302 -2.2
-2.14278 -2.3
-2.14253 -2.3
-2.14229 -2.3
-2.14204 -2.3
-2.1418 -2.3
-2.14155 -2.3
-2.14131 -2.3
-2.14107 -2.3
-2.14082 -2.3
-2.14058 -2.3
-2.14033 -2.2
-2.14009 -2.2
-2.13985 -2.2
-2.1396 -2.1
-2.13936 -2.1
-2.13911 -2.0
-2.13887 -2.0
-2.13863 -1.9
-2.13838 -1.9
-2.13814 -1.8
-2.13789 -1.7
-2.13765 -1.7
-2.1374 -1.6
-2.13716 -1.5
-2.13692 -1.4
-2.13667 -1.3
-2.13643 -1.2
-2.13618 -1.1
-2.13594 -1.0
-2.1357 -0.9
-2.13545 -0.8
-2.13521 -0.7
-2.13496 -0.6
-2.13472 -0.5
-2.13447 -0.4
-2.13423 -0.3
-2.13399 -0.2
-2.13374 0.0
-2.1335 0.0
-2.13325 0.1
-2.13301 0.2
-2.13277 0.3
-2.13252 0.5
-2.13228 0.6
-2.13203 0.7
-2.13179 0.8
-2.13155 0.9
-2.1313 1.0
-2.13106 1.1
-2.13081 1.2
-2.13057 1.3
-2.13032 1.4
-2.13008 1.4
-2.12984 1.5
-2.12959 1.6
-2.12935 1.7
-2.1291 1.8
-2.12886 1.8
-2.12862 1.9
-2.12837 2.0
-2.12813 2.0
-2.12788 2.1
-2.12764 2.1
-2.12739 2.2
-2.12715 2.2
-2.12691 2.2
-2.12666 2.3
-2.12642 2.3
-2.12617 2.3
-2.12593 2.3
-2.12569 2.3
-2.12544 2.3
-2.1252 2.3
-2.12495 2.3
-2.12471 2.3
-2.12446 2.3
-2.12422 2.3
-2.12398 2.2
-2.12373 2.2
-2.12349 2.2
-2.12324 2.1
-2.123 2.1
-2.12276 2.0
-2.12251 2.0
-2.12227 1.9
-2.12202 1.8
-2.12178 1.8
-2.12154 1.7
-2.12129 1.6
-2.12105 1.5
-2.1208 1.5
-2.12056 1.4
-2.12031 1.3
-2.12007 1.2
-2.11983 1.1
-2.11958 1.0
-2.11934 0.9
-2.11909 0.8
-2.11885 0.7
-2.11861 0.6
-2.11836 0.5
-2.11812 0.4
-2.11787 0.2
-2.11763 0.1
-2.11738 0.0
-2.11714 0.0
-2.1169 -0.2
-2.11665 -0.3
-2.11641 -0.4
-2.11616 -0.5
-2.11592 -0.6
-2.11568 -0.7
-2.11543 -0.8
-2.11519 -0.9
-2.11494 -1.0
-2.1147 -1.1
-2.11446 -1.2
-2.11421 -1.3
-2.11397 -1.4
-2.11372 -1.5
-2.11348 -1.6
-2.11323 -1.7
-2.11299 -1.7
-2.11275 -1.8
-2.1125 -1.9
-2.11226 -1.9
-2.11201 -2.0
-2.11177 -2.1
-2.11153 -2.1
-2.11128 -2.2
-2.11104 -2.2
-2.11079 -2.2
-2.11055 -2.3
-2.1103 -2.3
-2.11006 -2.3
-2.10982 -2.3
-2.10957 -2.3
-2.10933 -2.3
-2.10908 -2.3
-2.10884 -2.3
-2.1086 -2.3
-2.10835 -2.3
-2.10811 -2.3
-2.10786 -2.3
-2.10762 -2.2
-2.10738 -2.2
-2.10713 -2.1
-2.10689 -2.1
-2.10664 -2.0
-2.1064 -2.0
-2.10615 -1.9
-2.10591 -1.9
-2.10567 -1.8
-2.10542 -1.7
-2.10518 -1.6
-2.10493 -1.6
-2.10469 -1.5
-2.10445 -1.4
-2.1042 -1.3
-2.10396 -1.2
-2.10371 -1.1
-2.10347 -1.0
-2.10322 -0.9
-2.10298 -0.8
-2.10274 -0.7
-2.10249 -0.6
-2.10225 -0.5
-2.102 -0.4
-2.10176 -0.3
-2.10152 -0.2
-2.10127 0.0
-2.10103 0.0
-2.10078 0.2
-2.10054 0.3
-2.1003 0.4
-2.10005 0.5
-2.09981 0.6
-2.09956 0.7
-2.09932 0.8
-2.09907 0.9
-2.09883 1.0
-2.09859 1.1
-2.09834 1.2
-2.0981 1.3
-2.09785 1.4
-2.09761 1.5
-2.09737 1.6
-2.09712 1.7
-2.09688 1.7
-2.09663 1.8
-2.09639 1.9
-2.09614 1.9
-2.0959 2.0
-2.09566 2.1
-2.09541 2.1
-2.09517 2.1
-2.09492 2.2
-2.09468 2.2
-2.09444 2.3
-2.09419 2.3
-2.09395 2.3
-2.0937 2.3
-2.09346 2.3
-2.09321 2.3
-2.09297 2.3
-2.09273 2.3
-2.09248 2.3
-2.09224 2.3
-2.09199 2.3
-2.09175 2.3
-2.09151 2.2
-2.09126 2.2
-2.09102 2.1
-2.09077 2.1
-2.09053 2.1
-2.09029 2.0
-2.09004 1.9
-2.0898 1.9
-2.08955 1.8
-2.08931 1.7
-2.08906 1.7
-2.08882 1.6
-2.08858 1.5
-2.08833 1.4
-2.08809 1.3
-2.08784 1.2
-2.0876 1.1
-2.08736 1.0
-2.08711 0.9
-2.08687 0.8
-2.08662 0.7
-2.08638 0.6
-2.08613 0.5
-2.08589 0.4
-2.08565 0.3
-2.0854 0.2
-2.08516 0.0
-2.08491 0.0
-2.08467 -0.2
-2.08443 -0.3
-2.08418 -0.4
-2.08394 -0.5
-2.08369 -0.6
-2.08345 -0.7
-2.08321 -0.8
-2.08296 -0.9
-2.08272 -1.0
-2.08247 -1.1
-2.08223 -1.2
-2.08198 -1.3
-2.08174 -1.4
-2.0815 -1.5
-2.08125 -1.6
-2.08101 -1.7
-2.08076 -1.7
-2.08052 -1.8
-2.08028 -1.9
-2.08003 -1.9
-2.07979 -2.0
-2.07954 -2.1
-2.0793 -2.1
-2.07905 -2.2
-2.07881 -2.2
-2.07857 -2.2
-2.07832 -2.3
-2.07808 -2.3
-2.07783 -2.3
-2.07759 -2.3
-2.07735 -2.3
-2.0771 -2.3
-2.07686 -2.3
-2.07661 -2.3
-2.07637 -2.3
-2.07613 -2.3
-2.07588 -2.3
-2.07564 -2.3
-2.07539 -2.2
-2.07515 -2.2
-2.0749 -2.1
-2.07466 -2.1
-2.07442 -2.0
-2.07417 -2.0
-2.07393 -1.9
-2.07368 -1.9
-2.07344 -1.8
-2.0732 -1.7
-2.07295 -1.6
-2.07271 -1.6
-2.07246 -1.5
-2.07222 -1.4
-2.07197 -1.3
-2.07173 -1.2
-2.07149 -1.1
-2.07124 -1.0
-2.071 -0.9
-2.07075 -0.8
-2.07051 -0.7
-2.07027 -0.6
-2.07002 -0.5
-2.06978 -0.4
-2.06953 -0.3
-2.06929 -0.1
-2.06905 0.0
-2.0688 0.0
-2.06856 0.2
-2.06831 0.3
-2.06807 0.4
-2.06782 0.5
-2.06758 0.6
-2.06734 0.7
-2.06709 0.8
-2.06685 0.9
-2.0666 1.0
-2.06636 1.1
-2.06612 1.2
-2.06587 1.3
-2.06563 1.4
-2.06538 1.5
-2.06514 1.6
-2.06489 1.7
-2.06465 1.8
-2.06441 1.8
-2.06416 1.9
-2.06392 2.0
-2.06367 2.0
-2.06343 2.1
-2.06319 2.1
-2.06294 2.2
-2.0627 2.2
-2.06245 2.2
-2.06221 2.3
-2.06196 2.3
-2.06172 2.3
-2.06148 2.3
-2.06123 2.3
-2.06099 2.3
-2.06074 2.3
-2.0605 2.3
-2.06026 2.3
-2.06001 2.3
-2.05977 2.3
-2.05952 2.3
-2.05928 2.2
-2.05904 2.2
-2.05879 2.1
-2.05855 2.1
-2.0583 2.0
-2.05806 2.0
-2.05781 1.9
-2.05757 1.9
-2.05733 1.8
-2.05708 1.7
-2.05684 1.6
-2.05659 1.5
-2.05635 1.5
-2.05611 1.4
-2.05586 1.3
-2.05562 1.2
-2.05537 1.1
-2.05513 1.0
-2.05488 0.9
-2.05464 0.8
-2.0544 0.7
-2.05415 0.6
-2.05391 0.4
-2.05366 0.3
-2.05342 0.2
-2.05318 0.1
-2.05293 0.0
-2.05269 -0.1
-2.05244 -0.2
-2.0522 -0.3
-2.05196 -0.4
-2.05171 -0.6
-2.05147 -0.7
-2.05122 -0.8
-2.05098 -0.9
-2.05073 -1.0
-2.05049 -1.1
-2.05025 -1.2
-2.05 -1.3
-2.04976 -1.4
-2.04951 -1.5
-2.04927 -1.5
-2.04903 -1.6
-2.04878 -1.7
-2.04854 -1.8
-2.04829 -1.9
-2.04805 -1.9
-2.0478 -2.0
-2.04756 -2.0
-2.04732 -2.1
-2.04707 -2.1
-2.04683 -2.2
-2.04658 -2.2
-2.04634 -2.3
-2.0461 -2.3
-2.04585 -2.3
-2.04561 -2.3
-2.04536 -2.3
-2.04512 -2.3
-2.04488 -2.3
-2.04463 -2.3
-2.04439 -2.3
-2.04414 -2.3
-2.0439 -2.3
-2.04365 -2.3
-2.04341 -2.2
-2.04317 -2.2
-2.04292 -2.2
-2.04268 -2.1
-2.04243 -2.1
-2.04219 -2.0
-2.04195 -2.0
-2.0417 -1.9
-2.04146 -1.8
-2.04121 -1.7
-2.04097 -1.7
-2.04072 -1.6
-2.04048 -1.5
-2.04024 -1.4
-2.03999 -1.3
-2.03975 -1.2
-2.0395 -1.1
-2.03926 -1.0
-2.03902 -0.9
-2.03877 -0.8
-2.03853 -0.7
-2.03828 -0.6
-2.03804 -0.5
-2.0378 -0.4
-2.03755 -0.3
-2.03731 -0.2
-2.03706 0.0
-2.03682 0.0
-2.03657 0.2
-2.03633 0.3
-2.03609 0.4
-2.03584 0.5
-2.0356 0.6
-2.03535 0.7
-2.03511 0.8
-2.03487 0.9
-2.03462 1.0
-2.03438 1.1
-2.03413 1.2
-2.03389 1.3
-2.03364 1.4
-2.0334 1.5
-2.03316 1.6
-2.03291 1.7
-2.03267 1.8
-2.03242 1.8
-2.03218 1.9
-2.03194 2.0
-2.03169 2.0
-2.03145 2.1
-2.0312 2.1
-2.03096 2.2
-2.03071 2.2
-2.03047 2.3
-2.03023 2.3
-2.02998 2.3
-2.02974 2.3
-2.02949 2.3
-2.02925 2.4
-2.02901 2.4
-2.02876 2.4
-2.02852 2.3
-2.02827 2.3
-2.02803 2.3
-2.02779 2.3
-2.02754 2.3
-2.0273 2.2
-2.02705 2.2
-2.02681 2.1
-2.02656 2.1
-2.02632 2.0
-2.02608 2.0
-2.02583 1.9
-2.02559 1.8
-2.02534 1.8
-2.0251 1.7
-2.02486 1.6
-2.02461 1.5
-2.02437 1.4
-2.02412 1.4
-2.02388 1.3
-2.02363 1.2
-2.02339 1.1
-2.02315 1.0
-2.0229 0.9
-2.02266 0.8
-2.02241 0.6
-2.02217 0.5
-2.02193 0.4
-2.02168 0.3
-2.02144 0.2
-2.02119 0.0
-2.02095 0.0
-2.02071 -0.1
-2.02046 -0.3
-2.02022 -0.4
-2.01997 -0.5
-2.01973 -0.6
-2.01948 -0.7
-2.01924 -0.8
-2.019 -0.9
-2.01875 -1.0
-2.01851 -1.1
-2.01826 -1.2
-2.01802 -1.3
-2.01778 -1.4
-2.01753 -1.5
-2.01729 -1.6
-2.01704 -1.7
-2.0168 -1.7
-2.01655 -1.8
-2.01631 -1.9
-2.01607 -2.0
-2.01582 -2.0
-2.01558 -2.1
-2.01533 -2.1
-2.01509 -2.2
-2.01485 -2.2
-2.0146 -2.2
-2.01436 -2.3
-2.01411 -2.3
-2.01387 -2.3
-2.01363 -2.3
-2.01338 -2.4
-2.01314 -2.4
-2.01289 -2.4
-2.01265 -2.4
-2.0124 -2.3
-2.01216 -2.3
-2.01192 -2.3
-2.01167 -2.3
-2.01143 -2.2
-2.01118 -2.2
-2.01094 -2.2
-2.0107 -2.1
-2.01045 -2.1
-2.01021 -2.0
-2.00996 -1.9
-2.00972 -1.9
-2.00947 -1.8
-2.00923 -1.7
-2.00899 -1.6
-2.00874 -1.6
-2.0085 -1.5
-2.00825 -1.4
-2.00801 -1.3
-2.00777 -1.2
-2.00752 -1.1
-2.00728 -1.0
-2.00703 -0.9
-2.00679 -0.8
-2.00655 -0.7
-2.0063 -0.5
-2.00606 -0.4
-2.00581 -0.3
-2.00557 -0.2
-2.00532 0.0
-2.00508 0.0
-2.00484 0.1
-2.00459 0.2
-2.00435 0.4
-2.0041 0.5
-2.00386 0.6
-2.00362 0.7
-2.00337 0.8
-2.00313 0.9
-2.00288 1.0
-2.00264 1.1
-2.00239 1.2
-2.00215 1.3
-2.00191 1.4
-2.00166 1.5
-2.00142 1.6
-2.00117 1.7
-2.00093 1.7
-2.00069 1.8
-2.00044 1.9
-2.0002 2.0
-1.99995 2.0
-1.99971 2.1
-1.99946 2.1
-1.99922 2.2
-1.99898 2.2
-1.99873 2.3
-1.99849 2.3
-1.99824 2.3
-1.998 2.3
-1.99776 2.3
-1.99751 2.4
-1.99727 2.4
-1.99702 2.4
-1.99678 2.4
-1.99654 2.3
-1.99629 2.3
-1.99605 2.3
-1.9958 2.3
-1.99556 2.2
-1.99531 2.2
-1.99507 2.2
-1.99483 2.1
-1.99458 2.1
-1.99434 2.0
-1.99409 1.9
-1.99385 1.9
-1.99361 1.8
-1.99336 1.7
-1.99312 1.6
-1.99287 1.6
-1.99263 1.5
-1.99238 1.4
-1.99214 1.3
-1.9919 1.2
-1.99165 1.1
-1.99141 1.0
-1.99116 0.9
-1.99092 0.8
-1.99068 0.7
-1.99043 0.5
-1.99019 0.4
-1.98994 0.3
-1.9897 0.2
-1.98946 0.0
-1.98921 0.0
-1.98897 -0.1
-1.98872 -0.3
-1.98848 -0.4
-1.98823 -0.5
-1.98799 -0.6
-1.98775 -0.7
-1.9875 -0.8
-1.98726 -0.9
-1.98701 -1.0
-1.98677 -1.1
-1.98653 -1.2
-1.98628 -1.3
-1.98604 -1.4
-1.98579 -1.5
-1.98555 -1.6
-1.9853 -1.7
-1.98506 -1.8
-1.98482 -1.8
-1.98457 -1.9
-1.98433 -2.0
-1.98408 -2.0
-1.98384 -2.1
-1.9836 -2.1
-1.98335 -2.2
-1.98311 -2.2
-1.98286 -2.3
-1.98262 -2.3
-1.98238 -2.3
-1.98213 -2.3
-1.98189 -2.4
-1.98164 -2.4
-1.9814 -2.4
-1.98115 -2.4
-1.98091 -2.4
-1.98067 -2.3
-1.98042 -2.3
-1.98018 -2.3
-1.97993 -2.3
-1.97969 -2.2
-1.97945 -2.2
-1.9792 -2.2
-1.97896 -2.1
-1.97871 -2.0
-1.97847 -2.0
-1.97822 -1.9
-1.97798 -1.9
-1.97774 -1.8
-1.97749 -1.7
-1.97725 -1.6
-1.977 -1.5
-1.97676 -1.4
-1.97652 -1.4
-1.97627 -1.3
-1.97603 -1.2
-1.97578 -1.1
-1.97554 -1.0
-1.9753 -0.8
-1.97505 -0.7
-1.97481 -0.6
-1.97456 -0.5
-1.97432 -0.4
-1.97407 -0.3
-1.97383 -0.2
-1.97359 0.0
-1.97334 0.0
-1.9731 0.2
-1.97285 0.3
-1.97261 0.4
-1.97237 0.5
-1.97212 0.6
-1.97188 0.7
-1.97163 0.8
-1.97139 1.0
-1.97114 1.1
-1.9709 1.2
-1.97066 1.3
-1.97041 1.4
-1.97017 1.4
-1.96992 1.5
-1.96968 1.6
-1.96944 1.7
-1.96919 1.8
-1.96895 1.9
-1.9687 1.9
-1.96846 2.0
-1.96821 2.1
-1.96797 2.1
-1.96773 2.2
-1.96748 2.2
-1.96724 2.2
-1.96699 2.3
-1.96675 2.3
-1.96651 2.3
-1.96626 2.3
-1.96602 2.4
-1.96577 2.4
-1.96553 2.4
-1.96529 2.4
-1.96504 2.4
-1.9648 2.3
-1.96455 2.3
-1.96431 2.3
-1.96406 2.3
-1.96382 2.2
-1.96358 2.2
-1.96333 2.1
-1.96309 2.1
-1.96284 2.0
-1.9626 2.0
-1.96236 1.9
-1.96211 1.8
-1.96187 1.8
-1.96162 1.7
-1.96138 1.6
-1.96113 1.5
-1.96089 1.4
-1.96065 1.3
-1.9604 1.2
-1.96016 1.1
-1.95991 1.0
-1.95967 0.9
-1.95943 0.8
-1.95918 0.7
-1.95894 0.6
-1.95869 0.5
-1.95845 0.4
-1.95821 0.2
-1.95796 0.1
-1.95772 0.0
-1.95747 -0.1
-1.95723 -0.2
-1.95698 -0.3
-1.95674 -0.5
-1.9565 -0.6
-1.95625 -0.7
-1.95601 -0.8
-1.95576 -0.9
-1.95552 -1.0
-1.95528 -1.1
-1.95503 -1.2
-1.95479 -1.3
-1.95454 -1.4
-1.9543 -1.5
-1.95405 -1.6
-1.95381 -1.7
-1.95357 -1.7
-1.95332 -1.8
-1.95308 -1.9
-1.95283 -2.0
-1.95259 -2.0
-1.95235 -2.1
-1.9521 -2.1
-1.95186 -2.2
-1.95161 -2.2
-1.95137 -2.3
-1.95113 -2.3
-1.95088 -2.3
-1.95064 -2.3
-1.95039 -2.4
-1.95015 -2.4
-1.9499 -2.4
-1.94966 -2.4
-1.94942 -2.4
-1.94917 -2.4
-1.94893 -2.3
-1.94868 -2.3
-1.94844 -2.3
-1.9482 -2.2
-1.94795 -2.2
-1.94771 -2.2
-1.94746 -2.1
-1.94722 -2.1
-1.94697 -2.0
-1.94673 -1.9
-1.94649 -1.9
-1.94624 -1.8
-1.946 -1.7
-1.94575 -1.6
-1.94551 -1.5
-1.94527 -1.4
-1.94502 -1.4
-1.94478 -1.3
-1.94453 -1.2
-1.94429 -1.1
-1.94405 -0.9
-1.9438 -0.8
-1.94356 -0.7
-1.94331 -0.6
-1.94307 -0.5
-1.94282 -0.4
-1.94258 -0.3
-1.94234 -0.2
-1.94209 0.0
-1.94185 0.0
-1.9416 0.2
-1.94136 0.3
-1.94112 0.4
-1.94087 0.5
-1.94063 0.6
-1.94038 0.8
-1.94014 0.9
-1.93989 1.0
-1.93965 1.1
-1.93941 1.2
-1.93916 1.3
-1.93892 1.4
-1.93867 1.5
-1.93843 1.6
-1.93819 1.6
-1.93794 1.7
-1.9377 1.8
-1.93745 1.9
-1.93721 1.9
-1.93696 2.0
-1.93672 2.1
-1.93648 2.1
-1.93623 2.2
-1.93599 2.2
-1.93574 2.3
-1.9355 2.3
-1.93526 2.3
-1.93501 2.3
-1.93477 2.4
-1.93452 2.4
-1.93428 2.4
-1.93404 2.4
-1.93379 2.4
-1.93355 2.4
-1.9333 2.3
-1.93306 2.3
-1.93281 2.3
-1.93257 2.3
-1.93233 2.2
-1.93208 2.2
-1.93184 2.1
-1.93159 2.1
-1.93135 2.0
-1.93111 1.9
-1.93086 1.9
-1.93062 1.8
-1.93037 1.7
-1.93013 1.6
-1.92988 1.6
-1.92964 1.5
-1.9294 1.4
-1.92915 1.3
-1.92891 1.2
-1.92866 1.1
-1.92842 1.0
-1.92818 0.9
-1.92793 0.8
-1.92769 0.6
-1.92744 0.5
-1.9272 0.4
-1.92696 0.3
-1.92671 0.2
-1.92647 0.0
-1.92622 0.0
-1.92598 -0.2
-1.92573 -0.3
-1.92549 -0.4
-1.92525 -0.5
-1.925 -0.6
-1.92476 -0.7
-1.92451 -0.9
-1.92427 -1.0
-1.92403 -1.1
-1.92378 -1.2
-1.92354 -1.3
-1.92329 -1.4
-1.92305 -1.5
-1.9228 -1.6
-1.92256 -1.6
-1.92232 -1.7
-1.92207 -1.8
-1.92183 -1.9
-1.92158 -1.9
-1.92134 -2.0
-1.9211 -2.1
-1.92085 -2.1
-1.92061 -2.2
-1.92036 -2.2
-1.92012 -2.3
-1.91988 -2.3
-1.91963 -2.3
-1.91939 -2.3
-1.91914 -2.4
-1.9189 -2.4
-1.91865 -2.4
-1.91841 -2.4
-1.91817 -2.4
-1.91792 -2.4
-1.91768 -2.4
-1.91743 -2.3
-1.91719 -2.3
-1.91695 -2.3
-1.9167 -2.2
-1.91646 -2.2
-1.91621 -2.1
-1.91597 -2.1
-1.91572 -2.0
-1.91548 -2.0
-1.91524 -1.9
-1.91499 -1.8
-1.91475 -1.7
-1.9145 -1.7
-1.91426 -1.6
-1.91402 -1.5
-1.91377 -1.4
-1.91353 -1.3
-1.91328 -1.2
-1.91304 -1.1
-1.9128 -1.0
-1.91255 -0.9
-1.91231 -0.8
-1.91206 -0.6
-1.91182 -0.5
-1.91157 -0.4
-1.91133 -0.3
-1.91109 -0.2
-1.91084 0.0
-1.9106 0.0
-1.91035 0.2
-1.91011 0.3
-1.90987 0.4
-1.90962 0.5
-1.90938 0.6
-1.90913 0.7
-1.90889 0.9
-1.90864 1.0
-1.9084 1.1
-1.90816 1.2
-1.90791 1.3
-1.90767 1.4
-1.90742 1.5
-1.90718 1.6
-1.90694 1.6
-1.90669 1.7
-1.90645 1.8
-1.9062 1.9
-1.90596 2.0
-1.90571 2.0
-1.90547 2.1
-1.90523 2.1
-1.90498 2.2
-1.90474 2.2
-1.90449 2.3
-1.90425 2.3
-1.90401 2.3
-1.90376 2.4
-1.90352 2.4
-1.90327 2.4
-1.90303 2.4
-1.90279 2.4
-1.90254 2.4
-1.9023 2.4
-1.90205 2.4
-1.90181 2.3
-1.90156 2.3
-1.90132 2.3
-1.90108 2.2
-1.90083 2.2
-1.90059 2.1
-1.90034 2.1
-1.9001 2.0
-1.89986 1.9
-1.89961 1.9
-1.89937 1.8
-1.89912 1.7
-1.89888 1.6
-1.89863 1.6
-1.89839 1.5
-1.89815 1.4
-1.8979 1.3
-1.89766 1.2
-1.89741 1.1
-1.89717 1.0
-1.89693 0.8
-1.89668 0.7
-1.89644 0.6
-1.89619 0.5
-1.89595 0.4
-1.89571 0.3
-1.89546 0.2
-1.89522 0.0
-1.89497 0.0
-1.89473 -0.2
-1.89448 -0.3
-1.89424 -0.4
-1.894 -0.5
-1.89375 -0.7
-1.89351 -0.8
-1.89326 -0.9
-1.89302 -1.0
-1.89278 -1.1
-1.89253 -1.2
-1.89229 -1.3
-1.89204 -1.4
-1.8918 -1.5
-1.89155 -1.6
-1.89131 -1.7
-1.89107 -1.8
-1.89082 -1.8
-1.89058 -1.9
-1.89033 -2.0
-1.89009 -2.0
-1.88985 -2.1
-1.8896 -2.2
-1.88936 -2.2
-1.88911 -2.2
-1.88887 -2.3
-1.88863 -2.3
-1.88838 -2.3
-1.88814 -2.4
-1.88789 -2.4
-1.88765 -2.4
-1.8874 -2.4
-1.88716 -2.4
-1.88692 -2.4
-1.88667 -2.4
-1.88643 -2.4
-1.88618 -2.3
-1.88594 -2.3
-1.8857 -2.3
-1.88545 -2.2
-1.88521 -2.2
-1.88496 -2.1
-1.88472 -2.1
-1.88447 -2.0
-1.88423 -1.9
-1.88399 -1.9
-1.88374 -1.8
-1.8835 -1.7
-1.88325 -1.6
-1.88301 -1.5
-1.88277 -1.4
-1.88252 -1.3
-1.88228 -1.2
-1.88203 -1.1
-1.88179 -1.0
-1.88155 -0.9
-1.8813 -0.8
-1.88106 -0.7
-1.88081 -0.6
-1.88057 -0.5
-1.88032 -0.3
-1.88008 -0.2
-1.87984 -0.1
-1.87959 0.0
-1.87935 0.1
-1.8791 0.2
-1.87886 0.4
-1.87862 0.5
-1.87837 0.6
-1.87813 0.7
-1.87788 0.8
-1.87764 0.9
-1.87739 1.0
-1.87715 1.1
-1.87691 1.3
-1.87666 1.3
-1.87642 1.4
-1.87617 1.5
-1.87593 1.6
-1.87569 1.7
-1.87544 1.8
-1.8752 1.9
-1.87495 1.9
-1.87471 2.0
-1.87446 2.1
-1.87422 2.1
-1.87398 2.2
-1.87373 2.2
-1.87349 2.3
-1.87324 2.3
-1.873 2.3
-1.87276 2.4
-1.87251 2.4
-1.87227 2.4
-1.87202 2.4
-1.87178 2.4
-1.87154 2.4
-1.87129 2.4
-1.87105 2.4
-1.8708 2.3
-1.87056 2.3
-1.87031 2.3
-1.87007 2.2
-1.86983 2.2
-1.86958 2.1
-1.86934 2.1
-1.86909 2.0
-1.86885 2.0
-1.86861 1.9
-1.86836 1.8
-1.86812 1.7
-1.86787 1.7
-1.86763 1.6
-1.86738 1.5
-1.86714 1.4
-1.8669 1.3
-1.86665 1.2
-1.86641 1.1
-1.86616 1.0
-1.86592 0.9
-1.86568 0.7
-1.86543 0.6
-1.86519 0.5
-1.86494 0.4
-1.8647 0.3
-1.86446 0.2
-1.86421 0.0
-1.86397 0.0
-1.86372 -0.2
-1.86348 -0.3
-1.86323 -0.4
-1.86299 -0.6
-1.86275 -0.7
-1.8625 -0.8
-1.86226 -0.9
-1.86201 -1.0
-1.86177 -1.1
-1.86153 -1.2
-1.86128 -1.3
-1.86104 -1.4
-1.86079 -1.5
-1.86055 -1.6
-1.8603 -1.7
-1.86006 -1.8
-1.85982 -1.8
-1.85957 -1.9
-1.85933 -2.0
-1.85908 -2.1
-1.85884 -2.1
-1.8586 -2.2
-1.85835 -2.2
-1.85811 -2.3
-1.85786 -2.3
-1.85762 -2.3
-1.85738 -2.4
-1.85713 -2.4
-1.85689 -2.4
-1.85664 -2.4
-1.8564 -2.4
-1.85615 -2.4
-1.85591 -2.4
-1.85567 -2.4
-1.85542 -2.4
-1.85518 -2.3
-1.85493 -2.3
-1.85469 -2.3
-1.85445 -2.2
-1.8542 -2.2
-1.85396 -2.1
-1.85371 -2.1
-1.85347 -2.0
-1.85322 -1.9
-1.85298 -1.8
-1.85274 -1.8
-1.85249 -1.7
-1.85225 -1.6
-1.852 -1.5
-1.85176 -1.4
-1.85152 -1.3
-1.85127 -1.2
-1.85103 -1.1
-1.85078 -1.0
-1.85054 -0.9
-1.8503 -0.8
-1.85005 -0.7
-1.84981 -0.5
-1.84956 -0.4
-1.84932 -0.3
-1.84907 -0.2
-1.84883 0.0
-1.84859 0.0
-1.84834 0.2
-1.8481 0.3
-1.84785 0.4
-1.84761 0.5
-1.84737 0.6
-1.84712 0.8
-1.84688 0.9
-1.84663 1.0
-1.84639 1.1
-1.84614 1.2
-1.8459 1.3
-1.84566 1.4
-1.84541 1.5
-1.84517 1.6
-1.84492 1.7
-1.84468 1.8
-1.84444 1.8
-1.84419 1.9
-1.84395 2.0
-1.8437 2.1
-1.84346 2.1
-1.84321 2.2
-1.84297 2.2
-1.84273 2.3
-1.84248 2.3
-1.84224 2.3
-1.84199 2.4
-1.84175 2.4
-1.84151 2.4
-1.84126 2.4
-1.84102 2.4
-1.84077 2.4
-1.84053 2.4
-1.84029 2.4
-1.84004 2.4
-1.8398 2.3
-1.83955 2.3
-1.83931 2.3
-1.83906 2.2
-1.83882 2.2
-1.83858 2.1
-1.83833 2.1
-1.83809 2.0
-1.83784 1.9
-1.8376 1.9
-1.83736 1.8
-1.83711 1.7
-1.83687 1.6
-1.83662 1.5
-1.83638 1.4
-1.83613 1.3
-1.83589 1.2
-1.83565 1.1
-1.8354 1.0
-1.83516 0.9
-1.83491 0.8
-1.83467 0.7
-1.83443 0.5
-1.83418 0.4
-1.83394 0.3
-1.83369 0.2
-1.83345 0.0
-1.83321 0.0
-1.83296 -0.2
-1.83272 -0.3
-1.83247 -0.4
-1.83223 -0.5
-1.83198 -0.6
-1.83174 -0.8
-1.8315 -0.9
-1.83125 -1.0
-1.83101 -1.1
-1.83076 -1.2
-1.83052 -1.3
-1.83028 -1.4
-1.83003 -1.5
-1.82979 -1.6
-1.82954 -1.7
-1.8293 -1.8
-1.82905 -1.8
-1.82881 -1.9
-1.82857 -2.0
-1.82832 -2.1
-1.82808 -2.1
-1.82783 -2.2
-1.82759 -2.2
-1.82735 -2.3
-1.8271 -2.3
-1.82686 -2.3
-1.82661 -2.4
-1.82637 -2.4
-1.82613 -2.4
-1.82588 -2.4
-1.82564 -2.4
-1.82539 -2.4
-1.82515 -2.4
-1.8249 -2.4
-1.82466 -2.4
-1.82442 -2.3
-1.82417 -2.3
-1.82393 -2.3
-1.82368 -2.2
-1.82344 -2.2
-1.8232 -2.1
-1.82295 -2.1
-1.82271 -2.0
-1.82246 -1.9
-1.82222 -1.8
-1.82197 -1.8
-1.82173 -1.7
-1.82149 -1.6
-1.82124 -1.5
-1.821 -1.4
-1.82075 -1.3
-1.82051 -1.2
-1.82027 -1.1
-1.82002 -1.0
-1.81978 -0.9
-1.81953 -0.8
-1.81929 -0.6
-1.81905 -0.5
-1.8188 -0.4
-1.81856 -0.3
-1.81831 -0.2
-1.81807 0.0
-1.81782 0.0
-1.81758 0.2
-1.81734 0.3
-1.81709 0.4
-1.81685 0.6
-1.8166 0.7
-1.81636 0.8
-1.81612 0.9
-1.81587 1.0
-1.81563 1.1
-1.81538 1.2
-1.81514 1.3
-1.81489 1.4
-1.81465 1.5
-1.81441 1.6
-1.81416 1.7
-1.81392 1.8
-1.81367 1.9
-1.81343 1.9
-1.81319 2.0
-1.81294 2.1
-1.8127 2.1
-1.81245 2.2
-1.81221 2.2
-1.81196 2.3
-1.81172 2.3
-1.81148 2.3
-1.81123 2.4
-1.81099 2.4
-1.81074 2.4
-1.8105 2.4
-1.81026 2.4
-1.81001 2.4
-1.80977 2.4
-1.80952 2.4
-1.80928 2.4
-1.80904 2.3
-1.80879 2.3
-1.80855 2.3
-1.8083 2.2
-1.80806 2.2
-1.80781 2.1
-1.80757 2.0
-1.80733 2.0
-1.80708 1.9
-1.80684 1.8
-1.80659 1.7
-1.80635 1.7
-1.80611 1.6
-1.80586 1.5
-1.80562 1.4
-1.80537 1.3
-1.80513 1.2
-1.80488 1.1
-1.80464 1.0
-1.8044 0.8
-1.80415 0.7
-1.80391 0.6
-1.80366 0.5
-1.80342 0.4
-1.80318 0.2
-1.80293 0.1
-1.80269 0.0
-1.80244 -0.1
-1.8022 -0.2
-1.80196 -0.4
-1.80171 -0.5
-1.80147 -0.6
-1.80122 -0.7
-1.80098 -0.8
-1.80073 -0.9
-1.80049 -1.1
-1.80025 -1.2
-1.8 -1.3
-1.79976 -1.4
-1.79951 -1.5
-1.79927 -1.6
-1.79903 -1.7
-1.79878 -1.7
-1.79854 -1.8
-1.79829 -1.9
-1.79805 -2.0
-1.7978 -2.0
-1.79756 -2.1
-1.79732 -2.2
-1.79707 -2.2
-1.79683 -2.3
-1.79658 -2.3
-1.79634 -2.3
-1.7961 -2.4
-1.79585 -2.4
-1.79561 -2.4
-1.79536 -2.4
-1.79512 -2.4
-1.79488 -2.4
-1.79463 -2.4
-1.79439 -2.4
-1.79414 -2.4
-1.7939 -2.4
-1.79365 -2.3
-1.79341 -2.3
-1.79317 -2.2
-1.79292 -2.2
-1.79268 -2.1
-1.79243 -2.1
-1.79219 -2.0
-1.79195 -1.9
-1.7917 -1.9
-1.79146 -1.8
-1.79121 -1.7
-1.79097 -1.6
-1.79072 -1.5
-1.79048 -1.4
-1.79024 -1.3
-1.78999 -1.2
-1.78975 -1.1
-1.7895 -1.0
-1.78926 -0.9
-1.78902 -0.8
-1.78877 -0.7
-1.78853 -0.5
-1.78828 -0.4
-1.78804 -0.3
-1.7878 -0.2
-1.78755 0.0
-1.78731 0.0
-1.78706 0.2
-1.78682 0.3
-1.78657 0.4
-1.78633 0.5
-1.78609 0.7
-1.78584 0.8
-1.7856 0.9
-1.78535 1.0
-1.78511 1.1
-1.78487 1.2
-1.78462 1.3
-1.78438 1.4
-1.78413 1.5
-1.78389 1.6
-1.78364 1.7
-1.7834 1.8
-1.78316 1.9
-1.78291 1.9
-1.78267 2.0
-1.78242 2.1
-1.78218 2.1
-1.78194 2.2
-1.78169 2.2
-1.78145 2.3
-1.7812 2.3
-1.78096 2.4
-1.78071 2.4
-1.78047 2.4
-1.78023 2.4
-1.77998 2.4
-1.77974 2.4
-1.77949 2.4
-1.77925 2.4
-1.77901 2.4
-1.77876 2.4
-1.77852 2.3
-1.77827 2.3
-1.77803 2.3
-1.77779 2.2
-1.77754 2.2
-1.7773 2.1
-1.77705 2.0
-1.77681 2.0
-1.77656 1.9
-1.77632 1.8
-1.77608 1.7
-1.77583 1.6
-1.77559 1.6
-1.77534 1.5
-1.7751 1.4
-1.77486 1.3
-1.77461 1.1
-1.77437 1.0
-1.77412 0.9
-1.77388 0.8
-1.77363 0.7
-1.77339 0.6
-1.77315 0.5
-1.7729 0.3
-1.77266 0.2
-1.77241 0.0
-1.77217 0.0
-1.77193 -0.2
-1.77168 -0.3
-1.77144 -0.4
-1.77119 -0.5
-1.77095 -0.6
-1.77071 -0.8
-1.77046 -0.9
-1.77022 -1.0
-1.76997 -1.1
-1.76973 -1.2
-1.76948 -1.3
-1.76924 -1.4
-1.769 -1.5
-1.76875 -1.6
-1.76851 -1.7
-1.76826 -1.8
-1.76802 -1.9
-1.76778 -1.9
-1.76753 -2.0
-1.76729 -2.1
-1.76704 -2.1
-1.7668 -2.2
-1.76655 -2.2
-1.76631 -2.3
-1.76607 -2.3
-1.76582 -2.4
-1.76558 -2.4
-1.76533 -2.4
-1.76509 -2.4
-1.76485 -2.4
-1.7646 -2.4
-1.76436 -2.4
-1.76411 -2.4
-1.76387 -2.4
-1.76363 -2.4
-1.76338 -2.3
-1.76314 -2.3
-1.76289 -2.3
-1.76265 -2.2
-1.7624 -2.2
-1.76216 -2.1
-1.76192 -2.1
-1.76167 -2.0
-1.76143 -1.9
-1.76118 -1.8
-1.76094 -1.7
-1.7607 -1.7
-1.76045 -1.6
-1.76021 -1.5
-1.75996 -1.4
-1.75972 -1.3
-1.75947 -1.2
-1.75923 -1.1
-1.75899 -0.9
-1.75874 -0.8
-1.7585 -0.7
-1.75825 -0.6
-1.75801 -0.5
-1.75777 -0.3
-1.75752 -0.2
-1.75728 0.0
-1.75703 0.0
-1.75679 0.1
-1.75655 0.3
-1.7563 0.4
-1.75606 0.5
-1.75581 0.6
-1.75557 0.8
-1.75532 0.9
-1.75508 1.0
-1.75484 1.1
-1.75459 1.2
-1.75435 1.3
-1.7541 1.4
-1.75386 1.5
-1.75362 1.6
-1.75337 1.7
-1.75313 1.8
-1.75288 1.9
-1.75264 1.9
-1.75239 2.0
-1.75215 2.1
-1.75191 2.1
-1.75166 2.2
-1.75142 2.2
-1.75117 2.3
-1.75093 2.3
-1.75069 2.4
-1.75044 2.4
-1.7502 2.4
-1.74995 2.4
-1.74971 2.4
-1.74946 2.4
-1.74922 2.4
-1.74898 2.4
-1.74873 2.4
-1.74849 2.4
-1.74824 2.4
-1.748 2.3
-1.74776 2.3
-1.74751 2.2
-1.74727 2.2
-1.74702 2.1
-1.74678 2.1
-1.74654 2.0
-1.74629 1.9
-1.74605 1.8
-1.7458 1.7
-1.74556 1.7
-1.74531 1.6
-1.74507 1.5
-1.74483 1.4
-1.74458 1.3
-1.74434 1.2
-1.74409 1.0
-1.74385 0.9
-1.74361 0.8
-1.74336 0.7
-1.74312 0.6
-1.74287 0.5
-1.74263 0.3
-1.74238 0.2
-1.74214 0.0
-1.7419 0.0
-1.74165 -0.2
-1.74141 -0.3
-1.74116 -0.4
-1.74092 -0.5
-1.74068 -0.7
-1.74043 -0.8
-1.74019 -0.9
-1.73994 -1.0
-1.7397 -1.1
-1.73946 -1.2
-1.73921 -1.3
-1.73897 -1.4
-1.73872 -1.5
-1.73848 -1.6
-1.73823 -1.7
-1.73799 -1.8
-1.73775 -1.9
-1.7375 -2.0
-1.73726 -2.0
-1.73701 -2.1
-1.73677 -2.2
-1.73653 -2.2
-1.73628 -2.3
-1.73604 -2.3
-1.73579 -2.3
-1.73555 -2.4
-1.7353 -2.4
-1.73506 -2.4
-1.73482 -2.4
-1.73457 -2.4
-1.73433 -2.4
-1.73408 -2.4
-1.73384 -2.4
-1.7336 -2.4
-1.73335 -2.4
-1.73311 -2.3
-1.73286 -2.3
-1.73262 -2.3
-1.73238 -2.2
-1.73213 -2.2
-1.73189 -2.1
-1.73164 -2.0
-1.7314 -2.0
-1.73115 -1.9
-1.73091 -1.8
-1.73067 -1.7
-1.73042 -1.6
-1.73018 -1.5
-1.72993 -1.4
-1.72969 -1.3
-1.72945 -1.2
-1.7292 -1.1
-1.72896 -1.0
-1.72871 -0.9
-1.72847 -0.8
-1.72822 -0.7
-1.72798 -0.5
-1.72774 -0.4
-1.72749 -0.3
-1.72725 -0.2
-1.727 0.0
-1.72676 0.0
-1.72652 0.2
-1.72627 0.3
-1.72603 0.5
-1.72578 0.6
-1.72554 0.7
-1.7253 0.8
-1.72505 0.9
-1.72481 1.0
-1.72456 1.2
-1.72432 1.3
-1.72407 1.4
-1.72383 1.5
-1.72359 1.6
-1.72334 1.7
-1.7231 1.8
-1.72285 1.8
-1.72261 1.9
-1.72237 2.0
-1.72212 2.1
-1.72188 2.1
-1.72163 2.2
-1.72139 2.2
-1.72114 2.3
-1.7209 2.3
-1.72066 2.4
-1.72041 2.4
-1.72017 2.4
-1.71992 2.4
-1.71968 2.4
-1.71944 2.4
-1.71919 2.4
-1.71895 2.4
-1.7187 2.4
-1.71846 2.4
-1.71821 2.4
-1.71797 2.3
-1.71773 2.3
-1.71748 2.3
-1.71724 2.2
-1.71699 2.1
-1.71675 2.1
-1.71651 2.0
-1.71626 1.9
-1.71602 1.9
-1.71577 1.8
-1.71553 1.7
-1.71529 1.6
-1.71504 1.5
-1.7148 1.4
-1.71455 1.3
-1.71431 1.2
-1.71406 1.1
-1.71382 1.0
-1.71358 0.8
-1.71333 0.7
-1.71309 0.6
-1.71284 0.5
-1.7126 0.4
-1.71236 0.2
-1.71211 0.1
-1.71187 0.0
-1.71162 -0.1
-1.71138 -0.3
-1.71113 -0.4
-1.71089 -0.5
-1.71065 -0.6
-1.7104 -0.8
-1.71016 -0.9
-1.70991 -1.0
-1.70967 -1.1
-1.70943 -1.2
-1.70918 -1.3
-1.70894 -1.4
-1.70869 -1.5
-1.70845 -1.6
-1.70821 -1.7
-1.70796 -1.8
-1.70772 -1.9
-1.70747 -2.0
-1.70723 -2.0
-1.70698 -2.1
-1.70674 -2.2
-1.7065 -2.2
-1.70625 -2.3
-1.70601 -2.3
-1.70576 -2.4
-1.70552 -2.4
-1.70528 -2.4
-1.70503 -2.4
-1.70479 -2.4
-1.70454 -2.5
-1.7043 -2.5
-1.70405 -2.4
-1.70381 -2.4
-1.70357 -2.4
-1.70332 -2.4
-1.70308 -2.4
-1.70283 -2.3
-1.70259 -2.3
-1.70235 -2.2
-1.7021 -2.2
-1.70186 -2.1
-1.70161 -2.0
-1.70137 -2.0
-1.70113 -1.9
-1.70088 -1.8
-1.70064 -1.7
-1.70039 -1.6
-1.70015 -1.5
-1.6999 -1.4
-1.69966 -1.3
-1.69942 -1.2
-1.69917 -1.1
-1.69893 -1.0
-1.69868 -0.9
-1.69844 -0.8
-1.6982 -0.6
-1.69795 -0.5
-1.69771 -0.4
-1.69746 -0.3
-1.69722 -0.1
-1.69697 0.0
-1.69673 0.1
-1.69649 0.2
-1.69624 0.4
-1.696 0.5
-1.69575 0.6
-1.69551 0.7
-1.69527 0.8
-1.69502 1.0
-1.69478 1.1
-1.69453 1.2
-1.69429 1.3
-1.69405 1.4
-1.6938 1.5
-1.69356 1.6
-1.69331 1.7
-1.69307 1.8
-1.69282 1.9
-1.69258 2.0
-1.69234 2.0
-1.69209 2.1
-1.69185 2.2
-1.6916 2.2
-1.69136 2.3
-1.69112 2.3
-1.69087 2.4
-1.69063 2.4
-1.69038 2.4
-1.69014 2.4
-1.68989 2.4
-1.68965 2.5
-1.68941 2.5
-1.68916 2.5
-1.68892 2.4
-1.68867 2.4
-1.68843 2.4
-1.68819 2.4
-1.68794 2.3
-1.6877 2.3
-1.68745 2.2
-1.68721 2.2
-1.68696 2.1
-1.68672 2.1
-1.68648 2.0
-1.68623 1.9
-1.68599 1.8
-1.68574 1.7
-1.6855 1.6
-1.68526 1.5
-1.68501 1.4
-1.68477 1.3
-1.68452 1.2
-1.68428 1.1
-1.68404 1.0
-1.68379 0.9
-1.68355 0.8
-1.6833 0.7
-1.68306 0.5
-1.68281 0.4
-1.68257 0.3
-1.68233 0.2
-1.68208 0.0
-1.68184 0.0
-1.68159 -0.2
-1.68135 -0.4
-1.68111 -0.5
-1.68086 -0.6
-1.68062 -0.7
-1.68037 -0.8
-1.68013 -1.0
-1.67988 -1.1
-1.67964 -1.2
-1.6794 -1.3
-1.67915 -1.4
-1.67891 -1.5
-1.67866 -1.6
-1.67842 -1.7
-1.67818 -1.8
-1.67793 -1.9
-1.67769 -2.0
-1.67744 -2.0
-1.6772 -2.1
-1.67696 -2.2
-1.67671 -2.2
-1.67647 -2.3
-1.67622 -2.3
-1.67598 -2.4
-1.67573 -2.4
-1.67549 -2.4
-1.67525 -2.4
-1.675 -2.5
-1.67476 -2.5
-1.67451 -2.5
-1.67427 -2.5
-1.67403 -2.4
-1.67378 -2.4
-1.67354 -2.4
-1.67329 -2.4
-1.67305 -2.3
-1.6728 -2.3
-1.67256 -2.2
-1.67232 -2.2
-1.67207 -2.1
-1.67183 -2.1
-1.67158 -2.0
-1.67134 -1.9
-1.6711 -1.8
-1.67085 -1.7
-1.67061 -1.6
-1.67036 -1.5
-1.67012 -1.4
-1.66988 -1.3
-1.66963 -1.2
-1.66939 -1.1
-1.66914 -1.0
-1.6689 -0.9
-1.66865 -0.8
-1.66841 -0.6
-1.66817 -0.5
-1.66792 -0.4
-1.66768 -0.3
-1.66743 -0.1
-1.66719 0.0
-1.66695 0.1
-1.6667 0.2
-1.66646 0.4
-1.66621 0.5
-1.66597 0.6
-1.66572 0.7
-1.66548 0.9
-1.66524 1.0
-1.66499 1.1
-1.66475 1.2
-1.6645 1.3
-1.66426 1.4
-1.66402 1.5
-1.66377 1.6
-1.66353 1.7
-1.66328 1.8
-1.66304 1.9
-1.6628 2.0
-1.66255 2.0
-1.66231 2.1
-1.66206 2.2
-1.66182 2.2
-1.66157 2.3
-1.66133 2.3
-1.66109 2.4
-1.66084 2.4
-1.6606 2.4
-1.66035 2.4
-1.66011 2.5
-1.65987 2.5
-1.65962 2.5
-1.65938 2.5
-1.65913 2.4
-1.65889 2.4
-1.65864 2.4
-1.6584 2.4
-1.65816 2.3
-1.65791 2.3
-1.65767 2.2
-1.65742 2.2
-1.65718 2.1
-1.65694 2.0
-1.65669 2.0
-1.65645 1.9
-1.6562 1.8
-1.65596 1.7
-1.65571 1.6
-1.65547 1.5
-1.65523 1.4
-1.65498 1.3
-1.65474 1.2
-1.65449 1.1
-1.65425 1.0
-1.65401 0.9
-1.65376 0.7
-1.65352 0.6
-1.65327 0.5
-1.65303 0.4
-1.65279 0.2
-1.65254 0.1
-1.6523 0.0
-1.65205 -0.2
-1.65181 -0.3
-1.65156 -0.4
-1.65132 -0.5
-1.65108 -0.7
-1.65083 -0.8
-1.65059 -0.9
-1.65034 -1.0
-1.6501 -1.1
-1.64986 -1.2
-1.64961 -1.4
-1.64937 -1.5
-1.64912 -1.6
-1.64888 -1.7
-1.64863 -1.8
-1.64839 -1.8
-1.64815 -1.9
-1.6479 -2.0
-1.64766 -2.1
-1.64741 -2.1
-1.64717 -2.2
-1.64693 -2.3
-1.64668 -2.3
-1.64644 -2.3
-1.64619 -2.4
-1.64595 -2.4
-1.64571 -2.4
-1.64546 -2.5
-1.64522 -2.5
-1.64497 -2.5
-1.64473 -2.5
-1.64448 -2.5
-1.64424 -2.4
-1.644 -2.4
-1.64375 -2.4
-1.64351 -2.4
-1.64326 -2.3
-1.64302 -2.3
-1.64278 -2.2
-1.64253 -2.2
-1.64229 -2.1
-1.64204 -2.0
-1.6418 -1.9
-1.64155 -1.9
-1.64131 -1.8
-1.64107 -1.7
-1.64082 -1.6
-1.64058 -1.5
-1.64033 -1.4
-1.64009 -1.3
-1.63985 -1.2
-1.6396 -1.0
-1.63936 -0.9
-1.63911 -0.8
-1.63887 -0.7
-1.63863 -0.6
-1.63838 -0.4
-1.63814 -0.3
-1.63789 -0.2
-1.63765 0.0
-1.6374 0.0
-1.63716 0.2
-1.63692 0.3
-1.63667 0.5
-1.63643 0.6
-1.63618 0.7
-1.63594 0.8
-1.6357 1.0
-1.63545 1.1
-1.63521 1.2
-1.63496 1.3
-1.63472 1.4
-1.63447 1.5
-1.63423 1.6
-1.63399 1.7
-1.63374 1.8
-1.6335 1.9
-1.63325 2.0
-1.63301 2.0
-1.63277 2.1
-1.63252 2.2
-1.63228 2.2
-1.63203 2.3
-1.63179 2.3
-1.63155 2.4
-1.6313 2.4
-1.63106 2.4
-1.63081 2.5
-1.63057 2.5
-1.63032 2.5
-1.63008 2.5
-1.62984 2.5
-1.62959 2.5
-1.62935 2.4
-1.6291 2.4
-1.62886 2.4
-1.62862 2.3
-1.62837 2.3
-1.62813 2.2
-1.62788 2.2
-1.62764 2.1
-1.62739 2.0
-1.62715 2.0
-1.62691 1.9
-1.62666 1.8
-1.62642 1.7
-1.62617 1.6
-1.62593 1.5
-1.62569 1.4
-1.62544 1.3
-1.6252 1.2
-1.62495 1.1
-1.62471 1.0
-1.62446 0.8
-1.62422 0.7
-1.62398 0.6
-1.62373 0.5
-1.62349 0.3
-1.62324 0.2
-1.623 0.0
-1.62276 0.0
-1.62251 -0.2
-1.62227 -0.3
-1.62202 -0.4
-1.62178 -0.6
-1.62154 -0.7
-1.62129 -0.8
-1.62105 -0.9
-1.6208 -1.1
-1.62056 -1.2
-1.62031 -1.3
-1.62007 -1.4
-1.61983 -1.5
-1.61958 -1.6
-1.61934 -1.7
-1.61909 -1.8
-1.61885 -1.9
-1.61861 -2.0
-1.61836 -2.0
-1.61812 -2.1
-1.61787 -2.2
-1.61763 -2.2
-1.61738 -2.3
-1.61714 -2.3
-1.6169 -2.4
-1.61665 -2.4
-1.61641 -2.4
-1.61616 -2.5
-1.61592 -2.5
-1.61568 -2.5
-1.61543 -2.5
-1.61519 -2.5
-1.61494 -2.5
-1.6147 -2.4
-1.61446 -2.4
-1.61421 -2.4
-1.61397 -2.4
-1.61372 -2.3
-1.61348 -2.3
-1.61323 -2.2
-1.61299 -2.1
-1.61275 -2.1
-1.6125 -2.0
-1.61226 -1.9
-1.61201 -1.8
-1.61177 -1.7
-1.61153 -1.6
-1.61128 -1.5
-1.61104 -1.4
-1.61079 -1.3
-1.61055 -1.2
-1.6103 -1.1
-1.61006 -1.0
-1.60982 -0.9
-1.60957 -0.7
-1.60933 -0.6
-1.60908 -0.5
-1.60884 -0.4
-1.6086 -0.2
-1.60835 0.0
-1.60811 0.0
-1.60786 0.2
-1.60762 0.3
-1.60738 0.4
-1.60713 0.6
-1.60689 0.7
-1.60664 0.8
-1.6064 0.9
-1.60615 1.0
-1.60591 1.2
-1.60567 1.3
-1.60542 1.4
-1.60518 1.5
-1.60493 1.6
-1.60469 1.7
-1.60445 1.8
-1.6042 1.9
-1.60396 2.0
-1.60371 2.0
-1.60347 2.1
-1.60322 2.2
-1.60298 2.2
-1.60274 2.3
-1.60249 2.3
-1.60225 2.4
-1.602 2.4
-1.60176 2.4
-1.60152 2.5
-1.60127 2.5
-1.60103 2.5
-1.60078 2.5
-1.60054 2.5
-1.6003 2.5
-1.60005 2.5
-1.59981 2.4
-1.59956 2.4
-1.59932 2.4
-1.59907 2.3
-1.59883 2.3
-1.59859 2.2
-1.59834 2.1
-1.5981 2.1
-1.59785 2.0
-1.59761 1.9
-1.59737 1.8
-1.59712 1.7
-1.59688 1.6
-1.59663 1.5
-1.59639 1.4
-1.59614 1.3
-1.5959 1.2
-1.59566 1.1
-1.59541 1.0
-1.59517 0.9
-1.59492 0.7
-1.59468 0.6
-1.59444 0.5
-1.59419 0.3
-1.59395 0.2
-1.5937 0.0
-1.59346 0.0
-1.59321 -0.2
-1.59297 -0.3
-1.59273 -0.4
-1.59248 -0.6
-1.59224 -0.7
-1.59199 -0.8
-1.59175 -0.9
-1.59151 -1.1
-1.59126 -1.2
-1.59102 -1.3
-1.59077 -1.4
-1.59053 -1.5
-1.59029 -1.6
-1.59004 -1.7
-1.5898 -1.8
-1.58955 -1.9
-1.58931 -2.0
-1.58906 -2.0
-1.58882 -2.1
-1.58858 -2.2
-1.58833 -2.2
-1.58809 -2.3
-1.58784 -2.3
-1.5876 -2.4
-1.58736 -2.4
-1.58711 -2.5
-1.58687 -2.5
-1.58662 -2.5
-1.58638 -2.5
-1.58613 -2.5
-1.58589 -2.5
-1.58565 -2.5
-1.5854 -2.5
-1.58516 -2.4
-1.58491 -2.4
-1.58467 -2.4
-1.58443 -2.3
-1.58418 -2.3
-1.58394 -2.2
-1.58369 -2.1
-1.58345 -2.1
-1.58321 -2.0
-1.58296 -1.9
-1.58272 -1.8
-1.58247 -1.7
-1.58223 -1.6
-1.58198 -1.5
-1.58174 -1.4
-1.5815 -1.3
-1.58125 -1.2
-1.58101 -1.1
-1.58076 -0.9
-1.58052 -0.8
-1.58028 -0.7
-1.58003 -0.6
-1.57979 -0.4
-1.57954 -0.3
-1.5793 -0.2
-1.57905 0.0
-1.57881 0.0
-1.57857 0.2
-1.57832 0.3
-1.57808 0.5
-1.57783 0.6
-1.57759 0.7
-1.57735 0.9
-1.5771 1.0
-1.57686 1.1
-1.57661 1.2
-1.57637 1.3
-1.57613 1.4
-1.57588 1.5
-1.57564 1.6
-1.57539 1.7
-1.57515 1.8
-1.5749 1.9
-1.57466 2.0
-1.57442 2.1
-1.57417 2.1
-1.57393 2.2
-1.57368 2.3
-1.57344 2.3
-1.5732 2.4
-1.57295 2.4
-1.57271 2.4
-1.57246 2.5
-1.57222 2.5
-1.57197 2.5
-1.57173 2.5
-1.57149 2.5
-1.57124 2.5
-1.571 2.5
-1.57075 2.4
-1.57051 2.4
-1.57027 2.4
-1.57002 2.3
-1.56978 2.3
-1.56953 2.2
-1.56929 2.2
-1.56905 2.1
-1.5688 2.0
-1.56856 1.9
-1.56831 1.9
-1.56807 1.8
-1.56782 1.7
-1.56758 1.6
-1.56734 1.5
-1.56709 1.4
-1.56685 1.2
-1.5666 1.1
-1.56636 1.0
-1.56612 0.9
-1.56587 0.8
-1.56563 0.6
-1.56538 0.5
-1.56514 0.4
-1.56489 0.2
-1.56465 0.1
-1.56441 0.0
-1.56416 -0.1
-1.56392 -0.3
-1.56367 -0.4
-1.56343 -0.5
-1.56319 -0.7
-1.56294 -0.8
-1.5627 -0.9
-1.56245 -1.0
-1.56221 -1.2
-1.56196 -1.3
-1.56172 -1.4
-1.56148 -1.5
-1.56123 -1.6
-1.56099 -1.7
-1.56074 -1.8
-1.5605 -1.9
-1.56026 -2.0
-1.56001 -2.0
-1.55977 -2.1
-1.55952 -2.2
-1.55928 -2.3
-1.55904 -2.3
-1.55879 -2.4
-1.55855 -2.4
-1.5583 -2.4
-1.55806 -2.5
-1.55781 -2.5
-1.55757 -2.5
-1.55733 -2.5
-1.55708 -2.5
-1.55684 -2.5
-1.55659 -2.5
-1.55635 -2.5
-1.55611 -2.4
-1.55586 -2.4
-1.55562 -2.4
-1.55537 -2.3
-1.55513 -2.3
-1.55488 -2.2
-1.55464 -2.1
-1.5544 -2.1
-1.55415 -2.0
-1.55391 -1.9
-1.55366 -1.8
-1.55342 -1.7
-1.55318 -1.6
-1.55293 -1.5
-1.55269 -1.4
-1.55244 -1.3
-1.5522 -1.2
-1.55196 -1.1
-1.55171 -0.9
-1.55147 -0.8
-1.55122 -0.7
-1.55098 -0.6
-1.55073 -0.4
-1.55049 -0.3
-1.55025 -0.2
-1.55 0.0
-1.54976 0.1
-1.54951 0.2
-1.54927 0.4
-1.54903 0.5
-1.54878 0.6
-1.54854 0.8
-1.54829 0.9
-1.54805 1.0
-1.5478 1.1
-1.54756 1.2
-1.54732 1.4
-1.54707 1.5
-1.54683 1.6
-1.54658 1.7
-1.54634 1.8
-1.5461 1.9
-1.54585 2.0
-1.54561 2.0
-1.54536 2.1
-1.54512 2.2
-1.54488 2.2
-1.54463 2.3
-1.54439 2.3
-1.54414 2.4
-1.5439 2.4
-1.54365 2.5
-1.54341 2.5
-1.54317 2.5
-1.54292 2.5
-1.54268 2.5
-1.54243 2.5
-1.54219 2.5
-1.54195 2.5
-1.5417 2.4
-1.54146 2.4
-1.54121 2.4
-1.54097 2.3
-1.54072 2.3
-1.54048 2.2
-1.54024 2.1
-1.53999 2.1
-1.53975 2.0
-1.5395 1.9
-1.53926 1.8
-1.53902 1.7
-1.53877 1.6
-1.53853 1.5
-1.53828 1.4
-1.53804 1.3
-1.5378 1.2
-1.53755 1.1
-1.53731 1.0
-1.53706 0.8
-1.53682 0.7
-1.53657 0.6
-1.53633 0.4
-1.53609 0.3
-1.53584 0.2
-1.5356 0.0
-1.53535 0.0
-1.53511 -0.2
-1.53487 -0.4
-1.53462 -0.5
-1.53438 -0.6
-1.53413 -0.8
-1.53389 -0.9
-1.53364 -1.0
-1.5334 -1.1
-1.53316 -1.2
-1.53291 -1.4
-1.53267 -1.5
-1.53242 -1.6
-1.53218 -1.7
-1.53194 -1.8
-1.53169 -1.9
-1.53145 -2.0
-1.5312 -2.0
-1.53096 -2.1
-1.53071 -2.2
-1.53047 -2.2
-1.53023 -2.3
-1.52998 -2.4
-1.52974 -2.4
-1.52949 -2.4
-1.52925 -2.5
-1.52901 -2.5
-1.52876 -2.5
-1.52852 -2.5
-1.52827 -2.5
-1.52803 -2.5
-1.52779 -2.5
-1.52754 -2.5
-1.5273 -2.5
-1.52705 -2.4
-1.52681 -2.4
-1.52656 -2.3
-1.52632 -2.3
-1.52608 -2.2
-1.52583 -2.2
-1.52559 -2.1
-1.52534 -2.0
-1.5251 -1.9
-1.52486 -1.8
-1.52461 -1.7
-1.52437 -1.6
-1.52412 -1.5
-1.52388 -1.4
-1.52363 -1.3
-1.52339 -1.2
-1.52315 -1.1
-1.5229 -0.9
-1.52266 -0.8
-1.52241 -0.7
-1.52217 -0.6
-1.52193 -0.4
-1.52168 -0.3
-1.52144 -0.2
-1.52119 0.0
-1.52095 0.1
-1.52071 0.2
-1.52046 0.4
-1.52022 0.5
-1.51997 0.6
-1.51973 0.8
-1.51948 0.9
-1.51924 1.0
-1.519 1.1
-1.51875 1.3
-1.51851 1.4
-1.51826 1.5
-1.51802 1.6
-1.51778 1.7
-1.51753 1.8
-1.51729 1.9
-1.51704 2.0
-1.5168 2.1
-1.51655 2.1
-1.51631 2.2
-1.51607 2.3
-1.51582 2.3
-1.51558 2.4
-1.51533 2.4
-1.51509 2.4
-1.51485 2.5
-1.5146 2.5
-1.51436 2.5
-1.51411 2.5
-1.51387 2.5
-1.51363 2.5
-1.51338 2.5
-1.51314 2.5
-1.51289 2.5
-1.51265 2.4
-1.5124 2.4
-1.51216 2.3
-1.51192 2.3
-1.51167 2.2
-1.51143 2.1
-1.51118 2.1
-1.51094 2.0
-1.5107 1.9
-1.51045 1.8
-1.51021 1.7
-1.50996 1.6
-1.50972 1.5
-1.50947 1.4
-1.50923 1.3
-1.50899 1.2
-1.50874 1.0
-1.5085 0.9
-1.50825 0.8
-1.50801 0.7
-1.50777 0.5
-1.50752 0.4
-1.50728 0.3
-1.50703 0.1
-1.50679 0.0
-1.50655 -0.1
-1.5063 -0.3
-1.50606 -0.4
-1.50581 -0.5
-1.50557 -0.7
-1.50532 -0.8
-1.50508 -0.9
-1.50484 -1.1
-1.50459 -1.2
-1.50435 -1.3
-1.5041 -1.4
-1.50386 -1.5
-1.50362 -1.6
-1.50337 -1.7
-1.50313 -1.8
-1.50288 -1.9
-1.50264 -2.0
-1.50239 -2.1
-1.50215 -2.2
-1.50191 -2.2
-1.50166 -2.3
-1.50142 -2.3
-1.50117 -2.4
-1.50093 -2.4
-1.50069 -2.5
-1.50044 -2.5
-1.5002 -2.5
-1.49995 -2.5
-1.49971 -2.5
-1.49946 -2.5
-1.49922 -2.5
-1.49898 -2.5
-1.49873 -2.5
-1.49849 -2.4
-1.49824 -2.4
-1.498 -2.4
-1.49776 -2.3
-1.49751 -2.3
-1.49727 -2.2
-1.49702 -2.1
-1.49678 -2.0
-1.49654 -2.0
-1.49629 -1.9
-1.49605 -1.8
-1.4958 -1.7
-1.49556 -1.6
-1.49531 -1.5
-1.49507 -1.3
-1.49483 -1.2
-1.49458 -1.1
-1.49434 -1.0
-1.49409 -0.9
-1.49385 -0.7
-1.49361 -0.6
-1.49336 -0.5
-1.49312 -0.3
-1.49287 -0.2
-1.49263 0.0
-1.49238 0.0
-1.49214 0.2
-1.4919 0.3
-1.49165 0.5
-1.49141 0.6
-1.49116 0.7
-1.49092 0.9
-1.49068 1.0
-1.49043 1.1
-1.49019 1.2
-1.48994 1.4
-1.4897 1.5
-1.48946 1.6
-1.48921 1.7
-1.48897 1.8
-1.48872 1.9
-1.48848 2.0
-1.48823 2.1
-1.48799 2.1
-1.48775 2.2
-1.4875 2.3
-1.48726 2.3
-1.48701 2.4
-1.48677 2.4
-1.48653 2.5
-1.48628 2.5
-1.48604 2.5
-1.48579 2.5
-1.48555 2.5
-1.4853 2.5
-1.48506 2.5
-1.48482 2.5
-1.48457 2.5
-1.48433 2.5
-1.48408 2.4
-1.48384 2.4
-1.4836 2.3
-1.48335 2.3
-1.48311 2.2
-1.48286 2.1
-1.48262 2.1
-1.48238 2.0
-1.48213 1.9
-1.48189 1.8
-1.48164 1.7
-1.4814 1.6
-1.48115 1.5
-1.48091 1.4
-1.48067 1.3
-1.48042 1.2
-1.48018 1.0
-1.47993 0.9
-1.47969 0.8
-1.47945 0.6
-1.4792 0.5
-1.47896 0.4
-1.47871 0.2
-1.47847 0.1
-1.47822 0.0
-1.47798 -0.2
-1.47774 -0.3
-1.47749 -0.4
-1.47725 -0.6
-1.477 -0.7
-1.47676 -0.8
-1.47652 -1.0
-1.47627 -1.1
-1.47603 -1.2
-1.47578 -1.3
-1.47554 -1.4
-1.4753 -1.6
-1.47505 -1.7
-1.47481 -1.8
-1.47456 -1.9
-1.47432 -2.0
-1.47407 -2.0
-1.47383 -2.1
-1.47359 -2.2
-1.47334 -2.3
-1.4731 -2.3
-1.47285 -2.4
-1.47261 -2.4
-1.47237 -2.5
-1.47212 -2.5
-1.47188 -2.5
-1.47163 -2.5
-1.47139 -2.5
-1.47114 -2.5
-1.4709 -2.5
-1.47066 -2.5
-1.47041 -2.5
-1.47017 -2.5
-1.46992 -2.4
-1.46968 -2.4
-1.46944 -2.4
-1.46919 -2.3
-1.46895 -2.2
-1.4687 -2.2
-1.46846 -2.1
-1.46821 -2.0
-1.46797 -1.9
-1.46773 -1.8
-1.46748 -1.7
-1.46724 -1.6
-1.46699 -1.5
-1.46675 -1.4
-1.46651 -1.3
-1.46626 -1.2
-1.46602 -1.0
-1.46577 -0.9
-1.46553 -0.8
-1.46529 -0.7
-1.46504 -0.5
-1.4648 -0.4
-1.46455 -0.3
-1.46431 -0.1
-1.46406 0.0
-1.46382 0.2
-1.46358 0.3
-1.46333 0.4
-1.46309 0.6
-1.46284 0.7
-1.4626 0.8
-1.46236 1.0
-1.46211 1.1
-1.46187 1.2
-1.46162 1.3
-1.46138 1.4
-1.46113 1.6
-1.46089 1.7
-1.46065 1.8
-1.4604 1.9
-1.46016 2.0
-1.45991 2.0
-1.45967 2.1
-1.45943 2.2
-1.45918 2.3
-1.45894 2.3
-1.45869 2.4
-1.45845 2.4
-1.45821 2.5
-1.45796 2.5
-1.45772 2.5
-1.45747 2.5
-1.45723 2.5
-1.45698 2.5
-1.45674 2.5
-1.4565 2.5
-1.45625 2.5
-1.45601 2.5
-1.45576 2.4
-1.45552 2.4
-1.45528 2.4
-1.45503 2.3
-1.45479 2.2
-1.45454 2.2
-1.4543 2.1
-1.45405 2.0
-1.45381 1.9
-1.45357 1.8
-1.45332 1.7
-1.45308 1.6
-1.45283 1.5
-1.45259 1.4
-1.45235 1.3
-1.4521 1.2
-1.45186 1.0
-1.45161 0.9
-1.45137 0.8
-1.45113 0.7
-1.45088 0.5
-1.45064 0.4
-1.45039 0.2
-1.45015 0.1
-1.4499 0.0
-1.44966 -0.2
-1.44942 -0.3
-1.44917 -0.4
-1.44893 -0.6
-1.44868 -0.7
-1.44844 -0.8
-1.4482 -1.0
-1.44795 -1.1
-1.44771 -1.2
-1.44746 -1.3
-1.44722 -1.5
-1.44697 -1.6
-1.44673 -1.7
-1.44649 -1.8
-1.44624 -1.9
-1.446 -2.0
-1.44575 -2.1
-1.44551 -2.1
-1.44527 -2.2
-1.44502 -2.3
-1.44478 -2.3
-1.44453 -2.4
-1.44429 -2.4
-1.44405 -2.5
-1.4438 -2.5
-1.44356 -2.5
-1.44331 -2.5
-1.44307 -2.5
-1.44282 -2.5
-1.44258 -2.5
-1.44234 -2.5
-1.44209 -2.5
-1.44185 -2.5
-1.4416 -2.4
-1.44136 -2.4
-1.44112 -2.3
-1.44087 -2.3
-1.44063 -2.2
-1.44038 -2.2
-1.44014 -2.1
-1.43989 -2.0
-1.43965 -1.9
-1.43941 -1.8
-1.43916 -1.7
-1.43892 -1.6
-1.43867 -1.5
-1.43843 -1.4
-1.43819 -1.3
-1.43794 -1.1
-1.4377 -1.0
-1.43745 -0.9
-1.43721 -0.8
-1.43696 -0.6
-1.43672 -0.5
-1.43648 -0.3
-1.43623 -0.2
-1.43599 0.0
-1.43574 0.0
-1.4355 0.2
-1.43526 0.4
-1.43501 0.5
-1.43477 0.6
-1.43452 0.8
-1.43428 0.9
-1.43404 1.0
-1.43379 1.1
-1.43355 1.3
-1.4333 1.4
-1.43306 1.5
-1.43281 1.6
-1.43257 1.7
-1.43233 1.8
-1.43208 1.9
-1.43184 2.0
-1.43159 2.1
-1.43135 2.2
-1.43111 2.2
-1.43086 2.3
-1.43062 2.4
-1.43037 2.4
-1.43013 2.5
-1.42988 2.5
-1.42964 2.5
-1.4294 2.5
-1.42915 2.5
-1.42891 2.6
-1.42866 2.6
-1.42842 2.5
-1.42818 2.5
-1.42793 2.5
-1.42769 2.5
-1.42744 2.4
-1.4272 2.4
-1.42696 2.3
-1.42671 2.3
-1.42647 2.2
-1.42622 2.1
-1.42598 2.0
-1.42573 2.0
-1.42549 1.9
-1.42525 1.8
-1.425 1.7
-1.42476 1.6
-1.42451 1.4
-1.42427 1.3
-1.42403 1.2
-1.42378 1.1
-1.42354 1.0
-1.42329 0.8
-1.42305 0.7
-1.4228 0.6
-1.42256 0.4
-1.42232 0.3
-1.42207 0.1
-1.42183 0.0
-1.42158 -0.1
-1.42134 -0.3
-1.4211 -0.4
-1.42085 -0.6
-1.42061 -0.7
-1.42036 -0.8
-1.42012 -1.0
-1.41988 -1.1
-1.41963 -1.2
-1.41939 -1.3
-1.41914 -1.5
-1.4189 -1.6
-1.41865 -1.7
-1.41841 -1.8
-1.41817 -1.9
-1.41792 -2.0
-1.41768 -2.1
-1.41743 -2.1
-1.41719 -2.2
-1.41695 -2.3
-1.4167 -2.3
-1.41646 -2.4
-1.41621 -2.4
-1.41597 -2.5
-1.41572 -2.5
-1.41548 -2.5
-1.41524 -2.6
-1.41499 -2.6
-1.41475 -2.6
-1.4145 -2.6
-1.41426 -2.5
-1.41402 -2.5
-1.41377 -2.5
-1.41353 -2.5
-1.41328 -2.4
-1.41304 -2.4
-1.4128 -2.3
-1.41255 -2.2
-1.41231 -2.2
-1.41206 -2.1
-1.41182 -2.0
-1.41157 -1.9
-1.41133 -1.8
-1.41109 -1.7
-1.41084 -1.6
-1.4106 -1.5
-1.41035 -1.4
-1.41011 -1.2
-1.40987 -1.1
-1.40962 -1.0
-1.40938 -0.9
-1.40913 -0.7
-1.40889 -0.6
-1.40864 -0.5
-1.4084 -0.3
-1.40816 -0.2
-1.40791 0.0
-1.40767 0.1
-1.40742 0.2
-1.40718 0.4
-1.40694 0.5
-1.40669 0.7
-1.40645 0.8
-1.4062 0.9
-1.40596 1.1
-1.40571 1.2
-1.40547 1.3
-1.40523 1.4
-1.40498 1.5
-1.40474 1.7
-1.40449 1.8
-1.40425 1.9
-1.40401 2.0
-1.40376 2.0
-1.40352 2.1
-1.40327 2.2
-1.40303 2.3
-1.40279 2.3
-1.40254 2.4
-1.4023 2.4
-1.40205 2.5
-1.40181 2.5
-1.40156 2.5
-1.40132 2.6
-1.40108 2.6
-1.40083 2.6
-1.40059 2.6
-1.40034 2.5
-1.4001 2.5
-1.39986 2.5
-1.39961 2.5
-1.39937 2.4
-1.39912 2.4
-1.39888 2.3
-1.39863 2.2
-1.39839 2.2
-1.39815 2.1
-1.3979 2.0
-1.39766 1.9
-1.39741 1.8
-1.39717 1.7
-1.39693 1.6
-1.39668 1.5
-1.39644 1.4
-1.39619 1.3
-1.39595 1.1
-1.39571 1.0
-1.39546 0.9
-1.39522 0.7
-1.39497 0.6
-1.39473 0.5
-1.39448 0.3
-1.39424 0.2
-1.394 0.0
-1.39375 0.0
-1.39351 -0.2
-1.39326 -0.4
-1.39302 -0.5
-1.39278 -0.7
-1.39253 -0.8
-1.39229 -0.9
-1.39204 -1.1
-1.3918 -1.2
-1.39155 -1.3
-1.39131 -1.4
-1.39107 -1.5
-1.39082 -1.7
-1.39058 -1.8
-1.39033 -1.9
-1.39009 -2.0
-1.38985 -2.0
-1.3896 -2.1
-1.38936 -2.2
-1.38911 -2.3
-1.38887 -2.3
-1.38863 -2.4
-1.38838 -2.4
-1.38814 -2.5
-1.38789 -2.5
-1.38765 -2.5
-1.3874 -2.6
-1.38716 -2.6
-1.38692 -2.6
-1.38667 -2.6
-1.38643 -2.6
-1.38618 -2.5
-1.38594 -2.5
-1.3857 -2.5
-1.38545 -2.4
-1.38521 -2.4
-1.38496 -2.3
-1.38472 -2.3
-1.38447 -2.2
-1.38423 -2.1
-1.38399 -2.0
-1.38374 -1.9
-1.3835 -1.8
-1.38325 -1.7
-1.38301 -1.6
-1.38277 -1.5
-1.38252 -1.4
-1.38228 -1.3
-1.38203 -1.1
-1.38179 -1.0
-1.38155 -0.9
-1.3813 -0.7
-1.38106 -0.6
-1.38081 -0.5
-1.38057 -0.3
-1.38032 -0.2
-1.38008 0.0
-1.37984 0.1
-1.37959 0.2
-1.37935 0.4
-1.3791 0.5
-1.37886 0.7
-1.37862 0.8
-1.37837 0.9
-1.37813 1.1
-1.37788 1.2
-1.37764 1.3
-1.37739 1.4
-1.37715 1.6
-1.37691 1.7
-1.37666 1.8
-1.37642 1.9
-1.37617 2.0
-1.37593 2.1
-1.37569 2.1
-1.37544 2.2
-1.3752 2.3
-1.37495 2.4
-1.37471 2.4
-1.37446 2.5
-1.37422 2.5
-1.37398 2.5
-1.37373 2.6
-1.37349 2.6
-1.37324 2.6
-1.373 2.6
-1.37276 2.6
-1.37251 2.6
-1.37227 2.5
-1.37202 2.5
-1.37178 2.5
-1.37154 2.4
-1.37129 2.4
-1.37105 2.3
-1.3708 2.2
-1.37056 2.2
-1.37031 2.1
-1.37007 2.0
-1.36983 1.9
-1.36958 1.8
-1.36934 1.7
-1.36909 1.6
-1.36885 1.5
-1.36861 1.4
-1.36836 1.2
-1.36812 1.1
-1.36787 1.0
-1.36763 0.8
-1.36738 0.7
-1.36714 0.6
-1.3669 0.4
-1.36665 0.3
-1.36641 0.1
-1.36616 0.0
-1.36592 -0.2
-1.36568 -0.3
-1.36543 -0.4
-1.36519 -0.6
-1.36494 -0.7
-1.3647 -0.9
-1.36446 -1.0
-1.36421 -1.1
-1.36397 -1.2
-1.36372 -1.4
-1.36348 -1.5
-1.36323 -1.6
-1.36299 -1.7
-1.36275 -1.8
-1.3625 -1.9
-1.36226 -2.0
-1.36201 -2.1
-1.36177 -2.2
-1.36153 -2.3
-1.36128 -2.3
-1.36104 -2.4
-1.36079 -2.4
-1.36055 -2.5
-1.3603 -2.5
-1.36006 -2.5
-1.35982 -2.6
-1.35957 -2.6
-1.35933 -2.6
-1.35908 -2.6
-1.35884 -2.6
-1.3586 -2.6
-1.35835 -2.5
-1.35811 -2.5
-1.35786 -2.5
-1.35762 -2.4
-1.35738 -2.3
-1.35713 -2.3
-1.35689 -2.2
-1.35664 -2.1
-1.3564 -2.0
-1.35615 -2.0
-1.35591 -1.9
-1.35567 -1.8
-1.35542 -1.6
-1.35518 -1.5
-1.35493 -1.4
-1.35469 -1.3
-1.35445 -1.2
-1.3542 -1.0
-1.35396 -0.9
-1.35371 -0.8
-1.35347 -0.6
-1.35322 -0.5
-1.35298 -0.3
-1.35274 -0.2
-1.35249 0.0
-1.35225 0.0
-1.352 0.2
-1.35176 0.4
-1.35152 0.5
-1.35127 0.7
-1.35103 0.8
-1.35078 0.9
-1.35054 1.1
-1.3503 1.2
-1.35005 1.3
-1.34981 1.4
-1.34956 1.6
-1.34932 1.7
-1.34907 1.8
-1.34883 1.9
-1.34859 2.0
-1.34834 2.1
-1.3481 2.2
-1.34785 2.2
-1.34761 2.3
-1.34737 2.4
-1.34712 2.4
-1.34688 2.5
-1.34663 2.5
-1.34639 2.5
-1.34614 2.6
-1.3459 2.6
-1.34566 2.6
-1.34541 2.6
-1.34517 2.6
-1.34492 2.6
-1.34468 2.5
-1.34444 2.5
-1.34419 2.5
-1.34395 2.4
-1.3437 2.4
-1.34346 2.3
-1.34321 2.2
-1.34297 2.2
-1.34273 2.1
-1.34248 2.0
-1.34224 1.9
-1.34199 1.8
-1.34175 1.7
-1.34151 1.6
-1.34126 1.5
-1.34102 1.3
-1.34077 1.2
-1.34053 1.1
-1.34029 0.9
-1.34004 0.8
-1.3398 0.7
-1.33955 0.5
-1.33931 0.4
-1.33906 0.2
-1.33882 0.0
-1.33858 0.0
-1.33833 -0.2
-1.33809 -0.3
-1.33784 -0.5
-1.3376 -0.6
-1.33736 -0.8
-1.33711 -0.9
-1.33687 -1.0
-1.33662 -1.2
-1.33638 -1.3
-1.33613 -1.4
-1.33589 -1.5
-1.33565 -1.7
-1.3354 -1.8
-1.33516 -1.9
-1.33491 -2.0
-1.33467 -2.1
-1.33443 -2.1
-1.33418 -2.2
-1.33394 -2.3
-1.33369 -2.4
-1.33345 -2.4
-1.33321 -2.5
-1.33296 -2.5
-1.33272 -2.5
-1.33247 -2.6
-1.33223 -2.6
-1.33198 -2.6
-1.33174 -2.6
-1.3315 -2.6
-1.33125 -2.6
-1.33101 -2.6
-1.33076 -2.5
-1.33052 -2.5
-1.33028 -2.4
-1.33003 -2.4
-1.32979 -2.3
-1.32954 -2.3
-1.3293 -2.2
-1.32905 -2.1
-1.32881 -2.0
-1.32857 -1.9
-1.32832 -1.8
-1.32808 -1.7
-1.32783 -1.6
-1.32759 -1.5
-1.32735 -1.3
-1.3271 -1.2
-1.32686 -1.1
-1.32661 -1.0
-1.32637 -0.8
-1.32613 -0.7
-1.32588 -0.5
-1.32564 -0.4
-1.32539 -0.3
-1.32515 -0.1
-1.3249 0.0
-1.32466 0.2
-1.32442 0.3
-1.32417 0.5
-1.32393 0.6
-1.32368 0.8
-1.32344 0.9
-1.3232 1.0
-1.32295 1.2
-1.32271 1.3
-1.32246 1.4
-1.32222 1.5
-1.32197 1.7
-1.32173 1.8
-1.32149 1.9
-1.32124 2.0
-1.321 2.1
-1.32075 2.1
-1.32051 2.2
-1.32027 2.3
-1.32002 2.4
-1.31978 2.4
-1.31953 2.5
-1.31929 2.5
-1.31905 2.5
-1.3188 2.6
-1.31856 2.6
-1.31831 2.6
-1.31807 2.6
-1.31782 2.6
-1.31758 2.6
-1.31734 2.6
-1.31709 2.5
-1.31685 2.5
-1.3166 2.4
-1.31636 2.4
-1.31612 2.3
-1.31587 2.3
-1.31563 2.2
-1.31538 2.1
-1.31514 2.0
-1.31489 1.9
-1.31465 1.8
-1.31441 1.7
-1.31416 1.6
-1.31392 1.5
-1.31367 1.3
-1.31343 1.2
-1.31319 1.1
-1.31294 0.9
-1.3127 0.8
-1.31245 0.7
-1.31221 0.5
-1.31196 0.4
-1.31172 0.2
-1.31148 0.0
-1.31123 0.0
-1.31099 -0.2
-1.31074 -0.4
-1.3105 -0.5
-1.31026 -0.6
-1.31001 -0.8
-1.30977 -0.9
-1.30952 -1.1
-1.30928 -1.2
-1.30904 -1.3
-1.30879 -1.4
-1.30855 -1.6
-1.3083 -1.7
-1.30806 -1.8
-1.30781 -1.9
-1.30757 -2.0
-1.30733 -2.1
-1.30708 -2.2
-1.30684 -2.2
-1.30659 -2.3
-1.30635 -2.4
-1.30611 -2.4
-1.30586 -2.5
-1.30562 -2.5
-1.30537 -2.6
-1.30513 -2.6
-1.30488 -2.6
-1.30464 -2.6
-1.3044 -2.6
-1.30415 -2.6
-1.30391 -2.6
-1.30366 -2.6
-1.30342 -2.5
-1.30318 -2.5
-1.30293 -2.4
-1.30269 -2.4
-1.30244 -2.3
-1.3022 -2.2
-1.30196 -2.2
-1.30171 -2.1
-1.30147 -2.0
-1.30122 -1.9
-1.30098 -1.8
-1.30073 -1.7
-1.30049 -1.5
-1.30025 -1.4
-1.3 -1.3
-1.29976 -1.2
-1.29951 -1.0
-1.29927 -0.9
-1.29903 -0.8
-1.29878 -0.6
-1.29854 -0.5
-1.29829 -0.3
-1.29805 -0.2
-1.2978 0.0
-1.29756 0.1
-1.29732 0.3
-1.29707 0.4
-1.29683 0.6
-1.29658 0.7
-1.29634 0.8
-1.2961 1.0
-1.29585 1.1
-1.29561 1.2
-1.29536 1.4
-1.29512 1.5
-1.29488 1.6
-1.29463 1.7
-1.29439 1.8
-1.29414 1.9
-1.2939 2.0
-1.29365 2.1
-1.29341 2.2
-1.29317 2.3
-1.29292 2.4
-1.29268 2.4
-1.29243 2.5
-1.29219 2.5
-1.29195 2.6
-1.2917 2.6
-1.29146 2.6
-1.29121 2.6
-1.29097 2.6
-1.29072 2.6
-1.29048 2.6
-1.29024 2.6
-1.28999 2.5
-1.28975 2.5
-1.2895 2.5
-1.28926 2.4
-1.28902 2.4
-1.28877 2.3
-1.28853 2.2
-1.28828 2.1
-1.28804 2.0
-1.2878 1.9
-1.28755 1.8
-1.28731 1.7
-1.28706 1.6
-1.28682 1.5
-1.28657 1.4
-1.28633 1.2
-1.28609 1.1
-1.28584 1.0
-1.2856 0.8
-1.28535 0.7
-1.28511 0.5
-1.28487 0.4
-1.28462 0.2
-1.28438 0.0
-1.28413 0.0
-1.28389 -0.2
-1.28364 -0.3
-1.2834 -0.5
-1.28316 -0.6
-1.28291 -0.8
-1.28267 -0.9
-1.28242 -1.1
-1.28218 -1.2
-1.28194 -1.3
-1.28169 -1.5
-1.28145 -1.6
-1.2812 -1.7
-1.28096 -1.8
-1.28071 -1.9
-1.28047 -2.0
-1.28023 -2.1
-1.27998 -2.2
-1.27974 -2.3
-1.27949 -2.3
-1.27925 -2.4
-1.27901 -2.5
-1.27876 -2.5
-1.27852 -2.5
-1.27827 -2.6
-1.27803 -2.6
-1.27779 -2.6
-1.27754 -2.6
-1.2773 -2.6
-1.27705 -2.6
-1.27681 -2.6
-1.27656 -2.6
-1.27632 -2.5
-1.27608 -2.5
-1.27583 -2.4
-1.27559 -2.4
-1.27534 -2.3
-1.2751 -2.2
-1.27486 -2.2
-1.27461 -2.1
-1.27437 -2.0
-1.27412 -1.9
-1.27388 -1.8
-1.27363 -1.6
-1.27339 -1.5
-1.27315 -1.4
-1.2729 -1.3
-1.27266 -1.1
-1.27241 -1.0
-1.27217 -0.9
-1.27193 -0.7
-1.27168 -0.6
-1.27144 -0.4
-1.27119 -0.3
-1.27095 -0.1
-1.27071 0.0
-1.27046 0.2
-1.27022 0.3
-1.26997 0.5
-1.26973 0.6
-1.26948 0.8
-1.26924 0.9
-1.269 1.0
-1.26875 1.2
-1.26851 1.3
-1.26826 1.4
-1.26802 1.6
-1.26778 1.7
-1.26753 1.8
-1.26729 1.9
-1.26704 2.0
-1.2668 2.1
-1.26655 2.2
-1.26631 2.3
-1.26607 2.3
-1.26582 2.4
-1.26558 2.5
-1.26533 2.5
-1.26509 2.5
-1.26485 2.6
-1.2646 2.6
-1.26436 2.6
-1.26411 2.6
-1.26387 2.6
-1.26363 2.6
-1.26338 2.6
-1.26314 2.6
-1.26289 2.5
-1.26265 2.5
-1.2624 2.4
-1.26216 2.4
-1.26192 2.3
-1.26167 2.2
-1.26143 2.2
-1.26118 2.1
-1.26094 2.0
-1.2607 1.9
-1.26045 1.8
-1.26021 1.7
-1.25996 1.5
-1.25972 1.4
-1.25947 1.3
-1.25923 1.1
-1.25899 1.0
-1.25874 0.9
-1.2585 0.7
-1.25825 0.6
-1.25801 0.4
-1.25777 0.3
-1.25752 0.1
-1.25728 0.0
-1.25703 -0.2
-1.25679 -0.3
-1.25655 -0.5
-1.2563 -0.6
-1.25606 -0.8
-1.25581 -0.9
-1.25557 -1.0
-1.25532 -1.2
-1.25508 -1.3
-1.25484 -1.4
-1.25459 -1.6
-1.25435 -1.7
-1.2541 -1.8
-1.25386 -1.9
-1.25362 -2.0
-1.25337 -2.1
-1.25313 -2.2
-1.25288 -2.3
-1.25264 -2.3
-1.25239 -2.4
-1.25215 -2.5
-1.25191 -2.5
-1.25166 -2.6
-1.25142 -2.6
-1.25117 -2.6
-1.25093 -2.6
-1.25069 -2.6
-1.25044 -2.6
-1.2502 -2.6
-1.24995 -2.6
-1.24971 -2.6
-1.24946 -2.5
-1.24922 -2.5
-1.24898 -2.4
-1.24873 -2.4
-1.24849 -2.3
-1.24824 -2.2
-1.248 -2.2
-1.24776 -2.1
-1.24751 -2.0
-1.24727 -1.9
-1.24702 -1.8
-1.24678 -1.6
-1.24654 -1.5
-1.24629 -1.4
-1.24605 -1.3
-1.2458 -1.1
-1.24556 -1.0
-1.24531 -0.8
-1.24507 -0.7
-1.24483 -0.6
-1.24458 -0.4
-1.24434 -0.3
-1.24409 -0.1
-1.24385 0.0
-1.24361 0.2
-1.24336 0.4
-1.24312 0.5
-1.24287 0.6
-1.24263 0.8
-1.24238 0.9
-1.24214 1.1
-1.2419 1.2
-1.24165 1.3
-1.24141 1.5
-1.24116 1.6
-1.24092 1.7
-1.24068 1.8
-1.24043 1.9
-1.24019 2.0
-1.23994 2.1
-1.2397 2.2
-1.23946 2.3
-1.23921 2.4
-1.23897 2.4
-1.23872 2.5
-1.23848 2.5
-1.23823 2.6
-1.23799 2.6
-1.23775 2.6
-1.2375 2.6
-1.23726 2.6
-1.23701 2.6
-1.23677 2.6
-1.23653 2.6
-1.23628 2.6
-1.23604 2.5
-1.23579 2.5
-1.23555 2.4
-1.2353 2.4
-1.23506 2.3
-1.23482 2.2
-1.23457 2.1
-1.23433 2.0
-1.23408 1.9
-1.23384 1.8
-1.2336 1.7
-1.23335 1.6
-1.23311 1.5
-1.23286 1.3
-1.23262 1.2
-1.23238 1.1
-1.23213 0.9
-1.23189 0.8
-1.23164 0.6
-1.2314 0.5
-1.23115 0.3
-1.23091 0.2
-1.23067 0.0
-1.23042 -0.1
-1.23018 -0.3
-1.22993 -0.4
-1.22969 -0.6
-1.22945 -0.7
-1.2292 -0.9
-1.22896 -1.0
-1.22871 -1.1
-1.22847 -1.3
-1.22822 -1.4
-1.22798 -1.5
-1.22774 -1.7
-1.22749 -1.8
-1.22725 -1.9
-1.227 -2.0
-1.22676 -2.1
-1.22652 -2.2
-1.22627 -2.3
-1.22603 -2.3
-1.22578 -2.4
-1.22554 -2.5
-1.2253 -2.5
-1.22505 -2.6
-1.22481 -2.6
-1.22456 -2.6
-1.22432 -2.6
-1.22407 -2.6
-1.22383 -2.6
-1.22359 -2.6
-1.22334 -2.6
-1.2231 -2.6
-1.22285 -2.6
-1.22261 -2.5
-1.22237 -2.5
-1.22212 -2.4
-1.22188 -2.3
-1.22163 -2.3
-1.22139 -2.2
-1.22114 -2.1
-1.2209 -2.0
-1.22066 -1.9
-1.22041 -1.8
-1.22017 -1.7
-1.21992 -1.5
-1.21968 -1.4
-1.21944 -1.3
-1.21919 -1.1
-1.21895 -1.0
-1.2187 -0.9
-1.21846 -0.7
-1.21821 -0.6
-1.21797 -0.4
-1.21773 -0.3
-1.21748 0.0
-1.21724 0.0
-1.21699 0.2
-1.21675 0.4
-1.21651 0.5
-1.21626 0.7
-1.21602 0.8
-1.21577 1.0
-1.21553 1.1
-1.21529 1.2
-1.21504 1.4
-1.2148 1.5
-1.21455 1.6
-1.21431 1.7
-1.21406 1.9
-1.21382 2.0
-1.21358 2.1
-1.21333 2.2
-1.21309 2.2
-1.21284 2.3
-1.2126 2.4
-1.21236 2.5
-1.21211 2.5
-1.21187 2.6
-1.21162 2.6
-1.21138 2.6
-1.21113 2.6
-1.21089 2.7
-1.21065 2.7
-1.2104 2.7
-1.21016 2.6
-1.20991 2.6
-1.20967 2.6
-1.20943 2.5
-1.20918 2.5
-1.20894 2.4
-1.20869 2.4
-1.20845 2.3
-1.20821 2.2
-1.20796 2.1
-1.20772 2.0
-1.20747 1.9
-1.20723 1.8
-1.20698 1.7
-1.20674 1.6
-1.2065 1.4
-1.20625 1.3
-1.20601 1.2
-1.20576 1.0
-1.20552 0.9
-1.20528 0.7
-1.20503 0.6
-1.20479 0.4
-1.20454 0.3
-1.2043 0.1
-1.20405 0.0
-1.20381 -0.2
-1.20357 -0.3
-1.20332 -0.5
-1.20308 -0.6
-1.20283 -0.8
-1.20259 -0.9
-1.20235 -1.1
-1.2021 -1.2
-1.20186 -1.4
-1.20161 -1.5
-1.20137 -1.6
-1.20113 -1.7
-1.20088 -1.8
-1.20064 -2.0
-1.20039 -2.1
-1.20015 -2.2
-1.1999 -2.2
-1.19966 -2.3
-1.19942 -2.4
-1.19917 -2.5
-1.19893 -2.5
-1.19868 -2.6
-1.19844 -2.6
-1.1982 -2.6
-1.19795 -2.6
-1.19771 -2.7
-1.19746 -2.7
-1.19722 -2.7
-1.19697 -2.6
-1.19673 -2.6
-1.19649 -2.6
-1.19624 -2.5
-1.196 -2.5
-1.19575 -2.4
-1.19551 -2.4
-1.19527 -2.3
-1.19502 -2.2
-1.19478 -2.1
-1.19453 -2.0
-1.19429 -1.9
-1.19405 -1.8
-1.1938 -1.7
-1.19356 -1.6
-1.19331 -1.4
-1.19307 -1.3
-1.19282 -1.2
-1.19258 -1.0
-1.19234 -0.9
-1.19209 -0.7
-1.19185 -0.6
-1.1916 -0.4
-1.19136 -0.3
-1.19112 -0.1
-1.19087 0.0
-1.19063 0.2
-1.19038 0.3
-1.19014 0.5
-1.18989 0.7
-1.18965 0.8
-1.18941 0.9
-1.18916 1.1
-1.18892 1.2
-1.18867 1.4
-1.18843 1.5
-1.18819 1.6
-1.18794 1.7
-1.1877 1.9
-1.18745 2.0
-1.18721 2.1
-1.18696 2.2
-1.18672 2.3
-1.18648 2.3
-1.18623 2.4
-1.18599 2.5
-1.18574 2.5
-1.1855 2.6
-1.18526 2.6
-1.18501 2.6
-1.18477 2.7
-1.18452 2.7
-1.18428 2.7
-1.18404 2.7
-1.18379 2.6
-1.18355 2.6
-1.1833 2.6
-1.18306 2.5
-1.18281 2.5
-1.18257 2.4
-1.18233 2.4
-1.18208 2.3
-1.18184 2.2
-1.18159 2.1
-1.18135 2.0
-1.18111 1.9
-1.18086 1.8
-1.18062 1.7
-1.18037 1.5
-1.18013 1.4
-1.17988 1.3
-1.17964 1.1
-1.1794 1.0
-1.17915 0.8
-1.17891 0.7
-1.17866 0.5
-1.17842 0.4
-1.17818 0.2
-1.17793 0.0
-1.17769 0.0
-1.17744 -0.2
-1.1772 -0.4
-1.17696 -0.5
-1.17671 -0.7
-1.17647 -0.8
-1.17622 -1.0
-1.17598 -1.1
-1.17573 -1.3
-1.17549 -1.4
-1.17525 -1.5
-1.175 -1.7
-1.17476 -1.8
-1.17451 -1.9
-1.17427 -2.0
-1.17403 -2.1
-1.17378 -2.2
-1.17354 -2.3
-1.17329 -2.4
-1.17305 -2.4
-1.1728 -2.5
-1.17256 -2.5
-1.17232 -2.6
-1.17207 -2.6
-1.17183 -2.7
-1.17158 -2.7
-1.17134 -2.7
-1.1711 -2.7
-1.17085 -2.7
-1.17061 -2.6
-1.17036 -2.6
-1.17012 -2.6
-1.16988 -2.5
-1.16963 -2.5
-1.16939 -2.4
-1.16914 -2.3
-1.1689 -2.3
-1.16865 -2.2
-1.16841 -2.1
-1.16817 -2.0
-1.16792 -1.9
-1.16768 -1.7
-1.16743 -1.6
-1.16719 -1.5
-1.16695 -1.4
-1.1667 -1.2
-1.16646 -1.1
-1.16621 -0.9
-1.16597 -0.8
-1.16572 -0.6
-1.16548 -0.5
-1.16524 -0.3
-1.16499 -0.2
-1.16475 0.0
-1.1645 0.2
-1.16426 0.3
-1.16402 0.5
-1.16377 0.6
-1.16353 0.8
-1.16328 0.9
-1.16304 1.1
-1.1628 1.2
-1.16255 1.4
-1.16231 1.5
-1.16206 1.6
-1.16182 1.7
-1.16157 1.9
-1.16133 2.0
-1.16109 2.1
-1.16084 2.2
-1.1606 2.3
-1.16035 2.3
-1.16011 2.4
-1.15987 2.5
-1.15962 2.5
-1.15938 2.6
-1.15913 2.6
-1.15889 2.6
-1.15864 2.7
-1.1584 2.7
-1.15816 2.7
-1.15791 2.7
-1.15767 2.7
-1.15742 2.6
-1.15718 2.6
-1.15694 2.6
-1.15669 2.5
-1.15645 2.4
-1.1562 2.4
-1.15596 2.3
-1.15571 2.2
-1.15547 2.1
-1.15523 2.0
-1.15498 1.9
-1.15474 1.8
-1.15449 1.7
-1.15425 1.5
-1.15401 1.4
-1.15376 1.3
-1.15352 1.1
-1.15327 1.0
-1.15303 0.8
-1.15279 0.7
-1.15254 0.5
-1.1523 0.4
-1.15205 0.2
-1.15181 0.0
-1.15156 -0.1
-1.15132 -0.3
-1.15108 -0.4
-1.15083 -0.6
-1.15059 -0.7
-1.15034 -0.9
-1.1501 -1.0
-1.14986 -1.2
-1.14961 -1.3
-1.14937 -1.5
-1.14912 -1.6
-1.14888 -1.7
-1.14863 -1.8
-1.14839 -1.9
-1.14815 -2.0
-1.1479 -2.1
-1.14766 -2.2
-1.14741 -2.3
-1.14717 -2.4
-1.14693 -2.5
-1.14668 -2.5
-1.14644 -2.6
-1.14619 -2.6
-1.14595 -2.7
-1.14571 -2.7
-1.14546 -2.7
-1.14522 -2.7
-1.14497 -2.7
-1.14473 -2.7
-1.14448 -2.6
-1.14424 -2.6
-1.144 -2.6
-1.14375 -2.5
-1.14351 -2.5
-1.14326 -2.4
-1.14302 -2.3
-1.14278 -2.2
-1.14253 -2.1
-1.14229 -2.0
-1.14204 -1.9
-1.1418 -1.8
-1.14155 -1.7
-1.14131 -1.6
-1.14107 -1.4
-1.14082 -1.3
-1.14058 -1.1
-1.14033 -1.0
-1.14009 -0.9
-1.13985 -0.7
-1.1396 -0.5
-1.13936 -0.4
-1.13911 -0.2
-1.13887 0.0
-1.13863 0.0
-1.13838 0.3
-1.13814 0.4
-1.13789 0.6
-1.13765 0.7
-1.1374 0.9
-1.13716 1.0
-1.13692 1.2
-1.13667 1.3
-1.13643 1.4
-1.13618 1.6
-1.13594 1.7
-1.1357 1.8
-1.13545 1.9
-1.13521 2.1
-1.13496 2.2
-1.13472 2.2
-1.13447 2.3
-1.13423 2.4
-1.13399 2.5
-1.13374 2.5
-1.1335 2.6
-1.13325 2.6
-1.13301 2.7
-1.13277 2.7
-1.13252 2.7
-1.13228 2.7
-1.13203 2.7
-1.13179 2.7
-1.13155 2.7
-1.1313 2.6
-1.13106 2.6
-1.13081 2.5
-1.13057 2.5
-1.13032 2.4
-1.13008 2.3
-1.12984 2.2
-1.12959 2.1
-1.12935 2.0
-1.1291 1.9
-1.12886 1.8
-1.12862 1.7
-1.12837 1.6
-1.12813 1.4
-1.12788 1.3
-1.12764 1.1
-1.12739 1.0
-1.12715 0.8
-1.12691 0.7
-1.12666 0.5
-1.12642 0.4
-1.12617 0.2
-1.12593 0.0
-1.12569 -0.1
-1.12544 -0.3
-1.1252 -0.4
-1.12495 -0.6
-1.12471 -0.7
-1.12446 -0.9
-1.12422 -1.0
-1.12398 -1.2
-1.12373 -1.3
-1.12349 -1.5
-1.12324 -1.6
-1.123 -1.7
-1.12276 -1.9
-1.12251 -2.0
-1.12227 -2.1
-1.12202 -2.2
-1.12178 -2.3
-1.12154 -2.4
-1.12129 -2.4
-1.12105 -2.5
-1.1208 -2.6
-1.12056 -2.6
-1.12031 -2.6
-1.12007 -2.7
-1.11983 -2.7
-1.11958 -2.7
-1.11934 -2.7
-1.11909 -2.7
-1.11885 -2.7
-1.11861 -2.7
-1.11836 -2.6
-1.11812 -2.6
-1.11787 -2.5
-1.11763 -2.5
-1.11738 -2.4
-1.11714 -2.3
-1.1169 -2.2
-1.11665 -2.1
-1.11641 -2.0
-1.11616 -1.9
-1.11592 -1.8
-1.11568 -1.6
-1.11543 -1.5
-1.11519 -1.4
-1.11494 -1.2
-1.1147 -1.1
-1.11446 -0.9
-1.11421 -0.8
-1.11397 -0.6
-1.11372 -0.5
-1.11348 -0.3
-1.11323 -0.2
-1.11299 0.0
-1.11275 0.2
-1.1125 0.3
-1.11226 0.5
-1.11201 0.6
-1.11177 0.8
-1.11153 1.0
-1.11128 1.1
-1.11104 1.3
-1.11079 1.4
-1.11055 1.5
-1.1103 1.7
-1.11006 1.8
-1.10982 1.9
-1.10957 2.0
-1.10933 2.1
-1.10908 2.2
-1.10884 2.3
-1.1086 2.4
-1.10835 2.5
-1.10811 2.5
-1.10786 2.6
-1.10762 2.6
-1.10738 2.7
-1.10713 2.7
-1.10689 2.7
-1.10664 2.7
-1.1064 2.7
-1.10615 2.7
-1.10591 2.7
-1.10567 2.6
-1.10542 2.6
-1.10518 2.6
-1.10493 2.5
-1.10469 2.4
-1.10445 2.3
-1.1042 2.3
-1.10396 2.2
-1.10371 2.1
-1.10347 2.0
-1.10322 1.8
-1.10298 1.7
-1.10274 1.6
-1.10249 1.5
-1.10225 1.3
-1.102 1.2
-1.10176 1.0
-1.10152 0.9
-1.10127 0.7
-1.10103 0.6
-1.10078 0.4
-1.10054 0.2
-1.1003 0.0
-1.10005 0.0
-1.09981 -0.3
-1.09956 -0.4
-1.09932 -0.6
-1.09907 -0.7
-1.09883 -0.9
-1.09859 -1.0
-1.09834 -1.2
-1.0981 -1.3
-1.09785 -1.5
-1.09761 -1.6
-1.09737 -1.7
-1.09712 -1.9
-1.09688 -2.0
-1.09663 -2.1
-1.09639 -2.2
-1.09614 -2.3
-1.0959 -2.4
-1.09566 -2.4
-1.09541 -2.5
-1.09517 -2.6
-1.09492 -2.6
-1.09468 -2.7
-1.09444 -2.7
-1.09419 -2.7
-1.09395 -2.7
-1.0937 -2.7
-1.09346 -2.7
-1.09321 -2.7
-1.09297 -2.7
-1.09273 -2.6
-1.09248 -2.6
-1.09224 -2.5
-1.09199 -2.5
-1.09175 -2.4
-1.09151 -2.3
-1.09126 -2.2
-1.09102 -2.1
-1.09077 -2.0
-1.09053 -1.9
-1.09029 -1.8
-1.09004 -1.6
-1.0898 -1.5
-1.08955 -1.4
-1.08931 -1.2
-1.08906 -1.1
-1.08882 -0.9
-1.08858 -0.7
-1.08833 -0.6
-1.08809 -0.4
-1.08784 -0.3
-1.0876 -0.1
-1.08736 0.0
-1.08711 0.2
-1.08687 0.4
-1.08662 0.6
-1.08638 0.7
-1.08613 0.9
-1.08589 1.0
-1.08565 1.2
-1.0854 1.3
-1.08516 1.5
-1.08491 1.6
-1.08467 1.7
-1.08443 1.9
-1.08418 2.0
-1.08394 2.1
-1.08369 2.2
-1.08345 2.3
-1.08321 2.4
-1.08296 2.4
-1.08272 2.5
-1.08247 2.6
-1.08223 2.6
-1.08198 2.7
-1.08174 2.7
-1.0815 2.7
-1.08125 2.7
-1.08101 2.7
-1.08076 2.7
-1.08052 2.7
-1.08028 2.7
-1.08003 2.6
-1.07979 2.6
-1.07954 2.5
-1.0793 2.5
-1.07905 2.4
-1.07881 2.3
-1.07857 2.2
-1.07832 2.1
-1.07808 2.0
-1.07783 1.9
-1.07759 1.8
-1.07735 1.6
-1.0771 1.5
-1.07686 1.4
-1.07661 1.2
-1.07637 1.1
-1.07613 0.9
-1.07588 0.8
-1.07564 0.6
-1.07539 0.4
-1.07515 0.3
-1.0749 0.1
-1.07466 0.0
-1.07442 -0.2
-1.07417 -0.4
-1.07393 -0.6
-1.07368 -0.7
-1.07344 -0.9
-1.0732 -1.0
-1.07295 -1.2
-1.07271 -1.3
-1.07246 -1.5
-1.07222 -1.6
-1.07197 -1.7
-1.07173 -1.9
-1.07149 -2.0
-1.07124 -2.1
-1.071 -2.2
-1.07075 -2.3
-1.07051 -2.4
-1.07027 -2.5
-1.07002 -2.5
-1.06978 -2.6
-1.06953 -2.6
-1.06929 -2.7
-1.06905 -2.7
-1.0688 -2.7
-1.06856 -2.7
-1.06831 -2.7
-1.06807 -2.7
-1.06782 -2.7
-1.06758 -2.7
-1.06734 -2.6
-1.06709 -2.6
-1.06685 -2.5
-1.0666 -2.5
-1.06636 -2.4
-1.06612 -2.3
-1.06587 -2.2
-1.06563 -2.1
-1.06538 -2.0
-1.06514 -1.9
-1.06489 -1.8
-1.06465 -1.6
-1.06441 -1.5
-1.06416 -1.3
-1.06392 -1.2
-1.06367 -1.0
-1.06343 -0.9
-1.06319 -0.7
-1.06294 -0.6
-1.0627 -0.4
-1.06245 -0.2
-1.06221 0.0
-1.06196 0.0
-1.06172 0.3
-1.06148 0.4
-1.06123 0.6
-1.06099 0.8
-1.06074 0.9
-1.0605 1.1
-1.06026 1.2
-1.06001 1.4
-1.05977 1.5
-1.05952 1.6
-1.05928 1.8
-1.05904 1.9
-1.05879 2.0
-1.05855 2.1
-1.0583 2.2
-1.05806 2.3
-1.05781 2.4
-1.05757 2.5
-1.05733 2.5
-1.05708 2.6
-1.05684 2.7
-1.05659 2.7
-1.05635 2.7
-1.05611 2.7
-1.05586 2.7
-1.05562 2.7
-1.05537 2.7
-1.05513 2.7
-1.05488 2.7
-1.05464 2.6
-1.0544 2.6
-1.05415 2.5
-1.05391 2.4
-1.05366 2.4
-1.05342 2.3
-1.05318 2.2
-1.05293 2.1
-1.05269 2.0
-1.05244 1.8
-1.0522 1.7
-1.05196 1.6
-1.05171 1.4
-1.05147 1.3
-1.05122 1.1
-1.05098 1.0
-1.05073 0.8
-1.05049 0.7
-1.05025 0.5
-1.05 0.3
-1.04976 0.2
-1.04951 0.0
-1.04927 -0.2
-1.04903 -0.3
-1.04878 -0.5
-1.04854 -0.7
-1.04829 -0.8
-1.04805 -1.0
-1.0478 -1.1
-1.04756 -1.3
-1.04732 -1.4
-1.04707 -1.6
-1.04683 -1.7
-1.04658 -1.8
-1.04634 -2.0
-1.0461 -2.1
-1.04585 -2.2
-1.04561 -2.3
-1.04536 -2.4
-1.04512 -2.5
-1.04488 -2.5
-1.04463 -2.6
-1.04439 -2.6
-1.04414 -2.7
-1.0439 -2.7
-1.04365 -2.7
-1.04341 -2.7
-1.04317 -2.8
-1.04292 -2.7
-1.04268 -2.7
-1.04243 -2.7
-1.04219 -2.7
-1.04195 -2.6
-1.0417 -2.5
-1.04146 -2.5
-1.04121 -2.4
-1.04097 -2.3
-1.04072 -2.2
-1.04048 -2.1
-1.04024 -2.0
-1.03999 -1.9
-1.03975 -1.8
-1.0395 -1.6
-1.03926 -1.5
-1.03902 -1.3
-1.03877 -1.2
-1.03853 -1.0
-1.03828 -0.9
-1.03804 -0.7
-1.0378 -0.6
-1.03755 -0.4
-1.03731 -0.2
-1.03706 0.0
-1.03682 0.1
-1.03657 0.3
-1.03633 0.5
-1.03609 0.6
-1.03584 0.8
-1.0356 0.9
-1.03535 1.1
-1.03511 1.3
-1.03487 1.4
-1.03462 1.5
-1.03438 1.7
-1.03413 1.8
-1.03389 1.9
-1.03364 2.1
-1.0334 2.2
-1.03316 2.3
-1.03291 2.4
-1.03267 2.4
-1.03242 2.5
-1.03218 2.6
-1.03194 2.6
-1.03169 2.7
-1.03145 2.7
-1.0312 2.7
-1.03096 2.8
-1.03071 2.8
-1.03047 2.8
-1.03023 2.7
-1.02998 2.7
-1.02974 2.7
-1.02949 2.6
-1.02925 2.6
-1.02901 2.5
-1.02876 2.4
-1.02852 2.3
-1.02827 2.2
-1.02803 2.1
-1.02779 2.0
-1.02754 1.9
-1.0273 1.8
-1.02705 1.7
-1.02681 1.5
-1.02656 1.4
-1.02632 1.2
-1.02608 1.1
-1.02583 0.9
-1.02559 0.7
-1.02534 0.6
-1.0251 0.4
-1.02486 0.2
-1.02461 0.0
-1.02437 0.0
-1.02412 -0.3
-1.02388 -0.4
-1.02363 -0.6
-1.02339 -0.8
-1.02315 -0.9
-1.0229 -1.1
-1.02266 -1.2
-1.02241 -1.4
-1.02217 -1.5
-1.02193 -1.7
-1.02168 -1.8
-1.02144 -1.9
-1.02119 -2.0
-1.02095 -2.2
-1.02071 -2.3
-1.02046 -2.4
-1.02022 -2.4
-1.01997 -2.5
-1.01973 -2.6
-1.01948 -2.6
-1.01924 -2.7
-1.019 -2.7
-1.01875 -2.7
-1.01851 -2.8
-1.01826 -2.8
-1.01802 -2.8
-1.01778 -2.7
-1.01753 -2.7
-1.01729 -2.7
-1.01704 -2.6
-1.0168 -2.6
-1.01655 -2.5
-1.01631 -2.4
-1.01607 -2.3
-1.01582 -2.2
-1.01558 -2.1
-1.01533 -2.0
-1.01509 -1.9
-1.01485 -1.8
-1.0146 -1.7
-1.01436 -1.5
-1.01411 -1.4
-1.01387 -1.2
-1.01363 -1.1
-1.01338 -0.9
-1.01314 -0.7
-1.01289 -0.6
-1.01265 -0.4
-1.0124 -0.2
-1.01216 0.0
-1.01192 0.1
-1.01167 0.3
-1.01143 0.5
-1.01118 0.6
-1.01094 0.8
-1.0107 1.0
-1.01045 1.1
-1.01021 1.3
-1.00996 1.4
-1.00972 1.6
-1.00947 1.7
-1.00923 1.8
-1.00899 2.0
-1.00874 2.1
-1.0085 2.2
-1.00825 2.3
-1.00801 2.4
-1.00777 2.5
-1.00752 2.5
-1.00728 2.6
-1.00703 2.7
-1.00679 2.7
-1.00655 2.7
-1.0063 2.8
-1.00606 2.8
-1.00581 2.8
-1.00557 2.8
-1.00532 2.7
-1.00508 2.7
-1.00484 2.7
-1.00459 2.6
-1.00435 2.6
-1.0041 2.5
-1.00386 2.4
-1.00362 2.3
-1.00337 2.2
-1.00313 2.1
-1.00288 2.0
-1.00264 1.9
-1.00239 1.8
-1.00215 1.6
-1.00191 1.5
-1.00166 1.3
-1.00142 1.2
-1.00117 1.0
-1.00093 0.9
-1.00069 0.7
-1.00044 0.5
-1.0002 0.3
-0.99995 0.2
-0.99971 0.0
-0.99946 -0.2
-0.99922 -0.3
-0.99898 -0.5
-0.99873 -0.7
-0.99849 -0.8
-0.99824 -1.0
-0.998 -1.2
-0.99776 -1.3
-0.99751 -1.5
-0.99727 -1.6
-0.99702 -1.8
-0.99678 -1.9
-0.99654 -2.0
-0.99629 -2.1
-0.99605 -2.2
-0.9958 -2.3
-0.99556 -2.4
-0.99531 -2.5
-0.99507 -2.6
-0.99483 -2.6
-0.99458 -2.7
-0.99434 -2.7
-0.99409 -2.8
-0.99385 -2.8
-0.99361 -2.8
-0.99336 -2.8
-0.99312 -2.8
-0.99287 -2.7
-0.99263 -2.7
-0.99238 -2.7
-0.99214 -2.6
-0.9919 -2.5
-0.99165 -2.5
-0.99141 -2.4
-0.99116 -2.3
-0.99092 -2.2
-0.99068 -2.1
-0.99043 -2.0
-0.99019 -1.8
-0.98994 -1.7
-0.9897 -1.6
-0.98946 -1.4
-0.98921 -1.3
-0.98897 -1.1
-0.98872 -0.9
-0.98848 -0.8
-0.98823 -0.6
-0.98799 -0.4
-0.98775 -0.3
-0.9875 0.0
-0.98726 0.0
-0.98701 0.3
-0.98677 0.4
-0.98653 0.6
-0.98628 0.8
-0.98604 0.9
-0.98579 1.1
-0.98555 1.3
-0.9853 1.4
-0.98506 1.6
-0.98482 1.7
-0.98457 1.8
-0.98433 2.0
-0.98408 2.1
-0.98384 2.2
-0.9836 2.3
-0.98335 2.4
-0.98311 2.5
-0.98286 2.6
-0.98262 2.6
-0.98238 2.7
-0.98213 2.7
-0.98189 2.8
-0.98164 2.8
-0.9814 2.8
-0.98115 2.8
-0.98091 2.8
-0.98067 2.8
-0.98042 2.7
-0.98018 2.7
-0.97993 2.6
-0.97969 2.6
-0.97945 2.5
-0.9792 2.4
-0.97896 2.3
-0.97871 2.2
-0.97847 2.1
-0.97822 2.0
-0.97798 1.9
-0.97774 1.7
-0.97749 1.6
-0.97725 1.4
-0.977 1.3
-0.97676 1.1
-0.97652 1.0
-0.97627 0.8
-0.97603 0.6
-0.97578 0.5
-0.97554 0.3
-0.9753 0.1
-0.97505 0.0
-0.97481 -0.2
-0.97456 -0.4
-0.97432 -0.6
-0.97407 -0.7
-0.97383 -0.9
-0.97359 -1.1
-0.97334 -1.2
-0.9731 -1.4
-0.97285 -1.5
-0.97261 -1.7
-0.97237 -1.8
-0.97212 -2.0
-0.97188 -2.1
-0.97163 -2.2
-0.97139 -2.3
-0.97114 -2.4
-0.9709 -2.5
-0.97066 -2.6
-0.97041 -2.6
-0.97017 -2.7
-0.96992 -2.7
-0.96968 -2.8
-0.96944 -2.8
-0.96919 -2.8
-0.96895 -2.8
-0.9687 -2.8
-0.96846 -2.8
-0.96821 -2.7
-0.96797 -2.7
-0.96773 -2.6
-0.96748 -2.6
-0.96724 -2.5
-0.96699 -2.4
-0.96675 -2.3
-0.96651 -2.2
-0.96626 -2.1
-0.96602 -2.0
-0.96577 -1.9
-0.96553 -1.7
-0.96529 -1.6
-0.96504 -1.5
-0.9648 -1.3
-0.96455 -1.1
-0.96431 -1.0
-0.96406 -0.8
-0.96382 -0.6
-0.96358 -0.5
-0.96333 -0.3
-0.96309 -0.1
-0.96284 0.0
-0.9626 0.2
-0.96236 0.4
-0.96211 0.6
-0.96187 0.8
-0.96162 0.9
-0.96138 1.1
-0.96113 1.2
-0.96089 1.4
-0.96065 1.6
-0.9604 1.7
-0.96016 1.8
-0.95991 2.0
-0.95967 2.1
-0.95943 2.2
-0.95918 2.3
-0.95894 2.4
-0.95869 2.5
-0.95845 2.6
-0.95821 2.6
-0.95796 2.7
-0.95772 2.7
-0.95747 2.8
-0.95723 2.8
-0.95698 2.8
-0.95674 2.8
-0.9565 2.8
-0.95625 2.8
-0.95601 2.7
-0.95576 2.7
-0.95552 2.6
-0.95528 2.6
-0.95503 2.5
-0.95479 2.4
-0.95454 2.3
-0.9543 2.2
-0.95405 2.1
-0.95381 2.0
-0.95357 1.9
-0.95332 1.7
-0.95308 1.6
-0.95283 1.4
-0.95259 1.3
-0.95235 1.1
-0.9521 1.0
-0.95186 0.8
-0.95161 0.6
-0.95137 0.4
-0.95113 0.3
-0.95088 0.0
-0.95064 0.0
-0.95039 -0.3
-0.95015 -0.4
-0.9499 -0.6
-0.94966 -0.8
-0.94942 -1.0
-0.94917 -1.1
-0.94893 -1.3
-0.94868 -1.4
-0.94844 -1.6
-0.9482 -1.7
-0.94795 -1.9
-0.94771 -2.0
-0.94746 -2.1
-0.94722 -2.2
-0.94697 -2.3
-0.94673 -2.4
-0.94649 -2.5
-0.94624 -2.6
-0.946 -2.7
-0.94575 -2.7
-0.94551 -2.8
-0.94527 -2.8
-0.94502 -2.8
-0.94478 -2.8
-0.94453 -2.8
-0.94429 -2.8
-0.94405 -2.8
-0.9438 -2.7
-0.94356 -2.7
-0.94331 -2.6
-0.94307 -2.6
-0.94282 -2.5
-0.94258 -2.4
-0.94234 -2.3
-0.94209 -2.2
-0.94185 -2.1
-0.9416 -1.9
-0.94136 -1.8
-0.94112 -1.7
-0.94087 -1.5
-0.94063 -1.4
-0.94038 -1.2
-0.94014 -1.1
-0.93989 -0.9
-0.93965 -0.7
-0.93941 -0.5
-0.93916 -0.4
-0.93892 -0.2
-0.93867 0.0
-0.93843 0.2
-0.93819 0.4
-0.93794 0.5
-0.9377 0.7
-0.93745 0.9
-0.93721 1.0
-0.93696 1.2
-0.93672 1.4
-0.93648 1.5
-0.93623 1.7
-0.93599 1.8
-0.93574 1.9
-0.9355 2.1
-0.93526 2.2
-0.93501 2.3
-0.93477 2.4
-0.93452 2.5
-0.93428 2.6
-0.93404 2.6
-0.93379 2.7
-0.93355 2.7
-0.9333 2.8
-0.93306 2.8
-0.93281 2.8
-0.93257 2.8
-0.93233 2.8
-0.93208 2.8
-0.93184 2.8
-0.93159 2.7
-0.93135 2.7
-0.93111 2.6
-0.93086 2.5
-0.93062 2.4
-0.93037 2.3
-0.93013 2.2
-0.92988 2.1
-0.92964 2.0
-0.9294 1.9
-0.92915 1.7
-0.92891 1.6
-0.92866 1.4
-0.92842 1.3
-0.92818 1.1
-0.92793 0.9
-0.92769 0.8
-0.92744 0.6
-0.9272 0.4
-0.92696 0.2
-0.92671 0.0
-0.92647 -0.1
-0.92622 -0.3
-0.92598 -0.5
-0.92573 -0.7
-0.92549 -0.8
-0.92525 -1.0
-0.925 -1.2
-0.92476 -1.3
-0.92451 -1.5
-0.92427 -1.6
-0.92403 -1.8
-0.92378 -1.9
-0.92354 -2.0
-0.92329 -2.2
-0.92305 -2.3
-0.9228 -2.4
-0.92256 -2.5
-0.92232 -2.6
-0.92207 -2.6
-0.92183 -2.7
-0.92158 -2.7
-0.92134 -2.8
-0.9211 -2.8
-0.92085 -2.8
-0.92061 -2.8
-0.92036 -2.8
-0.92012 -2.8
-0.91988 -2.8
-0.91963 -2.7
-0.91939 -2.7
-0.91914 -2.6
-0.9189 -2.5
-0.91865 -2.5
-0.91841 -2.4
-0.91817 -2.3
-0.91792 -2.1
-0.91768 -2.0
-0.91743 -1.9
-0.91719 -1.8
-0.91695 -1.6
-0.9167 -1.5
-0.91646 -1.3
-0.91621 -1.1
-0.91597 -1.0
-0.91572 -0.8
-0.91548 -0.6
-0.91524 -0.4
-0.91499 -0.3
-0.91475 0.0
-0.9145 0.1
-0.91426 0.3
-0.91402 0.5
-0.91377 0.6
-0.91353 0.8
-0.91328 1.0
-0.91304 1.2
-0.9128 1.3
-0.91255 1.5
-0.91231 1.6
-0.91206 1.8
-0.91182 1.9
-0.91157 2.0
-0.91133 2.2
-0.91109 2.3
-0.91084 2.4
-0.9106 2.5
-0.91035 2.6
-0.91011 2.6
-0.90987 2.7
-0.90962 2.8
-0.90938 2.8
-0.90913 2.8
-0.90889 2.8
-0.90864 2.8
-0.9084 2.8
-0.90816 2.8
-0.90791 2.8
-0.90767 2.7
-0.90742 2.7
-0.90718 2.6
-0.90694 2.5
-0.90669 2.5
-0.90645 2.4
-0.9062 2.3
-0.90596 2.1
-0.90571 2.0
-0.90547 1.9
-0.90523 1.8
-0.90498 1.6
-0.90474 1.4
-0.90449 1.3
-0.90425 1.1
-0.90401 1.0
-0.90376 0.8
-0.90352 0.6
-0.90327 0.4
-0.90303 0.2
-0.90279 0.0
-0.90254 -0.1
-0.9023 -0.3
-0.90205 -0.5
-0.90181 -0.7
-0.90156 -0.8
-0.90132 -1.0
-0.90108 -1.2
-0.90083 -1.4
-0.90059 -1.5
-0.90034 -1.7
-0.9001 -1.8
-0.89986 -2.0
-0.89961 -2.1
-0.89937 -2.2
-0.89912 -2.3
-0.89888 -2.4
-0.89863 -2.5
-0.89839 -2.6
-0.89815 -2.7
-0.8979 -2.7
-0.89766 -2.8
-0.89741 -2.8
-0.89717 -2.8
-0.89693 -2.8
-0.89668 -2.8
-0.89644 -2.8
-0.89619 -2.8
-0.89595 -2.8
-0.89571 -2.7
-0.89546 -2.7
-0.89522 -2.6
-0.89497 -2.5
-0.89473 -2.4
-0.89448 -2.3
-0.89424 -2.2
-0.894 -2.1
-0.89375 -2.0
-0.89351 -1.9
-0.89326 -1.7
-0.89302 -1.6
-0.89278 -1.4
-0.89253 -1.2
-0.89229 -1.1
-0.89204 -0.9
-0.8918 -0.7
-0.89155 -0.5
-0.89131 -0.4
-0.89107 -0.2
-0.89082 0.0
-0.89058 0.2
-0.89033 0.4
-0.89009 0.6
-0.88985 0.7
-0.8896 0.9
-0.88936 1.1
-0.88911 1.3
-0.88887 1.4
-0.88863 1.6
-0.88838 1.7
-0.88814 1.9
-0.88789 2.0
-0.88765 2.1
-0.8874 2.3
-0.88716 2.4
-0.88692 2.5
-0.88667 2.6
-0.88643 2.6
-0.88618 2.7
-0.88594 2.8
-0.8857 2.8
-0.88545 2.8
-0.88521 2.8
-0.88496 2.9
-0.88472 2.9
-0.88447 2.8
-0.88423 2.8
-0.88399 2.8
-0.88374 2.7
-0.8835 2.7
-0.88325 2.6
-0.88301 2.5
-0.88277 2.4
-0.88252 2.3
-0.88228 2.2
-0.88203 2.1
-0.88179 1.9
-0.88155 1.8
-0.8813 1.6
-0.88106 1.5
-0.88081 1.3
-0.88057 1.1
-0.88032 1.0
-0.88008 0.8
-0.87984 0.6
-0.87959 0.4
-0.87935 0.2
-0.8791 0.0
-0.87886 -0.1
-0.87862 -0.3
-0.87837 -0.5
-0.87813 -0.7
-0.87788 -0.9
-0.87764 -1.0
-0.87739 -1.2
-0.87715 -1.4
-0.87691 -1.5
-0.87666 -1.7
-0.87642 -1.8
-0.87617 -2.0
-0.87593 -2.1
-0.87569 -2.2
-0.87544 -2.3
-0.8752 -2.4
-0.87495 -2.5
-0.87471 -2.6
-0.87446 -2.7
-0.87422 -2.7
-0.87398 -2.8
-0.87373 -2.8
-0.87349 -2.9
-0.87324 -2.9
-0.873 -2.9
-0.87276 -2.9
-0.87251 -2.8
-0.87227 -2.8
-0.87202 -2.7
-0.87178 -2.7
-0.87154 -2.6
-0.87129 -2.5
-0.87105 -2.4
-0.8708 -2.3
-0.87056 -2.2
-0.87031 -2.1
-0.87007 -2.0
-0.86983 -1.8
-0.86958 -1.7
-0.86934 -1.5
-0.86909 -1.4
-0.86885 -1.2
-0.86861 -1.0
-0.86836 -0.8
-0.86812 -0.7
-0.86787 -0.5
-0.86763 -0.3
-0.86738 0.0
-0.86714 0.0
-0.8669 0.3
-0.86665 0.5
-0.86641 0.7
-0.86616 0.8
-0.86592 1.0
-0.86568 1.2
-0.86543 1.4
-0.86519 1.5
-0.86494 1.7
-0.8647 1.8
-0.86446 2.0
-0.86421 2.1
-0.86397 2.2
-0.86372 2.3
-0.86348 2.4
-0.86323 2.5
-0.86299 2.6
-0.86275 2.7
-0.8625 2.8
-0.86226 2.8
-0.86201 2.8
-0.86177 2.9
-0.86153 2.9
-0.86128 2.9
-0.86104 2.9
-0.86079 2.8
-0.86055 2.8
-0.8603 2.8
-0.86006 2.7
-0.85982 2.6
-0.85957 2.5
-0.85933 2.4
-0.85908 2.3
-0.85884 2.2
-0.8586 2.1
-0.85835 2.0
-0.85811 1.8
-0.85786 1.7
-0.85762 1.5
-0.85738 1.4
-0.85713 1.2
-0.85689 1.0
-0.85664 0.8
-0.8564 0.6
-0.85615 0.5
-0.85591 0.3
-0.85567 0.0
-0.85542 -0.1
-0.85518 -0.3
-0.85493 -0.5
-0.85469 -0.7
-0.85445 -0.9
-0.8542 -1.0
-0.85396 -1.2
-0.85371 -1.4
-0.85347 -1.5
-0.85322 -1.7
-0.85298 -1.8
-0.85274 -2.0
-0.85249 -2.1
-0.85225 -2.2
-0.852 -2.4
-0.85176 -2.5
-0.85152 -2.6
-0.85127 -2.6
-0.85103 -2.7
-0.85078 -2.8
-0.85054 -2.8
-0.8503 -2.9
-0.85005 -2.9
-0.84981 -2.9
-0.84956 -2.9
-0.84932 -2.9
-0.84907 -2.8
-0.84883 -2.8
-0.84859 -2.7
-0.84834 -2.7
-0.8481 -2.6
-0.84785 -2.5
-0.84761 -2.4
-0.84737 -2.3
-0.84712 -2.2
-0.84688 -2.1
-0.84663 -1.9
-0.84639 -1.8
-0.84614 -1.6
-0.8459 -1.5
-0.84566 -1.3
-0.84541 -1.1
-0.84517 -1.0
-0.84492 -0.8
-0.84468 -0.6
-0.84444 -0.4
-0.84419 -0.2
-0.84395 0.0
-0.8437 0.2
-0.84346 0.4
-0.84321 0.5
-0.84297 0.7
-0.84273 0.9
-0.84248 1.1
-0.84224 1.3
-0.84199 1.4
-0.84175 1.6
-0.84151 1.8
-0.84126 1.9
-0.84102 2.0
-0.84077 2.2
-0.84053 2.3
-0.84029 2.4
-0.84004 2.5
-0.8398 2.6
-0.83955 2.7
-0.83931 2.7
-0.83906 2.8
-0.83882 2.8
-0.83858 2.9
-0.83833 2.9
-0.83809 2.9
-0.83784 2.9
-0.8376 2.9
-0.83736 2.8
-0.83711 2.8
-0.83687 2.7
-0.83662 2.7
-0.83638 2.6
-0.83613 2.5
-0.83589 2.4
-0.83565 2.3
-0.8354 2.1
-0.83516 2.0
-0.83491 1.9
-0.83467 1.7
-0.83443 1.6
-0.83418 1.4
-0.83394 1.2
-0.83369 1.1
-0.83345 0.9
-0.83321 0.7
-0.83296 0.5
-0.83272 0.3
-0.83247 0.1
-0.83223 0.0
-0.83198 -0.3
-0.83174 -0.5
-0.8315 -0.6
-0.83125 -0.8
-0.83101 -1.0
-0.83076 -1.2
-0.83052 -1.4
-0.83028 -1.5
-0.83003 -1.7
-0.82979 -1.8
-0.82954 -2.0
-0.8293 -2.1
-0.82905 -2.3
-0.82881 -2.4
-0.82857 -2.5
-0.82832 -2.6
-0.82808 -2.7
-0.82783 -2.7
-0.82759 -2.8
-0.82735 -2.8
-0.8271 -2.9
-0.82686 -2.9
-0.82661 -2.9
-0.82637 -2.9
-0.82613 -2.9
-0.82588 -2.9
-0.82564 -2.8
-0.82539 -2.8
-0.82515 -2.7
-0.8249 -2.6
-0.82466 -2.5
-0.82442 -2.4
-0.82417 -2.3
-0.82393 -2.2
-0.82368 -2.1
-0.82344 -1.9
-0.8232 -1.8
-0.82295 -1.6
-0.82271 -1.5
-0.82246 -1.3
-0.82222 -1.1
-0.82197 -0.9
-0.82173 -0.7
-0.82149 -0.5
-0.82124 -0.4
-0.821 -0.2
-0.82075 0.0
-0.82051 0.2
-0.82027 0.4
-0.82002 0.6
-0.81978 0.8
-0.81953 1.0
-0.81929 1.2
-0.81905 1.3
-0.8188 1.5
-0.81856 1.7
-0.81831 1.8
-0.81807 2.0
-0.81782 2.1
-0.81758 2.2
-0.81734 2.4
-0.81709 2.5
-0.81685 2.6
-0.8166 2.7
-0.81636 2.7
-0.81612 2.8
-0.81587 2.8
-0.81563 2.9
-0.81538 2.9
-0.81514 2.9
-0.81489 2.9
-0.81465 2.9
-0.81441 2.9
-0.81416 2.8
-0.81392 2.8
-0.81367 2.7
-0.81343 2.6
-0.81319 2.5
-0.81294 2.4
-0.8127 2.3
-0.81245 2.2
-0.81221 2.1
-0.81196 1.9
-0.81172 1.8
-0.81148 1.6
-0.81123 1.5
-0.81099 1.3
-0.81074 1.1
-0.8105 0.9
-0.81026 0.7
-0.81001 0.6
-0.80977 0.4
-0.80952 0.2
-0.80928 0.0
-0.80904 -0.2
-0.80879 -0.4
-0.80855 -0.6
-0.8083 -0.8
-0.80806 -1.0
-0.80781 -1.2
-0.80757 -1.3
-0.80733 -1.5
-0.80708 -1.7
-0.80684 -1.8
-0.80659 -2.0
-0.80635 -2.1
-0.80611 -2.3
-0.80586 -2.4
-0.80562 -2.5
-0.80537 -2.6
-0.80513 -2.7
-0.80488 -2.7
-0.80464 -2.8
-0.8044 -2.9
-0.80415 -2.9
-0.80391 -2.9
-0.80366 -2.9
-0.80342 -2.9
-0.80318 -2.9
-0.80293 -2.9
-0.80269 -2.8
-0.80244 -2.8
-0.8022 -2.7
-0.80196 -2.6
-0.80171 -2.5
-0.80147 -2.4
-0.80122 -2.3
-0.80098 -2.2
-0.80073 -2.1
-0.80049 -1.9
-0.80025 -1.8
-0.8 -1.6
-0.79976 -1.4
-0.79951 -1.3
-0.79927 -1.1
-0.79903 -0.9
-0.79878 -0.7
-0.79854 -0.5
-0.79829 -0.3
-0.79805 -0.1
-0.7978 0.0
-0.79756 0.3
-0.79732 0.5
-0.79707 0.7
-0.79683 0.9
-0.79658 1.0
-0.79634 1.2
-0.7961 1.4
-0.79585 1.6
-0.79561 1.7
-0.79536 1.9
-0.79512 2.0
-0.79488 2.2
-0.79463 2.3
-0.79439 2.4
-0.79414 2.5
-0.7939 2.6
-0.79365 2.7
-0.79341 2.8
-0.79317 2.8
-0.79292 2.9
-0.79268 2.9
-0.79243 2.9
-0.79219 2.9
-0.79195 2.9
-0.7917 2.9
-0.79146 2.9
-0.79121 2.8
-0.79097 2.8
-0.79072 2.7
-0.79048 2.6
-0.79024 2.5
-0.78999 2.4
-0.78975 2.3
-0.7895 2.1
-0.78926 2.0
-0.78902 1.9
-0.78877 1.7
-0.78853 1.5
-0.78828 1.4
-0.78804 1.2
-0.7878 1.0
-0.78755 0.8
-0.78731 0.6
-0.78706 0.4
-0.78682 0.2
-0.78657 0.0
-0.78633 -0.2
-0.78609 -0.4
-0.78584 -0.6
-0.7856 -0.8
-0.78535 -0.9
-0.78511 -1.1
-0.78487 -1.3
-0.78462 -1.5
-0.78438 -1.7
-0.78413 -1.8
-0.78389 -2.0
-0.78364 -2.1
-0.7834 -2.2
-0.78316 -2.4
-0.78291 -2.5
-0.78267 -2.6
-0.78242 -2.7
-0.78218 -2.8
-0.78194 -2.8
-0.78169 -2.9
-0.78145 -2.9
-0.7812 -2.9
-0.78096 -2.9
-0.78071 -2.9
-0.78047 -2.9
-0.78023 -2.9
-0.77998 -2.9
-0.77974 -2.8
-0.77949 -2.7
-0.77925 -2.6
-0.77901 -2.6
-0.77876 -2.4
-0.77852 -2.3
-0.77827 -2.2
-0.77803 -2.1
-0.77779 -1.9
-0.77754 -1.8
-0.7773 -1.6
-0.77705 -1.4
-0.77681 -1.2
-0.77656 -1.1
-0.77632 -0.9
-0.77608 -0.7
-0.77583 -0.5
-0.77559 -0.3
-0.77534 0.0
-0.7751 0.1
-0.77486 0.3
-0.77461 0.5
-0.77437 0.7
-0.77412 0.9
-0.77388 1.1
-0.77363 1.3
-0.77339 1.5
-0.77315 1.6
-0.7729 1.8
-0.77266 1.9
-0.77241 2.1
-0.77217 2.2
-0.77193 2.4
-0.77168 2.5
-0.77144 2.6
-0.77119 2.7
-0.77095 2.7
-0.77071 2.8
-0.77046 2.9
-0.77022 2.9
-0.76997 2.9
-0.76973 2.9
-0.76948 2.9
-0.76924 2.9
-0.769 2.9
-0.76875 2.9
-0.76851 2.8
-0.76826 2.7
-0.76802 2.7
-0.76778 2.6
-0.76753 2.5
-0.76729 2.4
-0.76704 2.2
-0.7668 2.1
-0.76655 1.9
-0.76631 1.8
-0.76607 1.6
-0.76582 1.4
-0.76558 1.3
-0.76533 1.1
-0.76509 0.9
-0.76485 0.7
-0.7646 0.5
-0.76436 0.3
-0.76411 0.0
-0.76387 -0.1
-0.76363 -0.3
-0.76338 -0.5
-0.76314 -0.7
-0.76289 -0.9
-0.76265 -1.1
-0.7624 -1.3
-0.76216 -1.5
-0.76192 -1.6
-0.76167 -1.8
-0.76143 -2.0
-0.76118 -2.1
-0.76094 -2.2
-0.7607 -2.4
-0.76045 -2.5
-0.76021 -2.6
-0.75996 -2.7
-0.75972 -2.8
-0.75947 -2.8
-0.75923 -2.9
-0.75899 -2.9
-0.75874 -2.9
-0.7585 -3.0
-0.75825 -3.0
-0.75801 -2.9
-0.75777 -2.9
-0.75752 -2.9
-0.75728 -2.8
-0.75703 -2.7
-0.75679 -2.7
-0.75655 -2.6
-0.7563 -2.5
-0.75606 -2.3
-0.75581 -2.2
-0.75557 -2.1
-0.75532 -1.9
-0.75508 -1.8
-0.75484 -1.6
-0.75459 -1.4
-0.75435 -1.2
-0.7541 -1.1
-0.75386 -0.9
-0.75362 -0.7
-0.75337 -0.5
-0.75313 -0.3
-0.75288 0.0
-0.75264 0.1
-0.75239 0.3
-0.75215 0.6
-0.75191 0.7
-0.75166 0.9
-0.75142 1.1
-0.75117 1.3
-0.75093 1.5
-0.75069 1.7
-0.75044 1.8
-0.7502 2.0
-0.74995 2.1
-0.74971 2.3
-0.74946 2.4
-0.74922 2.5
-0.74898 2.6
-0.74873 2.7
-0.74849 2.8
-0.74824 2.9
-0.748 2.9
-0.74776 2.9
-0.74751 3.0
-0.74727 3.0
-0.74702 3.0
-0.74678 2.9
-0.74654 2.9
-0.74629 2.9
-0.74605 2.8
-0.7458 2.7
-0.74556 2.6
-0.74531 2.5
-0.74507 2.4
-0.74483 2.3
-0.74458 2.2
-0.74434 2.0
-0.74409 1.9
-0.74385 1.7
-0.74361 1.5
-0.74336 1.4
-0.74312 1.2
-0.74287 1.0
-0.74263 0.8
-0.74238 0.6
-0.74214 0.4
-0.7419 0.2
-0.74165 0.0
-0.74141 -0.2
-0.74116 -0.4
-0.74092 -0.6
-0.74068 -0.8
-0.74043 -1.0
-0.74019 -1.2
-0.73994 -1.4
-0.7397 -1.6
-0.73946 -1.8
-0.73921 -1.9
-0.73897 -2.1
-0.73872 -2.2
-0.73848 -2.4
-0.73823 -2.5
-0.73799 -2.6
-0.73775 -2.7
-0.7375 -2.8
-0.73726 -2.8
-0.73701 -2.9
-0.73677 -2.9
-0.73653 -3.0
-0.73628 -3.0
-0.73604 -3.0
-0.73579 -3.0
-0.73555 -2.9
-0.7353 -2.9
-0.73506 -2.8
-0.73482 -2.8
-0.73457 -2.7
-0.73433 -2.6
-0.73408 -2.5
-0.73384 -2.4
-0.7336 -2.2
-0.73335 -2.1
-0.73311 -1.9
-0.73286 -1.8
-0.73262 -1.6
-0.73238 -1.4
-0.73213 -1.2
-0.73189 -1.1
-0.73164 -0.9
-0.7314 -0.7
-0.73115 -0.5
-0.73091 -0.2
-0.73067 0.0
-0.73042 0.2
-0.73018 0.4
-0.72993 0.6
-0.72969 0.8
-0.72945 1.0
-0.7292 1.2
-0.72896 1.4
-0.72871 1.5
-0.72847 1.7
-0.72822 1.9
-0.72798 2.0
-0.72774 2.2
-0.72749 2.3
-0.72725 2.5
-0.727 2.6
-0.72676 2.7
-0.72652 2.8
-0.72627 2.8
-0.72603 2.9
-0.72578 2.9
-0.72554 3.0
-0.7253 3.0
-0.72505 3.0
-0.72481 3.0
-0.72456 3.0
-0.72432 2.9
-0.72407 2.9
-0.72383 2.8
-0.72359 2.7
-0.72334 2.6
-0.7231 2.5
-0.72285 2.4
-0.72261 2.3
-0.72237 2.1
-0.72212 2.0
-0.72188 1.8
-0.72163 1.6
-0.72139 1.5
-0.72114 1.3
-0.7209 1.1
-0.72066 0.9
-0.72041 0.7
-0.72017 0.5
-0.71992 0.3
-0.71968 0.0
-0.71944 -0.2
-0.71919 -0.4
-0.71895 -0.6
-0.7187 -0.8
-0.71846 -1.0
-0.71821 -1.2
-0.71797 -1.4
-0.71773 -1.5
-0.71748 -1.7
-0.71724 -1.9
-0.71699 -2.0
-0.71675 -2.2
-0.71651 -2.3
-0.71626 -2.5
-0.71602 -2.6
-0.71577 -2.7
-0.71553 -2.8
-0.71529 -2.8
-0.71504 -2.9
-0.7148 -2.9
-0.71455 -3.0
-0.71431 -3.0
-0.71406 -3.0
-0.71382 -3.0
-0.71358 -3.0
-0.71333 -2.9
-0.71309 -2.9
-0.71284 -2.8
-0.7126 -2.7
-0.71236 -2.6
-0.71211 -2.5
-0.71187 -2.4
-0.71162 -2.3
-0.71138 -2.1
-0.71113 -2.0
-0.71089 -1.8
-0.71065 -1.6
-0.7104 -1.4
-0.71016 -1.2
-0.70991 -1.1
-0.70967 -0.9
-0.70943 -0.6
-0.70918 -0.4
-0.70894 -0.2
-0.70869 0.0
-0.70845 0.2
-0.70821 0.4
-0.70796 0.6
-0.70772 0.8
-0.70747 1.0
-0.70723 1.2
-0.70698 1.4
-0.70674 1.6
-0.7065 1.8
-0.70625 1.9
-0.70601 2.1
-0.70576 2.2
-0.70552 2.4
-0.70528 2.5
-0.70503 2.6
-0.70479 2.7
-0.70454 2.8
-0.7043 2.9
-0.70405 2.9
-0.70381 3.0
-0.70357 3.0
-0.70332 3.0
-0.70308 3.0
-0.70283 3.0
-0.70259 3.0
-0.70235 2.9
-0.7021 2.9
-0.70186 2.8
-0.70161 2.7
-0.70137 2.6
-0.70113 2.5
-0.70088 2.4
-0.70064 2.2
-0.70039 2.1
-0.70015 1.9
-0.6999 1.7
-0.69966 1.6
-0.69942 1.4
-0.69917 1.2
-0.69893 1.0
-0.69868 0.8
-0.69844 0.6
-0.6982 0.4
-0.69795 0.1
-0.69771 0.0
-0.69746 -0.3
-0.69722 -0.5
-0.69697 -0.7
-0.69673 -0.9
-0.69649 -1.1
-0.69624 -1.3
-0.696 -1.5
-0.69575 -1.7
-0.69551 -1.8
-0.69527 -2.0
-0.69502 -2.2
-0.69478 -2.3
-0.69453 -2.4
-0.69429 -2.6
-0.69405 -2.7
-0.6938 -2.8
-0.69356 -2.8
-0.69331 -2.9
-0.69307 -3.0
-0.69282 -3.0
-0.69258 -3.0
-0.69234 -3.0
-0.69209 -3.0
-0.69185 -3.0
-0.6916 -3.0
-0.69136 -2.9
-0.69112 -2.8
-0.69087 -2.7
-0.69063 -2.7
-0.69038 -2.5
-0.69014 -2.4
-0.68989 -2.3
-0.68965 -2.1
-0.68941 -2.0
-0.68916 -1.8
-0.68892 -1.6
-0.68867 -1.5
-0.68843 -1.3
-0.68819 -1.1
-0.68794 -0.9
-0.6877 -0.6
-0.68745 -0.4
-0.68721 -0.2
-0.68696 0.0
-0.68672 0.2
-0.68648 0.4
-0.68623 0.6
-0.68599 0.8
-0.68574 1.0
-0.6855 1.2
-0.68526 1.4
-0.68501 1.6
-0.68477 1.8
-0.68452 2.0
-0.68428 2.1
-0.68404 2.3
-0.68379 2.4
-0.68355 2.5
-0.6833 2.7
-0.68306 2.8
-0.68281 2.8
-0.68257 2.9
-0.68233 3.0
-0.68208 3.0
-0.68184 3.0
-0.68159 3.0
-0.68135 3.0
-0.68111 3.0
-0.68086 3.0
-0.68062 2.9
-0.68037 2.9
-0.68013 2.8
-0.67988 2.7
-0.67964 2.6
-0.6794 2.4
-0.67915 2.3
-0.67891 2.2
-0.67866 2.0
-0.67842 1.8
-0.67818 1.7
-0.67793 1.5
-0.67769 1.3
-0.67744 1.1
-0.6772 0.9
-0.67696 0.7
-0.67671 0.5
-0.67647 0.2
-0.67622 0.0
-0.67598 -0.2
-0.67573 -0.4
-0.67549 -0.6
-0.67525 -0.8
-0.675 -1.0
-0.67476 -1.2
-0.67451 -1.4
-0.67427 -1.6
-0.67403 -1.8
-0.67378 -2.0
-0.67354 -2.1
-0.67329 -2.3
-0.67305 -2.4
-0.6728 -2.5
-0.67256 -2.7
-0.67232 -2.8
-0.67207 -2.8
-0.67183 -2.9
-0.67158 -3.0
-0.67134 -3.0
-0.6711 -3.0
-0.67085 -3.0
-0.67061 -3.0
-0.67036 -3.0
-0.67012 -3.0
-0.66988 -2.9
-0.66963 -2.9
-0.66939 -2.8
-0.66914 -2.7
-0.6689 -2.6
-0.66865 -2.4
-0.66841 -2.3
-0.66817 -2.2
-0.66792 -2.0
-0.66768 -1.8
-0.66743 -1.7
-0.66719 -1.5
-0.66695 -1.3
-0.6667 -1.1
-0.66646 -0.9
-0.66621 -0.6
-0.66597 -0.4
-0.66572 -0.2
-0.66548 0.0
-0.66524 0.2
-0.66499 0.4
-0.66475 0.7
-0.6645 0.9
-0.66426 1.1
-0.66402 1.3
-0.66377 1.5
-0.66353 1.7
-0.66328 1.8
-0.66304 2.0
-0.6628 2.2
-0.66255 2.3
-0.66231 2.5
-0.66206 2.6
-0.66182 2.7
-0.66157 2.8
-0.66133 2.9
-0.66109 2.9
-0.66084 3.0
-0.6606 3.0
-0.66035 3.1
-0.66011 3.1
-0.65987 3.0
-0.65962 3.0
-0.65938 3.0
-0.65913 2.9
-0.65889 2.8
-0.65864 2.8
-0.6584 2.7
-0.65816 2.5
-0.65791 2.4
-0.65767 2.3
-0.65742 2.1
-0.65718 2.0
-0.65694 1.8
-0.65669 1.6
-0.65645 1.4
-0.6562 1.2
-0.65596 1.0
-0.65571 0.8
-0.65547 0.6
-0.65523 0.4
-0.65498 0.1
-0.65474 0.0
-0.65449 -0.3
-0.65425 -0.5
-0.65401 -0.7
-0.65376 -1.0
-0.65352 -1.2
-0.65327 -1.4
-0.65303 -1.6
-0.65279 -1.8
-0.65254 -1.9
-0.6523 -2.1
-0.65205 -2.3
-0.65181 -2.4
-0.65156 -2.5
-0.65132 -2.6
-0.65108 -2.8
-0.65083 -2.8
-0.65059 -2.9
-0.65034 -3.0
-0.6501 -3.0
-0.64986 -3.1
-0.64961 -3.1
-0.64937 -3.1
-0.64912 -3.0
-0.64888 -3.0
-0.64863 -3.0
-0.64839 -2.9
-0.64815 -2.8
-0.6479 -2.7
-0.64766 -2.6
-0.64741 -2.5
-0.64717 -2.3
-0.64693 -2.2
-0.64668 -2.0
-0.64644 -1.9
-0.64619 -1.7
-0.64595 -1.5
-0.64571 -1.3
-0.64546 -1.1
-0.64522 -0.9
-0.64497 -0.7
-0.64473 -0.4
-0.64448 -0.2
-0.64424 0.0
-0.644 0.2
-0.64375 0.5
-0.64351 0.7
-0.64326 0.9
-0.64302 1.1
-0.64278 1.3
-0.64253 1.5
-0.64229 1.7
-0.64204 1.9
-0.6418 2.1
-0.64155 2.2
-0.64131 2.4
-0.64107 2.5
-0.64082 2.6
-0.64058 2.7
-0.64033 2.8
-0.64009 2.9
-0.63985 3.0
-0.6396 3.0
-0.63936 3.1
-0.63911 3.1
-0.63887 3.1
-0.63863 3.1
-0.63838 3.0
-0.63814 3.0
-0.63789 2.9
-0.63765 2.8
-0.6374 2.7
-0.63716 2.6
-0.63692 2.5
-0.63667 2.4
-0.63643 2.2
-0.63618 2.1
-0.63594 1.9
-0.6357 1.7
-0.63545 1.5
-0.63521 1.3
-0.63496 1.1
-0.63472 0.9
-0.63447 0.7
-0.63423 0.5
-0.63399 0.2
-0.63374 0.0
-0.6335 -0.2
-0.63325 -0.4
-0.63301 -0.7
-0.63277 -0.9
-0.63252 -1.1
-0.63228 -1.3
-0.63203 -1.5
-0.63179 -1.7
-0.63155 -1.9
-0.6313 -2.1
-0.63106 -2.2
-0.63081 -2.4
-0.63057 -2.5
-0.63032 -2.6
-0.63008 -2.7
-0.62984 -2.8
-0.62959 -2.9
-0.62935 -3.0
-0.6291 -3.0
-0.62886 -3.1
-0.62862 -3.1
-0.62837 -3.1
-0.62813 -3.1
-0.62788 -3.0
-0.62764 -3.0
-0.62739 -2.9
-0.62715 -2.8
-0.62691 -2.7
-0.62666 -2.6
-0.62642 -2.5
-0.62617 -2.4
-0.62593 -2.2
-0.62569 -2.1
-0.62544 -1.9
-0.6252 -1.7
-0.62495 -1.5
-0.62471 -1.3
-0.62446 -1.1
-0.62422 -0.9
-0.62398 -0.7
-0.62373 -0.4
-0.62349 -0.2
-0.62324 0.0
-0.623 0.3
-0.62276 0.5
-0.62251 0.7
-0.62227 0.9
-0.62202 1.1
-0.62178 1.3
-0.62154 1.5
-0.62129 1.7
-0.62105 1.9
-0.6208 2.1
-0.62056 2.3
-0.62031 2.4
-0.62007 2.6
-0.61983 2.7
-0.61958 2.8
-0.61934 2.9
-0.61909 3.0
-0.61885 3.0
-0.61861 3.1
-0.61836 3.1
-0.61812 3.1
-0.61787 3.1
-0.61763 3.1
-0.61738 3.0
-0.61714 3.0
-0.6169 2.9
-0.61665 2.8
-0.61641 2.7
-0.61616 2.6
-0.61592 2.5
-0.61568 2.3
-0.61543 2.2
-0.61519 2.0
-0.61494 1.8
-0.6147 1.6
-0.61446 1.4
-0.61421 1.2
-0.61397 1.0
-0.61372 0.8
-0.61348 0.6
-0.61323 0.3
-0.61299 0.1
-0.61275 -0.1
-0.6125 -0.3
-0.61226 -0.6
-0.61201 -0.8
-0.61177 -1.0
-0.61153 -1.2
-0.61128 -1.4
-0.61104 -1.6
-0.61079 -1.8
-0.61055 -2.0
-0.6103 -2.2
-0.61006 -2.3
-0.60982 -2.5
-0.60957 -2.6
-0.60933 -2.7
-0.60908 -2.8
-0.60884 -2.9
-0.6086 -3.0
-0.60835 -3.1
-0.60811 -3.1
-0.60786 -3.1
-0.60762 -3.1
-0.60738 -3.1
-0.60713 -3.1
-0.60689 -3.0
-0.60664 -3.0
-0.6064 -2.9
-0.60615 -2.8
-0.60591 -2.7
-0.60567 -2.5
-0.60542 -2.4
-0.60518 -2.2
-0.60493 -2.1
-0.60469 -1.9
-0.60445 -1.7
-0.6042 -1.5
-0.60396 -1.3
-0.60371 -1.1
-0.60347 -0.9
-0.60322 -0.7
-0.60298 -0.4
-0.60274 -0.2
-0.60249 0.0
-0.60225 0.3
-0.602 0.5
-0.60176 0.7
-0.60152 1.0
-0.60127 1.2
-0.60103 1.4
-0.60078 1.6
-0.60054 1.8
-0.6003 2.0
-0.60005 2.1
-0.59981 2.3
-0.59956 2.5
-0.59932 2.6
-0.59907 2.7
-0.59883 2.8
-0.59859 2.9
-0.59834 3.0
-0.5981 3.1
-0.59785 3.1
-0.59761 3.1
-0.59737 3.1
-0.59712 3.1
-0.59688 3.1
-0.59663 3.0
-0.59639 3.0
-0.59614 2.9
-0.5959 2.8
-0.59566 2.7
-0.59541 2.6
-0.59517 2.4
-0.59492 2.3
-0.59468 2.1
-0.59444 1.9
-0.59419 1.7
-0.59395 1.5
-0.5937 1.3
-0.59346 1.1
-0.59321 0.9
-0.59297 0.7
-0.59273 0.4
-0.59248 0.2
-0.59224 0.0
-0.59199 -0.3
-0.59175 -0.5
-0.59151 -0.7
-0.59126 -0.9
-0.59102 -1.2
-0.59077 -1.4
-0.59053 -1.6
-0.59029 -1.8
-0.59004 -2.0
-0.5898 -2.2
-0.58955 -2.3
-0.58931 -2.5
-0.58906 -2.6
-0.58882 -2.7
-0.58858 -2.8
-0.58833 -2.9
-0.58809 -3.0
-0.58784 -3.1
-0.5876 -3.1
-0.58736 -3.1
-0.58711 -3.1
-0.58687 -3.1
-0.58662 -3.1
-0.58638 -3.1
-0.58613 -3.0
-0.58589 -2.9
-0.58565 -2.8
-0.5854 -2.7
-0.58516 -2.6
-0.58491 -2.4
-0.58467 -2.3
-0.58443 -2.1
-0.58418 -1.9
-0.58394 -1.7
-0.58369 -1.5
-0.58345 -1.3
-0.58321 -1.1
-0.58296 -0.9
-0.58272 -0.6
-0.58247 -0.4
-0.58223 -0.2
-0.58198 0.0
-0.58174 0.3
-0.5815 0.5
-0.58125 0.8
-0.58101 1.0
-0.58076 1.2
-0.58052 1.4
-0.58028 1.6
-0.58003 1.8
-0.57979 2.0
-0.57954 2.2
-0.5793 2.4
-0.57905 2.5
-0.57881 2.7
-0.57857 2.8
-0.57832 2.9
-0.57808 3.0
-0.57783 3.0
-0.57759 3.1
-0.57735 3.1
-0.5771 3.2
-0.57686 3.2
-0.57661 3.1
-0.57637 3.1
-0.57613 3.0
-0.57588 3.0
-0.57564 2.9
-0.57539 2.8
-0.57515 2.7
-0.5749 2.5
-0.57466 2.4
-0.57442 2.2
-0.57417 2.0
-0.57393 1.9
-0.57368 1.7
-0.57344 1.5
-0.5732 1.2
-0.57295 1.0
-0.57271 0.8
-0.57246 0.5
-0.57222 0.3
-0.57197 0.0
-0.57173 -0.2
-0.57149 -0.4
-0.57124 -0.6
-0.571 -0.9
-0.57075 -1.1
-0.57051 -1.3
-0.57027 -1.5
-0.57002 -1.7
-0.56978 -1.9
-0.56953 -2.1
-0.56929 -2.3
-0.56905 -2.5
-0.5688 -2.6
-0.56856 -2.7
-0.56831 -2.8
-0.56807 -2.9
-0.56782 -3.0
-0.56758 -3.1
-0.56734 -3.1
-0.56709 -3.2
-0.56685 -3.2
-0.5666 -3.2
-0.56636 -3.1
-0.56612 -3.1
-0.56587 -3.0
-0.56563 -2.9
-0.56538 -2.8
-0.56514 -2.7
-0.56489 -2.6
-0.56465 -2.5
-0.56441 -2.3
-0.56416 -2.1
-0.56392 -1.9
-0.56367 -1.7
-0.56343 -1.5
-0.56319 -1.3
-0.56294 -1.1
-0.5627 -0.9
-0.56245 -0.6
-0.56221 -0.4
-0.56196 -0.1
-0.56172 0.0
-0.56148 0.3
-0.56123 0.6
-0.56099 0.8
-0.56074 1.0
-0.5605 1.3
-0.56026 1.5
-0.56001 1.7
-0.55977 1.9
-0.55952 2.1
-0.55928 2.3
-0.55904 2.4
-0.55879 2.6
-0.55855 2.7
-0.5583 2.8
-0.55806 2.9
-0.55781 3.0
-0.55757 3.1
-0.55733 3.1
-0.55708 3.2
-0.55684 3.2
-0.55659 3.2
-0.55635 3.1
-0.55611 3.1
-0.55586 3.0
-0.55562 3.0
-0.55537 2.9
-0.55513 2.8
-0.55488 2.6
-0.55464 2.5
-0.5544 2.3
-0.55415 2.1
-0.55391 2.0
-0.55366 1.8
-0.55342 1.6
-0.55318 1.3
-0.55293 1.1
-0.55269 0.9
-0.55244 0.6
-0.5522 0.4
-0.55196 0.2
-0.55171 0.0
-0.55147 -0.3
-0.55122 -0.6
-0.55098 -0.8
-0.55073 -1.0
-0.55049 -1.3
-0.55025 -1.5
-0.55 -1.7
-0.54976 -1.9
-0.54951 -2.1
-0.54927 -2.3
-0.54903 -2.4
-0.54878 -2.6
-0.54854 -2.7
-0.54829 -2.8
-0.54805 -3.0
-0.5478 -3.0
-0.54756 -3.1
-0.54732 -3.2
-0.54707 -3.2
-0.54683 -3.2
-0.54658 -3.2
-0.54634 -3.2
-0.5461 -3.1
-0.54585 -3.0
-0.54561 -3.0
-0.54536 -2.9
-0.54512 -2.8
-0.54488 -2.6
-0.54463 -2.5
-0.54439 -2.3
-0.54414 -2.1
-0.5439 -1.9
-0.54365 -1.7
-0.54341 -1.5
-0.54317 -1.3
-0.54292 -1.1
-0.54268 -0.8
-0.54243 -0.6
-0.54219 -0.4
-0.54195 -0.1
-0.5417 0.1
-0.54146 0.4
-0.54121 0.6
-0.54097 0.9
-0.54072 1.1
-0.54048 1.3
-0.54024 1.6
-0.53999 1.8
-0.53975 2.0
-0.5395 2.2
-0.53926 2.3
-0.53902 2.5
-0.53877 2.6
-0.53853 2.8
-0.53828 2.9
-0.53804 3.0
-0.5378 3.1
-0.53755 3.1
-0.53731 3.2
-0.53706 3.2
-0.53682 3.2
-0.53657 3.2
-0.53633 3.2
-0.53609 3.1
-0.53584 3.0
-0.5356 2.9
-0.53535 2.8
-0.53511 2.7
-0.53487 2.6
-0.53462 2.4
-0.53438 2.2
-0.53413 2.1
-0.53389 1.9
-0.53364 1.7
-0.5334 1.4
-0.53316 1.2
-0.53291 1.0
-0.53267 0.7
-0.53242 0.5
-0.53218 0.2
-0.53194 0.0
-0.53169 -0.3
-0.53145 -0.5
-0.5312 -0.8
-0.53096 -1.0
-0.53071 -1.2
-0.53047 -1.5
-0.53023 -1.7
-0.52998 -1.9
-0.52974 -2.1
-0.52949 -2.3
-0.52925 -2.4
-0.52901 -2.6
-0.52876 -2.7
-0.52852 -2.9
-0.52827 -3.0
-0.52803 -3.1
-0.52779 -3.1
-0.52754 -3.2
-0.5273 -3.2
-0.52705 -3.2
-0.52681 -3.2
-0.52656 -3.2
-0.52632 -3.1
-0.52608 -3.1
-0.52583 -3.0
-0.52559 -2.9
-0.52534 -2.8
-0.5251 -2.6
-0.52486 -2.5
-0.52461 -2.3
-0.52437 -2.1
-0.52412 -1.9
-0.52388 -1.7
-0.52363 -1.5
-0.52339 -1.3
-0.52315 -1.0
-0.5229 -0.8
-0.52266 -0.6
-0.52241 -0.3
-0.52217 0.0
-0.52193 0.2
-0.52168 0.4
-0.52144 0.7
-0.52119 0.9
-0.52095 1.2
-0.52071 1.4
-0.52046 1.6
-0.52022 1.9
-0.51997 2.1
-0.51973 2.2
-0.51948 2.4
-0.51924 2.6
-0.519 2.7
-0.51875 2.9
-0.51851 3.0
-0.51826 3.1
-0.51802 3.1
-0.51778 3.2
-0.51753 3.2
-0.51729 3.2
-0.51704 3.2
-0.5168 3.2
-0.51655 3.2
-0.51631 3.1
-0.51607 3.0
-0.51582 2.9
-0.51558 2.8
-0.51533 2.7
-0.51509 2.5
-0.51485 2.3
-0.5146 2.1
-0.51436 2.0
-0.51411 1.7
-0.51387 1.5
-0.51363 1.3
-0.51338 1.1
-0.51314 0.8
-0.51289 0.6
-0.51265 0.3
-0.5124 0.0
-0.51216 -0.2
-0.51192 -0.5
-0.51167 -0.7
-0.51143 -1.0
-0.51118 -1.2
-0.51094 -1.4
-0.5107 -1.7
-0.51045 -1.9
-0.51021 -2.1
-0.50996 -2.3
-0.50972 -2.4
-0.50947 -2.6
-0.50923 -2.7
-0.50899 -2.9
-0.50874 -3.0
-0.5085 -3.1
-0.50825 -3.2
-0.50801 -3.2
-0.50777 -3.2
-0.50752 -3.2
-0.50728 -3.2
-0.50703 -3.2
-0.50679 -3.2
-0.50655 -3.1
-0.5063 -3.0
-0.50606 -2.9
-0.50581 -2.8
-0.50557 -2.6
-0.50532 -2.5
-0.50508 -2.3
-0.50484 -2.1
-0.50459 -1.9
-0.50435 -1.7
-0.5041 -1.5
-0.50386 -1.2
-0.50362 -1.0
-0.50337 -0.8
-0.50313 -0.5
-0.50288 -0.2
-0.50264 0.0
-0.50239 0.3
-0.50215 0.5
-0.50191 0.8
-0.50166 1.0
-0.50142 1.3
-0.50117 1.5
-0.50093 1.7
-0.50069 1.9
-0.50044 2.1
-0.5002 2.3
-0.49995 2.5
-0.49971 2.7
-0.49946 2.8
-0.49922 2.9
-0.49898 3.0
-0.49873 3.1
-0.49849 3.2
-0.49824 3.2
-0.498 3.3
-0.49776 3.3
-0.49751 3.2
-0.49727 3.2
-0.49702 3.2
-0.49678 3.1
-0.49654 3.0
-0.49629 2.9
-0.49605 2.7
-0.4958 2.6
-0.49556 2.4
-0.49531 2.2
-0.49507 2.0
-0.49483 1.8
-0.49458 1.6
-0.49434 1.4
-0.49409 1.1
-0.49385 0.9
-0.49361 0.6
-0.49336 0.4
-0.49312 0.1
-0.49287 -0.2
-0.49263 -0.4
-0.49238 -0.7
-0.49214 -0.9
-0.4919 -1.2
-0.49165 -1.4
-0.49141 -1.7
-0.49116 -1.9
-0.49092 -2.1
-0.49068 -2.3
-0.49043 -2.5
-0.49019 -2.6
-0.48994 -2.8
-0.4897 -2.9
-0.48946 -3.0
-0.48921 -3.1
-0.48897 -3.2
-0.48872 -3.2
-0.48848 -3.3
-0.48823 -3.3
-0.48799 -3.3
-0.48775 -3.2
-0.4875 -3.2
-0.48726 -3.1
-0.48701 -3.0
-0.48677 -2.9
-0.48653 -2.8
-0.48628 -2.6
-0.48604 -2.5
-0.48579 -2.3
-0.48555 -2.1
-0.4853 -1.9
-0.48506 -1.7
-0.48482 -1.4
-0.48457 -1.2
-0.48433 -0.9
-0.48408 -0.7
-0.48384 -0.4
-0.4836 -0.2
-0.48335 0.1
-0.48311 0.4
-0.48286 0.6
-0.48262 0.9
-0.48238 1.1
-0.48213 1.4
-0.48189 1.6
-0.48164 1.9
-0.4814 2.1
-0.48115 2.3
-0.48091 2.4
-0.48067 2.6
-0.48042 2.8
-0.48018 2.9
-0.47993 3.0
-0.47969 3.1
-0.47945 3.2
-0.4792 3.2
-0.47896 3.3
-0.47871 3.3
-0.47847 3.3
-0.47822 3.3
-0.47798 3.2
-0.47774 3.1
-0.47749 3.0
-0.47725 2.9
-0.477 2.8
-0.47676 2.6
-0.47652 2.5
-0.47627 2.3
-0.47603 2.1
-0.47578 1.9
-0.47554 1.7
-0.4753 1.4
-0.47505 1.2
-0.47481 0.9
-0.47456 0.7
-0.47432 0.4
-0.47407 0.1
-0.47383 -0.1
-0.47359 -0.4
-0.47334 -0.7
-0.4731 -0.9
-0.47285 -1.2
-0.47261 -1.4
-0.47237 -1.7
-0.47212 -1.9
-0.47188 -2.1
-0.47163 -2.3
-0.47139 -2.5
-0.47114 -2.7
-0.4709 -2.8
-0.47066 -2.9
-0.47041 -3.1
-0.47017 -3.1
-0.46992 -3.2
-0.46968 -3.3
-0.46944 -3.3
-0.46919 -3.3
-0.46895 -3.3
-0.4687 -3.3
-0.46846 -3.2
-0.46821 -3.1
-0.46797 -3.0
-0.46773 -2.9
-0.46748 -2.8
-0.46724 -2.6
-0.46699 -2.4
-0.46675 -2.2
-0.46651 -2.0
-0.46626 -1.8
-0.46602 -1.6
-0.46577 -1.3
-0.46553 -1.1
-0.46529 -0.8
-0.46504 -0.6
-0.4648 -0.3
-0.46455 0.0
-0.46431 0.2
-0.46406 0.5
-0.46382 0.8
-0.46358 1.0
-0.46333 1.3
-0.46309 1.5
-0.46284 1.8
-0.4626 2.0
-0.46236 2.2
-0.46211 2.4
-0.46187 2.6
-0.46162 2.7
-0.46138 2.9
-0.46113 3.0
-0.46089 3.1
-0.46065 3.2
-0.4604 3.3
-0.46016 3.3
-0.45991 3.3
-0.45967 3.3
-0.45943 3.3
-0.45918 3.2
-0.45894 3.2
-0.45869 3.1
-0.45845 3.0
-0.45821 2.8
-0.45796 2.7
-0.45772 2.5
-0.45747 2.3
-0.45723 2.1
-0.45698 1.9
-0.45674 1.7
-0.4565 1.5
-0.45625 1.2
-0.45601 0.9
-0.45576 0.7
-0.45552 0.4
-0.45528 0.1
-0.45503 -0.1
-0.45479 -0.4
-0.45454 -0.7
-0.4543 -0.9
-0.45405 -1.2
-0.45381 -1.5
-0.45357 -1.7
-0.45332 -1.9
-0.45308 -2.1
-0.45283 -2.3
-0.45259 -2.5
-0.45235 -2.7
-0.4521 -2.9
-0.45186 -3.0
-0.45161 -3.1
-0.45137 -3.2
-0.45113 -3.3
-0.45088 -3.3
-0.45064 -3.3
-0.45039 -3.3
-0.45015 -3.3
-0.4499 -3.3
-0.44966 -3.2
-0.44942 -3.1
-0.44917 -3.0
-0.44893 -2.9
-0.44868 -2.7
-0.44844 -2.6
-0.4482 -2.4
-0.44795 -2.2
-0.44771 -2.0
-0.44746 -1.7
-0.44722 -1.5
-0.44697 -1.2
-0.44673 -1.0
-0.44649 -0.7
-0.44624 -0.4
-0.446 -0.2
-0.44575 0.1
-0.44551 0.4
-0.44527 0.7
-0.44502 0.9
-0.44478 1.2
-0.44453 1.5
-0.44429 1.7
-0.44405 1.9
-0.4438 2.2
-0.44356 2.4
-0.44331 2.5
-0.44307 2.7
-0.44282 2.9
-0.44258 3.0
-0.44234 3.1
-0.44209 3.2
-0.44185 3.3
-0.4416 3.3
-0.44136 3.4
-0.44112 3.4
-0.44087 3.3
-0.44063 3.3
-0.44038 3.2
-0.44014 3.1
-0.43989 3.0
-0.43965 2.9
-0.43941 2.7
-0.43916 2.6
-0.43892 2.4
-0.43867 2.2
-0.43843 1.9
-0.43819 1.7
-0.43794 1.5
-0.4377 1.2
-0.43745 0.9
-0.43721 0.7
-0.43696 0.4
-0.43672 0.1
-0.43648 -0.2
-0.43623 -0.4
-0.43599 -0.7
-0.43574 -1.0
-0.4355 -1.3
-0.43526 -1.5
-0.43501 -1.8
-0.43477 -2.0
-0.43452 -2.2
-0.43428 -2.4
-0.43404 -2.6
-0.43379 -2.8
-0.43355 -2.9
-0.4333 -3.1
-0.43306 -3.2
-0.43281 -3.2
-0.43257 -3.3
-0.43233 -3.4
-0.43208 -3.4
-0.43184 -3.4
-0.43159 -3.3
-0.43135 -3.3
-0.43111 -3.2
-0.43086 -3.1
-0.43062 -3.0
-0.43037 -2.8
-0.43013 -2.7
-0.42988 -2.5
-0.42964 -2.3
-0.4294 -2.1
-0.42915 -1.9
-0.42891 -1.6
-0.42866 -1.4
-0.42842 -1.1
-0.42818 -0.8
-0.42793 -0.5
-0.42769 -0.3
-0.42744 0.0
-0.4272 0.3
-0.42696 0.6
-0.42671 0.9
-0.42647 1.1
-0.42622 1.4
-0.42598 1.7
-0.42573 1.9
-0.42549 2.1
-0.42525 2.3
-0.425 2.5
-0.42476 2.7
-0.42451 2.9
-0.42427 3.0
-0.42403 3.1
-0.42378 3.2
-0.42354 3.3
-0.42329 3.4
-0.42305 3.4
-0.4228 3.4
-0.42256 3.4
-0.42232 3.3
-0.42207 3.2
-0.42183 3.2
-0.42158 3.0
-0.42134 2.9
-0.4211 2.7
-0.42085 2.6
-0.42061 2.4
-0.42036 2.2
-0.42012 1.9
-0.41988 1.7
-0.41963 1.4
-0.41939 1.2
-0.41914 0.9
-0.4189 0.6
-0.41865 0.3
-0.41841 0.0
-0.41817 -0.2
-0.41792 -0.5
-0.41768 -0.8
-0.41743 -1.1
-0.41719 -1.3
-0.41695 -1.6
-0.4167 -1.9
-0.41646 -2.1
-0.41621 -2.3
-0.41597 -2.5
-0.41572 -2.7
-0.41548 -2.9
-0.41524 -3.0
-0.41499 -3.1
-0.41475 -3.2
-0.4145 -3.3
-0.41426 -3.4
-0.41402 -3.4
-0.41377 -3.4
-0.41353 -3.4
-0.41328 -3.3
-0.41304 -3.3
-0.4128 -3.2
-0.41255 -3.1
-0.41231 -2.9
-0.41206 -2.8
-0.41182 -2.6
-0.41157 -2.4
-0.41133 -2.2
-0.41109 -2.0
-0.41084 -1.7
-0.4106 -1.5
-0.41035 -1.2
-0.41011 -0.9
-0.40987 -0.6
-0.40962 -0.3
-0.40938 0.0
-0.40913 0.2
-0.40889 0.5
-0.40864 0.8
-0.4084 1.1
-0.40816 1.4
-0.40791 1.6
-0.40767 1.9
-0.40742 2.1
-0.40718 2.3
-0.40694 2.5
-0.40669 2.7
-0.40645 2.9
-0.4062 3.0
-0.40596 3.2
-0.40571 3.3
-0.40547 3.3
-0.40523 3.4
-0.40498 3.4
-0.40474 3.4
-0.40449 3.4
-0.40425 3.3
-0.40401 3.3
-0.40376 3.2
-0.40352 3.1
-0.40327 2.9
-0.40303 2.7
-0.40279 2.6
-0.40254 2.4
-0.4023 2.1
-0.40205 1.9
-0.40181 1.6
-0.40156 1.4
-0.40132 1.1
-0.40108 0.8
-0.40083 0.5
-0.40059 0.2
-0.40034 0.0
-0.4001 -0.3
-0.39986 -0.6
-0.39961 -0.9
-0.39937 -1.2
-0.39912 -1.5
-0.39888 -1.7
-0.39863 -2.0
-0.39839 -2.2
-0.39815 -2.4
-0.3979 -2.6
-0.39766 -2.8
-0.39741 -3.0
-0.39717 -3.1
-0.39693 -3.2
-0.39668 -3.3
-0.39644 -3.4
-0.39619 -3.4
-0.39595 -3.4
-0.39571 -3.4
-0.39546 -3.4
-0.39522 -3.3
-0.39497 -3.2
-0.39473 -3.1
-0.39448 -3.0
-0.39424 -2.8
-0.394 -2.7
-0.39375 -2.5
-0.39351 -2.3
-0.39326 -2.0
-0.39302 -1.8
-0.39278 -1.5
-0.39253 -1.2
-0.39229 -1.0
-0.39204 -0.7
-0.3918 -0.4
-0.39155 0.0
-0.39131 0.2
-0.39107 0.5
-0.39082 0.8
-0.39058 1.1
-0.39033 1.4
-0.39009 1.7
-0.38985 1.9
-0.3896 2.1
-0.38936 2.4
-0.38911 2.6
-0.38887 2.8
-0.38863 2.9
-0.38838 3.1
-0.38814 3.2
-0.38789 3.3
-0.38765 3.4
-0.3874 3.4
-0.38716 3.5
-0.38692 3.5
-0.38667 3.4
-0.38643 3.4
-0.38618 3.3
-0.38594 3.2
-0.3857 3.0
-0.38545 2.9
-0.38521 2.7
-0.38496 2.5
-0.38472 2.3
-0.38447 2.1
-0.38423 1.8
-0.38399 1.6
-0.38374 1.3
-0.3835 1.0
-0.38325 0.7
-0.38301 0.4
-0.38277 0.1
-0.38252 -0.2
-0.38228 -0.5
-0.38203 -0.8
-0.38179 -1.1
-0.38155 -1.4
-0.3813 -1.6
-0.38106 -1.9
-0.38081 -2.1
-0.38057 -2.4
-0.38032 -2.6
-0.38008 -2.8
-0.37984 -3.0
-0.37959 -3.1
-0.37935 -3.2
-0.3791 -3.3
-0.37886 -3.4
-0.37862 -3.5
-0.37837 -3.5
-0.37813 -3.5
-0.37788 -3.4
-0.37764 -3.4
-0.37739 -3.3
-0.37715 -3.2
-0.37691 -3.1
-0.37666 -2.9
-0.37642 -2.7
-0.37617 -2.5
-0.37593 -2.3
-0.37569 -2.1
-0.37544 -1.8
-0.3752 -1.5
-0.37495 -1.3
-0.37471 -1.0
-0.37446 -0.7
-0.37422 -0.4
-0.37398 0.0
-0.37373 0.2
-0.37349 0.6
-0.37324 0.9
-0.373 1.1
-0.37276 1.4
-0.37251 1.7
-0.37227 2.0
-0.37202 2.2
-0.37178 2.4
-0.37154 2.7
-0.37129 2.8
-0.37105 3.0
-0.3708 3.2
-0.37056 3.3
-0.37031 3.4
-0.37007 3.4
-0.36983 3.5
-0.36958 3.5
-0.36934 3.5
-0.36909 3.4
-0.36885 3.4
-0.36861 3.3
-0.36836 3.2
-0.36812 3.0
-0.36787 2.8
-0.36763 2.7
-0.36738 2.4
-0.36714 2.2
-0.3669 2.0
-0.36665 1.7
-0.36641 1.4
-0.36616 1.1
-0.36592 0.8
-0.36568 0.5
-0.36543 0.2
-0.36519 0.0
-0.36494 -0.4
-0.3647 -0.7
-0.36446 -1.0
-0.36421 -1.3
-0.36397 -1.6
-0.36372 -1.9
-0.36348 -2.1
-0.36323 -2.4
-0.36299 -2.6
-0.36275 -2.8
-0.3625 -3.0
-0.36226 -3.1
-0.36201 -3.2
-0.36177 -3.4
-0.36153 -3.4
-0.36128 -3.5
-0.36104 -3.5
-0.36079 -3.5
-0.36055 -3.5
-0.3603 -3.4
-0.36006 -3.3
-0.35982 -3.2
-0.35957 -3.1
-0.35933 -2.9
-0.35908 -2.7
-0.35884 -2.5
-0.3586 -2.3
-0.35835 -2.1
-0.35811 -1.8
-0.35786 -1.5
-0.35762 -1.2
-0.35738 -0.9
-0.35713 -0.6
-0.35689 -0.3
-0.35664 0.0
-0.3564 0.3
-0.35615 0.6
-0.35591 0.9
-0.35567 1.2
-0.35542 1.5
-0.35518 1.8
-0.35493 2.1
-0.35469 2.3
-0.35445 2.6
-0.3542 2.8
-0.35396 2.9
-0.35371 3.1
-0.35347 3.2
-0.35322 3.4
-0.35298 3.4
-0.35274 3.5
-0.35249 3.5
-0.35225 3.5
-0.352 3.5
-0.35176 3.4
-0.35152 3.4
-0.35127 3.2
-0.35103 3.1
-0.35078 2.9
-0.35054 2.8
-0.3503 2.5
-0.35005 2.3
-0.34981 2.1
-0.34956 1.8
-0.34932 1.5
-0.34907 1.2
-0.34883 0.9
-0.34859 0.6
-0.34834 0.3
-0.3481 0.0
-0.34785 -0.3
-0.34761 -0.7
-0.34737 -1.0
-0.34712 -1.3
-0.34688 -1.6
-0.34663 -1.9
-0.34639 -2.1
-0.34614 -2.4
-0.3459 -2.6
-0.34566 -2.8
-0.34541 -3.0
-0.34517 -3.2
-0.34492 -3.3
-0.34468 -3.4
-0.34444 -3.5
-0.34419 -3.5
-0.34395 -3.5
-0.3437 -3.5
-0.34346 -3.5
-0.34321 -3.4
-0.34297 -3.4
-0.34273 -3.2
-0.34248 -3.1
-0.34224 -2.9
-0.34199 -2.7
-0.34175 -2.5
-0.34151 -2.3
-0.34126 -2.0
-0.34102 -1.7
-0.34077 -1.4
-0.34053 -1.1
-0.34029 -0.8
-0.34004 -0.5
-0.3398 -0.2
-0.33955 0.1
-0.33931 0.5
-0.33906 0.8
-0.33882 1.1
-0.33858 1.4
-0.33833 1.7
-0.33809 2.0
-0.33784 2.2
-0.3376 2.5
-0.33736 2.7
-0.33711 2.9
-0.33687 3.1
-0.33662 3.2
-0.33638 3.4
-0.33613 3.5
-0.33589 3.5
-0.33565 3.6
-0.3354 3.6
-0.33516 3.5
-0.33491 3.5
-0.33467 3.4
-0.33443 3.3
-0.33418 3.2
-0.33394 3.0
-0.33369 2.8
-0.33345 2.6
-0.33321 2.4
-0.33296 2.1
-0.33272 1.8
-0.33247 1.6
-0.33223 1.3
-0.33198 0.9
-0.33174 0.6
-0.3315 0.3
-0.33125 0.0
-0.33101 -0.4
-0.33076 -0.7
-0.33052 -1.0
-0.33028 -1.3
-0.33003 -1.6
-0.32979 -1.9
-0.32954 -2.2
-0.3293 -2.4
-0.32905 -2.7
-0.32881 -2.9
-0.32857 -3.1
-0.32832 -3.2
-0.32808 -3.4
-0.32783 -3.5
-0.32759 -3.5
-0.32735 -3.6
-0.3271 -3.6
-0.32686 -3.6
-0.32661 -3.5
-0.32637 -3.5
-0.32613 -3.3
-0.32588 -3.2
-0.32564 -3.1
-0.32539 -2.9
-0.32515 -2.7
-0.3249 -2.4
-0.32466 -2.2
-0.32442 -1.9
-0.32417 -1.6
-0.32393 -1.3
-0.32368 -1.0
-0.32344 -0.6
-0.3232 -0.3
-0.32295 0.0
-0.32271 0.3
-0.32246 0.7
-0.32222 1.0
-0.32197 1.3
-0.32173 1.6
-0.32149 1.9
-0.32124 2.2
-0.321 2.4
-0.32075 2.7
-0.32051 2.9
-0.32027 3.1
-0.32002 3.2
-0.31978 3.4
-0.31953 3.5
-0.31929 3.6
-0.31905 3.6
-0.3188 3.6
-0.31856 3.6
-0.31831 3.5
-0.31807 3.5
-0.31782 3.3
-0.31758 3.2
-0.31734 3.0
-0.31709 2.8
-0.31685 2.6
-0.3166 2.4
-0.31636 2.1
-0.31612 1.8
-0.31587 1.5
-0.31563 1.2
-0.31538 0.9
-0.31514 0.6
-0.31489 0.2
-0.31465 -0.1
-0.31441 -0.4
-0.31416 -0.8
-0.31392 -1.1
-0.31367 -1.4
-0.31343 -1.7
-0.31319 -2.0
-0.31294 -2.3
-0.3127 -2.5
-0.31245 -2.8
-0.31221 -3.0
-0.31196 -3.2
-0.31172 -3.3
-0.31148 -3.4
-0.31123 -3.5
-0.31099 -3.6
-0.31074 -3.6
-0.3105 -3.6
-0.31026 -3.6
-0.31001 -3.5
-0.30977 -3.4
-0.30952 -3.3
-0.30928 -3.2
-0.30904 -3.0
-0.30879 -2.8
-0.30855 -2.5
-0.3083 -2.3
-0.30806 -2.0
-0.30781 -1.7
-0.30757 -1.4
-0.30733 -1.1
-0.30708 -0.7
-0.30684 -0.4
-0.30659 0.0
-0.30635 0.3
-0.30611 0.6
-0.30586 1.0
-0.30562 1.3
-0.30537 1.6
-0.30513 1.9
-0.30488 2.2
-0.30464 2.5
-0.3044 2.7
-0.30415 2.9
-0.30391 3.1
-0.30366 3.3
-0.30342 3.4
-0.30318 3.5
-0.30293 3.6
-0.30269 3.6
-0.30244 3.7
-0.3022 3.6
-0.30196 3.6
-0.30171 3.5
-0.30147 3.4
-0.30122 3.2
-0.30098 3.0
-0.30073 2.8
-0.30049 2.6
-0.30025 2.3
-0.3 2.1
-0.29976 1.8
-0.29951 1.5
-0.29927 1.1
-0.29903 0.8
-0.29878 0.4
-0.29854 0.0
-0.29829 -0.3
-0.29805 -0.6
-0.2978 -0.9
-0.29756 -1.3
-0.29732 -1.6
-0.29707 -1.9
-0.29683 -2.2
-0.29658 -2.5
-0.29634 -2.7
-0.2961 -2.9
-0.29585 -3.1
-0.29561 -3.3
-0.29536 -3.4
-0.29512 -3.6
-0.29488 -3.6
-0.29463 -3.7
-0.29439 -3.7
-0.29414 -3.7
-0.2939 -3.6
-0.29365 -3.5
-0.29341 -3.4
-0.29317 -3.2
-0.29292 -3.0
-0.29268 -2.8
-0.29243 -2.6
-0.29219 -2.3
-0.29195 -2.0
-0.2917 -1.7
-0.29146 -1.4
-0.29121 -1.1
-0.29097 -0.7
-0.29072 -0.4
-0.29048 0.0
-0.29024 0.3
-0.28999 0.7
-0.28975 1.0
-0.2895 1.4
-0.28926 1.7
-0.28902 2.0
-0.28877 2.3
-0.28853 2.5
-0.28828 2.8
-0.28804 3.0
-0.2878 3.2
-0.28755 3.4
-0.28731 3.5
-0.28706 3.6
-0.28682 3.7
-0.28657 3.7
-0.28633 3.7
-0.28609 3.7
-0.28584 3.6
-0.2856 3.5
-0.28535 3.3
-0.28511 3.2
-0.28487 3.0
-0.28462 2.7
-0.28438 2.5
-0.28413 2.2
-0.28389 1.9
-0.28364 1.6
-0.2834 1.3
-0.28316 0.9
-0.28291 0.6
-0.28267 0.2
-0.28242 -0.1
-0.28218 -0.5
-0.28194 -0.9
-0.28169 -1.2
-0.28145 -1.5
-0.2812 -1.9
-0.28096 -2.2
-0.28071 -2.4
-0.28047 -2.7
-0.28023 -2.9
-0.27998 -3.2
-0.27974 -3.3
-0.27949 -3.5
-0.27925 -3.6
-0.27901 -3.7
-0.27876 -3.7
-0.27852 -3.7
-0.27827 -3.7
-0.27803 -3.6
-0.27779 -3.5
-0.27754 -3.4
-0.2773 -3.2
-0.27705 -3.1
-0.27681 -2.8
-0.27656 -2.6
-0.27632 -2.3
-0.27608 -2.0
-0.27583 -1.7
-0.27559 -1.4
-0.27534 -1.0
-0.2751 -0.7
-0.27486 -0.3
-0.27461 0.0
-0.27437 0.4
-0.27412 0.8
-0.27388 1.2
-0.27363 1.5
-0.27339 1.8
-0.27315 2.1
-0.2729 2.4
-0.27266 2.7
-0.27241 2.9
-0.27217 3.2
-0.27193 3.3
-0.27168 3.5
-0.27144 3.6
-0.27119 3.7
-0.27095 3.7
-0.27071 3.7
-0.27046 3.7
-0.27022 3.7
-0.26997 3.6
-0.26973 3.4
-0.26948 3.3
-0.26924 3.1
-0.269 2.8
-0.26875 2.6
-0.26851 2.3
-0.26826 2.0
-0.26802 1.7
-0.26778 1.3
-0.26753 1.0
-0.26729 0.6
-0.26704 0.3
-0.2668 -0.1
-0.26655 -0.5
-0.26631 -0.9
-0.26607 -1.2
-0.26582 -1.6
-0.26558 -1.9
-0.26533 -2.2
-0.26509 -2.5
-0.26485 -2.8
-0.2646 -3.0
-0.26436 -3.2
-0.26411 -3.4
-0.26387 -3.5
-0.26363 -3.7
-0.26338 -3.7
-0.26314 -3.8
-0.26289 -3.8
-0.26265 -3.7
-0.2624 -3.7
-0.26216 -3.6
-0.26192 -3.4
-0.26167 -3.2
-0.26143 -3.0
-0.26118 -2.8
-0.26094 -2.5
-0.2607 -2.2
-0.26045 -1.9
-0.26021 -1.6
-0.25996 -1.2
-0.25972 -0.8
-0.25947 -0.5
-0.25923 0.0
-0.25899 0.3
-0.25874 0.7
-0.2585 1.0
-0.25825 1.4
-0.25801 1.7
-0.25777 2.1
-0.25752 2.4
-0.25728 2.7
-0.25703 2.9
-0.25679 3.1
-0.25655 3.3
-0.2563 3.5
-0.25606 3.6
-0.25581 3.7
-0.25557 3.8
-0.25532 3.8
-0.25508 3.8
-0.25484 3.7
-0.25459 3.6
-0.25435 3.5
-0.2541 3.3
-0.25386 3.1
-0.25362 2.9
-0.25337 2.6
-0.25313 2.3
-0.25288 2.0
-0.25264 1.7
-0.25239 1.3
-0.25215 0.9
-0.25191 0.6
-0.25166 0.2
-0.25142 -0.2
-0.25117 -0.6
-0.25093 -1.0
-0.25069 -1.3
-0.25044 -1.7
-0.2502 -2.0
-0.24995 -2.3
-0.24971 -2.6
-0.24946 -2.9
-0.24922 -3.1
-0.24898 -3.3
-0.24873 -3.5
-0.24849 -3.6
-0.24824 -3.7
-0.248 -3.8
-0.24776 -3.8
-0.24751 -3.8
-0.24727 -3.7
-0.24702 -3.6
-0.24678 -3.5
-0.24654 -3.3
-0.24629 -3.1
-0.24605 -2.9
-0.2458 -2.6
-0.24556 -2.3
-0.24531 -2.0
-0.24507 -1.7
-0.24483 -1.3
-0.24458 -0.9
-0.24434 -0.5
-0.24409 -0.2
-0.24385 0.2
-0.24361 0.6
-0.24336 1.0
-0.24312 1.4
-0.24287 1.7
-0.24263 2.1
-0.24238 2.4
-0.24214 2.7
-0.2419 3.0
-0.24165 3.2
-0.24141 3.4
-0.24116 3.6
-0.24092 3.7
-0.24068 3.8
-0.24043 3.8
-0.24019 3.8
-0.23994 3.8
-0.2397 3.7
-0.23946 3.6
-0.23921 3.5
-0.23897 3.3
-0.23872 3.1
-0.23848 2.8
-0.23823 2.5
-0.23799 2.2
-0.23775 1.9
-0.2375 1.5
-0.23726 1.2
-0.23701 0.8
-0.23677 0.4
-0.23653 0.0
-0.23628 -0.4
-0.23604 -0.8
-0.23579 -1.2
-0.23555 -1.6
-0.2353 -1.9
-0.23506 -2.3
-0.23482 -2.6
-0.23457 -2.9
-0.23433 -3.1
-0.23408 -3.3
-0.23384 -3.5
-0.2336 -3.7
-0.23335 -3.8
-0.23311 -3.8
-0.23286 -3.9
-0.23262 -3.9
-0.23238 -3.8
-0.23213 -3.7
-0.23189 -3.6
-0.23164 -3.4
-0.2314 -3.2
-0.23115 -2.9
-0.23091 -2.7
-0.23067 -2.4
-0.23042 -2.0
-0.23018 -1.7
-0.22993 -1.3
-0.22969 -0.9
-0.22945 -0.5
-0.2292 -0.1
-0.22896 0.3
-0.22871 0.7
-0.22847 1.1
-0.22822 1.5
-0.22798 1.9
-0.22774 2.2
-0.22749 2.5
-0.22725 2.8
-0.227 3.1
-0.22676 3.3
-0.22652 3.5
-0.22627 3.7
-0.22603 3.8
-0.22578 3.9
-0.22554 3.9
-0.2253 3.9
-0.22505 3.8
-0.22481 3.7
-0.22456 3.6
-0.22432 3.4
-0.22407 3.2
-0.22383 3.0
-0.22359 2.7
-0.22334 2.4
-0.2231 2.0
-0.22285 1.7
-0.22261 1.3
-0.22237 0.9
-0.22212 0.5
-0.22188 0.0
-0.22163 -0.3
-0.22139 -0.8
-0.22114 -1.2
-0.2209 -1.5
-0.22066 -1.9
-0.22041 -2.3
-0.22017 -2.6
-0.21992 -2.9
-0.21968 -3.2
-0.21944 -3.4
-0.21919 -3.6
-0.21895 -3.7
-0.2187 -3.8
-0.21846 -3.9
-0.21821 -3.9
-0.21797 -3.9
-0.21773 -3.8
-0.21748 -3.7
-0.21724 -3.6
-0.21699 -3.4
-0.21675 -3.2
-0.21651 -2.9
-0.21626 -2.6
-0.21602 -2.3
-0.21577 -1.9
-0.21553 -1.5
-0.21529 -1.1
-0.21504 -0.7
-0.2148 -0.3
-0.21455 0.1
-0.21431 0.5
-0.21406 0.9
-0.21382 1.3
-0.21358 1.7
-0.21333 2.1
-0.21309 2.4
-0.21284 2.8
-0.2126 3.1
-0.21236 3.3
-0.21211 3.5
-0.21187 3.7
-0.21162 3.8
-0.21138 3.9
-0.21113 4.0
-0.21089 4.0
-0.21065 3.9
-0.2104 3.8
-0.21016 3.7
-0.20991 3.5
-0.20967 3.3
-0.20943 3.0
-0.20918 2.7
-0.20894 2.4
-0.20869 2.0
-0.20845 1.7
-0.20821 1.3
-0.20796 0.9
-0.20772 0.4
-0.20747 0.0
-0.20723 -0.4
-0.20698 -0.9
-0.20674 -1.3
-0.2065 -1.7
-0.20625 -2.0
-0.20601 -2.4
-0.20576 -2.7
-0.20552 -3.0
-0.20528 -3.3
-0.20503 -3.5
-0.20479 -3.7
-0.20454 -3.8
-0.2043 -3.9
-0.20405 -4.0
-0.20381 -4.0
-0.20357 -3.9
-0.20332 -3.9
-0.20308 -3.7
-0.20283 -3.5
-0.20259 -3.3
-0.20235 -3.0
-0.2021 -2.7
-0.20186 -2.4
-0.20161 -2.0
-0.20137 -1.7
-0.20113 -1.3
-0.20088 -0.8
-0.20064 -0.4
-0.20039 0.0
-0.20015 0.5
-0.1999 0.9
-0.19966 1.3
-0.19942 1.7
-0.19917 2.1
-0.19893 2.5
-0.19868 2.8
-0.19844 3.1
-0.1982 3.4
-0.19795 3.6
-0.19771 3.8
-0.19746 3.9
-0.19722 4.0
-0.19697 4.0
-0.19673 4.0
-0.19649 4.0
-0.19624 3.8
-0.196 3.7
-0.19575 3.5
-0.19551 3.2
-0.19527 3.0
-0.19502 2.6
-0.19478 2.3
-0.19453 1.9
-0.19429 1.5
-0.19405 1.1
-0.1938 0.7
-0.19356 0.2
-0.19331 -0.2
-0.19307 -0.7
-0.19282 -1.1
-0.19258 -1.5
-0.19234 -1.9
-0.19209 -2.3
-0.19185 -2.7
-0.1916 -3.0
-0.19136 -3.3
-0.19112 -3.5
-0.19087 -3.7
-0.19063 -3.9
-0.19038 -4.0
-0.19014 -4.0
-0.18989 -4.1
-0.18965 -4.0
-0.18941 -3.9
-0.18916 -3.8
-0.18892 -3.6
-0.18867 -3.4
-0.18843 -3.1
-0.18819 -2.8
-0.18794 -2.4
-0.1877 -2.0
-0.18745 -1.6
-0.18721 -1.2
-0.18696 -0.8
-0.18672 -0.3
-0.18648 0.1
-0.18623 0.6
-0.18599 1.1
-0.18574 1.5
-0.1855 1.9
-0.18526 2.3
-0.18501 2.7
-0.18477 3.0
-0.18452 3.3
-0.18428 3.5
-0.18404 3.7
-0.18379 3.9
-0.18355 4.0
-0.1833 4.1
-0.18306 4.1
-0.18281 4.0
-0.18257 4.0
-0.18233 3.8
-0.18208 3.6
-0.18184 3.4
-0.18159 3.1
-0.18135 2.8
-0.18111 2.4
-0.18086 2.0
-0.18062 1.6
-0.18037 1.2
-0.18013 0.7
-0.17988 0.2
-0.17964 -0.2
-0.1794 -0.7
-0.17915 -1.1
-0.17891 -1.6
-0.17866 -2.0
-0.17842 -2.4
-0.17818 -2.8
-0.17793 -3.1
-0.17769 -3.4
-0.17744 -3.6
-0.1772 -3.8
-0.17696 -4.0
-0.17671 -4.1
-0.17647 -4.1
-0.17622 -4.1
-0.17598 -4.1
-0.17573 -3.9
-0.17549 -3.8
-0.17525 -3.6
-0.175 -3.3
-0.17476 -3.0
-0.17451 -2.6
-0.17427 -2.3
-0.17403 -1.8
-0.17378 -1.4
-0.17354 -1.0
-0.17329 -0.5
-0.17305 0.0
-0.1728 0.5
-0.17256 0.9
-0.17232 1.4
-0.17207 1.8
-0.17183 2.2
-0.17158 2.6
-0.17134 3.0
-0.1711 3.3
-0.17085 3.6
-0.17061 3.8
-0.17036 4.0
-0.17012 4.1
-0.16988 4.2
-0.16963 4.2
-0.16939 4.1
-0.16914 4.0
-0.1689 3.9
-0.16865 3.6
-0.16841 3.4
-0.16817 3.1
-0.16792 2.7
-0.16768 2.4
-0.16743 1.9
-0.16719 1.5
-0.16695 1.0
-0.1667 0.6
-0.16646 0.0
-0.16621 -0.4
-0.16597 -0.9
-0.16572 -1.4
-0.16548 -1.8
-0.16524 -2.2
-0.16499 -2.6
-0.16475 -3.0
-0.1645 -3.3
-0.16426 -3.6
-0.16402 -3.8
-0.16377 -4.0
-0.16353 -4.1
-0.16328 -4.2
-0.16304 -4.2
-0.1628 -4.1
-0.16255 -4.0
-0.16231 -3.9
-0.16206 -3.7
-0.16182 -3.4
-0.16157 -3.1
-0.16133 -2.7
-0.16109 -2.3
-0.16084 -1.9
-0.1606 -1.4
-0.16035 -1.0
-0.16011 -0.5
-0.15987 0.0
-0.15962 0.5
-0.15938 1.0
-0.15913 1.5
-0.15889 2.0
-0.15864 2.4
-0.1584 2.8
-0.15816 3.1
-0.15791 3.5
-0.15767 3.7
-0.15742 3.9
-0.15718 4.1
-0.15694 4.2
-0.15669 4.2
-0.15645 4.2
-0.1562 4.1
-0.15596 4.0
-0.15571 3.8
-0.15547 3.6
-0.15523 3.3
-0.15498 2.9
-0.15474 2.5
-0.15449 2.1
-0.15425 1.7
-0.15401 1.2
-0.15376 0.7
-0.15352 0.2
-0.15327 -0.3
-0.15303 -0.8
-0.15279 -1.3
-0.15254 -1.8
-0.1523 -2.3
-0.15205 -2.7
-0.15181 -3.1
-0.15156 -3.4
-0.15132 -3.7
-0.15108 -3.9
-0.15083 -4.1
-0.15059 -4.2
-0.15034 -4.3
-0.1501 -4.3
-0.14986 -4.2
-0.14961 -4.1
-0.14937 -3.9
-0.14912 -3.6
-0.14888 -3.3
-0.14863 -3.0
-0.14839 -2.6
-0.14815 -2.2
-0.1479 -1.7
-0.14766 -1.2
-0.14741 -0.7
-0.14717 -0.2
-0.14693 0.3
-0.14668 0.9
-0.14644 1.4
-0.14619 1.8
-0.14595 2.3
-0.14571 2.7
-0.14546 3.1
-0.14522 3.5
-0.14497 3.7
-0.14473 4.0
-0.14448 4.2
-0.14424 4.3
-0.144 4.3
-0.14375 4.3
-0.14351 4.2
-0.14326 4.1
-0.14302 3.9
-0.14278 3.6
-0.14253 3.3
-0.14229 2.9
-0.14204 2.5
-0.1418 2.1
-0.14155 1.6
-0.14131 1.1
-0.14107 0.5
-0.14082 0.0
-0.14058 -0.5
-0.14033 -1.1
-0.14009 -1.6
-0.13985 -2.1
-0.1396 -2.5
-0.13936 -2.9
-0.13911 -3.3
-0.13887 -3.6
-0.13863 -3.9
-0.13838 -4.1
-0.13814 -4.3
-0.13789 -4.3
-0.13765 -4.4
-0.1374 -4.3
-0.13716 -4.2
-0.13692 -4.0
-0.13667 -3.8
-0.13643 -3.5
-0.13618 -3.1
-0.13594 -2.7
-0.1357 -2.2
-0.13545 -1.7
-0.13521 -1.2
-0.13496 -0.7
-0.13472 -0.2
-0.13447 0.4
-0.13423 0.9
-0.13399 1.5
-0.13374 2.0
-0.1335 2.5
-0.13325 2.9
-0.13301 3.3
-0.13277 3.6
-0.13252 3.9
-0.13228 4.1
-0.13203 4.3
-0.13179 4.4
-0.13155 4.4
-0.1313 4.4
-0.13106 4.2
-0.13081 4.1
-0.13057 3.8
-0.13032 3.5
-0.13008 3.1
-0.12984 2.7
-0.12959 2.2
-0.12935 1.7
-0.1291 1.2
-0.12886 0.6
-0.12862 0.0
-0.12837 -0.5
-0.12813 -1.0
-0.12788 -1.6
-0.12764 -2.1
-0.12739 -2.6
-0.12715 -3.0
-0.12691 -3.4
-0.12666 -3.7
-0.12642 -4.0
-0.12617 -4.2
-0.12593 -4.4
-0.12569 -4.4
-0.12544 -4.4
-0.1252 -4.4
-0.12495 -4.2
-0.12471 -4.0
-0.12446 -3.7
-0.12422 -3.4
-0.12398 -3.0
-0.12373 -2.5
-0.12349 -2.0
-0.12324 -1.5
-0.123 -0.9
-0.12276 -0.4
-0.12251 0.2
-0.12227 0.8
-0.12202 1.3
-0.12178 1.9
-0.12154 2.4
-0.12129 2.9
-0.12105 3.3
-0.1208 3.7
-0.12056 4.0
-0.12031 4.2
-0.12007 4.4
-0.11983 4.5
-0.11958 4.5
-0.11934 4.4
-0.11909 4.3
-0.11885 4.1
-0.11861 3.8
-0.11836 3.5
-0.11812 3.1
-0.11787 2.6
-0.11763 2.1
-0.11738 1.6
-0.11714 1.0
-0.1169 0.4
-0.11665 -0.2
-0.11641 -0.8
-0.11616 -1.3
-0.11592 -1.9
-0.11568 -2.4
-0.11543 -2.9
-0.11519 -3.3
-0.11494 -3.7
-0.1147 -4.0
-0.11446 -4.3
-0.11421 -4.4
-0.11397 -4.5
-0.11372 -4.5
-0.11348 -4.5
-0.11323 -4.3
-0.11299 -4.1
-0.11275 -3.8
-0.1125 -3.4
-0.11226 -3.0
-0.11201 -2.5
-0.11177 -2.0
-0.11153 -1.4
-0.11128 -0.9
-0.11104 -0.2
-0.11079 0.4
-0.11055 1.0
-0.1103 1.6
-0.11006 2.1
-0.10982 2.7
-0.10957 3.1
-0.10933 3.6
-0.10908 3.9
-0.10884 4.2
-0.1086 4.4
-0.10835 4.6
-0.10811 4.6
-0.10786 4.6
-0.10762 4.5
-0.10738 4.3
-0.10713 4.0
-0.10689 3.6
-0.10664 3.2
-0.1064 2.7
-0.10615 2.2
-0.10591 1.6
-0.10567 1.0
-0.10542 0.4
-0.10518 -0.2
-0.10493 -0.8
-0.10469 -1.5
-0.10445 -2.0
-0.1042 -2.6
-0.10396 -3.1
-0.10371 -3.5
-0.10347 -3.9
-0.10322 -4.2
-0.10298 -4.5
-0.10274 -4.6
-0.10249 -4.7
-0.10225 -4.6
-0.102 -4.5
-0.10176 -4.3
-0.10152 -4.0
-0.10127 -3.7
-0.10103 -3.2
-0.10078 -2.7
-0.10054 -2.2
-0.1003 -1.6
-0.10005 -1.0
-0.09981 -0.3
-0.09956 0.3
-0.09932 1.0
-0.09907 1.6
-0.09883 2.2
-0.09859 2.7
-0.09834 3.3
-0.0981 3.7
-0.09785 4.1
-0.09761 4.4
-0.09737 4.6
-0.09712 4.7
-0.09688 4.7
-0.09663 4.7
-0.09639 4.5
-0.09614 4.3
-0.0959 3.9
-0.09566 3.5
-0.09541 3.0
-0.09517 2.5
-0.09492 1.9
-0.09468 1.3
-0.09444 0.6
-0.09419 0.0
-0.09395 -0.7
-0.0937 -1.4
-0.09346 -2.0
-0.09321 -2.6
-0.09297 -3.1
-0.09273 -3.6
-0.09248 -4.0
-0.09224 -4.3
-0.09199 -4.6
-0.09175 -4.7
-0.09151 -4.8
-0.09126 -4.7
-0.09102 -4.6
-0.09077 -4.4
-0.09053 -4.0
-0.09029 -3.6
-0.09004 -3.1
-0.0898 -2.6
-0.08955 -2.0
-0.08931 -1.3
-0.08906 -0.6
-0.08882 0.0
-0.08858 0.7
-0.08833 1.4
-0.08809 2.1
-0.08784 2.7
-0.0876 3.2
-0.08736 3.7
-0.08711 4.1
-0.08687 4.5
-0.08662 4.7
-0.08638 4.8
-0.08613 4.8
-0.08589 4.8
-0.08565 4.6
-0.0854 4.3
-0.08516 4.0
-0.08491 3.5
-0.08467 3.0
-0.08443 2.4
-0.08418 1.7
-0.08394 1.1
-0.08369 0.3
-0.08345 -0.4
-0.08321 -1.1
-0.08296 -1.8
-0.08272 -2.4
-0.08247 -3.0
-0.08223 -3.6
-0.08198 -4.0
-0.08174 -4.4
-0.0815 -4.7
-0.08125 -4.8
-0.08101 -4.9
-0.08076 -4.9
-0.08052 -4.7
-0.08028 -4.5
-0.08003 -4.1
-0.07979 -3.7
-0.07954 -3.1
-0.0793 -2.5
-0.07905 -1.9
-0.07881 -1.2
-0.07857 -0.4
-0.07832 0.3
-0.07808 1.0
-0.07783 1.8
-0.07759 2.4
-0.07735 3.1
-0.0771 3.6
-0.07686 4.1
-0.07661 4.5
-0.07637 4.8
-0.07613 4.9
-0.07588 5.0
-0.07564 4.9
-0.07539 4.8
-0.07515 4.5
-0.0749 4.1
-0.07466 3.6
-0.07442 3.0
-0.07417 2.4
-0.07393 1.7
-0.07368 0.9
-0.07344 0.2
-0.0732 -0.6
-0.07295 -1.4
-0.07271 -2.1
-0.07246 -2.8
-0.07222 -3.4
-0.07197 -3.9
-0.07173 -4.4
-0.07149 -4.7
-0.07124 -4.9
-0.071 -5.0
-0.07075 -5.0
-0.07051 -4.9
-0.07027 -4.7
-0.07002 -4.3
-0.06978 -3.8
-0.06953 -3.2
-0.06929 -2.6
-0.06905 -1.9
-0.0688 -1.1
-0.06856 -0.3
-0.06831 0.5
-0.06807 1.3
-0.06782 2.0
-0.06758 2.7
-0.06734 3.4
-0.06709 4.0
-0.06685 4.4
-0.0666 4.8
-0.06636 5.0
-0.06612 5.1
-0.06587 5.1
-0.06563 5.0
-0.06538 4.7
-0.06514 4.3
-0.06489 3.8
-0.06465 3.2
-0.06441 2.5
-0.06416 1.7
-0.06392 0.9
-0.06367 0.0
-0.06343 -0.7
-0.06319 -1.6
-0.06294 -2.3
-0.0627 -3.1
-0.06245 -3.7
-0.06221 -4.3
-0.06196 -4.7
-0.06172 -5.0
-0.06148 -5.2
-0.06123 -5.2
-0.06099 -5.1
-0.06074 -4.9
-0.0605 -4.5
-0.06026 -4.0
-0.06001 -3.4
-0.05977 -2.7
-0.05952 -2.0
-0.05928 -1.1
-0.05904 -0.3
-0.05879 0.6
-0.05855 1.5
-0.0583 2.3
-0.05806 3.0
-0.05781 3.7
-0.05757 4.3
-0.05733 4.8
-0.05708 5.1
-0.05684 5.3
-0.05659 5.3
-0.05635 5.2
-0.05611 4.9
-0.05586 4.6
-0.05562 4.0
-0.05537 3.4
-0.05513 2.6
-0.05488 1.8
-0.05464 0.9
-0.0544 0.0
-0.05415 -0.9
-0.05391 -1.8
-0.05366 -2.6
-0.05342 -3.4
-0.05318 -4.1
-0.05293 -4.6
-0.05269 -5.0
-0.05244 -5.3
-0.0522 -5.4
-0.05196 -5.4
-0.05171 -5.2
-0.05147 -4.8
-0.05122 -4.3
-0.05098 -3.7
-0.05073 -2.9
-0.05049 -2.1
-0.05025 -1.2
-0.05 -0.2
-0.04976 0.7
-0.04951 1.7
-0.04927 2.6
-0.04903 3.4
-0.04878 4.1
-0.04854 4.7
-0.04829 5.1
-0.04805 5.4
-0.0478 5.5
-0.04756 5.5
-0.04732 5.2
-0.04707 4.8
-0.04683 4.3
-0.04658 3.6
-0.04634 2.8
-0.0461 1.9
-0.04585 0.9
-0.04561 -0.1
-0.04536 -1.1
-0.04512 -2.1
-0.04488 -3.0
-0.04463 -3.8
-0.04439 -4.5
-0.04414 -5.0
-0.0439 -5.4
-0.04365 -5.6
-0.04341 -5.6
-0.04317 -5.4
-0.04292 -5.1
-0.04268 -4.5
-0.04243 -3.9
-0.04219 -3.0
-0.04195 -2.1
-0.0417 -1.1
-0.04146 0.0
-0.04121 1.0
-0.04097 2.1
-0.04072 3.0
-0.04048 3.9
-0.04024 4.6
-0.03999 5.2
-0.03975 5.6
-0.0395 5.8
-0.03926 5.7
-0.03902 5.5
-0.03877 5.1
-0.03853 4.5
-0.03828 3.7
-0.03804 2.8
-0.0378 1.7
-0.03755 0.6
-0.03731 -0.5
-0.03706 -1.6
-0.03682 -2.6
-0.03657 -3.6
-0.03633 -4.4
-0.03609 -5.1
-0.03584 -5.6
-0.0356 -5.9
-0.03535 -5.9
-0.03511 -5.7
-0.03487 -5.3
-0.03462 -4.7
-0.03438 -3.9
-0.03413 -2.9
-0.03389 -1.8
-0.03364 -0.7
-0.0334 0.5
-0.03316 1.7
-0.03291 2.8
-0.03267 3.8
-0.03242 4.7
-0.03218 5.4
-0.03194 5.8
-0.03169 6.0
-0.03145 6.0
-0.0312 5.7
-0.03096 5.2
-0.03071 4.4
-0.03047 3.5
-0.03023 2.4
-0.02998 1.2
-0.02974 0.0
-0.02949 -1.4
-0.02925 -2.6
-0.02901 -3.7
-0.02876 -4.7
-0.02852 -5.4
-0.02827 -6.0
-0.02803 -6.2
-0.02779 -6.2
-0.02754 -5.9
-0.0273 -5.3
-0.02705 -4.5
-0.02681 -3.4
-0.02656 -2.2
-0.02632 -0.9
-0.02608 0.5
-0.02583 1.8
-0.02559 3.1
-0.02534 4.2
-0.0251 5.2
-0.02486 5.9
-0.02461 6.3
-0.02437 6.4
-0.02412 6.2
-0.02388 5.7
-0.02363 4.9
-0.02339 3.8
-0.02315 2.5
-0.0229 1.1
-0.02266 -0.4
-0.02241 -1.8
-0.02217 -3.2
-0.02193 -4.5
-0.02168 -5.5
-0.02144 -6.2
-0.02119 -6.6
-0.02095 -6.6
-0.02071 -6.3
-0.02046 -5.6
-0.02022 -4.6
-0.01997 -3.3
-0.01973 -1.8
-0.01948 -0.2
-0.01924 1.4
-0.019 3.0
-0.01875 4.4
-0.01851 5.5
-0.01826 6.4
-0.01802 6.8
-0.01778 6.9
-0.01753 6.5
-0.01729 5.7
-0.01704 4.6
-0.0168 3.1
-0.01655 1.4
-0.01631 -0.4
-0.01607 -2.2
-0.01582 -3.8
-0.01558 -5.2
-0.01533 -6.3
-0.01509 -7.0
-0.01485 -7.2
-0.0146 -6.9
-0.01436 -6.1
-0.01411 -4.8
-0.01387 -3.2
-0.01363 -1.3
-0.01338 0.7
-0.01314 2.7
-0.01289 4.5
-0.01265 6.0
-0.0124 7.0
-0.01216 7.5
-0.01192 7.4
-0.01167 6.7
-0.01143 5.5
-0.01118 3.7
-0.01094 1.6
-0.0107 -0.7
-0.01045 -3.0
-0.01021 -5.0
-0.00996 -6.6
-0.00972 -7.7
-0.00947 -8.0
-0.00923 -7.6
-0.00899 -6.4
-0.00874 -4.6
-0.0085 -2.2
-0.00825 0.5
-0.00801 3.1
-0.00777 5.5
-0.00752 7.4
-0.00728 8.4
-0.00703 8.5
-0.00679 7.6
-0.00655 5.7
-0.0063 3.0
-0.00606 -0.1
-0.00581 -3.3
-0.00557 -6.2
-0.00532 -8.3
-0.00508 -9.3
-0.00484 -8.9
-0.00459 -7.0
-0.00435 -3.9
-0.0041 0.0
-0.00386 4.1
-0.00362 7.6
-0.00337 9.9
-0.00313 10.2
-0.00288 8.3
-0.00264 4.4
-0.00239 -0.8
-0.00215 -6.3
-0.00191 -10.4
-0.00166 -11.6
-0.00142 -9.2
-0.00117 -3.1
-0.00093 4.8
-0.00069 11.5
-0.00044 13.1
-0.0002 6.9
5e-05 -4.9
0.00029 -13.3
0.00054 -8.6
0.00078 4.9
0.00102 10.4
0.00127 2.2
0.00151 -6.3
0.00176 -4.1
0.002 2.6
0.00224 3.5
0.00249 -0.6
0.00273 -2.4
0.00298 -0.3
0.00322 1.4
0.00346 0.5
0.00371 -0.8
0.00395 -0.5
0.0042 0.4
0.00444 0.4
0.00469 -0.1
0.00493 -0.3
0.00517 0.0
0.00542 0.2
0.00566 0.0
0.00591 -0.1
0.00615 0.0
0.00639 0.0
0.00664 0.0
0.00688 0.0
0.00713 0.0
0.00737 0.0
0.00762 0.0
0.00786 0.0
0.0081 0.0
0.00835 0.0
0.00859 0.0
0.00884 0.0
0.00908 0.0
0.00932 0.0
0.00957 0.0
0.00981 0.0
0.01006 0.0
0.0103 0.0
0.01054 0.0
0.01079 0.0
0.01103 0.0
0.01128 0.0
0.01152 0.0
0.01177 0.0
0.01201 0.0
0.01225 0.0
0.0125 0.0
0.01274 0.0
0.01299 0.0
0.01323 0.0
0.01347 0.0
0.01372 0.0
0.01396 0.0
0.01421 0.0
0.01445 0.0
0.0147 0.0
0.01494 0.0
0.01518 0.0
0.01543 0.0
0.01567 0.0
0.01592 0.0
0.01616 0.0
0.0164 0.0
0.01665 0.0
0.01689 0.0
0.01714 0.0
0.01738 0.0
0.01762 0.0
0.01787 0.0
0.01811 0.0
0.01836 0.0
0.0186 0.0
0.01885 0.0
0.01909 0.0
0.01933 0.0
0.01958 0.0
0.01982 0.0
0.02007 0.0
0.02031 0.0
0.02055 0.0
0.0208 0.0
0.02104 0.0
0.02129 0.0
0.02153 0.0
0.02178 0.0
0.02202 0.0
0.02226 0.0
0.02251 0.0
0.02275 0.0
0.023 0.0
0.02324 0.0
0.02348 0.0
0.02373 0.0
0.02397 0.0
0.02422 0.0
0.02446 0.0
0.0247 0.0
0.02495 0.0
0.02519 0.0
0.02544 0.0
0.02568 0.0
0.02593 0.0
0.02617 0.0
0.02641 0.0
0.02666 0.0
0.0269 0.0
0.02715 0.0
0.02739 0.0
0.02763 0.0
0.02788 0.0
0.02812 0.0
0.02837 0.0
0.02861 0.0
0.02886 0.0
0.0291 0.0
0.02934 0.0
0.02959 0.0
0.02983 0.0
0.03008 0.0
0.03032 0.0
0.03056 0.0
0.03081 0.0
0.03105 0.0
0.0313 0.0
0.03154 0.0
0.03179 0.0
0.03203 0.0
0.03227 0.0
0.03252 0.0
0.03276 0.0
0.03301 0.0
0.03325 0.0
0.03349 0.0
0.03374 0.0
0.03398 0.0
0.03423 0.0
0.03447 0.0
0.03471 0.0
0.03496 0.0
0.0352 0.0
0.03545 0.0
0.03569 0.0
0.03594 0.0
0.03618 0.0
0.03642 0.0
0.03667 0.0
0.03691 0.0
0.03716 0.0
0.0374 0.0
0.03764 0.0
0.03789 0.0
0.03813 0.0
0.03838 0.0
0.03862 0.0
0.03887 0.0
0.03911 0.0
0.03935 0.0
0.0396 0.0
0.03984 0.0
0.04009 0.0
0.04033 0.0
0.04057 0.0
0.04082 0.0
0.04106 0.0
0.04131 0.0
0.04155 0.0
0.04179 0.0
0.04204 0.0
0.04228 0.0
0.04253 0.0
0.04277 0.0
0.04302 0.0
0.04326 0.0
0.0435 0.0
