t strain*1e23
-4.56088 1.3
-4.56064 1.4
-4.56039 1.5
-4.56015 1.5
-4.5599 1.6
-4.55966 1.7
-4.55941 1.7
-4.55917 1.8
-4.55893 1.9
-4.55868 1.9
-4.55844 2.0
-4.55819 2.0
-4.55795 2.1
-4.55771 2.1
-4.55746 2.2
-4.55722 2.2
-4.55697 2.2
-4.55673 2.3
-4.55649 2.3
-4.55624 2.3
-4.556 2.3
-4.55575 2.4
-4.55551 2.4
-4.55526 2.4
-4.55502 2.4
-4.55478 2.4
-4.55453 2.4
-4.55429 2.4
-4.55404 2.4
-4.5538 2.4
-4.55356 2.4
-4.55331 2.3
-4.55307 2.3
-4.55282 2.3
-4.55258 2.3
-4.55233 2.2
-4.55209 2.2
-4.55185 2.2
-4.5516 2.1
-4.55136 2.1
-4.55111 2.0
-4.55087 2.0
-4.55063 1.9
-4.55038 1.9
-4.55014 1.8
-4.54989 1.8
-4.54965 1.7
-4.54941 1.6
-4.54916 1.6
-4.54892 1.5
-4.54867 1.4
-4.54843 1.3
-4.54818 1.3
-4.54794 1.2
-4.5477 1.1
-4.54745 1.0
-4.54721 0.9
-4.54696 0.8
-4.54672 0.8
-4.54648 0.7
-4.54623 0.6
-4.54599 0.5
-4.54574 0.4
-4.5455 0.3
-4.54525 0.2
-4.54501 0.1
-4.54477 0.0
-4.54452 0.0
-4.54428 -0.2
-4.54403 -0.2
-4.54379 -0.3
-4.54355 -0.4
-4.5433 -0.5
-4.54306 -0.6
-4.54281 -0.7
-4.54257 -0.8
-4.54233 -0.9
-4.54208 -1.0
-4.54184 -1.0
-4.54159 -1.1
-4.54135 -1.2
-4.5411 -1.3
-4.54086 -1.4
-4.54062 -1.4
-4.54037 -1.5
-4.54013 -1.6
-4.53988 -1.6
-4.53964 -1.7
-4.5394 -1.8
-4.53915 -1.8
-4.53891 -1.9
-4.53866 -2.0
-4.53842 -2.0
-4.53817 -2.1
-4.53793 -2.1
-4.53769 -2.1
-4.53744 -2.2
-4.5372 -2.2
-4.53695 -2.3
-4.53671 -2.3
-4.53647 -2.3
-4.53622 -2.3
-4.53598 -2.4
-4.53573 -2.4
-4.53549 -2.4
-4.53524 -2.4
-4.535 -2.4
-4.53476 -2.4
-4.53451 -2.4
-4.53427 -2.4
-4.53402 -2.4
-4.53378 -2.4
-4.53354 -2.4
-4.53329 -2.3
-4.53305 -2.3
-4.5328 -2.3
-4.53256 -2.3
-4.53232 -2.2
-4.53207 -2.2
-4.53183 -2.1
-4.53158 -2.1
-4.53134 -2.1
-4.53109 -2.0
-4.53085 -2.0
-4.53061 -1.9
-4.53036 -1.8
-4.53012 -1.8
-4.52987 -1.7
-4.52963 -1.7
-4.52939 -1.6
-4.52914 -1.5
-4.5289 -1.4
-4.52865 -1.4
-4.52841 -1.3
-4.52816 -1.2
-4.52792 -1.1
-4.52768 -1.0
-4.52743 -1.0
-4.52719 -0.9
-4.52694 -0.8
-4.5267 -0.7
-4.52646 -0.6
-4.52621 -0.5
-4.52597 -0.4
-4.52572 -0.3
-4.52548 -0.3
-4.52524 -0.2
-4.52499 0.0
-4.52475 0.0
-4.5245 0.1
-4.52426 0.2
-4.52401 0.3
-4.52377 0.4
-4.52353 0.5
-4.52328 0.6
-4.52304 0.7
-4.52279 0.8
-4.52255 0.8
-4.52231 0.9
-4.52206 1.0
-4.52182 1.1
-4.52157 1.2
-4.52133 1.3
-4.52108 1.3
-4.52084 1.4
-4.5206 1.5
-4.52035 1.6
-4.52011 1.6
-4.51986 1.7
-4.51962 1.8
-4.51938 1.8
-4.51913 1.9
-4.51889 1.9
-4.51864 2.0
-4.5184 2.0
-4.51816 2.1
-4.51791 2.1
-4.51767 2.2
-4.51742 2.2
-4.51718 2.2
-4.51693 2.3
-4.51669 2.3
-4.51645 2.3
-4.5162 2.3
-4.51596 2.4
-4.51571 2.4
-4.51547 2.4
-4.51523 2.4
-4.51498 2.4
-4.51474 2.4
-4.51449 2.4
-4.51425 2.4
-4.514 2.4
-4.51376 2.4
-4.51352 2.3
-4.51327 2.3
-4.51303 2.3
-4.51278 2.3
-4.51254 2.2
-4.5123 2.2
-4.51205 2.2
-4.51181 2.1
-4.51156 2.1
-4.51132 2.0
-4.51108 2.0
-4.51083 1.9
-4.51059 1.9
-4.51034 1.8
-4.5101 1.7
-4.50985 1.7
-4.50961 1.6
-4.50937 1.5
-4.50912 1.5
-4.50888 1.4
-4.50863 1.3
-4.50839 1.2
-4.50815 1.2
-4.5079 1.1
-4.50766 1.0
-4.50741 0.9
-4.50717 0.8
-4.50692 0.7
-4.50668 0.6
-4.50644 0.6
-4.50619 0.5
-4.50595 0.4
-4.5057 0.3
-4.50546 0.2
-4.50522 0.0
-4.50497 0.0
-4.50473 0.0
-4.50448 -0.2
-4.50424 -0.3
-4.50399 -0.4
-4.50375 -0.5
-4.50351 -0.6
-4.50326 -0.6
-4.50302 -0.7
-4.50277 -0.8
-4.50253 -0.9
-4.50229 -1.0
-4.50204 -1.1
-4.5018 -1.2
-4.50155 -1.2
-4.50131 -1.3
-4.50107 -1.4
-4.50082 -1.5
-4.50058 -1.5
-4.50033 -1.6
-4.50009 -1.7
-4.49984 -1.7
-4.4996 -1.8
-4.49936 -1.9
-4.49911 -1.9
-4.49887 -2.0
-4.49862 -2.0
-4.49838 -2.1
-4.49814 -2.1
-4.49789 -2.2
-4.49765 -2.2
-4.4974 -2.2
-4.49716 -2.3
-4.49691 -2.3
-4.49667 -2.3
-4.49643 -2.3
-4.49618 -2.4
-4.49594 -2.4
-4.49569 -2.4
-4.49545 -2.4
-4.49521 -2.4
-4.49496 -2.4
-4.49472 -2.4
-4.49447 -2.4
-4.49423 -2.4
-4.49399 -2.4
-4.49374 -2.3
-4.4935 -2.3
-4.49325 -2.3
-4.49301 -2.3
-4.49276 -2.2
-4.49252 -2.2
-4.49228 -2.2
-4.49203 -2.1
-4.49179 -2.1
-4.49154 -2.0
-4.4913 -2.0
-4.49106 -1.9
-4.49081 -1.9
-4.49057 -1.8
-4.49032 -1.8
-4.49008 -1.7
-4.48983 -1.6
-4.48959 -1.6
-4.48935 -1.5
-4.4891 -1.4
-4.48886 -1.3
-4.48861 -1.3
-4.48837 -1.2
-4.48813 -1.1
-4.48788 -1.0
-4.48764 -0.9
-4.48739 -0.8
-4.48715 -0.7
-4.48691 -0.7
-4.48666 -0.6
-4.48642 -0.5
-4.48617 -0.4
-4.48593 -0.3
-4.48568 -0.2
-4.48544 -0.1
-4.4852 0.0
-4.48495 0.0
-4.48471 0.2
-4.48446 0.3
-4.48422 0.4
-4.48398 0.5
-4.48373 0.5
-4.48349 0.6
-4.48324 0.7
-4.483 0.8
-4.48275 0.9
-4.48251 1.0
-4.48227 1.1
-4.48202 1.1
-4.48178 1.2
-4.48153 1.3
-4.48129 1.4
-4.48105 1.5
-4.4808 1.5
-4.48056 1.6
-4.48031 1.7
-4.48007 1.7
-4.47983 1.8
-4.47958 1.9
-4.47934 1.9
-4.47909 2.0
-4.47885 2.0
-4.4786 2.1
-4.47836 2.1
-4.47812 2.2
-4.47787 2.2
-4.47763 2.2
-4.47738 2.3
-4.47714 2.3
-4.4769 2.3
-4.47665 2.3
-4.47641 2.4
-4.47616 2.4
-4.47592 2.4
-4.47567 2.4
-4.47543 2.4
-4.47519 2.4
-4.47494 2.4
-4.4747 2.4
-4.47445 2.4
-4.47421 2.4
-4.47397 2.4
-4.47372 2.3
-4.47348 2.3
-4.47323 2.3
-4.47299 2.2
-4.47274 2.2
-4.4725 2.2
-4.47226 2.1
-4.47201 2.1
-4.47177 2.0
-4.47152 2.0
-4.47128 1.9
-4.47104 1.9
-4.47079 1.8
-4.47055 1.8
-4.4703 1.7
-4.47006 1.6
-4.46982 1.6
-4.46957 1.5
-4.46933 1.4
-4.46908 1.3
-4.46884 1.3
-4.46859 1.2
-4.46835 1.1
-4.46811 1.0
-4.46786 0.9
-4.46762 0.8
-4.46737 0.7
-4.46713 0.7
-4.46689 0.6
-4.46664 0.5
-4.4664 0.4
-4.46615 0.3
-4.46591 0.2
-4.46566 0.1
-4.46542 0.0
-4.46518 0.0
-4.46493 -0.2
-4.46469 -0.3
-4.46444 -0.4
-4.4642 -0.5
-4.46396 -0.5
-4.46371 -0.6
-4.46347 -0.7
-4.46322 -0.8
-4.46298 -0.9
-4.46274 -1.0
-4.46249 -1.1
-4.46225 -1.2
-4.462 -1.2
-4.46176 -1.3
-4.46151 -1.4
-4.46127 -1.5
-4.46103 -1.5
-4.46078 -1.6
-4.46054 -1.7
-4.46029 -1.7
-4.46005 -1.8
-4.45981 -1.9
-4.45956 -1.9
-4.45932 -2.0
-4.45907 -2.0
-4.45883 -2.1
-4.45858 -2.1
-4.45834 -2.2
-4.4581 -2.2
-4.45785 -2.2
-4.45761 -2.3
-4.45736 -2.3
-4.45712 -2.3
-4.45688 -2.3
-4.45663 -2.4
-4.45639 -2.4
-4.45614 -2.4
-4.4559 -2.4
-4.45566 -2.4
-4.45541 -2.4
-4.45517 -2.4
-4.45492 -2.4
-4.45468 -2.4
-4.45443 -2.4
-4.45419 -2.4
-4.45395 -2.3
-4.4537 -2.3
-4.45346 -2.3
-4.45321 -2.2
-4.45297 -2.2
-4.45273 -2.2
-4.45248 -2.1
-4.45224 -2.1
-4.45199 -2.0
-4.45175 -2.0
-4.4515 -1.9
-4.45126 -1.9
-4.45102 -1.8
-4.45077 -1.8
-4.45053 -1.7
-4.45028 -1.6
-4.45004 -1.6
-4.4498 -1.5
-4.44955 -1.4
-4.44931 -1.3
-4.44906 -1.2
-4.44882 -1.2
-4.44858 -1.1
-4.44833 -1.0
-4.44809 -0.9
-4.44784 -0.8
-4.4476 -0.7
-4.44735 -0.6
-4.44711 -0.6
-4.44687 -0.5
-4.44662 -0.4
-4.44638 -0.3
-4.44613 -0.2
-4.44589 0.0
-4.44565 0.0
-4.4454 0.0
-4.44516 0.2
-4.44491 0.3
-4.44467 0.4
-4.44442 0.5
-4.44418 0.6
-4.44394 0.6
-4.44369 0.7
-4.44345 0.8
-4.4432 0.9
-4.44296 1.0
-4.44272 1.1
-4.44247 1.2
-4.44223 1.2
-4.44198 1.3
-4.44174 1.4
-4.44149 1.5
-4.44125 1.6
-4.44101 1.6
-4.44076 1.7
-4.44052 1.8
-4.44027 1.8
-4.44003 1.9
-4.43979 1.9
-4.43954 2.0
-4.4393 2.0
-4.43905 2.1
-4.43881 2.1
-4.43857 2.2
-4.43832 2.2
-4.43808 2.2
-4.43783 2.3
-4.43759 2.3
-4.43734 2.3
-4.4371 2.4
-4.43686 2.4
-4.43661 2.4
-4.43637 2.4
-4.43612 2.4
-4.43588 2.4
-4.43564 2.4
-4.43539 2.4
-4.43515 2.4
-4.4349 2.4
-4.43466 2.4
-4.43441 2.4
-4.43417 2.3
-4.43393 2.3
-4.43368 2.3
-4.43344 2.2
-4.43319 2.2
-4.43295 2.2
-4.43271 2.1
-4.43246 2.1
-4.43222 2.0
-4.43197 2.0
-4.43173 1.9
-4.43149 1.9
-4.43124 1.8
-4.431 1.7
-4.43075 1.7
-4.43051 1.6
-4.43026 1.5
-4.43002 1.5
-4.42978 1.4
-4.42953 1.3
-4.42929 1.2
-4.42904 1.1
-4.4288 1.1
-4.42856 1.0
-4.42831 0.9
-4.42807 0.8
-4.42782 0.7
-4.42758 0.6
-4.42733 0.5
-4.42709 0.4
-4.42685 0.3
-4.4266 0.3
-4.42636 0.2
-4.42611 0.0
-4.42587 0.0
-4.42563 -0.1
-4.42538 -0.2
-4.42514 -0.3
-4.42489 -0.4
-4.42465 -0.5
-4.42441 -0.6
-4.42416 -0.7
-4.42392 -0.8
-4.42367 -0.9
-4.42343 -0.9
-4.42318 -1.0
-4.42294 -1.1
-4.4227 -1.2
-4.42245 -1.3
-4.42221 -1.3
-4.42196 -1.4
-4.42172 -1.5
-4.42148 -1.6
-4.42123 -1.6
-4.42099 -1.7
-4.42074 -1.8
-4.4205 -1.8
-4.42025 -1.9
-4.42001 -2.0
-4.41977 -2.0
-4.41952 -2.1
-4.41928 -2.1
-4.41903 -2.1
-4.41879 -2.2
-4.41855 -2.2
-4.4183 -2.3
-4.41806 -2.3
-4.41781 -2.3
-4.41757 -2.3
-4.41733 -2.4
-4.41708 -2.4
-4.41684 -2.4
-4.41659 -2.4
-4.41635 -2.4
-4.4161 -2.4
-4.41586 -2.4
-4.41562 -2.4
-4.41537 -2.4
-4.41513 -2.4
-4.41488 -2.4
-4.41464 -2.3
-4.4144 -2.3
-4.41415 -2.3
-4.41391 -2.3
-4.41366 -2.2
-4.41342 -2.2
-4.41317 -2.2
-4.41293 -2.1
-4.41269 -2.1
-4.41244 -2.0
-4.4122 -2.0
-4.41195 -1.9
-4.41171 -1.8
-4.41147 -1.8
-4.41122 -1.7
-4.41098 -1.7
-4.41073 -1.6
-4.41049 -1.5
-4.41024 -1.4
-4.41 -1.4
-4.40976 -1.3
-4.40951 -1.2
-4.40927 -1.1
-4.40902 -1.0
-4.40878 -0.9
-4.40854 -0.9
-4.40829 -0.8
-4.40805 -0.7
-4.4078 -0.6
-4.40756 -0.5
-4.40732 -0.4
-4.40707 -0.3
-4.40683 -0.2
-4.40658 -0.1
-4.40634 0.0
-4.40609 0.0
-4.40585 0.2
-4.40561 0.2
-4.40536 0.3
-4.40512 0.4
-4.40487 0.5
-4.40463 0.6
-4.40439 0.7
-4.40414 0.8
-4.4039 0.9
-4.40365 1.0
-4.40341 1.1
-4.40316 1.1
-4.40292 1.2
-4.40268 1.3
-4.40243 1.4
-4.40219 1.5
-4.40194 1.5
-4.4017 1.6
-4.40146 1.7
-4.40121 1.7
-4.40097 1.8
-4.40072 1.9
-4.40048 1.9
-4.40024 2.0
-4.39999 2.0
-4.39975 2.1
-4.3995 2.1
-4.39926 2.2
-4.39901 2.2
-4.39877 2.2
-4.39853 2.3
-4.39828 2.3
-4.39804 2.3
-4.39779 2.4
-4.39755 2.4
-4.39731 2.4
-4.39706 2.4
-4.39682 2.4
-4.39657 2.4
-4.39633 2.4
-4.39608 2.4
-4.39584 2.4
-4.3956 2.4
-4.39535 2.4
-4.39511 2.4
-4.39486 2.3
-4.39462 2.3
-4.39438 2.3
-4.39413 2.3
-4.39389 2.2
-4.39364 2.2
-4.3934 2.1
-4.39316 2.1
-4.39291 2.0
-4.39267 2.0
-4.39242 1.9
-4.39218 1.9
-4.39193 1.8
-4.39169 1.8
-4.39145 1.7
-4.3912 1.6
-4.39096 1.5
-4.39071 1.5
-4.39047 1.4
-4.39023 1.3
-4.38998 1.2
-4.38974 1.2
-4.38949 1.1
-4.38925 1.0
-4.389 0.9
-4.38876 0.8
-4.38852 0.7
-4.38827 0.6
-4.38803 0.5
-4.38778 0.5
-4.38754 0.4
-4.3873 0.3
-4.38705 0.2
-4.38681 0.0
-4.38656 0.0
-4.38632 -0.1
-4.38608 -0.2
-4.38583 -0.3
-4.38559 -0.4
-4.38534 -0.5
-4.3851 -0.6
-4.38485 -0.7
-4.38461 -0.8
-4.38437 -0.8
-4.38412 -0.9
-4.38388 -1.0
-4.38363 -1.1
-4.38339 -1.2
-4.38315 -1.3
-4.3829 -1.4
-4.38266 -1.4
-4.38241 -1.5
-4.38217 -1.6
-4.38192 -1.6
-4.38168 -1.7
-4.38144 -1.8
-4.38119 -1.8
-4.38095 -1.9
-4.3807 -2.0
-4.38046 -2.0
-4.38022 -2.1
-4.37997 -2.1
-4.37973 -2.2
-4.37948 -2.2
-4.37924 -2.2
-4.37899 -2.3
-4.37875 -2.3
-4.37851 -2.3
-4.37826 -2.3
-4.37802 -2.4
-4.37777 -2.4
-4.37753 -2.4
-4.37729 -2.4
-4.37704 -2.4
-4.3768 -2.4
-4.37655 -2.4
-4.37631 -2.4
-4.37607 -2.4
-4.37582 -2.4
-4.37558 -2.4
-4.37533 -2.4
-4.37509 -2.3
-4.37484 -2.3
-4.3746 -2.3
-4.37436 -2.2
-4.37411 -2.2
-4.37387 -2.2
-4.37362 -2.1
-4.37338 -2.1
-4.37314 -2.0
-4.37289 -2.0
-4.37265 -1.9
-4.3724 -1.8
-4.37216 -1.8
-4.37191 -1.7
-4.37167 -1.6
-4.37143 -1.6
-4.37118 -1.5
-4.37094 -1.4
-4.37069 -1.4
-4.37045 -1.3
-4.37021 -1.2
-4.36996 -1.1
-4.36972 -1.0
-4.36947 -0.9
-4.36923 -0.8
-4.36899 -0.8
-4.36874 -0.7
-4.3685 -0.6
-4.36825 -0.5
-4.36801 -0.4
-4.36776 -0.3
-4.36752 -0.2
-4.36728 -0.1
-4.36703 0.0
-4.36679 0.0
-4.36654 0.2
-4.3663 0.3
-4.36606 0.4
-4.36581 0.5
-4.36557 0.5
-4.36532 0.6
-4.36508 0.7
-4.36483 0.8
-4.36459 0.9
-4.36435 1.0
-4.3641 1.1
-4.36386 1.2
-4.36361 1.2
-4.36337 1.3
-4.36313 1.4
-4.36288 1.5
-4.36264 1.6
-4.36239 1.6
-4.36215 1.7
-4.36191 1.8
-4.36166 1.8
-4.36142 1.9
-4.36117 1.9
-4.36093 2.0
-4.36068 2.0
-4.36044 2.1
-4.3602 2.1
-4.35995 2.2
-4.35971 2.2
-4.35946 2.3
-4.35922 2.3
-4.35898 2.3
-4.35873 2.3
-4.35849 2.4
-4.35824 2.4
-4.358 2.4
-4.35775 2.4
-4.35751 2.4
-4.35727 2.4
-4.35702 2.4
-4.35678 2.4
-4.35653 2.4
-4.35629 2.4
-4.35605 2.4
-4.3558 2.4
-4.35556 2.3
-4.35531 2.3
-4.35507 2.3
-4.35483 2.2
-4.35458 2.2
-4.35434 2.2
-4.35409 2.1
-4.35385 2.1
-4.3536 2.0
-4.35336 2.0
-4.35312 1.9
-4.35287 1.9
-4.35263 1.8
-4.35238 1.7
-4.35214 1.7
-4.3519 1.6
-4.35165 1.5
-4.35141 1.4
-4.35116 1.4
-4.35092 1.3
-4.35067 1.2
-4.35043 1.1
-4.35019 1.0
-4.34994 1.0
-4.3497 0.9
-4.34945 0.8
-4.34921 0.7
-4.34897 0.6
-4.34872 0.5
-4.34848 0.4
-4.34823 0.3
-4.34799 0.2
-4.34774 0.1
-4.3475 0.0
-4.34726 0.0
-4.34701 -0.2
-4.34677 -0.2
-4.34652 -0.3
-4.34628 -0.4
-4.34604 -0.5
-4.34579 -0.6
-4.34555 -0.7
-4.3453 -0.8
-4.34506 -0.9
-4.34482 -1.0
-4.34457 -1.1
-4.34433 -1.2
-4.34408 -1.2
-4.34384 -1.3
-4.34359 -1.4
-4.34335 -1.5
-4.34311 -1.5
-4.34286 -1.6
-4.34262 -1.7
-4.34237 -1.8
-4.34213 -1.8
-4.34189 -1.9
-4.34164 -1.9
-4.3414 -2.0
-4.34115 -2.0
-4.34091 -2.1
-4.34066 -2.1
-4.34042 -2.2
-4.34018 -2.2
-4.33993 -2.3
-4.33969 -2.3
-4.33944 -2.3
-4.3392 -2.3
-4.33896 -2.4
-4.33871 -2.4
-4.33847 -2.4
-4.33822 -2.4
-4.33798 -2.4
-4.33774 -2.4
-4.33749 -2.4
-4.33725 -2.4
-4.337 -2.4
-4.33676 -2.4
-4.33651 -2.4
-4.33627 -2.4
-4.33603 -2.3
-4.33578 -2.3
-4.33554 -2.3
-4.33529 -2.3
-4.33505 -2.2
-4.33481 -2.2
-4.33456 -2.1
-4.33432 -2.1
-4.33407 -2.0
-4.33383 -2.0
-4.33358 -1.9
-4.33334 -1.9
-4.3331 -1.8
-4.33285 -1.7
-4.33261 -1.7
-4.33236 -1.6
-4.33212 -1.5
-4.33188 -1.5
-4.33163 -1.4
-4.33139 -1.3
-4.33114 -1.2
-4.3309 -1.1
-4.33066 -1.1
-4.33041 -1.0
-4.33017 -0.9
-4.32992 -0.8
-4.32968 -0.7
-4.32943 -0.6
-4.32919 -0.5
-4.32895 -0.4
-4.3287 -0.3
-4.32846 -0.2
-4.32821 -0.1
-4.32797 0.0
-4.32773 0.0
-4.32748 0.1
-4.32724 0.2
-4.32699 0.3
-4.32675 0.4
-4.3265 0.5
-4.32626 0.6
-4.32602 0.7
-4.32577 0.8
-4.32553 0.9
-4.32528 1.0
-4.32504 1.1
-4.3248 1.1
-4.32455 1.2
-4.32431 1.3
-4.32406 1.4
-4.32382 1.5
-4.32358 1.5
-4.32333 1.6
-4.32309 1.7
-4.32284 1.8
-4.3226 1.8
-4.32235 1.9
-4.32211 1.9
-4.32187 2.0
-4.32162 2.0
-4.32138 2.1
-4.32113 2.1
-4.32089 2.2
-4.32065 2.2
-4.3204 2.3
-4.32016 2.3
-4.31991 2.3
-4.31967 2.3
-4.31942 2.4
-4.31918 2.4
-4.31894 2.4
-4.31869 2.4
-4.31845 2.4
-4.3182 2.4
-4.31796 2.4
-4.31772 2.4
-4.31747 2.4
-4.31723 2.4
-4.31698 2.4
-4.31674 2.4
-4.31649 2.3
-4.31625 2.3
-4.31601 2.3
-4.31576 2.3
-4.31552 2.2
-4.31527 2.2
-4.31503 2.1
-4.31479 2.1
-4.31454 2.0
-4.3143 2.0
-4.31405 1.9
-4.31381 1.9
-4.31357 1.8
-4.31332 1.7
-4.31308 1.7
-4.31283 1.6
-4.31259 1.5
-4.31234 1.5
-4.3121 1.4
-4.31186 1.3
-4.31161 1.2
-4.31137 1.1
-4.31112 1.1
-4.31088 1.0
-4.31064 0.9
-4.31039 0.8
-4.31015 0.7
-4.3099 0.6
-4.30966 0.5
-4.30941 0.4
-4.30917 0.3
-4.30893 0.2
-4.30868 0.1
-4.30844 0.0
-4.30819 0.0
-4.30795 -0.2
-4.30771 -0.2
-4.30746 -0.3
-4.30722 -0.4
-4.30697 -0.5
-4.30673 -0.6
-4.30649 -0.7
-4.30624 -0.8
-4.306 -0.9
-4.30575 -1.0
-4.30551 -1.1
-4.30526 -1.2
-4.30502 -1.2
-4.30478 -1.3
-4.30453 -1.4
-4.30429 -1.5
-4.30404 -1.5
-4.3038 -1.6
-4.30356 -1.7
-4.30331 -1.8
-4.30307 -1.8
-4.30282 -1.9
-4.30258 -1.9
-4.30233 -2.0
-4.30209 -2.1
-4.30185 -2.1
-4.3016 -2.1
-4.30136 -2.2
-4.30111 -2.2
-4.30087 -2.3
-4.30063 -2.3
-4.30038 -2.3
-4.30014 -2.4
-4.29989 -2.4
-4.29965 -2.4
-4.29941 -2.4
-4.29916 -2.4
-4.29892 -2.4
-4.29867 -2.4
-4.29843 -2.4
-4.29818 -2.4
-4.29794 -2.4
-4.2977 -2.4
-4.29745 -2.4
-4.29721 -2.4
-4.29696 -2.3
-4.29672 -2.3
-4.29648 -2.3
-4.29623 -2.3
-4.29599 -2.2
-4.29574 -2.2
-4.2955 -2.1
-4.29525 -2.1
-4.29501 -2.0
-4.29477 -2.0
-4.29452 -1.9
-4.29428 -1.9
-4.29403 -1.8
-4.29379 -1.7
-4.29355 -1.7
-4.2933 -1.6
-4.29306 -1.5
-4.29281 -1.4
-4.29257 -1.4
-4.29233 -1.3
-4.29208 -1.2
-4.29184 -1.1
-4.29159 -1.0
-4.29135 -0.9
-4.2911 -0.9
-4.29086 -0.8
-4.29062 -0.7
-4.29037 -0.6
-4.29013 -0.5
-4.28988 -0.4
-4.28964 -0.3
-4.2894 -0.2
-4.28915 -0.1
-4.28891 0.0
-4.28866 0.0
-4.28842 0.2
-4.28817 0.3
-4.28793 0.4
-4.28769 0.5
-4.28744 0.5
-4.2872 0.6
-4.28695 0.7
-4.28671 0.8
-4.28647 0.9
-4.28622 1.0
-4.28598 1.1
-4.28573 1.2
-4.28549 1.3
-4.28524 1.3
-4.285 1.4
-4.28476 1.5
-4.28451 1.6
-4.28427 1.6
-4.28402 1.7
-4.28378 1.8
-4.28354 1.8
-4.28329 1.9
-4.28305 2.0
-4.2828 2.0
-4.28256 2.1
-4.28232 2.1
-4.28207 2.2
-4.28183 2.2
-4.28158 2.2
-4.28134 2.3
-4.28109 2.3
-4.28085 2.3
-4.28061 2.4
-4.28036 2.4
-4.28012 2.4
-4.27987 2.4
-4.27963 2.4
-4.27939 2.4
-4.27914 2.4
-4.2789 2.4
-4.27865 2.4
-4.27841 2.4
-4.27816 2.4
-4.27792 2.4
-4.27768 2.4
-4.27743 2.3
-4.27719 2.3
-4.27694 2.3
-4.2767 2.2
-4.27646 2.2
-4.27621 2.2
-4.27597 2.1
-4.27572 2.1
-4.27548 2.0
-4.27524 2.0
-4.27499 1.9
-4.27475 1.8
-4.2745 1.8
-4.27426 1.7
-4.27401 1.6
-4.27377 1.6
-4.27353 1.5
-4.27328 1.4
-4.27304 1.3
-4.27279 1.3
-4.27255 1.2
-4.27231 1.1
-4.27206 1.0
-4.27182 0.9
-4.27157 0.8
-4.27133 0.7
-4.27108 0.7
-4.27084 0.6
-4.2706 0.5
-4.27035 0.4
-4.27011 0.3
-4.26986 0.2
-4.26962 0.0
-4.26938 0.0
-4.26913 -0.1
-4.26889 -0.2
-4.26864 -0.3
-4.2684 -0.4
-4.26816 -0.5
-4.26791 -0.6
-4.26767 -0.7
-4.26742 -0.8
-4.26718 -0.9
-4.26693 -0.9
-4.26669 -1.0
-4.26645 -1.1
-4.2662 -1.2
-4.26596 -1.3
-4.26571 -1.4
-4.26547 -1.4
-4.26523 -1.5
-4.26498 -1.6
-4.26474 -1.7
-4.26449 -1.7
-4.26425 -1.8
-4.264 -1.9
-4.26376 -1.9
-4.26352 -2.0
-4.26327 -2.0
-4.26303 -2.1
-4.26278 -2.1
-4.26254 -2.2
-4.2623 -2.2
-4.26205 -2.3
-4.26181 -2.3
-4.26156 -2.3
-4.26132 -2.3
-4.26108 -2.4
-4.26083 -2.4
-4.26059 -2.4
-4.26034 -2.4
-4.2601 -2.4
-4.25985 -2.4
-4.25961 -2.4
-4.25937 -2.4
-4.25912 -2.4
-4.25888 -2.4
-4.25863 -2.4
-4.25839 -2.4
-4.25815 -2.4
-4.2579 -2.3
-4.25766 -2.3
-4.25741 -2.3
-4.25717 -2.2
-4.25692 -2.2
-4.25668 -2.1
-4.25644 -2.1
-4.25619 -2.1
-4.25595 -2.0
-4.2557 -1.9
-4.25546 -1.9
-4.25522 -1.8
-4.25497 -1.8
-4.25473 -1.7
-4.25448 -1.6
-4.25424 -1.5
-4.25399 -1.5
-4.25375 -1.4
-4.25351 -1.3
-4.25326 -1.2
-4.25302 -1.1
-4.25277 -1.1
-4.25253 -1.0
-4.25229 -0.9
-4.25204 -0.8
-4.2518 -0.7
-4.25155 -0.6
-4.25131 -0.5
-4.25107 -0.4
-4.25082 -0.3
-4.25058 -0.2
-4.25033 -0.1
-4.25009 0.0
-4.24984 0.0
-4.2496 0.2
-4.24936 0.2
-4.24911 0.3
-4.24887 0.4
-4.24862 0.5
-4.24838 0.6
-4.24814 0.7
-4.24789 0.8
-4.24765 0.9
-4.2474 1.0
-4.24716 1.1
-4.24691 1.2
-4.24667 1.2
-4.24643 1.3
-4.24618 1.4
-4.24594 1.5
-4.24569 1.6
-4.24545 1.6
-4.24521 1.7
-4.24496 1.8
-4.24472 1.8
-4.24447 1.9
-4.24423 2.0
-4.24399 2.0
-4.24374 2.1
-4.2435 2.1
-4.24325 2.2
-4.24301 2.2
-4.24276 2.2
-4.24252 2.3
-4.24228 2.3
-4.24203 2.3
-4.24179 2.4
-4.24154 2.4
-4.2413 2.4
-4.24106 2.4
-4.24081 2.4
-4.24057 2.4
-4.24032 2.4
-4.24008 2.4
-4.23983 2.4
-4.23959 2.4
-4.23935 2.4
-4.2391 2.4
-4.23886 2.4
-4.23861 2.3
-4.23837 2.3
-4.23813 2.3
-4.23788 2.3
-4.23764 2.2
-4.23739 2.2
-4.23715 2.1
-4.23691 2.1
-4.23666 2.0
-4.23642 2.0
-4.23617 1.9
-4.23593 1.9
-4.23568 1.8
-4.23544 1.7
-4.2352 1.7
-4.23495 1.6
-4.23471 1.5
-4.23446 1.4
-4.23422 1.3
-4.23398 1.3
-4.23373 1.2
-4.23349 1.1
-4.23324 1.0
-4.233 0.9
-4.23275 0.8
-4.23251 0.7
-4.23227 0.7
-4.23202 0.6
-4.23178 0.5
-4.23153 0.4
-4.23129 0.3
-4.23105 0.2
-4.2308 0.0
-4.23056 0.0
-4.23031 -0.1
-4.23007 -0.2
-4.22983 -0.3
-4.22958 -0.4
-4.22934 -0.5
-4.22909 -0.6
-4.22885 -0.7
-4.2286 -0.8
-4.22836 -0.9
-4.22812 -1.0
-4.22787 -1.0
-4.22763 -1.1
-4.22738 -1.2
-4.22714 -1.3
-4.2269 -1.4
-4.22665 -1.5
-4.22641 -1.5
-4.22616 -1.6
-4.22592 -1.7
-4.22567 -1.7
-4.22543 -1.8
-4.22519 -1.9
-4.22494 -1.9
-4.2247 -2.0
-4.22445 -2.0
-4.22421 -2.1
-4.22397 -2.1
-4.22372 -2.2
-4.22348 -2.2
-4.22323 -2.3
-4.22299 -2.3
-4.22274 -2.3
-4.2225 -2.4
-4.22226 -2.4
-4.22201 -2.4
-4.22177 -2.4
-4.22152 -2.4
-4.22128 -2.4
-4.22104 -2.4
-4.22079 -2.4
-4.22055 -2.4
-4.2203 -2.4
-4.22006 -2.4
-4.21982 -2.4
-4.21957 -2.4
-4.21933 -2.4
-4.21908 -2.3
-4.21884 -2.3
-4.21859 -2.3
-4.21835 -2.2
-4.21811 -2.2
-4.21786 -2.1
-4.21762 -2.1
-4.21737 -2.0
-4.21713 -2.0
-4.21689 -1.9
-4.21664 -1.9
-4.2164 -1.8
-4.21615 -1.7
-4.21591 -1.7
-4.21566 -1.6
-4.21542 -1.5
-4.21518 -1.5
-4.21493 -1.4
-4.21469 -1.3
-4.21444 -1.2
-4.2142 -1.1
-4.21396 -1.0
-4.21371 -1.0
-4.21347 -0.9
-4.21322 -0.8
-4.21298 -0.7
-4.21274 -0.6
-4.21249 -0.5
-4.21225 -0.4
-4.212 -0.3
-4.21176 -0.2
-4.21151 -0.1
-4.21127 0.0
-4.21103 0.0
-4.21078 0.2
-4.21054 0.3
-4.21029 0.4
-4.21005 0.5
-4.20981 0.6
-4.20956 0.7
-4.20932 0.8
-4.20907 0.8
-4.20883 0.9
-4.20858 1.0
-4.20834 1.1
-4.2081 1.2
-4.20785 1.3
-4.20761 1.4
-4.20736 1.4
-4.20712 1.5
-4.20688 1.6
-4.20663 1.7
-4.20639 1.7
-4.20614 1.8
-4.2059 1.9
-4.20566 1.9
-4.20541 2.0
-4.20517 2.0
-4.20492 2.1
-4.20468 2.1
-4.20443 2.2
-4.20419 2.2
-4.20395 2.3
-4.2037 2.3
-4.20346 2.3
-4.20321 2.4
-4.20297 2.4
-4.20273 2.4
-4.20248 2.4
-4.20224 2.4
-4.20199 2.4
-4.20175 2.4
-4.2015 2.4
-4.20126 2.4
-4.20102 2.4
-4.20077 2.4
-4.20053 2.4
-4.20028 2.4
-4.20004 2.4
-4.1998 2.3
-4.19955 2.3
-4.19931 2.3
-4.19906 2.2
-4.19882 2.2
-4.19858 2.2
-4.19833 2.1
-4.19809 2.1
-4.19784 2.0
-4.1976 1.9
-4.19735 1.9
-4.19711 1.8
-4.19687 1.8
-4.19662 1.7
-4.19638 1.6
-4.19613 1.5
-4.19589 1.5
-4.19565 1.4
-4.1954 1.3
-4.19516 1.2
-4.19491 1.1
-4.19467 1.1
-4.19442 1.0
-4.19418 0.9
-4.19394 0.8
-4.19369 0.7
-4.19345 0.6
-4.1932 0.5
-4.19296 0.4
-4.19272 0.3
-4.19247 0.2
-4.19223 0.1
-4.19198 0.0
-4.19174 0.0
-4.19149 -0.2
-4.19125 -0.3
-4.19101 -0.4
-4.19076 -0.5
-4.19052 -0.6
-4.19027 -0.6
-4.19003 -0.7
-4.18979 -0.8
-4.18954 -0.9
-4.1893 -1.0
-4.18905 -1.1
-4.18881 -1.2
-4.18857 -1.3
-4.18832 -1.4
-4.18808 -1.4
-4.18783 -1.5
-4.18759 -1.6
-4.18734 -1.7
-4.1871 -1.7
-4.18686 -1.8
-4.18661 -1.9
-4.18637 -1.9
-4.18612 -2.0
-4.18588 -2.0
-4.18564 -2.1
-4.18539 -2.1
-4.18515 -2.2
-4.1849 -2.2
-4.18466 -2.3
-4.18441 -2.3
-4.18417 -2.3
-4.18393 -2.4
-4.18368 -2.4
-4.18344 -2.4
-4.18319 -2.4
-4.18295 -2.4
-4.18271 -2.4
-4.18246 -2.4
-4.18222 -2.4
-4.18197 -2.4
-4.18173 -2.4
-4.18149 -2.4
-4.18124 -2.4
-4.181 -2.4
-4.18075 -2.4
-4.18051 -2.3
-4.18026 -2.3
-4.18002 -2.3
-4.17978 -2.2
-4.17953 -2.2
-4.17929 -2.2
-4.17904 -2.1
-4.1788 -2.1
-4.17856 -2.0
-4.17831 -2.0
-4.17807 -1.9
-4.17782 -1.8
-4.17758 -1.8
-4.17733 -1.7
-4.17709 -1.6
-4.17685 -1.5
-4.1766 -1.5
-4.17636 -1.4
-4.17611 -1.3
-4.17587 -1.2
-4.17563 -1.1
-4.17538 -1.1
-4.17514 -1.0
-4.17489 -0.9
-4.17465 -0.8
-4.17441 -0.7
-4.17416 -0.6
-4.17392 -0.5
-4.17367 -0.4
-4.17343 -0.3
-4.17318 -0.2
-4.17294 -0.1
-4.1727 0.0
-4.17245 0.0
-4.17221 0.2
-4.17196 0.3
-4.17172 0.4
-4.17148 0.5
-4.17123 0.6
-4.17099 0.6
-4.17074 0.7
-4.1705 0.8
-4.17025 0.9
-4.17001 1.0
-4.16977 1.1
-4.16952 1.2
-4.16928 1.3
-4.16903 1.4
-4.16879 1.4
-4.16855 1.5
-4.1683 1.6
-4.16806 1.7
-4.16781 1.7
-4.16757 1.8
-4.16733 1.9
-4.16708 1.9
-4.16684 2.0
-4.16659 2.0
-4.16635 2.1
-4.1661 2.1
-4.16586 2.2
-4.16562 2.2
-4.16537 2.3
-4.16513 2.3
-4.16488 2.3
-4.16464 2.4
-4.1644 2.4
-4.16415 2.4
-4.16391 2.4
-4.16366 2.4
-4.16342 2.4
-4.16317 2.4
-4.16293 2.4
-4.16269 2.4
-4.16244 2.4
-4.1622 2.4
-4.16195 2.4
-4.16171 2.4
-4.16147 2.4
-4.16122 2.3
-4.16098 2.3
-4.16073 2.3
-4.16049 2.2
-4.16024 2.2
-4.16 2.2
-4.15976 2.1
-4.15951 2.1
-4.15927 2.0
-4.15902 1.9
-4.15878 1.9
-4.15854 1.8
-4.15829 1.8
-4.15805 1.7
-4.1578 1.6
-4.15756 1.5
-4.15732 1.5
-4.15707 1.4
-4.15683 1.3
-4.15658 1.2
-4.15634 1.1
-4.15609 1.1
-4.15585 1.0
-4.15561 0.9
-4.15536 0.8
-4.15512 0.7
-4.15487 0.6
-4.15463 0.5
-4.15439 0.4
-4.15414 0.3
-4.1539 0.2
-4.15365 0.1
-4.15341 0.0
-4.15316 0.0
-4.15292 -0.2
-4.15268 -0.3
-4.15243 -0.4
-4.15219 -0.5
-4.15194 -0.6
-4.1517 -0.7
-4.15146 -0.8
-4.15121 -0.8
-4.15097 -0.9
-4.15072 -1.0
-4.15048 -1.1
-4.15024 -1.2
-4.14999 -1.3
-4.14975 -1.4
-4.1495 -1.4
-4.14926 -1.5
-4.14901 -1.6
-4.14877 -1.7
-4.14853 -1.7
-4.14828 -1.8
-4.14804 -1.9
-4.14779 -1.9
-4.14755 -2.0
-4.14731 -2.0
-4.14706 -2.1
-4.14682 -2.1
-4.14657 -2.2
-4.14633 -2.2
-4.14608 -2.3
-4.14584 -2.3
-4.1456 -2.3
-4.14535 -2.4
-4.14511 -2.4
-4.14486 -2.4
-4.14462 -2.4
-4.14438 -2.4
-4.14413 -2.4
-4.14389 -2.4
-4.14364 -2.4
-4.1434 -2.4
-4.14316 -2.4
-4.14291 -2.4
-4.14267 -2.4
-4.14242 -2.4
-4.14218 -2.4
-4.14193 -2.3
-4.14169 -2.3
-4.14145 -2.3
-4.1412 -2.2
-4.14096 -2.2
-4.14071 -2.2
-4.14047 -2.1
-4.14023 -2.1
-4.13998 -2.0
-4.13974 -1.9
-4.13949 -1.9
-4.13925 -1.8
-4.139 -1.7
-4.13876 -1.7
-4.13852 -1.6
-4.13827 -1.5
-4.13803 -1.5
-4.13778 -1.4
-4.13754 -1.3
-4.1373 -1.2
-4.13705 -1.1
-4.13681 -1.0
-4.13656 -0.9
-4.13632 -0.8
-4.13608 -0.8
-4.13583 -0.7
-4.13559 -0.6
-4.13534 -0.5
-4.1351 -0.4
-4.13485 -0.3
-4.13461 -0.2
-4.13437 0.0
-4.13412 0.0
-4.13388 0.1
-4.13363 0.2
-4.13339 0.3
-4.13315 0.4
-4.1329 0.5
-4.13266 0.6
-4.13241 0.7
-4.13217 0.8
-4.13192 0.9
-4.13168 1.0
-4.13144 1.1
-4.13119 1.1
-4.13095 1.2
-4.1307 1.3
-4.13046 1.4
-4.13022 1.5
-4.12997 1.5
-4.12973 1.6
-4.12948 1.7
-4.12924 1.8
-4.12899 1.8
-4.12875 1.9
-4.12851 2.0
-4.12826 2.0
-4.12802 2.1
-4.12777 2.1
-4.12753 2.2
-4.12729 2.2
-4.12704 2.2
-4.1268 2.3
-4.12655 2.3
-4.12631 2.4
-4.12607 2.4
-4.12582 2.4
-4.12558 2.4
-4.12533 2.4
-4.12509 2.4
-4.12484 2.4
-4.1246 2.5
-4.12436 2.4
-4.12411 2.4
-4.12387 2.4
-4.12362 2.4
-4.12338 2.4
-4.12314 2.4
-4.12289 2.4
-4.12265 2.3
-4.1224 2.3
-4.12216 2.3
-4.12191 2.2
-4.12167 2.2
-4.12143 2.1
-4.12118 2.1
-4.12094 2.0
-4.12069 2.0
-4.12045 1.9
-4.12021 1.9
-4.11996 1.8
-4.11972 1.7
-4.11947 1.7
-4.11923 1.6
-4.11899 1.5
-4.11874 1.4
-4.1185 1.3
-4.11825 1.3
-4.11801 1.2
-4.11776 1.1
-4.11752 1.0
-4.11728 0.9
-4.11703 0.8
-4.11679 0.7
-4.11654 0.6
-4.1163 0.5
-4.11606 0.4
-4.11581 0.3
-4.11557 0.2
-4.11532 0.1
-4.11508 0.0
-4.11483 0.0
-4.11459 -0.1
-4.11435 -0.2
-4.1141 -0.3
-4.11386 -0.4
-4.11361 -0.5
-4.11337 -0.6
-4.11313 -0.7
-4.11288 -0.8
-4.11264 -0.9
-4.11239 -1.0
-4.11215 -1.1
-4.11191 -1.2
-4.11166 -1.3
-4.11142 -1.3
-4.11117 -1.4
-4.11093 -1.5
-4.11068 -1.6
-4.11044 -1.7
-4.1102 -1.7
-4.10995 -1.8
-4.10971 -1.9
-4.10946 -1.9
-4.10922 -2.0
-4.10898 -2.0
-4.10873 -2.1
-4.10849 -2.1
-4.10824 -2.2
-4.108 -2.2
-4.10775 -2.3
-4.10751 -2.3
-4.10727 -2.3
-4.10702 -2.4
-4.10678 -2.4
-4.10653 -2.4
-4.10629 -2.4
-4.10605 -2.4
-4.1058 -2.4
-4.10556 -2.5
-4.10531 -2.5
-4.10507 -2.5
-4.10483 -2.4
-4.10458 -2.4
-4.10434 -2.4
-4.10409 -2.4
-4.10385 -2.4
-4.1036 -2.4
-4.10336 -2.3
-4.10312 -2.3
-4.10287 -2.2
-4.10263 -2.2
-4.10238 -2.2
-4.10214 -2.1
-4.1019 -2.1
-4.10165 -2.0
-4.10141 -2.0
-4.10116 -1.9
-4.10092 -1.8
-4.10067 -1.8
-4.10043 -1.7
-4.10019 -1.6
-4.09994 -1.5
-4.0997 -1.5
-4.09945 -1.4
-4.09921 -1.3
-4.09897 -1.2
-4.09872 -1.1
-4.09848 -1.0
-4.09823 -1.0
-4.09799 -0.9
-4.09774 -0.8
-4.0975 -0.7
-4.09726 -0.6
-4.09701 -0.5
-4.09677 -0.4
-4.09652 -0.3
-4.09628 -0.2
-4.09604 0.0
-4.09579 0.0
-4.09555 0.1
-4.0953 0.2
-4.09506 0.3
-4.09482 0.4
-4.09457 0.5
-4.09433 0.6
-4.09408 0.7
-4.09384 0.8
-4.09359 0.9
-4.09335 1.0
-4.09311 1.1
-4.09286 1.1
-4.09262 1.2
-4.09237 1.3
-4.09213 1.4
-4.09189 1.5
-4.09164 1.6
-4.0914 1.6
-4.09115 1.7
-4.09091 1.8
-4.09066 1.8
-4.09042 1.9
-4.09018 2.0
-4.08993 2.0
-4.08969 2.1
-4.08944 2.1
-4.0892 2.2
-4.08896 2.2
-4.08871 2.3
-4.08847 2.3
-4.08822 2.3
-4.08798 2.4
-4.08774 2.4
-4.08749 2.4
-4.08725 2.4
-4.087 2.4
-4.08676 2.4
-4.08651 2.5
-4.08627 2.5
-4.08603 2.5
-4.08578 2.4
-4.08554 2.4
-4.08529 2.4
-4.08505 2.4
-4.08481 2.4
-4.08456 2.4
-4.08432 2.3
-4.08407 2.3
-4.08383 2.3
-4.08358 2.2
-4.08334 2.2
-4.0831 2.1
-4.08285 2.1
-4.08261 2.0
-4.08236 2.0
-4.08212 1.9
-4.08188 1.9
-4.08163 1.8
-4.08139 1.7
-4.08114 1.6
-4.0809 1.6
-4.08066 1.5
-4.08041 1.4
-4.08017 1.3
-4.07992 1.2
-4.07968 1.2
-4.07943 1.1
-4.07919 1.0
-4.07895 0.9
-4.0787 0.8
-4.07846 0.7
-4.07821 0.6
-4.07797 0.5
-4.07773 0.4
-4.07748 0.3
-4.07724 0.2
-4.07699 0.1
-4.07675 0.0
-4.0765 0.0
-4.07626 -0.2
-4.07602 -0.3
-4.07577 -0.4
-4.07553 -0.5
-4.07528 -0.6
-4.07504 -0.7
-4.0748 -0.7
-4.07455 -0.8
-4.07431 -0.9
-4.07406 -1.0
-4.07382 -1.1
-4.07358 -1.2
-4.07333 -1.3
-4.07309 -1.4
-4.07284 -1.4
-4.0726 -1.5
-4.07235 -1.6
-4.07211 -1.7
-4.07187 -1.7
-4.07162 -1.8
-4.07138 -1.9
-4.07113 -1.9
-4.07089 -2.0
-4.07065 -2.1
-4.0704 -2.1
-4.07016 -2.2
-4.06991 -2.2
-4.06967 -2.2
-4.06942 -2.3
-4.06918 -2.3
-4.06894 -2.4
-4.06869 -2.4
-4.06845 -2.4
-4.0682 -2.4
-4.06796 -2.4
-4.06772 -2.4
-4.06747 -2.5
-4.06723 -2.5
-4.06698 -2.5
-4.06674 -2.5
-4.06649 -2.4
-4.06625 -2.4
-4.06601 -2.4
-4.06576 -2.4
-4.06552 -2.4
-4.06527 -2.3
-4.06503 -2.3
-4.06479 -2.3
-4.06454 -2.2
-4.0643 -2.2
-4.06405 -2.2
-4.06381 -2.1
-4.06357 -2.0
-4.06332 -2.0
-4.06308 -1.9
-4.06283 -1.9
-4.06259 -1.8
-4.06234 -1.7
-4.0621 -1.7
-4.06186 -1.6
-4.06161 -1.5
-4.06137 -1.4
-4.06112 -1.4
-4.06088 -1.3
-4.06064 -1.2
-4.06039 -1.1
-4.06015 -1.0
-4.0599 -0.9
-4.05966 -0.8
-4.05941 -0.7
-4.05917 -0.6
-4.05893 -0.5
-4.05868 -0.4
-4.05844 -0.3
-4.05819 -0.2
-4.05795 -0.1
-4.05771 0.0
-4.05746 0.0
-4.05722 0.1
-4.05697 0.2
-4.05673 0.3
-4.05649 0.4
-4.05624 0.5
-4.056 0.6
-4.05575 0.7
-4.05551 0.8
-4.05526 0.9
-4.05502 1.0
-4.05478 1.1
-4.05453 1.2
-4.05429 1.3
-4.05404 1.4
-4.0538 1.4
-4.05356 1.5
-4.05331 1.6
-4.05307 1.7
-4.05282 1.7
-4.05258 1.8
-4.05233 1.9
-4.05209 1.9
-4.05185 2.0
-4.0516 2.1
-4.05136 2.1
-4.05111 2.2
-4.05087 2.2
-4.05063 2.2
-4.05038 2.3
-4.05014 2.3
-4.04989 2.3
-4.04965 2.4
-4.04941 2.4
-4.04916 2.4
-4.04892 2.4
-4.04867 2.4
-4.04843 2.5
-4.04818 2.5
-4.04794 2.5
-4.0477 2.5
-4.04745 2.4
-4.04721 2.4
-4.04696 2.4
-4.04672 2.4
-4.04648 2.4
-4.04623 2.4
-4.04599 2.3
-4.04574 2.3
-4.0455 2.2
-4.04525 2.2
-4.04501 2.2
-4.04477 2.1
-4.04452 2.1
-4.04428 2.0
-4.04403 1.9
-4.04379 1.9
-4.04355 1.8
-4.0433 1.7
-4.04306 1.7
-4.04281 1.6
-4.04257 1.5
-4.04233 1.4
-4.04208 1.4
-4.04184 1.3
-4.04159 1.2
-4.04135 1.1
-4.0411 1.0
-4.04086 0.9
-4.04062 0.8
-4.04037 0.7
-4.04013 0.6
-4.03988 0.5
-4.03964 0.4
-4.0394 0.4
-4.03915 0.3
-4.03891 0.2
-4.03866 0.0
-4.03842 0.0
-4.03817 -0.1
-4.03793 -0.2
-4.03769 -0.3
-4.03744 -0.4
-4.0372 -0.5
-4.03695 -0.6
-4.03671 -0.7
-4.03647 -0.8
-4.03622 -0.9
-4.03598 -1.0
-4.03573 -1.1
-4.03549 -1.2
-4.03524 -1.3
-4.035 -1.4
-4.03476 -1.4
-4.03451 -1.5
-4.03427 -1.6
-4.03402 -1.7
-4.03378 -1.7
-4.03354 -1.8
-4.03329 -1.9
-4.03305 -1.9
-4.0328 -2.0
-4.03256 -2.1
-4.03232 -2.1
-4.03207 -2.2
-4.03183 -2.2
-4.03158 -2.2
-4.03134 -2.3
-4.03109 -2.3
-4.03085 -2.4
-4.03061 -2.4
-4.03036 -2.4
-4.03012 -2.4
-4.02987 -2.4
-4.02963 -2.5
-4.02939 -2.5
-4.02914 -2.5
-4.0289 -2.5
-4.02865 -2.5
-4.02841 -2.5
-4.02816 -2.4
-4.02792 -2.4
-4.02768 -2.4
-4.02743 -2.4
-4.02719 -2.4
-4.02694 -2.3
-4.0267 -2.3
-4.02646 -2.2
-4.02621 -2.2
-4.02597 -2.2
-4.02572 -2.1
-4.02548 -2.1
-4.02524 -2.0
-4.02499 -1.9
-4.02475 -1.9
-4.0245 -1.8
-4.02426 -1.7
-4.02401 -1.7
-4.02377 -1.6
-4.02353 -1.5
-4.02328 -1.4
-4.02304 -1.4
-4.02279 -1.3
-4.02255 -1.2
-4.02231 -1.1
-4.02206 -1.0
-4.02182 -0.9
-4.02157 -0.8
-4.02133 -0.7
-4.02108 -0.6
-4.02084 -0.5
-4.0206 -0.4
-4.02035 -0.3
-4.02011 -0.2
-4.01986 -0.1
-4.01962 0.0
-4.01938 0.0
-4.01913 0.2
-4.01889 0.2
-4.01864 0.3
-4.0184 0.4
-4.01816 0.5
-4.01791 0.6
-4.01767 0.7
-4.01742 0.8
-4.01718 0.9
-4.01693 1.0
-4.01669 1.1
-4.01645 1.2
-4.0162 1.3
-4.01596 1.4
-4.01571 1.4
-4.01547 1.5
-4.01523 1.6
-4.01498 1.7
-4.01474 1.7
-4.01449 1.8
-4.01425 1.9
-4.014 1.9
-4.01376 2.0
-4.01352 2.1
-4.01327 2.1
-4.01303 2.2
-4.01278 2.2
-4.01254 2.3
-4.0123 2.3
-4.01205 2.3
-4.01181 2.4
-4.01156 2.4
-4.01132 2.4
-4.01108 2.4
-4.01083 2.4
-4.01059 2.5
-4.01034 2.5
-4.0101 2.5
-4.00985 2.5
-4.00961 2.5
-4.00937 2.5
-4.00912 2.4
-4.00888 2.4
-4.00863 2.4
-4.00839 2.4
-4.00815 2.4
-4.0079 2.3
-4.00766 2.3
-4.00741 2.2
-4.00717 2.2
-4.00692 2.2
-4.00668 2.1
-4.00644 2.1
-4.00619 2.0
-4.00595 1.9
-4.0057 1.9
-4.00546 1.8
-4.00522 1.7
-4.00497 1.7
-4.00473 1.6
-4.00448 1.5
-4.00424 1.4
-4.00399 1.3
-4.00375 1.3
-4.00351 1.2
-4.00326 1.1
-4.00302 1.0
-4.00277 0.9
-4.00253 0.8
-4.00229 0.7
-4.00204 0.6
-4.0018 0.5
-4.00155 0.4
-4.00131 0.3
-4.00107 0.2
-4.00082 0.1
-4.00058 0.0
-4.00033 0.0
-4.00009 -0.2
-3.99984 -0.3
-3.9996 -0.4
-3.99936 -0.5
-3.99911 -0.6
-3.99887 -0.7
-3.99862 -0.8
-3.99838 -0.9
-3.99814 -0.9
-3.99789 -1.0
-3.99765 -1.1
-3.9974 -1.2
-3.99716 -1.3
-3.99691 -1.4
-3.99667 -1.5
-3.99643 -1.5
-3.99618 -1.6
-3.99594 -1.7
-3.99569 -1.8
-3.99545 -1.8
-3.99521 -1.9
-3.99496 -2.0
-3.99472 -2.0
-3.99447 -2.1
-3.99423 -2.1
-3.99399 -2.2
-3.99374 -2.2
-3.9935 -2.3
-3.99325 -2.3
-3.99301 -2.3
-3.99276 -2.4
-3.99252 -2.4
-3.99228 -2.4
-3.99203 -2.4
-3.99179 -2.5
-3.99154 -2.5
-3.9913 -2.5
-3.99106 -2.5
-3.99081 -2.5
-3.99057 -2.5
-3.99032 -2.5
-3.99008 -2.4
-3.98983 -2.4
-3.98959 -2.4
-3.98935 -2.4
-3.9891 -2.3
-3.98886 -2.3
-3.98861 -2.3
-3.98837 -2.2
-3.98813 -2.2
-3.98788 -2.1
-3.98764 -2.1
-3.98739 -2.0
-3.98715 -2.0
-3.98691 -1.9
-3.98666 -1.9
-3.98642 -1.8
-3.98617 -1.7
-3.98593 -1.6
-3.98568 -1.6
-3.98544 -1.5
-3.9852 -1.4
-3.98495 -1.3
-3.98471 -1.2
-3.98446 -1.1
-3.98422 -1.1
-3.98398 -1.0
-3.98373 -0.9
-3.98349 -0.8
-3.98324 -0.7
-3.983 -0.6
-3.98275 -0.5
-3.98251 -0.4
-3.98227 -0.3
-3.98202 -0.2
-3.98178 0.0
-3.98153 0.0
-3.98129 0.1
-3.98105 0.2
-3.9808 0.3
-3.98056 0.4
-3.98031 0.5
-3.98007 0.6
-3.97983 0.7
-3.97958 0.8
-3.97934 0.9
-3.97909 1.0
-3.97885 1.1
-3.9786 1.2
-3.97836 1.2
-3.97812 1.3
-3.97787 1.4
-3.97763 1.5
-3.97738 1.6
-3.97714 1.7
-3.9769 1.7
-3.97665 1.8
-3.97641 1.9
-3.97616 1.9
-3.97592 2.0
-3.97567 2.0
-3.97543 2.1
-3.97519 2.2
-3.97494 2.2
-3.9747 2.2
-3.97445 2.3
-3.97421 2.3
-3.97397 2.4
-3.97372 2.4
-3.97348 2.4
-3.97323 2.4
-3.97299 2.4
-3.97274 2.5
-3.9725 2.5
-3.97226 2.5
-3.97201 2.5
-3.97177 2.5
-3.97152 2.5
-3.97128 2.5
-3.97104 2.4
-3.97079 2.4
-3.97055 2.4
-3.9703 2.4
-3.97006 2.3
-3.96982 2.3
-3.96957 2.3
-3.96933 2.2
-3.96908 2.2
-3.96884 2.1
-3.96859 2.1
-3.96835 2.0
-3.96811 2.0
-3.96786 1.9
-3.96762 1.8
-3.96737 1.8
-3.96713 1.7
-3.96689 1.6
-3.96664 1.5
-3.9664 1.5
-3.96615 1.4
-3.96591 1.3
-3.96566 1.2
-3.96542 1.1
-3.96518 1.0
-3.96493 0.9
-3.96469 0.8
-3.96444 0.7
-3.9642 0.6
-3.96396 0.5
-3.96371 0.4
-3.96347 0.3
-3.96322 0.2
-3.96298 0.1
-3.96274 0.0
-3.96249 0.0
-3.96225 -0.2
-3.962 -0.3
-3.96176 -0.4
-3.96151 -0.5
-3.96127 -0.6
-3.96103 -0.6
-3.96078 -0.7
-3.96054 -0.8
-3.96029 -0.9
-3.96005 -1.0
-3.95981 -1.1
-3.95956 -1.2
-3.95932 -1.3
-3.95907 -1.4
-3.95883 -1.5
-3.95858 -1.5
-3.95834 -1.6
-3.9581 -1.7
-3.95785 -1.8
-3.95761 -1.8
-3.95736 -1.9
-3.95712 -2.0
-3.95688 -2.0
-3.95663 -2.1
-3.95639 -2.1
-3.95614 -2.2
-3.9559 -2.2
-3.95566 -2.3
-3.95541 -2.3
-3.95517 -2.3
-3.95492 -2.4
-3.95468 -2.4
-3.95443 -2.4
-3.95419 -2.4
-3.95395 -2.5
-3.9537 -2.5
-3.95346 -2.5
-3.95321 -2.5
-3.95297 -2.5
-3.95273 -2.5
-3.95248 -2.5
-3.95224 -2.4
-3.95199 -2.4
-3.95175 -2.4
-3.9515 -2.4
-3.95126 -2.4
-3.95102 -2.3
-3.95077 -2.3
-3.95053 -2.2
-3.95028 -2.2
-3.95004 -2.1
-3.9498 -2.1
-3.94955 -2.0
-3.94931 -2.0
-3.94906 -1.9
-3.94882 -1.9
-3.94858 -1.8
-3.94833 -1.7
-3.94809 -1.6
-3.94784 -1.6
-3.9476 -1.5
-3.94735 -1.4
-3.94711 -1.3
-3.94687 -1.2
-3.94662 -1.1
-3.94638 -1.1
-3.94613 -1.0
-3.94589 -0.9
-3.94565 -0.8
-3.9454 -0.7
-3.94516 -0.6
-3.94491 -0.5
-3.94467 -0.4
-3.94442 -0.3
-3.94418 -0.2
-3.94394 0.0
-3.94369 0.0
-3.94345 0.1
-3.9432 0.2
-3.94296 0.3
-3.94272 0.4
-3.94247 0.5
-3.94223 0.6
-3.94198 0.7
-3.94174 0.8
-3.94149 0.9
-3.94125 1.0
-3.94101 1.1
-3.94076 1.2
-3.94052 1.3
-3.94027 1.3
-3.94003 1.4
-3.93979 1.5
-3.93954 1.6
-3.9393 1.7
-3.93905 1.7
-3.93881 1.8
-3.93857 1.9
-3.93832 1.9
-3.93808 2.0
-3.93783 2.1
-3.93759 2.1
-3.93734 2.2
-3.9371 2.2
-3.93686 2.3
-3.93661 2.3
-3.93637 2.3
-3.93612 2.4
-3.93588 2.4
-3.93564 2.4
-3.93539 2.4
-3.93515 2.5
-3.9349 2.5
-3.93466 2.5
-3.93441 2.5
-3.93417 2.5
-3.93393 2.5
-3.93368 2.5
-3.93344 2.5
-3.93319 2.4
-3.93295 2.4
-3.93271 2.4
-3.93246 2.4
-3.93222 2.3
-3.93197 2.3
-3.93173 2.3
-3.93149 2.2
-3.93124 2.2
-3.931 2.1
-3.93075 2.1
-3.93051 2.0
-3.93026 1.9
-3.93002 1.9
-3.92978 1.8
-3.92953 1.7
-3.92929 1.7
-3.92904 1.6
-3.9288 1.5
-3.92856 1.4
-3.92831 1.3
-3.92807 1.3
-3.92782 1.2
-3.92758 1.1
-3.92733 1.0
-3.92709 0.9
-3.92685 0.8
-3.9266 0.7
-3.92636 0.6
-3.92611 0.5
-3.92587 0.4
-3.92563 0.3
-3.92538 0.2
-3.92514 0.1
-3.92489 0.0
-3.92465 0.0
-3.92441 -0.2
-3.92416 -0.3
-3.92392 -0.4
-3.92367 -0.5
-3.92343 -0.6
-3.92318 -0.7
-3.92294 -0.8
-3.9227 -0.9
-3.92245 -1.0
-3.92221 -1.1
-3.92196 -1.2
-3.92172 -1.2
-3.92148 -1.3
-3.92123 -1.4
-3.92099 -1.5
-3.92074 -1.6
-3.9205 -1.7
-3.92025 -1.7
-3.92001 -1.8
-3.91977 -1.9
-3.91952 -1.9
-3.91928 -2.0
-3.91903 -2.1
-3.91879 -2.1
-3.91855 -2.2
-3.9183 -2.2
-3.91806 -2.2
-3.91781 -2.3
-3.91757 -2.3
-3.91733 -2.4
-3.91708 -2.4
-3.91684 -2.4
-3.91659 -2.4
-3.91635 -2.5
-3.9161 -2.5
-3.91586 -2.5
-3.91562 -2.5
-3.91537 -2.5
-3.91513 -2.5
-3.91488 -2.5
-3.91464 -2.5
-3.9144 -2.4
-3.91415 -2.4
-3.91391 -2.4
-3.91366 -2.4
-3.91342 -2.3
-3.91317 -2.3
-3.91293 -2.3
-3.91269 -2.2
-3.91244 -2.2
-3.9122 -2.1
-3.91195 -2.1
-3.91171 -2.0
-3.91147 -2.0
-3.91122 -1.9
-3.91098 -1.8
-3.91073 -1.8
-3.91049 -1.7
-3.91024 -1.6
-3.91 -1.5
-3.90976 -1.4
-3.90951 -1.4
-3.90927 -1.3
-3.90902 -1.2
-3.90878 -1.1
-3.90854 -1.0
-3.90829 -0.9
-3.90805 -0.8
-3.9078 -0.7
-3.90756 -0.6
-3.90732 -0.5
-3.90707 -0.4
-3.90683 -0.3
-3.90658 -0.2
-3.90634 -0.1
-3.90609 0.0
-3.90585 0.0
-3.90561 0.2
-3.90536 0.3
-3.90512 0.4
-3.90487 0.5
-3.90463 0.6
-3.90439 0.7
-3.90414 0.8
-3.9039 0.9
-3.90365 1.0
-3.90341 1.1
-3.90316 1.1
-3.90292 1.2
-3.90268 1.3
-3.90243 1.4
-3.90219 1.5
-3.90194 1.6
-3.9017 1.6
-3.90146 1.7
-3.90121 1.8
-3.90097 1.9
-3.90072 1.9
-3.90048 2.0
-3.90024 2.0
-3.89999 2.1
-3.89975 2.2
-3.8995 2.2
-3.89926 2.2
-3.89901 2.3
-3.89877 2.3
-3.89853 2.4
-3.89828 2.4
-3.89804 2.4
-3.89779 2.4
-3.89755 2.5
-3.89731 2.5
-3.89706 2.5
-3.89682 2.5
-3.89657 2.5
-3.89633 2.5
-3.89608 2.5
-3.89584 2.5
-3.8956 2.4
-3.89535 2.4
-3.89511 2.4
-3.89486 2.4
-3.89462 2.3
-3.89438 2.3
-3.89413 2.3
-3.89389 2.2
-3.89364 2.2
-3.8934 2.1
-3.89316 2.1
-3.89291 2.0
-3.89267 2.0
-3.89242 1.9
-3.89218 1.8
-3.89193 1.8
-3.89169 1.7
-3.89145 1.6
-3.8912 1.5
-3.89096 1.4
-3.89071 1.4
-3.89047 1.3
-3.89023 1.2
-3.88998 1.1
-3.88974 1.0
-3.88949 0.9
-3.88925 0.8
-3.889 0.7
-3.88876 0.6
-3.88852 0.5
-3.88827 0.4
-3.88803 0.3
-3.88778 0.2
-3.88754 0.1
-3.8873 0.0
-3.88705 0.0
-3.88681 -0.2
-3.88656 -0.3
-3.88632 -0.4
-3.88608 -0.5
-3.88583 -0.6
-3.88559 -0.7
-3.88534 -0.8
-3.8851 -0.9
-3.88485 -1.0
-3.88461 -1.1
-3.88437 -1.2
-3.88412 -1.2
-3.88388 -1.3
-3.88363 -1.4
-3.88339 -1.5
-3.88315 -1.6
-3.8829 -1.7
-3.88266 -1.7
-3.88241 -1.8
-3.88217 -1.9
-3.88192 -1.9
-3.88168 -2.0
-3.88144 -2.1
-3.88119 -2.1
-3.88095 -2.2
-3.8807 -2.2
-3.88046 -2.3
-3.88022 -2.3
-3.87997 -2.3
-3.87973 -2.4
-3.87948 -2.4
-3.87924 -2.4
-3.87899 -2.4
-3.87875 -2.5
-3.87851 -2.5
-3.87826 -2.5
-3.87802 -2.5
-3.87777 -2.5
-3.87753 -2.5
-3.87729 -2.5
-3.87704 -2.5
-3.8768 -2.4
-3.87655 -2.4
-3.87631 -2.4
-3.87607 -2.4
-3.87582 -2.3
-3.87558 -2.3
-3.87533 -2.3
-3.87509 -2.2
-3.87484 -2.2
-3.8746 -2.1
-3.87436 -2.1
-3.87411 -2.0
-3.87387 -2.0
-3.87362 -1.9
-3.87338 -1.8
-3.87314 -1.7
-3.87289 -1.7
-3.87265 -1.6
-3.8724 -1.5
-3.87216 -1.4
-3.87191 -1.4
-3.87167 -1.3
-3.87143 -1.2
-3.87118 -1.1
-3.87094 -1.0
-3.87069 -0.9
-3.87045 -0.8
-3.87021 -0.7
-3.86996 -0.6
-3.86972 -0.5
-3.86947 -0.4
-3.86923 -0.3
-3.86899 -0.2
-3.86874 -0.1
-3.8685 0.0
-3.86825 0.0
-3.86801 0.2
-3.86776 0.3
-3.86752 0.4
-3.86728 0.5
-3.86703 0.6
-3.86679 0.7
-3.86654 0.8
-3.8663 0.9
-3.86606 1.0
-3.86581 1.1
-3.86557 1.2
-3.86532 1.3
-3.86508 1.3
-3.86483 1.4
-3.86459 1.5
-3.86435 1.6
-3.8641 1.7
-3.86386 1.7
-3.86361 1.8
-3.86337 1.9
-3.86313 1.9
-3.86288 2.0
-3.86264 2.1
-3.86239 2.1
-3.86215 2.2
-3.86191 2.2
-3.86166 2.3
-3.86142 2.3
-3.86117 2.3
-3.86093 2.4
-3.86068 2.4
-3.86044 2.4
-3.8602 2.4
-3.85995 2.5
-3.85971 2.5
-3.85946 2.5
-3.85922 2.5
-3.85898 2.5
-3.85873 2.5
-3.85849 2.5
-3.85824 2.5
-3.858 2.4
-3.85775 2.4
-3.85751 2.4
-3.85727 2.4
-3.85702 2.3
-3.85678 2.3
-3.85653 2.3
-3.85629 2.2
-3.85605 2.2
-3.8558 2.1
-3.85556 2.1
-3.85531 2.0
-3.85507 1.9
-3.85483 1.9
-3.85458 1.8
-3.85434 1.7
-3.85409 1.7
-3.85385 1.6
-3.8536 1.5
-3.85336 1.4
-3.85312 1.3
-3.85287 1.2
-3.85263 1.2
-3.85238 1.1
-3.85214 1.0
-3.8519 0.9
-3.85165 0.8
-3.85141 0.7
-3.85116 0.6
-3.85092 0.5
-3.85067 0.4
-3.85043 0.3
-3.85019 0.2
-3.84994 0.0
-3.8497 0.0
-3.84945 -0.1
-3.84921 -0.2
-3.84897 -0.3
-3.84872 -0.4
-3.84848 -0.5
-3.84823 -0.6
-3.84799 -0.7
-3.84774 -0.8
-3.8475 -0.9
-3.84726 -1.0
-3.84701 -1.1
-3.84677 -1.2
-3.84652 -1.3
-3.84628 -1.4
-3.84604 -1.5
-3.84579 -1.5
-3.84555 -1.6
-3.8453 -1.7
-3.84506 -1.8
-3.84482 -1.8
-3.84457 -1.9
-3.84433 -2.0
-3.84408 -2.0
-3.84384 -2.1
-3.84359 -2.1
-3.84335 -2.2
-3.84311 -2.2
-3.84286 -2.3
-3.84262 -2.3
-3.84237 -2.4
-3.84213 -2.4
-3.84189 -2.4
-3.84164 -2.4
-3.8414 -2.5
-3.84115 -2.5
-3.84091 -2.5
-3.84066 -2.5
-3.84042 -2.5
-3.84018 -2.5
-3.83993 -2.5
-3.83969 -2.5
-3.83944 -2.5
-3.8392 -2.4
-3.83896 -2.4
-3.83871 -2.4
-3.83847 -2.4
-3.83822 -2.3
-3.83798 -2.3
-3.83774 -2.2
-3.83749 -2.2
-3.83725 -2.1
-3.837 -2.1
-3.83676 -2.0
-3.83651 -2.0
-3.83627 -1.9
-3.83603 -1.8
-3.83578 -1.8
-3.83554 -1.7
-3.83529 -1.6
-3.83505 -1.5
-3.83481 -1.5
-3.83456 -1.4
-3.83432 -1.3
-3.83407 -1.2
-3.83383 -1.1
-3.83358 -1.0
-3.83334 -0.9
-3.8331 -0.8
-3.83285 -0.7
-3.83261 -0.6
-3.83236 -0.5
-3.83212 -0.4
-3.83188 -0.3
-3.83163 -0.2
-3.83139 -0.1
-3.83114 0.0
-3.8309 0.0
-3.83066 0.2
-3.83041 0.3
-3.83017 0.4
-3.82992 0.5
-3.82968 0.6
-3.82943 0.7
-3.82919 0.8
-3.82895 0.9
-3.8287 1.0
-3.82846 1.1
-3.82821 1.2
-3.82797 1.2
-3.82773 1.3
-3.82748 1.4
-3.82724 1.5
-3.82699 1.6
-3.82675 1.7
-3.8265 1.7
-3.82626 1.8
-3.82602 1.9
-3.82577 1.9
-3.82553 2.0
-3.82528 2.1
-3.82504 2.1
-3.8248 2.2
-3.82455 2.2
-3.82431 2.3
-3.82406 2.3
-3.82382 2.3
-3.82358 2.4
-3.82333 2.4
-3.82309 2.4
-3.82284 2.5
-3.8226 2.5
-3.82235 2.5
-3.82211 2.5
-3.82187 2.5
-3.82162 2.5
-3.82138 2.5
-3.82113 2.5
-3.82089 2.5
-3.82065 2.5
-3.8204 2.4
-3.82016 2.4
-3.81991 2.4
-3.81967 2.3
-3.81942 2.3
-3.81918 2.3
-3.81894 2.2
-3.81869 2.2
-3.81845 2.1
-3.8182 2.1
-3.81796 2.0
-3.81772 1.9
-3.81747 1.9
-3.81723 1.8
-3.81698 1.7
-3.81674 1.7
-3.81649 1.6
-3.81625 1.5
-3.81601 1.4
-3.81576 1.3
-3.81552 1.3
-3.81527 1.2
-3.81503 1.1
-3.81479 1.0
-3.81454 0.9
-3.8143 0.8
-3.81405 0.7
-3.81381 0.6
-3.81357 0.5
-3.81332 0.4
-3.81308 0.3
-3.81283 0.2
-3.81259 0.0
-3.81234 0.0
-3.8121 -0.1
-3.81186 -0.2
-3.81161 -0.3
-3.81137 -0.4
-3.81112 -0.5
-3.81088 -0.6
-3.81064 -0.7
-3.81039 -0.8
-3.81015 -0.9
-3.8099 -1.0
-3.80966 -1.1
-3.80941 -1.2
-3.80917 -1.3
-3.80893 -1.4
-3.80868 -1.5
-3.80844 -1.5
-3.80819 -1.6
-3.80795 -1.7
-3.80771 -1.8
-3.80746 -1.8
-3.80722 -1.9
-3.80697 -2.0
-3.80673 -2.0
-3.80649 -2.1
-3.80624 -2.2
-3.806 -2.2
-3.80575 -2.3
-3.80551 -2.3
-3.80526 -2.3
-3.80502 -2.4
-3.80478 -2.4
-3.80453 -2.4
-3.80429 -2.4
-3.80404 -2.5
-3.8038 -2.5
-3.80356 -2.5
-3.80331 -2.5
-3.80307 -2.5
-3.80282 -2.5
-3.80258 -2.5
-3.80233 -2.5
-3.80209 -2.5
-3.80185 -2.4
-3.8016 -2.4
-3.80136 -2.4
-3.80111 -2.4
-3.80087 -2.3
-3.80063 -2.3
-3.80038 -2.2
-3.80014 -2.2
-3.79989 -2.1
-3.79965 -2.1
-3.79941 -2.0
-3.79916 -2.0
-3.79892 -1.9
-3.79867 -1.8
-3.79843 -1.8
-3.79818 -1.7
-3.79794 -1.6
-3.7977 -1.5
-3.79745 -1.5
-3.79721 -1.4
-3.79696 -1.3
-3.79672 -1.2
-3.79648 -1.1
-3.79623 -1.0
-3.79599 -0.9
-3.79574 -0.8
-3.7955 -0.7
-3.79525 -0.6
-3.79501 -0.5
-3.79477 -0.4
-3.79452 -0.3
-3.79428 -0.2
-3.79403 -0.1
-3.79379 0.0
-3.79355 0.0
-3.7933 0.2
-3.79306 0.3
-3.79281 0.4
-3.79257 0.5
-3.79233 0.6
-3.79208 0.7
-3.79184 0.8
-3.79159 0.9
-3.79135 1.0
-3.7911 1.1
-3.79086 1.2
-3.79062 1.3
-3.79037 1.4
-3.79013 1.4
-3.78988 1.5
-3.78964 1.6
-3.7894 1.7
-3.78915 1.8
-3.78891 1.8
-3.78866 1.9
-3.78842 2.0
-3.78817 2.0
-3.78793 2.1
-3.78769 2.1
-3.78744 2.2
-3.7872 2.2
-3.78695 2.3
-3.78671 2.3
-3.78647 2.4
-3.78622 2.4
-3.78598 2.4
-3.78573 2.4
-3.78549 2.5
-3.78524 2.5
-3.785 2.5
-3.78476 2.5
-3.78451 2.5
-3.78427 2.5
-3.78402 2.5
-3.78378 2.5
-3.78354 2.5
-3.78329 2.5
-3.78305 2.4
-3.7828 2.4
-3.78256 2.4
-3.78232 2.3
-3.78207 2.3
-3.78183 2.3
-3.78158 2.2
-3.78134 2.2
-3.78109 2.1
-3.78085 2.0
-3.78061 2.0
-3.78036 1.9
-3.78012 1.9
-3.77987 1.8
-3.77963 1.7
-3.77939 1.6
-3.77914 1.6
-3.7789 1.5
-3.77865 1.4
-3.77841 1.3
-3.77816 1.2
-3.77792 1.1
-3.77768 1.0
-3.77743 0.9
-3.77719 0.8
-3.77694 0.7
-3.7767 0.6
-3.77646 0.5
-3.77621 0.4
-3.77597 0.3
-3.77572 0.2
-3.77548 0.1
-3.77524 0.0
-3.77499 0.0
-3.77475 -0.2
-3.7745 -0.3
-3.77426 -0.4
-3.77401 -0.5
-3.77377 -0.6
-3.77353 -0.7
-3.77328 -0.8
-3.77304 -0.9
-3.77279 -1.0
-3.77255 -1.1
-3.77231 -1.2
-3.77206 -1.3
-3.77182 -1.4
-3.77157 -1.4
-3.77133 -1.5
-3.77108 -1.6
-3.77084 -1.7
-3.7706 -1.8
-3.77035 -1.8
-3.77011 -1.9
-3.76986 -2.0
-3.76962 -2.0
-3.76938 -2.1
-3.76913 -2.1
-3.76889 -2.2
-3.76864 -2.2
-3.7684 -2.3
-3.76816 -2.3
-3.76791 -2.4
-3.76767 -2.4
-3.76742 -2.4
-3.76718 -2.4
-3.76693 -2.5
-3.76669 -2.5
-3.76645 -2.5
-3.7662 -2.5
-3.76596 -2.5
-3.76571 -2.5
-3.76547 -2.5
-3.76523 -2.5
-3.76498 -2.5
-3.76474 -2.5
-3.76449 -2.4
-3.76425 -2.4
-3.764 -2.4
-3.76376 -2.3
-3.76352 -2.3
-3.76327 -2.3
-3.76303 -2.2
-3.76278 -2.2
-3.76254 -2.1
-3.7623 -2.1
-3.76205 -2.0
-3.76181 -1.9
-3.76156 -1.9
-3.76132 -1.8
-3.76108 -1.7
-3.76083 -1.6
-3.76059 -1.6
-3.76034 -1.5
-3.7601 -1.4
-3.75985 -1.3
-3.75961 -1.2
-3.75937 -1.1
-3.75912 -1.0
-3.75888 -0.9
-3.75863 -0.8
-3.75839 -0.7
-3.75815 -0.6
-3.7579 -0.5
-3.75766 -0.4
-3.75741 -0.3
-3.75717 -0.2
-3.75692 -0.1
-3.75668 0.0
-3.75644 0.0
-3.75619 0.2
-3.75595 0.3
-3.7557 0.4
-3.75546 0.5
-3.75522 0.6
-3.75497 0.7
-3.75473 0.8
-3.75448 0.9
-3.75424 1.0
-3.75399 1.1
-3.75375 1.2
-3.75351 1.3
-3.75326 1.4
-3.75302 1.4
-3.75277 1.5
-3.75253 1.6
-3.75229 1.7
-3.75204 1.8
-3.7518 1.8
-3.75155 1.9
-3.75131 2.0
-3.75107 2.0
-3.75082 2.1
-3.75058 2.1
-3.75033 2.2
-3.75009 2.2
-3.74984 2.3
-3.7496 2.3
-3.74936 2.4
-3.74911 2.4
-3.74887 2.4
-3.74862 2.4
-3.74838 2.5
-3.74814 2.5
-3.74789 2.5
-3.74765 2.5
-3.7474 2.5
-3.74716 2.5
-3.74691 2.5
-3.74667 2.5
-3.74643 2.5
-3.74618 2.5
-3.74594 2.4
-3.74569 2.4
-3.74545 2.4
-3.74521 2.3
-3.74496 2.3
-3.74472 2.3
-3.74447 2.2
-3.74423 2.2
-3.74399 2.1
-3.74374 2.1
-3.7435 2.0
-3.74325 1.9
-3.74301 1.9
-3.74276 1.8
-3.74252 1.7
-3.74228 1.6
-3.74203 1.6
-3.74179 1.5
-3.74154 1.4
-3.7413 1.3
-3.74106 1.2
-3.74081 1.1
-3.74057 1.0
-3.74032 0.9
-3.74008 0.8
-3.73983 0.7
-3.73959 0.6
-3.73935 0.5
-3.7391 0.4
-3.73886 0.3
-3.73861 0.2
-3.73837 0.1
-3.73813 0.0
-3.73788 0.0
-3.73764 -0.2
-3.73739 -0.3
-3.73715 -0.4
-3.73691 -0.5
-3.73666 -0.6
-3.73642 -0.7
-3.73617 -0.8
-3.73593 -0.9
-3.73568 -1.0
-3.73544 -1.1
-3.7352 -1.2
-3.73495 -1.3
-3.73471 -1.4
-3.73446 -1.5
-3.73422 -1.5
-3.73398 -1.6
-3.73373 -1.7
-3.73349 -1.8
-3.73324 -1.8
-3.733 -1.9
-3.73275 -2.0
-3.73251 -2.0
-3.73227 -2.1
-3.73202 -2.2
-3.73178 -2.2
-3.73153 -2.3
-3.73129 -2.3
-3.73105 -2.3
-3.7308 -2.4
-3.73056 -2.4
-3.73031 -2.4
-3.73007 -2.5
-3.72983 -2.5
-3.72958 -2.5
-3.72934 -2.5
-3.72909 -2.5
-3.72885 -2.5
-3.7286 -2.5
-3.72836 -2.5
-3.72812 -2.5
-3.72787 -2.5
-3.72763 -2.5
-3.72738 -2.4
-3.72714 -2.4
-3.7269 -2.4
-3.72665 -2.3
-3.72641 -2.3
-3.72616 -2.3
-3.72592 -2.2
-3.72567 -2.2
-3.72543 -2.1
-3.72519 -2.0
-3.72494 -2.0
-3.7247 -1.9
-3.72445 -1.8
-3.72421 -1.8
-3.72397 -1.7
-3.72372 -1.6
-3.72348 -1.5
-3.72323 -1.5
-3.72299 -1.4
-3.72274 -1.3
-3.7225 -1.2
-3.72226 -1.1
-3.72201 -1.0
-3.72177 -0.9
-3.72152 -0.8
-3.72128 -0.7
-3.72104 -0.6
-3.72079 -0.5
-3.72055 -0.4
-3.7203 -0.3
-3.72006 -0.2
-3.71982 0.0
-3.71957 0.0
-3.71933 0.1
-3.71908 0.2
-3.71884 0.3
-3.71859 0.4
-3.71835 0.5
-3.71811 0.6
-3.71786 0.7
-3.71762 0.8
-3.71737 0.9
-3.71713 1.0
-3.71689 1.1
-3.71664 1.2
-3.7164 1.3
-3.71615 1.4
-3.71591 1.5
-3.71566 1.6
-3.71542 1.6
-3.71518 1.7
-3.71493 1.8
-3.71469 1.9
-3.71444 1.9
-3.7142 2.0
-3.71396 2.1
-3.71371 2.1
-3.71347 2.2
-3.71322 2.2
-3.71298 2.3
-3.71274 2.3
-3.71249 2.4
-3.71225 2.4
-3.712 2.4
-3.71176 2.4
-3.71151 2.5
-3.71127 2.5
-3.71103 2.5
-3.71078 2.5
-3.71054 2.5
-3.71029 2.5
-3.71005 2.5
-3.70981 2.5
-3.70956 2.5
-3.70932 2.5
-3.70907 2.5
-3.70883 2.4
-3.70858 2.4
-3.70834 2.4
-3.7081 2.3
-3.70785 2.3
-3.70761 2.2
-3.70736 2.2
-3.70712 2.1
-3.70688 2.1
-3.70663 2.0
-3.70639 2.0
-3.70614 1.9
-3.7059 1.8
-3.70566 1.7
-3.70541 1.7
-3.70517 1.6
-3.70492 1.5
-3.70468 1.4
-3.70443 1.3
-3.70419 1.2
-3.70395 1.2
-3.7037 1.1
-3.70346 1.0
-3.70321 0.9
-3.70297 0.8
-3.70273 0.7
-3.70248 0.6
-3.70224 0.5
-3.70199 0.4
-3.70175 0.3
-3.7015 0.2
-3.70126 0.0
-3.70102 0.0
-3.70077 -0.2
-3.70053 -0.3
-3.70028 -0.4
-3.70004 -0.5
-3.6998 -0.6
-3.69955 -0.7
-3.69931 -0.8
-3.69906 -0.9
-3.69882 -1.0
-3.69858 -1.1
-3.69833 -1.2
-3.69809 -1.3
-3.69784 -1.3
-3.6976 -1.4
-3.69735 -1.5
-3.69711 -1.6
-3.69687 -1.7
-3.69662 -1.8
-3.69638 -1.8
-3.69613 -1.9
-3.69589 -2.0
-3.69565 -2.0
-3.6954 -2.1
-3.69516 -2.1
-3.69491 -2.2
-3.69467 -2.2
-3.69442 -2.3
-3.69418 -2.3
-3.69394 -2.4
-3.69369 -2.4
-3.69345 -2.4
-3.6932 -2.5
-3.69296 -2.5
-3.69272 -2.5
-3.69247 -2.5
-3.69223 -2.5
-3.69198 -2.5
-3.69174 -2.5
-3.69149 -2.5
-3.69125 -2.5
-3.69101 -2.5
-3.69076 -2.5
-3.69052 -2.4
-3.69027 -2.4
-3.69003 -2.4
-3.68979 -2.3
-3.68954 -2.3
-3.6893 -2.3
-3.68905 -2.2
-3.68881 -2.2
-3.68857 -2.1
-3.68832 -2.1
-3.68808 -2.0
-3.68783 -1.9
-3.68759 -1.9
-3.68734 -1.8
-3.6871 -1.7
-3.68686 -1.6
-3.68661 -1.6
-3.68637 -1.5
-3.68612 -1.4
-3.68588 -1.3
-3.68564 -1.2
-3.68539 -1.1
-3.68515 -1.0
-3.6849 -0.9
-3.68466 -0.8
-3.68441 -0.7
-3.68417 -0.6
-3.68393 -0.5
-3.68368 -0.4
-3.68344 -0.3
-3.68319 -0.2
-3.68295 0.0
-3.68271 0.0
-3.68246 0.1
-3.68222 0.2
-3.68197 0.3
-3.68173 0.4
-3.68149 0.5
-3.68124 0.6
-3.681 0.7
-3.68075 0.8
-3.68051 0.9
-3.68026 1.0
-3.68002 1.1
-3.67978 1.2
-3.67953 1.3
-3.67929 1.4
-3.67904 1.5
-3.6788 1.6
-3.67856 1.6
-3.67831 1.7
-3.67807 1.8
-3.67782 1.9
-3.67758 1.9
-3.67733 2.0
-3.67709 2.1
-3.67685 2.1
-3.6766 2.2
-3.67636 2.2
-3.67611 2.3
-3.67587 2.3
-3.67563 2.4
-3.67538 2.4
-3.67514 2.4
-3.67489 2.5
-3.67465 2.5
-3.67441 2.5
-3.67416 2.5
-3.67392 2.5
-3.67367 2.5
-3.67343 2.5
-3.67318 2.5
-3.67294 2.5
-3.6727 2.5
-3.67245 2.5
-3.67221 2.5
-3.67196 2.4
-3.67172 2.4
-3.67148 2.4
-3.67123 2.3
-3.67099 2.3
-3.67074 2.2
-3.6705 2.2
-3.67025 2.1
-3.67001 2.1
-3.66977 2.0
-3.66952 2.0
-3.66928 1.9
-3.66903 1.8
-3.66879 1.7
-3.66855 1.7
-3.6683 1.6
-3.66806 1.5
-3.66781 1.4
-3.66757 1.3
-3.66733 1.2
-3.66708 1.1
-3.66684 1.0
-3.66659 0.9
-3.66635 0.9
-3.6661 0.8
-3.66586 0.7
-3.66562 0.5
-3.66537 0.4
-3.66513 0.3
-3.66488 0.2
-3.66464 0.1
-3.6644 0.0
-3.66415 0.0
-3.66391 -0.2
-3.66366 -0.3
-3.66342 -0.4
-3.66317 -0.5
-3.66293 -0.6
-3.66269 -0.7
-3.66244 -0.8
-3.6622 -0.9
-3.66195 -1.0
-3.66171 -1.1
-3.66147 -1.2
-3.66122 -1.3
-3.66098 -1.4
-3.66073 -1.5
-3.66049 -1.5
-3.66024 -1.6
-3.66 -1.7
-3.65976 -1.8
-3.65951 -1.9
-3.65927 -1.9
-3.65902 -2.0
-3.65878 -2.1
-3.65854 -2.1
-3.65829 -2.2
-3.65805 -2.2
-3.6578 -2.3
-3.65756 -2.3
-3.65732 -2.4
-3.65707 -2.4
-3.65683 -2.4
-3.65658 -2.4
-3.65634 -2.5
-3.65609 -2.5
-3.65585 -2.5
-3.65561 -2.5
-3.65536 -2.5
-3.65512 -2.5
-3.65487 -2.5
-3.65463 -2.5
-3.65439 -2.5
-3.65414 -2.5
-3.6539 -2.5
-3.65365 -2.4
-3.65341 -2.4
-3.65316 -2.4
-3.65292 -2.3
-3.65268 -2.3
-3.65243 -2.3
-3.65219 -2.2
-3.65194 -2.2
-3.6517 -2.1
-3.65146 -2.0
-3.65121 -2.0
-3.65097 -1.9
-3.65072 -1.8
-3.65048 -1.8
-3.65024 -1.7
-3.64999 -1.6
-3.64975 -1.5
-3.6495 -1.4
-3.64926 -1.3
-3.64901 -1.3
-3.64877 -1.2
-3.64853 -1.1
-3.64828 -1.0
-3.64804 -0.9
-3.64779 -0.8
-3.64755 -0.7
-3.64731 -0.6
-3.64706 -0.5
-3.64682 -0.4
-3.64657 -0.3
-3.64633 -0.2
-3.64608 0.0
-3.64584 0.0
-3.6456 0.2
-3.64535 0.3
-3.64511 0.4
-3.64486 0.5
-3.64462 0.6
-3.64438 0.7
-3.64413 0.8
-3.64389 0.9
-3.64364 1.0
-3.6434 1.1
-3.64316 1.2
-3.64291 1.3
-3.64267 1.4
-3.64242 1.4
-3.64218 1.5
-3.64193 1.6
-3.64169 1.7
-3.64145 1.8
-3.6412 1.8
-3.64096 1.9
-3.64071 2.0
-3.64047 2.0
-3.64023 2.1
-3.63998 2.2
-3.63974 2.2
-3.63949 2.3
-3.63925 2.3
-3.639 2.3
-3.63876 2.4
-3.63852 2.4
-3.63827 2.4
-3.63803 2.5
-3.63778 2.5
-3.63754 2.5
-3.6373 2.5
-3.63705 2.5
-3.63681 2.5
-3.63656 2.5
-3.63632 2.5
-3.63608 2.5
-3.63583 2.5
-3.63559 2.5
-3.63534 2.4
-3.6351 2.4
-3.63485 2.4
-3.63461 2.3
-3.63437 2.3
-3.63412 2.3
-3.63388 2.2
-3.63363 2.2
-3.63339 2.1
-3.63315 2.0
-3.6329 2.0
-3.63266 1.9
-3.63241 1.8
-3.63217 1.8
-3.63192 1.7
-3.63168 1.6
-3.63144 1.5
-3.63119 1.4
-3.63095 1.4
-3.6307 1.3
-3.63046 1.2
-3.63022 1.1
-3.62997 1.0
-3.62973 0.9
-3.62948 0.8
-3.62924 0.7
-3.62899 0.6
-3.62875 0.5
-3.62851 0.4
-3.62826 0.3
-3.62802 0.2
-3.62777 0.0
-3.62753 0.0
-3.62729 -0.2
-3.62704 -0.3
-3.6268 -0.4
-3.62655 -0.5
-3.62631 -0.6
-3.62607 -0.7
-3.62582 -0.8
-3.62558 -0.9
-3.62533 -1.0
-3.62509 -1.1
-3.62484 -1.2
-3.6246 -1.3
-3.62436 -1.4
-3.62411 -1.4
-3.62387 -1.5
-3.62362 -1.6
-3.62338 -1.7
-3.62314 -1.8
-3.62289 -1.8
-3.62265 -1.9
-3.6224 -2.0
-3.62216 -2.0
-3.62191 -2.1
-3.62167 -2.2
-3.62143 -2.2
-3.62118 -2.3
-3.62094 -2.3
-3.62069 -2.4
-3.62045 -2.4
-3.62021 -2.4
-3.61996 -2.4
-3.61972 -2.5
-3.61947 -2.5
-3.61923 -2.5
-3.61899 -2.5
-3.61874 -2.5
-3.6185 -2.5
-3.61825 -2.5
-3.61801 -2.5
-3.61776 -2.5
-3.61752 -2.5
-3.61728 -2.5
-3.61703 -2.4
-3.61679 -2.4
-3.61654 -2.4
-3.6163 -2.3
-3.61606 -2.3
-3.61581 -2.3
-3.61557 -2.2
-3.61532 -2.2
-3.61508 -2.1
-3.61483 -2.0
-3.61459 -2.0
-3.61435 -1.9
-3.6141 -1.8
-3.61386 -1.8
-3.61361 -1.7
-3.61337 -1.6
-3.61313 -1.5
-3.61288 -1.4
-3.61264 -1.3
-3.61239 -1.3
-3.61215 -1.2
-3.61191 -1.1
-3.61166 -1.0
-3.61142 -0.9
-3.61117 -0.8
-3.61093 -0.7
-3.61068 -0.6
-3.61044 -0.5
-3.6102 -0.4
-3.60995 -0.3
-3.60971 -0.1
-3.60946 0.0
-3.60922 0.0
-3.60898 0.2
-3.60873 0.3
-3.60849 0.4
-3.60824 0.5
-3.608 0.6
-3.60775 0.7
-3.60751 0.8
-3.60727 0.9
-3.60702 1.0
-3.60678 1.1
-3.60653 1.2
-3.60629 1.3
-3.60605 1.4
-3.6058 1.5
-3.60556 1.5
-3.60531 1.6
-3.60507 1.7
-3.60483 1.8
-3.60458 1.9
-3.60434 1.9
-3.60409 2.0
-3.60385 2.1
-3.6036 2.1
-3.60336 2.2
-3.60312 2.2
-3.60287 2.3
-3.60263 2.3
-3.60238 2.4
-3.60214 2.4
-3.6019 2.4
-3.60165 2.5
-3.60141 2.5
-3.60116 2.5
-3.60092 2.5
-3.60067 2.5
-3.60043 2.5
-3.60019 2.5
-3.59994 2.5
-3.5997 2.5
-3.59945 2.5
-3.59921 2.5
-3.59897 2.5
-3.59872 2.4
-3.59848 2.4
-3.59823 2.4
-3.59799 2.3
-3.59774 2.3
-3.5975 2.3
-3.59726 2.2
-3.59701 2.2
-3.59677 2.1
-3.59652 2.0
-3.59628 2.0
-3.59604 1.9
-3.59579 1.8
-3.59555 1.8
-3.5953 1.7
-3.59506 1.6
-3.59482 1.5
-3.59457 1.4
-3.59433 1.3
-3.59408 1.2
-3.59384 1.1
-3.59359 1.1
-3.59335 1.0
-3.59311 0.9
-3.59286 0.8
-3.59262 0.7
-3.59237 0.5
-3.59213 0.4
-3.59189 0.3
-3.59164 0.2
-3.5914 0.1
-3.59115 0.0
-3.59091 0.0
-3.59066 -0.2
-3.59042 -0.3
-3.59018 -0.4
-3.58993 -0.5
-3.58969 -0.6
-3.58944 -0.7
-3.5892 -0.8
-3.58896 -0.9
-3.58871 -1.0
-3.58847 -1.1
-3.58822 -1.2
-3.58798 -1.3
-3.58774 -1.4
-3.58749 -1.5
-3.58725 -1.6
-3.587 -1.6
-3.58676 -1.7
-3.58651 -1.8
-3.58627 -1.9
-3.58603 -1.9
-3.58578 -2.0
-3.58554 -2.1
-3.58529 -2.1
-3.58505 -2.2
-3.58481 -2.2
-3.58456 -2.3
-3.58432 -2.3
-3.58407 -2.4
-3.58383 -2.4
-3.58358 -2.4
-3.58334 -2.5
-3.5831 -2.5
-3.58285 -2.5
-3.58261 -2.5
-3.58236 -2.5
-3.58212 -2.5
-3.58188 -2.5
-3.58163 -2.5
-3.58139 -2.5
-3.58114 -2.5
-3.5809 -2.5
-3.58066 -2.5
-3.58041 -2.4
-3.58017 -2.4
-3.57992 -2.4
-3.57968 -2.3
-3.57943 -2.3
-3.57919 -2.2
-3.57895 -2.2
-3.5787 -2.1
-3.57846 -2.1
-3.57821 -2.0
-3.57797 -1.9
-3.57773 -1.9
-3.57748 -1.8
-3.57724 -1.7
-3.57699 -1.6
-3.57675 -1.6
-3.5765 -1.5
-3.57626 -1.4
-3.57602 -1.3
-3.57577 -1.2
-3.57553 -1.1
-3.57528 -1.0
-3.57504 -0.9
-3.5748 -0.8
-3.57455 -0.7
-3.57431 -0.6
-3.57406 -0.5
-3.57382 -0.4
-3.57358 -0.3
-3.57333 -0.2
-3.57309 0.0
-3.57284 0.0
-3.5726 0.1
-3.57235 0.2
-3.57211 0.3
-3.57187 0.4
-3.57162 0.5
-3.57138 0.7
-3.57113 0.8
-3.57089 0.9
-3.57065 1.0
-3.5704 1.1
-3.57016 1.2
-3.56991 1.2
-3.56967 1.3
-3.56942 1.4
-3.56918 1.5
-3.56894 1.6
-3.56869 1.7
-3.56845 1.8
-3.5682 1.8
-3.56796 1.9
-3.56772 2.0
-3.56747 2.0
-3.56723 2.1
-3.56698 2.2
-3.56674 2.2
-3.56649 2.3
-3.56625 2.3
-3.56601 2.4
-3.56576 2.4
-3.56552 2.4
-3.56527 2.5
-3.56503 2.5
-3.56479 2.5
-3.56454 2.5
-3.5643 2.5
-3.56405 2.5
-3.56381 2.5
-3.56357 2.5
-3.56332 2.5
-3.56308 2.5
-3.56283 2.5
-3.56259 2.5
-3.56234 2.5
-3.5621 2.4
-3.56186 2.4
-3.56161 2.4
-3.56137 2.3
-3.56112 2.3
-3.56088 2.2
-3.56064 2.2
-3.56039 2.1
-3.56015 2.1
-3.5599 2.0
-3.55966 1.9
-3.55941 1.8
-3.55917 1.8
-3.55893 1.7
-3.55868 1.6
-3.55844 1.5
-3.55819 1.4
-3.55795 1.4
-3.55771 1.3
-3.55746 1.2
-3.55722 1.1
-3.55697 1.0
-3.55673 0.9
-3.55649 0.8
-3.55624 0.7
-3.556 0.6
-3.55575 0.5
-3.55551 0.4
-3.55526 0.2
-3.55502 0.1
-3.55478 0.0
-3.55453 0.0
-3.55429 -0.2
-3.55404 -0.3
-3.5538 -0.4
-3.55356 -0.5
-3.55331 -0.6
-3.55307 -0.7
-3.55282 -0.8
-3.55258 -0.9
-3.55233 -1.0
-3.55209 -1.1
-3.55185 -1.2
-3.5516 -1.3
-3.55136 -1.4
-3.55111 -1.5
-3.55087 -1.6
-3.55063 -1.6
-3.55038 -1.7
-3.55014 -1.8
-3.54989 -1.9
-3.54965 -1.9
-3.54941 -2.0
-3.54916 -2.1
-3.54892 -2.1
-3.54867 -2.2
-3.54843 -2.2
-3.54818 -2.3
-3.54794 -2.3
-3.5477 -2.4
-3.54745 -2.4
-3.54721 -2.4
-3.54696 -2.5
-3.54672 -2.5
-3.54648 -2.5
-3.54623 -2.5
-3.54599 -2.5
-3.54574 -2.5
-3.5455 -2.5
-3.54525 -2.5
-3.54501 -2.5
-3.54477 -2.5
-3.54452 -2.5
-3.54428 -2.5
-3.54403 -2.4
-3.54379 -2.4
-3.54355 -2.4
-3.5433 -2.3
-3.54306 -2.3
-3.54281 -2.2
-3.54257 -2.2
-3.54233 -2.1
-3.54208 -2.1
-3.54184 -2.0
-3.54159 -1.9
-3.54135 -1.9
-3.5411 -1.8
-3.54086 -1.7
-3.54062 -1.6
-3.54037 -1.6
-3.54013 -1.5
-3.53988 -1.4
-3.53964 -1.3
-3.5394 -1.2
-3.53915 -1.1
-3.53891 -1.0
-3.53866 -0.9
-3.53842 -0.8
-3.53817 -0.7
-3.53793 -0.6
-3.53769 -0.5
-3.53744 -0.4
-3.5372 -0.3
-3.53695 -0.2
-3.53671 0.0
-3.53647 0.0
-3.53622 0.1
-3.53598 0.3
-3.53573 0.4
-3.53549 0.5
-3.53524 0.6
-3.535 0.7
-3.53476 0.8
-3.53451 0.9
-3.53427 1.0
-3.53402 1.1
-3.53378 1.2
-3.53354 1.3
-3.53329 1.4
-3.53305 1.4
-3.5328 1.5
-3.53256 1.6
-3.53232 1.7
-3.53207 1.8
-3.53183 1.9
-3.53158 1.9
-3.53134 2.0
-3.53109 2.1
-3.53085 2.1
-3.53061 2.2
-3.53036 2.2
-3.53012 2.3
-3.52987 2.3
-3.52963 2.4
-3.52939 2.4
-3.52914 2.4
-3.5289 2.5
-3.52865 2.5
-3.52841 2.5
-3.52816 2.5
-3.52792 2.5
-3.52768 2.5
-3.52743 2.5
-3.52719 2.5
-3.52694 2.5
-3.5267 2.5
-3.52646 2.5
-3.52621 2.5
-3.52597 2.5
-3.52572 2.4
-3.52548 2.4
-3.52524 2.4
-3.52499 2.3
-3.52475 2.3
-3.5245 2.2
-3.52426 2.2
-3.52401 2.1
-3.52377 2.0
-3.52353 2.0
-3.52328 1.9
-3.52304 1.8
-3.52279 1.7
-3.52255 1.7
-3.52231 1.6
-3.52206 1.5
-3.52182 1.4
-3.52157 1.3
-3.52133 1.2
-3.52108 1.1
-3.52084 1.0
-3.5206 0.9
-3.52035 0.8
-3.52011 0.7
-3.51986 0.6
-3.51962 0.5
-3.51938 0.4
-3.51913 0.3
-3.51889 0.2
-3.51864 0.0
-3.5184 0.0
-3.51816 -0.1
-3.51791 -0.2
-3.51767 -0.3
-3.51742 -0.4
-3.51718 -0.5
-3.51693 -0.7
-3.51669 -0.8
-3.51645 -0.9
-3.5162 -1.0
-3.51596 -1.1
-3.51571 -1.2
-3.51547 -1.3
-3.51523 -1.3
-3.51498 -1.4
-3.51474 -1.5
-3.51449 -1.6
-3.51425 -1.7
-3.514 -1.8
-3.51376 -1.8
-3.51352 -1.9
-3.51327 -2.0
-3.51303 -2.1
-3.51278 -2.1
-3.51254 -2.2
-3.5123 -2.2
-3.51205 -2.3
-3.51181 -2.3
-3.51156 -2.4
-3.51132 -2.4
-3.51108 -2.4
-3.51083 -2.5
-3.51059 -2.5
-3.51034 -2.5
-3.5101 -2.5
-3.50985 -2.5
-3.50961 -2.5
-3.50937 -2.5
-3.50912 -2.5
-3.50888 -2.5
-3.50863 -2.5
-3.50839 -2.5
-3.50815 -2.5
-3.5079 -2.5
-3.50766 -2.4
-3.50741 -2.4
-3.50717 -2.4
-3.50692 -2.3
-3.50668 -2.3
-3.50644 -2.2
-3.50619 -2.2
-3.50595 -2.1
-3.5057 -2.0
-3.50546 -2.0
-3.50522 -1.9
-3.50497 -1.8
-3.50473 -1.8
-3.50448 -1.7
-3.50424 -1.6
-3.50399 -1.5
-3.50375 -1.4
-3.50351 -1.3
-3.50326 -1.2
-3.50302 -1.1
-3.50277 -1.0
-3.50253 -0.9
-3.50229 -0.8
-3.50204 -0.7
-3.5018 -0.6
-3.50155 -0.5
-3.50131 -0.4
-3.50107 -0.3
-3.50082 -0.2
-3.50058 -0.1
-3.50033 0.0
-3.50009 0.1
-3.49984 0.2
-3.4996 0.3
-3.49936 0.4
-3.49911 0.5
-3.49887 0.6
-3.49862 0.8
-3.49838 0.9
-3.49814 1.0
-3.49789 1.1
-3.49765 1.2
-3.4974 1.2
-3.49716 1.3
-3.49691 1.4
-3.49667 1.5
-3.49643 1.6
-3.49618 1.7
-3.49594 1.8
-3.49569 1.8
-3.49545 1.9
-3.49521 2.0
-3.49496 2.1
-3.49472 2.1
-3.49447 2.2
-3.49423 2.2
-3.49399 2.3
-3.49374 2.3
-3.4935 2.4
-3.49325 2.4
-3.49301 2.4
-3.49276 2.5
-3.49252 2.5
-3.49228 2.5
-3.49203 2.5
-3.49179 2.5
-3.49154 2.5
-3.4913 2.6
-3.49106 2.5
-3.49081 2.5
-3.49057 2.5
-3.49032 2.5
-3.49008 2.5
-3.48983 2.5
-3.48959 2.4
-3.48935 2.4
-3.4891 2.4
-3.48886 2.3
-3.48861 2.3
-3.48837 2.2
-3.48813 2.2
-3.48788 2.1
-3.48764 2.0
-3.48739 2.0
-3.48715 1.9
-3.48691 1.8
-3.48666 1.8
-3.48642 1.7
-3.48617 1.6
-3.48593 1.5
-3.48568 1.4
-3.48544 1.3
-3.4852 1.2
-3.48495 1.1
-3.48471 1.0
-3.48446 0.9
-3.48422 0.8
-3.48398 0.7
-3.48373 0.6
-3.48349 0.5
-3.48324 0.4
-3.483 0.3
-3.48275 0.2
-3.48251 0.0
-3.48227 0.0
-3.48202 -0.1
-3.48178 -0.2
-3.48153 -0.3
-3.48129 -0.4
-3.48105 -0.5
-3.4808 -0.7
-3.48056 -0.8
-3.48031 -0.9
-3.48007 -1.0
-3.47983 -1.1
-3.47958 -1.2
-3.47934 -1.3
-3.47909 -1.4
-3.47885 -1.4
-3.4786 -1.5
-3.47836 -1.6
-3.47812 -1.7
-3.47787 -1.8
-3.47763 -1.9
-3.47738 -1.9
-3.47714 -2.0
-3.4769 -2.1
-3.47665 -2.1
-3.47641 -2.2
-3.47616 -2.2
-3.47592 -2.3
-3.47567 -2.3
-3.47543 -2.4
-3.47519 -2.4
-3.47494 -2.4
-3.4747 -2.5
-3.47445 -2.5
-3.47421 -2.5
-3.47397 -2.5
-3.47372 -2.5
-3.47348 -2.6
-3.47323 -2.6
-3.47299 -2.6
-3.47274 -2.5
-3.4725 -2.5
-3.47226 -2.5
-3.47201 -2.5
-3.47177 -2.5
-3.47152 -2.4
-3.47128 -2.4
-3.47104 -2.4
-3.47079 -2.3
-3.47055 -2.3
-3.4703 -2.2
-3.47006 -2.2
-3.46982 -2.1
-3.46957 -2.0
-3.46933 -2.0
-3.46908 -1.9
-3.46884 -1.8
-3.46859 -1.7
-3.46835 -1.7
-3.46811 -1.6
-3.46786 -1.5
-3.46762 -1.4
-3.46737 -1.3
-3.46713 -1.2
-3.46689 -1.1
-3.46664 -1.0
-3.4664 -0.9
-3.46615 -0.8
-3.46591 -0.7
-3.46566 -0.6
-3.46542 -0.5
-3.46518 -0.4
-3.46493 -0.3
-3.46469 -0.2
-3.46444 0.0
-3.4642 0.0
-3.46396 0.1
-3.46371 0.3
-3.46347 0.4
-3.46322 0.5
-3.46298 0.6
-3.46274 0.7
-3.46249 0.8
-3.46225 0.9
-3.462 1.0
-3.46176 1.1
-3.46151 1.2
-3.46127 1.3
-3.46103 1.4
-3.46078 1.5
-3.46054 1.6
-3.46029 1.6
-3.46005 1.7
-3.45981 1.8
-3.45956 1.9
-3.45932 1.9
-3.45907 2.0
-3.45883 2.1
-3.45858 2.1
-3.45834 2.2
-3.4581 2.3
-3.45785 2.3
-3.45761 2.3
-3.45736 2.4
-3.45712 2.4
-3.45688 2.5
-3.45663 2.5
-3.45639 2.5
-3.45614 2.5
-3.4559 2.5
-3.45566 2.6
-3.45541 2.6
-3.45517 2.6
-3.45492 2.6
-3.45468 2.5
-3.45443 2.5
-3.45419 2.5
-3.45395 2.5
-3.4537 2.5
-3.45346 2.4
-3.45321 2.4
-3.45297 2.4
-3.45273 2.3
-3.45248 2.3
-3.45224 2.2
-3.45199 2.1
-3.45175 2.1
-3.4515 2.0
-3.45126 2.0
-3.45102 1.9
-3.45077 1.8
-3.45053 1.7
-3.45028 1.6
-3.45004 1.6
-3.4498 1.5
-3.44955 1.4
-3.44931 1.3
-3.44906 1.2
-3.44882 1.1
-3.44858 1.0
-3.44833 0.9
-3.44809 0.8
-3.44784 0.7
-3.4476 0.6
-3.44735 0.5
-3.44711 0.4
-3.44687 0.3
-3.44662 0.1
-3.44638 0.0
-3.44613 0.0
-3.44589 -0.2
-3.44565 -0.3
-3.4454 -0.4
-3.44516 -0.5
-3.44491 -0.6
-3.44467 -0.7
-3.44442 -0.8
-3.44418 -0.9
-3.44394 -1.0
-3.44369 -1.1
-3.44345 -1.2
-3.4432 -1.3
-3.44296 -1.4
-3.44272 -1.5
-3.44247 -1.6
-3.44223 -1.7
-3.44198 -1.8
-3.44174 -1.8
-3.44149 -1.9
-3.44125 -2.0
-3.44101 -2.0
-3.44076 -2.1
-3.44052 -2.2
-3.44027 -2.2
-3.44003 -2.3
-3.43979 -2.3
-3.43954 -2.4
-3.4393 -2.4
-3.43905 -2.4
-3.43881 -2.5
-3.43857 -2.5
-3.43832 -2.5
-3.43808 -2.5
-3.43783 -2.5
-3.43759 -2.6
-3.43734 -2.6
-3.4371 -2.6
-3.43686 -2.6
-3.43661 -2.5
-3.43637 -2.5
-3.43612 -2.5
-3.43588 -2.5
-3.43564 -2.4
-3.43539 -2.4
-3.43515 -2.4
-3.4349 -2.3
-3.43466 -2.3
-3.43441 -2.2
-3.43417 -2.2
-3.43393 -2.1
-3.43368 -2.1
-3.43344 -2.0
-3.43319 -1.9
-3.43295 -1.8
-3.43271 -1.8
-3.43246 -1.7
-3.43222 -1.6
-3.43197 -1.5
-3.43173 -1.4
-3.43149 -1.3
-3.43124 -1.2
-3.431 -1.1
-3.43075 -1.0
-3.43051 -0.9
-3.43026 -0.8
-3.43002 -0.7
-3.42978 -0.6
-3.42953 -0.5
-3.42929 -0.4
-3.42904 -0.3
-3.4288 -0.2
-3.42856 0.0
-3.42831 0.0
-3.42807 0.1
-3.42782 0.2
-3.42758 0.3
-3.42733 0.5
-3.42709 0.6
-3.42685 0.7
-3.4266 0.8
-3.42636 0.9
-3.42611 1.0
-3.42587 1.1
-3.42563 1.2
-3.42538 1.3
-3.42514 1.4
-3.42489 1.5
-3.42465 1.5
-3.42441 1.6
-3.42416 1.7
-3.42392 1.8
-3.42367 1.9
-3.42343 1.9
-3.42318 2.0
-3.42294 2.1
-3.4227 2.1
-3.42245 2.2
-3.42221 2.3
-3.42196 2.3
-3.42172 2.4
-3.42148 2.4
-3.42123 2.4
-3.42099 2.5
-3.42074 2.5
-3.4205 2.5
-3.42025 2.5
-3.42001 2.5
-3.41977 2.6
-3.41952 2.6
-3.41928 2.6
-3.41903 2.6
-3.41879 2.5
-3.41855 2.5
-3.4183 2.5
-3.41806 2.5
-3.41781 2.5
-3.41757 2.4
-3.41733 2.4
-3.41708 2.4
-3.41684 2.3
-3.41659 2.3
-3.41635 2.2
-3.4161 2.2
-3.41586 2.1
-3.41562 2.0
-3.41537 2.0
-3.41513 1.9
-3.41488 1.8
-3.41464 1.7
-3.4144 1.6
-3.41415 1.6
-3.41391 1.5
-3.41366 1.4
-3.41342 1.3
-3.41317 1.2
-3.41293 1.1
-3.41269 1.0
-3.41244 0.9
-3.4122 0.8
-3.41195 0.7
-3.41171 0.6
-3.41147 0.5
-3.41122 0.4
-3.41098 0.2
-3.41073 0.1
-3.41049 0.0
-3.41024 0.0
-3.41 -0.2
-3.40976 -0.3
-3.40951 -0.4
-3.40927 -0.5
-3.40902 -0.6
-3.40878 -0.7
-3.40854 -0.8
-3.40829 -0.9
-3.40805 -1.0
-3.4078 -1.1
-3.40756 -1.2
-3.40732 -1.3
-3.40707 -1.4
-3.40683 -1.5
-3.40658 -1.6
-3.40634 -1.7
-3.40609 -1.8
-3.40585 -1.8
-3.40561 -1.9
-3.40536 -2.0
-3.40512 -2.1
-3.40487 -2.1
-3.40463 -2.2
-3.40439 -2.2
-3.40414 -2.3
-3.4039 -2.3
-3.40365 -2.4
-3.40341 -2.4
-3.40316 -2.5
-3.40292 -2.5
-3.40268 -2.5
-3.40243 -2.5
-3.40219 -2.5
-3.40194 -2.6
-3.4017 -2.6
-3.40146 -2.6
-3.40121 -2.6
-3.40097 -2.6
-3.40072 -2.5
-3.40048 -2.5
-3.40024 -2.5
-3.39999 -2.5
-3.39975 -2.4
-3.3995 -2.4
-3.39926 -2.4
-3.39901 -2.3
-3.39877 -2.3
-3.39853 -2.2
-3.39828 -2.2
-3.39804 -2.1
-3.39779 -2.0
-3.39755 -2.0
-3.39731 -1.9
-3.39706 -1.8
-3.39682 -1.7
-3.39657 -1.7
-3.39633 -1.6
-3.39608 -1.5
-3.39584 -1.4
-3.3956 -1.3
-3.39535 -1.2
-3.39511 -1.1
-3.39486 -1.0
-3.39462 -0.9
-3.39438 -0.8
-3.39413 -0.7
-3.39389 -0.6
-3.39364 -0.5
-3.3934 -0.4
-3.39316 -0.3
-3.39291 -0.2
-3.39267 0.0
-3.39242 0.0
-3.39218 0.2
-3.39193 0.3
-3.39169 0.4
-3.39145 0.5
-3.3912 0.6
-3.39096 0.7
-3.39071 0.8
-3.39047 0.9
-3.39023 1.0
-3.38998 1.1
-3.38974 1.2
-3.38949 1.3
-3.38925 1.4
-3.389 1.5
-3.38876 1.6
-3.38852 1.7
-3.38827 1.8
-3.38803 1.8
-3.38778 1.9
-3.38754 2.0
-3.3873 2.1
-3.38705 2.1
-3.38681 2.2
-3.38656 2.2
-3.38632 2.3
-3.38608 2.3
-3.38583 2.4
-3.38559 2.4
-3.38534 2.5
-3.3851 2.5
-3.38485 2.5
-3.38461 2.5
-3.38437 2.5
-3.38412 2.6
-3.38388 2.6
-3.38363 2.6
-3.38339 2.6
-3.38315 2.6
-3.3829 2.5
-3.38266 2.5
-3.38241 2.5
-3.38217 2.5
-3.38192 2.5
-3.38168 2.4
-3.38144 2.4
-3.38119 2.3
-3.38095 2.3
-3.3807 2.2
-3.38046 2.2
-3.38022 2.1
-3.37997 2.1
-3.37973 2.0
-3.37948 1.9
-3.37924 1.8
-3.37899 1.8
-3.37875 1.7
-3.37851 1.6
-3.37826 1.5
-3.37802 1.4
-3.37777 1.3
-3.37753 1.2
-3.37729 1.1
-3.37704 1.0
-3.3768 0.9
-3.37655 0.8
-3.37631 0.7
-3.37607 0.6
-3.37582 0.5
-3.37558 0.4
-3.37533 0.3
-3.37509 0.2
-3.37484 0.0
-3.3746 0.0
-3.37436 -0.2
-3.37411 -0.3
-3.37387 -0.4
-3.37362 -0.5
-3.37338 -0.6
-3.37314 -0.7
-3.37289 -0.8
-3.37265 -0.9
-3.3724 -1.0
-3.37216 -1.1
-3.37191 -1.2
-3.37167 -1.3
-3.37143 -1.4
-3.37118 -1.5
-3.37094 -1.6
-3.37069 -1.7
-3.37045 -1.8
-3.37021 -1.8
-3.36996 -1.9
-3.36972 -2.0
-3.36947 -2.1
-3.36923 -2.1
-3.36899 -2.2
-3.36874 -2.2
-3.3685 -2.3
-3.36825 -2.3
-3.36801 -2.4
-3.36776 -2.4
-3.36752 -2.5
-3.36728 -2.5
-3.36703 -2.5
-3.36679 -2.5
-3.36654 -2.6
-3.3663 -2.6
-3.36606 -2.6
-3.36581 -2.6
-3.36557 -2.6
-3.36532 -2.6
-3.36508 -2.6
-3.36483 -2.5
-3.36459 -2.5
-3.36435 -2.5
-3.3641 -2.5
-3.36386 -2.4
-3.36361 -2.4
-3.36337 -2.3
-3.36313 -2.3
-3.36288 -2.2
-3.36264 -2.2
-3.36239 -2.1
-3.36215 -2.1
-3.36191 -2.0
-3.36166 -1.9
-3.36142 -1.8
-3.36117 -1.8
-3.36093 -1.7
-3.36068 -1.6
-3.36044 -1.5
-3.3602 -1.4
-3.35995 -1.3
-3.35971 -1.2
-3.35946 -1.1
-3.35922 -1.0
-3.35898 -0.9
-3.35873 -0.8
-3.35849 -0.7
-3.35824 -0.6
-3.358 -0.5
-3.35775 -0.4
-3.35751 -0.3
-3.35727 -0.2
-3.35702 0.0
-3.35678 0.0
-3.35653 0.2
-3.35629 0.3
-3.35605 0.4
-3.3558 0.5
-3.35556 0.6
-3.35531 0.7
-3.35507 0.8
-3.35483 0.9
-3.35458 1.0
-3.35434 1.1
-3.35409 1.2
-3.35385 1.3
-3.3536 1.4
-3.35336 1.5
-3.35312 1.6
-3.35287 1.7
-3.35263 1.8
-3.35238 1.8
-3.35214 1.9
-3.3519 2.0
-3.35165 2.1
-3.35141 2.1
-3.35116 2.2
-3.35092 2.2
-3.35067 2.3
-3.35043 2.3
-3.35019 2.4
-3.34994 2.4
-3.3497 2.5
-3.34945 2.5
-3.34921 2.5
-3.34897 2.5
-3.34872 2.6
-3.34848 2.6
-3.34823 2.6
-3.34799 2.6
-3.34774 2.6
-3.3475 2.6
-3.34726 2.6
-3.34701 2.5
-3.34677 2.5
-3.34652 2.5
-3.34628 2.5
-3.34604 2.4
-3.34579 2.4
-3.34555 2.3
-3.3453 2.3
-3.34506 2.2
-3.34482 2.2
-3.34457 2.1
-3.34433 2.0
-3.34408 2.0
-3.34384 1.9
-3.34359 1.8
-3.34335 1.8
-3.34311 1.7
-3.34286 1.6
-3.34262 1.5
-3.34237 1.4
-3.34213 1.3
-3.34189 1.2
-3.34164 1.1
-3.3414 1.0
-3.34115 0.9
-3.34091 0.8
-3.34066 0.7
-3.34042 0.6
-3.34018 0.5
-3.33993 0.4
-3.33969 0.3
-3.33944 0.1
-3.3392 0.0
-3.33896 0.0
-3.33871 -0.2
-3.33847 -0.3
-3.33822 -0.4
-3.33798 -0.5
-3.33774 -0.6
-3.33749 -0.7
-3.33725 -0.8
-3.337 -0.9
-3.33676 -1.0
-3.33651 -1.1
-3.33627 -1.2
-3.33603 -1.3
-3.33578 -1.4
-3.33554 -1.5
-3.33529 -1.6
-3.33505 -1.7
-3.33481 -1.8
-3.33456 -1.9
-3.33432 -1.9
-3.33407 -2.0
-3.33383 -2.1
-3.33358 -2.1
-3.33334 -2.2
-3.3331 -2.3
-3.33285 -2.3
-3.33261 -2.4
-3.33236 -2.4
-3.33212 -2.4
-3.33188 -2.5
-3.33163 -2.5
-3.33139 -2.5
-3.33114 -2.5
-3.3309 -2.6
-3.33066 -2.6
-3.33041 -2.6
-3.33017 -2.6
-3.32992 -2.6
-3.32968 -2.6
-3.32943 -2.6
-3.32919 -2.5
-3.32895 -2.5
-3.3287 -2.5
-3.32846 -2.5
-3.32821 -2.4
-3.32797 -2.4
-3.32773 -2.3
-3.32748 -2.3
-3.32724 -2.2
-3.32699 -2.2
-3.32675 -2.1
-3.3265 -2.0
-3.32626 -2.0
-3.32602 -1.9
-3.32577 -1.8
-3.32553 -1.7
-3.32528 -1.6
-3.32504 -1.6
-3.3248 -1.5
-3.32455 -1.4
-3.32431 -1.3
-3.32406 -1.2
-3.32382 -1.1
-3.32358 -1.0
-3.32333 -0.9
-3.32309 -0.8
-3.32284 -0.7
-3.3226 -0.6
-3.32235 -0.4
-3.32211 -0.3
-3.32187 -0.2
-3.32162 -0.1
-3.32138 0.0
-3.32113 0.1
-3.32089 0.2
-3.32065 0.3
-3.3204 0.4
-3.32016 0.6
-3.31991 0.7
-3.31967 0.8
-3.31942 0.9
-3.31918 1.0
-3.31894 1.1
-3.31869 1.2
-3.31845 1.3
-3.3182 1.4
-3.31796 1.5
-3.31772 1.6
-3.31747 1.7
-3.31723 1.7
-3.31698 1.8
-3.31674 1.9
-3.31649 2.0
-3.31625 2.0
-3.31601 2.1
-3.31576 2.2
-3.31552 2.2
-3.31527 2.3
-3.31503 2.3
-3.31479 2.4
-3.31454 2.4
-3.3143 2.5
-3.31405 2.5
-3.31381 2.5
-3.31357 2.5
-3.31332 2.6
-3.31308 2.6
-3.31283 2.6
-3.31259 2.6
-3.31234 2.6
-3.3121 2.6
-3.31186 2.6
-3.31161 2.5
-3.31137 2.5
-3.31112 2.5
-3.31088 2.5
-3.31064 2.4
-3.31039 2.4
-3.31015 2.4
-3.3099 2.3
-3.30966 2.3
-3.30941 2.2
-3.30917 2.1
-3.30893 2.1
-3.30868 2.0
-3.30844 1.9
-3.30819 1.9
-3.30795 1.8
-3.30771 1.7
-3.30746 1.6
-3.30722 1.5
-3.30697 1.4
-3.30673 1.3
-3.30649 1.2
-3.30624 1.1
-3.306 1.0
-3.30575 0.9
-3.30551 0.8
-3.30526 0.7
-3.30502 0.6
-3.30478 0.5
-3.30453 0.4
-3.30429 0.3
-3.30404 0.2
-3.3038 0.0
-3.30356 0.0
-3.30331 -0.2
-3.30307 -0.3
-3.30282 -0.4
-3.30258 -0.5
-3.30233 -0.6
-3.30209 -0.7
-3.30185 -0.8
-3.3016 -0.9
-3.30136 -1.0
-3.30111 -1.1
-3.30087 -1.2
-3.30063 -1.3
-3.30038 -1.4
-3.30014 -1.5
-3.29989 -1.6
-3.29965 -1.7
-3.29941 -1.8
-3.29916 -1.9
-3.29892 -1.9
-3.29867 -2.0
-3.29843 -2.1
-3.29818 -2.1
-3.29794 -2.2
-3.2977 -2.3
-3.29745 -2.3
-3.29721 -2.4
-3.29696 -2.4
-3.29672 -2.4
-3.29648 -2.5
-3.29623 -2.5
-3.29599 -2.5
-3.29574 -2.6
-3.2955 -2.6
-3.29525 -2.6
-3.29501 -2.6
-3.29477 -2.6
-3.29452 -2.6
-3.29428 -2.6
-3.29403 -2.6
-3.29379 -2.5
-3.29355 -2.5
-3.2933 -2.5
-3.29306 -2.5
-3.29281 -2.4
-3.29257 -2.4
-3.29233 -2.3
-3.29208 -2.3
-3.29184 -2.2
-3.29159 -2.2
-3.29135 -2.1
-3.2911 -2.0
-3.29086 -2.0
-3.29062 -1.9
-3.29037 -1.8
-3.29013 -1.7
-3.28988 -1.6
-3.28964 -1.6
-3.2894 -1.5
-3.28915 -1.4
-3.28891 -1.3
-3.28866 -1.2
-3.28842 -1.1
-3.28817 -1.0
-3.28793 -0.9
-3.28769 -0.8
-3.28744 -0.7
-3.2872 -0.5
-3.28695 -0.4
-3.28671 -0.3
-3.28647 -0.2
-3.28622 0.0
-3.28598 0.0
-3.28573 0.1
-3.28549 0.2
-3.28524 0.4
-3.285 0.5
-3.28476 0.6
-3.28451 0.7
-3.28427 0.8
-3.28402 0.9
-3.28378 1.0
-3.28354 1.1
-3.28329 1.2
-3.28305 1.3
-3.2828 1.4
-3.28256 1.5
-3.28232 1.6
-3.28207 1.7
-3.28183 1.8
-3.28158 1.8
-3.28134 1.9
-3.28109 2.0
-3.28085 2.1
-3.28061 2.1
-3.28036 2.2
-3.28012 2.2
-3.27987 2.3
-3.27963 2.3
-3.27939 2.4
-3.27914 2.4
-3.2789 2.5
-3.27865 2.5
-3.27841 2.5
-3.27816 2.5
-3.27792 2.6
-3.27768 2.6
-3.27743 2.6
-3.27719 2.6
-3.27694 2.6
-3.2767 2.6
-3.27646 2.6
-3.27621 2.6
-3.27597 2.5
-3.27572 2.5
-3.27548 2.5
-3.27524 2.4
-3.27499 2.4
-3.27475 2.3
-3.2745 2.3
-3.27426 2.2
-3.27401 2.2
-3.27377 2.1
-3.27353 2.1
-3.27328 2.0
-3.27304 1.9
-3.27279 1.8
-3.27255 1.8
-3.27231 1.7
-3.27206 1.6
-3.27182 1.5
-3.27157 1.4
-3.27133 1.3
-3.27108 1.2
-3.27084 1.1
-3.2706 1.0
-3.27035 0.9
-3.27011 0.8
-3.26986 0.7
-3.26962 0.6
-3.26938 0.5
-3.26913 0.3
-3.26889 0.2
-3.26864 0.1
-3.2684 0.0
-3.26816 -0.1
-3.26791 -0.2
-3.26767 -0.3
-3.26742 -0.4
-3.26718 -0.5
-3.26693 -0.7
-3.26669 -0.8
-3.26645 -0.9
-3.2662 -1.0
-3.26596 -1.1
-3.26571 -1.2
-3.26547 -1.3
-3.26523 -1.4
-3.26498 -1.5
-3.26474 -1.6
-3.26449 -1.7
-3.26425 -1.7
-3.264 -1.8
-3.26376 -1.9
-3.26352 -2.0
-3.26327 -2.0
-3.26303 -2.1
-3.26278 -2.2
-3.26254 -2.2
-3.2623 -2.3
-3.26205 -2.3
-3.26181 -2.4
-3.26156 -2.4
-3.26132 -2.5
-3.26108 -2.5
-3.26083 -2.5
-3.26059 -2.5
-3.26034 -2.6
-3.2601 -2.6
-3.25985 -2.6
-3.25961 -2.6
-3.25937 -2.6
-3.25912 -2.6
-3.25888 -2.6
-3.25863 -2.6
-3.25839 -2.5
-3.25815 -2.5
-3.2579 -2.5
-3.25766 -2.4
-3.25741 -2.4
-3.25717 -2.4
-3.25692 -2.3
-3.25668 -2.3
-3.25644 -2.2
-3.25619 -2.1
-3.25595 -2.1
-3.2557 -2.0
-3.25546 -1.9
-3.25522 -1.8
-3.25497 -1.8
-3.25473 -1.7
-3.25448 -1.6
-3.25424 -1.5
-3.25399 -1.4
-3.25375 -1.3
-3.25351 -1.2
-3.25326 -1.1
-3.25302 -1.0
-3.25277 -0.9
-3.25253 -0.8
-3.25229 -0.7
-3.25204 -0.6
-3.2518 -0.5
-3.25155 -0.4
-3.25131 -0.2
-3.25107 -0.1
-3.25082 0.0
-3.25058 0.0
-3.25033 0.2
-3.25009 0.3
-3.24984 0.4
-3.2496 0.5
-3.24936 0.6
-3.24911 0.8
-3.24887 0.9
-3.24862 1.0
-3.24838 1.1
-3.24814 1.2
-3.24789 1.3
-3.24765 1.4
-3.2474 1.5
-3.24716 1.6
-3.24691 1.6
-3.24667 1.7
-3.24643 1.8
-3.24618 1.9
-3.24594 2.0
-3.24569 2.0
-3.24545 2.1
-3.24521 2.2
-3.24496 2.2
-3.24472 2.3
-3.24447 2.3
-3.24423 2.4
-3.24399 2.4
-3.24374 2.5
-3.2435 2.5
-3.24325 2.5
-3.24301 2.6
-3.24276 2.6
-3.24252 2.6
-3.24228 2.6
-3.24203 2.6
-3.24179 2.6
-3.24154 2.6
-3.2413 2.6
-3.24106 2.6
-3.24081 2.5
-3.24057 2.5
-3.24032 2.5
-3.24008 2.4
-3.23983 2.4
-3.23959 2.4
-3.23935 2.3
-3.2391 2.3
-3.23886 2.2
-3.23861 2.1
-3.23837 2.1
-3.23813 2.0
-3.23788 1.9
-3.23764 1.9
-3.23739 1.8
-3.23715 1.7
-3.23691 1.6
-3.23666 1.5
-3.23642 1.4
-3.23617 1.3
-3.23593 1.2
-3.23568 1.1
-3.23544 1.0
-3.2352 0.9
-3.23495 0.8
-3.23471 0.7
-3.23446 0.6
-3.23422 0.5
-3.23398 0.4
-3.23373 0.2
-3.23349 0.1
-3.23324 0.0
-3.233 0.0
-3.23275 -0.2
-3.23251 -0.3
-3.23227 -0.4
-3.23202 -0.5
-3.23178 -0.7
-3.23153 -0.8
-3.23129 -0.9
-3.23105 -1.0
-3.2308 -1.1
-3.23056 -1.2
-3.23031 -1.3
-3.23007 -1.4
-3.22983 -1.5
-3.22958 -1.6
-3.22934 -1.7
-3.22909 -1.7
-3.22885 -1.8
-3.2286 -1.9
-3.22836 -2.0
-3.22812 -2.1
-3.22787 -2.1
-3.22763 -2.2
-3.22738 -2.2
-3.22714 -2.3
-3.2269 -2.3
-3.22665 -2.4
-3.22641 -2.4
-3.22616 -2.5
-3.22592 -2.5
-3.22567 -2.5
-3.22543 -2.6
-3.22519 -2.6
-3.22494 -2.6
-3.2247 -2.6
-3.22445 -2.6
-3.22421 -2.6
-3.22397 -2.6
-3.22372 -2.6
-3.22348 -2.6
-3.22323 -2.5
-3.22299 -2.5
-3.22274 -2.5
-3.2225 -2.4
-3.22226 -2.4
-3.22201 -2.4
-3.22177 -2.3
-3.22152 -2.3
-3.22128 -2.2
-3.22104 -2.1
-3.22079 -2.1
-3.22055 -2.0
-3.2203 -1.9
-3.22006 -1.8
-3.21982 -1.8
-3.21957 -1.7
-3.21933 -1.6
-3.21908 -1.5
-3.21884 -1.4
-3.21859 -1.3
-3.21835 -1.2
-3.21811 -1.1
-3.21786 -1.0
-3.21762 -0.9
-3.21737 -0.8
-3.21713 -0.7
-3.21689 -0.6
-3.21664 -0.4
-3.2164 -0.3
-3.21615 -0.2
-3.21591 -0.1
-3.21566 0.0
-3.21542 0.1
-3.21518 0.2
-3.21493 0.3
-3.21469 0.5
-3.21444 0.6
-3.2142 0.7
-3.21396 0.8
-3.21371 0.9
-3.21347 1.0
-3.21322 1.1
-3.21298 1.2
-3.21274 1.3
-3.21249 1.4
-3.21225 1.5
-3.212 1.6
-3.21176 1.7
-3.21151 1.8
-3.21127 1.8
-3.21103 1.9
-3.21078 2.0
-3.21054 2.1
-3.21029 2.1
-3.21005 2.2
-3.20981 2.3
-3.20956 2.3
-3.20932 2.4
-3.20907 2.4
-3.20883 2.5
-3.20858 2.5
-3.20834 2.5
-3.2081 2.5
-3.20785 2.6
-3.20761 2.6
-3.20736 2.6
-3.20712 2.6
-3.20688 2.6
-3.20663 2.6
-3.20639 2.6
-3.20614 2.6
-3.2059 2.6
-3.20566 2.5
-3.20541 2.5
-3.20517 2.5
-3.20492 2.4
-3.20468 2.4
-3.20443 2.3
-3.20419 2.3
-3.20395 2.2
-3.2037 2.2
-3.20346 2.1
-3.20321 2.0
-3.20297 2.0
-3.20273 1.9
-3.20248 1.8
-3.20224 1.7
-3.20199 1.6
-3.20175 1.6
-3.2015 1.5
-3.20126 1.4
-3.20102 1.3
-3.20077 1.2
-3.20053 1.1
-3.20028 1.0
-3.20004 0.9
-3.1998 0.7
-3.19955 0.6
-3.19931 0.5
-3.19906 0.4
-3.19882 0.3
-3.19858 0.2
-3.19833 0.0
-3.19809 0.0
-3.19784 -0.2
-3.1976 -0.3
-3.19735 -0.4
-3.19711 -0.5
-3.19687 -0.6
-3.19662 -0.7
-3.19638 -0.8
-3.19613 -0.9
-3.19589 -1.0
-3.19565 -1.1
-3.1954 -1.2
-3.19516 -1.3
-3.19491 -1.4
-3.19467 -1.5
-3.19442 -1.6
-3.19418 -1.7
-3.19394 -1.8
-3.19369 -1.9
-3.19345 -2.0
-3.1932 -2.0
-3.19296 -2.1
-3.19272 -2.2
-3.19247 -2.2
-3.19223 -2.3
-3.19198 -2.3
-3.19174 -2.4
-3.19149 -2.4
-3.19125 -2.5
-3.19101 -2.5
-3.19076 -2.5
-3.19052 -2.6
-3.19027 -2.6
-3.19003 -2.6
-3.18979 -2.6
-3.18954 -2.6
-3.1893 -2.6
-3.18905 -2.6
-3.18881 -2.6
-3.18857 -2.6
-3.18832 -2.6
-3.18808 -2.5
-3.18783 -2.5
-3.18759 -2.5
-3.18734 -2.4
-3.1871 -2.4
-3.18686 -2.3
-3.18661 -2.3
-3.18637 -2.2
-3.18612 -2.2
-3.18588 -2.1
-3.18564 -2.0
-3.18539 -1.9
-3.18515 -1.9
-3.1849 -1.8
-3.18466 -1.7
-3.18441 -1.6
-3.18417 -1.5
-3.18393 -1.4
-3.18368 -1.3
-3.18344 -1.2
-3.18319 -1.1
-3.18295 -1.0
-3.18271 -0.9
-3.18246 -0.8
-3.18222 -0.7
-3.18197 -0.6
-3.18173 -0.5
-3.18149 -0.4
-3.18124 -0.2
-3.181 -0.1
-3.18075 0.0
-3.18051 0.0
-3.18026 0.2
-3.18002 0.3
-3.17978 0.4
-3.17953 0.6
-3.17929 0.7
-3.17904 0.8
-3.1788 0.9
-3.17856 1.0
-3.17831 1.1
-3.17807 1.2
-3.17782 1.3
-3.17758 1.4
-3.17733 1.5
-3.17709 1.6
-3.17685 1.7
-3.1766 1.8
-3.17636 1.8
-3.17611 1.9
-3.17587 2.0
-3.17563 2.1
-3.17538 2.1
-3.17514 2.2
-3.17489 2.3
-3.17465 2.3
-3.17441 2.4
-3.17416 2.4
-3.17392 2.5
-3.17367 2.5
-3.17343 2.5
-3.17318 2.5
-3.17294 2.6
-3.1727 2.6
-3.17245 2.6
-3.17221 2.6
-3.17196 2.6
-3.17172 2.6
-3.17148 2.6
-3.17123 2.6
-3.17099 2.6
-3.17074 2.5
-3.1705 2.5
-3.17025 2.5
-3.17001 2.4
-3.16977 2.4
-3.16952 2.4
-3.16928 2.3
-3.16903 2.2
-3.16879 2.2
-3.16855 2.1
-3.1683 2.1
-3.16806 2.0
-3.16781 1.9
-3.16757 1.8
-3.16733 1.7
-3.16708 1.6
-3.16684 1.6
-3.16659 1.5
-3.16635 1.4
-3.1661 1.3
-3.16586 1.2
-3.16562 1.1
-3.16537 1.0
-3.16513 0.9
-3.16488 0.7
-3.16464 0.6
-3.1644 0.5
-3.16415 0.4
-3.16391 0.3
-3.16366 0.2
-3.16342 0.0
-3.16317 0.0
-3.16293 -0.2
-3.16269 -0.3
-3.16244 -0.4
-3.1622 -0.5
-3.16195 -0.6
-3.16171 -0.7
-3.16147 -0.8
-3.16122 -1.0
-3.16098 -1.1
-3.16073 -1.2
-3.16049 -1.3
-3.16024 -1.4
-3.16 -1.5
-3.15976 -1.6
-3.15951 -1.6
-3.15927 -1.7
-3.15902 -1.8
-3.15878 -1.9
-3.15854 -2.0
-3.15829 -2.0
-3.15805 -2.1
-3.1578 -2.2
-3.15756 -2.2
-3.15732 -2.3
-3.15707 -2.4
-3.15683 -2.4
-3.15658 -2.4
-3.15634 -2.5
-3.15609 -2.5
-3.15585 -2.5
-3.15561 -2.6
-3.15536 -2.6
-3.15512 -2.6
-3.15487 -2.6
-3.15463 -2.6
-3.15439 -2.6
-3.15414 -2.6
-3.1539 -2.6
-3.15365 -2.6
-3.15341 -2.6
-3.15316 -2.5
-3.15292 -2.5
-3.15268 -2.5
-3.15243 -2.4
-3.15219 -2.4
-3.15194 -2.3
-3.1517 -2.3
-3.15146 -2.2
-3.15121 -2.1
-3.15097 -2.1
-3.15072 -2.0
-3.15048 -1.9
-3.15024 -1.8
-3.14999 -1.8
-3.14975 -1.7
-3.1495 -1.6
-3.14926 -1.5
-3.14901 -1.4
-3.14877 -1.3
-3.14853 -1.2
-3.14828 -1.1
-3.14804 -1.0
-3.14779 -0.9
-3.14755 -0.8
-3.14731 -0.7
-3.14706 -0.5
-3.14682 -0.4
-3.14657 -0.3
-3.14633 -0.2
-3.14608 0.0
-3.14584 0.0
-3.1456 0.1
-3.14535 0.3
-3.14511 0.4
-3.14486 0.5
-3.14462 0.6
-3.14438 0.7
-3.14413 0.8
-3.14389 0.9
-3.14364 1.0
-3.1434 1.1
-3.14316 1.2
-3.14291 1.3
-3.14267 1.4
-3.14242 1.5
-3.14218 1.6
-3.14193 1.7
-3.14169 1.8
-3.14145 1.9
-3.1412 2.0
-3.14096 2.0
-3.14071 2.1
-3.14047 2.2
-3.14023 2.2
-3.13998 2.3
-3.13974 2.3
-3.13949 2.4
-3.13925 2.4
-3.139 2.5
-3.13876 2.5
-3.13852 2.5
-3.13827 2.6
-3.13803 2.6
-3.13778 2.6
-3.13754 2.6
-3.1373 2.6
-3.13705 2.6
-3.13681 2.6
-3.13656 2.6
-3.13632 2.6
-3.13608 2.6
-3.13583 2.5
-3.13559 2.5
-3.13534 2.5
-3.1351 2.4
-3.13485 2.4
-3.13461 2.3
-3.13437 2.3
-3.13412 2.2
-3.13388 2.2
-3.13363 2.1
-3.13339 2.0
-3.13315 1.9
-3.1329 1.9
-3.13266 1.8
-3.13241 1.7
-3.13217 1.6
-3.13192 1.5
-3.13168 1.4
-3.13144 1.3
-3.13119 1.2
-3.13095 1.1
-3.1307 1.0
-3.13046 0.9
-3.13022 0.8
-3.12997 0.7
-3.12973 0.6
-3.12948 0.4
-3.12924 0.3
-3.12899 0.2
-3.12875 0.0
-3.12851 0.0
-3.12826 -0.1
-3.12802 -0.2
-3.12777 -0.4
-3.12753 -0.5
-3.12729 -0.6
-3.12704 -0.7
-3.1268 -0.8
-3.12655 -0.9
-3.12631 -1.0
-3.12607 -1.1
-3.12582 -1.2
-3.12558 -1.3
-3.12533 -1.4
-3.12509 -1.5
-3.12484 -1.6
-3.1246 -1.7
-3.12436 -1.8
-3.12411 -1.9
-3.12387 -2.0
-3.12362 -2.0
-3.12338 -2.1
-3.12314 -2.2
-3.12289 -2.2
-3.12265 -2.3
-3.1224 -2.3
-3.12216 -2.4
-3.12191 -2.4
-3.12167 -2.5
-3.12143 -2.5
-3.12118 -2.5
-3.12094 -2.6
-3.12069 -2.6
-3.12045 -2.6
-3.12021 -2.6
-3.11996 -2.6
-3.11972 -2.6
-3.11947 -2.6
-3.11923 -2.6
-3.11899 -2.6
-3.11874 -2.6
-3.1185 -2.5
-3.11825 -2.5
-3.11801 -2.5
-3.11776 -2.4
-3.11752 -2.4
-3.11728 -2.3
-3.11703 -2.3
-3.11679 -2.2
-3.11654 -2.2
-3.1163 -2.1
-3.11606 -2.0
-3.11581 -1.9
-3.11557 -1.9
-3.11532 -1.8
-3.11508 -1.7
-3.11483 -1.6
-3.11459 -1.5
-3.11435 -1.4
-3.1141 -1.3
-3.11386 -1.2
-3.11361 -1.1
-3.11337 -1.0
-3.11313 -0.9
-3.11288 -0.8
-3.11264 -0.7
-3.11239 -0.6
-3.11215 -0.4
-3.11191 -0.3
-3.11166 -0.2
-3.11142 0.0
-3.11117 0.0
-3.11093 0.1
-3.11068 0.3
-3.11044 0.4
-3.1102 0.5
-3.10995 0.6
-3.10971 0.7
-3.10946 0.8
-3.10922 0.9
-3.10898 1.0
-3.10873 1.1
-3.10849 1.2
-3.10824 1.3
-3.108 1.4
-3.10775 1.5
-3.10751 1.6
-3.10727 1.7
-3.10702 1.8
-3.10678 1.9
-3.10653 2.0
-3.10629 2.0
-3.10605 2.1
-3.1058 2.2
-3.10556 2.2
-3.10531 2.3
-3.10507 2.4
-3.10483 2.4
-3.10458 2.4
-3.10434 2.5
-3.10409 2.5
-3.10385 2.6
-3.1036 2.6
-3.10336 2.6
-3.10312 2.6
-3.10287 2.6
-3.10263 2.6
-3.10238 2.6
-3.10214 2.6
-3.1019 2.6
-3.10165 2.6
-3.10141 2.6
-3.10116 2.5
-3.10092 2.5
-3.10067 2.5
-3.10043 2.4
-3.10019 2.4
-3.09994 2.3
-3.0997 2.3
-3.09945 2.2
-3.09921 2.1
-3.09897 2.1
-3.09872 2.0
-3.09848 1.9
-3.09823 1.8
-3.09799 1.8
-3.09774 1.7
-3.0975 1.6
-3.09726 1.5
-3.09701 1.4
-3.09677 1.3
-3.09652 1.2
-3.09628 1.1
-3.09604 1.0
-3.09579 0.9
-3.09555 0.8
-3.0953 0.6
-3.09506 0.5
-3.09482 0.4
-3.09457 0.3
-3.09433 0.2
-3.09408 0.0
-3.09384 0.0
-3.09359 -0.2
-3.09335 -0.3
-3.09311 -0.4
-3.09286 -0.5
-3.09262 -0.6
-3.09237 -0.7
-3.09213 -0.8
-3.09189 -1.0
-3.09164 -1.1
-3.0914 -1.2
-3.09115 -1.3
-3.09091 -1.4
-3.09066 -1.5
-3.09042 -1.6
-3.09018 -1.7
-3.08993 -1.7
-3.08969 -1.8
-3.08944 -1.9
-3.0892 -2.0
-3.08896 -2.1
-3.08871 -2.1
-3.08847 -2.2
-3.08822 -2.3
-3.08798 -2.3
-3.08774 -2.4
-3.08749 -2.4
-3.08725 -2.5
-3.087 -2.5
-3.08676 -2.5
-3.08651 -2.6
-3.08627 -2.6
-3.08603 -2.6
-3.08578 -2.6
-3.08554 -2.6
-3.08529 -2.6
-3.08505 -2.6
-3.08481 -2.6
-3.08456 -2.6
-3.08432 -2.6
-3.08407 -2.6
-3.08383 -2.5
-3.08358 -2.5
-3.08334 -2.5
-3.0831 -2.4
-3.08285 -2.4
-3.08261 -2.3
-3.08236 -2.3
-3.08212 -2.2
-3.08188 -2.1
-3.08163 -2.1
-3.08139 -2.0
-3.08114 -1.9
-3.0809 -1.8
-3.08066 -1.7
-3.08041 -1.6
-3.08017 -1.6
-3.07992 -1.5
-3.07968 -1.4
-3.07943 -1.3
-3.07919 -1.2
-3.07895 -1.1
-3.0787 -0.9
-3.07846 -0.8
-3.07821 -0.7
-3.07797 -0.6
-3.07773 -0.5
-3.07748 -0.4
-3.07724 -0.3
-3.07699 -0.1
-3.07675 0.0
-3.0765 0.0
-3.07626 0.2
-3.07602 0.3
-3.07577 0.4
-3.07553 0.6
-3.07528 0.7
-3.07504 0.8
-3.0748 0.9
-3.07455 1.0
-3.07431 1.1
-3.07406 1.2
-3.07382 1.3
-3.07358 1.4
-3.07333 1.5
-3.07309 1.6
-3.07284 1.7
-3.0726 1.8
-3.07235 1.9
-3.07211 1.9
-3.07187 2.0
-3.07162 2.1
-3.07138 2.2
-3.07113 2.2
-3.07089 2.3
-3.07065 2.3
-3.0704 2.4
-3.07016 2.4
-3.06991 2.5
-3.06967 2.5
-3.06942 2.5
-3.06918 2.6
-3.06894 2.6
-3.06869 2.6
-3.06845 2.6
-3.0682 2.6
-3.06796 2.6
-3.06772 2.6
-3.06747 2.6
-3.06723 2.6
-3.06698 2.6
-3.06674 2.6
-3.06649 2.5
-3.06625 2.5
-3.06601 2.4
-3.06576 2.4
-3.06552 2.3
-3.06527 2.3
-3.06503 2.2
-3.06479 2.2
-3.06454 2.1
-3.0643 2.0
-3.06405 2.0
-3.06381 1.9
-3.06357 1.8
-3.06332 1.7
-3.06308 1.6
-3.06283 1.5
-3.06259 1.4
-3.06234 1.3
-3.0621 1.2
-3.06186 1.1
-3.06161 1.0
-3.06137 0.9
-3.06112 0.8
-3.06088 0.7
-3.06064 0.6
-3.06039 0.4
-3.06015 0.3
-3.0599 0.2
-3.05966 0.0
-3.05941 0.0
-3.05917 -0.1
-3.05893 -0.3
-3.05868 -0.4
-3.05844 -0.5
-3.05819 -0.6
-3.05795 -0.7
-3.05771 -0.8
-3.05746 -0.9
-3.05722 -1.1
-3.05697 -1.2
-3.05673 -1.3
-3.05649 -1.4
-3.05624 -1.5
-3.056 -1.6
-3.05575 -1.7
-3.05551 -1.7
-3.05526 -1.8
-3.05502 -1.9
-3.05478 -2.0
-3.05453 -2.1
-3.05429 -2.1
-3.05404 -2.2
-3.0538 -2.3
-3.05356 -2.3
-3.05331 -2.4
-3.05307 -2.4
-3.05282 -2.5
-3.05258 -2.5
-3.05233 -2.5
-3.05209 -2.6
-3.05185 -2.6
-3.0516 -2.6
-3.05136 -2.6
-3.05111 -2.6
-3.05087 -2.6
-3.05063 -2.6
-3.05038 -2.6
-3.05014 -2.6
-3.04989 -2.6
-3.04965 -2.6
-3.04941 -2.5
-3.04916 -2.5
-3.04892 -2.5
-3.04867 -2.4
-3.04843 -2.4
-3.04818 -2.3
-3.04794 -2.3
-3.0477 -2.2
-3.04745 -2.1
-3.04721 -2.1
-3.04696 -2.0
-3.04672 -1.9
-3.04648 -1.8
-3.04623 -1.7
-3.04599 -1.6
-3.04574 -1.6
-3.0455 -1.5
-3.04525 -1.4
-3.04501 -1.3
-3.04477 -1.2
-3.04452 -1.0
-3.04428 -0.9
-3.04403 -0.8
-3.04379 -0.7
-3.04355 -0.6
-3.0433 -0.5
-3.04306 -0.4
-3.04281 -0.3
-3.04257 -0.1
-3.04233 0.0
-3.04208 0.1
-3.04184 0.2
-3.04159 0.3
-3.04135 0.5
-3.0411 0.6
-3.04086 0.7
-3.04062 0.8
-3.04037 0.9
-3.04013 1.0
-3.03988 1.1
-3.03964 1.2
-3.0394 1.3
-3.03915 1.4
-3.03891 1.5
-3.03866 1.6
-3.03842 1.7
-3.03817 1.8
-3.03793 1.9
-3.03769 2.0
-3.03744 2.0
-3.0372 2.1
-3.03695 2.2
-3.03671 2.2
-3.03647 2.3
-3.03622 2.4
-3.03598 2.4
-3.03573 2.5
-3.03549 2.5
-3.03524 2.5
-3.035 2.6
-3.03476 2.6
-3.03451 2.6
-3.03427 2.6
-3.03402 2.6
-3.03378 2.6
-3.03354 2.6
-3.03329 2.6
-3.03305 2.6
-3.0328 2.6
-3.03256 2.6
-3.03232 2.6
-3.03207 2.5
-3.03183 2.5
-3.03158 2.4
-3.03134 2.4
-3.03109 2.3
-3.03085 2.3
-3.03061 2.2
-3.03036 2.2
-3.03012 2.1
-3.02987 2.0
-3.02963 1.9
-3.02939 1.8
-3.02914 1.8
-3.0289 1.7
-3.02865 1.6
-3.02841 1.5
-3.02816 1.4
-3.02792 1.3
-3.02768 1.2
-3.02743 1.1
-3.02719 1.0
-3.02694 0.9
-3.0267 0.7
-3.02646 0.6
-3.02621 0.5
-3.02597 0.4
-3.02572 0.3
-3.02548 0.2
-3.02524 0.0
-3.02499 0.0
-3.02475 -0.2
-3.0245 -0.3
-3.02426 -0.4
-3.02401 -0.5
-3.02377 -0.7
-3.02353 -0.8
-3.02328 -0.9
-3.02304 -1.0
-3.02279 -1.1
-3.02255 -1.2
-3.02231 -1.3
-3.02206 -1.4
-3.02182 -1.5
-3.02157 -1.6
-3.02133 -1.7
-3.02108 -1.8
-3.02084 -1.9
-3.0206 -2.0
-3.02035 -2.0
-3.02011 -2.1
-3.01986 -2.2
-3.01962 -2.2
-3.01938 -2.3
-3.01913 -2.4
-3.01889 -2.4
-3.01864 -2.5
-3.0184 -2.5
-3.01816 -2.5
-3.01791 -2.6
-3.01767 -2.6
-3.01742 -2.6
-3.01718 -2.6
-3.01693 -2.6
-3.01669 -2.6
-3.01645 -2.6
-3.0162 -2.6
-3.01596 -2.6
-3.01571 -2.6
-3.01547 -2.6
-3.01523 -2.6
-3.01498 -2.5
-3.01474 -2.5
-3.01449 -2.4
-3.01425 -2.4
-3.014 -2.3
-3.01376 -2.3
-3.01352 -2.2
-3.01327 -2.2
-3.01303 -2.1
-3.01278 -2.0
-3.01254 -1.9
-3.0123 -1.9
-3.01205 -1.8
-3.01181 -1.7
-3.01156 -1.6
-3.01132 -1.5
-3.01108 -1.4
-3.01083 -1.3
-3.01059 -1.2
-3.01034 -1.1
-3.0101 -1.0
-3.00985 -0.9
-3.00961 -0.8
-3.00937 -0.6
-3.00912 -0.5
-3.00888 -0.4
-3.00863 -0.3
-3.00839 -0.2
-3.00815 0.0
-3.0079 0.0
-3.00766 0.2
-3.00741 0.3
-3.00717 0.4
-3.00692 0.5
-3.00668 0.7
-3.00644 0.8
-3.00619 0.9
-3.00595 1.0
-3.0057 1.1
-3.00546 1.2
-3.00522 1.3
-3.00497 1.4
-3.00473 1.5
-3.00448 1.6
-3.00424 1.7
-3.00399 1.8
-3.00375 1.9
-3.00351 2.0
-3.00326 2.0
-3.00302 2.1
-3.00277 2.2
-3.00253 2.2
-3.00229 2.3
-3.00204 2.4
-3.0018 2.4
-3.00155 2.5
-3.00131 2.5
-3.00107 2.5
-3.00082 2.6
-3.00058 2.6
-3.00033 2.6
-3.00009 2.6
-2.99984 2.6
-2.9996 2.6
-2.99936 2.6
-2.99911 2.6
-2.99887 2.6
-2.99862 2.6
-2.99838 2.6
-2.99814 2.6
-2.99789 2.5
-2.99765 2.5
-2.9974 2.5
-2.99716 2.4
-2.99691 2.4
-2.99667 2.3
-2.99643 2.2
-2.99618 2.2
-2.99594 2.1
-2.99569 2.0
-2.99545 1.9
-2.99521 1.9
-2.99496 1.8
-2.99472 1.7
-2.99447 1.6
-2.99423 1.5
-2.99399 1.4
-2.99374 1.3
-2.9935 1.2
-2.99325 1.1
-2.99301 1.0
-2.99276 0.9
-2.99252 0.7
-2.99228 0.6
-2.99203 0.5
-2.99179 0.4
-2.99154 0.3
-2.9913 0.2
-2.99106 0.0
-2.99081 0.0
-2.99057 -0.2
-2.99032 -0.3
-2.99008 -0.4
-2.98983 -0.5
-2.98959 -0.7
-2.98935 -0.8
-2.9891 -0.9
-2.98886 -1.0
-2.98861 -1.1
-2.98837 -1.2
-2.98813 -1.3
-2.98788 -1.4
-2.98764 -1.5
-2.98739 -1.6
-2.98715 -1.7
-2.98691 -1.8
-2.98666 -1.9
-2.98642 -2.0
-2.98617 -2.0
-2.98593 -2.1
-2.98568 -2.2
-2.98544 -2.3
-2.9852 -2.3
-2.98495 -2.4
-2.98471 -2.4
-2.98446 -2.5
-2.98422 -2.5
-2.98398 -2.5
-2.98373 -2.6
-2.98349 -2.6
-2.98324 -2.6
-2.983 -2.6
-2.98275 -2.6
-2.98251 -2.6
-2.98227 -2.6
-2.98202 -2.6
-2.98178 -2.6
-2.98153 -2.6
-2.98129 -2.6
-2.98105 -2.6
-2.9808 -2.5
-2.98056 -2.5
-2.98031 -2.4
-2.98007 -2.4
-2.97983 -2.3
-2.97958 -2.3
-2.97934 -2.2
-2.97909 -2.2
-2.97885 -2.1
-2.9786 -2.0
-2.97836 -1.9
-2.97812 -1.8
-2.97787 -1.8
-2.97763 -1.7
-2.97738 -1.6
-2.97714 -1.5
-2.9769 -1.4
-2.97665 -1.3
-2.97641 -1.2
-2.97616 -1.1
-2.97592 -1.0
-2.97567 -0.8
-2.97543 -0.7
-2.97519 -0.6
-2.97494 -0.5
-2.9747 -0.4
-2.97445 -0.3
-2.97421 -0.1
-2.97397 0.0
-2.97372 0.1
-2.97348 0.2
-2.97323 0.3
-2.97299 0.5
-2.97274 0.6
-2.9725 0.7
-2.97226 0.8
-2.97201 0.9
-2.97177 1.0
-2.97152 1.1
-2.97128 1.2
-2.97104 1.3
-2.97079 1.5
-2.97055 1.5
-2.9703 1.6
-2.97006 1.7
-2.96982 1.8
-2.96957 1.9
-2.96933 2.0
-2.96908 2.1
-2.96884 2.1
-2.96859 2.2
-2.96835 2.3
-2.96811 2.3
-2.96786 2.4
-2.96762 2.4
-2.96737 2.5
-2.96713 2.5
-2.96689 2.6
-2.96664 2.6
-2.9664 2.6
-2.96615 2.6
-2.96591 2.6
-2.96566 2.6
-2.96542 2.7
-2.96518 2.6
-2.96493 2.6
-2.96469 2.6
-2.96444 2.6
-2.9642 2.6
-2.96396 2.6
-2.96371 2.5
-2.96347 2.5
-2.96322 2.4
-2.96298 2.4
-2.96274 2.3
-2.96249 2.3
-2.96225 2.2
-2.962 2.1
-2.96176 2.1
-2.96151 2.0
-2.96127 1.9
-2.96103 1.8
-2.96078 1.7
-2.96054 1.6
-2.96029 1.5
-2.96005 1.4
-2.95981 1.3
-2.95956 1.2
-2.95932 1.1
-2.95907 1.0
-2.95883 0.9
-2.95858 0.8
-2.95834 0.7
-2.9581 0.6
-2.95785 0.5
-2.95761 0.3
-2.95736 0.2
-2.95712 0.0
-2.95688 0.0
-2.95663 -0.1
-2.95639 -0.3
-2.95614 -0.4
-2.9559 -0.5
-2.95566 -0.6
-2.95541 -0.7
-2.95517 -0.8
-2.95492 -1.0
-2.95468 -1.1
-2.95443 -1.2
-2.95419 -1.3
-2.95395 -1.4
-2.9537 -1.5
-2.95346 -1.6
-2.95321 -1.7
-2.95297 -1.8
-2.95273 -1.9
-2.95248 -1.9
-2.95224 -2.0
-2.95199 -2.1
-2.95175 -2.2
-2.9515 -2.2
-2.95126 -2.3
-2.95102 -2.4
-2.95077 -2.4
-2.95053 -2.5
-2.95028 -2.5
-2.95004 -2.5
-2.9498 -2.6
-2.94955 -2.6
-2.94931 -2.6
-2.94906 -2.6
-2.94882 -2.6
-2.94858 -2.7
-2.94833 -2.7
-2.94809 -2.6
-2.94784 -2.6
-2.9476 -2.6
-2.94735 -2.6
-2.94711 -2.6
-2.94687 -2.5
-2.94662 -2.5
-2.94638 -2.5
-2.94613 -2.4
-2.94589 -2.4
-2.94565 -2.3
-2.9454 -2.2
-2.94516 -2.2
-2.94491 -2.1
-2.94467 -2.0
-2.94442 -2.0
-2.94418 -1.9
-2.94394 -1.8
-2.94369 -1.7
-2.94345 -1.6
-2.9432 -1.5
-2.94296 -1.4
-2.94272 -1.3
-2.94247 -1.2
-2.94223 -1.1
-2.94198 -1.0
-2.94174 -0.9
-2.94149 -0.7
-2.94125 -0.6
-2.94101 -0.5
-2.94076 -0.4
-2.94052 -0.3
-2.94027 -0.2
-2.94003 0.0
-2.93979 0.0
-2.93954 0.2
-2.9393 0.3
-2.93905 0.4
-2.93881 0.6
-2.93857 0.7
-2.93832 0.8
-2.93808 0.9
-2.93783 1.0
-2.93759 1.1
-2.93734 1.2
-2.9371 1.3
-2.93686 1.4
-2.93661 1.5
-2.93637 1.6
-2.93612 1.7
-2.93588 1.8
-2.93564 1.9
-2.93539 2.0
-2.93515 2.1
-2.9349 2.1
-2.93466 2.2
-2.93441 2.3
-2.93417 2.3
-2.93393 2.4
-2.93368 2.4
-2.93344 2.5
-2.93319 2.5
-2.93295 2.6
-2.93271 2.6
-2.93246 2.6
-2.93222 2.6
-2.93197 2.6
-2.93173 2.7
-2.93149 2.7
-2.93124 2.7
-2.931 2.6
-2.93075 2.6
-2.93051 2.6
-2.93026 2.6
-2.93002 2.6
-2.92978 2.5
-2.92953 2.5
-2.92929 2.4
-2.92904 2.4
-2.9288 2.3
-2.92856 2.3
-2.92831 2.2
-2.92807 2.1
-2.92782 2.1
-2.92758 2.0
-2.92733 1.9
-2.92709 1.8
-2.92685 1.7
-2.9266 1.6
-2.92636 1.5
-2.92611 1.4
-2.92587 1.3
-2.92563 1.2
-2.92538 1.1
-2.92514 1.0
-2.92489 0.9
-2.92465 0.8
-2.92441 0.7
-2.92416 0.6
-2.92392 0.4
-2.92367 0.3
-2.92343 0.2
-2.92318 0.0
-2.92294 0.0
-2.9227 -0.2
-2.92245 -0.3
-2.92221 -0.4
-2.92196 -0.5
-2.92172 -0.6
-2.92148 -0.8
-2.92123 -0.9
-2.92099 -1.0
-2.92074 -1.1
-2.9205 -1.2
-2.92025 -1.3
-2.92001 -1.4
-2.91977 -1.5
-2.91952 -1.6
-2.91928 -1.7
-2.91903 -1.8
-2.91879 -1.9
-2.91855 -2.0
-2.9183 -2.0
-2.91806 -2.1
-2.91781 -2.2
-2.91757 -2.3
-2.91733 -2.3
-2.91708 -2.4
-2.91684 -2.4
-2.91659 -2.5
-2.91635 -2.5
-2.9161 -2.6
-2.91586 -2.6
-2.91562 -2.6
-2.91537 -2.6
-2.91513 -2.6
-2.91488 -2.7
-2.91464 -2.7
-2.9144 -2.7
-2.91415 -2.7
-2.91391 -2.6
-2.91366 -2.6
-2.91342 -2.6
-2.91317 -2.6
-2.91293 -2.5
-2.91269 -2.5
-2.91244 -2.5
-2.9122 -2.4
-2.91195 -2.4
-2.91171 -2.3
-2.91147 -2.2
-2.91122 -2.2
-2.91098 -2.1
-2.91073 -2.0
-2.91049 -1.9
-2.91024 -1.8
-2.91 -1.8
-2.90976 -1.7
-2.90951 -1.6
-2.90927 -1.5
-2.90902 -1.4
-2.90878 -1.3
-2.90854 -1.1
-2.90829 -1.0
-2.90805 -0.9
-2.9078 -0.8
-2.90756 -0.7
-2.90732 -0.6
-2.90707 -0.5
-2.90683 -0.3
-2.90658 -0.2
-2.90634 0.0
-2.90609 0.0
-2.90585 0.1
-2.90561 0.3
-2.90536 0.4
-2.90512 0.5
-2.90487 0.6
-2.90463 0.7
-2.90439 0.9
-2.90414 1.0
-2.9039 1.1
-2.90365 1.2
-2.90341 1.3
-2.90316 1.4
-2.90292 1.5
-2.90268 1.6
-2.90243 1.7
-2.90219 1.8
-2.90194 1.9
-2.9017 2.0
-2.90146 2.0
-2.90121 2.1
-2.90097 2.2
-2.90072 2.3
-2.90048 2.3
-2.90024 2.4
-2.89999 2.4
-2.89975 2.5
-2.8995 2.5
-2.89926 2.6
-2.89901 2.6
-2.89877 2.6
-2.89853 2.6
-2.89828 2.6
-2.89804 2.7
-2.89779 2.7
-2.89755 2.7
-2.89731 2.7
-2.89706 2.6
-2.89682 2.6
-2.89657 2.6
-2.89633 2.6
-2.89608 2.5
-2.89584 2.5
-2.8956 2.5
-2.89535 2.4
-2.89511 2.4
-2.89486 2.3
-2.89462 2.2
-2.89438 2.2
-2.89413 2.1
-2.89389 2.0
-2.89364 1.9
-2.8934 1.9
-2.89316 1.8
-2.89291 1.7
-2.89267 1.6
-2.89242 1.5
-2.89218 1.4
-2.89193 1.3
-2.89169 1.2
-2.89145 1.0
-2.8912 0.9
-2.89096 0.8
-2.89071 0.7
-2.89047 0.6
-2.89023 0.5
-2.88998 0.3
-2.88974 0.2
-2.88949 0.1
-2.88925 0.0
-2.889 -0.1
-2.88876 -0.3
-2.88852 -0.4
-2.88827 -0.5
-2.88803 -0.6
-2.88778 -0.7
-2.88754 -0.9
-2.8873 -1.0
-2.88705 -1.1
-2.88681 -1.2
-2.88656 -1.3
-2.88632 -1.4
-2.88608 -1.5
-2.88583 -1.6
-2.88559 -1.7
-2.88534 -1.8
-2.8851 -1.9
-2.88485 -2.0
-2.88461 -2.0
-2.88437 -2.1
-2.88412 -2.2
-2.88388 -2.3
-2.88363 -2.3
-2.88339 -2.4
-2.88315 -2.4
-2.8829 -2.5
-2.88266 -2.5
-2.88241 -2.6
-2.88217 -2.6
-2.88192 -2.6
-2.88168 -2.6
-2.88144 -2.7
-2.88119 -2.7
-2.88095 -2.7
-2.8807 -2.7
-2.88046 -2.7
-2.88022 -2.6
-2.87997 -2.6
-2.87973 -2.6
-2.87948 -2.6
-2.87924 -2.5
-2.87899 -2.5
-2.87875 -2.5
-2.87851 -2.4
-2.87826 -2.4
-2.87802 -2.3
-2.87777 -2.2
-2.87753 -2.2
-2.87729 -2.1
-2.87704 -2.0
-2.8768 -1.9
-2.87655 -1.9
-2.87631 -1.8
-2.87607 -1.7
-2.87582 -1.6
-2.87558 -1.5
-2.87533 -1.4
-2.87509 -1.3
-2.87484 -1.2
-2.8746 -1.0
-2.87436 -0.9
-2.87411 -0.8
-2.87387 -0.7
-2.87362 -0.6
-2.87338 -0.5
-2.87314 -0.3
-2.87289 -0.2
-2.87265 0.0
-2.8724 0.0
-2.87216 0.1
-2.87191 0.3
-2.87167 0.4
-2.87143 0.5
-2.87118 0.6
-2.87094 0.7
-2.87069 0.9
-2.87045 1.0
-2.87021 1.1
-2.86996 1.2
-2.86972 1.3
-2.86947 1.4
-2.86923 1.5
-2.86899 1.6
-2.86874 1.7
-2.8685 1.8
-2.86825 1.9
-2.86801 2.0
-2.86776 2.1
-2.86752 2.1
-2.86728 2.2
-2.86703 2.3
-2.86679 2.3
-2.86654 2.4
-2.8663 2.4
-2.86606 2.5
-2.86581 2.5
-2.86557 2.6
-2.86532 2.6
-2.86508 2.6
-2.86483 2.6
-2.86459 2.7
-2.86435 2.7
-2.8641 2.7
-2.86386 2.7
-2.86361 2.7
-2.86337 2.7
-2.86313 2.6
-2.86288 2.6
-2.86264 2.6
-2.86239 2.5
-2.86215 2.5
-2.86191 2.5
-2.86166 2.4
-2.86142 2.4
-2.86117 2.3
-2.86093 2.2
-2.86068 2.2
-2.86044 2.1
-2.8602 2.0
-2.85995 1.9
-2.85971 1.8
-2.85946 1.7
-2.85922 1.6
-2.85898 1.6
-2.85873 1.5
-2.85849 1.3
-2.85824 1.2
-2.858 1.1
-2.85775 1.0
-2.85751 0.9
-2.85727 0.8
-2.85702 0.7
-2.85678 0.6
-2.85653 0.4
-2.85629 0.3
-2.85605 0.2
-2.8558 0.0
-2.85556 0.0
-2.85531 -0.2
-2.85507 -0.3
-2.85483 -0.4
-2.85458 -0.5
-2.85434 -0.7
-2.85409 -0.8
-2.85385 -0.9
-2.8536 -1.0
-2.85336 -1.1
-2.85312 -1.2
-2.85287 -1.3
-2.85263 -1.4
-2.85238 -1.5
-2.85214 -1.6
-2.8519 -1.7
-2.85165 -1.8
-2.85141 -1.9
-2.85116 -2.0
-2.85092 -2.1
-2.85067 -2.2
-2.85043 -2.2
-2.85019 -2.3
-2.84994 -2.4
-2.8497 -2.4
-2.84945 -2.5
-2.84921 -2.5
-2.84897 -2.5
-2.84872 -2.6
-2.84848 -2.6
-2.84823 -2.6
-2.84799 -2.7
-2.84774 -2.7
-2.8475 -2.7
-2.84726 -2.7
-2.84701 -2.7
-2.84677 -2.7
-2.84652 -2.6
-2.84628 -2.6
-2.84604 -2.6
-2.84579 -2.6
-2.84555 -2.5
-2.8453 -2.5
-2.84506 -2.4
-2.84482 -2.4
-2.84457 -2.3
-2.84433 -2.3
-2.84408 -2.2
-2.84384 -2.1
-2.84359 -2.1
-2.84335 -2.0
-2.84311 -1.9
-2.84286 -1.8
-2.84262 -1.7
-2.84237 -1.6
-2.84213 -1.5
-2.84189 -1.4
-2.84164 -1.3
-2.8414 -1.2
-2.84115 -1.1
-2.84091 -1.0
-2.84066 -0.9
-2.84042 -0.7
-2.84018 -0.6
-2.83993 -0.5
-2.83969 -0.4
-2.83944 -0.3
-2.8392 -0.1
-2.83896 0.0
-2.83871 0.1
-2.83847 0.2
-2.83822 0.3
-2.83798 0.5
-2.83774 0.6
-2.83749 0.7
-2.83725 0.8
-2.837 0.9
-2.83676 1.1
-2.83651 1.2
-2.83627 1.3
-2.83603 1.4
-2.83578 1.5
-2.83554 1.6
-2.83529 1.7
-2.83505 1.8
-2.83481 1.9
-2.83456 2.0
-2.83432 2.0
-2.83407 2.1
-2.83383 2.2
-2.83358 2.3
-2.83334 2.3
-2.8331 2.4
-2.83285 2.4
-2.83261 2.5
-2.83236 2.5
-2.83212 2.6
-2.83188 2.6
-2.83163 2.6
-2.83139 2.6
-2.83114 2.7
-2.8309 2.7
-2.83066 2.7
-2.83041 2.7
-2.83017 2.7
-2.82992 2.7
-2.82968 2.6
-2.82943 2.6
-2.82919 2.6
-2.82895 2.6
-2.8287 2.5
-2.82846 2.5
-2.82821 2.4
-2.82797 2.4
-2.82773 2.3
-2.82748 2.2
-2.82724 2.2
-2.82699 2.1
-2.82675 2.0
-2.8265 1.9
-2.82626 1.9
-2.82602 1.8
-2.82577 1.7
-2.82553 1.6
-2.82528 1.5
-2.82504 1.4
-2.8248 1.3
-2.82455 1.1
-2.82431 1.0
-2.82406 0.9
-2.82382 0.8
-2.82358 0.7
-2.82333 0.6
-2.82309 0.4
-2.82284 0.3
-2.8226 0.2
-2.82235 0.0
-2.82211 0.0
-2.82187 -0.2
-2.82162 -0.3
-2.82138 -0.4
-2.82113 -0.5
-2.82089 -0.7
-2.82065 -0.8
-2.8204 -0.9
-2.82016 -1.0
-2.81991 -1.1
-2.81967 -1.2
-2.81942 -1.3
-2.81918 -1.4
-2.81894 -1.5
-2.81869 -1.6
-2.81845 -1.7
-2.8182 -1.8
-2.81796 -1.9
-2.81772 -2.0
-2.81747 -2.1
-2.81723 -2.2
-2.81698 -2.2
-2.81674 -2.3
-2.81649 -2.4
-2.81625 -2.4
-2.81601 -2.5
-2.81576 -2.5
-2.81552 -2.6
-2.81527 -2.6
-2.81503 -2.6
-2.81479 -2.6
-2.81454 -2.7
-2.8143 -2.7
-2.81405 -2.7
-2.81381 -2.7
-2.81357 -2.7
-2.81332 -2.7
-2.81308 -2.7
-2.81283 -2.6
-2.81259 -2.6
-2.81234 -2.6
-2.8121 -2.5
-2.81186 -2.5
-2.81161 -2.4
-2.81137 -2.4
-2.81112 -2.3
-2.81088 -2.3
-2.81064 -2.2
-2.81039 -2.1
-2.81015 -2.1
-2.8099 -2.0
-2.80966 -1.9
-2.80941 -1.8
-2.80917 -1.7
-2.80893 -1.6
-2.80868 -1.5
-2.80844 -1.4
-2.80819 -1.3
-2.80795 -1.2
-2.80771 -1.1
-2.80746 -1.0
-2.80722 -0.8
-2.80697 -0.7
-2.80673 -0.6
-2.80649 -0.5
-2.80624 -0.4
-2.806 -0.2
-2.80575 -0.1
-2.80551 0.0
-2.80526 0.1
-2.80502 0.3
-2.80478 0.4
-2.80453 0.5
-2.80429 0.6
-2.80404 0.7
-2.8038 0.9
-2.80356 1.0
-2.80331 1.1
-2.80307 1.2
-2.80282 1.3
-2.80258 1.4
-2.80233 1.5
-2.80209 1.6
-2.80185 1.7
-2.8016 1.8
-2.80136 1.9
-2.80111 2.0
-2.80087 2.1
-2.80063 2.1
-2.80038 2.2
-2.80014 2.3
-2.79989 2.3
-2.79965 2.4
-2.79941 2.5
-2.79916 2.5
-2.79892 2.5
-2.79867 2.6
-2.79843 2.6
-2.79818 2.6
-2.79794 2.7
-2.7977 2.7
-2.79745 2.7
-2.79721 2.7
-2.79696 2.7
-2.79672 2.7
-2.79648 2.7
-2.79623 2.6
-2.79599 2.6
-2.79574 2.6
-2.7955 2.6
-2.79525 2.5
-2.79501 2.5
-2.79477 2.4
-2.79452 2.4
-2.79428 2.3
-2.79403 2.2
-2.79379 2.1
-2.79355 2.1
-2.7933 2.0
-2.79306 1.9
-2.79281 1.8
-2.79257 1.7
-2.79233 1.6
-2.79208 1.5
-2.79184 1.4
-2.79159 1.3
-2.79135 1.2
-2.7911 1.1
-2.79086 1.0
-2.79062 0.9
-2.79037 0.7
-2.79013 0.6
-2.78988 0.5
-2.78964 0.4
-2.7894 0.3
-2.78915 0.1
-2.78891 0.0
-2.78866 -0.1
-2.78842 -0.2
-2.78817 -0.4
-2.78793 -0.5
-2.78769 -0.6
-2.78744 -0.7
-2.7872 -0.8
-2.78695 -1.0
-2.78671 -1.1
-2.78647 -1.2
-2.78622 -1.3
-2.78598 -1.4
-2.78573 -1.5
-2.78549 -1.6
-2.78524 -1.7
-2.785 -1.8
-2.78476 -1.9
-2.78451 -2.0
-2.78427 -2.1
-2.78402 -2.1
-2.78378 -2.2
-2.78354 -2.3
-2.78329 -2.3
-2.78305 -2.4
-2.7828 -2.5
-2.78256 -2.5
-2.78232 -2.5
-2.78207 -2.6
-2.78183 -2.6
-2.78158 -2.6
-2.78134 -2.7
-2.78109 -2.7
-2.78085 -2.7
-2.78061 -2.7
-2.78036 -2.7
-2.78012 -2.7
-2.77987 -2.7
-2.77963 -2.6
-2.77939 -2.6
-2.77914 -2.6
-2.7789 -2.6
-2.77865 -2.5
-2.77841 -2.5
-2.77816 -2.4
-2.77792 -2.4
-2.77768 -2.3
-2.77743 -2.2
-2.77719 -2.2
-2.77694 -2.1
-2.7767 -2.0
-2.77646 -1.9
-2.77621 -1.8
-2.77597 -1.7
-2.77572 -1.6
-2.77548 -1.5
-2.77524 -1.4
-2.77499 -1.3
-2.77475 -1.2
-2.7745 -1.1
-2.77426 -1.0
-2.77401 -0.9
-2.77377 -0.7
-2.77353 -0.6
-2.77328 -0.5
-2.77304 -0.4
-2.77279 -0.3
-2.77255 -0.1
-2.77231 0.0
-2.77206 0.1
-2.77182 0.2
-2.77157 0.4
-2.77133 0.5
-2.77108 0.6
-2.77084 0.7
-2.7706 0.8
-2.77035 1.0
-2.77011 1.1
-2.76986 1.2
-2.76962 1.3
-2.76938 1.4
-2.76913 1.5
-2.76889 1.6
-2.76864 1.7
-2.7684 1.8
-2.76816 1.9
-2.76791 2.0
-2.76767 2.1
-2.76742 2.1
-2.76718 2.2
-2.76693 2.3
-2.76669 2.3
-2.76645 2.4
-2.7662 2.5
-2.76596 2.5
-2.76571 2.6
-2.76547 2.6
-2.76523 2.6
-2.76498 2.6
-2.76474 2.7
-2.76449 2.7
-2.76425 2.7
-2.764 2.7
-2.76376 2.7
-2.76352 2.7
-2.76327 2.7
-2.76303 2.7
-2.76278 2.6
-2.76254 2.6
-2.7623 2.6
-2.76205 2.5
-2.76181 2.5
-2.76156 2.4
-2.76132 2.4
-2.76108 2.3
-2.76083 2.2
-2.76059 2.2
-2.76034 2.1
-2.7601 2.0
-2.75985 1.9
-2.75961 1.8
-2.75937 1.7
-2.75912 1.6
-2.75888 1.5
-2.75863 1.4
-2.75839 1.3
-2.75815 1.2
-2.7579 1.1
-2.75766 1.0
-2.75741 0.9
-2.75717 0.7
-2.75692 0.6
-2.75668 0.5
-2.75644 0.4
-2.75619 0.2
-2.75595 0.1
-2.7557 0.0
-2.75546 -0.1
-2.75522 -0.3
-2.75497 -0.4
-2.75473 -0.5
-2.75448 -0.6
-2.75424 -0.7
-2.75399 -0.9
-2.75375 -1.0
-2.75351 -1.1
-2.75326 -1.2
-2.75302 -1.3
-2.75277 -1.4
-2.75253 -1.5
-2.75229 -1.6
-2.75204 -1.7
-2.7518 -1.8
-2.75155 -1.9
-2.75131 -2.0
-2.75107 -2.1
-2.75082 -2.2
-2.75058 -2.2
-2.75033 -2.3
-2.75009 -2.4
-2.74984 -2.4
-2.7496 -2.5
-2.74936 -2.5
-2.74911 -2.6
-2.74887 -2.6
-2.74862 -2.6
-2.74838 -2.7
-2.74814 -2.7
-2.74789 -2.7
-2.74765 -2.7
-2.7474 -2.7
-2.74716 -2.7
-2.74691 -2.7
-2.74667 -2.7
-2.74643 -2.6
-2.74618 -2.6
-2.74594 -2.6
-2.74569 -2.6
-2.74545 -2.5
-2.74521 -2.5
-2.74496 -2.4
-2.74472 -2.3
-2.74447 -2.3
-2.74423 -2.2
-2.74399 -2.1
-2.74374 -2.1
-2.7435 -2.0
-2.74325 -1.9
-2.74301 -1.8
-2.74276 -1.7
-2.74252 -1.6
-2.74228 -1.5
-2.74203 -1.4
-2.74179 -1.3
-2.74154 -1.2
-2.7413 -1.1
-2.74106 -0.9
-2.74081 -0.8
-2.74057 -0.7
-2.74032 -0.6
-2.74008 -0.5
-2.73983 -0.3
-2.73959 -0.2
-2.73935 0.0
-2.7391 0.0
-2.73886 0.2
-2.73861 0.3
-2.73837 0.4
-2.73813 0.5
-2.73788 0.7
-2.73764 0.8
-2.73739 0.9
-2.73715 1.0
-2.73691 1.1
-2.73666 1.2
-2.73642 1.4
-2.73617 1.5
-2.73593 1.6
-2.73568 1.7
-2.73544 1.8
-2.7352 1.9
-2.73495 1.9
-2.73471 2.0
-2.73446 2.1
-2.73422 2.2
-2.73398 2.3
-2.73373 2.3
-2.73349 2.4
-2.73324 2.4
-2.733 2.5
-2.73275 2.5
-2.73251 2.6
-2.73227 2.6
-2.73202 2.6
-2.73178 2.7
-2.73153 2.7
-2.73129 2.7
-2.73105 2.7
-2.7308 2.7
-2.73056 2.7
-2.73031 2.7
-2.73007 2.7
-2.72983 2.6
-2.72958 2.6
-2.72934 2.6
-2.72909 2.5
-2.72885 2.5
-2.7286 2.4
-2.72836 2.4
-2.72812 2.3
-2.72787 2.3
-2.72763 2.2
-2.72738 2.1
-2.72714 2.0
-2.7269 1.9
-2.72665 1.9
-2.72641 1.8
-2.72616 1.7
-2.72592 1.6
-2.72567 1.5
-2.72543 1.4
-2.72519 1.2
-2.72494 1.1
-2.7247 1.0
-2.72445 0.9
-2.72421 0.8
-2.72397 0.7
-2.72372 0.5
-2.72348 0.4
-2.72323 0.3
-2.72299 0.2
-2.72274 0.0
-2.7225 0.0
-2.72226 -0.2
-2.72201 -0.3
-2.72177 -0.5
-2.72152 -0.6
-2.72128 -0.7
-2.72104 -0.8
-2.72079 -1.0
-2.72055 -1.1
-2.7203 -1.2
-2.72006 -1.3
-2.71982 -1.4
-2.71957 -1.5
-2.71933 -1.6
-2.71908 -1.7
-2.71884 -1.8
-2.71859 -1.9
-2.71835 -2.0
-2.71811 -2.1
-2.71786 -2.2
-2.71762 -2.2
-2.71737 -2.3
-2.71713 -2.4
-2.71689 -2.4
-2.71664 -2.5
-2.7164 -2.5
-2.71615 -2.6
-2.71591 -2.6
-2.71566 -2.6
-2.71542 -2.7
-2.71518 -2.7
-2.71493 -2.7
-2.71469 -2.7
-2.71444 -2.7
-2.7142 -2.7
-2.71396 -2.7
-2.71371 -2.7
-2.71347 -2.7
-2.71322 -2.6
-2.71298 -2.6
-2.71274 -2.6
-2.71249 -2.5
-2.71225 -2.5
-2.712 -2.4
-2.71176 -2.4
-2.71151 -2.3
-2.71127 -2.2
-2.71103 -2.2
-2.71078 -2.1
-2.71054 -2.0
-2.71029 -1.9
-2.71005 -1.8
-2.70981 -1.7
-2.70956 -1.6
-2.70932 -1.5
-2.70907 -1.4
-2.70883 -1.3
-2.70858 -1.2
-2.70834 -1.1
-2.7081 -0.9
-2.70785 -0.8
-2.70761 -0.7
-2.70736 -0.6
-2.70712 -0.5
-2.70688 -0.3
-2.70663 -0.2
-2.70639 0.0
-2.70614 0.0
-2.7059 0.2
-2.70566 0.3
-2.70541 0.4
-2.70517 0.5
-2.70492 0.7
-2.70468 0.8
-2.70443 0.9
-2.70419 1.0
-2.70395 1.1
-2.7037 1.3
-2.70346 1.4
-2.70321 1.5
-2.70297 1.6
-2.70273 1.7
-2.70248 1.8
-2.70224 1.9
-2.70199 2.0
-2.70175 2.0
-2.7015 2.1
-2.70126 2.2
-2.70102 2.3
-2.70077 2.3
-2.70053 2.4
-2.70028 2.5
-2.70004 2.5
-2.6998 2.6
-2.69955 2.6
-2.69931 2.6
-2.69906 2.7
-2.69882 2.7
-2.69858 2.7
-2.69833 2.7
-2.69809 2.7
-2.69784 2.7
-2.6976 2.7
-2.69735 2.7
-2.69711 2.7
-2.69687 2.6
-2.69662 2.6
-2.69638 2.6
-2.69613 2.5
-2.69589 2.5
-2.69565 2.4
-2.6954 2.4
-2.69516 2.3
-2.69491 2.3
-2.69467 2.2
-2.69442 2.1
-2.69418 2.0
-2.69394 1.9
-2.69369 1.8
-2.69345 1.7
-2.6932 1.6
-2.69296 1.5
-2.69272 1.4
-2.69247 1.3
-2.69223 1.2
-2.69198 1.1
-2.69174 1.0
-2.69149 0.9
-2.69125 0.7
-2.69101 0.6
-2.69076 0.5
-2.69052 0.4
-2.69027 0.2
-2.69003 0.1
-2.68979 0.0
-2.68954 -0.1
-2.6893 -0.3
-2.68905 -0.4
-2.68881 -0.5
-2.68857 -0.6
-2.68832 -0.8
-2.68808 -0.9
-2.68783 -1.0
-2.68759 -1.1
-2.68734 -1.2
-2.6871 -1.3
-2.68686 -1.5
-2.68661 -1.6
-2.68637 -1.7
-2.68612 -1.8
-2.68588 -1.9
-2.68564 -1.9
-2.68539 -2.0
-2.68515 -2.1
-2.6849 -2.2
-2.68466 -2.3
-2.68441 -2.3
-2.68417 -2.4
-2.68393 -2.4
-2.68368 -2.5
-2.68344 -2.5
-2.68319 -2.6
-2.68295 -2.6
-2.68271 -2.7
-2.68246 -2.7
-2.68222 -2.7
-2.68197 -2.7
-2.68173 -2.7
-2.68149 -2.7
-2.68124 -2.7
-2.681 -2.7
-2.68075 -2.7
-2.68051 -2.7
-2.68026 -2.6
-2.68002 -2.6
-2.67978 -2.6
-2.67953 -2.5
-2.67929 -2.5
-2.67904 -2.4
-2.6788 -2.3
-2.67856 -2.3
-2.67831 -2.2
-2.67807 -2.1
-2.67782 -2.0
-2.67758 -1.9
-2.67733 -1.9
-2.67709 -1.8
-2.67685 -1.7
-2.6766 -1.6
-2.67636 -1.5
-2.67611 -1.3
-2.67587 -1.2
-2.67563 -1.1
-2.67538 -1.0
-2.67514 -0.9
-2.67489 -0.8
-2.67465 -0.6
-2.67441 -0.5
-2.67416 -0.4
-2.67392 -0.3
-2.67367 -0.1
-2.67343 0.0
-2.67318 0.1
-2.67294 0.2
-2.6727 0.4
-2.67245 0.5
-2.67221 0.6
-2.67196 0.7
-2.67172 0.9
-2.67148 1.0
-2.67123 1.1
-2.67099 1.2
-2.67074 1.3
-2.6705 1.4
-2.67025 1.5
-2.67001 1.7
-2.66977 1.8
-2.66952 1.8
-2.66928 1.9
-2.66903 2.0
-2.66879 2.1
-2.66855 2.2
-2.6683 2.3
-2.66806 2.3
-2.66781 2.4
-2.66757 2.4
-2.66733 2.5
-2.66708 2.5
-2.66684 2.6
-2.66659 2.6
-2.66635 2.7
-2.6661 2.7
-2.66586 2.7
-2.66562 2.7
-2.66537 2.7
-2.66513 2.7
-2.66488 2.7
-2.66464 2.7
-2.6644 2.7
-2.66415 2.7
-2.66391 2.6
-2.66366 2.6
-2.66342 2.6
-2.66317 2.5
-2.66293 2.5
-2.66269 2.4
-2.66244 2.3
-2.6622 2.3
-2.66195 2.2
-2.66171 2.1
-2.66147 2.0
-2.66122 2.0
-2.66098 1.9
-2.66073 1.8
-2.66049 1.7
-2.66024 1.6
-2.66 1.5
-2.65976 1.3
-2.65951 1.2
-2.65927 1.1
-2.65902 1.0
-2.65878 0.9
-2.65854 0.8
-2.65829 0.6
-2.65805 0.5
-2.6578 0.4
-2.65756 0.3
-2.65732 0.1
-2.65707 0.0
-2.65683 -0.1
-2.65658 -0.3
-2.65634 -0.4
-2.65609 -0.5
-2.65585 -0.6
-2.65561 -0.8
-2.65536 -0.9
-2.65512 -1.0
-2.65487 -1.1
-2.65463 -1.2
-2.65439 -1.3
-2.65414 -1.5
-2.6539 -1.6
-2.65365 -1.7
-2.65341 -1.8
-2.65316 -1.9
-2.65292 -1.9
-2.65268 -2.0
-2.65243 -2.1
-2.65219 -2.2
-2.65194 -2.3
-2.6517 -2.3
-2.65146 -2.4
-2.65121 -2.5
-2.65097 -2.5
-2.65072 -2.6
-2.65048 -2.6
-2.65024 -2.6
-2.64999 -2.7
-2.64975 -2.7
-2.6495 -2.7
-2.64926 -2.7
-2.64901 -2.7
-2.64877 -2.7
-2.64853 -2.7
-2.64828 -2.7
-2.64804 -2.7
-2.64779 -2.7
-2.64755 -2.6
-2.64731 -2.6
-2.64706 -2.6
-2.64682 -2.5
-2.64657 -2.5
-2.64633 -2.4
-2.64608 -2.3
-2.64584 -2.3
-2.6456 -2.2
-2.64535 -2.1
-2.64511 -2.0
-2.64486 -1.9
-2.64462 -1.8
-2.64438 -1.8
-2.64413 -1.7
-2.64389 -1.5
-2.64364 -1.4
-2.6434 -1.3
-2.64316 -1.2
-2.64291 -1.1
-2.64267 -1.0
-2.64242 -0.9
-2.64218 -0.7
-2.64193 -0.6
-2.64169 -0.5
-2.64145 -0.4
-2.6412 -0.2
-2.64096 -0.1
-2.64071 0.0
-2.64047 0.1
-2.64023 0.3
-2.63998 0.4
-2.63974 0.5
-2.63949 0.7
-2.63925 0.8
-2.639 0.9
-2.63876 1.0
-2.63852 1.1
-2.63827 1.3
-2.63803 1.4
-2.63778 1.5
-2.63754 1.6
-2.6373 1.7
-2.63705 1.8
-2.63681 1.9
-2.63656 2.0
-2.63632 2.1
-2.63608 2.1
-2.63583 2.2
-2.63559 2.3
-2.63534 2.4
-2.6351 2.4
-2.63485 2.5
-2.63461 2.5
-2.63437 2.6
-2.63412 2.6
-2.63388 2.6
-2.63363 2.7
-2.63339 2.7
-2.63315 2.7
-2.6329 2.7
-2.63266 2.7
-2.63241 2.7
-2.63217 2.7
-2.63192 2.7
-2.63168 2.7
-2.63144 2.7
-2.63119 2.6
-2.63095 2.6
-2.6307 2.5
-2.63046 2.5
-2.63022 2.4
-2.62997 2.4
-2.62973 2.3
-2.62948 2.2
-2.62924 2.2
-2.62899 2.1
-2.62875 2.0
-2.62851 1.9
-2.62826 1.8
-2.62802 1.7
-2.62777 1.6
-2.62753 1.5
-2.62729 1.4
-2.62704 1.3
-2.6268 1.2
-2.62655 1.1
-2.62631 0.9
-2.62607 0.8
-2.62582 0.7
-2.62558 0.6
-2.62533 0.5
-2.62509 0.3
-2.62484 0.2
-2.6246 0.0
-2.62436 0.0
-2.62411 -0.2
-2.62387 -0.3
-2.62362 -0.4
-2.62338 -0.6
-2.62314 -0.7
-2.62289 -0.8
-2.62265 -0.9
-2.6224 -1.1
-2.62216 -1.2
-2.62191 -1.3
-2.62167 -1.4
-2.62143 -1.5
-2.62118 -1.6
-2.62094 -1.7
-2.62069 -1.8
-2.62045 -1.9
-2.62021 -2.0
-2.61996 -2.1
-2.61972 -2.2
-2.61947 -2.2
-2.61923 -2.3
-2.61899 -2.4
-2.61874 -2.4
-2.6185 -2.5
-2.61825 -2.5
-2.61801 -2.6
-2.61776 -2.6
-2.61752 -2.7
-2.61728 -2.7
-2.61703 -2.7
-2.61679 -2.7
-2.61654 -2.7
-2.6163 -2.7
-2.61606 -2.7
-2.61581 -2.7
-2.61557 -2.7
-2.61532 -2.7
-2.61508 -2.6
-2.61483 -2.6
-2.61459 -2.6
-2.61435 -2.5
-2.6141 -2.5
-2.61386 -2.4
-2.61361 -2.4
-2.61337 -2.3
-2.61313 -2.2
-2.61288 -2.1
-2.61264 -2.1
-2.61239 -2.0
-2.61215 -1.9
-2.61191 -1.8
-2.61166 -1.7
-2.61142 -1.6
-2.61117 -1.5
-2.61093 -1.4
-2.61068 -1.2
-2.61044 -1.1
-2.6102 -1.0
-2.60995 -0.9
-2.60971 -0.8
-2.60946 -0.6
-2.60922 -0.5
-2.60898 -0.4
-2.60873 -0.3
-2.60849 -0.1
-2.60824 0.0
-2.608 0.1
-2.60775 0.3
-2.60751 0.4
-2.60727 0.5
-2.60702 0.6
-2.60678 0.8
-2.60653 0.9
-2.60629 1.0
-2.60605 1.1
-2.6058 1.2
-2.60556 1.4
-2.60531 1.5
-2.60507 1.6
-2.60483 1.7
-2.60458 1.8
-2.60434 1.9
-2.60409 2.0
-2.60385 2.1
-2.6036 2.1
-2.60336 2.2
-2.60312 2.3
-2.60287 2.4
-2.60263 2.4
-2.60238 2.5
-2.60214 2.5
-2.6019 2.6
-2.60165 2.6
-2.60141 2.7
-2.60116 2.7
-2.60092 2.7
-2.60067 2.7
-2.60043 2.7
-2.60019 2.7
-2.59994 2.7
-2.5997 2.7
-2.59945 2.7
-2.59921 2.7
-2.59897 2.7
-2.59872 2.6
-2.59848 2.6
-2.59823 2.6
-2.59799 2.5
-2.59774 2.4
-2.5975 2.4
-2.59726 2.3
-2.59701 2.3
-2.59677 2.2
-2.59652 2.1
-2.59628 2.0
-2.59604 1.9
-2.59579 1.8
-2.59555 1.7
-2.5953 1.6
-2.59506 1.5
-2.59482 1.4
-2.59457 1.3
-2.59433 1.2
-2.59408 1.1
-2.59384 0.9
-2.59359 0.8
-2.59335 0.7
-2.59311 0.6
-2.59286 0.4
-2.59262 0.3
-2.59237 0.2
-2.59213 0.0
-2.59189 0.0
-2.59164 -0.2
-2.5914 -0.3
-2.59115 -0.5
-2.59091 -0.6
-2.59066 -0.7
-2.59042 -0.8
-2.59018 -1.0
-2.58993 -1.1
-2.58969 -1.2
-2.58944 -1.3
-2.5892 -1.4
-2.58896 -1.5
-2.58871 -1.6
-2.58847 -1.7
-2.58822 -1.8
-2.58798 -1.9
-2.58774 -2.0
-2.58749 -2.1
-2.58725 -2.2
-2.587 -2.3
-2.58676 -2.3
-2.58651 -2.4
-2.58627 -2.5
-2.58603 -2.5
-2.58578 -2.6
-2.58554 -2.6
-2.58529 -2.6
-2.58505 -2.7
-2.58481 -2.7
-2.58456 -2.7
-2.58432 -2.7
-2.58407 -2.7
-2.58383 -2.7
-2.58358 -2.7
-2.58334 -2.7
-2.5831 -2.7
-2.58285 -2.7
-2.58261 -2.6
-2.58236 -2.6
-2.58212 -2.6
-2.58188 -2.5
-2.58163 -2.5
-2.58139 -2.4
-2.58114 -2.3
-2.5809 -2.3
-2.58066 -2.2
-2.58041 -2.1
-2.58017 -2.0
-2.57992 -1.9
-2.57968 -1.9
-2.57943 -1.8
-2.57919 -1.7
-2.57895 -1.5
-2.5787 -1.4
-2.57846 -1.3
-2.57821 -1.2
-2.57797 -1.1
-2.57773 -1.0
-2.57748 -0.8
-2.57724 -0.7
-2.57699 -0.6
-2.57675 -0.5
-2.5765 -0.3
-2.57626 -0.2
-2.57602 0.0
-2.57577 0.0
-2.57553 0.2
-2.57528 0.3
-2.57504 0.4
-2.5748 0.6
-2.57455 0.7
-2.57431 0.8
-2.57406 0.9
-2.57382 1.1
-2.57358 1.2
-2.57333 1.3
-2.57309 1.4
-2.57284 1.5
-2.5726 1.6
-2.57235 1.7
-2.57211 1.8
-2.57187 1.9
-2.57162 2.0
-2.57138 2.1
-2.57113 2.2
-2.57089 2.3
-2.57065 2.3
-2.5704 2.4
-2.57016 2.5
-2.56991 2.5
-2.56967 2.6
-2.56942 2.6
-2.56918 2.6
-2.56894 2.7
-2.56869 2.7
-2.56845 2.7
-2.5682 2.7
-2.56796 2.7
-2.56772 2.7
-2.56747 2.7
-2.56723 2.7
-2.56698 2.7
-2.56674 2.7
-2.56649 2.7
-2.56625 2.6
-2.56601 2.6
-2.56576 2.5
-2.56552 2.5
-2.56527 2.4
-2.56503 2.4
-2.56479 2.3
-2.56454 2.2
-2.5643 2.1
-2.56405 2.0
-2.56381 2.0
-2.56357 1.9
-2.56332 1.8
-2.56308 1.7
-2.56283 1.6
-2.56259 1.4
-2.56234 1.3
-2.5621 1.2
-2.56186 1.1
-2.56161 1.0
-2.56137 0.9
-2.56112 0.7
-2.56088 0.6
-2.56064 0.5
-2.56039 0.4
-2.56015 0.2
-2.5599 0.0
-2.55966 0.0
-2.55941 -0.2
-2.55917 -0.3
-2.55893 -0.4
-2.55868 -0.6
-2.55844 -0.7
-2.55819 -0.8
-2.55795 -0.9
-2.55771 -1.1
-2.55746 -1.2
-2.55722 -1.3
-2.55697 -1.4
-2.55673 -1.5
-2.55649 -1.6
-2.55624 -1.7
-2.556 -1.8
-2.55575 -1.9
-2.55551 -2.0
-2.55526 -2.1
-2.55502 -2.2
-2.55478 -2.3
-2.55453 -2.3
-2.55429 -2.4
-2.55404 -2.5
-2.5538 -2.5
-2.55356 -2.6
-2.55331 -2.6
-2.55307 -2.6
-2.55282 -2.7
-2.55258 -2.7
-2.55233 -2.7
-2.55209 -2.7
-2.55185 -2.7
-2.5516 -2.7
-2.55136 -2.7
-2.55111 -2.7
-2.55087 -2.7
-2.55063 -2.7
-2.55038 -2.7
-2.55014 -2.6
-2.54989 -2.6
-2.54965 -2.5
-2.54941 -2.5
-2.54916 -2.4
-2.54892 -2.4
-2.54867 -2.3
-2.54843 -2.2
-2.54818 -2.1
-2.54794 -2.0
-2.5477 -2.0
-2.54745 -1.9
-2.54721 -1.8
-2.54696 -1.7
-2.54672 -1.6
-2.54648 -1.4
-2.54623 -1.3
-2.54599 -1.2
-2.54574 -1.1
-2.5455 -1.0
-2.54525 -0.9
-2.54501 -0.7
-2.54477 -0.6
-2.54452 -0.5
-2.54428 -0.3
-2.54403 -0.2
-2.54379 0.0
-2.54355 0.0
-2.5433 0.2
-2.54306 0.3
-2.54281 0.4
-2.54257 0.6
-2.54233 0.7
-2.54208 0.8
-2.54184 1.0
-2.54159 1.1
-2.54135 1.2
-2.5411 1.3
-2.54086 1.4
-2.54062 1.5
-2.54037 1.6
-2.54013 1.7
-2.53988 1.8
-2.53964 1.9
-2.5394 2.0
-2.53915 2.1
-2.53891 2.2
-2.53866 2.3
-2.53842 2.3
-2.53817 2.4
-2.53793 2.5
-2.53769 2.5
-2.53744 2.6
-2.5372 2.6
-2.53695 2.7
-2.53671 2.7
-2.53647 2.7
-2.53622 2.7
-2.53598 2.7
-2.53573 2.8
-2.53549 2.8
-2.53524 2.7
-2.535 2.7
-2.53476 2.7
-2.53451 2.7
-2.53427 2.7
-2.53402 2.6
-2.53378 2.6
-2.53354 2.5
-2.53329 2.5
-2.53305 2.4
-2.5328 2.3
-2.53256 2.3
-2.53232 2.2
-2.53207 2.1
-2.53183 2.0
-2.53158 1.9
-2.53134 1.8
-2.53109 1.7
-2.53085 1.6
-2.53061 1.5
-2.53036 1.4
-2.53012 1.3
-2.52987 1.2
-2.52963 1.1
-2.52939 0.9
-2.52914 0.8
-2.5289 0.7
-2.52865 0.6
-2.52841 0.4
-2.52816 0.3
-2.52792 0.2
-2.52768 0.0
-2.52743 0.0
-2.52719 -0.2
-2.52694 -0.3
-2.5267 -0.5
-2.52646 -0.6
-2.52621 -0.7
-2.52597 -0.9
-2.52572 -1.0
-2.52548 -1.1
-2.52524 -1.2
-2.52499 -1.3
-2.52475 -1.5
-2.5245 -1.6
-2.52426 -1.7
-2.52401 -1.8
-2.52377 -1.9
-2.52353 -2.0
-2.52328 -2.1
-2.52304 -2.1
-2.52279 -2.2
-2.52255 -2.3
-2.52231 -2.4
-2.52206 -2.4
-2.52182 -2.5
-2.52157 -2.5
-2.52133 -2.6
-2.52108 -2.6
-2.52084 -2.7
-2.5206 -2.7
-2.52035 -2.7
-2.52011 -2.7
-2.51986 -2.8
-2.51962 -2.8
-2.51938 -2.8
-2.51913 -2.7
-2.51889 -2.7
-2.51864 -2.7
-2.5184 -2.7
-2.51816 -2.6
-2.51791 -2.6
-2.51767 -2.6
-2.51742 -2.5
-2.51718 -2.5
-2.51693 -2.4
-2.51669 -2.3
-2.51645 -2.3
-2.5162 -2.2
-2.51596 -2.1
-2.51571 -2.0
-2.51547 -1.9
-2.51523 -1.8
-2.51498 -1.7
-2.51474 -1.6
-2.51449 -1.5
-2.51425 -1.4
-2.514 -1.3
-2.51376 -1.1
-2.51352 -1.0
-2.51327 -0.9
-2.51303 -0.8
-2.51278 -0.7
-2.51254 -0.5
-2.5123 -0.4
-2.51205 -0.3
-2.51181 -0.1
-2.51156 0.0
-2.51132 0.1
-2.51108 0.3
-2.51083 0.4
-2.51059 0.5
-2.51034 0.7
-2.5101 0.8
-2.50985 0.9
-2.50961 1.0
-2.50937 1.2
-2.50912 1.3
-2.50888 1.4
-2.50863 1.5
-2.50839 1.6
-2.50815 1.7
-2.5079 1.8
-2.50766 1.9
-2.50741 2.0
-2.50717 2.1
-2.50692 2.2
-2.50668 2.3
-2.50644 2.3
-2.50619 2.4
-2.50595 2.5
-2.5057 2.5
-2.50546 2.6
-2.50522 2.6
-2.50497 2.7
-2.50473 2.7
-2.50448 2.7
-2.50424 2.7
-2.50399 2.8
-2.50375 2.8
-2.50351 2.8
-2.50326 2.8
-2.50302 2.7
-2.50277 2.7
-2.50253 2.7
-2.50229 2.7
-2.50204 2.6
-2.5018 2.6
-2.50155 2.5
-2.50131 2.5
-2.50107 2.4
-2.50082 2.4
-2.50058 2.3
-2.50033 2.2
-2.50009 2.1
-2.49984 2.0
-2.4996 2.0
-2.49936 1.9
-2.49911 1.8
-2.49887 1.7
-2.49862 1.6
-2.49838 1.4
-2.49814 1.3
-2.49789 1.2
-2.49765 1.1
-2.4974 1.0
-2.49716 0.8
-2.49691 0.7
-2.49667 0.6
-2.49643 0.5
-2.49618 0.3
-2.49594 0.2
-2.49569 0.0
-2.49545 0.0
-2.49521 -0.2
-2.49496 -0.3
-2.49472 -0.5
-2.49447 -0.6
-2.49423 -0.7
-2.49399 -0.9
-2.49374 -1.0
-2.4935 -1.1
-2.49325 -1.2
-2.49301 -1.3
-2.49276 -1.5
-2.49252 -1.6
-2.49228 -1.7
-2.49203 -1.8
-2.49179 -1.9
-2.49154 -2.0
-2.4913 -2.1
-2.49106 -2.2
-2.49081 -2.2
-2.49057 -2.3
-2.49032 -2.4
-2.49008 -2.4
-2.48983 -2.5
-2.48959 -2.6
-2.48935 -2.6
-2.4891 -2.6
-2.48886 -2.7
-2.48861 -2.7
-2.48837 -2.7
-2.48813 -2.7
-2.48788 -2.8
-2.48764 -2.8
-2.48739 -2.8
-2.48715 -2.8
-2.48691 -2.7
-2.48666 -2.7
-2.48642 -2.7
-2.48617 -2.7
-2.48593 -2.6
-2.48568 -2.6
-2.48544 -2.5
-2.4852 -2.5
-2.48495 -2.4
-2.48471 -2.3
-2.48446 -2.2
-2.48422 -2.2
-2.48398 -2.1
-2.48373 -2.0
-2.48349 -1.9
-2.48324 -1.8
-2.483 -1.7
-2.48275 -1.6
-2.48251 -1.5
-2.48227 -1.4
-2.48202 -1.2
-2.48178 -1.1
-2.48153 -1.0
-2.48129 -0.9
-2.48105 -0.8
-2.4808 -0.6
-2.48056 -0.5
-2.48031 -0.4
-2.48007 -0.2
-2.47983 0.0
-2.47958 0.0
-2.47934 0.2
-2.47909 0.3
-2.47885 0.4
-2.4786 0.6
-2.47836 0.7
-2.47812 0.8
-2.47787 1.0
-2.47763 1.1
-2.47738 1.2
-2.47714 1.3
-2.4769 1.4
-2.47665 1.5
-2.47641 1.7
-2.47616 1.8
-2.47592 1.9
-2.47567 2.0
-2.47543 2.0
-2.47519 2.1
-2.47494 2.2
-2.4747 2.3
-2.47445 2.4
-2.47421 2.4
-2.47397 2.5
-2.47372 2.5
-2.47348 2.6
-2.47323 2.6
-2.47299 2.7
-2.47274 2.7
-2.4725 2.7
-2.47226 2.8
-2.47201 2.8
-2.47177 2.8
-2.47152 2.8
-2.47128 2.8
-2.47104 2.7
-2.47079 2.7
-2.47055 2.7
-2.4703 2.7
-2.47006 2.6
-2.46982 2.6
-2.46957 2.5
-2.46933 2.5
-2.46908 2.4
-2.46884 2.3
-2.46859 2.3
-2.46835 2.2
-2.46811 2.1
-2.46786 2.0
-2.46762 1.9
-2.46737 1.8
-2.46713 1.7
-2.46689 1.6
-2.46664 1.5
-2.4664 1.4
-2.46615 1.3
-2.46591 1.2
-2.46566 1.0
-2.46542 0.9
-2.46518 0.8
-2.46493 0.6
-2.46469 0.5
-2.46444 0.4
-2.4642 0.2
-2.46396 0.1
-2.46371 0.0
-2.46347 -0.2
-2.46322 -0.3
-2.46298 -0.4
-2.46274 -0.5
-2.46249 -0.7
-2.46225 -0.8
-2.462 -0.9
-2.46176 -1.1
-2.46151 -1.2
-2.46127 -1.3
-2.46103 -1.4
-2.46078 -1.5
-2.46054 -1.6
-2.46029 -1.7
-2.46005 -1.8
-2.45981 -1.9
-2.45956 -2.0
-2.45932 -2.1
-2.45907 -2.2
-2.45883 -2.3
-2.45858 -2.4
-2.45834 -2.4
-2.4581 -2.5
-2.45785 -2.5
-2.45761 -2.6
-2.45736 -2.6
-2.45712 -2.7
-2.45688 -2.7
-2.45663 -2.7
-2.45639 -2.8
-2.45614 -2.8
-2.4559 -2.8
-2.45566 -2.8
-2.45541 -2.8
-2.45517 -2.8
-2.45492 -2.7
-2.45468 -2.7
-2.45443 -2.7
-2.45419 -2.6
-2.45395 -2.6
-2.4537 -2.5
-2.45346 -2.5
-2.45321 -2.4
-2.45297 -2.3
-2.45273 -2.3
-2.45248 -2.2
-2.45224 -2.1
-2.45199 -2.0
-2.45175 -1.9
-2.4515 -1.8
-2.45126 -1.7
-2.45102 -1.6
-2.45077 -1.5
-2.45053 -1.4
-2.45028 -1.3
-2.45004 -1.2
-2.4498 -1.0
-2.44955 -0.9
-2.44931 -0.8
-2.44906 -0.6
-2.44882 -0.5
-2.44858 -0.4
-2.44833 -0.3
-2.44809 -0.1
-2.44784 0.0
-2.4476 0.2
-2.44735 0.3
-2.44711 0.4
-2.44687 0.6
-2.44662 0.7
-2.44638 0.8
-2.44613 0.9
-2.44589 1.1
-2.44565 1.2
-2.4454 1.3
-2.44516 1.4
-2.44491 1.5
-2.44467 1.6
-2.44442 1.8
-2.44418 1.9
-2.44394 2.0
-2.44369 2.0
-2.44345 2.1
-2.4432 2.2
-2.44296 2.3
-2.44272 2.4
-2.44247 2.4
-2.44223 2.5
-2.44198 2.6
-2.44174 2.6
-2.44149 2.6
-2.44125 2.7
-2.44101 2.7
-2.44076 2.7
-2.44052 2.8
-2.44027 2.8
-2.44003 2.8
-2.43979 2.8
-2.43954 2.8
-2.4393 2.8
-2.43905 2.7
-2.43881 2.7
-2.43857 2.7
-2.43832 2.6
-2.43808 2.6
-2.43783 2.5
-2.43759 2.5
-2.43734 2.4
-2.4371 2.3
-2.43686 2.3
-2.43661 2.2
-2.43637 2.1
-2.43612 2.0
-2.43588 1.9
-2.43564 1.8
-2.43539 1.7
-2.43515 1.6
-2.4349 1.5
-2.43466 1.4
-2.43441 1.3
-2.43417 1.1
-2.43393 1.0
-2.43368 0.9
-2.43344 0.8
-2.43319 0.6
-2.43295 0.5
-2.43271 0.4
-2.43246 0.2
-2.43222 0.0
-2.43197 0.0
-2.43173 -0.2
-2.43149 -0.3
-2.43124 -0.4
-2.431 -0.6
-2.43075 -0.7
-2.43051 -0.8
-2.43026 -1.0
-2.43002 -1.1
-2.42978 -1.2
-2.42953 -1.3
-2.42929 -1.4
-2.42904 -1.6
-2.4288 -1.7
-2.42856 -1.8
-2.42831 -1.9
-2.42807 -2.0
-2.42782 -2.1
-2.42758 -2.2
-2.42733 -2.2
-2.42709 -2.3
-2.42685 -2.4
-2.4266 -2.5
-2.42636 -2.5
-2.42611 -2.6
-2.42587 -2.6
-2.42563 -2.7
-2.42538 -2.7
-2.42514 -2.7
-2.42489 -2.7
-2.42465 -2.8
-2.42441 -2.8
-2.42416 -2.8
-2.42392 -2.8
-2.42367 -2.8
-2.42343 -2.8
-2.42318 -2.7
-2.42294 -2.7
-2.4227 -2.7
-2.42245 -2.6
-2.42221 -2.6
-2.42196 -2.5
-2.42172 -2.5
-2.42148 -2.4
-2.42123 -2.3
-2.42099 -2.3
-2.42074 -2.2
-2.4205 -2.1
-2.42025 -2.0
-2.42001 -1.9
-2.41977 -1.8
-2.41952 -1.7
-2.41928 -1.6
-2.41903 -1.5
-2.41879 -1.3
-2.41855 -1.2
-2.4183 -1.1
-2.41806 -1.0
-2.41781 -0.9
-2.41757 -0.7
-2.41733 -0.6
-2.41708 -0.5
-2.41684 -0.3
-2.41659 -0.2
-2.41635 0.0
-2.4161 0.0
-2.41586 0.2
-2.41562 0.4
-2.41537 0.5
-2.41513 0.6
-2.41488 0.7
-2.41464 0.9
-2.4144 1.0
-2.41415 1.1
-2.41391 1.3
-2.41366 1.4
-2.41342 1.5
-2.41317 1.6
-2.41293 1.7
-2.41269 1.8
-2.41244 1.9
-2.4122 2.0
-2.41195 2.1
-2.41171 2.2
-2.41147 2.3
-2.41122 2.3
-2.41098 2.4
-2.41073 2.5
-2.41049 2.5
-2.41024 2.6
-2.41 2.6
-2.40976 2.7
-2.40951 2.7
-2.40927 2.7
-2.40902 2.8
-2.40878 2.8
-2.40854 2.8
-2.40829 2.8
-2.40805 2.8
-2.4078 2.8
-2.40756 2.7
-2.40732 2.7
-2.40707 2.7
-2.40683 2.7
-2.40658 2.6
-2.40634 2.6
-2.40609 2.5
-2.40585 2.4
-2.40561 2.4
-2.40536 2.3
-2.40512 2.2
-2.40487 2.1
-2.40463 2.0
-2.40439 2.0
-2.40414 1.9
-2.4039 1.7
-2.40365 1.6
-2.40341 1.5
-2.40316 1.4
-2.40292 1.3
-2.40268 1.2
-2.40243 1.1
-2.40219 0.9
-2.40194 0.8
-2.4017 0.7
-2.40146 0.5
-2.40121 0.4
-2.40097 0.3
-2.40072 0.1
-2.40048 0.0
-2.40024 -0.1
-2.39999 -0.3
-2.39975 -0.4
-2.3995 -0.5
-2.39926 -0.7
-2.39901 -0.8
-2.39877 -0.9
-2.39853 -1.1
-2.39828 -1.2
-2.39804 -1.3
-2.39779 -1.4
-2.39755 -1.5
-2.39731 -1.7
-2.39706 -1.8
-2.39682 -1.9
-2.39657 -2.0
-2.39633 -2.1
-2.39608 -2.2
-2.39584 -2.2
-2.3956 -2.3
-2.39535 -2.4
-2.39511 -2.5
-2.39486 -2.5
-2.39462 -2.6
-2.39438 -2.6
-2.39413 -2.7
-2.39389 -2.7
-2.39364 -2.7
-2.3934 -2.8
-2.39316 -2.8
-2.39291 -2.8
-2.39267 -2.8
-2.39242 -2.8
-2.39218 -2.8
-2.39193 -2.8
-2.39169 -2.7
-2.39145 -2.7
-2.3912 -2.7
-2.39096 -2.6
-2.39071 -2.6
-2.39047 -2.5
-2.39023 -2.5
-2.38998 -2.4
-2.38974 -2.3
-2.38949 -2.3
-2.38925 -2.2
-2.389 -2.1
-2.38876 -2.0
-2.38852 -1.9
-2.38827 -1.8
-2.38803 -1.7
-2.38778 -1.6
-2.38754 -1.5
-2.3873 -1.3
-2.38705 -1.2
-2.38681 -1.1
-2.38656 -1.0
-2.38632 -0.8
-2.38608 -0.7
-2.38583 -0.6
-2.38559 -0.4
-2.38534 -0.3
-2.3851 -0.2
-2.38485 0.0
-2.38461 0.0
-2.38437 0.2
-2.38412 0.4
-2.38388 0.5
-2.38363 0.6
-2.38339 0.8
-2.38315 0.9
-2.3829 1.0
-2.38266 1.2
-2.38241 1.3
-2.38217 1.4
-2.38192 1.5
-2.38168 1.6
-2.38144 1.7
-2.38119 1.8
-2.38095 1.9
-2.3807 2.0
-2.38046 2.1
-2.38022 2.2
-2.37997 2.3
-2.37973 2.4
-2.37948 2.4
-2.37924 2.5
-2.37899 2.6
-2.37875 2.6
-2.37851 2.7
-2.37826 2.7
-2.37802 2.7
-2.37777 2.8
-2.37753 2.8
-2.37729 2.8
-2.37704 2.8
-2.3768 2.8
-2.37655 2.8
-2.37631 2.8
-2.37607 2.8
-2.37582 2.7
-2.37558 2.7
-2.37533 2.7
-2.37509 2.6
-2.37484 2.6
-2.3746 2.5
-2.37436 2.4
-2.37411 2.4
-2.37387 2.3
-2.37362 2.2
-2.37338 2.1
-2.37314 2.0
-2.37289 1.9
-2.37265 1.8
-2.3724 1.7
-2.37216 1.6
-2.37191 1.5
-2.37167 1.4
-2.37143 1.3
-2.37118 1.1
-2.37094 1.0
-2.37069 0.9
-2.37045 0.7
-2.37021 0.6
-2.36996 0.5
-2.36972 0.3
-2.36947 0.2
-2.36923 0.0
-2.36899 0.0
-2.36874 -0.2
-2.3685 -0.3
-2.36825 -0.5
-2.36801 -0.6
-2.36776 -0.7
-2.36752 -0.9
-2.36728 -1.0
-2.36703 -1.1
-2.36679 -1.3
-2.36654 -1.4
-2.3663 -1.5
-2.36606 -1.6
-2.36581 -1.7
-2.36557 -1.8
-2.36532 -1.9
-2.36508 -2.0
-2.36483 -2.1
-2.36459 -2.2
-2.36435 -2.3
-2.3641 -2.4
-2.36386 -2.4
-2.36361 -2.5
-2.36337 -2.6
-2.36313 -2.6
-2.36288 -2.7
-2.36264 -2.7
-2.36239 -2.7
-2.36215 -2.8
-2.36191 -2.8
-2.36166 -2.8
-2.36142 -2.8
-2.36117 -2.8
-2.36093 -2.8
-2.36068 -2.8
-2.36044 -2.8
-2.3602 -2.7
-2.35995 -2.7
-2.35971 -2.7
-2.35946 -2.6
-2.35922 -2.6
-2.35898 -2.5
-2.35873 -2.4
-2.35849 -2.4
-2.35824 -2.3
-2.358 -2.2
-2.35775 -2.1
-2.35751 -2.0
-2.35727 -1.9
-2.35702 -1.8
-2.35678 -1.7
-2.35653 -1.6
-2.35629 -1.5
-2.35605 -1.4
-2.3558 -1.3
-2.35556 -1.1
-2.35531 -1.0
-2.35507 -0.9
-2.35483 -0.8
-2.35458 -0.6
-2.35434 -0.5
-2.35409 -0.4
-2.35385 -0.2
-2.3536 0.0
-2.35336 0.0
-2.35312 0.2
-2.35287 0.3
-2.35263 0.5
-2.35238 0.6
-2.35214 0.7
-2.3519 0.9
-2.35165 1.0
-2.35141 1.1
-2.35116 1.2
-2.35092 1.4
-2.35067 1.5
-2.35043 1.6
-2.35019 1.7
-2.34994 1.8
-2.3497 1.9
-2.34945 2.0
-2.34921 2.1
-2.34897 2.2
-2.34872 2.3
-2.34848 2.4
-2.34823 2.4
-2.34799 2.5
-2.34774 2.6
-2.3475 2.6
-2.34726 2.7
-2.34701 2.7
-2.34677 2.7
-2.34652 2.8
-2.34628 2.8
-2.34604 2.8
-2.34579 2.8
-2.34555 2.8
-2.3453 2.8
-2.34506 2.8
-2.34482 2.8
-2.34457 2.7
-2.34433 2.7
-2.34408 2.7
-2.34384 2.6
-2.34359 2.6
-2.34335 2.5
-2.34311 2.4
-2.34286 2.4
-2.34262 2.3
-2.34237 2.2
-2.34213 2.1
-2.34189 2.0
-2.34164 1.9
-2.3414 1.8
-2.34115 1.7
-2.34091 1.6
-2.34066 1.5
-2.34042 1.4
-2.34018 1.3
-2.33993 1.1
-2.33969 1.0
-2.33944 0.9
-2.3392 0.8
-2.33896 0.6
-2.33871 0.5
-2.33847 0.3
-2.33822 0.2
-2.33798 0.0
-2.33774 0.0
-2.33749 -0.2
-2.33725 -0.3
-2.337 -0.5
-2.33676 -0.6
-2.33651 -0.7
-2.33627 -0.9
-2.33603 -1.0
-2.33578 -1.1
-2.33554 -1.3
-2.33529 -1.4
-2.33505 -1.5
-2.33481 -1.6
-2.33456 -1.7
-2.33432 -1.8
-2.33407 -1.9
-2.33383 -2.0
-2.33358 -2.1
-2.33334 -2.2
-2.3331 -2.3
-2.33285 -2.4
-2.33261 -2.4
-2.33236 -2.5
-2.33212 -2.6
-2.33188 -2.6
-2.33163 -2.7
-2.33139 -2.7
-2.33114 -2.7
-2.3309 -2.8
-2.33066 -2.8
-2.33041 -2.8
-2.33017 -2.8
-2.32992 -2.8
-2.32968 -2.8
-2.32943 -2.8
-2.32919 -2.8
-2.32895 -2.7
-2.3287 -2.7
-2.32846 -2.7
-2.32821 -2.6
-2.32797 -2.6
-2.32773 -2.5
-2.32748 -2.4
-2.32724 -2.4
-2.32699 -2.3
-2.32675 -2.2
-2.3265 -2.1
-2.32626 -2.0
-2.32602 -1.9
-2.32577 -1.8
-2.32553 -1.7
-2.32528 -1.6
-2.32504 -1.5
-2.3248 -1.4
-2.32455 -1.2
-2.32431 -1.1
-2.32406 -1.0
-2.32382 -0.9
-2.32358 -0.7
-2.32333 -0.6
-2.32309 -0.5
-2.32284 -0.3
-2.3226 -0.2
-2.32235 0.0
-2.32211 0.0
-2.32187 0.2
-2.32162 0.4
-2.32138 0.5
-2.32113 0.6
-2.32089 0.8
-2.32065 0.9
-2.3204 1.0
-2.32016 1.2
-2.31991 1.3
-2.31967 1.4
-2.31942 1.5
-2.31918 1.6
-2.31894 1.8
-2.31869 1.9
-2.31845 2.0
-2.3182 2.1
-2.31796 2.2
-2.31772 2.2
-2.31747 2.3
-2.31723 2.4
-2.31698 2.5
-2.31674 2.5
-2.31649 2.6
-2.31625 2.6
-2.31601 2.7
-2.31576 2.7
-2.31552 2.8
-2.31527 2.8
-2.31503 2.8
-2.31479 2.8
-2.31454 2.8
-2.3143 2.8
-2.31405 2.8
-2.31381 2.8
-2.31357 2.8
-2.31332 2.7
-2.31308 2.7
-2.31283 2.7
-2.31259 2.6
-2.31234 2.5
-2.3121 2.5
-2.31186 2.4
-2.31161 2.3
-2.31137 2.3
-2.31112 2.2
-2.31088 2.1
-2.31064 2.0
-2.31039 1.9
-2.31015 1.8
-2.3099 1.7
-2.30966 1.6
-2.30941 1.4
-2.30917 1.3
-2.30893 1.2
-2.30868 1.1
-2.30844 0.9
-2.30819 0.8
-2.30795 0.7
-2.30771 0.5
-2.30746 0.4
-2.30722 0.3
-2.30697 0.1
-2.30673 0.0
-2.30649 -0.2
-2.30624 -0.3
-2.306 -0.4
-2.30575 -0.6
-2.30551 -0.7
-2.30526 -0.8
-2.30502 -1.0
-2.30478 -1.1
-2.30453 -1.2
-2.30429 -1.3
-2.30404 -1.5
-2.3038 -1.6
-2.30356 -1.7
-2.30331 -1.8
-2.30307 -1.9
-2.30282 -2.0
-2.30258 -2.1
-2.30233 -2.2
-2.30209 -2.3
-2.30185 -2.4
-2.3016 -2.4
-2.30136 -2.5
-2.30111 -2.6
-2.30087 -2.6
-2.30063 -2.7
-2.30038 -2.7
-2.30014 -2.7
-2.29989 -2.8
-2.29965 -2.8
-2.29941 -2.8
-2.29916 -2.8
-2.29892 -2.8
-2.29867 -2.8
-2.29843 -2.8
-2.29818 -2.8
-2.29794 -2.8
-2.2977 -2.7
-2.29745 -2.7
-2.29721 -2.6
-2.29696 -2.6
-2.29672 -2.5
-2.29648 -2.5
-2.29623 -2.4
-2.29599 -2.3
-2.29574 -2.2
-2.2955 -2.1
-2.29525 -2.0
-2.29501 -1.9
-2.29477 -1.8
-2.29452 -1.7
-2.29428 -1.6
-2.29403 -1.5
-2.29379 -1.4
-2.29355 -1.3
-2.2933 -1.1
-2.29306 -1.0
-2.29281 -0.9
-2.29257 -0.7
-2.29233 -0.6
-2.29208 -0.5
-2.29184 -0.3
-2.29159 -0.2
-2.29135 0.0
-2.2911 0.0
-2.29086 0.2
-2.29062 0.4
-2.29037 0.5
-2.29013 0.6
-2.28988 0.8
-2.28964 0.9
-2.2894 1.0
-2.28915 1.2
-2.28891 1.3
-2.28866 1.4
-2.28842 1.5
-2.28817 1.7
-2.28793 1.8
-2.28769 1.9
-2.28744 2.0
-2.2872 2.1
-2.28695 2.2
-2.28671 2.3
-2.28647 2.3
-2.28622 2.4
-2.28598 2.5
-2.28573 2.5
-2.28549 2.6
-2.28524 2.7
-2.285 2.7
-2.28476 2.7
-2.28451 2.8
-2.28427 2.8
-2.28402 2.8
-2.28378 2.8
-2.28354 2.8
-2.28329 2.8
-2.28305 2.8
-2.2828 2.8
-2.28256 2.8
-2.28232 2.7
-2.28207 2.7
-2.28183 2.7
-2.28158 2.6
-2.28134 2.5
-2.28109 2.5
-2.28085 2.4
-2.28061 2.3
-2.28036 2.3
-2.28012 2.2
-2.27987 2.1
-2.27963 2.0
-2.27939 1.9
-2.27914 1.8
-2.2789 1.7
-2.27865 1.5
-2.27841 1.4
-2.27816 1.3
-2.27792 1.2
-2.27768 1.0
-2.27743 0.9
-2.27719 0.8
-2.27694 0.6
-2.2767 0.5
-2.27646 0.4
-2.27621 0.2
-2.27597 0.0
-2.27572 0.0
-2.27548 -0.2
-2.27524 -0.3
-2.27499 -0.5
-2.27475 -0.6
-2.2745 -0.7
-2.27426 -0.9
-2.27401 -1.0
-2.27377 -1.1
-2.27353 -1.3
-2.27328 -1.4
-2.27304 -1.5
-2.27279 -1.6
-2.27255 -1.7
-2.27231 -1.9
-2.27206 -2.0
-2.27182 -2.1
-2.27157 -2.1
-2.27133 -2.2
-2.27108 -2.3
-2.27084 -2.4
-2.2706 -2.5
-2.27035 -2.5
-2.27011 -2.6
-2.26986 -2.6
-2.26962 -2.7
-2.26938 -2.7
-2.26913 -2.8
-2.26889 -2.8
-2.26864 -2.8
-2.2684 -2.8
-2.26816 -2.8
-2.26791 -2.8
-2.26767 -2.8
-2.26742 -2.8
-2.26718 -2.8
-2.26693 -2.7
-2.26669 -2.7
-2.26645 -2.7
-2.2662 -2.6
-2.26596 -2.6
-2.26571 -2.5
-2.26547 -2.4
-2.26523 -2.4
-2.26498 -2.3
-2.26474 -2.2
-2.26449 -2.1
-2.26425 -2.0
-2.264 -1.9
-2.26376 -1.8
-2.26352 -1.7
-2.26327 -1.6
-2.26303 -1.4
-2.26278 -1.3
-2.26254 -1.2
-2.2623 -1.1
-2.26205 -0.9
-2.26181 -0.8
-2.26156 -0.7
-2.26132 -0.5
-2.26108 -0.4
-2.26083 -0.2
-2.26059 -0.1
-2.26034 0.0
-2.2601 0.2
-2.25985 0.3
-2.25961 0.5
-2.25937 0.6
-2.25912 0.7
-2.25888 0.9
-2.25863 1.0
-2.25839 1.1
-2.25815 1.3
-2.2579 1.4
-2.25766 1.5
-2.25741 1.6
-2.25717 1.7
-2.25692 1.8
-2.25668 1.9
-2.25644 2.0
-2.25619 2.1
-2.25595 2.2
-2.2557 2.3
-2.25546 2.4
-2.25522 2.5
-2.25497 2.5
-2.25473 2.6
-2.25448 2.6
-2.25424 2.7
-2.25399 2.7
-2.25375 2.8
-2.25351 2.8
-2.25326 2.8
-2.25302 2.8
-2.25277 2.8
-2.25253 2.8
-2.25229 2.8
-2.25204 2.8
-2.2518 2.8
-2.25155 2.8
-2.25131 2.7
-2.25107 2.7
-2.25082 2.6
-2.25058 2.6
-2.25033 2.5
-2.25009 2.4
-2.24984 2.4
-2.2496 2.3
-2.24936 2.2
-2.24911 2.1
-2.24887 2.0
-2.24862 1.9
-2.24838 1.8
-2.24814 1.7
-2.24789 1.6
-2.24765 1.4
-2.2474 1.3
-2.24716 1.2
-2.24691 1.1
-2.24667 0.9
-2.24643 0.8
-2.24618 0.7
-2.24594 0.5
-2.24569 0.4
-2.24545 0.2
-2.24521 0.1
-2.24496 0.0
-2.24472 -0.2
-2.24447 -0.3
-2.24423 -0.5
-2.24399 -0.6
-2.24374 -0.7
-2.2435 -0.9
-2.24325 -1.0
-2.24301 -1.1
-2.24276 -1.3
-2.24252 -1.4
-2.24228 -1.5
-2.24203 -1.6
-2.24179 -1.7
-2.24154 -1.9
-2.2413 -2.0
-2.24106 -2.1
-2.24081 -2.2
-2.24057 -2.2
-2.24032 -2.3
-2.24008 -2.4
-2.23983 -2.5
-2.23959 -2.5
-2.23935 -2.6
-2.2391 -2.7
-2.23886 -2.7
-2.23861 -2.7
-2.23837 -2.8
-2.23813 -2.8
-2.23788 -2.8
-2.23764 -2.8
-2.23739 -2.8
-2.23715 -2.8
-2.23691 -2.8
-2.23666 -2.8
-2.23642 -2.8
-2.23617 -2.8
-2.23593 -2.7
-2.23568 -2.7
-2.23544 -2.6
-2.2352 -2.6
-2.23495 -2.5
-2.23471 -2.4
-2.23446 -2.4
-2.23422 -2.3
-2.23398 -2.2
-2.23373 -2.1
-2.23349 -2.0
-2.23324 -1.9
-2.233 -1.8
-2.23275 -1.7
-2.23251 -1.6
-2.23227 -1.4
-2.23202 -1.3
-2.23178 -1.2
-2.23153 -1.0
-2.23129 -0.9
-2.23105 -0.8
-2.2308 -0.6
-2.23056 -0.5
-2.23031 -0.4
-2.23007 -0.2
-2.22983 0.0
-2.22958 0.0
-2.22934 0.2
-2.22909 0.3
-2.22885 0.5
-2.2286 0.6
-2.22836 0.8
-2.22812 0.9
-2.22787 1.0
-2.22763 1.2
-2.22738 1.3
-2.22714 1.4
-2.2269 1.5
-2.22665 1.7
-2.22641 1.8
-2.22616 1.9
-2.22592 2.0
-2.22567 2.1
-2.22543 2.2
-2.22519 2.3
-2.22494 2.3
-2.2247 2.4
-2.22445 2.5
-2.22421 2.6
-2.22397 2.6
-2.22372 2.7
-2.22348 2.7
-2.22323 2.8
-2.22299 2.8
-2.22274 2.8
-2.2225 2.8
-2.22226 2.8
-2.22201 2.8
-2.22177 2.8
-2.22152 2.8
-2.22128 2.8
-2.22104 2.8
-2.22079 2.7
-2.22055 2.7
-2.2203 2.7
-2.22006 2.6
-2.21982 2.5
-2.21957 2.5
-2.21933 2.4
-2.21908 2.3
-2.21884 2.2
-2.21859 2.2
-2.21835 2.1
-2.21811 2.0
-2.21786 1.9
-2.21762 1.7
-2.21737 1.6
-2.21713 1.5
-2.21689 1.4
-2.21664 1.3
-2.2164 1.1
-2.21615 1.0
-2.21591 0.9
-2.21566 0.7
-2.21542 0.6
-2.21518 0.5
-2.21493 0.3
-2.21469 0.2
-2.21444 0.0
-2.2142 -0.1
-2.21396 -0.3
-2.21371 -0.4
-2.21347 -0.5
-2.21322 -0.7
-2.21298 -0.8
-2.21274 -0.9
-2.21249 -1.1
-2.21225 -1.2
-2.212 -1.3
-2.21176 -1.5
-2.21151 -1.6
-2.21127 -1.7
-2.21103 -1.8
-2.21078 -1.9
-2.21054 -2.0
-2.21029 -2.1
-2.21005 -2.2
-2.20981 -2.3
-2.20956 -2.4
-2.20932 -2.5
-2.20907 -2.5
-2.20883 -2.6
-2.20858 -2.6
-2.20834 -2.7
-2.2081 -2.7
-2.20785 -2.8
-2.20761 -2.8
-2.20736 -2.8
-2.20712 -2.8
-2.20688 -2.8
-2.20663 -2.8
-2.20639 -2.8
-2.20614 -2.8
-2.2059 -2.8
-2.20566 -2.8
-2.20541 -2.7
-2.20517 -2.7
-2.20492 -2.6
-2.20468 -2.6
-2.20443 -2.5
-2.20419 -2.5
-2.20395 -2.4
-2.2037 -2.3
-2.20346 -2.2
-2.20321 -2.1
-2.20297 -2.0
-2.20273 -1.9
-2.20248 -1.8
-2.20224 -1.7
-2.20199 -1.6
-2.20175 -1.5
-2.2015 -1.3
-2.20126 -1.2
-2.20102 -1.1
-2.20077 -0.9
-2.20053 -0.8
-2.20028 -0.7
-2.20004 -0.5
-2.1998 -0.4
-2.19955 -0.2
-2.19931 -0.1
-2.19906 0.0
-2.19882 0.2
-2.19858 0.3
-2.19833 0.5
-2.19809 0.6
-2.19784 0.7
-2.1976 0.9
-2.19735 1.0
-2.19711 1.2
-2.19687 1.3
-2.19662 1.4
-2.19638 1.5
-2.19613 1.6
-2.19589 1.8
-2.19565 1.9
-2.1954 2.0
-2.19516 2.1
-2.19491 2.2
-2.19467 2.3
-2.19442 2.3
-2.19418 2.4
-2.19394 2.5
-2.19369 2.6
-2.19345 2.6
-2.1932 2.7
-2.19296 2.7
-2.19272 2.8
-2.19247 2.8
-2.19223 2.8
-2.19198 2.8
-2.19174 2.8
-2.19149 2.8
-2.19125 2.8
-2.19101 2.8
-2.19076 2.8
-2.19052 2.8
-2.19027 2.8
-2.19003 2.7
-2.18979 2.7
-2.18954 2.6
-2.1893 2.6
-2.18905 2.5
-2.18881 2.4
-2.18857 2.3
-2.18832 2.3
-2.18808 2.2
-2.18783 2.1
-2.18759 2.0
-2.18734 1.9
-2.1871 1.7
-2.18686 1.6
-2.18661 1.5
-2.18637 1.4
-2.18612 1.3
-2.18588 1.1
-2.18564 1.0
-2.18539 0.9
-2.18515 0.7
-2.1849 0.6
-2.18466 0.4
-2.18441 0.3
-2.18417 0.2
-2.18393 0.0
-2.18368 -0.1
-2.18344 -0.3
-2.18319 -0.4
-2.18295 -0.6
-2.18271 -0.7
-2.18246 -0.8
-2.18222 -1.0
-2.18197 -1.1
-2.18173 -1.2
-2.18149 -1.4
-2.18124 -1.5
-2.181 -1.6
-2.18075 -1.7
-2.18051 -1.8
-2.18026 -1.9
-2.18002 -2.1
-2.17978 -2.1
-2.17953 -2.2
-2.17929 -2.3
-2.17904 -2.4
-2.1788 -2.5
-2.17856 -2.5
-2.17831 -2.6
-2.17807 -2.7
-2.17782 -2.7
-2.17758 -2.8
-2.17733 -2.8
-2.17709 -2.8
-2.17685 -2.8
-2.1766 -2.8
-2.17636 -2.9
-2.17611 -2.9
-2.17587 -2.8
-2.17563 -2.8
-2.17538 -2.8
-2.17514 -2.8
-2.17489 -2.7
-2.17465 -2.7
-2.17441 -2.6
-2.17416 -2.6
-2.17392 -2.5
-2.17367 -2.4
-2.17343 -2.4
-2.17318 -2.3
-2.17294 -2.2
-2.1727 -2.1
-2.17245 -2.0
-2.17221 -1.9
-2.17196 -1.8
-2.17172 -1.7
-2.17148 -1.5
-2.17123 -1.4
-2.17099 -1.3
-2.17074 -1.2
-2.1705 -1.0
-2.17025 -0.9
-2.17001 -0.8
-2.16977 -0.6
-2.16952 -0.5
-2.16928 -0.3
-2.16903 -0.2
-2.16879 0.0
-2.16855 0.1
-2.1683 0.2
-2.16806 0.4
-2.16781 0.5
-2.16757 0.7
-2.16733 0.8
-2.16708 1.0
-2.16684 1.1
-2.16659 1.2
-2.16635 1.3
-2.1661 1.5
-2.16586 1.6
-2.16562 1.7
-2.16537 1.8
-2.16513 1.9
-2.16488 2.0
-2.16464 2.1
-2.1644 2.2
-2.16415 2.3
-2.16391 2.4
-2.16366 2.5
-2.16342 2.5
-2.16317 2.6
-2.16293 2.7
-2.16269 2.7
-2.16244 2.8
-2.1622 2.8
-2.16195 2.8
-2.16171 2.8
-2.16147 2.9
-2.16122 2.9
-2.16098 2.9
-2.16073 2.8
-2.16049 2.8
-2.16024 2.8
-2.16 2.8
-2.15976 2.7
-2.15951 2.7
-2.15927 2.6
-2.15902 2.6
-2.15878 2.5
-2.15854 2.4
-2.15829 2.4
-2.15805 2.3
-2.1578 2.2
-2.15756 2.1
-2.15732 2.0
-2.15707 1.9
-2.15683 1.8
-2.15658 1.7
-2.15634 1.6
-2.15609 1.4
-2.15585 1.3
-2.15561 1.2
-2.15536 1.0
-2.15512 0.9
-2.15487 0.8
-2.15463 0.6
-2.15439 0.5
-2.15414 0.3
-2.1539 0.2
-2.15365 0.0
-2.15341 -0.1
-2.15316 -0.2
-2.15292 -0.4
-2.15268 -0.5
-2.15243 -0.7
-2.15219 -0.8
-2.15194 -1.0
-2.1517 -1.1
-2.15146 -1.2
-2.15121 -1.4
-2.15097 -1.5
-2.15072 -1.6
-2.15048 -1.7
-2.15024 -1.8
-2.14999 -1.9
-2.14975 -2.0
-2.1495 -2.1
-2.14926 -2.2
-2.14901 -2.3
-2.14877 -2.4
-2.14853 -2.5
-2.14828 -2.6
-2.14804 -2.6
-2.14779 -2.7
-2.14755 -2.7
-2.14731 -2.8
-2.14706 -2.8
-2.14682 -2.8
-2.14657 -2.8
-2.14633 -2.9
-2.14608 -2.9
-2.14584 -2.9
-2.1456 -2.9
-2.14535 -2.8
-2.14511 -2.8
-2.14486 -2.8
-2.14462 -2.7
-2.14438 -2.7
-2.14413 -2.6
-2.14389 -2.6
-2.14364 -2.5
-2.1434 -2.4
-2.14316 -2.4
-2.14291 -2.3
-2.14267 -2.2
-2.14242 -2.1
-2.14218 -2.0
-2.14193 -1.9
-2.14169 -1.8
-2.14145 -1.7
-2.1412 -1.5
-2.14096 -1.4
-2.14071 -1.3
-2.14047 -1.2
-2.14023 -1.0
-2.13998 -0.9
-2.13974 -0.7
-2.13949 -0.6
-2.13925 -0.5
-2.139 -0.3
-2.13876 -0.2
-2.13852 0.0
-2.13827 0.1
-2.13803 0.3
-2.13778 0.4
-2.13754 0.6
-2.1373 0.7
-2.13705 0.8
-2.13681 1.0
-2.13656 1.1
-2.13632 1.2
-2.13608 1.4
-2.13583 1.5
-2.13559 1.6
-2.13534 1.7
-2.1351 1.9
-2.13485 2.0
-2.13461 2.1
-2.13437 2.2
-2.13412 2.3
-2.13388 2.3
-2.13363 2.4
-2.13339 2.5
-2.13315 2.6
-2.1329 2.6
-2.13266 2.7
-2.13241 2.7
-2.13217 2.8
-2.13192 2.8
-2.13168 2.8
-2.13144 2.9
-2.13119 2.9
-2.13095 2.9
-2.1307 2.9
-2.13046 2.9
-2.13022 2.8
-2.12997 2.8
-2.12973 2.8
-2.12948 2.7
-2.12924 2.7
-2.12899 2.6
-2.12875 2.6
-2.12851 2.5
-2.12826 2.4
-2.12802 2.4
-2.12777 2.3
-2.12753 2.2
-2.12729 2.1
-2.12704 2.0
-2.1268 1.9
-2.12655 1.8
-2.12631 1.6
-2.12607 1.5
-2.12582 1.4
-2.12558 1.3
-2.12533 1.1
-2.12509 1.0
-2.12484 0.8
-2.1246 0.7
-2.12436 0.6
-2.12411 0.4
-2.12387 0.3
-2.12362 0.1
-2.12338 0.0
-2.12314 -0.2
-2.12289 -0.3
-2.12265 -0.5
-2.1224 -0.6
-2.12216 -0.7
-2.12191 -0.9
-2.12167 -1.0
-2.12143 -1.2
-2.12118 -1.3
-2.12094 -1.4
-2.12069 -1.5
-2.12045 -1.7
-2.12021 -1.8
-2.11996 -1.9
-2.11972 -2.0
-2.11947 -2.1
-2.11923 -2.2
-2.11899 -2.3
-2.11874 -2.4
-2.1185 -2.5
-2.11825 -2.5
-2.11801 -2.6
-2.11776 -2.7
-2.11752 -2.7
-2.11728 -2.8
-2.11703 -2.8
-2.11679 -2.8
-2.11654 -2.8
-2.1163 -2.9
-2.11606 -2.9
-2.11581 -2.9
-2.11557 -2.9
-2.11532 -2.9
-2.11508 -2.8
-2.11483 -2.8
-2.11459 -2.8
-2.11435 -2.7
-2.1141 -2.7
-2.11386 -2.6
-2.11361 -2.6
-2.11337 -2.5
-2.11313 -2.4
-2.11288 -2.3
-2.11264 -2.2
-2.11239 -2.1
-2.11215 -2.0
-2.11191 -1.9
-2.11166 -1.8
-2.11142 -1.7
-2.11117 -1.6
-2.11093 -1.5
-2.11068 -1.3
-2.11044 -1.2
-2.1102 -1.1
-2.10995 -0.9
-2.10971 -0.8
-2.10946 -0.6
-2.10922 -0.5
-2.10898 -0.4
-2.10873 -0.2
-2.10849 0.0
-2.10824 0.0
-2.108 0.2
-2.10775 0.4
-2.10751 0.5
-2.10727 0.7
-2.10702 0.8
-2.10678 0.9
-2.10653 1.1
-2.10629 1.2
-2.10605 1.3
-2.1058 1.5
-2.10556 1.6
-2.10531 1.7
-2.10507 1.8
-2.10483 1.9
-2.10458 2.1
-2.10434 2.2
-2.10409 2.2
-2.10385 2.3
-2.1036 2.4
-2.10336 2.5
-2.10312 2.6
-2.10287 2.6
-2.10263 2.7
-2.10238 2.7
-2.10214 2.8
-2.1019 2.8
-2.10165 2.8
-2.10141 2.9
-2.10116 2.9
-2.10092 2.9
-2.10067 2.9
-2.10043 2.9
-2.10019 2.8
-2.09994 2.8
-2.0997 2.8
-2.09945 2.7
-2.09921 2.7
-2.09897 2.6
-2.09872 2.6
-2.09848 2.5
-2.09823 2.4
-2.09799 2.4
-2.09774 2.3
-2.0975 2.2
-2.09726 2.1
-2.09701 2.0
-2.09677 1.9
-2.09652 1.8
-2.09628 1.6
-2.09604 1.5
-2.09579 1.4
-2.09555 1.3
-2.0953 1.1
-2.09506 1.0
-2.09482 0.8
-2.09457 0.7
-2.09433 0.6
-2.09408 0.4
-2.09384 0.3
-2.09359 0.1
-2.09335 0.0
-2.09311 -0.2
-2.09286 -0.3
-2.09262 -0.5
-2.09237 -0.6
-2.09213 -0.8
-2.09189 -0.9
-2.09164 -1.0
-2.0914 -1.2
-2.09115 -1.3
-2.09091 -1.4
-2.09066 -1.6
-2.09042 -1.7
-2.09018 -1.8
-2.08993 -1.9
-2.08969 -2.0
-2.08944 -2.1
-2.0892 -2.2
-2.08896 -2.3
-2.08871 -2.4
-2.08847 -2.5
-2.08822 -2.5
-2.08798 -2.6
-2.08774 -2.7
-2.08749 -2.7
-2.08725 -2.8
-2.087 -2.8
-2.08676 -2.8
-2.08651 -2.9
-2.08627 -2.9
-2.08603 -2.9
-2.08578 -2.9
-2.08554 -2.9
-2.08529 -2.9
-2.08505 -2.8
-2.08481 -2.8
-2.08456 -2.8
-2.08432 -2.7
-2.08407 -2.7
-2.08383 -2.6
-2.08358 -2.5
-2.08334 -2.5
-2.0831 -2.4
-2.08285 -2.3
-2.08261 -2.2
-2.08236 -2.1
-2.08212 -2.0
-2.08188 -1.9
-2.08163 -1.8
-2.08139 -1.7
-2.08114 -1.6
-2.0809 -1.4
-2.08066 -1.3
-2.08041 -1.2
-2.08017 -1.0
-2.07992 -0.9
-2.07968 -0.7
-2.07943 -0.6
-2.07919 -0.5
-2.07895 -0.3
-2.0787 -0.2
-2.07846 0.0
-2.07821 0.1
-2.07797 0.3
-2.07773 0.4
-2.07748 0.6
-2.07724 0.7
-2.07699 0.9
-2.07675 1.0
-2.0765 1.1
-2.07626 1.3
-2.07602 1.4
-2.07577 1.5
-2.07553 1.7
-2.07528 1.8
-2.07504 1.9
-2.0748 2.0
-2.07455 2.1
-2.07431 2.2
-2.07406 2.3
-2.07382 2.4
-2.07358 2.5
-2.07333 2.5
-2.07309 2.6
-2.07284 2.7
-2.0726 2.7
-2.07235 2.8
-2.07211 2.8
-2.07187 2.8
-2.07162 2.9
-2.07138 2.9
-2.07113 2.9
-2.07089 2.9
-2.07065 2.9
-2.0704 2.9
-2.07016 2.8
-2.06991 2.8
-2.06967 2.8
-2.06942 2.7
-2.06918 2.7
-2.06894 2.6
-2.06869 2.6
-2.06845 2.5
-2.0682 2.4
-2.06796 2.3
-2.06772 2.2
-2.06747 2.1
-2.06723 2.0
-2.06698 1.9
-2.06674 1.8
-2.06649 1.7
-2.06625 1.6
-2.06601 1.4
-2.06576 1.3
-2.06552 1.2
-2.06527 1.0
-2.06503 0.9
-2.06479 0.8
-2.06454 0.6
-2.0643 0.5
-2.06405 0.3
-2.06381 0.2
-2.06357 0.0
-2.06332 -0.1
-2.06308 -0.3
-2.06283 -0.4
-2.06259 -0.6
-2.06234 -0.7
-2.0621 -0.9
-2.06186 -1.0
-2.06161 -1.1
-2.06137 -1.3
-2.06112 -1.4
-2.06088 -1.5
-2.06064 -1.7
-2.06039 -1.8
-2.06015 -1.9
-2.0599 -2.0
-2.05966 -2.1
-2.05941 -2.2
-2.05917 -2.3
-2.05893 -2.4
-2.05868 -2.5
-2.05844 -2.5
-2.05819 -2.6
-2.05795 -2.7
-2.05771 -2.7
-2.05746 -2.8
-2.05722 -2.8
-2.05697 -2.8
-2.05673 -2.9
-2.05649 -2.9
-2.05624 -2.9
-2.056 -2.9
-2.05575 -2.9
-2.05551 -2.9
-2.05526 -2.8
-2.05502 -2.8
-2.05478 -2.8
-2.05453 -2.7
-2.05429 -2.7
-2.05404 -2.6
-2.0538 -2.6
-2.05356 -2.5
-2.05331 -2.4
-2.05307 -2.3
-2.05282 -2.2
-2.05258 -2.1
-2.05233 -2.0
-2.05209 -1.9
-2.05185 -1.8
-2.0516 -1.7
-2.05136 -1.6
-2.05111 -1.4
-2.05087 -1.3
-2.05063 -1.2
-2.05038 -1.0
-2.05014 -0.9
-2.04989 -0.7
-2.04965 -0.6
-2.04941 -0.5
-2.04916 -0.3
-2.04892 -0.2
-2.04867 0.0
-2.04843 0.1
-2.04818 0.3
-2.04794 0.4
-2.0477 0.6
-2.04745 0.7
-2.04721 0.9
-2.04696 1.0
-2.04672 1.2
-2.04648 1.3
-2.04623 1.4
-2.04599 1.5
-2.04574 1.7
-2.0455 1.8
-2.04525 1.9
-2.04501 2.0
-2.04477 2.1
-2.04452 2.2
-2.04428 2.3
-2.04403 2.4
-2.04379 2.5
-2.04355 2.6
-2.0433 2.6
-2.04306 2.7
-2.04281 2.7
-2.04257 2.8
-2.04233 2.8
-2.04208 2.8
-2.04184 2.9
-2.04159 2.9
-2.04135 2.9
-2.0411 2.9
-2.04086 2.9
-2.04062 2.9
-2.04037 2.8
-2.04013 2.8
-2.03988 2.8
-2.03964 2.7
-2.0394 2.7
-2.03915 2.6
-2.03891 2.6
-2.03866 2.5
-2.03842 2.4
-2.03817 2.3
-2.03793 2.2
-2.03769 2.1
-2.03744 2.0
-2.0372 1.9
-2.03695 1.8
-2.03671 1.7
-2.03647 1.5
-2.03622 1.4
-2.03598 1.3
-2.03573 1.1
-2.03549 1.0
-2.03524 0.9
-2.035 0.7
-2.03476 0.6
-2.03451 0.4
-2.03427 0.3
-2.03402 0.1
-2.03378 0.0
-2.03354 -0.2
-2.03329 -0.3
-2.03305 -0.5
-2.0328 -0.6
-2.03256 -0.8
-2.03232 -0.9
-2.03207 -1.1
-2.03183 -1.2
-2.03158 -1.3
-2.03134 -1.5
-2.03109 -1.6
-2.03085 -1.7
-2.03061 -1.8
-2.03036 -1.9
-2.03012 -2.1
-2.02987 -2.2
-2.02963 -2.3
-2.02939 -2.3
-2.02914 -2.4
-2.0289 -2.5
-2.02865 -2.6
-2.02841 -2.6
-2.02816 -2.7
-2.02792 -2.8
-2.02768 -2.8
-2.02743 -2.8
-2.02719 -2.9
-2.02694 -2.9
-2.0267 -2.9
-2.02646 -2.9
-2.02621 -2.9
-2.02597 -2.9
-2.02572 -2.9
-2.02548 -2.8
-2.02524 -2.8
-2.02499 -2.8
-2.02475 -2.7
-2.0245 -2.7
-2.02426 -2.6
-2.02401 -2.5
-2.02377 -2.5
-2.02353 -2.4
-2.02328 -2.3
-2.02304 -2.2
-2.02279 -2.1
-2.02255 -2.0
-2.02231 -1.9
-2.02206 -1.7
-2.02182 -1.6
-2.02157 -1.5
-2.02133 -1.4
-2.02108 -1.2
-2.02084 -1.1
-2.0206 -1.0
-2.02035 -0.8
-2.02011 -0.7
-2.01986 -0.5
-2.01962 -0.4
-2.01938 -0.2
-2.01913 0.0
-2.01889 0.0
-2.01864 0.2
-2.0184 0.4
-2.01816 0.5
-2.01791 0.7
-2.01767 0.8
-2.01742 1.0
-2.01718 1.1
-2.01693 1.3
-2.01669 1.4
-2.01645 1.5
-2.0162 1.6
-2.01596 1.8
-2.01571 1.9
-2.01547 2.0
-2.01523 2.1
-2.01498 2.2
-2.01474 2.3
-2.01449 2.4
-2.01425 2.5
-2.014 2.5
-2.01376 2.6
-2.01352 2.7
-2.01327 2.7
-2.01303 2.8
-2.01278 2.8
-2.01254 2.9
-2.0123 2.9
-2.01205 2.9
-2.01181 2.9
-2.01156 2.9
-2.01132 2.9
-2.01108 2.9
-2.01083 2.9
-2.01059 2.8
-2.01034 2.8
-2.0101 2.8
-2.00985 2.7
-2.00961 2.6
-2.00937 2.6
-2.00912 2.5
-2.00888 2.4
-2.00863 2.3
-2.00839 2.2
-2.00815 2.1
-2.0079 2.0
-2.00766 1.9
-2.00741 1.8
-2.00717 1.7
-2.00692 1.6
-2.00668 1.4
-2.00644 1.3
-2.00619 1.2
-2.00595 1.0
-2.0057 0.9
-2.00546 0.7
-2.00522 0.6
-2.00497 0.4
-2.00473 0.3
-2.00448 0.1
-2.00424 0.0
-2.00399 -0.2
-2.00375 -0.3
-2.00351 -0.5
-2.00326 -0.6
-2.00302 -0.8
-2.00277 -0.9
-2.00253 -1.1
-2.00229 -1.2
-2.00204 -1.3
-2.0018 -1.5
-2.00155 -1.6
-2.00131 -1.7
-2.00107 -1.8
-2.00082 -2.0
-2.00058 -2.1
-2.00033 -2.2
-2.00009 -2.3
-1.99984 -2.4
-1.9996 -2.4
-1.99936 -2.5
-1.99911 -2.6
-1.99887 -2.7
-1.99862 -2.7
-1.99838 -2.8
-1.99814 -2.8
-1.99789 -2.8
-1.99765 -2.9
-1.9974 -2.9
-1.99716 -2.9
-1.99691 -2.9
-1.99667 -2.9
-1.99643 -2.9
-1.99618 -2.9
-1.99594 -2.8
-1.99569 -2.8
-1.99545 -2.8
-1.99521 -2.7
-1.99496 -2.7
-1.99472 -2.6
-1.99447 -2.5
-1.99423 -2.4
-1.99399 -2.4
-1.99374 -2.3
-1.9935 -2.2
-1.99325 -2.1
-1.99301 -2.0
-1.99276 -1.8
-1.99252 -1.7
-1.99228 -1.6
-1.99203 -1.5
-1.99179 -1.3
-1.99154 -1.2
-1.9913 -1.1
-1.99106 -0.9
-1.99081 -0.8
-1.99057 -0.6
-1.99032 -0.5
-1.99008 -0.3
-1.98983 -0.2
-1.98959 0.0
-1.98935 0.1
-1.9891 0.3
-1.98886 0.4
-1.98861 0.6
-1.98837 0.7
-1.98813 0.9
-1.98788 1.0
-1.98764 1.2
-1.98739 1.3
-1.98715 1.4
-1.98691 1.6
-1.98666 1.7
-1.98642 1.8
-1.98617 1.9
-1.98593 2.0
-1.98568 2.1
-1.98544 2.2
-1.9852 2.3
-1.98495 2.4
-1.98471 2.5
-1.98446 2.6
-1.98422 2.7
-1.98398 2.7
-1.98373 2.8
-1.98349 2.8
-1.98324 2.8
-1.983 2.9
-1.98275 2.9
-1.98251 2.9
-1.98227 2.9
-1.98202 2.9
-1.98178 2.9
-1.98153 2.9
-1.98129 2.9
-1.98105 2.8
-1.9808 2.8
-1.98056 2.7
-1.98031 2.7
-1.98007 2.6
-1.97983 2.5
-1.97958 2.5
-1.97934 2.4
-1.97909 2.3
-1.97885 2.2
-1.9786 2.1
-1.97836 2.0
-1.97812 1.9
-1.97787 1.7
-1.97763 1.6
-1.97738 1.5
-1.97714 1.4
-1.9769 1.2
-1.97665 1.1
-1.97641 0.9
-1.97616 0.8
-1.97592 0.6
-1.97567 0.5
-1.97543 0.3
-1.97519 0.2
-1.97494 0.0
-1.9747 -0.1
-1.97445 -0.3
-1.97421 -0.4
-1.97397 -0.6
-1.97372 -0.7
-1.97348 -0.9
-1.97323 -1.0
-1.97299 -1.2
-1.97274 -1.3
-1.9725 -1.4
-1.97226 -1.6
-1.97201 -1.7
-1.97177 -1.8
-1.97152 -1.9
-1.97128 -2.0
-1.97104 -2.1
-1.97079 -2.2
-1.97055 -2.3
-1.9703 -2.4
-1.97006 -2.5
-1.96982 -2.6
-1.96957 -2.7
-1.96933 -2.7
-1.96908 -2.8
-1.96884 -2.8
-1.96859 -2.8
-1.96835 -2.9
-1.96811 -2.9
-1.96786 -2.9
-1.96762 -2.9
-1.96737 -2.9
-1.96713 -2.9
-1.96689 -2.9
-1.96664 -2.9
-1.9664 -2.8
-1.96615 -2.8
-1.96591 -2.7
-1.96566 -2.7
-1.96542 -2.6
-1.96518 -2.5
-1.96493 -2.5
-1.96469 -2.4
-1.96444 -2.3
-1.9642 -2.2
-1.96396 -2.1
-1.96371 -2.0
-1.96347 -1.9
-1.96322 -1.7
-1.96298 -1.6
-1.96274 -1.5
-1.96249 -1.4
-1.96225 -1.2
-1.962 -1.1
-1.96176 -0.9
-1.96151 -0.8
-1.96127 -0.6
-1.96103 -0.5
-1.96078 -0.3
-1.96054 -0.2
-1.96029 0.0
-1.96005 0.1
-1.95981 0.3
-1.95956 0.4
-1.95932 0.6
-1.95907 0.7
-1.95883 0.9
-1.95858 1.0
-1.95834 1.2
-1.9581 1.3
-1.95785 1.4
-1.95761 1.6
-1.95736 1.7
-1.95712 1.8
-1.95688 1.9
-1.95663 2.1
-1.95639 2.2
-1.95614 2.3
-1.9559 2.4
-1.95566 2.4
-1.95541 2.5
-1.95517 2.6
-1.95492 2.7
-1.95468 2.7
-1.95443 2.8
-1.95419 2.8
-1.95395 2.9
-1.9537 2.9
-1.95346 2.9
-1.95321 2.9
-1.95297 2.9
-1.95273 2.9
-1.95248 2.9
-1.95224 2.9
-1.95199 2.9
-1.95175 2.8
-1.9515 2.8
-1.95126 2.7
-1.95102 2.7
-1.95077 2.6
-1.95053 2.5
-1.95028 2.5
-1.95004 2.4
-1.9498 2.3
-1.94955 2.2
-1.94931 2.1
-1.94906 2.0
-1.94882 1.8
-1.94858 1.7
-1.94833 1.6
-1.94809 1.5
-1.94784 1.3
-1.9476 1.2
-1.94735 1.1
-1.94711 0.9
-1.94687 0.8
-1.94662 0.6
-1.94638 0.5
-1.94613 0.3
-1.94589 0.1
-1.94565 0.0
-1.9454 -0.2
-1.94516 -0.3
-1.94491 -0.5
-1.94467 -0.6
-1.94442 -0.8
-1.94418 -0.9
-1.94394 -1.1
-1.94369 -1.2
-1.94345 -1.3
-1.9432 -1.5
-1.94296 -1.6
-1.94272 -1.7
-1.94247 -1.9
-1.94223 -2.0
-1.94198 -2.1
-1.94174 -2.2
-1.94149 -2.3
-1.94125 -2.4
-1.94101 -2.5
-1.94076 -2.5
-1.94052 -2.6
-1.94027 -2.7
-1.94003 -2.7
-1.93979 -2.8
-1.93954 -2.8
-1.9393 -2.9
-1.93905 -2.9
-1.93881 -2.9
-1.93857 -2.9
-1.93832 -2.9
-1.93808 -2.9
-1.93783 -2.9
-1.93759 -2.9
-1.93734 -2.9
-1.9371 -2.8
-1.93686 -2.8
-1.93661 -2.7
-1.93637 -2.7
-1.93612 -2.6
-1.93588 -2.5
-1.93564 -2.4
-1.93539 -2.3
-1.93515 -2.3
-1.9349 -2.1
-1.93466 -2.0
-1.93441 -1.9
-1.93417 -1.8
-1.93393 -1.7
-1.93368 -1.6
-1.93344 -1.4
-1.93319 -1.3
-1.93295 -1.1
-1.93271 -1.0
-1.93246 -0.9
-1.93222 -0.7
-1.93197 -0.6
-1.93173 -0.4
-1.93149 -0.2
-1.93124 0.0
-1.931 0.0
-1.93075 0.2
-1.93051 0.4
-1.93026 0.5
-1.93002 0.7
-1.92978 0.8
-1.92953 1.0
-1.92929 1.1
-1.92904 1.3
-1.9288 1.4
-1.92856 1.5
-1.92831 1.7
-1.92807 1.8
-1.92782 1.9
-1.92758 2.0
-1.92733 2.1
-1.92709 2.2
-1.92685 2.3
-1.9266 2.4
-1.92636 2.5
-1.92611 2.6
-1.92587 2.7
-1.92563 2.7
-1.92538 2.8
-1.92514 2.8
-1.92489 2.9
-1.92465 2.9
-1.92441 2.9
-1.92416 2.9
-1.92392 2.9
-1.92367 2.9
-1.92343 2.9
-1.92318 2.9
-1.92294 2.9
-1.9227 2.8
-1.92245 2.8
-1.92221 2.8
-1.92196 2.7
-1.92172 2.6
-1.92148 2.6
-1.92123 2.5
-1.92099 2.4
-1.92074 2.3
-1.9205 2.2
-1.92025 2.1
-1.92001 2.0
-1.91977 1.9
-1.91952 1.7
-1.91928 1.6
-1.91903 1.5
-1.91879 1.4
-1.91855 1.2
-1.9183 1.1
-1.91806 0.9
-1.91781 0.8
-1.91757 0.6
-1.91733 0.5
-1.91708 0.3
-1.91684 0.2
-1.91659 0.0
-1.91635 -0.1
-1.9161 -0.3
-1.91586 -0.5
-1.91562 -0.6
-1.91537 -0.8
-1.91513 -0.9
-1.91488 -1.1
-1.91464 -1.2
-1.9144 -1.3
-1.91415 -1.5
-1.91391 -1.6
-1.91366 -1.7
-1.91342 -1.9
-1.91317 -2.0
-1.91293 -2.1
-1.91269 -2.2
-1.91244 -2.3
-1.9122 -2.4
-1.91195 -2.5
-1.91171 -2.6
-1.91147 -2.6
-1.91122 -2.7
-1.91098 -2.8
-1.91073 -2.8
-1.91049 -2.9
-1.91024 -2.9
-1.91 -2.9
-1.90976 -2.9
-1.90951 -2.9
-1.90927 -2.9
-1.90902 -2.9
-1.90878 -2.9
-1.90854 -2.9
-1.90829 -2.9
-1.90805 -2.8
-1.9078 -2.8
-1.90756 -2.7
-1.90732 -2.7
-1.90707 -2.6
-1.90683 -2.5
-1.90658 -2.4
-1.90634 -2.3
-1.90609 -2.2
-1.90585 -2.1
-1.90561 -2.0
-1.90536 -1.9
-1.90512 -1.8
-1.90487 -1.7
-1.90463 -1.5
-1.90439 -1.4
-1.90414 -1.3
-1.9039 -1.1
-1.90365 -1.0
-1.90341 -0.8
-1.90316 -0.7
-1.90292 -0.5
-1.90268 -0.4
-1.90243 -0.2
-1.90219 0.0
-1.90194 0.1
-1.9017 0.3
-1.90146 0.4
-1.90121 0.6
-1.90097 0.7
-1.90072 0.9
-1.90048 1.0
-1.90024 1.2
-1.89999 1.3
-1.89975 1.4
-1.8995 1.6
-1.89926 1.7
-1.89901 1.8
-1.89877 2.0
-1.89853 2.1
-1.89828 2.2
-1.89804 2.3
-1.89779 2.4
-1.89755 2.5
-1.89731 2.5
-1.89706 2.6
-1.89682 2.7
-1.89657 2.7
-1.89633 2.8
-1.89608 2.8
-1.89584 2.9
-1.8956 2.9
-1.89535 2.9
-1.89511 2.9
-1.89486 2.9
-1.89462 2.9
-1.89438 2.9
-1.89413 2.9
-1.89389 2.9
-1.89364 2.8
-1.8934 2.8
-1.89316 2.7
-1.89291 2.7
-1.89267 2.6
-1.89242 2.5
-1.89218 2.5
-1.89193 2.4
-1.89169 2.3
-1.89145 2.2
-1.8912 2.1
-1.89096 1.9
-1.89071 1.8
-1.89047 1.7
-1.89023 1.6
-1.88998 1.4
-1.88974 1.3
-1.88949 1.1
-1.88925 1.0
-1.889 0.8
-1.88876 0.7
-1.88852 0.5
-1.88827 0.4
-1.88803 0.2
-1.88778 0.0
-1.88754 0.0
-1.8873 -0.2
-1.88705 -0.4
-1.88681 -0.5
-1.88656 -0.7
-1.88632 -0.9
-1.88608 -1.0
-1.88583 -1.2
-1.88559 -1.3
-1.88534 -1.4
-1.8851 -1.6
-1.88485 -1.7
-1.88461 -1.8
-1.88437 -1.9
-1.88412 -2.1
-1.88388 -2.2
-1.88363 -2.3
-1.88339 -2.4
-1.88315 -2.5
-1.8829 -2.5
-1.88266 -2.6
-1.88241 -2.7
-1.88217 -2.8
-1.88192 -2.8
-1.88168 -2.8
-1.88144 -2.9
-1.88119 -2.9
-1.88095 -2.9
-1.8807 -2.9
-1.88046 -3.0
-1.88022 -2.9
-1.87997 -2.9
-1.87973 -2.9
-1.87948 -2.9
-1.87924 -2.8
-1.87899 -2.8
-1.87875 -2.7
-1.87851 -2.7
-1.87826 -2.6
-1.87802 -2.5
-1.87777 -2.5
-1.87753 -2.4
-1.87729 -2.3
-1.87704 -2.2
-1.8768 -2.1
-1.87655 -1.9
-1.87631 -1.8
-1.87607 -1.7
-1.87582 -1.6
-1.87558 -1.4
-1.87533 -1.3
-1.87509 -1.1
-1.87484 -1.0
-1.8746 -0.8
-1.87436 -0.7
-1.87411 -0.5
-1.87387 -0.4
-1.87362 -0.2
-1.87338 0.0
-1.87314 0.0
-1.87289 0.2
-1.87265 0.4
-1.8724 0.6
-1.87216 0.7
-1.87191 0.9
-1.87167 1.0
-1.87143 1.2
-1.87118 1.3
-1.87094 1.4
-1.87069 1.6
-1.87045 1.7
-1.87021 1.8
-1.86996 2.0
-1.86972 2.1
-1.86947 2.2
-1.86923 2.3
-1.86899 2.4
-1.86874 2.5
-1.8685 2.6
-1.86825 2.6
-1.86801 2.7
-1.86776 2.8
-1.86752 2.8
-1.86728 2.9
-1.86703 2.9
-1.86679 2.9
-1.86654 2.9
-1.8663 3.0
-1.86606 3.0
-1.86581 3.0
-1.86557 2.9
-1.86532 2.9
-1.86508 2.9
-1.86483 2.8
-1.86459 2.8
-1.86435 2.7
-1.8641 2.7
-1.86386 2.6
-1.86361 2.5
-1.86337 2.5
-1.86313 2.4
-1.86288 2.3
-1.86264 2.2
-1.86239 2.0
-1.86215 1.9
-1.86191 1.8
-1.86166 1.7
-1.86142 1.5
-1.86117 1.4
-1.86093 1.3
-1.86068 1.1
-1.86044 1.0
-1.8602 0.8
-1.85995 0.7
-1.85971 0.5
-1.85946 0.4
-1.85922 0.2
-1.85898 0.0
-1.85873 -0.1
-1.85849 -0.3
-1.85824 -0.4
-1.858 -0.6
-1.85775 -0.7
-1.85751 -0.9
-1.85727 -1.0
-1.85702 -1.2
-1.85678 -1.3
-1.85653 -1.5
-1.85629 -1.6
-1.85605 -1.7
-1.8558 -1.9
-1.85556 -2.0
-1.85531 -2.1
-1.85507 -2.2
-1.85483 -2.3
-1.85458 -2.4
-1.85434 -2.5
-1.85409 -2.6
-1.85385 -2.7
-1.8536 -2.7
-1.85336 -2.8
-1.85312 -2.8
-1.85287 -2.9
-1.85263 -2.9
-1.85238 -2.9
-1.85214 -3.0
-1.8519 -3.0
-1.85165 -3.0
-1.85141 -3.0
-1.85116 -2.9
-1.85092 -2.9
-1.85067 -2.9
-1.85043 -2.8
-1.85019 -2.8
-1.84994 -2.7
-1.8497 -2.7
-1.84945 -2.6
-1.84921 -2.5
-1.84897 -2.4
-1.84872 -2.3
-1.84848 -2.2
-1.84823 -2.1
-1.84799 -2.0
-1.84774 -1.9
-1.8475 -1.8
-1.84726 -1.6
-1.84701 -1.5
-1.84677 -1.4
-1.84652 -1.2
-1.84628 -1.1
-1.84604 -0.9
-1.84579 -0.8
-1.84555 -0.6
-1.8453 -0.5
-1.84506 -0.3
-1.84482 -0.1
-1.84457 0.0
-1.84433 0.2
-1.84408 0.3
-1.84384 0.5
-1.84359 0.6
-1.84335 0.8
-1.84311 1.0
-1.84286 1.1
-1.84262 1.3
-1.84237 1.4
-1.84213 1.5
-1.84189 1.7
-1.84164 1.8
-1.8414 1.9
-1.84115 2.0
-1.84091 2.2
-1.84066 2.3
-1.84042 2.4
-1.84018 2.5
-1.83993 2.5
-1.83969 2.6
-1.83944 2.7
-1.8392 2.8
-1.83896 2.8
-1.83871 2.9
-1.83847 2.9
-1.83822 2.9
-1.83798 2.9
-1.83774 3.0
-1.83749 3.0
-1.83725 3.0
-1.837 3.0
-1.83676 2.9
-1.83651 2.9
-1.83627 2.9
-1.83603 2.8
-1.83578 2.8
-1.83554 2.7
-1.83529 2.6
-1.83505 2.6
-1.83481 2.5
-1.83456 2.4
-1.83432 2.3
-1.83407 2.2
-1.83383 2.1
-1.83358 2.0
-1.83334 1.8
-1.8331 1.7
-1.83285 1.6
-1.83261 1.4
-1.83236 1.3
-1.83212 1.1
-1.83188 1.0
-1.83163 0.8
-1.83139 0.7
-1.83114 0.5
-1.8309 0.4
-1.83066 0.2
-1.83041 0.0
-1.83017 -0.1
-1.82992 -0.3
-1.82968 -0.4
-1.82943 -0.6
-1.82919 -0.7
-1.82895 -0.9
-1.8287 -1.0
-1.82846 -1.2
-1.82821 -1.3
-1.82797 -1.5
-1.82773 -1.6
-1.82748 -1.7
-1.82724 -1.9
-1.82699 -2.0
-1.82675 -2.1
-1.8265 -2.2
-1.82626 -2.3
-1.82602 -2.4
-1.82577 -2.5
-1.82553 -2.6
-1.82528 -2.7
-1.82504 -2.7
-1.8248 -2.8
-1.82455 -2.8
-1.82431 -2.9
-1.82406 -2.9
-1.82382 -2.9
-1.82358 -3.0
-1.82333 -3.0
-1.82309 -3.0
-1.82284 -3.0
-1.8226 -2.9
-1.82235 -2.9
-1.82211 -2.9
-1.82187 -2.8
-1.82162 -2.8
-1.82138 -2.7
-1.82113 -2.7
-1.82089 -2.6
-1.82065 -2.5
-1.8204 -2.4
-1.82016 -2.3
-1.81991 -2.2
-1.81967 -2.1
-1.81942 -2.0
-1.81918 -1.9
-1.81894 -1.8
-1.81869 -1.6
-1.81845 -1.5
-1.8182 -1.3
-1.81796 -1.2
-1.81772 -1.0
-1.81747 -0.9
-1.81723 -0.7
-1.81698 -0.6
-1.81674 -0.4
-1.81649 -0.3
-1.81625 -0.1
-1.81601 0.0
-1.81576 0.2
-1.81552 0.4
-1.81527 0.5
-1.81503 0.7
-1.81479 0.8
-1.81454 1.0
-1.8143 1.1
-1.81405 1.3
-1.81381 1.4
-1.81357 1.6
-1.81332 1.7
-1.81308 1.8
-1.81283 2.0
-1.81259 2.1
-1.81234 2.2
-1.8121 2.3
-1.81186 2.4
-1.81161 2.5
-1.81137 2.6
-1.81112 2.7
-1.81088 2.7
-1.81064 2.8
-1.81039 2.8
-1.81015 2.9
-1.8099 2.9
-1.80966 2.9
-1.80941 3.0
-1.80917 3.0
-1.80893 3.0
-1.80868 3.0
-1.80844 3.0
-1.80819 2.9
-1.80795 2.9
-1.80771 2.9
-1.80746 2.8
-1.80722 2.8
-1.80697 2.7
-1.80673 2.6
-1.80649 2.5
-1.80624 2.4
-1.806 2.4
-1.80575 2.2
-1.80551 2.1
-1.80526 2.0
-1.80502 1.9
-1.80478 1.8
-1.80453 1.6
-1.80429 1.5
-1.80404 1.4
-1.8038 1.2
-1.80356 1.1
-1.80331 0.9
-1.80307 0.8
-1.80282 0.6
-1.80258 0.5
-1.80233 0.3
-1.80209 0.1
-1.80185 0.0
-1.8016 -0.2
-1.80136 -0.4
-1.80111 -0.5
-1.80087 -0.7
-1.80063 -0.8
-1.80038 -1.0
-1.80014 -1.1
-1.79989 -1.3
-1.79965 -1.4
-1.79941 -1.6
-1.79916 -1.7
-1.79892 -1.8
-1.79867 -2.0
-1.79843 -2.1
-1.79818 -2.2
-1.79794 -2.3
-1.7977 -2.4
-1.79745 -2.5
-1.79721 -2.6
-1.79696 -2.7
-1.79672 -2.7
-1.79648 -2.8
-1.79623 -2.8
-1.79599 -2.9
-1.79574 -2.9
-1.7955 -3.0
-1.79525 -3.0
-1.79501 -3.0
-1.79477 -3.0
-1.79452 -3.0
-1.79428 -3.0
-1.79403 -2.9
-1.79379 -2.9
-1.79355 -2.9
-1.7933 -2.8
-1.79306 -2.8
-1.79281 -2.7
-1.79257 -2.6
-1.79233 -2.5
-1.79208 -2.5
-1.79184 -2.4
-1.79159 -2.3
-1.79135 -2.1
-1.7911 -2.0
-1.79086 -1.9
-1.79062 -1.8
-1.79037 -1.6
-1.79013 -1.5
-1.78988 -1.4
-1.78964 -1.2
-1.7894 -1.1
-1.78915 -0.9
-1.78891 -0.8
-1.78866 -0.6
-1.78842 -0.4
-1.78817 -0.3
-1.78793 -0.1
-1.78769 0.0
-1.78744 0.2
-1.7872 0.4
-1.78695 0.5
-1.78671 0.7
-1.78647 0.8
-1.78622 1.0
-1.78598 1.1
-1.78573 1.3
-1.78549 1.4
-1.78524 1.6
-1.785 1.7
-1.78476 1.8
-1.78451 2.0
-1.78427 2.1
-1.78402 2.2
-1.78378 2.3
-1.78354 2.4
-1.78329 2.5
-1.78305 2.6
-1.7828 2.7
-1.78256 2.7
-1.78232 2.8
-1.78207 2.8
-1.78183 2.9
-1.78158 2.9
-1.78134 3.0
-1.78109 3.0
-1.78085 3.0
-1.78061 3.0
-1.78036 3.0
-1.78012 3.0
-1.77987 2.9
-1.77963 2.9
-1.77939 2.9
-1.77914 2.8
-1.7789 2.8
-1.77865 2.7
-1.77841 2.6
-1.77816 2.5
-1.77792 2.4
-1.77768 2.3
-1.77743 2.2
-1.77719 2.1
-1.77694 2.0
-1.7767 1.9
-1.77646 1.8
-1.77621 1.6
-1.77597 1.5
-1.77572 1.3
-1.77548 1.2
-1.77524 1.1
-1.77499 0.9
-1.77475 0.7
-1.7745 0.6
-1.77426 0.4
-1.77401 0.3
-1.77377 0.0
-1.77353 0.0
-1.77328 -0.2
-1.77304 -0.4
-1.77279 -0.6
-1.77255 -0.7
-1.77231 -0.9
-1.77206 -1.0
-1.77182 -1.2
-1.77157 -1.3
-1.77133 -1.5
-1.77108 -1.6
-1.77084 -1.7
-1.7706 -1.9
-1.77035 -2.0
-1.77011 -2.1
-1.76986 -2.2
-1.76962 -2.3
-1.76938 -2.4
-1.76913 -2.5
-1.76889 -2.6
-1.76864 -2.7
-1.7684 -2.8
-1.76816 -2.8
-1.76791 -2.9
-1.76767 -2.9
-1.76742 -2.9
-1.76718 -3.0
-1.76693 -3.0
-1.76669 -3.0
-1.76645 -3.0
-1.7662 -3.0
-1.76596 -3.0
-1.76571 -2.9
-1.76547 -2.9
-1.76523 -2.9
-1.76498 -2.8
-1.76474 -2.7
-1.76449 -2.7
-1.76425 -2.6
-1.764 -2.5
-1.76376 -2.4
-1.76352 -2.3
-1.76327 -2.2
-1.76303 -2.1
-1.76278 -2.0
-1.76254 -1.9
-1.7623 -1.7
-1.76205 -1.6
-1.76181 -1.4
-1.76156 -1.3
-1.76132 -1.2
-1.76108 -1.0
-1.76083 -0.8
-1.76059 -0.7
-1.76034 -0.5
-1.7601 -0.4
-1.75985 -0.2
-1.75961 0.0
-1.75937 0.1
-1.75912 0.3
-1.75888 0.5
-1.75863 0.6
-1.75839 0.8
-1.75815 0.9
-1.7579 1.1
-1.75766 1.2
-1.75741 1.4
-1.75717 1.5
-1.75692 1.7
-1.75668 1.8
-1.75644 1.9
-1.75619 2.0
-1.75595 2.2
-1.7557 2.3
-1.75546 2.4
-1.75522 2.5
-1.75497 2.6
-1.75473 2.6
-1.75448 2.7
-1.75424 2.8
-1.75399 2.8
-1.75375 2.9
-1.75351 2.9
-1.75326 3.0
-1.75302 3.0
-1.75277 3.0
-1.75253 3.0
-1.75229 3.0
-1.75204 3.0
-1.7518 3.0
-1.75155 2.9
-1.75131 2.9
-1.75107 2.8
-1.75082 2.8
-1.75058 2.7
-1.75033 2.6
-1.75009 2.6
-1.74984 2.5
-1.7496 2.4
-1.74936 2.3
-1.74911 2.2
-1.74887 2.0
-1.74862 1.9
-1.74838 1.8
-1.74814 1.7
-1.74789 1.5
-1.74765 1.4
-1.7474 1.2
-1.74716 1.1
-1.74691 0.9
-1.74667 0.8
-1.74643 0.6
-1.74618 0.4
-1.74594 0.3
-1.74569 0.1
-1.74545 0.0
-1.74521 -0.2
-1.74496 -0.4
-1.74472 -0.5
-1.74447 -0.7
-1.74423 -0.9
-1.74399 -1.0
-1.74374 -1.2
-1.7435 -1.3
-1.74325 -1.5
-1.74301 -1.6
-1.74276 -1.7
-1.74252 -1.9
-1.74228 -2.0
-1.74203 -2.1
-1.74179 -2.2
-1.74154 -2.3
-1.7413 -2.4
-1.74106 -2.5
-1.74081 -2.6
-1.74057 -2.7
-1.74032 -2.8
-1.74008 -2.8
-1.73983 -2.9
-1.73959 -2.9
-1.73935 -3.0
-1.7391 -3.0
-1.73886 -3.0
-1.73861 -3.0
-1.73837 -3.0
-1.73813 -3.0
-1.73788 -3.0
-1.73764 -2.9
-1.73739 -2.9
-1.73715 -2.9
-1.73691 -2.8
-1.73666 -2.7
-1.73642 -2.7
-1.73617 -2.6
-1.73593 -2.5
-1.73568 -2.4
-1.73544 -2.3
-1.7352 -2.2
-1.73495 -2.1
-1.73471 -2.0
-1.73446 -1.8
-1.73422 -1.7
-1.73398 -1.6
-1.73373 -1.4
-1.73349 -1.3
-1.73324 -1.1
-1.733 -1.0
-1.73275 -0.8
-1.73251 -0.7
-1.73227 -0.5
-1.73202 -0.3
-1.73178 -0.2
-1.73153 0.0
-1.73129 0.2
-1.73105 0.3
-1.7308 0.5
-1.73056 0.7
-1.73031 0.8
-1.73007 1.0
-1.72983 1.1
-1.72958 1.3
-1.72934 1.4
-1.72909 1.6
-1.72885 1.7
-1.7286 1.8
-1.72836 2.0
-1.72812 2.1
-1.72787 2.2
-1.72763 2.3
-1.72738 2.4
-1.72714 2.5
-1.7269 2.6
-1.72665 2.7
-1.72641 2.8
-1.72616 2.8
-1.72592 2.9
-1.72567 2.9
-1.72543 3.0
-1.72519 3.0
-1.72494 3.0
-1.7247 3.0
-1.72445 3.0
-1.72421 3.0
-1.72397 3.0
-1.72372 3.0
-1.72348 2.9
-1.72323 2.9
-1.72299 2.8
-1.72274 2.8
-1.7225 2.7
-1.72226 2.6
-1.72201 2.5
-1.72177 2.4
-1.72152 2.3
-1.72128 2.2
-1.72104 2.1
-1.72079 2.0
-1.72055 1.9
-1.7203 1.7
-1.72006 1.6
-1.71982 1.5
-1.71957 1.3
-1.71933 1.2
-1.71908 1.0
-1.71884 0.8
-1.71859 0.7
-1.71835 0.5
-1.71811 0.4
-1.71786 0.2
-1.71762 0.0
-1.71737 -0.1
-1.71713 -0.3
-1.71689 -0.5
-1.71664 -0.6
-1.7164 -0.8
-1.71615 -1.0
-1.71591 -1.1
-1.71566 -1.3
-1.71542 -1.4
-1.71518 -1.6
-1.71493 -1.7
-1.71469 -1.8
-1.71444 -2.0
-1.7142 -2.1
-1.71396 -2.2
-1.71371 -2.3
-1.71347 -2.4
-1.71322 -2.5
-1.71298 -2.6
-1.71274 -2.7
-1.71249 -2.8
-1.71225 -2.8
-1.712 -2.9
-1.71176 -2.9
-1.71151 -3.0
-1.71127 -3.0
-1.71103 -3.0
-1.71078 -3.0
-1.71054 -3.0
-1.71029 -3.0
-1.71005 -3.0
-1.70981 -3.0
-1.70956 -2.9
-1.70932 -2.9
-1.70907 -2.8
-1.70883 -2.8
-1.70858 -2.7
-1.70834 -2.6
-1.7081 -2.5
-1.70785 -2.4
-1.70761 -2.3
-1.70736 -2.2
-1.70712 -2.1
-1.70688 -2.0
-1.70663 -1.9
-1.70639 -1.7
-1.70614 -1.6
-1.7059 -1.5
-1.70566 -1.3
-1.70541 -1.2
-1.70517 -1.0
-1.70492 -0.8
-1.70468 -0.7
-1.70443 -0.5
-1.70419 -0.4
-1.70395 -0.2
-1.7037 0.0
-1.70346 0.1
-1.70321 0.3
-1.70297 0.5
-1.70273 0.6
-1.70248 0.8
-1.70224 1.0
-1.70199 1.1
-1.70175 1.3
-1.7015 1.4
-1.70126 1.6
-1.70102 1.7
-1.70077 1.8
-1.70053 2.0
-1.70028 2.1
-1.70004 2.2
-1.6998 2.3
-1.69955 2.4
-1.69931 2.5
-1.69906 2.6
-1.69882 2.7
-1.69858 2.8
-1.69833 2.8
-1.69809 2.9
-1.69784 2.9
-1.6976 3.0
-1.69735 3.0
-1.69711 3.0
-1.69687 3.0
-1.69662 3.0
-1.69638 3.0
-1.69613 3.0
-1.69589 3.0
-1.69565 2.9
-1.6954 2.9
-1.69516 2.8
-1.69491 2.8
-1.69467 2.7
-1.69442 2.6
-1.69418 2.5
-1.69394 2.4
-1.69369 2.3
-1.69345 2.2
-1.6932 2.1
-1.69296 2.0
-1.69272 1.9
-1.69247 1.7
-1.69223 1.6
-1.69198 1.4
-1.69174 1.3
-1.69149 1.1
-1.69125 1.0
-1.69101 0.8
-1.69076 0.7
-1.69052 0.5
-1.69027 0.3
-1.69003 0.2
-1.68979 0.0
-1.68954 -0.2
-1.6893 -0.3
-1.68905 -0.5
-1.68881 -0.7
-1.68857 -0.8
-1.68832 -1.0
-1.68808 -1.2
-1.68783 -1.3
-1.68759 -1.5
-1.68734 -1.6
-1.6871 -1.7
-1.68686 -1.9
-1.68661 -2.0
-1.68637 -2.1
-1.68612 -2.2
-1.68588 -2.4
-1.68564 -2.5
-1.68539 -2.6
-1.68515 -2.6
-1.6849 -2.7
-1.68466 -2.8
-1.68441 -2.8
-1.68417 -2.9
-1.68393 -2.9
-1.68368 -3.0
-1.68344 -3.0
-1.68319 -3.0
-1.68295 -3.0
-1.68271 -3.0
-1.68246 -3.0
-1.68222 -3.0
-1.68197 -3.0
-1.68173 -2.9
-1.68149 -2.9
-1.68124 -2.8
-1.681 -2.8
-1.68075 -2.7
-1.68051 -2.6
-1.68026 -2.5
-1.68002 -2.4
-1.67978 -2.3
-1.67953 -2.2
-1.67929 -2.1
-1.67904 -1.9
-1.6788 -1.8
-1.67856 -1.7
-1.67831 -1.5
-1.67807 -1.4
-1.67782 -1.2
-1.67758 -1.1
-1.67733 -0.9
-1.67709 -0.8
-1.67685 -0.6
-1.6766 -0.4
-1.67636 -0.3
-1.67611 0.0
-1.67587 0.0
-1.67563 0.2
-1.67538 0.4
-1.67514 0.6
-1.67489 0.7
-1.67465 0.9
-1.67441 1.1
-1.67416 1.2
-1.67392 1.4
-1.67367 1.5
-1.67343 1.7
-1.67318 1.8
-1.67294 1.9
-1.6727 2.1
-1.67245 2.2
-1.67221 2.3
-1.67196 2.4
-1.67172 2.5
-1.67148 2.6
-1.67123 2.7
-1.67099 2.8
-1.67074 2.8
-1.6705 2.9
-1.67025 2.9
-1.67001 3.0
-1.66977 3.0
-1.66952 3.0
-1.66928 3.0
-1.66903 3.0
-1.66879 3.0
-1.66855 3.0
-1.6683 3.0
-1.66806 3.0
-1.66781 2.9
-1.66757 2.9
-1.66733 2.8
-1.66708 2.7
-1.66684 2.6
-1.66659 2.6
-1.66635 2.5
-1.6661 2.4
-1.66586 2.3
-1.66562 2.1
-1.66537 2.0
-1.66513 1.9
-1.66488 1.8
-1.66464 1.6
-1.6644 1.5
-1.66415 1.3
-1.66391 1.2
-1.66366 1.0
-1.66342 0.8
-1.66317 0.7
-1.66293 0.5
-1.66269 0.3
-1.66244 0.2
-1.6622 0.0
-1.66195 -0.2
-1.66171 -0.3
-1.66147 -0.5
-1.66122 -0.7
-1.66098 -0.8
-1.66073 -1.0
-1.66049 -1.2
-1.66024 -1.3
-1.66 -1.5
-1.65976 -1.6
-1.65951 -1.7
-1.65927 -1.9
-1.65902 -2.0
-1.65878 -2.1
-1.65854 -2.3
-1.65829 -2.4
-1.65805 -2.5
-1.6578 -2.6
-1.65756 -2.6
-1.65732 -2.7
-1.65707 -2.8
-1.65683 -2.9
-1.65658 -2.9
-1.65634 -3.0
-1.65609 -3.0
-1.65585 -3.0
-1.65561 -3.0
-1.65536 -3.0
-1.65512 -3.0
-1.65487 -3.0
-1.65463 -3.0
-1.65439 -3.0
-1.65414 -2.9
-1.6539 -2.9
-1.65365 -2.8
-1.65341 -2.8
-1.65316 -2.7
-1.65292 -2.6
-1.65268 -2.5
-1.65243 -2.4
-1.65219 -2.3
-1.65194 -2.2
-1.6517 -2.1
-1.65146 -1.9
-1.65121 -1.8
-1.65097 -1.7
-1.65072 -1.5
-1.65048 -1.4
-1.65024 -1.2
-1.64999 -1.1
-1.64975 -0.9
-1.6495 -0.7
-1.64926 -0.6
-1.64901 -0.4
-1.64877 -0.2
-1.64853 0.0
-1.64828 0.1
-1.64804 0.3
-1.64779 0.5
-1.64755 0.6
-1.64731 0.8
-1.64706 1.0
-1.64682 1.1
-1.64657 1.3
-1.64633 1.4
-1.64608 1.6
-1.64584 1.7
-1.6456 1.9
-1.64535 2.0
-1.64511 2.1
-1.64486 2.2
-1.64462 2.3
-1.64438 2.4
-1.64413 2.5
-1.64389 2.6
-1.64364 2.7
-1.6434 2.8
-1.64316 2.9
-1.64291 2.9
-1.64267 3.0
-1.64242 3.0
-1.64218 3.0
-1.64193 3.0
-1.64169 3.0
-1.64145 3.0
-1.6412 3.0
-1.64096 3.0
-1.64071 3.0
-1.64047 2.9
-1.64023 2.9
-1.63998 2.8
-1.63974 2.8
-1.63949 2.7
-1.63925 2.6
-1.639 2.5
-1.63876 2.4
-1.63852 2.3
-1.63827 2.2
-1.63803 2.1
-1.63778 2.0
-1.63754 1.8
-1.6373 1.7
-1.63705 1.5
-1.63681 1.4
-1.63656 1.2
-1.63632 1.1
-1.63608 0.9
-1.63583 0.8
-1.63559 0.6
-1.63534 0.4
-1.6351 0.2
-1.63485 0.0
-1.63461 0.0
-1.63437 -0.3
-1.63412 -0.4
-1.63388 -0.6
-1.63363 -0.8
-1.63339 -0.9
-1.63315 -1.1
-1.6329 -1.3
-1.63266 -1.4
-1.63241 -1.6
-1.63217 -1.7
-1.63192 -1.8
-1.63168 -2.0
-1.63144 -2.1
-1.63119 -2.2
-1.63095 -2.3
-1.6307 -2.4
-1.63046 -2.5
-1.63022 -2.6
-1.62997 -2.7
-1.62973 -2.8
-1.62948 -2.9
-1.62924 -2.9
-1.62899 -3.0
-1.62875 -3.0
-1.62851 -3.0
-1.62826 -3.0
-1.62802 -3.1
-1.62777 -3.1
-1.62753 -3.0
-1.62729 -3.0
-1.62704 -3.0
-1.6268 -3.0
-1.62655 -2.9
-1.62631 -2.9
-1.62607 -2.8
-1.62582 -2.7
-1.62558 -2.6
-1.62533 -2.5
-1.62509 -2.4
-1.62484 -2.3
-1.6246 -2.2
-1.62436 -2.1
-1.62411 -2.0
-1.62387 -1.8
-1.62362 -1.7
-1.62338 -1.5
-1.62314 -1.4
-1.62289 -1.2
-1.62265 -1.1
-1.6224 -0.9
-1.62216 -0.7
-1.62191 -0.6
-1.62167 -0.4
-1.62143 -0.2
-1.62118 0.0
-1.62094 0.1
-1.62069 0.3
-1.62045 0.4
-1.62021 0.6
-1.61996 0.8
-1.61972 0.9
-1.61947 1.1
-1.61923 1.3
-1.61899 1.4
-1.61874 1.6
-1.6185 1.7
-1.61825 1.9
-1.61801 2.0
-1.61776 2.1
-1.61752 2.2
-1.61728 2.4
-1.61703 2.5
-1.61679 2.6
-1.61654 2.6
-1.6163 2.7
-1.61606 2.8
-1.61581 2.9
-1.61557 2.9
-1.61532 3.0
-1.61508 3.0
-1.61483 3.0
-1.61459 3.1
-1.61435 3.1
-1.6141 3.1
-1.61386 3.0
-1.61361 3.0
-1.61337 3.0
-1.61313 3.0
-1.61288 2.9
-1.61264 2.8
-1.61239 2.8
-1.61215 2.7
-1.61191 2.6
-1.61166 2.5
-1.61142 2.4
-1.61117 2.3
-1.61093 2.2
-1.61068 2.1
-1.61044 1.9
-1.6102 1.8
-1.60995 1.7
-1.60971 1.5
-1.60946 1.4
-1.60922 1.2
-1.60898 1.0
-1.60873 0.9
-1.60849 0.7
-1.60824 0.5
-1.608 0.4
-1.60775 0.2
-1.60751 0.0
-1.60727 -0.1
-1.60702 -0.3
-1.60678 -0.5
-1.60653 -0.7
-1.60629 -0.8
-1.60605 -1.0
-1.6058 -1.1
-1.60556 -1.3
-1.60531 -1.5
-1.60507 -1.6
-1.60483 -1.8
-1.60458 -1.9
-1.60434 -2.0
-1.60409 -2.2
-1.60385 -2.3
-1.6036 -2.4
-1.60336 -2.5
-1.60312 -2.6
-1.60287 -2.7
-1.60263 -2.8
-1.60238 -2.8
-1.60214 -2.9
-1.6019 -2.9
-1.60165 -3.0
-1.60141 -3.0
-1.60116 -3.0
-1.60092 -3.1
-1.60067 -3.1
-1.60043 -3.1
-1.60019 -3.0
-1.59994 -3.0
-1.5997 -3.0
-1.59945 -2.9
-1.59921 -2.9
-1.59897 -2.8
-1.59872 -2.8
-1.59848 -2.7
-1.59823 -2.6
-1.59799 -2.5
-1.59774 -2.4
-1.5975 -2.3
-1.59726 -2.2
-1.59701 -2.0
-1.59677 -1.9
-1.59652 -1.8
-1.59628 -1.6
-1.59604 -1.5
-1.59579 -1.3
-1.59555 -1.2
-1.5953 -1.0
-1.59506 -0.8
-1.59482 -0.7
-1.59457 -0.5
-1.59433 -0.3
-1.59408 -0.1
-1.59384 0.0
-1.59359 0.2
-1.59335 0.4
-1.59311 0.6
-1.59286 0.7
-1.59262 0.9
-1.59237 1.1
-1.59213 1.2
-1.59189 1.4
-1.59164 1.5
-1.5914 1.7
-1.59115 1.8
-1.59091 2.0
-1.59066 2.1
-1.59042 2.2
-1.59018 2.3
-1.58993 2.4
-1.58969 2.5
-1.58944 2.6
-1.5892 2.7
-1.58896 2.8
-1.58871 2.9
-1.58847 2.9
-1.58822 3.0
-1.58798 3.0
-1.58774 3.0
-1.58749 3.1
-1.58725 3.1
-1.587 3.1
-1.58676 3.1
-1.58651 3.0
-1.58627 3.0
-1.58603 3.0
-1.58578 2.9
-1.58554 2.9
-1.58529 2.8
-1.58505 2.7
-1.58481 2.6
-1.58456 2.6
-1.58432 2.4
-1.58407 2.3
-1.58383 2.2
-1.58358 2.1
-1.58334 2.0
-1.5831 1.8
-1.58285 1.7
-1.58261 1.5
-1.58236 1.4
-1.58212 1.2
-1.58188 1.1
-1.58163 0.9
-1.58139 0.7
-1.58114 0.6
-1.5809 0.4
-1.58066 0.2
-1.58041 0.0
-1.58017 -0.1
-1.57992 -0.3
-1.57968 -0.5
-1.57943 -0.7
-1.57919 -0.8
-1.57895 -1.0
-1.5787 -1.2
-1.57846 -1.3
-1.57821 -1.5
-1.57797 -1.6
-1.57773 -1.8
-1.57748 -1.9
-1.57724 -2.0
-1.57699 -2.2
-1.57675 -2.3
-1.5765 -2.4
-1.57626 -2.5
-1.57602 -2.6
-1.57577 -2.7
-1.57553 -2.8
-1.57528 -2.8
-1.57504 -2.9
-1.5748 -3.0
-1.57455 -3.0
-1.57431 -3.0
-1.57406 -3.1
-1.57382 -3.1
-1.57358 -3.1
-1.57333 -3.1
-1.57309 -3.1
-1.57284 -3.0
-1.5726 -3.0
-1.57235 -3.0
-1.57211 -2.9
-1.57187 -2.8
-1.57162 -2.8
-1.57138 -2.7
-1.57113 -2.6
-1.57089 -2.5
-1.57065 -2.4
-1.5704 -2.3
-1.57016 -2.1
-1.56991 -2.0
-1.56967 -1.9
-1.56942 -1.7
-1.56918 -1.6
-1.56894 -1.4
-1.56869 -1.3
-1.56845 -1.1
-1.5682 -1.0
-1.56796 -0.8
-1.56772 -0.6
-1.56747 -0.4
-1.56723 -0.3
-1.56698 0.0
-1.56674 0.0
-1.56649 0.3
-1.56625 0.4
-1.56601 0.6
-1.56576 0.8
-1.56552 0.9
-1.56527 1.1
-1.56503 1.3
-1.56479 1.4
-1.56454 1.6
-1.5643 1.7
-1.56405 1.9
-1.56381 2.0
-1.56357 2.1
-1.56332 2.3
-1.56308 2.4
-1.56283 2.5
-1.56259 2.6
-1.56234 2.7
-1.5621 2.8
-1.56186 2.8
-1.56161 2.9
-1.56137 3.0
-1.56112 3.0
-1.56088 3.0
-1.56064 3.1
-1.56039 3.1
-1.56015 3.1
-1.5599 3.1
-1.55966 3.1
-1.55941 3.0
-1.55917 3.0
-1.55893 3.0
-1.55868 2.9
-1.55844 2.8
-1.55819 2.8
-1.55795 2.7
-1.55771 2.6
-1.55746 2.5
-1.55722 2.4
-1.55697 2.3
-1.55673 2.2
-1.55649 2.0
-1.55624 1.9
-1.556 1.8
-1.55575 1.6
-1.55551 1.5
-1.55526 1.3
-1.55502 1.1
-1.55478 1.0
-1.55453 0.8
-1.55429 0.6
-1.55404 0.5
-1.5538 0.3
-1.55356 0.1
-1.55331 0.0
-1.55307 -0.2
-1.55282 -0.4
-1.55258 -0.6
-1.55233 -0.8
-1.55209 -0.9
-1.55185 -1.1
-1.5516 -1.3
-1.55136 -1.4
-1.55111 -1.6
-1.55087 -1.7
-1.55063 -1.9
-1.55038 -2.0
-1.55014 -2.1
-1.54989 -2.3
-1.54965 -2.4
-1.54941 -2.5
-1.54916 -2.6
-1.54892 -2.7
-1.54867 -2.8
-1.54843 -2.8
-1.54818 -2.9
-1.54794 -3.0
-1.5477 -3.0
-1.54745 -3.0
-1.54721 -3.1
-1.54696 -3.1
-1.54672 -3.1
-1.54648 -3.1
-1.54623 -3.1
-1.54599 -3.0
-1.54574 -3.0
-1.5455 -3.0
-1.54525 -2.9
-1.54501 -2.9
-1.54477 -2.8
-1.54452 -2.7
-1.54428 -2.6
-1.54403 -2.5
-1.54379 -2.4
-1.54355 -2.3
-1.5433 -2.2
-1.54306 -2.0
-1.54281 -1.9
-1.54257 -1.8
-1.54233 -1.6
-1.54208 -1.5
-1.54184 -1.3
-1.54159 -1.1
-1.54135 -1.0
-1.5411 -0.8
-1.54086 -0.6
-1.54062 -0.4
-1.54037 -0.3
-1.54013 0.0
-1.53988 0.0
-1.53964 0.3
-1.5394 0.4
-1.53915 0.6
-1.53891 0.8
-1.53866 1.0
-1.53842 1.1
-1.53817 1.3
-1.53793 1.4
-1.53769 1.6
-1.53744 1.7
-1.5372 1.9
-1.53695 2.0
-1.53671 2.2
-1.53647 2.3
-1.53622 2.4
-1.53598 2.5
-1.53573 2.6
-1.53549 2.7
-1.53524 2.8
-1.535 2.9
-1.53476 2.9
-1.53451 3.0
-1.53427 3.0
-1.53402 3.1
-1.53378 3.1
-1.53354 3.1
-1.53329 3.1
-1.53305 3.1
-1.5328 3.1
-1.53256 3.1
-1.53232 3.0
-1.53207 3.0
-1.53183 2.9
-1.53158 2.8
-1.53134 2.8
-1.53109 2.7
-1.53085 2.6
-1.53061 2.5
-1.53036 2.4
-1.53012 2.3
-1.52987 2.1
-1.52963 2.0
-1.52939 1.9
-1.52914 1.7
-1.5289 1.6
-1.52865 1.4
-1.52841 1.3
-1.52816 1.1
-1.52792 0.9
-1.52768 0.8
-1.52743 0.6
-1.52719 0.4
-1.52694 0.2
-1.5267 0.0
-1.52646 -0.1
-1.52621 -0.3
-1.52597 -0.5
-1.52572 -0.7
-1.52548 -0.8
-1.52524 -1.0
-1.52499 -1.2
-1.52475 -1.3
-1.5245 -1.5
-1.52426 -1.6
-1.52401 -1.8
-1.52377 -1.9
-1.52353 -2.1
-1.52328 -2.2
-1.52304 -2.3
-1.52279 -2.4
-1.52255 -2.5
-1.52231 -2.6
-1.52206 -2.7
-1.52182 -2.8
-1.52157 -2.9
-1.52133 -2.9
-1.52108 -3.0
-1.52084 -3.0
-1.5206 -3.1
-1.52035 -3.1
-1.52011 -3.1
-1.51986 -3.1
-1.51962 -3.1
-1.51938 -3.1
-1.51913 -3.0
-1.51889 -3.0
-1.51864 -3.0
-1.5184 -2.9
-1.51816 -2.8
-1.51791 -2.7
-1.51767 -2.7
-1.51742 -2.6
-1.51718 -2.5
-1.51693 -2.3
-1.51669 -2.2
-1.51645 -2.1
-1.5162 -2.0
-1.51596 -1.8
-1.51571 -1.7
-1.51547 -1.5
-1.51523 -1.4
-1.51498 -1.2
-1.51474 -1.0
-1.51449 -0.9
-1.51425 -0.7
-1.514 -0.5
-1.51376 -0.3
-1.51352 -0.2
-1.51327 0.0
-1.51303 0.2
-1.51278 0.4
-1.51254 0.6
-1.5123 0.7
-1.51205 0.9
-1.51181 1.1
-1.51156 1.2
-1.51132 1.4
-1.51108 1.6
-1.51083 1.7
-1.51059 1.9
-1.51034 2.0
-1.5101 2.1
-1.50985 2.3
-1.50961 2.4
-1.50937 2.5
-1.50912 2.6
-1.50888 2.7
-1.50863 2.8
-1.50839 2.9
-1.50815 2.9
-1.5079 3.0
-1.50766 3.0
-1.50741 3.1
-1.50717 3.1
-1.50692 3.1
-1.50668 3.1
-1.50644 3.1
-1.50619 3.1
-1.50595 3.1
-1.5057 3.0
-1.50546 3.0
-1.50522 2.9
-1.50497 2.9
-1.50473 2.8
-1.50448 2.7
-1.50424 2.6
-1.50399 2.5
-1.50375 2.4
-1.50351 2.3
-1.50326 2.2
-1.50302 2.0
-1.50277 1.9
-1.50253 1.7
-1.50229 1.6
-1.50204 1.4
-1.5018 1.3
-1.50155 1.1
-1.50131 0.9
-1.50107 0.8
-1.50082 0.6
-1.50058 0.4
-1.50033 0.2
-1.50009 0.0
-1.49984 -0.1
-1.4996 -0.3
-1.49936 -0.5
-1.49911 -0.7
-1.49887 -0.8
-1.49862 -1.0
-1.49838 -1.2
-1.49814 -1.3
-1.49789 -1.5
-1.49765 -1.7
-1.4974 -1.8
-1.49716 -2.0
-1.49691 -2.1
-1.49667 -2.2
-1.49643 -2.3
-1.49618 -2.5
-1.49594 -2.6
-1.49569 -2.7
-1.49545 -2.8
-1.49521 -2.8
-1.49496 -2.9
-1.49472 -3.0
-1.49447 -3.0
-1.49423 -3.1
-1.49399 -3.1
-1.49374 -3.1
-1.4935 -3.1
-1.49325 -3.1
-1.49301 -3.1
-1.49276 -3.1
-1.49252 -3.1
-1.49228 -3.0
-1.49203 -3.0
-1.49179 -2.9
-1.49154 -2.8
-1.4913 -2.7
-1.49106 -2.6
-1.49081 -2.6
-1.49057 -2.4
-1.49032 -2.3
-1.49008 -2.2
-1.48983 -2.1
-1.48959 -1.9
-1.48935 -1.8
-1.4891 -1.6
-1.48886 -1.5
-1.48861 -1.3
-1.48837 -1.2
-1.48813 -1.0
-1.48788 -0.8
-1.48764 -0.6
-1.48739 -0.5
-1.48715 -0.3
-1.48691 0.0
-1.48666 0.0
-1.48642 0.3
-1.48617 0.4
-1.48593 0.6
-1.48568 0.8
-1.48544 1.0
-1.4852 1.1
-1.48495 1.3
-1.48471 1.5
-1.48446 1.6
-1.48422 1.8
-1.48398 1.9
-1.48373 2.1
-1.48349 2.2
-1.48324 2.3
-1.483 2.4
-1.48275 2.6
-1.48251 2.7
-1.48227 2.7
-1.48202 2.8
-1.48178 2.9
-1.48153 3.0
-1.48129 3.0
-1.48105 3.1
-1.4808 3.1
-1.48056 3.1
-1.48031 3.1
-1.48007 3.1
-1.47983 3.1
-1.47958 3.1
-1.47934 3.1
-1.47909 3.0
-1.47885 3.0
-1.4786 2.9
-1.47836 2.8
-1.47812 2.8
-1.47787 2.7
-1.47763 2.6
-1.47738 2.5
-1.47714 2.3
-1.4769 2.2
-1.47665 2.1
-1.47641 1.9
-1.47616 1.8
-1.47592 1.7
-1.47567 1.5
-1.47543 1.3
-1.47519 1.2
-1.47494 1.0
-1.4747 0.8
-1.47445 0.6
-1.47421 0.5
-1.47397 0.3
-1.47372 0.1
-1.47348 0.0
-1.47323 -0.3
-1.47299 -0.4
-1.47274 -0.6
-1.4725 -0.8
-1.47226 -1.0
-1.47201 -1.1
-1.47177 -1.3
-1.47152 -1.5
-1.47128 -1.6
-1.47104 -1.8
-1.47079 -1.9
-1.47055 -2.1
-1.4703 -2.2
-1.47006 -2.3
-1.46982 -2.4
-1.46957 -2.6
-1.46933 -2.7
-1.46908 -2.8
-1.46884 -2.8
-1.46859 -2.9
-1.46835 -3.0
-1.46811 -3.0
-1.46786 -3.1
-1.46762 -3.1
-1.46737 -3.1
-1.46713 -3.1
-1.46689 -3.1
-1.46664 -3.1
-1.4664 -3.1
-1.46615 -3.1
-1.46591 -3.0
-1.46566 -3.0
-1.46542 -2.9
-1.46518 -2.8
-1.46493 -2.8
-1.46469 -2.7
-1.46444 -2.6
-1.4642 -2.5
-1.46396 -2.3
-1.46371 -2.2
-1.46347 -2.1
-1.46322 -1.9
-1.46298 -1.8
-1.46274 -1.6
-1.46249 -1.5
-1.46225 -1.3
-1.462 -1.2
-1.46176 -1.0
-1.46151 -0.8
-1.46127 -0.6
-1.46103 -0.4
-1.46078 -0.3
-1.46054 0.0
-1.46029 0.1
-1.46005 0.3
-1.45981 0.5
-1.45956 0.6
-1.45932 0.8
-1.45907 1.0
-1.45883 1.2
-1.45858 1.3
-1.45834 1.5
-1.4581 1.7
-1.45785 1.8
-1.45761 2.0
-1.45736 2.1
-1.45712 2.2
-1.45688 2.4
-1.45663 2.5
-1.45639 2.6
-1.45614 2.7
-1.4559 2.8
-1.45566 2.9
-1.45541 2.9
-1.45517 3.0
-1.45492 3.0
-1.45468 3.1
-1.45443 3.1
-1.45419 3.1
-1.45395 3.1
-1.4537 3.1
-1.45346 3.1
-1.45321 3.1
-1.45297 3.1
-1.45273 3.0
-1.45248 3.0
-1.45224 2.9
-1.45199 2.8
-1.45175 2.7
-1.4515 2.6
-1.45126 2.5
-1.45102 2.4
-1.45077 2.3
-1.45053 2.2
-1.45028 2.1
-1.45004 1.9
-1.4498 1.8
-1.44955 1.6
-1.44931 1.4
-1.44906 1.3
-1.44882 1.1
-1.44858 0.9
-1.44833 0.8
-1.44809 0.6
-1.44784 0.4
-1.4476 0.2
-1.44735 0.0
-1.44711 -0.2
-1.44687 -0.3
-1.44662 -0.5
-1.44638 -0.7
-1.44613 -0.9
-1.44589 -1.1
-1.44565 -1.2
-1.4454 -1.4
-1.44516 -1.6
-1.44491 -1.7
-1.44467 -1.9
-1.44442 -2.0
-1.44418 -2.1
-1.44394 -2.3
-1.44369 -2.4
-1.44345 -2.5
-1.4432 -2.6
-1.44296 -2.7
-1.44272 -2.8
-1.44247 -2.9
-1.44223 -3.0
-1.44198 -3.0
-1.44174 -3.1
-1.44149 -3.1
-1.44125 -3.1
-1.44101 -3.1
-1.44076 -3.1
-1.44052 -3.1
-1.44027 -3.1
-1.44003 -3.1
-1.43979 -3.1
-1.43954 -3.0
-1.4393 -2.9
-1.43905 -2.9
-1.43881 -2.8
-1.43857 -2.7
-1.43832 -2.6
-1.43808 -2.5
-1.43783 -2.4
-1.43759 -2.3
-1.43734 -2.1
-1.4371 -2.0
-1.43686 -1.8
-1.43661 -1.7
-1.43637 -1.5
-1.43612 -1.4
-1.43588 -1.2
-1.43564 -1.0
-1.43539 -0.9
-1.43515 -0.7
-1.4349 -0.5
-1.43466 -0.3
-1.43441 -0.1
-1.43417 0.0
-1.43393 0.2
-1.43368 0.4
-1.43344 0.6
-1.43319 0.8
-1.43295 1.0
-1.43271 1.1
-1.43246 1.3
-1.43222 1.5
-1.43197 1.6
-1.43173 1.8
-1.43149 1.9
-1.43124 2.1
-1.431 2.2
-1.43075 2.3
-1.43051 2.5
-1.43026 2.6
-1.43002 2.7
-1.42978 2.8
-1.42953 2.9
-1.42929 2.9
-1.42904 3.0
-1.4288 3.0
-1.42856 3.1
-1.42831 3.1
-1.42807 3.1
-1.42782 3.1
-1.42758 3.1
-1.42733 3.1
-1.42709 3.1
-1.42685 3.1
-1.4266 3.0
-1.42636 3.0
-1.42611 2.9
-1.42587 2.8
-1.42563 2.8
-1.42538 2.7
-1.42514 2.6
-1.42489 2.4
-1.42465 2.3
-1.42441 2.2
-1.42416 2.1
-1.42392 1.9
-1.42367 1.8
-1.42343 1.6
-1.42318 1.4
-1.42294 1.3
-1.4227 1.1
-1.42245 0.9
-1.42221 0.7
-1.42196 0.6
-1.42172 0.4
-1.42148 0.2
-1.42123 0.0
-1.42099 -0.2
-1.42074 -0.4
-1.4205 -0.5
-1.42025 -0.7
-1.42001 -0.9
-1.41977 -1.1
-1.41952 -1.3
-1.41928 -1.4
-1.41903 -1.6
-1.41879 -1.7
-1.41855 -1.9
-1.4183 -2.0
-1.41806 -2.2
-1.41781 -2.3
-1.41757 -2.4
-1.41733 -2.6
-1.41708 -2.7
-1.41684 -2.8
-1.41659 -2.8
-1.41635 -2.9
-1.4161 -3.0
-1.41586 -3.0
-1.41562 -3.1
-1.41537 -3.1
-1.41513 -3.1
-1.41488 -3.2
-1.41464 -3.2
-1.4144 -3.1
-1.41415 -3.1
-1.41391 -3.1
-1.41366 -3.1
-1.41342 -3.0
-1.41317 -2.9
-1.41293 -2.9
-1.41269 -2.8
-1.41244 -2.7
-1.4122 -2.6
-1.41195 -2.5
-1.41171 -2.4
-1.41147 -2.2
-1.41122 -2.1
-1.41098 -1.9
-1.41073 -1.8
-1.41049 -1.6
-1.41024 -1.5
-1.41 -1.3
-1.40976 -1.1
-1.40951 -1.0
-1.40927 -0.8
-1.40902 -0.6
-1.40878 -0.4
-1.40854 -0.2
-1.40829 0.0
-1.40805 0.1
-1.4078 0.3
-1.40756 0.5
-1.40732 0.7
-1.40707 0.9
-1.40683 1.1
-1.40658 1.2
-1.40634 1.4
-1.40609 1.6
-1.40585 1.7
-1.40561 1.9
-1.40536 2.0
-1.40512 2.2
-1.40487 2.3
-1.40463 2.4
-1.40439 2.5
-1.40414 2.6
-1.4039 2.7
-1.40365 2.8
-1.40341 2.9
-1.40316 3.0
-1.40292 3.0
-1.40268 3.1
-1.40243 3.1
-1.40219 3.1
-1.40194 3.2
-1.4017 3.2
-1.40146 3.2
-1.40121 3.1
-1.40097 3.1
-1.40072 3.1
-1.40048 3.0
-1.40024 2.9
-1.39999 2.9
-1.39975 2.8
-1.3995 2.7
-1.39926 2.6
-1.39901 2.5
-1.39877 2.4
-1.39853 2.2
-1.39828 2.1
-1.39804 2.0
-1.39779 1.8
-1.39755 1.6
-1.39731 1.5
-1.39706 1.3
-1.39682 1.1
-1.39657 1.0
-1.39633 0.8
-1.39608 0.6
-1.39584 0.4
-1.3956 0.2
-1.39535 0.0
-1.39511 -0.1
-1.39486 -0.3
-1.39462 -0.5
-1.39438 -0.7
-1.39413 -0.9
-1.39389 -1.1
-1.39364 -1.2
-1.3934 -1.4
-1.39316 -1.6
-1.39291 -1.7
-1.39267 -1.9
-1.39242 -2.0
-1.39218 -2.2
-1.39193 -2.3
-1.39169 -2.4
-1.39145 -2.6
-1.3912 -2.7
-1.39096 -2.8
-1.39071 -2.8
-1.39047 -2.9
-1.39023 -3.0
-1.38998 -3.0
-1.38974 -3.1
-1.38949 -3.1
-1.38925 -3.2
-1.389 -3.2
-1.38876 -3.2
-1.38852 -3.2
-1.38827 -3.1
-1.38803 -3.1
-1.38778 -3.1
-1.38754 -3.0
-1.3873 -2.9
-1.38705 -2.9
-1.38681 -2.8
-1.38656 -2.7
-1.38632 -2.6
-1.38608 -2.5
-1.38583 -2.4
-1.38559 -2.2
-1.38534 -2.1
-1.3851 -1.9
-1.38485 -1.8
-1.38461 -1.6
-1.38437 -1.5
-1.38412 -1.3
-1.38388 -1.1
-1.38363 -0.9
-1.38339 -0.8
-1.38315 -0.6
-1.3829 -0.4
-1.38266 -0.2
-1.38241 0.0
-1.38217 0.2
-1.38192 0.4
-1.38168 0.6
-1.38144 0.7
-1.38119 0.9
-1.38095 1.1
-1.3807 1.3
-1.38046 1.4
-1.38022 1.6
-1.37997 1.8
-1.37973 1.9
-1.37948 2.1
-1.37924 2.2
-1.37899 2.3
-1.37875 2.5
-1.37851 2.6
-1.37826 2.7
-1.37802 2.8
-1.37777 2.9
-1.37753 2.9
-1.37729 3.0
-1.37704 3.1
-1.3768 3.1
-1.37655 3.1
-1.37631 3.2
-1.37607 3.2
-1.37582 3.2
-1.37558 3.2
-1.37533 3.1
-1.37509 3.1
-1.37484 3.1
-1.3746 3.0
-1.37436 2.9
-1.37411 2.9
-1.37387 2.8
-1.37362 2.7
-1.37338 2.6
-1.37314 2.4
-1.37289 2.3
-1.37265 2.2
-1.3724 2.0
-1.37216 1.9
-1.37191 1.7
-1.37167 1.6
-1.37143 1.4
-1.37118 1.2
-1.37094 1.1
-1.37069 0.9
-1.37045 0.7
-1.37021 0.5
-1.36996 0.3
-1.36972 0.1
-1.36947 0.0
-1.36923 -0.2
-1.36899 -0.4
-1.36874 -0.6
-1.3685 -0.8
-1.36825 -1.0
-1.36801 -1.2
-1.36776 -1.3
-1.36752 -1.5
-1.36728 -1.7
-1.36703 -1.8
-1.36679 -2.0
-1.36654 -2.1
-1.3663 -2.3
-1.36606 -2.4
-1.36581 -2.5
-1.36557 -2.6
-1.36532 -2.7
-1.36508 -2.8
-1.36483 -2.9
-1.36459 -3.0
-1.36435 -3.0
-1.3641 -3.1
-1.36386 -3.1
-1.36361 -3.2
-1.36337 -3.2
-1.36313 -3.2
-1.36288 -3.2
-1.36264 -3.2
-1.36239 -3.1
-1.36215 -3.1
-1.36191 -3.0
-1.36166 -3.0
-1.36142 -2.9
-1.36117 -2.8
-1.36093 -2.7
-1.36068 -2.6
-1.36044 -2.5
-1.3602 -2.4
-1.35995 -2.3
-1.35971 -2.1
-1.35946 -2.0
-1.35922 -1.8
-1.35898 -1.7
-1.35873 -1.5
-1.35849 -1.3
-1.35824 -1.2
-1.358 -1.0
-1.35775 -0.8
-1.35751 -0.6
-1.35727 -0.4
-1.35702 -0.2
-1.35678 0.0
-1.35653 0.2
-1.35629 0.4
-1.35605 0.5
-1.3558 0.7
-1.35556 0.9
-1.35531 1.1
-1.35507 1.3
-1.35483 1.4
-1.35458 1.6
-1.35434 1.8
-1.35409 1.9
-1.35385 2.1
-1.3536 2.2
-1.35336 2.4
-1.35312 2.5
-1.35287 2.6
-1.35263 2.7
-1.35238 2.8
-1.35214 2.9
-1.3519 3.0
-1.35165 3.0
-1.35141 3.1
-1.35116 3.1
-1.35092 3.2
-1.35067 3.2
-1.35043 3.2
-1.35019 3.2
-1.34994 3.2
-1.3497 3.2
-1.34945 3.1
-1.34921 3.1
-1.34897 3.0
-1.34872 2.9
-1.34848 2.9
-1.34823 2.8
-1.34799 2.7
-1.34774 2.6
-1.3475 2.4
-1.34726 2.3
-1.34701 2.2
-1.34677 2.0
-1.34652 1.9
-1.34628 1.7
-1.34604 1.6
-1.34579 1.4
-1.34555 1.2
-1.3453 1.0
-1.34506 0.8
-1.34482 0.7
-1.34457 0.5
-1.34433 0.3
-1.34408 0.0
-1.34384 -0.1
-1.34359 -0.3
-1.34335 -0.5
-1.34311 -0.7
-1.34286 -0.9
-1.34262 -1.0
-1.34237 -1.2
-1.34213 -1.4
-1.34189 -1.6
-1.34164 -1.7
-1.3414 -1.9
-1.34115 -2.0
-1.34091 -2.2
-1.34066 -2.3
-1.34042 -2.5
-1.34018 -2.6
-1.33993 -2.7
-1.33969 -2.8
-1.33944 -2.9
-1.3392 -3.0
-1.33896 -3.0
-1.33871 -3.1
-1.33847 -3.1
-1.33822 -3.2
-1.33798 -3.2
-1.33774 -3.2
-1.33749 -3.2
-1.33725 -3.2
-1.337 -3.2
-1.33676 -3.1
-1.33651 -3.1
-1.33627 -3.0
-1.33603 -3.0
-1.33578 -2.9
-1.33554 -2.8
-1.33529 -2.7
-1.33505 -2.6
-1.33481 -2.5
-1.33456 -2.3
-1.33432 -2.2
-1.33407 -2.1
-1.33383 -1.9
-1.33358 -1.7
-1.33334 -1.6
-1.3331 -1.4
-1.33285 -1.2
-1.33261 -1.1
-1.33236 -0.9
-1.33212 -0.7
-1.33188 -0.5
-1.33163 -0.3
-1.33139 -0.1
-1.33114 0.0
-1.3309 0.3
-1.33066 0.5
-1.33041 0.7
-1.33017 0.8
-1.32992 1.0
-1.32968 1.2
-1.32943 1.4
-1.32919 1.6
-1.32895 1.7
-1.3287 1.9
-1.32846 2.0
-1.32821 2.2
-1.32797 2.3
-1.32773 2.5
-1.32748 2.6
-1.32724 2.7
-1.32699 2.8
-1.32675 2.9
-1.3265 3.0
-1.32626 3.0
-1.32602 3.1
-1.32577 3.1
-1.32553 3.2
-1.32528 3.2
-1.32504 3.2
-1.3248 3.2
-1.32455 3.2
-1.32431 3.2
-1.32406 3.1
-1.32382 3.1
-1.32358 3.0
-1.32333 3.0
-1.32309 2.9
-1.32284 2.8
-1.3226 2.7
-1.32235 2.6
-1.32211 2.5
-1.32187 2.3
-1.32162 2.2
-1.32138 2.1
-1.32113 1.9
-1.32089 1.7
-1.32065 1.6
-1.3204 1.4
-1.32016 1.2
-1.31991 1.0
-1.31967 0.9
-1.31942 0.7
-1.31918 0.5
-1.31894 0.3
-1.31869 0.0
-1.31845 0.0
-1.3182 -0.3
-1.31796 -0.5
-1.31772 -0.7
-1.31747 -0.9
-1.31723 -1.1
-1.31698 -1.2
-1.31674 -1.4
-1.31649 -1.6
-1.31625 -1.7
-1.31601 -1.9
-1.31576 -2.1
-1.31552 -2.2
-1.31527 -2.3
-1.31503 -2.5
-1.31479 -2.6
-1.31454 -2.7
-1.3143 -2.8
-1.31405 -2.9
-1.31381 -3.0
-1.31357 -3.0
-1.31332 -3.1
-1.31308 -3.1
-1.31283 -3.2
-1.31259 -3.2
-1.31234 -3.2
-1.3121 -3.2
-1.31186 -3.2
-1.31161 -3.2
-1.31137 -3.1
-1.31112 -3.1
-1.31088 -3.0
-1.31064 -3.0
-1.31039 -2.9
-1.31015 -2.8
-1.3099 -2.7
-1.30966 -2.6
-1.30941 -2.4
-1.30917 -2.3
-1.30893 -2.2
-1.30868 -2.0
-1.30844 -1.9
-1.30819 -1.7
-1.30795 -1.5
-1.30771 -1.4
-1.30746 -1.2
-1.30722 -1.0
-1.30697 -0.8
-1.30673 -0.6
-1.30649 -0.4
-1.30624 -0.2
-1.306 0.0
-1.30575 0.1
-1.30551 0.3
-1.30526 0.5
-1.30502 0.7
-1.30478 0.9
-1.30453 1.1
-1.30429 1.3
-1.30404 1.5
-1.3038 1.6
-1.30356 1.8
-1.30331 2.0
-1.30307 2.1
-1.30282 2.3
-1.30258 2.4
-1.30233 2.5
-1.30209 2.6
-1.30185 2.7
-1.3016 2.8
-1.30136 2.9
-1.30111 3.0
-1.30087 3.1
-1.30063 3.1
-1.30038 3.2
-1.30014 3.2
-1.29989 3.2
-1.29965 3.2
-1.29941 3.2
-1.29916 3.2
-1.29892 3.2
-1.29867 3.1
-1.29843 3.1
-1.29818 3.0
-1.29794 2.9
-1.2977 2.9
-1.29745 2.8
-1.29721 2.6
-1.29696 2.5
-1.29672 2.4
-1.29648 2.3
-1.29623 2.1
-1.29599 2.0
-1.29574 1.8
-1.2955 1.7
-1.29525 1.5
-1.29501 1.3
-1.29477 1.1
-1.29452 0.9
-1.29428 0.7
-1.29403 0.6
-1.29379 0.4
-1.29355 0.2
-1.2933 0.0
-1.29306 -0.2
-1.29281 -0.4
-1.29257 -0.6
-1.29233 -0.8
-1.29208 -1.0
-1.29184 -1.2
-1.29159 -1.4
-1.29135 -1.5
-1.2911 -1.7
-1.29086 -1.9
-1.29062 -2.0
-1.29037 -2.2
-1.29013 -2.3
-1.28988 -2.5
-1.28964 -2.6
-1.2894 -2.7
-1.28915 -2.8
-1.28891 -2.9
-1.28866 -3.0
-1.28842 -3.0
-1.28817 -3.1
-1.28793 -3.2
-1.28769 -3.2
-1.28744 -3.2
-1.2872 -3.2
-1.28695 -3.2
-1.28671 -3.2
-1.28647 -3.2
-1.28622 -3.2
-1.28598 -3.1
-1.28573 -3.0
-1.28549 -3.0
-1.28524 -2.9
-1.285 -2.8
-1.28476 -2.7
-1.28451 -2.6
-1.28427 -2.5
-1.28402 -2.3
-1.28378 -2.2
-1.28354 -2.0
-1.28329 -1.9
-1.28305 -1.7
-1.2828 -1.6
-1.28256 -1.4
-1.28232 -1.2
-1.28207 -1.0
-1.28183 -0.8
-1.28158 -0.6
-1.28134 -0.4
-1.28109 -0.2
-1.28085 0.0
-1.28061 0.2
-1.28036 0.4
-1.28012 0.6
-1.27987 0.7
-1.27963 0.9
-1.27939 1.1
-1.27914 1.3
-1.2789 1.5
-1.27865 1.7
-1.27841 1.8
-1.27816 2.0
-1.27792 2.1
-1.27768 2.3
-1.27743 2.4
-1.27719 2.5
-1.27694 2.7
-1.2767 2.8
-1.27646 2.9
-1.27621 3.0
-1.27597 3.0
-1.27572 3.1
-1.27548 3.1
-1.27524 3.2
-1.27499 3.2
-1.27475 3.2
-1.2745 3.2
-1.27426 3.2
-1.27401 3.2
-1.27377 3.2
-1.27353 3.1
-1.27328 3.1
-1.27304 3.0
-1.27279 2.9
-1.27255 2.8
-1.27231 2.7
-1.27206 2.6
-1.27182 2.5
-1.27157 2.4
-1.27133 2.2
-1.27108 2.1
-1.27084 1.9
-1.2706 1.8
-1.27035 1.6
-1.27011 1.4
-1.26986 1.2
-1.26962 1.1
-1.26938 0.9
-1.26913 0.7
-1.26889 0.5
-1.26864 0.3
-1.2684 0.0
-1.26816 -0.1
-1.26791 -0.3
-1.26767 -0.5
-1.26742 -0.7
-1.26718 -0.9
-1.26693 -1.1
-1.26669 -1.3
-1.26645 -1.5
-1.2662 -1.6
-1.26596 -1.8
-1.26571 -2.0
-1.26547 -2.1
-1.26523 -2.3
-1.26498 -2.4
-1.26474 -2.5
-1.26449 -2.7
-1.26425 -2.8
-1.264 -2.9
-1.26376 -2.9
-1.26352 -3.0
-1.26327 -3.1
-1.26303 -3.1
-1.26278 -3.2
-1.26254 -3.2
-1.2623 -3.2
-1.26205 -3.2
-1.26181 -3.2
-1.26156 -3.2
-1.26132 -3.2
-1.26108 -3.1
-1.26083 -3.1
-1.26059 -3.0
-1.26034 -2.9
-1.2601 -2.9
-1.25985 -2.8
-1.25961 -2.6
-1.25937 -2.5
-1.25912 -2.4
-1.25888 -2.3
-1.25863 -2.1
-1.25839 -1.9
-1.25815 -1.8
-1.2579 -1.6
-1.25766 -1.4
-1.25741 -1.3
-1.25717 -1.1
-1.25692 -0.9
-1.25668 -0.7
-1.25644 -0.5
-1.25619 -0.3
-1.25595 0.0
-1.2557 0.1
-1.25546 0.3
-1.25522 0.5
-1.25497 0.7
-1.25473 0.9
-1.25448 1.1
-1.25424 1.3
-1.25399 1.5
-1.25375 1.6
-1.25351 1.8
-1.25326 2.0
-1.25302 2.1
-1.25277 2.3
-1.25253 2.4
-1.25229 2.5
-1.25204 2.7
-1.2518 2.8
-1.25155 2.9
-1.25131 3.0
-1.25107 3.0
-1.25082 3.1
-1.25058 3.2
-1.25033 3.2
-1.25009 3.2
-1.24984 3.2
-1.2496 3.3
-1.24936 3.2
-1.24911 3.2
-1.24887 3.2
-1.24862 3.1
-1.24838 3.1
-1.24814 3.0
-1.24789 2.9
-1.24765 2.9
-1.2474 2.7
-1.24716 2.6
-1.24691 2.5
-1.24667 2.4
-1.24643 2.2
-1.24618 2.1
-1.24594 1.9
-1.24569 1.8
-1.24545 1.6
-1.24521 1.4
-1.24496 1.2
-1.24472 1.0
-1.24447 0.9
-1.24423 0.7
-1.24399 0.5
-1.24374 0.3
-1.2435 0.0
-1.24325 -0.1
-1.24301 -0.3
-1.24276 -0.5
-1.24252 -0.7
-1.24228 -0.9
-1.24203 -1.1
-1.24179 -1.3
-1.24154 -1.5
-1.2413 -1.7
-1.24106 -1.8
-1.24081 -2.0
-1.24057 -2.2
-1.24032 -2.3
-1.24008 -2.4
-1.23983 -2.6
-1.23959 -2.7
-1.23935 -2.8
-1.2391 -2.9
-1.23886 -3.0
-1.23861 -3.1
-1.23837 -3.1
-1.23813 -3.2
-1.23788 -3.2
-1.23764 -3.2
-1.23739 -3.3
-1.23715 -3.3
-1.23691 -3.2
-1.23666 -3.2
-1.23642 -3.2
-1.23617 -3.1
-1.23593 -3.1
-1.23568 -3.0
-1.23544 -2.9
-1.2352 -2.8
-1.23495 -2.7
-1.23471 -2.6
-1.23446 -2.5
-1.23422 -2.3
-1.23398 -2.2
-1.23373 -2.0
-1.23349 -1.9
-1.23324 -1.7
-1.233 -1.5
-1.23275 -1.4
-1.23251 -1.2
-1.23227 -1.0
-1.23202 -0.8
-1.23178 -0.6
-1.23153 -0.4
-1.23129 -0.2
-1.23105 0.0
-1.2308 0.2
-1.23056 0.4
-1.23031 0.6
-1.23007 0.8
-1.22983 1.0
-1.22958 1.2
-1.22934 1.4
-1.22909 1.6
-1.22885 1.7
-1.2286 1.9
-1.22836 2.1
-1.22812 2.2
-1.22787 2.4
-1.22763 2.5
-1.22738 2.6
-1.22714 2.7
-1.2269 2.8
-1.22665 2.9
-1.22641 3.0
-1.22616 3.1
-1.22592 3.2
-1.22567 3.2
-1.22543 3.2
-1.22519 3.3
-1.22494 3.3
-1.2247 3.3
-1.22445 3.2
-1.22421 3.2
-1.22397 3.2
-1.22372 3.1
-1.22348 3.1
-1.22323 3.0
-1.22299 2.9
-1.22274 2.8
-1.2225 2.7
-1.22226 2.6
-1.22201 2.4
-1.22177 2.3
-1.22152 2.1
-1.22128 2.0
-1.22104 1.8
-1.22079 1.6
-1.22055 1.5
-1.2203 1.3
-1.22006 1.1
-1.21982 0.9
-1.21957 0.7
-1.21933 0.5
-1.21908 0.3
-1.21884 0.0
-1.21859 -0.1
-1.21835 -0.3
-1.21811 -0.5
-1.21786 -0.7
-1.21762 -0.9
-1.21737 -1.1
-1.21713 -1.3
-1.21689 -1.5
-1.21664 -1.7
-1.2164 -1.8
-1.21615 -2.0
-1.21591 -2.2
-1.21566 -2.3
-1.21542 -2.5
-1.21518 -2.6
-1.21493 -2.7
-1.21469 -2.8
-1.21444 -2.9
-1.2142 -3.0
-1.21396 -3.1
-1.21371 -3.1
-1.21347 -3.2
-1.21322 -3.2
-1.21298 -3.3
-1.21274 -3.3
-1.21249 -3.3
-1.21225 -3.3
-1.212 -3.2
-1.21176 -3.2
-1.21151 -3.2
-1.21127 -3.1
-1.21103 -3.0
-1.21078 -2.9
-1.21054 -2.8
-1.21029 -2.7
-1.21005 -2.6
-1.20981 -2.5
-1.20956 -2.3
-1.20932 -2.2
-1.20907 -2.0
-1.20883 -1.9
-1.20858 -1.7
-1.20834 -1.5
-1.2081 -1.3
-1.20785 -1.1
-1.20761 -1.0
-1.20736 -0.8
-1.20712 -0.6
-1.20688 -0.4
-1.20663 -0.1
-1.20639 0.0
-1.20614 0.3
-1.2059 0.5
-1.20566 0.7
-1.20541 0.9
-1.20517 1.1
-1.20492 1.3
-1.20468 1.4
-1.20443 1.6
-1.20419 1.8
-1.20395 2.0
-1.2037 2.1
-1.20346 2.3
-1.20321 2.4
-1.20297 2.6
-1.20273 2.7
-1.20248 2.8
-1.20224 2.9
-1.20199 3.0
-1.20175 3.1
-1.2015 3.1
-1.20126 3.2
-1.20102 3.2
-1.20077 3.3
-1.20053 3.3
-1.20028 3.3
-1.20004 3.3
-1.1998 3.3
-1.19955 3.2
-1.19931 3.2
-1.19906 3.1
-1.19882 3.0
-1.19858 3.0
-1.19833 2.9
-1.19809 2.8
-1.19784 2.6
-1.1976 2.5
-1.19735 2.4
-1.19711 2.2
-1.19687 2.1
-1.19662 1.9
-1.19638 1.7
-1.19613 1.6
-1.19589 1.4
-1.19565 1.2
-1.1954 1.0
-1.19516 0.8
-1.19491 0.6
-1.19467 0.4
-1.19442 0.2
-1.19418 0.0
-1.19394 -0.2
-1.19369 -0.4
-1.19345 -0.7
-1.1932 -0.9
-1.19296 -1.0
-1.19272 -1.2
-1.19247 -1.4
-1.19223 -1.6
-1.19198 -1.8
-1.19174 -2.0
-1.19149 -2.1
-1.19125 -2.3
-1.19101 -2.4
-1.19076 -2.6
-1.19052 -2.7
-1.19027 -2.8
-1.19003 -2.9
-1.18979 -3.0
-1.18954 -3.1
-1.1893 -3.1
-1.18905 -3.2
-1.18881 -3.2
-1.18857 -3.3
-1.18832 -3.3
-1.18808 -3.3
-1.18783 -3.3
-1.18759 -3.3
-1.18734 -3.2
-1.1871 -3.2
-1.18686 -3.1
-1.18661 -3.0
-1.18637 -3.0
-1.18612 -2.9
-1.18588 -2.8
-1.18564 -2.6
-1.18539 -2.5
-1.18515 -2.4
-1.1849 -2.2
-1.18466 -2.1
-1.18441 -1.9
-1.18417 -1.7
-1.18393 -1.5
-1.18368 -1.4
-1.18344 -1.2
-1.18319 -1.0
-1.18295 -0.8
-1.18271 -0.6
-1.18246 -0.4
-1.18222 -0.2
-1.18197 0.0
-1.18173 0.3
-1.18149 0.5
-1.18124 0.7
-1.181 0.9
-1.18075 1.1
-1.18051 1.3
-1.18026 1.5
-1.18002 1.6
-1.17978 1.8
-1.17953 2.0
-1.17929 2.1
-1.17904 2.3
-1.1788 2.4
-1.17856 2.6
-1.17831 2.7
-1.17807 2.8
-1.17782 2.9
-1.17758 3.0
-1.17733 3.1
-1.17709 3.2
-1.17685 3.2
-1.1766 3.3
-1.17636 3.3
-1.17611 3.3
-1.17587 3.3
-1.17563 3.3
-1.17538 3.3
-1.17514 3.2
-1.17489 3.2
-1.17465 3.1
-1.17441 3.0
-1.17416 2.9
-1.17392 2.8
-1.17367 2.7
-1.17343 2.6
-1.17318 2.5
-1.17294 2.3
-1.1727 2.2
-1.17245 2.0
-1.17221 1.9
-1.17196 1.7
-1.17172 1.5
-1.17148 1.3
-1.17123 1.1
-1.17099 0.9
-1.17074 0.7
-1.1705 0.5
-1.17025 0.3
-1.17001 0.1
-1.16977 -0.1
-1.16952 -0.3
-1.16928 -0.5
-1.16903 -0.7
-1.16879 -0.9
-1.16855 -1.1
-1.1683 -1.3
-1.16806 -1.5
-1.16781 -1.7
-1.16757 -1.9
-1.16733 -2.0
-1.16708 -2.2
-1.16684 -2.3
-1.16659 -2.5
-1.16635 -2.6
-1.1661 -2.7
-1.16586 -2.9
-1.16562 -3.0
-1.16537 -3.0
-1.16513 -3.1
-1.16488 -3.2
-1.16464 -3.2
-1.1644 -3.3
-1.16415 -3.3
-1.16391 -3.3
-1.16366 -3.3
-1.16342 -3.3
-1.16317 -3.3
-1.16293 -3.2
-1.16269 -3.2
-1.16244 -3.1
-1.1622 -3.0
-1.16195 -2.9
-1.16171 -2.8
-1.16147 -2.7
-1.16122 -2.6
-1.16098 -2.4
-1.16073 -2.3
-1.16049 -2.1
-1.16024 -2.0
-1.16 -1.8
-1.15976 -1.6
-1.15951 -1.4
-1.15927 -1.2
-1.15902 -1.0
-1.15878 -0.8
-1.15854 -0.6
-1.15829 -0.4
-1.15805 -0.2
-1.1578 0.0
-1.15756 0.2
-1.15732 0.4
-1.15707 0.6
-1.15683 0.8
-1.15658 1.0
-1.15634 1.2
-1.15609 1.4
-1.15585 1.6
-1.15561 1.8
-1.15536 2.0
-1.15512 2.1
-1.15487 2.3
-1.15463 2.4
-1.15439 2.6
-1.15414 2.7
-1.1539 2.8
-1.15365 2.9
-1.15341 3.0
-1.15316 3.1
-1.15292 3.2
-1.15268 3.2
-1.15243 3.3
-1.15219 3.3
-1.15194 3.3
-1.1517 3.3
-1.15146 3.3
-1.15121 3.3
-1.15097 3.2
-1.15072 3.2
-1.15048 3.1
-1.15024 3.1
-1.14999 3.0
-1.14975 2.9
-1.1495 2.8
-1.14926 2.6
-1.14901 2.5
-1.14877 2.4
-1.14853 2.2
-1.14828 2.0
-1.14804 1.9
-1.14779 1.7
-1.14755 1.5
-1.14731 1.3
-1.14706 1.1
-1.14682 0.9
-1.14657 0.7
-1.14633 0.5
-1.14608 0.3
-1.14584 0.0
-1.1456 -0.1
-1.14535 -0.3
-1.14511 -0.5
-1.14486 -0.8
-1.14462 -1.0
-1.14438 -1.2
-1.14413 -1.4
-1.14389 -1.5
-1.14364 -1.7
-1.1434 -1.9
-1.14316 -2.1
-1.14291 -2.2
-1.14267 -2.4
-1.14242 -2.5
-1.14218 -2.7
-1.14193 -2.8
-1.14169 -2.9
-1.14145 -3.0
-1.1412 -3.1
-1.14096 -3.2
-1.14071 -3.2
-1.14047 -3.3
-1.14023 -3.3
-1.13998 -3.3
-1.13974 -3.3
-1.13949 -3.3
-1.13925 -3.3
-1.139 -3.3
-1.13876 -3.2
-1.13852 -3.2
-1.13827 -3.1
-1.13803 -3.0
-1.13778 -2.9
-1.13754 -2.8
-1.1373 -2.7
-1.13705 -2.5
-1.13681 -2.4
-1.13656 -2.2
-1.13632 -2.1
-1.13608 -1.9
-1.13583 -1.7
-1.13559 -1.6
-1.13534 -1.4
-1.1351 -1.2
-1.13485 -1.0
-1.13461 -0.8
-1.13437 -0.6
-1.13412 -0.3
-1.13388 -0.1
-1.13363 0.0
-1.13339 0.3
-1.13315 0.5
-1.1329 0.7
-1.13266 0.9
-1.13241 1.1
-1.13217 1.3
-1.13192 1.5
-1.13168 1.7
-1.13144 1.9
-1.13119 2.1
-1.13095 2.2
-1.1307 2.4
-1.13046 2.5
-1.13022 2.7
-1.12997 2.8
-1.12973 2.9
-1.12948 3.0
-1.12924 3.1
-1.12899 3.2
-1.12875 3.2
-1.12851 3.3
-1.12826 3.3
-1.12802 3.3
-1.12777 3.3
-1.12753 3.3
-1.12729 3.3
-1.12704 3.3
-1.1268 3.2
-1.12655 3.2
-1.12631 3.1
-1.12607 3.0
-1.12582 2.9
-1.12558 2.8
-1.12533 2.7
-1.12509 2.6
-1.12484 2.4
-1.1246 2.3
-1.12436 2.1
-1.12411 1.9
-1.12387 1.7
-1.12362 1.6
-1.12338 1.4
-1.12314 1.2
-1.12289 1.0
-1.12265 0.8
-1.1224 0.6
-1.12216 0.3
-1.12191 0.1
-1.12167 0.0
-1.12143 -0.3
-1.12118 -0.5
-1.12094 -0.7
-1.12069 -0.9
-1.12045 -1.1
-1.12021 -1.3
-1.11996 -1.5
-1.11972 -1.7
-1.11947 -1.9
-1.11923 -2.1
-1.11899 -2.2
-1.11874 -2.4
-1.1185 -2.5
-1.11825 -2.7
-1.11801 -2.8
-1.11776 -2.9
-1.11752 -3.0
-1.11728 -3.1
-1.11703 -3.2
-1.11679 -3.2
-1.11654 -3.3
-1.1163 -3.3
-1.11606 -3.3
-1.11581 -3.3
-1.11557 -3.3
-1.11532 -3.3
-1.11508 -3.3
-1.11483 -3.2
-1.11459 -3.2
-1.11435 -3.1
-1.1141 -3.0
-1.11386 -2.9
-1.11361 -2.8
-1.11337 -2.7
-1.11313 -2.5
-1.11288 -2.4
-1.11264 -2.2
-1.11239 -2.1
-1.11215 -1.9
-1.11191 -1.7
-1.11166 -1.5
-1.11142 -1.3
-1.11117 -1.1
-1.11093 -0.9
-1.11068 -0.7
-1.11044 -0.5
-1.1102 -0.3
-1.10995 0.0
-1.10971 0.1
-1.10946 0.3
-1.10922 0.6
-1.10898 0.8
-1.10873 1.0
-1.10849 1.2
-1.10824 1.4
-1.108 1.6
-1.10775 1.8
-1.10751 1.9
-1.10727 2.1
-1.10702 2.3
-1.10678 2.4
-1.10653 2.6
-1.10629 2.7
-1.10605 2.8
-1.1058 2.9
-1.10556 3.0
-1.10531 3.1
-1.10507 3.2
-1.10483 3.2
-1.10458 3.3
-1.10434 3.3
-1.10409 3.3
-1.10385 3.3
-1.1036 3.3
-1.10336 3.3
-1.10312 3.3
-1.10287 3.2
-1.10263 3.2
-1.10238 3.1
-1.10214 3.0
-1.1019 2.9
-1.10165 2.8
-1.10141 2.6
-1.10116 2.5
-1.10092 2.3
-1.10067 2.2
-1.10043 2.0
-1.10019 1.8
-1.09994 1.7
-1.0997 1.5
-1.09945 1.3
-1.09921 1.1
-1.09897 0.9
-1.09872 0.7
-1.09848 0.4
-1.09823 0.2
-1.09799 0.0
-1.09774 -0.2
-1.0975 -0.4
-1.09726 -0.6
-1.09701 -0.9
-1.09677 -1.1
-1.09652 -1.3
-1.09628 -1.5
-1.09604 -1.7
-1.09579 -1.8
-1.09555 -2.0
-1.0953 -2.2
-1.09506 -2.3
-1.09482 -2.5
-1.09457 -2.6
-1.09433 -2.8
-1.09408 -2.9
-1.09384 -3.0
-1.09359 -3.1
-1.09335 -3.2
-1.09311 -3.2
-1.09286 -3.3
-1.09262 -3.3
-1.09237 -3.3
-1.09213 -3.4
-1.09189 -3.4
-1.09164 -3.3
-1.0914 -3.3
-1.09115 -3.3
-1.09091 -3.2
-1.09066 -3.1
-1.09042 -3.0
-1.09018 -2.9
-1.08993 -2.8
-1.08969 -2.7
-1.08944 -2.6
-1.0892 -2.4
-1.08896 -2.3
-1.08871 -2.1
-1.08847 -1.9
-1.08822 -1.8
-1.08798 -1.6
-1.08774 -1.4
-1.08749 -1.2
-1.08725 -1.0
-1.087 -0.7
-1.08676 -0.5
-1.08651 -0.3
-1.08627 0.0
-1.08603 0.1
-1.08578 0.3
-1.08554 0.6
-1.08529 0.8
-1.08505 1.0
-1.08481 1.2
-1.08456 1.4
-1.08432 1.6
-1.08407 1.8
-1.08383 2.0
-1.08358 2.1
-1.08334 2.3
-1.0831 2.4
-1.08285 2.6
-1.08261 2.7
-1.08236 2.8
-1.08212 3.0
-1.08188 3.1
-1.08163 3.1
-1.08139 3.2
-1.08114 3.3
-1.0809 3.3
-1.08066 3.3
-1.08041 3.4
-1.08017 3.4
-1.07992 3.3
-1.07968 3.3
-1.07943 3.3
-1.07919 3.2
-1.07895 3.2
-1.0787 3.1
-1.07846 3.0
-1.07821 2.9
-1.07797 2.8
-1.07773 2.6
-1.07748 2.5
-1.07724 2.3
-1.07699 2.2
-1.07675 2.0
-1.0765 1.8
-1.07626 1.6
-1.07602 1.4
-1.07577 1.2
-1.07553 1.0
-1.07528 0.8
-1.07504 0.6
-1.0748 0.4
-1.07455 0.2
-1.07431 0.0
-1.07406 -0.3
-1.07382 -0.5
-1.07358 -0.7
-1.07333 -0.9
-1.07309 -1.1
-1.07284 -1.3
-1.0726 -1.5
-1.07235 -1.7
-1.07211 -1.9
-1.07187 -2.1
-1.07162 -2.3
-1.07138 -2.4
-1.07113 -2.6
-1.07089 -2.7
-1.07065 -2.8
-1.0704 -2.9
-1.07016 -3.0
-1.06991 -3.1
-1.06967 -3.2
-1.06942 -3.3
-1.06918 -3.3
-1.06894 -3.3
-1.06869 -3.4
-1.06845 -3.4
-1.0682 -3.4
-1.06796 -3.3
-1.06772 -3.3
-1.06747 -3.2
-1.06723 -3.2
-1.06698 -3.1
-1.06674 -3.0
-1.06649 -2.9
-1.06625 -2.8
-1.06601 -2.6
-1.06576 -2.5
-1.06552 -2.3
-1.06527 -2.2
-1.06503 -2.0
-1.06479 -1.8
-1.06454 -1.6
-1.0643 -1.4
-1.06405 -1.2
-1.06381 -1.0
-1.06357 -0.8
-1.06332 -0.6
-1.06308 -0.4
-1.06283 -0.2
-1.06259 0.0
-1.06234 0.3
-1.0621 0.5
-1.06186 0.7
-1.06161 0.9
-1.06137 1.1
-1.06112 1.3
-1.06088 1.5
-1.06064 1.7
-1.06039 1.9
-1.06015 2.1
-1.0599 2.3
-1.05966 2.4
-1.05941 2.6
-1.05917 2.7
-1.05893 2.8
-1.05868 3.0
-1.05844 3.1
-1.05819 3.1
-1.05795 3.2
-1.05771 3.3
-1.05746 3.3
-1.05722 3.4
-1.05697 3.4
-1.05673 3.4
-1.05649 3.4
-1.05624 3.3
-1.056 3.3
-1.05575 3.2
-1.05551 3.2
-1.05526 3.1
-1.05502 3.0
-1.05478 2.9
-1.05453 2.8
-1.05429 2.6
-1.05404 2.5
-1.0538 2.3
-1.05356 2.2
-1.05331 2.0
-1.05307 1.8
-1.05282 1.6
-1.05258 1.4
-1.05233 1.2
-1.05209 1.0
-1.05185 0.8
-1.0516 0.6
-1.05136 0.4
-1.05111 0.1
-1.05087 0.0
-1.05063 -0.3
-1.05038 -0.5
-1.05014 -0.7
-1.04989 -1.0
-1.04965 -1.2
-1.04941 -1.4
-1.04916 -1.6
-1.04892 -1.8
-1.04867 -2.0
-1.04843 -2.1
-1.04818 -2.3
-1.04794 -2.5
-1.0477 -2.6
-1.04745 -2.7
-1.04721 -2.9
-1.04696 -3.0
-1.04672 -3.1
-1.04648 -3.2
-1.04623 -3.2
-1.04599 -3.3
-1.04574 -3.3
-1.0455 -3.4
-1.04525 -3.4
-1.04501 -3.4
-1.04477 -3.4
-1.04452 -3.3
-1.04428 -3.3
-1.04403 -3.2
-1.04379 -3.2
-1.04355 -3.1
-1.0433 -3.0
-1.04306 -2.9
-1.04281 -2.7
-1.04257 -2.6
-1.04233 -2.5
-1.04208 -2.3
-1.04184 -2.1
-1.04159 -1.9
-1.04135 -1.8
-1.0411 -1.6
-1.04086 -1.4
-1.04062 -1.2
-1.04037 -0.9
-1.04013 -0.7
-1.03988 -0.5
-1.03964 -0.3
-1.0394 0.0
-1.03915 0.2
-1.03891 0.4
-1.03866 0.6
-1.03842 0.8
-1.03817 1.0
-1.03793 1.3
-1.03769 1.5
-1.03744 1.7
-1.0372 1.8
-1.03695 2.0
-1.03671 2.2
-1.03647 2.4
-1.03622 2.5
-1.03598 2.7
-1.03573 2.8
-1.03549 2.9
-1.03524 3.0
-1.035 3.1
-1.03476 3.2
-1.03451 3.3
-1.03427 3.3
-1.03402 3.4
-1.03378 3.4
-1.03354 3.4
-1.03329 3.4
-1.03305 3.4
-1.0328 3.3
-1.03256 3.3
-1.03232 3.2
-1.03207 3.1
-1.03183 3.0
-1.03158 2.9
-1.03134 2.8
-1.03109 2.7
-1.03085 2.5
-1.03061 2.4
-1.03036 2.2
-1.03012 2.0
-1.02987 1.9
-1.02963 1.7
-1.02939 1.5
-1.02914 1.3
-1.0289 1.1
-1.02865 0.8
-1.02841 0.6
-1.02816 0.4
-1.02792 0.2
-1.02768 0.0
-1.02743 -0.3
-1.02719 -0.5
-1.02694 -0.7
-1.0267 -0.9
-1.02646 -1.2
-1.02621 -1.4
-1.02597 -1.6
-1.02572 -1.8
-1.02548 -2.0
-1.02524 -2.1
-1.02499 -2.3
-1.02475 -2.5
-1.0245 -2.6
-1.02426 -2.8
-1.02401 -2.9
-1.02377 -3.0
-1.02353 -3.1
-1.02328 -3.2
-1.02304 -3.3
-1.02279 -3.3
-1.02255 -3.4
-1.02231 -3.4
-1.02206 -3.4
-1.02182 -3.4
-1.02157 -3.4
-1.02133 -3.4
-1.02108 -3.3
-1.02084 -3.3
-1.0206 -3.2
-1.02035 -3.1
-1.02011 -3.0
-1.01986 -2.9
-1.01962 -2.7
-1.01938 -2.6
-1.01913 -2.4
-1.01889 -2.3
-1.01864 -2.1
-1.0184 -1.9
-1.01816 -1.7
-1.01791 -1.5
-1.01767 -1.3
-1.01742 -1.1
-1.01718 -0.9
-1.01693 -0.7
-1.01669 -0.5
-1.01645 -0.2
-1.0162 0.0
-1.01596 0.2
-1.01571 0.4
-1.01547 0.7
-1.01523 0.9
-1.01498 1.1
-1.01474 1.3
-1.01449 1.5
-1.01425 1.7
-1.014 1.9
-1.01376 2.1
-1.01352 2.3
-1.01327 2.4
-1.01303 2.6
-1.01278 2.7
-1.01254 2.9
-1.0123 3.0
-1.01205 3.1
-1.01181 3.2
-1.01156 3.3
-1.01132 3.3
-1.01108 3.4
-1.01083 3.4
-1.01059 3.4
-1.01034 3.4
-1.0101 3.4
-1.00985 3.4
-1.00961 3.3
-1.00937 3.3
-1.00912 3.2
-1.00888 3.1
-1.00863 3.0
-1.00839 2.9
-1.00815 2.8
-1.0079 2.6
-1.00766 2.5
-1.00741 2.3
-1.00717 2.1
-1.00692 2.0
-1.00668 1.8
-1.00644 1.6
-1.00619 1.4
-1.00595 1.2
-1.0057 0.9
-1.00546 0.7
-1.00522 0.5
-1.00497 0.3
-1.00473 0.0
-1.00448 -0.2
-1.00424 -0.4
-1.00399 -0.7
-1.00375 -0.9
-1.00351 -1.1
-1.00326 -1.3
-1.00302 -1.5
-1.00277 -1.7
-1.00253 -1.9
-1.00229 -2.1
-1.00204 -2.3
-1.0018 -2.4
-1.00155 -2.6
-1.00131 -2.7
-1.00107 -2.9
-1.00082 -3.0
-1.00058 -3.1
-1.00033 -3.2
-1.00009 -3.3
-0.99984 -3.3
-0.9996 -3.4
-0.99936 -3.4
-0.99911 -3.4
-0.99887 -3.4
-0.99862 -3.4
-0.99838 -3.4
-0.99814 -3.3
-0.99789 -3.3
-0.99765 -3.2
-0.9974 -3.1
-0.99716 -3.0
-0.99691 -2.9
-0.99667 -2.8
-0.99643 -2.6
-0.99618 -2.5
-0.99594 -2.3
-0.99569 -2.1
-0.99545 -2.0
-0.99521 -1.8
-0.99496 -1.6
-0.99472 -1.4
-0.99447 -1.1
-0.99423 -0.9
-0.99399 -0.7
-0.99374 -0.5
-0.9935 -0.2
-0.99325 0.0
-0.99301 0.2
-0.99276 0.5
-0.99252 0.7
-0.99228 0.9
-0.99203 1.1
-0.99179 1.3
-0.99154 1.5
-0.9913 1.7
-0.99106 1.9
-0.99081 2.1
-0.99057 2.3
-0.99032 2.5
-0.99008 2.6
-0.98983 2.8
-0.98959 2.9
-0.98935 3.0
-0.9891 3.1
-0.98886 3.2
-0.98861 3.3
-0.98837 3.3
-0.98813 3.4
-0.98788 3.4
-0.98764 3.4
-0.98739 3.4
-0.98715 3.4
-0.98691 3.4
-0.98666 3.3
-0.98642 3.3
-0.98617 3.2
-0.98593 3.1
-0.98568 3.0
-0.98544 2.9
-0.9852 2.7
-0.98495 2.6
-0.98471 2.4
-0.98446 2.3
-0.98422 2.1
-0.98398 1.9
-0.98373 1.7
-0.98349 1.5
-0.98324 1.3
-0.983 1.1
-0.98275 0.9
-0.98251 0.6
-0.98227 0.4
-0.98202 0.2
-0.98178 0.0
-0.98153 -0.3
-0.98129 -0.5
-0.98105 -0.7
-0.9808 -1.0
-0.98056 -1.2
-0.98031 -1.4
-0.98007 -1.6
-0.97983 -1.8
-0.97958 -2.0
-0.97934 -2.2
-0.97909 -2.4
-0.97885 -2.5
-0.9786 -2.7
-0.97836 -2.8
-0.97812 -2.9
-0.97787 -3.1
-0.97763 -3.2
-0.97738 -3.2
-0.97714 -3.3
-0.9769 -3.4
-0.97665 -3.4
-0.97641 -3.4
-0.97616 -3.4
-0.97592 -3.4
-0.97567 -3.4
-0.97543 -3.4
-0.97519 -3.3
-0.97494 -3.3
-0.9747 -3.2
-0.97445 -3.1
-0.97421 -3.0
-0.97397 -2.8
-0.97372 -2.7
-0.97348 -2.5
-0.97323 -2.4
-0.97299 -2.2
-0.97274 -2.0
-0.9725 -1.8
-0.97226 -1.6
-0.97201 -1.4
-0.97177 -1.2
-0.97152 -1.0
-0.97128 -0.8
-0.97104 -0.5
-0.97079 -0.3
-0.97055 0.0
-0.9703 0.2
-0.97006 0.4
-0.96982 0.6
-0.96957 0.9
-0.96933 1.1
-0.96908 1.3
-0.96884 1.5
-0.96859 1.7
-0.96835 1.9
-0.96811 2.1
-0.96786 2.3
-0.96762 2.5
-0.96737 2.6
-0.96713 2.8
-0.96689 2.9
-0.96664 3.0
-0.9664 3.1
-0.96615 3.2
-0.96591 3.3
-0.96566 3.4
-0.96542 3.4
-0.96518 3.4
-0.96493 3.5
-0.96469 3.5
-0.96444 3.4
-0.9642 3.4
-0.96396 3.4
-0.96371 3.3
-0.96347 3.2
-0.96322 3.1
-0.96298 3.0
-0.96274 2.9
-0.96249 2.8
-0.96225 2.6
-0.962 2.4
-0.96176 2.3
-0.96151 2.1
-0.96127 1.9
-0.96103 1.7
-0.96078 1.5
-0.96054 1.3
-0.96029 1.1
-0.96005 0.8
-0.95981 0.6
-0.95956 0.4
-0.95932 0.1
-0.95907 0.0
-0.95883 -0.3
-0.95858 -0.6
-0.95834 -0.8
-0.9581 -1.0
-0.95785 -1.2
-0.95761 -1.5
-0.95736 -1.7
-0.95712 -1.9
-0.95688 -2.1
-0.95663 -2.3
-0.95639 -2.4
-0.95614 -2.6
-0.9559 -2.7
-0.95566 -2.9
-0.95541 -3.0
-0.95517 -3.1
-0.95492 -3.2
-0.95468 -3.3
-0.95443 -3.4
-0.95419 -3.4
-0.95395 -3.4
-0.9537 -3.5
-0.95346 -3.5
-0.95321 -3.4
-0.95297 -3.4
-0.95273 -3.4
-0.95248 -3.3
-0.95224 -3.2
-0.95199 -3.1
-0.95175 -3.0
-0.9515 -2.9
-0.95126 -2.8
-0.95102 -2.6
-0.95077 -2.5
-0.95053 -2.3
-0.95028 -2.1
-0.95004 -1.9
-0.9498 -1.7
-0.94955 -1.5
-0.94931 -1.3
-0.94906 -1.1
-0.94882 -0.9
-0.94858 -0.6
-0.94833 -0.4
-0.94809 -0.2
-0.94784 0.0
-0.9476 0.3
-0.94735 0.5
-0.94711 0.8
-0.94687 1.0
-0.94662 1.2
-0.94638 1.4
-0.94613 1.7
-0.94589 1.9
-0.94565 2.1
-0.9454 2.2
-0.94516 2.4
-0.94491 2.6
-0.94467 2.7
-0.94442 2.9
-0.94418 3.0
-0.94394 3.1
-0.94369 3.2
-0.94345 3.3
-0.9432 3.4
-0.94296 3.4
-0.94272 3.4
-0.94247 3.5
-0.94223 3.5
-0.94198 3.5
-0.94174 3.4
-0.94149 3.4
-0.94125 3.3
-0.94101 3.2
-0.94076 3.2
-0.94052 3.0
-0.94027 2.9
-0.94003 2.8
-0.93979 2.6
-0.93954 2.5
-0.9393 2.3
-0.93905 2.1
-0.93881 1.9
-0.93857 1.7
-0.93832 1.5
-0.93808 1.3
-0.93783 1.1
-0.93759 0.9
-0.93734 0.6
-0.9371 0.4
-0.93686 0.1
-0.93661 0.0
-0.93637 -0.3
-0.93612 -0.6
-0.93588 -0.8
-0.93564 -1.0
-0.93539 -1.3
-0.93515 -1.5
-0.9349 -1.7
-0.93466 -1.9
-0.93441 -2.1
-0.93417 -2.3
-0.93393 -2.4
-0.93368 -2.6
-0.93344 -2.8
-0.93319 -2.9
-0.93295 -3.0
-0.93271 -3.1
-0.93246 -3.2
-0.93222 -3.3
-0.93197 -3.4
-0.93173 -3.4
-0.93149 -3.5
-0.93124 -3.5
-0.931 -3.5
-0.93075 -3.5
-0.93051 -3.4
-0.93026 -3.4
-0.93002 -3.3
-0.92978 -3.2
-0.92953 -3.1
-0.92929 -3.0
-0.92904 -2.9
-0.9288 -2.8
-0.92856 -2.6
-0.92831 -2.5
-0.92807 -2.3
-0.92782 -2.1
-0.92758 -1.9
-0.92733 -1.7
-0.92709 -1.5
-0.92685 -1.3
-0.9266 -1.0
-0.92636 -0.8
-0.92611 -0.6
-0.92587 -0.3
-0.92563 0.0
-0.92538 0.2
-0.92514 0.4
-0.92489 0.6
-0.92465 0.9
-0.92441 1.1
-0.92416 1.3
-0.92392 1.5
-0.92367 1.8
-0.92343 2.0
-0.92318 2.2
-0.92294 2.3
-0.9227 2.5
-0.92245 2.7
-0.92221 2.8
-0.92196 3.0
-0.92172 3.1
-0.92148 3.2
-0.92123 3.3
-0.92099 3.3
-0.92074 3.4
-0.9205 3.5
-0.92025 3.5
-0.92001 3.5
-0.91977 3.5
-0.91952 3.5
-0.91928 3.4
-0.91903 3.4
-0.91879 3.3
-0.91855 3.2
-0.9183 3.1
-0.91806 3.0
-0.91781 2.9
-0.91757 2.7
-0.91733 2.6
-0.91708 2.4
-0.91684 2.2
-0.91659 2.0
-0.91635 1.8
-0.9161 1.6
-0.91586 1.4
-0.91562 1.2
-0.91537 0.9
-0.91513 0.7
-0.91488 0.5
-0.91464 0.2
-0.9144 0.0
-0.91415 -0.3
-0.91391 -0.5
-0.91366 -0.7
-0.91342 -1.0
-0.91317 -1.2
-0.91293 -1.4
-0.91269 -1.7
-0.91244 -1.9
-0.9122 -2.1
-0.91195 -2.3
-0.91171 -2.4
-0.91147 -2.6
-0.91122 -2.8
-0.91098 -2.9
-0.91073 -3.0
-0.91049 -3.1
-0.91024 -3.2
-0.91 -3.3
-0.90976 -3.4
-0.90951 -3.4
-0.90927 -3.5
-0.90902 -3.5
-0.90878 -3.5
-0.90854 -3.5
-0.90829 -3.5
-0.90805 -3.4
-0.9078 -3.3
-0.90756 -3.3
-0.90732 -3.2
-0.90707 -3.0
-0.90683 -2.9
-0.90658 -2.8
-0.90634 -2.6
-0.90609 -2.5
-0.90585 -2.3
-0.90561 -2.1
-0.90536 -1.9
-0.90512 -1.7
-0.90487 -1.5
-0.90463 -1.2
-0.90439 -1.0
-0.90414 -0.8
-0.9039 -0.5
-0.90365 -0.3
-0.90341 0.0
-0.90316 0.2
-0.90292 0.4
-0.90268 0.7
-0.90243 0.9
-0.90219 1.1
-0.90194 1.4
-0.9017 1.6
-0.90146 1.8
-0.90121 2.0
-0.90097 2.2
-0.90072 2.4
-0.90048 2.6
-0.90024 2.7
-0.89999 2.9
-0.89975 3.0
-0.8995 3.1
-0.89926 3.2
-0.89901 3.3
-0.89877 3.4
-0.89853 3.4
-0.89828 3.5
-0.89804 3.5
-0.89779 3.5
-0.89755 3.5
-0.89731 3.5
-0.89706 3.4
-0.89682 3.4
-0.89657 3.3
-0.89633 3.2
-0.89608 3.1
-0.89584 3.0
-0.8956 2.8
-0.89535 2.7
-0.89511 2.5
-0.89486 2.3
-0.89462 2.1
-0.89438 1.9
-0.89413 1.7
-0.89389 1.5
-0.89364 1.3
-0.8934 1.1
-0.89316 0.8
-0.89291 0.6
-0.89267 0.3
-0.89242 0.0
-0.89218 -0.2
-0.89193 -0.4
-0.89169 -0.6
-0.89145 -0.9
-0.8912 -1.1
-0.89096 -1.3
-0.89071 -1.6
-0.89047 -1.8
-0.89023 -2.0
-0.88998 -2.2
-0.88974 -2.4
-0.88949 -2.6
-0.88925 -2.7
-0.889 -2.9
-0.88876 -3.0
-0.88852 -3.1
-0.88827 -3.2
-0.88803 -3.3
-0.88778 -3.4
-0.88754 -3.5
-0.8873 -3.5
-0.88705 -3.5
-0.88681 -3.5
-0.88656 -3.5
-0.88632 -3.5
-0.88608 -3.4
-0.88583 -3.4
-0.88559 -3.3
-0.88534 -3.2
-0.8851 -3.1
-0.88485 -3.0
-0.88461 -2.8
-0.88437 -2.7
-0.88412 -2.5
-0.88388 -2.3
-0.88363 -2.1
-0.88339 -1.9
-0.88315 -1.7
-0.8829 -1.5
-0.88266 -1.3
-0.88241 -1.0
-0.88217 -0.8
-0.88192 -0.6
-0.88168 -0.3
-0.88144 0.0
-0.88119 0.2
-0.88095 0.4
-0.8807 0.7
-0.88046 0.9
-0.88022 1.1
-0.87997 1.4
-0.87973 1.6
-0.87948 1.8
-0.87924 2.0
-0.87899 2.2
-0.87875 2.4
-0.87851 2.6
-0.87826 2.7
-0.87802 2.9
-0.87777 3.0
-0.87753 3.1
-0.87729 3.3
-0.87704 3.3
-0.8768 3.4
-0.87655 3.5
-0.87631 3.5
-0.87607 3.5
-0.87582 3.5
-0.87558 3.5
-0.87533 3.5
-0.87509 3.4
-0.87484 3.4
-0.8746 3.3
-0.87436 3.2
-0.87411 3.1
-0.87387 2.9
-0.87362 2.8
-0.87338 2.6
-0.87314 2.5
-0.87289 2.3
-0.87265 2.1
-0.8724 1.9
-0.87216 1.7
-0.87191 1.5
-0.87167 1.2
-0.87143 1.0
-0.87118 0.7
-0.87094 0.5
-0.87069 0.3
-0.87045 0.0
-0.87021 -0.2
-0.86996 -0.5
-0.86972 -0.7
-0.86947 -1.0
-0.86923 -1.2
-0.86899 -1.4
-0.86874 -1.7
-0.8685 -1.9
-0.86825 -2.1
-0.86801 -2.3
-0.86776 -2.5
-0.86752 -2.6
-0.86728 -2.8
-0.86703 -2.9
-0.86679 -3.1
-0.86654 -3.2
-0.8663 -3.3
-0.86606 -3.4
-0.86581 -3.4
-0.86557 -3.5
-0.86532 -3.5
-0.86508 -3.5
-0.86483 -3.5
-0.86459 -3.5
-0.86435 -3.5
-0.8641 -3.4
-0.86386 -3.4
-0.86361 -3.3
-0.86337 -3.2
-0.86313 -3.0
-0.86288 -2.9
-0.86264 -2.7
-0.86239 -2.6
-0.86215 -2.4
-0.86191 -2.2
-0.86166 -2.0
-0.86142 -1.8
-0.86117 -1.6
-0.86093 -1.4
-0.86068 -1.1
-0.86044 -0.9
-0.8602 -0.6
-0.85995 -0.4
-0.85971 -0.1
-0.85946 0.1
-0.85922 0.4
-0.85898 0.6
-0.85873 0.9
-0.85849 1.1
-0.85824 1.3
-0.858 1.6
-0.85775 1.8
-0.85751 2.0
-0.85727 2.2
-0.85702 2.4
-0.85678 2.6
-0.85653 2.7
-0.85629 2.9
-0.85605 3.0
-0.8558 3.2
-0.85556 3.3
-0.85531 3.4
-0.85507 3.4
-0.85483 3.5
-0.85458 3.5
-0.85434 3.5
-0.85409 3.6
-0.85385 3.5
-0.8536 3.5
-0.85336 3.5
-0.85312 3.4
-0.85287 3.3
-0.85263 3.2
-0.85238 3.1
-0.85214 3.0
-0.8519 2.8
-0.85165 2.7
-0.85141 2.5
-0.85116 2.3
-0.85092 2.1
-0.85067 1.9
-0.85043 1.7
-0.85019 1.4
-0.84994 1.2
-0.8497 1.0
-0.84945 0.7
-0.84921 0.5
-0.84897 0.2
-0.84872 0.0
-0.84848 -0.3
-0.84823 -0.5
-0.84799 -0.8
-0.84774 -1.0
-0.8475 -1.3
-0.84726 -1.5
-0.84701 -1.7
-0.84677 -1.9
-0.84652 -2.1
-0.84628 -2.3
-0.84604 -2.5
-0.84579 -2.7
-0.84555 -2.9
-0.8453 -3.0
-0.84506 -3.1
-0.84482 -3.2
-0.84457 -3.3
-0.84433 -3.4
-0.84408 -3.5
-0.84384 -3.5
-0.84359 -3.6
-0.84335 -3.6
-0.84311 -3.6
-0.84286 -3.5
-0.84262 -3.5
-0.84237 -3.4
-0.84213 -3.3
-0.84189 -3.2
-0.84164 -3.1
-0.8414 -3.0
-0.84115 -2.9
-0.84091 -2.7
-0.84066 -2.5
-0.84042 -2.3
-0.84018 -2.1
-0.83993 -1.9
-0.83969 -1.7
-0.83944 -1.5
-0.8392 -1.3
-0.83896 -1.0
-0.83871 -0.8
-0.83847 -0.5
-0.83822 -0.3
-0.83798 0.0
-0.83774 0.2
-0.83749 0.5
-0.83725 0.7
-0.837 1.0
-0.83676 1.2
-0.83651 1.5
-0.83627 1.7
-0.83603 1.9
-0.83578 2.1
-0.83554 2.3
-0.83529 2.5
-0.83505 2.7
-0.83481 2.9
-0.83456 3.0
-0.83432 3.1
-0.83407 3.2
-0.83383 3.3
-0.83358 3.4
-0.83334 3.5
-0.8331 3.5
-0.83285 3.6
-0.83261 3.6
-0.83236 3.6
-0.83212 3.5
-0.83188 3.5
-0.83163 3.4
-0.83139 3.4
-0.83114 3.3
-0.8309 3.1
-0.83066 3.0
-0.83041 2.9
-0.83017 2.7
-0.82992 2.5
-0.82968 2.3
-0.82943 2.1
-0.82919 1.9
-0.82895 1.7
-0.8287 1.5
-0.82846 1.2
-0.82821 1.0
-0.82797 0.8
-0.82773 0.5
-0.82748 0.2
-0.82724 0.0
-0.82699 -0.3
-0.82675 -0.5
-0.8265 -0.8
-0.82626 -1.0
-0.82602 -1.3
-0.82577 -1.5
-0.82553 -1.7
-0.82528 -2.0
-0.82504 -2.2
-0.8248 -2.4
-0.82455 -2.5
-0.82431 -2.7
-0.82406 -2.9
-0.82382 -3.0
-0.82358 -3.2
-0.82333 -3.3
-0.82309 -3.4
-0.82284 -3.4
-0.8226 -3.5
-0.82235 -3.6
-0.82211 -3.6
-0.82187 -3.6
-0.82162 -3.6
-0.82138 -3.5
-0.82113 -3.5
-0.82089 -3.4
-0.82065 -3.3
-0.8204 -3.2
-0.82016 -3.1
-0.81991 -3.0
-0.81967 -2.8
-0.81942 -2.7
-0.81918 -2.5
-0.81894 -2.3
-0.81869 -2.1
-0.81845 -1.9
-0.8182 -1.7
-0.81796 -1.4
-0.81772 -1.2
-0.81747 -0.9
-0.81723 -0.7
-0.81698 -0.4
-0.81674 -0.2
-0.81649 0.0
-0.81625 0.3
-0.81601 0.6
-0.81576 0.8
-0.81552 1.1
-0.81527 1.3
-0.81503 1.6
-0.81479 1.8
-0.81454 2.0
-0.8143 2.2
-0.81405 2.4
-0.81381 2.6
-0.81357 2.8
-0.81332 2.9
-0.81308 3.1
-0.81283 3.2
-0.81259 3.3
-0.81234 3.4
-0.8121 3.5
-0.81186 3.5
-0.81161 3.6
-0.81137 3.6
-0.81112 3.6
-0.81088 3.6
-0.81064 3.5
-0.81039 3.5
-0.81015 3.4
-0.8099 3.3
-0.80966 3.2
-0.80941 3.1
-0.80917 2.9
-0.80893 2.8
-0.80868 2.6
-0.80844 2.4
-0.80819 2.2
-0.80795 2.0
-0.80771 1.8
-0.80746 1.6
-0.80722 1.3
-0.80697 1.1
-0.80673 0.8
-0.80649 0.6
-0.80624 0.3
-0.806 0.0
-0.80575 -0.2
-0.80551 -0.5
-0.80526 -0.7
-0.80502 -1.0
-0.80478 -1.2
-0.80453 -1.5
-0.80429 -1.7
-0.80404 -1.9
-0.8038 -2.1
-0.80356 -2.3
-0.80331 -2.5
-0.80307 -2.7
-0.80282 -2.9
-0.80258 -3.0
-0.80233 -3.2
-0.80209 -3.3
-0.80185 -3.4
-0.8016 -3.5
-0.80136 -3.5
-0.80111 -3.6
-0.80087 -3.6
-0.80063 -3.6
-0.80038 -3.6
-0.80014 -3.6
-0.79989 -3.5
-0.79965 -3.4
-0.79941 -3.4
-0.79916 -3.3
-0.79892 -3.1
-0.79867 -3.0
-0.79843 -2.9
-0.79818 -2.7
-0.79794 -2.5
-0.7977 -2.3
-0.79745 -2.1
-0.79721 -1.9
-0.79696 -1.7
-0.79672 -1.4
-0.79648 -1.2
-0.79623 -0.9
-0.79599 -0.7
-0.79574 -0.4
-0.7955 -0.1
-0.79525 0.1
-0.79501 0.4
-0.79477 0.6
-0.79452 0.9
-0.79428 1.2
-0.79403 1.4
-0.79379 1.6
-0.79355 1.9
-0.7933 2.1
-0.79306 2.3
-0.79281 2.5
-0.79257 2.7
-0.79233 2.8
-0.79208 3.0
-0.79184 3.1
-0.79159 3.3
-0.79135 3.4
-0.7911 3.5
-0.79086 3.5
-0.79062 3.6
-0.79037 3.6
-0.79013 3.6
-0.78988 3.6
-0.78964 3.6
-0.7894 3.5
-0.78915 3.5
-0.78891 3.4
-0.78866 3.3
-0.78842 3.2
-0.78817 3.0
-0.78793 2.9
-0.78769 2.7
-0.78744 2.5
-0.7872 2.3
-0.78695 2.1
-0.78671 1.9
-0.78647 1.7
-0.78622 1.5
-0.78598 1.2
-0.78573 1.0
-0.78549 0.7
-0.78524 0.4
-0.785 0.2
-0.78476 0.0
-0.78451 -0.4
-0.78427 -0.6
-0.78402 -0.9
-0.78378 -1.1
-0.78354 -1.4
-0.78329 -1.6
-0.78305 -1.9
-0.7828 -2.1
-0.78256 -2.3
-0.78232 -2.5
-0.78207 -2.7
-0.78183 -2.8
-0.78158 -3.0
-0.78134 -3.1
-0.78109 -3.3
-0.78085 -3.4
-0.78061 -3.5
-0.78036 -3.5
-0.78012 -3.6
-0.77987 -3.6
-0.77963 -3.6
-0.77939 -3.6
-0.77914 -3.6
-0.7789 -3.5
-0.77865 -3.5
-0.77841 -3.4
-0.77816 -3.3
-0.77792 -3.2
-0.77768 -3.0
-0.77743 -2.9
-0.77719 -2.7
-0.77694 -2.5
-0.7767 -2.3
-0.77646 -2.1
-0.77621 -1.9
-0.77597 -1.7
-0.77572 -1.4
-0.77548 -1.2
-0.77524 -0.9
-0.77499 -0.7
-0.77475 -0.4
-0.7745 -0.1
-0.77426 0.1
-0.77401 0.4
-0.77377 0.6
-0.77353 0.9
-0.77328 1.2
-0.77304 1.4
-0.77279 1.7
-0.77255 1.9
-0.77231 2.1
-0.77206 2.3
-0.77182 2.5
-0.77157 2.7
-0.77133 2.9
-0.77108 3.0
-0.77084 3.2
-0.7706 3.3
-0.77035 3.4
-0.77011 3.5
-0.76986 3.6
-0.76962 3.6
-0.76938 3.6
-0.76913 3.6
-0.76889 3.6
-0.76864 3.6
-0.7684 3.5
-0.76816 3.5
-0.76791 3.4
-0.76767 3.3
-0.76742 3.2
-0.76718 3.0
-0.76693 2.9
-0.76669 2.7
-0.76645 2.5
-0.7662 2.3
-0.76596 2.1
-0.76571 1.9
-0.76547 1.6
-0.76523 1.4
-0.76498 1.1
-0.76474 0.9
-0.76449 0.6
-0.76425 0.3
-0.764 0.0
-0.76376 -0.2
-0.76352 -0.5
-0.76327 -0.7
-0.76303 -1.0
-0.76278 -1.2
-0.76254 -1.5
-0.7623 -1.7
-0.76205 -2.0
-0.76181 -2.2
-0.76156 -2.4
-0.76132 -2.6
-0.76108 -2.8
-0.76083 -2.9
-0.76059 -3.1
-0.76034 -3.2
-0.7601 -3.3
-0.75985 -3.4
-0.75961 -3.5
-0.75937 -3.6
-0.75912 -3.6
-0.75888 -3.6
-0.75863 -3.6
-0.75839 -3.6
-0.75815 -3.6
-0.7579 -3.5
-0.75766 -3.5
-0.75741 -3.4
-0.75717 -3.2
-0.75692 -3.1
-0.75668 -3.0
-0.75644 -2.8
-0.75619 -2.6
-0.75595 -2.4
-0.7557 -2.2
-0.75546 -2.0
-0.75522 -1.8
-0.75497 -1.5
-0.75473 -1.3
-0.75448 -1.0
-0.75424 -0.7
-0.75399 -0.5
-0.75375 -0.2
-0.75351 0.0
-0.75326 0.3
-0.75302 0.6
-0.75277 0.9
-0.75253 1.1
-0.75229 1.4
-0.75204 1.6
-0.7518 1.9
-0.75155 2.1
-0.75131 2.3
-0.75107 2.5
-0.75082 2.7
-0.75058 2.9
-0.75033 3.0
-0.75009 3.2
-0.74984 3.3
-0.7496 3.4
-0.74936 3.5
-0.74911 3.6
-0.74887 3.6
-0.74862 3.7
-0.74838 3.7
-0.74814 3.7
-0.74789 3.6
-0.74765 3.6
-0.7474 3.5
-0.74716 3.4
-0.74691 3.3
-0.74667 3.2
-0.74643 3.0
-0.74618 2.9
-0.74594 2.7
-0.74569 2.5
-0.74545 2.3
-0.74521 2.1
-0.74496 1.8
-0.74472 1.6
-0.74447 1.3
-0.74423 1.1
-0.74399 0.8
-0.74374 0.6
-0.7435 0.3
-0.74325 0.0
-0.74301 -0.3
-0.74276 -0.5
-0.74252 -0.8
-0.74228 -1.1
-0.74203 -1.3
-0.74179 -1.6
-0.74154 -1.8
-0.7413 -2.1
-0.74106 -2.3
-0.74081 -2.5
-0.74057 -2.7
-0.74032 -2.9
-0.74008 -3.0
-0.73983 -3.2
-0.73959 -3.3
-0.73935 -3.4
-0.7391 -3.5
-0.73886 -3.6
-0.73861 -3.6
-0.73837 -3.7
-0.73813 -3.7
-0.73788 -3.7
-0.73764 -3.6
-0.73739 -3.6
-0.73715 -3.5
-0.73691 -3.4
-0.73666 -3.3
-0.73642 -3.2
-0.73617 -3.1
-0.73593 -2.9
-0.73568 -2.7
-0.73544 -2.5
-0.7352 -2.3
-0.73495 -2.1
-0.73471 -1.9
-0.73446 -1.6
-0.73422 -1.4
-0.73398 -1.1
-0.73373 -0.9
-0.73349 -0.6
-0.73324 -0.3
-0.733 0.0
-0.73275 0.2
-0.73251 0.5
-0.73227 0.8
-0.73202 1.1
-0.73178 1.3
-0.73153 1.6
-0.73129 1.8
-0.73105 2.0
-0.7308 2.3
-0.73056 2.5
-0.73031 2.7
-0.73007 2.9
-0.72983 3.0
-0.72958 3.2
-0.72934 3.3
-0.72909 3.4
-0.72885 3.5
-0.7286 3.6
-0.72836 3.6
-0.72812 3.7
-0.72787 3.7
-0.72763 3.7
-0.72738 3.6
-0.72714 3.6
-0.7269 3.5
-0.72665 3.4
-0.72641 3.3
-0.72616 3.2
-0.72592 3.1
-0.72567 2.9
-0.72543 2.7
-0.72519 2.5
-0.72494 2.3
-0.7247 2.1
-0.72445 1.9
-0.72421 1.6
-0.72397 1.4
-0.72372 1.1
-0.72348 0.8
-0.72323 0.5
-0.72299 0.3
-0.72274 0.0
-0.7225 -0.3
-0.72226 -0.6
-0.72201 -0.8
-0.72177 -1.1
-0.72152 -1.4
-0.72128 -1.6
-0.72104 -1.9
-0.72079 -2.1
-0.72055 -2.3
-0.7203 -2.5
-0.72006 -2.7
-0.71982 -2.9
-0.71957 -3.1
-0.71933 -3.2
-0.71908 -3.3
-0.71884 -3.5
-0.71859 -3.5
-0.71835 -3.6
-0.71811 -3.7
-0.71786 -3.7
-0.71762 -3.7
-0.71737 -3.7
-0.71713 -3.7
-0.71689 -3.6
-0.71664 -3.5
-0.7164 -3.4
-0.71615 -3.3
-0.71591 -3.2
-0.71566 -3.0
-0.71542 -2.9
-0.71518 -2.7
-0.71493 -2.5
-0.71469 -2.2
-0.71444 -2.0
-0.7142 -1.8
-0.71396 -1.5
-0.71371 -1.3
-0.71347 -1.0
-0.71322 -0.7
-0.71298 -0.5
-0.71274 -0.2
-0.71249 0.1
-0.71225 0.4
-0.712 0.7
-0.71176 0.9
-0.71151 1.2
-0.71127 1.5
-0.71103 1.7
-0.71078 2.0
-0.71054 2.2
-0.71029 2.4
-0.71005 2.6
-0.70981 2.8
-0.70956 3.0
-0.70932 3.1
-0.70907 3.3
-0.70883 3.4
-0.70858 3.5
-0.70834 3.6
-0.7081 3.6
-0.70785 3.7
-0.70761 3.7
-0.70736 3.7
-0.70712 3.7
-0.70688 3.6
-0.70663 3.6
-0.70639 3.5
-0.70614 3.4
-0.7059 3.3
-0.70566 3.1
-0.70541 2.9
-0.70517 2.8
-0.70492 2.6
-0.70468 2.4
-0.70443 2.1
-0.70419 1.9
-0.70395 1.7
-0.7037 1.4
-0.70346 1.1
-0.70321 0.9
-0.70297 0.6
-0.70273 0.3
-0.70248 0.0
-0.70224 -0.3
-0.70199 -0.5
-0.70175 -0.8
-0.7015 -1.1
-0.70126 -1.4
-0.70102 -1.6
-0.70077 -1.9
-0.70053 -2.1
-0.70028 -2.3
-0.70004 -2.5
-0.6998 -2.7
-0.69955 -2.9
-0.69931 -3.1
-0.69906 -3.2
-0.69882 -3.4
-0.69858 -3.5
-0.69833 -3.6
-0.69809 -3.6
-0.69784 -3.7
-0.6976 -3.7
-0.69735 -3.7
-0.69711 -3.7
-0.69687 -3.7
-0.69662 -3.6
-0.69638 -3.5
-0.69613 -3.4
-0.69589 -3.3
-0.69565 -3.2
-0.6954 -3.0
-0.69516 -2.8
-0.69491 -2.6
-0.69467 -2.4
-0.69442 -2.2
-0.69418 -2.0
-0.69394 -1.7
-0.69369 -1.5
-0.69345 -1.2
-0.6932 -0.9
-0.69296 -0.7
-0.69272 -0.4
-0.69247 0.0
-0.69223 0.2
-0.69198 0.5
-0.69174 0.8
-0.69149 1.0
-0.69125 1.3
-0.69101 1.6
-0.69076 1.8
-0.69052 2.1
-0.69027 2.3
-0.69003 2.5
-0.68979 2.7
-0.68954 2.9
-0.6893 3.1
-0.68905 3.2
-0.68881 3.4
-0.68857 3.5
-0.68832 3.6
-0.68808 3.6
-0.68783 3.7
-0.68759 3.7
-0.68734 3.7
-0.6871 3.7
-0.68686 3.7
-0.68661 3.6
-0.68637 3.6
-0.68612 3.5
-0.68588 3.3
-0.68564 3.2
-0.68539 3.0
-0.68515 2.9
-0.6849 2.7
-0.68466 2.5
-0.68441 2.2
-0.68417 2.0
-0.68393 1.7
-0.68368 1.5
-0.68344 1.2
-0.68319 0.9
-0.68295 0.7
-0.68271 0.4
-0.68246 0.0
-0.68222 -0.2
-0.68197 -0.5
-0.68173 -0.8
-0.68149 -1.0
-0.68124 -1.3
-0.681 -1.6
-0.68075 -1.8
-0.68051 -2.1
-0.68026 -2.3
-0.68002 -2.5
-0.67978 -2.7
-0.67953 -2.9
-0.67929 -3.1
-0.67904 -3.2
-0.6788 -3.4
-0.67856 -3.5
-0.67831 -3.6
-0.67807 -3.7
-0.67782 -3.7
-0.67758 -3.7
-0.67733 -3.7
-0.67709 -3.7
-0.67685 -3.7
-0.6766 -3.6
-0.67636 -3.6
-0.67611 -3.4
-0.67587 -3.3
-0.67563 -3.2
-0.67538 -3.0
-0.67514 -2.8
-0.67489 -2.6
-0.67465 -2.4
-0.67441 -2.2
-0.67416 -2.0
-0.67392 -1.7
-0.67367 -1.5
-0.67343 -1.2
-0.67318 -0.9
-0.67294 -0.6
-0.6727 -0.3
-0.67245 0.0
-0.67221 0.2
-0.67196 0.5
-0.67172 0.8
-0.67148 1.1
-0.67123 1.4
-0.67099 1.6
-0.67074 1.9
-0.6705 2.1
-0.67025 2.4
-0.67001 2.6
-0.66977 2.8
-0.66952 3.0
-0.66928 3.1
-0.66903 3.3
-0.66879 3.4
-0.66855 3.5
-0.6683 3.6
-0.66806 3.7
-0.66781 3.7
-0.66757 3.8
-0.66733 3.8
-0.66708 3.7
-0.66684 3.7
-0.66659 3.6
-0.66635 3.5
-0.6661 3.4
-0.66586 3.3
-0.66562 3.1
-0.66537 3.0
-0.66513 2.8
-0.66488 2.6
-0.66464 2.4
-0.6644 2.1
-0.66415 1.9
-0.66391 1.6
-0.66366 1.4
-0.66342 1.1
-0.66317 0.8
-0.66293 0.5
-0.66269 0.2
-0.66244 0.0
-0.6622 -0.4
-0.66195 -0.7
-0.66171 -0.9
-0.66147 -1.2
-0.66122 -1.5
-0.66098 -1.8
-0.66073 -2.0
-0.66049 -2.3
-0.66024 -2.5
-0.66 -2.7
-0.65976 -2.9
-0.65951 -3.1
-0.65927 -3.2
-0.65902 -3.4
-0.65878 -3.5
-0.65854 -3.6
-0.65829 -3.7
-0.65805 -3.7
-0.6578 -3.8
-0.65756 -3.8
-0.65732 -3.8
-0.65707 -3.7
-0.65683 -3.7
-0.65658 -3.6
-0.65634 -3.5
-0.65609 -3.4
-0.65585 -3.2
-0.65561 -3.1
-0.65536 -2.9
-0.65512 -2.7
-0.65487 -2.5
-0.65463 -2.2
-0.65439 -2.0
-0.65414 -1.7
-0.6539 -1.5
-0.65365 -1.2
-0.65341 -0.9
-0.65316 -0.6
-0.65292 -0.3
-0.65268 0.0
-0.65243 0.3
-0.65219 0.6
-0.65194 0.8
-0.6517 1.1
-0.65146 1.4
-0.65121 1.7
-0.65097 1.9
-0.65072 2.2
-0.65048 2.4
-0.65024 2.6
-0.64999 2.8
-0.64975 3.0
-0.6495 3.2
-0.64926 3.3
-0.64901 3.5
-0.64877 3.6
-0.64853 3.7
-0.64828 3.7
-0.64804 3.8
-0.64779 3.8
-0.64755 3.8
-0.64731 3.8
-0.64706 3.7
-0.64682 3.6
-0.64657 3.5
-0.64633 3.4
-0.64608 3.3
-0.64584 3.1
-0.6456 2.9
-0.64535 2.7
-0.64511 2.5
-0.64486 2.3
-0.64462 2.0
-0.64438 1.8
-0.64413 1.5
-0.64389 1.2
-0.64364 1.0
-0.6434 0.7
-0.64316 0.4
-0.64291 0.0
-0.64267 -0.2
-0.64242 -0.5
-0.64218 -0.8
-0.64193 -1.1
-0.64169 -1.4
-0.64145 -1.6
-0.6412 -1.9
-0.64096 -2.2
-0.64071 -2.4
-0.64047 -2.6
-0.64023 -2.8
-0.63998 -3.0
-0.63974 -3.2
-0.63949 -3.3
-0.63925 -3.5
-0.639 -3.6
-0.63876 -3.7
-0.63852 -3.7
-0.63827 -3.8
-0.63803 -3.8
-0.63778 -3.8
-0.63754 -3.8
-0.6373 -3.7
-0.63705 -3.6
-0.63681 -3.5
-0.63656 -3.4
-0.63632 -3.3
-0.63608 -3.1
-0.63583 -2.9
-0.63559 -2.7
-0.63534 -2.5
-0.6351 -2.3
-0.63485 -2.0
-0.63461 -1.8
-0.63437 -1.5
-0.63412 -1.2
-0.63388 -1.0
-0.63363 -0.7
-0.63339 -0.4
-0.63315 0.0
-0.6329 0.2
-0.63266 0.5
-0.63241 0.8
-0.63217 1.1
-0.63192 1.4
-0.63168 1.7
-0.63144 1.9
-0.63119 2.2
-0.63095 2.4
-0.6307 2.7
-0.63046 2.9
-0.63022 3.1
-0.62997 3.2
-0.62973 3.4
-0.62948 3.5
-0.62924 3.6
-0.62899 3.7
-0.62875 3.8
-0.62851 3.8
-0.62826 3.8
-0.62802 3.8
-0.62777 3.8
-0.62753 3.7
-0.62729 3.6
-0.62704 3.5
-0.6268 3.4
-0.62655 3.3
-0.62631 3.1
-0.62607 2.9
-0.62582 2.7
-0.62558 2.5
-0.62533 2.2
-0.62509 2.0
-0.62484 1.7
-0.6246 1.5
-0.62436 1.2
-0.62411 0.9
-0.62387 0.6
-0.62362 0.3
-0.62338 0.0
-0.62314 -0.3
-0.62289 -0.6
-0.62265 -0.9
-0.6224 -1.2
-0.62216 -1.5
-0.62191 -1.8
-0.62167 -2.0
-0.62143 -2.3
-0.62118 -2.5
-0.62094 -2.7
-0.62069 -2.9
-0.62045 -3.1
-0.62021 -3.3
-0.61996 -3.4
-0.61972 -3.6
-0.61947 -3.7
-0.61923 -3.7
-0.61899 -3.8
-0.61874 -3.8
-0.6185 -3.8
-0.61825 -3.8
-0.61801 -3.8
-0.61776 -3.7
-0.61752 -3.6
-0.61728 -3.5
-0.61703 -3.4
-0.61679 -3.2
-0.61654 -3.0
-0.6163 -2.8
-0.61606 -2.6
-0.61581 -2.4
-0.61557 -2.1
-0.61532 -1.9
-0.61508 -1.6
-0.61483 -1.3
-0.61459 -1.0
-0.61435 -0.7
-0.6141 -0.4
-0.61386 -0.1
-0.61361 0.2
-0.61337 0.5
-0.61313 0.8
-0.61288 1.1
-0.61264 1.4
-0.61239 1.6
-0.61215 1.9
-0.61191 2.2
-0.61166 2.4
-0.61142 2.7
-0.61117 2.9
-0.61093 3.1
-0.61068 3.2
-0.61044 3.4
-0.6102 3.5
-0.60995 3.6
-0.60971 3.7
-0.60946 3.8
-0.60922 3.8
-0.60898 3.8
-0.60873 3.8
-0.60849 3.8
-0.60824 3.7
-0.608 3.7
-0.60775 3.6
-0.60751 3.4
-0.60727 3.3
-0.60702 3.1
-0.60678 2.9
-0.60653 2.7
-0.60629 2.5
-0.60605 2.2
-0.6058 2.0
-0.60556 1.7
-0.60531 1.4
-0.60507 1.1
-0.60483 0.8
-0.60458 0.5
-0.60434 0.2
-0.60409 0.0
-0.60385 -0.4
-0.6036 -0.7
-0.60336 -1.0
-0.60312 -1.3
-0.60287 -1.6
-0.60263 -1.9
-0.60238 -2.1
-0.60214 -2.4
-0.6019 -2.6
-0.60165 -2.8
-0.60141 -3.0
-0.60116 -3.2
-0.60092 -3.4
-0.60067 -3.5
-0.60043 -3.6
-0.60019 -3.7
-0.59994 -3.8
-0.5997 -3.8
-0.59945 -3.9
-0.59921 -3.8
-0.59897 -3.8
-0.59872 -3.8
-0.59848 -3.7
-0.59823 -3.6
-0.59799 -3.5
-0.59774 -3.3
-0.5975 -3.1
-0.59726 -2.9
-0.59701 -2.7
-0.59677 -2.5
-0.59652 -2.3
-0.59628 -2.0
-0.59604 -1.7
-0.59579 -1.5
-0.59555 -1.2
-0.5953 -0.9
-0.59506 -0.6
-0.59482 -0.2
-0.59457 0.0
-0.59433 0.4
-0.59408 0.7
-0.59384 1.0
-0.59359 1.3
-0.59335 1.6
-0.59311 1.9
-0.59286 2.1
-0.59262 2.4
-0.59237 2.6
-0.59213 2.8
-0.59189 3.0
-0.59164 3.2
-0.5914 3.4
-0.59115 3.5
-0.59091 3.6
-0.59066 3.7
-0.59042 3.8
-0.59018 3.8
-0.58993 3.9
-0.58969 3.9
-0.58944 3.8
-0.5892 3.8
-0.58896 3.7
-0.58871 3.6
-0.58847 3.5
-0.58822 3.3
-0.58798 3.1
-0.58774 2.9
-0.58749 2.7
-0.58725 2.5
-0.587 2.2
-0.58676 2.0
-0.58651 1.7
-0.58627 1.4
-0.58603 1.1
-0.58578 0.8
-0.58554 0.5
-0.58529 0.2
-0.58505 -0.1
-0.58481 -0.4
-0.58456 -0.7
-0.58432 -1.0
-0.58407 -1.3
-0.58383 -1.6
-0.58358 -1.9
-0.58334 -2.2
-0.5831 -2.4
-0.58285 -2.7
-0.58261 -2.9
-0.58236 -3.1
-0.58212 -3.3
-0.58188 -3.4
-0.58163 -3.6
-0.58139 -3.7
-0.58114 -3.8
-0.5809 -3.8
-0.58066 -3.9
-0.58041 -3.9
-0.58017 -3.9
-0.57992 -3.8
-0.57968 -3.8
-0.57943 -3.7
-0.57919 -3.6
-0.57895 -3.4
-0.5787 -3.3
-0.57846 -3.1
-0.57821 -2.9
-0.57797 -2.7
-0.57773 -2.4
-0.57748 -2.2
-0.57724 -1.9
-0.57699 -1.6
-0.57675 -1.3
-0.5765 -1.0
-0.57626 -0.7
-0.57602 -0.4
-0.57577 0.0
-0.57553 0.2
-0.57528 0.5
-0.57504 0.9
-0.5748 1.2
-0.57455 1.5
-0.57431 1.8
-0.57406 2.0
-0.57382 2.3
-0.57358 2.5
-0.57333 2.8
-0.57309 3.0
-0.57284 3.2
-0.5726 3.4
-0.57235 3.5
-0.57211 3.6
-0.57187 3.7
-0.57162 3.8
-0.57138 3.9
-0.57113 3.9
-0.57089 3.9
-0.57065 3.9
-0.5704 3.8
-0.57016 3.7
-0.56991 3.6
-0.56967 3.5
-0.56942 3.4
-0.56918 3.2
-0.56894 3.0
-0.56869 2.8
-0.56845 2.5
-0.5682 2.3
-0.56796 2.0
-0.56772 1.7
-0.56747 1.5
-0.56723 1.2
-0.56698 0.8
-0.56674 0.5
-0.56649 0.2
-0.56625 -0.1
-0.56601 -0.4
-0.56576 -0.7
-0.56552 -1.1
-0.56527 -1.4
-0.56503 -1.7
-0.56479 -1.9
-0.56454 -2.2
-0.5643 -2.5
-0.56405 -2.7
-0.56381 -2.9
-0.56357 -3.1
-0.56332 -3.3
-0.56308 -3.5
-0.56283 -3.6
-0.56259 -3.7
-0.56234 -3.8
-0.5621 -3.9
-0.56186 -3.9
-0.56161 -3.9
-0.56137 -3.9
-0.56112 -3.8
-0.56088 -3.8
-0.56064 -3.7
-0.56039 -3.6
-0.56015 -3.4
-0.5599 -3.2
-0.55966 -3.1
-0.55941 -2.8
-0.55917 -2.6
-0.55893 -2.4
-0.55868 -2.1
-0.55844 -1.8
-0.55819 -1.5
-0.55795 -1.2
-0.55771 -0.9
-0.55746 -0.6
-0.55722 -0.3
-0.55697 0.0
-0.55673 0.4
-0.55649 0.7
-0.55624 1.0
-0.556 1.3
-0.55575 1.6
-0.55551 1.9
-0.55526 2.2
-0.55502 2.5
-0.55478 2.7
-0.55453 2.9
-0.55429 3.1
-0.55404 3.3
-0.5538 3.5
-0.55356 3.6
-0.55331 3.7
-0.55307 3.8
-0.55282 3.9
-0.55258 3.9
-0.55233 3.9
-0.55209 3.9
-0.55185 3.9
-0.5516 3.8
-0.55136 3.7
-0.55111 3.6
-0.55087 3.4
-0.55063 3.3
-0.55038 3.1
-0.55014 2.9
-0.54989 2.6
-0.54965 2.4
-0.54941 2.1
-0.54916 1.8
-0.54892 1.5
-0.54867 1.2
-0.54843 0.9
-0.54818 0.6
-0.54794 0.3
-0.5477 0.0
-0.54745 -0.4
-0.54721 -0.7
-0.54696 -1.0
-0.54672 -1.4
-0.54648 -1.7
-0.54623 -1.9
-0.54599 -2.2
-0.54574 -2.5
-0.5455 -2.7
-0.54525 -3.0
-0.54501 -3.2
-0.54477 -3.3
-0.54452 -3.5
-0.54428 -3.6
-0.54403 -3.8
-0.54379 -3.8
-0.54355 -3.9
-0.5433 -3.9
-0.54306 -3.9
-0.54281 -3.9
-0.54257 -3.9
-0.54233 -3.8
-0.54208 -3.7
-0.54184 -3.6
-0.54159 -3.4
-0.54135 -3.2
-0.5411 -3.0
-0.54086 -2.8
-0.54062 -2.6
-0.54037 -2.3
-0.54013 -2.0
-0.53988 -1.8
-0.53964 -1.5
-0.5394 -1.1
-0.53915 -0.8
-0.53891 -0.5
-0.53866 -0.2
-0.53842 0.2
-0.53817 0.5
-0.53793 0.8
-0.53769 1.1
-0.53744 1.5
-0.5372 1.8
-0.53695 2.0
-0.53671 2.3
-0.53647 2.6
-0.53622 2.8
-0.53598 3.0
-0.53573 3.2
-0.53549 3.4
-0.53524 3.6
-0.535 3.7
-0.53476 3.8
-0.53451 3.9
-0.53427 3.9
-0.53402 4.0
-0.53378 4.0
-0.53354 3.9
-0.53329 3.9
-0.53305 3.8
-0.5328 3.7
-0.53256 3.5
-0.53232 3.3
-0.53207 3.2
-0.53183 2.9
-0.53158 2.7
-0.53134 2.5
-0.53109 2.2
-0.53085 1.9
-0.53061 1.6
-0.53036 1.3
-0.53012 1.0
-0.52987 0.7
-0.52963 0.3
-0.52939 0.0
-0.52914 -0.3
-0.5289 -0.7
-0.52865 -1.0
-0.52841 -1.3
-0.52816 -1.6
-0.52792 -1.9
-0.52768 -2.2
-0.52743 -2.5
-0.52719 -2.7
-0.52694 -3.0
-0.5267 -3.2
-0.52646 -3.4
-0.52621 -3.5
-0.52597 -3.7
-0.52572 -3.8
-0.52548 -3.9
-0.52524 -3.9
-0.52499 -4.0
-0.52475 -4.0
-0.5245 -4.0
-0.52426 -3.9
-0.52401 -3.8
-0.52377 -3.7
-0.52353 -3.6
-0.52328 -3.4
-0.52304 -3.2
-0.52279 -3.0
-0.52255 -2.8
-0.52231 -2.6
-0.52206 -2.3
-0.52182 -2.0
-0.52157 -1.7
-0.52133 -1.4
-0.52108 -1.1
-0.52084 -0.8
-0.5206 -0.4
-0.52035 0.0
-0.52011 0.2
-0.51986 0.6
-0.51962 0.9
-0.51938 1.2
-0.51913 1.6
-0.51889 1.9
-0.51864 2.2
-0.5184 2.4
-0.51816 2.7
-0.51791 2.9
-0.51767 3.1
-0.51742 3.3
-0.51718 3.5
-0.51693 3.7
-0.51669 3.8
-0.51645 3.9
-0.5162 3.9
-0.51596 4.0
-0.51571 4.0
-0.51547 4.0
-0.51523 3.9
-0.51498 3.8
-0.51474 3.7
-0.51449 3.6
-0.51425 3.5
-0.514 3.3
-0.51376 3.1
-0.51352 2.8
-0.51327 2.6
-0.51303 2.3
-0.51278 2.0
-0.51254 1.7
-0.5123 1.4
-0.51205 1.1
-0.51181 0.8
-0.51156 0.4
-0.51132 0.1
-0.51108 -0.2
-0.51083 -0.6
-0.51059 -0.9
-0.51034 -1.2
-0.5101 -1.6
-0.50985 -1.9
-0.50961 -2.2
-0.50937 -2.4
-0.50912 -2.7
-0.50888 -2.9
-0.50863 -3.2
-0.50839 -3.4
-0.50815 -3.5
-0.5079 -3.7
-0.50766 -3.8
-0.50741 -3.9
-0.50717 -4.0
-0.50692 -4.0
-0.50668 -4.0
-0.50644 -4.0
-0.50619 -3.9
-0.50595 -3.9
-0.5057 -3.7
-0.50546 -3.6
-0.50522 -3.4
-0.50497 -3.3
-0.50473 -3.1
-0.50448 -2.8
-0.50424 -2.6
-0.50399 -2.3
-0.50375 -2.0
-0.50351 -1.7
-0.50326 -1.4
-0.50302 -1.1
-0.50277 -0.7
-0.50253 -0.4
-0.50229 0.0
-0.50204 0.3
-0.5018 0.7
-0.50155 1.0
-0.50131 1.3
-0.50107 1.6
-0.50082 1.9
-0.50058 2.2
-0.50033 2.5
-0.50009 2.8
-0.49984 3.0
-0.4996 3.2
-0.49936 3.4
-0.49911 3.6
-0.49887 3.7
-0.49862 3.9
-0.49838 3.9
-0.49814 4.0
-0.49789 4.0
-0.49765 4.0
-0.4974 4.0
-0.49716 3.9
-0.49691 3.8
-0.49667 3.7
-0.49643 3.6
-0.49618 3.4
-0.49594 3.2
-0.49569 3.0
-0.49545 2.7
-0.49521 2.5
-0.49496 2.2
-0.49472 1.9
-0.49447 1.6
-0.49423 1.3
-0.49399 0.9
-0.49374 0.6
-0.4935 0.2
-0.49325 -0.1
-0.49301 -0.5
-0.49276 -0.8
-0.49252 -1.1
-0.49228 -1.5
-0.49203 -1.8
-0.49179 -2.1
-0.49154 -2.4
-0.4913 -2.7
-0.49106 -2.9
-0.49081 -3.1
-0.49057 -3.3
-0.49032 -3.5
-0.49008 -3.7
-0.48983 -3.8
-0.48959 -3.9
-0.48935 -4.0
-0.4891 -4.0
-0.48886 -4.0
-0.48861 -4.0
-0.48837 -4.0
-0.48813 -3.9
-0.48788 -3.8
-0.48764 -3.7
-0.48739 -3.5
-0.48715 -3.3
-0.48691 -3.1
-0.48666 -2.8
-0.48642 -2.6
-0.48617 -2.3
-0.48593 -2.0
-0.48568 -1.7
-0.48544 -1.4
-0.4852 -1.0
-0.48495 -0.7
-0.48471 -0.4
-0.48446 0.0
-0.48422 0.3
-0.48398 0.7
-0.48373 1.0
-0.48349 1.4
-0.48324 1.7
-0.483 2.0
-0.48275 2.3
-0.48251 2.6
-0.48227 2.9
-0.48202 3.1
-0.48178 3.3
-0.48153 3.5
-0.48129 3.7
-0.48105 3.8
-0.4808 3.9
-0.48056 4.0
-0.48031 4.0
-0.48007 4.1
-0.47983 4.0
-0.47958 4.0
-0.47934 3.9
-0.47909 3.8
-0.47885 3.7
-0.4786 3.5
-0.47836 3.3
-0.47812 3.1
-0.47787 2.9
-0.47763 2.6
-0.47738 2.4
-0.47714 2.1
-0.4769 1.8
-0.47665 1.4
-0.47641 1.1
-0.47616 0.7
-0.47592 0.4
-0.47567 0.0
-0.47543 -0.3
-0.47519 -0.7
-0.47494 -1.0
-0.4747 -1.4
-0.47445 -1.7
-0.47421 -2.0
-0.47397 -2.3
-0.47372 -2.6
-0.47348 -2.9
-0.47323 -3.1
-0.47299 -3.3
-0.47274 -3.5
-0.4725 -3.7
-0.47226 -3.8
-0.47201 -3.9
-0.47177 -4.0
-0.47152 -4.1
-0.47128 -4.1
-0.47104 -4.1
-0.47079 -4.0
-0.47055 -3.9
-0.4703 -3.8
-0.47006 -3.7
-0.46982 -3.5
-0.46957 -3.4
-0.46933 -3.1
-0.46908 -2.9
-0.46884 -2.6
-0.46859 -2.3
-0.46835 -2.0
-0.46811 -1.7
-0.46786 -1.4
-0.46762 -1.1
-0.46737 -0.7
-0.46713 -0.4
-0.46689 0.0
-0.46664 0.4
-0.4664 0.7
-0.46615 1.1
-0.46591 1.4
-0.46566 1.7
-0.46542 2.1
-0.46518 2.4
-0.46493 2.6
-0.46469 2.9
-0.46444 3.2
-0.4642 3.4
-0.46396 3.6
-0.46371 3.7
-0.46347 3.9
-0.46322 4.0
-0.46298 4.0
-0.46274 4.1
-0.46249 4.1
-0.46225 4.1
-0.462 4.0
-0.46176 3.9
-0.46151 3.8
-0.46127 3.7
-0.46103 3.5
-0.46078 3.3
-0.46054 3.1
-0.46029 2.8
-0.46005 2.6
-0.45981 2.3
-0.45956 2.0
-0.45932 1.6
-0.45907 1.3
-0.45883 0.9
-0.45858 0.6
-0.45834 0.2
-0.4581 -0.1
-0.45785 -0.5
-0.45761 -0.9
-0.45736 -1.2
-0.45712 -1.6
-0.45688 -1.9
-0.45663 -2.2
-0.45639 -2.5
-0.45614 -2.8
-0.4559 -3.0
-0.45566 -3.3
-0.45541 -3.5
-0.45517 -3.7
-0.45492 -3.8
-0.45468 -3.9
-0.45443 -4.0
-0.45419 -4.1
-0.45395 -4.1
-0.4537 -4.1
-0.45346 -4.1
-0.45321 -4.0
-0.45297 -3.9
-0.45273 -3.8
-0.45248 -3.6
-0.45224 -3.4
-0.45199 -3.2
-0.45175 -3.0
-0.4515 -2.7
-0.45126 -2.4
-0.45102 -2.1
-0.45077 -1.8
-0.45053 -1.4
-0.45028 -1.1
-0.45004 -0.7
-0.4498 -0.4
-0.44955 0.0
-0.44931 0.4
-0.44906 0.7
-0.44882 1.1
-0.44858 1.4
-0.44833 1.8
-0.44809 2.1
-0.44784 2.4
-0.4476 2.7
-0.44735 3.0
-0.44711 3.2
-0.44687 3.4
-0.44662 3.6
-0.44638 3.8
-0.44613 3.9
-0.44589 4.0
-0.44565 4.1
-0.4454 4.1
-0.44516 4.1
-0.44491 4.1
-0.44467 4.0
-0.44442 3.9
-0.44418 3.8
-0.44394 3.7
-0.44369 3.5
-0.44345 3.3
-0.4432 3.0
-0.44296 2.8
-0.44272 2.5
-0.44247 2.2
-0.44223 1.8
-0.44198 1.5
-0.44174 1.2
-0.44149 0.8
-0.44125 0.4
-0.44101 0.0
-0.44076 -0.3
-0.44052 -0.7
-0.44027 -1.0
-0.44003 -1.4
-0.43979 -1.7
-0.43954 -2.1
-0.4393 -2.4
-0.43905 -2.7
-0.43881 -2.9
-0.43857 -3.2
-0.43832 -3.4
-0.43808 -3.6
-0.43783 -3.8
-0.43759 -3.9
-0.43734 -4.0
-0.4371 -4.1
-0.43686 -4.1
-0.43661 -4.1
-0.43637 -4.1
-0.43612 -4.1
-0.43588 -4.0
-0.43564 -3.8
-0.43539 -3.7
-0.43515 -3.5
-0.4349 -3.3
-0.43466 -3.0
-0.43441 -2.8
-0.43417 -2.5
-0.43393 -2.2
-0.43368 -1.8
-0.43344 -1.5
-0.43319 -1.1
-0.43295 -0.8
-0.43271 -0.4
-0.43246 0.0
-0.43222 0.3
-0.43197 0.7
-0.43173 1.1
-0.43149 1.4
-0.43124 1.8
-0.431 2.1
-0.43075 2.4
-0.43051 2.7
-0.43026 3.0
-0.43002 3.2
-0.42978 3.5
-0.42953 3.7
-0.42929 3.8
-0.42904 4.0
-0.4288 4.1
-0.42856 4.1
-0.42831 4.2
-0.42807 4.2
-0.42782 4.1
-0.42758 4.1
-0.42733 4.0
-0.42709 3.8
-0.42685 3.7
-0.4266 3.5
-0.42636 3.2
-0.42611 3.0
-0.42587 2.7
-0.42563 2.4
-0.42538 2.1
-0.42514 1.8
-0.42489 1.4
-0.42465 1.0
-0.42441 0.7
-0.42416 0.3
-0.42392 0.0
-0.42367 -0.5
-0.42343 -0.8
-0.42318 -1.2
-0.42294 -1.6
-0.4227 -1.9
-0.42245 -2.2
-0.42221 -2.6
-0.42196 -2.8
-0.42172 -3.1
-0.42148 -3.4
-0.42123 -3.6
-0.42099 -3.8
-0.42074 -3.9
-0.4205 -4.0
-0.42025 -4.1
-0.42001 -4.2
-0.41977 -4.2
-0.41952 -4.2
-0.41928 -4.1
-0.41903 -4.0
-0.41879 -3.9
-0.41855 -3.8
-0.4183 -3.6
-0.41806 -3.4
-0.41781 -3.1
-0.41757 -2.9
-0.41733 -2.6
-0.41708 -2.3
-0.41684 -1.9
-0.41659 -1.6
-0.41635 -1.2
-0.4161 -0.8
-0.41586 -0.5
-0.41562 0.0
-0.41537 0.3
-0.41513 0.7
-0.41488 1.1
-0.41464 1.4
-0.4144 1.8
-0.41415 2.1
-0.41391 2.4
-0.41366 2.8
-0.41342 3.0
-0.41317 3.3
-0.41293 3.5
-0.41269 3.7
-0.41244 3.9
-0.4122 4.0
-0.41195 4.1
-0.41171 4.2
-0.41147 4.2
-0.41122 4.2
-0.41098 4.2
-0.41073 4.1
-0.41049 4.0
-0.41024 3.8
-0.41 3.6
-0.40976 3.4
-0.40951 3.2
-0.40927 2.9
-0.40902 2.7
-0.40878 2.3
-0.40854 2.0
-0.40829 1.7
-0.40805 1.3
-0.4078 0.9
-0.40756 0.5
-0.40732 0.2
-0.40707 -0.2
-0.40683 -0.6
-0.40658 -1.0
-0.40634 -1.4
-0.40609 -1.7
-0.40585 -2.1
-0.40561 -2.4
-0.40536 -2.7
-0.40512 -3.0
-0.40487 -3.3
-0.40463 -3.5
-0.40439 -3.7
-0.40414 -3.9
-0.4039 -4.0
-0.40365 -4.1
-0.40341 -4.2
-0.40316 -4.2
-0.40292 -4.2
-0.40268 -4.2
-0.40243 -4.1
-0.40219 -4.0
-0.40194 -3.8
-0.4017 -3.7
-0.40146 -3.5
-0.40121 -3.2
-0.40097 -3.0
-0.40072 -2.7
-0.40048 -2.3
-0.40024 -2.0
-0.39999 -1.7
-0.39975 -1.3
-0.3995 -0.9
-0.39926 -0.5
-0.39901 -0.1
-0.39877 0.3
-0.39853 0.7
-0.39828 1.0
-0.39804 1.4
-0.39779 1.8
-0.39755 2.1
-0.39731 2.5
-0.39706 2.8
-0.39682 3.1
-0.39657 3.3
-0.39633 3.5
-0.39608 3.8
-0.39584 3.9
-0.3956 4.1
-0.39535 4.2
-0.39511 4.2
-0.39486 4.2
-0.39462 4.2
-0.39438 4.2
-0.39413 4.1
-0.39389 4.0
-0.39364 3.8
-0.3934 3.6
-0.39316 3.4
-0.39291 3.2
-0.39267 2.9
-0.39242 2.6
-0.39218 2.3
-0.39193 1.9
-0.39169 1.6
-0.39145 1.2
-0.3912 0.8
-0.39096 0.4
-0.39071 0.0
-0.39047 -0.4
-0.39023 -0.8
-0.38998 -1.2
-0.38974 -1.5
-0.38949 -1.9
-0.38925 -2.3
-0.389 -2.6
-0.38876 -2.9
-0.38852 -3.2
-0.38827 -3.4
-0.38803 -3.6
-0.38778 -3.8
-0.38754 -4.0
-0.3873 -4.1
-0.38705 -4.2
-0.38681 -4.3
-0.38656 -4.3
-0.38632 -4.2
-0.38608 -4.2
-0.38583 -4.1
-0.38559 -3.9
-0.38534 -3.8
-0.3851 -3.6
-0.38485 -3.3
-0.38461 -3.1
-0.38437 -2.8
-0.38412 -2.4
-0.38388 -2.1
-0.38363 -1.8
-0.38339 -1.4
-0.38315 -1.0
-0.3829 -0.6
-0.38266 -0.2
-0.38241 0.2
-0.38217 0.6
-0.38192 1.0
-0.38168 1.4
-0.38144 1.8
-0.38119 2.1
-0.38095 2.5
-0.3807 2.8
-0.38046 3.1
-0.38022 3.3
-0.37997 3.6
-0.37973 3.8
-0.37948 4.0
-0.37924 4.1
-0.37899 4.2
-0.37875 4.3
-0.37851 4.3
-0.37826 4.3
-0.37802 4.2
-0.37777 4.1
-0.37753 4.0
-0.37729 3.8
-0.37704 3.6
-0.3768 3.4
-0.37655 3.1
-0.37631 2.9
-0.37607 2.5
-0.37582 2.2
-0.37558 1.8
-0.37533 1.5
-0.37509 1.1
-0.37484 0.7
-0.3746 0.3
-0.37436 -0.1
-0.37411 -0.5
-0.37387 -0.9
-0.37362 -1.3
-0.37338 -1.7
-0.37314 -2.1
-0.37289 -2.4
-0.37265 -2.8
-0.3724 -3.1
-0.37216 -3.3
-0.37191 -3.6
-0.37167 -3.8
-0.37143 -4.0
-0.37118 -4.1
-0.37094 -4.2
-0.37069 -4.3
-0.37045 -4.3
-0.37021 -4.3
-0.36996 -4.2
-0.36972 -4.2
-0.36947 -4.0
-0.36923 -3.9
-0.36899 -3.7
-0.36874 -3.4
-0.3685 -3.2
-0.36825 -2.9
-0.36801 -2.6
-0.36776 -2.2
-0.36752 -1.8
-0.36728 -1.5
-0.36703 -1.1
-0.36679 -0.7
-0.36654 -0.3
-0.3663 0.2
-0.36606 0.6
-0.36581 1.0
-0.36557 1.4
-0.36532 1.8
-0.36508 2.1
-0.36483 2.5
-0.36459 2.8
-0.36435 3.1
-0.3641 3.4
-0.36386 3.6
-0.36361 3.8
-0.36337 4.0
-0.36313 4.1
-0.36288 4.2
-0.36264 4.3
-0.36239 4.3
-0.36215 4.3
-0.36191 4.3
-0.36166 4.2
-0.36142 4.0
-0.36117 3.8
-0.36093 3.6
-0.36068 3.4
-0.36044 3.1
-0.3602 2.8
-0.35995 2.5
-0.35971 2.1
-0.35946 1.8
-0.35922 1.4
-0.35898 1.0
-0.35873 0.6
-0.35849 0.1
-0.35824 -0.3
-0.358 -0.7
-0.35775 -1.1
-0.35751 -1.5
-0.35727 -1.9
-0.35702 -2.3
-0.35678 -2.6
-0.35653 -2.9
-0.35629 -3.2
-0.35605 -3.5
-0.3558 -3.7
-0.35556 -3.9
-0.35531 -4.1
-0.35507 -4.2
-0.35483 -4.3
-0.35458 -4.3
-0.35434 -4.3
-0.35409 -4.3
-0.35385 -4.2
-0.3536 -4.1
-0.35336 -4.0
-0.35312 -3.8
-0.35287 -3.5
-0.35263 -3.3
-0.35238 -3.0
-0.35214 -2.7
-0.3519 -2.3
-0.35165 -1.9
-0.35141 -1.6
-0.35116 -1.2
-0.35092 -0.7
-0.35067 -0.3
-0.35043 0.0
-0.35019 0.5
-0.34994 0.9
-0.3497 1.3
-0.34945 1.7
-0.34921 2.1
-0.34897 2.5
-0.34872 2.8
-0.34848 3.1
-0.34823 3.4
-0.34799 3.7
-0.34774 3.9
-0.3475 4.1
-0.34726 4.2
-0.34701 4.3
-0.34677 4.4
-0.34652 4.4
-0.34628 4.3
-0.34604 4.3
-0.34579 4.2
-0.34555 4.0
-0.3453 3.8
-0.34506 3.6
-0.34482 3.4
-0.34457 3.1
-0.34433 2.8
-0.34408 2.4
-0.34384 2.0
-0.34359 1.7
-0.34335 1.3
-0.34311 0.8
-0.34286 0.4
-0.34262 0.0
-0.34237 -0.4
-0.34213 -0.9
-0.34189 -1.3
-0.34164 -1.7
-0.3414 -2.1
-0.34115 -2.5
-0.34091 -2.8
-0.34066 -3.1
-0.34042 -3.4
-0.34018 -3.7
-0.33993 -3.9
-0.33969 -4.1
-0.33944 -4.2
-0.3392 -4.3
-0.33896 -4.4
-0.33871 -4.4
-0.33847 -4.4
-0.33822 -4.3
-0.33798 -4.2
-0.33774 -4.1
-0.33749 -3.9
-0.33725 -3.6
-0.337 -3.4
-0.33676 -3.1
-0.33651 -2.8
-0.33627 -2.4
-0.33603 -2.0
-0.33578 -1.6
-0.33554 -1.2
-0.33529 -0.8
-0.33505 -0.4
-0.33481 0.0
-0.33456 0.5
-0.33432 0.9
-0.33407 1.3
-0.33383 1.7
-0.33358 2.1
-0.33334 2.5
-0.3331 2.9
-0.33285 3.2
-0.33261 3.5
-0.33236 3.7
-0.33212 3.9
-0.33188 4.1
-0.33163 4.3
-0.33139 4.4
-0.33114 4.4
-0.3309 4.4
-0.33066 4.4
-0.33041 4.3
-0.33017 4.2
-0.32992 4.0
-0.32968 3.8
-0.32943 3.6
-0.32919 3.3
-0.32895 3.0
-0.3287 2.7
-0.32846 2.3
-0.32821 1.9
-0.32797 1.5
-0.32773 1.1
-0.32748 0.7
-0.32724 0.2
-0.32699 -0.2
-0.32675 -0.6
-0.3265 -1.1
-0.32626 -1.5
-0.32602 -1.9
-0.32577 -2.3
-0.32553 -2.7
-0.32528 -3.0
-0.32504 -3.3
-0.3248 -3.6
-0.32455 -3.8
-0.32431 -4.0
-0.32406 -4.2
-0.32382 -4.3
-0.32358 -4.4
-0.32333 -4.4
-0.32309 -4.4
-0.32284 -4.4
-0.3226 -4.3
-0.32235 -4.1
-0.32211 -4.0
-0.32187 -3.7
-0.32162 -3.5
-0.32138 -3.2
-0.32113 -2.9
-0.32089 -2.5
-0.32065 -2.1
-0.3204 -1.7
-0.32016 -1.3
-0.31991 -0.9
-0.31967 -0.4
-0.31942 0.0
-0.31918 0.5
-0.31894 0.9
-0.31869 1.3
-0.31845 1.8
-0.3182 2.2
-0.31796 2.5
-0.31772 2.9
-0.31747 3.2
-0.31723 3.5
-0.31698 3.8
-0.31674 4.0
-0.31649 4.2
-0.31625 4.3
-0.31601 4.4
-0.31576 4.5
-0.31552 4.5
-0.31527 4.4
-0.31503 4.3
-0.31479 4.2
-0.31454 4.0
-0.3143 3.8
-0.31405 3.6
-0.31381 3.3
-0.31357 3.0
-0.31332 2.6
-0.31308 2.2
-0.31283 1.8
-0.31259 1.4
-0.31234 1.0
-0.3121 0.5
-0.31186 0.0
-0.31161 -0.4
-0.31137 -0.8
-0.31112 -1.3
-0.31088 -1.7
-0.31064 -2.1
-0.31039 -2.5
-0.31015 -2.9
-0.3099 -3.2
-0.30966 -3.5
-0.30941 -3.8
-0.30917 -4.0
-0.30893 -4.2
-0.30868 -4.3
-0.30844 -4.4
-0.30819 -4.5
-0.30795 -4.5
-0.30771 -4.4
-0.30746 -4.4
-0.30722 -4.2
-0.30697 -4.1
-0.30673 -3.8
-0.30649 -3.6
-0.30624 -3.3
-0.306 -2.9
-0.30575 -2.6
-0.30551 -2.2
-0.30526 -1.8
-0.30502 -1.4
-0.30478 -0.9
-0.30453 -0.5
-0.30429 0.0
-0.30404 0.5
-0.3038 0.9
-0.30356 1.4
-0.30331 1.8
-0.30307 2.2
-0.30282 2.6
-0.30258 3.0
-0.30233 3.3
-0.30209 3.6
-0.30185 3.9
-0.3016 4.1
-0.30136 4.3
-0.30111 4.4
-0.30087 4.5
-0.30063 4.5
-0.30038 4.5
-0.30014 4.5
-0.29989 4.4
-0.29965 4.2
-0.29941 4.0
-0.29916 3.8
-0.29892 3.5
-0.29867 3.2
-0.29843 2.9
-0.29818 2.5
-0.29794 2.1
-0.2977 1.7
-0.29745 1.2
-0.29721 0.8
-0.29696 0.3
-0.29672 -0.2
-0.29648 -0.6
-0.29623 -1.1
-0.29599 -1.5
-0.29574 -2.0
-0.2955 -2.4
-0.29525 -2.8
-0.29501 -3.1
-0.29477 -3.5
-0.29452 -3.7
-0.29428 -4.0
-0.29403 -4.2
-0.29379 -4.3
-0.29355 -4.5
-0.2933 -4.5
-0.29306 -4.5
-0.29281 -4.5
-0.29257 -4.4
-0.29233 -4.3
-0.29208 -4.1
-0.29184 -3.9
-0.29159 -3.7
-0.29135 -3.4
-0.2911 -3.0
-0.29086 -2.6
-0.29062 -2.2
-0.29037 -1.8
-0.29013 -1.4
-0.28988 -0.9
-0.28964 -0.5
-0.2894 0.0
-0.28915 0.5
-0.28891 1.0
-0.28866 1.4
-0.28842 1.9
-0.28817 2.3
-0.28793 2.7
-0.28769 3.0
-0.28744 3.4
-0.2872 3.7
-0.28695 3.9
-0.28671 4.2
-0.28647 4.3
-0.28622 4.5
-0.28598 4.5
-0.28573 4.6
-0.28549 4.5
-0.28524 4.5
-0.285 4.4
-0.28476 4.2
-0.28451 4.0
-0.28427 3.7
-0.28402 3.4
-0.28378 3.1
-0.28354 2.7
-0.28329 2.3
-0.28305 1.9
-0.2828 1.4
-0.28256 1.0
-0.28232 0.5
-0.28207 0.0
-0.28183 -0.5
-0.28158 -0.9
-0.28134 -1.4
-0.28109 -1.8
-0.28085 -2.3
-0.28061 -2.7
-0.28036 -3.1
-0.28012 -3.4
-0.27987 -3.7
-0.27963 -4.0
-0.27939 -4.2
-0.27914 -4.4
-0.2789 -4.5
-0.27865 -4.6
-0.27841 -4.6
-0.27816 -4.6
-0.27792 -4.5
-0.27768 -4.4
-0.27743 -4.2
-0.27719 -4.0
-0.27694 -3.7
-0.2767 -3.4
-0.27646 -3.1
-0.27621 -2.7
-0.27597 -2.3
-0.27572 -1.8
-0.27548 -1.4
-0.27524 -0.9
-0.27499 -0.4
-0.27475 0.0
-0.2745 0.5
-0.27426 1.0
-0.27401 1.5
-0.27377 2.0
-0.27353 2.4
-0.27328 2.8
-0.27304 3.2
-0.27279 3.5
-0.27255 3.8
-0.27231 4.1
-0.27206 4.3
-0.27182 4.4
-0.27157 4.5
-0.27133 4.6
-0.27108 4.6
-0.27084 4.6
-0.2706 4.5
-0.27035 4.3
-0.27011 4.1
-0.26986 3.9
-0.26962 3.6
-0.26938 3.3
-0.26913 2.9
-0.26889 2.5
-0.26864 2.1
-0.2684 1.7
-0.26816 1.2
-0.26791 0.7
-0.26767 0.2
-0.26742 -0.3
-0.26718 -0.8
-0.26693 -1.3
-0.26669 -1.7
-0.26645 -2.2
-0.2662 -2.6
-0.26596 -3.0
-0.26571 -3.4
-0.26547 -3.7
-0.26523 -4.0
-0.26498 -4.2
-0.26474 -4.4
-0.26449 -4.5
-0.26425 -4.6
-0.264 -4.7
-0.26376 -4.6
-0.26352 -4.6
-0.26327 -4.4
-0.26303 -4.2
-0.26278 -4.0
-0.26254 -3.7
-0.2623 -3.4
-0.26205 -3.1
-0.26181 -2.7
-0.26156 -2.3
-0.26132 -1.8
-0.26108 -1.3
-0.26083 -0.8
-0.26059 -0.3
-0.26034 0.2
-0.2601 0.7
-0.25985 1.2
-0.25961 1.6
-0.25937 2.1
-0.25912 2.5
-0.25888 2.9
-0.25863 3.3
-0.25839 3.7
-0.25815 4.0
-0.2579 4.2
-0.25766 4.4
-0.25741 4.5
-0.25717 4.6
-0.25692 4.7
-0.25668 4.7
-0.25644 4.6
-0.25619 4.5
-0.25595 4.3
-0.2557 4.1
-0.25546 3.8
-0.25522 3.5
-0.25497 3.1
-0.25473 2.7
-0.25448 2.3
-0.25424 1.8
-0.25399 1.3
-0.25375 0.8
-0.25351 0.3
-0.25326 -0.2
-0.25302 -0.7
-0.25277 -1.2
-0.25253 -1.7
-0.25229 -2.1
-0.25204 -2.6
-0.2518 -3.0
-0.25155 -3.4
-0.25131 -3.7
-0.25107 -4.0
-0.25082 -4.3
-0.25058 -4.4
-0.25033 -4.6
-0.25009 -4.7
-0.24984 -4.7
-0.2496 -4.7
-0.24936 -4.6
-0.24911 -4.5
-0.24887 -4.3
-0.24862 -4.0
-0.24838 -3.8
-0.24814 -3.4
-0.24789 -3.0
-0.24765 -2.6
-0.2474 -2.2
-0.24716 -1.7
-0.24691 -1.2
-0.24667 -0.7
-0.24643 -0.2
-0.24618 0.3
-0.24594 0.8
-0.24569 1.3
-0.24545 1.8
-0.24521 2.3
-0.24496 2.7
-0.24472 3.2
-0.24447 3.5
-0.24423 3.9
-0.24399 4.1
-0.24374 4.4
-0.2435 4.5
-0.24325 4.7
-0.24301 4.7
-0.24276 4.7
-0.24252 4.7
-0.24228 4.6
-0.24203 4.4
-0.24179 4.2
-0.24154 3.9
-0.2413 3.6
-0.24106 3.3
-0.24081 2.8
-0.24057 2.4
-0.24032 1.9
-0.24008 1.5
-0.23983 0.9
-0.23959 0.4
-0.23935 -0.1
-0.2391 -0.6
-0.23886 -1.2
-0.23861 -1.7
-0.23837 -2.1
-0.23813 -2.6
-0.23788 -3.0
-0.23764 -3.4
-0.23739 -3.8
-0.23715 -4.1
-0.23691 -4.3
-0.23666 -4.5
-0.23642 -4.7
-0.23617 -4.7
-0.23593 -4.8
-0.23568 -4.7
-0.23544 -4.6
-0.2352 -4.5
-0.23495 -4.3
-0.23471 -4.0
-0.23446 -3.7
-0.23422 -3.4
-0.23398 -3.0
-0.23373 -2.5
-0.23349 -2.0
-0.23324 -1.5
-0.233 -1.0
-0.23275 -0.5
-0.23251 0.0
-0.23227 0.6
-0.23202 1.1
-0.23178 1.6
-0.23153 2.1
-0.23129 2.6
-0.23105 3.0
-0.2308 3.4
-0.23056 3.8
-0.23031 4.1
-0.23007 4.3
-0.22983 4.5
-0.22958 4.7
-0.22934 4.8
-0.22909 4.8
-0.22885 4.8
-0.2286 4.7
-0.22836 4.5
-0.22812 4.3
-0.22787 4.0
-0.22763 3.7
-0.22738 3.3
-0.22714 2.9
-0.2269 2.5
-0.22665 2.0
-0.22641 1.5
-0.22616 1.0
-0.22592 0.4
-0.22567 -0.1
-0.22543 -0.7
-0.22519 -1.2
-0.22494 -1.7
-0.2247 -2.2
-0.22445 -2.7
-0.22421 -3.1
-0.22397 -3.5
-0.22372 -3.9
-0.22348 -4.2
-0.22323 -4.4
-0.22299 -4.6
-0.22274 -4.8
-0.2225 -4.8
-0.22226 -4.8
-0.22201 -4.8
-0.22177 -4.7
-0.22152 -4.5
-0.22128 -4.2
-0.22104 -4.0
-0.22079 -3.6
-0.22055 -3.2
-0.2203 -2.8
-0.22006 -2.3
-0.21982 -1.8
-0.21957 -1.3
-0.21933 -0.8
-0.21908 -0.2
-0.21884 0.4
-0.21859 0.9
-0.21835 1.4
-0.21811 2.0
-0.21786 2.5
-0.21762 2.9
-0.21737 3.4
-0.21713 3.7
-0.21689 4.1
-0.21664 4.3
-0.2164 4.6
-0.21615 4.7
-0.21591 4.8
-0.21566 4.9
-0.21542 4.8
-0.21518 4.7
-0.21493 4.6
-0.21469 4.4
-0.21444 4.1
-0.2142 3.8
-0.21396 3.4
-0.21371 3.0
-0.21347 2.5
-0.21322 2.0
-0.21298 1.5
-0.21274 0.9
-0.21249 0.4
-0.21225 -0.2
-0.212 -0.8
-0.21176 -1.3
-0.21151 -1.9
-0.21127 -2.4
-0.21103 -2.8
-0.21078 -3.3
-0.21054 -3.7
-0.21029 -4.0
-0.21005 -4.3
-0.20981 -4.6
-0.20956 -4.7
-0.20932 -4.9
-0.20907 -4.9
-0.20883 -4.9
-0.20858 -4.8
-0.20834 -4.6
-0.2081 -4.4
-0.20785 -4.2
-0.20761 -3.8
-0.20736 -3.4
-0.20712 -3.0
-0.20688 -2.5
-0.20663 -2.0
-0.20639 -1.5
-0.20614 -0.9
-0.2059 -0.4
-0.20566 0.2
-0.20541 0.8
-0.20517 1.4
-0.20492 1.9
-0.20468 2.4
-0.20443 2.9
-0.20419 3.4
-0.20395 3.8
-0.2037 4.1
-0.20346 4.4
-0.20321 4.6
-0.20297 4.8
-0.20273 4.9
-0.20248 4.9
-0.20224 4.9
-0.20199 4.8
-0.20175 4.6
-0.2015 4.4
-0.20126 4.1
-0.20102 3.8
-0.20077 3.4
-0.20053 2.9
-0.20028 2.4
-0.20004 1.9
-0.1998 1.3
-0.19955 0.8
-0.19931 0.2
-0.19906 -0.4
-0.19882 -1.0
-0.19858 -1.6
-0.19833 -2.1
-0.19809 -2.6
-0.19784 -3.1
-0.1976 -3.5
-0.19735 -3.9
-0.19711 -4.3
-0.19687 -4.5
-0.19662 -4.7
-0.19638 -4.9
-0.19613 -5.0
-0.19589 -5.0
-0.19565 -4.9
-0.1954 -4.8
-0.19516 -4.6
-0.19491 -4.3
-0.19467 -4.0
-0.19442 -3.6
-0.19418 -3.1
-0.19394 -2.7
-0.19369 -2.1
-0.19345 -1.6
-0.1932 -1.0
-0.19296 -0.4
-0.19272 0.2
-0.19247 0.8
-0.19223 1.4
-0.19198 1.9
-0.19174 2.5
-0.19149 3.0
-0.19125 3.4
-0.19101 3.8
-0.19076 4.2
-0.19052 4.5
-0.19027 4.7
-0.19003 4.9
-0.18979 5.0
-0.18954 5.0
-0.1893 5.0
-0.18905 4.8
-0.18881 4.6
-0.18857 4.4
-0.18832 4.1
-0.18808 3.7
-0.18783 3.2
-0.18759 2.8
-0.18734 2.2
-0.1871 1.7
-0.18686 1.1
-0.18661 0.5
-0.18637 -0.1
-0.18612 -0.7
-0.18588 -1.3
-0.18564 -1.9
-0.18539 -2.5
-0.18515 -3.0
-0.1849 -3.4
-0.18466 -3.9
-0.18441 -4.2
-0.18417 -4.5
-0.18393 -4.8
-0.18368 -4.9
-0.18344 -5.0
-0.18319 -5.1
-0.18295 -5.0
-0.18271 -4.9
-0.18246 -4.7
-0.18222 -4.4
-0.18197 -4.0
-0.18173 -3.6
-0.18149 -3.2
-0.18124 -2.7
-0.181 -2.1
-0.18075 -1.6
-0.18051 -1.0
-0.18026 -0.4
-0.18002 0.3
-0.17978 0.9
-0.17953 1.5
-0.17929 2.1
-0.17904 2.6
-0.1788 3.1
-0.17856 3.6
-0.17831 4.0
-0.17807 4.4
-0.17782 4.7
-0.17758 4.9
-0.17733 5.0
-0.17709 5.1
-0.17685 5.1
-0.1766 5.0
-0.17636 4.8
-0.17611 4.6
-0.17587 4.3
-0.17563 3.9
-0.17538 3.5
-0.17514 3.0
-0.17489 2.5
-0.17465 1.9
-0.17441 1.3
-0.17416 0.7
-0.17392 0.0
-0.17367 -0.6
-0.17343 -1.2
-0.17318 -1.8
-0.17294 -2.4
-0.1727 -3.0
-0.17245 -3.4
-0.17221 -3.9
-0.17196 -4.3
-0.17172 -4.6
-0.17148 -4.8
-0.17123 -5.0
-0.17099 -5.1
-0.17074 -5.1
-0.1705 -5.1
-0.17025 -4.9
-0.17001 -4.7
-0.16977 -4.4
-0.16952 -4.0
-0.16928 -3.6
-0.16903 -3.1
-0.16879 -2.6
-0.16855 -2.0
-0.1683 -1.4
-0.16806 -0.8
-0.16781 -0.1
-0.16757 0.5
-0.16733 1.1
-0.16708 1.8
-0.16684 2.4
-0.16659 2.9
-0.16635 3.4
-0.1661 3.9
-0.16586 4.3
-0.16562 4.6
-0.16537 4.9
-0.16513 5.1
-0.16488 5.2
-0.16464 5.2
-0.1644 5.1
-0.16415 5.0
-0.16391 4.7
-0.16366 4.4
-0.16342 4.1
-0.16317 3.6
-0.16293 3.1
-0.16269 2.6
-0.16244 2.0
-0.1622 1.4
-0.16195 0.7
-0.16171 0.0
-0.16147 -0.6
-0.16122 -1.3
-0.16098 -1.9
-0.16073 -2.5
-0.16049 -3.1
-0.16024 -3.6
-0.16 -4.0
-0.15976 -4.4
-0.15951 -4.7
-0.15927 -5.0
-0.15902 -5.1
-0.15878 -5.2
-0.15854 -5.2
-0.15829 -5.1
-0.15805 -4.9
-0.1578 -4.7
-0.15756 -4.3
-0.15732 -3.9
-0.15707 -3.5
-0.15683 -2.9
-0.15658 -2.3
-0.15634 -1.7
-0.15609 -1.1
-0.15585 -0.4
-0.15561 0.3
-0.15536 0.9
-0.15512 1.6
-0.15487 2.2
-0.15463 2.8
-0.15439 3.4
-0.15414 3.9
-0.1539 4.3
-0.15365 4.6
-0.15341 4.9
-0.15316 5.1
-0.15292 5.2
-0.15268 5.3
-0.15243 5.2
-0.15219 5.0
-0.15194 4.8
-0.1517 4.5
-0.15146 4.1
-0.15121 3.6
-0.15097 3.1
-0.15072 2.5
-0.15048 1.9
-0.15024 1.2
-0.14999 0.6
-0.14975 -0.1
-0.1495 -0.8
-0.14926 -1.5
-0.14901 -2.1
-0.14877 -2.7
-0.14853 -3.3
-0.14828 -3.8
-0.14804 -4.3
-0.14779 -4.7
-0.14755 -4.9
-0.14731 -5.2
-0.14706 -5.3
-0.14682 -5.3
-0.14657 -5.2
-0.14633 -5.1
-0.14608 -4.9
-0.14584 -4.5
-0.1456 -4.1
-0.14535 -3.7
-0.14511 -3.1
-0.14486 -2.5
-0.14462 -1.9
-0.14438 -1.2
-0.14413 -0.5
-0.14389 0.2
-0.14364 0.9
-0.1434 1.6
-0.14316 2.3
-0.14291 2.9
-0.14267 3.4
-0.14242 4.0
-0.14218 4.4
-0.14193 4.8
-0.14169 5.0
-0.14145 5.2
-0.1412 5.3
-0.14096 5.3
-0.14071 5.3
-0.14047 5.1
-0.14023 4.8
-0.13998 4.4
-0.13974 4.0
-0.13949 3.5
-0.13925 2.9
-0.139 2.3
-0.13876 1.6
-0.13852 0.9
-0.13827 0.2
-0.13803 -0.5
-0.13778 -1.2
-0.13754 -1.9
-0.1373 -2.6
-0.13705 -3.2
-0.13681 -3.8
-0.13656 -4.2
-0.13632 -4.7
-0.13608 -5.0
-0.13583 -5.2
-0.13559 -5.4
-0.13534 -5.4
-0.1351 -5.4
-0.13485 -5.2
-0.13461 -5.0
-0.13437 -4.6
-0.13412 -4.2
-0.13388 -3.7
-0.13363 -3.1
-0.13339 -2.5
-0.13315 -1.8
-0.1329 -1.1
-0.13266 -0.4
-0.13241 0.4
-0.13217 1.1
-0.13192 1.8
-0.13168 2.5
-0.13144 3.1
-0.13119 3.7
-0.13095 4.2
-0.1307 4.7
-0.13046 5.0
-0.13022 5.3
-0.12997 5.4
-0.12973 5.5
-0.12948 5.4
-0.12924 5.3
-0.12899 5.0
-0.12875 4.7
-0.12851 4.2
-0.12826 3.7
-0.12802 3.1
-0.12777 2.5
-0.12753 1.8
-0.12729 1.1
-0.12704 0.3
-0.1268 -0.4
-0.12655 -1.2
-0.12631 -1.9
-0.12607 -2.6
-0.12582 -3.3
-0.12558 -3.8
-0.12533 -4.4
-0.12509 -4.8
-0.12484 -5.1
-0.1246 -5.4
-0.12436 -5.5
-0.12411 -5.5
-0.12387 -5.4
-0.12362 -5.2
-0.12338 -5.0
-0.12314 -4.6
-0.12289 -4.1
-0.12265 -3.5
-0.1224 -2.9
-0.12216 -2.2
-0.12191 -1.5
-0.12167 -0.8
-0.12143 0.0
-0.12118 0.8
-0.12094 1.6
-0.12069 2.3
-0.12045 3.0
-0.12021 3.6
-0.11996 4.2
-0.11972 4.6
-0.11947 5.0
-0.11923 5.3
-0.11899 5.5
-0.11874 5.6
-0.1185 5.5
-0.11825 5.4
-0.11801 5.1
-0.11776 4.8
-0.11752 4.3
-0.11728 3.8
-0.11703 3.1
-0.11679 2.4
-0.11654 1.7
-0.1163 0.9
-0.11606 0.1
-0.11581 -0.7
-0.11557 -1.4
-0.11532 -2.2
-0.11508 -2.9
-0.11483 -3.6
-0.11459 -4.1
-0.11435 -4.6
-0.1141 -5.1
-0.11386 -5.4
-0.11361 -5.5
-0.11337 -5.6
-0.11313 -5.6
-0.11288 -5.4
-0.11264 -5.2
-0.11239 -4.8
-0.11215 -4.3
-0.11191 -3.8
-0.11166 -3.1
-0.11142 -2.4
-0.11117 -1.6
-0.11093 -0.9
-0.11068 0.0
-0.11044 0.8
-0.1102 1.6
-0.10995 2.4
-0.10971 3.1
-0.10946 3.7
-0.10922 4.3
-0.10898 4.8
-0.10873 5.2
-0.10849 5.5
-0.10824 5.6
-0.108 5.7
-0.10775 5.6
-0.10751 5.4
-0.10727 5.1
-0.10702 4.7
-0.10678 4.2
-0.10653 3.5
-0.10629 2.9
-0.10605 2.1
-0.1058 1.3
-0.10556 0.5
-0.10531 -0.4
-0.10507 -1.2
-0.10483 -2.0
-0.10458 -2.8
-0.10434 -3.5
-0.10409 -4.1
-0.10385 -4.7
-0.1036 -5.1
-0.10336 -5.4
-0.10312 -5.7
-0.10287 -5.7
-0.10263 -5.7
-0.10238 -5.5
-0.10214 -5.3
-0.1019 -4.9
-0.10165 -4.3
-0.10141 -3.7
-0.10116 -3.0
-0.10092 -2.3
-0.10067 -1.5
-0.10043 -0.6
-0.10019 0.3
-0.09994 1.1
-0.0997 2.0
-0.09945 2.7
-0.09921 3.5
-0.09897 4.1
-0.09872 4.7
-0.09848 5.2
-0.09823 5.5
-0.09799 5.7
-0.09774 5.8
-0.0975 5.8
-0.09726 5.6
-0.09701 5.3
-0.09677 4.9
-0.09652 4.3
-0.09628 3.7
-0.09604 3.0
-0.09579 2.2
-0.09555 1.3
-0.0953 0.4
-0.09506 -0.5
-0.09482 -1.3
-0.09457 -2.2
-0.09433 -3.0
-0.09408 -3.7
-0.09384 -4.4
-0.09359 -4.9
-0.09335 -5.4
-0.09311 -5.7
-0.09286 -5.8
-0.09262 -5.9
-0.09237 -5.8
-0.09213 -5.5
-0.09189 -5.2
-0.09164 -4.7
-0.0914 -4.1
-0.09115 -3.4
-0.09091 -2.6
-0.09066 -1.7
-0.09042 -0.8
-0.09018 0.0
-0.08993 1.0
-0.08969 1.9
-0.08944 2.7
-0.0892 3.5
-0.08896 4.2
-0.08871 4.8
-0.08847 5.3
-0.08822 5.7
-0.08798 5.9
-0.08774 6.0
-0.08749 5.9
-0.08725 5.7
-0.087 5.3
-0.08676 4.8
-0.08651 4.2
-0.08627 3.5
-0.08603 2.7
-0.08578 1.8
-0.08554 0.9
-0.08529 0.0
-0.08505 -1.0
-0.08481 -1.9
-0.08456 -2.8
-0.08432 -3.6
-0.08407 -4.3
-0.08383 -4.9
-0.08358 -5.4
-0.08334 -5.8
-0.0831 -6.0
-0.08285 -6.0
-0.08261 -5.9
-0.08236 -5.7
-0.08212 -5.3
-0.08188 -4.8
-0.08163 -4.1
-0.08139 -3.3
-0.08114 -2.5
-0.0809 -1.6
-0.08066 -0.6
-0.08041 0.4
-0.08017 1.4
-0.07992 2.3
-0.07968 3.2
-0.07943 4.0
-0.07919 4.7
-0.07895 5.2
-0.0787 5.7
-0.07846 6.0
-0.07821 6.1
-0.07797 6.1
-0.07773 5.9
-0.07748 5.5
-0.07724 5.0
-0.07699 4.4
-0.07675 3.7
-0.0765 2.8
-0.07626 1.9
-0.07602 0.9
-0.07577 -0.1
-0.07553 -1.1
-0.07528 -2.1
-0.07504 -3.0
-0.0748 -3.9
-0.07455 -4.6
-0.07431 -5.2
-0.07406 -5.7
-0.07382 -6.0
-0.07358 -6.2
-0.07333 -6.2
-0.07309 -6.0
-0.07284 -5.6
-0.0726 -5.1
-0.07235 -4.5
-0.07211 -3.7
-0.07187 -2.8
-0.07162 -1.8
-0.07138 -0.8
-0.07113 0.3
-0.07089 1.3
-0.07065 2.3
-0.0704 3.3
-0.07016 4.1
-0.06991 4.9
-0.06967 5.5
-0.06942 5.9
-0.06918 6.2
-0.06894 6.3
-0.06869 6.2
-0.06845 5.9
-0.0682 5.5
-0.06796 4.9
-0.06772 4.2
-0.06747 3.3
-0.06723 2.4
-0.06698 1.3
-0.06674 0.2
-0.06649 -0.9
-0.06625 -1.9
-0.06601 -2.9
-0.06576 -3.9
-0.06552 -4.7
-0.06527 -5.4
-0.06503 -5.9
-0.06479 -6.2
-0.06454 -6.4
-0.0643 -6.3
-0.06405 -6.1
-0.06381 -5.7
-0.06357 -5.1
-0.06332 -4.4
-0.06308 -3.5
-0.06283 -2.5
-0.06259 -1.4
-0.06234 -0.3
-0.0621 0.8
-0.06186 1.9
-0.06161 3.0
-0.06137 3.9
-0.06112 4.8
-0.06088 5.5
-0.06064 6.0
-0.06039 6.3
-0.06015 6.5
-0.0599 6.4
-0.05966 6.1
-0.05941 5.7
-0.05917 5.0
-0.05893 4.2
-0.05868 3.3
-0.05844 2.2
-0.05819 1.1
-0.05795 -0.1
-0.05771 -1.3
-0.05746 -2.4
-0.05722 -3.5
-0.05697 -4.4
-0.05673 -5.2
-0.05649 -5.9
-0.05624 -6.3
-0.056 -6.6
-0.05575 -6.6
-0.05551 -6.4
-0.05526 -6.0
-0.05502 -5.3
-0.05478 -4.5
-0.05453 -3.6
-0.05429 -2.5
-0.05404 -1.3
-0.0538 -0.1
-0.05356 1.1
-0.05331 2.3
-0.05307 3.4
-0.05282 4.4
-0.05258 5.3
-0.05233 5.9
-0.05209 6.4
-0.05185 6.7
-0.0516 6.7
-0.05136 6.5
-0.05111 6.0
-0.05087 5.4
-0.05063 4.5
-0.05038 3.5
-0.05014 2.3
-0.04989 1.1
-0.04965 -0.2
-0.04941 -1.4
-0.04916 -2.7
-0.04892 -3.8
-0.04867 -4.8
-0.04843 -5.6
-0.04818 -6.3
-0.04794 -6.7
-0.0477 -6.8
-0.04745 -6.7
-0.04721 -6.4
-0.04696 -5.8
-0.04672 -5.0
-0.04648 -4.0
-0.04623 -2.8
-0.04599 -1.6
-0.04574 -0.2
-0.0455 1.1
-0.04525 2.4
-0.04501 3.6
-0.04477 4.7
-0.04452 5.6
-0.04428 6.3
-0.04403 6.8
-0.04379 7.0
-0.04355 6.9
-0.0433 6.5
-0.04306 5.9
-0.04281 5.0
-0.04257 4.0
-0.04233 2.8
-0.04208 1.4
-0.04184 0.0
-0.04159 -1.4
-0.04135 -2.7
-0.0411 -4.0
-0.04086 -5.1
-0.04062 -6.0
-0.04037 -6.6
-0.04013 -7.0
-0.03988 -7.1
-0.03964 -6.9
-0.0394 -6.4
-0.03915 -5.6
-0.03891 -4.6
-0.03866 -3.4
-0.03842 -2.0
-0.03817 -0.6
-0.03793 0.9
-0.03769 2.4
-0.03744 3.7
-0.0372 5.0
-0.03695 5.9
-0.03671 6.7
-0.03647 7.1
-0.03622 7.3
-0.03598 7.1
-0.03573 6.6
-0.03549 5.8
-0.03524 4.7
-0.035 3.4
-0.03476 1.9
-0.03451 0.4
-0.03427 -1.2
-0.03402 -2.7
-0.03378 -4.1
-0.03354 -5.4
-0.03329 -6.3
-0.03305 -7.0
-0.0328 -7.4
-0.03256 -7.4
-0.03232 -7.0
-0.03207 -6.4
-0.03183 -5.4
-0.03158 -4.1
-0.03134 -2.6
-0.03109 -1.0
-0.03085 0.7
-0.03061 2.3
-0.03036 3.9
-0.03012 5.2
-0.02987 6.3
-0.02963 7.1
-0.02939 7.5
-0.02914 7.6
-0.0289 7.2
-0.02865 6.5
-0.02841 5.5
-0.02816 4.1
-0.02792 2.5
-0.02768 0.8
-0.02743 -1.0
-0.02719 -2.8
-0.02694 -4.4
-0.0267 -5.8
-0.02646 -6.8
-0.02621 -7.5
-0.02597 -7.8
-0.02572 -7.7
-0.02548 -7.1
-0.02524 -6.1
-0.02499 -4.8
-0.02475 -3.2
-0.0245 -1.3
-0.02426 0.6
-0.02401 2.5
-0.02377 4.2
-0.02353 5.8
-0.02328 7.0
-0.02304 7.7
-0.02279 8.1
-0.02255 7.9
-0.02231 7.2
-0.02206 6.1
-0.02182 4.6
-0.02157 2.8
-0.02133 0.8
-0.02108 -1.2
-0.02084 -3.3
-0.0206 -5.1
-0.02035 -6.6
-0.02011 -7.7
-0.01986 -8.2
-0.01962 -8.3
-0.01938 -7.8
-0.01913 -6.7
-0.01889 -5.2
-0.01864 -3.3
-0.0184 -1.1
-0.01816 1.2
-0.01791 3.4
-0.01767 5.3
-0.01742 6.9
-0.01718 8.1
-0.01693 8.6
-0.01669 8.5
-0.01645 7.8
-0.0162 6.4
-0.01596 4.5
-0.01571 2.3
-0.01547 -0.1
-0.01523 -2.6
-0.01498 -4.9
-0.01474 -6.8
-0.01449 -8.2
-0.01425 -8.9
-0.014 -8.9
-0.01376 -8.1
-0.01352 -6.6
-0.01327 -4.5
-0.01303 -2.0
-0.01278 0.8
-0.01254 3.5
-0.0123 5.9
-0.01205 7.9
-0.01181 9.1
-0.01156 9.4
-0.01132 8.9
-0.01108 7.4
-0.01083 5.2
-0.01059 2.4
-0.01034 -0.7
-0.0101 -3.8
-0.00985 -6.6
-0.00961 -8.6
-0.00937 -9.8
-0.00912 -9.8
-0.00888 -8.8
-0.00863 -6.6
-0.00839 -3.6
-0.00815 -0.1
-0.0079 3.5
-0.00766 6.7
-0.00741 9.2
-0.00717 10.5
-0.00692 10.4
-0.00668 8.8
-0.00644 5.8
-0.00619 2.0
-0.00595 -2.4
-0.0057 -6.5
-0.00546 -9.6
-0.00522 -11.3
-0.00497 -11.1
-0.00473 -8.8
-0.00448 -4.8
-0.00424 0.3
-0.00399 5.6
-0.00375 10.0
-0.00351 12.4
-0.00326 12.0
-0.00302 8.6
-0.00277 2.8
-0.00253 -4.3
-0.00229 -10.5
-0.00204 -14.0
-0.0018 -12.8
-0.00155 -6.8
-0.00131 2.6
-0.00107 11.9
-0.00082 16.2
-0.00058 11.7
-0.00033 -1.3
-9e-05 -15.0
0.00016 -15.4
0.0004 2.0
0.00064 15.2
0.00089 4.8
0.00113 -9.8
0.00138 -5.0
0.00162 5.7
0.00186 3.4
0.00211 -3.3
0.00235 -2.0
0.0026 2.0
0.00284 1.1
0.00309 -1.3
0.00333 -0.6
0.00357 0.8
0.00382 0.3
0.00406 -0.5
0.00431 -0.2
0.00455 0.3
0.00479 0.0
0.00504 -0.2
0.00528 0.0
0.00553 0.1
0.00577 0.0
0.00601 0.0
0.00626 0.0
0.0065 0.0
0.00675 0.0
0.00699 0.0
0.00724 0.0
0.00748 0.0
0.00772 0.0
0.00797 0.0
0.00821 0.0
0.00846 0.0
0.0087 0.0
0.00894 0.0
0.00919 0.0
0.00943 0.0
0.00968 0.0
0.00992 0.0
0.01017 0.0
0.01041 0.0
0.01065 0.0
0.0109 0.0
0.01114 0.0
0.01139 0.0
0.01163 0.0
0.01187 0.0
0.01212 0.0
0.01236 0.0
0.01261 0.0
0.01285 0.0
0.01309 0.0
0.01334 0.0
0.01358 0.0
0.01383 0.0
0.01407 0.0
0.01432 0.0
0.01456 0.0
0.0148 0.0
0.01505 0.0
0.01529 0.0
0.01554 0.0
0.01578 0.0
0.01602 0.0
0.01627 0.0
0.01651 0.0
0.01676 0.0
0.017 0.0
0.01725 0.0
0.01749 0.0
0.01773 0.0
0.01798 0.0
0.01822 0.0
0.01847 0.0
0.01871 0.0
0.01895 0.0
0.0192 0.0
0.01944 0.0
0.01969 0.0
0.01993 0.0
0.02017 0.0
0.02042 0.0
0.02066 0.0
0.02091 0.0
0.02115 0.0
0.0214 0.0
0.02164 0.0
0.02188 0.0
0.02213 0.0
0.02237 0.0
0.02262 0.0
0.02286 0.0
0.0231 0.0
0.02335 0.0
0.02359 0.0
0.02384 0.0
0.02408 0.0
0.02433 0.0
0.02457 0.0
0.02481 0.0
0.02506 0.0
0.0253 0.0
0.02555 0.0
0.02579 0.0
0.02603 0.0
0.02628 0.0
0.02652 0.0
0.02677 0.0
0.02701 0.0
0.02726 0.0
0.0275 0.0
0.02774 0.0
0.02799 0.0
0.02823 0.0
0.02848 0.0
0.02872 0.0
0.02896 0.0
0.02921 0.0
0.02945 0.0
0.0297 0.0
0.02994 0.0
0.03018 0.0
0.03043 0.0
0.03067 0.0
0.03092 0.0
0.03116 0.0
0.03141 0.0
0.03165 0.0
0.03189 0.0
0.03214 0.0
0.03238 0.0
0.03263 0.0
0.03287 0.0
0.03311 0.0
0.03336 0.0
0.0336 0.0
0.03385 0.0
0.03409 0.0
0.03434 0.0
0.03458 0.0
0.03482 0.0
0.03507 0.0
0.03531 0.0
0.03556 0.0
0.0358 0.0
0.03604 0.0
0.03629 0.0
0.03653 0.0
0.03678 0.0
0.03702 0.0
0.03726 0.0
0.03751 0.0
0.03775 0.0
0.038 0.0
0.03824 0.0
