t strain*1e23
-5.9436 -0.5
-5.94335 -0.3
-5.94311 0.0
-5.94287 0.2
-5.94262 0.5
-5.94238 0.7
-5.94213 1.0
-5.94189 1.2
-5.94164 1.5
-5.9414 1.7
-5.94116 1.9
-5.94091 2.2
-5.94067 2.4
-5.94042 2.6
-5.94018 2.9
-5.93994 3.1
-5.93969 3.3
-5.93945 3.5
-5.9392 3.7
-5.93896 3.9
-5.93871 4.1
-5.93847 4.3
-5.93823 4.5
-5.93798 4.7
-5.93774 4.8
-5.93749 5.0
-5.93725 5.2
-5.93701 5.3
-5.93676 5.4
-5.93652 5.6
-5.93627 5.7
-5.93603 5.8
-5.93579 5.9
-5.93554 6.0
-5.9353 6.1
-5.93505 6.2
-5.93481 6.2
-5.93456 6.3
-5.93432 6.4
-5.93408 6.4
-5.93383 6.4
-5.93359 6.4
-5.93334 6.5
-5.9331 6.5
-5.93286 6.5
-5.93261 6.4
-5.93237 6.4
-5.93212 6.4
-5.93188 6.3
-5.93163 6.3
-5.93139 6.2
-5.93115 6.1
-5.9309 6.0
-5.93066 6.0
-5.93041 5.9
-5.93017 5.7
-5.92993 5.6
-5.92968 5.5
-5.92944 5.4
-5.92919 5.2
-5.92895 5.1
-5.92871 4.9
-5.92846 4.7
-5.92822 4.6
-5.92797 4.4
-5.92773 4.2
-5.92748 4.0
-5.92724 3.8
-5.927 3.6
-5.92675 3.4
-5.92651 3.2
-5.92626 3.0
-5.92602 2.7
-5.92578 2.5
-5.92553 2.3
-5.92529 2.0
-5.92504 1.8
-5.9248 1.6
-5.92455 1.3
-5.92431 1.1
-5.92407 0.8
-5.92382 0.6
-5.92358 0.3
-5.92333 0.0
-5.92309 -0.2
-5.92285 -0.4
-5.9226 -0.7
-5.92236 -0.9
-5.92211 -1.2
-5.92187 -1.4
-5.92163 -1.7
-5.92138 -1.9
-5.92114 -2.1
-5.92089 -2.4
-5.92065 -2.6
-5.9204 -2.8
-5.92016 -3.1
-5.91992 -3.3
-5.91967 -3.5
-5.91943 -3.7
-5.91918 -3.9
-5.91894 -4.1
-5.9187 -4.3
-5.91845 -4.5
-5.91821 -4.6
-5.91796 -4.8
-5.91772 -5.0
-5.91747 -5.1
-5.91723 -5.3
-5.91699 -5.4
-5.91674 -5.6
-5.9165 -5.7
-5.91625 -5.8
-5.91601 -5.9
-5.91577 -6.0
-5.91552 -6.1
-5.91528 -6.2
-5.91503 -6.2
-5.91479 -6.3
-5.91455 -6.4
-5.9143 -6.4
-5.91406 -6.4
-5.91381 -6.4
-5.91357 -6.5
-5.91332 -6.5
-5.91308 -6.5
-5.91284 -6.4
-5.91259 -6.4
-5.91235 -6.4
-5.9121 -6.3
-5.91186 -6.3
-5.91162 -6.2
-5.91137 -6.1
-5.91113 -6.1
-5.91088 -6.0
-5.91064 -5.9
-5.91039 -5.8
-5.91015 -5.6
-5.90991 -5.5
-5.90966 -5.4
-5.90942 -5.2
-5.90917 -5.1
-5.90893 -4.9
-5.90869 -4.8
-5.90844 -4.6
-5.9082 -4.4
-5.90795 -4.2
-5.90771 -4.0
-5.90746 -3.8
-5.90722 -3.6
-5.90698 -3.4
-5.90673 -3.2
-5.90649 -3.0
-5.90624 -2.8
-5.906 -2.5
-5.90576 -2.3
-5.90551 -2.1
-5.90527 -1.8
-5.90502 -1.6
-5.90478 -1.3
-5.90454 -1.1
-5.90429 -0.9
-5.90405 -0.6
-5.9038 -0.4
-5.90356 -0.1
-5.90331 0.1
-5.90307 0.4
-5.90283 0.6
-5.90258 0.9
-5.90234 1.1
-5.90209 1.4
-5.90185 1.6
-5.90161 1.9
-5.90136 2.1
-5.90112 2.3
-5.90087 2.6
-5.90063 2.8
-5.90038 3.0
-5.90014 3.2
-5.8999 3.5
-5.89965 3.7
-5.89941 3.9
-5.89916 4.1
-5.89892 4.3
-5.89868 4.5
-5.89843 4.6
-5.89819 4.8
-5.89794 5.0
-5.8977 5.1
-5.89746 5.3
-5.89721 5.4
-5.89697 5.5
-5.89672 5.7
-5.89648 5.8
-5.89623 5.9
-5.89599 6.0
-5.89575 6.1
-5.8955 6.2
-5.89526 6.2
-5.89501 6.3
-5.89477 6.4
-5.89453 6.4
-5.89428 6.4
-5.89404 6.5
-5.89379 6.5
-5.89355 6.5
-5.8933 6.5
-5.89306 6.5
-5.89282 6.4
-5.89257 6.4
-5.89233 6.3
-5.89208 6.3
-5.89184 6.2
-5.8916 6.2
-5.89135 6.1
-5.89111 6.0
-5.89086 5.9
-5.89062 5.8
-5.89038 5.7
-5.89013 5.5
-5.88989 5.4
-5.88964 5.3
-5.8894 5.1
-5.88915 4.9
-5.88891 4.8
-5.88867 4.6
-5.88842 4.4
-5.88818 4.2
-5.88793 4.1
-5.88769 3.9
-5.88745 3.6
-5.8872 3.4
-5.88696 3.2
-5.88671 3.0
-5.88647 2.8
-5.88622 2.6
-5.88598 2.3
-5.88574 2.1
-5.88549 1.8
-5.88525 1.6
-5.885 1.4
-5.88476 1.1
-5.88452 0.9
-5.88427 0.6
-5.88403 0.4
-5.88378 0.1
-5.88354 -0.1
-5.8833 -0.4
-5.88305 -0.6
-5.88281 -0.9
-5.88256 -1.1
-5.88232 -1.4
-5.88207 -1.6
-5.88183 -1.9
-5.88159 -2.1
-5.88134 -2.3
-5.8811 -2.6
-5.88085 -2.8
-5.88061 -3.0
-5.88037 -3.3
-5.88012 -3.5
-5.87988 -3.7
-5.87963 -3.9
-5.87939 -4.1
-5.87914 -4.3
-5.8789 -4.5
-5.87866 -4.6
-5.87841 -4.8
-5.87817 -5.0
-5.87792 -5.1
-5.87768 -5.3
-5.87744 -5.4
-5.87719 -5.6
-5.87695 -5.7
-5.8767 -5.8
-5.87646 -5.9
-5.87621 -6.0
-5.87597 -6.1
-5.87573 -6.2
-5.87548 -6.2
-5.87524 -6.3
-5.87499 -6.4
-5.87475 -6.4
-5.87451 -6.4
-5.87426 -6.5
-5.87402 -6.5
-5.87377 -6.5
-5.87353 -6.5
-5.87329 -6.5
-5.87304 -6.4
-5.8728 -6.4
-5.87255 -6.4
-5.87231 -6.3
-5.87206 -6.2
-5.87182 -6.2
-5.87158 -6.1
-5.87133 -6.0
-5.87109 -5.9
-5.87084 -5.8
-5.8706 -5.7
-5.87036 -5.5
-5.87011 -5.4
-5.86987 -5.3
-5.86962 -5.1
-5.86938 -4.9
-5.86913 -4.8
-5.86889 -4.6
-5.86865 -4.4
-5.8684 -4.2
-5.86816 -4.0
-5.86791 -3.8
-5.86767 -3.6
-5.86743 -3.4
-5.86718 -3.2
-5.86694 -3.0
-5.86669 -2.8
-5.86645 -2.5
-5.86621 -2.3
-5.86596 -2.1
-5.86572 -1.8
-5.86547 -1.6
-5.86523 -1.3
-5.86498 -1.1
-5.86474 -0.8
-5.8645 -0.6
-5.86425 -0.3
-5.86401 0.0
-5.86376 0.2
-5.86352 0.4
-5.86328 0.7
-5.86303 0.9
-5.86279 1.2
-5.86254 1.4
-5.8623 1.7
-5.86205 1.9
-5.86181 2.1
-5.86157 2.4
-5.86132 2.6
-5.86108 2.8
-5.86083 3.1
-5.86059 3.3
-5.86035 3.5
-5.8601 3.7
-5.85986 3.9
-5.85961 4.1
-5.85937 4.3
-5.85913 4.5
-5.85888 4.7
-5.85864 4.8
-5.85839 5.0
-5.85815 5.2
-5.8579 5.3
-5.85766 5.4
-5.85742 5.6
-5.85717 5.7
-5.85693 5.8
-5.85668 5.9
-5.85644 6.0
-5.8562 6.1
-5.85595 6.2
-5.85571 6.3
-5.85546 6.3
-5.85522 6.4
-5.85497 6.4
-5.85473 6.4
-5.85449 6.5
-5.85424 6.5
-5.854 6.5
-5.85375 6.5
-5.85351 6.5
-5.85327 6.4
-5.85302 6.4
-5.85278 6.3
-5.85253 6.3
-5.85229 6.2
-5.85205 6.2
-5.8518 6.1
-5.85156 6.0
-5.85131 5.9
-5.85107 5.8
-5.85082 5.6
-5.85058 5.5
-5.85034 5.4
-5.85009 5.2
-5.84985 5.1
-5.8496 4.9
-5.84936 4.8
-5.84912 4.6
-5.84887 4.4
-5.84863 4.2
-5.84838 4.0
-5.84814 3.8
-5.84789 3.6
-5.84765 3.4
-5.84741 3.2
-5.84716 3.0
-5.84692 2.7
-5.84667 2.5
-5.84643 2.3
-5.84619 2.0
-5.84594 1.8
-5.8457 1.5
-5.84545 1.3
-5.84521 1.0
-5.84496 0.8
-5.84472 0.5
-5.84448 0.3
-5.84423 0.0
-5.84399 -0.2
-5.84374 -0.5
-5.8435 -0.7
-5.84326 -1.0
-5.84301 -1.2
-5.84277 -1.5
-5.84252 -1.7
-5.84228 -1.9
-5.84204 -2.2
-5.84179 -2.4
-5.84155 -2.7
-5.8413 -2.9
-5.84106 -3.1
-5.84081 -3.3
-5.84057 -3.5
-5.84033 -3.7
-5.84008 -3.9
-5.83984 -4.1
-5.83959 -4.3
-5.83935 -4.5
-5.83911 -4.7
-5.83886 -4.9
-5.83862 -5.0
-5.83837 -5.2
-5.83813 -5.3
-5.83788 -5.5
-5.83764 -5.6
-5.8374 -5.7
-5.83715 -5.8
-5.83691 -5.9
-5.83666 -6.0
-5.83642 -6.1
-5.83618 -6.2
-5.83593 -6.3
-5.83569 -6.3
-5.83544 -6.4
-5.8352 -6.4
-5.83496 -6.5
-5.83471 -6.5
-5.83447 -6.5
-5.83422 -6.5
-5.83398 -6.5
-5.83373 -6.5
-5.83349 -6.4
-5.83325 -6.4
-5.833 -6.3
-5.83276 -6.3
-5.83251 -6.2
-5.83227 -6.1
-5.83203 -6.1
-5.83178 -6.0
-5.83154 -5.9
-5.83129 -5.7
-5.83105 -5.6
-5.8308 -5.5
-5.83056 -5.3
-5.83032 -5.2
-5.83007 -5.0
-5.82983 -4.9
-5.82958 -4.7
-5.82934 -4.5
-5.8291 -4.4
-5.82885 -4.2
-5.82861 -4.0
-5.82836 -3.8
-5.82812 -3.6
-5.82788 -3.3
-5.82763 -3.1
-5.82739 -2.9
-5.82714 -2.7
-5.8269 -2.4
-5.82665 -2.2
-5.82641 -2.0
-5.82617 -1.7
-5.82592 -1.5
-5.82568 -1.2
-5.82543 -1.0
-5.82519 -0.7
-5.82495 -0.5
-5.8247 -0.2
-5.82446 0.0
-5.82421 0.3
-5.82397 0.5
-5.82372 0.8
-5.82348 1.0
-5.82324 1.3
-5.82299 1.5
-5.82275 1.8
-5.8225 2.0
-5.82226 2.3
-5.82202 2.5
-5.82177 2.7
-5.82153 2.9
-5.82128 3.2
-5.82104 3.4
-5.8208 3.6
-5.82055 3.8
-5.82031 4.0
-5.82006 4.2
-5.81982 4.4
-5.81957 4.6
-5.81933 4.8
-5.81909 4.9
-5.81884 5.1
-5.8186 5.2
-5.81835 5.4
-5.81811 5.5
-5.81787 5.6
-5.81762 5.8
-5.81738 5.9
-5.81713 6.0
-5.81689 6.1
-5.81664 6.2
-5.8164 6.2
-5.81616 6.3
-5.81591 6.4
-5.81567 6.4
-5.81542 6.4
-5.81518 6.5
-5.81494 6.5
-5.81469 6.5
-5.81445 6.5
-5.8142 6.5
-5.81396 6.5
-5.81371 6.4
-5.81347 6.4
-5.81323 6.3
-5.81298 6.3
-5.81274 6.2
-5.81249 6.1
-5.81225 6.0
-5.81201 5.9
-5.81176 5.8
-5.81152 5.7
-5.81127 5.6
-5.81103 5.4
-5.81079 5.3
-5.81054 5.2
-5.8103 5.0
-5.81005 4.8
-5.80981 4.7
-5.80956 4.5
-5.80932 4.3
-5.80908 4.1
-5.80883 3.9
-5.80859 3.7
-5.80834 3.5
-5.8081 3.3
-5.80786 3.0
-5.80761 2.8
-5.80737 2.6
-5.80712 2.4
-5.80688 2.1
-5.80663 1.9
-5.80639 1.6
-5.80615 1.4
-5.8059 1.1
-5.80566 0.9
-5.80541 0.6
-5.80517 0.4
-5.80493 0.1
-5.80468 -0.1
-5.80444 -0.4
-5.80419 -0.6
-5.80395 -0.9
-5.80371 -1.1
-5.80346 -1.4
-5.80322 -1.6
-5.80297 -1.9
-5.80273 -2.1
-5.80248 -2.3
-5.80224 -2.6
-5.802 -2.8
-5.80175 -3.0
-5.80151 -3.3
-5.80126 -3.5
-5.80102 -3.7
-5.80078 -3.9
-5.80053 -4.1
-5.80029 -4.3
-5.80004 -4.5
-5.7998 -4.7
-5.79955 -4.8
-5.79931 -5.0
-5.79907 -5.2
-5.79882 -5.3
-5.79858 -5.4
-5.79833 -5.6
-5.79809 -5.7
-5.79785 -5.8
-5.7976 -5.9
-5.79736 -6.0
-5.79711 -6.1
-5.79687 -6.2
-5.79663 -6.3
-5.79638 -6.3
-5.79614 -6.4
-5.79589 -6.4
-5.79565 -6.5
-5.7954 -6.5
-5.79516 -6.5
-5.79492 -6.5
-5.79467 -6.5
-5.79443 -6.5
-5.79418 -6.4
-5.79394 -6.4
-5.7937 -6.4
-5.79345 -6.3
-5.79321 -6.2
-5.79296 -6.2
-5.79272 -6.1
-5.79247 -6.0
-5.79223 -5.9
-5.79199 -5.8
-5.79174 -5.7
-5.7915 -5.5
-5.79125 -5.4
-5.79101 -5.2
-5.79077 -5.1
-5.79052 -4.9
-5.79028 -4.8
-5.79003 -4.6
-5.78979 -4.4
-5.78955 -4.2
-5.7893 -4.0
-5.78906 -3.8
-5.78881 -3.6
-5.78857 -3.4
-5.78832 -3.2
-5.78808 -2.9
-5.78784 -2.7
-5.78759 -2.5
-5.78735 -2.2
-5.7871 -2.0
-5.78686 -1.8
-5.78662 -1.5
-5.78637 -1.3
-5.78613 -1.0
-5.78588 -0.8
-5.78564 -0.5
-5.78539 -0.3
-5.78515 0.0
-5.78491 0.2
-5.78466 0.5
-5.78442 0.8
-5.78417 1.0
-5.78393 1.3
-5.78369 1.5
-5.78344 1.7
-5.7832 2.0
-5.78295 2.2
-5.78271 2.5
-5.78246 2.7
-5.78222 2.9
-5.78198 3.2
-5.78173 3.4
-5.78149 3.6
-5.78124 3.8
-5.781 4.0
-5.78076 4.2
-5.78051 4.4
-5.78027 4.6
-5.78002 4.7
-5.77978 4.9
-5.77954 5.1
-5.77929 5.2
-5.77905 5.4
-5.7788 5.5
-5.77856 5.7
-5.77831 5.8
-5.77807 5.9
-5.77783 6.0
-5.77758 6.1
-5.77734 6.2
-5.77709 6.2
-5.77685 6.3
-5.77661 6.4
-5.77636 6.4
-5.77612 6.5
-5.77587 6.5
-5.77563 6.5
-5.77538 6.5
-5.77514 6.5
-5.7749 6.5
-5.77465 6.5
-5.77441 6.4
-5.77416 6.4
-5.77392 6.3
-5.77368 6.3
-5.77343 6.2
-5.77319 6.1
-5.77294 6.0
-5.7727 5.9
-5.77246 5.8
-5.77221 5.7
-5.77197 5.6
-5.77172 5.5
-5.77148 5.3
-5.77123 5.2
-5.77099 5.0
-5.77075 4.8
-5.7705 4.7
-5.77026 4.5
-5.77001 4.3
-5.76977 4.1
-5.76953 3.9
-5.76928 3.7
-5.76904 3.5
-5.76879 3.3
-5.76855 3.0
-5.7683 2.8
-5.76806 2.6
-5.76782 2.3
-5.76757 2.1
-5.76733 1.9
-5.76708 1.6
-5.76684 1.4
-5.7666 1.1
-5.76635 0.9
-5.76611 0.6
-5.76586 0.4
-5.76562 0.1
-5.76538 -0.1
-5.76513 -0.4
-5.76489 -0.7
-5.76464 -0.9
-5.7644 -1.2
-5.76415 -1.4
-5.76391 -1.7
-5.76367 -1.9
-5.76342 -2.1
-5.76318 -2.4
-5.76293 -2.6
-5.76269 -2.8
-5.76245 -3.1
-5.7622 -3.3
-5.76196 -3.5
-5.76171 -3.7
-5.76147 -3.9
-5.76122 -4.1
-5.76098 -4.3
-5.76074 -4.5
-5.76049 -4.7
-5.76025 -4.9
-5.76 -5.0
-5.75976 -5.2
-5.75952 -5.3
-5.75927 -5.5
-5.75903 -5.6
-5.75878 -5.7
-5.75854 -5.8
-5.7583 -6.0
-5.75805 -6.1
-5.75781 -6.1
-5.75756 -6.2
-5.75732 -6.3
-5.75707 -6.4
-5.75683 -6.4
-5.75659 -6.4
-5.75634 -6.5
-5.7561 -6.5
-5.75585 -6.5
-5.75561 -6.5
-5.75537 -6.5
-5.75512 -6.5
-5.75488 -6.5
-5.75463 -6.4
-5.75439 -6.4
-5.75414 -6.3
-5.7539 -6.2
-5.75366 -6.2
-5.75341 -6.1
-5.75317 -6.0
-5.75292 -5.9
-5.75268 -5.8
-5.75244 -5.6
-5.75219 -5.5
-5.75195 -5.4
-5.7517 -5.2
-5.75146 -5.1
-5.75121 -4.9
-5.75097 -4.7
-5.75073 -4.5
-5.75048 -4.4
-5.75024 -4.2
-5.74999 -4.0
-5.74975 -3.8
-5.74951 -3.6
-5.74926 -3.3
-5.74902 -3.1
-5.74877 -2.9
-5.74853 -2.7
-5.74829 -2.4
-5.74804 -2.2
-5.7478 -1.9
-5.74755 -1.7
-5.74731 -1.5
-5.74706 -1.2
-5.74682 -1.0
-5.74658 -0.7
-5.74633 -0.4
-5.74609 -0.2
-5.74584 0.0
-5.7456 0.3
-5.74536 0.6
-5.74511 0.8
-5.74487 1.1
-5.74462 1.3
-5.74438 1.6
-5.74413 1.8
-5.74389 2.1
-5.74365 2.3
-5.7434 2.5
-5.74316 2.8
-5.74291 3.0
-5.74267 3.2
-5.74243 3.4
-5.74218 3.7
-5.74194 3.9
-5.74169 4.1
-5.74145 4.3
-5.74121 4.5
-5.74096 4.6
-5.74072 4.8
-5.74047 5.0
-5.74023 5.1
-5.73998 5.3
-5.73974 5.4
-5.7395 5.6
-5.73925 5.7
-5.73901 5.8
-5.73876 5.9
-5.73852 6.0
-5.73828 6.1
-5.73803 6.2
-5.73779 6.3
-5.73754 6.3
-5.7373 6.4
-5.73705 6.4
-5.73681 6.5
-5.73657 6.5
-5.73632 6.5
-5.73608 6.5
-5.73583 6.5
-5.73559 6.5
-5.73535 6.5
-5.7351 6.4
-5.73486 6.4
-5.73461 6.3
-5.73437 6.3
-5.73413 6.2
-5.73388 6.1
-5.73364 6.0
-5.73339 5.9
-5.73315 5.8
-5.7329 5.7
-5.73266 5.5
-5.73242 5.4
-5.73217 5.3
-5.73193 5.1
-5.73168 4.9
-5.73144 4.8
-5.7312 4.6
-5.73095 4.4
-5.73071 4.2
-5.73046 4.0
-5.73022 3.8
-5.72997 3.6
-5.72973 3.4
-5.72949 3.2
-5.72924 2.9
-5.729 2.7
-5.72875 2.5
-5.72851 2.2
-5.72827 2.0
-5.72802 1.8
-5.72778 1.5
-5.72753 1.3
-5.72729 1.0
-5.72705 0.8
-5.7268 0.5
-5.72656 0.2
-5.72631 0.0
-5.72607 -0.3
-5.72582 -0.5
-5.72558 -0.8
-5.72534 -1.0
-5.72509 -1.3
-5.72485 -1.5
-5.7246 -1.8
-5.72436 -2.0
-5.72412 -2.3
-5.72387 -2.5
-5.72363 -2.7
-5.72338 -3.0
-5.72314 -3.2
-5.72289 -3.4
-5.72265 -3.6
-5.72241 -3.8
-5.72216 -4.0
-5.72192 -4.2
-5.72167 -4.4
-5.72143 -4.6
-5.72119 -4.8
-5.72094 -5.0
-5.7207 -5.1
-5.72045 -5.3
-5.72021 -5.4
-5.71996 -5.6
-5.71972 -5.7
-5.71948 -5.8
-5.71923 -5.9
-5.71899 -6.0
-5.71874 -6.1
-5.7185 -6.2
-5.71826 -6.3
-5.71801 -6.3
-5.71777 -6.4
-5.71752 -6.4
-5.71728 -6.5
-5.71704 -6.5
-5.71679 -6.5
-5.71655 -6.5
-5.7163 -6.5
-5.71606 -6.5
-5.71581 -6.5
-5.71557 -6.4
-5.71533 -6.4
-5.71508 -6.3
-5.71484 -6.3
-5.71459 -6.2
-5.71435 -6.1
-5.71411 -6.0
-5.71386 -5.9
-5.71362 -5.8
-5.71337 -5.7
-5.71313 -5.6
-5.71288 -5.4
-5.71264 -5.3
-5.7124 -5.1
-5.71215 -5.0
-5.71191 -4.8
-5.71166 -4.6
-5.71142 -4.4
-5.71118 -4.2
-5.71093 -4.0
-5.71069 -3.8
-5.71044 -3.6
-5.7102 -3.4
-5.70996 -3.2
-5.70971 -3.0
-5.70947 -2.7
-5.70922 -2.5
-5.70898 -2.3
-5.70873 -2.0
-5.70849 -1.8
-5.70825 -1.5
-5.708 -1.3
-5.70776 -1.0
-5.70751 -0.8
-5.70727 -0.5
-5.70703 -0.3
-5.70678 0.0
-5.70654 0.2
-5.70629 0.5
-5.70605 0.7
-5.7058 1.0
-5.70556 1.3
-5.70532 1.5
-5.70507 1.8
-5.70483 2.0
-5.70458 2.2
-5.70434 2.5
-5.7041 2.7
-5.70385 2.9
-5.70361 3.2
-5.70336 3.4
-5.70312 3.6
-5.70288 3.8
-5.70263 4.0
-5.70239 4.2
-5.70214 4.4
-5.7019 4.6
-5.70165 4.8
-5.70141 4.9
-5.70117 5.1
-5.70092 5.3
-5.70068 5.4
-5.70043 5.6
-5.70019 5.7
-5.69995 5.8
-5.6997 5.9
-5.69946 6.0
-5.69921 6.1
-5.69897 6.2
-5.69872 6.3
-5.69848 6.3
-5.69824 6.4
-5.69799 6.4
-5.69775 6.5
-5.6975 6.5
-5.69726 6.5
-5.69702 6.5
-5.69677 6.5
-5.69653 6.5
-5.69628 6.5
-5.69604 6.4
-5.6958 6.4
-5.69555 6.3
-5.69531 6.3
-5.69506 6.2
-5.69482 6.1
-5.69457 6.0
-5.69433 5.9
-5.69409 5.8
-5.69384 5.7
-5.6936 5.6
-5.69335 5.4
-5.69311 5.3
-5.69287 5.1
-5.69262 5.0
-5.69238 4.8
-5.69213 4.6
-5.69189 4.4
-5.69164 4.3
-5.6914 4.1
-5.69116 3.9
-5.69091 3.6
-5.69067 3.4
-5.69042 3.2
-5.69018 3.0
-5.68994 2.8
-5.68969 2.5
-5.68945 2.3
-5.6892 2.0
-5.68896 1.8
-5.68871 1.5
-5.68847 1.3
-5.68823 1.0
-5.68798 0.8
-5.68774 0.5
-5.68749 0.3
-5.68725 0.0
-5.68701 -0.2
-5.68676 -0.5
-5.68652 -0.7
-5.68627 -1.0
-5.68603 -1.3
-5.68579 -1.5
-5.68554 -1.8
-5.6853 -2.0
-5.68505 -2.2
-5.68481 -2.5
-5.68456 -2.7
-5.68432 -2.9
-5.68408 -3.2
-5.68383 -3.4
-5.68359 -3.6
-5.68334 -3.8
-5.6831 -4.0
-5.68286 -4.2
-5.68261 -4.4
-5.68237 -4.6
-5.68212 -4.8
-5.68188 -5.0
-5.68163 -5.1
-5.68139 -5.3
-5.68115 -5.4
-5.6809 -5.6
-5.68066 -5.7
-5.68041 -5.8
-5.68017 -5.9
-5.67993 -6.0
-5.67968 -6.1
-5.67944 -6.2
-5.67919 -6.3
-5.67895 -6.3
-5.67871 -6.4
-5.67846 -6.4
-5.67822 -6.5
-5.67797 -6.5
-5.67773 -6.5
-5.67748 -6.5
-5.67724 -6.5
-5.677 -6.5
-5.67675 -6.5
-5.67651 -6.5
-5.67626 -6.4
-5.67602 -6.4
-5.67578 -6.3
-5.67553 -6.2
-5.67529 -6.1
-5.67504 -6.0
-5.6748 -5.9
-5.67455 -5.8
-5.67431 -5.7
-5.67407 -5.6
-5.67382 -5.4
-5.67358 -5.3
-5.67333 -5.1
-5.67309 -5.0
-5.67285 -4.8
-5.6726 -4.6
-5.67236 -4.4
-5.67211 -4.2
-5.67187 -4.0
-5.67163 -3.8
-5.67138 -3.6
-5.67114 -3.4
-5.67089 -3.2
-5.67065 -3.0
-5.6704 -2.7
-5.67016 -2.5
-5.66992 -2.3
-5.66967 -2.0
-5.66943 -1.8
-5.66918 -1.5
-5.66894 -1.3
-5.6687 -1.0
-5.66845 -0.8
-5.66821 -0.5
-5.66796 -0.3
-5.66772 0.0
-5.66747 0.3
-5.66723 0.5
-5.66699 0.8
-5.66674 1.0
-5.6665 1.3
-5.66625 1.5
-5.66601 1.8
-5.66577 2.0
-5.66552 2.3
-5.66528 2.5
-5.66503 2.7
-5.66479 3.0
-5.66455 3.2
-5.6643 3.4
-5.66406 3.6
-5.66381 3.8
-5.66357 4.1
-5.66332 4.3
-5.66308 4.4
-5.66284 4.6
-5.66259 4.8
-5.66235 5.0
-5.6621 5.1
-5.66186 5.3
-5.66162 5.4
-5.66137 5.6
-5.66113 5.7
-5.66088 5.8
-5.66064 5.9
-5.66039 6.0
-5.66015 6.1
-5.65991 6.2
-5.65966 6.3
-5.65942 6.4
-5.65917 6.4
-5.65893 6.5
-5.65869 6.5
-5.65844 6.5
-5.6582 6.5
-5.65795 6.5
-5.65771 6.5
-5.65746 6.5
-5.65722 6.5
-5.65698 6.5
-5.65673 6.4
-5.65649 6.3
-5.65624 6.3
-5.656 6.2
-5.65576 6.1
-5.65551 6.0
-5.65527 5.9
-5.65502 5.8
-5.65478 5.7
-5.65454 5.6
-5.65429 5.4
-5.65405 5.3
-5.6538 5.1
-5.65356 4.9
-5.65331 4.8
-5.65307 4.6
-5.65283 4.4
-5.65258 4.2
-5.65234 4.0
-5.65209 3.8
-5.65185 3.6
-5.65161 3.4
-5.65136 3.2
-5.65112 2.9
-5.65087 2.7
-5.65063 2.5
-5.65038 2.2
-5.65014 2.0
-5.6499 1.7
-5.64965 1.5
-5.64941 1.2
-5.64916 1.0
-5.64892 0.7
-5.64868 0.5
-5.64843 0.2
-5.64819 0.0
-5.64794 -0.3
-5.6477 -0.6
-5.64746 -0.8
-5.64721 -1.1
-5.64697 -1.3
-5.64672 -1.6
-5.64648 -1.8
-5.64623 -2.1
-5.64599 -2.3
-5.64575 -2.6
-5.6455 -2.8
-5.64526 -3.0
-5.64501 -3.2
-5.64477 -3.5
-5.64453 -3.7
-5.64428 -3.9
-5.64404 -4.1
-5.64379 -4.3
-5.64355 -4.5
-5.6433 -4.7
-5.64306 -4.8
-5.64282 -5.0
-5.64257 -5.2
-5.64233 -5.3
-5.64208 -5.5
-5.64184 -5.6
-5.6416 -5.7
-5.64135 -5.9
-5.64111 -6.0
-5.64086 -6.1
-5.64062 -6.2
-5.64038 -6.2
-5.64013 -6.3
-5.63989 -6.4
-5.63964 -6.4
-5.6394 -6.5
-5.63915 -6.5
-5.63891 -6.5
-5.63867 -6.5
-5.63842 -6.5
-5.63818 -6.5
-5.63793 -6.5
-5.63769 -6.5
-5.63745 -6.4
-5.6372 -6.4
-5.63696 -6.3
-5.63671 -6.3
-5.63647 -6.2
-5.63622 -6.1
-5.63598 -6.0
-5.63574 -5.9
-5.63549 -5.8
-5.63525 -5.7
-5.635 -5.5
-5.63476 -5.4
-5.63452 -5.2
-5.63427 -5.1
-5.63403 -4.9
-5.63378 -4.7
-5.63354 -4.5
-5.6333 -4.4
-5.63305 -4.2
-5.63281 -4.0
-5.63256 -3.8
-5.63232 -3.5
-5.63207 -3.3
-5.63183 -3.1
-5.63159 -2.9
-5.63134 -2.6
-5.6311 -2.4
-5.63085 -2.2
-5.63061 -1.9
-5.63037 -1.7
-5.63012 -1.4
-5.62988 -1.2
-5.62963 -0.9
-5.62939 -0.6
-5.62914 -0.4
-5.6289 -0.1
-5.62866 0.1
-5.62841 0.4
-5.62817 0.6
-5.62792 0.9
-5.62768 1.2
-5.62744 1.4
-5.62719 1.7
-5.62695 1.9
-5.6267 2.2
-5.62646 2.4
-5.62621 2.6
-5.62597 2.9
-5.62573 3.1
-5.62548 3.3
-5.62524 3.5
-5.62499 3.8
-5.62475 4.0
-5.62451 4.2
-5.62426 4.4
-5.62402 4.6
-5.62377 4.7
-5.62353 4.9
-5.62329 5.1
-5.62304 5.2
-5.6228 5.4
-5.62255 5.5
-5.62231 5.7
-5.62206 5.8
-5.62182 5.9
-5.62158 6.0
-5.62133 6.1
-5.62109 6.2
-5.62084 6.3
-5.6206 6.3
-5.62036 6.4
-5.62011 6.5
-5.61987 6.5
-5.61962 6.5
-5.61938 6.5
-5.61913 6.5
-5.61889 6.5
-5.61865 6.5
-5.6184 6.5
-5.61816 6.5
-5.61791 6.4
-5.61767 6.4
-5.61743 6.3
-5.61718 6.2
-5.61694 6.2
-5.61669 6.1
-5.61645 6.0
-5.61621 5.9
-5.61596 5.7
-5.61572 5.6
-5.61547 5.5
-5.61523 5.3
-5.61498 5.2
-5.61474 5.0
-5.6145 4.8
-5.61425 4.7
-5.61401 4.5
-5.61376 4.3
-5.61352 4.1
-5.61328 3.9
-5.61303 3.7
-5.61279 3.5
-5.61254 3.2
-5.6123 3.0
-5.61205 2.8
-5.61181 2.5
-5.61157 2.3
-5.61132 2.1
-5.61108 1.8
-5.61083 1.6
-5.61059 1.3
-5.61035 1.1
-5.6101 0.8
-5.60986 0.5
-5.60961 0.3
-5.60937 0.0
-5.60913 -0.2
-5.60888 -0.5
-5.60864 -0.7
-5.60839 -1.0
-5.60815 -1.3
-5.6079 -1.5
-5.60766 -1.8
-5.60742 -2.0
-5.60717 -2.3
-5.60693 -2.5
-5.60668 -2.7
-5.60644 -3.0
-5.6062 -3.2
-5.60595 -3.4
-5.60571 -3.6
-5.60546 -3.8
-5.60522 -4.1
-5.60497 -4.3
-5.60473 -4.4
-5.60449 -4.6
-5.60424 -4.8
-5.604 -5.0
-5.60375 -5.1
-5.60351 -5.3
-5.60327 -5.5
-5.60302 -5.6
-5.60278 -5.7
-5.60253 -5.8
-5.60229 -6.0
-5.60205 -6.1
-5.6018 -6.2
-5.60156 -6.2
-5.60131 -6.3
-5.60107 -6.4
-5.60082 -6.4
-5.60058 -6.5
-5.60034 -6.5
-5.60009 -6.5
-5.59985 -6.5
-5.5996 -6.6
-5.59936 -6.5
-5.59912 -6.5
-5.59887 -6.5
-5.59863 -6.5
-5.59838 -6.4
-5.59814 -6.4
-5.59789 -6.3
-5.59765 -6.2
-5.59741 -6.1
-5.59716 -6.0
-5.59692 -5.9
-5.59667 -5.8
-5.59643 -5.7
-5.59619 -5.6
-5.59594 -5.4
-5.5957 -5.3
-5.59545 -5.1
-5.59521 -4.9
-5.59496 -4.8
-5.59472 -4.6
-5.59448 -4.4
-5.59423 -4.2
-5.59399 -4.0
-5.59374 -3.8
-5.5935 -3.6
-5.59326 -3.4
-5.59301 -3.1
-5.59277 -2.9
-5.59252 -2.7
-5.59228 -2.4
-5.59204 -2.2
-5.59179 -1.9
-5.59155 -1.7
-5.5913 -1.4
-5.59106 -1.2
-5.59081 -0.9
-5.59057 -0.7
-5.59033 -0.4
-5.59008 -0.2
-5.58984 0.1
-5.58959 0.4
-5.58935 0.6
-5.58911 0.9
-5.58886 1.1
-5.58862 1.4
-5.58837 1.6
-5.58813 1.9
-5.58788 2.1
-5.58764 2.4
-5.5874 2.6
-5.58715 2.9
-5.58691 3.1
-5.58666 3.3
-5.58642 3.5
-5.58618 3.7
-5.58593 4.0
-5.58569 4.2
-5.58544 4.4
-5.5852 4.5
-5.58496 4.7
-5.58471 4.9
-5.58447 5.1
-5.58422 5.2
-5.58398 5.4
-5.58373 5.5
-5.58349 5.7
-5.58325 5.8
-5.583 5.9
-5.58276 6.0
-5.58251 6.1
-5.58227 6.2
-5.58203 6.3
-5.58178 6.4
-5.58154 6.4
-5.58129 6.5
-5.58105 6.5
-5.5808 6.5
-5.58056 6.5
-5.58032 6.6
-5.58007 6.6
-5.57983 6.5
-5.57958 6.5
-5.57934 6.5
-5.5791 6.4
-5.57885 6.4
-5.57861 6.3
-5.57836 6.3
-5.57812 6.2
-5.57788 6.1
-5.57763 6.0
-5.57739 5.9
-5.57714 5.7
-5.5769 5.6
-5.57665 5.5
-5.57641 5.3
-5.57617 5.2
-5.57592 5.0
-5.57568 4.8
-5.57543 4.7
-5.57519 4.5
-5.57495 4.3
-5.5747 4.1
-5.57446 3.9
-5.57421 3.7
-5.57397 3.5
-5.57372 3.2
-5.57348 3.0
-5.57324 2.8
-5.57299 2.5
-5.57275 2.3
-5.5725 2.0
-5.57226 1.8
-5.57202 1.5
-5.57177 1.3
-5.57153 1.0
-5.57128 0.8
-5.57104 0.5
-5.5708 0.3
-5.57055 0.0
-5.57031 -0.3
-5.57006 -0.5
-5.56982 -0.8
-5.56957 -1.0
-5.56933 -1.3
-5.56909 -1.5
-5.56884 -1.8
-5.5686 -2.0
-5.56835 -2.3
-5.56811 -2.5
-5.56787 -2.8
-5.56762 -3.0
-5.56738 -3.2
-5.56713 -3.5
-5.56689 -3.7
-5.56664 -3.9
-5.5664 -4.1
-5.56616 -4.3
-5.56591 -4.5
-5.56567 -4.7
-5.56542 -4.8
-5.56518 -5.0
-5.56494 -5.2
-5.56469 -5.3
-5.56445 -5.5
-5.5642 -5.6
-5.56396 -5.8
-5.56371 -5.9
-5.56347 -6.0
-5.56323 -6.1
-5.56298 -6.2
-5.56274 -6.3
-5.56249 -6.3
-5.56225 -6.4
-5.56201 -6.5
-5.56176 -6.5
-5.56152 -6.5
-5.56127 -6.5
-5.56103 -6.6
-5.56079 -6.6
-5.56054 -6.6
-5.5603 -6.5
-5.56005 -6.5
-5.55981 -6.5
-5.55956 -6.4
-5.55932 -6.4
-5.55908 -6.3
-5.55883 -6.2
-5.55859 -6.1
-5.55834 -6.0
-5.5581 -5.9
-5.55786 -5.8
-5.55761 -5.7
-5.55737 -5.5
-5.55712 -5.4
-5.55688 -5.2
-5.55663 -5.1
-5.55639 -4.9
-5.55615 -4.7
-5.5559 -4.5
-5.55566 -4.4
-5.55541 -4.2
-5.55517 -4.0
-5.55493 -3.7
-5.55468 -3.5
-5.55444 -3.3
-5.55419 -3.1
-5.55395 -2.8
-5.55371 -2.6
-5.55346 -2.4
-5.55322 -2.1
-5.55297 -1.9
-5.55273 -1.6
-5.55248 -1.4
-5.55224 -1.1
-5.552 -0.9
-5.55175 -0.6
-5.55151 -0.3
-5.55126 0.0
-5.55102 0.2
-5.55078 0.4
-5.55053 0.7
-5.55029 1.0
-5.55004 1.2
-5.5498 1.5
-5.54955 1.7
-5.54931 2.0
-5.54907 2.2
-5.54882 2.5
-5.54858 2.7
-5.54833 2.9
-5.54809 3.2
-5.54785 3.4
-5.5476 3.6
-5.54736 3.8
-5.54711 4.0
-5.54687 4.2
-5.54663 4.4
-5.54638 4.6
-5.54614 4.8
-5.54589 5.0
-5.54565 5.1
-5.5454 5.3
-5.54516 5.5
-5.54492 5.6
-5.54467 5.7
-5.54443 5.8
-5.54418 6.0
-5.54394 6.1
-5.5437 6.2
-5.54345 6.2
-5.54321 6.3
-5.54296 6.4
-5.54272 6.4
-5.54247 6.5
-5.54223 6.5
-5.54199 6.5
-5.54174 6.6
-5.5415 6.6
-5.54125 6.6
-5.54101 6.5
-5.54077 6.5
-5.54052 6.5
-5.54028 6.4
-5.54003 6.4
-5.53979 6.3
-5.53955 6.2
-5.5393 6.1
-5.53906 6.0
-5.53881 5.9
-5.53857 5.8
-5.53832 5.7
-5.53808 5.6
-5.53784 5.4
-5.53759 5.3
-5.53735 5.1
-5.5371 4.9
-5.53686 4.8
-5.53662 4.6
-5.53637 4.4
-5.53613 4.2
-5.53588 4.0
-5.53564 3.8
-5.53539 3.6
-5.53515 3.4
-5.53491 3.1
-5.53466 2.9
-5.53442 2.7
-5.53417 2.4
-5.53393 2.2
-5.53369 1.9
-5.53344 1.7
-5.5332 1.4
-5.53295 1.2
-5.53271 0.9
-5.53246 0.6
-5.53222 0.4
-5.53198 0.1
-5.53173 -0.1
-5.53149 -0.4
-5.53124 -0.7
-5.531 -0.9
-5.53076 -1.2
-5.53051 -1.4
-5.53027 -1.7
-5.53002 -1.9
-5.52978 -2.2
-5.52954 -2.4
-5.52929 -2.7
-5.52905 -2.9
-5.5288 -3.1
-5.52856 -3.4
-5.52831 -3.6
-5.52807 -3.8
-5.52783 -4.0
-5.52758 -4.2
-5.52734 -4.4
-5.52709 -4.6
-5.52685 -4.8
-5.52661 -5.0
-5.52636 -5.1
-5.52612 -5.3
-5.52587 -5.4
-5.52563 -5.6
-5.52538 -5.7
-5.52514 -5.8
-5.5249 -5.9
-5.52465 -6.1
-5.52441 -6.2
-5.52416 -6.2
-5.52392 -6.3
-5.52368 -6.4
-5.52343 -6.4
-5.52319 -6.5
-5.52294 -6.5
-5.5227 -6.6
-5.52246 -6.6
-5.52221 -6.6
-5.52197 -6.6
-5.52172 -6.6
-5.52148 -6.5
-5.52123 -6.5
-5.52099 -6.4
-5.52075 -6.4
-5.5205 -6.3
-5.52026 -6.2
-5.52001 -6.2
-5.51977 -6.1
-5.51953 -6.0
-5.51928 -5.8
-5.51904 -5.7
-5.51879 -5.6
-5.51855 -5.4
-5.5183 -5.3
-5.51806 -5.1
-5.51782 -5.0
-5.51757 -4.8
-5.51733 -4.6
-5.51708 -4.4
-5.51684 -4.2
-5.5166 -4.0
-5.51635 -3.8
-5.51611 -3.6
-5.51586 -3.4
-5.51562 -3.2
-5.51538 -2.9
-5.51513 -2.7
-5.51489 -2.4
-5.51464 -2.2
-5.5144 -2.0
-5.51415 -1.7
-5.51391 -1.4
-5.51367 -1.2
-5.51342 -0.9
-5.51318 -0.7
-5.51293 -0.4
-5.51269 -0.2
-5.51245 0.1
-5.5122 0.4
-5.51196 0.6
-5.51171 0.9
-5.51147 1.1
-5.51122 1.4
-5.51098 1.7
-5.51074 1.9
-5.51049 2.2
-5.51025 2.4
-5.51 2.6
-5.50976 2.9
-5.50952 3.1
-5.50927 3.3
-5.50903 3.6
-5.50878 3.8
-5.50854 4.0
-5.5083 4.2
-5.50805 4.4
-5.50781 4.6
-5.50756 4.8
-5.50732 4.9
-5.50707 5.1
-5.50683 5.3
-5.50659 5.4
-5.50634 5.6
-5.5061 5.7
-5.50585 5.8
-5.50561 5.9
-5.50537 6.1
-5.50512 6.2
-5.50488 6.2
-5.50463 6.3
-5.50439 6.4
-5.50414 6.4
-5.5039 6.5
-5.50366 6.5
-5.50341 6.6
-5.50317 6.6
-5.50292 6.6
-5.50268 6.6
-5.50244 6.6
-5.50219 6.5
-5.50195 6.5
-5.5017 6.5
-5.50146 6.4
-5.50121 6.3
-5.50097 6.3
-5.50073 6.2
-5.50048 6.1
-5.50024 6.0
-5.49999 5.9
-5.49975 5.7
-5.49951 5.6
-5.49926 5.5
-5.49902 5.3
-5.49877 5.1
-5.49853 5.0
-5.49829 4.8
-5.49804 4.6
-5.4978 4.4
-5.49755 4.2
-5.49731 4.0
-5.49706 3.8
-5.49682 3.6
-5.49658 3.4
-5.49633 3.2
-5.49609 2.9
-5.49584 2.7
-5.4956 2.4
-5.49536 2.2
-5.49511 2.0
-5.49487 1.7
-5.49462 1.4
-5.49438 1.2
-5.49413 0.9
-5.49389 0.7
-5.49365 0.4
-5.4934 0.2
-5.49316 -0.1
-5.49291 -0.4
-5.49267 -0.6
-5.49243 -0.9
-5.49218 -1.2
-5.49194 -1.4
-5.49169 -1.7
-5.49145 -1.9
-5.49121 -2.2
-5.49096 -2.4
-5.49072 -2.7
-5.49047 -2.9
-5.49023 -3.1
-5.48998 -3.4
-5.48974 -3.6
-5.4895 -3.8
-5.48925 -4.0
-5.48901 -4.2
-5.48876 -4.4
-5.48852 -4.6
-5.48828 -4.8
-5.48803 -5.0
-5.48779 -5.1
-5.48754 -5.3
-5.4873 -5.4
-5.48705 -5.6
-5.48681 -5.7
-5.48657 -5.8
-5.48632 -6.0
-5.48608 -6.1
-5.48583 -6.2
-5.48559 -6.2
-5.48535 -6.3
-5.4851 -6.4
-5.48486 -6.5
-5.48461 -6.5
-5.48437 -6.5
-5.48413 -6.6
-5.48388 -6.6
-5.48364 -6.6
-5.48339 -6.6
-5.48315 -6.6
-5.4829 -6.5
-5.48266 -6.5
-5.48242 -6.5
-5.48217 -6.4
-5.48193 -6.3
-5.48168 -6.3
-5.48144 -6.2
-5.4812 -6.1
-5.48095 -6.0
-5.48071 -5.9
-5.48046 -5.7
-5.48022 -5.6
-5.47997 -5.4
-5.47973 -5.3
-5.47949 -5.1
-5.47924 -5.0
-5.479 -4.8
-5.47875 -4.6
-5.47851 -4.4
-5.47827 -4.2
-5.47802 -4.0
-5.47778 -3.8
-5.47753 -3.6
-5.47729 -3.4
-5.47705 -3.1
-5.4768 -2.9
-5.47656 -2.7
-5.47631 -2.4
-5.47607 -2.2
-5.47582 -1.9
-5.47558 -1.7
-5.47534 -1.4
-5.47509 -1.2
-5.47485 -0.9
-5.4746 -0.6
-5.47436 -0.4
-5.47412 -0.1
-5.47387 0.1
-5.47363 0.4
-5.47338 0.7
-5.47314 0.9
-5.47289 1.2
-5.47265 1.4
-5.47241 1.7
-5.47216 1.9
-5.47192 2.2
-5.47167 2.4
-5.47143 2.7
-5.47119 2.9
-5.47094 3.2
-5.4707 3.4
-5.47045 3.6
-5.47021 3.8
-5.46996 4.0
-5.46972 4.2
-5.46948 4.4
-5.46923 4.6
-5.46899 4.8
-5.46874 5.0
-5.4685 5.2
-5.46826 5.3
-5.46801 5.5
-5.46777 5.6
-5.46752 5.7
-5.46728 5.9
-5.46704 6.0
-5.46679 6.1
-5.46655 6.2
-5.4663 6.3
-5.46606 6.3
-5.46581 6.4
-5.46557 6.5
-5.46533 6.5
-5.46508 6.5
-5.46484 6.6
-5.46459 6.6
-5.46435 6.6
-5.46411 6.6
-5.46386 6.6
-5.46362 6.5
-5.46337 6.5
-5.46313 6.5
-5.46288 6.4
-5.46264 6.3
-5.4624 6.2
-5.46215 6.2
-5.46191 6.1
-5.46166 6.0
-5.46142 5.8
-5.46118 5.7
-5.46093 5.6
-5.46069 5.4
-5.46044 5.3
-5.4602 5.1
-5.45996 4.9
-5.45971 4.8
-5.45947 4.6
-5.45922 4.4
-5.45898 4.2
-5.45873 4.0
-5.45849 3.8
-5.45825 3.5
-5.458 3.3
-5.45776 3.1
-5.45751 2.9
-5.45727 2.6
-5.45703 2.4
-5.45678 2.1
-5.45654 1.9
-5.45629 1.6
-5.45605 1.4
-5.4558 1.1
-5.45556 0.9
-5.45532 0.6
-5.45507 0.3
-5.45483 0.0
-5.45458 -0.2
-5.45434 -0.5
-5.4541 -0.7
-5.45385 -1.0
-5.45361 -1.2
-5.45336 -1.5
-5.45312 -1.8
-5.45288 -2.0
-5.45263 -2.3
-5.45239 -2.5
-5.45214 -2.7
-5.4519 -3.0
-5.45165 -3.2
-5.45141 -3.4
-5.45117 -3.7
-5.45092 -3.9
-5.45068 -4.1
-5.45043 -4.3
-5.45019 -4.5
-5.44995 -4.7
-5.4497 -4.9
-5.44946 -5.0
-5.44921 -5.2
-5.44897 -5.4
-5.44872 -5.5
-5.44848 -5.6
-5.44824 -5.8
-5.44799 -5.9
-5.44775 -6.0
-5.4475 -6.1
-5.44726 -6.2
-5.44702 -6.3
-5.44677 -6.4
-5.44653 -6.4
-5.44628 -6.5
-5.44604 -6.5
-5.4458 -6.6
-5.44555 -6.6
-5.44531 -6.6
-5.44506 -6.6
-5.44482 -6.6
-5.44457 -6.6
-5.44433 -6.5
-5.44409 -6.5
-5.44384 -6.4
-5.4436 -6.4
-5.44335 -6.3
-5.44311 -6.2
-5.44287 -6.1
-5.44262 -6.0
-5.44238 -5.9
-5.44213 -5.8
-5.44189 -5.7
-5.44164 -5.5
-5.4414 -5.4
-5.44116 -5.2
-5.44091 -5.1
-5.44067 -4.9
-5.44042 -4.7
-5.44018 -4.5
-5.43994 -4.3
-5.43969 -4.1
-5.43945 -3.9
-5.4392 -3.7
-5.43896 -3.5
-5.43871 -3.3
-5.43847 -3.0
-5.43823 -2.8
-5.43798 -2.5
-5.43774 -2.3
-5.43749 -2.1
-5.43725 -1.8
-5.43701 -1.5
-5.43676 -1.3
-5.43652 -1.0
-5.43627 -0.8
-5.43603 -0.5
-5.43579 -0.2
-5.43554 0.0
-5.4353 0.3
-5.43505 0.5
-5.43481 0.8
-5.43456 1.1
-5.43432 1.3
-5.43408 1.6
-5.43383 1.8
-5.43359 2.1
-5.43334 2.3
-5.4331 2.6
-5.43286 2.8
-5.43261 3.1
-5.43237 3.3
-5.43212 3.5
-5.43188 3.7
-5.43163 4.0
-5.43139 4.2
-5.43115 4.4
-5.4309 4.6
-5.43066 4.7
-5.43041 4.9
-5.43017 5.1
-5.42993 5.3
-5.42968 5.4
-5.42944 5.6
-5.42919 5.7
-5.42895 5.8
-5.42871 5.9
-5.42846 6.1
-5.42822 6.2
-5.42797 6.2
-5.42773 6.3
-5.42748 6.4
-5.42724 6.5
-5.427 6.5
-5.42675 6.5
-5.42651 6.6
-5.42626 6.6
-5.42602 6.6
-5.42578 6.6
-5.42553 6.6
-5.42529 6.6
-5.42504 6.5
-5.4248 6.5
-5.42455 6.4
-5.42431 6.4
-5.42407 6.3
-5.42382 6.2
-5.42358 6.1
-5.42333 6.0
-5.42309 5.9
-5.42285 5.8
-5.4226 5.6
-5.42236 5.5
-5.42211 5.3
-5.42187 5.2
-5.42163 5.0
-5.42138 4.8
-5.42114 4.6
-5.42089 4.5
-5.42065 4.3
-5.4204 4.1
-5.42016 3.8
-5.41992 3.6
-5.41967 3.4
-5.41943 3.2
-5.41918 2.9
-5.41894 2.7
-5.4187 2.5
-5.41845 2.2
-5.41821 2.0
-5.41796 1.7
-5.41772 1.4
-5.41747 1.2
-5.41723 0.9
-5.41699 0.7
-5.41674 0.4
-5.4165 0.1
-5.41625 -0.1
-5.41601 -0.4
-5.41577 -0.7
-5.41552 -0.9
-5.41528 -1.2
-5.41503 -1.4
-5.41479 -1.7
-5.41455 -1.9
-5.4143 -2.2
-5.41406 -2.4
-5.41381 -2.7
-5.41357 -2.9
-5.41332 -3.2
-5.41308 -3.4
-5.41284 -3.6
-5.41259 -3.8
-5.41235 -4.0
-5.4121 -4.3
-5.41186 -4.5
-5.41162 -4.6
-5.41137 -4.8
-5.41113 -5.0
-5.41088 -5.2
-5.41064 -5.3
-5.41039 -5.5
-5.41015 -5.6
-5.40991 -5.8
-5.40966 -5.9
-5.40942 -6.0
-5.40917 -6.1
-5.40893 -6.2
-5.40869 -6.3
-5.40844 -6.4
-5.4082 -6.4
-5.40795 -6.5
-5.40771 -6.5
-5.40746 -6.6
-5.40722 -6.6
-5.40698 -6.6
-5.40673 -6.6
-5.40649 -6.6
-5.40624 -6.6
-5.406 -6.6
-5.40576 -6.5
-5.40551 -6.5
-5.40527 -6.4
-5.40502 -6.3
-5.40478 -6.3
-5.40454 -6.2
-5.40429 -6.1
-5.40405 -6.0
-5.4038 -5.8
-5.40356 -5.7
-5.40331 -5.6
-5.40307 -5.4
-5.40283 -5.3
-5.40258 -5.1
-5.40234 -4.9
-5.40209 -4.7
-5.40185 -4.6
-5.40161 -4.4
-5.40136 -4.2
-5.40112 -3.9
-5.40087 -3.7
-5.40063 -3.5
-5.40038 -3.3
-5.40014 -3.1
-5.3999 -2.8
-5.39965 -2.6
-5.39941 -2.3
-5.39916 -2.1
-5.39892 -1.8
-5.39868 -1.6
-5.39843 -1.3
-5.39819 -1.1
-5.39794 -0.8
-5.3977 -0.5
-5.39746 -0.3
-5.39721 0.0
-5.39697 0.3
-5.39672 0.5
-5.39648 0.8
-5.39623 1.1
-5.39599 1.3
-5.39575 1.6
-5.3955 1.8
-5.39526 2.1
-5.39501 2.3
-5.39477 2.6
-5.39453 2.8
-5.39428 3.1
-5.39404 3.3
-5.39379 3.5
-5.39355 3.7
-5.3933 4.0
-5.39306 4.2
-5.39282 4.4
-5.39257 4.6
-5.39233 4.8
-5.39208 4.9
-5.39184 5.1
-5.3916 5.3
-5.39135 5.4
-5.39111 5.6
-5.39086 5.7
-5.39062 5.8
-5.39038 6.0
-5.39013 6.1
-5.38989 6.2
-5.38964 6.3
-5.3894 6.3
-5.38915 6.4
-5.38891 6.5
-5.38867 6.5
-5.38842 6.6
-5.38818 6.6
-5.38793 6.6
-5.38769 6.6
-5.38745 6.6
-5.3872 6.6
-5.38696 6.6
-5.38671 6.5
-5.38647 6.5
-5.38622 6.4
-5.38598 6.4
-5.38574 6.3
-5.38549 6.2
-5.38525 6.1
-5.385 6.0
-5.38476 5.9
-5.38452 5.8
-5.38427 5.6
-5.38403 5.5
-5.38378 5.3
-5.38354 5.2
-5.3833 5.0
-5.38305 4.8
-5.38281 4.6
-5.38256 4.4
-5.38232 4.2
-5.38207 4.0
-5.38183 3.8
-5.38159 3.6
-5.38134 3.4
-5.3811 3.1
-5.38085 2.9
-5.38061 2.7
-5.38037 2.4
-5.38012 2.2
-5.37988 1.9
-5.37963 1.7
-5.37939 1.4
-5.37914 1.2
-5.3789 0.9
-5.37866 0.6
-5.37841 0.4
-5.37817 0.0
-5.37792 -0.2
-5.37768 -0.4
-5.37744 -0.7
-5.37719 -1.0
-5.37695 -1.2
-5.3767 -1.5
-5.37646 -1.7
-5.37621 -2.0
-5.37597 -2.2
-5.37573 -2.5
-5.37548 -2.7
-5.37524 -3.0
-5.37499 -3.2
-5.37475 -3.4
-5.37451 -3.7
-5.37426 -3.9
-5.37402 -4.1
-5.37377 -4.3
-5.37353 -4.5
-5.37329 -4.7
-5.37304 -4.9
-5.3728 -5.0
-5.37255 -5.2
-5.37231 -5.4
-5.37206 -5.5
-5.37182 -5.7
-5.37158 -5.8
-5.37133 -5.9
-5.37109 -6.0
-5.37084 -6.1
-5.3706 -6.2
-5.37036 -6.3
-5.37011 -6.4
-5.36987 -6.5
-5.36962 -6.5
-5.36938 -6.6
-5.36913 -6.6
-5.36889 -6.6
-5.36865 -6.6
-5.3684 -6.6
-5.36816 -6.6
-5.36791 -6.6
-5.36767 -6.6
-5.36743 -6.5
-5.36718 -6.5
-5.36694 -6.4
-5.36669 -6.3
-5.36645 -6.2
-5.36621 -6.1
-5.36596 -6.0
-5.36572 -5.9
-5.36547 -5.8
-5.36523 -5.7
-5.36498 -5.5
-5.36474 -5.4
-5.3645 -5.2
-5.36425 -5.1
-5.36401 -4.9
-5.36376 -4.7
-5.36352 -4.5
-5.36328 -4.3
-5.36303 -4.1
-5.36279 -3.9
-5.36254 -3.7
-5.3623 -3.4
-5.36205 -3.2
-5.36181 -3.0
-5.36157 -2.7
-5.36132 -2.5
-5.36108 -2.3
-5.36083 -2.0
-5.36059 -1.7
-5.36035 -1.5
-5.3601 -1.2
-5.35986 -1.0
-5.35961 -0.7
-5.35937 -0.4
-5.35913 -0.2
-5.35888 0.0
-5.35864 0.4
-5.35839 0.6
-5.35815 0.9
-5.3579 1.2
-5.35766 1.4
-5.35742 1.7
-5.35717 1.9
-5.35693 2.2
-5.35668 2.4
-5.35644 2.7
-5.3562 2.9
-5.35595 3.2
-5.35571 3.4
-5.35546 3.6
-5.35522 3.8
-5.35497 4.0
-5.35473 4.3
-5.35449 4.5
-5.35424 4.6
-5.354 4.8
-5.35375 5.0
-5.35351 5.2
-5.35327 5.3
-5.35302 5.5
-5.35278 5.6
-5.35253 5.8
-5.35229 5.9
-5.35205 6.0
-5.3518 6.1
-5.35156 6.2
-5.35131 6.3
-5.35107 6.4
-5.35082 6.4
-5.35058 6.5
-5.35034 6.5
-5.35009 6.6
-5.34985 6.6
-5.3496 6.6
-5.34936 6.6
-5.34912 6.6
-5.34887 6.6
-5.34863 6.6
-5.34838 6.5
-5.34814 6.5
-5.34789 6.4
-5.34765 6.3
-5.34741 6.3
-5.34716 6.2
-5.34692 6.1
-5.34667 6.0
-5.34643 5.8
-5.34619 5.7
-5.34594 5.6
-5.3457 5.4
-5.34545 5.3
-5.34521 5.1
-5.34496 4.9
-5.34472 4.7
-5.34448 4.5
-5.34423 4.3
-5.34399 4.1
-5.34374 3.9
-5.3435 3.7
-5.34326 3.5
-5.34301 3.3
-5.34277 3.0
-5.34252 2.8
-5.34228 2.5
-5.34204 2.3
-5.34179 2.0
-5.34155 1.8
-5.3413 1.5
-5.34106 1.3
-5.34081 1.0
-5.34057 0.7
-5.34033 0.5
-5.34008 0.2
-5.33984 0.0
-5.33959 -0.3
-5.33935 -0.6
-5.33911 -0.8
-5.33886 -1.1
-5.33862 -1.4
-5.33837 -1.6
-5.33813 -1.9
-5.33788 -2.1
-5.33764 -2.4
-5.3374 -2.6
-5.33715 -2.9
-5.33691 -3.1
-5.33666 -3.4
-5.33642 -3.6
-5.33618 -3.8
-5.33593 -4.0
-5.33569 -4.2
-5.33544 -4.4
-5.3352 -4.6
-5.33496 -4.8
-5.33471 -5.0
-5.33447 -5.2
-5.33422 -5.3
-5.33398 -5.5
-5.33373 -5.6
-5.33349 -5.8
-5.33325 -5.9
-5.333 -6.0
-5.33276 -6.1
-5.33251 -6.2
-5.33227 -6.3
-5.33203 -6.4
-5.33178 -6.4
-5.33154 -6.5
-5.33129 -6.5
-5.33105 -6.6
-5.3308 -6.6
-5.33056 -6.6
-5.33032 -6.6
-5.33007 -6.6
-5.32983 -6.6
-5.32958 -6.6
-5.32934 -6.5
-5.3291 -6.5
-5.32885 -6.4
-5.32861 -6.4
-5.32836 -6.3
-5.32812 -6.2
-5.32788 -6.1
-5.32763 -6.0
-5.32739 -5.9
-5.32714 -5.7
-5.3269 -5.6
-5.32665 -5.4
-5.32641 -5.3
-5.32617 -5.1
-5.32592 -4.9
-5.32568 -4.8
-5.32543 -4.6
-5.32519 -4.4
-5.32495 -4.2
-5.3247 -4.0
-5.32446 -3.7
-5.32421 -3.5
-5.32397 -3.3
-5.32372 -3.1
-5.32348 -2.8
-5.32324 -2.6
-5.32299 -2.3
-5.32275 -2.1
-5.3225 -1.8
-5.32226 -1.6
-5.32202 -1.3
-5.32177 -1.0
-5.32153 -0.8
-5.32128 -0.5
-5.32104 -0.2
-5.3208 0.0
-5.32055 0.3
-5.32031 0.6
-5.32006 0.8
-5.31982 1.1
-5.31957 1.4
-5.31933 1.6
-5.31909 1.9
-5.31884 2.1
-5.3186 2.4
-5.31835 2.6
-5.31811 2.9
-5.31787 3.1
-5.31762 3.3
-5.31738 3.6
-5.31713 3.8
-5.31689 4.0
-5.31664 4.2
-5.3164 4.4
-5.31616 4.6
-5.31591 4.8
-5.31567 5.0
-5.31542 5.2
-5.31518 5.3
-5.31494 5.5
-5.31469 5.6
-5.31445 5.8
-5.3142 5.9
-5.31396 6.0
-5.31371 6.1
-5.31347 6.2
-5.31323 6.3
-5.31298 6.4
-5.31274 6.5
-5.31249 6.5
-5.31225 6.6
-5.31201 6.6
-5.31176 6.6
-5.31152 6.6
-5.31127 6.6
-5.31103 6.6
-5.31079 6.6
-5.31054 6.6
-5.3103 6.5
-5.31005 6.5
-5.30981 6.4
-5.30956 6.4
-5.30932 6.3
-5.30908 6.2
-5.30883 6.1
-5.30859 6.0
-5.30834 5.9
-5.3081 5.7
-5.30786 5.6
-5.30761 5.4
-5.30737 5.3
-5.30712 5.1
-5.30688 4.9
-5.30663 4.8
-5.30639 4.6
-5.30615 4.4
-5.3059 4.2
-5.30566 4.0
-5.30541 3.7
-5.30517 3.5
-5.30493 3.3
-5.30468 3.0
-5.30444 2.8
-5.30419 2.6
-5.30395 2.3
-5.30371 2.1
-5.30346 1.8
-5.30322 1.5
-5.30297 1.3
-5.30273 1.0
-5.30248 0.8
-5.30224 0.5
-5.302 0.2
-5.30175 0.0
-5.30151 -0.3
-5.30126 -0.6
-5.30102 -0.8
-5.30078 -1.1
-5.30053 -1.4
-5.30029 -1.6
-5.30004 -1.9
-5.2998 -2.1
-5.29955 -2.4
-5.29931 -2.6
-5.29907 -2.9
-5.29882 -3.1
-5.29858 -3.4
-5.29833 -3.6
-5.29809 -3.8
-5.29785 -4.0
-5.2976 -4.2
-5.29736 -4.4
-5.29711 -4.6
-5.29687 -4.8
-5.29663 -5.0
-5.29638 -5.2
-5.29614 -5.3
-5.29589 -5.5
-5.29565 -5.6
-5.2954 -5.8
-5.29516 -5.9
-5.29492 -6.0
-5.29467 -6.1
-5.29443 -6.2
-5.29418 -6.3
-5.29394 -6.4
-5.2937 -6.5
-5.29345 -6.5
-5.29321 -6.6
-5.29296 -6.6
-5.29272 -6.6
-5.29247 -6.6
-5.29223 -6.6
-5.29199 -6.6
-5.29174 -6.6
-5.2915 -6.6
-5.29125 -6.5
-5.29101 -6.5
-5.29077 -6.4
-5.29052 -6.4
-5.29028 -6.3
-5.29003 -6.2
-5.28979 -6.1
-5.28955 -6.0
-5.2893 -5.8
-5.28906 -5.7
-5.28881 -5.6
-5.28857 -5.4
-5.28832 -5.3
-5.28808 -5.1
-5.28784 -4.9
-5.28759 -4.7
-5.28735 -4.5
-5.2871 -4.4
-5.28686 -4.1
-5.28662 -3.9
-5.28637 -3.7
-5.28613 -3.5
-5.28588 -3.3
-5.28564 -3.0
-5.28539 -2.8
-5.28515 -2.5
-5.28491 -2.3
-5.28466 -2.0
-5.28442 -1.8
-5.28417 -1.5
-5.28393 -1.3
-5.28369 -1.0
-5.28344 -0.7
-5.2832 -0.5
-5.28295 -0.2
-5.28271 0.0
-5.28246 0.4
-5.28222 0.6
-5.28198 0.9
-5.28173 1.2
-5.28149 1.4
-5.28124 1.7
-5.281 1.9
-5.28076 2.2
-5.28051 2.4
-5.28027 2.7
-5.28002 2.9
-5.27978 3.2
-5.27954 3.4
-5.27929 3.6
-5.27905 3.9
-5.2788 4.1
-5.27856 4.3
-5.27831 4.5
-5.27807 4.7
-5.27783 4.9
-5.27758 5.0
-5.27734 5.2
-5.27709 5.4
-5.27685 5.5
-5.27661 5.7
-5.27636 5.8
-5.27612 5.9
-5.27587 6.0
-5.27563 6.2
-5.27538 6.3
-5.27514 6.3
-5.2749 6.4
-5.27465 6.5
-5.27441 6.5
-5.27416 6.6
-5.27392 6.6
-5.27368 6.6
-5.27343 6.6
-5.27319 6.6
-5.27294 6.6
-5.2727 6.6
-5.27246 6.6
-5.27221 6.5
-5.27197 6.5
-5.27172 6.4
-5.27148 6.4
-5.27123 6.3
-5.27099 6.2
-5.27075 6.1
-5.2705 6.0
-5.27026 5.8
-5.27001 5.7
-5.26977 5.6
-5.26953 5.4
-5.26928 5.2
-5.26904 5.1
-5.26879 4.9
-5.26855 4.7
-5.2683 4.5
-5.26806 4.3
-5.26782 4.1
-5.26757 3.9
-5.26733 3.7
-5.26708 3.4
-5.26684 3.2
-5.2666 3.0
-5.26635 2.7
-5.26611 2.5
-5.26586 2.2
-5.26562 2.0
-5.26538 1.7
-5.26513 1.5
-5.26489 1.2
-5.26464 0.9
-5.2644 0.7
-5.26415 0.4
-5.26391 0.1
-5.26367 -0.1
-5.26342 -0.4
-5.26318 -0.7
-5.26293 -1.0
-5.26269 -1.2
-5.26245 -1.5
-5.2622 -1.7
-5.26196 -2.0
-5.26171 -2.3
-5.26147 -2.5
-5.26122 -2.8
-5.26098 -3.0
-5.26074 -3.2
-5.26049 -3.5
-5.26025 -3.7
-5.26 -3.9
-5.25976 -4.1
-5.25952 -4.3
-5.25927 -4.5
-5.25903 -4.7
-5.25878 -4.9
-5.25854 -5.1
-5.2583 -5.3
-5.25805 -5.4
-5.25781 -5.6
-5.25756 -5.7
-5.25732 -5.8
-5.25707 -6.0
-5.25683 -6.1
-5.25659 -6.2
-5.25634 -6.3
-5.2561 -6.4
-5.25585 -6.4
-5.25561 -6.5
-5.25537 -6.6
-5.25512 -6.6
-5.25488 -6.6
-5.25463 -6.6
-5.25439 -6.7
-5.25414 -6.6
-5.2539 -6.6
-5.25366 -6.6
-5.25341 -6.6
-5.25317 -6.5
-5.25292 -6.5
-5.25268 -6.4
-5.25244 -6.3
-5.25219 -6.2
-5.25195 -6.1
-5.2517 -6.0
-5.25146 -5.9
-5.25121 -5.8
-5.25097 -5.7
-5.25073 -5.5
-5.25048 -5.4
-5.25024 -5.2
-5.24999 -5.0
-5.24975 -4.8
-5.24951 -4.6
-5.24926 -4.5
-5.24902 -4.2
-5.24877 -4.0
-5.24853 -3.8
-5.24829 -3.6
-5.24804 -3.4
-5.2478 -3.1
-5.24755 -2.9
-5.24731 -2.6
-5.24706 -2.4
-5.24682 -2.1
-5.24658 -1.9
-5.24633 -1.6
-5.24609 -1.4
-5.24584 -1.1
-5.2456 -0.8
-5.24536 -0.6
-5.24511 -0.3
-5.24487 0.0
-5.24462 0.2
-5.24438 0.5
-5.24413 0.8
-5.24389 1.0
-5.24365 1.3
-5.2434 1.6
-5.24316 1.8
-5.24291 2.1
-5.24267 2.3
-5.24243 2.6
-5.24218 2.8
-5.24194 3.1
-5.24169 3.3
-5.24145 3.6
-5.24121 3.8
-5.24096 4.0
-5.24072 4.2
-5.24047 4.4
-5.24023 4.6
-5.23998 4.8
-5.23974 5.0
-5.2395 5.2
-5.23925 5.3
-5.23901 5.5
-5.23876 5.6
-5.23852 5.8
-5.23828 5.9
-5.23803 6.0
-5.23779 6.1
-5.23754 6.2
-5.2373 6.3
-5.23705 6.4
-5.23681 6.5
-5.23657 6.5
-5.23632 6.6
-5.23608 6.6
-5.23583 6.6
-5.23559 6.7
-5.23535 6.7
-5.2351 6.7
-5.23486 6.6
-5.23461 6.6
-5.23437 6.6
-5.23413 6.5
-5.23388 6.5
-5.23364 6.4
-5.23339 6.3
-5.23315 6.2
-5.2329 6.1
-5.23266 6.0
-5.23242 5.9
-5.23217 5.7
-5.23193 5.6
-5.23168 5.4
-5.23144 5.3
-5.2312 5.1
-5.23095 4.9
-5.23071 4.8
-5.23046 4.6
-5.23022 4.4
-5.22997 4.2
-5.22973 3.9
-5.22949 3.7
-5.22924 3.5
-5.229 3.3
-5.22875 3.0
-5.22851 2.8
-5.22827 2.5
-5.22802 2.3
-5.22778 2.0
-5.22753 1.8
-5.22729 1.5
-5.22705 1.2
-5.2268 1.0
-5.22656 0.7
-5.22631 0.4
-5.22607 0.2
-5.22582 0.0
-5.22558 -0.4
-5.22534 -0.6
-5.22509 -0.9
-5.22485 -1.2
-5.2246 -1.4
-5.22436 -1.7
-5.22412 -2.0
-5.22387 -2.2
-5.22363 -2.5
-5.22338 -2.7
-5.22314 -3.0
-5.22289 -3.2
-5.22265 -3.4
-5.22241 -3.7
-5.22216 -3.9
-5.22192 -4.1
-5.22167 -4.3
-5.22143 -4.5
-5.22119 -4.7
-5.22094 -4.9
-5.2207 -5.1
-5.22045 -5.2
-5.22021 -5.4
-5.21996 -5.6
-5.21972 -5.7
-5.21948 -5.8
-5.21923 -6.0
-5.21899 -6.1
-5.21874 -6.2
-5.2185 -6.3
-5.21826 -6.4
-5.21801 -6.4
-5.21777 -6.5
-5.21752 -6.6
-5.21728 -6.6
-5.21704 -6.6
-5.21679 -6.7
-5.21655 -6.7
-5.2163 -6.7
-5.21606 -6.6
-5.21581 -6.6
-5.21557 -6.6
-5.21533 -6.5
-5.21508 -6.5
-5.21484 -6.4
-5.21459 -6.3
-5.21435 -6.3
-5.21411 -6.2
-5.21386 -6.1
-5.21362 -5.9
-5.21337 -5.8
-5.21313 -5.7
-5.21288 -5.5
-5.21264 -5.4
-5.2124 -5.2
-5.21215 -5.0
-5.21191 -4.9
-5.21166 -4.7
-5.21142 -4.5
-5.21118 -4.3
-5.21093 -4.1
-5.21069 -3.8
-5.21044 -3.6
-5.2102 -3.4
-5.20996 -3.1
-5.20971 -2.9
-5.20947 -2.7
-5.20922 -2.4
-5.20898 -2.2
-5.20873 -1.9
-5.20849 -1.6
-5.20825 -1.4
-5.208 -1.1
-5.20776 -0.8
-5.20751 -0.6
-5.20727 -0.3
-5.20703 0.0
-5.20678 0.2
-5.20654 0.5
-5.20629 0.8
-5.20605 1.1
-5.2058 1.3
-5.20556 1.6
-5.20532 1.8
-5.20507 2.1
-5.20483 2.4
-5.20458 2.6
-5.20434 2.9
-5.2041 3.1
-5.20385 3.3
-5.20361 3.6
-5.20336 3.8
-5.20312 4.0
-5.20288 4.2
-5.20263 4.4
-5.20239 4.6
-5.20214 4.8
-5.2019 5.0
-5.20165 5.2
-5.20141 5.3
-5.20117 5.5
-5.20092 5.7
-5.20068 5.8
-5.20043 5.9
-5.20019 6.0
-5.19995 6.1
-5.1997 6.2
-5.19946 6.3
-5.19921 6.4
-5.19897 6.5
-5.19872 6.5
-5.19848 6.6
-5.19824 6.6
-5.19799 6.7
-5.19775 6.7
-5.1975 6.7
-5.19726 6.7
-5.19702 6.6
-5.19677 6.6
-5.19653 6.6
-5.19628 6.5
-5.19604 6.5
-5.1958 6.4
-5.19555 6.3
-5.19531 6.2
-5.19506 6.1
-5.19482 6.0
-5.19457 5.9
-5.19433 5.7
-5.19409 5.6
-5.19384 5.4
-5.1936 5.3
-5.19335 5.1
-5.19311 4.9
-5.19287 4.7
-5.19262 4.5
-5.19238 4.3
-5.19213 4.1
-5.19189 3.9
-5.19164 3.7
-5.1914 3.5
-5.19116 3.2
-5.19091 3.0
-5.19067 2.7
-5.19042 2.5
-5.19018 2.2
-5.18994 2.0
-5.18969 1.7
-5.18945 1.5
-5.1892 1.2
-5.18896 0.9
-5.18871 0.7
-5.18847 0.4
-5.18823 0.1
-5.18798 -0.2
-5.18774 -0.4
-5.18749 -0.7
-5.18725 -1.0
-5.18701 -1.2
-5.18676 -1.5
-5.18652 -1.8
-5.18627 -2.0
-5.18603 -2.3
-5.18579 -2.5
-5.18554 -2.8
-5.1853 -3.0
-5.18505 -3.3
-5.18481 -3.5
-5.18456 -3.7
-5.18432 -3.9
-5.18408 -4.2
-5.18383 -4.4
-5.18359 -4.6
-5.18334 -4.8
-5.1831 -5.0
-5.18286 -5.1
-5.18261 -5.3
-5.18237 -5.5
-5.18212 -5.6
-5.18188 -5.8
-5.18163 -5.9
-5.18139 -6.0
-5.18115 -6.1
-5.1809 -6.2
-5.18066 -6.3
-5.18041 -6.4
-5.18017 -6.5
-5.17993 -6.5
-5.17968 -6.6
-5.17944 -6.6
-5.17919 -6.7
-5.17895 -6.7
-5.17871 -6.7
-5.17846 -6.7
-5.17822 -6.7
-5.17797 -6.6
-5.17773 -6.6
-5.17748 -6.5
-5.17724 -6.5
-5.177 -6.4
-5.17675 -6.3
-5.17651 -6.2
-5.17626 -6.1
-5.17602 -6.0
-5.17578 -5.9
-5.17553 -5.8
-5.17529 -5.6
-5.17504 -5.5
-5.1748 -5.3
-5.17455 -5.2
-5.17431 -5.0
-5.17407 -4.8
-5.17382 -4.6
-5.17358 -4.4
-5.17333 -4.2
-5.17309 -4.0
-5.17285 -3.8
-5.1726 -3.5
-5.17236 -3.3
-5.17211 -3.1
-5.17187 -2.8
-5.17163 -2.6
-5.17138 -2.3
-5.17114 -2.1
-5.17089 -1.8
-5.17065 -1.5
-5.1704 -1.3
-5.17016 -1.0
-5.16992 -0.7
-5.16967 -0.5
-5.16943 -0.2
-5.16918 0.0
-5.16894 0.4
-5.1687 0.6
-5.16845 0.9
-5.16821 1.2
-5.16796 1.4
-5.16772 1.7
-5.16747 2.0
-5.16723 2.2
-5.16699 2.5
-5.16674 2.7
-5.1665 3.0
-5.16625 3.2
-5.16601 3.4
-5.16577 3.7
-5.16552 3.9
-5.16528 4.1
-5.16503 4.3
-5.16479 4.5
-5.16455 4.7
-5.1643 4.9
-5.16406 5.1
-5.16381 5.3
-5.16357 5.4
-5.16332 5.6
-5.16308 5.7
-5.16284 5.9
-5.16259 6.0
-5.16235 6.1
-5.1621 6.2
-5.16186 6.3
-5.16162 6.4
-5.16137 6.5
-5.16113 6.5
-5.16088 6.6
-5.16064 6.6
-5.16039 6.7
-5.16015 6.7
-5.15991 6.7
-5.15966 6.7
-5.15942 6.7
-5.15917 6.6
-5.15893 6.6
-5.15869 6.6
-5.15844 6.5
-5.1582 6.4
-5.15795 6.4
-5.15771 6.3
-5.15746 6.2
-5.15722 6.1
-5.15698 5.9
-5.15673 5.8
-5.15649 5.7
-5.15624 5.5
-5.156 5.4
-5.15576 5.2
-5.15551 5.0
-5.15527 4.8
-5.15502 4.6
-5.15478 4.4
-5.15454 4.2
-5.15429 4.0
-5.15405 3.8
-5.1538 3.6
-5.15356 3.3
-5.15331 3.1
-5.15307 2.8
-5.15283 2.6
-5.15258 2.3
-5.15234 2.1
-5.15209 1.8
-5.15185 1.6
-5.15161 1.3
-5.15136 1.0
-5.15112 0.8
-5.15087 0.5
-5.15063 0.2
-5.15038 0.0
-5.15014 -0.3
-5.1499 -0.6
-5.14965 -0.9
-5.14941 -1.1
-5.14916 -1.4
-5.14892 -1.7
-5.14868 -1.9
-5.14843 -2.2
-5.14819 -2.4
-5.14794 -2.7
-5.1477 -2.9
-5.14746 -3.2
-5.14721 -3.4
-5.14697 -3.7
-5.14672 -3.9
-5.14648 -4.1
-5.14623 -4.3
-5.14599 -4.5
-5.14575 -4.7
-5.1455 -4.9
-5.14526 -5.1
-5.14501 -5.3
-5.14477 -5.4
-5.14453 -5.6
-5.14428 -5.7
-5.14404 -5.9
-5.14379 -6.0
-5.14355 -6.1
-5.1433 -6.2
-5.14306 -6.3
-5.14282 -6.4
-5.14257 -6.5
-5.14233 -6.5
-5.14208 -6.6
-5.14184 -6.6
-5.1416 -6.7
-5.14135 -6.7
-5.14111 -6.7
-5.14086 -6.7
-5.14062 -6.7
-5.14038 -6.6
-5.14013 -6.6
-5.13989 -6.6
-5.13964 -6.5
-5.1394 -6.4
-5.13915 -6.4
-5.13891 -6.3
-5.13867 -6.2
-5.13842 -6.1
-5.13818 -5.9
-5.13793 -5.8
-5.13769 -5.7
-5.13745 -5.5
-5.1372 -5.4
-5.13696 -5.2
-5.13671 -5.0
-5.13647 -4.8
-5.13622 -4.6
-5.13598 -4.4
-5.13574 -4.2
-5.13549 -4.0
-5.13525 -3.8
-5.135 -3.6
-5.13476 -3.3
-5.13452 -3.1
-5.13427 -2.9
-5.13403 -2.6
-5.13378 -2.4
-5.13354 -2.1
-5.1333 -1.8
-5.13305 -1.6
-5.13281 -1.3
-5.13256 -1.0
-5.13232 -0.8
-5.13207 -0.5
-5.13183 -0.2
-5.13159 0.0
-5.13134 0.3
-5.1311 0.6
-5.13085 0.9
-5.13061 1.1
-5.13037 1.4
-5.13012 1.7
-5.12988 1.9
-5.12963 2.2
-5.12939 2.4
-5.12914 2.7
-5.1289 2.9
-5.12866 3.2
-5.12841 3.4
-5.12817 3.7
-5.12792 3.9
-5.12768 4.1
-5.12744 4.3
-5.12719 4.5
-5.12695 4.7
-5.1267 4.9
-5.12646 5.1
-5.12621 5.3
-5.12597 5.4
-5.12573 5.6
-5.12548 5.7
-5.12524 5.9
-5.12499 6.0
-5.12475 6.1
-5.12451 6.2
-5.12426 6.3
-5.12402 6.4
-5.12377 6.5
-5.12353 6.5
-5.12329 6.6
-5.12304 6.6
-5.1228 6.7
-5.12255 6.7
-5.12231 6.7
-5.12206 6.7
-5.12182 6.7
-5.12158 6.7
-5.12133 6.6
-5.12109 6.6
-5.12084 6.5
-5.1206 6.4
-5.12036 6.4
-5.12011 6.3
-5.11987 6.2
-5.11962 6.1
-5.11938 5.9
-5.11913 5.8
-5.11889 5.7
-5.11865 5.5
-5.1184 5.4
-5.11816 5.2
-5.11791 5.0
-5.11767 4.8
-5.11743 4.6
-5.11718 4.4
-5.11694 4.2
-5.11669 4.0
-5.11645 3.8
-5.11621 3.6
-5.11596 3.3
-5.11572 3.1
-5.11547 2.8
-5.11523 2.6
-5.11498 2.3
-5.11474 2.1
-5.1145 1.8
-5.11425 1.6
-5.11401 1.3
-5.11376 1.0
-5.11352 0.8
-5.11328 0.5
-5.11303 0.2
-5.11279 0.0
-5.11254 -0.3
-5.1123 -0.6
-5.11205 -0.9
-5.11181 -1.2
-5.11157 -1.4
-5.11132 -1.7
-5.11108 -2.0
-5.11083 -2.2
-5.11059 -2.5
-5.11035 -2.7
-5.1101 -3.0
-5.10986 -3.2
-5.10961 -3.4
-5.10937 -3.7
-5.10913 -3.9
-5.10888 -4.1
-5.10864 -4.3
-5.10839 -4.5
-5.10815 -4.7
-5.1079 -4.9
-5.10766 -5.1
-5.10742 -5.3
-5.10717 -5.4
-5.10693 -5.6
-5.10668 -5.7
-5.10644 -5.9
-5.1062 -6.0
-5.10595 -6.1
-5.10571 -6.2
-5.10546 -6.3
-5.10522 -6.4
-5.10497 -6.5
-5.10473 -6.5
-5.10449 -6.6
-5.10424 -6.6
-5.104 -6.7
-5.10375 -6.7
-5.10351 -6.7
-5.10327 -6.7
-5.10302 -6.7
-5.10278 -6.7
-5.10253 -6.6
-5.10229 -6.6
-5.10205 -6.5
-5.1018 -6.4
-5.10156 -6.4
-5.10131 -6.3
-5.10107 -6.2
-5.10082 -6.1
-5.10058 -5.9
-5.10034 -5.8
-5.10009 -5.7
-5.09985 -5.5
-5.0996 -5.3
-5.09936 -5.2
-5.09912 -5.0
-5.09887 -4.8
-5.09863 -4.6
-5.09838 -4.4
-5.09814 -4.2
-5.09789 -4.0
-5.09765 -3.8
-5.09741 -3.5
-5.09716 -3.3
-5.09692 -3.1
-5.09667 -2.8
-5.09643 -2.6
-5.09619 -2.3
-5.09594 -2.0
-5.0957 -1.8
-5.09545 -1.5
-5.09521 -1.2
-5.09496 -1.0
-5.09472 -0.7
-5.09448 -0.4
-5.09423 -0.2
-5.09399 0.1
-5.09374 0.4
-5.0935 0.7
-5.09326 0.9
-5.09301 1.2
-5.09277 1.5
-5.09252 1.7
-5.09228 2.0
-5.09204 2.3
-5.09179 2.5
-5.09155 2.8
-5.0913 3.0
-5.09106 3.3
-5.09081 3.5
-5.09057 3.7
-5.09033 4.0
-5.09008 4.2
-5.08984 4.4
-5.08959 4.6
-5.08935 4.8
-5.08911 5.0
-5.08886 5.2
-5.08862 5.3
-5.08837 5.5
-5.08813 5.6
-5.08788 5.8
-5.08764 5.9
-5.0874 6.0
-5.08715 6.2
-5.08691 6.3
-5.08666 6.4
-5.08642 6.4
-5.08618 6.5
-5.08593 6.6
-5.08569 6.6
-5.08544 6.7
-5.0852 6.7
-5.08496 6.7
-5.08471 6.7
-5.08447 6.7
-5.08422 6.7
-5.08398 6.7
-5.08373 6.6
-5.08349 6.6
-5.08325 6.5
-5.083 6.4
-5.08276 6.3
-5.08251 6.3
-5.08227 6.1
-5.08203 6.0
-5.08178 5.9
-5.08154 5.8
-5.08129 5.6
-5.08105 5.5
-5.0808 5.3
-5.08056 5.1
-5.08032 5.0
-5.08007 4.8
-5.07983 4.6
-5.07958 4.4
-5.07934 4.2
-5.0791 3.9
-5.07885 3.7
-5.07861 3.5
-5.07836 3.2
-5.07812 3.0
-5.07788 2.7
-5.07763 2.5
-5.07739 2.2
-5.07714 2.0
-5.0769 1.7
-5.07665 1.4
-5.07641 1.2
-5.07617 0.9
-5.07592 0.6
-5.07568 0.4
-5.07543 0.0
-5.07519 -0.2
-5.07495 -0.5
-5.0747 -0.7
-5.07446 -1.0
-5.07421 -1.3
-5.07397 -1.6
-5.07372 -1.8
-5.07348 -2.1
-5.07324 -2.3
-5.07299 -2.6
-5.07275 -2.8
-5.0725 -3.1
-5.07226 -3.3
-5.07202 -3.6
-5.07177 -3.8
-5.07153 -4.0
-5.07128 -4.2
-5.07104 -4.5
-5.0708 -4.7
-5.07055 -4.8
-5.07031 -5.0
-5.07006 -5.2
-5.06982 -5.4
-5.06957 -5.5
-5.06933 -5.7
-5.06909 -5.8
-5.06884 -6.0
-5.0686 -6.1
-5.06835 -6.2
-5.06811 -6.3
-5.06787 -6.4
-5.06762 -6.5
-5.06738 -6.5
-5.06713 -6.6
-5.06689 -6.6
-5.06664 -6.7
-5.0664 -6.7
-5.06616 -6.7
-5.06591 -6.7
-5.06567 -6.7
-5.06542 -6.7
-5.06518 -6.6
-5.06494 -6.6
-5.06469 -6.5
-5.06445 -6.5
-5.0642 -6.4
-5.06396 -6.3
-5.06371 -6.2
-5.06347 -6.1
-5.06323 -6.0
-5.06298 -5.9
-5.06274 -5.7
-5.06249 -5.6
-5.06225 -5.4
-5.06201 -5.3
-5.06176 -5.1
-5.06152 -4.9
-5.06127 -4.7
-5.06103 -4.5
-5.06079 -4.3
-5.06054 -4.1
-5.0603 -3.9
-5.06005 -3.6
-5.05981 -3.4
-5.05956 -3.2
-5.05932 -2.9
-5.05908 -2.7
-5.05883 -2.4
-5.05859 -2.1
-5.05834 -1.9
-5.0581 -1.6
-5.05786 -1.3
-5.05761 -1.1
-5.05737 -0.8
-5.05712 -0.5
-5.05688 -0.3
-5.05663 0.0
-5.05639 0.3
-5.05615 0.6
-5.0559 0.8
-5.05566 1.1
-5.05541 1.4
-5.05517 1.7
-5.05493 1.9
-5.05468 2.2
-5.05444 2.4
-5.05419 2.7
-5.05395 3.0
-5.05371 3.2
-5.05346 3.4
-5.05322 3.7
-5.05297 3.9
-5.05273 4.1
-5.05248 4.3
-5.05224 4.5
-5.052 4.7
-5.05175 4.9
-5.05151 5.1
-5.05126 5.3
-5.05102 5.5
-5.05078 5.6
-5.05053 5.8
-5.05029 5.9
-5.05004 6.0
-5.0498 6.1
-5.04955 6.2
-5.04931 6.3
-5.04907 6.4
-5.04882 6.5
-5.04858 6.6
-5.04833 6.6
-5.04809 6.7
-5.04785 6.7
-5.0476 6.7
-5.04736 6.7
-5.04711 6.7
-5.04687 6.7
-5.04663 6.7
-5.04638 6.6
-5.04614 6.6
-5.04589 6.5
-5.04565 6.5
-5.0454 6.4
-5.04516 6.3
-5.04492 6.2
-5.04467 6.1
-5.04443 5.9
-5.04418 5.8
-5.04394 5.7
-5.0437 5.5
-5.04345 5.3
-5.04321 5.2
-5.04296 5.0
-5.04272 4.8
-5.04247 4.6
-5.04223 4.4
-5.04199 4.2
-5.04174 4.0
-5.0415 3.8
-5.04125 3.5
-5.04101 3.3
-5.04077 3.0
-5.04052 2.8
-5.04028 2.5
-5.04003 2.3
-5.03979 2.0
-5.03955 1.8
-5.0393 1.5
-5.03906 1.2
-5.03881 0.9
-5.03857 0.7
-5.03832 0.4
-5.03808 0.1
-5.03784 -0.2
-5.03759 -0.4
-5.03735 -0.7
-5.0371 -1.0
-5.03686 -1.3
-5.03662 -1.5
-5.03637 -1.8
-5.03613 -2.1
-5.03588 -2.3
-5.03564 -2.6
-5.03539 -2.8
-5.03515 -3.1
-5.03491 -3.3
-5.03466 -3.6
-5.03442 -3.8
-5.03417 -4.0
-5.03393 -4.2
-5.03369 -4.4
-5.03344 -4.6
-5.0332 -4.8
-5.03295 -5.0
-5.03271 -5.2
-5.03246 -5.4
-5.03222 -5.5
-5.03198 -5.7
-5.03173 -5.8
-5.03149 -6.0
-5.03124 -6.1
-5.031 -6.2
-5.03076 -6.3
-5.03051 -6.4
-5.03027 -6.5
-5.03002 -6.5
-5.02978 -6.6
-5.02954 -6.6
-5.02929 -6.7
-5.02905 -6.7
-5.0288 -6.7
-5.02856 -6.7
-5.02831 -6.7
-5.02807 -6.7
-5.02783 -6.7
-5.02758 -6.6
-5.02734 -6.6
-5.02709 -6.5
-5.02685 -6.4
-5.02661 -6.3
-5.02636 -6.2
-5.02612 -6.1
-5.02587 -6.0
-5.02563 -5.9
-5.02538 -5.7
-5.02514 -5.6
-5.0249 -5.4
-5.02465 -5.3
-5.02441 -5.1
-5.02416 -4.9
-5.02392 -4.7
-5.02368 -4.5
-5.02343 -4.3
-5.02319 -4.1
-5.02294 -3.9
-5.0227 -3.6
-5.02246 -3.4
-5.02221 -3.1
-5.02197 -2.9
-5.02172 -2.6
-5.02148 -2.4
-5.02123 -2.1
-5.02099 -1.9
-5.02075 -1.6
-5.0205 -1.3
-5.02026 -1.1
-5.02001 -0.8
-5.01977 -0.5
-5.01953 -0.2
-5.01928 0.0
-5.01904 0.3
-5.01879 0.6
-5.01855 0.9
-5.0183 1.2
-5.01806 1.4
-5.01782 1.7
-5.01757 2.0
-5.01733 2.2
-5.01708 2.5
-5.01684 2.7
-5.0166 3.0
-5.01635 3.2
-5.01611 3.5
-5.01586 3.7
-5.01562 3.9
-5.01538 4.2
-5.01513 4.4
-5.01489 4.6
-5.01464 4.8
-5.0144 5.0
-5.01415 5.1
-5.01391 5.3
-5.01367 5.5
-5.01342 5.6
-5.01318 5.8
-5.01293 5.9
-5.01269 6.1
-5.01245 6.2
-5.0122 6.3
-5.01196 6.4
-5.01171 6.5
-5.01147 6.5
-5.01122 6.6
-5.01098 6.6
-5.01074 6.7
-5.01049 6.7
-5.01025 6.7
-5.01 6.7
-5.00976 6.7
-5.00952 6.7
-5.00927 6.7
-5.00903 6.6
-5.00878 6.6
-5.00854 6.5
-5.0083 6.4
-5.00805 6.4
-5.00781 6.3
-5.00756 6.2
-5.00732 6.0
-5.00707 5.9
-5.00683 5.8
-5.00659 5.6
-5.00634 5.5
-5.0061 5.3
-5.00585 5.1
-5.00561 5.0
-5.00537 4.8
-5.00512 4.6
-5.00488 4.4
-5.00463 4.1
-5.00439 3.9
-5.00414 3.7
-5.0039 3.5
-5.00366 3.2
-5.00341 3.0
-5.00317 2.7
-5.00292 2.5
-5.00268 2.2
-5.00244 1.9
-5.00219 1.7
-5.00195 1.4
-5.0017 1.1
-5.00146 0.9
-5.00121 0.6
-5.00097 0.3
-5.00073 0.0
-5.00048 -0.2
-5.00024 -0.5
-4.99999 -0.8
-4.99975 -1.1
-4.99951 -1.3
-4.99926 -1.6
-4.99902 -1.9
-4.99877 -2.1
-4.99853 -2.4
-4.99829 -2.7
-4.99804 -2.9
-4.9978 -3.2
-4.99755 -3.4
-4.99731 -3.6
-4.99706 -3.9
-4.99682 -4.1
-4.99658 -4.3
-4.99633 -4.5
-4.99609 -4.7
-4.99584 -4.9
-4.9956 -5.1
-4.99536 -5.3
-4.99511 -5.4
-4.99487 -5.6
-4.99462 -5.8
-4.99438 -5.9
-4.99413 -6.0
-4.99389 -6.1
-4.99365 -6.3
-4.9934 -6.4
-4.99316 -6.4
-4.99291 -6.5
-4.99267 -6.6
-4.99243 -6.6
-4.99218 -6.7
-4.99194 -6.7
-4.99169 -6.7
-4.99145 -6.7
-4.99121 -6.7
-4.99096 -6.7
-4.99072 -6.7
-4.99047 -6.7
-4.99023 -6.6
-4.98998 -6.5
-4.98974 -6.5
-4.9895 -6.4
-4.98925 -6.3
-4.98901 -6.2
-4.98876 -6.1
-4.98852 -6.0
-4.98828 -5.8
-4.98803 -5.7
-4.98779 -5.5
-4.98754 -5.4
-4.9873 -5.2
-4.98705 -5.0
-4.98681 -4.8
-4.98657 -4.6
-4.98632 -4.4
-4.98608 -4.2
-4.98583 -4.0
-4.98559 -3.7
-4.98535 -3.5
-4.9851 -3.3
-4.98486 -3.0
-4.98461 -2.8
-4.98437 -2.5
-4.98413 -2.3
-4.98388 -2.0
-4.98364 -1.7
-4.98339 -1.5
-4.98315 -1.2
-4.9829 -0.9
-4.98266 -0.6
-4.98242 -0.4
-4.98217 0.0
-4.98193 0.2
-4.98168 0.5
-4.98144 0.7
-4.9812 1.0
-4.98095 1.3
-4.98071 1.6
-4.98046 1.8
-4.98022 2.1
-4.97997 2.4
-4.97973 2.6
-4.97949 2.9
-4.97924 3.1
-4.979 3.4
-4.97875 3.6
-4.97851 3.8
-4.97827 4.1
-4.97802 4.3
-4.97778 4.5
-4.97753 4.7
-4.97729 4.9
-4.97705 5.1
-4.9768 5.3
-4.97656 5.4
-4.97631 5.6
-4.97607 5.7
-4.97582 5.9
-4.97558 6.0
-4.97534 6.1
-4.97509 6.2
-4.97485 6.3
-4.9746 6.4
-4.97436 6.5
-4.97412 6.6
-4.97387 6.6
-4.97363 6.7
-4.97338 6.7
-4.97314 6.7
-4.97289 6.7
-4.97265 6.7
-4.97241 6.7
-4.97216 6.7
-4.97192 6.7
-4.97167 6.6
-4.97143 6.6
-4.97119 6.5
-4.97094 6.4
-4.9707 6.3
-4.97045 6.2
-4.97021 6.1
-4.96996 6.0
-4.96972 5.8
-4.96948 5.7
-4.96923 5.5
-4.96899 5.4
-4.96874 5.2
-4.9685 5.0
-4.96826 4.8
-4.96801 4.6
-4.96777 4.4
-4.96752 4.2
-4.96728 4.0
-4.96704 3.8
-4.96679 3.5
-4.96655 3.3
-4.9663 3.1
-4.96606 2.8
-4.96581 2.6
-4.96557 2.3
-4.96533 2.0
-4.96508 1.8
-4.96484 1.5
-4.96459 1.2
-4.96435 0.9
-4.96411 0.7
-4.96386 0.4
-4.96362 0.1
-4.96337 -0.2
-4.96313 -0.4
-4.96288 -0.7
-4.96264 -1.0
-4.9624 -1.3
-4.96215 -1.5
-4.96191 -1.8
-4.96166 -2.1
-4.96142 -2.3
-4.96118 -2.6
-4.96093 -2.9
-4.96069 -3.1
-4.96044 -3.4
-4.9602 -3.6
-4.95996 -3.8
-4.95971 -4.1
-4.95947 -4.3
-4.95922 -4.5
-4.95898 -4.7
-4.95873 -4.9
-4.95849 -5.1
-4.95825 -5.3
-4.958 -5.4
-4.95776 -5.6
-4.95751 -5.7
-4.95727 -5.9
-4.95703 -6.0
-4.95678 -6.1
-4.95654 -6.2
-4.95629 -6.3
-4.95605 -6.4
-4.9558 -6.5
-4.95556 -6.6
-4.95532 -6.6
-4.95507 -6.7
-4.95483 -6.7
-4.95458 -6.7
-4.95434 -6.7
-4.9541 -6.7
-4.95385 -6.7
-4.95361 -6.7
-4.95336 -6.7
-4.95312 -6.6
-4.95288 -6.6
-4.95263 -6.5
-4.95239 -6.4
-4.95214 -6.3
-4.9519 -6.2
-4.95165 -6.1
-4.95141 -6.0
-4.95117 -5.9
-4.95092 -5.7
-4.95068 -5.6
-4.95043 -5.4
-4.95019 -5.2
-4.94995 -5.0
-4.9497 -4.8
-4.94946 -4.7
-4.94921 -4.4
-4.94897 -4.2
-4.94872 -4.0
-4.94848 -3.8
-4.94824 -3.5
-4.94799 -3.3
-4.94775 -3.1
-4.9475 -2.8
-4.94726 -2.6
-4.94702 -2.3
-4.94677 -2.0
-4.94653 -1.8
-4.94628 -1.5
-4.94604 -1.2
-4.9458 -0.9
-4.94555 -0.7
-4.94531 -0.4
-4.94506 -0.1
-4.94482 0.2
-4.94457 0.5
-4.94433 0.7
-4.94409 1.0
-4.94384 1.3
-4.9436 1.6
-4.94335 1.8
-4.94311 2.1
-4.94287 2.4
-4.94262 2.6
-4.94238 2.9
-4.94213 3.1
-4.94189 3.4
-4.94164 3.6
-4.9414 3.8
-4.94116 4.1
-4.94091 4.3
-4.94067 4.5
-4.94042 4.7
-4.94018 4.9
-4.93994 5.1
-4.93969 5.3
-4.93945 5.4
-4.9392 5.6
-4.93896 5.7
-4.93871 5.9
-4.93847 6.0
-4.93823 6.1
-4.93798 6.3
-4.93774 6.4
-4.93749 6.4
-4.93725 6.5
-4.93701 6.6
-4.93676 6.6
-4.93652 6.7
-4.93627 6.7
-4.93603 6.7
-4.93579 6.8
-4.93554 6.8
-4.9353 6.7
-4.93505 6.7
-4.93481 6.7
-4.93456 6.6
-4.93432 6.6
-4.93408 6.5
-4.93383 6.4
-4.93359 6.3
-4.93334 6.2
-4.9331 6.1
-4.93286 6.0
-4.93261 5.8
-4.93237 5.7
-4.93212 5.5
-4.93188 5.4
-4.93163 5.2
-4.93139 5.0
-4.93115 4.8
-4.9309 4.6
-4.93066 4.4
-4.93041 4.2
-4.93017 4.0
-4.92993 3.8
-4.92968 3.5
-4.92944 3.3
-4.92919 3.0
-4.92895 2.8
-4.92871 2.5
-4.92846 2.3
-4.92822 2.0
-4.92797 1.7
-4.92773 1.5
-4.92748 1.2
-4.92724 0.9
-4.927 0.6
-4.92675 0.4
-4.92651 0.0
-4.92626 -0.2
-4.92602 -0.5
-4.92578 -0.8
-4.92553 -1.0
-4.92529 -1.3
-4.92504 -1.6
-4.9248 -1.9
-4.92455 -2.1
-4.92431 -2.4
-4.92407 -2.7
-4.92382 -2.9
-4.92358 -3.2
-4.92333 -3.4
-4.92309 -3.6
-4.92285 -3.9
-4.9226 -4.1
-4.92236 -4.3
-4.92211 -4.5
-4.92187 -4.7
-4.92163 -4.9
-4.92138 -5.1
-4.92114 -5.3
-4.92089 -5.5
-4.92065 -5.6
-4.9204 -5.8
-4.92016 -5.9
-4.91992 -6.0
-4.91967 -6.2
-4.91943 -6.3
-4.91918 -6.4
-4.91894 -6.5
-4.9187 -6.5
-4.91845 -6.6
-4.91821 -6.7
-4.91796 -6.7
-4.91772 -6.7
-4.91747 -6.8
-4.91723 -6.8
-4.91699 -6.8
-4.91674 -6.7
-4.9165 -6.7
-4.91625 -6.7
-4.91601 -6.6
-4.91577 -6.6
-4.91552 -6.5
-4.91528 -6.4
-4.91503 -6.3
-4.91479 -6.2
-4.91455 -6.1
-4.9143 -6.0
-4.91406 -5.8
-4.91381 -5.7
-4.91357 -5.5
-4.91332 -5.4
-4.91308 -5.2
-4.91284 -5.0
-4.91259 -4.8
-4.91235 -4.6
-4.9121 -4.4
-4.91186 -4.2
-4.91162 -3.9
-4.91137 -3.7
-4.91113 -3.5
-4.91088 -3.2
-4.91064 -3.0
-4.91039 -2.7
-4.91015 -2.5
-4.90991 -2.2
-4.90966 -1.9
-4.90942 -1.7
-4.90917 -1.4
-4.90893 -1.1
-4.90869 -0.8
-4.90844 -0.6
-4.9082 -0.3
-4.90795 0.0
-4.90771 0.3
-4.90746 0.6
-4.90722 0.8
-4.90698 1.1
-4.90673 1.4
-4.90649 1.7
-4.90624 1.9
-4.906 2.2
-4.90576 2.5
-4.90551 2.7
-4.90527 3.0
-4.90502 3.2
-4.90478 3.5
-4.90454 3.7
-4.90429 3.9
-4.90405 4.2
-4.9038 4.4
-4.90356 4.6
-4.90331 4.8
-4.90307 5.0
-4.90283 5.2
-4.90258 5.3
-4.90234 5.5
-4.90209 5.7
-4.90185 5.8
-4.90161 6.0
-4.90136 6.1
-4.90112 6.2
-4.90087 6.3
-4.90063 6.4
-4.90038 6.5
-4.90014 6.6
-4.8999 6.6
-4.89965 6.7
-4.89941 6.7
-4.89916 6.7
-4.89892 6.8
-4.89868 6.8
-4.89843 6.8
-4.89819 6.7
-4.89794 6.7
-4.8977 6.7
-4.89746 6.6
-4.89721 6.5
-4.89697 6.5
-4.89672 6.4
-4.89648 6.3
-4.89623 6.2
-4.89599 6.1
-4.89575 5.9
-4.8955 5.8
-4.89526 5.6
-4.89501 5.5
-4.89477 5.3
-4.89453 5.1
-4.89428 4.9
-4.89404 4.7
-4.89379 4.5
-4.89355 4.3
-4.8933 4.1
-4.89306 3.9
-4.89282 3.6
-4.89257 3.4
-4.89233 3.2
-4.89208 2.9
-4.89184 2.7
-4.8916 2.4
-4.89135 2.1
-4.89111 1.9
-4.89086 1.6
-4.89062 1.3
-4.89038 1.0
-4.89013 0.8
-4.88989 0.5
-4.88964 0.2
-4.8894 0.0
-4.88915 -0.4
-4.88891 -0.6
-4.88867 -0.9
-4.88842 -1.2
-4.88818 -1.5
-4.88793 -1.8
-4.88769 -2.0
-4.88745 -2.3
-4.8872 -2.6
-4.88696 -2.8
-4.88671 -3.1
-4.88647 -3.3
-4.88622 -3.6
-4.88598 -3.8
-4.88574 -4.0
-4.88549 -4.2
-4.88525 -4.5
-4.885 -4.7
-4.88476 -4.9
-4.88452 -5.1
-4.88427 -5.2
-4.88403 -5.4
-4.88378 -5.6
-4.88354 -5.7
-4.8833 -5.9
-4.88305 -6.0
-4.88281 -6.1
-4.88256 -6.2
-4.88232 -6.4
-4.88207 -6.4
-4.88183 -6.5
-4.88159 -6.6
-4.88134 -6.7
-4.8811 -6.7
-4.88085 -6.7
-4.88061 -6.8
-4.88037 -6.8
-4.88012 -6.8
-4.87988 -6.8
-4.87963 -6.7
-4.87939 -6.7
-4.87914 -6.7
-4.8789 -6.6
-4.87866 -6.5
-4.87841 -6.4
-4.87817 -6.4
-4.87792 -6.2
-4.87768 -6.1
-4.87744 -6.0
-4.87719 -5.9
-4.87695 -5.7
-4.8767 -5.6
-4.87646 -5.4
-4.87621 -5.2
-4.87597 -5.1
-4.87573 -4.9
-4.87548 -4.7
-4.87524 -4.5
-4.87499 -4.2
-4.87475 -4.0
-4.87451 -3.8
-4.87426 -3.6
-4.87402 -3.3
-4.87377 -3.1
-4.87353 -2.8
-4.87329 -2.5
-4.87304 -2.3
-4.8728 -2.0
-4.87255 -1.7
-4.87231 -1.5
-4.87206 -1.2
-4.87182 -0.9
-4.87158 -0.6
-4.87133 -0.4
-4.87109 0.0
-4.87084 0.2
-4.8706 0.5
-4.87036 0.8
-4.87011 1.0
-4.86987 1.3
-4.86962 1.6
-4.86938 1.9
-4.86913 2.1
-4.86889 2.4
-4.86865 2.7
-4.8684 2.9
-4.86816 3.2
-4.86791 3.4
-4.86767 3.7
-4.86743 3.9
-4.86718 4.1
-4.86694 4.3
-4.86669 4.6
-4.86645 4.8
-4.86621 5.0
-4.86596 5.1
-4.86572 5.3
-4.86547 5.5
-4.86523 5.7
-4.86498 5.8
-4.86474 5.9
-4.8645 6.1
-4.86425 6.2
-4.86401 6.3
-4.86376 6.4
-4.86352 6.5
-4.86328 6.6
-4.86303 6.6
-4.86279 6.7
-4.86254 6.7
-4.8623 6.8
-4.86205 6.8
-4.86181 6.8
-4.86157 6.8
-4.86132 6.8
-4.86108 6.7
-4.86083 6.7
-4.86059 6.6
-4.86035 6.6
-4.8601 6.5
-4.85986 6.4
-4.85961 6.3
-4.85937 6.2
-4.85913 6.1
-4.85888 6.0
-4.85864 5.8
-4.85839 5.7
-4.85815 5.5
-4.8579 5.3
-4.85766 5.2
-4.85742 5.0
-4.85717 4.8
-4.85693 4.6
-4.85668 4.3
-4.85644 4.1
-4.8562 3.9
-4.85595 3.7
-4.85571 3.4
-4.85546 3.2
-4.85522 2.9
-4.85497 2.7
-4.85473 2.4
-4.85449 2.1
-4.85424 1.9
-4.854 1.6
-4.85375 1.3
-4.85351 1.0
-4.85327 0.8
-4.85302 0.5
-4.85278 0.2
-4.85253 0.0
-4.85229 -0.4
-4.85205 -0.6
-4.8518 -0.9
-4.85156 -1.2
-4.85131 -1.5
-4.85107 -1.8
-4.85082 -2.0
-4.85058 -2.3
-4.85034 -2.6
-4.85009 -2.8
-4.84985 -3.1
-4.8496 -3.3
-4.84936 -3.6
-4.84912 -3.8
-4.84887 -4.0
-4.84863 -4.3
-4.84838 -4.5
-4.84814 -4.7
-4.84789 -4.9
-4.84765 -5.1
-4.84741 -5.3
-4.84716 -5.4
-4.84692 -5.6
-4.84667 -5.7
-4.84643 -5.9
-4.84619 -6.0
-4.84594 -6.2
-4.8457 -6.3
-4.84545 -6.4
-4.84521 -6.5
-4.84496 -6.5
-4.84472 -6.6
-4.84448 -6.7
-4.84423 -6.7
-4.84399 -6.7
-4.84374 -6.8
-4.8435 -6.8
-4.84326 -6.8
-4.84301 -6.8
-4.84277 -6.7
-4.84252 -6.7
-4.84228 -6.7
-4.84204 -6.6
-4.84179 -6.5
-4.84155 -6.4
-4.8413 -6.4
-4.84106 -6.2
-4.84081 -6.1
-4.84057 -6.0
-4.84033 -5.9
-4.84008 -5.7
-4.83984 -5.6
-4.83959 -5.4
-4.83935 -5.2
-4.83911 -5.0
-4.83886 -4.8
-4.83862 -4.6
-4.83837 -4.4
-4.83813 -4.2
-4.83788 -4.0
-4.83764 -3.8
-4.8374 -3.5
-4.83715 -3.3
-4.83691 -3.0
-4.83666 -2.8
-4.83642 -2.5
-4.83618 -2.2
-4.83593 -2.0
-4.83569 -1.7
-4.83544 -1.4
-4.8352 -1.1
-4.83496 -0.9
-4.83471 -0.6
-4.83447 -0.3
-4.83422 0.0
-4.83398 0.3
-4.83373 0.5
-4.83349 0.8
-4.83325 1.1
-4.833 1.4
-4.83276 1.7
-4.83251 1.9
-4.83227 2.2
-4.83203 2.5
-4.83178 2.7
-4.83154 3.0
-4.83129 3.2
-4.83105 3.5
-4.8308 3.7
-4.83056 4.0
-4.83032 4.2
-4.83007 4.4
-4.82983 4.6
-4.82958 4.8
-4.82934 5.0
-4.8291 5.2
-4.82885 5.4
-4.82861 5.5
-4.82836 5.7
-4.82812 5.9
-4.82788 6.0
-4.82763 6.1
-4.82739 6.2
-4.82714 6.3
-4.8269 6.4
-4.82665 6.5
-4.82641 6.6
-4.82617 6.7
-4.82592 6.7
-4.82568 6.7
-4.82543 6.8
-4.82519 6.8
-4.82495 6.8
-4.8247 6.8
-4.82446 6.8
-4.82421 6.7
-4.82397 6.7
-4.82372 6.6
-4.82348 6.6
-4.82324 6.5
-4.82299 6.4
-4.82275 6.3
-4.8225 6.2
-4.82226 6.0
-4.82202 5.9
-4.82177 5.8
-4.82153 5.6
-4.82128 5.5
-4.82104 5.3
-4.8208 5.1
-4.82055 4.9
-4.82031 4.7
-4.82006 4.5
-4.81982 4.3
-4.81957 4.1
-4.81933 3.8
-4.81909 3.6
-4.81884 3.3
-4.8186 3.1
-4.81835 2.8
-4.81811 2.6
-4.81787 2.3
-4.81762 2.0
-4.81738 1.8
-4.81713 1.5
-4.81689 1.2
-4.81664 0.9
-4.8164 0.7
-4.81616 0.4
-4.81591 0.0
-4.81567 -0.2
-4.81542 -0.5
-4.81518 -0.8
-4.81494 -1.0
-4.81469 -1.3
-4.81445 -1.6
-4.8142 -1.9
-4.81396 -2.1
-4.81371 -2.4
-4.81347 -2.7
-4.81323 -2.9
-4.81298 -3.2
-4.81274 -3.4
-4.81249 -3.7
-4.81225 -3.9
-4.81201 -4.1
-4.81176 -4.4
-4.81152 -4.6
-4.81127 -4.8
-4.81103 -5.0
-4.81079 -5.2
-4.81054 -5.3
-4.8103 -5.5
-4.81005 -5.7
-4.80981 -5.8
-4.80956 -6.0
-4.80932 -6.1
-4.80908 -6.2
-4.80883 -6.3
-4.80859 -6.4
-4.80834 -6.5
-4.8081 -6.6
-4.80786 -6.7
-4.80761 -6.7
-4.80737 -6.7
-4.80712 -6.8
-4.80688 -6.8
-4.80663 -6.8
-4.80639 -6.8
-4.80615 -6.8
-4.8059 -6.7
-4.80566 -6.7
-4.80541 -6.6
-4.80517 -6.6
-4.80493 -6.5
-4.80468 -6.4
-4.80444 -6.3
-4.80419 -6.2
-4.80395 -6.1
-4.80371 -5.9
-4.80346 -5.8
-4.80322 -5.6
-4.80297 -5.5
-4.80273 -5.3
-4.80248 -5.1
-4.80224 -4.9
-4.802 -4.7
-4.80175 -4.5
-4.80151 -4.3
-4.80126 -4.1
-4.80102 -3.9
-4.80078 -3.6
-4.80053 -3.4
-4.80029 -3.1
-4.80004 -2.9
-4.7998 -2.6
-4.79955 -2.4
-4.79931 -2.1
-4.79907 -1.8
-4.79882 -1.5
-4.79858 -1.3
-4.79833 -1.0
-4.79809 -0.7
-4.79785 -0.4
-4.7976 -0.1
-4.79736 0.2
-4.79711 0.4
-4.79687 0.7
-4.79663 1.0
-4.79638 1.3
-4.79614 1.6
-4.79589 1.8
-4.79565 2.1
-4.7954 2.4
-4.79516 2.6
-4.79492 2.9
-4.79467 3.2
-4.79443 3.4
-4.79418 3.7
-4.79394 3.9
-4.7937 4.1
-4.79345 4.3
-4.79321 4.6
-4.79296 4.8
-4.79272 5.0
-4.79247 5.2
-4.79223 5.3
-4.79199 5.5
-4.79174 5.7
-4.7915 5.8
-4.79125 6.0
-4.79101 6.1
-4.79077 6.2
-4.79052 6.3
-4.79028 6.4
-4.79003 6.5
-4.78979 6.6
-4.78955 6.7
-4.7893 6.7
-4.78906 6.7
-4.78881 6.8
-4.78857 6.8
-4.78832 6.8
-4.78808 6.8
-4.78784 6.8
-4.78759 6.7
-4.78735 6.7
-4.7871 6.7
-4.78686 6.6
-4.78662 6.5
-4.78637 6.4
-4.78613 6.3
-4.78588 6.2
-4.78564 6.1
-4.78539 6.0
-4.78515 5.8
-4.78491 5.7
-4.78466 5.5
-4.78442 5.3
-4.78417 5.1
-4.78393 5.0
-4.78369 4.8
-4.78344 4.6
-4.7832 4.3
-4.78295 4.1
-4.78271 3.9
-4.78246 3.6
-4.78222 3.4
-4.78198 3.2
-4.78173 2.9
-4.78149 2.6
-4.78124 2.4
-4.781 2.1
-4.78076 1.8
-4.78051 1.6
-4.78027 1.3
-4.78002 1.0
-4.77978 0.7
-4.77954 0.4
-4.77929 0.1
-4.77905 -0.1
-4.7788 -0.4
-4.77856 -0.7
-4.77831 -1.0
-4.77807 -1.3
-4.77783 -1.6
-4.77758 -1.8
-4.77734 -2.1
-4.77709 -2.4
-4.77685 -2.6
-4.77661 -2.9
-4.77636 -3.2
-4.77612 -3.4
-4.77587 -3.7
-4.77563 -3.9
-4.77538 -4.1
-4.77514 -4.3
-4.7749 -4.6
-4.77465 -4.8
-4.77441 -5.0
-4.77416 -5.2
-4.77392 -5.3
-4.77368 -5.5
-4.77343 -5.7
-4.77319 -5.8
-4.77294 -6.0
-4.7727 -6.1
-4.77246 -6.2
-4.77221 -6.3
-4.77197 -6.4
-4.77172 -6.5
-4.77148 -6.6
-4.77123 -6.7
-4.77099 -6.7
-4.77075 -6.8
-4.7705 -6.8
-4.77026 -6.8
-4.77001 -6.8
-4.76977 -6.8
-4.76953 -6.8
-4.76928 -6.8
-4.76904 -6.7
-4.76879 -6.7
-4.76855 -6.6
-4.7683 -6.5
-4.76806 -6.4
-4.76782 -6.3
-4.76757 -6.2
-4.76733 -6.1
-4.76708 -6.0
-4.76684 -5.8
-4.7666 -5.7
-4.76635 -5.5
-4.76611 -5.3
-4.76586 -5.1
-4.76562 -5.0
-4.76538 -4.8
-4.76513 -4.5
-4.76489 -4.3
-4.76464 -4.1
-4.7644 -3.9
-4.76415 -3.6
-4.76391 -3.4
-4.76367 -3.1
-4.76342 -2.9
-4.76318 -2.6
-4.76293 -2.4
-4.76269 -2.1
-4.76245 -1.8
-4.7622 -1.5
-4.76196 -1.3
-4.76171 -1.0
-4.76147 -0.7
-4.76122 -0.4
-4.76098 -0.1
-4.76074 0.2
-4.76049 0.5
-4.76025 0.7
-4.76 1.0
-4.75976 1.3
-4.75952 1.6
-4.75927 1.9
-4.75903 2.1
-4.75878 2.4
-4.75854 2.7
-4.7583 2.9
-4.75805 3.2
-4.75781 3.4
-4.75756 3.7
-4.75732 3.9
-4.75707 4.1
-4.75683 4.4
-4.75659 4.6
-4.75634 4.8
-4.7561 5.0
-4.75585 5.2
-4.75561 5.4
-4.75537 5.5
-4.75512 5.7
-4.75488 5.8
-4.75463 6.0
-4.75439 6.1
-4.75414 6.2
-4.7539 6.3
-4.75366 6.4
-4.75341 6.5
-4.75317 6.6
-4.75292 6.7
-4.75268 6.7
-4.75244 6.8
-4.75219 6.8
-4.75195 6.8
-4.7517 6.8
-4.75146 6.8
-4.75121 6.8
-4.75097 6.8
-4.75073 6.7
-4.75048 6.7
-4.75024 6.6
-4.74999 6.5
-4.74975 6.4
-4.74951 6.3
-4.74926 6.2
-4.74902 6.1
-4.74877 5.9
-4.74853 5.8
-4.74829 5.6
-4.74804 5.5
-4.7478 5.3
-4.74755 5.1
-4.74731 4.9
-4.74706 4.7
-4.74682 4.5
-4.74658 4.3
-4.74633 4.1
-4.74609 3.8
-4.74584 3.6
-4.7456 3.4
-4.74536 3.1
-4.74511 2.8
-4.74487 2.6
-4.74462 2.3
-4.74438 2.0
-4.74413 1.8
-4.74389 1.5
-4.74365 1.2
-4.7434 0.9
-4.74316 0.6
-4.74291 0.4
-4.74267 0.0
-4.74243 -0.2
-4.74218 -0.5
-4.74194 -0.8
-4.74169 -1.1
-4.74145 -1.4
-4.74121 -1.6
-4.74096 -1.9
-4.74072 -2.2
-4.74047 -2.5
-4.74023 -2.7
-4.73998 -3.0
-4.73974 -3.2
-4.7395 -3.5
-4.73925 -3.7
-4.73901 -4.0
-4.73876 -4.2
-4.73852 -4.4
-4.73828 -4.6
-4.73803 -4.8
-4.73779 -5.0
-4.73754 -5.2
-4.7373 -5.4
-4.73705 -5.6
-4.73681 -5.7
-4.73657 -5.9
-4.73632 -6.0
-4.73608 -6.2
-4.73583 -6.3
-4.73559 -6.4
-4.73535 -6.5
-4.7351 -6.6
-4.73486 -6.6
-4.73461 -6.7
-4.73437 -6.7
-4.73413 -6.8
-4.73388 -6.8
-4.73364 -6.8
-4.73339 -6.8
-4.73315 -6.8
-4.7329 -6.8
-4.73266 -6.8
-4.73242 -6.7
-4.73217 -6.6
-4.73193 -6.6
-4.73168 -6.5
-4.73144 -6.4
-4.7312 -6.3
-4.73095 -6.2
-4.73071 -6.1
-4.73046 -5.9
-4.73022 -5.8
-4.72997 -5.6
-4.72973 -5.4
-4.72949 -5.3
-4.72924 -5.1
-4.729 -4.9
-4.72875 -4.7
-4.72851 -4.5
-4.72827 -4.2
-4.72802 -4.0
-4.72778 -3.8
-4.72753 -3.5
-4.72729 -3.3
-4.72705 -3.0
-4.7268 -2.8
-4.72656 -2.5
-4.72631 -2.2
-4.72607 -2.0
-4.72582 -1.7
-4.72558 -1.4
-4.72534 -1.1
-4.72509 -0.8
-4.72485 -0.6
-4.7246 -0.3
-4.72436 0.0
-4.72412 0.3
-4.72387 0.6
-4.72363 0.9
-4.72338 1.2
-4.72314 1.4
-4.72289 1.7
-4.72265 2.0
-4.72241 2.3
-4.72216 2.5
-4.72192 2.8
-4.72167 3.1
-4.72143 3.3
-4.72119 3.6
-4.72094 3.8
-4.7207 4.0
-4.72045 4.3
-4.72021 4.5
-4.71996 4.7
-4.71972 4.9
-4.71948 5.1
-4.71923 5.3
-4.71899 5.5
-4.71874 5.6
-4.7185 5.8
-4.71826 5.9
-4.71801 6.1
-4.71777 6.2
-4.71752 6.3
-4.71728 6.4
-4.71704 6.5
-4.71679 6.6
-4.71655 6.7
-4.7163 6.7
-4.71606 6.8
-4.71581 6.8
-4.71557 6.8
-4.71533 6.8
-4.71508 6.8
-4.71484 6.8
-4.71459 6.8
-4.71435 6.7
-4.71411 6.7
-4.71386 6.6
-4.71362 6.6
-4.71337 6.5
-4.71313 6.4
-4.71288 6.3
-4.71264 6.1
-4.7124 6.0
-4.71215 5.9
-4.71191 5.7
-4.71166 5.6
-4.71142 5.4
-4.71118 5.2
-4.71093 5.0
-4.71069 4.8
-4.71044 4.6
-4.7102 4.4
-4.70996 4.2
-4.70971 3.9
-4.70947 3.7
-4.70922 3.4
-4.70898 3.2
-4.70873 2.9
-4.70849 2.7
-4.70825 2.4
-4.708 2.1
-4.70776 1.9
-4.70751 1.6
-4.70727 1.3
-4.70703 1.0
-4.70678 0.7
-4.70654 0.5
-4.70629 0.2
-4.70605 -0.1
-4.7058 -0.4
-4.70556 -0.7
-4.70532 -1.0
-4.70507 -1.3
-4.70483 -1.6
-4.70458 -1.8
-4.70434 -2.1
-4.7041 -2.4
-4.70385 -2.6
-4.70361 -2.9
-4.70336 -3.2
-4.70312 -3.4
-4.70288 -3.7
-4.70263 -3.9
-4.70239 -4.1
-4.70214 -4.4
-4.7019 -4.6
-4.70165 -4.8
-4.70141 -5.0
-4.70117 -5.2
-4.70092 -5.4
-4.70068 -5.5
-4.70043 -5.7
-4.70019 -5.9
-4.69995 -6.0
-4.6997 -6.1
-4.69946 -6.3
-4.69921 -6.4
-4.69897 -6.5
-4.69872 -6.6
-4.69848 -6.6
-4.69824 -6.7
-4.69799 -6.7
-4.69775 -6.8
-4.6975 -6.8
-4.69726 -6.8
-4.69702 -6.8
-4.69677 -6.8
-4.69653 -6.8
-4.69628 -6.8
-4.69604 -6.7
-4.6958 -6.7
-4.69555 -6.6
-4.69531 -6.5
-4.69506 -6.4
-4.69482 -6.3
-4.69457 -6.2
-4.69433 -6.1
-4.69409 -6.0
-4.69384 -5.8
-4.6936 -5.7
-4.69335 -5.5
-4.69311 -5.3
-4.69287 -5.1
-4.69262 -4.9
-4.69238 -4.7
-4.69213 -4.5
-4.69189 -4.3
-4.69164 -4.1
-4.6914 -3.8
-4.69116 -3.6
-4.69091 -3.3
-4.69067 -3.1
-4.69042 -2.8
-4.69018 -2.6
-4.68994 -2.3
-4.68969 -2.0
-4.68945 -1.7
-4.6892 -1.5
-4.68896 -1.2
-4.68871 -0.9
-4.68847 -0.6
-4.68823 -0.3
-4.68798 0.0
-4.68774 0.3
-4.68749 0.6
-4.68725 0.8
-4.68701 1.1
-4.68676 1.4
-4.68652 1.7
-4.68627 2.0
-4.68603 2.2
-4.68579 2.5
-4.68554 2.8
-4.6853 3.0
-4.68505 3.3
-4.68481 3.5
-4.68456 3.8
-4.68432 4.0
-4.68408 4.3
-4.68383 4.5
-4.68359 4.7
-4.68334 4.9
-4.6831 5.1
-4.68286 5.3
-4.68261 5.5
-4.68237 5.6
-4.68212 5.8
-4.68188 5.9
-4.68163 6.1
-4.68139 6.2
-4.68115 6.3
-4.6809 6.4
-4.68066 6.5
-4.68041 6.6
-4.68017 6.7
-4.67993 6.7
-4.67968 6.8
-4.67944 6.8
-4.67919 6.8
-4.67895 6.8
-4.67871 6.8
-4.67846 6.8
-4.67822 6.8
-4.67797 6.8
-4.67773 6.7
-4.67748 6.6
-4.67724 6.6
-4.677 6.5
-4.67675 6.4
-4.67651 6.3
-4.67626 6.2
-4.67602 6.0
-4.67578 5.9
-4.67553 5.7
-4.67529 5.6
-4.67504 5.4
-4.6748 5.2
-4.67455 5.0
-4.67431 4.8
-4.67407 4.6
-4.67382 4.4
-4.67358 4.2
-4.67333 3.9
-4.67309 3.7
-4.67285 3.4
-4.6726 3.2
-4.67236 2.9
-4.67211 2.7
-4.67187 2.4
-4.67163 2.1
-4.67138 1.8
-4.67114 1.6
-4.67089 1.3
-4.67065 1.0
-4.6704 0.7
-4.67016 0.4
-4.66992 0.1
-4.66967 -0.2
-4.66943 -0.4
-4.66918 -0.7
-4.66894 -1.0
-4.6687 -1.3
-4.66845 -1.6
-4.66821 -1.9
-4.66796 -2.1
-4.66772 -2.4
-4.66747 -2.7
-4.66723 -2.9
-4.66699 -3.2
-4.66674 -3.5
-4.6665 -3.7
-4.66625 -3.9
-4.66601 -4.2
-4.66577 -4.4
-4.66552 -4.6
-4.66528 -4.8
-4.66503 -5.0
-4.66479 -5.2
-4.66455 -5.4
-4.6643 -5.6
-4.66406 -5.7
-4.66381 -5.9
-4.66357 -6.0
-4.66332 -6.2
-4.66308 -6.3
-4.66284 -6.4
-4.66259 -6.5
-4.66235 -6.6
-4.6621 -6.7
-4.66186 -6.7
-4.66162 -6.8
-4.66137 -6.8
-4.66113 -6.8
-4.66088 -6.8
-4.66064 -6.8
-4.66039 -6.8
-4.66015 -6.8
-4.65991 -6.8
-4.65966 -6.7
-4.65942 -6.7
-4.65917 -6.6
-4.65893 -6.5
-4.65869 -6.4
-4.65844 -6.3
-4.6582 -6.2
-4.65795 -6.1
-4.65771 -5.9
-4.65746 -5.8
-4.65722 -5.6
-4.65698 -5.4
-4.65673 -5.3
-4.65649 -5.1
-4.65624 -4.9
-4.656 -4.7
-4.65576 -4.5
-4.65551 -4.2
-4.65527 -4.0
-4.65502 -3.8
-4.65478 -3.5
-4.65454 -3.3
-4.65429 -3.0
-4.65405 -2.7
-4.6538 -2.5
-4.65356 -2.2
-4.65331 -1.9
-4.65307 -1.7
-4.65283 -1.4
-4.65258 -1.1
-4.65234 -0.8
-4.65209 -0.5
-4.65185 -0.2
-4.65161 0.0
-4.65136 0.4
-4.65112 0.6
-4.65087 0.9
-4.65063 1.2
-4.65038 1.5
-4.65014 1.8
-4.6499 2.1
-4.64965 2.3
-4.64941 2.6
-4.64916 2.9
-4.64892 3.1
-4.64868 3.4
-4.64843 3.6
-4.64819 3.9
-4.64794 4.1
-4.6477 4.3
-4.64746 4.6
-4.64721 4.8
-4.64697 5.0
-4.64672 5.2
-4.64648 5.4
-4.64623 5.5
-4.64599 5.7
-4.64575 5.9
-4.6455 6.0
-4.64526 6.1
-4.64501 6.3
-4.64477 6.4
-4.64453 6.5
-4.64428 6.6
-4.64404 6.6
-4.64379 6.7
-4.64355 6.8
-4.6433 6.8
-4.64306 6.8
-4.64282 6.8
-4.64257 6.9
-4.64233 6.8
-4.64208 6.8
-4.64184 6.8
-4.6416 6.7
-4.64135 6.7
-4.64111 6.6
-4.64086 6.5
-4.64062 6.4
-4.64038 6.3
-4.64013 6.2
-4.63989 6.1
-4.63964 6.0
-4.6394 5.8
-4.63915 5.7
-4.63891 5.5
-4.63867 5.3
-4.63842 5.1
-4.63818 4.9
-4.63793 4.7
-4.63769 4.5
-4.63745 4.3
-4.6372 4.1
-4.63696 3.8
-4.63671 3.6
-4.63647 3.3
-4.63622 3.1
-4.63598 2.8
-4.63574 2.5
-4.63549 2.3
-4.63525 2.0
-4.635 1.7
-4.63476 1.4
-4.63452 1.1
-4.63427 0.9
-4.63403 0.6
-4.63378 0.3
-4.63354 0.0
-4.6333 -0.3
-4.63305 -0.6
-4.63281 -0.9
-4.63256 -1.2
-4.63232 -1.5
-4.63207 -1.7
-4.63183 -2.0
-4.63159 -2.3
-4.63134 -2.6
-4.6311 -2.8
-4.63085 -3.1
-4.63061 -3.4
-4.63037 -3.6
-4.63012 -3.8
-4.62988 -4.1
-4.62963 -4.3
-4.62939 -4.5
-4.62914 -4.8
-4.6289 -5.0
-4.62866 -5.2
-4.62841 -5.3
-4.62817 -5.5
-4.62792 -5.7
-4.62768 -5.8
-4.62744 -6.0
-4.62719 -6.1
-4.62695 -6.3
-4.6267 -6.4
-4.62646 -6.5
-4.62621 -6.6
-4.62597 -6.6
-4.62573 -6.7
-4.62548 -6.8
-4.62524 -6.8
-4.62499 -6.8
-4.62475 -6.9
-4.62451 -6.9
-4.62426 -6.9
-4.62402 -6.8
-4.62377 -6.8
-4.62353 -6.8
-4.62329 -6.7
-4.62304 -6.6
-4.6228 -6.6
-4.62255 -6.5
-4.62231 -6.4
-4.62206 -6.3
-4.62182 -6.1
-4.62158 -6.0
-4.62133 -5.8
-4.62109 -5.7
-4.62084 -5.5
-4.6206 -5.3
-4.62036 -5.2
-4.62011 -5.0
-4.61987 -4.7
-4.61962 -4.5
-4.61938 -4.3
-4.61913 -4.1
-4.61889 -3.8
-4.61865 -3.6
-4.6184 -3.3
-4.61816 -3.1
-4.61791 -2.8
-4.61767 -2.6
-4.61743 -2.3
-4.61718 -2.0
-4.61694 -1.7
-4.61669 -1.4
-4.61645 -1.2
-4.61621 -0.9
-4.61596 -0.6
-4.61572 -0.3
-4.61547 0.0
-4.61523 0.3
-4.61498 0.6
-4.61474 0.9
-4.6145 1.2
-4.61425 1.4
-4.61401 1.7
-4.61376 2.0
-4.61352 2.3
-4.61328 2.6
-4.61303 2.8
-4.61279 3.1
-4.61254 3.3
-4.6123 3.6
-4.61205 3.8
-4.61181 4.1
-4.61157 4.3
-4.61132 4.5
-4.61108 4.7
-4.61083 5.0
-4.61059 5.1
-4.61035 5.3
-4.6101 5.5
-4.60986 5.7
-4.60961 5.8
-4.60937 6.0
-4.60913 6.1
-4.60888 6.3
-4.60864 6.4
-4.60839 6.5
-4.60815 6.6
-4.6079 6.6
-4.60766 6.7
-4.60742 6.8
-4.60717 6.8
-4.60693 6.8
-4.60668 6.9
-4.60644 6.9
-4.6062 6.9
-4.60595 6.8
-4.60571 6.8
-4.60546 6.8
-4.60522 6.7
-4.60497 6.6
-4.60473 6.6
-4.60449 6.5
-4.60424 6.4
-4.604 6.3
-4.60375 6.1
-4.60351 6.0
-4.60327 5.8
-4.60302 5.7
-4.60278 5.5
-4.60253 5.3
-4.60229 5.2
-4.60205 5.0
-4.6018 4.8
-4.60156 4.5
-4.60131 4.3
-4.60107 4.1
-4.60082 3.8
-4.60058 3.6
-4.60034 3.3
-4.60009 3.1
-4.59985 2.8
-4.5996 2.6
-4.59936 2.3
-4.59912 2.0
-4.59887 1.7
-4.59863 1.4
-4.59838 1.2
-4.59814 0.9
-4.59789 0.6
-4.59765 0.3
-4.59741 0.0
-4.59716 -0.3
-4.59692 -0.6
-4.59667 -0.9
-4.59643 -1.2
-4.59619 -1.5
-4.59594 -1.7
-4.5957 -2.0
-4.59545 -2.3
-4.59521 -2.6
-4.59496 -2.8
-4.59472 -3.1
-4.59448 -3.4
-4.59423 -3.6
-4.59399 -3.9
-4.59374 -4.1
-4.5935 -4.3
-4.59326 -4.5
-4.59301 -4.8
-4.59277 -5.0
-4.59252 -5.2
-4.59228 -5.4
-4.59204 -5.5
-4.59179 -5.7
-4.59155 -5.9
-4.5913 -6.0
-4.59106 -6.1
-4.59081 -6.3
-4.59057 -6.4
-4.59033 -6.5
-4.59008 -6.6
-4.58984 -6.7
-4.58959 -6.7
-4.58935 -6.8
-4.58911 -6.8
-4.58886 -6.8
-4.58862 -6.9
-4.58837 -6.9
-4.58813 -6.9
-4.58788 -6.8
-4.58764 -6.8
-4.5874 -6.8
-4.58715 -6.7
-4.58691 -6.6
-4.58666 -6.6
-4.58642 -6.5
-4.58618 -6.4
-4.58593 -6.3
-4.58569 -6.1
-4.58544 -6.0
-4.5852 -5.8
-4.58496 -5.7
-4.58471 -5.5
-4.58447 -5.3
-4.58422 -5.1
-4.58398 -4.9
-4.58373 -4.7
-4.58349 -4.5
-4.58325 -4.3
-4.583 -4.1
-4.58276 -3.8
-4.58251 -3.6
-4.58227 -3.3
-4.58203 -3.1
-4.58178 -2.8
-4.58154 -2.5
-4.58129 -2.3
-4.58105 -2.0
-4.5808 -1.7
-4.58056 -1.4
-4.58032 -1.1
-4.58007 -0.8
-4.57983 -0.5
-4.57958 -0.2
-4.57934 0.0
-4.5791 0.3
-4.57885 0.6
-4.57861 0.9
-4.57836 1.2
-4.57812 1.5
-4.57788 1.8
-4.57763 2.1
-4.57739 2.3
-4.57714 2.6
-4.5769 2.9
-4.57665 3.1
-4.57641 3.4
-4.57617 3.7
-4.57592 3.9
-4.57568 4.1
-4.57543 4.4
-4.57519 4.6
-4.57495 4.8
-4.5747 5.0
-4.57446 5.2
-4.57421 5.4
-4.57397 5.6
-4.57372 5.7
-4.57348 5.9
-4.57324 6.0
-4.57299 6.2
-4.57275 6.3
-4.5725 6.4
-4.57226 6.5
-4.57202 6.6
-4.57177 6.7
-4.57153 6.7
-4.57128 6.8
-4.57104 6.8
-4.5708 6.9
-4.57055 6.9
-4.57031 6.9
-4.57006 6.9
-4.56982 6.8
-4.56957 6.8
-4.56933 6.8
-4.56909 6.7
-4.56884 6.6
-4.5686 6.6
-4.56835 6.5
-4.56811 6.3
-4.56787 6.2
-4.56762 6.1
-4.56738 6.0
-4.56713 5.8
-4.56689 5.6
-4.56664 5.5
-4.5664 5.3
-4.56616 5.1
-4.56591 4.9
-4.56567 4.7
-4.56542 4.5
-4.56518 4.2
-4.56494 4.0
-4.56469 3.8
-4.56445 3.5
-4.5642 3.3
-4.56396 3.0
-4.56371 2.7
-4.56347 2.5
-4.56323 2.2
-4.56298 1.9
-4.56274 1.6
-4.56249 1.3
-4.56225 1.1
-4.56201 0.8
-4.56176 0.5
-4.56152 0.2
-4.56127 -0.1
-4.56103 -0.4
-4.56079 -0.7
-4.56054 -1.0
-4.5603 -1.3
-4.56005 -1.6
-4.55981 -1.9
-4.55956 -2.1
-4.55932 -2.4
-4.55908 -2.7
-4.55883 -3.0
-4.55859 -3.2
-4.55834 -3.5
-4.5581 -3.7
-4.55786 -4.0
-4.55761 -4.2
-4.55737 -4.4
-4.55712 -4.7
-4.55688 -4.9
-4.55663 -5.1
-4.55639 -5.3
-4.55615 -5.4
-4.5559 -5.6
-4.55566 -5.8
-4.55541 -5.9
-4.55517 -6.1
-4.55493 -6.2
-4.55468 -6.3
-4.55444 -6.4
-4.55419 -6.5
-4.55395 -6.6
-4.55371 -6.7
-4.55346 -6.8
-4.55322 -6.8
-4.55297 -6.8
-4.55273 -6.9
-4.55248 -6.9
-4.55224 -6.9
-4.552 -6.9
-4.55175 -6.8
-4.55151 -6.8
-4.55126 -6.8
-4.55102 -6.7
-4.55078 -6.6
-4.55053 -6.5
-4.55029 -6.4
-4.55004 -6.3
-4.5498 -6.2
-4.54955 -6.1
-4.54931 -5.9
-4.54907 -5.8
-4.54882 -5.6
-4.54858 -5.4
-4.54833 -5.2
-4.54809 -5.0
-4.54785 -4.8
-4.5476 -4.6
-4.54736 -4.4
-4.54711 -4.2
-4.54687 -3.9
-4.54663 -3.7
-4.54638 -3.4
-4.54614 -3.2
-4.54589 -2.9
-4.54565 -2.6
-4.5454 -2.4
-4.54516 -2.1
-4.54492 -1.8
-4.54467 -1.5
-4.54443 -1.2
-4.54418 -1.0
-4.54394 -0.7
-4.5437 -0.4
-4.54345 0.0
-4.54321 0.2
-4.54296 0.5
-4.54272 0.8
-4.54247 1.1
-4.54223 1.4
-4.54199 1.7
-4.54174 2.0
-4.5415 2.2
-4.54125 2.5
-4.54101 2.8
-4.54077 3.1
-4.54052 3.3
-4.54028 3.6
-4.54003 3.8
-4.53979 4.1
-4.53955 4.3
-4.5393 4.5
-4.53906 4.7
-4.53881 4.9
-4.53857 5.1
-4.53832 5.3
-4.53808 5.5
-4.53784 5.7
-4.53759 5.9
-4.53735 6.0
-4.5371 6.1
-4.53686 6.3
-4.53662 6.4
-4.53637 6.5
-4.53613 6.6
-4.53588 6.7
-4.53564 6.7
-4.53539 6.8
-4.53515 6.8
-4.53491 6.9
-4.53466 6.9
-4.53442 6.9
-4.53417 6.9
-4.53393 6.9
-4.53369 6.8
-4.53344 6.8
-4.5332 6.7
-4.53295 6.7
-4.53271 6.6
-4.53246 6.5
-4.53222 6.4
-4.53198 6.3
-4.53173 6.1
-4.53149 6.0
-4.53124 5.9
-4.531 5.7
-4.53076 5.5
-4.53051 5.3
-4.53027 5.2
-4.53002 5.0
-4.52978 4.7
-4.52954 4.5
-4.52929 4.3
-4.52905 4.1
-4.5288 3.8
-4.52856 3.6
-4.52831 3.3
-4.52807 3.1
-4.52783 2.8
-4.52758 2.5
-4.52734 2.3
-4.52709 2.0
-4.52685 1.7
-4.52661 1.4
-4.52636 1.1
-4.52612 0.8
-4.52587 0.5
-4.52563 0.2
-4.52538 0.0
-4.52514 -0.4
-4.5249 -0.7
-4.52465 -0.9
-4.52441 -1.2
-4.52416 -1.5
-4.52392 -1.8
-4.52368 -2.1
-4.52343 -2.4
-4.52319 -2.6
-4.52294 -2.9
-4.5227 -3.2
-4.52246 -3.4
-4.52221 -3.7
-4.52197 -3.9
-4.52172 -4.2
-4.52148 -4.4
-4.52123 -4.6
-4.52099 -4.8
-4.52075 -5.0
-4.5205 -5.2
-4.52026 -5.4
-4.52001 -5.6
-4.51977 -5.8
-4.51953 -5.9
-4.51928 -6.1
-4.51904 -6.2
-4.51879 -6.3
-4.51855 -6.4
-4.5183 -6.5
-4.51806 -6.6
-4.51782 -6.7
-4.51757 -6.8
-4.51733 -6.8
-4.51708 -6.9
-4.51684 -6.9
-4.5166 -6.9
-4.51635 -6.9
-4.51611 -6.9
-4.51586 -6.9
-4.51562 -6.8
-4.51538 -6.8
-4.51513 -6.7
-4.51489 -6.6
-4.51464 -6.5
-4.5144 -6.4
-4.51415 -6.3
-4.51391 -6.2
-4.51367 -6.1
-4.51342 -5.9
-4.51318 -5.8
-4.51293 -5.6
-4.51269 -5.4
-4.51245 -5.3
-4.5122 -5.1
-4.51196 -4.9
-4.51171 -4.6
-4.51147 -4.4
-4.51122 -4.2
-4.51098 -3.9
-4.51074 -3.7
-4.51049 -3.4
-4.51025 -3.2
-4.51 -2.9
-4.50976 -2.7
-4.50952 -2.4
-4.50927 -2.1
-4.50903 -1.8
-4.50878 -1.5
-4.50854 -1.2
-4.5083 -0.9
-4.50805 -0.7
-4.50781 -0.4
-4.50756 0.0
-4.50732 0.2
-4.50707 0.5
-4.50683 0.8
-4.50659 1.1
-4.50634 1.4
-4.5061 1.7
-4.50585 2.0
-4.50561 2.3
-4.50537 2.5
-4.50512 2.8
-4.50488 3.1
-4.50463 3.3
-4.50439 3.6
-4.50414 3.8
-4.5039 4.1
-4.50366 4.3
-4.50341 4.5
-4.50317 4.8
-4.50292 5.0
-4.50268 5.2
-4.50244 5.4
-4.50219 5.5
-4.50195 5.7
-4.5017 5.9
-4.50146 6.0
-4.50121 6.2
-4.50097 6.3
-4.50073 6.4
-4.50048 6.5
-4.50024 6.6
-4.49999 6.7
-4.49975 6.8
-4.49951 6.8
-4.49926 6.9
-4.49902 6.9
-4.49877 6.9
-4.49853 6.9
-4.49829 6.9
-4.49804 6.9
-4.4978 6.8
-4.49755 6.8
-4.49731 6.7
-4.49706 6.7
-4.49682 6.6
-4.49658 6.5
-4.49633 6.4
-4.49609 6.3
-4.49584 6.1
-4.4956 6.0
-4.49536 5.8
-4.49511 5.7
-4.49487 5.5
-4.49462 5.3
-4.49438 5.1
-4.49413 4.9
-4.49389 4.7
-4.49365 4.5
-4.4934 4.3
-4.49316 4.0
-4.49291 3.8
-4.49267 3.5
-4.49243 3.3
-4.49218 3.0
-4.49194 2.7
-4.49169 2.5
-4.49145 2.2
-4.49121 1.9
-4.49096 1.6
-4.49072 1.3
-4.49047 1.0
-4.49023 0.8
-4.48998 0.5
-4.48974 0.2
-4.4895 -0.1
-4.48925 -0.4
-4.48901 -0.7
-4.48876 -1.0
-4.48852 -1.3
-4.48828 -1.6
-4.48803 -1.9
-4.48779 -2.2
-4.48754 -2.5
-4.4873 -2.7
-4.48705 -3.0
-4.48681 -3.3
-4.48657 -3.5
-4.48632 -3.8
-4.48608 -4.0
-4.48583 -4.3
-4.48559 -4.5
-4.48535 -4.7
-4.4851 -4.9
-4.48486 -5.1
-4.48461 -5.3
-4.48437 -5.5
-4.48413 -5.7
-4.48388 -5.8
-4.48364 -6.0
-4.48339 -6.1
-4.48315 -6.3
-4.4829 -6.4
-4.48266 -6.5
-4.48242 -6.6
-4.48217 -6.7
-4.48193 -6.7
-4.48168 -6.8
-4.48144 -6.8
-4.4812 -6.9
-4.48095 -6.9
-4.48071 -6.9
-4.48046 -6.9
-4.48022 -6.9
-4.47997 -6.9
-4.47973 -6.8
-4.47949 -6.8
-4.47924 -6.7
-4.479 -6.6
-4.47875 -6.5
-4.47851 -6.4
-4.47827 -6.3
-4.47802 -6.2
-4.47778 -6.0
-4.47753 -5.9
-4.47729 -5.7
-4.47705 -5.6
-4.4768 -5.4
-4.47656 -5.2
-4.47631 -5.0
-4.47607 -4.8
-4.47582 -4.6
-4.47558 -4.3
-4.47534 -4.1
-4.47509 -3.9
-4.47485 -3.6
-4.4746 -3.3
-4.47436 -3.1
-4.47412 -2.8
-4.47387 -2.5
-4.47363 -2.3
-4.47338 -2.0
-4.47314 -1.7
-4.47289 -1.4
-4.47265 -1.1
-4.47241 -0.8
-4.47216 -0.5
-4.47192 -0.2
-4.47167 0.0
-4.47143 0.4
-4.47119 0.7
-4.47094 1.0
-4.4707 1.3
-4.47045 1.5
-4.47021 1.8
-4.46996 2.1
-4.46972 2.4
-4.46948 2.7
-4.46923 2.9
-4.46899 3.2
-4.46874 3.5
-4.4685 3.7
-4.46826 4.0
-4.46801 4.2
-4.46777 4.4
-4.46752 4.7
-4.46728 4.9
-4.46704 5.1
-4.46679 5.3
-4.46655 5.5
-4.4663 5.6
-4.46606 5.8
-4.46581 6.0
-4.46557 6.1
-4.46533 6.2
-4.46508 6.4
-4.46484 6.5
-4.46459 6.6
-4.46435 6.7
-4.46411 6.7
-4.46386 6.8
-4.46362 6.8
-4.46337 6.9
-4.46313 6.9
-4.46288 6.9
-4.46264 6.9
-4.4624 6.9
-4.46215 6.9
-4.46191 6.8
-4.46166 6.8
-4.46142 6.7
-4.46118 6.6
-4.46093 6.5
-4.46069 6.4
-4.46044 6.3
-4.4602 6.2
-4.45996 6.1
-4.45971 5.9
-4.45947 5.8
-4.45922 5.6
-4.45898 5.4
-4.45873 5.2
-4.45849 5.0
-4.45825 4.8
-4.458 4.6
-4.45776 4.4
-4.45751 4.1
-4.45727 3.9
-4.45703 3.6
-4.45678 3.4
-4.45654 3.1
-4.45629 2.8
-4.45605 2.6
-4.4558 2.3
-4.45556 2.0
-4.45532 1.7
-4.45507 1.4
-4.45483 1.1
-4.45458 0.9
-4.45434 0.6
-4.4541 0.3
-4.45385 0.0
-4.45361 -0.3
-4.45336 -0.6
-4.45312 -0.9
-4.45288 -1.2
-4.45263 -1.5
-4.45239 -1.8
-4.45214 -2.1
-4.4519 -2.4
-4.45165 -2.6
-4.45141 -2.9
-4.45117 -3.2
-4.45092 -3.4
-4.45068 -3.7
-4.45043 -4.0
-4.45019 -4.2
-4.44995 -4.4
-4.4497 -4.7
-4.44946 -4.9
-4.44921 -5.1
-4.44897 -5.3
-4.44872 -5.5
-4.44848 -5.6
-4.44824 -5.8
-4.44799 -6.0
-4.44775 -6.1
-4.4475 -6.2
-4.44726 -6.4
-4.44702 -6.5
-4.44677 -6.6
-4.44653 -6.7
-4.44628 -6.7
-4.44604 -6.8
-4.4458 -6.9
-4.44555 -6.9
-4.44531 -6.9
-4.44506 -6.9
-4.44482 -6.9
-4.44457 -6.9
-4.44433 -6.9
-4.44409 -6.8
-4.44384 -6.8
-4.4436 -6.7
-4.44335 -6.6
-4.44311 -6.6
-4.44287 -6.5
-4.44262 -6.3
-4.44238 -6.2
-4.44213 -6.1
-4.44189 -5.9
-4.44164 -5.8
-4.4414 -5.6
-4.44116 -5.4
-4.44091 -5.2
-4.44067 -5.0
-4.44042 -4.8
-4.44018 -4.6
-4.43994 -4.4
-4.43969 -4.1
-4.43945 -3.9
-4.4392 -3.6
-4.43896 -3.4
-4.43871 -3.1
-4.43847 -2.9
-4.43823 -2.6
-4.43798 -2.3
-4.43774 -2.0
-4.43749 -1.7
-4.43725 -1.4
-4.43701 -1.1
-4.43676 -0.9
-4.43652 -0.6
-4.43627 -0.3
-4.43603 0.0
-4.43579 0.3
-4.43554 0.6
-4.4353 0.9
-4.43505 1.2
-4.43481 1.5
-4.43456 1.8
-4.43432 2.1
-4.43408 2.4
-4.43383 2.7
-4.43359 2.9
-4.43334 3.2
-4.4331 3.5
-4.43286 3.7
-4.43261 4.0
-4.43237 4.2
-4.43212 4.4
-4.43188 4.7
-4.43163 4.9
-4.43139 5.1
-4.43115 5.3
-4.4309 5.5
-4.43066 5.6
-4.43041 5.8
-4.43017 6.0
-4.42993 6.1
-4.42968 6.3
-4.42944 6.4
-4.42919 6.5
-4.42895 6.6
-4.42871 6.7
-4.42846 6.7
-4.42822 6.8
-4.42797 6.9
-4.42773 6.9
-4.42748 6.9
-4.42724 6.9
-4.427 6.9
-4.42675 6.9
-4.42651 6.9
-4.42626 6.8
-4.42602 6.8
-4.42578 6.7
-4.42553 6.6
-4.42529 6.6
-4.42504 6.5
-4.4248 6.3
-4.42455 6.2
-4.42431 6.1
-4.42407 5.9
-4.42382 5.8
-4.42358 5.6
-4.42333 5.4
-4.42309 5.2
-4.42285 5.0
-4.4226 4.8
-4.42236 4.6
-4.42211 4.4
-4.42187 4.1
-4.42163 3.9
-4.42138 3.6
-4.42114 3.4
-4.42089 3.1
-4.42065 2.8
-4.4204 2.6
-4.42016 2.3
-4.41992 2.0
-4.41967 1.7
-4.41943 1.4
-4.41918 1.1
-4.41894 0.8
-4.4187 0.5
-4.41845 0.2
-4.41821 0.0
-4.41796 -0.4
-4.41772 -0.7
-4.41747 -1.0
-4.41723 -1.3
-4.41699 -1.6
-4.41674 -1.8
-4.4165 -2.1
-4.41625 -2.4
-4.41601 -2.7
-4.41577 -3.0
-4.41552 -3.2
-4.41528 -3.5
-4.41503 -3.7
-4.41479 -4.0
-4.41455 -4.2
-4.4143 -4.5
-4.41406 -4.7
-4.41381 -4.9
-4.41357 -5.1
-4.41332 -5.3
-4.41308 -5.5
-4.41284 -5.7
-4.41259 -5.8
-4.41235 -6.0
-4.4121 -6.1
-4.41186 -6.3
-4.41162 -6.4
-4.41137 -6.5
-4.41113 -6.6
-4.41088 -6.7
-4.41064 -6.8
-4.41039 -6.8
-4.41015 -6.9
-4.40991 -6.9
-4.40966 -6.9
-4.40942 -6.9
-4.40917 -6.9
-4.40893 -6.9
-4.40869 -6.9
-4.40844 -6.8
-4.4082 -6.8
-4.40795 -6.7
-4.40771 -6.6
-4.40746 -6.5
-4.40722 -6.4
-4.40698 -6.3
-4.40673 -6.2
-4.40649 -6.1
-4.40624 -5.9
-4.406 -5.7
-4.40576 -5.6
-4.40551 -5.4
-4.40527 -5.2
-4.40502 -5.0
-4.40478 -4.8
-4.40454 -4.5
-4.40429 -4.3
-4.40405 -4.1
-4.4038 -3.8
-4.40356 -3.6
-4.40331 -3.3
-4.40307 -3.1
-4.40283 -2.8
-4.40258 -2.5
-4.40234 -2.2
-4.40209 -1.9
-4.40185 -1.6
-4.40161 -1.4
-4.40136 -1.1
-4.40112 -0.8
-4.40087 -0.5
-4.40063 -0.2
-4.40038 0.1
-4.40014 0.4
-4.3999 0.7
-4.39965 1.0
-4.39941 1.3
-4.39916 1.6
-4.39892 1.9
-4.39868 2.2
-4.39843 2.5
-4.39819 2.8
-4.39794 3.0
-4.3977 3.3
-4.39746 3.6
-4.39721 3.8
-4.39697 4.1
-4.39672 4.3
-4.39648 4.5
-4.39623 4.8
-4.39599 5.0
-4.39575 5.2
-4.3955 5.4
-4.39526 5.6
-4.39501 5.7
-4.39477 5.9
-4.39453 6.0
-4.39428 6.2
-4.39404 6.3
-4.39379 6.4
-4.39355 6.5
-4.3933 6.6
-4.39306 6.7
-4.39282 6.8
-4.39257 6.8
-4.39233 6.9
-4.39208 6.9
-4.39184 6.9
-4.3916 6.9
-4.39135 6.9
-4.39111 6.9
-4.39086 6.9
-4.39062 6.8
-4.39038 6.8
-4.39013 6.7
-4.38989 6.6
-4.38964 6.5
-4.3894 6.4
-4.38915 6.3
-4.38891 6.2
-4.38867 6.0
-4.38842 5.9
-4.38818 5.7
-4.38793 5.5
-4.38769 5.3
-4.38745 5.1
-4.3872 4.9
-4.38696 4.7
-4.38671 4.5
-4.38647 4.3
-4.38622 4.0
-4.38598 3.8
-4.38574 3.5
-4.38549 3.2
-4.38525 3.0
-4.385 2.7
-4.38476 2.4
-4.38452 2.1
-4.38427 1.8
-4.38403 1.6
-4.38378 1.3
-4.38354 1.0
-4.3833 0.7
-4.38305 0.4
-4.38281 0.0
-4.38256 -0.2
-4.38232 -0.5
-4.38207 -0.8
-4.38183 -1.1
-4.38159 -1.4
-4.38134 -1.7
-4.3811 -2.0
-4.38085 -2.3
-4.38061 -2.6
-4.38037 -2.9
-4.38012 -3.1
-4.37988 -3.4
-4.37963 -3.6
-4.37939 -3.9
-4.37914 -4.1
-4.3789 -4.4
-4.37866 -4.6
-4.37841 -4.8
-4.37817 -5.0
-4.37792 -5.2
-4.37768 -5.4
-4.37744 -5.6
-4.37719 -5.8
-4.37695 -6.0
-4.3767 -6.1
-4.37646 -6.2
-4.37621 -6.4
-4.37597 -6.5
-4.37573 -6.6
-4.37548 -6.7
-4.37524 -6.8
-4.37499 -6.8
-4.37475 -6.9
-4.37451 -6.9
-4.37426 -6.9
-4.37402 -6.9
-4.37377 -6.9
-4.37353 -6.9
-4.37329 -6.9
-4.37304 -6.9
-4.3728 -6.8
-4.37255 -6.8
-4.37231 -6.7
-4.37206 -6.6
-4.37182 -6.5
-4.37158 -6.4
-4.37133 -6.2
-4.37109 -6.1
-4.37084 -6.0
-4.3706 -5.8
-4.37036 -5.6
-4.37011 -5.4
-4.36987 -5.3
-4.36962 -5.1
-4.36938 -4.8
-4.36913 -4.6
-4.36889 -4.4
-4.36865 -4.2
-4.3684 -3.9
-4.36816 -3.7
-4.36791 -3.4
-4.36767 -3.1
-4.36743 -2.9
-4.36718 -2.6
-4.36694 -2.3
-4.36669 -2.0
-4.36645 -1.7
-4.36621 -1.4
-4.36596 -1.1
-4.36572 -0.8
-4.36547 -0.5
-4.36523 -0.2
-4.36498 0.0
-4.36474 0.4
-4.3645 0.7
-4.36425 1.0
-4.36401 1.3
-4.36376 1.6
-4.36352 1.8
-4.36328 2.1
-4.36303 2.4
-4.36279 2.7
-4.36254 3.0
-4.3623 3.2
-4.36205 3.5
-4.36181 3.8
-4.36157 4.0
-4.36132 4.3
-4.36108 4.5
-4.36083 4.7
-4.36059 4.9
-4.36035 5.1
-4.3601 5.3
-4.35986 5.5
-4.35961 5.7
-4.35937 5.9
-4.35913 6.0
-4.35888 6.2
-4.35864 6.3
-4.35839 6.4
-4.35815 6.5
-4.3579 6.6
-4.35766 6.7
-4.35742 6.8
-4.35717 6.9
-4.35693 6.9
-4.35668 6.9
-4.35644 7.0
-4.3562 7.0
-4.35595 7.0
-4.35571 6.9
-4.35546 6.9
-4.35522 6.9
-4.35497 6.8
-4.35473 6.7
-4.35449 6.6
-4.35424 6.5
-4.354 6.4
-4.35375 6.3
-4.35351 6.2
-4.35327 6.0
-4.35302 5.9
-4.35278 5.7
-4.35253 5.5
-4.35229 5.4
-4.35205 5.2
-4.3518 5.0
-4.35156 4.7
-4.35131 4.5
-4.35107 4.3
-4.35082 4.0
-4.35058 3.8
-4.35034 3.5
-4.35009 3.3
-4.34985 3.0
-4.3496 2.7
-4.34936 2.4
-4.34912 2.2
-4.34887 1.9
-4.34863 1.6
-4.34838 1.3
-4.34814 1.0
-4.34789 0.7
-4.34765 0.4
-4.34741 0.0
-4.34716 -0.2
-4.34692 -0.5
-4.34667 -0.8
-4.34643 -1.1
-4.34619 -1.4
-4.34594 -1.7
-4.3457 -2.0
-4.34545 -2.3
-4.34521 -2.6
-4.34496 -2.9
-4.34472 -3.1
-4.34448 -3.4
-4.34423 -3.7
-4.34399 -3.9
-4.34374 -4.2
-4.3435 -4.4
-4.34326 -4.6
-4.34301 -4.8
-4.34277 -5.1
-4.34252 -5.3
-4.34228 -5.5
-4.34204 -5.6
-4.34179 -5.8
-4.34155 -6.0
-4.3413 -6.1
-4.34106 -6.3
-4.34081 -6.4
-4.34057 -6.5
-4.34033 -6.6
-4.34008 -6.7
-4.33984 -6.8
-4.33959 -6.8
-4.33935 -6.9
-4.33911 -6.9
-4.33886 -7.0
-4.33862 -7.0
-4.33837 -7.0
-4.33813 -6.9
-4.33788 -6.9
-4.33764 -6.9
-4.3374 -6.8
-4.33715 -6.8
-4.33691 -6.7
-4.33666 -6.6
-4.33642 -6.5
-4.33618 -6.4
-4.33593 -6.2
-4.33569 -6.1
-4.33544 -6.0
-4.3352 -5.8
-4.33496 -5.6
-4.33471 -5.4
-4.33447 -5.2
-4.33422 -5.0
-4.33398 -4.8
-4.33373 -4.6
-4.33349 -4.4
-4.33325 -4.1
-4.333 -3.9
-4.33276 -3.6
-4.33251 -3.4
-4.33227 -3.1
-4.33203 -2.8
-4.33178 -2.5
-4.33154 -2.3
-4.33129 -2.0
-4.33105 -1.7
-4.3308 -1.4
-4.33056 -1.1
-4.33032 -0.8
-4.33007 -0.5
-4.32983 -0.2
-4.32958 0.1
-4.32934 0.4
-4.3291 0.7
-4.32885 1.0
-4.32861 1.3
-4.32836 1.6
-4.32812 1.9
-4.32788 2.2
-4.32763 2.5
-4.32739 2.8
-4.32714 3.0
-4.3269 3.3
-4.32665 3.6
-4.32641 3.8
-4.32617 4.1
-4.32592 4.3
-4.32568 4.6
-4.32543 4.8
-4.32519 5.0
-4.32495 5.2
-4.3247 5.4
-4.32446 5.6
-4.32421 5.8
-4.32397 5.9
-4.32372 6.1
-4.32348 6.2
-4.32324 6.4
-4.32299 6.5
-4.32275 6.6
-4.3225 6.7
-4.32226 6.8
-4.32202 6.8
-4.32177 6.9
-4.32153 6.9
-4.32128 7.0
-4.32104 7.0
-4.3208 7.0
-4.32055 7.0
-4.32031 6.9
-4.32006 6.9
-4.31982 6.9
-4.31957 6.8
-4.31933 6.7
-4.31909 6.6
-4.31884 6.5
-4.3186 6.4
-4.31835 6.3
-4.31811 6.2
-4.31787 6.0
-4.31762 5.8
-4.31738 5.7
-4.31713 5.5
-4.31689 5.3
-4.31664 5.1
-4.3164 4.9
-4.31616 4.7
-4.31591 4.4
-4.31567 4.2
-4.31542 4.0
-4.31518 3.7
-4.31494 3.4
-4.31469 3.2
-4.31445 2.9
-4.3142 2.6
-4.31396 2.3
-4.31371 2.0
-4.31347 1.8
-4.31323 1.5
-4.31298 1.2
-4.31274 0.9
-4.31249 0.6
-4.31225 0.3
-4.31201 0.0
-4.31176 -0.3
-4.31152 -0.7
-4.31127 -1.0
-4.31103 -1.3
-4.31079 -1.5
-4.31054 -1.8
-4.3103 -2.1
-4.31005 -2.4
-4.30981 -2.7
-4.30956 -3.0
-4.30932 -3.3
-4.30908 -3.5
-4.30883 -3.8
-4.30859 -4.0
-4.30834 -4.3
-4.3081 -4.5
-4.30786 -4.7
-4.30761 -5.0
-4.30737 -5.2
-4.30712 -5.4
-4.30688 -5.6
-4.30663 -5.7
-4.30639 -5.9
-4.30615 -6.1
-4.3059 -6.2
-4.30566 -6.3
-4.30541 -6.5
-4.30517 -6.6
-4.30493 -6.7
-4.30468 -6.7
-4.30444 -6.8
-4.30419 -6.9
-4.30395 -6.9
-4.30371 -7.0
-4.30346 -7.0
-4.30322 -7.0
-4.30297 -7.0
-4.30273 -6.9
-4.30248 -6.9
-4.30224 -6.9
-4.302 -6.8
-4.30175 -6.7
-4.30151 -6.7
-4.30126 -6.6
-4.30102 -6.4
-4.30078 -6.3
-4.30053 -6.2
-4.30029 -6.0
-4.30004 -5.9
-4.2998 -5.7
-4.29955 -5.5
-4.29931 -5.3
-4.29907 -5.1
-4.29882 -4.9
-4.29858 -4.7
-4.29833 -4.5
-4.29809 -4.2
-4.29785 -4.0
-4.2976 -3.7
-4.29736 -3.5
-4.29711 -3.2
-4.29687 -2.9
-4.29663 -2.7
-4.29638 -2.4
-4.29614 -2.1
-4.29589 -1.8
-4.29565 -1.5
-4.2954 -1.2
-4.29516 -0.9
-4.29492 -0.6
-4.29467 -0.3
-4.29443 0.0
-4.29418 0.3
-4.29394 0.6
-4.2937 0.9
-4.29345 1.2
-4.29321 1.5
-4.29296 1.8
-4.29272 2.1
-4.29247 2.4
-4.29223 2.7
-4.29199 3.0
-4.29174 3.2
-4.2915 3.5
-4.29125 3.8
-4.29101 4.0
-4.29077 4.3
-4.29052 4.5
-4.29028 4.7
-4.29003 4.9
-4.28979 5.1
-4.28955 5.3
-4.2893 5.5
-4.28906 5.7
-4.28881 5.9
-4.28857 6.0
-4.28832 6.2
-4.28808 6.3
-4.28784 6.5
-4.28759 6.6
-4.28735 6.7
-4.2871 6.7
-4.28686 6.8
-4.28662 6.9
-4.28637 6.9
-4.28613 7.0
-4.28588 7.0
-4.28564 7.0
-4.28539 7.0
-4.28515 7.0
-4.28491 6.9
-4.28466 6.9
-4.28442 6.8
-4.28417 6.7
-4.28393 6.7
-4.28369 6.6
-4.28344 6.5
-4.2832 6.3
-4.28295 6.2
-4.28271 6.1
-4.28246 5.9
-4.28222 5.7
-4.28198 5.5
-4.28173 5.4
-4.28149 5.2
-4.28124 4.9
-4.281 4.7
-4.28076 4.5
-4.28051 4.3
-4.28027 4.0
-4.28002 3.8
-4.27978 3.5
-4.27954 3.2
-4.27929 3.0
-4.27905 2.7
-4.2788 2.4
-4.27856 2.1
-4.27831 1.8
-4.27807 1.5
-4.27783 1.2
-4.27758 0.9
-4.27734 0.6
-4.27709 0.3
-4.27685 0.0
-4.27661 -0.3
-4.27636 -0.6
-4.27612 -0.9
-4.27587 -1.2
-4.27563 -1.5
-4.27538 -1.8
-4.27514 -2.1
-4.2749 -2.4
-4.27465 -2.7
-4.27441 -3.0
-4.27416 -3.2
-4.27392 -3.5
-4.27368 -3.8
-4.27343 -4.0
-4.27319 -4.3
-4.27294 -4.5
-4.2727 -4.7
-4.27246 -4.9
-4.27221 -5.2
-4.27197 -5.4
-4.27172 -5.5
-4.27148 -5.7
-4.27123 -5.9
-4.27099 -6.1
-4.27075 -6.2
-4.2705 -6.3
-4.27026 -6.5
-4.27001 -6.6
-4.26977 -6.7
-4.26953 -6.8
-4.26928 -6.8
-4.26904 -6.9
-4.26879 -6.9
-4.26855 -7.0
-4.2683 -7.0
-4.26806 -7.0
-4.26782 -7.0
-4.26757 -7.0
-4.26733 -6.9
-4.26708 -6.9
-4.26684 -6.8
-4.2666 -6.8
-4.26635 -6.7
-4.26611 -6.6
-4.26586 -6.5
-4.26562 -6.3
-4.26538 -6.2
-4.26513 -6.1
-4.26489 -5.9
-4.26464 -5.7
-4.2644 -5.5
-4.26415 -5.3
-4.26391 -5.1
-4.26367 -4.9
-4.26342 -4.7
-4.26318 -4.5
-4.26293 -4.2
-4.26269 -4.0
-4.26245 -3.7
-4.2622 -3.5
-4.26196 -3.2
-4.26171 -2.9
-4.26147 -2.7
-4.26122 -2.4
-4.26098 -2.1
-4.26074 -1.8
-4.26049 -1.5
-4.26025 -1.2
-4.26 -0.9
-4.25976 -0.6
-4.25952 -0.3
-4.25927 0.0
-4.25903 0.3
-4.25878 0.6
-4.25854 0.9
-4.2583 1.2
-4.25805 1.5
-4.25781 1.8
-4.25756 2.1
-4.25732 2.4
-4.25707 2.7
-4.25683 3.0
-4.25659 3.3
-4.25634 3.5
-4.2561 3.8
-4.25585 4.0
-4.25561 4.3
-4.25537 4.5
-4.25512 4.8
-4.25488 5.0
-4.25463 5.2
-4.25439 5.4
-4.25414 5.6
-4.2539 5.8
-4.25366 5.9
-4.25341 6.1
-4.25317 6.2
-4.25292 6.4
-4.25268 6.5
-4.25244 6.6
-4.25219 6.7
-4.25195 6.8
-4.2517 6.8
-4.25146 6.9
-4.25121 6.9
-4.25097 7.0
-4.25073 7.0
-4.25048 7.0
-4.25024 7.0
-4.24999 7.0
-4.24975 6.9
-4.24951 6.9
-4.24926 6.8
-4.24902 6.7
-4.24877 6.7
-4.24853 6.6
-4.24829 6.4
-4.24804 6.3
-4.2478 6.2
-4.24755 6.0
-4.24731 5.9
-4.24706 5.7
-4.24682 5.5
-4.24658 5.3
-4.24633 5.1
-4.24609 4.9
-4.24584 4.7
-4.2456 4.4
-4.24536 4.2
-4.24511 4.0
-4.24487 3.7
-4.24462 3.4
-4.24438 3.2
-4.24413 2.9
-4.24389 2.6
-4.24365 2.3
-4.2434 2.0
-4.24316 1.7
-4.24291 1.4
-4.24267 1.1
-4.24243 0.8
-4.24218 0.5
-4.24194 0.2
-4.24169 0.0
-4.24145 -0.4
-4.24121 -0.7
-4.24096 -1.0
-4.24072 -1.3
-4.24047 -1.6
-4.24023 -1.9
-4.23998 -2.2
-4.23974 -2.5
-4.2395 -2.8
-4.23925 -3.0
-4.23901 -3.3
-4.23876 -3.6
-4.23852 -3.8
-4.23828 -4.1
-4.23803 -4.3
-4.23779 -4.6
-4.23754 -4.8
-4.2373 -5.0
-4.23705 -5.2
-4.23681 -5.4
-4.23657 -5.6
-4.23632 -5.8
-4.23608 -6.0
-4.23583 -6.1
-4.23559 -6.3
-4.23535 -6.4
-4.2351 -6.5
-4.23486 -6.6
-4.23461 -6.7
-4.23437 -6.8
-4.23413 -6.9
-4.23388 -6.9
-4.23364 -7.0
-4.23339 -7.0
-4.23315 -7.0
-4.2329 -7.0
-4.23266 -7.0
-4.23242 -7.0
-4.23217 -6.9
-4.23193 -6.9
-4.23168 -6.8
-4.23144 -6.7
-4.2312 -6.6
-4.23095 -6.5
-4.23071 -6.4
-4.23046 -6.3
-4.23022 -6.1
-4.22997 -6.0
-4.22973 -5.8
-4.22949 -5.7
-4.22924 -5.5
-4.229 -5.3
-4.22875 -5.1
-4.22851 -4.8
-4.22827 -4.6
-4.22802 -4.4
-4.22778 -4.1
-4.22753 -3.9
-4.22729 -3.6
-4.22705 -3.4
-4.2268 -3.1
-4.22656 -2.8
-4.22631 -2.5
-4.22607 -2.2
-4.22582 -2.0
-4.22558 -1.7
-4.22534 -1.4
-4.22509 -1.1
-4.22485 -0.7
-4.2246 -0.4
-4.22436 -0.1
-4.22412 0.2
-4.22387 0.5
-4.22363 0.8
-4.22338 1.1
-4.22314 1.4
-4.22289 1.7
-4.22265 2.0
-4.22241 2.3
-4.22216 2.6
-4.22192 2.9
-4.22167 3.1
-4.22143 3.4
-4.22119 3.7
-4.22094 3.9
-4.2207 4.2
-4.22045 4.4
-4.22021 4.7
-4.21996 4.9
-4.21972 5.1
-4.21948 5.3
-4.21923 5.5
-4.21899 5.7
-4.21874 5.9
-4.2185 6.0
-4.21826 6.2
-4.21801 6.3
-4.21777 6.4
-4.21752 6.6
-4.21728 6.7
-4.21704 6.8
-4.21679 6.8
-4.21655 6.9
-4.2163 6.9
-4.21606 7.0
-4.21581 7.0
-4.21557 7.0
-4.21533 7.0
-4.21508 7.0
-4.21484 7.0
-4.21459 6.9
-4.21435 6.9
-4.21411 6.8
-4.21386 6.7
-4.21362 6.6
-4.21337 6.5
-4.21313 6.4
-4.21288 6.2
-4.21264 6.1
-4.2124 5.9
-4.21215 5.8
-4.21191 5.6
-4.21166 5.4
-4.21142 5.2
-4.21118 5.0
-4.21093 4.8
-4.21069 4.5
-4.21044 4.3
-4.2102 4.1
-4.20996 3.8
-4.20971 3.5
-4.20947 3.3
-4.20922 3.0
-4.20898 2.7
-4.20873 2.4
-4.20849 2.1
-4.20825 1.8
-4.208 1.5
-4.20776 1.2
-4.20751 0.9
-4.20727 0.6
-4.20703 0.3
-4.20678 0.0
-4.20654 -0.3
-4.20629 -0.6
-4.20605 -0.9
-4.2058 -1.2
-4.20556 -1.5
-4.20532 -1.8
-4.20507 -2.1
-4.20483 -2.4
-4.20458 -2.7
-4.20434 -3.0
-4.2041 -3.3
-4.20385 -3.5
-4.20361 -3.8
-4.20336 -4.0
-4.20312 -4.3
-4.20288 -4.5
-4.20263 -4.8
-4.20239 -5.0
-4.20214 -5.2
-4.2019 -5.4
-4.20165 -5.6
-4.20141 -5.8
-4.20117 -5.9
-4.20092 -6.1
-4.20068 -6.2
-4.20043 -6.4
-4.20019 -6.5
-4.19995 -6.6
-4.1997 -6.7
-4.19946 -6.8
-4.19921 -6.9
-4.19897 -6.9
-4.19872 -7.0
-4.19848 -7.0
-4.19824 -7.0
-4.19799 -7.0
-4.19775 -7.0
-4.1975 -7.0
-4.19726 -6.9
-4.19702 -6.9
-4.19677 -6.8
-4.19653 -6.8
-4.19628 -6.7
-4.19604 -6.6
-4.1958 -6.5
-4.19555 -6.3
-4.19531 -6.2
-4.19506 -6.0
-4.19482 -5.9
-4.19457 -5.7
-4.19433 -5.5
-4.19409 -5.3
-4.19384 -5.1
-4.1936 -4.9
-4.19335 -4.7
-4.19311 -4.4
-4.19287 -4.2
-4.19262 -3.9
-4.19238 -3.7
-4.19213 -3.4
-4.19189 -3.1
-4.19164 -2.8
-4.1914 -2.6
-4.19116 -2.3
-4.19091 -2.0
-4.19067 -1.7
-4.19042 -1.4
-4.19018 -1.1
-4.18994 -0.8
-4.18969 -0.5
-4.18945 -0.2
-4.1892 0.2
-4.18896 0.5
-4.18871 0.8
-4.18847 1.1
-4.18823 1.4
-4.18798 1.7
-4.18774 2.0
-4.18749 2.3
-4.18725 2.6
-4.18701 2.9
-4.18676 3.1
-4.18652 3.4
-4.18627 3.7
-4.18603 3.9
-4.18579 4.2
-4.18554 4.4
-4.1853 4.7
-4.18505 4.9
-4.18481 5.1
-4.18456 5.3
-4.18432 5.5
-4.18408 5.7
-4.18383 5.9
-4.18359 6.0
-4.18334 6.2
-4.1831 6.3
-4.18286 6.5
-4.18261 6.6
-4.18237 6.7
-4.18212 6.8
-4.18188 6.8
-4.18163 6.9
-4.18139 7.0
-4.18115 7.0
-4.1809 7.0
-4.18066 7.0
-4.18041 7.0
-4.18017 7.0
-4.17993 7.0
-4.17968 6.9
-4.17944 6.9
-4.17919 6.8
-4.17895 6.7
-4.17871 6.6
-4.17846 6.5
-4.17822 6.4
-4.17797 6.2
-4.17773 6.1
-4.17748 5.9
-4.17724 5.8
-4.177 5.6
-4.17675 5.4
-4.17651 5.2
-4.17626 5.0
-4.17602 4.8
-4.17578 4.5
-4.17553 4.3
-4.17529 4.0
-4.17504 3.8
-4.1748 3.5
-4.17455 3.2
-4.17431 3.0
-4.17407 2.7
-4.17382 2.4
-4.17358 2.1
-4.17333 1.8
-4.17309 1.5
-4.17285 1.2
-4.1726 0.9
-4.17236 0.6
-4.17211 0.3
-4.17187 0.0
-4.17163 -0.3
-4.17138 -0.7
-4.17114 -1.0
-4.17089 -1.3
-4.17065 -1.6
-4.1704 -1.9
-4.17016 -2.2
-4.16992 -2.5
-4.16967 -2.8
-4.16943 -3.0
-4.16918 -3.3
-4.16894 -3.6
-4.1687 -3.8
-4.16845 -4.1
-4.16821 -4.3
-4.16796 -4.6
-4.16772 -4.8
-4.16747 -5.0
-4.16723 -5.2
-4.16699 -5.5
-4.16674 -5.6
-4.1665 -5.8
-4.16625 -6.0
-4.16601 -6.1
-4.16577 -6.3
-4.16552 -6.4
-4.16528 -6.5
-4.16503 -6.7
-4.16479 -6.7
-4.16455 -6.8
-4.1643 -6.9
-4.16406 -6.9
-4.16381 -7.0
-4.16357 -7.0
-4.16332 -7.0
-4.16308 -7.0
-4.16284 -7.0
-4.16259 -7.0
-4.16235 -7.0
-4.1621 -6.9
-4.16186 -6.8
-4.16162 -6.7
-4.16137 -6.7
-4.16113 -6.5
-4.16088 -6.4
-4.16064 -6.3
-4.16039 -6.2
-4.16015 -6.0
-4.15991 -5.8
-4.15966 -5.6
-4.15942 -5.5
-4.15917 -5.3
-4.15893 -5.0
-4.15869 -4.8
-4.15844 -4.6
-4.1582 -4.4
-4.15795 -4.1
-4.15771 -3.9
-4.15746 -3.6
-4.15722 -3.3
-4.15698 -3.0
-4.15673 -2.8
-4.15649 -2.5
-4.15624 -2.2
-4.156 -1.9
-4.15576 -1.6
-4.15551 -1.3
-4.15527 -1.0
-4.15502 -0.7
-4.15478 -0.4
-4.15454 0.0
-4.15429 0.3
-4.15405 0.6
-4.1538 0.9
-4.15356 1.2
-4.15331 1.5
-4.15307 1.8
-4.15283 2.1
-4.15258 2.4
-4.15234 2.7
-4.15209 3.0
-4.15185 3.2
-4.15161 3.5
-4.15136 3.8
-4.15112 4.0
-4.15087 4.3
-4.15063 4.5
-4.15038 4.8
-4.15014 5.0
-4.1499 5.2
-4.14965 5.4
-4.14941 5.6
-4.14916 5.8
-4.14892 6.0
-4.14868 6.1
-4.14843 6.3
-4.14819 6.4
-4.14794 6.5
-4.1477 6.6
-4.14746 6.7
-4.14721 6.8
-4.14697 6.9
-4.14672 6.9
-4.14648 7.0
-4.14623 7.0
-4.14599 7.0
-4.14575 7.0
-4.1455 7.0
-4.14526 7.0
-4.14501 7.0
-4.14477 6.9
-4.14453 6.9
-4.14428 6.8
-4.14404 6.7
-4.14379 6.6
-4.14355 6.5
-4.1433 6.3
-4.14306 6.2
-4.14282 6.0
-4.14257 5.9
-4.14233 5.7
-4.14208 5.5
-4.14184 5.3
-4.1416 5.1
-4.14135 4.9
-4.14111 4.6
-4.14086 4.4
-4.14062 4.2
-4.14038 3.9
-4.14013 3.6
-4.13989 3.4
-4.13964 3.1
-4.1394 2.8
-4.13915 2.5
-4.13891 2.2
-4.13867 1.9
-4.13842 1.6
-4.13818 1.3
-4.13793 1.0
-4.13769 0.7
-4.13745 0.4
-4.1372 0.0
-4.13696 -0.2
-4.13671 -0.5
-4.13647 -0.8
-4.13622 -1.2
-4.13598 -1.5
-4.13574 -1.8
-4.13549 -2.1
-4.13525 -2.4
-4.135 -2.6
-4.13476 -2.9
-4.13452 -3.2
-4.13427 -3.5
-4.13403 -3.8
-4.13378 -4.0
-4.13354 -4.3
-4.1333 -4.5
-4.13305 -4.7
-4.13281 -5.0
-4.13256 -5.2
-4.13232 -5.4
-4.13207 -5.6
-4.13183 -5.8
-4.13159 -5.9
-4.13134 -6.1
-4.1311 -6.3
-4.13085 -6.4
-4.13061 -6.5
-4.13037 -6.6
-4.13012 -6.7
-4.12988 -6.8
-4.12963 -6.9
-4.12939 -6.9
-4.12914 -7.0
-4.1289 -7.0
-4.12866 -7.0
-4.12841 -7.0
-4.12817 -7.0
-4.12792 -7.0
-4.12768 -7.0
-4.12744 -6.9
-4.12719 -6.9
-4.12695 -6.8
-4.1267 -6.7
-4.12646 -6.6
-4.12621 -6.5
-4.12597 -6.3
-4.12573 -6.2
-4.12548 -6.0
-4.12524 -5.9
-4.12499 -5.7
-4.12475 -5.5
-4.12451 -5.3
-4.12426 -5.1
-4.12402 -4.9
-4.12377 -4.7
-4.12353 -4.4
-4.12329 -4.2
-4.12304 -3.9
-4.1228 -3.7
-4.12255 -3.4
-4.12231 -3.1
-4.12206 -2.8
-4.12182 -2.5
-4.12158 -2.2
-4.12133 -1.9
-4.12109 -1.6
-4.12084 -1.3
-4.1206 -1.0
-4.12036 -0.7
-4.12011 -0.4
-4.11987 0.0
-4.11962 0.2
-4.11938 0.5
-4.11913 0.8
-4.11889 1.1
-4.11865 1.5
-4.1184 1.8
-4.11816 2.1
-4.11791 2.4
-4.11767 2.6
-4.11743 2.9
-4.11718 3.2
-4.11694 3.5
-4.11669 3.8
-4.11645 4.0
-4.11621 4.3
-4.11596 4.5
-4.11572 4.7
-4.11547 5.0
-4.11523 5.2
-4.11498 5.4
-4.11474 5.6
-4.1145 5.8
-4.11425 6.0
-4.11401 6.1
-4.11376 6.3
-4.11352 6.4
-4.11328 6.5
-4.11303 6.6
-4.11279 6.7
-4.11254 6.8
-4.1123 6.9
-4.11205 7.0
-4.11181 7.0
-4.11157 7.0
-4.11132 7.0
-4.11108 7.1
-4.11083 7.0
-4.11059 7.0
-4.11035 7.0
-4.1101 6.9
-4.10986 6.9
-4.10961 6.8
-4.10937 6.7
-4.10913 6.6
-4.10888 6.5
-4.10864 6.3
-4.10839 6.2
-4.10815 6.1
-4.1079 5.9
-4.10766 5.7
-4.10742 5.5
-4.10717 5.3
-4.10693 5.1
-4.10668 4.9
-4.10644 4.7
-4.1062 4.4
-4.10595 4.2
-4.10571 3.9
-4.10546 3.6
-4.10522 3.4
-4.10497 3.1
-4.10473 2.8
-4.10449 2.5
-4.10424 2.2
-4.104 1.9
-4.10375 1.6
-4.10351 1.3
-4.10327 1.0
-4.10302 0.7
-4.10278 0.4
-4.10253 0.0
-4.10229 -0.2
-4.10205 -0.5
-4.1018 -0.9
-4.10156 -1.2
-4.10131 -1.5
-4.10107 -1.8
-4.10082 -2.1
-4.10058 -2.4
-4.10034 -2.7
-4.10009 -3.0
-4.09985 -3.2
-4.0996 -3.5
-4.09936 -3.8
-4.09912 -4.0
-4.09887 -4.3
-4.09863 -4.5
-4.09838 -4.8
-4.09814 -5.0
-4.09789 -5.2
-4.09765 -5.4
-4.09741 -5.6
-4.09716 -5.8
-4.09692 -6.0
-4.09667 -6.1
-4.09643 -6.3
-4.09619 -6.4
-4.09594 -6.5
-4.0957 -6.7
-4.09545 -6.8
-4.09521 -6.8
-4.09496 -6.9
-4.09472 -7.0
-4.09448 -7.0
-4.09423 -7.0
-4.09399 -7.1
-4.09374 -7.1
-4.0935 -7.0
-4.09326 -7.0
-4.09301 -7.0
-4.09277 -6.9
-4.09252 -6.9
-4.09228 -6.8
-4.09204 -6.7
-4.09179 -6.6
-4.09155 -6.5
-4.0913 -6.3
-4.09106 -6.2
-4.09081 -6.0
-4.09057 -5.9
-4.09033 -5.7
-4.09008 -5.5
-4.08984 -5.3
-4.08959 -5.1
-4.08935 -4.9
-4.08911 -4.6
-4.08886 -4.4
-4.08862 -4.1
-4.08837 -3.9
-4.08813 -3.6
-4.08788 -3.3
-4.08764 -3.1
-4.0874 -2.8
-4.08715 -2.5
-4.08691 -2.2
-4.08666 -1.9
-4.08642 -1.6
-4.08618 -1.3
-4.08593 -1.0
-4.08569 -0.6
-4.08544 -0.3
-4.0852 0.0
-4.08496 0.3
-4.08471 0.6
-4.08447 0.9
-4.08422 1.2
-4.08398 1.5
-4.08373 1.8
-4.08349 2.1
-4.08325 2.4
-4.083 2.7
-4.08276 3.0
-4.08251 3.3
-4.08227 3.6
-4.08203 3.8
-4.08178 4.1
-4.08154 4.3
-4.08129 4.6
-4.08105 4.8
-4.0808 5.1
-4.08056 5.3
-4.08032 5.5
-4.08007 5.7
-4.07983 5.8
-4.07958 6.0
-4.07934 6.2
-4.0791 6.3
-4.07885 6.5
-4.07861 6.6
-4.07836 6.7
-4.07812 6.8
-4.07788 6.9
-4.07763 6.9
-4.07739 7.0
-4.07714 7.0
-4.0769 7.1
-4.07665 7.1
-4.07641 7.1
-4.07617 7.1
-4.07592 7.0
-4.07568 7.0
-4.07543 6.9
-4.07519 6.9
-4.07495 6.8
-4.0747 6.7
-4.07446 6.6
-4.07421 6.4
-4.07397 6.3
-4.07372 6.2
-4.07348 6.0
-4.07324 5.8
-4.07299 5.6
-4.07275 5.4
-4.0725 5.2
-4.07226 5.0
-4.07202 4.8
-4.07177 4.6
-4.07153 4.3
-4.07128 4.1
-4.07104 3.8
-4.0708 3.5
-4.07055 3.3
-4.07031 3.0
-4.07006 2.7
-4.06982 2.4
-4.06957 2.1
-4.06933 1.8
-4.06909 1.5
-4.06884 1.2
-4.0686 0.9
-4.06835 0.6
-4.06811 0.2
-4.06787 0.0
-4.06762 -0.4
-4.06738 -0.7
-4.06713 -1.0
-4.06689 -1.3
-4.06664 -1.6
-4.0664 -1.9
-4.06616 -2.2
-4.06591 -2.5
-4.06567 -2.8
-4.06542 -3.1
-4.06518 -3.4
-4.06494 -3.7
-4.06469 -3.9
-4.06445 -4.2
-4.0642 -4.4
-4.06396 -4.7
-4.06371 -4.9
-4.06347 -5.1
-4.06323 -5.3
-4.06298 -5.5
-4.06274 -5.7
-4.06249 -5.9
-4.06225 -6.1
-4.06201 -6.2
-4.06176 -6.4
-4.06152 -6.5
-4.06127 -6.6
-4.06103 -6.7
-4.06079 -6.8
-4.06054 -6.9
-4.0603 -7.0
-4.06005 -7.0
-4.05981 -7.0
-4.05956 -7.1
-4.05932 -7.1
-4.05908 -7.1
-4.05883 -7.1
-4.05859 -7.0
-4.05834 -7.0
-4.0581 -6.9
-4.05786 -6.8
-4.05761 -6.7
-4.05737 -6.6
-4.05712 -6.5
-4.05688 -6.4
-4.05663 -6.3
-4.05639 -6.1
-4.05615 -5.9
-4.0559 -5.8
-4.05566 -5.6
-4.05541 -5.4
-4.05517 -5.2
-4.05493 -4.9
-4.05468 -4.7
-4.05444 -4.5
-4.05419 -4.2
-4.05395 -4.0
-4.05371 -3.7
-4.05346 -3.4
-4.05322 -3.2
-4.05297 -2.9
-4.05273 -2.6
-4.05248 -2.3
-4.05224 -2.0
-4.052 -1.7
-4.05175 -1.4
-4.05151 -1.1
-4.05126 -0.7
-4.05102 -0.4
-4.05078 -0.1
-4.05053 0.2
-4.05029 0.5
-4.05004 0.8
-4.0498 1.1
-4.04955 1.4
-4.04931 1.8
-4.04907 2.1
-4.04882 2.4
-4.04858 2.7
-4.04833 2.9
-4.04809 3.2
-4.04785 3.5
-4.0476 3.8
-4.04736 4.0
-4.04711 4.3
-4.04687 4.5
-4.04663 4.8
-4.04638 5.0
-4.04614 5.2
-4.04589 5.4
-4.04565 5.6
-4.0454 5.8
-4.04516 6.0
-4.04492 6.2
-4.04467 6.3
-4.04443 6.4
-4.04418 6.6
-4.04394 6.7
-4.0437 6.8
-4.04345 6.9
-4.04321 6.9
-4.04296 7.0
-4.04272 7.0
-4.04247 7.1
-4.04223 7.1
-4.04199 7.1
-4.04174 7.1
-4.0415 7.0
-4.04125 7.0
-4.04101 6.9
-4.04077 6.9
-4.04052 6.8
-4.04028 6.7
-4.04003 6.6
-4.03979 6.5
-4.03955 6.3
-4.0393 6.2
-4.03906 6.0
-4.03881 5.9
-4.03857 5.7
-4.03832 5.5
-4.03808 5.3
-4.03784 5.1
-4.03759 4.8
-4.03735 4.6
-4.0371 4.4
-4.03686 4.1
-4.03662 3.8
-4.03637 3.6
-4.03613 3.3
-4.03588 3.0
-4.03564 2.7
-4.03539 2.4
-4.03515 2.1
-4.03491 1.8
-4.03466 1.5
-4.03442 1.2
-4.03417 0.9
-4.03393 0.6
-4.03369 0.3
-4.03344 0.0
-4.0332 -0.4
-4.03295 -0.7
-4.03271 -1.0
-4.03246 -1.3
-4.03222 -1.6
-4.03198 -1.9
-4.03173 -2.2
-4.03149 -2.5
-4.03124 -2.8
-4.031 -3.1
-4.03076 -3.4
-4.03051 -3.7
-4.03027 -3.9
-4.03002 -4.2
-4.02978 -4.4
-4.02954 -4.7
-4.02929 -4.9
-4.02905 -5.1
-4.0288 -5.3
-4.02856 -5.5
-4.02831 -5.7
-4.02807 -5.9
-4.02783 -6.1
-4.02758 -6.2
-4.02734 -6.4
-4.02709 -6.5
-4.02685 -6.6
-4.02661 -6.7
-4.02636 -6.8
-4.02612 -6.9
-4.02587 -7.0
-4.02563 -7.0
-4.02538 -7.1
-4.02514 -7.1
-4.0249 -7.1
-4.02465 -7.1
-4.02441 -7.1
-4.02416 -7.0
-4.02392 -7.0
-4.02368 -6.9
-4.02343 -6.8
-4.02319 -6.8
-4.02294 -6.7
-4.0227 -6.5
-4.02246 -6.4
-4.02221 -6.3
-4.02197 -6.1
-4.02172 -5.9
-4.02148 -5.8
-4.02123 -5.6
-4.02099 -5.4
-4.02075 -5.2
-4.0205 -4.9
-4.02026 -4.7
-4.02001 -4.5
-4.01977 -4.2
-4.01953 -4.0
-4.01928 -3.7
-4.01904 -3.4
-4.01879 -3.1
-4.01855 -2.8
-4.0183 -2.6
-4.01806 -2.3
-4.01782 -2.0
-4.01757 -1.6
-4.01733 -1.3
-4.01708 -1.0
-4.01684 -0.7
-4.0166 -0.4
-4.01635 0.0
-4.01611 0.2
-4.01586 0.6
-4.01562 0.9
-4.01538 1.2
-4.01513 1.5
-4.01489 1.8
-4.01464 2.1
-4.0144 2.4
-4.01415 2.7
-4.01391 3.0
-4.01367 3.3
-4.01342 3.6
-4.01318 3.8
-4.01293 4.1
-4.01269 4.3
-4.01245 4.6
-4.0122 4.8
-4.01196 5.1
-4.01171 5.3
-4.01147 5.5
-4.01122 5.7
-4.01098 5.9
-4.01074 6.0
-4.01049 6.2
-4.01025 6.3
-4.01 6.5
-4.00976 6.6
-4.00952 6.7
-4.00927 6.8
-4.00903 6.9
-4.00878 7.0
-4.00854 7.0
-4.0083 7.1
-4.00805 7.1
-4.00781 7.1
-4.00756 7.1
-4.00732 7.1
-4.00707 7.0
-4.00683 7.0
-4.00659 6.9
-4.00634 6.9
-4.0061 6.8
-4.00585 6.7
-4.00561 6.6
-4.00537 6.5
-4.00512 6.3
-4.00488 6.2
-4.00463 6.0
-4.00439 5.8
-4.00414 5.6
-4.0039 5.4
-4.00366 5.2
-4.00341 5.0
-4.00317 4.8
-4.00292 4.5
-4.00268 4.3
-4.00244 4.0
-4.00219 3.8
-4.00195 3.5
-4.0017 3.2
-4.00146 2.9
-4.00121 2.6
-4.00097 2.3
-4.00073 2.0
-4.00048 1.7
-4.00024 1.4
-3.99999 1.1
-3.99975 0.8
-3.99951 0.5
-3.99926 0.2
-3.99902 -0.2
-3.99877 -0.5
-3.99853 -0.8
-3.99829 -1.1
-3.99804 -1.4
-3.9978 -1.7
-3.99755 -2.0
-3.99731 -2.3
-3.99706 -2.6
-3.99682 -2.9
-3.99658 -3.2
-3.99633 -3.5
-3.99609 -3.8
-3.99584 -4.0
-3.9956 -4.3
-3.99536 -4.5
-3.99511 -4.8
-3.99487 -5.0
-3.99462 -5.2
-3.99438 -5.4
-3.99413 -5.6
-3.99389 -5.8
-3.99365 -6.0
-3.9934 -6.2
-3.99316 -6.3
-3.99291 -6.5
-3.99267 -6.6
-3.99243 -6.7
-3.99218 -6.8
-3.99194 -6.9
-3.99169 -7.0
-3.99145 -7.0
-3.99121 -7.1
-3.99096 -7.1
-3.99072 -7.1
-3.99047 -7.1
-3.99023 -7.1
-3.98998 -7.1
-3.98974 -7.0
-3.9895 -7.0
-3.98925 -6.9
-3.98901 -6.8
-3.98876 -6.7
-3.98852 -6.6
-3.98828 -6.5
-3.98803 -6.3
-3.98779 -6.2
-3.98754 -6.0
-3.9873 -5.9
-3.98705 -5.7
-3.98681 -5.5
-3.98657 -5.3
-3.98632 -5.1
-3.98608 -4.8
-3.98583 -4.6
-3.98559 -4.3
-3.98535 -4.1
-3.9851 -3.8
-3.98486 -3.5
-3.98461 -3.3
-3.98437 -3.0
-3.98413 -2.7
-3.98388 -2.4
-3.98364 -2.1
-3.98339 -1.8
-3.98315 -1.5
-3.9829 -1.2
-3.98266 -0.8
-3.98242 -0.5
-3.98217 -0.2
-3.98193 0.1
-3.98168 0.4
-3.98144 0.7
-3.9812 1.1
-3.98095 1.4
-3.98071 1.7
-3.98046 2.0
-3.98022 2.3
-3.97997 2.6
-3.97973 2.9
-3.97949 3.2
-3.97924 3.5
-3.979 3.7
-3.97875 4.0
-3.97851 4.3
-3.97827 4.5
-3.97802 4.8
-3.97778 5.0
-3.97753 5.2
-3.97729 5.4
-3.97705 5.6
-3.9768 5.8
-3.97656 6.0
-3.97631 6.2
-3.97607 6.3
-3.97582 6.4
-3.97558 6.6
-3.97534 6.7
-3.97509 6.8
-3.97485 6.9
-3.9746 7.0
-3.97436 7.0
-3.97412 7.1
-3.97387 7.1
-3.97363 7.1
-3.97338 7.1
-3.97314 7.1
-3.97289 7.1
-3.97265 7.0
-3.97241 7.0
-3.97216 6.9
-3.97192 6.8
-3.97167 6.7
-3.97143 6.6
-3.97119 6.5
-3.97094 6.4
-3.9707 6.2
-3.97045 6.1
-3.97021 5.9
-3.96996 5.7
-3.96972 5.5
-3.96948 5.3
-3.96923 5.1
-3.96899 4.8
-3.96874 4.6
-3.9685 4.4
-3.96826 4.1
-3.96801 3.8
-3.96777 3.6
-3.96752 3.3
-3.96728 3.0
-3.96704 2.7
-3.96679 2.4
-3.96655 2.1
-3.9663 1.8
-3.96606 1.5
-3.96581 1.2
-3.96557 0.9
-3.96533 0.5
-3.96508 0.2
-3.96484 0.0
-3.96459 -0.4
-3.96435 -0.7
-3.96411 -1.0
-3.96386 -1.4
-3.96362 -1.7
-3.96337 -2.0
-3.96313 -2.3
-3.96288 -2.6
-3.96264 -2.9
-3.9624 -3.2
-3.96215 -3.5
-3.96191 -3.7
-3.96166 -4.0
-3.96142 -4.3
-3.96118 -4.5
-3.96093 -4.8
-3.96069 -5.0
-3.96044 -5.2
-3.9602 -5.4
-3.95996 -5.6
-3.95971 -5.8
-3.95947 -6.0
-3.95922 -6.2
-3.95898 -6.3
-3.95873 -6.5
-3.95849 -6.6
-3.95825 -6.7
-3.958 -6.8
-3.95776 -6.9
-3.95751 -7.0
-3.95727 -7.0
-3.95703 -7.1
-3.95678 -7.1
-3.95654 -7.1
-3.95629 -7.1
-3.95605 -7.1
-3.9558 -7.1
-3.95556 -7.0
-3.95532 -7.0
-3.95507 -6.9
-3.95483 -6.8
-3.95458 -6.7
-3.95434 -6.6
-3.9541 -6.5
-3.95385 -6.4
-3.95361 -6.2
-3.95336 -6.1
-3.95312 -5.9
-3.95288 -5.7
-3.95263 -5.5
-3.95239 -5.3
-3.95214 -5.1
-3.9519 -4.8
-3.95165 -4.6
-3.95141 -4.4
-3.95117 -4.1
-3.95092 -3.8
-3.95068 -3.6
-3.95043 -3.3
-3.95019 -3.0
-3.94995 -2.7
-3.9497 -2.4
-3.94946 -2.1
-3.94921 -1.8
-3.94897 -1.5
-3.94872 -1.2
-3.94848 -0.8
-3.94824 -0.5
-3.94799 -0.2
-3.94775 0.1
-3.9475 0.4
-3.94726 0.8
-3.94702 1.1
-3.94677 1.4
-3.94653 1.7
-3.94628 2.0
-3.94604 2.3
-3.9458 2.6
-3.94555 2.9
-3.94531 3.2
-3.94506 3.5
-3.94482 3.8
-3.94457 4.0
-3.94433 4.3
-3.94409 4.5
-3.94384 4.8
-3.9436 5.0
-3.94335 5.2
-3.94311 5.4
-3.94287 5.6
-3.94262 5.8
-3.94238 6.0
-3.94213 6.2
-3.94189 6.3
-3.94164 6.5
-3.9414 6.6
-3.94116 6.7
-3.94091 6.8
-3.94067 6.9
-3.94042 7.0
-3.94018 7.0
-3.93994 7.1
-3.93969 7.1
-3.93945 7.1
-3.9392 7.1
-3.93896 7.1
-3.93871 7.1
-3.93847 7.0
-3.93823 7.0
-3.93798 6.9
-3.93774 6.8
-3.93749 6.7
-3.93725 6.6
-3.93701 6.5
-3.93676 6.4
-3.93652 6.2
-3.93627 6.0
-3.93603 5.9
-3.93579 5.7
-3.93554 5.5
-3.9353 5.3
-3.93505 5.0
-3.93481 4.8
-3.93456 4.6
-3.93432 4.3
-3.93408 4.1
-3.93383 3.8
-3.93359 3.5
-3.93334 3.2
-3.9331 2.9
-3.93286 2.7
-3.93261 2.4
-3.93237 2.0
-3.93212 1.7
-3.93188 1.4
-3.93163 1.1
-3.93139 0.8
-3.93115 0.5
-3.9309 0.2
-3.93066 -0.2
-3.93041 -0.5
-3.93017 -0.8
-3.92993 -1.1
-3.92968 -1.4
-3.92944 -1.8
-3.92919 -2.1
-3.92895 -2.4
-3.92871 -2.7
-3.92846 -3.0
-3.92822 -3.3
-3.92797 -3.5
-3.92773 -3.8
-3.92748 -4.1
-3.92724 -4.3
-3.927 -4.6
-3.92675 -4.8
-3.92651 -5.1
-3.92626 -5.3
-3.92602 -5.5
-3.92578 -5.7
-3.92553 -5.9
-3.92529 -6.1
-3.92504 -6.2
-3.9248 -6.4
-3.92455 -6.5
-3.92431 -6.6
-3.92407 -6.7
-3.92382 -6.8
-3.92358 -6.9
-3.92333 -7.0
-3.92309 -7.1
-3.92285 -7.1
-3.9226 -7.1
-3.92236 -7.1
-3.92211 -7.1
-3.92187 -7.1
-3.92163 -7.1
-3.92138 -7.0
-3.92114 -7.0
-3.92089 -6.9
-3.92065 -6.8
-3.9204 -6.7
-3.92016 -6.6
-3.91992 -6.5
-3.91967 -6.3
-3.91943 -6.2
-3.91918 -6.0
-3.91894 -5.8
-3.9187 -5.6
-3.91845 -5.4
-3.91821 -5.2
-3.91796 -5.0
-3.91772 -4.8
-3.91747 -4.5
-3.91723 -4.3
-3.91699 -4.0
-3.91674 -3.7
-3.9165 -3.4
-3.91625 -3.2
-3.91601 -2.9
-3.91577 -2.6
-3.91552 -2.3
-3.91528 -2.0
-3.91503 -1.7
-3.91479 -1.3
-3.91455 -1.0
-3.9143 -0.7
-3.91406 -0.4
-3.91381 0.0
-3.91357 0.3
-3.91332 0.6
-3.91308 0.9
-3.91284 1.2
-3.91259 1.5
-3.91235 1.9
-3.9121 2.2
-3.91186 2.5
-3.91162 2.8
-3.91137 3.1
-3.91113 3.3
-3.91088 3.6
-3.91064 3.9
-3.91039 4.2
-3.91015 4.4
-3.90991 4.7
-3.90966 4.9
-3.90942 5.1
-3.90917 5.4
-3.90893 5.6
-3.90869 5.8
-3.90844 5.9
-3.9082 6.1
-3.90795 6.3
-3.90771 6.4
-3.90746 6.6
-3.90722 6.7
-3.90698 6.8
-3.90673 6.9
-3.90649 7.0
-3.90624 7.0
-3.906 7.1
-3.90576 7.1
-3.90551 7.1
-3.90527 7.1
-3.90502 7.1
-3.90478 7.1
-3.90454 7.1
-3.90429 7.0
-3.90405 7.0
-3.9038 6.9
-3.90356 6.8
-3.90331 6.7
-3.90307 6.6
-3.90283 6.4
-3.90258 6.3
-3.90234 6.1
-3.90209 5.9
-3.90185 5.8
-3.90161 5.6
-3.90136 5.4
-3.90112 5.1
-3.90087 4.9
-3.90063 4.7
-3.90038 4.4
-3.90014 4.2
-3.8999 3.9
-3.89965 3.6
-3.89941 3.3
-3.89916 3.1
-3.89892 2.8
-3.89868 2.5
-3.89843 2.2
-3.89819 1.8
-3.89794 1.5
-3.8977 1.2
-3.89746 0.9
-3.89721 0.6
-3.89697 0.3
-3.89672 0.0
-3.89648 -0.4
-3.89623 -0.7
-3.89599 -1.0
-3.89575 -1.4
-3.8955 -1.7
-3.89526 -2.0
-3.89501 -2.3
-3.89477 -2.6
-3.89453 -2.9
-3.89428 -3.2
-3.89404 -3.5
-3.89379 -3.7
-3.89355 -4.0
-3.8933 -4.3
-3.89306 -4.5
-3.89282 -4.8
-3.89257 -5.0
-3.89233 -5.2
-3.89208 -5.5
-3.89184 -5.7
-3.8916 -5.9
-3.89135 -6.0
-3.89111 -6.2
-3.89086 -6.4
-3.89062 -6.5
-3.89038 -6.6
-3.89013 -6.7
-3.88989 -6.8
-3.88964 -6.9
-3.8894 -7.0
-3.88915 -7.1
-3.88891 -7.1
-3.88867 -7.1
-3.88842 -7.1
-3.88818 -7.1
-3.88793 -7.1
-3.88769 -7.1
-3.88745 -7.1
-3.8872 -7.0
-3.88696 -6.9
-3.88671 -6.8
-3.88647 -6.7
-3.88622 -6.6
-3.88598 -6.5
-3.88574 -6.4
-3.88549 -6.2
-3.88525 -6.0
-3.885 -5.9
-3.88476 -5.7
-3.88452 -5.5
-3.88427 -5.3
-3.88403 -5.0
-3.88378 -4.8
-3.88354 -4.6
-3.8833 -4.3
-3.88305 -4.0
-3.88281 -3.8
-3.88256 -3.5
-3.88232 -3.2
-3.88207 -2.9
-3.88183 -2.6
-3.88159 -2.3
-3.88134 -2.0
-3.8811 -1.7
-3.88085 -1.4
-3.88061 -1.1
-3.88037 -0.7
-3.88012 -0.4
-3.87988 0.0
-3.87963 0.2
-3.87939 0.6
-3.87914 0.9
-3.8789 1.2
-3.87866 1.5
-3.87841 1.8
-3.87817 2.1
-3.87792 2.5
-3.87768 2.8
-3.87744 3.0
-3.87719 3.3
-3.87695 3.6
-3.8767 3.9
-3.87646 4.2
-3.87621 4.4
-3.87597 4.7
-3.87573 4.9
-3.87548 5.1
-3.87524 5.4
-3.87499 5.6
-3.87475 5.8
-3.87451 6.0
-3.87426 6.1
-3.87402 6.3
-3.87377 6.4
-3.87353 6.6
-3.87329 6.7
-3.87304 6.8
-3.8728 6.9
-3.87255 7.0
-3.87231 7.0
-3.87206 7.1
-3.87182 7.1
-3.87158 7.1
-3.87133 7.2
-3.87109 7.1
-3.87084 7.1
-3.8706 7.1
-3.87036 7.0
-3.87011 7.0
-3.86987 6.9
-3.86962 6.8
-3.86938 6.7
-3.86913 6.6
-3.86889 6.4
-3.86865 6.3
-3.8684 6.1
-3.86816 5.9
-3.86791 5.8
-3.86767 5.6
-3.86743 5.4
-3.86718 5.1
-3.86694 4.9
-3.86669 4.7
-3.86645 4.4
-3.86621 4.1
-3.86596 3.9
-3.86572 3.6
-3.86547 3.3
-3.86523 3.0
-3.86498 2.7
-3.86474 2.4
-3.8645 2.1
-3.86425 1.8
-3.86401 1.5
-3.86376 1.2
-3.86352 0.9
-3.86328 0.5
-3.86303 0.2
-3.86279 -0.1
-3.86254 -0.4
-3.8623 -0.8
-3.86205 -1.1
-3.86181 -1.4
-3.86157 -1.7
-3.86132 -2.0
-3.86108 -2.3
-3.86083 -2.6
-3.86059 -2.9
-3.86035 -3.2
-3.8601 -3.5
-3.85986 -3.8
-3.85961 -4.1
-3.85937 -4.3
-3.85913 -4.6
-3.85888 -4.8
-3.85864 -5.1
-3.85839 -5.3
-3.85815 -5.5
-3.8579 -5.7
-3.85766 -5.9
-3.85742 -6.1
-3.85717 -6.2
-3.85693 -6.4
-3.85668 -6.5
-3.85644 -6.7
-3.8562 -6.8
-3.85595 -6.9
-3.85571 -7.0
-3.85546 -7.0
-3.85522 -7.1
-3.85497 -7.1
-3.85473 -7.2
-3.85449 -7.2
-3.85424 -7.2
-3.854 -7.1
-3.85375 -7.1
-3.85351 -7.1
-3.85327 -7.0
-3.85302 -6.9
-3.85278 -6.8
-3.85253 -6.7
-3.85229 -6.6
-3.85205 -6.5
-3.8518 -6.3
-3.85156 -6.2
-3.85131 -6.0
-3.85107 -5.8
-3.85082 -5.6
-3.85058 -5.4
-3.85034 -5.2
-3.85009 -5.0
-3.84985 -4.7
-3.8496 -4.5
-3.84936 -4.2
-3.84912 -4.0
-3.84887 -3.7
-3.84863 -3.4
-3.84838 -3.1
-3.84814 -2.8
-3.84789 -2.5
-3.84765 -2.2
-3.84741 -1.9
-3.84716 -1.6
-3.84692 -1.3
-3.84667 -0.9
-3.84643 -0.6
-3.84619 -0.3
-3.84594 0.0
-3.8457 0.4
-3.84545 0.7
-3.84521 1.0
-3.84496 1.3
-3.84472 1.6
-3.84448 2.0
-3.84423 2.3
-3.84399 2.6
-3.84374 2.9
-3.8435 3.2
-3.84326 3.5
-3.84301 3.7
-3.84277 4.0
-3.84252 4.3
-3.84228 4.5
-3.84204 4.8
-3.84179 5.0
-3.84155 5.2
-3.8413 5.5
-3.84106 5.7
-3.84081 5.9
-3.84057 6.0
-3.84033 6.2
-3.84008 6.4
-3.83984 6.5
-3.83959 6.6
-3.83935 6.8
-3.83911 6.9
-3.83886 6.9
-3.83862 7.0
-3.83837 7.1
-3.83813 7.1
-3.83788 7.2
-3.83764 7.2
-3.8374 7.2
-3.83715 7.2
-3.83691 7.1
-3.83666 7.1
-3.83642 7.0
-3.83618 6.9
-3.83593 6.9
-3.83569 6.8
-3.83544 6.6
-3.8352 6.5
-3.83496 6.4
-3.83471 6.2
-3.83447 6.0
-3.83422 5.9
-3.83398 5.7
-3.83373 5.5
-3.83349 5.3
-3.83325 5.0
-3.833 4.8
-3.83276 4.5
-3.83251 4.3
-3.83227 4.0
-3.83203 3.7
-3.83178 3.5
-3.83154 3.2
-3.83129 2.9
-3.83105 2.6
-3.8308 2.3
-3.83056 2.0
-3.83032 1.6
-3.83007 1.3
-3.82983 1.0
-3.82958 0.7
-3.82934 0.3
-3.8291 0.0
-3.82885 -0.3
-3.82861 -0.6
-3.82836 -1.0
-3.82812 -1.3
-3.82788 -1.6
-3.82763 -1.9
-3.82739 -2.2
-3.82714 -2.5
-3.8269 -2.8
-3.82665 -3.1
-3.82641 -3.4
-3.82617 -3.7
-3.82592 -4.0
-3.82568 -4.2
-3.82543 -4.5
-3.82519 -4.8
-3.82495 -5.0
-3.8247 -5.2
-3.82446 -5.4
-3.82421 -5.7
-3.82397 -5.8
-3.82372 -6.0
-3.82348 -6.2
-3.82324 -6.4
-3.82299 -6.5
-3.82275 -6.6
-3.8225 -6.8
-3.82226 -6.9
-3.82202 -6.9
-3.82177 -7.0
-3.82153 -7.1
-3.82128 -7.1
-3.82104 -7.2
-3.8208 -7.2
-3.82055 -7.2
-3.82031 -7.2
-3.82006 -7.1
-3.81982 -7.1
-3.81957 -7.0
-3.81933 -7.0
-3.81909 -6.9
-3.81884 -6.8
-3.8186 -6.7
-3.81835 -6.5
-3.81811 -6.4
-3.81787 -6.2
-3.81762 -6.1
-3.81738 -5.9
-3.81713 -5.7
-3.81689 -5.5
-3.81664 -5.3
-3.8164 -5.0
-3.81616 -4.8
-3.81591 -4.6
-3.81567 -4.3
-3.81542 -4.0
-3.81518 -3.8
-3.81494 -3.5
-3.81469 -3.2
-3.81445 -2.9
-3.8142 -2.6
-3.81396 -2.3
-3.81371 -2.0
-3.81347 -1.7
-3.81323 -1.3
-3.81298 -1.0
-3.81274 -0.7
-3.81249 -0.4
-3.81225 0.0
-3.81201 0.3
-3.81176 0.6
-3.81152 0.9
-3.81127 1.3
-3.81103 1.6
-3.81079 1.9
-3.81054 2.2
-3.8103 2.5
-3.81005 2.8
-3.80981 3.1
-3.80956 3.4
-3.80932 3.7
-3.80908 4.0
-3.80883 4.2
-3.80859 4.5
-3.80834 4.8
-3.8081 5.0
-3.80786 5.2
-3.80761 5.4
-3.80737 5.7
-3.80712 5.9
-3.80688 6.0
-3.80663 6.2
-3.80639 6.4
-3.80615 6.5
-3.8059 6.6
-3.80566 6.8
-3.80541 6.9
-3.80517 7.0
-3.80493 7.0
-3.80468 7.1
-3.80444 7.1
-3.80419 7.2
-3.80395 7.2
-3.80371 7.2
-3.80346 7.2
-3.80322 7.1
-3.80297 7.1
-3.80273 7.0
-3.80248 7.0
-3.80224 6.9
-3.802 6.8
-3.80175 6.7
-3.80151 6.5
-3.80126 6.4
-3.80102 6.2
-3.80078 6.1
-3.80053 5.9
-3.80029 5.7
-3.80004 5.5
-3.7998 5.3
-3.79955 5.0
-3.79931 4.8
-3.79907 4.6
-3.79882 4.3
-3.79858 4.0
-3.79833 3.8
-3.79809 3.5
-3.79785 3.2
-3.7976 2.9
-3.79736 2.6
-3.79711 2.3
-3.79687 2.0
-3.79663 1.6
-3.79638 1.3
-3.79614 1.0
-3.79589 0.7
-3.79565 0.3
-3.7954 0.0
-3.79516 -0.3
-3.79492 -0.6
-3.79467 -1.0
-3.79443 -1.3
-3.79418 -1.6
-3.79394 -1.9
-3.7937 -2.2
-3.79345 -2.6
-3.79321 -2.9
-3.79296 -3.2
-3.79272 -3.4
-3.79247 -3.7
-3.79223 -4.0
-3.79199 -4.3
-3.79174 -4.5
-3.7915 -4.8
-3.79125 -5.0
-3.79101 -5.3
-3.79077 -5.5
-3.79052 -5.7
-3.79028 -5.9
-3.79003 -6.1
-3.78979 -6.2
-3.78955 -6.4
-3.7893 -6.5
-3.78906 -6.7
-3.78881 -6.8
-3.78857 -6.9
-3.78832 -7.0
-3.78808 -7.0
-3.78784 -7.1
-3.78759 -7.1
-3.78735 -7.2
-3.7871 -7.2
-3.78686 -7.2
-3.78662 -7.2
-3.78637 -7.1
-3.78613 -7.1
-3.78588 -7.0
-3.78564 -7.0
-3.78539 -6.9
-3.78515 -6.8
-3.78491 -6.7
-3.78466 -6.5
-3.78442 -6.4
-3.78417 -6.2
-3.78393 -6.0
-3.78369 -5.9
-3.78344 -5.7
-3.7832 -5.5
-3.78295 -5.2
-3.78271 -5.0
-3.78246 -4.8
-3.78222 -4.5
-3.78198 -4.3
-3.78173 -4.0
-3.78149 -3.7
-3.78124 -3.4
-3.781 -3.1
-3.78076 -2.8
-3.78051 -2.5
-3.78027 -2.2
-3.78002 -1.9
-3.77978 -1.6
-3.77954 -1.3
-3.77929 -0.9
-3.77905 -0.6
-3.7788 -0.3
-3.77856 0.0
-3.77831 0.4
-3.77807 0.7
-3.77783 1.0
-3.77758 1.4
-3.77734 1.7
-3.77709 2.0
-3.77685 2.3
-3.77661 2.6
-3.77636 2.9
-3.77612 3.2
-3.77587 3.5
-3.77563 3.8
-3.77538 4.1
-3.77514 4.3
-3.7749 4.6
-3.77465 4.8
-3.77441 5.1
-3.77416 5.3
-3.77392 5.5
-3.77368 5.7
-3.77343 5.9
-3.77319 6.1
-3.77294 6.3
-3.7727 6.4
-3.77246 6.6
-3.77221 6.7
-3.77197 6.8
-3.77172 6.9
-3.77148 7.0
-3.77123 7.1
-3.77099 7.1
-3.77075 7.2
-3.7705 7.2
-3.77026 7.2
-3.77001 7.2
-3.76977 7.2
-3.76953 7.1
-3.76928 7.1
-3.76904 7.0
-3.76879 7.0
-3.76855 6.9
-3.7683 6.8
-3.76806 6.6
-3.76782 6.5
-3.76757 6.3
-3.76733 6.2
-3.76708 6.0
-3.76684 5.8
-3.7666 5.6
-3.76635 5.4
-3.76611 5.2
-3.76586 4.9
-3.76562 4.7
-3.76538 4.5
-3.76513 4.2
-3.76489 3.9
-3.76464 3.6
-3.7644 3.3
-3.76415 3.0
-3.76391 2.7
-3.76367 2.4
-3.76342 2.1
-3.76318 1.8
-3.76293 1.5
-3.76269 1.2
-3.76245 0.8
-3.7622 0.5
-3.76196 0.2
-3.76171 -0.1
-3.76147 -0.5
-3.76122 -0.8
-3.76098 -1.1
-3.76074 -1.5
-3.76049 -1.8
-3.76025 -2.1
-3.76 -2.4
-3.75976 -2.7
-3.75952 -3.0
-3.75927 -3.3
-3.75903 -3.6
-3.75878 -3.9
-3.75854 -4.2
-3.7583 -4.4
-3.75805 -4.7
-3.75781 -4.9
-3.75756 -5.2
-3.75732 -5.4
-3.75707 -5.6
-3.75683 -5.8
-3.75659 -6.0
-3.75634 -6.2
-3.7561 -6.3
-3.75585 -6.5
-3.75561 -6.6
-3.75537 -6.7
-3.75512 -6.9
-3.75488 -7.0
-3.75463 -7.0
-3.75439 -7.1
-3.75414 -7.1
-3.7539 -7.2
-3.75366 -7.2
-3.75341 -7.2
-3.75317 -7.2
-3.75292 -7.2
-3.75268 -7.1
-3.75244 -7.1
-3.75219 -7.0
-3.75195 -6.9
-3.7517 -6.8
-3.75146 -6.7
-3.75121 -6.6
-3.75097 -6.4
-3.75073 -6.3
-3.75048 -6.1
-3.75024 -5.9
-3.74999 -5.8
-3.74975 -5.5
-3.74951 -5.3
-3.74926 -5.1
-3.74902 -4.9
-3.74877 -4.6
-3.74853 -4.4
-3.74829 -4.1
-3.74804 -3.8
-3.7478 -3.5
-3.74755 -3.2
-3.74731 -2.9
-3.74706 -2.6
-3.74682 -2.3
-3.74658 -2.0
-3.74633 -1.7
-3.74609 -1.4
-3.74584 -1.0
-3.7456 -0.7
-3.74536 -0.4
-3.74511 0.0
-3.74487 0.3
-3.74462 0.6
-3.74438 0.9
-3.74413 1.3
-3.74389 1.6
-3.74365 1.9
-3.7434 2.2
-3.74316 2.5
-3.74291 2.8
-3.74267 3.2
-3.74243 3.4
-3.74218 3.7
-3.74194 4.0
-3.74169 4.3
-3.74145 4.5
-3.74121 4.8
-3.74096 5.0
-3.74072 5.3
-3.74047 5.5
-3.74023 5.7
-3.73998 5.9
-3.73974 6.1
-3.7395 6.3
-3.73925 6.4
-3.73901 6.6
-3.73876 6.7
-3.73852 6.8
-3.73828 6.9
-3.73803 7.0
-3.73779 7.1
-3.73754 7.1
-3.7373 7.2
-3.73705 7.2
-3.73681 7.2
-3.73657 7.2
-3.73632 7.2
-3.73608 7.2
-3.73583 7.1
-3.73559 7.1
-3.73535 7.0
-3.7351 6.9
-3.73486 6.8
-3.73461 6.7
-3.73437 6.5
-3.73413 6.4
-3.73388 6.2
-3.73364 6.0
-3.73339 5.9
-3.73315 5.7
-3.7329 5.4
-3.73266 5.2
-3.73242 5.0
-3.73217 4.7
-3.73193 4.5
-3.73168 4.2
-3.73144 4.0
-3.7312 3.7
-3.73095 3.4
-3.73071 3.1
-3.73046 2.8
-3.73022 2.5
-3.72997 2.2
-3.72973 1.8
-3.72949 1.5
-3.72924 1.2
-3.729 0.9
-3.72875 0.5
-3.72851 0.2
-3.72827 -0.1
-3.72802 -0.5
-3.72778 -0.8
-3.72753 -1.1
-3.72729 -1.4
-3.72705 -1.8
-3.7268 -2.1
-3.72656 -2.4
-3.72631 -2.7
-3.72607 -3.0
-3.72582 -3.3
-3.72558 -3.6
-3.72534 -3.9
-3.72509 -4.2
-3.72485 -4.4
-3.7246 -4.7
-3.72436 -4.9
-3.72412 -5.2
-3.72387 -5.4
-3.72363 -5.6
-3.72338 -5.8
-3.72314 -6.0
-3.72289 -6.2
-3.72265 -6.3
-3.72241 -6.5
-3.72216 -6.6
-3.72192 -6.8
-3.72167 -6.9
-3.72143 -7.0
-3.72119 -7.0
-3.72094 -7.1
-3.7207 -7.2
-3.72045 -7.2
-3.72021 -7.2
-3.71996 -7.2
-3.71972 -7.2
-3.71948 -7.2
-3.71923 -7.1
-3.71899 -7.1
-3.71874 -7.0
-3.7185 -6.9
-3.71826 -6.8
-3.71801 -6.7
-3.71777 -6.6
-3.71752 -6.4
-3.71728 -6.3
-3.71704 -6.1
-3.71679 -5.9
-3.71655 -5.7
-3.7163 -5.5
-3.71606 -5.3
-3.71581 -5.1
-3.71557 -4.8
-3.71533 -4.6
-3.71508 -4.3
-3.71484 -4.1
-3.71459 -3.8
-3.71435 -3.5
-3.71411 -3.2
-3.71386 -2.9
-3.71362 -2.6
-3.71337 -2.3
-3.71313 -2.0
-3.71288 -1.6
-3.71264 -1.3
-3.7124 -1.0
-3.71215 -0.7
-3.71191 -0.3
-3.71166 0.0
-3.71142 0.3
-3.71118 0.7
-3.71093 1.0
-3.71069 1.3
-3.71044 1.7
-3.7102 2.0
-3.70996 2.3
-3.70971 2.6
-3.70947 2.9
-3.70922 3.2
-3.70898 3.5
-3.70873 3.8
-3.70849 4.1
-3.70825 4.3
-3.708 4.6
-3.70776 4.9
-3.70751 5.1
-3.70727 5.3
-3.70703 5.5
-3.70678 5.8
-3.70654 6.0
-3.70629 6.1
-3.70605 6.3
-3.7058 6.5
-3.70556 6.6
-3.70532 6.7
-3.70507 6.8
-3.70483 6.9
-3.70458 7.0
-3.70434 7.1
-3.7041 7.2
-3.70385 7.2
-3.70361 7.2
-3.70336 7.2
-3.70312 7.2
-3.70288 7.2
-3.70263 7.2
-3.70239 7.1
-3.70214 7.1
-3.7019 7.0
-3.70165 6.9
-3.70141 6.8
-3.70117 6.6
-3.70092 6.5
-3.70068 6.3
-3.70043 6.2
-3.70019 6.0
-3.69995 5.8
-3.6997 5.6
-3.69946 5.4
-3.69921 5.2
-3.69897 4.9
-3.69872 4.7
-3.69848 4.4
-3.69824 4.1
-3.69799 3.9
-3.69775 3.6
-3.6975 3.3
-3.69726 3.0
-3.69702 2.7
-3.69677 2.4
-3.69653 2.1
-3.69628 1.7
-3.69604 1.4
-3.6958 1.1
-3.69555 0.7
-3.69531 0.4
-3.69506 0.0
-3.69482 -0.3
-3.69457 -0.6
-3.69433 -0.9
-3.69409 -1.2
-3.69384 -1.6
-3.6936 -1.9
-3.69335 -2.2
-3.69311 -2.5
-3.69287 -2.8
-3.69262 -3.1
-3.69238 -3.4
-3.69213 -3.7
-3.69189 -4.0
-3.69164 -4.3
-3.6914 -4.6
-3.69116 -4.8
-3.69091 -5.1
-3.69067 -5.3
-3.69042 -5.5
-3.69018 -5.7
-3.68994 -5.9
-3.68969 -6.1
-3.68945 -6.3
-3.6892 -6.4
-3.68896 -6.6
-3.68871 -6.7
-3.68847 -6.8
-3.68823 -6.9
-3.68798 -7.0
-3.68774 -7.1
-3.68749 -7.2
-3.68725 -7.2
-3.68701 -7.2
-3.68676 -7.2
-3.68652 -7.2
-3.68627 -7.2
-3.68603 -7.2
-3.68579 -7.1
-3.68554 -7.1
-3.6853 -7.0
-3.68505 -6.9
-3.68481 -6.8
-3.68456 -6.7
-3.68432 -6.5
-3.68408 -6.4
-3.68383 -6.2
-3.68359 -6.0
-3.68334 -5.8
-3.6831 -5.6
-3.68286 -5.4
-3.68261 -5.2
-3.68237 -5.0
-3.68212 -4.7
-3.68188 -4.5
-3.68163 -4.2
-3.68139 -3.9
-3.68115 -3.6
-3.6809 -3.3
-3.68066 -3.0
-3.68041 -2.7
-3.68017 -2.4
-3.67993 -2.1
-3.67968 -1.8
-3.67944 -1.5
-3.67919 -1.1
-3.67895 -0.8
-3.67871 -0.5
-3.67846 -0.1
-3.67822 0.2
-3.67797 0.5
-3.67773 0.9
-3.67748 1.2
-3.67724 1.5
-3.677 1.9
-3.67675 2.2
-3.67651 2.5
-3.67626 2.8
-3.67602 3.1
-3.67578 3.4
-3.67553 3.7
-3.67529 4.0
-3.67504 4.3
-3.6748 4.5
-3.67455 4.8
-3.67431 5.0
-3.67407 5.3
-3.67382 5.5
-3.67358 5.7
-3.67333 5.9
-3.67309 6.1
-3.67285 6.3
-3.6726 6.4
-3.67236 6.6
-3.67211 6.7
-3.67187 6.8
-3.67163 6.9
-3.67138 7.0
-3.67114 7.1
-3.67089 7.2
-3.67065 7.2
-3.6704 7.2
-3.67016 7.2
-3.66992 7.2
-3.66967 7.2
-3.66943 7.2
-3.66918 7.1
-3.66894 7.1
-3.6687 7.0
-3.66845 6.9
-3.66821 6.8
-3.66796 6.7
-3.66772 6.5
-3.66747 6.4
-3.66723 6.2
-3.66699 6.1
-3.66674 5.9
-3.6665 5.7
-3.66625 5.4
-3.66601 5.2
-3.66577 5.0
-3.66552 4.7
-3.66528 4.5
-3.66503 4.2
-3.66479 3.9
-3.66455 3.6
-3.6643 3.4
-3.66406 3.1
-3.66381 2.7
-3.66357 2.4
-3.66332 2.1
-3.66308 1.8
-3.66284 1.5
-3.66259 1.1
-3.66235 0.8
-3.6621 0.5
-3.66186 0.1
-3.66162 -0.2
-3.66137 -0.5
-3.66113 -0.9
-3.66088 -1.2
-3.66064 -1.5
-3.66039 -1.9
-3.66015 -2.2
-3.65991 -2.5
-3.65966 -2.8
-3.65942 -3.1
-3.65917 -3.4
-3.65893 -3.7
-3.65869 -4.0
-3.65844 -4.3
-3.6582 -4.5
-3.65795 -4.8
-3.65771 -5.0
-3.65746 -5.3
-3.65722 -5.5
-3.65698 -5.7
-3.65673 -5.9
-3.65649 -6.1
-3.65624 -6.3
-3.656 -6.4
-3.65576 -6.6
-3.65551 -6.7
-3.65527 -6.8
-3.65502 -6.9
-3.65478 -7.0
-3.65454 -7.1
-3.65429 -7.2
-3.65405 -7.2
-3.6538 -7.2
-3.65356 -7.3
-3.65331 -7.3
-3.65307 -7.2
-3.65283 -7.2
-3.65258 -7.2
-3.65234 -7.1
-3.65209 -7.0
-3.65185 -6.9
-3.65161 -6.8
-3.65136 -6.7
-3.65112 -6.5
-3.65087 -6.4
-3.65063 -6.2
-3.65038 -6.1
-3.65014 -5.9
-3.6499 -5.7
-3.64965 -5.4
-3.64941 -5.2
-3.64916 -5.0
-3.64892 -4.7
-3.64868 -4.5
-3.64843 -4.2
-3.64819 -3.9
-3.64794 -3.6
-3.6477 -3.3
-3.64746 -3.0
-3.64721 -2.7
-3.64697 -2.4
-3.64672 -2.1
-3.64648 -1.8
-3.64623 -1.4
-3.64599 -1.1
-3.64575 -0.8
-3.6455 -0.4
-3.64526 -0.1
-3.64501 0.2
-3.64477 0.6
-3.64453 0.9
-3.64428 1.2
-3.64404 1.6
-3.64379 1.9
-3.64355 2.2
-3.6433 2.5
-3.64306 2.8
-3.64282 3.1
-3.64257 3.4
-3.64233 3.7
-3.64208 4.0
-3.64184 4.3
-3.6416 4.6
-3.64135 4.8
-3.64111 5.1
-3.64086 5.3
-3.64062 5.5
-3.64038 5.7
-3.64013 5.9
-3.63989 6.1
-3.63964 6.3
-3.6394 6.5
-3.63915 6.6
-3.63891 6.7
-3.63867 6.9
-3.63842 7.0
-3.63818 7.1
-3.63793 7.1
-3.63769 7.2
-3.63745 7.2
-3.6372 7.3
-3.63696 7.3
-3.63671 7.3
-3.63647 7.2
-3.63622 7.2
-3.63598 7.2
-3.63574 7.1
-3.63549 7.0
-3.63525 6.9
-3.635 6.8
-3.63476 6.7
-3.63452 6.5
-3.63427 6.4
-3.63403 6.2
-3.63378 6.0
-3.63354 5.8
-3.6333 5.6
-3.63305 5.4
-3.63281 5.2
-3.63256 4.9
-3.63232 4.7
-3.63207 4.4
-3.63183 4.2
-3.63159 3.9
-3.63134 3.6
-3.6311 3.3
-3.63085 3.0
-3.63061 2.7
-3.63037 2.4
-3.63012 2.0
-3.62988 1.7
-3.62963 1.4
-3.62939 1.0
-3.62914 0.7
-3.6289 0.4
-3.62866 0.0
-3.62841 -0.3
-3.62817 -0.6
-3.62792 -1.0
-3.62768 -1.3
-3.62744 -1.6
-3.62719 -2.0
-3.62695 -2.3
-3.6267 -2.6
-3.62646 -2.9
-3.62621 -3.2
-3.62597 -3.5
-3.62573 -3.8
-3.62548 -4.1
-3.62524 -4.4
-3.62499 -4.6
-3.62475 -4.9
-3.62451 -5.1
-3.62426 -5.4
-3.62402 -5.6
-3.62377 -5.8
-3.62353 -6.0
-3.62329 -6.2
-3.62304 -6.3
-3.6228 -6.5
-3.62255 -6.6
-3.62231 -6.8
-3.62206 -6.9
-3.62182 -7.0
-3.62158 -7.1
-3.62133 -7.1
-3.62109 -7.2
-3.62084 -7.2
-3.6206 -7.3
-3.62036 -7.3
-3.62011 -7.3
-3.61987 -7.2
-3.61962 -7.2
-3.61938 -7.1
-3.61913 -7.1
-3.61889 -7.0
-3.61865 -6.9
-3.6184 -6.8
-3.61816 -6.6
-3.61791 -6.5
-3.61767 -6.3
-3.61743 -6.2
-3.61718 -6.0
-3.61694 -5.8
-3.61669 -5.6
-3.61645 -5.4
-3.61621 -5.1
-3.61596 -4.9
-3.61572 -4.6
-3.61547 -4.3
-3.61523 -4.1
-3.61498 -3.8
-3.61474 -3.5
-3.6145 -3.2
-3.61425 -2.9
-3.61401 -2.6
-3.61376 -2.3
-3.61352 -1.9
-3.61328 -1.6
-3.61303 -1.3
-3.61279 -0.9
-3.61254 -0.6
-3.6123 -0.3
-3.61205 0.0
-3.61181 0.4
-3.61157 0.7
-3.61132 1.1
-3.61108 1.4
-3.61083 1.7
-3.61059 2.1
-3.61035 2.4
-3.6101 2.7
-3.60986 3.0
-3.60961 3.3
-3.60937 3.6
-3.60913 3.9
-3.60888 4.2
-3.60864 4.5
-3.60839 4.7
-3.60815 5.0
-3.6079 5.2
-3.60766 5.4
-3.60742 5.7
-3.60717 5.9
-3.60693 6.1
-3.60668 6.2
-3.60644 6.4
-3.6062 6.6
-3.60595 6.7
-3.60571 6.8
-3.60546 6.9
-3.60522 7.0
-3.60497 7.1
-3.60473 7.2
-3.60449 7.2
-3.60424 7.3
-3.604 7.3
-3.60375 7.3
-3.60351 7.3
-3.60327 7.2
-3.60302 7.2
-3.60278 7.1
-3.60253 7.1
-3.60229 7.0
-3.60205 6.9
-3.6018 6.7
-3.60156 6.6
-3.60131 6.4
-3.60107 6.3
-3.60082 6.1
-3.60058 5.9
-3.60034 5.7
-3.60009 5.5
-3.59985 5.3
-3.5996 5.0
-3.59936 4.8
-3.59912 4.5
-3.59887 4.2
-3.59863 4.0
-3.59838 3.7
-3.59814 3.4
-3.59789 3.1
-3.59765 2.8
-3.59741 2.4
-3.59716 2.1
-3.59692 1.8
-3.59667 1.5
-3.59643 1.1
-3.59619 0.8
-3.59594 0.5
-3.5957 0.1
-3.59545 -0.2
-3.59521 -0.6
-3.59496 -0.9
-3.59472 -1.2
-3.59448 -1.6
-3.59423 -1.9
-3.59399 -2.2
-3.59374 -2.5
-3.5935 -2.8
-3.59326 -3.2
-3.59301 -3.5
-3.59277 -3.8
-3.59252 -4.0
-3.59228 -4.3
-3.59204 -4.6
-3.59179 -4.8
-3.59155 -5.1
-3.5913 -5.3
-3.59106 -5.6
-3.59081 -5.8
-3.59057 -6.0
-3.59033 -6.2
-3.59008 -6.3
-3.58984 -6.5
-3.58959 -6.6
-3.58935 -6.8
-3.58911 -6.9
-3.58886 -7.0
-3.58862 -7.1
-3.58837 -7.2
-3.58813 -7.2
-3.58788 -7.3
-3.58764 -7.3
-3.5874 -7.3
-3.58715 -7.3
-3.58691 -7.3
-3.58666 -7.2
-3.58642 -7.2
-3.58618 -7.1
-3.58593 -7.0
-3.58569 -6.9
-3.58544 -6.8
-3.5852 -6.7
-3.58496 -6.5
-3.58471 -6.4
-3.58447 -6.2
-3.58422 -6.0
-3.58398 -5.8
-3.58373 -5.6
-3.58349 -5.4
-3.58325 -5.1
-3.583 -4.9
-3.58276 -4.6
-3.58251 -4.4
-3.58227 -4.1
-3.58203 -3.8
-3.58178 -3.5
-3.58154 -3.2
-3.58129 -2.9
-3.58105 -2.6
-3.5808 -2.3
-3.58056 -2.0
-3.58032 -1.6
-3.58007 -1.3
-3.57983 -1.0
-3.57958 -0.6
-3.57934 -0.3
-3.5791 0.0
-3.57885 0.4
-3.57861 0.7
-3.57836 1.1
-3.57812 1.4
-3.57788 1.7
-3.57763 2.1
-3.57739 2.4
-3.57714 2.7
-3.5769 3.0
-3.57665 3.3
-3.57641 3.6
-3.57617 3.9
-3.57592 4.2
-3.57568 4.5
-3.57543 4.7
-3.57519 5.0
-3.57495 5.2
-3.5747 5.5
-3.57446 5.7
-3.57421 5.9
-3.57397 6.1
-3.57372 6.3
-3.57348 6.4
-3.57324 6.6
-3.57299 6.7
-3.57275 6.9
-3.5725 7.0
-3.57226 7.1
-3.57202 7.1
-3.57177 7.2
-3.57153 7.2
-3.57128 7.3
-3.57104 7.3
-3.5708 7.3
-3.57055 7.3
-3.57031 7.2
-3.57006 7.2
-3.56982 7.1
-3.56957 7.1
-3.56933 7.0
-3.56909 6.9
-3.56884 6.7
-3.5686 6.6
-3.56835 6.4
-3.56811 6.3
-3.56787 6.1
-3.56762 5.9
-3.56738 5.7
-3.56713 5.5
-3.56689 5.2
-3.56664 5.0
-3.5664 4.7
-3.56616 4.5
-3.56591 4.2
-3.56567 3.9
-3.56542 3.6
-3.56518 3.3
-3.56494 3.0
-3.56469 2.7
-3.56445 2.4
-3.5642 2.1
-3.56396 1.7
-3.56371 1.4
-3.56347 1.1
-3.56323 0.7
-3.56298 0.4
-3.56274 0.0
-3.56249 -0.3
-3.56225 -0.6
-3.56201 -1.0
-3.56176 -1.3
-3.56152 -1.6
-3.56127 -2.0
-3.56103 -2.3
-3.56079 -2.6
-3.56054 -2.9
-3.5603 -3.2
-3.56005 -3.5
-3.55981 -3.8
-3.55956 -4.1
-3.55932 -4.4
-3.55908 -4.7
-3.55883 -4.9
-3.55859 -5.2
-3.55834 -5.4
-3.5581 -5.6
-3.55786 -5.8
-3.55761 -6.0
-3.55737 -6.2
-3.55712 -6.4
-3.55688 -6.5
-3.55663 -6.7
-3.55639 -6.8
-3.55615 -6.9
-3.5559 -7.0
-3.55566 -7.1
-3.55541 -7.2
-3.55517 -7.2
-3.55493 -7.3
-3.55468 -7.3
-3.55444 -7.3
-3.55419 -7.3
-3.55395 -7.3
-3.55371 -7.2
-3.55346 -7.2
-3.55322 -7.1
-3.55297 -7.0
-3.55273 -6.9
-3.55248 -6.8
-3.55224 -6.6
-3.552 -6.5
-3.55175 -6.3
-3.55151 -6.2
-3.55126 -6.0
-3.55102 -5.8
-3.55078 -5.5
-3.55053 -5.3
-3.55029 -5.1
-3.55004 -4.8
-3.5498 -4.6
-3.54955 -4.3
-3.54931 -4.0
-3.54907 -3.7
-3.54882 -3.4
-3.54858 -3.1
-3.54833 -2.8
-3.54809 -2.5
-3.54785 -2.2
-3.5476 -1.8
-3.54736 -1.5
-3.54711 -1.2
-3.54687 -0.8
-3.54663 -0.5
-3.54638 -0.1
-3.54614 0.2
-3.54589 0.5
-3.54565 0.9
-3.5454 1.2
-3.54516 1.6
-3.54492 1.9
-3.54467 2.2
-3.54443 2.5
-3.54418 2.9
-3.54394 3.2
-3.5437 3.5
-3.54345 3.8
-3.54321 4.1
-3.54296 4.3
-3.54272 4.6
-3.54247 4.9
-3.54223 5.1
-3.54199 5.4
-3.54174 5.6
-3.5415 5.8
-3.54125 6.0
-3.54101 6.2
-3.54077 6.4
-3.54052 6.5
-3.54028 6.7
-3.54003 6.8
-3.53979 6.9
-3.53955 7.0
-3.5393 7.1
-3.53906 7.2
-3.53881 7.2
-3.53857 7.3
-3.53832 7.3
-3.53808 7.3
-3.53784 7.3
-3.53759 7.3
-3.53735 7.2
-3.5371 7.2
-3.53686 7.1
-3.53662 7.0
-3.53637 6.9
-3.53613 6.8
-3.53588 6.7
-3.53564 6.5
-3.53539 6.4
-3.53515 6.2
-3.53491 6.0
-3.53466 5.8
-3.53442 5.6
-3.53417 5.4
-3.53393 5.1
-3.53369 4.9
-3.53344 4.6
-3.5332 4.3
-3.53295 4.0
-3.53271 3.8
-3.53246 3.5
-3.53222 3.2
-3.53198 2.8
-3.53173 2.5
-3.53149 2.2
-3.53124 1.9
-3.531 1.5
-3.53076 1.2
-3.53051 0.9
-3.53027 0.5
-3.53002 0.2
-3.52978 -0.2
-3.52954 -0.5
-3.52929 -0.8
-3.52905 -1.2
-3.5288 -1.5
-3.52856 -1.9
-3.52831 -2.2
-3.52807 -2.5
-3.52783 -2.8
-3.52758 -3.1
-3.52734 -3.5
-3.52709 -3.7
-3.52685 -4.0
-3.52661 -4.3
-3.52636 -4.6
-3.52612 -4.9
-3.52587 -5.1
-3.52563 -5.3
-3.52538 -5.6
-3.52514 -5.8
-3.5249 -6.0
-3.52465 -6.2
-3.52441 -6.4
-3.52416 -6.5
-3.52392 -6.7
-3.52368 -6.8
-3.52343 -6.9
-3.52319 -7.0
-3.52294 -7.1
-3.5227 -7.2
-3.52246 -7.2
-3.52221 -7.3
-3.52197 -7.3
-3.52172 -7.3
-3.52148 -7.3
-3.52123 -7.3
-3.52099 -7.2
-3.52075 -7.2
-3.5205 -7.1
-3.52026 -7.0
-3.52001 -6.9
-3.51977 -6.8
-3.51953 -6.7
-3.51928 -6.5
-3.51904 -6.4
-3.51879 -6.2
-3.51855 -6.0
-3.5183 -5.8
-3.51806 -5.6
-3.51782 -5.4
-3.51757 -5.1
-3.51733 -4.9
-3.51708 -4.6
-3.51684 -4.3
-3.5166 -4.1
-3.51635 -3.8
-3.51611 -3.5
-3.51586 -3.2
-3.51562 -2.9
-3.51538 -2.5
-3.51513 -2.2
-3.51489 -1.9
-3.51464 -1.5
-3.5144 -1.2
-3.51415 -0.9
-3.51391 -0.5
-3.51367 -0.2
-3.51342 0.2
-3.51318 0.5
-3.51293 0.9
-3.51269 1.2
-3.51245 1.5
-3.5122 1.9
-3.51196 2.2
-3.51171 2.5
-3.51147 2.8
-3.51122 3.2
-3.51098 3.5
-3.51074 3.8
-3.51049 4.1
-3.51025 4.3
-3.51 4.6
-3.50976 4.9
-3.50952 5.1
-3.50927 5.4
-3.50903 5.6
-3.50878 5.8
-3.50854 6.0
-3.5083 6.2
-3.50805 6.4
-3.50781 6.5
-3.50756 6.7
-3.50732 6.8
-3.50707 6.9
-3.50683 7.0
-3.50659 7.1
-3.50634 7.2
-3.5061 7.3
-3.50585 7.3
-3.50561 7.3
-3.50537 7.3
-3.50512 7.3
-3.50488 7.3
-3.50463 7.3
-3.50439 7.2
-3.50414 7.1
-3.5039 7.0
-3.50366 6.9
-3.50341 6.8
-3.50317 6.7
-3.50292 6.5
-3.50268 6.4
-3.50244 6.2
-3.50219 6.0
-3.50195 5.8
-3.5017 5.6
-3.50146 5.3
-3.50121 5.1
-3.50097 4.9
-3.50073 4.6
-3.50048 4.3
-3.50024 4.0
-3.49999 3.7
-3.49975 3.4
-3.49951 3.1
-3.49926 2.8
-3.49902 2.5
-3.49877 2.2
-3.49853 1.8
-3.49829 1.5
-3.49804 1.2
-3.4978 0.8
-3.49755 0.5
-3.49731 0.1
-3.49706 -0.2
-3.49682 -0.5
-3.49658 -0.9
-3.49633 -1.2
-3.49609 -1.6
-3.49584 -1.9
-3.4956 -2.2
-3.49536 -2.6
-3.49511 -2.9
-3.49487 -3.2
-3.49462 -3.5
-3.49438 -3.8
-3.49413 -4.1
-3.49389 -4.4
-3.49365 -4.6
-3.4934 -4.9
-3.49316 -5.2
-3.49291 -5.4
-3.49267 -5.6
-3.49243 -5.8
-3.49218 -6.0
-3.49194 -6.2
-3.49169 -6.4
-3.49145 -6.6
-3.49121 -6.7
-3.49096 -6.8
-3.49072 -7.0
-3.49047 -7.1
-3.49023 -7.1
-3.48998 -7.2
-3.48974 -7.3
-3.4895 -7.3
-3.48925 -7.3
-3.48901 -7.3
-3.48876 -7.3
-3.48852 -7.3
-3.48828 -7.3
-3.48803 -7.2
-3.48779 -7.1
-3.48754 -7.0
-3.4873 -6.9
-3.48705 -6.8
-3.48681 -6.7
-3.48657 -6.5
-3.48632 -6.3
-3.48608 -6.2
-3.48583 -6.0
-3.48559 -5.8
-3.48535 -5.5
-3.4851 -5.3
-3.48486 -5.1
-3.48461 -4.8
-3.48437 -4.5
-3.48413 -4.3
-3.48388 -4.0
-3.48364 -3.7
-3.48339 -3.4
-3.48315 -3.1
-3.4829 -2.8
-3.48266 -2.4
-3.48242 -2.1
-3.48217 -1.8
-3.48193 -1.4
-3.48168 -1.1
-3.48144 -0.8
-3.4812 -0.4
-3.48095 0.0
-3.48071 0.3
-3.48046 0.6
-3.48022 1.0
-3.47997 1.3
-3.47973 1.7
-3.47949 2.0
-3.47924 2.3
-3.479 2.6
-3.47875 3.0
-3.47851 3.3
-3.47827 3.6
-3.47802 3.9
-3.47778 4.2
-3.47753 4.4
-3.47729 4.7
-3.47705 5.0
-3.4768 5.2
-3.47656 5.5
-3.47631 5.7
-3.47607 5.9
-3.47582 6.1
-3.47558 6.3
-3.47534 6.5
-3.47509 6.6
-3.47485 6.8
-3.4746 6.9
-3.47436 7.0
-3.47412 7.1
-3.47387 7.2
-3.47363 7.2
-3.47338 7.3
-3.47314 7.3
-3.47289 7.3
-3.47265 7.3
-3.47241 7.3
-3.47216 7.3
-3.47192 7.2
-3.47167 7.2
-3.47143 7.1
-3.47119 7.0
-3.47094 6.9
-3.4707 6.8
-3.47045 6.6
-3.47021 6.5
-3.46996 6.3
-3.46972 6.1
-3.46948 5.9
-3.46923 5.7
-3.46899 5.5
-3.46874 5.2
-3.4685 5.0
-3.46826 4.7
-3.46801 4.5
-3.46777 4.2
-3.46752 3.9
-3.46728 3.6
-3.46704 3.3
-3.46679 3.0
-3.46655 2.7
-3.4663 2.3
-3.46606 2.0
-3.46581 1.7
-3.46557 1.3
-3.46533 1.0
-3.46508 0.6
-3.46484 0.3
-3.46459 0.0
-3.46435 -0.4
-3.46411 -0.7
-3.46386 -1.1
-3.46362 -1.4
-3.46337 -1.8
-3.46313 -2.1
-3.46288 -2.4
-3.46264 -2.8
-3.4624 -3.1
-3.46215 -3.4
-3.46191 -3.7
-3.46166 -4.0
-3.46142 -4.3
-3.46118 -4.6
-3.46093 -4.8
-3.46069 -5.1
-3.46044 -5.3
-3.4602 -5.6
-3.45996 -5.8
-3.45971 -6.0
-3.45947 -6.2
-3.45922 -6.4
-3.45898 -6.5
-3.45873 -6.7
-3.45849 -6.8
-3.45825 -6.9
-3.458 -7.0
-3.45776 -7.1
-3.45751 -7.2
-3.45727 -7.3
-3.45703 -7.3
-3.45678 -7.3
-3.45654 -7.4
-3.45629 -7.3
-3.45605 -7.3
-3.4558 -7.3
-3.45556 -7.2
-3.45532 -7.2
-3.45507 -7.1
-3.45483 -7.0
-3.45458 -6.9
-3.45434 -6.7
-3.4541 -6.6
-3.45385 -6.4
-3.45361 -6.2
-3.45336 -6.0
-3.45312 -5.8
-3.45288 -5.6
-3.45263 -5.4
-3.45239 -5.1
-3.45214 -4.9
-3.4519 -4.6
-3.45165 -4.3
-3.45141 -4.1
-3.45117 -3.8
-3.45092 -3.5
-3.45068 -3.2
-3.45043 -2.8
-3.45019 -2.5
-3.44995 -2.2
-3.4497 -1.8
-3.44946 -1.5
-3.44921 -1.2
-3.44897 -0.8
-3.44872 -0.5
-3.44848 -0.1
-3.44824 0.2
-3.44799 0.6
-3.44775 0.9
-3.4475 1.3
-3.44726 1.6
-3.44702 1.9
-3.44677 2.3
-3.44653 2.6
-3.44628 2.9
-3.44604 3.2
-3.4458 3.5
-3.44555 3.8
-3.44531 4.1
-3.44506 4.4
-3.44482 4.7
-3.44457 5.0
-3.44433 5.2
-3.44409 5.4
-3.44384 5.7
-3.4436 5.9
-3.44335 6.1
-3.44311 6.3
-3.44287 6.5
-3.44262 6.6
-3.44238 6.8
-3.44213 6.9
-3.44189 7.0
-3.44164 7.1
-3.4414 7.2
-3.44116 7.3
-3.44091 7.3
-3.44067 7.3
-3.44042 7.4
-3.44018 7.4
-3.43994 7.3
-3.43969 7.3
-3.43945 7.3
-3.4392 7.2
-3.43896 7.1
-3.43871 7.0
-3.43847 6.9
-3.43823 6.8
-3.43798 6.6
-3.43774 6.5
-3.43749 6.3
-3.43725 6.1
-3.43701 5.9
-3.43676 5.7
-3.43652 5.5
-3.43627 5.3
-3.43603 5.0
-3.43579 4.7
-3.43554 4.5
-3.4353 4.2
-3.43505 3.9
-3.43481 3.6
-3.43456 3.3
-3.43432 3.0
-3.43408 2.7
-3.43383 2.3
-3.43359 2.0
-3.43334 1.7
-3.4331 1.3
-3.43286 1.0
-3.43261 0.6
-3.43237 0.3
-3.43212 0.0
-3.43188 -0.4
-3.43163 -0.8
-3.43139 -1.1
-3.43115 -1.5
-3.4309 -1.8
-3.43066 -2.1
-3.43041 -2.5
-3.43017 -2.8
-3.42993 -3.1
-3.42968 -3.4
-3.42944 -3.7
-3.42919 -4.0
-3.42895 -4.3
-3.42871 -4.6
-3.42846 -4.9
-3.42822 -5.1
-3.42797 -5.4
-3.42773 -5.6
-3.42748 -5.8
-3.42724 -6.0
-3.427 -6.2
-3.42675 -6.4
-3.42651 -6.6
-3.42626 -6.7
-3.42602 -6.8
-3.42578 -7.0
-3.42553 -7.1
-3.42529 -7.2
-3.42504 -7.2
-3.4248 -7.3
-3.42455 -7.3
-3.42431 -7.4
-3.42407 -7.4
-3.42382 -7.4
-3.42358 -7.3
-3.42333 -7.3
-3.42309 -7.2
-3.42285 -7.2
-3.4226 -7.1
-3.42236 -7.0
-3.42211 -6.8
-3.42187 -6.7
-3.42163 -6.6
-3.42138 -6.4
-3.42114 -6.2
-3.42089 -6.0
-3.42065 -5.8
-3.4204 -5.6
-3.42016 -5.3
-3.41992 -5.1
-3.41967 -4.8
-3.41943 -4.6
-3.41918 -4.3
-3.41894 -4.0
-3.4187 -3.7
-3.41845 -3.4
-3.41821 -3.1
-3.41796 -2.8
-3.41772 -2.4
-3.41747 -2.1
-3.41723 -1.8
-3.41699 -1.4
-3.41674 -1.1
-3.4165 -0.7
-3.41625 -0.4
-3.41601 0.0
-3.41577 0.3
-3.41552 0.7
-3.41528 1.0
-3.41503 1.4
-3.41479 1.7
-3.41455 2.0
-3.4143 2.4
-3.41406 2.7
-3.41381 3.0
-3.41357 3.3
-3.41332 3.6
-3.41308 3.9
-3.41284 4.2
-3.41259 4.5
-3.41235 4.8
-3.4121 5.0
-3.41186 5.3
-3.41162 5.5
-3.41137 5.8
-3.41113 6.0
-3.41088 6.2
-3.41064 6.4
-3.41039 6.5
-3.41015 6.7
-3.40991 6.8
-3.40966 6.9
-3.40942 7.1
-3.40917 7.2
-3.40893 7.2
-3.40869 7.3
-3.40844 7.3
-3.4082 7.4
-3.40795 7.4
-3.40771 7.4
-3.40746 7.4
-3.40722 7.3
-3.40698 7.3
-3.40673 7.2
-3.40649 7.1
-3.40624 7.0
-3.406 6.9
-3.40576 6.7
-3.40551 6.6
-3.40527 6.4
-3.40502 6.3
-3.40478 6.1
-3.40454 5.9
-3.40429 5.6
-3.40405 5.4
-3.4038 5.2
-3.40356 4.9
-3.40331 4.6
-3.40307 4.4
-3.40283 4.1
-3.40258 3.8
-3.40234 3.5
-3.40209 3.2
-3.40185 2.8
-3.40161 2.5
-3.40136 2.2
-3.40112 1.8
-3.40087 1.5
-3.40063 1.2
-3.40038 0.8
-3.40014 0.5
-3.3999 0.1
-3.39965 -0.2
-3.39941 -0.6
-3.39916 -0.9
-3.39892 -1.3
-3.39868 -1.6
-3.39843 -2.0
-3.39819 -2.3
-3.39794 -2.6
-3.3977 -3.0
-3.39746 -3.3
-3.39721 -3.6
-3.39697 -3.9
-3.39672 -4.2
-3.39648 -4.5
-3.39623 -4.7
-3.39599 -5.0
-3.39575 -5.3
-3.3955 -5.5
-3.39526 -5.7
-3.39501 -5.9
-3.39477 -6.1
-3.39453 -6.3
-3.39428 -6.5
-3.39404 -6.7
-3.39379 -6.8
-3.39355 -6.9
-3.3933 -7.0
-3.39306 -7.1
-3.39282 -7.2
-3.39257 -7.3
-3.39233 -7.3
-3.39208 -7.4
-3.39184 -7.4
-3.3916 -7.4
-3.39135 -7.4
-3.39111 -7.3
-3.39086 -7.3
-3.39062 -7.2
-3.39038 -7.1
-3.39013 -7.0
-3.38989 -6.9
-3.38964 -6.8
-3.3894 -6.6
-3.38915 -6.5
-3.38891 -6.3
-3.38867 -6.1
-3.38842 -5.9
-3.38818 -5.7
-3.38793 -5.4
-3.38769 -5.2
-3.38745 -4.9
-3.3872 -4.7
-3.38696 -4.4
-3.38671 -4.1
-3.38647 -3.8
-3.38622 -3.5
-3.38598 -3.2
-3.38574 -2.9
-3.38549 -2.5
-3.38525 -2.2
-3.385 -1.9
-3.38476 -1.5
-3.38452 -1.2
-3.38427 -0.8
-3.38403 -0.5
-3.38378 -0.1
-3.38354 0.2
-3.3833 0.6
-3.38305 0.9
-3.38281 1.3
-3.38256 1.6
-3.38232 2.0
-3.38207 2.3
-3.38183 2.6
-3.38159 2.9
-3.38134 3.3
-3.3811 3.6
-3.38085 3.9
-3.38061 4.2
-3.38037 4.5
-3.38012 4.7
-3.37988 5.0
-3.37963 5.3
-3.37939 5.5
-3.37914 5.7
-3.3789 5.9
-3.37866 6.1
-3.37841 6.3
-3.37817 6.5
-3.37792 6.7
-3.37768 6.8
-3.37744 6.9
-3.37719 7.1
-3.37695 7.2
-3.3767 7.2
-3.37646 7.3
-3.37621 7.3
-3.37597 7.4
-3.37573 7.4
-3.37548 7.4
-3.37524 7.4
-3.37499 7.3
-3.37475 7.3
-3.37451 7.2
-3.37426 7.1
-3.37402 7.0
-3.37377 6.9
-3.37353 6.8
-3.37329 6.6
-3.37304 6.5
-3.3728 6.3
-3.37255 6.1
-3.37231 5.9
-3.37206 5.7
-3.37182 5.4
-3.37158 5.2
-3.37133 4.9
-3.37109 4.7
-3.37084 4.4
-3.3706 4.1
-3.37036 3.8
-3.37011 3.5
-3.36987 3.2
-3.36962 2.9
-3.36938 2.5
-3.36913 2.2
-3.36889 1.9
-3.36865 1.5
-3.3684 1.2
-3.36816 0.8
-3.36791 0.5
-3.36767 0.1
-3.36743 -0.2
-3.36718 -0.6
-3.36694 -0.9
-3.36669 -1.3
-3.36645 -1.6
-3.36621 -2.0
-3.36596 -2.3
-3.36572 -2.6
-3.36547 -3.0
-3.36523 -3.3
-3.36498 -3.6
-3.36474 -3.9
-3.3645 -4.2
-3.36425 -4.5
-3.36401 -4.8
-3.36376 -5.0
-3.36352 -5.3
-3.36328 -5.5
-3.36303 -5.7
-3.36279 -6.0
-3.36254 -6.2
-3.3623 -6.4
-3.36205 -6.5
-3.36181 -6.7
-3.36157 -6.8
-3.36132 -7.0
-3.36108 -7.1
-3.36083 -7.2
-3.36059 -7.2
-3.36035 -7.3
-3.3601 -7.4
-3.35986 -7.4
-3.35961 -7.4
-3.35937 -7.4
-3.35913 -7.4
-3.35888 -7.3
-3.35864 -7.3
-3.35839 -7.2
-3.35815 -7.1
-3.3579 -7.0
-3.35766 -6.9
-3.35742 -6.8
-3.35717 -6.6
-3.35693 -6.5
-3.35668 -6.3
-3.35644 -6.1
-3.3562 -5.9
-3.35595 -5.7
-3.35571 -5.4
-3.35546 -5.2
-3.35522 -4.9
-3.35497 -4.6
-3.35473 -4.4
-3.35449 -4.1
-3.35424 -3.8
-3.354 -3.5
-3.35375 -3.2
-3.35351 -2.8
-3.35327 -2.5
-3.35302 -2.2
-3.35278 -1.8
-3.35253 -1.5
-3.35229 -1.1
-3.35205 -0.8
-3.3518 -0.4
-3.35156 0.0
-3.35131 0.3
-3.35107 0.6
-3.35082 1.0
-3.35058 1.3
-3.35034 1.7
-3.35009 2.0
-3.34985 2.4
-3.3496 2.7
-3.34936 3.0
-3.34912 3.3
-3.34887 3.7
-3.34863 4.0
-3.34838 4.3
-3.34814 4.5
-3.34789 4.8
-3.34765 5.1
-3.34741 5.3
-3.34716 5.6
-3.34692 5.8
-3.34667 6.0
-3.34643 6.2
-3.34619 6.4
-3.34594 6.6
-3.3457 6.7
-3.34545 6.9
-3.34521 7.0
-3.34496 7.1
-3.34472 7.2
-3.34448 7.3
-3.34423 7.3
-3.34399 7.4
-3.34374 7.4
-3.3435 7.4
-3.34326 7.4
-3.34301 7.4
-3.34277 7.3
-3.34252 7.3
-3.34228 7.2
-3.34204 7.1
-3.34179 7.0
-3.34155 6.9
-3.3413 6.7
-3.34106 6.6
-3.34081 6.4
-3.34057 6.2
-3.34033 6.0
-3.34008 5.8
-3.33984 5.6
-3.33959 5.4
-3.33935 5.1
-3.33911 4.9
-3.33886 4.6
-3.33862 4.3
-3.33837 4.0
-3.33813 3.7
-3.33788 3.4
-3.33764 3.1
-3.3374 2.7
-3.33715 2.4
-3.33691 2.1
-3.33666 1.7
-3.33642 1.4
-3.33618 1.0
-3.33593 0.7
-3.33569 0.3
-3.33544 0.0
-3.3352 -0.4
-3.33496 -0.7
-3.33471 -1.1
-3.33447 -1.4
-3.33422 -1.8
-3.33398 -2.1
-3.33373 -2.5
-3.33349 -2.8
-3.33325 -3.1
-3.333 -3.4
-3.33276 -3.7
-3.33251 -4.0
-3.33227 -4.3
-3.33203 -4.6
-3.33178 -4.9
-3.33154 -5.2
-3.33129 -5.4
-3.33105 -5.6
-3.3308 -5.9
-3.33056 -6.1
-3.33032 -6.3
-3.33007 -6.5
-3.32983 -6.6
-3.32958 -6.8
-3.32934 -6.9
-3.3291 -7.0
-3.32885 -7.1
-3.32861 -7.2
-3.32836 -7.3
-3.32812 -7.4
-3.32788 -7.4
-3.32763 -7.4
-3.32739 -7.4
-3.32714 -7.4
-3.3269 -7.4
-3.32665 -7.3
-3.32641 -7.3
-3.32617 -7.2
-3.32592 -7.1
-3.32568 -7.0
-3.32543 -6.9
-3.32519 -6.7
-3.32495 -6.5
-3.3247 -6.4
-3.32446 -6.2
-3.32421 -6.0
-3.32397 -5.8
-3.32372 -5.5
-3.32348 -5.3
-3.32324 -5.0
-3.32299 -4.8
-3.32275 -4.5
-3.3225 -4.2
-3.32226 -3.9
-3.32202 -3.6
-3.32177 -3.3
-3.32153 -3.0
-3.32128 -2.6
-3.32104 -2.3
-3.3208 -2.0
-3.32055 -1.6
-3.32031 -1.3
-3.32006 -0.9
-3.31982 -0.6
-3.31957 -0.2
-3.31933 0.2
-3.31909 0.5
-3.31884 0.9
-3.3186 1.2
-3.31835 1.6
-3.31811 1.9
-3.31787 2.3
-3.31762 2.6
-3.31738 2.9
-3.31713 3.2
-3.31689 3.6
-3.31664 3.9
-3.3164 4.2
-3.31616 4.5
-3.31591 4.7
-3.31567 5.0
-3.31542 5.3
-3.31518 5.5
-3.31494 5.7
-3.31469 6.0
-3.31445 6.2
-3.3142 6.4
-3.31396 6.5
-3.31371 6.7
-3.31347 6.8
-3.31323 7.0
-3.31298 7.1
-3.31274 7.2
-3.31249 7.3
-3.31225 7.3
-3.31201 7.4
-3.31176 7.4
-3.31152 7.4
-3.31127 7.4
-3.31103 7.4
-3.31079 7.4
-3.31054 7.3
-3.3103 7.2
-3.31005 7.2
-3.30981 7.1
-3.30956 6.9
-3.30932 6.8
-3.30908 6.6
-3.30883 6.5
-3.30859 6.3
-3.30834 6.1
-3.3081 5.9
-3.30786 5.7
-3.30761 5.4
-3.30737 5.2
-3.30712 4.9
-3.30688 4.6
-3.30663 4.4
-3.30639 4.1
-3.30615 3.8
-3.3059 3.4
-3.30566 3.1
-3.30541 2.8
-3.30517 2.5
-3.30493 2.1
-3.30468 1.8
-3.30444 1.4
-3.30419 1.1
-3.30395 0.7
-3.30371 0.4
-3.30346 0.0
-3.30322 -0.3
-3.30297 -0.7
-3.30273 -1.0
-3.30248 -1.4
-3.30224 -1.7
-3.302 -2.1
-3.30175 -2.4
-3.30151 -2.8
-3.30126 -3.1
-3.30102 -3.4
-3.30078 -3.7
-3.30053 -4.0
-3.30029 -4.3
-3.30004 -4.6
-3.2998 -4.9
-3.29955 -5.2
-3.29931 -5.4
-3.29907 -5.6
-3.29882 -5.9
-3.29858 -6.1
-3.29833 -6.3
-3.29809 -6.5
-3.29785 -6.6
-3.2976 -6.8
-3.29736 -6.9
-3.29711 -7.0
-3.29687 -7.2
-3.29663 -7.2
-3.29638 -7.3
-3.29614 -7.4
-3.29589 -7.4
-3.29565 -7.4
-3.2954 -7.4
-3.29516 -7.4
-3.29492 -7.4
-3.29467 -7.3
-3.29443 -7.3
-3.29418 -7.2
-3.29394 -7.1
-3.2937 -7.0
-3.29345 -6.9
-3.29321 -6.7
-3.29296 -6.6
-3.29272 -6.4
-3.29247 -6.2
-3.29223 -6.0
-3.29199 -5.8
-3.29174 -5.5
-3.2915 -5.3
-3.29125 -5.0
-3.29101 -4.8
-3.29077 -4.5
-3.29052 -4.2
-3.29028 -3.9
-3.29003 -3.6
-3.28979 -3.3
-3.28955 -2.9
-3.2893 -2.6
-3.28906 -2.3
-3.28881 -1.9
-3.28857 -1.6
-3.28832 -1.2
-3.28808 -0.9
-3.28784 -0.5
-3.28759 -0.2
-3.28735 0.2
-3.2871 0.6
-3.28686 0.9
-3.28662 1.3
-3.28637 1.6
-3.28613 2.0
-3.28588 2.3
-3.28564 2.6
-3.28539 3.0
-3.28515 3.3
-3.28491 3.6
-3.28466 3.9
-3.28442 4.2
-3.28417 4.5
-3.28393 4.8
-3.28369 5.1
-3.28344 5.3
-3.2832 5.6
-3.28295 5.8
-3.28271 6.0
-3.28246 6.2
-3.28222 6.4
-3.28198 6.6
-3.28173 6.7
-3.28149 6.9
-3.28124 7.0
-3.281 7.1
-3.28076 7.2
-3.28051 7.3
-3.28027 7.4
-3.28002 7.4
-3.27978 7.4
-3.27954 7.4
-3.27929 7.4
-3.27905 7.4
-3.2788 7.4
-3.27856 7.3
-3.27831 7.2
-3.27807 7.1
-3.27783 7.0
-3.27758 6.9
-3.27734 6.8
-3.27709 6.6
-3.27685 6.4
-3.27661 6.3
-3.27636 6.1
-3.27612 5.8
-3.27587 5.6
-3.27563 5.4
-3.27538 5.1
-3.27514 4.8
-3.2749 4.6
-3.27465 4.3
-3.27441 4.0
-3.27416 3.7
-3.27392 3.4
-3.27368 3.0
-3.27343 2.7
-3.27319 2.4
-3.27294 2.0
-3.2727 1.7
-3.27246 1.3
-3.27221 1.0
-3.27197 0.6
-3.27172 0.3
-3.27148 -0.1
-3.27123 -0.5
-3.27099 -0.8
-3.27075 -1.2
-3.2705 -1.5
-3.27026 -1.9
-3.27001 -2.2
-3.26977 -2.6
-3.26953 -2.9
-3.26928 -3.2
-3.26904 -3.5
-3.26879 -3.9
-3.26855 -4.2
-3.2683 -4.5
-3.26806 -4.7
-3.26782 -5.0
-3.26757 -5.3
-3.26733 -5.5
-3.26708 -5.8
-3.26684 -6.0
-3.2666 -6.2
-3.26635 -6.4
-3.26611 -6.6
-3.26586 -6.7
-3.26562 -6.9
-3.26538 -7.0
-3.26513 -7.1
-3.26489 -7.2
-3.26464 -7.3
-3.2644 -7.4
-3.26415 -7.4
-3.26391 -7.4
-3.26367 -7.5
-3.26342 -7.4
-3.26318 -7.4
-3.26293 -7.4
-3.26269 -7.3
-3.26245 -7.3
-3.2622 -7.2
-3.26196 -7.1
-3.26171 -6.9
-3.26147 -6.8
-3.26122 -6.7
-3.26098 -6.5
-3.26074 -6.3
-3.26049 -6.1
-3.26025 -5.9
-3.26 -5.7
-3.25976 -5.4
-3.25952 -5.2
-3.25927 -4.9
-3.25903 -4.6
-3.25878 -4.3
-3.25854 -4.0
-3.2583 -3.7
-3.25805 -3.4
-3.25781 -3.1
-3.25756 -2.8
-3.25732 -2.4
-3.25707 -2.1
-3.25683 -1.7
-3.25659 -1.4
-3.25634 -1.0
-3.2561 -0.7
-3.25585 -0.3
-3.25561 0.0
-3.25537 0.4
-3.25512 0.8
-3.25488 1.1
-3.25463 1.5
-3.25439 1.8
-3.25414 2.2
-3.2539 2.5
-3.25366 2.9
-3.25341 3.2
-3.25317 3.5
-3.25292 3.8
-3.25268 4.1
-3.25244 4.4
-3.25219 4.7
-3.25195 5.0
-3.2517 5.2
-3.25146 5.5
-3.25121 5.7
-3.25097 6.0
-3.25073 6.2
-3.25048 6.4
-3.25024 6.5
-3.24999 6.7
-3.24975 6.9
-3.24951 7.0
-3.24926 7.1
-3.24902 7.2
-3.24877 7.3
-3.24853 7.4
-3.24829 7.4
-3.24804 7.4
-3.2478 7.5
-3.24755 7.5
-3.24731 7.4
-3.24706 7.4
-3.24682 7.3
-3.24658 7.3
-3.24633 7.2
-3.24609 7.1
-3.24584 7.0
-3.2456 6.8
-3.24536 6.7
-3.24511 6.5
-3.24487 6.3
-3.24462 6.1
-3.24438 5.9
-3.24413 5.7
-3.24389 5.4
-3.24365 5.2
-3.2434 4.9
-3.24316 4.6
-3.24291 4.4
-3.24267 4.1
-3.24243 3.8
-3.24218 3.4
-3.24194 3.1
-3.24169 2.8
-3.24145 2.4
-3.24121 2.1
-3.24096 1.7
-3.24072 1.4
-3.24047 1.0
-3.24023 0.7
-3.23998 0.3
-3.23974 0.0
-3.2395 -0.4
-3.23925 -0.8
-3.23901 -1.1
-3.23876 -1.5
-3.23852 -1.8
-3.23828 -2.2
-3.23803 -2.5
-3.23779 -2.9
-3.23754 -3.2
-3.2373 -3.5
-3.23705 -3.8
-3.23681 -4.1
-3.23657 -4.4
-3.23632 -4.7
-3.23608 -5.0
-3.23583 -5.2
-3.23559 -5.5
-3.23535 -5.7
-3.2351 -6.0
-3.23486 -6.2
-3.23461 -6.4
-3.23437 -6.6
-3.23413 -6.7
-3.23388 -6.9
-3.23364 -7.0
-3.23339 -7.1
-3.23315 -7.2
-3.2329 -7.3
-3.23266 -7.4
-3.23242 -7.4
-3.23217 -7.5
-3.23193 -7.5
-3.23168 -7.5
-3.23144 -7.4
-3.2312 -7.4
-3.23095 -7.4
-3.23071 -7.3
-3.23046 -7.2
-3.23022 -7.1
-3.22997 -7.0
-3.22973 -6.8
-3.22949 -6.7
-3.22924 -6.5
-3.229 -6.3
-3.22875 -6.1
-3.22851 -5.9
-3.22827 -5.7
-3.22802 -5.4
-3.22778 -5.2
-3.22753 -4.9
-3.22729 -4.6
-3.22705 -4.3
-3.2268 -4.0
-3.22656 -3.7
-3.22631 -3.4
-3.22607 -3.1
-3.22582 -2.8
-3.22558 -2.4
-3.22534 -2.1
-3.22509 -1.7
-3.22485 -1.4
-3.2246 -1.0
-3.22436 -0.7
-3.22412 -0.3
-3.22387 0.0
-3.22363 0.4
-3.22338 0.8
-3.22314 1.2
-3.22289 1.5
-3.22265 1.9
-3.22241 2.2
-3.22216 2.6
-3.22192 2.9
-3.22167 3.2
-3.22143 3.5
-3.22119 3.9
-3.22094 4.2
-3.2207 4.5
-3.22045 4.7
-3.22021 5.0
-3.21996 5.3
-3.21972 5.5
-3.21948 5.8
-3.21923 6.0
-3.21899 6.2
-3.21874 6.4
-3.2185 6.6
-3.21826 6.7
-3.21801 6.9
-3.21777 7.0
-3.21752 7.1
-3.21728 7.2
-3.21704 7.3
-3.21679 7.4
-3.21655 7.4
-3.2163 7.5
-3.21606 7.5
-3.21581 7.5
-3.21557 7.5
-3.21533 7.4
-3.21508 7.4
-3.21484 7.3
-3.21459 7.2
-3.21435 7.1
-3.21411 7.0
-3.21386 6.8
-3.21362 6.7
-3.21337 6.5
-3.21313 6.3
-3.21288 6.1
-3.21264 5.9
-3.2124 5.6
-3.21215 5.4
-3.21191 5.1
-3.21166 4.9
-3.21142 4.6
-3.21118 4.3
-3.21093 4.0
-3.21069 3.7
-3.21044 3.4
-3.2102 3.0
-3.20996 2.7
-3.20971 2.4
-3.20947 2.0
-3.20922 1.7
-3.20898 1.3
-3.20873 0.9
-3.20849 0.6
-3.20825 0.2
-3.208 -0.1
-3.20776 -0.5
-3.20751 -0.9
-3.20727 -1.2
-3.20703 -1.6
-3.20678 -1.9
-3.20654 -2.3
-3.20629 -2.6
-3.20605 -3.0
-3.2058 -3.3
-3.20556 -3.6
-3.20532 -3.9
-3.20507 -4.2
-3.20483 -4.5
-3.20458 -4.8
-3.20434 -5.1
-3.2041 -5.3
-3.20385 -5.6
-3.20361 -5.8
-3.20336 -6.1
-3.20312 -6.3
-3.20288 -6.5
-3.20263 -6.6
-3.20239 -6.8
-3.20214 -6.9
-3.2019 -7.1
-3.20165 -7.2
-3.20141 -7.3
-3.20117 -7.4
-3.20092 -7.4
-3.20068 -7.5
-3.20043 -7.5
-3.20019 -7.5
-3.19995 -7.5
-3.1997 -7.5
-3.19946 -7.4
-3.19921 -7.3
-3.19897 -7.3
-3.19872 -7.2
-3.19848 -7.1
-3.19824 -6.9
-3.19799 -6.8
-3.19775 -6.6
-3.1975 -6.4
-3.19726 -6.2
-3.19702 -6.0
-3.19677 -5.8
-3.19653 -5.6
-3.19628 -5.3
-3.19604 -5.1
-3.1958 -4.8
-3.19555 -4.5
-3.19531 -4.2
-3.19506 -3.9
-3.19482 -3.6
-3.19457 -3.3
-3.19433 -2.9
-3.19409 -2.6
-3.19384 -2.3
-3.1936 -1.9
-3.19335 -1.6
-3.19311 -1.2
-3.19287 -0.8
-3.19262 -0.5
-3.19238 -0.1
-3.19213 0.3
-3.19189 0.6
-3.19164 1.0
-3.1914 1.3
-3.19116 1.7
-3.19091 2.1
-3.19067 2.4
-3.19042 2.7
-3.19018 3.1
-3.18994 3.4
-3.18969 3.7
-3.18945 4.0
-3.1892 4.3
-3.18896 4.6
-3.18871 4.9
-3.18847 5.2
-3.18823 5.4
-3.18798 5.7
-3.18774 5.9
-3.18749 6.1
-3.18725 6.3
-3.18701 6.5
-3.18676 6.7
-3.18652 6.9
-3.18627 7.0
-3.18603 7.1
-3.18579 7.2
-3.18554 7.3
-3.1853 7.4
-3.18505 7.4
-3.18481 7.5
-3.18456 7.5
-3.18432 7.5
-3.18408 7.5
-3.18383 7.4
-3.18359 7.4
-3.18334 7.3
-3.1831 7.2
-3.18286 7.1
-3.18261 7.0
-3.18237 6.9
-3.18212 6.7
-3.18188 6.6
-3.18163 6.4
-3.18139 6.2
-3.18115 6.0
-3.1809 5.7
-3.18066 5.5
-3.18041 5.2
-3.18017 5.0
-3.17993 4.7
-3.17968 4.4
-3.17944 4.1
-3.17919 3.8
-3.17895 3.5
-3.17871 3.1
-3.17846 2.8
-3.17822 2.5
-3.17797 2.1
-3.17773 1.8
-3.17748 1.4
-3.17724 1.0
-3.177 0.7
-3.17675 0.3
-3.17651 0.0
-3.17626 -0.4
-3.17602 -0.8
-3.17578 -1.1
-3.17553 -1.5
-3.17529 -1.9
-3.17504 -2.2
-3.1748 -2.6
-3.17455 -2.9
-3.17431 -3.2
-3.17407 -3.6
-3.17382 -3.9
-3.17358 -4.2
-3.17333 -4.5
-3.17309 -4.8
-3.17285 -5.0
-3.1726 -5.3
-3.17236 -5.6
-3.17211 -5.8
-3.17187 -6.0
-3.17163 -6.2
-3.17138 -6.4
-3.17114 -6.6
-3.17089 -6.8
-3.17065 -6.9
-3.1704 -7.1
-3.17016 -7.2
-3.16992 -7.3
-3.16967 -7.4
-3.16943 -7.4
-3.16918 -7.5
-3.16894 -7.5
-3.1687 -7.5
-3.16845 -7.5
-3.16821 -7.5
-3.16796 -7.4
-3.16772 -7.4
-3.16747 -7.3
-3.16723 -7.2
-3.16699 -7.1
-3.16674 -7.0
-3.1665 -6.8
-3.16625 -6.6
-3.16601 -6.5
-3.16577 -6.3
-3.16552 -6.1
-3.16528 -5.8
-3.16503 -5.6
-3.16479 -5.4
-3.16455 -5.1
-3.1643 -4.8
-3.16406 -4.5
-3.16381 -4.2
-3.16357 -3.9
-3.16332 -3.6
-3.16308 -3.3
-3.16284 -3.0
-3.16259 -2.6
-3.16235 -2.3
-3.1621 -1.9
-3.16186 -1.6
-3.16162 -1.2
-3.16137 -0.8
-3.16113 -0.5
-3.16088 -0.1
-3.16064 0.3
-3.16039 0.6
-3.16015 1.0
-3.15991 1.3
-3.15966 1.7
-3.15942 2.1
-3.15917 2.4
-3.15893 2.8
-3.15869 3.1
-3.15844 3.4
-3.1582 3.7
-3.15795 4.1
-3.15771 4.4
-3.15746 4.7
-3.15722 4.9
-3.15698 5.2
-3.15673 5.5
-3.15649 5.7
-3.15624 5.9
-3.156 6.2
-3.15576 6.4
-3.15551 6.6
-3.15527 6.7
-3.15502 6.9
-3.15478 7.0
-3.15454 7.1
-3.15429 7.2
-3.15405 7.3
-3.1538 7.4
-3.15356 7.5
-3.15331 7.5
-3.15307 7.5
-3.15283 7.5
-3.15258 7.5
-3.15234 7.5
-3.15209 7.4
-3.15185 7.3
-3.15161 7.2
-3.15136 7.1
-3.15112 7.0
-3.15087 6.9
-3.15063 6.7
-3.15038 6.5
-3.15014 6.4
-3.1499 6.2
-3.14965 5.9
-3.14941 5.7
-3.14916 5.5
-3.14892 5.2
-3.14868 4.9
-3.14843 4.6
-3.14819 4.4
-3.14794 4.0
-3.1477 3.7
-3.14746 3.4
-3.14721 3.1
-3.14697 2.7
-3.14672 2.4
-3.14648 2.0
-3.14623 1.7
-3.14599 1.3
-3.14575 1.0
-3.1455 0.6
-3.14526 0.2
-3.14501 -0.1
-3.14477 -0.5
-3.14453 -0.9
-3.14428 -1.2
-3.14404 -1.6
-3.14379 -1.9
-3.14355 -2.3
-3.1433 -2.6
-3.14306 -3.0
-3.14282 -3.3
-3.14257 -3.7
-3.14233 -4.0
-3.14208 -4.3
-3.14184 -4.6
-3.1416 -4.9
-3.14135 -5.1
-3.14111 -5.4
-3.14086 -5.6
-3.14062 -5.9
-3.14038 -6.1
-3.14013 -6.3
-3.13989 -6.5
-3.13964 -6.7
-3.1394 -6.8
-3.13915 -7.0
-3.13891 -7.1
-3.13867 -7.2
-3.13842 -7.3
-3.13818 -7.4
-3.13793 -7.5
-3.13769 -7.5
-3.13745 -7.5
-3.1372 -7.5
-3.13696 -7.5
-3.13671 -7.5
-3.13647 -7.4
-3.13622 -7.4
-3.13598 -7.3
-3.13574 -7.2
-3.13549 -7.1
-3.13525 -6.9
-3.135 -6.8
-3.13476 -6.6
-3.13452 -6.4
-3.13427 -6.2
-3.13403 -6.0
-3.13378 -5.8
-3.13354 -5.5
-3.1333 -5.3
-3.13305 -5.0
-3.13281 -4.7
-3.13256 -4.4
-3.13232 -4.1
-3.13207 -3.8
-3.13183 -3.5
-3.13159 -3.2
-3.13134 -2.8
-3.1311 -2.5
-3.13085 -2.1
-3.13061 -1.8
-3.13037 -1.4
-3.13012 -1.0
-3.12988 -0.7
-3.12963 -0.3
-3.12939 0.0
-3.12914 0.4
-3.1289 0.8
-3.12866 1.2
-3.12841 1.5
-3.12817 1.9
-3.12792 2.2
-3.12768 2.6
-3.12744 2.9
-3.12719 3.3
-3.12695 3.6
-3.1267 3.9
-3.12646 4.2
-3.12621 4.5
-3.12597 4.8
-3.12573 5.1
-3.12548 5.4
-3.12524 5.6
-3.12499 5.8
-3.12475 6.1
-3.12451 6.3
-3.12426 6.5
-3.12402 6.7
-3.12377 6.8
-3.12353 7.0
-3.12329 7.1
-3.12304 7.2
-3.1228 7.3
-3.12255 7.4
-3.12231 7.5
-3.12206 7.5
-3.12182 7.5
-3.12158 7.5
-3.12133 7.5
-3.12109 7.5
-3.12084 7.4
-3.1206 7.4
-3.12036 7.3
-3.12011 7.2
-3.11987 7.1
-3.11962 6.9
-3.11938 6.8
-3.11913 6.6
-3.11889 6.4
-3.11865 6.2
-3.1184 6.0
-3.11816 5.8
-3.11791 5.6
-3.11767 5.3
-3.11743 5.0
-3.11718 4.8
-3.11694 4.5
-3.11669 4.2
-3.11645 3.9
-3.11621 3.5
-3.11596 3.2
-3.11572 2.9
-3.11547 2.5
-3.11523 2.2
-3.11498 1.8
-3.11474 1.4
-3.1145 1.1
-3.11425 0.7
-3.11401 0.3
-3.11376 0.0
-3.11352 -0.4
-3.11328 -0.8
-3.11303 -1.1
-3.11279 -1.5
-3.11254 -1.9
-3.1123 -2.2
-3.11205 -2.6
-3.11181 -2.9
-3.11157 -3.2
-3.11132 -3.6
-3.11108 -3.9
-3.11083 -4.2
-3.11059 -4.5
-3.11035 -4.8
-3.1101 -5.1
-3.10986 -5.3
-3.10961 -5.6
-3.10937 -5.8
-3.10913 -6.1
-3.10888 -6.3
-3.10864 -6.5
-3.10839 -6.7
-3.10815 -6.8
-3.1079 -7.0
-3.10766 -7.1
-3.10742 -7.2
-3.10717 -7.3
-3.10693 -7.4
-3.10668 -7.5
-3.10644 -7.5
-3.1062 -7.5
-3.10595 -7.5
-3.10571 -7.5
-3.10546 -7.5
-3.10522 -7.5
-3.10497 -7.4
-3.10473 -7.3
-3.10449 -7.2
-3.10424 -7.1
-3.104 -7.0
-3.10375 -6.8
-3.10351 -6.6
-3.10327 -6.5
-3.10302 -6.3
-3.10278 -6.0
-3.10253 -5.8
-3.10229 -5.6
-3.10205 -5.3
-3.1018 -5.0
-3.10156 -4.8
-3.10131 -4.5
-3.10107 -4.2
-3.10082 -3.9
-3.10058 -3.5
-3.10034 -3.2
-3.10009 -2.9
-3.09985 -2.5
-3.0996 -2.2
-3.09936 -1.8
-3.09912 -1.4
-3.09887 -1.1
-3.09863 -0.7
-3.09838 -0.3
-3.09814 0.0
-3.09789 0.4
-3.09765 0.8
-3.09741 1.1
-3.09716 1.5
-3.09692 1.9
-3.09667 2.2
-3.09643 2.6
-3.09619 2.9
-3.09594 3.3
-3.0957 3.6
-3.09545 3.9
-3.09521 4.2
-3.09496 4.5
-3.09472 4.8
-3.09448 5.1
-3.09423 5.4
-3.09399 5.6
-3.09374 5.9
-3.0935 6.1
-3.09326 6.3
-3.09301 6.5
-3.09277 6.7
-3.09252 6.8
-3.09228 7.0
-3.09204 7.1
-3.09179 7.2
-3.09155 7.3
-3.0913 7.4
-3.09106 7.5
-3.09081 7.5
-3.09057 7.5
-3.09033 7.6
-3.09008 7.5
-3.08984 7.5
-3.08959 7.5
-3.08935 7.4
-3.08911 7.3
-3.08886 7.2
-3.08862 7.1
-3.08837 7.0
-3.08813 6.8
-3.08788 6.6
-3.08764 6.4
-3.0874 6.2
-3.08715 6.0
-3.08691 5.8
-3.08666 5.6
-3.08642 5.3
-3.08618 5.0
-3.08593 4.7
-3.08569 4.4
-3.08544 4.1
-3.0852 3.8
-3.08496 3.5
-3.08471 3.2
-3.08447 2.8
-3.08422 2.5
-3.08398 2.1
-3.08373 1.8
-3.08349 1.4
-3.08325 1.0
-3.083 0.7
-3.08276 0.3
-3.08251 0.0
-3.08227 -0.5
-3.08203 -0.8
-3.08178 -1.2
-3.08154 -1.6
-3.08129 -1.9
-3.08105 -2.3
-3.0808 -2.6
-3.08056 -3.0
-3.08032 -3.3
-3.08007 -3.6
-3.07983 -4.0
-3.07958 -4.3
-3.07934 -4.6
-3.0791 -4.9
-3.07885 -5.2
-3.07861 -5.4
-3.07836 -5.7
-3.07812 -5.9
-3.07788 -6.1
-3.07763 -6.3
-3.07739 -6.5
-3.07714 -6.7
-3.0769 -6.9
-3.07665 -7.0
-3.07641 -7.2
-3.07617 -7.3
-3.07592 -7.4
-3.07568 -7.4
-3.07543 -7.5
-3.07519 -7.5
-3.07495 -7.6
-3.0747 -7.6
-3.07446 -7.5
-3.07421 -7.5
-3.07397 -7.5
-3.07372 -7.4
-3.07348 -7.3
-3.07324 -7.2
-3.07299 -7.1
-3.07275 -6.9
-3.0725 -6.8
-3.07226 -6.6
-3.07202 -6.4
-3.07177 -6.2
-3.07153 -6.0
-3.07128 -5.8
-3.07104 -5.5
-3.0708 -5.2
-3.07055 -5.0
-3.07031 -4.7
-3.07006 -4.4
-3.06982 -4.1
-3.06957 -3.8
-3.06933 -3.4
-3.06909 -3.1
-3.06884 -2.7
-3.0686 -2.4
-3.06835 -2.0
-3.06811 -1.7
-3.06787 -1.3
-3.06762 -0.9
-3.06738 -0.6
-3.06713 -0.2
-3.06689 0.2
-3.06664 0.6
-3.0664 0.9
-3.06616 1.3
-3.06591 1.7
-3.06567 2.0
-3.06542 2.4
-3.06518 2.7
-3.06494 3.1
-3.06469 3.4
-3.06445 3.7
-3.0642 4.1
-3.06396 4.4
-3.06371 4.7
-3.06347 5.0
-3.06323 5.2
-3.06298 5.5
-3.06274 5.7
-3.06249 6.0
-3.06225 6.2
-3.06201 6.4
-3.06176 6.6
-3.06152 6.8
-3.06127 6.9
-3.06103 7.1
-3.06079 7.2
-3.06054 7.3
-3.0603 7.4
-3.06005 7.5
-3.05981 7.5
-3.05956 7.6
-3.05932 7.6
-3.05908 7.6
-3.05883 7.5
-3.05859 7.5
-3.05834 7.4
-3.0581 7.4
-3.05786 7.3
-3.05761 7.2
-3.05737 7.0
-3.05712 6.9
-3.05688 6.7
-3.05663 6.5
-3.05639 6.4
-3.05615 6.1
-3.0559 5.9
-3.05566 5.7
-3.05541 5.4
-3.05517 5.2
-3.05493 4.9
-3.05468 4.6
-3.05444 4.3
-3.05419 4.0
-3.05395 3.6
-3.05371 3.3
-3.05346 3.0
-3.05322 2.6
-3.05297 2.3
-3.05273 1.9
-3.05248 1.5
-3.05224 1.2
-3.052 0.8
-3.05175 0.4
-3.05151 0.0
-3.05126 -0.3
-3.05102 -0.7
-3.05078 -1.1
-3.05053 -1.4
-3.05029 -1.8
-3.05004 -2.2
-3.0498 -2.5
-3.04955 -2.9
-3.04931 -3.2
-3.04907 -3.5
-3.04882 -3.9
-3.04858 -4.2
-3.04833 -4.5
-3.04809 -4.8
-3.04785 -5.1
-3.0476 -5.4
-3.04736 -5.6
-3.04711 -5.9
-3.04687 -6.1
-3.04663 -6.3
-3.04638 -6.5
-3.04614 -6.7
-3.04589 -6.9
-3.04565 -7.0
-3.0454 -7.1
-3.04516 -7.3
-3.04492 -7.4
-3.04467 -7.4
-3.04443 -7.5
-3.04418 -7.5
-3.04394 -7.6
-3.0437 -7.6
-3.04345 -7.6
-3.04321 -7.5
-3.04296 -7.5
-3.04272 -7.4
-3.04247 -7.3
-3.04223 -7.2
-3.04199 -7.1
-3.04174 -7.0
-3.0415 -6.8
-3.04125 -6.7
-3.04101 -6.5
-3.04077 -6.3
-3.04052 -6.0
-3.04028 -5.8
-3.04003 -5.6
-3.03979 -5.3
-3.03955 -5.0
-3.0393 -4.7
-3.03906 -4.4
-3.03881 -4.1
-3.03857 -3.8
-3.03832 -3.5
-3.03808 -3.1
-3.03784 -2.8
-3.03759 -2.4
-3.03735 -2.1
-3.0371 -1.7
-3.03686 -1.4
-3.03662 -1.0
-3.03637 -0.6
-3.03613 -0.2
-3.03588 0.1
-3.03564 0.5
-3.03539 0.9
-3.03515 1.3
-3.03491 1.6
-3.03466 2.0
-3.03442 2.3
-3.03417 2.7
-3.03393 3.1
-3.03369 3.4
-3.03344 3.7
-3.0332 4.0
-3.03295 4.4
-3.03271 4.7
-3.03246 5.0
-3.03222 5.2
-3.03198 5.5
-3.03173 5.7
-3.03149 6.0
-3.03124 6.2
-3.031 6.4
-3.03076 6.6
-3.03051 6.8
-3.03027 6.9
-3.03002 7.1
-3.02978 7.2
-3.02954 7.3
-3.02929 7.4
-3.02905 7.5
-3.0288 7.5
-3.02856 7.6
-3.02831 7.6
-3.02807 7.6
-3.02783 7.6
-3.02758 7.5
-3.02734 7.5
-3.02709 7.4
-3.02685 7.3
-3.02661 7.2
-3.02636 7.0
-3.02612 6.9
-3.02587 6.7
-3.02563 6.6
-3.02538 6.4
-3.02514 6.1
-3.0249 5.9
-3.02465 5.7
-3.02441 5.4
-3.02416 5.1
-3.02392 4.9
-3.02368 4.6
-3.02343 4.3
-3.02319 3.9
-3.02294 3.6
-3.0227 3.3
-3.02246 2.9
-3.02221 2.6
-3.02197 2.2
-3.02172 1.9
-3.02148 1.5
-3.02123 1.1
-3.02099 0.8
-3.02075 0.4
-3.0205 0.0
-3.02026 -0.4
-3.02001 -0.7
-3.01977 -1.1
-3.01953 -1.5
-3.01928 -1.9
-3.01904 -2.2
-3.01879 -2.6
-3.01855 -2.9
-3.0183 -3.3
-3.01806 -3.6
-3.01782 -3.9
-3.01757 -4.3
-3.01733 -4.6
-3.01708 -4.9
-3.01684 -5.1
-3.0166 -5.4
-3.01635 -5.7
-3.01611 -5.9
-3.01586 -6.1
-3.01562 -6.4
-3.01538 -6.6
-3.01513 -6.7
-3.01489 -6.9
-3.01464 -7.1
-3.0144 -7.2
-3.01415 -7.3
-3.01391 -7.4
-3.01367 -7.5
-3.01342 -7.5
-3.01318 -7.6
-3.01293 -7.6
-3.01269 -7.6
-3.01245 -7.6
-3.0122 -7.5
-3.01196 -7.5
-3.01171 -7.4
-3.01147 -7.3
-3.01122 -7.2
-3.01098 -7.1
-3.01074 -7.0
-3.01049 -6.8
-3.01025 -6.6
-3.01 -6.4
-3.00976 -6.2
-3.00952 -6.0
-3.00927 -5.8
-3.00903 -5.5
-3.00878 -5.2
-3.00854 -5.0
-3.0083 -4.7
-3.00805 -4.4
-3.00781 -4.0
-3.00756 -3.7
-3.00732 -3.4
-3.00707 -3.0
-3.00683 -2.7
-3.00659 -2.3
-3.00634 -2.0
-3.0061 -1.6
-3.00585 -1.2
-3.00561 -0.9
-3.00537 -0.5
-3.00512 -0.1
-3.00488 0.3
-3.00463 0.6
-3.00439 1.0
-3.00414 1.4
-3.0039 1.8
-3.00366 2.1
-3.00341 2.5
-3.00317 2.8
-3.00292 3.2
-3.00268 3.5
-3.00244 3.9
-3.00219 4.2
-3.00195 4.5
-3.0017 4.8
-3.00146 5.1
-3.00121 5.4
-3.00097 5.6
-3.00073 5.9
-3.00048 6.1
-3.00024 6.3
-2.99999 6.5
-2.99975 6.7
-2.99951 6.9
-2.99926 7.0
-2.99902 7.2
-2.99877 7.3
-2.99853 7.4
-2.99829 7.5
-2.99804 7.5
-2.9978 7.6
-2.99755 7.6
-2.99731 7.6
-2.99706 7.6
-2.99682 7.6
-2.99658 7.5
-2.99633 7.4
-2.99609 7.4
-2.99584 7.3
-2.9956 7.1
-2.99536 7.0
-2.99511 6.8
-2.99487 6.7
-2.99462 6.5
-2.99438 6.3
-2.99413 6.0
-2.99389 5.8
-2.99365 5.6
-2.9934 5.3
-2.99316 5.0
-2.99291 4.7
-2.99267 4.4
-2.99243 4.1
-2.99218 3.8
-2.99194 3.4
-2.99169 3.1
-2.99145 2.8
-2.99121 2.4
-2.99096 2.0
-2.99072 1.7
-2.99047 1.3
-2.99023 0.9
-2.98998 0.5
-2.98974 0.2
-2.9895 -0.2
-2.98925 -0.6
-2.98901 -1.0
-2.98876 -1.3
-2.98852 -1.7
-2.98828 -2.1
-2.98803 -2.4
-2.98779 -2.8
-2.98754 -3.2
-2.9873 -3.5
-2.98705 -3.8
-2.98681 -4.1
-2.98657 -4.5
-2.98632 -4.8
-2.98608 -5.1
-2.98583 -5.3
-2.98559 -5.6
-2.98535 -5.8
-2.9851 -6.1
-2.98486 -6.3
-2.98461 -6.5
-2.98437 -6.7
-2.98413 -6.9
-2.98388 -7.0
-2.98364 -7.2
-2.98339 -7.3
-2.98315 -7.4
-2.9829 -7.5
-2.98266 -7.5
-2.98242 -7.6
-2.98217 -7.6
-2.98193 -7.6
-2.98168 -7.6
-2.98144 -7.6
-2.9812 -7.5
-2.98095 -7.5
-2.98071 -7.4
-2.98046 -7.3
-2.98022 -7.2
-2.97997 -7.0
-2.97973 -6.9
-2.97949 -6.7
-2.97924 -6.5
-2.979 -6.3
-2.97875 -6.1
-2.97851 -5.8
-2.97827 -5.6
-2.97802 -5.3
-2.97778 -5.0
-2.97753 -4.7
-2.97729 -4.4
-2.97705 -4.1
-2.9768 -3.8
-2.97656 -3.5
-2.97631 -3.1
-2.97607 -2.8
-2.97582 -2.4
-2.97558 -2.0
-2.97534 -1.7
-2.97509 -1.3
-2.97485 -0.9
-2.9746 -0.6
-2.97436 -0.2
-2.97412 0.2
-2.97387 0.6
-2.97363 1.0
-2.97338 1.3
-2.97314 1.7
-2.97289 2.1
-2.97265 2.4
-2.97241 2.8
-2.97216 3.2
-2.97192 3.5
-2.97167 3.8
-2.97143 4.2
-2.97119 4.5
-2.97094 4.8
-2.9707 5.1
-2.97045 5.3
-2.97021 5.6
-2.96996 5.9
-2.96972 6.1
-2.96948 6.3
-2.96923 6.5
-2.96899 6.7
-2.96874 6.9
-2.9685 7.0
-2.96826 7.2
-2.96801 7.3
-2.96777 7.4
-2.96752 7.5
-2.96728 7.5
-2.96704 7.6
-2.96679 7.6
-2.96655 7.6
-2.9663 7.6
-2.96606 7.6
-2.96581 7.5
-2.96557 7.5
-2.96533 7.4
-2.96508 7.3
-2.96484 7.2
-2.96459 7.0
-2.96435 6.9
-2.96411 6.7
-2.96386 6.5
-2.96362 6.3
-2.96337 6.1
-2.96313 5.8
-2.96288 5.6
-2.96264 5.3
-2.9624 5.0
-2.96215 4.7
-2.96191 4.4
-2.96166 4.1
-2.96142 3.8
-2.96118 3.4
-2.96093 3.1
-2.96069 2.7
-2.96044 2.4
-2.9602 2.0
-2.95996 1.7
-2.95971 1.3
-2.95947 0.9
-2.95922 0.5
-2.95898 0.1
-2.95873 -0.2
-2.95849 -0.6
-2.95825 -1.0
-2.958 -1.4
-2.95776 -1.8
-2.95751 -2.1
-2.95727 -2.5
-2.95703 -2.8
-2.95678 -3.2
-2.95654 -3.5
-2.95629 -3.9
-2.95605 -4.2
-2.9558 -4.5
-2.95556 -4.8
-2.95532 -5.1
-2.95507 -5.4
-2.95483 -5.6
-2.95458 -5.9
-2.95434 -6.1
-2.9541 -6.3
-2.95385 -6.6
-2.95361 -6.7
-2.95336 -6.9
-2.95312 -7.1
-2.95288 -7.2
-2.95263 -7.3
-2.95239 -7.4
-2.95214 -7.5
-2.9519 -7.6
-2.95165 -7.6
-2.95141 -7.6
-2.95117 -7.6
-2.95092 -7.6
-2.95068 -7.6
-2.95043 -7.5
-2.95019 -7.5
-2.94995 -7.4
-2.9497 -7.3
-2.94946 -7.1
-2.94921 -7.0
-2.94897 -6.8
-2.94872 -6.7
-2.94848 -6.5
-2.94824 -6.3
-2.94799 -6.0
-2.94775 -5.8
-2.9475 -5.5
-2.94726 -5.3
-2.94702 -5.0
-2.94677 -4.7
-2.94653 -4.4
-2.94628 -4.0
-2.94604 -3.7
-2.9458 -3.4
-2.94555 -3.0
-2.94531 -2.7
-2.94506 -2.3
-2.94482 -1.9
-2.94457 -1.6
-2.94433 -1.2
-2.94409 -0.8
-2.94384 -0.4
-2.9436 0.0
-2.94335 0.3
-2.94311 0.7
-2.94287 1.1
-2.94262 1.5
-2.94238 1.8
-2.94213 2.2
-2.94189 2.6
-2.94164 2.9
-2.9414 3.3
-2.94116 3.6
-2.94091 4.0
-2.94067 4.3
-2.94042 4.6
-2.94018 4.9
-2.93994 5.2
-2.93969 5.4
-2.93945 5.7
-2.9392 6.0
-2.93896 6.2
-2.93871 6.4
-2.93847 6.6
-2.93823 6.8
-2.93798 7.0
-2.93774 7.1
-2.93749 7.2
-2.93725 7.4
-2.93701 7.4
-2.93676 7.5
-2.93652 7.6
-2.93627 7.6
-2.93603 7.6
-2.93579 7.6
-2.93554 7.6
-2.9353 7.6
-2.93505 7.5
-2.93481 7.5
-2.93456 7.4
-2.93432 7.2
-2.93408 7.1
-2.93383 7.0
-2.93359 6.8
-2.93334 6.6
-2.9331 6.4
-2.93286 6.2
-2.93261 6.0
-2.93237 5.7
-2.93212 5.5
-2.93188 5.2
-2.93163 4.9
-2.93139 4.6
-2.93115 4.3
-2.9309 4.0
-2.93066 3.6
-2.93041 3.3
-2.93017 2.9
-2.92993 2.6
-2.92968 2.2
-2.92944 1.8
-2.92919 1.5
-2.92895 1.1
-2.92871 0.7
-2.92846 0.3
-2.92822 0.0
-2.92797 -0.5
-2.92773 -0.8
-2.92748 -1.2
-2.92724 -1.6
-2.927 -2.0
-2.92675 -2.3
-2.92651 -2.7
-2.92626 -3.1
-2.92602 -3.4
-2.92578 -3.7
-2.92553 -4.1
-2.92529 -4.4
-2.92504 -4.7
-2.9248 -5.0
-2.92455 -5.3
-2.92431 -5.6
-2.92407 -5.8
-2.92382 -6.1
-2.92358 -6.3
-2.92333 -6.5
-2.92309 -6.7
-2.92285 -6.9
-2.9226 -7.0
-2.92236 -7.2
-2.92211 -7.3
-2.92187 -7.4
-2.92163 -7.5
-2.92138 -7.6
-2.92114 -7.6
-2.92089 -7.6
-2.92065 -7.7
-2.9204 -7.6
-2.92016 -7.6
-2.91992 -7.6
-2.91967 -7.5
-2.91943 -7.4
-2.91918 -7.3
-2.91894 -7.2
-2.9187 -7.1
-2.91845 -6.9
-2.91821 -6.7
-2.91796 -6.5
-2.91772 -6.3
-2.91747 -6.1
-2.91723 -5.9
-2.91699 -5.6
-2.91674 -5.3
-2.9165 -5.1
-2.91625 -4.8
-2.91601 -4.5
-2.91577 -4.1
-2.91552 -3.8
-2.91528 -3.5
-2.91503 -3.1
-2.91479 -2.8
-2.91455 -2.4
-2.9143 -2.0
-2.91406 -1.7
-2.91381 -1.3
-2.91357 -0.9
-2.91332 -0.5
-2.91308 -0.1
-2.91284 0.2
-2.91259 0.6
-2.91235 1.0
-2.9121 1.4
-2.91186 1.8
-2.91162 2.1
-2.91137 2.5
-2.91113 2.9
-2.91088 3.2
-2.91064 3.6
-2.91039 3.9
-2.91015 4.2
-2.90991 4.5
-2.90966 4.8
-2.90942 5.1
-2.90917 5.4
-2.90893 5.7
-2.90869 5.9
-2.90844 6.2
-2.9082 6.4
-2.90795 6.6
-2.90771 6.8
-2.90746 7.0
-2.90722 7.1
-2.90698 7.2
-2.90673 7.4
-2.90649 7.5
-2.90624 7.5
-2.906 7.6
-2.90576 7.6
-2.90551 7.7
-2.90527 7.7
-2.90502 7.6
-2.90478 7.6
-2.90454 7.6
-2.90429 7.5
-2.90405 7.4
-2.9038 7.3
-2.90356 7.1
-2.90331 7.0
-2.90307 6.8
-2.90283 6.6
-2.90258 6.4
-2.90234 6.2
-2.90209 6.0
-2.90185 5.7
-2.90161 5.5
-2.90136 5.2
-2.90112 4.9
-2.90087 4.6
-2.90063 4.3
-2.90038 4.0
-2.90014 3.6
-2.8999 3.3
-2.89965 2.9
-2.89941 2.6
-2.89916 2.2
-2.89892 1.8
-2.89868 1.5
-2.89843 1.1
-2.89819 0.7
-2.89794 0.3
-2.8977 0.0
-2.89746 -0.5
-2.89721 -0.9
-2.89697 -1.2
-2.89672 -1.6
-2.89648 -2.0
-2.89623 -2.4
-2.89599 -2.7
-2.89575 -3.1
-2.8955 -3.4
-2.89526 -3.8
-2.89501 -4.1
-2.89477 -4.4
-2.89453 -4.7
-2.89428 -5.0
-2.89404 -5.3
-2.89379 -5.6
-2.89355 -5.8
-2.8933 -6.1
-2.89306 -6.3
-2.89282 -6.5
-2.89257 -6.7
-2.89233 -6.9
-2.89208 -7.1
-2.89184 -7.2
-2.8916 -7.3
-2.89135 -7.4
-2.89111 -7.5
-2.89086 -7.6
-2.89062 -7.6
-2.89038 -7.7
-2.89013 -7.7
-2.88989 -7.7
-2.88964 -7.6
-2.8894 -7.6
-2.88915 -7.5
-2.88891 -7.4
-2.88867 -7.3
-2.88842 -7.2
-2.88818 -7.1
-2.88793 -6.9
-2.88769 -6.7
-2.88745 -6.5
-2.8872 -6.3
-2.88696 -6.1
-2.88671 -5.8
-2.88647 -5.6
-2.88622 -5.3
-2.88598 -5.0
-2.88574 -4.7
-2.88549 -4.4
-2.88525 -4.1
-2.885 -3.7
-2.88476 -3.4
-2.88452 -3.1
-2.88427 -2.7
-2.88403 -2.3
-2.88378 -2.0
-2.88354 -1.6
-2.8833 -1.2
-2.88305 -0.8
-2.88281 -0.4
-2.88256 0.0
-2.88232 0.3
-2.88207 0.7
-2.88183 1.1
-2.88159 1.5
-2.88134 1.9
-2.8811 2.3
-2.88085 2.6
-2.88061 3.0
-2.88037 3.3
-2.88012 3.7
-2.87988 4.0
-2.87963 4.3
-2.87939 4.7
-2.87914 5.0
-2.8789 5.2
-2.87866 5.5
-2.87841 5.8
-2.87817 6.0
-2.87792 6.3
-2.87768 6.5
-2.87744 6.7
-2.87719 6.9
-2.87695 7.0
-2.8767 7.2
-2.87646 7.3
-2.87621 7.4
-2.87597 7.5
-2.87573 7.6
-2.87548 7.6
-2.87524 7.7
-2.87499 7.7
-2.87475 7.7
-2.87451 7.7
-2.87426 7.6
-2.87402 7.5
-2.87377 7.5
-2.87353 7.4
-2.87329 7.2
-2.87304 7.1
-2.8728 6.9
-2.87255 6.8
-2.87231 6.6
-2.87206 6.4
-2.87182 6.1
-2.87158 5.9
-2.87133 5.6
-2.87109 5.4
-2.87084 5.1
-2.8706 4.8
-2.87036 4.5
-2.87011 4.2
-2.86987 3.8
-2.86962 3.5
-2.86938 3.1
-2.86913 2.8
-2.86889 2.4
-2.86865 2.0
-2.8684 1.7
-2.86816 1.3
-2.86791 0.9
-2.86767 0.5
-2.86743 0.1
-2.86718 -0.3
-2.86694 -0.7
-2.86669 -1.1
-2.86645 -1.4
-2.86621 -1.8
-2.86596 -2.2
-2.86572 -2.6
-2.86547 -2.9
-2.86523 -3.3
-2.86498 -3.6
-2.86474 -4.0
-2.8645 -4.3
-2.86425 -4.6
-2.86401 -4.9
-2.86376 -5.2
-2.86352 -5.5
-2.86328 -5.8
-2.86303 -6.0
-2.86279 -6.2
-2.86254 -6.5
-2.8623 -6.7
-2.86205 -6.8
-2.86181 -7.0
-2.86157 -7.2
-2.86132 -7.3
-2.86108 -7.4
-2.86083 -7.5
-2.86059 -7.6
-2.86035 -7.6
-2.8601 -7.7
-2.85986 -7.7
-2.85961 -7.7
-2.85937 -7.7
-2.85913 -7.6
-2.85888 -7.6
-2.85864 -7.5
-2.85839 -7.4
-2.85815 -7.3
-2.8579 -7.1
-2.85766 -7.0
-2.85742 -6.8
-2.85717 -6.6
-2.85693 -6.4
-2.85668 -6.2
-2.85644 -5.9
-2.8562 -5.7
-2.85595 -5.4
-2.85571 -5.1
-2.85546 -4.8
-2.85522 -4.5
-2.85497 -4.2
-2.85473 -3.9
-2.85449 -3.5
-2.85424 -3.2
-2.854 -2.8
-2.85375 -2.4
-2.85351 -2.1
-2.85327 -1.7
-2.85302 -1.3
-2.85278 -0.9
-2.85253 -0.5
-2.85229 -0.1
-2.85205 0.3
-2.8518 0.6
-2.85156 1.0
-2.85131 1.4
-2.85107 1.8
-2.85082 2.2
-2.85058 2.5
-2.85034 2.9
-2.85009 3.3
-2.84985 3.6
-2.8496 4.0
-2.84936 4.3
-2.84912 4.6
-2.84887 4.9
-2.84863 5.2
-2.84838 5.5
-2.84814 5.8
-2.84789 6.0
-2.84765 6.2
-2.84741 6.5
-2.84716 6.7
-2.84692 6.9
-2.84667 7.0
-2.84643 7.2
-2.84619 7.3
-2.84594 7.4
-2.8457 7.5
-2.84545 7.6
-2.84521 7.6
-2.84496 7.7
-2.84472 7.7
-2.84448 7.7
-2.84423 7.7
-2.84399 7.6
-2.84374 7.6
-2.8435 7.5
-2.84326 7.4
-2.84301 7.3
-2.84277 7.1
-2.84252 7.0
-2.84228 6.8
-2.84204 6.6
-2.84179 6.4
-2.84155 6.2
-2.8413 5.9
-2.84106 5.7
-2.84081 5.4
-2.84057 5.1
-2.84033 4.8
-2.84008 4.5
-2.83984 4.2
-2.83959 3.8
-2.83935 3.5
-2.83911 3.2
-2.83886 2.8
-2.83862 2.4
-2.83837 2.0
-2.83813 1.7
-2.83788 1.3
-2.83764 0.9
-2.8374 0.5
-2.83715 0.1
-2.83691 -0.3
-2.83666 -0.7
-2.83642 -1.1
-2.83618 -1.4
-2.83593 -1.8
-2.83569 -2.2
-2.83544 -2.6
-2.8352 -2.9
-2.83496 -3.3
-2.83471 -3.6
-2.83447 -4.0
-2.83422 -4.3
-2.83398 -4.6
-2.83373 -4.9
-2.83349 -5.2
-2.83325 -5.5
-2.833 -5.8
-2.83276 -6.0
-2.83251 -6.3
-2.83227 -6.5
-2.83203 -6.7
-2.83178 -6.9
-2.83154 -7.0
-2.83129 -7.2
-2.83105 -7.3
-2.8308 -7.4
-2.83056 -7.5
-2.83032 -7.6
-2.83007 -7.7
-2.82983 -7.7
-2.82958 -7.7
-2.82934 -7.7
-2.8291 -7.7
-2.82885 -7.6
-2.82861 -7.6
-2.82836 -7.5
-2.82812 -7.4
-2.82788 -7.3
-2.82763 -7.1
-2.82739 -7.0
-2.82714 -6.8
-2.8269 -6.6
-2.82665 -6.4
-2.82641 -6.1
-2.82617 -5.9
-2.82592 -5.6
-2.82568 -5.4
-2.82543 -5.1
-2.82519 -4.8
-2.82495 -4.5
-2.8247 -4.1
-2.82446 -3.8
-2.82421 -3.5
-2.82397 -3.1
-2.82372 -2.7
-2.82348 -2.4
-2.82324 -2.0
-2.82299 -1.6
-2.82275 -1.2
-2.8225 -0.8
-2.82226 -0.4
-2.82202 0.0
-2.82177 0.3
-2.82153 0.7
-2.82128 1.1
-2.82104 1.5
-2.8208 1.9
-2.82055 2.3
-2.82031 2.6
-2.82006 3.0
-2.81982 3.4
-2.81957 3.7
-2.81933 4.1
-2.81909 4.4
-2.81884 4.7
-2.8186 5.0
-2.81835 5.3
-2.81811 5.6
-2.81787 5.8
-2.81762 6.1
-2.81738 6.3
-2.81713 6.5
-2.81689 6.7
-2.81664 6.9
-2.8164 7.1
-2.81616 7.2
-2.81591 7.4
-2.81567 7.5
-2.81542 7.6
-2.81518 7.6
-2.81494 7.7
-2.81469 7.7
-2.81445 7.7
-2.8142 7.7
-2.81396 7.7
-2.81371 7.6
-2.81347 7.6
-2.81323 7.5
-2.81298 7.4
-2.81274 7.2
-2.81249 7.1
-2.81225 6.9
-2.81201 6.7
-2.81176 6.5
-2.81152 6.3
-2.81127 6.1
-2.81103 5.8
-2.81079 5.6
-2.81054 5.3
-2.8103 5.0
-2.81005 4.7
-2.80981 4.4
-2.80956 4.0
-2.80932 3.7
-2.80908 3.4
-2.80883 3.0
-2.80859 2.6
-2.80834 2.3
-2.8081 1.9
-2.80786 1.5
-2.80761 1.1
-2.80737 0.7
-2.80712 0.3
-2.80688 0.0
-2.80663 -0.5
-2.80639 -0.9
-2.80615 -1.2
-2.8059 -1.6
-2.80566 -2.0
-2.80541 -2.4
-2.80517 -2.8
-2.80493 -3.1
-2.80468 -3.5
-2.80444 -3.8
-2.80419 -4.2
-2.80395 -4.5
-2.80371 -4.8
-2.80346 -5.1
-2.80322 -5.4
-2.80297 -5.7
-2.80273 -5.9
-2.80248 -6.2
-2.80224 -6.4
-2.802 -6.6
-2.80175 -6.8
-2.80151 -7.0
-2.80126 -7.2
-2.80102 -7.3
-2.80078 -7.4
-2.80053 -7.5
-2.80029 -7.6
-2.80004 -7.7
-2.7998 -7.7
-2.79955 -7.7
-2.79931 -7.7
-2.79907 -7.7
-2.79882 -7.7
-2.79858 -7.6
-2.79833 -7.5
-2.79809 -7.4
-2.79785 -7.3
-2.7976 -7.2
-2.79736 -7.0
-2.79711 -6.9
-2.79687 -6.7
-2.79663 -6.5
-2.79638 -6.2
-2.79614 -6.0
-2.79589 -5.7
-2.79565 -5.5
-2.7954 -5.2
-2.79516 -4.9
-2.79492 -4.6
-2.79467 -4.3
-2.79443 -3.9
-2.79418 -3.6
-2.79394 -3.2
-2.7937 -2.9
-2.79345 -2.5
-2.79321 -2.1
-2.79296 -1.7
-2.79272 -1.3
-2.79247 -0.9
-2.79223 -0.6
-2.79199 -0.2
-2.79174 0.2
-2.7915 0.6
-2.79125 1.0
-2.79101 1.4
-2.79077 1.8
-2.79052 2.2
-2.79028 2.6
-2.79003 2.9
-2.78979 3.3
-2.78955 3.6
-2.7893 4.0
-2.78906 4.3
-2.78881 4.6
-2.78857 5.0
-2.78832 5.2
-2.78808 5.5
-2.78784 5.8
-2.78759 6.1
-2.78735 6.3
-2.7871 6.5
-2.78686 6.7
-2.78662 6.9
-2.78637 7.1
-2.78613 7.2
-2.78588 7.4
-2.78564 7.5
-2.78539 7.6
-2.78515 7.6
-2.78491 7.7
-2.78466 7.7
-2.78442 7.7
-2.78417 7.7
-2.78393 7.7
-2.78369 7.7
-2.78344 7.6
-2.7832 7.5
-2.78295 7.4
-2.78271 7.3
-2.78246 7.1
-2.78222 7.0
-2.78198 6.8
-2.78173 6.6
-2.78149 6.4
-2.78124 6.1
-2.781 5.9
-2.78076 5.6
-2.78051 5.3
-2.78027 5.0
-2.78002 4.7
-2.77978 4.4
-2.77954 4.1
-2.77929 3.7
-2.77905 3.4
-2.7788 3.0
-2.77856 2.7
-2.77831 2.3
-2.77807 1.9
-2.77783 1.5
-2.77758 1.1
-2.77734 0.7
-2.77709 0.3
-2.77685 0.0
-2.77661 -0.4
-2.77636 -0.8
-2.77612 -1.2
-2.77587 -1.6
-2.77563 -2.0
-2.77538 -2.4
-2.77514 -2.8
-2.7749 -3.1
-2.77465 -3.5
-2.77441 -3.8
-2.77416 -4.2
-2.77392 -4.5
-2.77368 -4.8
-2.77343 -5.1
-2.77319 -5.4
-2.77294 -5.7
-2.7727 -6.0
-2.77246 -6.2
-2.77221 -6.4
-2.77197 -6.6
-2.77172 -6.8
-2.77148 -7.0
-2.77123 -7.2
-2.77099 -7.3
-2.77075 -7.4
-2.7705 -7.5
-2.77026 -7.6
-2.77001 -7.7
-2.76977 -7.7
-2.76953 -7.7
-2.76928 -7.7
-2.76904 -7.7
-2.76879 -7.7
-2.76855 -7.6
-2.7683 -7.6
-2.76806 -7.5
-2.76782 -7.3
-2.76757 -7.2
-2.76733 -7.0
-2.76708 -6.9
-2.76684 -6.7
-2.7666 -6.5
-2.76635 -6.2
-2.76611 -6.0
-2.76586 -5.7
-2.76562 -5.4
-2.76538 -5.2
-2.76513 -4.9
-2.76489 -4.5
-2.76464 -4.2
-2.7644 -3.9
-2.76415 -3.5
-2.76391 -3.2
-2.76367 -2.8
-2.76342 -2.4
-2.76318 -2.0
-2.76293 -1.7
-2.76269 -1.3
-2.76245 -0.9
-2.7622 -0.5
-2.76196 0.0
-2.76171 0.3
-2.76147 0.7
-2.76122 1.1
-2.76098 1.5
-2.76074 1.9
-2.76049 2.3
-2.76025 2.6
-2.76 3.0
-2.75976 3.4
-2.75952 3.7
-2.75927 4.1
-2.75903 4.4
-2.75878 4.7
-2.75854 5.0
-2.7583 5.3
-2.75805 5.6
-2.75781 5.9
-2.75756 6.1
-2.75732 6.4
-2.75707 6.6
-2.75683 6.8
-2.75659 7.0
-2.75634 7.1
-2.7561 7.3
-2.75585 7.4
-2.75561 7.5
-2.75537 7.6
-2.75512 7.7
-2.75488 7.7
-2.75463 7.8
-2.75439 7.8
-2.75414 7.7
-2.7539 7.7
-2.75366 7.7
-2.75341 7.6
-2.75317 7.5
-2.75292 7.4
-2.75268 7.2
-2.75244 7.1
-2.75219 6.9
-2.75195 6.7
-2.7517 6.5
-2.75146 6.3
-2.75121 6.1
-2.75097 5.8
-2.75073 5.5
-2.75048 5.2
-2.75024 4.9
-2.74999 4.6
-2.74975 4.3
-2.74951 4.0
-2.74926 3.6
-2.74902 3.3
-2.74877 2.9
-2.74853 2.5
-2.74829 2.1
-2.74804 1.7
-2.7478 1.4
-2.74755 1.0
-2.74731 0.6
-2.74706 0.2
-2.74682 -0.2
-2.74658 -0.6
-2.74633 -1.0
-2.74609 -1.4
-2.74584 -1.8
-2.7456 -2.2
-2.74536 -2.6
-2.74511 -2.9
-2.74487 -3.3
-2.74462 -3.7
-2.74438 -4.0
-2.74413 -4.4
-2.74389 -4.7
-2.74365 -5.0
-2.7434 -5.3
-2.74316 -5.6
-2.74291 -5.8
-2.74267 -6.1
-2.74243 -6.3
-2.74218 -6.6
-2.74194 -6.8
-2.74169 -7.0
-2.74145 -7.1
-2.74121 -7.3
-2.74096 -7.4
-2.74072 -7.5
-2.74047 -7.6
-2.74023 -7.7
-2.73998 -7.7
-2.73974 -7.8
-2.7395 -7.8
-2.73925 -7.8
-2.73901 -7.7
-2.73876 -7.7
-2.73852 -7.6
-2.73828 -7.5
-2.73803 -7.4
-2.73779 -7.3
-2.73754 -7.1
-2.7373 -7.0
-2.73705 -6.8
-2.73681 -6.6
-2.73657 -6.3
-2.73632 -6.1
-2.73608 -5.8
-2.73583 -5.6
-2.73559 -5.3
-2.73535 -5.0
-2.7351 -4.7
-2.73486 -4.3
-2.73461 -4.0
-2.73437 -3.7
-2.73413 -3.3
-2.73388 -2.9
-2.73364 -2.6
-2.73339 -2.2
-2.73315 -1.8
-2.7329 -1.4
-2.73266 -1.0
-2.73242 -0.6
-2.73217 -0.2
-2.73193 0.2
-2.73168 0.6
-2.73144 1.0
-2.7312 1.4
-2.73095 1.8
-2.73071 2.2
-2.73046 2.5
-2.73022 2.9
-2.72997 3.3
-2.72973 3.6
-2.72949 4.0
-2.72924 4.3
-2.729 4.7
-2.72875 5.0
-2.72851 5.3
-2.72827 5.6
-2.72802 5.8
-2.72778 6.1
-2.72753 6.3
-2.72729 6.6
-2.72705 6.8
-2.7268 7.0
-2.72656 7.1
-2.72631 7.3
-2.72607 7.4
-2.72582 7.5
-2.72558 7.6
-2.72534 7.7
-2.72509 7.7
-2.72485 7.8
-2.7246 7.8
-2.72436 7.8
-2.72412 7.7
-2.72387 7.7
-2.72363 7.6
-2.72338 7.5
-2.72314 7.4
-2.72289 7.3
-2.72265 7.1
-2.72241 7.0
-2.72216 6.8
-2.72192 6.6
-2.72167 6.3
-2.72143 6.1
-2.72119 5.8
-2.72094 5.6
-2.7207 5.3
-2.72045 5.0
-2.72021 4.7
-2.71996 4.3
-2.71972 4.0
-2.71948 3.7
-2.71923 3.3
-2.71899 2.9
-2.71874 2.6
-2.7185 2.2
-2.71826 1.8
-2.71801 1.4
-2.71777 1.0
-2.71752 0.6
-2.71728 0.2
-2.71704 -0.2
-2.71679 -0.6
-2.71655 -1.0
-2.7163 -1.4
-2.71606 -1.8
-2.71581 -2.2
-2.71557 -2.6
-2.71533 -2.9
-2.71508 -3.3
-2.71484 -3.7
-2.71459 -4.0
-2.71435 -4.4
-2.71411 -4.7
-2.71386 -5.0
-2.71362 -5.3
-2.71337 -5.6
-2.71313 -5.9
-2.71288 -6.1
-2.71264 -6.4
-2.7124 -6.6
-2.71215 -6.8
-2.71191 -7.0
-2.71166 -7.1
-2.71142 -7.3
-2.71118 -7.4
-2.71093 -7.5
-2.71069 -7.6
-2.71044 -7.7
-2.7102 -7.8
-2.70996 -7.8
-2.70971 -7.8
-2.70947 -7.8
-2.70922 -7.7
-2.70898 -7.7
-2.70873 -7.6
-2.70849 -7.5
-2.70825 -7.4
-2.708 -7.3
-2.70776 -7.1
-2.70751 -7.0
-2.70727 -6.8
-2.70703 -6.6
-2.70678 -6.3
-2.70654 -6.1
-2.70629 -5.8
-2.70605 -5.5
-2.7058 -5.3
-2.70556 -5.0
-2.70532 -4.6
-2.70507 -4.3
-2.70483 -4.0
-2.70458 -3.6
-2.70434 -3.3
-2.7041 -2.9
-2.70385 -2.5
-2.70361 -2.1
-2.70336 -1.7
-2.70312 -1.3
-2.70288 -0.9
-2.70263 -0.5
-2.70239 -0.1
-2.70214 0.3
-2.7019 0.7
-2.70165 1.1
-2.70141 1.5
-2.70117 1.9
-2.70092 2.2
-2.70068 2.6
-2.70043 3.0
-2.70019 3.4
-2.69995 3.7
-2.6997 4.1
-2.69946 4.4
-2.69921 4.7
-2.69897 5.1
-2.69872 5.4
-2.69848 5.6
-2.69824 5.9
-2.69799 6.2
-2.69775 6.4
-2.6975 6.6
-2.69726 6.8
-2.69702 7.0
-2.69677 7.2
-2.69653 7.3
-2.69628 7.5
-2.69604 7.6
-2.6958 7.7
-2.69555 7.7
-2.69531 7.8
-2.69506 7.8
-2.69482 7.8
-2.69457 7.8
-2.69433 7.7
-2.69409 7.7
-2.69384 7.6
-2.6936 7.5
-2.69335 7.4
-2.69311 7.3
-2.69287 7.1
-2.69262 6.9
-2.69238 6.7
-2.69213 6.5
-2.69189 6.3
-2.69164 6.0
-2.6914 5.8
-2.69116 5.5
-2.69091 5.2
-2.69067 4.9
-2.69042 4.6
-2.69018 4.2
-2.68994 3.9
-2.68969 3.5
-2.68945 3.2
-2.6892 2.8
-2.68896 2.4
-2.68871 2.0
-2.68847 1.6
-2.68823 1.2
-2.68798 0.8
-2.68774 0.4
-2.68749 0.0
-2.68725 -0.4
-2.68701 -0.8
-2.68676 -1.2
-2.68652 -1.6
-2.68627 -2.0
-2.68603 -2.4
-2.68579 -2.7
-2.68554 -3.1
-2.6853 -3.5
-2.68505 -3.8
-2.68481 -4.2
-2.68456 -4.5
-2.68432 -4.8
-2.68408 -5.2
-2.68383 -5.5
-2.68359 -5.7
-2.68334 -6.0
-2.6831 -6.3
-2.68286 -6.5
-2.68261 -6.7
-2.68237 -6.9
-2.68212 -7.1
-2.68188 -7.2
-2.68163 -7.4
-2.68139 -7.5
-2.68115 -7.6
-2.6809 -7.7
-2.68066 -7.8
-2.68041 -7.8
-2.68017 -7.8
-2.67993 -7.8
-2.67968 -7.8
-2.67944 -7.7
-2.67919 -7.7
-2.67895 -7.6
-2.67871 -7.5
-2.67846 -7.4
-2.67822 -7.2
-2.67797 -7.0
-2.67773 -6.9
-2.67748 -6.7
-2.67724 -6.4
-2.677 -6.2
-2.67675 -5.9
-2.67651 -5.7
-2.67626 -5.4
-2.67602 -5.1
-2.67578 -4.8
-2.67553 -4.4
-2.67529 -4.1
-2.67504 -3.8
-2.6748 -3.4
-2.67455 -3.0
-2.67431 -2.7
-2.67407 -2.3
-2.67382 -1.9
-2.67358 -1.5
-2.67333 -1.1
-2.67309 -0.7
-2.67285 -0.3
-2.6726 0.1
-2.67236 0.5
-2.67211 0.9
-2.67187 1.3
-2.67163 1.7
-2.67138 2.1
-2.67114 2.5
-2.67089 2.9
-2.67065 3.3
-2.6704 3.6
-2.67016 4.0
-2.66992 4.3
-2.66967 4.7
-2.66943 5.0
-2.66918 5.3
-2.66894 5.6
-2.6687 5.9
-2.66845 6.1
-2.66821 6.4
-2.66796 6.6
-2.66772 6.8
-2.66747 7.0
-2.66723 7.2
-2.66699 7.3
-2.66674 7.5
-2.6665 7.6
-2.66625 7.7
-2.66601 7.7
-2.66577 7.8
-2.66552 7.8
-2.66528 7.8
-2.66503 7.8
-2.66479 7.8
-2.66455 7.7
-2.6643 7.6
-2.66406 7.6
-2.66381 7.4
-2.66357 7.3
-2.66332 7.1
-2.66308 7.0
-2.66284 6.8
-2.66259 6.6
-2.66235 6.3
-2.6621 6.1
-2.66186 5.8
-2.66162 5.5
-2.66137 5.3
-2.66113 4.9
-2.66088 4.6
-2.66064 4.3
-2.66039 3.9
-2.66015 3.6
-2.65991 3.2
-2.65966 2.8
-2.65942 2.5
-2.65917 2.1
-2.65893 1.7
-2.65869 1.3
-2.65844 0.9
-2.6582 0.5
-2.65795 0.0
-2.65771 -0.3
-2.65746 -0.8
-2.65722 -1.2
-2.65698 -1.6
-2.65673 -2.0
-2.65649 -2.3
-2.65624 -2.7
-2.656 -3.1
-2.65576 -3.5
-2.65551 -3.8
-2.65527 -4.2
-2.65502 -4.5
-2.65478 -4.9
-2.65454 -5.2
-2.65429 -5.5
-2.65405 -5.7
-2.6538 -6.0
-2.65356 -6.3
-2.65331 -6.5
-2.65307 -6.7
-2.65283 -6.9
-2.65258 -7.1
-2.65234 -7.3
-2.65209 -7.4
-2.65185 -7.5
-2.65161 -7.6
-2.65136 -7.7
-2.65112 -7.8
-2.65087 -7.8
-2.65063 -7.8
-2.65038 -7.8
-2.65014 -7.8
-2.6499 -7.8
-2.64965 -7.7
-2.64941 -7.6
-2.64916 -7.5
-2.64892 -7.4
-2.64868 -7.2
-2.64843 -7.1
-2.64819 -6.9
-2.64794 -6.7
-2.6477 -6.4
-2.64746 -6.2
-2.64721 -5.9
-2.64697 -5.7
-2.64672 -5.4
-2.64648 -5.1
-2.64623 -4.8
-2.64599 -4.4
-2.64575 -4.1
-2.6455 -3.7
-2.64526 -3.4
-2.64501 -3.0
-2.64477 -2.6
-2.64453 -2.2
-2.64428 -1.8
-2.64404 -1.4
-2.64379 -1.0
-2.64355 -0.6
-2.6433 -0.2
-2.64306 0.2
-2.64282 0.6
-2.64257 1.0
-2.64233 1.4
-2.64208 1.8
-2.64184 2.2
-2.6416 2.6
-2.64135 3.0
-2.64111 3.4
-2.64086 3.7
-2.64062 4.1
-2.64038 4.4
-2.64013 4.7
-2.63989 5.1
-2.63964 5.4
-2.6394 5.7
-2.63915 5.9
-2.63891 6.2
-2.63867 6.4
-2.63842 6.7
-2.63818 6.9
-2.63793 7.1
-2.63769 7.2
-2.63745 7.4
-2.6372 7.5
-2.63696 7.6
-2.63671 7.7
-2.63647 7.8
-2.63622 7.8
-2.63598 7.8
-2.63574 7.8
-2.63549 7.8
-2.63525 7.8
-2.635 7.7
-2.63476 7.6
-2.63452 7.5
-2.63427 7.4
-2.63403 7.3
-2.63378 7.1
-2.63354 6.9
-2.6333 6.7
-2.63305 6.5
-2.63281 6.3
-2.63256 6.0
-2.63232 5.7
-2.63207 5.5
-2.63183 5.2
-2.63159 4.8
-2.63134 4.5
-2.6311 4.2
-2.63085 3.8
-2.63061 3.5
-2.63037 3.1
-2.63012 2.7
-2.62988 2.3
-2.62963 1.9
-2.62939 1.5
-2.62914 1.1
-2.6289 0.7
-2.62866 0.3
-2.62841 -0.1
-2.62817 -0.5
-2.62792 -0.9
-2.62768 -1.3
-2.62744 -1.7
-2.62719 -2.1
-2.62695 -2.5
-2.6267 -2.9
-2.62646 -3.3
-2.62621 -3.6
-2.62597 -4.0
-2.62573 -4.4
-2.62548 -4.7
-2.62524 -5.0
-2.62499 -5.3
-2.62475 -5.6
-2.62451 -5.9
-2.62426 -6.2
-2.62402 -6.4
-2.62377 -6.6
-2.62353 -6.8
-2.62329 -7.0
-2.62304 -7.2
-2.6228 -7.4
-2.62255 -7.5
-2.62231 -7.6
-2.62206 -7.7
-2.62182 -7.8
-2.62158 -7.8
-2.62133 -7.8
-2.62109 -7.9
-2.62084 -7.8
-2.6206 -7.8
-2.62036 -7.7
-2.62011 -7.7
-2.61987 -7.6
-2.61962 -7.4
-2.61938 -7.3
-2.61913 -7.1
-2.61889 -7.0
-2.61865 -6.8
-2.6184 -6.6
-2.61816 -6.3
-2.61791 -6.1
-2.61767 -5.8
-2.61743 -5.5
-2.61718 -5.2
-2.61694 -4.9
-2.61669 -4.6
-2.61645 -4.2
-2.61621 -3.9
-2.61596 -3.5
-2.61572 -3.1
-2.61547 -2.8
-2.61523 -2.4
-2.61498 -2.0
-2.61474 -1.6
-2.6145 -1.2
-2.61425 -0.8
-2.61401 -0.4
-2.61376 0.0
-2.61352 0.5
-2.61328 0.9
-2.61303 1.3
-2.61279 1.7
-2.61254 2.1
-2.6123 2.5
-2.61205 2.9
-2.61181 3.2
-2.61157 3.6
-2.61132 4.0
-2.61108 4.3
-2.61083 4.7
-2.61059 5.0
-2.61035 5.3
-2.6101 5.6
-2.60986 5.9
-2.60961 6.1
-2.60937 6.4
-2.60913 6.6
-2.60888 6.8
-2.60864 7.0
-2.60839 7.2
-2.60815 7.4
-2.6079 7.5
-2.60766 7.6
-2.60742 7.7
-2.60717 7.8
-2.60693 7.8
-2.60668 7.9
-2.60644 7.9
-2.6062 7.9
-2.60595 7.8
-2.60571 7.8
-2.60546 7.7
-2.60522 7.6
-2.60497 7.5
-2.60473 7.3
-2.60449 7.2
-2.60424 7.0
-2.604 6.8
-2.60375 6.6
-2.60351 6.3
-2.60327 6.1
-2.60302 5.8
-2.60278 5.5
-2.60253 5.2
-2.60229 4.9
-2.60205 4.6
-2.6018 4.2
-2.60156 3.9
-2.60131 3.5
-2.60107 3.1
-2.60082 2.8
-2.60058 2.4
-2.60034 2.0
-2.60009 1.6
-2.59985 1.2
-2.5996 0.8
-2.59936 0.4
-2.59912 0.0
-2.59887 -0.5
-2.59863 -0.9
-2.59838 -1.3
-2.59814 -1.7
-2.59789 -2.1
-2.59765 -2.5
-2.59741 -2.9
-2.59716 -3.3
-2.59692 -3.6
-2.59667 -4.0
-2.59643 -4.3
-2.59619 -4.7
-2.59594 -5.0
-2.5957 -5.3
-2.59545 -5.6
-2.59521 -5.9
-2.59496 -6.2
-2.59472 -6.4
-2.59448 -6.6
-2.59423 -6.9
-2.59399 -7.0
-2.59374 -7.2
-2.5935 -7.4
-2.59326 -7.5
-2.59301 -7.6
-2.59277 -7.7
-2.59252 -7.8
-2.59228 -7.8
-2.59204 -7.9
-2.59179 -7.9
-2.59155 -7.9
-2.5913 -7.8
-2.59106 -7.8
-2.59081 -7.7
-2.59057 -7.6
-2.59033 -7.5
-2.59008 -7.3
-2.58984 -7.2
-2.58959 -7.0
-2.58935 -6.8
-2.58911 -6.6
-2.58886 -6.3
-2.58862 -6.1
-2.58837 -5.8
-2.58813 -5.5
-2.58788 -5.2
-2.58764 -4.9
-2.5874 -4.5
-2.58715 -4.2
-2.58691 -3.8
-2.58666 -3.5
-2.58642 -3.1
-2.58618 -2.7
-2.58593 -2.3
-2.58569 -1.9
-2.58544 -1.5
-2.5852 -1.1
-2.58496 -0.7
-2.58471 -0.3
-2.58447 0.1
-2.58422 0.5
-2.58398 0.9
-2.58373 1.4
-2.58349 1.8
-2.58325 2.2
-2.583 2.6
-2.58276 2.9
-2.58251 3.3
-2.58227 3.7
-2.58203 4.1
-2.58178 4.4
-2.58154 4.7
-2.58129 5.1
-2.58105 5.4
-2.5808 5.7
-2.58056 6.0
-2.58032 6.2
-2.58007 6.5
-2.57983 6.7
-2.57958 6.9
-2.57934 7.1
-2.5791 7.3
-2.57885 7.4
-2.57861 7.5
-2.57836 7.7
-2.57812 7.7
-2.57788 7.8
-2.57763 7.9
-2.57739 7.9
-2.57714 7.9
-2.5769 7.9
-2.57665 7.8
-2.57641 7.8
-2.57617 7.7
-2.57592 7.6
-2.57568 7.4
-2.57543 7.3
-2.57519 7.1
-2.57495 6.9
-2.5747 6.7
-2.57446 6.5
-2.57421 6.3
-2.57397 6.0
-2.57372 5.7
-2.57348 5.4
-2.57324 5.1
-2.57299 4.8
-2.57275 4.5
-2.5725 4.1
-2.57226 3.8
-2.57202 3.4
-2.57177 3.0
-2.57153 2.6
-2.57128 2.2
-2.57104 1.8
-2.5708 1.4
-2.57055 1.0
-2.57031 0.6
-2.57006 0.2
-2.56982 -0.2
-2.56957 -0.6
-2.56933 -1.1
-2.56909 -1.5
-2.56884 -1.9
-2.5686 -2.3
-2.56835 -2.7
-2.56811 -3.1
-2.56787 -3.4
-2.56762 -3.8
-2.56738 -4.2
-2.56713 -4.5
-2.56689 -4.8
-2.56664 -5.2
-2.5664 -5.5
-2.56616 -5.8
-2.56591 -6.0
-2.56567 -6.3
-2.56542 -6.5
-2.56518 -6.8
-2.56494 -7.0
-2.56469 -7.2
-2.56445 -7.3
-2.5642 -7.5
-2.56396 -7.6
-2.56371 -7.7
-2.56347 -7.8
-2.56323 -7.8
-2.56298 -7.9
-2.56274 -7.9
-2.56249 -7.9
-2.56225 -7.9
-2.56201 -7.8
-2.56176 -7.7
-2.56152 -7.7
-2.56127 -7.5
-2.56103 -7.4
-2.56079 -7.3
-2.56054 -7.1
-2.5603 -6.9
-2.56005 -6.7
-2.55981 -6.4
-2.55956 -6.2
-2.55932 -5.9
-2.55908 -5.6
-2.55883 -5.3
-2.55859 -5.0
-2.55834 -4.7
-2.5581 -4.4
-2.55786 -4.0
-2.55761 -3.6
-2.55737 -3.3
-2.55712 -2.9
-2.55688 -2.5
-2.55663 -2.1
-2.55639 -1.7
-2.55615 -1.3
-2.5559 -0.9
-2.55566 -0.4
-2.55541 0.0
-2.55517 0.4
-2.55493 0.8
-2.55468 1.2
-2.55444 1.6
-2.55419 2.0
-2.55395 2.4
-2.55371 2.8
-2.55346 3.2
-2.55322 3.6
-2.55297 4.0
-2.55273 4.3
-2.55248 4.6
-2.55224 5.0
-2.552 5.3
-2.55175 5.6
-2.55151 5.9
-2.55126 6.2
-2.55102 6.4
-2.55078 6.6
-2.55053 6.9
-2.55029 7.1
-2.55004 7.2
-2.5498 7.4
-2.54955 7.5
-2.54931 7.6
-2.54907 7.7
-2.54882 7.8
-2.54858 7.9
-2.54833 7.9
-2.54809 7.9
-2.54785 7.9
-2.5476 7.9
-2.54736 7.8
-2.54711 7.7
-2.54687 7.6
-2.54663 7.5
-2.54638 7.3
-2.54614 7.2
-2.54589 7.0
-2.54565 6.8
-2.5454 6.6
-2.54516 6.3
-2.54492 6.1
-2.54467 5.8
-2.54443 5.5
-2.54418 5.2
-2.54394 4.9
-2.5437 4.5
-2.54345 4.2
-2.54321 3.8
-2.54296 3.5
-2.54272 3.1
-2.54247 2.7
-2.54223 2.3
-2.54199 1.9
-2.54174 1.5
-2.5415 1.1
-2.54125 0.7
-2.54101 0.2
-2.54077 -0.2
-2.54052 -0.6
-2.54028 -1.0
-2.54003 -1.4
-2.53979 -1.8
-2.53955 -2.2
-2.5393 -2.6
-2.53906 -3.0
-2.53881 -3.4
-2.53857 -3.8
-2.53832 -4.1
-2.53808 -4.5
-2.53784 -4.8
-2.53759 -5.2
-2.53735 -5.5
-2.5371 -5.8
-2.53686 -6.0
-2.53662 -6.3
-2.53637 -6.5
-2.53613 -6.8
-2.53588 -7.0
-2.53564 -7.2
-2.53539 -7.3
-2.53515 -7.5
-2.53491 -7.6
-2.53466 -7.7
-2.53442 -7.8
-2.53417 -7.9
-2.53393 -7.9
-2.53369 -7.9
-2.53344 -7.9
-2.5332 -7.9
-2.53295 -7.8
-2.53271 -7.8
-2.53246 -7.7
-2.53222 -7.6
-2.53198 -7.4
-2.53173 -7.3
-2.53149 -7.1
-2.53124 -6.9
-2.531 -6.7
-2.53076 -6.4
-2.53051 -6.2
-2.53027 -5.9
-2.53002 -5.6
-2.52978 -5.3
-2.52954 -5.0
-2.52929 -4.7
-2.52905 -4.3
-2.5288 -4.0
-2.52856 -3.6
-2.52831 -3.2
-2.52807 -2.8
-2.52783 -2.5
-2.52758 -2.0
-2.52734 -1.6
-2.52709 -1.2
-2.52685 -0.8
-2.52661 -0.4
-2.52636 0.0
-2.52612 0.4
-2.52587 0.9
-2.52563 1.3
-2.52538 1.7
-2.52514 2.1
-2.5249 2.5
-2.52465 2.9
-2.52441 3.3
-2.52416 3.7
-2.52392 4.0
-2.52368 4.4
-2.52343 4.7
-2.52319 5.1
-2.52294 5.4
-2.5227 5.7
-2.52246 6.0
-2.52221 6.2
-2.52197 6.5
-2.52172 6.7
-2.52148 6.9
-2.52123 7.1
-2.52099 7.3
-2.52075 7.4
-2.5205 7.6
-2.52026 7.7
-2.52001 7.8
-2.51977 7.9
-2.51953 7.9
-2.51928 7.9
-2.51904 7.9
-2.51879 7.9
-2.51855 7.9
-2.5183 7.8
-2.51806 7.7
-2.51782 7.6
-2.51757 7.5
-2.51733 7.3
-2.51708 7.2
-2.51684 7.0
-2.5166 6.7
-2.51635 6.5
-2.51611 6.3
-2.51586 6.0
-2.51562 5.7
-2.51538 5.4
-2.51513 5.1
-2.51489 4.8
-2.51464 4.4
-2.5144 4.1
-2.51415 3.7
-2.51391 3.3
-2.51367 3.0
-2.51342 2.6
-2.51318 2.2
-2.51293 1.7
-2.51269 1.3
-2.51245 0.9
-2.5122 0.5
-2.51196 0.0
-2.51171 -0.3
-2.51147 -0.8
-2.51122 -1.2
-2.51098 -1.6
-2.51074 -2.0
-2.51049 -2.4
-2.51025 -2.8
-2.51 -3.2
-2.50976 -3.6
-2.50952 -3.9
-2.50927 -4.3
-2.50903 -4.7
-2.50878 -5.0
-2.50854 -5.3
-2.5083 -5.6
-2.50805 -5.9
-2.50781 -6.2
-2.50756 -6.4
-2.50732 -6.7
-2.50707 -6.9
-2.50683 -7.1
-2.50659 -7.3
-2.50634 -7.4
-2.5061 -7.6
-2.50585 -7.7
-2.50561 -7.8
-2.50537 -7.9
-2.50512 -7.9
-2.50488 -7.9
-2.50463 -7.9
-2.50439 -7.9
-2.50414 -7.9
-2.5039 -7.8
-2.50366 -7.7
-2.50341 -7.6
-2.50317 -7.5
-2.50292 -7.4
-2.50268 -7.2
-2.50244 -7.0
-2.50219 -6.8
-2.50195 -6.6
-2.5017 -6.3
-2.50146 -6.1
-2.50121 -5.8
-2.50097 -5.5
-2.50073 -5.2
-2.50048 -4.8
-2.50024 -4.5
-2.49999 -4.1
-2.49975 -3.8
-2.49951 -3.4
-2.49926 -3.0
-2.49902 -2.6
-2.49877 -2.2
-2.49853 -1.8
-2.49829 -1.4
-2.49804 -1.0
-2.4978 -0.6
-2.49755 -0.1
-2.49731 0.3
-2.49706 0.7
-2.49682 1.1
-2.49658 1.6
-2.49633 2.0
-2.49609 2.4
-2.49584 2.8
-2.4956 3.2
-2.49536 3.5
-2.49511 3.9
-2.49487 4.3
-2.49462 4.6
-2.49438 5.0
-2.49413 5.3
-2.49389 5.6
-2.49365 5.9
-2.4934 6.2
-2.49316 6.4
-2.49291 6.7
-2.49267 6.9
-2.49243 7.1
-2.49218 7.3
-2.49194 7.4
-2.49169 7.6
-2.49145 7.7
-2.49121 7.8
-2.49096 7.9
-2.49072 7.9
-2.49047 7.9
-2.49023 7.9
-2.48998 7.9
-2.48974 7.9
-2.4895 7.8
-2.48925 7.8
-2.48901 7.6
-2.48876 7.5
-2.48852 7.4
-2.48828 7.2
-2.48803 7.0
-2.48779 6.8
-2.48754 6.6
-2.4873 6.3
-2.48705 6.1
-2.48681 5.8
-2.48657 5.5
-2.48632 5.2
-2.48608 4.8
-2.48583 4.5
-2.48559 4.2
-2.48535 3.8
-2.4851 3.4
-2.48486 3.0
-2.48461 2.6
-2.48437 2.2
-2.48413 1.8
-2.48388 1.4
-2.48364 1.0
-2.48339 0.6
-2.48315 0.1
-2.4829 -0.3
-2.48266 -0.7
-2.48242 -1.1
-2.48217 -1.6
-2.48193 -2.0
-2.48168 -2.4
-2.48144 -2.8
-2.4812 -3.2
-2.48095 -3.6
-2.48071 -3.9
-2.48046 -4.3
-2.48022 -4.6
-2.47997 -5.0
-2.47973 -5.3
-2.47949 -5.6
-2.47924 -5.9
-2.479 -6.2
-2.47875 -6.4
-2.47851 -6.7
-2.47827 -6.9
-2.47802 -7.1
-2.47778 -7.3
-2.47753 -7.4
-2.47729 -7.6
-2.47705 -7.7
-2.4768 -7.8
-2.47656 -7.9
-2.47631 -7.9
-2.47607 -8.0
-2.47582 -8.0
-2.47558 -7.9
-2.47534 -7.9
-2.47509 -7.8
-2.47485 -7.8
-2.4746 -7.7
-2.47436 -7.5
-2.47412 -7.4
-2.47387 -7.2
-2.47363 -7.0
-2.47338 -6.8
-2.47314 -6.6
-2.47289 -6.3
-2.47265 -6.1
-2.47241 -5.8
-2.47216 -5.5
-2.47192 -5.2
-2.47167 -4.8
-2.47143 -4.5
-2.47119 -4.1
-2.47094 -3.7
-2.4707 -3.4
-2.47045 -3.0
-2.47021 -2.6
-2.46996 -2.2
-2.46972 -1.8
-2.46948 -1.3
-2.46923 -0.9
-2.46899 -0.5
-2.46874 0.0
-2.4685 0.4
-2.46826 0.8
-2.46801 1.2
-2.46777 1.6
-2.46752 2.0
-2.46728 2.4
-2.46704 2.8
-2.46679 3.2
-2.46655 3.6
-2.4663 4.0
-2.46606 4.4
-2.46581 4.7
-2.46557 5.0
-2.46533 5.4
-2.46508 5.7
-2.46484 6.0
-2.46459 6.2
-2.46435 6.5
-2.46411 6.7
-2.46386 7.0
-2.46362 7.1
-2.46337 7.3
-2.46313 7.5
-2.46288 7.6
-2.46264 7.7
-2.4624 7.8
-2.46215 7.9
-2.46191 7.9
-2.46166 8.0
-2.46142 8.0
-2.46118 7.9
-2.46093 7.9
-2.46069 7.8
-2.46044 7.7
-2.4602 7.6
-2.45996 7.5
-2.45971 7.3
-2.45947 7.2
-2.45922 7.0
-2.45898 6.8
-2.45873 6.5
-2.45849 6.3
-2.45825 6.0
-2.458 5.7
-2.45776 5.4
-2.45751 5.1
-2.45727 4.7
-2.45703 4.4
-2.45678 4.0
-2.45654 3.7
-2.45629 3.3
-2.45605 2.9
-2.4558 2.5
-2.45556 2.1
-2.45532 1.7
-2.45507 1.2
-2.45483 0.8
-2.45458 0.4
-2.45434 0.0
-2.4541 -0.5
-2.45385 -0.9
-2.45361 -1.3
-2.45336 -1.7
-2.45312 -2.1
-2.45288 -2.6
-2.45263 -3.0
-2.45239 -3.3
-2.45214 -3.7
-2.4519 -4.1
-2.45165 -4.5
-2.45141 -4.8
-2.45117 -5.1
-2.45092 -5.5
-2.45068 -5.8
-2.45043 -6.1
-2.45019 -6.3
-2.44995 -6.6
-2.4497 -6.8
-2.44946 -7.0
-2.44921 -7.2
-2.44897 -7.4
-2.44872 -7.5
-2.44848 -7.7
-2.44824 -7.8
-2.44799 -7.9
-2.44775 -7.9
-2.4475 -8.0
-2.44726 -8.0
-2.44702 -8.0
-2.44677 -7.9
-2.44653 -7.9
-2.44628 -7.8
-2.44604 -7.7
-2.4458 -7.6
-2.44555 -7.5
-2.44531 -7.3
-2.44506 -7.1
-2.44482 -6.9
-2.44457 -6.7
-2.44433 -6.5
-2.44409 -6.2
-2.44384 -5.9
-2.4436 -5.6
-2.44335 -5.3
-2.44311 -5.0
-2.44287 -4.6
-2.44262 -4.3
-2.44238 -3.9
-2.44213 -3.5
-2.44189 -3.1
-2.44164 -2.7
-2.4414 -2.3
-2.44116 -1.9
-2.44091 -1.5
-2.44067 -1.1
-2.44042 -0.7
-2.44018 -0.2
-2.43994 0.2
-2.43969 0.6
-2.43945 1.1
-2.4392 1.5
-2.43896 1.9
-2.43871 2.3
-2.43847 2.7
-2.43823 3.1
-2.43798 3.5
-2.43774 3.9
-2.43749 4.3
-2.43725 4.6
-2.43701 5.0
-2.43676 5.3
-2.43652 5.6
-2.43627 5.9
-2.43603 6.2
-2.43579 6.4
-2.43554 6.7
-2.4353 6.9
-2.43505 7.1
-2.43481 7.3
-2.43456 7.5
-2.43432 7.6
-2.43408 7.7
-2.43383 7.8
-2.43359 7.9
-2.43334 8.0
-2.4331 8.0
-2.43286 8.0
-2.43261 8.0
-2.43237 7.9
-2.43212 7.9
-2.43188 7.8
-2.43163 7.7
-2.43139 7.6
-2.43115 7.4
-2.4309 7.2
-2.43066 7.0
-2.43041 6.8
-2.43017 6.6
-2.42993 6.3
-2.42968 6.1
-2.42944 5.8
-2.42919 5.5
-2.42895 5.2
-2.42871 4.8
-2.42846 4.5
-2.42822 4.1
-2.42797 3.7
-2.42773 3.3
-2.42748 3.0
-2.42724 2.5
-2.427 2.1
-2.42675 1.7
-2.42651 1.3
-2.42626 0.9
-2.42602 0.4
-2.42578 0.0
-2.42553 -0.4
-2.42529 -0.8
-2.42504 -1.3
-2.4248 -1.7
-2.42455 -2.1
-2.42431 -2.5
-2.42407 -2.9
-2.42382 -3.3
-2.42358 -3.7
-2.42333 -4.1
-2.42309 -4.5
-2.42285 -4.8
-2.4226 -5.1
-2.42236 -5.5
-2.42211 -5.8
-2.42187 -6.1
-2.42163 -6.3
-2.42138 -6.6
-2.42114 -6.8
-2.42089 -7.0
-2.42065 -7.2
-2.4204 -7.4
-2.42016 -7.6
-2.41992 -7.7
-2.41967 -7.8
-2.41943 -7.9
-2.41918 -7.9
-2.41894 -8.0
-2.4187 -8.0
-2.41845 -8.0
-2.41821 -8.0
-2.41796 -7.9
-2.41772 -7.8
-2.41747 -7.7
-2.41723 -7.6
-2.41699 -7.5
-2.41674 -7.3
-2.4165 -7.1
-2.41625 -6.9
-2.41601 -6.7
-2.41577 -6.5
-2.41552 -6.2
-2.41528 -5.9
-2.41503 -5.6
-2.41479 -5.3
-2.41455 -5.0
-2.4143 -4.6
-2.41406 -4.3
-2.41381 -3.9
-2.41357 -3.5
-2.41332 -3.1
-2.41308 -2.7
-2.41284 -2.3
-2.41259 -1.9
-2.41235 -1.5
-2.4121 -1.0
-2.41186 -0.6
-2.41162 -0.2
-2.41137 0.3
-2.41113 0.7
-2.41088 1.1
-2.41064 1.5
-2.41039 2.0
-2.41015 2.4
-2.40991 2.8
-2.40966 3.2
-2.40942 3.6
-2.40917 4.0
-2.40893 4.3
-2.40869 4.7
-2.40844 5.0
-2.4082 5.4
-2.40795 5.7
-2.40771 6.0
-2.40746 6.3
-2.40722 6.5
-2.40698 6.8
-2.40673 7.0
-2.40649 7.2
-2.40624 7.4
-2.406 7.5
-2.40576 7.7
-2.40551 7.8
-2.40527 7.9
-2.40502 7.9
-2.40478 8.0
-2.40454 8.0
-2.40429 8.0
-2.40405 8.0
-2.4038 7.9
-2.40356 7.9
-2.40331 7.8
-2.40307 7.7
-2.40283 7.5
-2.40258 7.4
-2.40234 7.2
-2.40209 7.0
-2.40185 6.8
-2.40161 6.5
-2.40136 6.3
-2.40112 6.0
-2.40087 5.7
-2.40063 5.4
-2.40038 5.1
-2.40014 4.7
-2.3999 4.4
-2.39965 4.0
-2.39941 3.6
-2.39916 3.2
-2.39892 2.8
-2.39868 2.4
-2.39843 2.0
-2.39819 1.6
-2.39794 1.1
-2.3977 0.7
-2.39746 0.3
-2.39721 -0.2
-2.39697 -0.6
-2.39672 -1.0
-2.39648 -1.4
-2.39623 -1.9
-2.39599 -2.3
-2.39575 -2.7
-2.3955 -3.1
-2.39526 -3.5
-2.39501 -3.9
-2.39477 -4.3
-2.39453 -4.6
-2.39428 -5.0
-2.39404 -5.3
-2.39379 -5.6
-2.39355 -5.9
-2.3933 -6.2
-2.39306 -6.5
-2.39282 -6.7
-2.39257 -6.9
-2.39233 -7.2
-2.39208 -7.3
-2.39184 -7.5
-2.3916 -7.6
-2.39135 -7.8
-2.39111 -7.9
-2.39086 -7.9
-2.39062 -8.0
-2.39038 -8.0
-2.39013 -8.0
-2.38989 -8.0
-2.38964 -8.0
-2.3894 -7.9
-2.38915 -7.8
-2.38891 -7.7
-2.38867 -7.6
-2.38842 -7.4
-2.38818 -7.2
-2.38793 -7.0
-2.38769 -6.8
-2.38745 -6.6
-2.3872 -6.3
-2.38696 -6.0
-2.38671 -5.8
-2.38647 -5.4
-2.38622 -5.1
-2.38598 -4.8
-2.38574 -4.4
-2.38549 -4.0
-2.38525 -3.7
-2.385 -3.3
-2.38476 -2.9
-2.38452 -2.5
-2.38427 -2.0
-2.38403 -1.6
-2.38378 -1.2
-2.38354 -0.8
-2.3833 -0.3
-2.38305 0.1
-2.38281 0.5
-2.38256 1.0
-2.38232 1.4
-2.38207 1.8
-2.38183 2.2
-2.38159 2.7
-2.38134 3.1
-2.3811 3.5
-2.38085 3.9
-2.38061 4.2
-2.38037 4.6
-2.38012 4.9
-2.37988 5.3
-2.37963 5.6
-2.37939 5.9
-2.37914 6.2
-2.3789 6.5
-2.37866 6.7
-2.37841 6.9
-2.37817 7.1
-2.37792 7.3
-2.37768 7.5
-2.37744 7.6
-2.37719 7.8
-2.37695 7.9
-2.3767 7.9
-2.37646 8.0
-2.37621 8.0
-2.37597 8.0
-2.37573 8.0
-2.37548 8.0
-2.37524 7.9
-2.37499 7.8
-2.37475 7.7
-2.37451 7.6
-2.37426 7.4
-2.37402 7.3
-2.37377 7.1
-2.37353 6.8
-2.37329 6.6
-2.37304 6.3
-2.3728 6.1
-2.37255 5.8
-2.37231 5.5
-2.37206 5.1
-2.37182 4.8
-2.37158 4.4
-2.37133 4.1
-2.37109 3.7
-2.37084 3.3
-2.3706 2.9
-2.37036 2.5
-2.37011 2.0
-2.36987 1.6
-2.36962 1.2
-2.36938 0.8
-2.36913 0.3
-2.36889 -0.1
-2.36865 -0.5
-2.3684 -1.0
-2.36816 -1.4
-2.36791 -1.8
-2.36767 -2.3
-2.36743 -2.7
-2.36718 -3.1
-2.36694 -3.5
-2.36669 -3.9
-2.36645 -4.2
-2.36621 -4.6
-2.36596 -5.0
-2.36572 -5.3
-2.36547 -5.6
-2.36523 -5.9
-2.36498 -6.2
-2.36474 -6.5
-2.3645 -6.7
-2.36425 -7.0
-2.36401 -7.2
-2.36376 -7.4
-2.36352 -7.5
-2.36328 -7.7
-2.36303 -7.8
-2.36279 -7.9
-2.36254 -8.0
-2.3623 -8.0
-2.36205 -8.0
-2.36181 -8.0
-2.36157 -8.0
-2.36132 -8.0
-2.36108 -7.9
-2.36083 -7.8
-2.36059 -7.7
-2.36035 -7.6
-2.3601 -7.4
-2.35986 -7.2
-2.35961 -7.0
-2.35937 -6.8
-2.35913 -6.6
-2.35888 -6.3
-2.35864 -6.0
-2.35839 -5.7
-2.35815 -5.4
-2.3579 -5.1
-2.35766 -4.7
-2.35742 -4.4
-2.35717 -4.0
-2.35693 -3.6
-2.35668 -3.2
-2.35644 -2.8
-2.3562 -2.4
-2.35595 -2.0
-2.35571 -1.6
-2.35546 -1.1
-2.35522 -0.7
-2.35497 -0.3
-2.35473 0.2
-2.35449 0.6
-2.35424 1.0
-2.354 1.5
-2.35375 1.9
-2.35351 2.3
-2.35327 2.7
-2.35302 3.2
-2.35278 3.5
-2.35253 3.9
-2.35229 4.3
-2.35205 4.7
-2.3518 5.0
-2.35156 5.4
-2.35131 5.7
-2.35107 6.0
-2.35082 6.3
-2.35058 6.5
-2.35034 6.8
-2.35009 7.0
-2.34985 7.2
-2.3496 7.4
-2.34936 7.6
-2.34912 7.7
-2.34887 7.8
-2.34863 7.9
-2.34838 8.0
-2.34814 8.0
-2.34789 8.1
-2.34765 8.1
-2.34741 8.0
-2.34716 8.0
-2.34692 7.9
-2.34667 7.8
-2.34643 7.7
-2.34619 7.6
-2.34594 7.4
-2.3457 7.2
-2.34545 7.0
-2.34521 6.8
-2.34496 6.5
-2.34472 6.3
-2.34448 6.0
-2.34423 5.7
-2.34399 5.4
-2.34374 5.0
-2.3435 4.7
-2.34326 4.3
-2.34301 3.9
-2.34277 3.5
-2.34252 3.1
-2.34228 2.7
-2.34204 2.3
-2.34179 1.9
-2.34155 1.5
-2.3413 1.0
-2.34106 0.6
-2.34081 0.2
-2.34057 -0.3
-2.34033 -0.7
-2.34008 -1.2
-2.33984 -1.6
-2.33959 -2.0
-2.33935 -2.4
-2.33911 -2.9
-2.33886 -3.3
-2.33862 -3.7
-2.33837 -4.1
-2.33813 -4.4
-2.33788 -4.8
-2.33764 -5.1
-2.3374 -5.5
-2.33715 -5.8
-2.33691 -6.1
-2.33666 -6.4
-2.33642 -6.6
-2.33618 -6.9
-2.33593 -7.1
-2.33569 -7.3
-2.33544 -7.5
-2.3352 -7.6
-2.33496 -7.8
-2.33471 -7.9
-2.33447 -8.0
-2.33422 -8.0
-2.33398 -8.1
-2.33373 -8.1
-2.33349 -8.1
-2.33325 -8.0
-2.333 -8.0
-2.33276 -7.9
-2.33251 -7.8
-2.33227 -7.7
-2.33203 -7.5
-2.33178 -7.3
-2.33154 -7.2
-2.33129 -6.9
-2.33105 -6.7
-2.3308 -6.4
-2.33056 -6.2
-2.33032 -5.9
-2.33007 -5.6
-2.32983 -5.2
-2.32958 -4.9
-2.32934 -4.5
-2.3291 -4.2
-2.32885 -3.8
-2.32861 -3.4
-2.32836 -3.0
-2.32812 -2.6
-2.32788 -2.2
-2.32763 -1.7
-2.32739 -1.3
-2.32714 -0.9
-2.3269 -0.4
-2.32665 0.0
-2.32641 0.5
-2.32617 0.9
-2.32592 1.3
-2.32568 1.8
-2.32543 2.2
-2.32519 2.6
-2.32495 3.0
-2.3247 3.4
-2.32446 3.8
-2.32421 4.2
-2.32397 4.6
-2.32372 4.9
-2.32348 5.3
-2.32324 5.6
-2.32299 5.9
-2.32275 6.2
-2.3225 6.5
-2.32226 6.7
-2.32202 7.0
-2.32177 7.2
-2.32153 7.4
-2.32128 7.5
-2.32104 7.7
-2.3208 7.8
-2.32055 7.9
-2.32031 8.0
-2.32006 8.0
-2.31982 8.1
-2.31957 8.1
-2.31933 8.1
-2.31909 8.0
-2.31884 8.0
-2.3186 7.9
-2.31835 7.7
-2.31811 7.6
-2.31787 7.5
-2.31762 7.3
-2.31738 7.1
-2.31713 6.8
-2.31689 6.6
-2.31664 6.3
-2.3164 6.0
-2.31616 5.7
-2.31591 5.4
-2.31567 5.1
-2.31542 4.7
-2.31518 4.4
-2.31494 4.0
-2.31469 3.6
-2.31445 3.2
-2.3142 2.8
-2.31396 2.4
-2.31371 1.9
-2.31347 1.5
-2.31323 1.1
-2.31298 0.6
-2.31274 0.2
-2.31249 -0.3
-2.31225 -0.7
-2.31201 -1.1
-2.31176 -1.6
-2.31152 -2.0
-2.31127 -2.4
-2.31103 -2.8
-2.31079 -3.3
-2.31054 -3.7
-2.3103 -4.0
-2.31005 -4.4
-2.30981 -4.8
-2.30956 -5.1
-2.30932 -5.5
-2.30908 -5.8
-2.30883 -6.1
-2.30859 -6.4
-2.30834 -6.6
-2.3081 -6.9
-2.30786 -7.1
-2.30761 -7.3
-2.30737 -7.5
-2.30712 -7.6
-2.30688 -7.8
-2.30663 -7.9
-2.30639 -8.0
-2.30615 -8.0
-2.3059 -8.1
-2.30566 -8.1
-2.30541 -8.1
-2.30517 -8.1
-2.30493 -8.0
-2.30468 -7.9
-2.30444 -7.8
-2.30419 -7.7
-2.30395 -7.5
-2.30371 -7.4
-2.30346 -7.2
-2.30322 -6.9
-2.30297 -6.7
-2.30273 -6.4
-2.30248 -6.2
-2.30224 -5.9
-2.302 -5.6
-2.30175 -5.2
-2.30151 -4.9
-2.30126 -4.5
-2.30102 -4.1
-2.30078 -3.8
-2.30053 -3.4
-2.30029 -2.9
-2.30004 -2.5
-2.2998 -2.1
-2.29955 -1.7
-2.29931 -1.2
-2.29907 -0.8
-2.29882 -0.4
-2.29858 0.0
-2.29833 0.5
-2.29809 1.0
-2.29785 1.4
-2.2976 1.9
-2.29736 2.3
-2.29711 2.7
-2.29687 3.1
-2.29663 3.5
-2.29638 3.9
-2.29614 4.3
-2.29589 4.7
-2.29565 5.0
-2.2954 5.4
-2.29516 5.7
-2.29492 6.0
-2.29467 6.3
-2.29443 6.6
-2.29418 6.8
-2.29394 7.0
-2.2937 7.3
-2.29345 7.4
-2.29321 7.6
-2.29296 7.8
-2.29272 7.9
-2.29247 8.0
-2.29223 8.0
-2.29199 8.1
-2.29174 8.1
-2.2915 8.1
-2.29125 8.1
-2.29101 8.0
-2.29077 8.0
-2.29052 7.9
-2.29028 7.7
-2.29003 7.6
-2.28979 7.4
-2.28955 7.2
-2.2893 7.0
-2.28906 6.8
-2.28881 6.5
-2.28857 6.3
-2.28832 6.0
-2.28808 5.6
-2.28784 5.3
-2.28759 5.0
-2.28735 4.6
-2.2871 4.2
-2.28686 3.9
-2.28662 3.5
-2.28637 3.1
-2.28613 2.6
-2.28588 2.2
-2.28564 1.8
-2.28539 1.3
-2.28515 0.9
-2.28491 0.5
-2.28466 0.0
-2.28442 -0.4
-2.28417 -0.9
-2.28393 -1.3
-2.28369 -1.8
-2.28344 -2.2
-2.2832 -2.6
-2.28295 -3.0
-2.28271 -3.4
-2.28246 -3.8
-2.28222 -4.2
-2.28198 -4.6
-2.28173 -5.0
-2.28149 -5.3
-2.28124 -5.6
-2.281 -6.0
-2.28076 -6.2
-2.28051 -6.5
-2.28027 -6.8
-2.28002 -7.0
-2.27978 -7.2
-2.27954 -7.4
-2.27929 -7.6
-2.27905 -7.7
-2.2788 -7.9
-2.27856 -8.0
-2.27831 -8.0
-2.27807 -8.1
-2.27783 -8.1
-2.27758 -8.1
-2.27734 -8.1
-2.27709 -8.0
-2.27685 -8.0
-2.27661 -7.9
-2.27636 -7.8
-2.27612 -7.6
-2.27587 -7.5
-2.27563 -7.3
-2.27538 -7.1
-2.27514 -6.8
-2.2749 -6.6
-2.27465 -6.3
-2.27441 -6.0
-2.27416 -5.7
-2.27392 -5.4
-2.27368 -5.0
-2.27343 -4.7
-2.27319 -4.3
-2.27294 -3.9
-2.2727 -3.5
-2.27246 -3.1
-2.27221 -2.7
-2.27197 -2.3
-2.27172 -1.8
-2.27148 -1.4
-2.27123 -0.9
-2.27099 -0.5
-2.27075 0.0
-2.2705 0.4
-2.27026 0.8
-2.27001 1.3
-2.26977 1.7
-2.26953 2.2
-2.26928 2.6
-2.26904 3.0
-2.26879 3.4
-2.26855 3.8
-2.2683 4.2
-2.26806 4.6
-2.26782 5.0
-2.26757 5.3
-2.26733 5.6
-2.26708 5.9
-2.26684 6.2
-2.2666 6.5
-2.26635 6.8
-2.26611 7.0
-2.26586 7.2
-2.26562 7.4
-2.26538 7.6
-2.26513 7.7
-2.26489 7.9
-2.26464 8.0
-2.2644 8.0
-2.26415 8.1
-2.26391 8.1
-2.26367 8.1
-2.26342 8.1
-2.26318 8.1
-2.26293 8.0
-2.26269 7.9
-2.26245 7.8
-2.2622 7.6
-2.26196 7.5
-2.26171 7.3
-2.26147 7.1
-2.26122 6.8
-2.26098 6.6
-2.26074 6.3
-2.26049 6.0
-2.26025 5.7
-2.26 5.4
-2.25976 5.0
-2.25952 4.7
-2.25927 4.3
-2.25903 3.9
-2.25878 3.5
-2.25854 3.1
-2.2583 2.7
-2.25805 2.3
-2.25781 1.8
-2.25756 1.4
-2.25732 0.9
-2.25707 0.5
-2.25683 0.0
-2.25659 -0.4
-2.25634 -0.9
-2.2561 -1.3
-2.25585 -1.7
-2.25561 -2.2
-2.25537 -2.6
-2.25512 -3.0
-2.25488 -3.4
-2.25463 -3.8
-2.25439 -4.2
-2.25414 -4.6
-2.2539 -5.0
-2.25366 -5.3
-2.25341 -5.7
-2.25317 -6.0
-2.25292 -6.3
-2.25268 -6.5
-2.25244 -6.8
-2.25219 -7.0
-2.25195 -7.3
-2.2517 -7.4
-2.25146 -7.6
-2.25121 -7.8
-2.25097 -7.9
-2.25073 -8.0
-2.25048 -8.1
-2.25024 -8.1
-2.24999 -8.1
-2.24975 -8.1
-2.24951 -8.1
-2.24926 -8.1
-2.24902 -8.0
-2.24877 -7.9
-2.24853 -7.8
-2.24829 -7.6
-2.24804 -7.5
-2.2478 -7.3
-2.24755 -7.1
-2.24731 -6.8
-2.24706 -6.6
-2.24682 -6.3
-2.24658 -6.0
-2.24633 -5.7
-2.24609 -5.3
-2.24584 -5.0
-2.2456 -4.6
-2.24536 -4.3
-2.24511 -3.9
-2.24487 -3.5
-2.24462 -3.0
-2.24438 -2.6
-2.24413 -2.2
-2.24389 -1.8
-2.24365 -1.3
-2.2434 -0.9
-2.24316 -0.4
-2.24291 0.0
-2.24267 0.5
-2.24243 0.9
-2.24218 1.4
-2.24194 1.8
-2.24169 2.3
-2.24145 2.7
-2.24121 3.1
-2.24096 3.5
-2.24072 3.9
-2.24047 4.3
-2.24023 4.7
-2.23998 5.1
-2.23974 5.4
-2.2395 5.7
-2.23925 6.0
-2.23901 6.3
-2.23876 6.6
-2.23852 6.9
-2.23828 7.1
-2.23803 7.3
-2.23779 7.5
-2.23754 7.7
-2.2373 7.8
-2.23705 7.9
-2.23681 8.0
-2.23657 8.1
-2.23632 8.1
-2.23608 8.2
-2.23583 8.1
-2.23559 8.1
-2.23535 8.1
-2.2351 8.0
-2.23486 7.9
-2.23461 7.8
-2.23437 7.6
-2.23413 7.4
-2.23388 7.2
-2.23364 7.0
-2.23339 6.8
-2.23315 6.5
-2.2329 6.2
-2.23266 5.9
-2.23242 5.6
-2.23217 5.3
-2.23193 4.9
-2.23168 4.5
-2.23144 4.2
-2.2312 3.8
-2.23095 3.4
-2.23071 2.9
-2.23046 2.5
-2.23022 2.1
-2.22997 1.6
-2.22973 1.2
-2.22949 0.7
-2.22924 0.3
-2.229 -0.2
-2.22875 -0.6
-2.22851 -1.1
-2.22827 -1.5
-2.22802 -2.0
-2.22778 -2.4
-2.22753 -2.8
-2.22729 -3.2
-2.22705 -3.6
-2.2268 -4.0
-2.22656 -4.4
-2.22631 -4.8
-2.22607 -5.2
-2.22582 -5.5
-2.22558 -5.8
-2.22534 -6.1
-2.22509 -6.4
-2.22485 -6.7
-2.2246 -7.0
-2.22436 -7.2
-2.22412 -7.4
-2.22387 -7.6
-2.22363 -7.7
-2.22338 -7.9
-2.22314 -8.0
-2.22289 -8.1
-2.22265 -8.1
-2.22241 -8.2
-2.22216 -8.2
-2.22192 -8.2
-2.22167 -8.1
-2.22143 -8.1
-2.22119 -8.0
-2.22094 -7.8
-2.2207 -7.7
-2.22045 -7.6
-2.22021 -7.4
-2.21996 -7.2
-2.21972 -6.9
-2.21948 -6.7
-2.21923 -6.4
-2.21899 -6.1
-2.21874 -5.8
-2.2185 -5.5
-2.21826 -5.1
-2.21801 -4.8
-2.21777 -4.4
-2.21752 -4.0
-2.21728 -3.6
-2.21704 -3.2
-2.21679 -2.8
-2.21655 -2.3
-2.2163 -1.9
-2.21606 -1.5
-2.21581 -1.0
-2.21557 -0.6
-2.21533 -0.1
-2.21508 0.4
-2.21484 0.8
-2.21459 1.3
-2.21435 1.7
-2.21411 2.1
-2.21386 2.6
-2.21362 3.0
-2.21337 3.4
-2.21313 3.8
-2.21288 4.2
-2.21264 4.6
-2.2124 5.0
-2.21215 5.3
-2.21191 5.7
-2.21166 6.0
-2.21142 6.3
-2.21118 6.6
-2.21093 6.8
-2.21069 7.1
-2.21044 7.3
-2.2102 7.5
-2.20996 7.7
-2.20971 7.8
-2.20947 7.9
-2.20922 8.0
-2.20898 8.1
-2.20873 8.2
-2.20849 8.2
-2.20825 8.2
-2.208 8.1
-2.20776 8.1
-2.20751 8.0
-2.20727 7.9
-2.20703 7.8
-2.20678 7.6
-2.20654 7.5
-2.20629 7.3
-2.20605 7.1
-2.2058 6.8
-2.20556 6.6
-2.20532 6.3
-2.20507 6.0
-2.20483 5.6
-2.20458 5.3
-2.20434 5.0
-2.2041 4.6
-2.20385 4.2
-2.20361 3.8
-2.20336 3.4
-2.20312 3.0
-2.20288 2.5
-2.20263 2.1
-2.20239 1.7
-2.20214 1.2
-2.2019 0.8
-2.20165 0.3
-2.20141 -0.1
-2.20117 -0.6
-2.20092 -1.1
-2.20068 -1.5
-2.20043 -1.9
-2.20019 -2.4
-2.19995 -2.8
-2.1997 -3.2
-2.19946 -3.7
-2.19921 -4.1
-2.19897 -4.5
-2.19872 -4.8
-2.19848 -5.2
-2.19824 -5.5
-2.19799 -5.9
-2.19775 -6.2
-2.1975 -6.5
-2.19726 -6.7
-2.19702 -7.0
-2.19677 -7.2
-2.19653 -7.4
-2.19628 -7.6
-2.19604 -7.8
-2.1958 -7.9
-2.19555 -8.0
-2.19531 -8.1
-2.19506 -8.1
-2.19482 -8.2
-2.19457 -8.2
-2.19433 -8.2
-2.19409 -8.1
-2.19384 -8.1
-2.1936 -8.0
-2.19335 -7.9
-2.19311 -7.7
-2.19287 -7.6
-2.19262 -7.4
-2.19238 -7.2
-2.19213 -6.9
-2.19189 -6.7
-2.19164 -6.4
-2.1914 -6.1
-2.19116 -5.8
-2.19091 -5.4
-2.19067 -5.1
-2.19042 -4.7
-2.19018 -4.3
-2.18994 -4.0
-2.18969 -3.5
-2.18945 -3.1
-2.1892 -2.7
-2.18896 -2.3
-2.18871 -1.8
-2.18847 -1.4
-2.18823 -0.9
-2.18798 -0.5
-2.18774 0.0
-2.18749 0.5
-2.18725 0.9
-2.18701 1.4
-2.18676 1.8
-2.18652 2.3
-2.18627 2.7
-2.18603 3.1
-2.18579 3.5
-2.18554 3.9
-2.1853 4.3
-2.18505 4.7
-2.18481 5.1
-2.18456 5.4
-2.18432 5.8
-2.18408 6.1
-2.18383 6.4
-2.18359 6.7
-2.18334 6.9
-2.1831 7.2
-2.18286 7.4
-2.18261 7.6
-2.18237 7.7
-2.18212 7.9
-2.18188 8.0
-2.18163 8.1
-2.18139 8.1
-2.18115 8.2
-2.1809 8.2
-2.18066 8.2
-2.18041 8.2
-2.18017 8.1
-2.17993 8.0
-2.17968 7.9
-2.17944 7.8
-2.17919 7.6
-2.17895 7.4
-2.17871 7.2
-2.17846 7.0
-2.17822 6.7
-2.17797 6.5
-2.17773 6.2
-2.17748 5.9
-2.17724 5.5
-2.177 5.2
-2.17675 4.8
-2.17651 4.4
-2.17626 4.0
-2.17602 3.6
-2.17578 3.2
-2.17553 2.8
-2.17529 2.4
-2.17504 1.9
-2.1748 1.5
-2.17455 1.0
-2.17431 0.6
-2.17407 0.0
-2.17382 -0.4
-2.17358 -0.8
-2.17333 -1.3
-2.17309 -1.7
-2.17285 -2.2
-2.1726 -2.6
-2.17236 -3.0
-2.17211 -3.5
-2.17187 -3.9
-2.17163 -4.3
-2.17138 -4.7
-2.17114 -5.0
-2.17089 -5.4
-2.17065 -5.7
-2.1704 -6.0
-2.17016 -6.4
-2.16992 -6.6
-2.16967 -6.9
-2.16943 -7.1
-2.16918 -7.3
-2.16894 -7.5
-2.1687 -7.7
-2.16845 -7.9
-2.16821 -8.0
-2.16796 -8.1
-2.16772 -8.1
-2.16747 -8.2
-2.16723 -8.2
-2.16699 -8.2
-2.16674 -8.2
-2.1665 -8.1
-2.16625 -8.0
-2.16601 -7.9
-2.16577 -7.8
-2.16552 -7.6
-2.16528 -7.5
-2.16503 -7.3
-2.16479 -7.0
-2.16455 -6.8
-2.1643 -6.5
-2.16406 -6.2
-2.16381 -5.9
-2.16357 -5.6
-2.16332 -5.2
-2.16308 -4.9
-2.16284 -4.5
-2.16259 -4.1
-2.16235 -3.7
-2.1621 -3.3
-2.16186 -2.8
-2.16162 -2.4
-2.16137 -2.0
-2.16113 -1.5
-2.16088 -1.0
-2.16064 -0.6
-2.16039 -0.1
-2.16015 0.3
-2.15991 0.8
-2.15966 1.2
-2.15942 1.7
-2.15917 2.2
-2.15893 2.6
-2.15869 3.0
-2.15844 3.5
-2.1582 3.9
-2.15795 4.3
-2.15771 4.7
-2.15746 5.0
-2.15722 5.4
-2.15698 5.7
-2.15673 6.0
-2.15649 6.4
-2.15624 6.6
-2.156 6.9
-2.15576 7.1
-2.15551 7.4
-2.15527 7.6
-2.15502 7.7
-2.15478 7.9
-2.15454 8.0
-2.15429 8.1
-2.15405 8.2
-2.1538 8.2
-2.15356 8.2
-2.15331 8.2
-2.15307 8.2
-2.15283 8.1
-2.15258 8.0
-2.15234 7.9
-2.15209 7.8
-2.15185 7.6
-2.15161 7.5
-2.15136 7.3
-2.15112 7.0
-2.15087 6.8
-2.15063 6.5
-2.15038 6.2
-2.15014 5.9
-2.1499 5.6
-2.14965 5.2
-2.14941 4.9
-2.14916 4.5
-2.14892 4.1
-2.14868 3.7
-2.14843 3.3
-2.14819 2.8
-2.14794 2.4
-2.1477 1.9
-2.14746 1.5
-2.14721 1.0
-2.14697 0.6
-2.14672 0.1
-2.14648 -0.4
-2.14623 -0.8
-2.14599 -1.3
-2.14575 -1.7
-2.1455 -2.2
-2.14526 -2.6
-2.14501 -3.1
-2.14477 -3.5
-2.14453 -3.9
-2.14428 -4.3
-2.14404 -4.7
-2.14379 -5.1
-2.14355 -5.4
-2.1433 -5.8
-2.14306 -6.1
-2.14282 -6.4
-2.14257 -6.7
-2.14233 -6.9
-2.14208 -7.2
-2.14184 -7.4
-2.1416 -7.6
-2.14135 -7.8
-2.14111 -7.9
-2.14086 -8.0
-2.14062 -8.1
-2.14038 -8.2
-2.14013 -8.2
-2.13989 -8.2
-2.13964 -8.2
-2.1394 -8.2
-2.13915 -8.1
-2.13891 -8.0
-2.13867 -7.9
-2.13842 -7.8
-2.13818 -7.6
-2.13793 -7.4
-2.13769 -7.2
-2.13745 -7.0
-2.1372 -6.8
-2.13696 -6.5
-2.13671 -6.2
-2.13647 -5.9
-2.13622 -5.5
-2.13598 -5.2
-2.13574 -4.8
-2.13549 -4.4
-2.13525 -4.0
-2.135 -3.6
-2.13476 -3.2
-2.13452 -2.7
-2.13427 -2.3
-2.13403 -1.9
-2.13378 -1.4
-2.13354 -0.9
-2.1333 -0.5
-2.13305 0.0
-2.13281 0.4
-2.13256 0.9
-2.13232 1.4
-2.13207 1.8
-2.13183 2.3
-2.13159 2.7
-2.13134 3.2
-2.1311 3.6
-2.13085 4.0
-2.13061 4.4
-2.13037 4.8
-2.13012 5.2
-2.12988 5.5
-2.12963 5.8
-2.12939 6.2
-2.12914 6.5
-2.1289 6.7
-2.12866 7.0
-2.12841 7.2
-2.12817 7.4
-2.12792 7.6
-2.12768 7.8
-2.12744 7.9
-2.12719 8.1
-2.12695 8.1
-2.1267 8.2
-2.12646 8.2
-2.12621 8.3
-2.12597 8.2
-2.12573 8.2
-2.12548 8.1
-2.12524 8.0
-2.12499 7.9
-2.12475 7.8
-2.12451 7.6
-2.12426 7.4
-2.12402 7.2
-2.12377 6.9
-2.12353 6.7
-2.12329 6.4
-2.12304 6.1
-2.1228 5.8
-2.12255 5.4
-2.12231 5.1
-2.12206 4.7
-2.12182 4.3
-2.12158 3.9
-2.12133 3.5
-2.12109 3.1
-2.12084 2.6
-2.1206 2.2
-2.12036 1.7
-2.12011 1.3
-2.11987 0.8
-2.11962 0.3
-2.11938 -0.1
-2.11913 -0.6
-2.11889 -1.1
-2.11865 -1.5
-2.1184 -2.0
-2.11816 -2.4
-2.11791 -2.9
-2.11767 -3.3
-2.11743 -3.7
-2.11718 -4.1
-2.11694 -4.5
-2.11669 -4.9
-2.11645 -5.3
-2.11621 -5.6
-2.11596 -6.0
-2.11572 -6.3
-2.11547 -6.6
-2.11523 -6.8
-2.11498 -7.1
-2.11474 -7.3
-2.1145 -7.5
-2.11425 -7.7
-2.11401 -7.9
-2.11376 -8.0
-2.11352 -8.1
-2.11328 -8.2
-2.11303 -8.2
-2.11279 -8.3
-2.11254 -8.3
-2.1123 -8.2
-2.11205 -8.2
-2.11181 -8.1
-2.11157 -8.0
-2.11132 -7.9
-2.11108 -7.7
-2.11083 -7.5
-2.11059 -7.3
-2.11035 -7.1
-2.1101 -6.9
-2.10986 -6.6
-2.10961 -6.3
-2.10937 -6.0
-2.10913 -5.6
-2.10888 -5.3
-2.10864 -4.9
-2.10839 -4.5
-2.10815 -4.1
-2.1079 -3.7
-2.10766 -3.3
-2.10742 -2.9
-2.10717 -2.4
-2.10693 -2.0
-2.10668 -1.5
-2.10644 -1.1
-2.1062 -0.6
-2.10595 -0.1
-2.10571 0.3
-2.10546 0.8
-2.10522 1.3
-2.10497 1.7
-2.10473 2.2
-2.10449 2.6
-2.10424 3.1
-2.104 3.5
-2.10375 3.9
-2.10351 4.3
-2.10327 4.7
-2.10302 5.1
-2.10278 5.5
-2.10253 5.8
-2.10229 6.1
-2.10205 6.4
-2.1018 6.7
-2.10156 7.0
-2.10131 7.2
-2.10107 7.4
-2.10082 7.6
-2.10058 7.8
-2.10034 7.9
-2.10009 8.1
-2.09985 8.2
-2.0996 8.2
-2.09936 8.3
-2.09912 8.3
-2.09887 8.3
-2.09863 8.2
-2.09838 8.2
-2.09814 8.1
-2.09789 7.9
-2.09765 7.8
-2.09741 7.6
-2.09716 7.4
-2.09692 7.2
-2.09667 7.0
-2.09643 6.7
-2.09619 6.4
-2.09594 6.1
-2.0957 5.8
-2.09545 5.5
-2.09521 5.1
-2.09496 4.7
-2.09472 4.3
-2.09448 3.9
-2.09423 3.5
-2.09399 3.1
-2.09374 2.6
-2.0935 2.2
-2.09326 1.7
-2.09301 1.3
-2.09277 0.8
-2.09252 0.3
-2.09228 -0.2
-2.09204 -0.6
-2.09179 -1.1
-2.09155 -1.6
-2.0913 -2.0
-2.09106 -2.5
-2.09081 -2.9
-2.09057 -3.3
-2.09033 -3.8
-2.09008 -4.2
-2.08984 -4.6
-2.08959 -5.0
-2.08935 -5.3
-2.08911 -5.7
-2.08886 -6.0
-2.08862 -6.3
-2.08837 -6.6
-2.08813 -6.9
-2.08788 -7.1
-2.08764 -7.4
-2.0874 -7.6
-2.08715 -7.8
-2.08691 -7.9
-2.08666 -8.0
-2.08642 -8.1
-2.08618 -8.2
-2.08593 -8.3
-2.08569 -8.3
-2.08544 -8.3
-2.0852 -8.3
-2.08496 -8.2
-2.08471 -8.1
-2.08447 -8.0
-2.08422 -7.9
-2.08398 -7.7
-2.08373 -7.5
-2.08349 -7.3
-2.08325 -7.1
-2.083 -6.8
-2.08276 -6.5
-2.08251 -6.2
-2.08227 -5.9
-2.08203 -5.6
-2.08178 -5.2
-2.08154 -4.8
-2.08129 -4.5
-2.08105 -4.1
-2.0808 -3.6
-2.08056 -3.2
-2.08032 -2.8
-2.08007 -2.3
-2.07983 -1.9
-2.07958 -1.4
-2.07934 -0.9
-2.0791 -0.5
-2.07885 0.0
-2.07861 0.5
-2.07836 1.0
-2.07812 1.4
-2.07788 1.9
-2.07763 2.3
-2.07739 2.8
-2.07714 3.2
-2.0769 3.7
-2.07665 4.1
-2.07641 4.5
-2.07617 4.9
-2.07592 5.2
-2.07568 5.6
-2.07543 5.9
-2.07519 6.3
-2.07495 6.6
-2.0747 6.8
-2.07446 7.1
-2.07421 7.3
-2.07397 7.5
-2.07372 7.7
-2.07348 7.9
-2.07324 8.0
-2.07299 8.1
-2.07275 8.2
-2.0725 8.3
-2.07226 8.3
-2.07202 8.3
-2.07177 8.3
-2.07153 8.2
-2.07128 8.1
-2.07104 8.0
-2.0708 7.9
-2.07055 7.8
-2.07031 7.6
-2.07006 7.4
-2.06982 7.1
-2.06957 6.9
-2.06933 6.6
-2.06909 6.3
-2.06884 6.0
-2.0686 5.7
-2.06835 5.3
-2.06811 4.9
-2.06787 4.5
-2.06762 4.1
-2.06738 3.7
-2.06713 3.3
-2.06689 2.8
-2.06664 2.4
-2.0664 1.9
-2.06616 1.5
-2.06591 1.0
-2.06567 0.5
-2.06542 0.0
-2.06518 -0.4
-2.06494 -0.9
-2.06469 -1.4
-2.06445 -1.8
-2.0642 -2.3
-2.06396 -2.7
-2.06371 -3.2
-2.06347 -3.6
-2.06323 -4.0
-2.06298 -4.4
-2.06274 -4.8
-2.06249 -5.2
-2.06225 -5.6
-2.06201 -5.9
-2.06176 -6.2
-2.06152 -6.5
-2.06127 -6.8
-2.06103 -7.1
-2.06079 -7.3
-2.06054 -7.5
-2.0603 -7.7
-2.06005 -7.9
-2.05981 -8.0
-2.05956 -8.1
-2.05932 -8.2
-2.05908 -8.3
-2.05883 -8.3
-2.05859 -8.3
-2.05834 -8.3
-2.0581 -8.2
-2.05786 -8.2
-2.05761 -8.1
-2.05737 -7.9
-2.05712 -7.8
-2.05688 -7.6
-2.05663 -7.4
-2.05639 -7.2
-2.05615 -6.9
-2.0559 -6.6
-2.05566 -6.3
-2.05541 -6.0
-2.05517 -5.7
-2.05493 -5.3
-2.05468 -5.0
-2.05444 -4.6
-2.05419 -4.2
-2.05395 -3.7
-2.05371 -3.3
-2.05346 -2.9
-2.05322 -2.4
-2.05297 -2.0
-2.05273 -1.5
-2.05248 -1.0
-2.05224 -0.5
-2.052 0.0
-2.05175 0.4
-2.05151 0.9
-2.05126 1.3
-2.05102 1.8
-2.05078 2.3
-2.05053 2.7
-2.05029 3.2
-2.05004 3.6
-2.0498 4.0
-2.04955 4.4
-2.04931 4.8
-2.04907 5.2
-2.04882 5.6
-2.04858 5.9
-2.04833 6.2
-2.04809 6.6
-2.04785 6.8
-2.0476 7.1
-2.04736 7.3
-2.04711 7.5
-2.04687 7.7
-2.04663 7.9
-2.04638 8.0
-2.04614 8.2
-2.04589 8.2
-2.04565 8.3
-2.0454 8.3
-2.04516 8.3
-2.04492 8.3
-2.04467 8.3
-2.04443 8.2
-2.04418 8.1
-2.04394 7.9
-2.0437 7.8
-2.04345 7.6
-2.04321 7.4
-2.04296 7.2
-2.04272 6.9
-2.04247 6.6
-2.04223 6.3
-2.04199 6.0
-2.04174 5.7
-2.0415 5.3
-2.04125 4.9
-2.04101 4.5
-2.04077 4.1
-2.04052 3.7
-2.04028 3.3
-2.04003 2.8
-2.03979 2.4
-2.03955 1.9
-2.0393 1.4
-2.03906 1.0
-2.03881 0.5
-2.03857 0.0
-2.03832 -0.5
-2.03808 -0.9
-2.03784 -1.4
-2.03759 -1.9
-2.03735 -2.3
-2.0371 -2.8
-2.03686 -3.2
-2.03662 -3.7
-2.03637 -4.1
-2.03613 -4.5
-2.03588 -4.9
-2.03564 -5.3
-2.03539 -5.6
-2.03515 -6.0
-2.03491 -6.3
-2.03466 -6.6
-2.03442 -6.9
-2.03417 -7.1
-2.03393 -7.4
-2.03369 -7.6
-2.03344 -7.8
-2.0332 -7.9
-2.03295 -8.1
-2.03271 -8.2
-2.03246 -8.3
-2.03222 -8.3
-2.03198 -8.3
-2.03173 -8.3
-2.03149 -8.3
-2.03124 -8.3
-2.031 -8.2
-2.03076 -8.1
-2.03051 -7.9
-2.03027 -7.8
-2.03002 -7.6
-2.02978 -7.4
-2.02954 -7.1
-2.02929 -6.9
-2.02905 -6.6
-2.0288 -6.3
-2.02856 -5.9
-2.02831 -5.6
-2.02807 -5.2
-2.02783 -4.9
-2.02758 -4.5
-2.02734 -4.0
-2.02709 -3.6
-2.02685 -3.2
-2.02661 -2.7
-2.02636 -2.3
-2.02612 -1.8
-2.02587 -1.3
-2.02563 -0.9
-2.02538 -0.4
-2.02514 0.0
-2.0249 0.6
-2.02465 1.0
-2.02441 1.5
-2.02416 2.0
-2.02392 2.5
-2.02368 2.9
-2.02343 3.4
-2.02319 3.8
-2.02294 4.2
-2.0227 4.6
-2.02246 5.0
-2.02221 5.4
-2.02197 5.7
-2.02172 6.1
-2.02148 6.4
-2.02123 6.7
-2.02099 7.0
-2.02075 7.2
-2.0205 7.5
-2.02026 7.7
-2.02001 7.8
-2.01977 8.0
-2.01953 8.1
-2.01928 8.2
-2.01904 8.3
-2.01879 8.3
-2.01855 8.4
-2.0183 8.3
-2.01806 8.3
-2.01782 8.2
-2.01757 8.2
-2.01733 8.0
-2.01708 7.9
-2.01684 7.7
-2.0166 7.5
-2.01635 7.3
-2.01611 7.1
-2.01586 6.8
-2.01562 6.5
-2.01538 6.2
-2.01513 5.8
-2.01489 5.5
-2.01464 5.1
-2.0144 4.7
-2.01415 4.3
-2.01391 3.9
-2.01367 3.5
-2.01342 3.0
-2.01318 2.6
-2.01293 2.1
-2.01269 1.6
-2.01245 1.2
-2.0122 0.7
-2.01196 0.2
-2.01171 -0.3
-2.01147 -0.7
-2.01122 -1.2
-2.01098 -1.7
-2.01074 -2.2
-2.01049 -2.6
-2.01025 -3.1
-2.01 -3.5
-2.00976 -4.0
-2.00952 -4.4
-2.00927 -4.8
-2.00903 -5.2
-2.00878 -5.5
-2.00854 -5.9
-2.0083 -6.2
-2.00805 -6.5
-2.00781 -6.8
-2.00756 -7.1
-2.00732 -7.3
-2.00707 -7.6
-2.00683 -7.7
-2.00659 -7.9
-2.00634 -8.1
-2.0061 -8.2
-2.00585 -8.3
-2.00561 -8.3
-2.00537 -8.4
-2.00512 -8.4
-2.00488 -8.3
-2.00463 -8.3
-2.00439 -8.2
-2.00414 -8.1
-2.0039 -8.0
-2.00366 -7.8
-2.00341 -7.6
-2.00317 -7.4
-2.00292 -7.2
-2.00268 -6.9
-2.00244 -6.7
-2.00219 -6.4
-2.00195 -6.0
-2.0017 -5.7
-2.00146 -5.3
-2.00121 -4.9
-2.00097 -4.5
-2.00073 -4.1
-2.00048 -3.7
-2.00024 -3.3
-1.99999 -2.8
-1.99975 -2.4
-1.99951 -1.9
-1.99926 -1.4
-1.99902 -0.9
-1.99877 -0.5
-1.99853 0.0
-1.99829 0.5
-1.99804 1.0
-1.9978 1.5
-1.99755 1.9
-1.99731 2.4
-1.99706 2.9
-1.99682 3.3
-1.99658 3.8
-1.99633 4.2
-1.99609 4.6
-1.99584 5.0
-1.9956 5.4
-1.99536 5.7
-1.99511 6.1
-1.99487 6.4
-1.99462 6.7
-1.99438 7.0
-1.99413 7.2
-1.99389 7.5
-1.99365 7.7
-1.9934 7.9
-1.99316 8.0
-1.99291 8.1
-1.99267 8.2
-1.99243 8.3
-1.99218 8.4
-1.99194 8.4
-1.99169 8.4
-1.99145 8.3
-1.99121 8.3
-1.99096 8.2
-1.99072 8.1
-1.99047 7.9
-1.99023 7.7
-1.98998 7.5
-1.98974 7.3
-1.9895 7.1
-1.98925 6.8
-1.98901 6.5
-1.98876 6.2
-1.98852 5.8
-1.98828 5.5
-1.98803 5.1
-1.98779 4.7
-1.98754 4.3
-1.9873 3.9
-1.98705 3.4
-1.98681 3.0
-1.98657 2.5
-1.98632 2.1
-1.98608 1.6
-1.98583 1.1
-1.98559 0.6
-1.98535 0.2
-1.9851 -0.3
-1.98486 -0.8
-1.98461 -1.3
-1.98437 -1.8
-1.98413 -2.2
-1.98388 -2.7
-1.98364 -3.2
-1.98339 -3.6
-1.98315 -4.0
-1.9829 -4.5
-1.98266 -4.9
-1.98242 -5.3
-1.98217 -5.6
-1.98193 -6.0
-1.98168 -6.3
-1.98144 -6.6
-1.9812 -6.9
-1.98095 -7.2
-1.98071 -7.4
-1.98046 -7.6
-1.98022 -7.8
-1.97997 -8.0
-1.97973 -8.1
-1.97949 -8.2
-1.97924 -8.3
-1.979 -8.4
-1.97875 -8.4
-1.97851 -8.4
-1.97827 -8.4
-1.97802 -8.3
-1.97778 -8.2
-1.97753 -8.1
-1.97729 -8.0
-1.97705 -7.8
-1.9768 -7.6
-1.97656 -7.4
-1.97631 -7.1
-1.97607 -6.9
-1.97582 -6.6
-1.97558 -6.3
-1.97534 -5.9
-1.97509 -5.6
-1.97485 -5.2
-1.9746 -4.8
-1.97436 -4.4
-1.97412 -4.0
-1.97387 -3.6
-1.97363 -3.1
-1.97338 -2.7
-1.97314 -2.2
-1.97289 -1.7
-1.97265 -1.2
-1.97241 -0.8
-1.97216 -0.3
-1.97192 0.2
-1.97167 0.7
-1.97143 1.2
-1.97119 1.7
-1.97094 2.1
-1.9707 2.6
-1.97045 3.1
-1.97021 3.5
-1.96996 4.0
-1.96972 4.4
-1.96948 4.8
-1.96923 5.2
-1.96899 5.6
-1.96874 5.9
-1.9685 6.2
-1.96826 6.6
-1.96801 6.9
-1.96777 7.1
-1.96752 7.4
-1.96728 7.6
-1.96704 7.8
-1.96679 8.0
-1.96655 8.1
-1.9663 8.2
-1.96606 8.3
-1.96581 8.4
-1.96557 8.4
-1.96533 8.4
-1.96508 8.4
-1.96484 8.3
-1.96459 8.2
-1.96435 8.1
-1.96411 8.0
-1.96386 7.8
-1.96362 7.6
-1.96337 7.4
-1.96313 7.2
-1.96288 6.9
-1.96264 6.6
-1.9624 6.3
-1.96215 6.0
-1.96191 5.6
-1.96166 5.3
-1.96142 4.9
-1.96118 4.5
-1.96093 4.1
-1.96069 3.6
-1.96044 3.2
-1.9602 2.7
-1.95996 2.2
-1.95971 1.8
-1.95947 1.3
-1.95922 0.8
-1.95898 0.3
-1.95873 -0.2
-1.95849 -0.7
-1.95825 -1.1
-1.958 -1.6
-1.95776 -2.1
-1.95751 -2.6
-1.95727 -3.0
-1.95703 -3.5
-1.95678 -3.9
-1.95654 -4.4
-1.95629 -4.8
-1.95605 -5.2
-1.9558 -5.5
-1.95556 -5.9
-1.95532 -6.2
-1.95507 -6.6
-1.95483 -6.9
-1.95458 -7.1
-1.95434 -7.4
-1.9541 -7.6
-1.95385 -7.8
-1.95361 -8.0
-1.95336 -8.1
-1.95312 -8.2
-1.95288 -8.3
-1.95263 -8.4
-1.95239 -8.4
-1.95214 -8.4
-1.9519 -8.4
-1.95165 -8.3
-1.95141 -8.3
-1.95117 -8.2
-1.95092 -8.0
-1.95068 -7.9
-1.95043 -7.7
-1.95019 -7.4
-1.94995 -7.2
-1.9497 -6.9
-1.94946 -6.7
-1.94921 -6.3
-1.94897 -6.0
-1.94872 -5.7
-1.94848 -5.3
-1.94824 -4.9
-1.94799 -4.5
-1.94775 -4.1
-1.9475 -3.6
-1.94726 -3.2
-1.94702 -2.7
-1.94677 -2.2
-1.94653 -1.8
-1.94628 -1.3
-1.94604 -0.8
-1.9458 -0.3
-1.94555 0.2
-1.94531 0.7
-1.94506 1.2
-1.94482 1.6
-1.94457 2.1
-1.94433 2.6
-1.94409 3.1
-1.94384 3.5
-1.9436 4.0
-1.94335 4.4
-1.94311 4.8
-1.94287 5.2
-1.94262 5.6
-1.94238 5.9
-1.94213 6.3
-1.94189 6.6
-1.94164 6.9
-1.9414 7.2
-1.94116 7.4
-1.94091 7.6
-1.94067 7.8
-1.94042 8.0
-1.94018 8.1
-1.93994 8.3
-1.93969 8.3
-1.93945 8.4
-1.9392 8.4
-1.93896 8.4
-1.93871 8.4
-1.93847 8.3
-1.93823 8.3
-1.93798 8.2
-1.93774 8.0
-1.93749 7.8
-1.93725 7.7
-1.93701 7.4
-1.93676 7.2
-1.93652 6.9
-1.93627 6.6
-1.93603 6.3
-1.93579 6.0
-1.93554 5.6
-1.9353 5.2
-1.93505 4.8
-1.93481 4.4
-1.93456 4.0
-1.93432 3.6
-1.93408 3.1
-1.93383 2.6
-1.93359 2.2
-1.93334 1.7
-1.9331 1.2
-1.93286 0.7
-1.93261 0.2
-1.93237 -0.3
-1.93212 -0.8
-1.93188 -1.2
-1.93163 -1.7
-1.93139 -2.2
-1.93115 -2.7
-1.9309 -3.1
-1.93066 -3.6
-1.93041 -4.0
-1.93017 -4.5
-1.92993 -4.9
-1.92968 -5.3
-1.92944 -5.7
-1.92919 -6.0
-1.92895 -6.3
-1.92871 -6.7
-1.92846 -7.0
-1.92822 -7.2
-1.92797 -7.5
-1.92773 -7.7
-1.92748 -7.9
-1.92724 -8.0
-1.927 -8.2
-1.92675 -8.3
-1.92651 -8.4
-1.92626 -8.4
-1.92602 -8.4
-1.92578 -8.4
-1.92553 -8.4
-1.92529 -8.3
-1.92504 -8.3
-1.9248 -8.1
-1.92455 -8.0
-1.92431 -7.8
-1.92407 -7.6
-1.92382 -7.4
-1.92358 -7.1
-1.92333 -6.9
-1.92309 -6.6
-1.92285 -6.2
-1.9226 -5.9
-1.92236 -5.5
-1.92211 -5.1
-1.92187 -4.7
-1.92163 -4.3
-1.92138 -3.9
-1.92114 -3.4
-1.92089 -3.0
-1.92065 -2.5
-1.9204 -2.0
-1.92016 -1.6
-1.91992 -1.1
-1.91967 -0.6
-1.91943 0.0
-1.91918 0.4
-1.91894 0.9
-1.9187 1.4
-1.91845 1.9
-1.91821 2.4
-1.91796 2.8
-1.91772 3.3
-1.91747 3.7
-1.91723 4.2
-1.91699 4.6
-1.91674 5.0
-1.9165 5.4
-1.91625 5.8
-1.91601 6.1
-1.91577 6.5
-1.91552 6.8
-1.91528 7.1
-1.91503 7.3
-1.91479 7.6
-1.91455 7.8
-1.9143 7.9
-1.91406 8.1
-1.91381 8.2
-1.91357 8.3
-1.91332 8.4
-1.91308 8.4
-1.91284 8.5
-1.91259 8.4
-1.91235 8.4
-1.9121 8.3
-1.91186 8.2
-1.91162 8.1
-1.91137 7.9
-1.91113 7.8
-1.91088 7.5
-1.91064 7.3
-1.91039 7.0
-1.91015 6.8
-1.90991 6.4
-1.90966 6.1
-1.90942 5.8
-1.90917 5.4
-1.90893 5.0
-1.90869 4.6
-1.90844 4.2
-1.9082 3.7
-1.90795 3.3
-1.90771 2.8
-1.90746 2.3
-1.90722 1.8
-1.90698 1.4
-1.90673 0.9
-1.90649 0.4
-1.90624 -0.1
-1.906 -0.6
-1.90576 -1.1
-1.90551 -1.6
-1.90527 -2.1
-1.90502 -2.6
-1.90478 -3.0
-1.90454 -3.5
-1.90429 -4.0
-1.90405 -4.4
-1.9038 -4.8
-1.90356 -5.2
-1.90331 -5.6
-1.90307 -6.0
-1.90283 -6.3
-1.90258 -6.6
-1.90234 -6.9
-1.90209 -7.2
-1.90185 -7.4
-1.90161 -7.7
-1.90136 -7.9
-1.90112 -8.0
-1.90087 -8.2
-1.90063 -8.3
-1.90038 -8.4
-1.90014 -8.4
-1.8999 -8.5
-1.89965 -8.5
-1.89941 -8.4
-1.89916 -8.4
-1.89892 -8.3
-1.89868 -8.2
-1.89843 -8.0
-1.89819 -7.9
-1.89794 -7.7
-1.8977 -7.4
-1.89746 -7.2
-1.89721 -6.9
-1.89697 -6.6
-1.89672 -6.3
-1.89648 -5.9
-1.89623 -5.6
-1.89599 -5.2
-1.89575 -4.8
-1.8955 -4.4
-1.89526 -3.9
-1.89501 -3.5
-1.89477 -3.0
-1.89453 -2.5
-1.89428 -2.1
-1.89404 -1.6
-1.89379 -1.1
-1.89355 -0.6
-1.8933 0.0
-1.89306 0.4
-1.89282 0.9
-1.89257 1.4
-1.89233 1.9
-1.89208 2.4
-1.89184 2.9
-1.8916 3.3
-1.89135 3.8
-1.89111 4.2
-1.89086 4.6
-1.89062 5.1
-1.89038 5.4
-1.89013 5.8
-1.88989 6.2
-1.88964 6.5
-1.8894 6.8
-1.88915 7.1
-1.88891 7.4
-1.88867 7.6
-1.88842 7.8
-1.88818 8.0
-1.88793 8.1
-1.88769 8.3
-1.88745 8.4
-1.8872 8.4
-1.88696 8.5
-1.88671 8.5
-1.88647 8.5
-1.88622 8.4
-1.88598 8.3
-1.88574 8.2
-1.88549 8.1
-1.88525 7.9
-1.885 7.7
-1.88476 7.5
-1.88452 7.3
-1.88427 7.0
-1.88403 6.7
-1.88378 6.4
-1.88354 6.1
-1.8833 5.7
-1.88305 5.3
-1.88281 4.9
-1.88256 4.5
-1.88232 4.1
-1.88207 3.6
-1.88183 3.2
-1.88159 2.7
-1.88134 2.2
-1.8811 1.7
-1.88085 1.2
-1.88061 0.7
-1.88037 0.2
-1.88012 -0.3
-1.87988 -0.8
-1.87963 -1.3
-1.87939 -1.8
-1.87914 -2.2
-1.8789 -2.7
-1.87866 -3.2
-1.87841 -3.7
-1.87817 -4.1
-1.87792 -4.5
-1.87768 -4.9
-1.87744 -5.3
-1.87719 -5.7
-1.87695 -6.1
-1.8767 -6.4
-1.87646 -6.7
-1.87621 -7.0
-1.87597 -7.3
-1.87573 -7.6
-1.87548 -7.8
-1.87524 -8.0
-1.87499 -8.1
-1.87475 -8.3
-1.87451 -8.4
-1.87426 -8.4
-1.87402 -8.5
-1.87377 -8.5
-1.87353 -8.5
-1.87329 -8.4
-1.87304 -8.4
-1.8728 -8.3
-1.87255 -8.1
-1.87231 -8.0
-1.87206 -7.8
-1.87182 -7.6
-1.87158 -7.3
-1.87133 -7.1
-1.87109 -6.8
-1.87084 -6.5
-1.8706 -6.1
-1.87036 -5.8
-1.87011 -5.4
-1.86987 -5.0
-1.86962 -4.6
-1.86938 -4.2
-1.86913 -3.7
-1.86889 -3.3
-1.86865 -2.8
-1.8684 -2.3
-1.86816 -1.8
-1.86791 -1.3
-1.86767 -0.8
-1.86743 -0.3
-1.86718 0.2
-1.86694 0.7
-1.86669 1.2
-1.86645 1.7
-1.86621 2.2
-1.86596 2.7
-1.86572 3.1
-1.86547 3.6
-1.86523 4.0
-1.86498 4.5
-1.86474 4.9
-1.8645 5.3
-1.86425 5.7
-1.86401 6.1
-1.86376 6.4
-1.86352 6.7
-1.86328 7.0
-1.86303 7.3
-1.86279 7.5
-1.86254 7.8
-1.8623 8.0
-1.86205 8.1
-1.86181 8.3
-1.86157 8.4
-1.86132 8.4
-1.86108 8.5
-1.86083 8.5
-1.86059 8.5
-1.86035 8.5
-1.8601 8.4
-1.85986 8.3
-1.85961 8.2
-1.85937 8.0
-1.85913 7.8
-1.85888 7.6
-1.85864 7.4
-1.85839 7.1
-1.85815 6.8
-1.8579 6.5
-1.85766 6.2
-1.85742 5.8
-1.85717 5.4
-1.85693 5.0
-1.85668 4.6
-1.85644 4.2
-1.8562 3.7
-1.85595 3.3
-1.85571 2.8
-1.85546 2.3
-1.85522 1.8
-1.85497 1.3
-1.85473 0.8
-1.85449 0.3
-1.85424 -0.2
-1.854 -0.7
-1.85375 -1.2
-1.85351 -1.7
-1.85327 -2.2
-1.85302 -2.7
-1.85278 -3.1
-1.85253 -3.6
-1.85229 -4.0
-1.85205 -4.5
-1.8518 -4.9
-1.85156 -5.3
-1.85131 -5.7
-1.85107 -6.1
-1.85082 -6.4
-1.85058 -6.7
-1.85034 -7.0
-1.85009 -7.3
-1.84985 -7.6
-1.8496 -7.8
-1.84936 -8.0
-1.84912 -8.1
-1.84887 -8.3
-1.84863 -8.4
-1.84838 -8.5
-1.84814 -8.5
-1.84789 -8.5
-1.84765 -8.5
-1.84741 -8.5
-1.84716 -8.4
-1.84692 -8.3
-1.84667 -8.2
-1.84643 -8.0
-1.84619 -7.8
-1.84594 -7.6
-1.8457 -7.4
-1.84545 -7.1
-1.84521 -6.8
-1.84496 -6.5
-1.84472 -6.2
-1.84448 -5.8
-1.84423 -5.4
-1.84399 -5.0
-1.84374 -4.6
-1.8435 -4.2
-1.84326 -3.7
-1.84301 -3.2
-1.84277 -2.8
-1.84252 -2.3
-1.84228 -1.8
-1.84204 -1.3
-1.84179 -0.8
-1.84155 -0.3
-1.8413 0.2
-1.84106 0.7
-1.84081 1.2
-1.84057 1.7
-1.84033 2.2
-1.84008 2.7
-1.83984 3.2
-1.83959 3.7
-1.83935 4.1
-1.83911 4.5
-1.83886 5.0
-1.83862 5.4
-1.83837 5.8
-1.83813 6.1
-1.83788 6.5
-1.83764 6.8
-1.8374 7.1
-1.83715 7.4
-1.83691 7.6
-1.83666 7.8
-1.83642 8.0
-1.83618 8.2
-1.83593 8.3
-1.83569 8.4
-1.83544 8.5
-1.8352 8.5
-1.83496 8.5
-1.83471 8.5
-1.83447 8.5
-1.83422 8.4
-1.83398 8.3
-1.83373 8.2
-1.83349 8.0
-1.83325 7.8
-1.833 7.6
-1.83276 7.3
-1.83251 7.1
-1.83227 6.8
-1.83203 6.4
-1.83178 6.1
-1.83154 5.7
-1.83129 5.3
-1.83105 4.9
-1.8308 4.5
-1.83056 4.1
-1.83032 3.6
-1.83007 3.2
-1.82983 2.7
-1.82958 2.2
-1.82934 1.7
-1.8291 1.2
-1.82885 0.7
-1.82861 0.2
-1.82836 -0.3
-1.82812 -0.8
-1.82788 -1.4
-1.82763 -1.9
-1.82739 -2.4
-1.82714 -2.8
-1.8269 -3.3
-1.82665 -3.8
-1.82641 -4.2
-1.82617 -4.7
-1.82592 -5.1
-1.82568 -5.5
-1.82543 -5.9
-1.82519 -6.2
-1.82495 -6.6
-1.8247 -6.9
-1.82446 -7.2
-1.82421 -7.4
-1.82397 -7.7
-1.82372 -7.9
-1.82348 -8.1
-1.82324 -8.2
-1.82299 -8.4
-1.82275 -8.5
-1.8225 -8.5
-1.82226 -8.6
-1.82202 -8.6
-1.82177 -8.5
-1.82153 -8.5
-1.82128 -8.4
-1.82104 -8.3
-1.8208 -8.1
-1.82055 -8.0
-1.82031 -7.8
-1.82006 -7.5
-1.81982 -7.3
-1.81957 -7.0
-1.81933 -6.7
-1.81909 -6.3
-1.81884 -6.0
-1.8186 -5.6
-1.81835 -5.2
-1.81811 -4.8
-1.81787 -4.4
-1.81762 -3.9
-1.81738 -3.5
-1.81713 -3.0
-1.81689 -2.5
-1.81664 -2.0
-1.8164 -1.5
-1.81616 -1.0
-1.81591 -0.5
-1.81567 0.0
-1.81542 0.5
-1.81518 1.0
-1.81494 1.5
-1.81469 2.0
-1.81445 2.5
-1.8142 3.0
-1.81396 3.5
-1.81371 4.0
-1.81347 4.4
-1.81323 4.8
-1.81298 5.3
-1.81274 5.7
-1.81249 6.0
-1.81225 6.4
-1.81201 6.7
-1.81176 7.0
-1.81152 7.3
-1.81127 7.6
-1.81103 7.8
-1.81079 8.0
-1.81054 8.2
-1.8103 8.3
-1.81005 8.4
-1.80981 8.5
-1.80956 8.6
-1.80932 8.6
-1.80908 8.6
-1.80883 8.5
-1.80859 8.5
-1.80834 8.4
-1.8081 8.2
-1.80786 8.1
-1.80761 7.9
-1.80737 7.7
-1.80712 7.4
-1.80688 7.1
-1.80663 6.9
-1.80639 6.5
-1.80615 6.2
-1.8059 5.8
-1.80566 5.4
-1.80541 5.0
-1.80517 4.6
-1.80493 4.2
-1.80468 3.7
-1.80444 3.2
-1.80419 2.8
-1.80395 2.3
-1.80371 1.8
-1.80346 1.3
-1.80322 0.7
-1.80297 0.2
-1.80273 -0.3
-1.80248 -0.8
-1.80224 -1.3
-1.802 -1.8
-1.80175 -2.3
-1.80151 -2.8
-1.80126 -3.3
-1.80102 -3.8
-1.80078 -4.2
-1.80053 -4.6
-1.80029 -5.1
-1.80004 -5.5
-1.7998 -5.9
-1.79955 -6.2
-1.79931 -6.6
-1.79907 -6.9
-1.79882 -7.2
-1.79858 -7.5
-1.79833 -7.7
-1.79809 -7.9
-1.79785 -8.1
-1.7976 -8.3
-1.79736 -8.4
-1.79711 -8.5
-1.79687 -8.5
-1.79663 -8.6
-1.79638 -8.6
-1.79614 -8.6
-1.79589 -8.5
-1.79565 -8.4
-1.7954 -8.3
-1.79516 -8.2
-1.79492 -8.0
-1.79467 -7.8
-1.79443 -7.5
-1.79418 -7.3
-1.79394 -7.0
-1.7937 -6.7
-1.79345 -6.3
-1.79321 -6.0
-1.79296 -5.6
-1.79272 -5.2
-1.79247 -4.8
-1.79223 -4.3
-1.79199 -3.9
-1.79174 -3.4
-1.7915 -2.9
-1.79125 -2.4
-1.79101 -2.0
-1.79077 -1.4
-1.79052 -0.9
-1.79028 -0.4
-1.79003 0.0
-1.78979 0.6
-1.78955 1.1
-1.7893 1.6
-1.78906 2.1
-1.78881 2.6
-1.78857 3.1
-1.78832 3.6
-1.78808 4.1
-1.78784 4.5
-1.78759 4.9
-1.78735 5.4
-1.7871 5.8
-1.78686 6.1
-1.78662 6.5
-1.78637 6.8
-1.78613 7.1
-1.78588 7.4
-1.78564 7.6
-1.78539 7.9
-1.78515 8.1
-1.78491 8.2
-1.78466 8.4
-1.78442 8.5
-1.78417 8.5
-1.78393 8.6
-1.78369 8.6
-1.78344 8.6
-1.7832 8.5
-1.78295 8.5
-1.78271 8.3
-1.78246 8.2
-1.78222 8.0
-1.78198 7.8
-1.78173 7.6
-1.78149 7.4
-1.78124 7.1
-1.781 6.8
-1.78076 6.4
-1.78051 6.1
-1.78027 5.7
-1.78002 5.3
-1.77978 4.9
-1.77954 4.5
-1.77929 4.0
-1.77905 3.5
-1.7788 3.1
-1.77856 2.6
-1.77831 2.1
-1.77807 1.6
-1.77783 1.1
-1.77758 0.5
-1.77734 0.0
-1.77709 -0.5
-1.77685 -1.0
-1.77661 -1.5
-1.77636 -2.0
-1.77612 -2.5
-1.77587 -3.0
-1.77563 -3.5
-1.77538 -4.0
-1.77514 -4.4
-1.7749 -4.9
-1.77465 -5.3
-1.77441 -5.7
-1.77416 -6.1
-1.77392 -6.4
-1.77368 -6.8
-1.77343 -7.1
-1.77319 -7.4
-1.77294 -7.6
-1.7727 -7.8
-1.77246 -8.0
-1.77221 -8.2
-1.77197 -8.4
-1.77172 -8.5
-1.77148 -8.5
-1.77123 -8.6
-1.77099 -8.6
-1.77075 -8.6
-1.7705 -8.6
-1.77026 -8.5
-1.77001 -8.4
-1.76977 -8.2
-1.76953 -8.1
-1.76928 -7.9
-1.76904 -7.7
-1.76879 -7.4
-1.76855 -7.1
-1.7683 -6.8
-1.76806 -6.5
-1.76782 -6.1
-1.76757 -5.8
-1.76733 -5.4
-1.76708 -4.9
-1.76684 -4.5
-1.7666 -4.1
-1.76635 -3.6
-1.76611 -3.1
-1.76586 -2.6
-1.76562 -2.1
-1.76538 -1.6
-1.76513 -1.1
-1.76489 -0.6
-1.76464 0.0
-1.7644 0.5
-1.76415 1.0
-1.76391 1.5
-1.76367 2.0
-1.76342 2.5
-1.76318 3.0
-1.76293 3.5
-1.76269 4.0
-1.76245 4.4
-1.7622 4.9
-1.76196 5.3
-1.76171 5.7
-1.76147 6.1
-1.76122 6.4
-1.76098 6.8
-1.76074 7.1
-1.76049 7.4
-1.76025 7.6
-1.76 7.8
-1.75976 8.0
-1.75952 8.2
-1.75927 8.4
-1.75903 8.5
-1.75878 8.6
-1.75854 8.6
-1.7583 8.6
-1.75805 8.6
-1.75781 8.6
-1.75756 8.5
-1.75732 8.4
-1.75707 8.3
-1.75683 8.1
-1.75659 7.9
-1.75634 7.7
-1.7561 7.4
-1.75585 7.1
-1.75561 6.8
-1.75537 6.5
-1.75512 6.1
-1.75488 5.8
-1.75463 5.4
-1.75439 4.9
-1.75414 4.5
-1.7539 4.1
-1.75366 3.6
-1.75341 3.1
-1.75317 2.6
-1.75292 2.1
-1.75268 1.6
-1.75244 1.1
-1.75219 0.6
-1.75195 0.0
-1.7517 -0.5
-1.75146 -1.0
-1.75121 -1.5
-1.75097 -2.0
-1.75073 -2.5
-1.75048 -3.0
-1.75024 -3.5
-1.74999 -4.0
-1.74975 -4.5
-1.74951 -4.9
-1.74926 -5.3
-1.74902 -5.7
-1.74877 -6.1
-1.74853 -6.5
-1.74829 -6.8
-1.74804 -7.1
-1.7478 -7.4
-1.74755 -7.7
-1.74731 -7.9
-1.74706 -8.1
-1.74682 -8.3
-1.74658 -8.4
-1.74633 -8.5
-1.74609 -8.6
-1.74584 -8.6
-1.7456 -8.6
-1.74536 -8.6
-1.74511 -8.6
-1.74487 -8.5
-1.74462 -8.4
-1.74438 -8.3
-1.74413 -8.1
-1.74389 -7.9
-1.74365 -7.6
-1.7434 -7.4
-1.74316 -7.1
-1.74291 -6.8
-1.74267 -6.5
-1.74243 -6.1
-1.74218 -5.7
-1.74194 -5.3
-1.74169 -4.9
-1.74145 -4.4
-1.74121 -4.0
-1.74096 -3.5
-1.74072 -3.0
-1.74047 -2.5
-1.74023 -2.0
-1.73998 -1.5
-1.73974 -1.0
-1.7395 -0.5
-1.73925 0.0
-1.73901 0.6
-1.73876 1.1
-1.73852 1.6
-1.73828 2.1
-1.73803 2.6
-1.73779 3.1
-1.73754 3.6
-1.7373 4.1
-1.73705 4.6
-1.73681 5.0
-1.73657 5.4
-1.73632 5.8
-1.73608 6.2
-1.73583 6.5
-1.73559 6.9
-1.73535 7.2
-1.7351 7.5
-1.73486 7.7
-1.73461 7.9
-1.73437 8.1
-1.73413 8.3
-1.73388 8.4
-1.73364 8.5
-1.73339 8.6
-1.73315 8.7
-1.7329 8.7
-1.73266 8.6
-1.73242 8.6
-1.73217 8.5
-1.73193 8.4
-1.73168 8.2
-1.73144 8.0
-1.7312 7.8
-1.73095 7.6
-1.73071 7.3
-1.73046 7.0
-1.73022 6.7
-1.72997 6.4
-1.72973 6.0
-1.72949 5.6
-1.72924 5.2
-1.729 4.8
-1.72875 4.3
-1.72851 3.8
-1.72827 3.4
-1.72802 2.9
-1.72778 2.4
-1.72753 1.9
-1.72729 1.3
-1.72705 0.8
-1.7268 0.3
-1.72656 -0.2
-1.72631 -0.8
-1.72607 -1.3
-1.72582 -1.8
-1.72558 -2.3
-1.72534 -2.8
-1.72509 -3.3
-1.72485 -3.8
-1.7246 -4.3
-1.72436 -4.7
-1.72412 -5.2
-1.72387 -5.6
-1.72363 -6.0
-1.72338 -6.3
-1.72314 -6.7
-1.72289 -7.0
-1.72265 -7.3
-1.72241 -7.6
-1.72216 -7.8
-1.72192 -8.0
-1.72167 -8.2
-1.72143 -8.4
-1.72119 -8.5
-1.72094 -8.6
-1.7207 -8.6
-1.72045 -8.7
-1.72021 -8.7
-1.71996 -8.6
-1.71972 -8.6
-1.71948 -8.5
-1.71923 -8.3
-1.71899 -8.2
-1.71874 -8.0
-1.7185 -7.7
-1.71826 -7.5
-1.71801 -7.2
-1.71777 -6.9
-1.71752 -6.6
-1.71728 -6.2
-1.71704 -5.8
-1.71679 -5.4
-1.71655 -5.0
-1.7163 -4.6
-1.71606 -4.1
-1.71581 -3.6
-1.71557 -3.2
-1.71533 -2.7
-1.71508 -2.1
-1.71484 -1.6
-1.71459 -1.1
-1.71435 -0.6
-1.71411 0.0
-1.71386 0.5
-1.71362 1.0
-1.71337 1.5
-1.71313 2.1
-1.71288 2.6
-1.71264 3.1
-1.7124 3.6
-1.71215 4.0
-1.71191 4.5
-1.71166 4.9
-1.71142 5.4
-1.71118 5.8
-1.71093 6.2
-1.71069 6.5
-1.71044 6.9
-1.7102 7.2
-1.70996 7.5
-1.70971 7.7
-1.70947 7.9
-1.70922 8.1
-1.70898 8.3
-1.70873 8.5
-1.70849 8.6
-1.70825 8.6
-1.708 8.7
-1.70776 8.7
-1.70751 8.7
-1.70727 8.6
-1.70703 8.5
-1.70678 8.4
-1.70654 8.3
-1.70629 8.1
-1.70605 7.9
-1.7058 7.6
-1.70556 7.4
-1.70532 7.1
-1.70507 6.7
-1.70483 6.4
-1.70458 6.0
-1.70434 5.6
-1.7041 5.2
-1.70385 4.8
-1.70361 4.3
-1.70336 3.8
-1.70312 3.4
-1.70288 2.9
-1.70263 2.4
-1.70239 1.8
-1.70214 1.3
-1.7019 0.8
-1.70165 0.3
-1.70141 -0.3
-1.70117 -0.8
-1.70092 -1.3
-1.70068 -1.9
-1.70043 -2.4
-1.70019 -2.9
-1.69995 -3.4
-1.6997 -3.9
-1.69946 -4.3
-1.69921 -4.8
-1.69897 -5.2
-1.69872 -5.6
-1.69848 -6.0
-1.69824 -6.4
-1.69799 -6.8
-1.69775 -7.1
-1.6975 -7.4
-1.69726 -7.6
-1.69702 -7.9
-1.69677 -8.1
-1.69653 -8.3
-1.69628 -8.4
-1.69604 -8.5
-1.6958 -8.6
-1.69555 -8.7
-1.69531 -8.7
-1.69506 -8.7
-1.69482 -8.7
-1.69457 -8.6
-1.69433 -8.5
-1.69409 -8.3
-1.69384 -8.2
-1.6936 -7.9
-1.69335 -7.7
-1.69311 -7.5
-1.69287 -7.2
-1.69262 -6.8
-1.69238 -6.5
-1.69213 -6.1
-1.69189 -5.7
-1.69164 -5.3
-1.6914 -4.9
-1.69116 -4.5
-1.69091 -4.0
-1.69067 -3.5
-1.69042 -3.0
-1.69018 -2.5
-1.68994 -2.0
-1.68969 -1.5
-1.68945 -0.9
-1.6892 -0.4
-1.68896 0.1
-1.68871 0.7
-1.68847 1.2
-1.68823 1.7
-1.68798 2.2
-1.68774 2.8
-1.68749 3.3
-1.68725 3.8
-1.68701 4.2
-1.68676 4.7
-1.68652 5.1
-1.68627 5.6
-1.68603 6.0
-1.68579 6.3
-1.68554 6.7
-1.6853 7.0
-1.68505 7.3
-1.68481 7.6
-1.68456 7.9
-1.68432 8.1
-1.68408 8.3
-1.68383 8.4
-1.68359 8.5
-1.68334 8.6
-1.6831 8.7
-1.68286 8.7
-1.68261 8.7
-1.68237 8.7
-1.68212 8.6
-1.68188 8.5
-1.68163 8.4
-1.68139 8.2
-1.68115 8.0
-1.6809 7.8
-1.68066 7.5
-1.68041 7.2
-1.68017 6.9
-1.67993 6.6
-1.67968 6.2
-1.67944 5.8
-1.67919 5.4
-1.67895 5.0
-1.67871 4.5
-1.67846 4.1
-1.67822 3.6
-1.67797 3.1
-1.67773 2.6
-1.67748 2.1
-1.67724 1.5
-1.677 1.0
-1.67675 0.5
-1.67651 0.0
-1.67626 -0.6
-1.67602 -1.1
-1.67578 -1.7
-1.67553 -2.2
-1.67529 -2.7
-1.67504 -3.2
-1.6748 -3.7
-1.67455 -4.2
-1.67431 -4.7
-1.67407 -5.1
-1.67382 -5.5
-1.67358 -5.9
-1.67333 -6.3
-1.67309 -6.7
-1.67285 -7.0
-1.6726 -7.3
-1.67236 -7.6
-1.67211 -7.8
-1.67187 -8.1
-1.67163 -8.3
-1.67138 -8.4
-1.67114 -8.5
-1.67089 -8.6
-1.67065 -8.7
-1.6704 -8.7
-1.67016 -8.7
-1.66992 -8.7
-1.66967 -8.6
-1.66943 -8.5
-1.66918 -8.4
-1.66894 -8.2
-1.6687 -8.0
-1.66845 -7.8
-1.66821 -7.5
-1.66796 -7.3
-1.66772 -6.9
-1.66747 -6.6
-1.66723 -6.2
-1.66699 -5.8
-1.66674 -5.4
-1.6665 -5.0
-1.66625 -4.5
-1.66601 -4.1
-1.66577 -3.6
-1.66552 -3.1
-1.66528 -2.6
-1.66503 -2.1
-1.66479 -1.5
-1.66455 -1.0
-1.6643 -0.5
-1.66406 0.0
-1.66381 0.6
-1.66357 1.2
-1.66332 1.7
-1.66308 2.2
-1.66284 2.7
-1.66259 3.2
-1.66235 3.7
-1.6621 4.2
-1.66186 4.7
-1.66162 5.1
-1.66137 5.6
-1.66113 6.0
-1.66088 6.3
-1.66064 6.7
-1.66039 7.0
-1.66015 7.3
-1.65991 7.6
-1.65966 7.9
-1.65942 8.1
-1.65917 8.3
-1.65893 8.4
-1.65869 8.6
-1.65844 8.7
-1.6582 8.7
-1.65795 8.8
-1.65771 8.7
-1.65746 8.7
-1.65722 8.6
-1.65698 8.5
-1.65673 8.4
-1.65649 8.2
-1.65624 8.0
-1.656 7.8
-1.65576 7.5
-1.65551 7.2
-1.65527 6.9
-1.65502 6.6
-1.65478 6.2
-1.65454 5.8
-1.65429 5.4
-1.65405 4.9
-1.6538 4.5
-1.65356 4.0
-1.65331 3.5
-1.65307 3.0
-1.65283 2.5
-1.65258 2.0
-1.65234 1.5
-1.65209 0.9
-1.65185 0.4
-1.65161 -0.2
-1.65136 -0.7
-1.65112 -1.2
-1.65087 -1.8
-1.65063 -2.3
-1.65038 -2.8
-1.65014 -3.3
-1.6499 -3.8
-1.64965 -4.3
-1.64941 -4.8
-1.64916 -5.2
-1.64892 -5.6
-1.64868 -6.0
-1.64843 -6.4
-1.64819 -6.8
-1.64794 -7.1
-1.6477 -7.4
-1.64746 -7.7
-1.64721 -7.9
-1.64697 -8.2
-1.64672 -8.3
-1.64648 -8.5
-1.64623 -8.6
-1.64599 -8.7
-1.64575 -8.7
-1.6455 -8.8
-1.64526 -8.8
-1.64501 -8.7
-1.64477 -8.6
-1.64453 -8.5
-1.64428 -8.4
-1.64404 -8.2
-1.64379 -8.0
-1.64355 -7.7
-1.6433 -7.5
-1.64306 -7.2
-1.64282 -6.8
-1.64257 -6.5
-1.64233 -6.1
-1.64208 -5.7
-1.64184 -5.3
-1.6416 -4.8
-1.64135 -4.4
-1.64111 -3.9
-1.64086 -3.4
-1.64062 -2.9
-1.64038 -2.4
-1.64013 -1.8
-1.63989 -1.3
-1.63964 -0.8
-1.6394 -0.2
-1.63915 0.3
-1.63891 0.9
-1.63867 1.4
-1.63842 1.9
-1.63818 2.5
-1.63793 3.0
-1.63769 3.5
-1.63745 4.0
-1.6372 4.5
-1.63696 4.9
-1.63671 5.4
-1.63647 5.8
-1.63622 6.2
-1.63598 6.6
-1.63574 6.9
-1.63549 7.2
-1.63525 7.5
-1.635 7.8
-1.63476 8.0
-1.63452 8.2
-1.63427 8.4
-1.63403 8.5
-1.63378 8.7
-1.63354 8.7
-1.6333 8.8
-1.63305 8.8
-1.63281 8.8
-1.63256 8.7
-1.63232 8.6
-1.63207 8.5
-1.63183 8.3
-1.63159 8.1
-1.63134 7.9
-1.6311 7.6
-1.63085 7.4
-1.63061 7.1
-1.63037 6.7
-1.63012 6.4
-1.62988 6.0
-1.62963 5.5
-1.62939 5.1
-1.62914 4.7
-1.6289 4.2
-1.62866 3.7
-1.62841 3.2
-1.62817 2.7
-1.62792 2.2
-1.62768 1.6
-1.62744 1.1
-1.62719 0.5
-1.62695 0.0
-1.6267 -0.6
-1.62646 -1.1
-1.62621 -1.6
-1.62597 -2.2
-1.62573 -2.7
-1.62548 -3.2
-1.62524 -3.7
-1.62499 -4.2
-1.62475 -4.7
-1.62451 -5.1
-1.62426 -5.6
-1.62402 -6.0
-1.62377 -6.4
-1.62353 -6.7
-1.62329 -7.1
-1.62304 -7.4
-1.6228 -7.7
-1.62255 -7.9
-1.62231 -8.1
-1.62206 -8.3
-1.62182 -8.5
-1.62158 -8.6
-1.62133 -8.7
-1.62109 -8.8
-1.62084 -8.8
-1.6206 -8.8
-1.62036 -8.7
-1.62011 -8.7
-1.61987 -8.6
-1.61962 -8.4
-1.61938 -8.2
-1.61913 -8.0
-1.61889 -7.8
-1.61865 -7.5
-1.6184 -7.2
-1.61816 -6.9
-1.61791 -6.5
-1.61767 -6.2
-1.61743 -5.8
-1.61718 -5.3
-1.61694 -4.9
-1.61669 -4.4
-1.61645 -3.9
-1.61621 -3.4
-1.61596 -2.9
-1.61572 -2.4
-1.61547 -1.9
-1.61523 -1.3
-1.61498 -0.8
-1.61474 -0.2
-1.6145 0.3
-1.61425 0.9
-1.61401 1.4
-1.61376 2.0
-1.61352 2.5
-1.61328 3.0
-1.61303 3.5
-1.61279 4.0
-1.61254 4.5
-1.6123 5.0
-1.61205 5.4
-1.61181 5.8
-1.61157 6.2
-1.61132 6.6
-1.61108 7.0
-1.61083 7.3
-1.61059 7.6
-1.61035 7.8
-1.6101 8.1
-1.60986 8.3
-1.60961 8.5
-1.60937 8.6
-1.60913 8.7
-1.60888 8.8
-1.60864 8.8
-1.60839 8.8
-1.60815 8.8
-1.6079 8.7
-1.60766 8.6
-1.60742 8.5
-1.60717 8.3
-1.60693 8.1
-1.60668 7.9
-1.60644 7.6
-1.6062 7.3
-1.60595 7.0
-1.60571 6.7
-1.60546 6.3
-1.60522 5.9
-1.60497 5.5
-1.60473 5.0
-1.60449 4.6
-1.60424 4.1
-1.604 3.6
-1.60375 3.1
-1.60351 2.6
-1.60327 2.0
-1.60302 1.5
-1.60278 0.9
-1.60253 0.4
-1.60229 -0.2
-1.60205 -0.7
-1.6018 -1.3
-1.60156 -1.8
-1.60131 -2.3
-1.60107 -2.9
-1.60082 -3.4
-1.60058 -3.9
-1.60034 -4.4
-1.60009 -4.8
-1.59985 -5.3
-1.5996 -5.7
-1.59936 -6.1
-1.59912 -6.5
-1.59887 -6.9
-1.59863 -7.2
-1.59838 -7.5
-1.59814 -7.8
-1.59789 -8.0
-1.59765 -8.3
-1.59741 -8.4
-1.59716 -8.6
-1.59692 -8.7
-1.59667 -8.8
-1.59643 -8.8
-1.59619 -8.8
-1.59594 -8.8
-1.5957 -8.7
-1.59545 -8.7
-1.59521 -8.5
-1.59496 -8.4
-1.59472 -8.2
-1.59448 -7.9
-1.59423 -7.7
-1.59399 -7.4
-1.59374 -7.1
-1.5935 -6.7
-1.59326 -6.4
-1.59301 -6.0
-1.59277 -5.6
-1.59252 -5.1
-1.59228 -4.7
-1.59204 -4.2
-1.59179 -3.7
-1.59155 -3.2
-1.5913 -2.7
-1.59106 -2.1
-1.59081 -1.6
-1.59057 -1.0
-1.59033 -0.5
-1.59008 0.0
-1.58984 0.6
-1.58959 1.2
-1.58935 1.7
-1.58911 2.3
-1.58886 2.8
-1.58862 3.3
-1.58837 3.8
-1.58813 4.3
-1.58788 4.8
-1.58764 5.3
-1.5874 5.7
-1.58715 6.1
-1.58691 6.5
-1.58666 6.9
-1.58642 7.2
-1.58618 7.5
-1.58593 7.8
-1.58569 8.0
-1.58544 8.2
-1.5852 8.4
-1.58496 8.6
-1.58471 8.7
-1.58447 8.8
-1.58422 8.8
-1.58398 8.8
-1.58373 8.8
-1.58349 8.8
-1.58325 8.7
-1.583 8.6
-1.58276 8.4
-1.58251 8.2
-1.58227 8.0
-1.58203 7.7
-1.58178 7.4
-1.58154 7.1
-1.58129 6.8
-1.58105 6.4
-1.5808 6.0
-1.58056 5.6
-1.58032 5.1
-1.58007 4.7
-1.57983 4.2
-1.57958 3.7
-1.57934 3.2
-1.5791 2.7
-1.57885 2.1
-1.57861 1.6
-1.57836 1.0
-1.57812 0.5
-1.57788 0.0
-1.57763 -0.6
-1.57739 -1.2
-1.57714 -1.7
-1.5769 -2.3
-1.57665 -2.8
-1.57641 -3.3
-1.57617 -3.8
-1.57592 -4.3
-1.57568 -4.8
-1.57543 -5.3
-1.57519 -5.7
-1.57495 -6.1
-1.5747 -6.5
-1.57446 -6.9
-1.57421 -7.2
-1.57397 -7.5
-1.57372 -7.8
-1.57348 -8.1
-1.57324 -8.3
-1.57299 -8.5
-1.57275 -8.6
-1.5725 -8.7
-1.57226 -8.8
-1.57202 -8.9
-1.57177 -8.9
-1.57153 -8.8
-1.57128 -8.8
-1.57104 -8.7
-1.5708 -8.6
-1.57055 -8.4
-1.57031 -8.2
-1.57006 -8.0
-1.56982 -7.7
-1.56957 -7.4
-1.56933 -7.1
-1.56909 -6.8
-1.56884 -6.4
-1.5686 -6.0
-1.56835 -5.6
-1.56811 -5.1
-1.56787 -4.6
-1.56762 -4.2
-1.56738 -3.7
-1.56713 -3.1
-1.56689 -2.6
-1.56664 -2.1
-1.5664 -1.5
-1.56616 -1.0
-1.56591 -0.4
-1.56567 0.1
-1.56542 0.7
-1.56518 1.3
-1.56494 1.8
-1.56469 2.4
-1.56445 2.9
-1.5642 3.4
-1.56396 3.9
-1.56371 4.4
-1.56347 4.9
-1.56323 5.4
-1.56298 5.8
-1.56274 6.2
-1.56249 6.6
-1.56225 7.0
-1.56201 7.3
-1.56176 7.6
-1.56152 7.9
-1.56127 8.1
-1.56103 8.3
-1.56079 8.5
-1.56054 8.6
-1.5603 8.8
-1.56005 8.8
-1.55981 8.9
-1.55956 8.9
-1.55932 8.8
-1.55908 8.8
-1.55883 8.7
-1.55859 8.5
-1.55834 8.4
-1.5581 8.2
-1.55786 7.9
-1.55761 7.7
-1.55737 7.4
-1.55712 7.0
-1.55688 6.7
-1.55663 6.3
-1.55639 5.9
-1.55615 5.5
-1.5559 5.0
-1.55566 4.5
-1.55541 4.0
-1.55517 3.5
-1.55493 3.0
-1.55468 2.5
-1.55444 1.9
-1.55419 1.4
-1.55395 0.8
-1.55371 0.3
-1.55346 -0.3
-1.55322 -0.9
-1.55297 -1.4
-1.55273 -2.0
-1.55248 -2.5
-1.55224 -3.0
-1.552 -3.6
-1.55175 -4.1
-1.55151 -4.6
-1.55126 -5.0
-1.55102 -5.5
-1.55078 -5.9
-1.55053 -6.3
-1.55029 -6.7
-1.55004 -7.1
-1.5498 -7.4
-1.54955 -7.7
-1.54931 -8.0
-1.54907 -8.2
-1.54882 -8.4
-1.54858 -8.6
-1.54833 -8.7
-1.54809 -8.8
-1.54785 -8.9
-1.5476 -8.9
-1.54736 -8.9
-1.54711 -8.8
-1.54687 -8.8
-1.54663 -8.7
-1.54638 -8.5
-1.54614 -8.3
-1.54589 -8.1
-1.54565 -7.9
-1.5454 -7.6
-1.54516 -7.3
-1.54492 -6.9
-1.54467 -6.6
-1.54443 -6.2
-1.54418 -5.7
-1.54394 -5.3
-1.5437 -4.8
-1.54345 -4.4
-1.54321 -3.9
-1.54296 -3.3
-1.54272 -2.8
-1.54247 -2.3
-1.54223 -1.7
-1.54199 -1.2
-1.54174 -0.6
-1.5415 0.0
-1.54125 0.5
-1.54101 1.1
-1.54077 1.7
-1.54052 2.2
-1.54028 2.7
-1.54003 3.3
-1.53979 3.8
-1.53955 4.3
-1.5393 4.8
-1.53906 5.3
-1.53881 5.7
-1.53857 6.1
-1.53832 6.5
-1.53808 6.9
-1.53784 7.2
-1.53759 7.6
-1.53735 7.8
-1.5371 8.1
-1.53686 8.3
-1.53662 8.5
-1.53637 8.7
-1.53613 8.8
-1.53588 8.9
-1.53564 8.9
-1.53539 8.9
-1.53515 8.9
-1.53491 8.8
-1.53466 8.7
-1.53442 8.6
-1.53417 8.4
-1.53393 8.2
-1.53369 8.0
-1.53344 7.7
-1.5332 7.4
-1.53295 7.1
-1.53271 6.8
-1.53246 6.4
-1.53222 6.0
-1.53198 5.5
-1.53173 5.1
-1.53149 4.6
-1.53124 4.1
-1.531 3.6
-1.53076 3.1
-1.53051 2.5
-1.53027 2.0
-1.53002 1.4
-1.52978 0.9
-1.52954 0.3
-1.52929 -0.3
-1.52905 -0.8
-1.5288 -1.4
-1.52856 -2.0
-1.52831 -2.5
-1.52807 -3.1
-1.52783 -3.6
-1.52758 -4.1
-1.52734 -4.6
-1.52709 -5.1
-1.52685 -5.5
-1.52661 -6.0
-1.52636 -6.4
-1.52612 -6.8
-1.52587 -7.1
-1.52563 -7.4
-1.52538 -7.7
-1.52514 -8.0
-1.5249 -8.2
-1.52465 -8.4
-1.52441 -8.6
-1.52416 -8.7
-1.52392 -8.8
-1.52368 -8.9
-1.52343 -8.9
-1.52319 -8.9
-1.52294 -8.9
-1.5227 -8.8
-1.52246 -8.7
-1.52221 -8.5
-1.52197 -8.3
-1.52172 -8.1
-1.52148 -7.8
-1.52123 -7.6
-1.52099 -7.2
-1.52075 -6.9
-1.5205 -6.5
-1.52026 -6.1
-1.52001 -5.7
-1.51977 -5.2
-1.51953 -4.8
-1.51928 -4.3
-1.51904 -3.8
-1.51879 -3.2
-1.51855 -2.7
-1.5183 -2.1
-1.51806 -1.6
-1.51782 -1.0
-1.51757 -0.5
-1.51733 0.1
-1.51708 0.7
-1.51684 1.2
-1.5166 1.8
-1.51635 2.4
-1.51611 2.9
-1.51586 3.4
-1.51562 4.0
-1.51538 4.5
-1.51513 4.9
-1.51489 5.4
-1.51464 5.9
-1.5144 6.3
-1.51415 6.7
-1.51391 7.0
-1.51367 7.4
-1.51342 7.7
-1.51318 8.0
-1.51293 8.2
-1.51269 8.4
-1.51245 8.6
-1.5122 8.7
-1.51196 8.8
-1.51171 8.9
-1.51147 8.9
-1.51122 8.9
-1.51098 8.9
-1.51074 8.8
-1.51049 8.7
-1.51025 8.6
-1.51 8.4
-1.50976 8.2
-1.50952 7.9
-1.50927 7.6
-1.50903 7.3
-1.50878 7.0
-1.50854 6.6
-1.5083 6.2
-1.50805 5.8
-1.50781 5.3
-1.50756 4.9
-1.50732 4.4
-1.50707 3.9
-1.50683 3.3
-1.50659 2.8
-1.50634 2.3
-1.5061 1.7
-1.50585 1.1
-1.50561 0.6
-1.50537 0.0
-1.50512 -0.6
-1.50488 -1.2
-1.50463 -1.7
-1.50439 -2.3
-1.50414 -2.8
-1.5039 -3.4
-1.50366 -3.9
-1.50341 -4.4
-1.50317 -4.9
-1.50292 -5.4
-1.50268 -5.8
-1.50244 -6.2
-1.50219 -6.6
-1.50195 -7.0
-1.5017 -7.4
-1.50146 -7.7
-1.50121 -7.9
-1.50097 -8.2
-1.50073 -8.4
-1.50048 -8.6
-1.50024 -8.7
-1.49999 -8.8
-1.49975 -8.9
-1.49951 -9.0
-1.49926 -9.0
-1.49902 -8.9
-1.49877 -8.8
-1.49853 -8.7
-1.49829 -8.6
-1.49804 -8.4
-1.4978 -8.2
-1.49755 -7.9
-1.49731 -7.7
-1.49706 -7.4
-1.49682 -7.0
-1.49658 -6.6
-1.49633 -6.2
-1.49609 -5.8
-1.49584 -5.4
-1.4956 -4.9
-1.49536 -4.4
-1.49511 -3.9
-1.49487 -3.4
-1.49462 -2.8
-1.49438 -2.3
-1.49413 -1.7
-1.49389 -1.1
-1.49365 -0.6
-1.4934 0.0
-1.49316 0.6
-1.49291 1.2
-1.49267 1.7
-1.49243 2.3
-1.49218 2.8
-1.49194 3.4
-1.49169 3.9
-1.49145 4.4
-1.49121 4.9
-1.49096 5.4
-1.49072 5.8
-1.49047 6.3
-1.49023 6.7
-1.48998 7.0
-1.48974 7.4
-1.4895 7.7
-1.48925 8.0
-1.48901 8.2
-1.48876 8.4
-1.48852 8.6
-1.48828 8.8
-1.48803 8.9
-1.48779 8.9
-1.48754 9.0
-1.4873 9.0
-1.48705 8.9
-1.48681 8.9
-1.48657 8.7
-1.48632 8.6
-1.48608 8.4
-1.48583 8.2
-1.48559 7.9
-1.48535 7.7
-1.4851 7.3
-1.48486 7.0
-1.48461 6.6
-1.48437 6.2
-1.48413 5.8
-1.48388 5.3
-1.48364 4.9
-1.48339 4.4
-1.48315 3.8
-1.4829 3.3
-1.48266 2.8
-1.48242 2.2
-1.48217 1.7
-1.48193 1.1
-1.48168 0.5
-1.48144 0.0
-1.4812 -0.7
-1.48095 -1.2
-1.48071 -1.8
-1.48046 -2.4
-1.48022 -2.9
-1.47997 -3.5
-1.47973 -4.0
-1.47949 -4.5
-1.47924 -5.0
-1.479 -5.5
-1.47875 -5.9
-1.47851 -6.3
-1.47827 -6.7
-1.47802 -7.1
-1.47778 -7.4
-1.47753 -7.7
-1.47729 -8.0
-1.47705 -8.3
-1.4768 -8.5
-1.47656 -8.7
-1.47631 -8.8
-1.47607 -8.9
-1.47582 -9.0
-1.47558 -9.0
-1.47534 -9.0
-1.47509 -8.9
-1.47485 -8.9
-1.4746 -8.7
-1.47436 -8.6
-1.47412 -8.4
-1.47387 -8.2
-1.47363 -7.9
-1.47338 -7.6
-1.47314 -7.3
-1.47289 -6.9
-1.47265 -6.5
-1.47241 -6.1
-1.47216 -5.7
-1.47192 -5.2
-1.47167 -4.7
-1.47143 -4.2
-1.47119 -3.7
-1.47094 -3.2
-1.4707 -2.6
-1.47045 -2.1
-1.47021 -1.5
-1.46996 -0.9
-1.46972 -0.4
-1.46948 0.2
-1.46923 0.8
-1.46899 1.4
-1.46874 2.0
-1.4685 2.5
-1.46826 3.1
-1.46801 3.6
-1.46777 4.1
-1.46752 4.6
-1.46728 5.1
-1.46704 5.6
-1.46679 6.0
-1.46655 6.5
-1.4663 6.9
-1.46606 7.2
-1.46581 7.6
-1.46557 7.9
-1.46533 8.1
-1.46508 8.4
-1.46484 8.6
-1.46459 8.7
-1.46435 8.9
-1.46411 8.9
-1.46386 9.0
-1.46362 9.0
-1.46337 9.0
-1.46313 8.9
-1.46288 8.8
-1.46264 8.7
-1.4624 8.5
-1.46215 8.3
-1.46191 8.1
-1.46166 7.8
-1.46142 7.5
-1.46118 7.2
-1.46093 6.8
-1.46069 6.4
-1.46044 6.0
-1.4602 5.5
-1.45996 5.1
-1.45971 4.6
-1.45947 4.1
-1.45922 3.5
-1.45898 3.0
-1.45873 2.4
-1.45849 1.9
-1.45825 1.3
-1.458 0.7
-1.45776 0.1
-1.45751 -0.5
-1.45727 -1.0
-1.45703 -1.6
-1.45678 -2.2
-1.45654 -2.8
-1.45629 -3.3
-1.45605 -3.8
-1.4558 -4.4
-1.45556 -4.9
-1.45532 -5.4
-1.45507 -5.8
-1.45483 -6.2
-1.45458 -6.7
-1.45434 -7.0
-1.4541 -7.4
-1.45385 -7.7
-1.45361 -8.0
-1.45336 -8.3
-1.45312 -8.5
-1.45288 -8.7
-1.45263 -8.8
-1.45239 -8.9
-1.45214 -9.0
-1.4519 -9.0
-1.45165 -9.0
-1.45141 -9.0
-1.45117 -8.9
-1.45092 -8.8
-1.45068 -8.6
-1.45043 -8.5
-1.45019 -8.2
-1.44995 -8.0
-1.4497 -7.7
-1.44946 -7.4
-1.44921 -7.0
-1.44897 -6.6
-1.44872 -6.2
-1.44848 -5.8
-1.44824 -5.3
-1.44799 -4.8
-1.44775 -4.3
-1.4475 -3.8
-1.44726 -3.2
-1.44702 -2.7
-1.44677 -2.1
-1.44653 -1.5
-1.44628 -1.0
-1.44604 -0.4
-1.4458 0.2
-1.44555 0.8
-1.44531 1.4
-1.44506 2.0
-1.44482 2.5
-1.44457 3.1
-1.44433 3.6
-1.44409 4.2
-1.44384 4.7
-1.4436 5.2
-1.44335 5.6
-1.44311 6.1
-1.44287 6.5
-1.44262 6.9
-1.44238 7.3
-1.44213 7.6
-1.44189 7.9
-1.44164 8.2
-1.4414 8.4
-1.44116 8.6
-1.44091 8.8
-1.44067 8.9
-1.44042 9.0
-1.44018 9.0
-1.43994 9.0
-1.43969 9.0
-1.43945 9.0
-1.4392 8.9
-1.43896 8.7
-1.43871 8.5
-1.43847 8.3
-1.43823 8.1
-1.43798 7.8
-1.43774 7.5
-1.43749 7.1
-1.43725 6.8
-1.43701 6.4
-1.43676 5.9
-1.43652 5.5
-1.43627 5.0
-1.43603 4.5
-1.43579 4.0
-1.43554 3.4
-1.4353 2.9
-1.43505 2.3
-1.43481 1.7
-1.43456 1.2
-1.43432 0.6
-1.43408 0.0
-1.43383 -0.6
-1.43359 -1.2
-1.43334 -1.8
-1.4331 -2.4
-1.43286 -2.9
-1.43261 -3.5
-1.43237 -4.0
-1.43212 -4.5
-1.43188 -5.0
-1.43163 -5.5
-1.43139 -6.0
-1.43115 -6.4
-1.4309 -6.8
-1.43066 -7.2
-1.43041 -7.5
-1.43017 -7.8
-1.42993 -8.1
-1.42968 -8.4
-1.42944 -8.6
-1.42919 -8.7
-1.42895 -8.9
-1.42871 -9.0
-1.42846 -9.0
-1.42822 -9.1
-1.42797 -9.0
-1.42773 -9.0
-1.42748 -8.9
-1.42724 -8.8
-1.427 -8.6
-1.42675 -8.4
-1.42651 -8.2
-1.42626 -7.9
-1.42602 -7.6
-1.42578 -7.2
-1.42553 -6.9
-1.42529 -6.5
-1.42504 -6.0
-1.4248 -5.6
-1.42455 -5.1
-1.42431 -4.6
-1.42407 -4.1
-1.42382 -3.5
-1.42358 -3.0
-1.42333 -2.4
-1.42309 -1.8
-1.42285 -1.3
-1.4226 -0.7
-1.42236 0.0
-1.42211 0.5
-1.42187 1.1
-1.42163 1.7
-1.42138 2.3
-1.42114 2.8
-1.42089 3.4
-1.42065 3.9
-1.4204 4.5
-1.42016 5.0
-1.41992 5.5
-1.41967 5.9
-1.41943 6.4
-1.41918 6.8
-1.41894 7.2
-1.4187 7.5
-1.41845 7.8
-1.41821 8.1
-1.41796 8.4
-1.41772 8.6
-1.41747 8.7
-1.41723 8.9
-1.41699 9.0
-1.41674 9.1
-1.4165 9.1
-1.41625 9.1
-1.41601 9.0
-1.41577 8.9
-1.41552 8.8
-1.41528 8.6
-1.41503 8.4
-1.41479 8.2
-1.41455 7.9
-1.4143 7.6
-1.41406 7.3
-1.41381 6.9
-1.41357 6.5
-1.41332 6.1
-1.41308 5.6
-1.41284 5.1
-1.41259 4.6
-1.41235 4.1
-1.4121 3.6
-1.41186 3.0
-1.41162 2.4
-1.41137 1.9
-1.41113 1.3
-1.41088 0.7
-1.41064 0.0
-1.41039 -0.5
-1.41015 -1.1
-1.40991 -1.7
-1.40966 -2.3
-1.40942 -2.8
-1.40917 -3.4
-1.40893 -4.0
-1.40869 -4.5
-1.40844 -5.0
-1.4082 -5.5
-1.40795 -5.9
-1.40771 -6.4
-1.40746 -6.8
-1.40722 -7.2
-1.40698 -7.5
-1.40673 -7.8
-1.40649 -8.1
-1.40624 -8.4
-1.406 -8.6
-1.40576 -8.8
-1.40551 -8.9
-1.40527 -9.0
-1.40502 -9.1
-1.40478 -9.1
-1.40454 -9.1
-1.40429 -9.0
-1.40405 -8.9
-1.4038 -8.8
-1.40356 -8.6
-1.40331 -8.4
-1.40307 -8.2
-1.40283 -7.9
-1.40258 -7.6
-1.40234 -7.2
-1.40209 -6.9
-1.40185 -6.5
-1.40161 -6.0
-1.40136 -5.6
-1.40112 -5.1
-1.40087 -4.6
-1.40063 -4.1
-1.40038 -3.5
-1.40014 -2.9
-1.3999 -2.4
-1.39965 -1.8
-1.39941 -1.2
-1.39916 -0.6
-1.39892 0.0
-1.39868 0.6
-1.39843 1.2
-1.39819 1.8
-1.39794 2.4
-1.3977 2.9
-1.39746 3.5
-1.39721 4.0
-1.39697 4.6
-1.39672 5.1
-1.39648 5.6
-1.39623 6.0
-1.39599 6.5
-1.39575 6.9
-1.3955 7.3
-1.39526 7.6
-1.39501 7.9
-1.39477 8.2
-1.39453 8.4
-1.39428 8.6
-1.39404 8.8
-1.39379 9.0
-1.39355 9.0
-1.3933 9.1
-1.39306 9.1
-1.39282 9.1
-1.39257 9.0
-1.39233 8.9
-1.39208 8.8
-1.39184 8.6
-1.3916 8.4
-1.39135 8.1
-1.39111 7.9
-1.39086 7.5
-1.39062 7.2
-1.39038 6.8
-1.39013 6.4
-1.38989 5.9
-1.38964 5.5
-1.3894 5.0
-1.38915 4.5
-1.38891 3.9
-1.38867 3.4
-1.38842 2.8
-1.38818 2.2
-1.38793 1.6
-1.38769 1.0
-1.38745 0.4
-1.3872 -0.2
-1.38696 -0.8
-1.38671 -1.4
-1.38647 -1.9
-1.38622 -2.5
-1.38598 -3.1
-1.38574 -3.7
-1.38549 -4.2
-1.38525 -4.7
-1.385 -5.2
-1.38476 -5.7
-1.38452 -6.2
-1.38427 -6.6
-1.38403 -7.0
-1.38378 -7.4
-1.38354 -7.7
-1.3833 -8.0
-1.38305 -8.3
-1.38281 -8.5
-1.38256 -8.7
-1.38232 -8.9
-1.38207 -9.0
-1.38183 -9.1
-1.38159 -9.1
-1.38134 -9.1
-1.3811 -9.1
-1.38085 -9.0
-1.38061 -8.9
-1.38037 -8.7
-1.38012 -8.6
-1.37988 -8.3
-1.37963 -8.1
-1.37939 -7.8
-1.37914 -7.4
-1.3789 -7.1
-1.37866 -6.7
-1.37841 -6.2
-1.37817 -5.8
-1.37792 -5.3
-1.37768 -4.8
-1.37744 -4.3
-1.37719 -3.7
-1.37695 -3.2
-1.3767 -2.6
-1.37646 -2.0
-1.37621 -1.4
-1.37597 -0.8
-1.37573 -0.2
-1.37548 0.4
-1.37524 1.0
-1.37499 1.6
-1.37475 2.2
-1.37451 2.8
-1.37426 3.4
-1.37402 3.9
-1.37377 4.4
-1.37353 5.0
-1.37329 5.5
-1.37304 5.9
-1.3728 6.4
-1.37255 6.8
-1.37231 7.2
-1.37206 7.6
-1.37182 7.9
-1.37158 8.2
-1.37133 8.4
-1.37109 8.6
-1.37084 8.8
-1.3706 9.0
-1.37036 9.1
-1.37011 9.1
-1.36987 9.2
-1.36962 9.1
-1.36938 9.1
-1.36913 9.0
-1.36889 8.8
-1.36865 8.7
-1.3684 8.5
-1.36816 8.2
-1.36791 7.9
-1.36767 7.6
-1.36743 7.2
-1.36718 6.9
-1.36694 6.4
-1.36669 6.0
-1.36645 5.5
-1.36621 5.0
-1.36596 4.5
-1.36572 4.0
-1.36547 3.4
-1.36523 2.8
-1.36498 2.3
-1.36474 1.7
-1.3645 1.1
-1.36425 0.5
-1.36401 -0.1
-1.36376 -0.8
-1.36352 -1.4
-1.36328 -2.0
-1.36303 -2.5
-1.36279 -3.1
-1.36254 -3.7
-1.3623 -4.2
-1.36205 -4.8
-1.36181 -5.3
-1.36157 -5.8
-1.36132 -6.2
-1.36108 -6.7
-1.36083 -7.1
-1.36059 -7.4
-1.36035 -7.8
-1.3601 -8.1
-1.35986 -8.3
-1.35961 -8.6
-1.35937 -8.8
-1.35913 -8.9
-1.35888 -9.1
-1.35864 -9.1
-1.35839 -9.2
-1.35815 -9.2
-1.3579 -9.1
-1.35766 -9.0
-1.35742 -8.9
-1.35717 -8.8
-1.35693 -8.6
-1.35668 -8.3
-1.35644 -8.0
-1.3562 -7.7
-1.35595 -7.4
-1.35571 -7.0
-1.35546 -6.6
-1.35522 -6.2
-1.35497 -5.7
-1.35473 -5.2
-1.35449 -4.7
-1.35424 -4.2
-1.354 -3.6
-1.35375 -3.0
-1.35351 -2.4
-1.35327 -1.9
-1.35302 -1.3
-1.35278 -0.6
-1.35253 0.0
-1.35229 0.6
-1.35205 1.2
-1.3518 1.8
-1.35156 2.4
-1.35131 3.0
-1.35107 3.5
-1.35082 4.1
-1.35058 4.6
-1.35034 5.2
-1.35009 5.6
-1.34985 6.1
-1.3496 6.6
-1.34936 7.0
-1.34912 7.4
-1.34887 7.7
-1.34863 8.0
-1.34838 8.3
-1.34814 8.5
-1.34789 8.8
-1.34765 8.9
-1.34741 9.0
-1.34716 9.1
-1.34692 9.2
-1.34667 9.2
-1.34643 9.2
-1.34619 9.1
-1.34594 9.0
-1.3457 8.8
-1.34545 8.6
-1.34521 8.4
-1.34496 8.1
-1.34472 7.8
-1.34448 7.5
-1.34423 7.1
-1.34399 6.7
-1.34374 6.3
-1.3435 5.8
-1.34326 5.3
-1.34301 4.8
-1.34277 4.3
-1.34252 3.7
-1.34228 3.1
-1.34204 2.5
-1.34179 2.0
-1.34155 1.3
-1.3413 0.7
-1.34106 0.1
-1.34081 -0.5
-1.34057 -1.1
-1.34033 -1.7
-1.34008 -2.3
-1.33984 -2.9
-1.33959 -3.5
-1.33935 -4.0
-1.33911 -4.6
-1.33886 -5.1
-1.33862 -5.6
-1.33837 -6.1
-1.33813 -6.5
-1.33788 -6.9
-1.33764 -7.3
-1.3374 -7.7
-1.33715 -8.0
-1.33691 -8.3
-1.33666 -8.5
-1.33642 -8.8
-1.33618 -8.9
-1.33593 -9.1
-1.33569 -9.1
-1.33544 -9.2
-1.3352 -9.2
-1.33496 -9.2
-1.33471 -9.1
-1.33447 -9.0
-1.33422 -8.8
-1.33398 -8.6
-1.33373 -8.4
-1.33349 -8.1
-1.33325 -7.8
-1.333 -7.5
-1.33276 -7.1
-1.33251 -6.7
-1.33227 -6.3
-1.33203 -5.8
-1.33178 -5.3
-1.33154 -4.8
-1.33129 -4.3
-1.33105 -3.7
-1.3308 -3.1
-1.33056 -2.6
-1.33032 -2.0
-1.33007 -1.4
-1.32983 -0.7
-1.32958 -0.1
-1.32934 0.5
-1.3291 1.1
-1.32885 1.7
-1.32861 2.3
-1.32836 2.9
-1.32812 3.5
-1.32788 4.1
-1.32763 4.6
-1.32739 5.1
-1.32714 5.6
-1.3269 6.1
-1.32665 6.6
-1.32641 7.0
-1.32617 7.4
-1.32592 7.7
-1.32568 8.0
-1.32543 8.3
-1.32519 8.6
-1.32495 8.8
-1.3247 9.0
-1.32446 9.1
-1.32421 9.2
-1.32397 9.2
-1.32372 9.2
-1.32348 9.2
-1.32324 9.1
-1.32299 9.0
-1.32275 8.8
-1.3225 8.6
-1.32226 8.4
-1.32202 8.1
-1.32177 7.8
-1.32153 7.5
-1.32128 7.1
-1.32104 6.7
-1.3208 6.2
-1.32055 5.8
-1.32031 5.3
-1.32006 4.8
-1.31982 4.2
-1.31957 3.7
-1.31933 3.1
-1.31909 2.5
-1.31884 1.9
-1.3186 1.3
-1.31835 0.7
-1.31811 0.0
-1.31787 -0.6
-1.31762 -1.2
-1.31738 -1.8
-1.31713 -2.4
-1.31689 -3.0
-1.31664 -3.6
-1.3164 -4.2
-1.31616 -4.7
-1.31591 -5.2
-1.31567 -5.7
-1.31542 -6.2
-1.31518 -6.6
-1.31494 -7.1
-1.31469 -7.4
-1.31445 -7.8
-1.3142 -8.1
-1.31396 -8.4
-1.31371 -8.6
-1.31347 -8.8
-1.31323 -9.0
-1.31298 -9.1
-1.31274 -9.2
-1.31249 -9.2
-1.31225 -9.2
-1.31201 -9.2
-1.31176 -9.1
-1.31152 -9.0
-1.31127 -8.8
-1.31103 -8.6
-1.31079 -8.4
-1.31054 -8.1
-1.3103 -7.8
-1.31005 -7.4
-1.30981 -7.0
-1.30956 -6.6
-1.30932 -6.1
-1.30908 -5.7
-1.30883 -5.1
-1.30859 -4.6
-1.30834 -4.1
-1.3081 -3.5
-1.30786 -2.9
-1.30761 -2.3
-1.30737 -1.7
-1.30712 -1.1
-1.30688 -0.5
-1.30663 0.1
-1.30639 0.8
-1.30615 1.4
-1.3059 2.0
-1.30566 2.6
-1.30541 3.2
-1.30517 3.8
-1.30493 4.3
-1.30468 4.9
-1.30444 5.4
-1.30419 5.9
-1.30395 6.4
-1.30371 6.8
-1.30346 7.2
-1.30322 7.6
-1.30297 7.9
-1.30273 8.2
-1.30248 8.5
-1.30224 8.7
-1.302 8.9
-1.30175 9.1
-1.30151 9.2
-1.30126 9.2
-1.30102 9.3
-1.30078 9.2
-1.30053 9.2
-1.30029 9.1
-1.30004 8.9
-1.2998 8.8
-1.29955 8.5
-1.29931 8.3
-1.29907 8.0
-1.29882 7.6
-1.29858 7.3
-1.29833 6.9
-1.29809 6.4
-1.29785 6.0
-1.2976 5.5
-1.29736 4.9
-1.29711 4.4
-1.29687 3.8
-1.29663 3.3
-1.29638 2.7
-1.29614 2.1
-1.29589 1.4
-1.29565 0.8
-1.2954 0.2
-1.29516 -0.4
-1.29492 -1.1
-1.29467 -1.7
-1.29443 -2.3
-1.29418 -2.9
-1.29394 -3.5
-1.2937 -4.0
-1.29345 -4.6
-1.29321 -5.1
-1.29296 -5.6
-1.29272 -6.1
-1.29247 -6.6
-1.29223 -7.0
-1.29199 -7.4
-1.29174 -7.8
-1.2915 -8.1
-1.29125 -8.4
-1.29101 -8.6
-1.29077 -8.8
-1.29052 -9.0
-1.29028 -9.1
-1.29003 -9.2
-1.28979 -9.3
-1.28955 -9.3
-1.2893 -9.2
-1.28906 -9.2
-1.28881 -9.0
-1.28857 -8.9
-1.28832 -8.7
-1.28808 -8.4
-1.28784 -8.1
-1.28759 -7.8
-1.28735 -7.5
-1.2871 -7.1
-1.28686 -6.6
-1.28662 -6.2
-1.28637 -5.7
-1.28613 -5.2
-1.28588 -4.7
-1.28564 -4.1
-1.28539 -3.5
-1.28515 -2.9
-1.28491 -2.3
-1.28466 -1.7
-1.28442 -1.1
-1.28417 -0.5
-1.28393 0.2
-1.28369 0.8
-1.28344 1.4
-1.2832 2.0
-1.28295 2.7
-1.28271 3.3
-1.28246 3.8
-1.28222 4.4
-1.28198 4.9
-1.28173 5.5
-1.28149 6.0
-1.28124 6.4
-1.281 6.9
-1.28076 7.3
-1.28051 7.7
-1.28027 8.0
-1.28002 8.3
-1.27978 8.6
-1.27954 8.8
-1.27929 9.0
-1.27905 9.1
-1.2788 9.2
-1.27856 9.3
-1.27831 9.3
-1.27807 9.3
-1.27783 9.2
-1.27758 9.1
-1.27734 8.9
-1.27709 8.8
-1.27685 8.5
-1.27661 8.2
-1.27636 7.9
-1.27612 7.6
-1.27587 7.2
-1.27563 6.8
-1.27538 6.3
-1.27514 5.9
-1.2749 5.3
-1.27465 4.8
-1.27441 4.3
-1.27416 3.7
-1.27392 3.1
-1.27368 2.5
-1.27343 1.9
-1.27319 1.3
-1.27294 0.6
-1.2727 0.0
-1.27246 -0.6
-1.27221 -1.3
-1.27197 -1.9
-1.27172 -2.5
-1.27148 -3.1
-1.27123 -3.7
-1.27099 -4.3
-1.27075 -4.8
-1.2705 -5.4
-1.27026 -5.9
-1.27001 -6.3
-1.26977 -6.8
-1.26953 -7.2
-1.26928 -7.6
-1.26904 -7.9
-1.26879 -8.3
-1.26855 -8.5
-1.2683 -8.8
-1.26806 -9.0
-1.26782 -9.1
-1.26757 -9.2
-1.26733 -9.3
-1.26708 -9.3
-1.26684 -9.3
-1.2666 -9.2
-1.26635 -9.1
-1.26611 -9.0
-1.26586 -8.8
-1.26562 -8.6
-1.26538 -8.3
-1.26513 -8.0
-1.26489 -7.7
-1.26464 -7.3
-1.2644 -6.9
-1.26415 -6.4
-1.26391 -5.9
-1.26367 -5.4
-1.26342 -4.9
-1.26318 -4.4
-1.26293 -3.8
-1.26269 -3.2
-1.26245 -2.6
-1.2622 -2.0
-1.26196 -1.3
-1.26171 -0.7
-1.26147 0.0
-1.26122 0.6
-1.26098 1.2
-1.26074 1.8
-1.26049 2.4
-1.26025 3.1
-1.26 3.7
-1.25976 4.2
-1.25952 4.8
-1.25927 5.3
-1.25903 5.8
-1.25878 6.3
-1.25854 6.8
-1.2583 7.2
-1.25805 7.6
-1.25781 7.9
-1.25756 8.3
-1.25732 8.5
-1.25707 8.8
-1.25683 9.0
-1.25659 9.1
-1.25634 9.2
-1.2561 9.3
-1.25585 9.3
-1.25561 9.3
-1.25537 9.3
-1.25512 9.2
-1.25488 9.0
-1.25463 8.8
-1.25439 8.6
-1.25414 8.3
-1.2539 8.0
-1.25366 7.7
-1.25341 7.3
-1.25317 6.9
-1.25292 6.4
-1.25268 5.9
-1.25244 5.4
-1.25219 4.9
-1.25195 4.4
-1.2517 3.8
-1.25146 3.2
-1.25121 2.6
-1.25097 2.0
-1.25073 1.3
-1.25048 0.7
-1.25024 0.0
-1.24999 -0.6
-1.24975 -1.2
-1.24951 -1.9
-1.24926 -2.5
-1.24902 -3.1
-1.24877 -3.7
-1.24853 -4.3
-1.24829 -4.8
-1.24804 -5.4
-1.2478 -5.9
-1.24755 -6.4
-1.24731 -6.8
-1.24706 -7.2
-1.24682 -7.6
-1.24658 -8.0
-1.24633 -8.3
-1.24609 -8.6
-1.24584 -8.8
-1.2456 -9.0
-1.24536 -9.2
-1.24511 -9.3
-1.24487 -9.3
-1.24462 -9.4
-1.24438 -9.3
-1.24413 -9.3
-1.24389 -9.2
-1.24365 -9.0
-1.2434 -8.8
-1.24316 -8.6
-1.24291 -8.3
-1.24267 -8.0
-1.24243 -7.6
-1.24218 -7.3
-1.24194 -6.8
-1.24169 -6.4
-1.24145 -5.9
-1.24121 -5.4
-1.24096 -4.8
-1.24072 -4.3
-1.24047 -3.7
-1.24023 -3.1
-1.23998 -2.5
-1.23974 -1.8
-1.2395 -1.2
-1.23925 -0.6
-1.23901 0.0
-1.23876 0.7
-1.23852 1.4
-1.23828 2.0
-1.23803 2.6
-1.23779 3.2
-1.23754 3.8
-1.2373 4.4
-1.23705 5.0
-1.23681 5.5
-1.23657 6.0
-1.23632 6.5
-1.23608 6.9
-1.23583 7.4
-1.23559 7.7
-1.23535 8.1
-1.2351 8.4
-1.23486 8.7
-1.23461 8.9
-1.23437 9.1
-1.23413 9.2
-1.23388 9.3
-1.23364 9.4
-1.23339 9.4
-1.23315 9.3
-1.2329 9.3
-1.23266 9.2
-1.23242 9.0
-1.23217 8.8
-1.23193 8.5
-1.23168 8.2
-1.23144 7.9
-1.2312 7.5
-1.23095 7.1
-1.23071 6.7
-1.23046 6.2
-1.23022 5.7
-1.22997 5.2
-1.22973 4.7
-1.22949 4.1
-1.22924 3.5
-1.229 2.9
-1.22875 2.3
-1.22851 1.6
-1.22827 1.0
-1.22802 0.4
-1.22778 -0.3
-1.22753 -0.9
-1.22729 -1.6
-1.22705 -2.2
-1.2268 -2.8
-1.22656 -3.4
-1.22631 -4.0
-1.22607 -4.6
-1.22582 -5.2
-1.22558 -5.7
-1.22534 -6.2
-1.22509 -6.7
-1.22485 -7.1
-1.2246 -7.5
-1.22436 -7.9
-1.22412 -8.2
-1.22387 -8.5
-1.22363 -8.8
-1.22338 -9.0
-1.22314 -9.2
-1.22289 -9.3
-1.22265 -9.4
-1.22241 -9.4
-1.22216 -9.4
-1.22192 -9.3
-1.22167 -9.2
-1.22143 -9.1
-1.22119 -8.9
-1.22094 -8.7
-1.2207 -8.4
-1.22045 -8.1
-1.22021 -7.8
-1.21996 -7.4
-1.21972 -7.0
-1.21948 -6.5
-1.21923 -6.0
-1.21899 -5.5
-1.21874 -5.0
-1.2185 -4.4
-1.21826 -3.8
-1.21801 -3.2
-1.21777 -2.6
-1.21752 -2.0
-1.21728 -1.3
-1.21704 -0.7
-1.21679 0.0
-1.21655 0.6
-1.2163 1.2
-1.21606 1.9
-1.21581 2.5
-1.21557 3.1
-1.21533 3.7
-1.21508 4.3
-1.21484 4.9
-1.21459 5.4
-1.21435 6.0
-1.21411 6.5
-1.21386 6.9
-1.21362 7.3
-1.21337 7.7
-1.21313 8.1
-1.21288 8.4
-1.21264 8.7
-1.2124 8.9
-1.21215 9.1
-1.21191 9.2
-1.21166 9.4
-1.21142 9.4
-1.21118 9.4
-1.21093 9.4
-1.21069 9.3
-1.21044 9.2
-1.2102 9.0
-1.20996 8.8
-1.20971 8.6
-1.20947 8.3
-1.20922 7.9
-1.20898 7.6
-1.20873 7.2
-1.20849 6.7
-1.20825 6.2
-1.208 5.7
-1.20776 5.2
-1.20751 4.7
-1.20727 4.1
-1.20703 3.5
-1.20678 2.9
-1.20654 2.2
-1.20629 1.6
-1.20605 0.9
-1.2058 0.3
-1.20556 -0.4
-1.20532 -1.0
-1.20507 -1.7
-1.20483 -2.3
-1.20458 -2.9
-1.20434 -3.5
-1.2041 -4.1
-1.20385 -4.7
-1.20361 -5.3
-1.20336 -5.8
-1.20312 -6.3
-1.20288 -6.8
-1.20263 -7.2
-1.20239 -7.6
-1.20214 -8.0
-1.2019 -8.3
-1.20165 -8.6
-1.20141 -8.9
-1.20117 -9.1
-1.20092 -9.2
-1.20068 -9.3
-1.20043 -9.4
-1.20019 -9.4
-1.19995 -9.4
-1.1997 -9.4
-1.19946 -9.3
-1.19921 -9.1
-1.19897 -8.9
-1.19872 -8.7
-1.19848 -8.4
-1.19824 -8.0
-1.19799 -7.7
-1.19775 -7.3
-1.1975 -6.9
-1.19726 -6.4
-1.19702 -5.9
-1.19677 -5.4
-1.19653 -4.8
-1.19628 -4.2
-1.19604 -3.6
-1.1958 -3.0
-1.19555 -2.4
-1.19531 -1.7
-1.19506 -1.1
-1.19482 -0.4
-1.19457 0.2
-1.19433 0.9
-1.19409 1.5
-1.19384 2.2
-1.1936 2.8
-1.19335 3.4
-1.19311 4.0
-1.19287 4.6
-1.19262 5.2
-1.19238 5.7
-1.19213 6.2
-1.19189 6.7
-1.19164 7.2
-1.1914 7.6
-1.19116 8.0
-1.19091 8.3
-1.19067 8.6
-1.19042 8.8
-1.19018 9.1
-1.18994 9.2
-1.18969 9.4
-1.18945 9.4
-1.1892 9.5
-1.18896 9.5
-1.18871 9.4
-1.18847 9.3
-1.18823 9.1
-1.18798 8.9
-1.18774 8.7
-1.18749 8.4
-1.18725 8.1
-1.18701 7.7
-1.18676 7.3
-1.18652 6.9
-1.18627 6.4
-1.18603 5.9
-1.18579 5.4
-1.18554 4.9
-1.1853 4.3
-1.18505 3.7
-1.18481 3.1
-1.18456 2.4
-1.18432 1.8
-1.18408 1.1
-1.18383 0.5
-1.18359 -0.2
-1.18334 -0.8
-1.1831 -1.5
-1.18286 -2.1
-1.18261 -2.8
-1.18237 -3.4
-1.18212 -4.0
-1.18188 -4.6
-1.18163 -5.2
-1.18139 -5.7
-1.18115 -6.2
-1.1809 -6.7
-1.18066 -7.2
-1.18041 -7.6
-1.18017 -8.0
-1.17993 -8.3
-1.17968 -8.6
-1.17944 -8.9
-1.17919 -9.1
-1.17895 -9.2
-1.17871 -9.4
-1.17846 -9.5
-1.17822 -9.5
-1.17797 -9.5
-1.17773 -9.4
-1.17748 -9.3
-1.17724 -9.2
-1.177 -9.0
-1.17675 -8.7
-1.17651 -8.4
-1.17626 -8.1
-1.17602 -7.7
-1.17578 -7.3
-1.17553 -6.9
-1.17529 -6.4
-1.17504 -5.9
-1.1748 -5.4
-1.17455 -4.8
-1.17431 -4.3
-1.17407 -3.7
-1.17382 -3.0
-1.17358 -2.4
-1.17333 -1.7
-1.17309 -1.1
-1.17285 -0.4
-1.1726 0.2
-1.17236 0.9
-1.17211 1.6
-1.17187 2.2
-1.17163 2.9
-1.17138 3.5
-1.17114 4.1
-1.17089 4.7
-1.17065 5.3
-1.1704 5.8
-1.17016 6.3
-1.16992 6.8
-1.16967 7.2
-1.16943 7.7
-1.16918 8.0
-1.16894 8.4
-1.1687 8.7
-1.16845 8.9
-1.16821 9.1
-1.16796 9.3
-1.16772 9.4
-1.16747 9.5
-1.16723 9.5
-1.16699 9.5
-1.16674 9.4
-1.1665 9.3
-1.16625 9.1
-1.16601 8.9
-1.16577 8.7
-1.16552 8.4
-1.16528 8.1
-1.16503 7.7
-1.16479 7.3
-1.16455 6.8
-1.1643 6.4
-1.16406 5.8
-1.16381 5.3
-1.16357 4.7
-1.16332 4.1
-1.16308 3.5
-1.16284 2.9
-1.16259 2.3
-1.16235 1.6
-1.1621 0.9
-1.16186 0.3
-1.16162 -0.4
-1.16137 -1.1
-1.16113 -1.7
-1.16088 -2.4
-1.16064 -3.0
-1.16039 -3.6
-1.16015 -4.3
-1.15991 -4.8
-1.15966 -5.4
-1.15942 -5.9
-1.15917 -6.5
-1.15893 -6.9
-1.15869 -7.4
-1.15844 -7.8
-1.1582 -8.1
-1.15795 -8.5
-1.15771 -8.8
-1.15746 -9.0
-1.15722 -9.2
-1.15698 -9.4
-1.15673 -9.5
-1.15649 -9.5
-1.15624 -9.5
-1.156 -9.5
-1.15576 -9.4
-1.15551 -9.3
-1.15527 -9.1
-1.15502 -8.9
-1.15478 -8.6
-1.15454 -8.3
-1.15429 -8.0
-1.15405 -7.6
-1.1538 -7.1
-1.15356 -6.7
-1.15331 -6.2
-1.15307 -5.7
-1.15283 -5.1
-1.15258 -4.5
-1.15234 -3.9
-1.15209 -3.3
-1.15185 -2.7
-1.15161 -2.0
-1.15136 -1.4
-1.15112 -0.7
-1.15087 0.0
-1.15063 0.7
-1.15038 1.3
-1.15014 2.0
-1.1499 2.6
-1.14965 3.3
-1.14941 3.9
-1.14916 4.5
-1.14892 5.1
-1.14868 5.7
-1.14843 6.2
-1.14819 6.7
-1.14794 7.1
-1.1477 7.6
-1.14746 8.0
-1.14721 8.3
-1.14697 8.6
-1.14672 8.9
-1.14648 9.1
-1.14623 9.3
-1.14599 9.4
-1.14575 9.5
-1.1455 9.5
-1.14526 9.5
-1.14501 9.5
-1.14477 9.4
-1.14453 9.2
-1.14428 9.0
-1.14404 8.8
-1.14379 8.5
-1.14355 8.2
-1.1433 7.8
-1.14306 7.4
-1.14282 6.9
-1.14257 6.5
-1.14233 5.9
-1.14208 5.4
-1.14184 4.8
-1.1416 4.2
-1.14135 3.6
-1.14111 3.0
-1.14086 2.3
-1.14062 1.7
-1.14038 1.0
-1.14013 0.3
-1.13989 -0.4
-1.13964 -1.0
-1.1394 -1.7
-1.13915 -2.4
-1.13891 -3.0
-1.13867 -3.6
-1.13842 -4.3
-1.13818 -4.9
-1.13793 -5.4
-1.13769 -6.0
-1.13745 -6.5
-1.1372 -7.0
-1.13696 -7.4
-1.13671 -7.8
-1.13647 -8.2
-1.13622 -8.5
-1.13598 -8.8
-1.13574 -9.1
-1.13549 -9.2
-1.13525 -9.4
-1.135 -9.5
-1.13476 -9.6
-1.13452 -9.6
-1.13427 -9.5
-1.13403 -9.4
-1.13378 -9.3
-1.13354 -9.1
-1.1333 -8.9
-1.13305 -8.6
-1.13281 -8.3
-1.13256 -7.9
-1.13232 -7.5
-1.13207 -7.1
-1.13183 -6.6
-1.13159 -6.1
-1.13134 -5.6
-1.1311 -5.0
-1.13085 -4.4
-1.13061 -3.8
-1.13037 -3.2
-1.13012 -2.5
-1.12988 -1.9
-1.12963 -1.2
-1.12939 -0.5
-1.12914 0.1
-1.1289 0.8
-1.12866 1.5
-1.12841 2.2
-1.12817 2.8
-1.12792 3.5
-1.12768 4.1
-1.12744 4.7
-1.12719 5.3
-1.12695 5.8
-1.1267 6.4
-1.12646 6.9
-1.12621 7.3
-1.12597 7.7
-1.12573 8.1
-1.12548 8.5
-1.12524 8.8
-1.12499 9.0
-1.12475 9.2
-1.12451 9.4
-1.12426 9.5
-1.12402 9.6
-1.12377 9.6
-1.12353 9.6
-1.12329 9.5
-1.12304 9.4
-1.1228 9.2
-1.12255 9.0
-1.12231 8.7
-1.12206 8.4
-1.12182 8.0
-1.12158 7.6
-1.12133 7.2
-1.12109 6.7
-1.12084 6.2
-1.1206 5.7
-1.12036 5.1
-1.12011 4.6
-1.11987 3.9
-1.11962 3.3
-1.11938 2.7
-1.11913 2.0
-1.11889 1.3
-1.11865 0.6
-1.1184 0.0
-1.11816 -0.7
-1.11791 -1.4
-1.11767 -2.1
-1.11743 -2.7
-1.11718 -3.4
-1.11694 -4.0
-1.11669 -4.6
-1.11645 -5.2
-1.11621 -5.8
-1.11596 -6.3
-1.11572 -6.8
-1.11547 -7.3
-1.11523 -7.7
-1.11498 -8.1
-1.11474 -8.4
-1.1145 -8.8
-1.11425 -9.0
-1.11401 -9.2
-1.11376 -9.4
-1.11352 -9.5
-1.11328 -9.6
-1.11303 -9.6
-1.11279 -9.6
-1.11254 -9.5
-1.1123 -9.4
-1.11205 -9.2
-1.11181 -9.0
-1.11157 -8.7
-1.11132 -8.4
-1.11108 -8.1
-1.11083 -7.7
-1.11059 -7.2
-1.11035 -6.8
-1.1101 -6.3
-1.10986 -5.7
-1.10961 -5.2
-1.10937 -4.6
-1.10913 -4.0
-1.10888 -3.3
-1.10864 -2.7
-1.10839 -2.0
-1.10815 -1.3
-1.1079 -0.6
-1.10766 0.0
-1.10742 0.7
-1.10717 1.4
-1.10693 2.1
-1.10668 2.8
-1.10644 3.4
-1.1062 4.0
-1.10595 4.7
-1.10571 5.3
-1.10546 5.8
-1.10522 6.3
-1.10497 6.9
-1.10473 7.3
-1.10449 7.7
-1.10424 8.1
-1.104 8.5
-1.10375 8.8
-1.10351 9.0
-1.10327 9.3
-1.10302 9.4
-1.10278 9.5
-1.10253 9.6
-1.10229 9.6
-1.10205 9.6
-1.1018 9.5
-1.10156 9.4
-1.10131 9.2
-1.10107 9.0
-1.10082 8.7
-1.10058 8.4
-1.10034 8.1
-1.10009 7.7
-1.09985 7.2
-1.0996 6.7
-1.09936 6.2
-1.09912 5.7
-1.09887 5.1
-1.09863 4.5
-1.09838 3.9
-1.09814 3.2
-1.09789 2.6
-1.09765 1.9
-1.09741 1.2
-1.09716 0.5
-1.09692 -0.2
-1.09667 -0.8
-1.09643 -1.5
-1.09619 -2.2
-1.09594 -2.9
-1.0957 -3.5
-1.09545 -4.2
-1.09521 -4.8
-1.09496 -5.4
-1.09472 -5.9
-1.09448 -6.5
-1.09423 -7.0
-1.09399 -7.4
-1.09374 -7.8
-1.0935 -8.2
-1.09326 -8.6
-1.09301 -8.9
-1.09277 -9.1
-1.09252 -9.3
-1.09228 -9.5
-1.09204 -9.6
-1.09179 -9.6
-1.09155 -9.7
-1.0913 -9.6
-1.09106 -9.5
-1.09081 -9.4
-1.09057 -9.2
-1.09033 -9.0
-1.09008 -8.7
-1.08984 -8.3
-1.08959 -8.0
-1.08935 -7.6
-1.08911 -7.1
-1.08886 -6.6
-1.08862 -6.1
-1.08837 -5.5
-1.08813 -5.0
-1.08788 -4.3
-1.08764 -3.7
-1.0874 -3.1
-1.08715 -2.4
-1.08691 -1.7
-1.08666 -1.0
-1.08642 -0.3
-1.08618 0.4
-1.08593 1.1
-1.08569 1.7
-1.08544 2.4
-1.0852 3.1
-1.08496 3.7
-1.08471 4.4
-1.08447 5.0
-1.08422 5.6
-1.08398 6.1
-1.08373 6.7
-1.08349 7.1
-1.08325 7.6
-1.083 8.0
-1.08276 8.4
-1.08251 8.7
-1.08227 9.0
-1.08203 9.2
-1.08178 9.4
-1.08154 9.5
-1.08129 9.6
-1.08105 9.7
-1.0808 9.7
-1.08056 9.6
-1.08032 9.5
-1.08007 9.3
-1.07983 9.1
-1.07958 8.9
-1.07934 8.6
-1.0791 8.2
-1.07885 7.8
-1.07861 7.4
-1.07836 6.9
-1.07812 6.4
-1.07788 5.9
-1.07763 5.3
-1.07739 4.7
-1.07714 4.1
-1.0769 3.4
-1.07665 2.8
-1.07641 2.1
-1.07617 1.4
-1.07592 0.7
-1.07568 0.0
-1.07543 -0.7
-1.07519 -1.4
-1.07495 -2.1
-1.0747 -2.8
-1.07446 -3.4
-1.07421 -4.1
-1.07397 -4.7
-1.07372 -5.3
-1.07348 -5.9
-1.07324 -6.4
-1.07299 -6.9
-1.07275 -7.4
-1.0725 -7.8
-1.07226 -8.2
-1.07202 -8.6
-1.07177 -8.9
-1.07153 -9.1
-1.07128 -9.3
-1.07104 -9.5
-1.0708 -9.6
-1.07055 -9.7
-1.07031 -9.7
-1.07006 -9.7
-1.06982 -9.6
-1.06957 -9.4
-1.06933 -9.2
-1.06909 -9.0
-1.06884 -8.7
-1.0686 -8.4
-1.06835 -8.0
-1.06811 -7.6
-1.06787 -7.1
-1.06762 -6.6
-1.06738 -6.1
-1.06713 -5.6
-1.06689 -5.0
-1.06664 -4.3
-1.0664 -3.7
-1.06616 -3.0
-1.06591 -2.4
-1.06567 -1.7
-1.06542 -1.0
-1.06518 -0.3
-1.06494 0.4
-1.06469 1.1
-1.06445 1.8
-1.0642 2.5
-1.06396 3.2
-1.06371 3.8
-1.06347 4.5
-1.06323 5.1
-1.06298 5.7
-1.06274 6.2
-1.06249 6.8
-1.06225 7.3
-1.06201 7.7
-1.06176 8.1
-1.06152 8.5
-1.06127 8.8
-1.06103 9.1
-1.06079 9.3
-1.06054 9.5
-1.0603 9.6
-1.06005 9.7
-1.05981 9.7
-1.05956 9.7
-1.05932 9.6
-1.05908 9.5
-1.05883 9.3
-1.05859 9.1
-1.05834 8.8
-1.0581 8.5
-1.05786 8.1
-1.05761 7.7
-1.05737 7.3
-1.05712 6.8
-1.05688 6.3
-1.05663 5.7
-1.05639 5.1
-1.05615 4.5
-1.0559 3.9
-1.05566 3.2
-1.05541 2.5
-1.05517 1.8
-1.05493 1.1
-1.05468 0.4
-1.05444 -0.3
-1.05419 -1.0
-1.05395 -1.7
-1.05371 -2.4
-1.05346 -3.1
-1.05322 -3.7
-1.05297 -4.4
-1.05273 -5.0
-1.05248 -5.6
-1.05224 -6.1
-1.052 -6.7
-1.05175 -7.2
-1.05151 -7.6
-1.05126 -8.1
-1.05102 -8.4
-1.05078 -8.8
-1.05053 -9.1
-1.05029 -9.3
-1.05004 -9.5
-1.0498 -9.6
-1.04955 -9.7
-1.04931 -9.7
-1.04907 -9.7
-1.04882 -9.7
-1.04858 -9.5
-1.04833 -9.4
-1.04809 -9.2
-1.04785 -8.9
-1.0476 -8.6
-1.04736 -8.2
-1.04711 -7.8
-1.04687 -7.4
-1.04663 -6.9
-1.04638 -6.3
-1.04614 -5.8
-1.04589 -5.2
-1.04565 -4.6
-1.0454 -3.9
-1.04516 -3.3
-1.04492 -2.6
-1.04467 -1.9
-1.04443 -1.2
-1.04418 -0.5
-1.04394 0.2
-1.0437 0.9
-1.04345 1.6
-1.04321 2.3
-1.04296 3.0
-1.04272 3.7
-1.04247 4.3
-1.04223 5.0
-1.04199 5.6
-1.04174 6.1
-1.0415 6.7
-1.04125 7.2
-1.04101 7.6
-1.04077 8.1
-1.04052 8.5
-1.04028 8.8
-1.04003 9.1
-1.03979 9.3
-1.03955 9.5
-1.0393 9.6
-1.03906 9.7
-1.03881 9.8
-1.03857 9.8
-1.03832 9.7
-1.03808 9.6
-1.03784 9.4
-1.03759 9.2
-1.03735 8.9
-1.0371 8.6
-1.03686 8.2
-1.03662 7.8
-1.03637 7.3
-1.03613 6.9
-1.03588 6.3
-1.03564 5.8
-1.03539 5.2
-1.03515 4.6
-1.03491 3.9
-1.03466 3.2
-1.03442 2.6
-1.03417 1.9
-1.03393 1.2
-1.03369 0.4
-1.03344 -0.3
-1.0332 -1.0
-1.03295 -1.7
-1.03271 -2.4
-1.03246 -3.1
-1.03222 -3.8
-1.03198 -4.4
-1.03173 -5.1
-1.03149 -5.7
-1.03124 -6.2
-1.031 -6.8
-1.03076 -7.3
-1.03051 -7.7
-1.03027 -8.1
-1.03002 -8.5
-1.02978 -8.9
-1.02954 -9.1
-1.02929 -9.4
-1.02905 -9.6
-1.0288 -9.7
-1.02856 -9.8
-1.02831 -9.8
-1.02807 -9.8
-1.02783 -9.7
-1.02758 -9.6
-1.02734 -9.4
-1.02709 -9.1
-1.02685 -8.9
-1.02661 -8.5
-1.02636 -8.2
-1.02612 -7.7
-1.02587 -7.3
-1.02563 -6.8
-1.02538 -6.2
-1.02514 -5.7
-1.0249 -5.1
-1.02465 -4.4
-1.02441 -3.8
-1.02416 -3.1
-1.02392 -2.4
-1.02368 -1.7
-1.02343 -1.0
-1.02319 -0.3
-1.02294 0.5
-1.0227 1.2
-1.02246 1.9
-1.02221 2.6
-1.02197 3.3
-1.02172 4.0
-1.02148 4.6
-1.02123 5.2
-1.02099 5.8
-1.02075 6.4
-1.0205 6.9
-1.02026 7.4
-1.02001 7.9
-1.01977 8.3
-1.01953 8.6
-1.01928 9.0
-1.01904 9.2
-1.01879 9.5
-1.01855 9.6
-1.0183 9.7
-1.01806 9.8
-1.01782 9.8
-1.01757 9.8
-1.01733 9.7
-1.01708 9.5
-1.01684 9.3
-1.0166 9.1
-1.01635 8.8
-1.01611 8.4
-1.01586 8.0
-1.01562 7.6
-1.01538 7.1
-1.01513 6.6
-1.01489 6.0
-1.01464 5.5
-1.0144 4.8
-1.01415 4.2
-1.01391 3.5
-1.01367 2.8
-1.01342 2.1
-1.01318 1.4
-1.01293 0.7
-1.01269 0.0
-1.01245 -0.7
-1.0122 -1.5
-1.01196 -2.2
-1.01171 -2.9
-1.01147 -3.6
-1.01122 -4.2
-1.01098 -4.9
-1.01074 -5.5
-1.01049 -6.1
-1.01025 -6.6
-1.01 -7.2
-1.00976 -7.6
-1.00952 -8.1
-1.00927 -8.5
-1.00903 -8.8
-1.00878 -9.1
-1.00854 -9.4
-1.0083 -9.6
-1.00805 -9.7
-1.00781 -9.8
-1.00756 -9.8
-1.00732 -9.8
-1.00707 -9.8
-1.00683 -9.6
-1.00659 -9.5
-1.00634 -9.2
-1.0061 -9.0
-1.00585 -8.6
-1.00561 -8.3
-1.00537 -7.8
-1.00512 -7.4
-1.00488 -6.9
-1.00463 -6.3
-1.00439 -5.7
-1.00414 -5.1
-1.0039 -4.5
-1.00366 -3.8
-1.00341 -3.2
-1.00317 -2.5
-1.00292 -1.8
-1.00268 -1.0
-1.00244 -0.3
-1.00219 0.4
-1.00195 1.2
-1.0017 1.9
-1.00146 2.6
-1.00121 3.3
-1.00097 4.0
-1.00073 4.6
-1.00048 5.3
-1.00024 5.9
-0.99999 6.4
-0.99975 7.0
-0.99951 7.5
-0.99926 7.9
-0.99902 8.3
-0.99877 8.7
-0.99853 9.0
-0.99829 9.3
-0.99804 9.5
-0.9978 9.7
-0.99755 9.8
-0.99731 9.9
-0.99706 9.9
-0.99682 9.8
-0.99658 9.7
-0.99633 9.5
-0.99609 9.3
-0.99584 9.1
-0.9956 8.8
-0.99536 8.4
-0.99511 8.0
-0.99487 7.5
-0.99462 7.1
-0.99438 6.5
-0.99413 6.0
-0.99389 5.3
-0.99365 4.7
-0.9934 4.1
-0.99316 3.4
-0.99291 2.7
-0.99267 2.0
-0.99243 1.2
-0.99218 0.5
-0.99194 -0.2
-0.99169 -1.0
-0.99145 -1.7
-0.99121 -2.4
-0.99096 -3.1
-0.99072 -3.8
-0.99047 -4.5
-0.99023 -5.1
-0.98998 -5.7
-0.98974 -6.3
-0.9895 -6.9
-0.98925 -7.4
-0.98901 -7.8
-0.98876 -8.3
-0.98852 -8.6
-0.98828 -9.0
-0.98803 -9.3
-0.98779 -9.5
-0.98754 -9.7
-0.9873 -9.8
-0.98705 -9.9
-0.98681 -9.9
-0.98657 -9.8
-0.98632 -9.8
-0.98608 -9.6
-0.98583 -9.4
-0.98559 -9.2
-0.98535 -8.8
-0.9851 -8.5
-0.98486 -8.1
-0.98461 -7.6
-0.98437 -7.2
-0.98413 -6.6
-0.98388 -6.1
-0.98364 -5.5
-0.98339 -4.8
-0.98315 -4.2
-0.9829 -3.5
-0.98266 -2.8
-0.98242 -2.1
-0.98217 -1.3
-0.98193 -0.6
-0.98168 0.1
-0.98144 0.9
-0.9812 1.6
-0.98095 2.3
-0.98071 3.0
-0.98046 3.7
-0.98022 4.4
-0.97997 5.1
-0.97973 5.7
-0.97949 6.3
-0.97924 6.8
-0.979 7.3
-0.97875 7.8
-0.97851 8.3
-0.97827 8.6
-0.97802 9.0
-0.97778 9.3
-0.97753 9.5
-0.97729 9.7
-0.97705 9.8
-0.9768 9.9
-0.97656 9.9
-0.97631 9.9
-0.97607 9.8
-0.97582 9.6
-0.97558 9.4
-0.97534 9.2
-0.97509 8.9
-0.97485 8.5
-0.9746 8.1
-0.97436 7.7
-0.97412 7.2
-0.97387 6.6
-0.97363 6.1
-0.97338 5.5
-0.97314 4.8
-0.97289 4.2
-0.97265 3.5
-0.97241 2.8
-0.97216 2.1
-0.97192 1.3
-0.97167 0.6
-0.97143 -0.2
-0.97119 -0.9
-0.97094 -1.6
-0.9707 -2.4
-0.97045 -3.1
-0.97021 -3.8
-0.96996 -4.5
-0.96972 -5.1
-0.96948 -5.7
-0.96923 -6.3
-0.96899 -6.9
-0.96874 -7.4
-0.9685 -7.9
-0.96826 -8.3
-0.96801 -8.7
-0.96777 -9.0
-0.96752 -9.3
-0.96728 -9.5
-0.96704 -9.7
-0.96679 -9.9
-0.96655 -9.9
-0.9663 -9.9
-0.96606 -9.9
-0.96581 -9.8
-0.96557 -9.6
-0.96533 -9.4
-0.96508 -9.2
-0.96484 -8.9
-0.96459 -8.5
-0.96435 -8.1
-0.96411 -7.6
-0.96386 -7.1
-0.96362 -6.6
-0.96337 -6.0
-0.96313 -5.4
-0.96288 -4.7
-0.96264 -4.1
-0.9624 -3.4
-0.96215 -2.7
-0.96191 -1.9
-0.96166 -1.2
-0.96142 -0.5
-0.96118 0.3
-0.96093 1.0
-0.96069 1.8
-0.96044 2.5
-0.9602 3.2
-0.95996 3.9
-0.95971 4.6
-0.95947 5.3
-0.95922 5.9
-0.95898 6.5
-0.95873 7.0
-0.95849 7.5
-0.95825 8.0
-0.958 8.4
-0.95776 8.8
-0.95751 9.1
-0.95727 9.4
-0.95703 9.6
-0.95678 9.8
-0.95654 9.9
-0.95629 10.0
-0.95605 10.0
-0.9558 9.9
-0.95556 9.8
-0.95532 9.6
-0.95507 9.4
-0.95483 9.1
-0.95458 8.8
-0.95434 8.4
-0.9541 8.0
-0.95385 7.5
-0.95361 7.0
-0.95336 6.4
-0.95312 5.8
-0.95288 5.2
-0.95263 4.5
-0.95239 3.9
-0.95214 3.2
-0.9519 2.4
-0.95165 1.7
-0.95141 0.9
-0.95117 0.2
-0.95092 -0.6
-0.95068 -1.3
-0.95043 -2.1
-0.95019 -2.8
-0.94995 -3.5
-0.9497 -4.2
-0.94946 -4.9
-0.94921 -5.5
-0.94897 -6.1
-0.94872 -6.7
-0.94848 -7.2
-0.94824 -7.7
-0.94799 -8.2
-0.94775 -8.6
-0.9475 -9.0
-0.94726 -9.3
-0.94702 -9.5
-0.94677 -9.7
-0.94653 -9.9
-0.94628 -10.0
-0.94604 -10.0
-0.9458 -10.0
-0.94555 -9.9
-0.94531 -9.7
-0.94506 -9.5
-0.94482 -9.3
-0.94457 -9.0
-0.94433 -8.6
-0.94409 -8.2
-0.94384 -7.8
-0.9436 -7.3
-0.94335 -6.7
-0.94311 -6.2
-0.94287 -5.5
-0.94262 -4.9
-0.94238 -4.2
-0.94213 -3.5
-0.94189 -2.8
-0.94164 -2.1
-0.9414 -1.3
-0.94116 -0.6
-0.94091 0.2
-0.94067 1.0
-0.94042 1.7
-0.94018 2.4
-0.93994 3.2
-0.93969 3.9
-0.93945 4.6
-0.9392 5.2
-0.93896 5.9
-0.93871 6.5
-0.93847 7.0
-0.93823 7.5
-0.93798 8.0
-0.93774 8.5
-0.93749 8.8
-0.93725 9.2
-0.93701 9.4
-0.93676 9.7
-0.93652 9.8
-0.93627 10.0
-0.93603 10.0
-0.93579 10.0
-0.93554 9.9
-0.9353 9.8
-0.93505 9.6
-0.93481 9.4
-0.93456 9.1
-0.93432 8.8
-0.93408 8.4
-0.93383 8.0
-0.93359 7.5
-0.93334 7.0
-0.9331 6.4
-0.93286 5.8
-0.93261 5.1
-0.93237 4.5
-0.93212 3.8
-0.93188 3.1
-0.93163 2.3
-0.93139 1.6
-0.93115 0.8
-0.9309 0.0
-0.93066 -0.7
-0.93041 -1.5
-0.93017 -2.2
-0.92993 -3.0
-0.92968 -3.7
-0.92944 -4.4
-0.92919 -5.0
-0.92895 -5.7
-0.92871 -6.3
-0.92846 -6.9
-0.92822 -7.4
-0.92797 -7.9
-0.92773 -8.4
-0.92748 -8.8
-0.92724 -9.1
-0.927 -9.4
-0.92675 -9.6
-0.92651 -9.8
-0.92626 -10.0
-0.92602 -10.0
-0.92578 -10.0
-0.92553 -10.0
-0.92529 -9.9
-0.92504 -9.7
-0.9248 -9.5
-0.92455 -9.2
-0.92431 -8.9
-0.92407 -8.5
-0.92382 -8.1
-0.92358 -7.6
-0.92333 -7.1
-0.92309 -6.5
-0.92285 -5.9
-0.9226 -5.3
-0.92236 -4.6
-0.92211 -3.9
-0.92187 -3.2
-0.92163 -2.5
-0.92138 -1.7
-0.92114 -1.0
-0.92089 -0.2
-0.92065 0.6
-0.9204 1.3
-0.92016 2.1
-0.91992 2.8
-0.91967 3.6
-0.91943 4.3
-0.91918 5.0
-0.91894 5.6
-0.9187 6.2
-0.91845 6.8
-0.91821 7.4
-0.91796 7.9
-0.91772 8.3
-0.91747 8.7
-0.91723 9.1
-0.91699 9.4
-0.91674 9.6
-0.9165 9.8
-0.91625 10.0
-0.91601 10.0
-0.91577 10.1
-0.91552 10.0
-0.91528 9.9
-0.91503 9.8
-0.91479 9.5
-0.91455 9.3
-0.9143 8.9
-0.91406 8.6
-0.91381 8.1
-0.91357 7.7
-0.91332 7.1
-0.91308 6.6
-0.91284 6.0
-0.91259 5.3
-0.91235 4.6
-0.9121 4.0
-0.91186 3.2
-0.91162 2.5
-0.91137 1.7
-0.91113 1.0
-0.91088 0.2
-0.91064 -0.6
-0.91039 -1.3
-0.91015 -2.1
-0.90991 -2.9
-0.90966 -3.6
-0.90942 -4.3
-0.90917 -5.0
-0.90893 -5.6
-0.90869 -6.3
-0.90844 -6.9
-0.9082 -7.4
-0.90795 -7.9
-0.90771 -8.4
-0.90746 -8.8
-0.90722 -9.1
-0.90698 -9.4
-0.90673 -9.7
-0.90649 -9.9
-0.90624 -10.0
-0.906 -10.1
-0.90576 -10.1
-0.90551 -10.0
-0.90527 -9.9
-0.90502 -9.8
-0.90478 -9.5
-0.90454 -9.3
-0.90429 -8.9
-0.90405 -8.5
-0.9038 -8.1
-0.90356 -7.6
-0.90331 -7.1
-0.90307 -6.5
-0.90283 -5.9
-0.90258 -5.2
-0.90234 -4.6
-0.90209 -3.9
-0.90185 -3.1
-0.90161 -2.4
-0.90136 -1.6
-0.90112 -0.9
-0.90087 0.0
-0.90063 0.7
-0.90038 1.5
-0.90014 2.2
-0.8999 3.0
-0.89965 3.7
-0.89941 4.4
-0.89916 5.1
-0.89892 5.8
-0.89868 6.4
-0.89843 7.0
-0.89819 7.5
-0.89794 8.0
-0.8977 8.5
-0.89746 8.9
-0.89721 9.2
-0.89697 9.5
-0.89672 9.8
-0.89648 9.9
-0.89623 10.0
-0.89599 10.1
-0.89575 10.1
-0.8955 10.0
-0.89526 9.9
-0.89501 9.7
-0.89477 9.5
-0.89453 9.2
-0.89428 8.9
-0.89404 8.5
-0.89379 8.0
-0.89355 7.5
-0.8933 6.9
-0.89306 6.4
-0.89282 5.7
-0.89257 5.1
-0.89233 4.4
-0.89208 3.7
-0.89184 2.9
-0.8916 2.2
-0.89135 1.4
-0.89111 0.6
-0.89086 -0.2
-0.89062 -1.0
-0.89038 -1.7
-0.89013 -2.5
-0.88989 -3.2
-0.88964 -4.0
-0.8894 -4.7
-0.88915 -5.4
-0.88891 -6.0
-0.88867 -6.6
-0.88842 -7.2
-0.88818 -7.7
-0.88793 -8.2
-0.88769 -8.7
-0.88745 -9.0
-0.8872 -9.4
-0.88696 -9.6
-0.88671 -9.9
-0.88647 -10.0
-0.88622 -10.1
-0.88598 -10.1
-0.88574 -10.1
-0.88549 -10.0
-0.88525 -9.9
-0.885 -9.7
-0.88476 -9.4
-0.88452 -9.1
-0.88427 -8.7
-0.88403 -8.3
-0.88378 -7.8
-0.88354 -7.3
-0.8833 -6.7
-0.88305 -6.1
-0.88281 -5.5
-0.88256 -4.8
-0.88232 -4.1
-0.88207 -3.3
-0.88183 -2.6
-0.88159 -1.8
-0.88134 -1.0
-0.8811 -0.2
-0.88085 0.6
-0.88061 1.3
-0.88037 2.1
-0.88012 2.9
-0.87988 3.6
-0.87963 4.4
-0.87939 5.1
-0.87914 5.7
-0.8789 6.4
-0.87866 7.0
-0.87841 7.5
-0.87817 8.0
-0.87792 8.5
-0.87768 8.9
-0.87744 9.2
-0.87719 9.5
-0.87695 9.8
-0.8767 10.0
-0.87646 10.1
-0.87621 10.2
-0.87597 10.2
-0.87573 10.1
-0.87548 10.0
-0.87524 9.8
-0.87499 9.6
-0.87475 9.3
-0.87451 8.9
-0.87426 8.5
-0.87402 8.0
-0.87377 7.5
-0.87353 7.0
-0.87329 6.4
-0.87304 5.7
-0.8728 5.0
-0.87255 4.3
-0.87231 3.6
-0.87206 2.9
-0.87182 2.1
-0.87158 1.3
-0.87133 0.5
-0.87109 -0.3
-0.87084 -1.1
-0.8706 -1.8
-0.87036 -2.6
-0.87011 -3.4
-0.86987 -4.1
-0.86962 -4.8
-0.86938 -5.5
-0.86913 -6.2
-0.86889 -6.8
-0.86865 -7.4
-0.8684 -7.9
-0.86816 -8.4
-0.86791 -8.8
-0.86767 -9.2
-0.86743 -9.5
-0.86718 -9.7
-0.86694 -10.0
-0.86669 -10.1
-0.86645 -10.2
-0.86621 -10.2
-0.86596 -10.1
-0.86572 -10.0
-0.86547 -9.9
-0.86523 -9.6
-0.86498 -9.4
-0.86474 -9.0
-0.8645 -8.6
-0.86425 -8.2
-0.86401 -7.7
-0.86376 -7.1
-0.86352 -6.5
-0.86328 -5.9
-0.86303 -5.2
-0.86279 -4.5
-0.86254 -3.8
-0.8623 -3.0
-0.86205 -2.3
-0.86181 -1.5
-0.86157 -0.7
-0.86132 0.1
-0.86108 0.9
-0.86083 1.7
-0.86059 2.5
-0.86035 3.3
-0.8601 4.0
-0.85986 4.7
-0.85961 5.4
-0.85937 6.1
-0.85913 6.7
-0.85888 7.3
-0.85864 7.8
-0.85839 8.3
-0.85815 8.8
-0.8579 9.1
-0.85766 9.5
-0.85742 9.7
-0.85717 10.0
-0.85693 10.1
-0.85668 10.2
-0.85644 10.2
-0.8562 10.2
-0.85595 10.1
-0.85571 9.9
-0.85546 9.7
-0.85522 9.4
-0.85497 9.1
-0.85473 8.7
-0.85449 8.2
-0.85424 7.7
-0.854 7.2
-0.85375 6.6
-0.85351 5.9
-0.85327 5.3
-0.85302 4.6
-0.85278 3.8
-0.85253 3.1
-0.85229 2.3
-0.85205 1.5
-0.8518 0.7
-0.85156 0.0
-0.85131 -0.9
-0.85107 -1.7
-0.85082 -2.5
-0.85058 -3.3
-0.85034 -4.0
-0.85009 -4.7
-0.84985 -5.4
-0.8496 -6.1
-0.84936 -6.7
-0.84912 -7.3
-0.84887 -7.9
-0.84863 -8.4
-0.84838 -8.8
-0.84814 -9.2
-0.84789 -9.5
-0.84765 -9.8
-0.84741 -10.0
-0.84716 -10.1
-0.84692 -10.2
-0.84667 -10.2
-0.84643 -10.2
-0.84619 -10.1
-0.84594 -9.9
-0.8457 -9.7
-0.84545 -9.4
-0.84521 -9.1
-0.84496 -8.7
-0.84472 -8.2
-0.84448 -7.7
-0.84423 -7.1
-0.84399 -6.5
-0.84374 -5.9
-0.8435 -5.2
-0.84326 -4.5
-0.84301 -3.8
-0.84277 -3.0
-0.84252 -2.2
-0.84228 -1.4
-0.84204 -0.6
-0.84179 0.2
-0.84155 1.0
-0.8413 1.8
-0.84106 2.6
-0.84081 3.4
-0.84057 4.1
-0.84033 4.9
-0.84008 5.6
-0.83984 6.2
-0.83959 6.9
-0.83935 7.4
-0.83911 8.0
-0.83886 8.5
-0.83862 8.9
-0.83837 9.3
-0.83813 9.6
-0.83788 9.9
-0.83764 10.1
-0.8374 10.2
-0.83715 10.3
-0.83691 10.3
-0.83666 10.2
-0.83642 10.1
-0.83618 9.9
-0.83593 9.7
-0.83569 9.4
-0.83544 9.0
-0.8352 8.6
-0.83496 8.1
-0.83471 7.6
-0.83447 7.0
-0.83422 6.4
-0.83398 5.7
-0.83373 5.0
-0.83349 4.3
-0.83325 3.6
-0.833 2.8
-0.83276 2.0
-0.83251 1.2
-0.83227 0.4
-0.83203 -0.4
-0.83178 -1.3
-0.83154 -2.1
-0.83129 -2.9
-0.83105 -3.6
-0.8308 -4.4
-0.83056 -5.1
-0.83032 -5.8
-0.83007 -6.5
-0.82983 -7.1
-0.82958 -7.6
-0.82934 -8.2
-0.8291 -8.6
-0.82885 -9.1
-0.82861 -9.4
-0.82836 -9.7
-0.82812 -10.0
-0.82788 -10.1
-0.82763 -10.3
-0.82739 -10.3
-0.82714 -10.3
-0.8269 -10.2
-0.82665 -10.1
-0.82641 -9.8
-0.82617 -9.6
-0.82592 -9.2
-0.82568 -8.9
-0.82543 -8.4
-0.82519 -7.9
-0.82495 -7.4
-0.8247 -6.8
-0.82446 -6.1
-0.82421 -5.4
-0.82397 -4.7
-0.82372 -4.0
-0.82348 -3.2
-0.82324 -2.4
-0.82299 -1.6
-0.82275 -0.8
-0.8225 0.0
-0.82226 0.8
-0.82202 1.7
-0.82177 2.5
-0.82153 3.2
-0.82128 4.0
-0.82104 4.8
-0.8208 5.5
-0.82055 6.2
-0.82031 6.8
-0.82006 7.4
-0.81982 7.9
-0.81957 8.4
-0.81933 8.9
-0.81909 9.3
-0.81884 9.6
-0.8186 9.9
-0.81835 10.1
-0.81811 10.2
-0.81787 10.3
-0.81762 10.3
-0.81738 10.3
-0.81713 10.2
-0.81689 10.0
-0.81664 9.7
-0.8164 9.4
-0.81616 9.1
-0.81591 8.6
-0.81567 8.1
-0.81542 7.6
-0.81518 7.0
-0.81494 6.4
-0.81469 5.7
-0.81445 5.0
-0.8142 4.3
-0.81396 3.5
-0.81371 2.7
-0.81347 1.9
-0.81323 1.1
-0.81298 0.3
-0.81274 -0.5
-0.81249 -1.4
-0.81225 -2.2
-0.81201 -3.0
-0.81176 -3.8
-0.81152 -4.5
-0.81127 -5.2
-0.81103 -5.9
-0.81079 -6.6
-0.81054 -7.2
-0.8103 -7.8
-0.81005 -8.3
-0.80981 -8.8
-0.80956 -9.2
-0.80932 -9.5
-0.80908 -9.8
-0.80883 -10.1
-0.80859 -10.2
-0.80834 -10.3
-0.8081 -10.4
-0.80786 -10.3
-0.80761 -10.2
-0.80737 -10.1
-0.80712 -9.8
-0.80688 -9.5
-0.80663 -9.2
-0.80639 -8.8
-0.80615 -8.3
-0.8059 -7.8
-0.80566 -7.2
-0.80541 -6.6
-0.80517 -5.9
-0.80493 -5.2
-0.80468 -4.5
-0.80444 -3.7
-0.80419 -2.9
-0.80395 -2.1
-0.80371 -1.3
-0.80346 -0.5
-0.80322 0.4
-0.80297 1.2
-0.80273 2.0
-0.80248 2.8
-0.80224 3.6
-0.802 4.4
-0.80175 5.1
-0.80151 5.8
-0.80126 6.5
-0.80102 7.1
-0.80078 7.7
-0.80053 8.3
-0.80029 8.7
-0.80004 9.2
-0.7998 9.5
-0.79955 9.8
-0.79931 10.1
-0.79907 10.2
-0.79882 10.3
-0.79858 10.4
-0.79833 10.4
-0.79809 10.3
-0.79785 10.1
-0.7976 9.9
-0.79736 9.6
-0.79711 9.2
-0.79687 8.8
-0.79663 8.4
-0.79638 7.8
-0.79614 7.3
-0.79589 6.6
-0.79565 6.0
-0.7954 5.3
-0.79516 4.5
-0.79492 3.8
-0.79467 3.0
-0.79443 2.2
-0.79418 1.3
-0.79394 0.5
-0.7937 -0.3
-0.79345 -1.2
-0.79321 -2.0
-0.79296 -2.8
-0.79272 -3.6
-0.79247 -4.4
-0.79223 -5.1
-0.79199 -5.9
-0.79174 -6.5
-0.7915 -7.2
-0.79125 -7.8
-0.79101 -8.3
-0.79077 -8.8
-0.79052 -9.2
-0.79028 -9.6
-0.79003 -9.9
-0.78979 -10.1
-0.78955 -10.3
-0.7893 -10.4
-0.78906 -10.4
-0.78881 -10.4
-0.78857 -10.3
-0.78832 -10.1
-0.78808 -9.9
-0.78784 -9.6
-0.78759 -9.2
-0.78735 -8.8
-0.7871 -8.3
-0.78686 -7.8
-0.78662 -7.2
-0.78637 -6.6
-0.78613 -5.9
-0.78588 -5.2
-0.78564 -4.5
-0.78539 -3.7
-0.78515 -2.9
-0.78491 -2.1
-0.78466 -1.2
-0.78442 -0.4
-0.78417 0.5
-0.78393 1.3
-0.78369 2.1
-0.78344 3.0
-0.7832 3.8
-0.78295 4.5
-0.78271 5.3
-0.78246 6.0
-0.78222 6.7
-0.78198 7.3
-0.78173 7.9
-0.78149 8.4
-0.78124 8.9
-0.781 9.3
-0.78076 9.7
-0.78051 9.9
-0.78027 10.2
-0.78002 10.3
-0.77978 10.4
-0.77954 10.4
-0.77929 10.4
-0.77905 10.3
-0.7788 10.1
-0.77856 9.9
-0.77831 9.5
-0.77807 9.2
-0.77783 8.7
-0.77758 8.2
-0.77734 7.7
-0.77709 7.1
-0.77685 6.4
-0.77661 5.7
-0.77636 5.0
-0.77612 4.3
-0.77587 3.5
-0.77563 2.7
-0.77538 1.8
-0.77514 1.0
-0.7749 0.1
-0.77465 -0.7
-0.77441 -1.6
-0.77416 -2.4
-0.77392 -3.2
-0.77368 -4.0
-0.77343 -4.8
-0.77319 -5.5
-0.77294 -6.2
-0.7727 -6.9
-0.77246 -7.5
-0.77221 -8.1
-0.77197 -8.6
-0.77172 -9.1
-0.77148 -9.5
-0.77123 -9.8
-0.77099 -10.1
-0.77075 -10.3
-0.7705 -10.4
-0.77026 -10.5
-0.77001 -10.5
-0.76977 -10.4
-0.76953 -10.3
-0.76928 -10.0
-0.76904 -9.8
-0.76879 -9.4
-0.76855 -9.0
-0.7683 -8.6
-0.76806 -8.0
-0.76782 -7.5
-0.76757 -6.8
-0.76733 -6.2
-0.76708 -5.4
-0.76684 -4.7
-0.7666 -3.9
-0.76635 -3.1
-0.76611 -2.3
-0.76586 -1.4
-0.76562 -0.6
-0.76538 0.3
-0.76513 1.1
-0.76489 2.0
-0.76464 2.8
-0.7644 3.6
-0.76415 4.4
-0.76391 5.2
-0.76367 5.9
-0.76342 6.6
-0.76318 7.2
-0.76293 7.8
-0.76269 8.4
-0.76245 8.9
-0.7622 9.3
-0.76196 9.7
-0.76171 10.0
-0.76147 10.2
-0.76122 10.4
-0.76098 10.5
-0.76074 10.5
-0.76049 10.5
-0.76025 10.4
-0.76 10.2
-0.75976 9.9
-0.75952 9.6
-0.75927 9.2
-0.75903 8.8
-0.75878 8.3
-0.75854 7.7
-0.7583 7.1
-0.75805 6.4
-0.75781 5.7
-0.75756 5.0
-0.75732 4.2
-0.75707 3.4
-0.75683 2.6
-0.75659 1.8
-0.75634 0.9
-0.7561 0.0
-0.75585 -0.8
-0.75561 -1.7
-0.75537 -2.5
-0.75512 -3.4
-0.75488 -4.2
-0.75463 -4.9
-0.75439 -5.7
-0.75414 -6.4
-0.7539 -7.1
-0.75366 -7.7
-0.75341 -8.2
-0.75317 -8.8
-0.75292 -9.2
-0.75268 -9.6
-0.75244 -9.9
-0.75219 -10.2
-0.75195 -10.4
-0.7517 -10.5
-0.75146 -10.5
-0.75121 -10.5
-0.75097 -10.4
-0.75073 -10.3
-0.75048 -10.0
-0.75024 -9.7
-0.74999 -9.3
-0.74975 -8.9
-0.74951 -8.4
-0.74926 -7.9
-0.74902 -7.3
-0.74877 -6.6
-0.74853 -5.9
-0.74829 -5.2
-0.74804 -4.4
-0.7478 -3.6
-0.74755 -2.8
-0.74731 -1.9
-0.74706 -1.1
-0.74682 -0.2
-0.74658 0.7
-0.74633 1.5
-0.74609 2.4
-0.74584 3.2
-0.7456 4.0
-0.74536 4.8
-0.74511 5.6
-0.74487 6.3
-0.74462 7.0
-0.74438 7.6
-0.74413 8.2
-0.74389 8.7
-0.74365 9.2
-0.7434 9.6
-0.74316 9.9
-0.74291 10.2
-0.74267 10.4
-0.74243 10.5
-0.74218 10.6
-0.74194 10.5
-0.74169 10.5
-0.74145 10.3
-0.74121 10.1
-0.74096 9.8
-0.74072 9.4
-0.74047 9.0
-0.74023 8.5
-0.73998 7.9
-0.73974 7.3
-0.7395 6.7
-0.73925 6.0
-0.73901 5.2
-0.73876 4.5
-0.73852 3.6
-0.73828 2.8
-0.73803 2.0
-0.73779 1.1
-0.73754 0.2
-0.7373 -0.7
-0.73705 -1.5
-0.73681 -2.4
-0.73657 -3.2
-0.73632 -4.1
-0.73608 -4.9
-0.73583 -5.6
-0.73559 -6.3
-0.73535 -7.0
-0.7351 -7.7
-0.73486 -8.2
-0.73461 -8.8
-0.73437 -9.2
-0.73413 -9.6
-0.73388 -10.0
-0.73364 -10.2
-0.73339 -10.4
-0.73315 -10.5
-0.7329 -10.6
-0.73266 -10.6
-0.73242 -10.5
-0.73217 -10.3
-0.73193 -10.1
-0.73168 -9.8
-0.73144 -9.4
-0.7312 -9.0
-0.73095 -8.5
-0.73071 -7.9
-0.73046 -7.3
-0.73022 -6.6
-0.72997 -5.9
-0.72973 -5.2
-0.72949 -4.4
-0.72924 -3.5
-0.729 -2.7
-0.72875 -1.8
-0.72851 -1.0
-0.72827 0.0
-0.72802 0.8
-0.72778 1.7
-0.72753 2.5
-0.72729 3.4
-0.72705 4.2
-0.7268 5.0
-0.72656 5.8
-0.72631 6.5
-0.72607 7.2
-0.72582 7.8
-0.72558 8.4
-0.72534 8.9
-0.72509 9.3
-0.72485 9.7
-0.7246 10.1
-0.72436 10.3
-0.72412 10.5
-0.72387 10.6
-0.72363 10.6
-0.72338 10.6
-0.72314 10.5
-0.72289 10.3
-0.72265 10.0
-0.72241 9.7
-0.72216 9.3
-0.72192 8.9
-0.72167 8.3
-0.72143 7.8
-0.72119 7.1
-0.72094 6.4
-0.7207 5.7
-0.72045 4.9
-0.72021 4.1
-0.71996 3.3
-0.71972 2.4
-0.71948 1.6
-0.71923 0.7
-0.71899 -0.2
-0.71874 -1.1
-0.7185 -2.0
-0.71826 -2.8
-0.71801 -3.7
-0.71777 -4.5
-0.71752 -5.3
-0.71728 -6.0
-0.71704 -6.8
-0.71679 -7.4
-0.71655 -8.0
-0.7163 -8.6
-0.71606 -9.1
-0.71581 -9.5
-0.71557 -9.9
-0.71533 -10.2
-0.71508 -10.4
-0.71484 -10.6
-0.71459 -10.6
-0.71435 -10.7
-0.71411 -10.6
-0.71386 -10.4
-0.71362 -10.2
-0.71337 -9.9
-0.71313 -9.6
-0.71288 -9.1
-0.71264 -8.7
-0.7124 -8.1
-0.71215 -7.5
-0.71191 -6.8
-0.71166 -6.1
-0.71142 -5.4
-0.71118 -4.6
-0.71093 -3.8
-0.71069 -2.9
-0.71044 -2.0
-0.7102 -1.1
-0.70996 -0.3
-0.70971 0.6
-0.70947 1.5
-0.70922 2.4
-0.70898 3.3
-0.70873 4.1
-0.70849 4.9
-0.70825 5.7
-0.708 6.4
-0.70776 7.1
-0.70751 7.8
-0.70727 8.4
-0.70703 8.9
-0.70678 9.4
-0.70654 9.8
-0.70629 10.1
-0.70605 10.4
-0.7058 10.5
-0.70556 10.7
-0.70532 10.7
-0.70507 10.7
-0.70483 10.5
-0.70458 10.4
-0.70434 10.1
-0.7041 9.8
-0.70385 9.4
-0.70361 8.9
-0.70336 8.3
-0.70312 7.8
-0.70288 7.1
-0.70263 6.4
-0.70239 5.7
-0.70214 4.9
-0.7019 4.1
-0.70165 3.2
-0.70141 2.3
-0.70117 1.5
-0.70092 0.6
-0.70068 -0.3
-0.70043 -1.2
-0.70019 -2.1
-0.69995 -3.0
-0.6997 -3.9
-0.69946 -4.7
-0.69921 -5.5
-0.69897 -6.3
-0.69872 -7.0
-0.69848 -7.6
-0.69824 -8.2
-0.69799 -8.8
-0.69775 -9.3
-0.6975 -9.7
-0.69726 -10.0
-0.69702 -10.3
-0.69677 -10.5
-0.69653 -10.7
-0.69628 -10.7
-0.69604 -10.7
-0.6958 -10.6
-0.69555 -10.4
-0.69531 -10.2
-0.69506 -9.9
-0.69482 -9.5
-0.69457 -9.0
-0.69433 -8.5
-0.69409 -7.9
-0.69384 -7.3
-0.6936 -6.6
-0.69335 -5.8
-0.69311 -5.0
-0.69287 -4.2
-0.69262 -3.4
-0.69238 -2.5
-0.69213 -1.6
-0.69189 -0.7
-0.69164 0.2
-0.6914 1.1
-0.69116 2.0
-0.69091 2.9
-0.69067 3.8
-0.69042 4.6
-0.69018 5.4
-0.68994 6.2
-0.68969 6.9
-0.68945 7.6
-0.6892 8.2
-0.68896 8.8
-0.68871 9.3
-0.68847 9.7
-0.68823 10.0
-0.68798 10.3
-0.68774 10.6
-0.68749 10.7
-0.68725 10.8
-0.68701 10.7
-0.68676 10.6
-0.68652 10.5
-0.68627 10.2
-0.68603 9.9
-0.68579 9.5
-0.68554 9.1
-0.6853 8.5
-0.68505 7.9
-0.68481 7.3
-0.68456 6.6
-0.68432 5.9
-0.68408 5.1
-0.68383 4.2
-0.68359 3.4
-0.68334 2.5
-0.6831 1.6
-0.68286 0.7
-0.68261 -0.2
-0.68237 -1.1
-0.68212 -2.0
-0.68188 -2.9
-0.68163 -3.8
-0.68139 -4.7
-0.68115 -5.5
-0.6809 -6.2
-0.68066 -7.0
-0.68041 -7.6
-0.68017 -8.3
-0.67993 -8.8
-0.67968 -9.3
-0.67944 -9.7
-0.67919 -10.1
-0.67895 -10.4
-0.67871 -10.6
-0.67846 -10.7
-0.67822 -10.8
-0.67797 -10.8
-0.67773 -10.7
-0.67748 -10.5
-0.67724 -10.2
-0.677 -9.9
-0.67675 -9.5
-0.67651 -9.0
-0.67626 -8.5
-0.67602 -7.9
-0.67578 -7.2
-0.67553 -6.5
-0.67529 -5.8
-0.67504 -5.0
-0.6748 -4.1
-0.67455 -3.3
-0.67431 -2.4
-0.67407 -1.5
-0.67382 -0.5
-0.67358 0.4
-0.67333 1.3
-0.67309 2.2
-0.67285 3.1
-0.6726 4.0
-0.67236 4.8
-0.67211 5.7
-0.67187 6.4
-0.67163 7.1
-0.67138 7.8
-0.67114 8.4
-0.67089 9.0
-0.67065 9.5
-0.6704 9.9
-0.67016 10.2
-0.66992 10.5
-0.66967 10.7
-0.66943 10.8
-0.66918 10.8
-0.66894 10.8
-0.6687 10.7
-0.66845 10.5
-0.66821 10.2
-0.66796 9.8
-0.66772 9.4
-0.66747 8.9
-0.66723 8.3
-0.66699 7.7
-0.66674 7.0
-0.6665 6.3
-0.66625 5.5
-0.66601 4.7
-0.66577 3.8
-0.66552 3.0
-0.66528 2.0
-0.66503 1.1
-0.66479 0.2
-0.66455 -0.7
-0.6643 -1.7
-0.66406 -2.6
-0.66381 -3.5
-0.66357 -4.3
-0.66332 -5.2
-0.66308 -6.0
-0.66284 -6.7
-0.66259 -7.4
-0.66235 -8.1
-0.6621 -8.7
-0.66186 -9.2
-0.66162 -9.7
-0.66137 -10.1
-0.66113 -10.4
-0.66088 -10.6
-0.66064 -10.8
-0.66039 -10.8
-0.66015 -10.8
-0.65991 -10.8
-0.65966 -10.6
-0.65942 -10.4
-0.65917 -10.0
-0.65893 -9.6
-0.65869 -9.2
-0.65844 -8.7
-0.6582 -8.1
-0.65795 -7.4
-0.65771 -6.7
-0.65746 -5.9
-0.65722 -5.1
-0.65698 -4.3
-0.65673 -3.4
-0.65649 -2.5
-0.65624 -1.6
-0.656 -0.6
-0.65576 0.3
-0.65551 1.2
-0.65527 2.2
-0.65502 3.1
-0.65478 4.0
-0.65454 4.8
-0.65429 5.7
-0.65405 6.4
-0.6538 7.2
-0.65356 7.9
-0.65331 8.5
-0.65307 9.0
-0.65283 9.5
-0.65258 9.9
-0.65234 10.3
-0.65209 10.6
-0.65185 10.8
-0.65161 10.9
-0.65136 10.9
-0.65112 10.8
-0.65087 10.7
-0.65063 10.5
-0.65038 10.2
-0.65014 9.8
-0.6499 9.4
-0.64965 8.9
-0.64941 8.3
-0.64916 7.6
-0.64892 6.9
-0.64868 6.2
-0.64843 5.4
-0.64819 4.5
-0.64794 3.7
-0.6477 2.8
-0.64746 1.8
-0.64721 0.9
-0.64697 0.0
-0.64672 -1.0
-0.64648 -1.9
-0.64623 -2.9
-0.64599 -3.8
-0.64575 -4.6
-0.6455 -5.5
-0.64526 -6.3
-0.64501 -7.0
-0.64477 -7.7
-0.64453 -8.4
-0.64428 -8.9
-0.64404 -9.5
-0.64379 -9.9
-0.64355 -10.3
-0.6433 -10.5
-0.64306 -10.8
-0.64282 -10.9
-0.64257 -10.9
-0.64233 -10.9
-0.64208 -10.8
-0.64184 -10.6
-0.6416 -10.3
-0.64135 -9.9
-0.64111 -9.5
-0.64086 -9.0
-0.64062 -8.4
-0.64038 -7.8
-0.64013 -7.1
-0.63989 -6.3
-0.63964 -5.5
-0.6394 -4.7
-0.63915 -3.8
-0.63891 -2.9
-0.63867 -2.0
-0.63842 -1.0
-0.63818 0.0
-0.63793 0.9
-0.63769 1.8
-0.63745 2.8
-0.6372 3.7
-0.63696 4.6
-0.63671 5.4
-0.63647 6.2
-0.63622 7.0
-0.63598 7.7
-0.63574 8.4
-0.63549 8.9
-0.63525 9.5
-0.635 9.9
-0.63476 10.3
-0.63452 10.6
-0.63427 10.8
-0.63403 10.9
-0.63378 11.0
-0.63354 10.9
-0.6333 10.8
-0.63305 10.6
-0.63281 10.3
-0.63256 10.0
-0.63232 9.5
-0.63207 9.0
-0.63183 8.4
-0.63159 7.8
-0.63134 7.1
-0.6311 6.3
-0.63085 5.5
-0.63061 4.6
-0.63037 3.8
-0.63012 2.8
-0.62988 1.9
-0.62963 1.0
-0.62939 0.0
-0.62914 -1.0
-0.6289 -1.9
-0.62866 -2.9
-0.62841 -3.8
-0.62817 -4.7
-0.62792 -5.5
-0.62768 -6.3
-0.62744 -7.1
-0.62719 -7.8
-0.62695 -8.5
-0.6267 -9.0
-0.62646 -9.6
-0.62621 -10.0
-0.62597 -10.4
-0.62573 -10.6
-0.62548 -10.8
-0.62524 -11.0
-0.62499 -11.0
-0.62475 -10.9
-0.62451 -10.8
-0.62426 -10.6
-0.62402 -10.3
-0.62377 -9.9
-0.62353 -9.5
-0.62329 -8.9
-0.62304 -8.3
-0.6228 -7.7
-0.62255 -6.9
-0.62231 -6.2
-0.62206 -5.3
-0.62182 -4.5
-0.62158 -3.6
-0.62133 -2.6
-0.62109 -1.7
-0.62084 -0.7
-0.6206 0.2
-0.62036 1.2
-0.62011 2.2
-0.61987 3.1
-0.61962 4.0
-0.61938 4.9
-0.61913 5.8
-0.61889 6.6
-0.61865 7.3
-0.6184 8.0
-0.61816 8.7
-0.61791 9.2
-0.61767 9.7
-0.61743 10.2
-0.61718 10.5
-0.61694 10.8
-0.61669 10.9
-0.61645 11.0
-0.61621 11.0
-0.61596 10.9
-0.61572 10.8
-0.61547 10.5
-0.61523 10.2
-0.61498 9.8
-0.61474 9.3
-0.6145 8.7
-0.61425 8.1
-0.61401 7.4
-0.61376 6.7
-0.61352 5.9
-0.61328 5.0
-0.61303 4.1
-0.61279 3.2
-0.61254 2.2
-0.6123 1.3
-0.61205 0.3
-0.61181 -0.7
-0.61157 -1.6
-0.61132 -2.6
-0.61108 -3.5
-0.61083 -4.5
-0.61059 -5.3
-0.61035 -6.2
-0.6101 -7.0
-0.60986 -7.7
-0.60961 -8.4
-0.60937 -9.0
-0.60913 -9.5
-0.60888 -10.0
-0.60864 -10.4
-0.60839 -10.7
-0.60815 -10.9
-0.6079 -11.0
-0.60766 -11.1
-0.60742 -11.0
-0.60717 -10.9
-0.60693 -10.7
-0.60668 -10.4
-0.60644 -10.0
-0.6062 -9.6
-0.60595 -9.0
-0.60571 -8.4
-0.60546 -7.7
-0.60522 -7.0
-0.60497 -6.2
-0.60473 -5.4
-0.60449 -4.5
-0.60424 -3.6
-0.604 -2.6
-0.60375 -1.7
-0.60351 -0.7
-0.60327 0.3
-0.60302 1.3
-0.60278 2.2
-0.60253 3.2
-0.60229 4.1
-0.60205 5.0
-0.6018 5.9
-0.60156 6.7
-0.60131 7.5
-0.60107 8.2
-0.60082 8.8
-0.60058 9.4
-0.60034 9.9
-0.60009 10.3
-0.59985 10.6
-0.5996 10.9
-0.59936 11.0
-0.59912 11.1
-0.59887 11.1
-0.59863 11.0
-0.59838 10.8
-0.59814 10.5
-0.59789 10.2
-0.59765 9.7
-0.59741 9.2
-0.59716 8.6
-0.59692 8.0
-0.59667 7.2
-0.59643 6.4
-0.59619 5.6
-0.59594 4.7
-0.5957 3.8
-0.59545 2.9
-0.59521 1.9
-0.59496 0.9
-0.59472 0.0
-0.59448 -1.1
-0.59423 -2.1
-0.59399 -3.0
-0.59374 -4.0
-0.5935 -4.9
-0.59326 -5.8
-0.59301 -6.6
-0.59277 -7.4
-0.59252 -8.1
-0.59228 -8.7
-0.59204 -9.3
-0.59179 -9.8
-0.59155 -10.3
-0.5913 -10.6
-0.59106 -10.9
-0.59081 -11.0
-0.59057 -11.1
-0.59033 -11.1
-0.59008 -11.0
-0.58984 -10.9
-0.58959 -10.6
-0.58935 -10.2
-0.58911 -9.8
-0.58886 -9.3
-0.58862 -8.7
-0.58837 -8.0
-0.58813 -7.3
-0.58788 -6.5
-0.58764 -5.7
-0.5874 -4.8
-0.58715 -3.9
-0.58691 -2.9
-0.58666 -1.9
-0.58642 -1.0
-0.58618 0.0
-0.58593 1.0
-0.58569 2.0
-0.58544 3.0
-0.5852 4.0
-0.58496 4.9
-0.58471 5.8
-0.58447 6.6
-0.58422 7.4
-0.58398 8.1
-0.58373 8.8
-0.58349 9.4
-0.58325 9.9
-0.583 10.3
-0.58276 10.7
-0.58251 10.9
-0.58227 11.1
-0.58203 11.2
-0.58178 11.2
-0.58154 11.1
-0.58129 10.9
-0.58105 10.6
-0.5808 10.2
-0.58056 9.8
-0.58032 9.3
-0.58007 8.7
-0.57983 8.0
-0.57958 7.3
-0.57934 6.5
-0.5791 5.6
-0.57885 4.7
-0.57861 3.8
-0.57836 2.8
-0.57812 1.8
-0.57788 0.8
-0.57763 -0.2
-0.57739 -1.2
-0.57714 -2.2
-0.5769 -3.2
-0.57665 -4.2
-0.57641 -5.1
-0.57617 -6.0
-0.57592 -6.8
-0.57568 -7.6
-0.57543 -8.3
-0.57519 -8.9
-0.57495 -9.5
-0.5747 -10.0
-0.57446 -10.4
-0.57421 -10.8
-0.57397 -11.0
-0.57372 -11.2
-0.57348 -11.2
-0.57324 -11.2
-0.57299 -11.1
-0.57275 -10.9
-0.5725 -10.6
-0.57226 -10.2
-0.57202 -9.7
-0.57177 -9.1
-0.57153 -8.5
-0.57128 -7.8
-0.57104 -7.0
-0.5708 -6.2
-0.57055 -5.4
-0.57031 -4.4
-0.57006 -3.5
-0.56982 -2.5
-0.56957 -1.5
-0.56933 -0.5
-0.56909 0.5
-0.56884 1.6
-0.5686 2.6
-0.56835 3.5
-0.56811 4.5
-0.56787 5.4
-0.56762 6.3
-0.56738 7.1
-0.56713 7.9
-0.56689 8.6
-0.56664 9.2
-0.5664 9.8
-0.56616 10.2
-0.56591 10.6
-0.56567 10.9
-0.56542 11.1
-0.56518 11.2
-0.56494 11.3
-0.56469 11.2
-0.56445 11.0
-0.5642 10.8
-0.56396 10.4
-0.56371 10.0
-0.56347 9.5
-0.56323 8.9
-0.56298 8.2
-0.56274 7.5
-0.56249 6.7
-0.56225 5.8
-0.56201 4.9
-0.56176 4.0
-0.56152 3.0
-0.56127 2.0
-0.56103 1.0
-0.56079 0.0
-0.56054 -1.1
-0.5603 -2.1
-0.56005 -3.1
-0.55981 -4.1
-0.55956 -5.0
-0.55932 -5.9
-0.55908 -6.8
-0.55883 -7.6
-0.55859 -8.3
-0.55834 -9.0
-0.5581 -9.6
-0.55786 -10.1
-0.55761 -10.5
-0.55737 -10.8
-0.55712 -11.1
-0.55688 -11.2
-0.55663 -11.3
-0.55639 -11.3
-0.55615 -11.1
-0.5559 -10.9
-0.55566 -10.6
-0.55541 -10.2
-0.55517 -9.7
-0.55493 -9.1
-0.55468 -8.5
-0.55444 -7.8
-0.55419 -7.0
-0.55395 -6.1
-0.55371 -5.2
-0.55346 -4.3
-0.55322 -3.3
-0.55297 -2.3
-0.55273 -1.3
-0.55248 -0.3
-0.55224 0.8
-0.552 1.8
-0.55175 2.8
-0.55151 3.8
-0.55126 4.8
-0.55102 5.7
-0.55078 6.6
-0.55053 7.4
-0.55029 8.2
-0.55004 8.8
-0.5498 9.5
-0.54955 10.0
-0.54931 10.4
-0.54907 10.8
-0.54882 11.1
-0.54858 11.2
-0.54833 11.3
-0.54809 11.3
-0.54785 11.2
-0.5476 11.0
-0.54736 10.7
-0.54711 10.3
-0.54687 9.8
-0.54663 9.3
-0.54638 8.6
-0.54614 7.9
-0.54589 7.1
-0.54565 6.3
-0.5454 5.4
-0.54516 4.5
-0.54492 3.5
-0.54467 2.5
-0.54443 1.4
-0.54418 0.4
-0.54394 -0.7
-0.5437 -1.7
-0.54345 -2.7
-0.54321 -3.7
-0.54296 -4.7
-0.54272 -5.6
-0.54247 -6.5
-0.54223 -7.4
-0.54199 -8.1
-0.54174 -8.8
-0.5415 -9.5
-0.54125 -10.0
-0.54101 -10.5
-0.54077 -10.8
-0.54052 -11.1
-0.54028 -11.3
-0.54003 -11.4
-0.53979 -11.4
-0.53955 -11.2
-0.5393 -11.0
-0.53906 -10.7
-0.53881 -10.3
-0.53857 -9.9
-0.53832 -9.3
-0.53808 -8.7
-0.53784 -7.9
-0.53759 -7.1
-0.53735 -6.3
-0.5371 -5.4
-0.53686 -4.4
-0.53662 -3.4
-0.53637 -2.4
-0.53613 -1.4
-0.53588 -0.3
-0.53564 0.7
-0.53539 1.8
-0.53515 2.8
-0.53491 3.8
-0.53466 4.8
-0.53442 5.8
-0.53417 6.6
-0.53393 7.5
-0.53369 8.2
-0.53344 8.9
-0.5332 9.6
-0.53295 10.1
-0.53271 10.6
-0.53246 10.9
-0.53222 11.2
-0.53198 11.3
-0.53173 11.4
-0.53149 11.4
-0.53124 11.3
-0.531 11.0
-0.53076 10.7
-0.53051 10.3
-0.53027 9.8
-0.53002 9.2
-0.52978 8.5
-0.52954 7.8
-0.52929 7.0
-0.52905 6.1
-0.5288 5.2
-0.52856 4.2
-0.52831 3.2
-0.52807 2.2
-0.52783 1.1
-0.52758 0.0
-0.52734 -1.0
-0.52709 -2.1
-0.52685 -3.1
-0.52661 -4.1
-0.52636 -5.1
-0.52612 -6.0
-0.52587 -6.9
-0.52563 -7.7
-0.52538 -8.5
-0.52514 -9.2
-0.5249 -9.8
-0.52465 -10.3
-0.52441 -10.7
-0.52416 -11.0
-0.52392 -11.3
-0.52368 -11.4
-0.52343 -11.5
-0.52319 -11.4
-0.52294 -11.2
-0.5227 -11.0
-0.52246 -10.6
-0.52221 -10.2
-0.52197 -9.6
-0.52172 -9.0
-0.52148 -8.3
-0.52123 -7.5
-0.52099 -6.7
-0.52075 -5.8
-0.5205 -4.8
-0.52026 -3.8
-0.52001 -2.8
-0.51977 -1.7
-0.51953 -0.7
-0.51928 0.4
-0.51904 1.5
-0.51879 2.6
-0.51855 3.6
-0.5183 4.6
-0.51806 5.6
-0.51782 6.5
-0.51757 7.3
-0.51733 8.1
-0.51708 8.9
-0.51684 9.5
-0.5166 10.1
-0.51635 10.6
-0.51611 10.9
-0.51586 11.2
-0.51562 11.4
-0.51538 11.5
-0.51513 11.5
-0.51489 11.4
-0.51464 11.1
-0.5144 10.8
-0.51415 10.4
-0.51391 9.9
-0.51367 9.3
-0.51342 8.6
-0.51318 7.9
-0.51293 7.0
-0.51269 6.2
-0.51245 5.2
-0.5122 4.2
-0.51196 3.2
-0.51171 2.1
-0.51147 1.1
-0.51122 0.0
-0.51098 -1.1
-0.51074 -2.2
-0.51049 -3.2
-0.51025 -4.3
-0.51 -5.3
-0.50976 -6.2
-0.50952 -7.1
-0.50927 -7.9
-0.50903 -8.7
-0.50878 -9.4
-0.50854 -10.0
-0.5083 -10.5
-0.50805 -10.9
-0.50781 -11.2
-0.50756 -11.4
-0.50732 -11.5
-0.50707 -11.5
-0.50683 -11.4
-0.50659 -11.2
-0.50634 -11.0
-0.5061 -10.6
-0.50585 -10.1
-0.50561 -9.5
-0.50537 -8.8
-0.50512 -8.1
-0.50488 -7.3
-0.50463 -6.4
-0.50439 -5.4
-0.50414 -4.5
-0.5039 -3.4
-0.50366 -2.4
-0.50341 -1.3
-0.50317 -0.2
-0.50292 0.9
-0.50268 2.0
-0.50244 3.1
-0.50219 4.1
-0.50195 5.1
-0.5017 6.1
-0.50146 7.0
-0.50121 7.8
-0.50097 8.6
-0.50073 9.3
-0.50048 9.9
-0.50024 10.4
-0.49999 10.9
-0.49975 11.2
-0.49951 11.4
-0.49926 11.6
-0.49902 11.6
-0.49877 11.5
-0.49853 11.3
-0.49829 11.0
-0.49804 10.6
-0.4978 10.1
-0.49755 9.6
-0.49731 8.9
-0.49706 8.1
-0.49682 7.3
-0.49658 6.4
-0.49633 5.5
-0.49609 4.5
-0.49584 3.4
-0.4956 2.4
-0.49536 1.3
-0.49511 0.2
-0.49487 -0.9
-0.49462 -2.0
-0.49438 -3.1
-0.49413 -4.2
-0.49389 -5.2
-0.49365 -6.1
-0.4934 -7.1
-0.49316 -7.9
-0.49291 -8.7
-0.49267 -9.4
-0.49243 -10.0
-0.49218 -10.5
-0.49194 -10.9
-0.49169 -11.3
-0.49145 -11.5
-0.49121 -11.6
-0.49096 -11.6
-0.49072 -11.5
-0.49047 -11.3
-0.49023 -11.0
-0.48998 -10.6
-0.48974 -10.1
-0.4895 -9.5
-0.48925 -8.8
-0.48901 -8.1
-0.48876 -7.2
-0.48852 -6.3
-0.48828 -5.3
-0.48803 -4.3
-0.48779 -3.3
-0.48754 -2.2
-0.4873 -1.1
-0.48705 0.0
-0.48681 1.2
-0.48657 2.3
-0.48632 3.4
-0.48608 4.4
-0.48583 5.4
-0.48559 6.4
-0.48535 7.3
-0.4851 8.1
-0.48486 8.9
-0.48461 9.6
-0.48437 10.2
-0.48413 10.7
-0.48388 11.1
-0.48364 11.4
-0.48339 11.6
-0.48315 11.7
-0.4829 11.6
-0.48266 11.5
-0.48242 11.3
-0.48217 10.9
-0.48193 10.5
-0.48168 10.0
-0.48144 9.3
-0.4812 8.6
-0.48095 7.8
-0.48071 6.9
-0.48046 6.0
-0.48022 5.0
-0.47997 4.0
-0.47973 2.9
-0.47949 1.8
-0.47924 0.7
-0.479 -0.5
-0.47875 -1.6
-0.47851 -2.7
-0.47827 -3.8
-0.47802 -4.8
-0.47778 -5.9
-0.47753 -6.8
-0.47729 -7.7
-0.47705 -8.5
-0.4768 -9.3
-0.47656 -9.9
-0.47631 -10.5
-0.47607 -10.9
-0.47582 -11.3
-0.47558 -11.5
-0.47534 -11.7
-0.47509 -11.7
-0.47485 -11.6
-0.4746 -11.5
-0.47436 -11.2
-0.47412 -10.8
-0.47387 -10.3
-0.47363 -9.7
-0.47338 -9.0
-0.47314 -8.2
-0.47289 -7.4
-0.47265 -6.5
-0.47241 -5.5
-0.47216 -4.4
-0.47192 -3.4
-0.47167 -2.3
-0.47143 -1.1
-0.47119 0.0
-0.47094 1.1
-0.4707 2.3
-0.47045 3.4
-0.47021 4.5
-0.46996 5.5
-0.46972 6.5
-0.46948 7.4
-0.46923 8.2
-0.46899 9.0
-0.46874 9.7
-0.4685 10.3
-0.46826 10.8
-0.46801 11.2
-0.46777 11.5
-0.46752 11.7
-0.46728 11.8
-0.46704 11.7
-0.46679 11.6
-0.46655 11.3
-0.4663 10.9
-0.46606 10.5
-0.46581 9.9
-0.46557 9.2
-0.46533 8.5
-0.46508 7.6
-0.46484 6.7
-0.46459 5.8
-0.46435 4.7
-0.46411 3.7
-0.46386 2.5
-0.46362 1.4
-0.46337 0.3
-0.46313 -0.9
-0.46288 -2.0
-0.46264 -3.2
-0.4624 -4.2
-0.46215 -5.3
-0.46191 -6.3
-0.46166 -7.3
-0.46142 -8.1
-0.46118 -8.9
-0.46093 -9.6
-0.46069 -10.3
-0.46044 -10.8
-0.4602 -11.2
-0.45996 -11.5
-0.45971 -11.7
-0.45947 -11.8
-0.45922 -11.8
-0.45898 -11.6
-0.45873 -11.4
-0.45849 -11.0
-0.45825 -10.6
-0.458 -10.0
-0.45776 -9.3
-0.45751 -8.6
-0.45727 -7.7
-0.45703 -6.8
-0.45678 -5.9
-0.45654 -4.8
-0.45629 -3.7
-0.45605 -2.6
-0.4558 -1.5
-0.45556 -0.3
-0.45532 0.9
-0.45507 2.0
-0.45483 3.1
-0.45458 4.3
-0.45434 5.3
-0.4541 6.3
-0.45385 7.3
-0.45361 8.2
-0.45336 9.0
-0.45312 9.7
-0.45288 10.3
-0.45263 10.8
-0.45239 11.3
-0.45214 11.6
-0.4519 11.8
-0.45165 11.9
-0.45141 11.8
-0.45117 11.7
-0.45092 11.4
-0.45068 11.0
-0.45043 10.6
-0.45019 10.0
-0.44995 9.3
-0.4497 8.5
-0.44946 7.7
-0.44921 6.7
-0.44897 5.7
-0.44872 4.7
-0.44848 3.6
-0.44824 2.5
-0.44799 1.3
-0.44775 0.1
-0.4475 -1.0
-0.44726 -2.2
-0.44702 -3.4
-0.44677 -4.5
-0.44653 -5.5
-0.44628 -6.5
-0.44604 -7.5
-0.4458 -8.4
-0.44555 -9.2
-0.44531 -9.9
-0.44506 -10.5
-0.44482 -11.0
-0.44457 -11.4
-0.44433 -11.7
-0.44409 -11.8
-0.44384 -11.9
-0.4436 -11.8
-0.44335 -11.7
-0.44311 -11.4
-0.44287 -11.0
-0.44262 -10.4
-0.44238 -9.8
-0.44213 -9.1
-0.44189 -8.3
-0.44164 -7.4
-0.4414 -6.5
-0.44116 -5.4
-0.44091 -4.4
-0.44067 -3.2
-0.44042 -2.1
-0.44018 -0.9
-0.43994 0.3
-0.43969 1.5
-0.43945 2.6
-0.4392 3.8
-0.43896 4.9
-0.43871 6.0
-0.43847 7.0
-0.43823 7.9
-0.43798 8.7
-0.43774 9.5
-0.43749 10.2
-0.43725 10.8
-0.43701 11.2
-0.43676 11.6
-0.43652 11.8
-0.43627 11.9
-0.43603 11.9
-0.43579 11.8
-0.43554 11.6
-0.4353 11.2
-0.43505 10.8
-0.43481 10.2
-0.43456 9.5
-0.43432 8.8
-0.43408 7.9
-0.43383 7.0
-0.43359 6.0
-0.43334 4.9
-0.4331 3.8
-0.43286 2.6
-0.43261 1.4
-0.43237 0.2
-0.43212 -1.0
-0.43188 -2.1
-0.43163 -3.3
-0.43139 -4.4
-0.43115 -5.5
-0.4309 -6.6
-0.43066 -7.5
-0.43041 -8.4
-0.43017 -9.3
-0.42993 -10.0
-0.42968 -10.6
-0.42944 -11.1
-0.42919 -11.5
-0.42895 -11.8
-0.42871 -12.0
-0.42846 -12.0
-0.42822 -11.9
-0.42797 -11.7
-0.42773 -11.4
-0.42748 -11.0
-0.42724 -10.4
-0.427 -9.8
-0.42675 -9.0
-0.42651 -8.2
-0.42626 -7.3
-0.42602 -6.3
-0.42578 -5.2
-0.42553 -4.1
-0.42529 -3.0
-0.42504 -1.8
-0.4248 -0.6
-0.42455 0.7
-0.42431 1.9
-0.42407 3.0
-0.42382 4.2
-0.42358 5.3
-0.42333 6.4
-0.42309 7.4
-0.42285 8.3
-0.4226 9.1
-0.42236 9.9
-0.42211 10.5
-0.42187 11.1
-0.42163 11.5
-0.42138 11.8
-0.42114 12.0
-0.42089 12.0
-0.42065 12.0
-0.4204 11.8
-0.42016 11.5
-0.41992 11.1
-0.41967 10.6
-0.41943 9.9
-0.41918 9.2
-0.41894 8.3
-0.4187 7.4
-0.41845 6.4
-0.41821 5.3
-0.41796 4.2
-0.41772 3.1
-0.41747 1.9
-0.41723 0.6
-0.41699 -0.6
-0.41674 -1.8
-0.4165 -3.0
-0.41625 -4.2
-0.41601 -5.3
-0.41577 -6.4
-0.41552 -7.4
-0.41528 -8.3
-0.41503 -9.2
-0.41479 -9.9
-0.41455 -10.6
-0.4143 -11.1
-0.41406 -11.5
-0.41381 -11.9
-0.41357 -12.0
-0.41332 -12.1
-0.41308 -12.0
-0.41284 -11.8
-0.41259 -11.5
-0.41235 -11.1
-0.4121 -10.6
-0.41186 -9.9
-0.41162 -9.1
-0.41137 -8.3
-0.41113 -7.3
-0.41088 -6.3
-0.41064 -5.2
-0.41039 -4.1
-0.41015 -2.9
-0.40991 -1.7
-0.40966 -0.5
-0.40942 0.8
-0.40917 2.0
-0.40893 3.2
-0.40869 4.4
-0.40844 5.5
-0.4082 6.6
-0.40795 7.6
-0.40771 8.5
-0.40746 9.4
-0.40722 10.1
-0.40698 10.7
-0.40673 11.3
-0.40649 11.7
-0.40624 12.0
-0.406 12.1
-0.40576 12.1
-0.40551 12.1
-0.40527 11.8
-0.40502 11.5
-0.40478 11.0
-0.40454 10.4
-0.40429 9.7
-0.40405 8.9
-0.4038 8.0
-0.40356 7.1
-0.40331 6.0
-0.40307 4.9
-0.40283 3.7
-0.40258 2.5
-0.40234 1.3
-0.40209 0.0
-0.40185 -1.2
-0.40161 -2.4
-0.40136 -3.7
-0.40112 -4.8
-0.40087 -6.0
-0.40063 -7.0
-0.40038 -8.0
-0.40014 -8.9
-0.3999 -9.7
-0.39965 -10.4
-0.39941 -11.0
-0.39916 -11.5
-0.39892 -11.9
-0.39868 -12.1
-0.39843 -12.2
-0.39819 -12.2
-0.39794 -12.0
-0.3977 -11.7
-0.39746 -11.3
-0.39721 -10.8
-0.39697 -10.2
-0.39672 -9.4
-0.39648 -8.5
-0.39623 -7.6
-0.39599 -6.6
-0.39575 -5.5
-0.3955 -4.3
-0.39526 -3.1
-0.39501 -1.9
-0.39477 -0.6
-0.39453 0.6
-0.39428 1.9
-0.39404 3.1
-0.39379 4.3
-0.39355 5.5
-0.3933 6.6
-0.39306 7.6
-0.39282 8.6
-0.39257 9.4
-0.39233 10.2
-0.39208 10.9
-0.39184 11.4
-0.3916 11.8
-0.39135 12.1
-0.39111 12.2
-0.39086 12.2
-0.39062 12.1
-0.39038 11.9
-0.39013 11.5
-0.38989 11.0
-0.38964 10.4
-0.3894 9.7
-0.38915 8.9
-0.38891 7.9
-0.38867 6.9
-0.38842 5.8
-0.38818 4.7
-0.38793 3.5
-0.38769 2.2
-0.38745 1.0
-0.3872 -0.3
-0.38696 -1.6
-0.38671 -2.9
-0.38647 -4.1
-0.38622 -5.3
-0.38598 -6.4
-0.38574 -7.5
-0.38549 -8.4
-0.38525 -9.3
-0.385 -10.1
-0.38476 -10.8
-0.38452 -11.3
-0.38427 -11.8
-0.38403 -12.1
-0.38378 -12.3
-0.38354 -12.3
-0.3833 -12.2
-0.38305 -12.0
-0.38281 -11.6
-0.38256 -11.1
-0.38232 -10.5
-0.38207 -9.8
-0.38183 -9.0
-0.38159 -8.1
-0.38134 -7.0
-0.3811 -5.9
-0.38085 -4.8
-0.38061 -3.6
-0.38037 -2.3
-0.38012 -1.0
-0.37988 0.3
-0.37963 1.5
-0.37939 2.8
-0.37914 4.1
-0.3789 5.3
-0.37866 6.4
-0.37841 7.5
-0.37817 8.5
-0.37792 9.4
-0.37768 10.2
-0.37744 10.8
-0.37719 11.4
-0.37695 11.8
-0.3767 12.2
-0.37646 12.3
-0.37621 12.4
-0.37597 12.3
-0.37573 12.0
-0.37548 11.7
-0.37524 11.2
-0.37499 10.5
-0.37475 9.8
-0.37451 8.9
-0.37426 8.0
-0.37402 7.0
-0.37377 5.8
-0.37353 4.7
-0.37329 3.4
-0.37304 2.1
-0.3728 0.9
-0.37255 -0.5
-0.37231 -1.8
-0.37206 -3.0
-0.37182 -4.3
-0.37158 -5.5
-0.37133 -6.6
-0.37109 -7.7
-0.37084 -8.7
-0.3706 -9.6
-0.37036 -10.4
-0.37011 -11.0
-0.36987 -11.6
-0.36962 -12.0
-0.36938 -12.3
-0.36913 -12.4
-0.36889 -12.4
-0.36865 -12.3
-0.3684 -12.0
-0.36816 -11.6
-0.36791 -11.0
-0.36767 -10.4
-0.36743 -9.6
-0.36718 -8.7
-0.36694 -7.7
-0.36669 -6.6
-0.36645 -5.5
-0.36621 -4.3
-0.36596 -3.0
-0.36572 -1.7
-0.36547 -0.4
-0.36523 0.9
-0.36498 2.2
-0.36474 3.5
-0.3645 4.8
-0.36425 6.0
-0.36401 7.1
-0.36376 8.2
-0.36352 9.1
-0.36328 10.0
-0.36303 10.7
-0.36279 11.3
-0.36254 11.8
-0.3623 12.2
-0.36205 12.4
-0.36181 12.5
-0.36157 12.4
-0.36132 12.2
-0.36108 11.9
-0.36083 11.4
-0.36059 10.8
-0.36035 10.0
-0.3601 9.2
-0.35986 8.2
-0.35961 7.2
-0.35937 6.1
-0.35913 4.9
-0.35888 3.6
-0.35864 2.3
-0.35839 1.0
-0.35815 -0.4
-0.3579 -1.7
-0.35766 -3.0
-0.35742 -4.3
-0.35717 -5.5
-0.35693 -6.7
-0.35668 -7.8
-0.35644 -8.8
-0.3562 -9.7
-0.35595 -10.5
-0.35571 -11.2
-0.35546 -11.7
-0.35522 -12.1
-0.35497 -12.4
-0.35473 -12.5
-0.35449 -12.5
-0.35424 -12.3
-0.354 -12.0
-0.35375 -11.6
-0.35351 -11.0
-0.35327 -10.3
-0.35302 -9.5
-0.35278 -8.6
-0.35253 -7.5
-0.35229 -6.4
-0.35205 -5.2
-0.3518 -3.9
-0.35156 -2.6
-0.35131 -1.3
-0.35107 0.0
-0.35082 1.4
-0.35058 2.7
-0.35034 4.0
-0.35009 5.3
-0.34985 6.5
-0.3496 7.6
-0.34936 8.7
-0.34912 9.6
-0.34887 10.4
-0.34863 11.1
-0.34838 11.7
-0.34814 12.1
-0.34789 12.4
-0.34765 12.6
-0.34741 12.6
-0.34716 12.4
-0.34692 12.1
-0.34667 11.7
-0.34643 11.1
-0.34619 10.4
-0.34594 9.6
-0.3457 8.7
-0.34545 7.6
-0.34521 6.5
-0.34496 5.3
-0.34472 4.0
-0.34448 2.7
-0.34423 1.4
-0.34399 0.0
-0.34374 -1.4
-0.3435 -2.7
-0.34326 -4.1
-0.34301 -5.3
-0.34277 -6.5
-0.34252 -7.7
-0.34228 -8.7
-0.34204 -9.7
-0.34179 -10.5
-0.34155 -11.2
-0.3413 -11.8
-0.34106 -12.2
-0.34081 -12.5
-0.34057 -12.6
-0.34033 -12.6
-0.34008 -12.5
-0.33984 -12.2
-0.33959 -11.7
-0.33935 -11.1
-0.33911 -10.4
-0.33886 -9.5
-0.33862 -8.6
-0.33837 -7.5
-0.33813 -6.4
-0.33788 -5.1
-0.33764 -3.8
-0.3374 -2.5
-0.33715 -1.1
-0.33691 0.3
-0.33666 1.7
-0.33642 3.0
-0.33618 4.4
-0.33593 5.6
-0.33569 6.8
-0.33544 8.0
-0.3352 9.0
-0.33496 9.9
-0.33471 10.7
-0.33447 11.4
-0.33422 12.0
-0.33398 12.4
-0.33373 12.6
-0.33349 12.7
-0.33325 12.7
-0.333 12.4
-0.33276 12.1
-0.33251 11.6
-0.33227 10.9
-0.33203 10.2
-0.33178 9.3
-0.33154 8.3
-0.33129 7.1
-0.33105 5.9
-0.3308 4.7
-0.33056 3.3
-0.33032 2.0
-0.33007 0.6
-0.32983 -0.8
-0.32958 -2.2
-0.32934 -3.6
-0.3291 -4.9
-0.32885 -6.2
-0.32861 -7.4
-0.32836 -8.5
-0.32812 -9.5
-0.32788 -10.4
-0.32763 -11.1
-0.32739 -11.8
-0.32714 -12.2
-0.3269 -12.6
-0.32665 -12.7
-0.32641 -12.8
-0.32617 -12.6
-0.32592 -12.3
-0.32568 -11.9
-0.32543 -11.3
-0.32519 -10.6
-0.32495 -9.7
-0.3247 -8.8
-0.32446 -7.7
-0.32421 -6.5
-0.32397 -5.2
-0.32372 -3.9
-0.32348 -2.5
-0.32324 -1.1
-0.32299 0.3
-0.32275 1.7
-0.3225 3.1
-0.32226 4.5
-0.32202 5.8
-0.32177 7.0
-0.32153 8.2
-0.32128 9.2
-0.32104 10.1
-0.3208 11.0
-0.32055 11.6
-0.32031 12.2
-0.32006 12.5
-0.31982 12.8
-0.31957 12.8
-0.31933 12.7
-0.31909 12.5
-0.31884 12.1
-0.3186 11.5
-0.31835 10.8
-0.31811 10.0
-0.31787 9.0
-0.31762 8.0
-0.31738 6.8
-0.31713 5.5
-0.31689 4.2
-0.31664 2.8
-0.3164 1.4
-0.31616 0.0
-0.31591 -1.5
-0.31567 -2.9
-0.31542 -4.3
-0.31518 -5.6
-0.31494 -6.9
-0.31469 -8.0
-0.31445 -9.1
-0.3142 -10.1
-0.31396 -10.9
-0.31371 -11.6
-0.31347 -12.2
-0.31323 -12.6
-0.31298 -12.8
-0.31274 -12.9
-0.31249 -12.8
-0.31225 -12.6
-0.31201 -12.2
-0.31176 -11.6
-0.31152 -10.9
-0.31127 -10.1
-0.31103 -9.1
-0.31079 -8.0
-0.31054 -6.8
-0.3103 -5.6
-0.31005 -4.2
-0.30981 -2.8
-0.30956 -1.4
-0.30932 0.0
-0.30908 1.5
-0.30883 3.0
-0.30859 4.4
-0.30834 5.7
-0.3081 7.0
-0.30786 8.2
-0.30761 9.3
-0.30737 10.2
-0.30712 11.1
-0.30688 11.7
-0.30663 12.3
-0.30639 12.7
-0.30615 12.9
-0.3059 13.0
-0.30566 12.9
-0.30541 12.6
-0.30517 12.2
-0.30493 11.6
-0.30468 10.8
-0.30444 9.9
-0.30419 8.9
-0.30395 7.8
-0.30371 6.6
-0.30346 5.3
-0.30322 3.9
-0.30297 2.5
-0.30273 1.0
-0.30248 -0.5
-0.30224 -1.9
-0.302 -3.4
-0.30175 -4.8
-0.30151 -6.1
-0.30126 -7.4
-0.30102 -8.6
-0.30078 -9.6
-0.30053 -10.6
-0.30029 -11.4
-0.30004 -12.0
-0.2998 -12.5
-0.29955 -12.8
-0.29931 -13.0
-0.29907 -13.0
-0.29882 -12.8
-0.29858 -12.5
-0.29833 -12.0
-0.29809 -11.3
-0.29785 -10.5
-0.2976 -9.6
-0.29736 -8.5
-0.29711 -7.3
-0.29687 -6.1
-0.29663 -4.7
-0.29638 -3.3
-0.29614 -1.8
-0.29589 -0.3
-0.29565 1.2
-0.2954 2.6
-0.29516 4.1
-0.29492 5.5
-0.29467 6.8
-0.29443 8.0
-0.29418 9.2
-0.29394 10.2
-0.2937 11.1
-0.29345 11.8
-0.29321 12.4
-0.29296 12.8
-0.29272 13.0
-0.29247 13.1
-0.29223 13.0
-0.29199 12.7
-0.29174 12.3
-0.2915 11.7
-0.29125 10.9
-0.29101 10.0
-0.29077 9.0
-0.29052 7.8
-0.29028 6.6
-0.29003 5.2
-0.28979 3.8
-0.28955 2.3
-0.2893 0.8
-0.28906 -0.7
-0.28881 -2.2
-0.28857 -3.7
-0.28832 -5.1
-0.28808 -6.5
-0.28784 -7.8
-0.28759 -8.9
-0.28735 -10.0
-0.2871 -10.9
-0.28686 -11.7
-0.28662 -12.3
-0.28637 -12.8
-0.28613 -13.1
-0.28588 -13.2
-0.28564 -13.1
-0.28539 -12.9
-0.28515 -12.4
-0.28491 -11.9
-0.28466 -11.1
-0.28442 -10.2
-0.28417 -9.2
-0.28393 -8.0
-0.28369 -6.8
-0.28344 -5.4
-0.2832 -4.0
-0.28295 -2.5
-0.28271 -1.0
-0.28246 0.6
-0.28222 2.1
-0.28198 3.6
-0.28173 5.0
-0.28149 6.4
-0.28124 7.7
-0.281 8.9
-0.28076 10.0
-0.28051 10.9
-0.28027 11.7
-0.28002 12.4
-0.27978 12.8
-0.27954 13.1
-0.27929 13.2
-0.27905 13.2
-0.2788 12.9
-0.27856 12.5
-0.27831 11.9
-0.27807 11.1
-0.27783 10.2
-0.27758 9.2
-0.27734 8.0
-0.27709 6.7
-0.27685 5.3
-0.27661 3.8
-0.27636 2.3
-0.27612 0.8
-0.27587 -0.8
-0.27563 -2.3
-0.27538 -3.8
-0.27514 -5.3
-0.2749 -6.7
-0.27465 -8.0
-0.27441 -9.2
-0.27416 -10.2
-0.27392 -11.2
-0.27368 -11.9
-0.27343 -12.6
-0.27319 -13.0
-0.27294 -13.2
-0.2727 -13.3
-0.27246 -13.2
-0.27221 -12.9
-0.27197 -12.4
-0.27172 -11.8
-0.27148 -10.9
-0.27123 -10.0
-0.27099 -8.9
-0.27075 -7.6
-0.2705 -6.3
-0.27026 -4.9
-0.27001 -3.4
-0.26977 -1.8
-0.26953 -0.3
-0.26928 1.3
-0.26904 2.9
-0.26879 4.4
-0.26855 5.9
-0.2683 7.2
-0.26806 8.5
-0.26782 9.7
-0.26757 10.7
-0.26733 11.6
-0.26708 12.3
-0.26684 12.8
-0.2666 13.2
-0.26635 13.4
-0.26611 13.3
-0.26586 13.1
-0.26562 12.8
-0.26538 12.2
-0.26513 11.4
-0.26489 10.5
-0.26464 9.5
-0.2644 8.3
-0.26415 7.0
-0.26391 5.6
-0.26367 4.1
-0.26342 2.5
-0.26318 0.9
-0.26293 -0.7
-0.26269 -2.3
-0.26245 -3.8
-0.2622 -5.3
-0.26196 -6.8
-0.26171 -8.1
-0.26147 -9.3
-0.26122 -10.4
-0.26098 -11.4
-0.26074 -12.1
-0.26049 -12.7
-0.26025 -13.2
-0.26 -13.4
-0.25976 -13.4
-0.25952 -13.3
-0.25927 -13.0
-0.25903 -12.4
-0.25878 -11.7
-0.25854 -10.9
-0.2583 -9.8
-0.25805 -8.7
-0.25781 -7.3
-0.25756 -5.9
-0.25732 -4.4
-0.25707 -2.9
-0.25683 -1.3
-0.25659 0.3
-0.25634 2.0
-0.2561 3.5
-0.25585 5.1
-0.25561 6.6
-0.25537 7.9
-0.25512 9.2
-0.25488 10.3
-0.25463 11.3
-0.25439 12.1
-0.25414 12.8
-0.2539 13.2
-0.25366 13.5
-0.25341 13.5
-0.25317 13.4
-0.25292 13.1
-0.25268 12.5
-0.25244 11.8
-0.25219 11.0
-0.25195 9.9
-0.2517 8.7
-0.25146 7.4
-0.25121 6.0
-0.25097 4.5
-0.25073 2.9
-0.25048 1.3
-0.25024 -0.4
-0.24999 -2.0
-0.24975 -3.6
-0.24951 -5.2
-0.24926 -6.7
-0.24902 -8.1
-0.24877 -9.3
-0.24853 -10.5
-0.24829 -11.4
-0.24804 -12.3
-0.2478 -12.9
-0.24755 -13.3
-0.24731 -13.6
-0.24706 -13.6
-0.24682 -13.4
-0.24658 -13.1
-0.24633 -12.5
-0.24609 -11.8
-0.24584 -10.8
-0.2456 -9.8
-0.24536 -8.5
-0.24511 -7.2
-0.24487 -5.7
-0.24462 -4.1
-0.24438 -2.5
-0.24413 -0.9
-0.24389 0.8
-0.24365 2.5
-0.2434 4.1
-0.24316 5.7
-0.24291 7.1
-0.24267 8.5
-0.24243 9.8
-0.24218 10.9
-0.24194 11.8
-0.24169 12.6
-0.24145 13.1
-0.24121 13.5
-0.24096 13.7
-0.24072 13.6
-0.24047 13.4
-0.24023 13.0
-0.23998 12.3
-0.23974 11.5
-0.2395 10.5
-0.23925 9.3
-0.23901 8.0
-0.23876 6.6
-0.23852 5.0
-0.23828 3.4
-0.23803 1.8
-0.23779 0.0
-0.23754 -1.6
-0.2373 -3.3
-0.23705 -4.9
-0.23681 -6.5
-0.23657 -7.9
-0.23632 -9.3
-0.23608 -10.4
-0.23583 -11.5
-0.23559 -12.3
-0.23535 -13.0
-0.2351 -13.5
-0.23486 -13.7
-0.23461 -13.8
-0.23437 -13.6
-0.23413 -13.2
-0.23388 -12.6
-0.23364 -11.9
-0.23339 -10.9
-0.23315 -9.8
-0.2329 -8.5
-0.23266 -7.1
-0.23242 -5.6
-0.23217 -3.9
-0.23193 -2.3
-0.23168 -0.6
-0.23144 1.2
-0.2312 2.9
-0.23095 4.5
-0.23071 6.1
-0.23046 7.6
-0.23022 9.0
-0.22997 10.2
-0.22973 11.3
-0.22949 12.2
-0.22924 13.0
-0.229 13.5
-0.22875 13.8
-0.22851 13.9
-0.22827 13.7
-0.22802 13.4
-0.22778 12.8
-0.22753 12.1
-0.22729 11.1
-0.22705 10.0
-0.2268 8.7
-0.22656 7.3
-0.22631 5.7
-0.22607 4.1
-0.22582 2.4
-0.22558 0.7
-0.22534 -1.1
-0.22509 -2.8
-0.22485 -4.5
-0.2246 -6.1
-0.22436 -7.7
-0.22412 -9.1
-0.22387 -10.3
-0.22363 -11.4
-0.22338 -12.3
-0.22314 -13.1
-0.22289 -13.6
-0.22265 -13.9
-0.22241 -13.9
-0.22216 -13.8
-0.22192 -13.4
-0.22167 -12.8
-0.22143 -12.0
-0.22119 -11.1
-0.22094 -9.9
-0.2207 -8.6
-0.22045 -7.1
-0.22021 -5.5
-0.21996 -3.9
-0.21972 -2.1
-0.21948 -0.4
-0.21923 1.4
-0.21899 3.2
-0.21874 4.9
-0.2185 6.5
-0.21826 8.0
-0.21801 9.4
-0.21777 10.7
-0.21752 11.7
-0.21728 12.6
-0.21704 13.3
-0.21679 13.8
-0.21655 14.0
-0.2163 14.0
-0.21606 13.8
-0.21581 13.3
-0.21557 12.7
-0.21533 11.8
-0.21508 10.7
-0.21484 9.5
-0.21459 8.1
-0.21435 6.6
-0.21411 4.9
-0.21386 3.2
-0.21362 1.4
-0.21337 -0.4
-0.21313 -2.2
-0.21288 -4.0
-0.21264 -5.7
-0.2124 -7.3
-0.21215 -8.8
-0.21191 -10.1
-0.21166 -11.3
-0.21142 -12.3
-0.21118 -13.1
-0.21093 -13.7
-0.21069 -14.0
-0.21044 -14.1
-0.2102 -14.0
-0.20996 -13.6
-0.20971 -13.1
-0.20947 -12.3
-0.20922 -11.3
-0.20898 -10.1
-0.20873 -8.7
-0.20849 -7.2
-0.20825 -5.6
-0.208 -3.9
-0.20776 -2.1
-0.20751 -0.2
-0.20727 1.6
-0.20703 3.4
-0.20678 5.2
-0.20654 6.8
-0.20629 8.4
-0.20605 9.8
-0.2058 11.1
-0.20556 12.1
-0.20532 13.0
-0.20507 13.6
-0.20483 14.0
-0.20458 14.2
-0.20434 14.1
-0.2041 13.8
-0.20385 13.3
-0.20361 12.5
-0.20336 11.5
-0.20312 10.4
-0.20288 9.0
-0.20263 7.5
-0.20239 5.8
-0.20214 4.1
-0.2019 2.3
-0.20165 0.4
-0.20141 -1.4
-0.20117 -3.3
-0.20092 -5.1
-0.20068 -6.8
-0.20043 -8.4
-0.20019 -9.8
-0.19995 -11.1
-0.1997 -12.2
-0.19946 -13.0
-0.19921 -13.7
-0.19897 -14.1
-0.19872 -14.3
-0.19848 -14.2
-0.19824 -13.9
-0.19799 -13.3
-0.19775 -12.6
-0.1975 -11.5
-0.19726 -10.3
-0.19702 -8.9
-0.19677 -7.4
-0.19653 -5.7
-0.19628 -3.9
-0.19604 -2.1
-0.1958 -0.2
-0.19555 1.7
-0.19531 3.6
-0.19506 5.4
-0.19482 7.1
-0.19457 8.7
-0.19433 10.1
-0.19409 11.4
-0.19384 12.5
-0.1936 13.3
-0.19335 13.9
-0.19311 14.3
-0.19287 14.4
-0.19262 14.3
-0.19238 13.9
-0.19213 13.2
-0.19189 12.4
-0.19164 11.3
-0.1914 10.0
-0.19116 8.5
-0.19091 6.9
-0.19067 5.1
-0.19042 3.3
-0.19018 1.4
-0.18994 -0.6
-0.18969 -2.5
-0.18945 -4.4
-0.1892 -6.2
-0.18896 -7.9
-0.18871 -9.4
-0.18847 -10.8
-0.18823 -12.0
-0.18798 -13.0
-0.18774 -13.7
-0.18749 -14.2
-0.18725 -14.5
-0.18701 -14.5
-0.18676 -14.2
-0.18652 -13.6
-0.18627 -12.9
-0.18603 -11.9
-0.18579 -10.6
-0.18554 -9.2
-0.1853 -7.6
-0.18505 -5.9
-0.18481 -4.0
-0.18456 -2.1
-0.18432 -0.2
-0.18408 1.8
-0.18383 3.7
-0.18359 5.6
-0.18334 7.4
-0.1831 9.0
-0.18286 10.5
-0.18261 11.7
-0.18237 12.8
-0.18212 13.6
-0.18188 14.2
-0.18163 14.5
-0.18139 14.6
-0.18115 14.4
-0.1809 13.9
-0.18066 13.1
-0.18041 12.2
-0.18017 10.9
-0.17993 9.5
-0.17968 7.9
-0.17944 6.2
-0.17919 4.3
-0.17895 2.4
-0.17871 0.4
-0.17846 -1.6
-0.17822 -3.6
-0.17797 -5.5
-0.17773 -7.3
-0.17748 -8.9
-0.17724 -10.5
-0.177 -11.8
-0.17675 -12.9
-0.17651 -13.7
-0.17626 -14.3
-0.17602 -14.6
-0.17578 -14.7
-0.17553 -14.5
-0.17529 -14.0
-0.17504 -13.2
-0.1748 -12.2
-0.17455 -10.9
-0.17431 -9.5
-0.17407 -7.9
-0.17382 -6.1
-0.17358 -4.2
-0.17333 -2.2
-0.17309 -0.2
-0.17285 1.9
-0.1726 3.9
-0.17236 5.8
-0.17211 7.6
-0.17187 9.3
-0.17163 10.8
-0.17138 12.1
-0.17114 13.2
-0.17089 14.0
-0.17065 14.5
-0.1704 14.8
-0.17016 14.8
-0.16992 14.5
-0.16967 13.9
-0.16943 13.0
-0.16918 11.9
-0.16894 10.6
-0.1687 9.0
-0.16845 7.3
-0.16821 5.5
-0.16796 3.5
-0.16772 1.4
-0.16747 -0.6
-0.16723 -2.7
-0.16699 -4.7
-0.16674 -6.6
-0.1665 -8.4
-0.16625 -10.1
-0.16601 -11.5
-0.16577 -12.7
-0.16552 -13.7
-0.16528 -14.4
-0.16503 -14.8
-0.16479 -14.9
-0.16455 -14.8
-0.1643 -14.3
-0.16406 -13.5
-0.16381 -12.5
-0.16357 -11.3
-0.16332 -9.8
-0.16308 -8.1
-0.16284 -6.3
-0.16259 -4.3
-0.16235 -2.2
-0.1621 -0.1
-0.16186 2.0
-0.16162 4.1
-0.16137 6.1
-0.16113 7.9
-0.16088 9.7
-0.16064 11.2
-0.16039 12.5
-0.16015 13.5
-0.15991 14.3
-0.15966 14.8
-0.15942 15.0
-0.15917 14.9
-0.15893 14.5
-0.15869 13.8
-0.15844 12.8
-0.1582 11.6
-0.15795 10.1
-0.15771 8.4
-0.15746 6.6
-0.15722 4.6
-0.15698 2.5
-0.15673 0.4
-0.15649 -1.8
-0.15624 -3.9
-0.156 -6.0
-0.15576 -7.9
-0.15551 -9.6
-0.15527 -11.2
-0.15502 -12.6
-0.15478 -13.6
-0.15454 -14.4
-0.15429 -14.9
-0.15405 -15.1
-0.1538 -15.0
-0.15356 -14.6
-0.15331 -13.9
-0.15307 -12.9
-0.15283 -11.6
-0.15258 -10.1
-0.15234 -8.3
-0.15209 -6.4
-0.15185 -4.4
-0.15161 -2.2
-0.15136 0.0
-0.15112 2.2
-0.15087 4.3
-0.15063 6.4
-0.15038 8.3
-0.15014 10.1
-0.1499 11.6
-0.14965 12.9
-0.14941 14.0
-0.14916 14.7
-0.14892 15.2
-0.14868 15.3
-0.14843 15.1
-0.14819 14.5
-0.14794 13.7
-0.1477 12.6
-0.14746 11.2
-0.14721 9.5
-0.14697 7.7
-0.14672 5.7
-0.14648 3.5
-0.14623 1.3
-0.14599 -0.9
-0.14575 -3.1
-0.1455 -5.3
-0.14526 -7.3
-0.14501 -9.2
-0.14477 -10.9
-0.14453 -12.4
-0.14428 -13.6
-0.14404 -14.5
-0.14379 -15.1
-0.14355 -15.4
-0.1433 -15.3
-0.14306 -14.9
-0.14282 -14.2
-0.14257 -13.2
-0.14233 -11.8
-0.14208 -10.3
-0.14184 -8.5
-0.1416 -6.5
-0.14135 -4.3
-0.14111 -2.1
-0.14086 0.2
-0.14062 2.5
-0.14038 4.7
-0.14013 6.8
-0.13989 8.8
-0.13964 10.6
-0.1394 12.2
-0.13915 13.5
-0.13891 14.5
-0.13867 15.1
-0.13842 15.5
-0.13818 15.5
-0.13793 15.1
-0.13769 14.4
-0.13745 13.4
-0.1372 12.1
-0.13696 10.5
-0.13671 8.7
-0.13647 6.7
-0.13622 4.5
-0.13598 2.3
-0.13574 0.0
-0.13549 -2.4
-0.13525 -4.7
-0.135 -6.9
-0.13476 -8.9
-0.13452 -10.7
-0.13427 -12.3
-0.13403 -13.6
-0.13378 -14.6
-0.13354 -15.3
-0.1333 -15.6
-0.13305 -15.6
-0.13281 -15.2
-0.13256 -14.5
-0.13232 -13.4
-0.13207 -12.0
-0.13183 -10.4
-0.13159 -8.5
-0.13134 -6.4
-0.1311 -4.1
-0.13085 -1.8
-0.13061 0.6
-0.13037 3.0
-0.13012 5.3
-0.12988 7.5
-0.12963 9.5
-0.12939 11.3
-0.12914 12.9
-0.1289 14.1
-0.12866 15.0
-0.12841 15.6
-0.12817 15.8
-0.12792 15.6
-0.12768 15.1
-0.12744 14.2
-0.12719 13.0
-0.12695 11.4
-0.1267 9.6
-0.12646 7.6
-0.12621 5.4
-0.12597 3.0
-0.12573 0.6
-0.12548 -1.8
-0.12524 -4.2
-0.12499 -6.5
-0.12475 -8.7
-0.12451 -10.6
-0.12426 -12.3
-0.12402 -13.7
-0.12377 -14.8
-0.12353 -15.5
-0.12329 -15.9
-0.12304 -15.9
-0.1228 -15.5
-0.12255 -14.7
-0.12231 -13.5
-0.12206 -12.1
-0.12182 -10.3
-0.12158 -8.3
-0.12133 -6.0
-0.12109 -3.7
-0.12084 -1.2
-0.1206 1.3
-0.12036 3.8
-0.12011 6.2
-0.11987 8.4
-0.11962 10.4
-0.11938 12.2
-0.11913 13.7
-0.11889 14.8
-0.11865 15.6
-0.1184 16.0
-0.11816 16.0
-0.11791 15.6
-0.11767 14.9
-0.11743 13.7
-0.11718 12.2
-0.11694 10.4
-0.11669 8.3
-0.11645 6.1
-0.11621 3.6
-0.11596 1.1
-0.11572 -1.5
-0.11547 -4.0
-0.11523 -6.4
-0.11498 -8.7
-0.11474 -10.7
-0.1145 -12.5
-0.11425 -14.0
-0.11401 -15.1
-0.11376 -15.9
-0.11352 -16.2
-0.11328 -16.1
-0.11303 -15.6
-0.11279 -14.8
-0.11254 -13.5
-0.1123 -11.9
-0.11205 -10.0
-0.11181 -7.8
-0.11157 -5.4
-0.11132 -2.9
-0.11108 -0.3
-0.11083 2.4
-0.11059 4.9
-0.11035 7.4
-0.1101 9.6
-0.10986 11.6
-0.10961 13.3
-0.10937 14.7
-0.10913 15.7
-0.10888 16.2
-0.10864 16.4
-0.10839 16.1
-0.10815 15.4
-0.1079 14.3
-0.10766 12.8
-0.10742 11.0
-0.10717 8.8
-0.10693 6.5
-0.10668 3.9
-0.10644 1.3
-0.1062 -1.4
-0.10595 -4.1
-0.10571 -6.6
-0.10546 -9.0
-0.10522 -11.1
-0.10497 -13.0
-0.10473 -14.5
-0.10449 -15.6
-0.10424 -16.3
-0.104 -16.5
-0.10375 -16.4
-0.10351 -15.7
-0.10327 -14.7
-0.10302 -13.2
-0.10278 -11.4
-0.10253 -9.2
-0.10229 -6.8
-0.10205 -4.3
-0.1018 -1.5
-0.10156 1.2
-0.10131 3.9
-0.10107 6.6
-0.10082 9.0
-0.10058 11.2
-0.10034 13.1
-0.10009 14.6
-0.09985 15.8
-0.0996 16.5
-0.09936 16.7
-0.09912 16.5
-0.09887 15.8
-0.09863 14.7
-0.09838 13.1
-0.09814 11.2
-0.09789 9.0
-0.09765 6.5
-0.09741 3.8
-0.09716 1.0
-0.09692 -1.8
-0.09667 -4.6
-0.09643 -7.3
-0.09619 -9.7
-0.09594 -11.9
-0.0957 -13.7
-0.09545 -15.2
-0.09521 -16.2
-0.09496 -16.8
-0.09472 -16.9
-0.09448 -16.5
-0.09423 -15.6
-0.09399 -14.2
-0.09374 -12.5
-0.0935 -10.4
-0.09326 -7.9
-0.09301 -5.3
-0.09277 -2.5
-0.09252 0.4
-0.09228 3.3
-0.09204 6.1
-0.09179 8.8
-0.09155 11.1
-0.0913 13.2
-0.09106 14.8
-0.09081 16.1
-0.09057 16.8
-0.09033 17.1
-0.09008 16.8
-0.08984 16.1
-0.08959 14.8
-0.08935 13.2
-0.08911 11.1
-0.08886 8.7
-0.08862 6.0
-0.08837 3.1
-0.08813 0.1
-0.08788 -2.9
-0.08764 -5.8
-0.0874 -8.5
-0.08715 -11.0
-0.08691 -13.1
-0.08666 -14.9
-0.08642 -16.2
-0.08618 -17.0
-0.08593 -17.3
-0.08569 -17.0
-0.08544 -16.3
-0.0852 -15.0
-0.08496 -13.2
-0.08471 -11.1
-0.08447 -8.6
-0.08422 -5.8
-0.08398 -2.8
-0.08373 0.2
-0.08349 3.3
-0.08325 6.3
-0.083 9.0
-0.08276 11.5
-0.08251 13.7
-0.08227 15.4
-0.08203 16.6
-0.08178 17.3
-0.08154 17.5
-0.08129 17.1
-0.08105 16.1
-0.0808 14.6
-0.08056 12.7
-0.08032 10.3
-0.08007 7.6
-0.07983 4.7
-0.07958 1.6
-0.07934 -1.6
-0.0791 -4.7
-0.07885 -7.7
-0.07861 -10.4
-0.07836 -12.8
-0.07812 -14.8
-0.07788 -16.3
-0.07763 -17.3
-0.07739 -17.7
-0.07714 -17.5
-0.0769 -16.7
-0.07665 -15.4
-0.07641 -13.6
-0.07617 -11.3
-0.07592 -8.6
-0.07568 -5.6
-0.07543 -2.5
-0.07519 0.8
-0.07495 4.0
-0.0747 7.2
-0.07446 10.0
-0.07421 12.6
-0.07397 14.7
-0.07372 16.3
-0.07348 17.4
-0.07324 17.9
-0.07299 17.7
-0.07275 17.0
-0.0725 15.7
-0.07226 13.8
-0.07202 11.4
-0.07177 8.7
-0.07153 5.6
-0.07128 2.3
-0.07104 -1.1
-0.0708 -4.4
-0.07055 -7.6
-0.07031 -10.5
-0.07006 -13.1
-0.06982 -15.2
-0.06957 -16.8
-0.06933 -17.8
-0.06909 -18.1
-0.06884 -17.8
-0.0686 -16.9
-0.06835 -15.4
-0.06811 -13.3
-0.06787 -10.7
-0.06762 -7.7
-0.06738 -4.5
-0.06713 -1.0
-0.06689 2.5
-0.06664 5.9
-0.0664 9.1
-0.06616 11.9
-0.06591 14.4
-0.06567 16.3
-0.06542 17.6
-0.06518 18.3
-0.06494 18.3
-0.06469 17.6
-0.06445 16.3
-0.0642 14.3
-0.06396 11.8
-0.06371 8.8
-0.06347 5.6
-0.06323 2.0
-0.06298 -1.6
-0.06274 -5.1
-0.06249 -8.5
-0.06225 -11.5
-0.06201 -14.2
-0.06176 -16.3
-0.06152 -17.7
-0.06127 -18.5
-0.06103 -18.6
-0.06079 -17.9
-0.06054 -16.6
-0.0603 -14.6
-0.06005 -12.0
-0.05981 -8.9
-0.05956 -5.5
-0.05932 -1.9
-0.05908 1.9
-0.05883 5.5
-0.05859 9.0
-0.05834 12.1
-0.0581 14.8
-0.05786 16.8
-0.05761 18.2
-0.05737 18.9
-0.05712 18.8
-0.05688 17.9
-0.05663 16.3
-0.05639 14.0
-0.05615 11.1
-0.0559 7.8
-0.05566 4.2
-0.05541 0.3
-0.05517 -3.5
-0.05493 -7.3
-0.05468 -10.7
-0.05444 -13.7
-0.05419 -16.2
-0.05395 -17.9
-0.05371 -19.0
-0.05346 -19.2
-0.05322 -18.6
-0.05297 -17.2
-0.05273 -15.1
-0.05248 -12.3
-0.05224 -9.0
-0.052 -5.2
-0.05175 -1.3
-0.05151 2.8
-0.05126 6.7
-0.05102 10.3
-0.05078 13.5
-0.05053 16.2
-0.05029 18.1
-0.05004 19.2
-0.0498 19.5
-0.04955 18.9
-0.04931 17.5
-0.04907 15.2
-0.04882 12.3
-0.04858 8.8
-0.04833 4.9
-0.04809 0.8
-0.04785 -3.4
-0.0476 -7.5
-0.04736 -11.2
-0.04711 -14.4
-0.04687 -17.0
-0.04663 -18.8
-0.04638 -19.7
-0.04614 -19.7
-0.04589 -18.8
-0.04565 -17.0
-0.0454 -14.4
-0.04516 -11.1
-0.04492 -7.2
-0.04467 -3.0
-0.04443 1.4
-0.04418 5.7
-0.04394 9.8
-0.0437 13.4
-0.04345 16.4
-0.04321 18.6
-0.04296 19.9
-0.04272 20.2
-0.04247 19.5
-0.04223 17.8
-0.04199 15.3
-0.04174 12.0
-0.0415 8.0
-0.04125 3.7
-0.04101 -0.9
-0.04077 -5.4
-0.04052 -9.7
-0.04028 -13.5
-0.04003 -16.7
-0.03979 -19.0
-0.03955 -20.3
-0.0393 -20.5
-0.03906 -19.7
-0.03881 -17.9
-0.03857 -15.1
-0.03832 -11.5
-0.03808 -7.2
-0.03784 -2.6
-0.03759 2.2
-0.03735 7.0
-0.0371 11.3
-0.03686 15.1
-0.03662 18.0
-0.03637 20.0
-0.03613 20.9
-0.03588 20.7
-0.03564 19.3
-0.03539 16.8
-0.03515 13.3
-0.03491 9.1
-0.03466 4.3
-0.03442 -0.7
-0.03417 -5.7
-0.03393 -10.4
-0.03369 -14.6
-0.03344 -17.9
-0.0332 -20.2
-0.03295 -21.3
-0.03271 -21.2
-0.03246 -19.8
-0.03222 -17.3
-0.03198 -13.6
-0.03173 -9.2
-0.03149 -4.2
-0.03124 1.2
-0.031 6.4
-0.03076 11.4
-0.03051 15.6
-0.03027 18.9
-0.03002 21.0
-0.02978 21.9
-0.02954 21.4
-0.02929 19.5
-0.02905 16.3
-0.0288 12.1
-0.02856 7.1
-0.02831 1.6
-0.02807 -4.1
-0.02783 -9.5
-0.02758 -14.3
-0.02734 -18.3
-0.02709 -21.0
-0.02685 -22.3
-0.02661 -22.1
-0.02636 -20.5
-0.02612 -17.4
-0.02587 -13.1
-0.02563 -7.8
-0.02538 -2.0
-0.02514 4.0
-0.0249 9.8
-0.02465 14.9
-0.02441 19.0
-0.02416 21.8
-0.02392 23.0
-0.02368 22.5
-0.02343 20.3
-0.02319 16.7
-0.02294 11.7
-0.0227 5.9
-0.02246 -0.5
-0.02221 -6.9
-0.02197 -12.8
-0.02172 -17.8
-0.02148 -21.4
-0.02123 -23.4
-0.02099 -23.5
-0.02075 -21.8
-0.0205 -18.2
-0.02026 -13.2
-0.02001 -7.1
-0.01977 -0.3
-0.01953 6.6
-0.01928 13.0
-0.01904 18.4
-0.01879 22.2
-0.01855 24.2
-0.0183 24.1
-0.01806 21.8
-0.01782 17.7
-0.01757 11.8
-0.01733 4.9
-0.01708 -2.6
-0.01684 -9.9
-0.0166 -16.4
-0.01635 -21.4
-0.01611 -24.5
-0.01586 -25.2
-0.01562 -23.5
-0.01538 -19.5
-0.01513 -13.5
-0.01489 -6.1
-0.01464 2.1
-0.0144 10.1
-0.01415 17.2
-0.01391 22.6
-0.01367 25.7
-0.01342 26.0
-0.01318 23.6
-0.01293 18.5
-0.01269 11.2
-0.01245 2.6
-0.0122 -6.4
-0.01196 -14.9
-0.01171 -21.7
-0.01147 -26.1
-0.01122 -27.3
-0.01098 -25.3
-0.01074 -20.0
-0.01049 -12.1
-0.01025 -2.4
-0.01 7.7
-0.00976 17.0
-0.00952 24.2
-0.00927 28.2
-0.00903 28.3
-0.00878 24.3
-0.00854 16.7
-0.0083 6.4
-0.00805 -5.1
-0.00781 -16.2
-0.00756 -24.9
-0.00732 -29.8
-0.00707 -29.8
-0.00683 -24.7
-0.00659 -15.2
-0.00634 -2.6
-0.0061 10.9
-0.00585 22.8
-0.00561 30.5
-0.00537 32.4
-0.00512 27.5
-0.00488 16.5
-0.00463 1.3
-0.00439 -14.9
-0.00414 -28.2
-0.0039 -35.0
-0.00366 -32.9
-0.00341 -21.4
-0.00317 -3.0
-0.00292 17.5
-0.00268 33.6
-0.00244 39.1
-0.00219 30.3
-0.00195 8.6
-0.0017 -19.0
-0.00146 -40.1
-0.00121 -42.2
-0.00097 -19.4
-0.00073 19.5
-0.00048 48.8
-0.00024 37.2
1e-05 -18.5
0.00025 -51.4
0.00049 0.7
0.00074 40.5
0.00098 -5.7
0.00123 -23.4
0.00147 10.7
0.00171 8.8
0.00196 -9.4
0.0022 -0.6
0.00245 5.4
0.00269 -2.2
0.00294 -1.9
0.00318 2.1
0.00342 0.0
0.00367 -1.2
0.00391 0.5
0.00416 0.4
0.0044 -0.5
0.00464 0.0
0.00489 0.3
0.00513 -0.1
0.00538 0.0
0.00562 0.1
0.00587 0.0
0.00611 0.0
0.00635 0.0
0.0066 0.0
0.00684 0.0
0.00709 0.0
0.00733 0.0
0.00757 0.0
0.00782 0.0
0.00806 0.0
0.00831 0.0
0.00855 0.0
0.00879 0.0
0.00904 0.0
0.00928 0.0
0.00953 0.0
0.00977 0.0
0.01002 0.0
0.01026 0.0
0.0105 0.0
0.01075 0.0
0.01099 0.0
0.01124 0.0
0.01148 0.0
0.01172 0.0
0.01197 0.0
0.01221 0.0
0.01246 0.0
0.0127 0.0
0.01295 0.0
0.01319 0.0
0.01343 0.0
0.01368 0.0
0.01392 0.0
0.01417 0.0
0.01441 0.0
0.01465 0.0
0.0149 0.0
0.01514 0.0
0.01539 0.0
0.01563 0.0
0.01587 0.0
0.01612 0.0
0.01636 0.0
0.01661 0.0
0.01685 0.0
0.0171 0.0
0.01734 0.0
0.01758 0.0
0.01783 0.0
0.01807 0.0
0.01832 0.0
0.01856 0.0
0.0188 0.0
0.01905 0.0
0.01929 0.0
0.01954 0.0
0.01978 0.0
0.02003 0.0
0.02027 0.0
0.02051 0.0
0.02076 0.0
0.021 0.0
0.02125 0.0
0.02149 0.0
0.02173 0.0
0.02198 0.0
0.02222 0.0
0.02247 0.0
0.02271 0.0
0.02295 0.0
0.0232 0.0
0.02344 0.0
0.02369 0.0
0.02393 0.0
0.02418 0.0
0.02442 0.0
0.02466 0.0
0.02491 0.0
0.02515 0.0
0.0254 0.0
0.02564 0.0
0.02588 0.0
0.02613 0.0
0.02637 0.0
0.02662 0.0
0.02686 0.0
0.02711 0.0
0.02735 0.0
0.02759 0.0
0.02784 0.0
0.02808 0.0
0.02833 0.0
0.02857 0.0
0.02881 0.0
0.02906 0.0
0.0293 0.0
0.02955 0.0
0.02979 0.0
0.03004 0.0
0.03028 0.0
0.03052 0.0
0.03077 0.0
0.03101 0.0
0.03126 0.0
0.0315 0.0
0.03174 0.0
0.03199 0.0
0.03223 0.0
0.03248 0.0
0.03272 0.0
