t strain*1e23
-1.88315 -3.1
-1.88291 -3.1
-1.88267 -3.1
-1.88242 -3.0
-1.88218 -3.0
-1.88193 -3.0
-1.88169 -2.9
-1.88144 -2.9
-1.8812 -2.8
-1.88096 -2.8
-1.88071 -2.7
-1.88047 -2.7
-1.88022 -2.6
-1.87998 -2.5
-1.87974 -2.4
-1.87949 -2.4
-1.87925 -2.3
-1.879 -2.2
-1.87876 -2.1
-1.87852 -2.0
-1.87827 -1.9
-1.87803 -1.8
-1.87778 -1.7
-1.87754 -1.6
-1.87729 -1.5
-1.87705 -1.4
-1.87681 -1.3
-1.87656 -1.2
-1.87632 -1.1
-1.87607 -1.0
-1.87583 -0.9
-1.87559 -0.7
-1.87534 -0.6
-1.8751 -0.5
-1.87485 -0.4
-1.87461 -0.3
-1.87436 -0.1
-1.87412 0.0
-1.87388 0.1
-1.87363 0.2
-1.87339 0.3
-1.87314 0.5
-1.8729 0.6
-1.87266 0.7
-1.87241 0.8
-1.87217 0.9
-1.87192 1.0
-1.87168 1.2
-1.87144 1.3
-1.87119 1.4
-1.87095 1.5
-1.8707 1.6
-1.87046 1.7
-1.87021 1.8
-1.86997 1.9
-1.86973 2.0
-1.86948 2.1
-1.86924 2.2
-1.86899 2.3
-1.86875 2.3
-1.86851 2.4
-1.86826 2.5
-1.86802 2.6
-1.86777 2.6
-1.86753 2.7
-1.86728 2.8
-1.86704 2.8
-1.8668 2.9
-1.86655 2.9
-1.86631 3.0
-1.86606 3.0
-1.86582 3.0
-1.86558 3.1
-1.86533 3.1
-1.86509 3.1
-1.86484 3.1
-1.8646 3.1
-1.86436 3.1
-1.86411 3.2
-1.86387 3.1
-1.86362 3.1
-1.86338 3.1
-1.86313 3.1
-1.86289 3.1
-1.86265 3.1
-1.8624 3.0
-1.86216 3.0
-1.86191 3.0
-1.86167 2.9
-1.86143 2.9
-1.86118 2.8
-1.86094 2.8
-1.86069 2.7
-1.86045 2.6
-1.8602 2.6
-1.85996 2.5
-1.85972 2.4
-1.85947 2.3
-1.85923 2.3
-1.85898 2.2
-1.85874 2.1
-1.8585 2.0
-1.85825 1.9
-1.85801 1.8
-1.85776 1.7
-1.85752 1.6
-1.85728 1.5
-1.85703 1.4
-1.85679 1.3
-1.85654 1.2
-1.8563 1.0
-1.85605 0.9
-1.85581 0.8
-1.85557 0.7
-1.85532 0.6
-1.85508 0.5
-1.85483 0.3
-1.85459 0.2
-1.85435 0.0
-1.8541 0.0
-1.85386 -0.1
-1.85361 -0.3
-1.85337 -0.4
-1.85312 -0.5
-1.85288 -0.6
-1.85264 -0.7
-1.85239 -0.9
-1.85215 -1.0
-1.8519 -1.1
-1.85166 -1.2
-1.85142 -1.3
-1.85117 -1.4
-1.85093 -1.5
-1.85068 -1.6
-1.85044 -1.7
-1.85019 -1.8
-1.84995 -1.9
-1.84971 -2.0
-1.84946 -2.1
-1.84922 -2.2
-1.84897 -2.3
-1.84873 -2.4
-1.84849 -2.5
-1.84824 -2.5
-1.848 -2.6
-1.84775 -2.7
-1.84751 -2.7
-1.84727 -2.8
-1.84702 -2.9
-1.84678 -2.9
-1.84653 -2.9
-1.84629 -3.0
-1.84604 -3.0
-1.8458 -3.1
-1.84556 -3.1
-1.84531 -3.1
-1.84507 -3.1
-1.84482 -3.1
-1.84458 -3.2
-1.84434 -3.2
-1.84409 -3.2
-1.84385 -3.2
-1.8436 -3.1
-1.84336 -3.1
-1.84311 -3.1
-1.84287 -3.1
-1.84263 -3.1
-1.84238 -3.0
-1.84214 -3.0
-1.84189 -2.9
-1.84165 -2.9
-1.84141 -2.9
-1.84116 -2.8
-1.84092 -2.7
-1.84067 -2.7
-1.84043 -2.6
-1.84019 -2.5
-1.83994 -2.5
-1.8397 -2.4
-1.83945 -2.3
-1.83921 -2.2
-1.83896 -2.1
-1.83872 -2.0
-1.83848 -1.9
-1.83823 -1.8
-1.83799 -1.7
-1.83774 -1.6
-1.8375 -1.5
-1.83726 -1.4
-1.83701 -1.3
-1.83677 -1.2
-1.83652 -1.1
-1.83628 -1.0
-1.83603 -0.9
-1.83579 -0.7
-1.83555 -0.6
-1.8353 -0.5
-1.83506 -0.4
-1.83481 -0.3
-1.83457 -0.1
-1.83433 0.0
-1.83408 0.1
-1.83384 0.2
-1.83359 0.4
-1.83335 0.5
-1.83311 0.6
-1.83286 0.7
-1.83262 0.8
-1.83237 1.0
-1.83213 1.1
-1.83188 1.2
-1.83164 1.3
-1.8314 1.4
-1.83115 1.5
-1.83091 1.6
-1.83066 1.7
-1.83042 1.8
-1.83018 1.9
-1.82993 2.0
-1.82969 2.1
-1.82944 2.2
-1.8292 2.3
-1.82895 2.4
-1.82871 2.5
-1.82847 2.5
-1.82822 2.6
-1.82798 2.7
-1.82773 2.7
-1.82749 2.8
-1.82725 2.8
-1.827 2.9
-1.82676 2.9
-1.82651 3.0
-1.82627 3.0
-1.82603 3.1
-1.82578 3.1
-1.82554 3.1
-1.82529 3.1
-1.82505 3.1
-1.8248 3.2
-1.82456 3.2
-1.82432 3.2
-1.82407 3.2
-1.82383 3.2
-1.82358 3.1
-1.82334 3.1
-1.8231 3.1
-1.82285 3.1
-1.82261 3.0
-1.82236 3.0
-1.82212 3.0
-1.82187 2.9
-1.82163 2.9
-1.82139 2.8
-1.82114 2.7
-1.8209 2.7
-1.82065 2.6
-1.82041 2.5
-1.82017 2.5
-1.81992 2.4
-1.81968 2.3
-1.81943 2.2
-1.81919 2.1
-1.81894 2.0
-1.8187 1.9
-1.81846 1.9
-1.81821 1.7
-1.81797 1.6
-1.81772 1.5
-1.81748 1.4
-1.81724 1.3
-1.81699 1.2
-1.81675 1.1
-1.8165 1.0
-1.81626 0.9
-1.81602 0.7
-1.81577 0.6
-1.81553 0.5
-1.81528 0.4
-1.81504 0.3
-1.81479 0.1
-1.81455 0.0
-1.81431 -0.1
-1.81406 -0.2
-1.81382 -0.4
-1.81357 -0.5
-1.81333 -0.6
-1.81309 -0.7
-1.81284 -0.8
-1.8126 -1.0
-1.81235 -1.1
-1.81211 -1.2
-1.81186 -1.3
-1.81162 -1.4
-1.81138 -1.5
-1.81113 -1.6
-1.81089 -1.7
-1.81064 -1.8
-1.8104 -1.9
-1.81016 -2.0
-1.80991 -2.1
-1.80967 -2.2
-1.80942 -2.3
-1.80918 -2.4
-1.80894 -2.5
-1.80869 -2.5
-1.80845 -2.6
-1.8082 -2.7
-1.80796 -2.7
-1.80771 -2.8
-1.80747 -2.9
-1.80723 -2.9
-1.80698 -3.0
-1.80674 -3.0
-1.80649 -3.0
-1.80625 -3.1
-1.80601 -3.1
-1.80576 -3.1
-1.80552 -3.1
-1.80527 -3.2
-1.80503 -3.2
-1.80478 -3.2
-1.80454 -3.2
-1.8043 -3.2
-1.80405 -3.2
-1.80381 -3.1
-1.80356 -3.1
-1.80332 -3.1
-1.80308 -3.1
-1.80283 -3.0
-1.80259 -3.0
-1.80234 -3.0
-1.8021 -2.9
-1.80186 -2.9
-1.80161 -2.8
-1.80137 -2.7
-1.80112 -2.7
-1.80088 -2.6
-1.80063 -2.5
-1.80039 -2.5
-1.80015 -2.4
-1.7999 -2.3
-1.79966 -2.2
-1.79941 -2.1
-1.79917 -2.0
-1.79893 -1.9
-1.79868 -1.8
-1.79844 -1.7
-1.79819 -1.6
-1.79795 -1.5
-1.7977 -1.4
-1.79746 -1.3
-1.79722 -1.2
-1.79697 -1.1
-1.79673 -0.9
-1.79648 -0.8
-1.79624 -0.7
-1.796 -0.6
-1.79575 -0.5
-1.79551 -0.3
-1.79526 -0.2
-1.79502 0.0
-1.79478 0.0
-1.79453 0.2
-1.79429 0.3
-1.79404 0.4
-1.7938 0.5
-1.79355 0.7
-1.79331 0.8
-1.79307 0.9
-1.79282 1.0
-1.79258 1.1
-1.79233 1.2
-1.79209 1.4
-1.79185 1.5
-1.7916 1.6
-1.79136 1.7
-1.79111 1.8
-1.79087 1.9
-1.79062 2.0
-1.79038 2.1
-1.79014 2.2
-1.78989 2.3
-1.78965 2.3
-1.7894 2.4
-1.78916 2.5
-1.78892 2.6
-1.78867 2.7
-1.78843 2.7
-1.78818 2.8
-1.78794 2.8
-1.78769 2.9
-1.78745 2.9
-1.78721 3.0
-1.78696 3.0
-1.78672 3.1
-1.78647 3.1
-1.78623 3.1
-1.78599 3.1
-1.78574 3.2
-1.7855 3.2
-1.78525 3.2
-1.78501 3.2
-1.78477 3.2
-1.78452 3.2
-1.78428 3.2
-1.78403 3.1
-1.78379 3.1
-1.78354 3.1
-1.7833 3.1
-1.78306 3.0
-1.78281 3.0
-1.78257 2.9
-1.78232 2.9
-1.78208 2.8
-1.78184 2.8
-1.78159 2.7
-1.78135 2.6
-1.7811 2.6
-1.78086 2.5
-1.78061 2.4
-1.78037 2.3
-1.78013 2.3
-1.77988 2.2
-1.77964 2.1
-1.77939 2.0
-1.77915 1.9
-1.77891 1.8
-1.77866 1.7
-1.77842 1.6
-1.77817 1.4
-1.77793 1.3
-1.77769 1.2
-1.77744 1.1
-1.7772 1.0
-1.77695 0.9
-1.77671 0.7
-1.77646 0.6
-1.77622 0.5
-1.77598 0.4
-1.77573 0.3
-1.77549 0.1
-1.77524 0.0
-1.775 -0.1
-1.77476 -0.2
-1.77451 -0.4
-1.77427 -0.5
-1.77402 -0.6
-1.77378 -0.7
-1.77353 -0.9
-1.77329 -1.0
-1.77305 -1.1
-1.7728 -1.2
-1.77256 -1.3
-1.77231 -1.4
-1.77207 -1.5
-1.77183 -1.7
-1.77158 -1.8
-1.77134 -1.9
-1.77109 -2.0
-1.77085 -2.1
-1.77061 -2.2
-1.77036 -2.2
-1.77012 -2.3
-1.76987 -2.4
-1.76963 -2.5
-1.76938 -2.6
-1.76914 -2.6
-1.7689 -2.7
-1.76865 -2.8
-1.76841 -2.8
-1.76816 -2.9
-1.76792 -2.9
-1.76768 -3.0
-1.76743 -3.0
-1.76719 -3.1
-1.76694 -3.1
-1.7667 -3.1
-1.76645 -3.1
-1.76621 -3.2
-1.76597 -3.2
-1.76572 -3.2
-1.76548 -3.2
-1.76523 -3.2
-1.76499 -3.2
-1.76475 -3.2
-1.7645 -3.2
-1.76426 -3.1
-1.76401 -3.1
-1.76377 -3.1
-1.76353 -3.0
-1.76328 -3.0
-1.76304 -3.0
-1.76279 -2.9
-1.76255 -2.9
-1.7623 -2.8
-1.76206 -2.7
-1.76182 -2.7
-1.76157 -2.6
-1.76133 -2.5
-1.76108 -2.4
-1.76084 -2.4
-1.7606 -2.3
-1.76035 -2.2
-1.76011 -2.1
-1.75986 -2.0
-1.75962 -1.9
-1.75937 -1.8
-1.75913 -1.7
-1.75889 -1.6
-1.75864 -1.5
-1.7584 -1.3
-1.75815 -1.2
-1.75791 -1.1
-1.75767 -1.0
-1.75742 -0.9
-1.75718 -0.8
-1.75693 -0.6
-1.75669 -0.5
-1.75644 -0.4
-1.7562 -0.3
-1.75596 -0.1
-1.75571 0.0
-1.75547 0.1
-1.75522 0.2
-1.75498 0.4
-1.75474 0.5
-1.75449 0.6
-1.75425 0.7
-1.754 0.9
-1.75376 1.0
-1.75352 1.1
-1.75327 1.2
-1.75303 1.3
-1.75278 1.4
-1.75254 1.6
-1.75229 1.7
-1.75205 1.8
-1.75181 1.9
-1.75156 2.0
-1.75132 2.1
-1.75107 2.2
-1.75083 2.3
-1.75059 2.3
-1.75034 2.4
-1.7501 2.5
-1.74985 2.6
-1.74961 2.7
-1.74936 2.7
-1.74912 2.8
-1.74888 2.8
-1.74863 2.9
-1.74839 3.0
-1.74814 3.0
-1.7479 3.0
-1.74766 3.1
-1.74741 3.1
-1.74717 3.1
-1.74692 3.2
-1.74668 3.2
-1.74644 3.2
-1.74619 3.2
-1.74595 3.2
-1.7457 3.2
-1.74546 3.2
-1.74521 3.2
-1.74497 3.2
-1.74473 3.1
-1.74448 3.1
-1.74424 3.1
-1.74399 3.0
-1.74375 3.0
-1.74351 3.0
-1.74326 2.9
-1.74302 2.8
-1.74277 2.8
-1.74253 2.7
-1.74228 2.7
-1.74204 2.6
-1.7418 2.5
-1.74155 2.4
-1.74131 2.3
-1.74106 2.3
-1.74082 2.2
-1.74058 2.1
-1.74033 2.0
-1.74009 1.9
-1.73984 1.8
-1.7396 1.7
-1.73936 1.6
-1.73911 1.4
-1.73887 1.3
-1.73862 1.2
-1.73838 1.1
-1.73813 1.0
-1.73789 0.8
-1.73765 0.7
-1.7374 0.6
-1.73716 0.5
-1.73691 0.4
-1.73667 0.2
-1.73643 0.1
-1.73618 0.0
-1.73594 -0.2
-1.73569 -0.3
-1.73545 -0.4
-1.7352 -0.5
-1.73496 -0.7
-1.73472 -0.8
-1.73447 -0.9
-1.73423 -1.0
-1.73398 -1.1
-1.73374 -1.3
-1.7335 -1.4
-1.73325 -1.5
-1.73301 -1.6
-1.73276 -1.7
-1.73252 -1.8
-1.73228 -1.9
-1.73203 -2.0
-1.73179 -2.1
-1.73154 -2.2
-1.7313 -2.3
-1.73105 -2.4
-1.73081 -2.5
-1.73057 -2.5
-1.73032 -2.6
-1.73008 -2.7
-1.72983 -2.8
-1.72959 -2.8
-1.72935 -2.9
-1.7291 -2.9
-1.72886 -3.0
-1.72861 -3.0
-1.72837 -3.1
-1.72812 -3.1
-1.72788 -3.1
-1.72764 -3.2
-1.72739 -3.2
-1.72715 -3.2
-1.7269 -3.2
-1.72666 -3.2
-1.72642 -3.2
-1.72617 -3.2
-1.72593 -3.2
-1.72568 -3.2
-1.72544 -3.2
-1.72519 -3.1
-1.72495 -3.1
-1.72471 -3.1
-1.72446 -3.0
-1.72422 -3.0
-1.72397 -2.9
-1.72373 -2.9
-1.72349 -2.8
-1.72324 -2.8
-1.723 -2.7
-1.72275 -2.6
-1.72251 -2.6
-1.72227 -2.5
-1.72202 -2.4
-1.72178 -2.3
-1.72153 -2.2
-1.72129 -2.1
-1.72104 -2.0
-1.7208 -1.9
-1.72056 -1.8
-1.72031 -1.7
-1.72007 -1.6
-1.71982 -1.5
-1.71958 -1.4
-1.71934 -1.3
-1.71909 -1.1
-1.71885 -1.0
-1.7186 -0.9
-1.71836 -0.8
-1.71811 -0.7
-1.71787 -0.5
-1.71763 -0.4
-1.71738 -0.3
-1.71714 -0.2
-1.71689 0.0
-1.71665 0.1
-1.71641 0.2
-1.71616 0.4
-1.71592 0.5
-1.71567 0.6
-1.71543 0.7
-1.71519 0.9
-1.71494 1.0
-1.7147 1.1
-1.71445 1.2
-1.71421 1.3
-1.71396 1.5
-1.71372 1.6
-1.71348 1.7
-1.71323 1.8
-1.71299 1.9
-1.71274 2.0
-1.7125 2.1
-1.71226 2.2
-1.71201 2.3
-1.71177 2.4
-1.71152 2.4
-1.71128 2.5
-1.71103 2.6
-1.71079 2.7
-1.71055 2.7
-1.7103 2.8
-1.71006 2.9
-1.70981 2.9
-1.70957 3.0
-1.70933 3.0
-1.70908 3.1
-1.70884 3.1
-1.70859 3.1
-1.70835 3.2
-1.70811 3.2
-1.70786 3.2
-1.70762 3.2
-1.70737 3.2
-1.70713 3.2
-1.70688 3.2
-1.70664 3.2
-1.7064 3.2
-1.70615 3.2
-1.70591 3.1
-1.70566 3.1
-1.70542 3.1
-1.70518 3.0
-1.70493 3.0
-1.70469 3.0
-1.70444 2.9
-1.7042 2.8
-1.70395 2.8
-1.70371 2.7
-1.70347 2.6
-1.70322 2.6
-1.70298 2.5
-1.70273 2.4
-1.70249 2.3
-1.70225 2.2
-1.702 2.1
-1.70176 2.0
-1.70151 1.9
-1.70127 1.8
-1.70103 1.7
-1.70078 1.6
-1.70054 1.5
-1.70029 1.4
-1.70005 1.3
-1.6998 1.2
-1.69956 1.0
-1.69932 0.9
-1.69907 0.8
-1.69883 0.7
-1.69858 0.5
-1.69834 0.4
-1.6981 0.3
-1.69785 0.2
-1.69761 0.0
-1.69736 0.0
-1.69712 -0.2
-1.69687 -0.4
-1.69663 -0.5
-1.69639 -0.6
-1.69614 -0.7
-1.6959 -0.9
-1.69565 -1.0
-1.69541 -1.1
-1.69517 -1.2
-1.69492 -1.3
-1.69468 -1.5
-1.69443 -1.6
-1.69419 -1.7
-1.69394 -1.8
-1.6937 -1.9
-1.69346 -2.0
-1.69321 -2.1
-1.69297 -2.2
-1.69272 -2.3
-1.69248 -2.4
-1.69224 -2.5
-1.69199 -2.5
-1.69175 -2.6
-1.6915 -2.7
-1.69126 -2.8
-1.69102 -2.8
-1.69077 -2.9
-1.69053 -2.9
-1.69028 -3.0
-1.69004 -3.0
-1.68979 -3.1
-1.68955 -3.1
-1.68931 -3.1
-1.68906 -3.2
-1.68882 -3.2
-1.68857 -3.2
-1.68833 -3.2
-1.68809 -3.2
-1.68784 -3.2
-1.6876 -3.2
-1.68735 -3.2
-1.68711 -3.2
-1.68686 -3.2
-1.68662 -3.2
-1.68638 -3.1
-1.68613 -3.1
-1.68589 -3.0
-1.68564 -3.0
-1.6854 -3.0
-1.68516 -2.9
-1.68491 -2.8
-1.68467 -2.8
-1.68442 -2.7
-1.68418 -2.6
-1.68394 -2.6
-1.68369 -2.5
-1.68345 -2.4
-1.6832 -2.3
-1.68296 -2.2
-1.68271 -2.1
-1.68247 -2.0
-1.68223 -1.9
-1.68198 -1.8
-1.68174 -1.7
-1.68149 -1.6
-1.68125 -1.5
-1.68101 -1.4
-1.68076 -1.3
-1.68052 -1.1
-1.68027 -1.0
-1.68003 -0.9
-1.67978 -0.8
-1.67954 -0.6
-1.6793 -0.5
-1.67905 -0.4
-1.67881 -0.3
-1.67856 -0.1
-1.67832 0.0
-1.67808 0.1
-1.67783 0.3
-1.67759 0.4
-1.67734 0.5
-1.6771 0.6
-1.67686 0.8
-1.67661 0.9
-1.67637 1.0
-1.67612 1.1
-1.67588 1.3
-1.67563 1.4
-1.67539 1.5
-1.67515 1.6
-1.6749 1.7
-1.67466 1.8
-1.67441 1.9
-1.67417 2.0
-1.67393 2.1
-1.67368 2.2
-1.67344 2.3
-1.67319 2.4
-1.67295 2.5
-1.6727 2.6
-1.67246 2.6
-1.67222 2.7
-1.67197 2.8
-1.67173 2.9
-1.67148 2.9
-1.67124 3.0
-1.671 3.0
-1.67075 3.1
-1.67051 3.1
-1.67026 3.1
-1.67002 3.2
-1.66978 3.2
-1.66953 3.2
-1.66929 3.2
-1.66904 3.2
-1.6688 3.2
-1.66855 3.2
-1.66831 3.2
-1.66807 3.2
-1.66782 3.2
-1.66758 3.2
-1.66733 3.1
-1.66709 3.1
-1.66685 3.1
-1.6666 3.0
-1.66636 3.0
-1.66611 2.9
-1.66587 2.9
-1.66562 2.8
-1.66538 2.8
-1.66514 2.7
-1.66489 2.6
-1.66465 2.5
-1.6644 2.4
-1.66416 2.4
-1.66392 2.3
-1.66367 2.2
-1.66343 2.1
-1.66318 2.0
-1.66294 1.9
-1.66269 1.8
-1.66245 1.7
-1.66221 1.5
-1.66196 1.4
-1.66172 1.3
-1.66147 1.2
-1.66123 1.1
-1.66099 0.9
-1.66074 0.8
-1.6605 0.7
-1.66025 0.6
-1.66001 0.4
-1.65977 0.3
-1.65952 0.2
-1.65928 0.0
-1.65903 0.0
-1.65879 -0.2
-1.65854 -0.3
-1.6583 -0.5
-1.65806 -0.6
-1.65781 -0.7
-1.65757 -0.8
-1.65732 -1.0
-1.65708 -1.1
-1.65684 -1.2
-1.65659 -1.3
-1.65635 -1.5
-1.6561 -1.6
-1.65586 -1.7
-1.65561 -1.8
-1.65537 -1.9
-1.65513 -2.0
-1.65488 -2.1
-1.65464 -2.2
-1.65439 -2.3
-1.65415 -2.4
-1.65391 -2.5
-1.65366 -2.6
-1.65342 -2.6
-1.65317 -2.7
-1.65293 -2.8
-1.65269 -2.8
-1.65244 -2.9
-1.6522 -3.0
-1.65195 -3.0
-1.65171 -3.1
-1.65146 -3.1
-1.65122 -3.1
-1.65098 -3.2
-1.65073 -3.2
-1.65049 -3.2
-1.65024 -3.2
-1.65 -3.2
-1.64976 -3.2
-1.64951 -3.2
-1.64927 -3.2
-1.64902 -3.2
-1.64878 -3.2
-1.64853 -3.2
-1.64829 -3.2
-1.64805 -3.1
-1.6478 -3.1
-1.64756 -3.1
-1.64731 -3.0
-1.64707 -3.0
-1.64683 -2.9
-1.64658 -2.8
-1.64634 -2.8
-1.64609 -2.7
-1.64585 -2.6
-1.64561 -2.6
-1.64536 -2.5
-1.64512 -2.4
-1.64487 -2.3
-1.64463 -2.2
-1.64438 -2.1
-1.64414 -2.0
-1.6439 -1.9
-1.64365 -1.8
-1.64341 -1.7
-1.64316 -1.6
-1.64292 -1.5
-1.64268 -1.3
-1.64243 -1.2
-1.64219 -1.1
-1.64194 -1.0
-1.6417 -0.8
-1.64145 -0.7
-1.64121 -0.6
-1.64097 -0.5
-1.64072 -0.3
-1.64048 -0.2
-1.64023 0.0
-1.63999 0.0
-1.63975 0.2
-1.6395 0.3
-1.63926 0.5
-1.63901 0.6
-1.63877 0.7
-1.63853 0.8
-1.63828 1.0
-1.63804 1.1
-1.63779 1.2
-1.63755 1.3
-1.6373 1.5
-1.63706 1.6
-1.63682 1.7
-1.63657 1.8
-1.63633 1.9
-1.63608 2.0
-1.63584 2.1
-1.6356 2.2
-1.63535 2.3
-1.63511 2.4
-1.63486 2.5
-1.63462 2.6
-1.63437 2.6
-1.63413 2.7
-1.63389 2.8
-1.63364 2.8
-1.6334 2.9
-1.63315 3.0
-1.63291 3.0
-1.63267 3.1
-1.63242 3.1
-1.63218 3.1
-1.63193 3.2
-1.63169 3.2
-1.63144 3.2
-1.6312 3.2
-1.63096 3.2
-1.63071 3.2
-1.63047 3.2
-1.63022 3.2
-1.62998 3.2
-1.62974 3.2
-1.62949 3.2
-1.62925 3.2
-1.629 3.1
-1.62876 3.1
-1.62852 3.1
-1.62827 3.0
-1.62803 3.0
-1.62778 2.9
-1.62754 2.8
-1.62729 2.8
-1.62705 2.7
-1.62681 2.6
-1.62656 2.6
-1.62632 2.5
-1.62607 2.4
-1.62583 2.3
-1.62559 2.2
-1.62534 2.1
-1.6251 2.0
-1.62485 1.9
-1.62461 1.8
-1.62436 1.7
-1.62412 1.6
-1.62388 1.4
-1.62363 1.3
-1.62339 1.2
-1.62314 1.1
-1.6229 0.9
-1.62266 0.8
-1.62241 0.7
-1.62217 0.6
-1.62192 0.4
-1.62168 0.3
-1.62144 0.2
-1.62119 0.0
-1.62095 0.0
-1.6207 -0.2
-1.62046 -0.4
-1.62021 -0.5
-1.61997 -0.6
-1.61973 -0.7
-1.61948 -0.9
-1.61924 -1.0
-1.61899 -1.1
-1.61875 -1.2
-1.61851 -1.4
-1.61826 -1.5
-1.61802 -1.6
-1.61777 -1.7
-1.61753 -1.8
-1.61728 -1.9
-1.61704 -2.0
-1.6168 -2.1
-1.61655 -2.2
-1.61631 -2.3
-1.61606 -2.4
-1.61582 -2.5
-1.61558 -2.6
-1.61533 -2.7
-1.61509 -2.7
-1.61484 -2.8
-1.6146 -2.9
-1.61436 -2.9
-1.61411 -3.0
-1.61387 -3.0
-1.61362 -3.1
-1.61338 -3.1
-1.61313 -3.2
-1.61289 -3.2
-1.61265 -3.2
-1.6124 -3.2
-1.61216 -3.2
-1.61191 -3.3
-1.61167 -3.3
-1.61143 -3.3
-1.61118 -3.2
-1.61094 -3.2
-1.61069 -3.2
-1.61045 -3.2
-1.6102 -3.2
-1.60996 -3.1
-1.60972 -3.1
-1.60947 -3.0
-1.60923 -3.0
-1.60898 -2.9
-1.60874 -2.9
-1.6085 -2.8
-1.60825 -2.8
-1.60801 -2.7
-1.60776 -2.6
-1.60752 -2.5
-1.60728 -2.4
-1.60703 -2.3
-1.60679 -2.2
-1.60654 -2.2
-1.6063 -2.0
-1.60605 -1.9
-1.60581 -1.8
-1.60557 -1.7
-1.60532 -1.6
-1.60508 -1.5
-1.60483 -1.4
-1.60459 -1.3
-1.60435 -1.1
-1.6041 -1.0
-1.60386 -0.9
-1.60361 -0.8
-1.60337 -0.6
-1.60312 -0.5
-1.60288 -0.4
-1.60264 -0.2
-1.60239 0.0
-1.60215 0.0
-1.6019 0.2
-1.60166 0.3
-1.60142 0.4
-1.60117 0.6
-1.60093 0.7
-1.60068 0.8
-1.60044 1.0
-1.60019 1.1
-1.59995 1.2
-1.59971 1.3
-1.59946 1.4
-1.59922 1.6
-1.59897 1.7
-1.59873 1.8
-1.59849 1.9
-1.59824 2.0
-1.598 2.1
-1.59775 2.2
-1.59751 2.3
-1.59727 2.4
-1.59702 2.5
-1.59678 2.6
-1.59653 2.7
-1.59629 2.7
-1.59604 2.8
-1.5958 2.9
-1.59556 2.9
-1.59531 3.0
-1.59507 3.0
-1.59482 3.1
-1.59458 3.1
-1.59434 3.2
-1.59409 3.2
-1.59385 3.2
-1.5936 3.2
-1.59336 3.3
-1.59311 3.3
-1.59287 3.3
-1.59263 3.3
-1.59238 3.3
-1.59214 3.2
-1.59189 3.2
-1.59165 3.2
-1.59141 3.2
-1.59116 3.1
-1.59092 3.1
-1.59067 3.1
-1.59043 3.0
-1.59019 3.0
-1.58994 2.9
-1.5897 2.8
-1.58945 2.8
-1.58921 2.7
-1.58896 2.6
-1.58872 2.5
-1.58848 2.5
-1.58823 2.4
-1.58799 2.3
-1.58774 2.2
-1.5875 2.1
-1.58726 2.0
-1.58701 1.9
-1.58677 1.8
-1.58652 1.6
-1.58628 1.5
-1.58603 1.4
-1.58579 1.3
-1.58555 1.2
-1.5853 1.0
-1.58506 0.9
-1.58481 0.8
-1.58457 0.6
-1.58433 0.5
-1.58408 0.4
-1.58384 0.2
-1.58359 0.1
-1.58335 0.0
-1.58311 -0.2
-1.58286 -0.3
-1.58262 -0.4
-1.58237 -0.6
-1.58213 -0.7
-1.58188 -0.8
-1.58164 -0.9
-1.5814 -1.1
-1.58115 -1.2
-1.58091 -1.3
-1.58066 -1.4
-1.58042 -1.6
-1.58018 -1.7
-1.57993 -1.8
-1.57969 -1.9
-1.57944 -2.0
-1.5792 -2.1
-1.57895 -2.2
-1.57871 -2.3
-1.57847 -2.4
-1.57822 -2.5
-1.57798 -2.6
-1.57773 -2.7
-1.57749 -2.7
-1.57725 -2.8
-1.577 -2.9
-1.57676 -2.9
-1.57651 -3.0
-1.57627 -3.0
-1.57603 -3.1
-1.57578 -3.1
-1.57554 -3.2
-1.57529 -3.2
-1.57505 -3.2
-1.5748 -3.2
-1.57456 -3.3
-1.57432 -3.3
-1.57407 -3.3
-1.57383 -3.3
-1.57358 -3.3
-1.57334 -3.3
-1.5731 -3.2
-1.57285 -3.2
-1.57261 -3.2
-1.57236 -3.2
-1.57212 -3.1
-1.57187 -3.1
-1.57163 -3.0
-1.57139 -3.0
-1.57114 -2.9
-1.5709 -2.8
-1.57065 -2.8
-1.57041 -2.7
-1.57017 -2.6
-1.56992 -2.5
-1.56968 -2.5
-1.56943 -2.4
-1.56919 -2.3
-1.56894 -2.2
-1.5687 -2.1
-1.56846 -2.0
-1.56821 -1.9
-1.56797 -1.7
-1.56772 -1.6
-1.56748 -1.5
-1.56724 -1.4
-1.56699 -1.3
-1.56675 -1.1
-1.5665 -1.0
-1.56626 -0.9
-1.56602 -0.8
-1.56577 -0.6
-1.56553 -0.5
-1.56528 -0.4
-1.56504 -0.2
-1.56479 0.0
-1.56455 0.0
-1.56431 0.2
-1.56406 0.3
-1.56382 0.5
-1.56357 0.6
-1.56333 0.7
-1.56309 0.8
-1.56284 1.0
-1.5626 1.1
-1.56235 1.2
-1.56211 1.4
-1.56186 1.5
-1.56162 1.6
-1.56138 1.7
-1.56113 1.8
-1.56089 1.9
-1.56064 2.0
-1.5604 2.1
-1.56016 2.2
-1.55991 2.3
-1.55967 2.4
-1.55942 2.5
-1.55918 2.6
-1.55894 2.7
-1.55869 2.8
-1.55845 2.8
-1.5582 2.9
-1.55796 3.0
-1.55771 3.0
-1.55747 3.1
-1.55723 3.1
-1.55698 3.2
-1.55674 3.2
-1.55649 3.2
-1.55625 3.2
-1.55601 3.3
-1.55576 3.3
-1.55552 3.3
-1.55527 3.3
-1.55503 3.3
-1.55478 3.3
-1.55454 3.3
-1.5543 3.2
-1.55405 3.2
-1.55381 3.2
-1.55356 3.1
-1.55332 3.1
-1.55308 3.1
-1.55283 3.0
-1.55259 3.0
-1.55234 2.9
-1.5521 2.8
-1.55186 2.8
-1.55161 2.7
-1.55137 2.6
-1.55112 2.5
-1.55088 2.4
-1.55063 2.3
-1.55039 2.2
-1.55015 2.1
-1.5499 2.0
-1.54966 1.9
-1.54941 1.8
-1.54917 1.7
-1.54893 1.6
-1.54868 1.4
-1.54844 1.3
-1.54819 1.2
-1.54795 1.1
-1.5477 0.9
-1.54746 0.8
-1.54722 0.7
-1.54697 0.6
-1.54673 0.4
-1.54648 0.3
-1.54624 0.1
-1.546 0.0
-1.54575 -0.1
-1.54551 -0.3
-1.54526 -0.4
-1.54502 -0.5
-1.54478 -0.7
-1.54453 -0.8
-1.54429 -0.9
-1.54404 -1.1
-1.5438 -1.2
-1.54355 -1.3
-1.54331 -1.4
-1.54307 -1.6
-1.54282 -1.7
-1.54258 -1.8
-1.54233 -1.9
-1.54209 -2.0
-1.54185 -2.1
-1.5416 -2.2
-1.54136 -2.3
-1.54111 -2.4
-1.54087 -2.5
-1.54062 -2.6
-1.54038 -2.7
-1.54014 -2.7
-1.53989 -2.8
-1.53965 -2.9
-1.5394 -2.9
-1.53916 -3.0
-1.53892 -3.1
-1.53867 -3.1
-1.53843 -3.2
-1.53818 -3.2
-1.53794 -3.2
-1.53769 -3.2
-1.53745 -3.3
-1.53721 -3.3
-1.53696 -3.3
-1.53672 -3.3
-1.53647 -3.3
-1.53623 -3.3
-1.53599 -3.3
-1.53574 -3.3
-1.5355 -3.2
-1.53525 -3.2
-1.53501 -3.2
-1.53477 -3.1
-1.53452 -3.1
-1.53428 -3.0
-1.53403 -3.0
-1.53379 -2.9
-1.53354 -2.8
-1.5333 -2.8
-1.53306 -2.7
-1.53281 -2.6
-1.53257 -2.5
-1.53232 -2.4
-1.53208 -2.4
-1.53184 -2.3
-1.53159 -2.2
-1.53135 -2.0
-1.5311 -1.9
-1.53086 -1.8
-1.53061 -1.7
-1.53037 -1.6
-1.53013 -1.5
-1.52988 -1.4
-1.52964 -1.2
-1.52939 -1.1
-1.52915 -1.0
-1.52891 -0.8
-1.52866 -0.7
-1.52842 -0.6
-1.52817 -0.4
-1.52793 -0.3
-1.52769 -0.2
-1.52744 0.0
-1.5272 0.1
-1.52695 0.2
-1.52671 0.4
-1.52646 0.5
-1.52622 0.6
-1.52598 0.8
-1.52573 0.9
-1.52549 1.0
-1.52524 1.2
-1.525 1.3
-1.52476 1.4
-1.52451 1.5
-1.52427 1.7
-1.52402 1.8
-1.52378 1.9
-1.52353 2.0
-1.52329 2.1
-1.52305 2.2
-1.5228 2.3
-1.52256 2.4
-1.52231 2.5
-1.52207 2.6
-1.52183 2.7
-1.52158 2.8
-1.52134 2.8
-1.52109 2.9
-1.52085 3.0
-1.52061 3.0
-1.52036 3.1
-1.52012 3.1
-1.51987 3.2
-1.51963 3.2
-1.51938 3.2
-1.51914 3.3
-1.5189 3.3
-1.51865 3.3
-1.51841 3.3
-1.51816 3.3
-1.51792 3.3
-1.51768 3.3
-1.51743 3.3
-1.51719 3.3
-1.51694 3.2
-1.5167 3.2
-1.51645 3.2
-1.51621 3.1
-1.51597 3.1
-1.51572 3.0
-1.51548 3.0
-1.51523 2.9
-1.51499 2.8
-1.51475 2.8
-1.5145 2.7
-1.51426 2.6
-1.51401 2.5
-1.51377 2.4
-1.51353 2.3
-1.51328 2.2
-1.51304 2.1
-1.51279 2.0
-1.51255 1.9
-1.5123 1.8
-1.51206 1.7
-1.51182 1.6
-1.51157 1.5
-1.51133 1.3
-1.51108 1.2
-1.51084 1.1
-1.5106 0.9
-1.51035 0.8
-1.51011 0.7
-1.50986 0.5
-1.50962 0.4
-1.50937 0.3
-1.50913 0.1
-1.50889 0.0
-1.50864 -0.1
-1.5084 -0.3
-1.50815 -0.4
-1.50791 -0.5
-1.50767 -0.7
-1.50742 -0.8
-1.50718 -0.9
-1.50693 -1.1
-1.50669 -1.2
-1.50644 -1.3
-1.5062 -1.5
-1.50596 -1.6
-1.50571 -1.7
-1.50547 -1.8
-1.50522 -1.9
-1.50498 -2.0
-1.50474 -2.1
-1.50449 -2.3
-1.50425 -2.4
-1.504 -2.4
-1.50376 -2.5
-1.50352 -2.6
-1.50327 -2.7
-1.50303 -2.8
-1.50278 -2.9
-1.50254 -2.9
-1.50229 -3.0
-1.50205 -3.0
-1.50181 -3.1
-1.50156 -3.1
-1.50132 -3.2
-1.50107 -3.2
-1.50083 -3.2
-1.50059 -3.3
-1.50034 -3.3
-1.5001 -3.3
-1.49985 -3.3
-1.49961 -3.3
-1.49936 -3.3
-1.49912 -3.3
-1.49888 -3.3
-1.49863 -3.3
-1.49839 -3.2
-1.49814 -3.2
-1.4979 -3.2
-1.49766 -3.1
-1.49741 -3.1
-1.49717 -3.0
-1.49692 -3.0
-1.49668 -2.9
-1.49644 -2.8
-1.49619 -2.8
-1.49595 -2.7
-1.4957 -2.6
-1.49546 -2.5
-1.49521 -2.4
-1.49497 -2.3
-1.49473 -2.2
-1.49448 -2.1
-1.49424 -2.0
-1.49399 -1.9
-1.49375 -1.8
-1.49351 -1.6
-1.49326 -1.5
-1.49302 -1.4
-1.49277 -1.3
-1.49253 -1.1
-1.49228 -1.0
-1.49204 -0.9
-1.4918 -0.8
-1.49155 -0.6
-1.49131 -0.5
-1.49106 -0.3
-1.49082 -0.2
-1.49058 0.0
-1.49033 0.0
-1.49009 0.2
-1.48984 0.3
-1.4896 0.5
-1.48936 0.6
-1.48911 0.8
-1.48887 0.9
-1.48862 1.0
-1.48838 1.2
-1.48813 1.3
-1.48789 1.4
-1.48765 1.5
-1.4874 1.7
-1.48716 1.8
-1.48691 1.9
-1.48667 2.0
-1.48643 2.1
-1.48618 2.2
-1.48594 2.3
-1.48569 2.4
-1.48545 2.5
-1.4852 2.6
-1.48496 2.7
-1.48472 2.8
-1.48447 2.8
-1.48423 2.9
-1.48398 3.0
-1.48374 3.0
-1.4835 3.1
-1.48325 3.1
-1.48301 3.2
-1.48276 3.2
-1.48252 3.2
-1.48228 3.3
-1.48203 3.3
-1.48179 3.3
-1.48154 3.3
-1.4813 3.3
-1.48105 3.3
-1.48081 3.3
-1.48057 3.3
-1.48032 3.3
-1.48008 3.3
-1.47983 3.2
-1.47959 3.2
-1.47935 3.1
-1.4791 3.1
-1.47886 3.0
-1.47861 3.0
-1.47837 2.9
-1.47812 2.9
-1.47788 2.8
-1.47764 2.7
-1.47739 2.6
-1.47715 2.5
-1.4769 2.4
-1.47666 2.3
-1.47642 2.2
-1.47617 2.1
-1.47593 2.0
-1.47568 1.9
-1.47544 1.8
-1.47519 1.7
-1.47495 1.6
-1.47471 1.4
-1.47446 1.3
-1.47422 1.2
-1.47397 1.0
-1.47373 0.9
-1.47349 0.8
-1.47324 0.6
-1.473 0.5
-1.47275 0.4
-1.47251 0.2
-1.47227 0.0
-1.47202 0.0
-1.47178 -0.2
-1.47153 -0.3
-1.47129 -0.5
-1.47104 -0.6
-1.4708 -0.7
-1.47056 -0.9
-1.47031 -1.0
-1.47007 -1.1
-1.46982 -1.3
-1.46958 -1.4
-1.46934 -1.5
-1.46909 -1.7
-1.46885 -1.8
-1.4686 -1.9
-1.46836 -2.0
-1.46811 -2.1
-1.46787 -2.2
-1.46763 -2.3
-1.46738 -2.4
-1.46714 -2.5
-1.46689 -2.6
-1.46665 -2.7
-1.46641 -2.8
-1.46616 -2.8
-1.46592 -2.9
-1.46567 -3.0
-1.46543 -3.0
-1.46519 -3.1
-1.46494 -3.1
-1.4647 -3.2
-1.46445 -3.2
-1.46421 -3.3
-1.46396 -3.3
-1.46372 -3.3
-1.46348 -3.3
-1.46323 -3.3
-1.46299 -3.3
-1.46274 -3.3
-1.4625 -3.3
-1.46226 -3.3
-1.46201 -3.3
-1.46177 -3.3
-1.46152 -3.2
-1.46128 -3.2
-1.46103 -3.1
-1.46079 -3.1
-1.46055 -3.0
-1.4603 -3.0
-1.46006 -2.9
-1.45981 -2.9
-1.45957 -2.8
-1.45933 -2.7
-1.45908 -2.6
-1.45884 -2.5
-1.45859 -2.4
-1.45835 -2.3
-1.45811 -2.2
-1.45786 -2.1
-1.45762 -2.0
-1.45737 -1.9
-1.45713 -1.8
-1.45688 -1.7
-1.45664 -1.5
-1.4564 -1.4
-1.45615 -1.3
-1.45591 -1.2
-1.45566 -1.0
-1.45542 -0.9
-1.45518 -0.8
-1.45493 -0.6
-1.45469 -0.5
-1.45444 -0.3
-1.4542 -0.2
-1.45395 0.0
-1.45371 0.0
-1.45347 0.2
-1.45322 0.4
-1.45298 0.5
-1.45273 0.6
-1.45249 0.8
-1.45225 0.9
-1.452 1.1
-1.45176 1.2
-1.45151 1.3
-1.45127 1.4
-1.45103 1.6
-1.45078 1.7
-1.45054 1.8
-1.45029 1.9
-1.45005 2.0
-1.4498 2.1
-1.44956 2.3
-1.44932 2.4
-1.44907 2.5
-1.44883 2.5
-1.44858 2.6
-1.44834 2.7
-1.4481 2.8
-1.44785 2.9
-1.44761 2.9
-1.44736 3.0
-1.44712 3.1
-1.44687 3.1
-1.44663 3.2
-1.44639 3.2
-1.44614 3.2
-1.4459 3.3
-1.44565 3.3
-1.44541 3.3
-1.44517 3.3
-1.44492 3.3
-1.44468 3.3
-1.44443 3.3
-1.44419 3.3
-1.44394 3.3
-1.4437 3.3
-1.44346 3.3
-1.44321 3.2
-1.44297 3.2
-1.44272 3.1
-1.44248 3.1
-1.44224 3.0
-1.44199 3.0
-1.44175 2.9
-1.4415 2.8
-1.44126 2.8
-1.44102 2.7
-1.44077 2.6
-1.44053 2.5
-1.44028 2.4
-1.44004 2.3
-1.43979 2.2
-1.43955 2.1
-1.43931 2.0
-1.43906 1.9
-1.43882 1.7
-1.43857 1.6
-1.43833 1.5
-1.43809 1.4
-1.43784 1.2
-1.4376 1.1
-1.43735 1.0
-1.43711 0.8
-1.43686 0.7
-1.43662 0.5
-1.43638 0.4
-1.43613 0.3
-1.43589 0.1
-1.43564 0.0
-1.4354 -0.2
-1.43516 -0.3
-1.43491 -0.4
-1.43467 -0.6
-1.43442 -0.7
-1.43418 -0.9
-1.43394 -1.0
-1.43369 -1.1
-1.43345 -1.3
-1.4332 -1.4
-1.43296 -1.5
-1.43271 -1.6
-1.43247 -1.8
-1.43223 -1.9
-1.43198 -2.0
-1.43174 -2.1
-1.43149 -2.2
-1.43125 -2.3
-1.43101 -2.4
-1.43076 -2.5
-1.43052 -2.6
-1.43027 -2.7
-1.43003 -2.8
-1.42978 -2.9
-1.42954 -2.9
-1.4293 -3.0
-1.42905 -3.1
-1.42881 -3.1
-1.42856 -3.2
-1.42832 -3.2
-1.42808 -3.2
-1.42783 -3.3
-1.42759 -3.3
-1.42734 -3.3
-1.4271 -3.3
-1.42686 -3.4
-1.42661 -3.4
-1.42637 -3.3
-1.42612 -3.3
-1.42588 -3.3
-1.42563 -3.3
-1.42539 -3.3
-1.42515 -3.2
-1.4249 -3.2
-1.42466 -3.2
-1.42441 -3.1
-1.42417 -3.1
-1.42393 -3.0
-1.42368 -2.9
-1.42344 -2.9
-1.42319 -2.8
-1.42295 -2.7
-1.4227 -2.6
-1.42246 -2.5
-1.42222 -2.4
-1.42197 -2.3
-1.42173 -2.2
-1.42148 -2.1
-1.42124 -2.0
-1.421 -1.9
-1.42075 -1.8
-1.42051 -1.6
-1.42026 -1.5
-1.42002 -1.4
-1.41978 -1.2
-1.41953 -1.1
-1.41929 -1.0
-1.41904 -0.8
-1.4188 -0.7
-1.41855 -0.6
-1.41831 -0.4
-1.41807 -0.3
-1.41782 -0.1
-1.41758 0.0
-1.41733 0.1
-1.41709 0.3
-1.41685 0.4
-1.4166 0.6
-1.41636 0.7
-1.41611 0.8
-1.41587 1.0
-1.41562 1.1
-1.41538 1.3
-1.41514 1.4
-1.41489 1.5
-1.41465 1.6
-1.4144 1.8
-1.41416 1.9
-1.41392 2.0
-1.41367 2.1
-1.41343 2.2
-1.41318 2.3
-1.41294 2.4
-1.41269 2.5
-1.41245 2.6
-1.41221 2.7
-1.41196 2.8
-1.41172 2.9
-1.41147 2.9
-1.41123 3.0
-1.41099 3.1
-1.41074 3.1
-1.4105 3.2
-1.41025 3.2
-1.41001 3.3
-1.40977 3.3
-1.40952 3.3
-1.40928 3.3
-1.40903 3.4
-1.40879 3.4
-1.40854 3.4
-1.4083 3.4
-1.40806 3.3
-1.40781 3.3
-1.40757 3.3
-1.40732 3.3
-1.40708 3.3
-1.40684 3.2
-1.40659 3.2
-1.40635 3.1
-1.4061 3.1
-1.40586 3.0
-1.40561 2.9
-1.40537 2.9
-1.40513 2.8
-1.40488 2.7
-1.40464 2.6
-1.40439 2.5
-1.40415 2.4
-1.40391 2.3
-1.40366 2.2
-1.40342 2.1
-1.40317 2.0
-1.40293 1.9
-1.40269 1.7
-1.40244 1.6
-1.4022 1.5
-1.40195 1.4
-1.40171 1.2
-1.40146 1.1
-1.40122 1.0
-1.40098 0.8
-1.40073 0.7
-1.40049 0.5
-1.40024 0.4
-1.4 0.3
-1.39976 0.1
-1.39951 0.0
-1.39927 -0.2
-1.39902 -0.3
-1.39878 -0.5
-1.39853 -0.6
-1.39829 -0.7
-1.39805 -0.9
-1.3978 -1.0
-1.39756 -1.2
-1.39731 -1.3
-1.39707 -1.4
-1.39683 -1.6
-1.39658 -1.7
-1.39634 -1.8
-1.39609 -1.9
-1.39585 -2.0
-1.39561 -2.2
-1.39536 -2.3
-1.39512 -2.4
-1.39487 -2.5
-1.39463 -2.6
-1.39438 -2.7
-1.39414 -2.7
-1.3939 -2.8
-1.39365 -2.9
-1.39341 -3.0
-1.39316 -3.0
-1.39292 -3.1
-1.39268 -3.1
-1.39243 -3.2
-1.39219 -3.2
-1.39194 -3.3
-1.3917 -3.3
-1.39145 -3.3
-1.39121 -3.4
-1.39097 -3.4
-1.39072 -3.4
-1.39048 -3.4
-1.39023 -3.4
-1.38999 -3.4
-1.38975 -3.3
-1.3895 -3.3
-1.38926 -3.3
-1.38901 -3.2
-1.38877 -3.2
-1.38853 -3.2
-1.38828 -3.1
-1.38804 -3.0
-1.38779 -3.0
-1.38755 -2.9
-1.3873 -2.8
-1.38706 -2.7
-1.38682 -2.7
-1.38657 -2.6
-1.38633 -2.5
-1.38608 -2.4
-1.38584 -2.3
-1.3856 -2.2
-1.38535 -2.0
-1.38511 -1.9
-1.38486 -1.8
-1.38462 -1.7
-1.38437 -1.6
-1.38413 -1.4
-1.38389 -1.3
-1.38364 -1.2
-1.3834 -1.0
-1.38315 -0.9
-1.38291 -0.7
-1.38267 -0.6
-1.38242 -0.5
-1.38218 -0.3
-1.38193 -0.2
-1.38169 0.0
-1.38144 0.1
-1.3812 0.3
-1.38096 0.4
-1.38071 0.5
-1.38047 0.7
-1.38022 0.8
-1.37998 1.0
-1.37974 1.1
-1.37949 1.2
-1.37925 1.4
-1.379 1.5
-1.37876 1.6
-1.37852 1.8
-1.37827 1.9
-1.37803 2.0
-1.37778 2.1
-1.37754 2.2
-1.37729 2.3
-1.37705 2.4
-1.37681 2.5
-1.37656 2.6
-1.37632 2.7
-1.37607 2.8
-1.37583 2.9
-1.37559 3.0
-1.37534 3.0
-1.3751 3.1
-1.37485 3.1
-1.37461 3.2
-1.37436 3.2
-1.37412 3.3
-1.37388 3.3
-1.37363 3.3
-1.37339 3.4
-1.37314 3.4
-1.3729 3.4
-1.37266 3.4
-1.37241 3.4
-1.37217 3.4
-1.37192 3.4
-1.37168 3.3
-1.37144 3.3
-1.37119 3.3
-1.37095 3.2
-1.3707 3.2
-1.37046 3.1
-1.37021 3.1
-1.36997 3.0
-1.36973 2.9
-1.36948 2.9
-1.36924 2.8
-1.36899 2.7
-1.36875 2.6
-1.36851 2.5
-1.36826 2.4
-1.36802 2.3
-1.36777 2.2
-1.36753 2.1
-1.36728 2.0
-1.36704 1.8
-1.3668 1.7
-1.36655 1.6
-1.36631 1.5
-1.36606 1.3
-1.36582 1.2
-1.36558 1.1
-1.36533 0.9
-1.36509 0.8
-1.36484 0.6
-1.3646 0.5
-1.36436 0.3
-1.36411 0.2
-1.36387 0.0
-1.36362 0.0
-1.36338 -0.2
-1.36313 -0.4
-1.36289 -0.5
-1.36265 -0.7
-1.3624 -0.8
-1.36216 -1.0
-1.36191 -1.1
-1.36167 -1.2
-1.36143 -1.4
-1.36118 -1.5
-1.36094 -1.6
-1.36069 -1.8
-1.36045 -1.9
-1.3602 -2.0
-1.35996 -2.1
-1.35972 -2.2
-1.35947 -2.3
-1.35923 -2.4
-1.35898 -2.5
-1.35874 -2.6
-1.3585 -2.7
-1.35825 -2.8
-1.35801 -2.9
-1.35776 -3.0
-1.35752 -3.0
-1.35728 -3.1
-1.35703 -3.2
-1.35679 -3.2
-1.35654 -3.2
-1.3563 -3.3
-1.35605 -3.3
-1.35581 -3.3
-1.35557 -3.4
-1.35532 -3.4
-1.35508 -3.4
-1.35483 -3.4
-1.35459 -3.4
-1.35435 -3.4
-1.3541 -3.4
-1.35386 -3.3
-1.35361 -3.3
-1.35337 -3.3
-1.35312 -3.2
-1.35288 -3.2
-1.35264 -3.1
-1.35239 -3.1
-1.35215 -3.0
-1.3519 -2.9
-1.35166 -2.9
-1.35142 -2.8
-1.35117 -2.7
-1.35093 -2.6
-1.35068 -2.5
-1.35044 -2.4
-1.35019 -2.3
-1.34995 -2.2
-1.34971 -2.1
-1.34946 -1.9
-1.34922 -1.8
-1.34897 -1.7
-1.34873 -1.6
-1.34849 -1.4
-1.34824 -1.3
-1.348 -1.2
-1.34775 -1.0
-1.34751 -0.9
-1.34727 -0.7
-1.34702 -0.6
-1.34678 -0.5
-1.34653 -0.3
-1.34629 -0.2
-1.34604 0.0
-1.3458 0.1
-1.34556 0.3
-1.34531 0.4
-1.34507 0.6
-1.34482 0.7
-1.34458 0.9
-1.34434 1.0
-1.34409 1.1
-1.34385 1.3
-1.3436 1.4
-1.34336 1.5
-1.34311 1.7
-1.34287 1.8
-1.34263 1.9
-1.34238 2.0
-1.34214 2.2
-1.34189 2.3
-1.34165 2.4
-1.34141 2.5
-1.34116 2.6
-1.34092 2.7
-1.34067 2.8
-1.34043 2.8
-1.34019 2.9
-1.33994 3.0
-1.3397 3.1
-1.33945 3.1
-1.33921 3.2
-1.33896 3.2
-1.33872 3.3
-1.33848 3.3
-1.33823 3.3
-1.33799 3.4
-1.33774 3.4
-1.3375 3.4
-1.33726 3.4
-1.33701 3.4
-1.33677 3.4
-1.33652 3.4
-1.33628 3.4
-1.33603 3.3
-1.33579 3.3
-1.33555 3.3
-1.3353 3.2
-1.33506 3.2
-1.33481 3.1
-1.33457 3.0
-1.33433 3.0
-1.33408 2.9
-1.33384 2.8
-1.33359 2.7
-1.33335 2.6
-1.33311 2.6
-1.33286 2.5
-1.33262 2.3
-1.33237 2.2
-1.33213 2.1
-1.33188 2.0
-1.33164 1.9
-1.3314 1.8
-1.33115 1.6
-1.33091 1.5
-1.33066 1.4
-1.33042 1.2
-1.33018 1.1
-1.32993 1.0
-1.32969 0.8
-1.32944 0.7
-1.3292 0.5
-1.32895 0.4
-1.32871 0.2
-1.32847 0.0
-1.32822 0.0
-1.32798 -0.2
-1.32773 -0.4
-1.32749 -0.5
-1.32725 -0.7
-1.327 -0.8
-1.32676 -1.0
-1.32651 -1.1
-1.32627 -1.2
-1.32603 -1.4
-1.32578 -1.5
-1.32554 -1.6
-1.32529 -1.8
-1.32505 -1.9
-1.3248 -2.0
-1.32456 -2.1
-1.32432 -2.2
-1.32407 -2.4
-1.32383 -2.5
-1.32358 -2.6
-1.32334 -2.7
-1.3231 -2.7
-1.32285 -2.8
-1.32261 -2.9
-1.32236 -3.0
-1.32212 -3.1
-1.32187 -3.1
-1.32163 -3.2
-1.32139 -3.2
-1.32114 -3.3
-1.3209 -3.3
-1.32065 -3.3
-1.32041 -3.4
-1.32017 -3.4
-1.31992 -3.4
-1.31968 -3.4
-1.31943 -3.4
-1.31919 -3.4
-1.31894 -3.4
-1.3187 -3.4
-1.31846 -3.4
-1.31821 -3.3
-1.31797 -3.3
-1.31772 -3.2
-1.31748 -3.2
-1.31724 -3.1
-1.31699 -3.1
-1.31675 -3.0
-1.3165 -2.9
-1.31626 -2.8
-1.31602 -2.8
-1.31577 -2.7
-1.31553 -2.6
-1.31528 -2.5
-1.31504 -2.4
-1.31479 -2.3
-1.31455 -2.2
-1.31431 -2.0
-1.31406 -1.9
-1.31382 -1.8
-1.31357 -1.7
-1.31333 -1.5
-1.31309 -1.4
-1.31284 -1.3
-1.3126 -1.1
-1.31235 -1.0
-1.31211 -0.8
-1.31186 -0.7
-1.31162 -0.5
-1.31138 -0.4
-1.31113 -0.2
-1.31089 0.0
-1.31064 0.0
-1.3104 0.2
-1.31016 0.4
-1.30991 0.5
-1.30967 0.7
-1.30942 0.8
-1.30918 0.9
-1.30894 1.1
-1.30869 1.2
-1.30845 1.4
-1.3082 1.5
-1.30796 1.6
-1.30771 1.8
-1.30747 1.9
-1.30723 2.0
-1.30698 2.1
-1.30674 2.3
-1.30649 2.4
-1.30625 2.5
-1.30601 2.6
-1.30576 2.7
-1.30552 2.8
-1.30527 2.8
-1.30503 2.9
-1.30478 3.0
-1.30454 3.1
-1.3043 3.1
-1.30405 3.2
-1.30381 3.2
-1.30356 3.3
-1.30332 3.3
-1.30308 3.4
-1.30283 3.4
-1.30259 3.4
-1.30234 3.4
-1.3021 3.4
-1.30186 3.4
-1.30161 3.4
-1.30137 3.4
-1.30112 3.4
-1.30088 3.4
-1.30063 3.3
-1.30039 3.3
-1.30015 3.2
-1.2999 3.2
-1.29966 3.1
-1.29941 3.1
-1.29917 3.0
-1.29893 2.9
-1.29868 2.8
-1.29844 2.8
-1.29819 2.7
-1.29795 2.6
-1.2977 2.5
-1.29746 2.4
-1.29722 2.2
-1.29697 2.1
-1.29673 2.0
-1.29648 1.9
-1.29624 1.8
-1.296 1.6
-1.29575 1.5
-1.29551 1.4
-1.29526 1.2
-1.29502 1.1
-1.29478 0.9
-1.29453 0.8
-1.29429 0.6
-1.29404 0.5
-1.2938 0.3
-1.29355 0.2
-1.29331 0.0
-1.29307 -0.1
-1.29282 -0.3
-1.29258 -0.4
-1.29233 -0.6
-1.29209 -0.7
-1.29185 -0.8
-1.2916 -1.0
-1.29136 -1.1
-1.29111 -1.3
-1.29087 -1.4
-1.29062 -1.6
-1.29038 -1.7
-1.29014 -1.8
-1.28989 -1.9
-1.28965 -2.1
-1.2894 -2.2
-1.28916 -2.3
-1.28892 -2.4
-1.28867 -2.5
-1.28843 -2.6
-1.28818 -2.7
-1.28794 -2.8
-1.28769 -2.9
-1.28745 -3.0
-1.28721 -3.0
-1.28696 -3.1
-1.28672 -3.2
-1.28647 -3.2
-1.28623 -3.3
-1.28599 -3.3
-1.28574 -3.4
-1.2855 -3.4
-1.28525 -3.4
-1.28501 -3.4
-1.28477 -3.4
-1.28452 -3.4
-1.28428 -3.4
-1.28403 -3.4
-1.28379 -3.4
-1.28354 -3.4
-1.2833 -3.4
-1.28306 -3.3
-1.28281 -3.3
-1.28257 -3.2
-1.28232 -3.2
-1.28208 -3.1
-1.28184 -3.0
-1.28159 -3.0
-1.28135 -2.9
-1.2811 -2.8
-1.28086 -2.7
-1.28061 -2.6
-1.28037 -2.5
-1.28013 -2.4
-1.27988 -2.3
-1.27964 -2.2
-1.27939 -2.1
-1.27915 -2.0
-1.27891 -1.8
-1.27866 -1.7
-1.27842 -1.6
-1.27817 -1.4
-1.27793 -1.3
-1.27769 -1.1
-1.27744 -1.0
-1.2772 -0.9
-1.27695 -0.7
-1.27671 -0.6
-1.27646 -0.4
-1.27622 -0.3
-1.27598 -0.1
-1.27573 0.0
-1.27549 0.2
-1.27524 0.3
-1.275 0.5
-1.27476 0.6
-1.27451 0.8
-1.27427 0.9
-1.27402 1.1
-1.27378 1.2
-1.27353 1.4
-1.27329 1.5
-1.27305 1.6
-1.2728 1.8
-1.27256 1.9
-1.27231 2.0
-1.27207 2.2
-1.27183 2.3
-1.27158 2.4
-1.27134 2.5
-1.27109 2.6
-1.27085 2.7
-1.27061 2.8
-1.27036 2.9
-1.27012 3.0
-1.26987 3.0
-1.26963 3.1
-1.26938 3.2
-1.26914 3.2
-1.2689 3.3
-1.26865 3.3
-1.26841 3.4
-1.26816 3.4
-1.26792 3.4
-1.26768 3.4
-1.26743 3.4
-1.26719 3.4
-1.26694 3.4
-1.2667 3.4
-1.26645 3.4
-1.26621 3.4
-1.26597 3.4
-1.26572 3.3
-1.26548 3.3
-1.26523 3.2
-1.26499 3.2
-1.26475 3.1
-1.2645 3.1
-1.26426 3.0
-1.26401 2.9
-1.26377 2.8
-1.26353 2.7
-1.26328 2.6
-1.26304 2.5
-1.26279 2.4
-1.26255 2.3
-1.2623 2.2
-1.26206 2.1
-1.26182 2.0
-1.26157 1.8
-1.26133 1.7
-1.26108 1.6
-1.26084 1.4
-1.2606 1.3
-1.26035 1.2
-1.26011 1.0
-1.25986 0.9
-1.25962 0.7
-1.25937 0.6
-1.25913 0.4
-1.25889 0.3
-1.25864 0.1
-1.2584 0.0
-1.25815 -0.2
-1.25791 -0.3
-1.25767 -0.5
-1.25742 -0.6
-1.25718 -0.8
-1.25693 -0.9
-1.25669 -1.1
-1.25644 -1.2
-1.2562 -1.4
-1.25596 -1.5
-1.25571 -1.7
-1.25547 -1.8
-1.25522 -1.9
-1.25498 -2.0
-1.25474 -2.2
-1.25449 -2.3
-1.25425 -2.4
-1.254 -2.5
-1.25376 -2.6
-1.25352 -2.7
-1.25327 -2.8
-1.25303 -2.9
-1.25278 -3.0
-1.25254 -3.0
-1.25229 -3.1
-1.25205 -3.2
-1.25181 -3.2
-1.25156 -3.3
-1.25132 -3.3
-1.25107 -3.4
-1.25083 -3.4
-1.25059 -3.4
-1.25034 -3.4
-1.2501 -3.5
-1.24985 -3.5
-1.24961 -3.5
-1.24936 -3.4
-1.24912 -3.4
-1.24888 -3.4
-1.24863 -3.4
-1.24839 -3.3
-1.24814 -3.3
-1.2479 -3.2
-1.24766 -3.2
-1.24741 -3.1
-1.24717 -3.1
-1.24692 -3.0
-1.24668 -2.9
-1.24644 -2.8
-1.24619 -2.7
-1.24595 -2.6
-1.2457 -2.5
-1.24546 -2.4
-1.24521 -2.3
-1.24497 -2.2
-1.24473 -2.1
-1.24448 -1.9
-1.24424 -1.8
-1.24399 -1.7
-1.24375 -1.6
-1.24351 -1.4
-1.24326 -1.3
-1.24302 -1.1
-1.24277 -1.0
-1.24253 -0.8
-1.24228 -0.7
-1.24204 -0.5
-1.2418 -0.4
-1.24155 -0.2
-1.24131 0.0
-1.24106 0.0
-1.24082 0.2
-1.24058 0.4
-1.24033 0.5
-1.24009 0.7
-1.23984 0.9
-1.2396 1.0
-1.23936 1.1
-1.23911 1.3
-1.23887 1.4
-1.23862 1.6
-1.23838 1.7
-1.23813 1.8
-1.23789 2.0
-1.23765 2.1
-1.2374 2.2
-1.23716 2.3
-1.23691 2.4
-1.23667 2.6
-1.23643 2.7
-1.23618 2.8
-1.23594 2.8
-1.23569 2.9
-1.23545 3.0
-1.2352 3.1
-1.23496 3.2
-1.23472 3.2
-1.23447 3.3
-1.23423 3.3
-1.23398 3.4
-1.23374 3.4
-1.2335 3.4
-1.23325 3.4
-1.23301 3.5
-1.23276 3.5
-1.23252 3.5
-1.23228 3.5
-1.23203 3.4
-1.23179 3.4
-1.23154 3.4
-1.2313 3.4
-1.23105 3.3
-1.23081 3.3
-1.23057 3.2
-1.23032 3.2
-1.23008 3.1
-1.22983 3.0
-1.22959 3.0
-1.22935 2.9
-1.2291 2.8
-1.22886 2.7
-1.22861 2.6
-1.22837 2.5
-1.22812 2.4
-1.22788 2.3
-1.22764 2.1
-1.22739 2.0
-1.22715 1.9
-1.2269 1.7
-1.22666 1.6
-1.22642 1.5
-1.22617 1.3
-1.22593 1.2
-1.22568 1.0
-1.22544 0.9
-1.22519 0.7
-1.22495 0.6
-1.22471 0.4
-1.22446 0.3
-1.22422 0.1
-1.22397 0.0
-1.22373 -0.2
-1.22349 -0.3
-1.22324 -0.5
-1.223 -0.7
-1.22275 -0.8
-1.22251 -1.0
-1.22227 -1.1
-1.22202 -1.3
-1.22178 -1.4
-1.22153 -1.5
-1.22129 -1.7
-1.22104 -1.8
-1.2208 -1.9
-1.22056 -2.1
-1.22031 -2.2
-1.22007 -2.3
-1.21982 -2.4
-1.21958 -2.5
-1.21934 -2.6
-1.21909 -2.7
-1.21885 -2.8
-1.2186 -2.9
-1.21836 -3.0
-1.21811 -3.1
-1.21787 -3.1
-1.21763 -3.2
-1.21738 -3.3
-1.21714 -3.3
-1.21689 -3.4
-1.21665 -3.4
-1.21641 -3.4
-1.21616 -3.5
-1.21592 -3.5
-1.21567 -3.5
-1.21543 -3.5
-1.21519 -3.5
-1.21494 -3.5
-1.2147 -3.4
-1.21445 -3.4
-1.21421 -3.4
-1.21396 -3.3
-1.21372 -3.3
-1.21348 -3.2
-1.21323 -3.2
-1.21299 -3.1
-1.21274 -3.1
-1.2125 -3.0
-1.21226 -2.9
-1.21201 -2.8
-1.21177 -2.7
-1.21152 -2.6
-1.21128 -2.5
-1.21103 -2.4
-1.21079 -2.3
-1.21055 -2.1
-1.2103 -2.0
-1.21006 -1.9
-1.20981 -1.8
-1.20957 -1.6
-1.20933 -1.5
-1.20908 -1.3
-1.20884 -1.2
-1.20859 -1.0
-1.20835 -0.9
-1.20811 -0.7
-1.20786 -0.6
-1.20762 -0.4
-1.20737 -0.3
-1.20713 -0.1
-1.20688 0.0
-1.20664 0.2
-1.2064 0.4
-1.20615 0.5
-1.20591 0.7
-1.20566 0.8
-1.20542 1.0
-1.20518 1.1
-1.20493 1.3
-1.20469 1.4
-1.20444 1.6
-1.2042 1.7
-1.20395 1.8
-1.20371 2.0
-1.20347 2.1
-1.20322 2.2
-1.20298 2.3
-1.20273 2.4
-1.20249 2.6
-1.20225 2.7
-1.202 2.8
-1.20176 2.9
-1.20151 2.9
-1.20127 3.0
-1.20103 3.1
-1.20078 3.2
-1.20054 3.2
-1.20029 3.3
-1.20005 3.3
-1.1998 3.4
-1.19956 3.4
-1.19932 3.4
-1.19907 3.5
-1.19883 3.5
-1.19858 3.5
-1.19834 3.5
-1.1981 3.5
-1.19785 3.5
-1.19761 3.5
-1.19736 3.4
-1.19712 3.4
-1.19687 3.3
-1.19663 3.3
-1.19639 3.2
-1.19614 3.2
-1.1959 3.1
-1.19565 3.0
-1.19541 3.0
-1.19517 2.9
-1.19492 2.8
-1.19468 2.7
-1.19443 2.6
-1.19419 2.5
-1.19394 2.4
-1.1937 2.2
-1.19346 2.1
-1.19321 2.0
-1.19297 1.9
-1.19272 1.7
-1.19248 1.6
-1.19224 1.4
-1.19199 1.3
-1.19175 1.1
-1.1915 1.0
-1.19126 0.8
-1.19102 0.7
-1.19077 0.5
-1.19053 0.4
-1.19028 0.2
-1.19004 0.0
-1.18979 0.0
-1.18955 -0.3
-1.18931 -0.4
-1.18906 -0.6
-1.18882 -0.7
-1.18857 -0.9
-1.18833 -1.0
-1.18809 -1.2
-1.18784 -1.3
-1.1876 -1.5
-1.18735 -1.6
-1.18711 -1.8
-1.18686 -1.9
-1.18662 -2.0
-1.18638 -2.1
-1.18613 -2.3
-1.18589 -2.4
-1.18564 -2.5
-1.1854 -2.6
-1.18516 -2.7
-1.18491 -2.8
-1.18467 -2.9
-1.18442 -3.0
-1.18418 -3.1
-1.18394 -3.1
-1.18369 -3.2
-1.18345 -3.3
-1.1832 -3.3
-1.18296 -3.4
-1.18271 -3.4
-1.18247 -3.4
-1.18223 -3.5
-1.18198 -3.5
-1.18174 -3.5
-1.18149 -3.5
-1.18125 -3.5
-1.18101 -3.5
-1.18076 -3.5
-1.18052 -3.4
-1.18027 -3.4
-1.18003 -3.4
-1.17978 -3.3
-1.17954 -3.3
-1.1793 -3.2
-1.17905 -3.2
-1.17881 -3.1
-1.17856 -3.0
-1.17832 -2.9
-1.17808 -2.8
-1.17783 -2.7
-1.17759 -2.6
-1.17734 -2.5
-1.1771 -2.4
-1.17686 -2.3
-1.17661 -2.2
-1.17637 -2.0
-1.17612 -1.9
-1.17588 -1.8
-1.17563 -1.6
-1.17539 -1.5
-1.17515 -1.3
-1.1749 -1.2
-1.17466 -1.0
-1.17441 -0.9
-1.17417 -0.7
-1.17393 -0.6
-1.17368 -0.4
-1.17344 -0.3
-1.17319 -0.1
-1.17295 0.0
-1.1727 0.2
-1.17246 0.4
-1.17222 0.5
-1.17197 0.7
-1.17173 0.8
-1.17148 1.0
-1.17124 1.1
-1.171 1.3
-1.17075 1.4
-1.17051 1.6
-1.17026 1.7
-1.17002 1.9
-1.16978 2.0
-1.16953 2.1
-1.16929 2.3
-1.16904 2.4
-1.1688 2.5
-1.16855 2.6
-1.16831 2.7
-1.16807 2.8
-1.16782 2.9
-1.16758 3.0
-1.16733 3.1
-1.16709 3.1
-1.16685 3.2
-1.1666 3.3
-1.16636 3.3
-1.16611 3.4
-1.16587 3.4
-1.16562 3.5
-1.16538 3.5
-1.16514 3.5
-1.16489 3.5
-1.16465 3.5
-1.1644 3.5
-1.16416 3.5
-1.16392 3.5
-1.16367 3.5
-1.16343 3.4
-1.16318 3.4
-1.16294 3.3
-1.16269 3.3
-1.16245 3.2
-1.16221 3.2
-1.16196 3.1
-1.16172 3.0
-1.16147 2.9
-1.16123 2.8
-1.16099 2.7
-1.16074 2.6
-1.1605 2.5
-1.16025 2.4
-1.16001 2.3
-1.15977 2.2
-1.15952 2.0
-1.15928 1.9
-1.15903 1.8
-1.15879 1.6
-1.15854 1.5
-1.1583 1.3
-1.15806 1.2
-1.15781 1.0
-1.15757 0.9
-1.15732 0.7
-1.15708 0.6
-1.15684 0.4
-1.15659 0.3
-1.15635 0.0
-1.1561 0.0
-1.15586 -0.2
-1.15561 -0.4
-1.15537 -0.5
-1.15513 -0.7
-1.15488 -0.9
-1.15464 -1.0
-1.15439 -1.2
-1.15415 -1.3
-1.15391 -1.5
-1.15366 -1.6
-1.15342 -1.8
-1.15317 -1.9
-1.15293 -2.0
-1.15269 -2.2
-1.15244 -2.3
-1.1522 -2.4
-1.15195 -2.5
-1.15171 -2.6
-1.15146 -2.7
-1.15122 -2.8
-1.15098 -2.9
-1.15073 -3.0
-1.15049 -3.1
-1.15024 -3.2
-1.15 -3.2
-1.14976 -3.3
-1.14951 -3.3
-1.14927 -3.4
-1.14902 -3.4
-1.14878 -3.5
-1.14853 -3.5
-1.14829 -3.5
-1.14805 -3.5
-1.1478 -3.5
-1.14756 -3.5
-1.14731 -3.5
-1.14707 -3.5
-1.14683 -3.5
-1.14658 -3.4
-1.14634 -3.4
-1.14609 -3.3
-1.14585 -3.3
-1.14561 -3.2
-1.14536 -3.2
-1.14512 -3.1
-1.14487 -3.0
-1.14463 -2.9
-1.14438 -2.8
-1.14414 -2.7
-1.1439 -2.6
-1.14365 -2.5
-1.14341 -2.4
-1.14316 -2.3
-1.14292 -2.1
-1.14268 -2.0
-1.14243 -1.9
-1.14219 -1.7
-1.14194 -1.6
-1.1417 -1.4
-1.14145 -1.3
-1.14121 -1.1
-1.14097 -1.0
-1.14072 -0.8
-1.14048 -0.7
-1.14023 -0.5
-1.13999 -0.4
-1.13975 -0.2
-1.1395 0.0
-1.13926 0.1
-1.13901 0.3
-1.13877 0.5
-1.13853 0.6
-1.13828 0.8
-1.13804 0.9
-1.13779 1.1
-1.13755 1.2
-1.1373 1.4
-1.13706 1.5
-1.13682 1.7
-1.13657 1.8
-1.13633 2.0
-1.13608 2.1
-1.13584 2.2
-1.1356 2.3
-1.13535 2.5
-1.13511 2.6
-1.13486 2.7
-1.13462 2.8
-1.13437 2.9
-1.13413 3.0
-1.13389 3.1
-1.13364 3.1
-1.1334 3.2
-1.13315 3.3
-1.13291 3.3
-1.13267 3.4
-1.13242 3.4
-1.13218 3.5
-1.13193 3.5
-1.13169 3.5
-1.13144 3.5
-1.1312 3.5
-1.13096 3.5
-1.13071 3.5
-1.13047 3.5
-1.13022 3.5
-1.12998 3.5
-1.12974 3.4
-1.12949 3.4
-1.12925 3.3
-1.129 3.3
-1.12876 3.2
-1.12852 3.1
-1.12827 3.0
-1.12803 3.0
-1.12778 2.9
-1.12754 2.8
-1.12729 2.7
-1.12705 2.5
-1.12681 2.4
-1.12656 2.3
-1.12632 2.2
-1.12607 2.1
-1.12583 1.9
-1.12559 1.8
-1.12534 1.6
-1.1251 1.5
-1.12485 1.3
-1.12461 1.2
-1.12436 1.0
-1.12412 0.9
-1.12388 0.7
-1.12363 0.6
-1.12339 0.4
-1.12314 0.2
-1.1229 0.0
-1.12266 0.0
-1.12241 -0.3
-1.12217 -0.4
-1.12192 -0.6
-1.12168 -0.7
-1.12144 -0.9
-1.12119 -1.1
-1.12095 -1.2
-1.1207 -1.4
-1.12046 -1.5
-1.12021 -1.7
-1.11997 -1.8
-1.11973 -2.0
-1.11948 -2.1
-1.11924 -2.2
-1.11899 -2.3
-1.11875 -2.5
-1.11851 -2.6
-1.11826 -2.7
-1.11802 -2.8
-1.11777 -2.9
-1.11753 -3.0
-1.11728 -3.1
-1.11704 -3.1
-1.1168 -3.2
-1.11655 -3.3
-1.11631 -3.3
-1.11606 -3.4
-1.11582 -3.4
-1.11558 -3.5
-1.11533 -3.5
-1.11509 -3.5
-1.11484 -3.5
-1.1146 -3.6
-1.11436 -3.5
-1.11411 -3.5
-1.11387 -3.5
-1.11362 -3.5
-1.11338 -3.5
-1.11313 -3.4
-1.11289 -3.4
-1.11265 -3.3
-1.1124 -3.3
-1.11216 -3.2
-1.11191 -3.1
-1.11167 -3.0
-1.11143 -3.0
-1.11118 -2.9
-1.11094 -2.8
-1.11069 -2.7
-1.11045 -2.5
-1.1102 -2.4
-1.10996 -2.3
-1.10972 -2.2
-1.10947 -2.0
-1.10923 -1.9
-1.10898 -1.8
-1.10874 -1.6
-1.1085 -1.5
-1.10825 -1.3
-1.10801 -1.2
-1.10776 -1.0
-1.10752 -0.9
-1.10728 -0.7
-1.10703 -0.5
-1.10679 -0.4
-1.10654 -0.2
-1.1063 0.0
-1.10605 0.1
-1.10581 0.3
-1.10557 0.5
-1.10532 0.6
-1.10508 0.8
-1.10483 0.9
-1.10459 1.1
-1.10435 1.3
-1.1041 1.4
-1.10386 1.6
-1.10361 1.7
-1.10337 1.8
-1.10312 2.0
-1.10288 2.1
-1.10264 2.3
-1.10239 2.4
-1.10215 2.5
-1.1019 2.6
-1.10166 2.7
-1.10142 2.8
-1.10117 2.9
-1.10093 3.0
-1.10068 3.1
-1.10044 3.2
-1.10019 3.3
-1.09995 3.3
-1.09971 3.4
-1.09946 3.4
-1.09922 3.5
-1.09897 3.5
-1.09873 3.5
-1.09849 3.5
-1.09824 3.6
-1.098 3.6
-1.09775 3.6
-1.09751 3.5
-1.09727 3.5
-1.09702 3.5
-1.09678 3.5
-1.09653 3.4
-1.09629 3.4
-1.09604 3.3
-1.0958 3.3
-1.09556 3.2
-1.09531 3.1
-1.09507 3.0
-1.09482 2.9
-1.09458 2.8
-1.09434 2.7
-1.09409 2.6
-1.09385 2.5
-1.0936 2.4
-1.09336 2.3
-1.09311 2.1
-1.09287 2.0
-1.09263 1.9
-1.09238 1.7
-1.09214 1.6
-1.09189 1.4
-1.09165 1.3
-1.09141 1.1
-1.09116 0.9
-1.09092 0.8
-1.09067 0.6
-1.09043 0.5
-1.09019 0.3
-1.08994 0.1
-1.0897 0.0
-1.08945 -0.2
-1.08921 -0.4
-1.08896 -0.5
-1.08872 -0.7
-1.08848 -0.9
-1.08823 -1.0
-1.08799 -1.2
-1.08774 -1.3
-1.0875 -1.5
-1.08726 -1.6
-1.08701 -1.8
-1.08677 -1.9
-1.08652 -2.1
-1.08628 -2.2
-1.08603 -2.3
-1.08579 -2.5
-1.08555 -2.6
-1.0853 -2.7
-1.08506 -2.8
-1.08481 -2.9
-1.08457 -3.0
-1.08433 -3.1
-1.08408 -3.2
-1.08384 -3.2
-1.08359 -3.3
-1.08335 -3.4
-1.08311 -3.4
-1.08286 -3.5
-1.08262 -3.5
-1.08237 -3.5
-1.08213 -3.6
-1.08188 -3.6
-1.08164 -3.6
-1.0814 -3.6
-1.08115 -3.6
-1.08091 -3.5
-1.08066 -3.5
-1.08042 -3.5
-1.08018 -3.5
-1.07993 -3.4
-1.07969 -3.4
-1.07944 -3.3
-1.0792 -3.2
-1.07895 -3.1
-1.07871 -3.1
-1.07847 -3.0
-1.07822 -2.9
-1.07798 -2.8
-1.07773 -2.7
-1.07749 -2.5
-1.07725 -2.4
-1.077 -2.3
-1.07676 -2.2
-1.07651 -2.0
-1.07627 -1.9
-1.07603 -1.7
-1.07578 -1.6
-1.07554 -1.4
-1.07529 -1.3
-1.07505 -1.1
-1.0748 -1.0
-1.07456 -0.8
-1.07432 -0.6
-1.07407 -0.5
-1.07383 -0.3
-1.07358 -0.1
-1.07334 0.0
-1.0731 0.2
-1.07285 0.4
-1.07261 0.5
-1.07236 0.7
-1.07212 0.9
-1.07187 1.0
-1.07163 1.2
-1.07139 1.3
-1.07114 1.5
-1.0709 1.6
-1.07065 1.8
-1.07041 1.9
-1.07017 2.1
-1.06992 2.2
-1.06968 2.3
-1.06943 2.5
-1.06919 2.6
-1.06894 2.7
-1.0687 2.8
-1.06846 2.9
-1.06821 3.0
-1.06797 3.1
-1.06772 3.2
-1.06748 3.2
-1.06724 3.3
-1.06699 3.4
-1.06675 3.4
-1.0665 3.5
-1.06626 3.5
-1.06602 3.5
-1.06577 3.6
-1.06553 3.6
-1.06528 3.6
-1.06504 3.6
-1.06479 3.6
-1.06455 3.6
-1.06431 3.5
-1.06406 3.5
-1.06382 3.5
-1.06357 3.4
-1.06333 3.4
-1.06309 3.3
-1.06284 3.2
-1.0626 3.1
-1.06235 3.1
-1.06211 3.0
-1.06186 2.9
-1.06162 2.8
-1.06138 2.7
-1.06113 2.5
-1.06089 2.4
-1.06064 2.3
-1.0604 2.2
-1.06016 2.0
-1.05991 1.9
-1.05967 1.7
-1.05942 1.6
-1.05918 1.4
-1.05894 1.3
-1.05869 1.1
-1.05845 0.9
-1.0582 0.8
-1.05796 0.6
-1.05771 0.4
-1.05747 0.3
-1.05723 0.1
-1.05698 0.0
-1.05674 -0.2
-1.05649 -0.4
-1.05625 -0.6
-1.05601 -0.7
-1.05576 -0.9
-1.05552 -1.1
-1.05527 -1.2
-1.05503 -1.4
-1.05478 -1.5
-1.05454 -1.7
-1.0543 -1.8
-1.05405 -2.0
-1.05381 -2.1
-1.05356 -2.3
-1.05332 -2.4
-1.05308 -2.5
-1.05283 -2.6
-1.05259 -2.7
-1.05234 -2.9
-1.0521 -3.0
-1.05186 -3.0
-1.05161 -3.1
-1.05137 -3.2
-1.05112 -3.3
-1.05088 -3.4
-1.05063 -3.4
-1.05039 -3.5
-1.05015 -3.5
-1.0499 -3.5
-1.04966 -3.6
-1.04941 -3.6
-1.04917 -3.6
-1.04893 -3.6
-1.04868 -3.6
-1.04844 -3.6
-1.04819 -3.6
-1.04795 -3.5
-1.0477 -3.5
-1.04746 -3.5
-1.04722 -3.4
-1.04697 -3.3
-1.04673 -3.3
-1.04648 -3.2
-1.04624 -3.1
-1.046 -3.0
-1.04575 -2.9
-1.04551 -2.8
-1.04526 -2.7
-1.04502 -2.6
-1.04478 -2.5
-1.04453 -2.4
-1.04429 -2.2
-1.04404 -2.1
-1.0438 -1.9
-1.04355 -1.8
-1.04331 -1.7
-1.04307 -1.5
-1.04282 -1.3
-1.04258 -1.2
-1.04233 -1.0
-1.04209 -0.9
-1.04185 -0.7
-1.0416 -0.5
-1.04136 -0.3
-1.04111 -0.2
-1.04087 0.0
-1.04062 0.2
-1.04038 0.3
-1.04014 0.5
-1.03989 0.7
-1.03965 0.8
-1.0394 1.0
-1.03916 1.2
-1.03892 1.3
-1.03867 1.5
-1.03843 1.6
-1.03818 1.8
-1.03794 1.9
-1.03769 2.1
-1.03745 2.2
-1.03721 2.4
-1.03696 2.5
-1.03672 2.6
-1.03647 2.7
-1.03623 2.8
-1.03599 2.9
-1.03574 3.0
-1.0355 3.1
-1.03525 3.2
-1.03501 3.3
-1.03477 3.3
-1.03452 3.4
-1.03428 3.5
-1.03403 3.5
-1.03379 3.5
-1.03354 3.6
-1.0333 3.6
-1.03306 3.6
-1.03281 3.6
-1.03257 3.6
-1.03232 3.6
-1.03208 3.6
-1.03184 3.6
-1.03159 3.5
-1.03135 3.5
-1.0311 3.4
-1.03086 3.4
-1.03061 3.3
-1.03037 3.2
-1.03013 3.1
-1.02988 3.1
-1.02964 3.0
-1.02939 2.9
-1.02915 2.7
-1.02891 2.6
-1.02866 2.5
-1.02842 2.4
-1.02817 2.2
-1.02793 2.1
-1.02769 2.0
-1.02744 1.8
-1.0272 1.7
-1.02695 1.5
-1.02671 1.4
-1.02646 1.2
-1.02622 1.0
-1.02598 0.9
-1.02573 0.7
-1.02549 0.5
-1.02524 0.4
-1.025 0.2
-1.02476 0.0
-1.02451 -0.2
-1.02427 -0.3
-1.02402 -0.5
-1.02378 -0.7
-1.02353 -0.8
-1.02329 -1.0
-1.02305 -1.2
-1.0228 -1.3
-1.02256 -1.5
-1.02231 -1.7
-1.02207 -1.8
-1.02183 -2.0
-1.02158 -2.1
-1.02134 -2.2
-1.02109 -2.4
-1.02085 -2.5
-1.02061 -2.6
-1.02036 -2.7
-1.02012 -2.8
-1.01987 -3.0
-1.01963 -3.0
-1.01938 -3.1
-1.01914 -3.2
-1.0189 -3.3
-1.01865 -3.4
-1.01841 -3.4
-1.01816 -3.5
-1.01792 -3.5
-1.01768 -3.6
-1.01743 -3.6
-1.01719 -3.6
-1.01694 -3.6
-1.0167 -3.6
-1.01645 -3.6
-1.01621 -3.6
-1.01597 -3.6
-1.01572 -3.6
-1.01548 -3.5
-1.01523 -3.5
-1.01499 -3.4
-1.01475 -3.4
-1.0145 -3.3
-1.01426 -3.2
-1.01401 -3.1
-1.01377 -3.0
-1.01353 -2.9
-1.01328 -2.8
-1.01304 -2.7
-1.01279 -2.6
-1.01255 -2.5
-1.0123 -2.4
-1.01206 -2.2
-1.01182 -2.1
-1.01157 -1.9
-1.01133 -1.8
-1.01108 -1.6
-1.01084 -1.5
-1.0106 -1.3
-1.01035 -1.2
-1.01011 -1.0
-1.00986 -0.8
-1.00962 -0.6
-1.00937 -0.5
-1.00913 -0.3
-1.00889 -0.1
-1.00864 0.0
-1.0084 0.2
-1.00815 0.4
-1.00791 0.6
-1.00767 0.7
-1.00742 0.9
-1.00718 1.1
-1.00693 1.2
-1.00669 1.4
-1.00644 1.6
-1.0062 1.7
-1.00596 1.9
-1.00571 2.0
-1.00547 2.2
-1.00522 2.3
-1.00498 2.4
-1.00474 2.6
-1.00449 2.7
-1.00425 2.8
-1.004 2.9
-1.00376 3.0
-1.00352 3.1
-1.00327 3.2
-1.00303 3.3
-1.00278 3.3
-1.00254 3.4
-1.00229 3.5
-1.00205 3.5
-1.00181 3.6
-1.00156 3.6
-1.00132 3.6
-1.00107 3.6
-1.00083 3.6
-1.00059 3.6
-1.00034 3.6
-1.0001 3.6
-0.99985 3.6
-0.99961 3.6
-0.99936 3.5
-0.99912 3.5
-0.99888 3.4
-0.99863 3.3
-0.99839 3.3
-0.99814 3.2
-0.9979 3.1
-0.99766 3.0
-0.99741 2.9
-0.99717 2.8
-0.99692 2.7
-0.99668 2.5
-0.99644 2.4
-0.99619 2.3
-0.99595 2.1
-0.9957 2.0
-0.99546 1.9
-0.99521 1.7
-0.99497 1.5
-0.99473 1.4
-0.99448 1.2
-0.99424 1.0
-0.99399 0.9
-0.99375 0.7
-0.99351 0.5
-0.99326 0.4
-0.99302 0.2
-0.99277 0.0
-0.99253 -0.2
-0.99228 -0.3
-0.99204 -0.5
-0.9918 -0.7
-0.99155 -0.9
-0.99131 -1.0
-0.99106 -1.2
-0.99082 -1.4
-0.99058 -1.5
-0.99033 -1.7
-0.99009 -1.8
-0.98984 -2.0
-0.9896 -2.1
-0.98936 -2.3
-0.98911 -2.4
-0.98887 -2.5
-0.98862 -2.7
-0.98838 -2.8
-0.98813 -2.9
-0.98789 -3.0
-0.98765 -3.1
-0.9874 -3.2
-0.98716 -3.3
-0.98691 -3.3
-0.98667 -3.4
-0.98643 -3.5
-0.98618 -3.5
-0.98594 -3.6
-0.98569 -3.6
-0.98545 -3.6
-0.9852 -3.6
-0.98496 -3.7
-0.98472 -3.7
-0.98447 -3.6
-0.98423 -3.6
-0.98398 -3.6
-0.98374 -3.6
-0.9835 -3.5
-0.98325 -3.5
-0.98301 -3.4
-0.98276 -3.4
-0.98252 -3.3
-0.98228 -3.2
-0.98203 -3.1
-0.98179 -3.0
-0.98154 -2.9
-0.9813 -2.8
-0.98105 -2.7
-0.98081 -2.6
-0.98057 -2.4
-0.98032 -2.3
-0.98008 -2.2
-0.97983 -2.0
-0.97959 -1.9
-0.97935 -1.7
-0.9791 -1.5
-0.97886 -1.4
-0.97861 -1.2
-0.97837 -1.0
-0.97812 -0.9
-0.97788 -0.7
-0.97764 -0.5
-0.97739 -0.3
-0.97715 -0.2
-0.9769 0.0
-0.97666 0.2
-0.97642 0.4
-0.97617 0.5
-0.97593 0.7
-0.97568 0.9
-0.97544 1.1
-0.97519 1.2
-0.97495 1.4
-0.97471 1.6
-0.97446 1.7
-0.97422 1.9
-0.97397 2.0
-0.97373 2.2
-0.97349 2.3
-0.97324 2.4
-0.973 2.6
-0.97275 2.7
-0.97251 2.8
-0.97227 2.9
-0.97202 3.0
-0.97178 3.1
-0.97153 3.2
-0.97129 3.3
-0.97104 3.4
-0.9708 3.4
-0.97056 3.5
-0.97031 3.5
-0.97007 3.6
-0.96982 3.6
-0.96958 3.6
-0.96934 3.7
-0.96909 3.7
-0.96885 3.7
-0.9686 3.7
-0.96836 3.6
-0.96811 3.6
-0.96787 3.6
-0.96763 3.5
-0.96738 3.5
-0.96714 3.4
-0.96689 3.3
-0.96665 3.3
-0.96641 3.2
-0.96616 3.1
-0.96592 3.0
-0.96567 2.9
-0.96543 2.8
-0.96519 2.6
-0.96494 2.5
-0.9647 2.4
-0.96445 2.2
-0.96421 2.1
-0.96396 2.0
-0.96372 1.8
-0.96348 1.6
-0.96323 1.5
-0.96299 1.3
-0.96274 1.1
-0.9625 1.0
-0.96226 0.8
-0.96201 0.6
-0.96177 0.5
-0.96152 0.3
-0.96128 0.0
-0.96103 0.0
-0.96079 -0.3
-0.96055 -0.4
-0.9603 -0.6
-0.96006 -0.8
-0.95981 -1.0
-0.95957 -1.1
-0.95933 -1.3
-0.95908 -1.5
-0.95884 -1.6
-0.95859 -1.8
-0.95835 -2.0
-0.95811 -2.1
-0.95786 -2.2
-0.95762 -2.4
-0.95737 -2.5
-0.95713 -2.7
-0.95688 -2.8
-0.95664 -2.9
-0.9564 -3.0
-0.95615 -3.1
-0.95591 -3.2
-0.95566 -3.3
-0.95542 -3.4
-0.95518 -3.4
-0.95493 -3.5
-0.95469 -3.5
-0.95444 -3.6
-0.9542 -3.6
-0.95395 -3.6
-0.95371 -3.7
-0.95347 -3.7
-0.95322 -3.7
-0.95298 -3.7
-0.95273 -3.7
-0.95249 -3.6
-0.95225 -3.6
-0.952 -3.6
-0.95176 -3.5
-0.95151 -3.4
-0.95127 -3.4
-0.95103 -3.3
-0.95078 -3.2
-0.95054 -3.1
-0.95029 -3.0
-0.95005 -2.9
-0.9498 -2.8
-0.94956 -2.7
-0.94932 -2.6
-0.94907 -2.4
-0.94883 -2.3
-0.94858 -2.2
-0.94834 -2.0
-0.9481 -1.8
-0.94785 -1.7
-0.94761 -1.5
-0.94736 -1.4
-0.94712 -1.2
-0.94687 -1.0
-0.94663 -0.8
-0.94639 -0.7
-0.94614 -0.5
-0.9459 -0.3
-0.94565 -0.1
-0.94541 0.0
-0.94517 0.2
-0.94492 0.4
-0.94468 0.6
-0.94443 0.8
-0.94419 0.9
-0.94394 1.1
-0.9437 1.3
-0.94346 1.5
-0.94321 1.6
-0.94297 1.8
-0.94272 1.9
-0.94248 2.1
-0.94224 2.2
-0.94199 2.4
-0.94175 2.5
-0.9415 2.7
-0.94126 2.8
-0.94102 2.9
-0.94077 3.0
-0.94053 3.1
-0.94028 3.2
-0.94004 3.3
-0.93979 3.4
-0.93955 3.4
-0.93931 3.5
-0.93906 3.6
-0.93882 3.6
-0.93857 3.6
-0.93833 3.7
-0.93809 3.7
-0.93784 3.7
-0.9376 3.7
-0.93735 3.7
-0.93711 3.7
-0.93686 3.6
-0.93662 3.6
-0.93638 3.6
-0.93613 3.5
-0.93589 3.5
-0.93564 3.4
-0.9354 3.3
-0.93516 3.2
-0.93491 3.1
-0.93467 3.0
-0.93442 2.9
-0.93418 2.8
-0.93394 2.7
-0.93369 2.6
-0.93345 2.4
-0.9332 2.3
-0.93296 2.1
-0.93271 2.0
-0.93247 1.8
-0.93223 1.7
-0.93198 1.5
-0.93174 1.3
-0.93149 1.2
-0.93125 1.0
-0.93101 0.8
-0.93076 0.6
-0.93052 0.5
-0.93027 0.3
-0.93003 0.0
-0.92978 0.0
-0.92954 -0.3
-0.9293 -0.5
-0.92905 -0.6
-0.92881 -0.8
-0.92856 -1.0
-0.92832 -1.2
-0.92808 -1.3
-0.92783 -1.5
-0.92759 -1.7
-0.92734 -1.8
-0.9271 -2.0
-0.92686 -2.1
-0.92661 -2.3
-0.92637 -2.4
-0.92612 -2.6
-0.92588 -2.7
-0.92563 -2.8
-0.92539 -2.9
-0.92515 -3.0
-0.9249 -3.1
-0.92466 -3.2
-0.92441 -3.3
-0.92417 -3.4
-0.92393 -3.5
-0.92368 -3.5
-0.92344 -3.6
-0.92319 -3.6
-0.92295 -3.7
-0.9227 -3.7
-0.92246 -3.7
-0.92222 -3.7
-0.92197 -3.7
-0.92173 -3.7
-0.92148 -3.7
-0.92124 -3.6
-0.921 -3.6
-0.92075 -3.6
-0.92051 -3.5
-0.92026 -3.4
-0.92002 -3.4
-0.91978 -3.3
-0.91953 -3.2
-0.91929 -3.1
-0.91904 -3.0
-0.9188 -2.9
-0.91855 -2.8
-0.91831 -2.6
-0.91807 -2.5
-0.91782 -2.4
-0.91758 -2.2
-0.91733 -2.1
-0.91709 -1.9
-0.91685 -1.8
-0.9166 -1.6
-0.91636 -1.4
-0.91611 -1.3
-0.91587 -1.1
-0.91562 -0.9
-0.91538 -0.7
-0.91514 -0.5
-0.91489 -0.4
-0.91465 -0.2
-0.9144 0.0
-0.91416 0.2
-0.91392 0.4
-0.91367 0.6
-0.91343 0.7
-0.91318 0.9
-0.91294 1.1
-0.91269 1.3
-0.91245 1.5
-0.91221 1.6
-0.91196 1.8
-0.91172 1.9
-0.91147 2.1
-0.91123 2.3
-0.91099 2.4
-0.91074 2.5
-0.9105 2.7
-0.91025 2.8
-0.91001 2.9
-0.90977 3.0
-0.90952 3.1
-0.90928 3.2
-0.90903 3.3
-0.90879 3.4
-0.90854 3.5
-0.9083 3.5
-0.90806 3.6
-0.90781 3.6
-0.90757 3.7
-0.90732 3.7
-0.90708 3.7
-0.90684 3.7
-0.90659 3.7
-0.90635 3.7
-0.9061 3.7
-0.90586 3.7
-0.90561 3.6
-0.90537 3.6
-0.90513 3.5
-0.90488 3.5
-0.90464 3.4
-0.90439 3.3
-0.90415 3.2
-0.90391 3.1
-0.90366 3.0
-0.90342 2.9
-0.90317 2.8
-0.90293 2.7
-0.90269 2.5
-0.90244 2.4
-0.9022 2.3
-0.90195 2.1
-0.90171 1.9
-0.90146 1.8
-0.90122 1.6
-0.90098 1.4
-0.90073 1.3
-0.90049 1.1
-0.90024 0.9
-0.9 0.7
-0.89976 0.6
-0.89951 0.4
-0.89927 0.2
-0.89902 0.0
-0.89878 -0.2
-0.89853 -0.4
-0.89829 -0.6
-0.89805 -0.7
-0.8978 -0.9
-0.89756 -1.1
-0.89731 -1.3
-0.89707 -1.5
-0.89683 -1.6
-0.89658 -1.8
-0.89634 -2.0
-0.89609 -2.1
-0.89585 -2.3
-0.89561 -2.4
-0.89536 -2.5
-0.89512 -2.7
-0.89487 -2.8
-0.89463 -2.9
-0.89438 -3.0
-0.89414 -3.1
-0.8939 -3.2
-0.89365 -3.3
-0.89341 -3.4
-0.89316 -3.5
-0.89292 -3.5
-0.89268 -3.6
-0.89243 -3.6
-0.89219 -3.7
-0.89194 -3.7
-0.8917 -3.7
-0.89145 -3.7
-0.89121 -3.7
-0.89097 -3.7
-0.89072 -3.7
-0.89048 -3.7
-0.89023 -3.6
-0.88999 -3.6
-0.88975 -3.5
-0.8895 -3.5
-0.88926 -3.4
-0.88901 -3.3
-0.88877 -3.2
-0.88853 -3.1
-0.88828 -3.0
-0.88804 -2.9
-0.88779 -2.8
-0.88755 -2.6
-0.8873 -2.5
-0.88706 -2.4
-0.88682 -2.2
-0.88657 -2.1
-0.88633 -1.9
-0.88608 -1.7
-0.88584 -1.6
-0.8856 -1.4
-0.88535 -1.2
-0.88511 -1.0
-0.88486 -0.9
-0.88462 -0.7
-0.88437 -0.5
-0.88413 -0.3
-0.88389 -0.1
-0.88364 0.0
-0.8834 0.3
-0.88315 0.4
-0.88291 0.6
-0.88267 0.8
-0.88242 1.0
-0.88218 1.2
-0.88193 1.4
-0.88169 1.5
-0.88144 1.7
-0.8812 1.9
-0.88096 2.0
-0.88071 2.2
-0.88047 2.3
-0.88022 2.5
-0.87998 2.6
-0.87974 2.8
-0.87949 2.9
-0.87925 3.0
-0.879 3.1
-0.87876 3.2
-0.87852 3.3
-0.87827 3.4
-0.87803 3.5
-0.87778 3.5
-0.87754 3.6
-0.87729 3.6
-0.87705 3.7
-0.87681 3.7
-0.87656 3.7
-0.87632 3.8
-0.87607 3.8
-0.87583 3.7
-0.87559 3.7
-0.87534 3.7
-0.8751 3.7
-0.87485 3.6
-0.87461 3.6
-0.87436 3.5
-0.87412 3.4
-0.87388 3.4
-0.87363 3.3
-0.87339 3.2
-0.87314 3.1
-0.8729 3.0
-0.87266 2.8
-0.87241 2.7
-0.87217 2.6
-0.87192 2.4
-0.87168 2.3
-0.87144 2.1
-0.87119 2.0
-0.87095 1.8
-0.8707 1.6
-0.87046 1.5
-0.87021 1.3
-0.86997 1.1
-0.86973 0.9
-0.86948 0.7
-0.86924 0.6
-0.86899 0.4
-0.86875 0.2
-0.86851 0.0
-0.86826 -0.2
-0.86802 -0.4
-0.86777 -0.6
-0.86753 -0.8
-0.86728 -1.0
-0.86704 -1.1
-0.8668 -1.3
-0.86655 -1.5
-0.86631 -1.7
-0.86606 -1.8
-0.86582 -2.0
-0.86558 -2.2
-0.86533 -2.3
-0.86509 -2.5
-0.86484 -2.6
-0.8646 -2.7
-0.86436 -2.9
-0.86411 -3.0
-0.86387 -3.1
-0.86362 -3.2
-0.86338 -3.3
-0.86313 -3.4
-0.86289 -3.5
-0.86265 -3.5
-0.8624 -3.6
-0.86216 -3.7
-0.86191 -3.7
-0.86167 -3.7
-0.86143 -3.8
-0.86118 -3.8
-0.86094 -3.8
-0.86069 -3.8
-0.86045 -3.7
-0.8602 -3.7
-0.85996 -3.7
-0.85972 -3.6
-0.85947 -3.6
-0.85923 -3.5
-0.85898 -3.5
-0.85874 -3.4
-0.8585 -3.3
-0.85825 -3.2
-0.85801 -3.1
-0.85776 -3.0
-0.85752 -2.8
-0.85728 -2.7
-0.85703 -2.6
-0.85679 -2.4
-0.85654 -2.3
-0.8563 -2.1
-0.85605 -2.0
-0.85581 -1.8
-0.85557 -1.6
-0.85532 -1.5
-0.85508 -1.3
-0.85483 -1.1
-0.85459 -0.9
-0.85435 -0.7
-0.8541 -0.5
-0.85386 -0.3
-0.85361 -0.2
-0.85337 0.0
-0.85312 0.2
-0.85288 0.4
-0.85264 0.6
-0.85239 0.8
-0.85215 1.0
-0.8519 1.2
-0.85166 1.4
-0.85142 1.5
-0.85117 1.7
-0.85093 1.9
-0.85068 2.0
-0.85044 2.2
-0.85019 2.4
-0.84995 2.5
-0.84971 2.6
-0.84946 2.8
-0.84922 2.9
-0.84897 3.0
-0.84873 3.1
-0.84849 3.2
-0.84824 3.3
-0.848 3.4
-0.84775 3.5
-0.84751 3.6
-0.84727 3.6
-0.84702 3.7
-0.84678 3.7
-0.84653 3.7
-0.84629 3.8
-0.84604 3.8
-0.8458 3.8
-0.84556 3.8
-0.84531 3.8
-0.84507 3.7
-0.84482 3.7
-0.84458 3.6
-0.84434 3.6
-0.84409 3.5
-0.84385 3.4
-0.8436 3.4
-0.84336 3.3
-0.84311 3.2
-0.84287 3.1
-0.84263 2.9
-0.84238 2.8
-0.84214 2.7
-0.84189 2.5
-0.84165 2.4
-0.84141 2.2
-0.84116 2.1
-0.84092 1.9
-0.84067 1.7
-0.84043 1.6
-0.84019 1.4
-0.83994 1.2
-0.8397 1.0
-0.83945 0.8
-0.83921 0.6
-0.83896 0.5
-0.83872 0.3
-0.83848 0.0
-0.83823 -0.1
-0.83799 -0.3
-0.83774 -0.5
-0.8375 -0.7
-0.83726 -0.9
-0.83701 -1.1
-0.83677 -1.3
-0.83652 -1.5
-0.83628 -1.6
-0.83603 -1.8
-0.83579 -2.0
-0.83555 -2.1
-0.8353 -2.3
-0.83506 -2.4
-0.83481 -2.6
-0.83457 -2.7
-0.83433 -2.9
-0.83408 -3.0
-0.83384 -3.1
-0.83359 -3.2
-0.83335 -3.3
-0.83311 -3.4
-0.83286 -3.5
-0.83262 -3.6
-0.83237 -3.6
-0.83213 -3.7
-0.83188 -3.7
-0.83164 -3.8
-0.8314 -3.8
-0.83115 -3.8
-0.83091 -3.8
-0.83066 -3.8
-0.83042 -3.8
-0.83018 -3.8
-0.82993 -3.7
-0.82969 -3.7
-0.82944 -3.6
-0.8292 -3.6
-0.82895 -3.5
-0.82871 -3.4
-0.82847 -3.3
-0.82822 -3.2
-0.82798 -3.1
-0.82773 -3.0
-0.82749 -2.9
-0.82725 -2.7
-0.827 -2.6
-0.82676 -2.4
-0.82651 -2.3
-0.82627 -2.1
-0.82603 -2.0
-0.82578 -1.8
-0.82554 -1.6
-0.82529 -1.4
-0.82505 -1.2
-0.8248 -1.1
-0.82456 -0.9
-0.82432 -0.7
-0.82407 -0.5
-0.82383 -0.3
-0.82358 0.0
-0.82334 0.1
-0.8231 0.3
-0.82285 0.5
-0.82261 0.7
-0.82236 0.9
-0.82212 1.1
-0.82187 1.3
-0.82163 1.4
-0.82139 1.6
-0.82114 1.8
-0.8209 2.0
-0.82065 2.1
-0.82041 2.3
-0.82017 2.5
-0.81992 2.6
-0.81968 2.7
-0.81943 2.9
-0.81919 3.0
-0.81894 3.1
-0.8187 3.2
-0.81846 3.3
-0.81821 3.4
-0.81797 3.5
-0.81772 3.6
-0.81748 3.6
-0.81724 3.7
-0.81699 3.7
-0.81675 3.8
-0.8165 3.8
-0.81626 3.8
-0.81602 3.8
-0.81577 3.8
-0.81553 3.8
-0.81528 3.8
-0.81504 3.7
-0.81479 3.7
-0.81455 3.6
-0.81431 3.6
-0.81406 3.5
-0.81382 3.4
-0.81357 3.3
-0.81333 3.2
-0.81309 3.1
-0.81284 3.0
-0.8126 2.8
-0.81235 2.7
-0.81211 2.6
-0.81186 2.4
-0.81162 2.3
-0.81138 2.1
-0.81113 1.9
-0.81089 1.8
-0.81064 1.6
-0.8104 1.4
-0.81016 1.2
-0.80991 1.0
-0.80967 0.8
-0.80942 0.6
-0.80918 0.4
-0.80894 0.2
-0.80869 0.0
-0.80845 -0.2
-0.8082 -0.4
-0.80796 -0.6
-0.80771 -0.8
-0.80747 -0.9
-0.80723 -1.1
-0.80698 -1.3
-0.80674 -1.5
-0.80649 -1.7
-0.80625 -1.9
-0.80601 -2.0
-0.80576 -2.2
-0.80552 -2.4
-0.80527 -2.5
-0.80503 -2.7
-0.80478 -2.8
-0.80454 -2.9
-0.8043 -3.1
-0.80405 -3.2
-0.80381 -3.3
-0.80356 -3.4
-0.80332 -3.5
-0.80308 -3.5
-0.80283 -3.6
-0.80259 -3.7
-0.80234 -3.7
-0.8021 -3.8
-0.80186 -3.8
-0.80161 -3.8
-0.80137 -3.8
-0.80112 -3.8
-0.80088 -3.8
-0.80063 -3.8
-0.80039 -3.8
-0.80015 -3.7
-0.7999 -3.7
-0.79966 -3.6
-0.79941 -3.5
-0.79917 -3.5
-0.79893 -3.4
-0.79868 -3.3
-0.79844 -3.2
-0.79819 -3.0
-0.79795 -2.9
-0.7977 -2.8
-0.79746 -2.6
-0.79722 -2.5
-0.79697 -2.3
-0.79673 -2.2
-0.79648 -2.0
-0.79624 -1.8
-0.796 -1.7
-0.79575 -1.5
-0.79551 -1.3
-0.79526 -1.1
-0.79502 -0.9
-0.79478 -0.7
-0.79453 -0.5
-0.79429 -0.3
-0.79404 -0.1
-0.7938 0.0
-0.79355 0.3
-0.79331 0.5
-0.79307 0.7
-0.79282 0.9
-0.79258 1.1
-0.79233 1.3
-0.79209 1.5
-0.79185 1.6
-0.7916 1.8
-0.79136 2.0
-0.79111 2.2
-0.79087 2.3
-0.79062 2.5
-0.79038 2.6
-0.79014 2.8
-0.78989 2.9
-0.78965 3.0
-0.7894 3.2
-0.78916 3.3
-0.78892 3.4
-0.78867 3.5
-0.78843 3.5
-0.78818 3.6
-0.78794 3.7
-0.78769 3.7
-0.78745 3.8
-0.78721 3.8
-0.78696 3.8
-0.78672 3.8
-0.78647 3.8
-0.78623 3.8
-0.78599 3.8
-0.78574 3.8
-0.7855 3.7
-0.78525 3.7
-0.78501 3.6
-0.78477 3.6
-0.78452 3.5
-0.78428 3.4
-0.78403 3.3
-0.78379 3.2
-0.78354 3.1
-0.7833 2.9
-0.78306 2.8
-0.78281 2.7
-0.78257 2.5
-0.78232 2.3
-0.78208 2.2
-0.78184 2.0
-0.78159 1.8
-0.78135 1.7
-0.7811 1.5
-0.78086 1.3
-0.78061 1.1
-0.78037 0.9
-0.78013 0.7
-0.77988 0.5
-0.77964 0.3
-0.77939 0.0
-0.77915 -0.1
-0.77891 -0.3
-0.77866 -0.5
-0.77842 -0.7
-0.77817 -0.9
-0.77793 -1.1
-0.77769 -1.3
-0.77744 -1.5
-0.7772 -1.7
-0.77695 -1.9
-0.77671 -2.0
-0.77646 -2.2
-0.77622 -2.4
-0.77598 -2.5
-0.77573 -2.7
-0.77549 -2.8
-0.77524 -3.0
-0.775 -3.1
-0.77476 -3.2
-0.77451 -3.3
-0.77427 -3.4
-0.77402 -3.5
-0.77378 -3.6
-0.77353 -3.7
-0.77329 -3.7
-0.77305 -3.8
-0.7728 -3.8
-0.77256 -3.8
-0.77231 -3.9
-0.77207 -3.9
-0.77183 -3.9
-0.77158 -3.8
-0.77134 -3.8
-0.77109 -3.8
-0.77085 -3.7
-0.77061 -3.7
-0.77036 -3.6
-0.77012 -3.6
-0.76987 -3.5
-0.76963 -3.4
-0.76938 -3.3
-0.76914 -3.2
-0.7689 -3.0
-0.76865 -2.9
-0.76841 -2.8
-0.76816 -2.6
-0.76792 -2.5
-0.76768 -2.3
-0.76743 -2.1
-0.76719 -2.0
-0.76694 -1.8
-0.7667 -1.6
-0.76645 -1.4
-0.76621 -1.2
-0.76597 -1.0
-0.76572 -0.8
-0.76548 -0.6
-0.76523 -0.4
-0.76499 -0.2
-0.76475 0.0
-0.7645 0.2
-0.76426 0.4
-0.76401 0.6
-0.76377 0.8
-0.76353 1.0
-0.76328 1.2
-0.76304 1.4
-0.76279 1.6
-0.76255 1.8
-0.7623 2.0
-0.76206 2.1
-0.76182 2.3
-0.76157 2.5
-0.76133 2.6
-0.76108 2.8
-0.76084 2.9
-0.7606 3.0
-0.76035 3.2
-0.76011 3.3
-0.75986 3.4
-0.75962 3.5
-0.75937 3.6
-0.75913 3.6
-0.75889 3.7
-0.75864 3.8
-0.7584 3.8
-0.75815 3.8
-0.75791 3.9
-0.75767 3.9
-0.75742 3.9
-0.75718 3.9
-0.75693 3.9
-0.75669 3.8
-0.75644 3.8
-0.7562 3.7
-0.75596 3.7
-0.75571 3.6
-0.75547 3.5
-0.75522 3.4
-0.75498 3.3
-0.75474 3.2
-0.75449 3.1
-0.75425 2.9
-0.754 2.8
-0.75376 2.7
-0.75352 2.5
-0.75327 2.3
-0.75303 2.2
-0.75278 2.0
-0.75254 1.8
-0.75229 1.6
-0.75205 1.5
-0.75181 1.3
-0.75156 1.1
-0.75132 0.9
-0.75107 0.7
-0.75083 0.5
-0.75059 0.2
-0.75034 0.0
-0.7501 -0.2
-0.74985 -0.4
-0.74961 -0.6
-0.74936 -0.8
-0.74912 -1.0
-0.74888 -1.2
-0.74863 -1.4
-0.74839 -1.6
-0.74814 -1.8
-0.7479 -1.9
-0.74766 -2.1
-0.74741 -2.3
-0.74717 -2.5
-0.74692 -2.6
-0.74668 -2.8
-0.74644 -2.9
-0.74619 -3.0
-0.74595 -3.2
-0.7457 -3.3
-0.74546 -3.4
-0.74521 -3.5
-0.74497 -3.6
-0.74473 -3.7
-0.74448 -3.7
-0.74424 -3.8
-0.74399 -3.8
-0.74375 -3.9
-0.74351 -3.9
-0.74326 -3.9
-0.74302 -3.9
-0.74277 -3.9
-0.74253 -3.9
-0.74228 -3.8
-0.74204 -3.8
-0.7418 -3.7
-0.74155 -3.7
-0.74131 -3.6
-0.74106 -3.5
-0.74082 -3.4
-0.74058 -3.3
-0.74033 -3.2
-0.74009 -3.1
-0.73984 -2.9
-0.7396 -2.8
-0.73936 -2.7
-0.73911 -2.5
-0.73887 -2.3
-0.73862 -2.2
-0.73838 -2.0
-0.73813 -1.8
-0.73789 -1.6
-0.73765 -1.4
-0.7374 -1.2
-0.73716 -1.0
-0.73691 -0.8
-0.73667 -0.6
-0.73643 -0.4
-0.73618 -0.2
-0.73594 0.0
-0.73569 0.2
-0.73545 0.4
-0.7352 0.6
-0.73496 0.8
-0.73472 1.1
-0.73447 1.3
-0.73423 1.4
-0.73398 1.6
-0.73374 1.8
-0.7335 2.0
-0.73325 2.2
-0.73301 2.4
-0.73276 2.5
-0.73252 2.7
-0.73228 2.8
-0.73203 3.0
-0.73179 3.1
-0.73154 3.2
-0.7313 3.3
-0.73105 3.4
-0.73081 3.5
-0.73057 3.6
-0.73032 3.7
-0.73008 3.8
-0.72983 3.8
-0.72959 3.9
-0.72935 3.9
-0.7291 3.9
-0.72886 3.9
-0.72861 3.9
-0.72837 3.9
-0.72812 3.9
-0.72788 3.8
-0.72764 3.8
-0.72739 3.7
-0.72715 3.7
-0.7269 3.6
-0.72666 3.5
-0.72642 3.4
-0.72617 3.3
-0.72593 3.1
-0.72568 3.0
-0.72544 2.9
-0.72519 2.7
-0.72495 2.6
-0.72471 2.4
-0.72446 2.2
-0.72422 2.1
-0.72397 1.9
-0.72373 1.7
-0.72349 1.5
-0.72324 1.3
-0.723 1.1
-0.72275 0.9
-0.72251 0.7
-0.72227 0.5
-0.72202 0.3
-0.72178 0.0
-0.72153 -0.2
-0.72129 -0.4
-0.72104 -0.6
-0.7208 -0.8
-0.72056 -1.0
-0.72031 -1.2
-0.72007 -1.4
-0.71982 -1.6
-0.71958 -1.8
-0.71934 -2.0
-0.71909 -2.2
-0.71885 -2.3
-0.7186 -2.5
-0.71836 -2.7
-0.71811 -2.8
-0.71787 -3.0
-0.71763 -3.1
-0.71738 -3.2
-0.71714 -3.3
-0.71689 -3.4
-0.71665 -3.5
-0.71641 -3.6
-0.71616 -3.7
-0.71592 -3.8
-0.71567 -3.8
-0.71543 -3.9
-0.71519 -3.9
-0.71494 -3.9
-0.7147 -3.9
-0.71445 -3.9
-0.71421 -3.9
-0.71396 -3.9
-0.71372 -3.9
-0.71348 -3.8
-0.71323 -3.7
-0.71299 -3.7
-0.71274 -3.6
-0.7125 -3.5
-0.71226 -3.4
-0.71201 -3.3
-0.71177 -3.2
-0.71152 -3.0
-0.71128 -2.9
-0.71103 -2.8
-0.71079 -2.6
-0.71055 -2.4
-0.7103 -2.3
-0.71006 -2.1
-0.70981 -1.9
-0.70957 -1.7
-0.70933 -1.5
-0.70908 -1.3
-0.70884 -1.1
-0.70859 -0.9
-0.70835 -0.7
-0.70811 -0.5
-0.70786 -0.3
-0.70762 0.0
-0.70737 0.2
-0.70713 0.4
-0.70688 0.6
-0.70664 0.8
-0.7064 1.0
-0.70615 1.2
-0.70591 1.4
-0.70566 1.6
-0.70542 1.8
-0.70518 2.0
-0.70493 2.2
-0.70469 2.4
-0.70444 2.5
-0.7042 2.7
-0.70395 2.8
-0.70371 3.0
-0.70347 3.1
-0.70322 3.3
-0.70298 3.4
-0.70273 3.5
-0.70249 3.6
-0.70225 3.7
-0.702 3.7
-0.70176 3.8
-0.70151 3.9
-0.70127 3.9
-0.70103 3.9
-0.70078 3.9
-0.70054 4.0
-0.70029 3.9
-0.70005 3.9
-0.6998 3.9
-0.69956 3.9
-0.69932 3.8
-0.69907 3.7
-0.69883 3.7
-0.69858 3.6
-0.69834 3.5
-0.6981 3.4
-0.69785 3.3
-0.69761 3.1
-0.69736 3.0
-0.69712 2.9
-0.69687 2.7
-0.69663 2.5
-0.69639 2.4
-0.69614 2.2
-0.6959 2.0
-0.69565 1.8
-0.69541 1.6
-0.69517 1.4
-0.69492 1.2
-0.69468 1.0
-0.69443 0.8
-0.69419 0.6
-0.69394 0.4
-0.6937 0.2
-0.69346 0.0
-0.69321 -0.3
-0.69297 -0.5
-0.69272 -0.7
-0.69248 -0.9
-0.69224 -1.1
-0.69199 -1.3
-0.69175 -1.5
-0.6915 -1.7
-0.69126 -1.9
-0.69102 -2.1
-0.69077 -2.3
-0.69053 -2.5
-0.69028 -2.6
-0.69004 -2.8
-0.68979 -2.9
-0.68955 -3.1
-0.68931 -3.2
-0.68906 -3.3
-0.68882 -3.5
-0.68857 -3.6
-0.68833 -3.6
-0.68809 -3.7
-0.68784 -3.8
-0.6876 -3.9
-0.68735 -3.9
-0.68711 -3.9
-0.68686 -4.0
-0.68662 -4.0
-0.68638 -4.0
-0.68613 -4.0
-0.68589 -3.9
-0.68564 -3.9
-0.6854 -3.8
-0.68516 -3.8
-0.68491 -3.7
-0.68467 -3.6
-0.68442 -3.5
-0.68418 -3.4
-0.68394 -3.3
-0.68369 -3.2
-0.68345 -3.1
-0.6832 -2.9
-0.68296 -2.8
-0.68271 -2.6
-0.68247 -2.4
-0.68223 -2.2
-0.68198 -2.1
-0.68174 -1.9
-0.68149 -1.7
-0.68125 -1.5
-0.68101 -1.3
-0.68076 -1.1
-0.68052 -0.8
-0.68027 -0.6
-0.68003 -0.4
-0.67978 -0.2
-0.67954 0.0
-0.6793 0.2
-0.67905 0.5
-0.67881 0.7
-0.67856 0.9
-0.67832 1.1
-0.67808 1.3
-0.67783 1.5
-0.67759 1.7
-0.67734 1.9
-0.6771 2.1
-0.67686 2.3
-0.67661 2.5
-0.67637 2.6
-0.67612 2.8
-0.67588 3.0
-0.67563 3.1
-0.67539 3.2
-0.67515 3.4
-0.6749 3.5
-0.67466 3.6
-0.67441 3.7
-0.67417 3.7
-0.67393 3.8
-0.67368 3.9
-0.67344 3.9
-0.67319 4.0
-0.67295 4.0
-0.6727 4.0
-0.67246 4.0
-0.67222 4.0
-0.67197 3.9
-0.67173 3.9
-0.67148 3.9
-0.67124 3.8
-0.671 3.7
-0.67075 3.6
-0.67051 3.5
-0.67026 3.4
-0.67002 3.3
-0.66978 3.2
-0.66953 3.0
-0.66929 2.9
-0.66904 2.7
-0.6688 2.6
-0.66855 2.4
-0.66831 2.2
-0.66807 2.0
-0.66782 1.8
-0.66758 1.6
-0.66733 1.4
-0.66709 1.2
-0.66685 1.0
-0.6666 0.8
-0.66636 0.6
-0.66611 0.4
-0.66587 0.1
-0.66562 0.0
-0.66538 -0.3
-0.66514 -0.5
-0.66489 -0.7
-0.66465 -1.0
-0.6644 -1.2
-0.66416 -1.4
-0.66392 -1.6
-0.66367 -1.8
-0.66343 -2.0
-0.66318 -2.2
-0.66294 -2.4
-0.66269 -2.5
-0.66245 -2.7
-0.66221 -2.9
-0.66196 -3.0
-0.66172 -3.2
-0.66147 -3.3
-0.66123 -3.4
-0.66099 -3.5
-0.66074 -3.6
-0.6605 -3.7
-0.66025 -3.8
-0.66001 -3.9
-0.65977 -3.9
-0.65952 -4.0
-0.65928 -4.0
-0.65903 -4.0
-0.65879 -4.0
-0.65854 -4.0
-0.6583 -4.0
-0.65806 -3.9
-0.65781 -3.9
-0.65757 -3.8
-0.65732 -3.8
-0.65708 -3.7
-0.65684 -3.6
-0.65659 -3.5
-0.65635 -3.4
-0.6561 -3.3
-0.65586 -3.1
-0.65561 -3.0
-0.65537 -2.8
-0.65513 -2.7
-0.65488 -2.5
-0.65464 -2.3
-0.65439 -2.1
-0.65415 -1.9
-0.65391 -1.7
-0.65366 -1.5
-0.65342 -1.3
-0.65317 -1.1
-0.65293 -0.9
-0.65269 -0.7
-0.65244 -0.4
-0.6522 -0.2
-0.65195 0.0
-0.65171 0.2
-0.65146 0.5
-0.65122 0.7
-0.65098 0.9
-0.65073 1.1
-0.65049 1.3
-0.65024 1.6
-0.65 1.8
-0.64976 2.0
-0.64951 2.2
-0.64927 2.3
-0.64902 2.5
-0.64878 2.7
-0.64853 2.9
-0.64829 3.0
-0.64805 3.2
-0.6478 3.3
-0.64756 3.4
-0.64731 3.5
-0.64707 3.6
-0.64683 3.7
-0.64658 3.8
-0.64634 3.9
-0.64609 3.9
-0.64585 4.0
-0.64561 4.0
-0.64536 4.0
-0.64512 4.0
-0.64487 4.0
-0.64463 4.0
-0.64438 4.0
-0.64414 3.9
-0.6439 3.9
-0.64365 3.8
-0.64341 3.7
-0.64316 3.6
-0.64292 3.5
-0.64268 3.4
-0.64243 3.3
-0.64219 3.1
-0.64194 3.0
-0.6417 2.8
-0.64145 2.7
-0.64121 2.5
-0.64097 2.3
-0.64072 2.1
-0.64048 1.9
-0.64023 1.7
-0.63999 1.5
-0.63975 1.3
-0.6395 1.1
-0.63926 0.9
-0.63901 0.6
-0.63877 0.4
-0.63853 0.2
-0.63828 0.0
-0.63804 -0.3
-0.63779 -0.5
-0.63755 -0.7
-0.6373 -0.9
-0.63706 -1.2
-0.63682 -1.4
-0.63657 -1.6
-0.63633 -1.8
-0.63608 -2.0
-0.63584 -2.2
-0.6356 -2.4
-0.63535 -2.6
-0.63511 -2.7
-0.63486 -2.9
-0.63462 -3.1
-0.63437 -3.2
-0.63413 -3.3
-0.63389 -3.5
-0.63364 -3.6
-0.6334 -3.7
-0.63315 -3.8
-0.63291 -3.8
-0.63267 -3.9
-0.63242 -4.0
-0.63218 -4.0
-0.63193 -4.0
-0.63169 -4.0
-0.63144 -4.0
-0.6312 -4.0
-0.63096 -4.0
-0.63071 -4.0
-0.63047 -3.9
-0.63022 -3.9
-0.62998 -3.8
-0.62974 -3.7
-0.62949 -3.6
-0.62925 -3.5
-0.629 -3.4
-0.62876 -3.2
-0.62852 -3.1
-0.62827 -2.9
-0.62803 -2.8
-0.62778 -2.6
-0.62754 -2.4
-0.62729 -2.2
-0.62705 -2.0
-0.62681 -1.8
-0.62656 -1.6
-0.62632 -1.4
-0.62607 -1.2
-0.62583 -1.0
-0.62559 -0.8
-0.62534 -0.5
-0.6251 -0.3
-0.62485 0.0
-0.62461 0.2
-0.62436 0.4
-0.62412 0.6
-0.62388 0.8
-0.62363 1.1
-0.62339 1.3
-0.62314 1.5
-0.6229 1.7
-0.62266 1.9
-0.62241 2.1
-0.62217 2.3
-0.62192 2.5
-0.62168 2.7
-0.62144 2.9
-0.62119 3.0
-0.62095 3.2
-0.6207 3.3
-0.62046 3.4
-0.62021 3.6
-0.61997 3.7
-0.61973 3.8
-0.61948 3.8
-0.61924 3.9
-0.61899 4.0
-0.61875 4.0
-0.61851 4.0
-0.61826 4.1
-0.61802 4.1
-0.61777 4.1
-0.61753 4.0
-0.61728 4.0
-0.61704 4.0
-0.6168 3.9
-0.61655 3.8
-0.61631 3.7
-0.61606 3.6
-0.61582 3.5
-0.61558 3.4
-0.61533 3.3
-0.61509 3.1
-0.61484 3.0
-0.6146 2.8
-0.61436 2.6
-0.61411 2.5
-0.61387 2.3
-0.61362 2.1
-0.61338 1.9
-0.61313 1.7
-0.61289 1.4
-0.61265 1.2
-0.6124 1.0
-0.61216 0.8
-0.61191 0.5
-0.61167 0.3
-0.61143 0.0
-0.61118 -0.2
-0.61094 -0.4
-0.61069 -0.6
-0.61045 -0.8
-0.6102 -1.1
-0.60996 -1.3
-0.60972 -1.5
-0.60947 -1.7
-0.60923 -1.9
-0.60898 -2.1
-0.60874 -2.3
-0.6085 -2.5
-0.60825 -2.7
-0.60801 -2.9
-0.60776 -3.0
-0.60752 -3.2
-0.60728 -3.3
-0.60703 -3.5
-0.60679 -3.6
-0.60654 -3.7
-0.6063 -3.8
-0.60605 -3.9
-0.60581 -3.9
-0.60557 -4.0
-0.60532 -4.0
-0.60508 -4.1
-0.60483 -4.1
-0.60459 -4.1
-0.60435 -4.1
-0.6041 -4.1
-0.60386 -4.0
-0.60361 -4.0
-0.60337 -3.9
-0.60312 -3.8
-0.60288 -3.7
-0.60264 -3.6
-0.60239 -3.5
-0.60215 -3.4
-0.6019 -3.3
-0.60166 -3.1
-0.60142 -3.0
-0.60117 -2.8
-0.60093 -2.6
-0.60068 -2.4
-0.60044 -2.2
-0.60019 -2.0
-0.59995 -1.8
-0.59971 -1.6
-0.59946 -1.4
-0.59922 -1.2
-0.59897 -0.9
-0.59873 -0.7
-0.59849 -0.5
-0.59824 -0.2
-0.598 0.0
-0.59775 0.2
-0.59751 0.5
-0.59727 0.7
-0.59702 0.9
-0.59678 1.2
-0.59653 1.4
-0.59629 1.6
-0.59604 1.8
-0.5958 2.0
-0.59556 2.2
-0.59531 2.4
-0.59507 2.6
-0.59482 2.8
-0.59458 3.0
-0.59434 3.1
-0.59409 3.3
-0.59385 3.4
-0.5936 3.5
-0.59336 3.7
-0.59311 3.8
-0.59287 3.8
-0.59263 3.9
-0.59238 4.0
-0.59214 4.0
-0.59189 4.1
-0.59165 4.1
-0.59141 4.1
-0.59116 4.1
-0.59092 4.1
-0.59067 4.1
-0.59043 4.0
-0.59019 3.9
-0.58994 3.9
-0.5897 3.8
-0.58945 3.7
-0.58921 3.6
-0.58896 3.5
-0.58872 3.3
-0.58848 3.2
-0.58823 3.0
-0.58799 2.9
-0.58774 2.7
-0.5875 2.5
-0.58726 2.3
-0.58701 2.1
-0.58677 1.9
-0.58652 1.7
-0.58628 1.4
-0.58603 1.2
-0.58579 1.0
-0.58555 0.8
-0.5853 0.5
-0.58506 0.3
-0.58481 0.0
-0.58457 -0.2
-0.58433 -0.4
-0.58408 -0.7
-0.58384 -0.9
-0.58359 -1.1
-0.58335 -1.4
-0.58311 -1.6
-0.58286 -1.8
-0.58262 -2.0
-0.58237 -2.2
-0.58213 -2.4
-0.58188 -2.6
-0.58164 -2.8
-0.5814 -3.0
-0.58115 -3.1
-0.58091 -3.3
-0.58066 -3.4
-0.58042 -3.6
-0.58018 -3.7
-0.57993 -3.8
-0.57969 -3.9
-0.57944 -3.9
-0.5792 -4.0
-0.57895 -4.1
-0.57871 -4.1
-0.57847 -4.1
-0.57822 -4.1
-0.57798 -4.1
-0.57773 -4.1
-0.57749 -4.1
-0.57725 -4.0
-0.577 -4.0
-0.57676 -3.9
-0.57651 -3.8
-0.57627 -3.7
-0.57603 -3.6
-0.57578 -3.5
-0.57554 -3.3
-0.57529 -3.2
-0.57505 -3.0
-0.5748 -2.8
-0.57456 -2.7
-0.57432 -2.5
-0.57407 -2.3
-0.57383 -2.1
-0.57358 -1.9
-0.57334 -1.6
-0.5731 -1.4
-0.57285 -1.2
-0.57261 -1.0
-0.57236 -0.7
-0.57212 -0.5
-0.57187 -0.2
-0.57163 0.0
-0.57139 0.3
-0.57114 0.5
-0.5709 0.7
-0.57065 1.0
-0.57041 1.2
-0.57017 1.4
-0.56992 1.7
-0.56968 1.9
-0.56943 2.1
-0.56919 2.3
-0.56894 2.5
-0.5687 2.7
-0.56846 2.9
-0.56821 3.0
-0.56797 3.2
-0.56772 3.4
-0.56748 3.5
-0.56724 3.6
-0.56699 3.7
-0.56675 3.8
-0.5665 3.9
-0.56626 4.0
-0.56602 4.1
-0.56577 4.1
-0.56553 4.1
-0.56528 4.1
-0.56504 4.2
-0.56479 4.1
-0.56455 4.1
-0.56431 4.1
-0.56406 4.0
-0.56382 4.0
-0.56357 3.9
-0.56333 3.8
-0.56309 3.7
-0.56284 3.5
-0.5626 3.4
-0.56235 3.3
-0.56211 3.1
-0.56186 2.9
-0.56162 2.8
-0.56138 2.6
-0.56113 2.4
-0.56089 2.2
-0.56064 2.0
-0.5604 1.7
-0.56016 1.5
-0.55991 1.3
-0.55967 1.0
-0.55942 0.8
-0.55918 0.6
-0.55894 0.3
-0.55869 0.0
-0.55845 -0.2
-0.5582 -0.4
-0.55796 -0.7
-0.55771 -0.9
-0.55747 -1.1
-0.55723 -1.4
-0.55698 -1.6
-0.55674 -1.8
-0.55649 -2.0
-0.55625 -2.3
-0.55601 -2.5
-0.55576 -2.7
-0.55552 -2.8
-0.55527 -3.0
-0.55503 -3.2
-0.55478 -3.3
-0.55454 -3.5
-0.5543 -3.6
-0.55405 -3.7
-0.55381 -3.8
-0.55356 -3.9
-0.55332 -4.0
-0.55308 -4.1
-0.55283 -4.1
-0.55259 -4.1
-0.55234 -4.2
-0.5521 -4.2
-0.55186 -4.2
-0.55161 -4.1
-0.55137 -4.1
-0.55112 -4.0
-0.55088 -4.0
-0.55063 -3.9
-0.55039 -3.8
-0.55015 -3.7
-0.5499 -3.6
-0.54966 -3.4
-0.54941 -3.3
-0.54917 -3.1
-0.54893 -3.0
-0.54868 -2.8
-0.54844 -2.6
-0.54819 -2.4
-0.54795 -2.2
-0.5477 -2.0
-0.54746 -1.7
-0.54722 -1.5
-0.54697 -1.3
-0.54673 -1.0
-0.54648 -0.8
-0.54624 -0.6
-0.546 -0.3
-0.54575 0.0
-0.54551 0.2
-0.54526 0.4
-0.54502 0.7
-0.54478 0.9
-0.54453 1.2
-0.54429 1.4
-0.54404 1.6
-0.5438 1.9
-0.54355 2.1
-0.54331 2.3
-0.54307 2.5
-0.54282 2.7
-0.54258 2.9
-0.54233 3.1
-0.54209 3.2
-0.54185 3.4
-0.5416 3.5
-0.54136 3.7
-0.54111 3.8
-0.54087 3.9
-0.54062 4.0
-0.54038 4.0
-0.54014 4.1
-0.53989 4.1
-0.53965 4.2
-0.5394 4.2
-0.53916 4.2
-0.53892 4.2
-0.53867 4.2
-0.53843 4.1
-0.53818 4.0
-0.53794 4.0
-0.53769 3.9
-0.53745 3.8
-0.53721 3.7
-0.53696 3.5
-0.53672 3.4
-0.53647 3.2
-0.53623 3.1
-0.53599 2.9
-0.53574 2.7
-0.5355 2.5
-0.53525 2.3
-0.53501 2.1
-0.53477 1.9
-0.53452 1.6
-0.53428 1.4
-0.53403 1.2
-0.53379 0.9
-0.53354 0.7
-0.5333 0.4
-0.53306 0.2
-0.53281 0.0
-0.53257 -0.3
-0.53232 -0.6
-0.53208 -0.8
-0.53184 -1.1
-0.53159 -1.3
-0.53135 -1.6
-0.5311 -1.8
-0.53086 -2.0
-0.53061 -2.2
-0.53037 -2.4
-0.53013 -2.6
-0.52988 -2.8
-0.52964 -3.0
-0.52939 -3.2
-0.52915 -3.4
-0.52891 -3.5
-0.52866 -3.6
-0.52842 -3.8
-0.52817 -3.9
-0.52793 -4.0
-0.52769 -4.0
-0.52744 -4.1
-0.5272 -4.2
-0.52695 -4.2
-0.52671 -4.2
-0.52646 -4.2
-0.52622 -4.2
-0.52598 -4.2
-0.52573 -4.1
-0.52549 -4.1
-0.52524 -4.0
-0.525 -3.9
-0.52476 -3.8
-0.52451 -3.7
-0.52427 -3.6
-0.52402 -3.4
-0.52378 -3.3
-0.52353 -3.1
-0.52329 -2.9
-0.52305 -2.8
-0.5228 -2.6
-0.52256 -2.4
-0.52231 -2.1
-0.52207 -1.9
-0.52183 -1.7
-0.52158 -1.4
-0.52134 -1.2
-0.52109 -1.0
-0.52085 -0.7
-0.52061 -0.4
-0.52036 -0.2
-0.52012 0.0
-0.51987 0.3
-0.51963 0.6
-0.51938 0.8
-0.51914 1.1
-0.5189 1.3
-0.51865 1.6
-0.51841 1.8
-0.51816 2.0
-0.51792 2.3
-0.51768 2.5
-0.51743 2.7
-0.51719 2.9
-0.51694 3.1
-0.5167 3.2
-0.51645 3.4
-0.51621 3.5
-0.51597 3.7
-0.51572 3.8
-0.51548 3.9
-0.51523 4.0
-0.51499 4.1
-0.51475 4.1
-0.5145 4.2
-0.51426 4.2
-0.51401 4.2
-0.51377 4.2
-0.51353 4.2
-0.51328 4.2
-0.51304 4.2
-0.51279 4.1
-0.51255 4.0
-0.5123 3.9
-0.51206 3.8
-0.51182 3.7
-0.51157 3.6
-0.51133 3.4
-0.51108 3.3
-0.51084 3.1
-0.5106 2.9
-0.51035 2.7
-0.51011 2.5
-0.50986 2.3
-0.50962 2.1
-0.50937 1.8
-0.50913 1.6
-0.50889 1.4
-0.50864 1.1
-0.5084 0.9
-0.50815 0.6
-0.50791 0.3
-0.50767 0.0
-0.50742 -0.2
-0.50718 -0.4
-0.50693 -0.7
-0.50669 -0.9
-0.50644 -1.2
-0.5062 -1.4
-0.50596 -1.7
-0.50571 -1.9
-0.50547 -2.2
-0.50522 -2.4
-0.50498 -2.6
-0.50474 -2.8
-0.50449 -3.0
-0.50425 -3.2
-0.504 -3.3
-0.50376 -3.5
-0.50352 -3.6
-0.50327 -3.8
-0.50303 -3.9
-0.50278 -4.0
-0.50254 -4.1
-0.50229 -4.1
-0.50205 -4.2
-0.50181 -4.2
-0.50156 -4.3
-0.50132 -4.3
-0.50107 -4.3
-0.50083 -4.2
-0.50059 -4.2
-0.50034 -4.1
-0.5001 -4.1
-0.49985 -4.0
-0.49961 -3.9
-0.49936 -3.8
-0.49912 -3.6
-0.49888 -3.5
-0.49863 -3.3
-0.49839 -3.2
-0.49814 -3.0
-0.4979 -2.8
-0.49766 -2.6
-0.49741 -2.4
-0.49717 -2.1
-0.49692 -1.9
-0.49668 -1.7
-0.49644 -1.4
-0.49619 -1.2
-0.49595 -0.9
-0.4957 -0.7
-0.49546 -0.4
-0.49521 -0.1
-0.49497 0.1
-0.49473 0.4
-0.49448 0.7
-0.49424 0.9
-0.49399 1.2
-0.49375 1.4
-0.49351 1.7
-0.49326 1.9
-0.49302 2.1
-0.49277 2.4
-0.49253 2.6
-0.49228 2.8
-0.49204 3.0
-0.4918 3.2
-0.49155 3.3
-0.49131 3.5
-0.49106 3.7
-0.49082 3.8
-0.49058 3.9
-0.49033 4.0
-0.49009 4.1
-0.48984 4.2
-0.4896 4.2
-0.48936 4.3
-0.48911 4.3
-0.48887 4.3
-0.48862 4.3
-0.48838 4.3
-0.48813 4.2
-0.48789 4.2
-0.48765 4.1
-0.4874 4.0
-0.48716 3.9
-0.48691 3.8
-0.48667 3.6
-0.48643 3.5
-0.48618 3.3
-0.48594 3.1
-0.48569 3.0
-0.48545 2.8
-0.4852 2.5
-0.48496 2.3
-0.48472 2.1
-0.48447 1.9
-0.48423 1.6
-0.48398 1.4
-0.48374 1.1
-0.4835 0.9
-0.48325 0.6
-0.48301 0.3
-0.48276 0.0
-0.48252 -0.2
-0.48228 -0.5
-0.48203 -0.7
-0.48179 -1.0
-0.48154 -1.3
-0.4813 -1.5
-0.48105 -1.8
-0.48081 -2.0
-0.48057 -2.2
-0.48032 -2.5
-0.48008 -2.7
-0.47983 -2.9
-0.47959 -3.1
-0.47935 -3.3
-0.4791 -3.4
-0.47886 -3.6
-0.47861 -3.7
-0.47837 -3.9
-0.47812 -4.0
-0.47788 -4.1
-0.47764 -4.2
-0.47739 -4.2
-0.47715 -4.3
-0.4769 -4.3
-0.47666 -4.3
-0.47642 -4.3
-0.47617 -4.3
-0.47593 -4.3
-0.47568 -4.2
-0.47544 -4.1
-0.47519 -4.1
-0.47495 -4.0
-0.47471 -3.8
-0.47446 -3.7
-0.47422 -3.6
-0.47397 -3.4
-0.47373 -3.2
-0.47349 -3.0
-0.47324 -2.8
-0.473 -2.6
-0.47275 -2.4
-0.47251 -2.2
-0.47227 -2.0
-0.47202 -1.7
-0.47178 -1.5
-0.47153 -1.2
-0.47129 -0.9
-0.47104 -0.7
-0.4708 -0.4
-0.47056 -0.1
-0.47031 0.1
-0.47007 0.4
-0.46982 0.7
-0.46958 1.0
-0.46934 1.2
-0.46909 1.5
-0.46885 1.7
-0.4686 2.0
-0.46836 2.2
-0.46811 2.4
-0.46787 2.7
-0.46763 2.9
-0.46738 3.1
-0.46714 3.3
-0.46689 3.4
-0.46665 3.6
-0.46641 3.7
-0.46616 3.9
-0.46592 4.0
-0.46567 4.1
-0.46543 4.2
-0.46519 4.2
-0.46494 4.3
-0.4647 4.3
-0.46445 4.3
-0.46421 4.3
-0.46396 4.3
-0.46372 4.3
-0.46348 4.2
-0.46323 4.2
-0.46299 4.1
-0.46274 4.0
-0.4625 3.9
-0.46226 3.7
-0.46201 3.6
-0.46177 3.4
-0.46152 3.2
-0.46128 3.0
-0.46103 2.8
-0.46079 2.6
-0.46055 2.4
-0.4603 2.2
-0.46006 1.9
-0.45981 1.7
-0.45957 1.4
-0.45933 1.2
-0.45908 0.9
-0.45884 0.6
-0.45859 0.3
-0.45835 0.0
-0.45811 -0.2
-0.45786 -0.5
-0.45762 -0.8
-0.45737 -1.0
-0.45713 -1.3
-0.45688 -1.6
-0.45664 -1.8
-0.4564 -2.1
-0.45615 -2.3
-0.45591 -2.5
-0.45566 -2.7
-0.45542 -3.0
-0.45518 -3.2
-0.45493 -3.3
-0.45469 -3.5
-0.45444 -3.7
-0.4542 -3.8
-0.45395 -3.9
-0.45371 -4.1
-0.45347 -4.1
-0.45322 -4.2
-0.45298 -4.3
-0.45273 -4.3
-0.45249 -4.4
-0.45225 -4.4
-0.452 -4.4
-0.45176 -4.3
-0.45151 -4.3
-0.45127 -4.2
-0.45103 -4.1
-0.45078 -4.1
-0.45054 -3.9
-0.45029 -3.8
-0.45005 -3.7
-0.4498 -3.5
-0.44956 -3.3
-0.44932 -3.2
-0.44907 -3.0
-0.44883 -2.7
-0.44858 -2.5
-0.44834 -2.3
-0.4481 -2.0
-0.44785 -1.8
-0.44761 -1.5
-0.44736 -1.3
-0.44712 -1.0
-0.44687 -0.7
-0.44663 -0.4
-0.44639 -0.2
-0.44614 0.1
-0.4459 0.4
-0.44565 0.7
-0.44541 0.9
-0.44517 1.2
-0.44492 1.5
-0.44468 1.7
-0.44443 2.0
-0.44419 2.2
-0.44394 2.5
-0.4437 2.7
-0.44346 2.9
-0.44321 3.1
-0.44297 3.3
-0.44272 3.5
-0.44248 3.7
-0.44224 3.8
-0.44199 3.9
-0.44175 4.1
-0.4415 4.2
-0.44126 4.2
-0.44102 4.3
-0.44077 4.4
-0.44053 4.4
-0.44028 4.4
-0.44004 4.4
-0.43979 4.4
-0.43955 4.3
-0.43931 4.3
-0.43906 4.2
-0.43882 4.1
-0.43857 4.0
-0.43833 3.8
-0.43809 3.7
-0.43784 3.5
-0.4376 3.4
-0.43735 3.2
-0.43711 3.0
-0.43686 2.8
-0.43662 2.5
-0.43638 2.3
-0.43613 2.0
-0.43589 1.8
-0.43564 1.5
-0.4354 1.3
-0.43516 1.0
-0.43491 0.7
-0.43467 0.4
-0.43442 0.1
-0.43418 -0.1
-0.43394 -0.4
-0.43369 -0.7
-0.43345 -1.0
-0.4332 -1.3
-0.43296 -1.5
-0.43271 -1.8
-0.43247 -2.1
-0.43223 -2.3
-0.43198 -2.5
-0.43174 -2.8
-0.43149 -3.0
-0.43125 -3.2
-0.43101 -3.4
-0.43076 -3.6
-0.43052 -3.7
-0.43027 -3.9
-0.43003 -4.0
-0.42978 -4.1
-0.42954 -4.2
-0.4293 -4.3
-0.42905 -4.3
-0.42881 -4.4
-0.42856 -4.4
-0.42832 -4.4
-0.42808 -4.4
-0.42783 -4.4
-0.42759 -4.3
-0.42734 -4.3
-0.4271 -4.2
-0.42686 -4.1
-0.42661 -3.9
-0.42637 -3.8
-0.42612 -3.7
-0.42588 -3.5
-0.42563 -3.3
-0.42539 -3.1
-0.42515 -2.9
-0.4249 -2.7
-0.42466 -2.4
-0.42441 -2.2
-0.42417 -1.9
-0.42393 -1.7
-0.42368 -1.4
-0.42344 -1.1
-0.42319 -0.8
-0.42295 -0.6
-0.4227 -0.3
-0.42246 0.0
-0.42222 0.3
-0.42197 0.6
-0.42173 0.9
-0.42148 1.2
-0.42124 1.4
-0.421 1.7
-0.42075 2.0
-0.42051 2.2
-0.42026 2.5
-0.42002 2.7
-0.41978 2.9
-0.41953 3.2
-0.41929 3.4
-0.41904 3.5
-0.4188 3.7
-0.41855 3.9
-0.41831 4.0
-0.41807 4.1
-0.41782 4.2
-0.41758 4.3
-0.41733 4.4
-0.41709 4.4
-0.41685 4.4
-0.4166 4.4
-0.41636 4.4
-0.41611 4.4
-0.41587 4.4
-0.41562 4.3
-0.41538 4.2
-0.41514 4.1
-0.41489 4.0
-0.41465 3.8
-0.4144 3.7
-0.41416 3.5
-0.41392 3.3
-0.41367 3.1
-0.41343 2.9
-0.41318 2.7
-0.41294 2.5
-0.41269 2.2
-0.41245 1.9
-0.41221 1.7
-0.41196 1.4
-0.41172 1.1
-0.41147 0.8
-0.41123 0.5
-0.41099 0.3
-0.41074 0.0
-0.4105 -0.3
-0.41025 -0.6
-0.41001 -0.9
-0.40977 -1.2
-0.40952 -1.5
-0.40928 -1.8
-0.40903 -2.0
-0.40879 -2.3
-0.40854 -2.5
-0.4083 -2.8
-0.40806 -3.0
-0.40781 -3.2
-0.40757 -3.4
-0.40732 -3.6
-0.40708 -3.8
-0.40684 -3.9
-0.40659 -4.0
-0.40635 -4.2
-0.4061 -4.3
-0.40586 -4.3
-0.40561 -4.4
-0.40537 -4.5
-0.40513 -4.5
-0.40488 -4.5
-0.40464 -4.5
-0.40439 -4.4
-0.40415 -4.4
-0.40391 -4.3
-0.40366 -4.2
-0.40342 -4.1
-0.40317 -4.0
-0.40293 -3.8
-0.40269 -3.7
-0.40244 -3.5
-0.4022 -3.3
-0.40195 -3.1
-0.40171 -2.8
-0.40146 -2.6
-0.40122 -2.4
-0.40098 -2.1
-0.40073 -1.8
-0.40049 -1.6
-0.40024 -1.3
-0.4 -1.0
-0.39976 -0.7
-0.39951 -0.4
-0.39927 -0.1
-0.39902 0.2
-0.39878 0.5
-0.39853 0.8
-0.39829 1.1
-0.39805 1.4
-0.3978 1.7
-0.39756 1.9
-0.39731 2.2
-0.39707 2.5
-0.39683 2.7
-0.39658 2.9
-0.39634 3.2
-0.39609 3.4
-0.39585 3.6
-0.39561 3.7
-0.39536 3.9
-0.39512 4.0
-0.39487 4.2
-0.39463 4.3
-0.39438 4.4
-0.39414 4.4
-0.3939 4.5
-0.39365 4.5
-0.39341 4.5
-0.39316 4.5
-0.39292 4.5
-0.39268 4.4
-0.39243 4.3
-0.39219 4.3
-0.39194 4.1
-0.3917 4.0
-0.39145 3.9
-0.39121 3.7
-0.39097 3.5
-0.39072 3.3
-0.39048 3.1
-0.39023 2.9
-0.38999 2.7
-0.38975 2.4
-0.3895 2.1
-0.38926 1.9
-0.38901 1.6
-0.38877 1.3
-0.38853 1.0
-0.38828 0.7
-0.38804 0.4
-0.38779 0.1
-0.38755 -0.2
-0.3873 -0.5
-0.38706 -0.8
-0.38682 -1.1
-0.38657 -1.4
-0.38633 -1.7
-0.38608 -2.0
-0.38584 -2.2
-0.3856 -2.5
-0.38535 -2.7
-0.38511 -3.0
-0.38486 -3.2
-0.38462 -3.4
-0.38437 -3.6
-0.38413 -3.8
-0.38389 -3.9
-0.38364 -4.1
-0.3834 -4.2
-0.38315 -4.3
-0.38291 -4.4
-0.38267 -4.5
-0.38242 -4.5
-0.38218 -4.5
-0.38193 -4.5
-0.38169 -4.5
-0.38144 -4.5
-0.3812 -4.4
-0.38096 -4.3
-0.38071 -4.3
-0.38047 -4.1
-0.38022 -4.0
-0.37998 -3.8
-0.37974 -3.7
-0.37949 -3.5
-0.37925 -3.3
-0.379 -3.1
-0.37876 -2.8
-0.37852 -2.6
-0.37827 -2.3
-0.37803 -2.0
-0.37778 -1.8
-0.37754 -1.5
-0.37729 -1.2
-0.37705 -0.9
-0.37681 -0.6
-0.37656 -0.3
-0.37632 0.0
-0.37607 0.3
-0.37583 0.7
-0.37559 1.0
-0.37534 1.3
-0.3751 1.6
-0.37485 1.8
-0.37461 2.1
-0.37436 2.4
-0.37412 2.6
-0.37388 2.9
-0.37363 3.1
-0.37339 3.3
-0.37314 3.6
-0.3729 3.7
-0.37266 3.9
-0.37241 4.1
-0.37217 4.2
-0.37192 4.3
-0.37168 4.4
-0.37144 4.5
-0.37119 4.5
-0.37095 4.6
-0.3707 4.6
-0.37046 4.6
-0.37021 4.5
-0.36997 4.5
-0.36973 4.4
-0.36948 4.3
-0.36924 4.2
-0.36899 4.1
-0.36875 3.9
-0.36851 3.7
-0.36826 3.5
-0.36802 3.3
-0.36777 3.1
-0.36753 2.9
-0.36728 2.6
-0.36704 2.4
-0.3668 2.1
-0.36655 1.8
-0.36631 1.5
-0.36606 1.2
-0.36582 0.9
-0.36558 0.6
-0.36533 0.3
-0.36509 0.0
-0.36484 -0.3
-0.3646 -0.7
-0.36436 -1.0
-0.36411 -1.3
-0.36387 -1.6
-0.36362 -1.9
-0.36338 -2.1
-0.36313 -2.4
-0.36289 -2.7
-0.36265 -2.9
-0.3624 -3.2
-0.36216 -3.4
-0.36191 -3.6
-0.36167 -3.8
-0.36143 -4.0
-0.36118 -4.1
-0.36094 -4.2
-0.36069 -4.4
-0.36045 -4.4
-0.3602 -4.5
-0.35996 -4.6
-0.35972 -4.6
-0.35947 -4.6
-0.35923 -4.6
-0.35898 -4.5
-0.35874 -4.5
-0.3585 -4.4
-0.35825 -4.3
-0.35801 -4.2
-0.35776 -4.0
-0.35752 -3.9
-0.35728 -3.7
-0.35703 -3.5
-0.35679 -3.3
-0.35654 -3.1
-0.3563 -2.8
-0.35605 -2.6
-0.35581 -2.3
-0.35557 -2.0
-0.35532 -1.7
-0.35508 -1.4
-0.35483 -1.1
-0.35459 -0.8
-0.35435 -0.5
-0.3541 -0.2
-0.35386 0.2
-0.35361 0.5
-0.35337 0.8
-0.35312 1.1
-0.35288 1.4
-0.35264 1.7
-0.35239 2.0
-0.35215 2.3
-0.3519 2.6
-0.35166 2.8
-0.35142 3.1
-0.35117 3.3
-0.35093 3.5
-0.35068 3.7
-0.35044 3.9
-0.35019 4.1
-0.34995 4.2
-0.34971 4.3
-0.34946 4.4
-0.34922 4.5
-0.34897 4.6
-0.34873 4.6
-0.34849 4.6
-0.34824 4.6
-0.348 4.6
-0.34775 4.5
-0.34751 4.5
-0.34727 4.4
-0.34702 4.2
-0.34678 4.1
-0.34653 3.9
-0.34629 3.8
-0.34604 3.6
-0.3458 3.4
-0.34556 3.1
-0.34531 2.9
-0.34507 2.6
-0.34482 2.3
-0.34458 2.1
-0.34434 1.8
-0.34409 1.5
-0.34385 1.1
-0.3436 0.8
-0.34336 0.5
-0.34311 0.2
-0.34287 -0.2
-0.34263 -0.5
-0.34238 -0.8
-0.34214 -1.1
-0.34189 -1.4
-0.34165 -1.7
-0.34141 -2.0
-0.34116 -2.3
-0.34092 -2.6
-0.34067 -2.9
-0.34043 -3.1
-0.34019 -3.4
-0.33994 -3.6
-0.3397 -3.8
-0.33945 -4.0
-0.33921 -4.1
-0.33896 -4.3
-0.33872 -4.4
-0.33848 -4.5
-0.33823 -4.6
-0.33799 -4.6
-0.33774 -4.7
-0.3375 -4.7
-0.33726 -4.7
-0.33701 -4.6
-0.33677 -4.6
-0.33652 -4.5
-0.33628 -4.4
-0.33603 -4.2
-0.33579 -4.1
-0.33555 -3.9
-0.3353 -3.7
-0.33506 -3.5
-0.33481 -3.3
-0.33457 -3.1
-0.33433 -2.8
-0.33408 -2.5
-0.33384 -2.3
-0.33359 -2.0
-0.33335 -1.7
-0.33311 -1.3
-0.33286 -1.0
-0.33262 -0.7
-0.33237 -0.4
-0.33213 0.0
-0.33188 0.3
-0.33164 0.6
-0.3314 1.0
-0.33115 1.3
-0.33091 1.6
-0.33066 1.9
-0.33042 2.2
-0.33018 2.5
-0.32993 2.8
-0.32969 3.0
-0.32944 3.3
-0.3292 3.5
-0.32895 3.7
-0.32871 3.9
-0.32847 4.1
-0.32822 4.2
-0.32798 4.4
-0.32773 4.5
-0.32749 4.6
-0.32725 4.6
-0.327 4.7
-0.32676 4.7
-0.32651 4.7
-0.32627 4.7
-0.32603 4.6
-0.32578 4.5
-0.32554 4.4
-0.32529 4.3
-0.32505 4.2
-0.3248 4.0
-0.32456 3.8
-0.32432 3.6
-0.32407 3.4
-0.32383 3.1
-0.32358 2.9
-0.32334 2.6
-0.3231 2.3
-0.32285 2.0
-0.32261 1.7
-0.32236 1.4
-0.32212 1.1
-0.32187 0.7
-0.32163 0.4
-0.32139 0.0
-0.32114 -0.3
-0.3209 -0.6
-0.32065 -1.0
-0.32041 -1.3
-0.32017 -1.6
-0.31992 -1.9
-0.31968 -2.2
-0.31943 -2.5
-0.31919 -2.8
-0.31894 -3.1
-0.3187 -3.3
-0.31846 -3.6
-0.31821 -3.8
-0.31797 -4.0
-0.31772 -4.1
-0.31748 -4.3
-0.31724 -4.4
-0.31699 -4.5
-0.31675 -4.6
-0.3165 -4.7
-0.31626 -4.7
-0.31602 -4.7
-0.31577 -4.7
-0.31553 -4.7
-0.31528 -4.6
-0.31504 -4.5
-0.31479 -4.4
-0.31455 -4.3
-0.31431 -4.2
-0.31406 -4.0
-0.31382 -3.8
-0.31357 -3.6
-0.31333 -3.3
-0.31309 -3.1
-0.31284 -2.8
-0.3126 -2.5
-0.31235 -2.2
-0.31211 -1.9
-0.31186 -1.6
-0.31162 -1.3
-0.31138 -0.9
-0.31113 -0.6
-0.31089 -0.3
-0.31064 0.0
-0.3104 0.4
-0.31016 0.8
-0.30991 1.1
-0.30967 1.4
-0.30942 1.8
-0.30918 2.1
-0.30894 2.4
-0.30869 2.7
-0.30845 3.0
-0.3082 3.2
-0.30796 3.5
-0.30771 3.7
-0.30747 3.9
-0.30723 4.1
-0.30698 4.3
-0.30674 4.4
-0.30649 4.5
-0.30625 4.6
-0.30601 4.7
-0.30576 4.7
-0.30552 4.8
-0.30527 4.8
-0.30503 4.7
-0.30478 4.7
-0.30454 4.6
-0.3043 4.5
-0.30405 4.4
-0.30381 4.2
-0.30356 4.0
-0.30332 3.9
-0.30308 3.6
-0.30283 3.4
-0.30259 3.1
-0.30234 2.9
-0.3021 2.6
-0.30186 2.3
-0.30161 2.0
-0.30137 1.6
-0.30112 1.3
-0.30088 1.0
-0.30063 0.6
-0.30039 0.3
-0.30015 0.0
-0.2999 -0.4
-0.29966 -0.8
-0.29941 -1.1
-0.29917 -1.5
-0.29893 -1.8
-0.29868 -2.1
-0.29844 -2.4
-0.29819 -2.7
-0.29795 -3.0
-0.2977 -3.3
-0.29746 -3.5
-0.29722 -3.8
-0.29697 -4.0
-0.29673 -4.2
-0.29648 -4.3
-0.29624 -4.5
-0.296 -4.6
-0.29575 -4.7
-0.29551 -4.8
-0.29526 -4.8
-0.29502 -4.8
-0.29478 -4.8
-0.29453 -4.8
-0.29429 -4.7
-0.29404 -4.6
-0.2938 -4.5
-0.29355 -4.4
-0.29331 -4.2
-0.29307 -4.0
-0.29282 -3.8
-0.29258 -3.6
-0.29233 -3.3
-0.29209 -3.1
-0.29185 -2.8
-0.2916 -2.5
-0.29136 -2.2
-0.29111 -1.9
-0.29087 -1.5
-0.29062 -1.2
-0.29038 -0.8
-0.29014 -0.5
-0.28989 -0.1
-0.28965 0.2
-0.2894 0.6
-0.28916 1.0
-0.28892 1.3
-0.28867 1.6
-0.28843 2.0
-0.28818 2.3
-0.28794 2.6
-0.28769 2.9
-0.28745 3.2
-0.28721 3.5
-0.28696 3.7
-0.28672 3.9
-0.28647 4.1
-0.28623 4.3
-0.28599 4.5
-0.28574 4.6
-0.2855 4.7
-0.28525 4.8
-0.28501 4.8
-0.28477 4.8
-0.28452 4.8
-0.28428 4.8
-0.28403 4.8
-0.28379 4.7
-0.28354 4.6
-0.2833 4.4
-0.28306 4.3
-0.28281 4.1
-0.28257 3.9
-0.28232 3.7
-0.28208 3.4
-0.28184 3.1
-0.28159 2.9
-0.28135 2.6
-0.2811 2.2
-0.28086 1.9
-0.28061 1.6
-0.28037 1.2
-0.28013 0.9
-0.27988 0.5
-0.27964 0.1
-0.27939 -0.2
-0.27915 -0.6
-0.27891 -1.0
-0.27866 -1.3
-0.27842 -1.7
-0.27817 -2.0
-0.27793 -2.3
-0.27769 -2.7
-0.27744 -3.0
-0.2772 -3.2
-0.27695 -3.5
-0.27671 -3.8
-0.27646 -4.0
-0.27622 -4.2
-0.27598 -4.4
-0.27573 -4.5
-0.27549 -4.6
-0.27524 -4.7
-0.275 -4.8
-0.27476 -4.9
-0.27451 -4.9
-0.27427 -4.9
-0.27402 -4.8
-0.27378 -4.8
-0.27353 -4.7
-0.27329 -4.6
-0.27305 -4.4
-0.2728 -4.3
-0.27256 -4.1
-0.27231 -3.8
-0.27207 -3.6
-0.27183 -3.3
-0.27158 -3.1
-0.27134 -2.8
-0.27109 -2.4
-0.27085 -2.1
-0.27061 -1.8
-0.27036 -1.4
-0.27012 -1.1
-0.26987 -0.7
-0.26963 -0.3
-0.26938 0.0
-0.26914 0.4
-0.2689 0.8
-0.26865 1.2
-0.26841 1.5
-0.26816 1.9
-0.26792 2.2
-0.26768 2.6
-0.26743 2.9
-0.26719 3.2
-0.26694 3.4
-0.2667 3.7
-0.26645 3.9
-0.26621 4.2
-0.26597 4.3
-0.26572 4.5
-0.26548 4.7
-0.26523 4.8
-0.26499 4.8
-0.26475 4.9
-0.2645 4.9
-0.26426 4.9
-0.26401 4.9
-0.26377 4.8
-0.26353 4.7
-0.26328 4.6
-0.26304 4.5
-0.26279 4.3
-0.26255 4.1
-0.2623 3.9
-0.26206 3.7
-0.26182 3.4
-0.26157 3.1
-0.26133 2.8
-0.26108 2.5
-0.26084 2.1
-0.2606 1.8
-0.26035 1.4
-0.26011 1.1
-0.25986 0.7
-0.25962 0.3
-0.25937 0.0
-0.25913 -0.5
-0.25889 -0.8
-0.25864 -1.2
-0.2584 -1.6
-0.25815 -1.9
-0.25791 -2.3
-0.25767 -2.6
-0.25742 -2.9
-0.25718 -3.2
-0.25693 -3.5
-0.25669 -3.8
-0.25644 -4.0
-0.2562 -4.2
-0.25596 -4.4
-0.25571 -4.6
-0.25547 -4.7
-0.25522 -4.8
-0.25498 -4.9
-0.25474 -5.0
-0.25449 -5.0
-0.25425 -5.0
-0.254 -4.9
-0.25376 -4.9
-0.25352 -4.7
-0.25327 -4.6
-0.25303 -4.5
-0.25278 -4.3
-0.25254 -4.1
-0.25229 -3.8
-0.25205 -3.6
-0.25181 -3.3
-0.25156 -3.0
-0.25132 -2.7
-0.25107 -2.3
-0.25083 -2.0
-0.25059 -1.6
-0.25034 -1.2
-0.2501 -0.9
-0.24985 -0.5
-0.24961 0.0
-0.24936 0.3
-0.24912 0.7
-0.24888 1.1
-0.24863 1.5
-0.24839 1.8
-0.24814 2.2
-0.2479 2.5
-0.24766 2.9
-0.24741 3.2
-0.24717 3.5
-0.24692 3.7
-0.24668 4.0
-0.24644 4.2
-0.24619 4.4
-0.24595 4.6
-0.2457 4.7
-0.24546 4.9
-0.24521 4.9
-0.24497 5.0
-0.24473 5.0
-0.24448 5.0
-0.24424 5.0
-0.24399 4.9
-0.24375 4.8
-0.24351 4.7
-0.24326 4.5
-0.24302 4.3
-0.24277 4.1
-0.24253 3.9
-0.24228 3.6
-0.24204 3.3
-0.2418 3.0
-0.24155 2.7
-0.24131 2.3
-0.24106 2.0
-0.24082 1.6
-0.24058 1.2
-0.24033 0.8
-0.24009 0.4
-0.23984 0.0
-0.2396 -0.4
-0.23936 -0.7
-0.23911 -1.1
-0.23887 -1.5
-0.23862 -1.9
-0.23838 -2.3
-0.23813 -2.6
-0.23789 -3.0
-0.23765 -3.3
-0.2374 -3.6
-0.23716 -3.8
-0.23691 -4.1
-0.23667 -4.3
-0.23643 -4.5
-0.23618 -4.7
-0.23594 -4.8
-0.23569 -4.9
-0.23545 -5.0
-0.2352 -5.1
-0.23496 -5.1
-0.23472 -5.0
-0.23447 -5.0
-0.23423 -4.9
-0.23398 -4.8
-0.23374 -4.6
-0.2335 -4.5
-0.23325 -4.3
-0.23301 -4.0
-0.23276 -3.8
-0.23252 -3.5
-0.23228 -3.2
-0.23203 -2.9
-0.23179 -2.5
-0.23154 -2.2
-0.2313 -1.8
-0.23105 -1.4
-0.23081 -1.0
-0.23057 -0.6
-0.23032 -0.2
-0.23008 0.2
-0.22983 0.6
-0.22959 1.0
-0.22935 1.4
-0.2291 1.8
-0.22886 2.2
-0.22861 2.6
-0.22837 2.9
-0.22812 3.2
-0.22788 3.5
-0.22764 3.8
-0.22739 4.1
-0.22715 4.3
-0.2269 4.5
-0.22666 4.7
-0.22642 4.9
-0.22617 5.0
-0.22593 5.0
-0.22568 5.1
-0.22544 5.1
-0.22519 5.1
-0.22495 5.0
-0.22471 5.0
-0.22446 4.8
-0.22422 4.7
-0.22397 4.5
-0.22373 4.3
-0.22349 4.1
-0.22324 3.8
-0.223 3.5
-0.22275 3.2
-0.22251 2.9
-0.22227 2.5
-0.22202 2.1
-0.22178 1.7
-0.22153 1.3
-0.22129 0.9
-0.22104 0.5
-0.2208 0.0
-0.22056 -0.3
-0.22031 -0.7
-0.22007 -1.2
-0.21982 -1.6
-0.21958 -2.0
-0.21934 -2.3
-0.21909 -2.7
-0.21885 -3.1
-0.2186 -3.4
-0.21836 -3.7
-0.21811 -4.0
-0.21787 -4.2
-0.21763 -4.5
-0.21738 -4.7
-0.21714 -4.8
-0.21689 -5.0
-0.21665 -5.1
-0.21641 -5.1
-0.21616 -5.2
-0.21592 -5.2
-0.21567 -5.1
-0.21543 -5.0
-0.21519 -4.9
-0.21494 -4.8
-0.2147 -4.6
-0.21445 -4.4
-0.21421 -4.2
-0.21396 -3.9
-0.21372 -3.6
-0.21348 -3.3
-0.21323 -3.0
-0.21299 -2.6
-0.21274 -2.3
-0.2125 -1.9
-0.21226 -1.5
-0.21201 -1.0
-0.21177 -0.6
-0.21152 -0.2
-0.21128 0.2
-0.21103 0.7
-0.21079 1.1
-0.21055 1.5
-0.2103 1.9
-0.21006 2.3
-0.20981 2.7
-0.20957 3.0
-0.20933 3.4
-0.20908 3.7
-0.20884 4.0
-0.20859 4.3
-0.20835 4.5
-0.20811 4.7
-0.20786 4.9
-0.20762 5.0
-0.20737 5.1
-0.20713 5.2
-0.20688 5.2
-0.20664 5.2
-0.2064 5.2
-0.20615 5.1
-0.20591 5.0
-0.20566 4.8
-0.20542 4.6
-0.20518 4.4
-0.20493 4.2
-0.20469 3.9
-0.20444 3.6
-0.2042 3.3
-0.20395 2.9
-0.20371 2.6
-0.20347 2.2
-0.20322 1.8
-0.20298 1.3
-0.20273 0.9
-0.20249 0.5
-0.20225 0.0
-0.202 -0.4
-0.20176 -0.8
-0.20151 -1.3
-0.20127 -1.7
-0.20103 -2.1
-0.20078 -2.5
-0.20054 -2.9
-0.20029 -3.2
-0.20005 -3.6
-0.1998 -3.9
-0.19956 -4.2
-0.19932 -4.4
-0.19907 -4.7
-0.19883 -4.8
-0.19858 -5.0
-0.19834 -5.1
-0.1981 -5.2
-0.19785 -5.3
-0.19761 -5.3
-0.19736 -5.2
-0.19712 -5.2
-0.19687 -5.1
-0.19663 -4.9
-0.19639 -4.8
-0.19614 -4.5
-0.1959 -4.3
-0.19565 -4.0
-0.19541 -3.7
-0.19517 -3.4
-0.19492 -3.0
-0.19468 -2.7
-0.19443 -2.3
-0.19419 -1.8
-0.19394 -1.4
-0.1937 -1.0
-0.19346 -0.5
-0.19321 0.0
-0.19297 0.4
-0.19272 0.8
-0.19248 1.3
-0.19224 1.7
-0.19199 2.1
-0.19175 2.5
-0.1915 2.9
-0.19126 3.3
-0.19102 3.6
-0.19077 4.0
-0.19053 4.2
-0.19028 4.5
-0.19004 4.7
-0.18979 4.9
-0.18955 5.1
-0.18931 5.2
-0.18906 5.3
-0.18882 5.3
-0.18857 5.3
-0.18833 5.3
-0.18809 5.2
-0.18784 5.1
-0.1876 4.9
-0.18735 4.7
-0.18711 4.5
-0.18686 4.3
-0.18662 4.0
-0.18638 3.6
-0.18613 3.3
-0.18589 2.9
-0.18564 2.5
-0.1854 2.1
-0.18516 1.7
-0.18491 1.2
-0.18467 0.8
-0.18442 0.3
-0.18418 -0.2
-0.18394 -0.6
-0.18369 -1.1
-0.18345 -1.5
-0.1832 -2.0
-0.18296 -2.4
-0.18271 -2.8
-0.18247 -3.2
-0.18223 -3.6
-0.18198 -3.9
-0.18174 -4.2
-0.18149 -4.5
-0.18125 -4.7
-0.18101 -4.9
-0.18076 -5.1
-0.18052 -5.2
-0.18027 -5.3
-0.18003 -5.4
-0.17978 -5.4
-0.17954 -5.3
-0.1793 -5.3
-0.17905 -5.2
-0.17881 -5.0
-0.17856 -4.8
-0.17832 -4.6
-0.17808 -4.3
-0.17783 -4.0
-0.17759 -3.7
-0.17734 -3.3
-0.1771 -2.9
-0.17686 -2.5
-0.17661 -2.1
-0.17637 -1.7
-0.17612 -1.2
-0.17588 -0.7
-0.17563 -0.3
-0.17539 0.2
-0.17515 0.7
-0.1749 1.2
-0.17466 1.6
-0.17441 2.1
-0.17417 2.5
-0.17393 2.9
-0.17368 3.3
-0.17344 3.7
-0.17319 4.0
-0.17295 4.3
-0.1727 4.6
-0.17246 4.8
-0.17222 5.0
-0.17197 5.2
-0.17173 5.3
-0.17148 5.4
-0.17124 5.4
-0.171 5.4
-0.17075 5.4
-0.17051 5.3
-0.17026 5.1
-0.17002 5.0
-0.16978 4.8
-0.16953 4.5
-0.16929 4.2
-0.16904 3.9
-0.1688 3.5
-0.16855 3.1
-0.16831 2.7
-0.16807 2.3
-0.16782 1.8
-0.16758 1.4
-0.16733 0.9
-0.16709 0.4
-0.16685 0.0
-0.1666 -0.6
-0.16636 -1.1
-0.16611 -1.5
-0.16587 -2.0
-0.16562 -2.4
-0.16538 -2.9
-0.16514 -3.3
-0.16489 -3.7
-0.16465 -4.0
-0.1644 -4.3
-0.16416 -4.6
-0.16392 -4.9
-0.16367 -5.1
-0.16343 -5.3
-0.16318 -5.4
-0.16294 -5.5
-0.16269 -5.5
-0.16245 -5.5
-0.16221 -5.4
-0.16196 -5.3
-0.16172 -5.2
-0.16147 -5.0
-0.16123 -4.8
-0.16099 -4.5
-0.16074 -4.2
-0.1605 -3.9
-0.16025 -3.5
-0.16001 -3.1
-0.15977 -2.7
-0.15952 -2.2
-0.15928 -1.8
-0.15903 -1.3
-0.15879 -0.8
-0.15854 -0.3
-0.1583 0.2
-0.15806 0.7
-0.15781 1.2
-0.15757 1.7
-0.15732 2.2
-0.15708 2.7
-0.15684 3.1
-0.15659 3.5
-0.15635 3.9
-0.1561 4.2
-0.15586 4.5
-0.15561 4.8
-0.15537 5.1
-0.15513 5.2
-0.15488 5.4
-0.15464 5.5
-0.15439 5.6
-0.15415 5.6
-0.15391 5.5
-0.15366 5.4
-0.15342 5.3
-0.15317 5.1
-0.15293 4.9
-0.15269 4.6
-0.15244 4.3
-0.1522 4.0
-0.15195 3.6
-0.15171 3.2
-0.15146 2.8
-0.15122 2.3
-0.15098 1.8
-0.15073 1.3
-0.15049 0.8
-0.15024 0.3
-0.15 -0.2
-0.14976 -0.7
-0.14951 -1.2
-0.14927 -1.7
-0.14902 -2.2
-0.14878 -2.7
-0.14853 -3.2
-0.14829 -3.6
-0.14805 -4.0
-0.1478 -4.3
-0.14756 -4.6
-0.14731 -4.9
-0.14707 -5.2
-0.14683 -5.3
-0.14658 -5.5
-0.14634 -5.6
-0.14609 -5.6
-0.14585 -5.6
-0.14561 -5.6
-0.14536 -5.5
-0.14512 -5.3
-0.14487 -5.1
-0.14463 -4.9
-0.14438 -4.6
-0.14414 -4.3
-0.1439 -3.9
-0.14365 -3.5
-0.14341 -3.1
-0.14316 -2.6
-0.14292 -2.1
-0.14268 -1.6
-0.14243 -1.1
-0.14219 -0.6
-0.14194 0.0
-0.1417 0.5
-0.14145 1.1
-0.14121 1.6
-0.14097 2.1
-0.14072 2.6
-0.14048 3.1
-0.14023 3.5
-0.13999 3.9
-0.13975 4.3
-0.1395 4.6
-0.13926 4.9
-0.13901 5.2
-0.13877 5.4
-0.13853 5.5
-0.13828 5.6
-0.13804 5.7
-0.13779 5.7
-0.13755 5.7
-0.1373 5.5
-0.13706 5.4
-0.13682 5.2
-0.13657 4.9
-0.13633 4.6
-0.13608 4.3
-0.13584 3.9
-0.1356 3.5
-0.13535 3.1
-0.13511 2.6
-0.13486 2.1
-0.13462 1.5
-0.13437 1.0
-0.13413 0.5
-0.13389 0.0
-0.13364 -0.7
-0.1334 -1.2
-0.13315 -1.7
-0.13291 -2.3
-0.13267 -2.8
-0.13242 -3.2
-0.13218 -3.7
-0.13193 -4.1
-0.13169 -4.5
-0.13144 -4.8
-0.1312 -5.1
-0.13096 -5.3
-0.13071 -5.5
-0.13047 -5.7
-0.13022 -5.8
-0.12998 -5.8
-0.12974 -5.8
-0.12949 -5.7
-0.12925 -5.5
-0.129 -5.3
-0.12876 -5.1
-0.12852 -4.8
-0.12827 -4.5
-0.12803 -4.1
-0.12778 -3.7
-0.12754 -3.2
-0.12729 -2.7
-0.12705 -2.2
-0.12681 -1.7
-0.12656 -1.1
-0.12632 -0.6
-0.12607 0.0
-0.12583 0.6
-0.12559 1.2
-0.12534 1.7
-0.1251 2.3
-0.12485 2.8
-0.12461 3.3
-0.12436 3.7
-0.12412 4.2
-0.12388 4.6
-0.12363 4.9
-0.12339 5.2
-0.12314 5.4
-0.1229 5.6
-0.12266 5.8
-0.12241 5.8
-0.12217 5.9
-0.12192 5.8
-0.12168 5.7
-0.12144 5.6
-0.12119 5.4
-0.12095 5.1
-0.1207 4.8
-0.12046 4.4
-0.12021 4.0
-0.11997 3.6
-0.11973 3.1
-0.11948 2.5
-0.11924 2.0
-0.11899 1.4
-0.11875 0.9
-0.11851 0.3
-0.11826 -0.3
-0.11802 -0.9
-0.11777 -1.5
-0.11753 -2.1
-0.11728 -2.6
-0.11704 -3.2
-0.1168 -3.6
-0.11655 -4.1
-0.11631 -4.5
-0.11606 -4.9
-0.11582 -5.2
-0.11558 -5.5
-0.11533 -5.7
-0.11509 -5.8
-0.11484 -5.9
-0.1146 -5.9
-0.11436 -5.9
-0.11411 -5.8
-0.11387 -5.7
-0.11362 -5.4
-0.11338 -5.2
-0.11313 -4.8
-0.11289 -4.5
-0.11265 -4.0
-0.1124 -3.6
-0.11216 -3.1
-0.11191 -2.5
-0.11167 -2.0
-0.11143 -1.4
-0.11118 -0.8
-0.11094 -0.1
-0.11069 0.5
-0.11045 1.1
-0.1102 1.7
-0.10996 2.3
-0.10972 2.8
-0.10947 3.4
-0.10923 3.9
-0.10898 4.3
-0.10874 4.7
-0.1085 5.1
-0.10825 5.4
-0.10801 5.7
-0.10776 5.8
-0.10752 6.0
-0.10728 6.0
-0.10703 6.0
-0.10679 6.0
-0.10654 5.8
-0.1063 5.6
-0.10605 5.4
-0.10581 5.0
-0.10557 4.7
-0.10532 4.2
-0.10508 3.8
-0.10483 3.2
-0.10459 2.7
-0.10435 2.1
-0.1041 1.5
-0.10386 0.9
-0.10361 0.2
-0.10337 -0.4
-0.10312 -1.1
-0.10288 -1.7
-0.10264 -2.3
-0.10239 -2.9
-0.10215 -3.4
-0.1019 -4.0
-0.10166 -4.4
-0.10142 -4.9
-0.10117 -5.2
-0.10093 -5.5
-0.10068 -5.8
-0.10044 -6.0
-0.10019 -6.1
-0.09995 -6.1
-0.09971 -6.1
-0.09946 -6.0
-0.09922 -5.9
-0.09897 -5.6
-0.09873 -5.3
-0.09849 -5.0
-0.09824 -4.6
-0.098 -4.1
-0.09775 -3.6
-0.09751 -3.0
-0.09727 -2.4
-0.09702 -1.8
-0.09678 -1.2
-0.09653 -0.5
-0.09629 0.2
-0.09604 0.8
-0.0958 1.5
-0.09556 2.1
-0.09531 2.8
-0.09507 3.3
-0.09482 3.9
-0.09458 4.4
-0.09434 4.9
-0.09409 5.2
-0.09385 5.6
-0.0936 5.9
-0.09336 6.1
-0.09311 6.2
-0.09287 6.2
-0.09263 6.2
-0.09238 6.1
-0.09214 5.9
-0.09189 5.7
-0.09165 5.4
-0.09141 5.0
-0.09116 4.6
-0.09092 4.1
-0.09067 3.5
-0.09043 2.9
-0.09019 2.3
-0.08994 1.7
-0.0897 1.0
-0.08945 0.3
-0.08921 -0.4
-0.08896 -1.1
-0.08872 -1.8
-0.08848 -2.4
-0.08823 -3.1
-0.08799 -3.7
-0.08774 -4.2
-0.0875 -4.7
-0.08726 -5.2
-0.08701 -5.5
-0.08677 -5.9
-0.08652 -6.1
-0.08628 -6.3
-0.08603 -6.3
-0.08579 -6.3
-0.08555 -6.3
-0.0853 -6.1
-0.08506 -5.9
-0.08481 -5.6
-0.08457 -5.2
-0.08433 -4.7
-0.08408 -4.2
-0.08384 -3.6
-0.08359 -3.0
-0.08335 -2.4
-0.08311 -1.7
-0.08286 -1.0
-0.08262 -0.3
-0.08237 0.5
-0.08213 1.2
-0.08188 1.9
-0.08164 2.6
-0.0814 3.3
-0.08115 3.9
-0.08091 4.4
-0.08066 4.9
-0.08042 5.4
-0.08018 5.8
-0.07993 6.1
-0.07969 6.3
-0.07944 6.4
-0.0792 6.5
-0.07895 6.4
-0.07871 6.3
-0.07847 6.1
-0.07822 5.8
-0.07798 5.4
-0.07773 5.0
-0.07749 4.5
-0.07725 3.9
-0.077 3.3
-0.07676 2.6
-0.07651 1.9
-0.07627 1.2
-0.07603 0.4
-0.07578 -0.4
-0.07554 -1.1
-0.07529 -1.9
-0.07505 -2.6
-0.0748 -3.3
-0.07456 -3.9
-0.07432 -4.5
-0.07407 -5.1
-0.07383 -5.5
-0.07358 -5.9
-0.07334 -6.2
-0.0731 -6.4
-0.07285 -6.6
-0.07261 -6.6
-0.07236 -6.5
-0.07212 -6.4
-0.07187 -6.1
-0.07163 -5.8
-0.07139 -5.4
-0.07114 -4.9
-0.0709 -4.3
-0.07065 -3.7
-0.07041 -3.0
-0.07017 -2.3
-0.06992 -1.5
-0.06968 -0.7
-0.06943 0.0
-0.06919 0.9
-0.06894 1.7
-0.0687 2.4
-0.06846 3.2
-0.06821 3.9
-0.06797 4.5
-0.06772 5.1
-0.06748 5.6
-0.06724 6.0
-0.06699 6.3
-0.06675 6.5
-0.0665 6.7
-0.06626 6.7
-0.06602 6.7
-0.06577 6.5
-0.06553 6.2
-0.06528 5.9
-0.06504 5.4
-0.06479 4.9
-0.06455 4.3
-0.06431 3.6
-0.06406 2.9
-0.06382 2.1
-0.06357 1.3
-0.06333 0.4
-0.06309 -0.4
-0.06284 -1.2
-0.0626 -2.1
-0.06235 -2.9
-0.06211 -3.6
-0.06186 -4.3
-0.06162 -5.0
-0.06138 -5.5
-0.06113 -6.0
-0.06089 -6.4
-0.06064 -6.6
-0.0604 -6.8
-0.06016 -6.9
-0.05991 -6.8
-0.05967 -6.7
-0.05942 -6.4
-0.05918 -6.0
-0.05894 -5.6
-0.05869 -5.0
-0.05845 -4.3
-0.0582 -3.6
-0.05796 -2.8
-0.05771 -2.0
-0.05747 -1.1
-0.05723 -0.3
-0.05698 0.6
-0.05674 1.5
-0.05649 2.4
-0.05625 3.2
-0.05601 4.0
-0.05576 4.7
-0.05552 5.3
-0.05527 5.9
-0.05503 6.3
-0.05478 6.7
-0.05454 6.9
-0.0543 7.0
-0.05405 7.0
-0.05381 6.9
-0.05356 6.6
-0.05332 6.3
-0.05308 5.8
-0.05283 5.2
-0.05259 4.5
-0.05234 3.8
-0.0521 2.9
-0.05186 2.1
-0.05161 1.1
-0.05137 0.2
-0.05112 -0.8
-0.05088 -1.7
-0.05063 -2.6
-0.05039 -3.5
-0.05015 -4.3
-0.0499 -5.0
-0.04966 -5.7
-0.04941 -6.2
-0.04917 -6.7
-0.04893 -7.0
-0.04868 -7.2
-0.04844 -7.2
-0.04819 -7.1
-0.04795 -6.9
-0.0477 -6.6
-0.04746 -6.1
-0.04722 -5.5
-0.04697 -4.8
-0.04673 -4.0
-0.04648 -3.1
-0.04624 -2.2
-0.046 -1.2
-0.04575 -0.2
-0.04551 0.8
-0.04526 1.8
-0.04502 2.8
-0.04478 3.7
-0.04453 4.6
-0.04429 5.3
-0.04404 6.0
-0.0438 6.6
-0.04355 7.0
-0.04331 7.3
-0.04307 7.4
-0.04282 7.4
-0.04258 7.2
-0.04233 6.9
-0.04209 6.5
-0.04185 5.9
-0.0416 5.2
-0.04136 4.4
-0.04111 3.5
-0.04087 2.5
-0.04062 1.4
-0.04038 0.3
-0.04014 -0.8
-0.03989 -1.8
-0.03965 -2.9
-0.0394 -3.9
-0.03916 -4.8
-0.03892 -5.6
-0.03867 -6.3
-0.03843 -6.9
-0.03818 -7.3
-0.03794 -7.5
-0.03769 -7.6
-0.03745 -7.6
-0.03721 -7.3
-0.03696 -6.9
-0.03672 -6.4
-0.03647 -5.6
-0.03623 -4.8
-0.03599 -3.8
-0.03574 -2.8
-0.0355 -1.7
-0.03525 -0.5
-0.03501 0.7
-0.03477 1.8
-0.03452 3.0
-0.03428 4.0
-0.03403 5.0
-0.03379 5.9
-0.03354 6.6
-0.0333 7.2
-0.03306 7.6
-0.03281 7.8
-0.03257 7.9
-0.03232 7.7
-0.03208 7.4
-0.03184 6.9
-0.03159 6.1
-0.03135 5.3
-0.0311 4.3
-0.03086 3.2
-0.03061 2.0
-0.03037 0.7
-0.03013 -0.6
-0.02988 -1.9
-0.02964 -3.1
-0.02939 -4.3
-0.02915 -5.3
-0.02891 -6.3
-0.02866 -7.0
-0.02842 -7.6
-0.02817 -8.0
-0.02793 -8.2
-0.02769 -8.1
-0.02744 -7.9
-0.0272 -7.4
-0.02695 -6.7
-0.02671 -5.8
-0.02646 -4.7
-0.02622 -3.5
-0.02598 -2.2
-0.02573 -0.8
-0.02549 0.6
-0.02524 2.0
-0.025 3.4
-0.02476 4.6
-0.02451 5.8
-0.02427 6.8
-0.02402 7.6
-0.02378 8.1
-0.02353 8.5
-0.02329 8.5
-0.02305 8.3
-0.0228 7.9
-0.02256 7.2
-0.02231 6.2
-0.02207 5.1
-0.02183 3.8
-0.02158 2.3
-0.02134 0.8
-0.02109 -0.8
-0.02085 -2.4
-0.02061 -3.9
-0.02036 -5.3
-0.02012 -6.5
-0.01987 -7.5
-0.01963 -8.3
-0.01938 -8.8
-0.01914 -8.9
-0.0189 -8.8
-0.01865 -8.4
-0.01841 -7.6
-0.01816 -6.6
-0.01792 -5.3
-0.01768 -3.8
-0.01743 -2.1
-0.01719 -0.3
-0.01694 1.5
-0.0167 3.2
-0.01645 4.9
-0.01621 6.4
-0.01597 7.6
-0.01572 8.6
-0.01548 9.2
-0.01523 9.4
-0.01499 9.3
-0.01475 8.8
-0.0145 7.8
-0.01426 6.6
-0.01401 5.0
-0.01377 3.2
-0.01353 1.2
-0.01328 -0.9
-0.01304 -3.0
-0.01279 -4.9
-0.01255 -6.7
-0.0123 -8.2
-0.01206 -9.3
-0.01182 -9.9
-0.01157 -10.1
-0.01133 -9.7
-0.01108 -8.9
-0.01084 -7.5
-0.0106 -5.8
-0.01035 -3.6
-0.01011 -1.3
-0.00986 1.2
-0.00962 3.7
-0.00937 6.0
-0.00913 8.0
-0.00889 9.5
-0.00864 10.5
-0.0084 10.9
-0.00815 10.6
-0.00791 9.5
-0.00767 7.8
-0.00742 5.5
-0.00718 2.7
-0.00693 -0.3
-0.00669 -3.4
-0.00644 -6.3
-0.0062 -8.9
-0.00596 -10.8
-0.00571 -11.8
-0.00547 -11.9
-0.00522 -10.9
-0.00498 -8.9
-0.00474 -5.9
-0.00449 -2.3
-0.00425 1.7
-0.004 5.8
-0.00376 9.4
-0.00352 12.0
-0.00327 13.4
-0.00303 13.1
-0.00278 11.0
-0.00254 7.2
-0.00229 2.2
-0.00205 -3.6
-0.00181 -9.2
-0.00156 -13.4
-0.00132 -15.4
-0.00107 -14.2
-0.00083 -9.6
-0.00059 -2.0
-0.00034 6.8
-0.0001 14.2
0.00015 16.7
0.00039 12.0
0.00064 1.5
0.00088 -9.5
0.00112 -14.2
0.00137 -9.9
0.00161 0.0
0.00186 8.1
0.0021 9.2
0.00234 3.8
0.00259 -3.0
0.00283 -6.0
0.00308 -3.9
0.00332 0.5
0.00356 3.3
0.00381 3.0
0.00405 0.5
0.0043 -1.7
0.00454 -2.0
0.00479 -0.7
0.00503 0.8
0.00527 1.3
0.00552 0.7
0.00576 -0.3
0.00601 -0.8
0.00625 -0.5
0.00649 0.0
0.00674 0.4
0.00698 0.4
0.00723 0.0
0.00747 -0.2
0.00772 -0.3
0.00796 0.0
0.0082 0.1
0.00845 0.2
0.00869 0.0
0.00894 0.0
0.00918 -0.1
0.00942 0.0
0.00967 0.0
0.00991 0.0
0.01016 0.0
0.0104 0.0
0.01064 0.0
0.01089 0.0
0.01113 0.0
0.01138 0.0
0.01162 0.0
0.01187 0.0
0.01211 0.0
0.01235 0.0
0.0126 0.0
0.01284 0.0
0.01309 0.0
0.01333 0.0
0.01357 0.0
0.01382 0.0
0.01406 0.0
0.01431 0.0
0.01455 0.0
0.0148 0.0
0.01504 0.0
0.01528 0.0
0.01553 0.0
0.01577 0.0
0.01602 0.0
0.01626 0.0
0.0165 0.0
0.01675 0.0
0.01699 0.0
0.01724 0.0
0.01748 0.0
0.01772 0.0
0.01797 0.0
0.01821 0.0
0.01846 0.0
0.0187 0.0
0.01895 0.0
0.01919 0.0
0.01943 0.0
0.01968 0.0
0.01992 0.0
0.02017 0.0
0.02041 0.0
0.02065 0.0
0.0209 0.0
0.02114 0.0
0.02139 0.0
0.02163 0.0
0.02188 0.0
0.02212 0.0
0.02236 0.0
0.02261 0.0
0.02285 0.0
0.0231 0.0
0.02334 0.0
0.02358 0.0
0.02383 0.0
0.02407 0.0
0.02432 0.0
0.02456 0.0
0.02481 0.0
0.02505 0.0
0.02529 0.0
0.02554 0.0
0.02578 0.0
0.02603 0.0
0.02627 0.0
0.02651 0.0
0.02676 0.0
0.027 0.0
0.02725 0.0
0.02749 0.0
0.02773 0.0
0.02798 0.0
0.02822 0.0
0.02847 0.0
0.02871 0.0
0.02896 0.0
0.0292 0.0
0.02944 0.0
0.02969 0.0
0.02993 0.0
0.03018 0.0
0.03042 0.0
0.03066 0.0
0.03091 0.0
0.03115 0.0
0.0314 0.0
0.03164 0.0
0.03189 0.0
0.03213 0.0
0.03237 0.0
0.03262 0.0
0.03286 0.0
0.03311 0.0
0.03335 0.0
0.03359 0.0
0.03384 0.0
0.03408 0.0
0.03433 0.0
0.03457 0.0
0.03481 0.0
0.03506 0.0
0.0353 0.0
0.03555 0.0
0.03579 0.0
0.03604 0.0
0.03628 0.0
0.03652 0.0
0.03677 0.0
0.03701 0.0
0.03726 0.0
0.0375 0.0
0.03774 0.0
0.03799 0.0
0.03823 0.0
0.03848 0.0
0.03872 0.0
0.03897 0.0
0.03921 0.0
0.03945 0.0
0.0397 0.0
0.03994 0.0
0.04019 0.0
0.04043 0.0
0.04067 0.0
0.04092 0.0
0.04116 0.0
0.04141 0.0
0.04165 0.0
0.04189 0.0
0.04214 0.0
0.04238 0.0
0.04263 0.0
0.04287 0.0
0.04312 0.0
0.04336 0.0
0.0436 0.0
0.04385 0.0
0.04409 0.0
0.04434 0.0
0.04458 0.0
0.04482 0.0
0.04507 0.0
0.04531 0.0
0.04556 0.0
0.0458 0.0
0.04605 0.0
0.04629 0.0
0.04653 0.0
0.04678 0.0
0.04702 0.0
0.04727 0.0
0.04751 0.0
0.04775 0.0
0.048 0.0
0.04824 0.0
0.04849 0.0
0.04873 0.0
0.04897 0.0
0.04922 0.0
0.04946 0.0
0.04971 0.0
0.04995 0.0
0.0502 0.0
0.05044 0.0
0.05068 0.0
0.05093 0.0
0.05117 0.0
0.05142 0.0
0.05166 0.0
0.0519 0.0
0.05215 0.0
0.05239 0.0
0.05264 0.0
0.05288 0.0
0.05313 0.0
0.05337 0.0
0.05361 0.0
0.05386 0.0
0.0541 0.0
0.05435 0.0
0.05459 0.0
0.05483 0.0
0.05508 0.0
0.05532 0.0
0.05557 0.0
0.05581 0.0
0.05606 0.0
0.0563 0.0
0.05654 0.0
0.05679 0.0
0.05703 0.0
0.05728 0.0
0.05752 0.0
0.05776 0.0
0.05801 0.0
0.05825 0.0
0.0585 0.0
0.05874 0.0
0.05898 0.0
0.05923 0.0
0.05947 0.0
0.05972 0.0
0.05996 0.0
0.06021 0.0
0.06045 0.0
0.06069 0.0
0.06094 0.0
0.06118 0.0
0.06143 0.0
0.06167 0.0
0.06191 0.0
0.06216 0.0
0.0624 0.0
0.06265 0.0
0.06289 0.0
0.06314 0.0
0.06338 0.0
0.06362 0.0
0.06387 0.0
