t strain*1e23
-3.42819 -2.5
-3.42794 -2.5
-3.4277 -2.5
-3.42745 -2.4
-3.42721 -2.4
-3.42697 -2.4
-3.42672 -2.4
-3.42648 -2.3
-3.42623 -2.3
-3.42599 -2.2
-3.42575 -2.2
-3.4255 -2.1
-3.42526 -2.1
-3.42501 -2.0
-3.42477 -2.0
-3.42452 -1.9
-3.42428 -1.9
-3.42404 -1.8
-3.42379 -1.7
-3.42355 -1.7
-3.4233 -1.6
-3.42306 -1.5
-3.42282 -1.4
-3.42257 -1.4
-3.42233 -1.3
-3.42208 -1.2
-3.42184 -1.1
-3.42159 -1.0
-3.42135 -0.9
-3.42111 -0.8
-3.42086 -0.8
-3.42062 -0.7
-3.42037 -0.6
-3.42013 -0.5
-3.41989 -0.4
-3.41964 -0.3
-3.4194 -0.2
-3.41915 0.0
-3.41891 0.0
-3.41866 0.1
-3.41842 0.2
-3.41818 0.3
-3.41793 0.4
-3.41769 0.5
-3.41744 0.6
-3.4172 0.7
-3.41696 0.8
-3.41671 0.9
-3.41647 0.9
-3.41622 1.0
-3.41598 1.1
-3.41574 1.2
-3.41549 1.3
-3.41525 1.4
-3.415 1.4
-3.41476 1.5
-3.41451 1.6
-3.41427 1.7
-3.41403 1.7
-3.41378 1.8
-3.41354 1.9
-3.41329 1.9
-3.41305 2.0
-3.41281 2.1
-3.41256 2.1
-3.41232 2.2
-3.41207 2.2
-3.41183 2.2
-3.41158 2.3
-3.41134 2.3
-3.4111 2.4
-3.41085 2.4
-3.41061 2.4
-3.41036 2.4
-3.41012 2.5
-3.40988 2.5
-3.40963 2.5
-3.40939 2.5
-3.40914 2.5
-3.4089 2.5
-3.40866 2.5
-3.40841 2.5
-3.40817 2.5
-3.40792 2.5
-3.40768 2.5
-3.40743 2.4
-3.40719 2.4
-3.40695 2.4
-3.4067 2.3
-3.40646 2.3
-3.40621 2.3
-3.40597 2.2
-3.40573 2.2
-3.40548 2.1
-3.40524 2.1
-3.40499 2.0
-3.40475 2.0
-3.4045 1.9
-3.40426 1.9
-3.40402 1.8
-3.40377 1.7
-3.40353 1.6
-3.40328 1.6
-3.40304 1.5
-3.4028 1.4
-3.40255 1.3
-3.40231 1.3
-3.40206 1.2
-3.40182 1.1
-3.40158 1.0
-3.40133 0.9
-3.40109 0.8
-3.40084 0.7
-3.4006 0.6
-3.40035 0.5
-3.40011 0.4
-3.39987 0.4
-3.39962 0.3
-3.39938 0.2
-3.39913 0.0
-3.39889 0.0
-3.39865 -0.1
-3.3984 -0.2
-3.39816 -0.3
-3.39791 -0.4
-3.39767 -0.5
-3.39742 -0.6
-3.39718 -0.7
-3.39694 -0.8
-3.39669 -0.9
-3.39645 -1.0
-3.3962 -1.1
-3.39596 -1.1
-3.39572 -1.2
-3.39547 -1.3
-3.39523 -1.4
-3.39498 -1.5
-3.39474 -1.5
-3.3945 -1.6
-3.39425 -1.7
-3.39401 -1.8
-3.39376 -1.8
-3.39352 -1.9
-3.39327 -2.0
-3.39303 -2.0
-3.39279 -2.1
-3.39254 -2.1
-3.3923 -2.2
-3.39205 -2.2
-3.39181 -2.3
-3.39157 -2.3
-3.39132 -2.3
-3.39108 -2.4
-3.39083 -2.4
-3.39059 -2.4
-3.39034 -2.4
-3.3901 -2.5
-3.38986 -2.5
-3.38961 -2.5
-3.38937 -2.5
-3.38912 -2.5
-3.38888 -2.5
-3.38864 -2.5
-3.38839 -2.5
-3.38815 -2.5
-3.3879 -2.5
-3.38766 -2.4
-3.38741 -2.4
-3.38717 -2.4
-3.38693 -2.4
-3.38668 -2.3
-3.38644 -2.3
-3.38619 -2.3
-3.38595 -2.2
-3.38571 -2.2
-3.38546 -2.1
-3.38522 -2.1
-3.38497 -2.0
-3.38473 -2.0
-3.38449 -1.9
-3.38424 -1.8
-3.384 -1.8
-3.38375 -1.7
-3.38351 -1.6
-3.38326 -1.5
-3.38302 -1.5
-3.38278 -1.4
-3.38253 -1.3
-3.38229 -1.2
-3.38204 -1.1
-3.3818 -1.1
-3.38156 -1.0
-3.38131 -0.9
-3.38107 -0.8
-3.38082 -0.7
-3.38058 -0.6
-3.38033 -0.5
-3.38009 -0.4
-3.37985 -0.3
-3.3796 -0.2
-3.37936 -0.1
-3.37911 0.0
-3.37887 0.0
-3.37863 0.2
-3.37838 0.3
-3.37814 0.4
-3.37789 0.5
-3.37765 0.6
-3.37741 0.6
-3.37716 0.7
-3.37692 0.8
-3.37667 0.9
-3.37643 1.0
-3.37618 1.1
-3.37594 1.2
-3.3757 1.3
-3.37545 1.4
-3.37521 1.4
-3.37496 1.5
-3.37472 1.6
-3.37448 1.7
-3.37423 1.7
-3.37399 1.8
-3.37374 1.9
-3.3735 1.9
-3.37325 2.0
-3.37301 2.0
-3.37277 2.1
-3.37252 2.2
-3.37228 2.2
-3.37203 2.2
-3.37179 2.3
-3.37155 2.3
-3.3713 2.4
-3.37106 2.4
-3.37081 2.4
-3.37057 2.4
-3.37033 2.5
-3.37008 2.5
-3.36984 2.5
-3.36959 2.5
-3.36935 2.5
-3.3691 2.5
-3.36886 2.5
-3.36862 2.5
-3.36837 2.5
-3.36813 2.5
-3.36788 2.5
-3.36764 2.4
-3.3674 2.4
-3.36715 2.4
-3.36691 2.4
-3.36666 2.3
-3.36642 2.3
-3.36617 2.2
-3.36593 2.2
-3.36569 2.2
-3.36544 2.1
-3.3652 2.0
-3.36495 2.0
-3.36471 1.9
-3.36447 1.9
-3.36422 1.8
-3.36398 1.7
-3.36373 1.7
-3.36349 1.6
-3.36325 1.5
-3.363 1.4
-3.36276 1.3
-3.36251 1.3
-3.36227 1.2
-3.36202 1.1
-3.36178 1.0
-3.36154 0.9
-3.36129 0.8
-3.36105 0.7
-3.3608 0.6
-3.36056 0.5
-3.36032 0.4
-3.36007 0.4
-3.35983 0.3
-3.35958 0.2
-3.35934 0.0
-3.35909 0.0
-3.35885 -0.1
-3.35861 -0.2
-3.35836 -0.3
-3.35812 -0.4
-3.35787 -0.5
-3.35763 -0.6
-3.35739 -0.7
-3.35714 -0.8
-3.3569 -0.9
-3.35665 -1.0
-3.35641 -1.1
-3.35616 -1.2
-3.35592 -1.2
-3.35568 -1.3
-3.35543 -1.4
-3.35519 -1.5
-3.35494 -1.6
-3.3547 -1.6
-3.35446 -1.7
-3.35421 -1.8
-3.35397 -1.8
-3.35372 -1.9
-3.35348 -2.0
-3.35324 -2.0
-3.35299 -2.1
-3.35275 -2.1
-3.3525 -2.2
-3.35226 -2.2
-3.35201 -2.3
-3.35177 -2.3
-3.35153 -2.4
-3.35128 -2.4
-3.35104 -2.4
-3.35079 -2.4
-3.35055 -2.5
-3.35031 -2.5
-3.35006 -2.5
-3.34982 -2.5
-3.34957 -2.5
-3.34933 -2.5
-3.34908 -2.5
-3.34884 -2.5
-3.3486 -2.5
-3.34835 -2.5
-3.34811 -2.5
-3.34786 -2.5
-3.34762 -2.4
-3.34738 -2.4
-3.34713 -2.4
-3.34689 -2.3
-3.34664 -2.3
-3.3464 -2.3
-3.34616 -2.2
-3.34591 -2.2
-3.34567 -2.1
-3.34542 -2.1
-3.34518 -2.0
-3.34493 -1.9
-3.34469 -1.9
-3.34445 -1.8
-3.3442 -1.7
-3.34396 -1.7
-3.34371 -1.6
-3.34347 -1.5
-3.34323 -1.4
-3.34298 -1.4
-3.34274 -1.3
-3.34249 -1.2
-3.34225 -1.1
-3.342 -1.0
-3.34176 -0.9
-3.34152 -0.8
-3.34127 -0.8
-3.34103 -0.7
-3.34078 -0.6
-3.34054 -0.5
-3.3403 -0.4
-3.34005 -0.3
-3.33981 -0.2
-3.33956 0.0
-3.33932 0.0
-3.33908 0.1
-3.33883 0.2
-3.33859 0.3
-3.33834 0.4
-3.3381 0.5
-3.33785 0.6
-3.33761 0.7
-3.33737 0.8
-3.33712 0.9
-3.33688 1.0
-3.33663 1.1
-3.33639 1.1
-3.33615 1.2
-3.3359 1.3
-3.33566 1.4
-3.33541 1.5
-3.33517 1.5
-3.33492 1.6
-3.33468 1.7
-3.33444 1.8
-3.33419 1.8
-3.33395 1.9
-3.3337 2.0
-3.33346 2.0
-3.33322 2.1
-3.33297 2.1
-3.33273 2.2
-3.33248 2.2
-3.33224 2.3
-3.332 2.3
-3.33175 2.3
-3.33151 2.4
-3.33126 2.4
-3.33102 2.4
-3.33077 2.5
-3.33053 2.5
-3.33029 2.5
-3.33004 2.5
-3.3298 2.5
-3.32955 2.5
-3.32931 2.5
-3.32907 2.5
-3.32882 2.5
-3.32858 2.5
-3.32833 2.5
-3.32809 2.5
-3.32784 2.4
-3.3276 2.4
-3.32736 2.4
-3.32711 2.3
-3.32687 2.3
-3.32662 2.3
-3.32638 2.2
-3.32614 2.2
-3.32589 2.1
-3.32565 2.1
-3.3254 2.0
-3.32516 2.0
-3.32491 1.9
-3.32467 1.8
-3.32443 1.8
-3.32418 1.7
-3.32394 1.6
-3.32369 1.5
-3.32345 1.5
-3.32321 1.4
-3.32296 1.3
-3.32272 1.2
-3.32247 1.1
-3.32223 1.0
-3.32199 0.9
-3.32174 0.9
-3.3215 0.8
-3.32125 0.7
-3.32101 0.6
-3.32076 0.5
-3.32052 0.4
-3.32028 0.3
-3.32003 0.2
-3.31979 0.0
-3.31954 0.0
-3.3193 -0.1
-3.31906 -0.2
-3.31881 -0.3
-3.31857 -0.4
-3.31832 -0.5
-3.31808 -0.6
-3.31783 -0.7
-3.31759 -0.8
-3.31735 -0.9
-3.3171 -1.0
-3.31686 -1.0
-3.31661 -1.1
-3.31637 -1.2
-3.31613 -1.3
-3.31588 -1.4
-3.31564 -1.5
-3.31539 -1.5
-3.31515 -1.6
-3.31491 -1.7
-3.31466 -1.8
-3.31442 -1.8
-3.31417 -1.9
-3.31393 -2.0
-3.31368 -2.0
-3.31344 -2.1
-3.3132 -2.1
-3.31295 -2.2
-3.31271 -2.2
-3.31246 -2.3
-3.31222 -2.3
-3.31198 -2.4
-3.31173 -2.4
-3.31149 -2.4
-3.31124 -2.4
-3.311 -2.5
-3.31075 -2.5
-3.31051 -2.5
-3.31027 -2.5
-3.31002 -2.5
-3.30978 -2.5
-3.30953 -2.5
-3.30929 -2.5
-3.30905 -2.5
-3.3088 -2.5
-3.30856 -2.5
-3.30831 -2.5
-3.30807 -2.4
-3.30783 -2.4
-3.30758 -2.4
-3.30734 -2.3
-3.30709 -2.3
-3.30685 -2.3
-3.3066 -2.2
-3.30636 -2.2
-3.30612 -2.1
-3.30587 -2.1
-3.30563 -2.0
-3.30538 -2.0
-3.30514 -1.9
-3.3049 -1.8
-3.30465 -1.8
-3.30441 -1.7
-3.30416 -1.6
-3.30392 -1.5
-3.30367 -1.5
-3.30343 -1.4
-3.30319 -1.3
-3.30294 -1.2
-3.3027 -1.1
-3.30245 -1.0
-3.30221 -0.9
-3.30197 -0.8
-3.30172 -0.8
-3.30148 -0.7
-3.30123 -0.6
-3.30099 -0.5
-3.30075 -0.4
-3.3005 -0.3
-3.30026 -0.2
-3.30001 0.0
-3.29977 0.0
-3.29952 0.1
-3.29928 0.2
-3.29904 0.3
-3.29879 0.4
-3.29855 0.5
-3.2983 0.6
-3.29806 0.7
-3.29782 0.8
-3.29757 0.9
-3.29733 1.0
-3.29708 1.1
-3.29684 1.2
-3.29659 1.2
-3.29635 1.3
-3.29611 1.4
-3.29586 1.5
-3.29562 1.6
-3.29537 1.6
-3.29513 1.7
-3.29489 1.8
-3.29464 1.9
-3.2944 1.9
-3.29415 2.0
-3.29391 2.0
-3.29366 2.1
-3.29342 2.1
-3.29318 2.2
-3.29293 2.2
-3.29269 2.3
-3.29244 2.3
-3.2922 2.4
-3.29196 2.4
-3.29171 2.4
-3.29147 2.5
-3.29122 2.5
-3.29098 2.5
-3.29074 2.5
-3.29049 2.5
-3.29025 2.5
-3.29 2.5
-3.28976 2.5
-3.28951 2.5
-3.28927 2.5
-3.28903 2.5
-3.28878 2.5
-3.28854 2.5
-3.28829 2.4
-3.28805 2.4
-3.28781 2.4
-3.28756 2.3
-3.28732 2.3
-3.28707 2.3
-3.28683 2.2
-3.28658 2.2
-3.28634 2.1
-3.2861 2.1
-3.28585 2.0
-3.28561 1.9
-3.28536 1.9
-3.28512 1.8
-3.28488 1.7
-3.28463 1.7
-3.28439 1.6
-3.28414 1.5
-3.2839 1.4
-3.28366 1.4
-3.28341 1.3
-3.28317 1.2
-3.28292 1.1
-3.28268 1.0
-3.28243 0.9
-3.28219 0.8
-3.28195 0.7
-3.2817 0.6
-3.28146 0.5
-3.28121 0.4
-3.28097 0.3
-3.28073 0.2
-3.28048 0.1
-3.28024 0.0
-3.27999 0.0
-3.27975 -0.1
-3.2795 -0.2
-3.27926 -0.3
-3.27902 -0.4
-3.27877 -0.5
-3.27853 -0.6
-3.27828 -0.7
-3.27804 -0.8
-3.2778 -0.9
-3.27755 -1.0
-3.27731 -1.1
-3.27706 -1.2
-3.27682 -1.3
-3.27658 -1.4
-3.27633 -1.4
-3.27609 -1.5
-3.27584 -1.6
-3.2756 -1.7
-3.27535 -1.7
-3.27511 -1.8
-3.27487 -1.9
-3.27462 -1.9
-3.27438 -2.0
-3.27413 -2.1
-3.27389 -2.1
-3.27365 -2.2
-3.2734 -2.2
-3.27316 -2.3
-3.27291 -2.3
-3.27267 -2.3
-3.27242 -2.4
-3.27218 -2.4
-3.27194 -2.4
-3.27169 -2.5
-3.27145 -2.5
-3.2712 -2.5
-3.27096 -2.5
-3.27072 -2.5
-3.27047 -2.5
-3.27023 -2.5
-3.26998 -2.5
-3.26974 -2.5
-3.2695 -2.5
-3.26925 -2.5
-3.26901 -2.5
-3.26876 -2.5
-3.26852 -2.4
-3.26827 -2.4
-3.26803 -2.4
-3.26779 -2.3
-3.26754 -2.3
-3.2673 -2.2
-3.26705 -2.2
-3.26681 -2.1
-3.26657 -2.1
-3.26632 -2.0
-3.26608 -2.0
-3.26583 -1.9
-3.26559 -1.8
-3.26534 -1.8
-3.2651 -1.7
-3.26486 -1.6
-3.26461 -1.6
-3.26437 -1.5
-3.26412 -1.4
-3.26388 -1.3
-3.26364 -1.2
-3.26339 -1.1
-3.26315 -1.1
-3.2629 -1.0
-3.26266 -0.9
-3.26241 -0.8
-3.26217 -0.7
-3.26193 -0.6
-3.26168 -0.5
-3.26144 -0.4
-3.26119 -0.3
-3.26095 -0.2
-3.26071 0.0
-3.26046 0.0
-3.26022 0.0
-3.25997 0.2
-3.25973 0.3
-3.25949 0.4
-3.25924 0.5
-3.259 0.6
-3.25875 0.7
-3.25851 0.8
-3.25826 0.9
-3.25802 1.0
-3.25778 1.1
-3.25753 1.1
-3.25729 1.2
-3.25704 1.3
-3.2568 1.4
-3.25656 1.5
-3.25631 1.6
-3.25607 1.6
-3.25582 1.7
-3.25558 1.8
-3.25533 1.9
-3.25509 1.9
-3.25485 2.0
-3.2546 2.0
-3.25436 2.1
-3.25411 2.2
-3.25387 2.2
-3.25363 2.2
-3.25338 2.3
-3.25314 2.3
-3.25289 2.4
-3.25265 2.4
-3.25241 2.4
-3.25216 2.5
-3.25192 2.5
-3.25167 2.5
-3.25143 2.5
-3.25118 2.5
-3.25094 2.5
-3.2507 2.5
-3.25045 2.5
-3.25021 2.5
-3.24996 2.5
-3.24972 2.5
-3.24948 2.5
-3.24923 2.5
-3.24899 2.4
-3.24874 2.4
-3.2485 2.4
-3.24825 2.3
-3.24801 2.3
-3.24777 2.3
-3.24752 2.2
-3.24728 2.2
-3.24703 2.1
-3.24679 2.1
-3.24655 2.0
-3.2463 1.9
-3.24606 1.9
-3.24581 1.8
-3.24557 1.7
-3.24533 1.7
-3.24508 1.6
-3.24484 1.5
-3.24459 1.4
-3.24435 1.3
-3.2441 1.3
-3.24386 1.2
-3.24362 1.1
-3.24337 1.0
-3.24313 0.9
-3.24288 0.8
-3.24264 0.7
-3.2424 0.6
-3.24215 0.5
-3.24191 0.4
-3.24166 0.3
-3.24142 0.2
-3.24117 0.1
-3.24093 0.0
-3.24069 0.0
-3.24044 -0.2
-3.2402 -0.3
-3.23995 -0.4
-3.23971 -0.5
-3.23947 -0.6
-3.23922 -0.7
-3.23898 -0.7
-3.23873 -0.8
-3.23849 -0.9
-3.23825 -1.0
-3.238 -1.1
-3.23776 -1.2
-3.23751 -1.3
-3.23727 -1.4
-3.23702 -1.5
-3.23678 -1.5
-3.23654 -1.6
-3.23629 -1.7
-3.23605 -1.8
-3.2358 -1.8
-3.23556 -1.9
-3.23532 -2.0
-3.23507 -2.0
-3.23483 -2.1
-3.23458 -2.1
-3.23434 -2.2
-3.23409 -2.2
-3.23385 -2.3
-3.23361 -2.3
-3.23336 -2.4
-3.23312 -2.4
-3.23287 -2.4
-3.23263 -2.5
-3.23239 -2.5
-3.23214 -2.5
-3.2319 -2.5
-3.23165 -2.5
-3.23141 -2.5
-3.23116 -2.5
-3.23092 -2.5
-3.23068 -2.5
-3.23043 -2.5
-3.23019 -2.5
-3.22994 -2.5
-3.2297 -2.5
-3.22946 -2.5
-3.22921 -2.4
-3.22897 -2.4
-3.22872 -2.4
-3.22848 -2.3
-3.22824 -2.3
-3.22799 -2.2
-3.22775 -2.2
-3.2275 -2.1
-3.22726 -2.1
-3.22701 -2.0
-3.22677 -2.0
-3.22653 -1.9
-3.22628 -1.8
-3.22604 -1.8
-3.22579 -1.7
-3.22555 -1.6
-3.22531 -1.5
-3.22506 -1.4
-3.22482 -1.4
-3.22457 -1.3
-3.22433 -1.2
-3.22408 -1.1
-3.22384 -1.0
-3.2236 -0.9
-3.22335 -0.8
-3.22311 -0.7
-3.22286 -0.6
-3.22262 -0.5
-3.22238 -0.4
-3.22213 -0.3
-3.22189 -0.2
-3.22164 -0.1
-3.2214 0.0
-3.22116 0.0
-3.22091 0.1
-3.22067 0.2
-3.22042 0.3
-3.22018 0.4
-3.21993 0.5
-3.21969 0.6
-3.21945 0.7
-3.2192 0.8
-3.21896 0.9
-3.21871 1.0
-3.21847 1.1
-3.21823 1.2
-3.21798 1.3
-3.21774 1.4
-3.21749 1.4
-3.21725 1.5
-3.217 1.6
-3.21676 1.7
-3.21652 1.8
-3.21627 1.8
-3.21603 1.9
-3.21578 2.0
-3.21554 2.0
-3.2153 2.1
-3.21505 2.1
-3.21481 2.2
-3.21456 2.2
-3.21432 2.3
-3.21408 2.3
-3.21383 2.4
-3.21359 2.4
-3.21334 2.4
-3.2131 2.5
-3.21285 2.5
-3.21261 2.5
-3.21237 2.5
-3.21212 2.5
-3.21188 2.5
-3.21163 2.5
-3.21139 2.5
-3.21115 2.5
-3.2109 2.5
-3.21066 2.5
-3.21041 2.5
-3.21017 2.5
-3.20992 2.5
-3.20968 2.4
-3.20944 2.4
-3.20919 2.4
-3.20895 2.3
-3.2087 2.3
-3.20846 2.2
-3.20822 2.2
-3.20797 2.1
-3.20773 2.1
-3.20748 2.0
-3.20724 2.0
-3.207 1.9
-3.20675 1.8
-3.20651 1.8
-3.20626 1.7
-3.20602 1.6
-3.20577 1.5
-3.20553 1.5
-3.20529 1.4
-3.20504 1.3
-3.2048 1.2
-3.20455 1.1
-3.20431 1.0
-3.20407 0.9
-3.20382 0.8
-3.20358 0.7
-3.20333 0.6
-3.20309 0.5
-3.20284 0.4
-3.2026 0.3
-3.20236 0.2
-3.20211 0.1
-3.20187 0.0
-3.20162 0.0
-3.20138 -0.2
-3.20114 -0.3
-3.20089 -0.3
-3.20065 -0.4
-3.2004 -0.5
-3.20016 -0.6
-3.19991 -0.7
-3.19967 -0.8
-3.19943 -0.9
-3.19918 -1.0
-3.19894 -1.1
-3.19869 -1.2
-3.19845 -1.3
-3.19821 -1.4
-3.19796 -1.5
-3.19772 -1.5
-3.19747 -1.6
-3.19723 -1.7
-3.19699 -1.8
-3.19674 -1.8
-3.1965 -1.9
-3.19625 -2.0
-3.19601 -2.0
-3.19576 -2.1
-3.19552 -2.1
-3.19528 -2.2
-3.19503 -2.2
-3.19479 -2.3
-3.19454 -2.3
-3.1943 -2.4
-3.19406 -2.4
-3.19381 -2.4
-3.19357 -2.5
-3.19332 -2.5
-3.19308 -2.5
-3.19283 -2.5
-3.19259 -2.5
-3.19235 -2.5
-3.1921 -2.5
-3.19186 -2.5
-3.19161 -2.5
-3.19137 -2.5
-3.19113 -2.5
-3.19088 -2.5
-3.19064 -2.5
-3.19039 -2.5
-3.19015 -2.4
-3.18991 -2.4
-3.18966 -2.4
-3.18942 -2.3
-3.18917 -2.3
-3.18893 -2.2
-3.18868 -2.2
-3.18844 -2.1
-3.1882 -2.1
-3.18795 -2.0
-3.18771 -2.0
-3.18746 -1.9
-3.18722 -1.8
-3.18698 -1.8
-3.18673 -1.7
-3.18649 -1.6
-3.18624 -1.5
-3.186 -1.4
-3.18575 -1.4
-3.18551 -1.3
-3.18527 -1.2
-3.18502 -1.1
-3.18478 -1.0
-3.18453 -0.9
-3.18429 -0.8
-3.18405 -0.7
-3.1838 -0.6
-3.18356 -0.5
-3.18331 -0.4
-3.18307 -0.3
-3.18283 -0.2
-3.18258 -0.1
-3.18234 0.0
-3.18209 0.0
-3.18185 0.2
-3.1816 0.3
-3.18136 0.4
-3.18112 0.5
-3.18087 0.6
-3.18063 0.7
-3.18038 0.8
-3.18014 0.9
-3.1799 0.9
-3.17965 1.0
-3.17941 1.1
-3.17916 1.2
-3.17892 1.3
-3.17867 1.4
-3.17843 1.5
-3.17819 1.6
-3.17794 1.6
-3.1777 1.7
-3.17745 1.8
-3.17721 1.9
-3.17697 1.9
-3.17672 2.0
-3.17648 2.0
-3.17623 2.1
-3.17599 2.2
-3.17575 2.2
-3.1755 2.3
-3.17526 2.3
-3.17501 2.3
-3.17477 2.4
-3.17452 2.4
-3.17428 2.4
-3.17404 2.5
-3.17379 2.5
-3.17355 2.5
-3.1733 2.5
-3.17306 2.5
-3.17282 2.5
-3.17257 2.5
-3.17233 2.5
-3.17208 2.5
-3.17184 2.5
-3.17159 2.5
-3.17135 2.5
-3.17111 2.5
-3.17086 2.5
-3.17062 2.4
-3.17037 2.4
-3.17013 2.4
-3.16989 2.3
-3.16964 2.3
-3.1694 2.2
-3.16915 2.2
-3.16891 2.1
-3.16866 2.1
-3.16842 2.0
-3.16818 1.9
-3.16793 1.9
-3.16769 1.8
-3.16744 1.7
-3.1672 1.7
-3.16696 1.6
-3.16671 1.5
-3.16647 1.4
-3.16622 1.3
-3.16598 1.2
-3.16574 1.2
-3.16549 1.1
-3.16525 1.0
-3.165 0.9
-3.16476 0.8
-3.16451 0.7
-3.16427 0.6
-3.16403 0.5
-3.16378 0.4
-3.16354 0.3
-3.16329 0.2
-3.16305 0.0
-3.16281 0.0
-3.16256 -0.1
-3.16232 -0.2
-3.16207 -0.3
-3.16183 -0.4
-3.16158 -0.5
-3.16134 -0.6
-3.1611 -0.7
-3.16085 -0.8
-3.16061 -0.9
-3.16036 -1.0
-3.16012 -1.1
-3.15988 -1.2
-3.15963 -1.3
-3.15939 -1.3
-3.15914 -1.4
-3.1589 -1.5
-3.15866 -1.6
-3.15841 -1.7
-3.15817 -1.7
-3.15792 -1.8
-3.15768 -1.9
-3.15743 -2.0
-3.15719 -2.0
-3.15695 -2.1
-3.1567 -2.1
-3.15646 -2.2
-3.15621 -2.2
-3.15597 -2.3
-3.15573 -2.3
-3.15548 -2.4
-3.15524 -2.4
-3.15499 -2.4
-3.15475 -2.5
-3.1545 -2.5
-3.15426 -2.5
-3.15402 -2.5
-3.15377 -2.5
-3.15353 -2.5
-3.15328 -2.5
-3.15304 -2.5
-3.1528 -2.5
-3.15255 -2.5
-3.15231 -2.5
-3.15206 -2.5
-3.15182 -2.5
-3.15158 -2.5
-3.15133 -2.4
-3.15109 -2.4
-3.15084 -2.4
-3.1506 -2.3
-3.15035 -2.3
-3.15011 -2.3
-3.14987 -2.2
-3.14962 -2.2
-3.14938 -2.1
-3.14913 -2.0
-3.14889 -2.0
-3.14865 -1.9
-3.1484 -1.8
-3.14816 -1.8
-3.14791 -1.7
-3.14767 -1.6
-3.14742 -1.5
-3.14718 -1.5
-3.14694 -1.4
-3.14669 -1.3
-3.14645 -1.2
-3.1462 -1.1
-3.14596 -1.0
-3.14572 -0.9
-3.14547 -0.8
-3.14523 -0.7
-3.14498 -0.6
-3.14474 -0.5
-3.1445 -0.4
-3.14425 -0.3
-3.14401 -0.2
-3.14376 -0.1
-3.14352 0.0
-3.14327 0.0
-3.14303 0.2
-3.14279 0.3
-3.14254 0.4
-3.1423 0.5
-3.14205 0.6
-3.14181 0.7
-3.14157 0.8
-3.14132 0.9
-3.14108 0.9
-3.14083 1.0
-3.14059 1.1
-3.14034 1.2
-3.1401 1.3
-3.13986 1.4
-3.13961 1.5
-3.13937 1.6
-3.13912 1.6
-3.13888 1.7
-3.13864 1.8
-3.13839 1.9
-3.13815 1.9
-3.1379 2.0
-3.13766 2.1
-3.13741 2.1
-3.13717 2.2
-3.13693 2.2
-3.13668 2.3
-3.13644 2.3
-3.13619 2.4
-3.13595 2.4
-3.13571 2.4
-3.13546 2.5
-3.13522 2.5
-3.13497 2.5
-3.13473 2.5
-3.13449 2.5
-3.13424 2.5
-3.134 2.6
-3.13375 2.6
-3.13351 2.6
-3.13326 2.5
-3.13302 2.5
-3.13278 2.5
-3.13253 2.5
-3.13229 2.5
-3.13204 2.5
-3.1318 2.4
-3.13156 2.4
-3.13131 2.4
-3.13107 2.3
-3.13082 2.3
-3.13058 2.2
-3.13033 2.2
-3.13009 2.1
-3.12985 2.1
-3.1296 2.0
-3.12936 1.9
-3.12911 1.9
-3.12887 1.8
-3.12863 1.7
-3.12838 1.6
-3.12814 1.6
-3.12789 1.5
-3.12765 1.4
-3.12741 1.3
-3.12716 1.2
-3.12692 1.1
-3.12667 1.0
-3.12643 1.0
-3.12618 0.9
-3.12594 0.8
-3.1257 0.7
-3.12545 0.6
-3.12521 0.5
-3.12496 0.4
-3.12472 0.3
-3.12448 0.2
-3.12423 0.0
-3.12399 0.0
-3.12374 -0.1
-3.1235 -0.2
-3.12325 -0.3
-3.12301 -0.4
-3.12277 -0.5
-3.12252 -0.6
-3.12228 -0.7
-3.12203 -0.8
-3.12179 -0.9
-3.12155 -1.0
-3.1213 -1.1
-3.12106 -1.2
-3.12081 -1.3
-3.12057 -1.4
-3.12033 -1.5
-3.12008 -1.5
-3.11984 -1.6
-3.11959 -1.7
-3.11935 -1.8
-3.1191 -1.8
-3.11886 -1.9
-3.11862 -2.0
-3.11837 -2.0
-3.11813 -2.1
-3.11788 -2.2
-3.11764 -2.2
-3.1174 -2.3
-3.11715 -2.3
-3.11691 -2.3
-3.11666 -2.4
-3.11642 -2.4
-3.11617 -2.5
-3.11593 -2.5
-3.11569 -2.5
-3.11544 -2.5
-3.1152 -2.5
-3.11495 -2.5
-3.11471 -2.6
-3.11447 -2.6
-3.11422 -2.6
-3.11398 -2.6
-3.11373 -2.5
-3.11349 -2.5
-3.11325 -2.5
-3.113 -2.5
-3.11276 -2.5
-3.11251 -2.4
-3.11227 -2.4
-3.11202 -2.4
-3.11178 -2.3
-3.11154 -2.3
-3.11129 -2.2
-3.11105 -2.2
-3.1108 -2.1
-3.11056 -2.1
-3.11032 -2.0
-3.11007 -1.9
-3.10983 -1.9
-3.10958 -1.8
-3.10934 -1.7
-3.10909 -1.7
-3.10885 -1.6
-3.10861 -1.5
-3.10836 -1.4
-3.10812 -1.3
-3.10787 -1.2
-3.10763 -1.2
-3.10739 -1.1
-3.10714 -1.0
-3.1069 -0.9
-3.10665 -0.8
-3.10641 -0.7
-3.10616 -0.6
-3.10592 -0.5
-3.10568 -0.4
-3.10543 -0.3
-3.10519 -0.2
-3.10494 0.0
-3.1047 0.0
-3.10446 0.1
-3.10421 0.2
-3.10397 0.3
-3.10372 0.4
-3.10348 0.5
-3.10324 0.6
-3.10299 0.7
-3.10275 0.8
-3.1025 0.9
-3.10226 1.0
-3.10201 1.1
-3.10177 1.2
-3.10153 1.3
-3.10128 1.4
-3.10104 1.5
-3.10079 1.5
-3.10055 1.6
-3.10031 1.7
-3.10006 1.8
-3.09982 1.8
-3.09957 1.9
-3.09933 2.0
-3.09908 2.0
-3.09884 2.1
-3.0986 2.2
-3.09835 2.2
-3.09811 2.3
-3.09786 2.3
-3.09762 2.4
-3.09738 2.4
-3.09713 2.4
-3.09689 2.5
-3.09664 2.5
-3.0964 2.5
-3.09616 2.5
-3.09591 2.5
-3.09567 2.5
-3.09542 2.6
-3.09518 2.6
-3.09493 2.6
-3.09469 2.6
-3.09445 2.5
-3.0942 2.5
-3.09396 2.5
-3.09371 2.5
-3.09347 2.5
-3.09323 2.4
-3.09298 2.4
-3.09274 2.4
-3.09249 2.3
-3.09225 2.3
-3.092 2.2
-3.09176 2.2
-3.09152 2.1
-3.09127 2.1
-3.09103 2.0
-3.09078 1.9
-3.09054 1.9
-3.0903 1.8
-3.09005 1.7
-3.08981 1.7
-3.08956 1.6
-3.08932 1.5
-3.08908 1.4
-3.08883 1.3
-3.08859 1.2
-3.08834 1.1
-3.0881 1.1
-3.08785 1.0
-3.08761 0.9
-3.08737 0.8
-3.08712 0.7
-3.08688 0.6
-3.08663 0.5
-3.08639 0.4
-3.08615 0.3
-3.0859 0.2
-3.08566 0.0
-3.08541 0.0
-3.08517 -0.1
-3.08492 -0.2
-3.08468 -0.3
-3.08444 -0.4
-3.08419 -0.5
-3.08395 -0.6
-3.0837 -0.7
-3.08346 -0.8
-3.08322 -0.9
-3.08297 -1.0
-3.08273 -1.1
-3.08248 -1.2
-3.08224 -1.3
-3.082 -1.4
-3.08175 -1.5
-3.08151 -1.6
-3.08126 -1.6
-3.08102 -1.7
-3.08077 -1.8
-3.08053 -1.9
-3.08029 -1.9
-3.08004 -2.0
-3.0798 -2.1
-3.07955 -2.1
-3.07931 -2.2
-3.07907 -2.2
-3.07882 -2.3
-3.07858 -2.3
-3.07833 -2.4
-3.07809 -2.4
-3.07784 -2.4
-3.0776 -2.5
-3.07736 -2.5
-3.07711 -2.5
-3.07687 -2.5
-3.07662 -2.5
-3.07638 -2.6
-3.07614 -2.6
-3.07589 -2.6
-3.07565 -2.6
-3.0754 -2.6
-3.07516 -2.5
-3.07491 -2.5
-3.07467 -2.5
-3.07443 -2.5
-3.07418 -2.5
-3.07394 -2.4
-3.07369 -2.4
-3.07345 -2.4
-3.07321 -2.3
-3.07296 -2.3
-3.07272 -2.2
-3.07247 -2.2
-3.07223 -2.1
-3.07199 -2.1
-3.07174 -2.0
-3.0715 -1.9
-3.07125 -1.9
-3.07101 -1.8
-3.07076 -1.7
-3.07052 -1.6
-3.07028 -1.6
-3.07003 -1.5
-3.06979 -1.4
-3.06954 -1.3
-3.0693 -1.2
-3.06906 -1.1
-3.06881 -1.0
-3.06857 -0.9
-3.06832 -0.8
-3.06808 -0.7
-3.06783 -0.6
-3.06759 -0.5
-3.06735 -0.4
-3.0671 -0.3
-3.06686 -0.2
-3.06661 -0.1
-3.06637 0.0
-3.06613 0.0
-3.06588 0.2
-3.06564 0.3
-3.06539 0.4
-3.06515 0.5
-3.06491 0.6
-3.06466 0.7
-3.06442 0.8
-3.06417 0.9
-3.06393 1.0
-3.06368 1.1
-3.06344 1.1
-3.0632 1.2
-3.06295 1.3
-3.06271 1.4
-3.06246 1.5
-3.06222 1.6
-3.06198 1.7
-3.06173 1.7
-3.06149 1.8
-3.06124 1.9
-3.061 2.0
-3.06075 2.0
-3.06051 2.1
-3.06027 2.1
-3.06002 2.2
-3.05978 2.2
-3.05953 2.3
-3.05929 2.3
-3.05905 2.4
-3.0588 2.4
-3.05856 2.4
-3.05831 2.5
-3.05807 2.5
-3.05783 2.5
-3.05758 2.5
-3.05734 2.6
-3.05709 2.6
-3.05685 2.6
-3.0566 2.6
-3.05636 2.6
-3.05612 2.6
-3.05587 2.5
-3.05563 2.5
-3.05538 2.5
-3.05514 2.5
-3.0549 2.5
-3.05465 2.4
-3.05441 2.4
-3.05416 2.4
-3.05392 2.3
-3.05367 2.3
-3.05343 2.2
-3.05319 2.2
-3.05294 2.1
-3.0527 2.0
-3.05245 2.0
-3.05221 1.9
-3.05197 1.8
-3.05172 1.8
-3.05148 1.7
-3.05123 1.6
-3.05099 1.5
-3.05075 1.4
-3.0505 1.4
-3.05026 1.3
-3.05001 1.2
-3.04977 1.1
-3.04952 1.0
-3.04928 0.9
-3.04904 0.8
-3.04879 0.7
-3.04855 0.6
-3.0483 0.5
-3.04806 0.4
-3.04782 0.3
-3.04757 0.2
-3.04733 0.0
-3.04708 0.0
-3.04684 -0.1
-3.04659 -0.2
-3.04635 -0.3
-3.04611 -0.4
-3.04586 -0.5
-3.04562 -0.6
-3.04537 -0.7
-3.04513 -0.8
-3.04489 -0.9
-3.04464 -1.0
-3.0444 -1.1
-3.04415 -1.2
-3.04391 -1.3
-3.04366 -1.4
-3.04342 -1.5
-3.04318 -1.5
-3.04293 -1.6
-3.04269 -1.7
-3.04244 -1.8
-3.0422 -1.8
-3.04196 -1.9
-3.04171 -2.0
-3.04147 -2.0
-3.04122 -2.1
-3.04098 -2.2
-3.04074 -2.2
-3.04049 -2.3
-3.04025 -2.3
-3.04 -2.4
-3.03976 -2.4
-3.03951 -2.4
-3.03927 -2.5
-3.03903 -2.5
-3.03878 -2.5
-3.03854 -2.5
-3.03829 -2.6
-3.03805 -2.6
-3.03781 -2.6
-3.03756 -2.6
-3.03732 -2.6
-3.03707 -2.6
-3.03683 -2.6
-3.03658 -2.5
-3.03634 -2.5
-3.0361 -2.5
-3.03585 -2.5
-3.03561 -2.4
-3.03536 -2.4
-3.03512 -2.4
-3.03488 -2.3
-3.03463 -2.3
-3.03439 -2.2
-3.03414 -2.2
-3.0339 -2.1
-3.03366 -2.1
-3.03341 -2.0
-3.03317 -1.9
-3.03292 -1.9
-3.03268 -1.8
-3.03243 -1.7
-3.03219 -1.6
-3.03195 -1.6
-3.0317 -1.5
-3.03146 -1.4
-3.03121 -1.3
-3.03097 -1.2
-3.03073 -1.1
-3.03048 -1.0
-3.03024 -0.9
-3.02999 -0.8
-3.02975 -0.7
-3.0295 -0.6
-3.02926 -0.5
-3.02902 -0.4
-3.02877 -0.3
-3.02853 -0.2
-3.02828 -0.1
-3.02804 0.0
-3.0278 0.0
-3.02755 0.2
-3.02731 0.3
-3.02706 0.4
-3.02682 0.5
-3.02658 0.6
-3.02633 0.7
-3.02609 0.8
-3.02584 0.9
-3.0256 1.0
-3.02535 1.1
-3.02511 1.2
-3.02487 1.3
-3.02462 1.3
-3.02438 1.4
-3.02413 1.5
-3.02389 1.6
-3.02365 1.7
-3.0234 1.8
-3.02316 1.8
-3.02291 1.9
-3.02267 2.0
-3.02242 2.0
-3.02218 2.1
-3.02194 2.2
-3.02169 2.2
-3.02145 2.3
-3.0212 2.3
-3.02096 2.4
-3.02072 2.4
-3.02047 2.4
-3.02023 2.5
-3.01998 2.5
-3.01974 2.5
-3.0195 2.5
-3.01925 2.6
-3.01901 2.6
-3.01876 2.6
-3.01852 2.6
-3.01827 2.6
-3.01803 2.6
-3.01779 2.6
-3.01754 2.5
-3.0173 2.5
-3.01705 2.5
-3.01681 2.5
-3.01657 2.5
-3.01632 2.4
-3.01608 2.4
-3.01583 2.3
-3.01559 2.3
-3.01534 2.3
-3.0151 2.2
-3.01486 2.1
-3.01461 2.1
-3.01437 2.0
-3.01412 2.0
-3.01388 1.9
-3.01364 1.8
-3.01339 1.7
-3.01315 1.7
-3.0129 1.6
-3.01266 1.5
-3.01241 1.4
-3.01217 1.3
-3.01193 1.2
-3.01168 1.2
-3.01144 1.1
-3.01119 1.0
-3.01095 0.9
-3.01071 0.8
-3.01046 0.7
-3.01022 0.6
-3.00997 0.5
-3.00973 0.4
-3.00949 0.3
-3.00924 0.2
-3.009 0.0
-3.00875 0.0
-3.00851 -0.2
-3.00826 -0.3
-3.00802 -0.4
-3.00778 -0.5
-3.00753 -0.6
-3.00729 -0.7
-3.00704 -0.8
-3.0068 -0.9
-3.00656 -1.0
-3.00631 -1.1
-3.00607 -1.1
-3.00582 -1.2
-3.00558 -1.3
-3.00533 -1.4
-3.00509 -1.5
-3.00485 -1.6
-3.0046 -1.7
-3.00436 -1.7
-3.00411 -1.8
-3.00387 -1.9
-3.00363 -2.0
-3.00338 -2.0
-3.00314 -2.1
-3.00289 -2.1
-3.00265 -2.2
-3.00241 -2.3
-3.00216 -2.3
-3.00192 -2.3
-3.00167 -2.4
-3.00143 -2.4
-3.00118 -2.5
-3.00094 -2.5
-3.0007 -2.5
-3.00045 -2.5
-3.00021 -2.6
-2.99996 -2.6
-2.99972 -2.6
-2.99948 -2.6
-2.99923 -2.6
-2.99899 -2.6
-2.99874 -2.6
-2.9985 -2.6
-2.99825 -2.5
-2.99801 -2.5
-2.99777 -2.5
-2.99752 -2.5
-2.99728 -2.4
-2.99703 -2.4
-2.99679 -2.4
-2.99655 -2.3
-2.9963 -2.3
-2.99606 -2.2
-2.99581 -2.2
-2.99557 -2.1
-2.99533 -2.0
-2.99508 -2.0
-2.99484 -1.9
-2.99459 -1.8
-2.99435 -1.8
-2.9941 -1.7
-2.99386 -1.6
-2.99362 -1.5
-2.99337 -1.4
-2.99313 -1.3
-2.99288 -1.2
-2.99264 -1.2
-2.9924 -1.1
-2.99215 -1.0
-2.99191 -0.9
-2.99166 -0.8
-2.99142 -0.7
-2.99117 -0.6
-2.99093 -0.5
-2.99069 -0.4
-2.99044 -0.3
-2.9902 -0.2
-2.98995 0.0
-2.98971 0.0
-2.98947 0.2
-2.98922 0.3
-2.98898 0.4
-2.98873 0.5
-2.98849 0.6
-2.98825 0.7
-2.988 0.8
-2.98776 0.9
-2.98751 1.0
-2.98727 1.1
-2.98702 1.2
-2.98678 1.2
-2.98654 1.3
-2.98629 1.4
-2.98605 1.5
-2.9858 1.6
-2.98556 1.7
-2.98532 1.7
-2.98507 1.8
-2.98483 1.9
-2.98458 2.0
-2.98434 2.0
-2.98409 2.1
-2.98385 2.2
-2.98361 2.2
-2.98336 2.3
-2.98312 2.3
-2.98287 2.4
-2.98263 2.4
-2.98239 2.4
-2.98214 2.5
-2.9819 2.5
-2.98165 2.5
-2.98141 2.5
-2.98116 2.6
-2.98092 2.6
-2.98068 2.6
-2.98043 2.6
-2.98019 2.6
-2.97994 2.6
-2.9797 2.6
-2.97946 2.6
-2.97921 2.5
-2.97897 2.5
-2.97872 2.5
-2.97848 2.5
-2.97824 2.4
-2.97799 2.4
-2.97775 2.4
-2.9775 2.3
-2.97726 2.3
-2.97701 2.2
-2.97677 2.2
-2.97653 2.1
-2.97628 2.0
-2.97604 2.0
-2.97579 1.9
-2.97555 1.8
-2.97531 1.7
-2.97506 1.7
-2.97482 1.6
-2.97457 1.5
-2.97433 1.4
-2.97408 1.3
-2.97384 1.2
-2.9736 1.1
-2.97335 1.1
-2.97311 1.0
-2.97286 0.9
-2.97262 0.8
-2.97238 0.7
-2.97213 0.6
-2.97189 0.5
-2.97164 0.4
-2.9714 0.2
-2.97116 0.1
-2.97091 0.0
-2.97067 0.0
-2.97042 -0.2
-2.97018 -0.3
-2.96993 -0.4
-2.96969 -0.5
-2.96945 -0.6
-2.9692 -0.7
-2.96896 -0.8
-2.96871 -0.9
-2.96847 -1.0
-2.96823 -1.1
-2.96798 -1.2
-2.96774 -1.3
-2.96749 -1.4
-2.96725 -1.4
-2.967 -1.5
-2.96676 -1.6
-2.96652 -1.7
-2.96627 -1.8
-2.96603 -1.8
-2.96578 -1.9
-2.96554 -2.0
-2.9653 -2.0
-2.96505 -2.1
-2.96481 -2.2
-2.96456 -2.2
-2.96432 -2.3
-2.96408 -2.3
-2.96383 -2.4
-2.96359 -2.4
-2.96334 -2.4
-2.9631 -2.5
-2.96285 -2.5
-2.96261 -2.5
-2.96237 -2.5
-2.96212 -2.6
-2.96188 -2.6
-2.96163 -2.6
-2.96139 -2.6
-2.96115 -2.6
-2.9609 -2.6
-2.96066 -2.6
-2.96041 -2.6
-2.96017 -2.5
-2.95992 -2.5
-2.95968 -2.5
-2.95944 -2.5
-2.95919 -2.4
-2.95895 -2.4
-2.9587 -2.3
-2.95846 -2.3
-2.95822 -2.2
-2.95797 -2.2
-2.95773 -2.1
-2.95748 -2.1
-2.95724 -2.0
-2.957 -1.9
-2.95675 -1.9
-2.95651 -1.8
-2.95626 -1.7
-2.95602 -1.6
-2.95577 -1.6
-2.95553 -1.5
-2.95529 -1.4
-2.95504 -1.3
-2.9548 -1.2
-2.95455 -1.1
-2.95431 -1.0
-2.95407 -0.9
-2.95382 -0.8
-2.95358 -0.7
-2.95333 -0.6
-2.95309 -0.5
-2.95284 -0.4
-2.9526 -0.3
-2.95236 -0.2
-2.95211 -0.1
-2.95187 0.0
-2.95162 0.1
-2.95138 0.2
-2.95114 0.3
-2.95089 0.4
-2.95065 0.5
-2.9504 0.6
-2.95016 0.7
-2.94991 0.8
-2.94967 0.9
-2.94943 1.0
-2.94918 1.1
-2.94894 1.2
-2.94869 1.3
-2.94845 1.4
-2.94821 1.5
-2.94796 1.6
-2.94772 1.6
-2.94747 1.7
-2.94723 1.8
-2.94699 1.9
-2.94674 1.9
-2.9465 2.0
-2.94625 2.1
-2.94601 2.1
-2.94576 2.2
-2.94552 2.2
-2.94528 2.3
-2.94503 2.3
-2.94479 2.4
-2.94454 2.4
-2.9443 2.5
-2.94406 2.5
-2.94381 2.5
-2.94357 2.5
-2.94332 2.6
-2.94308 2.6
-2.94283 2.6
-2.94259 2.6
-2.94235 2.6
-2.9421 2.6
-2.94186 2.6
-2.94161 2.6
-2.94137 2.6
-2.94113 2.5
-2.94088 2.5
-2.94064 2.5
-2.94039 2.4
-2.94015 2.4
-2.93991 2.4
-2.93966 2.3
-2.93942 2.3
-2.93917 2.2
-2.93893 2.2
-2.93868 2.1
-2.93844 2.1
-2.9382 2.0
-2.93795 1.9
-2.93771 1.8
-2.93746 1.8
-2.93722 1.7
-2.93698 1.6
-2.93673 1.5
-2.93649 1.4
-2.93624 1.4
-2.936 1.3
-2.93575 1.2
-2.93551 1.1
-2.93527 1.0
-2.93502 0.9
-2.93478 0.8
-2.93453 0.7
-2.93429 0.6
-2.93405 0.5
-2.9338 0.4
-2.93356 0.3
-2.93331 0.2
-2.93307 0.0
-2.93283 0.0
-2.93258 -0.2
-2.93234 -0.3
-2.93209 -0.4
-2.93185 -0.5
-2.9316 -0.6
-2.93136 -0.7
-2.93112 -0.8
-2.93087 -0.9
-2.93063 -1.0
-2.93038 -1.1
-2.93014 -1.2
-2.9299 -1.3
-2.92965 -1.4
-2.92941 -1.4
-2.92916 -1.5
-2.92892 -1.6
-2.92867 -1.7
-2.92843 -1.8
-2.92819 -1.8
-2.92794 -1.9
-2.9277 -2.0
-2.92745 -2.1
-2.92721 -2.1
-2.92697 -2.2
-2.92672 -2.2
-2.92648 -2.3
-2.92623 -2.3
-2.92599 -2.4
-2.92575 -2.4
-2.9255 -2.5
-2.92526 -2.5
-2.92501 -2.5
-2.92477 -2.5
-2.92452 -2.6
-2.92428 -2.6
-2.92404 -2.6
-2.92379 -2.6
-2.92355 -2.6
-2.9233 -2.6
-2.92306 -2.6
-2.92282 -2.6
-2.92257 -2.6
-2.92233 -2.5
-2.92208 -2.5
-2.92184 -2.5
-2.92159 -2.5
-2.92135 -2.4
-2.92111 -2.4
-2.92086 -2.3
-2.92062 -2.3
-2.92037 -2.3
-2.92013 -2.2
-2.91989 -2.1
-2.91964 -2.1
-2.9194 -2.0
-2.91915 -1.9
-2.91891 -1.9
-2.91866 -1.8
-2.91842 -1.7
-2.91818 -1.6
-2.91793 -1.6
-2.91769 -1.5
-2.91744 -1.4
-2.9172 -1.3
-2.91696 -1.2
-2.91671 -1.1
-2.91647 -1.0
-2.91622 -0.9
-2.91598 -0.8
-2.91574 -0.7
-2.91549 -0.6
-2.91525 -0.5
-2.915 -0.4
-2.91476 -0.3
-2.91451 -0.2
-2.91427 0.0
-2.91403 0.0
-2.91378 0.1
-2.91354 0.2
-2.91329 0.3
-2.91305 0.4
-2.91281 0.5
-2.91256 0.6
-2.91232 0.8
-2.91207 0.9
-2.91183 1.0
-2.91158 1.0
-2.91134 1.1
-2.9111 1.2
-2.91085 1.3
-2.91061 1.4
-2.91036 1.5
-2.91012 1.6
-2.90988 1.7
-2.90963 1.8
-2.90939 1.8
-2.90914 1.9
-2.9089 2.0
-2.90866 2.0
-2.90841 2.1
-2.90817 2.2
-2.90792 2.2
-2.90768 2.3
-2.90743 2.3
-2.90719 2.4
-2.90695 2.4
-2.9067 2.4
-2.90646 2.5
-2.90621 2.5
-2.90597 2.5
-2.90573 2.6
-2.90548 2.6
-2.90524 2.6
-2.90499 2.6
-2.90475 2.6
-2.9045 2.6
-2.90426 2.6
-2.90402 2.6
-2.90377 2.6
-2.90353 2.6
-2.90328 2.5
-2.90304 2.5
-2.9028 2.5
-2.90255 2.4
-2.90231 2.4
-2.90206 2.4
-2.90182 2.3
-2.90158 2.3
-2.90133 2.2
-2.90109 2.2
-2.90084 2.1
-2.9006 2.0
-2.90035 2.0
-2.90011 1.9
-2.89987 1.8
-2.89962 1.7
-2.89938 1.7
-2.89913 1.6
-2.89889 1.5
-2.89865 1.4
-2.8984 1.3
-2.89816 1.2
-2.89791 1.1
-2.89767 1.0
-2.89742 0.9
-2.89718 0.8
-2.89694 0.7
-2.89669 0.6
-2.89645 0.5
-2.8962 0.4
-2.89596 0.3
-2.89572 0.2
-2.89547 0.0
-2.89523 0.0
-2.89498 -0.1
-2.89474 -0.2
-2.8945 -0.3
-2.89425 -0.4
-2.89401 -0.5
-2.89376 -0.6
-2.89352 -0.7
-2.89327 -0.8
-2.89303 -0.9
-2.89279 -1.0
-2.89254 -1.1
-2.8923 -1.2
-2.89205 -1.3
-2.89181 -1.4
-2.89157 -1.5
-2.89132 -1.6
-2.89108 -1.7
-2.89083 -1.8
-2.89059 -1.8
-2.89034 -1.9
-2.8901 -2.0
-2.88986 -2.0
-2.88961 -2.1
-2.88937 -2.2
-2.88912 -2.2
-2.88888 -2.3
-2.88864 -2.3
-2.88839 -2.4
-2.88815 -2.4
-2.8879 -2.5
-2.88766 -2.5
-2.88741 -2.5
-2.88717 -2.5
-2.88693 -2.6
-2.88668 -2.6
-2.88644 -2.6
-2.88619 -2.6
-2.88595 -2.6
-2.88571 -2.6
-2.88546 -2.6
-2.88522 -2.6
-2.88497 -2.6
-2.88473 -2.6
-2.88449 -2.5
-2.88424 -2.5
-2.884 -2.5
-2.88375 -2.4
-2.88351 -2.4
-2.88326 -2.4
-2.88302 -2.3
-2.88278 -2.3
-2.88253 -2.2
-2.88229 -2.2
-2.88204 -2.1
-2.8818 -2.0
-2.88156 -2.0
-2.88131 -1.9
-2.88107 -1.8
-2.88082 -1.7
-2.88058 -1.7
-2.88033 -1.6
-2.88009 -1.5
-2.87985 -1.4
-2.8796 -1.3
-2.87936 -1.2
-2.87911 -1.1
-2.87887 -1.0
-2.87863 -0.9
-2.87838 -0.8
-2.87814 -0.7
-2.87789 -0.6
-2.87765 -0.5
-2.87741 -0.4
-2.87716 -0.3
-2.87692 -0.2
-2.87667 0.0
-2.87643 0.0
-2.87618 0.1
-2.87594 0.2
-2.8757 0.3
-2.87545 0.4
-2.87521 0.5
-2.87496 0.7
-2.87472 0.8
-2.87448 0.9
-2.87423 1.0
-2.87399 1.1
-2.87374 1.1
-2.8735 1.2
-2.87325 1.3
-2.87301 1.4
-2.87277 1.5
-2.87252 1.6
-2.87228 1.7
-2.87203 1.8
-2.87179 1.8
-2.87155 1.9
-2.8713 2.0
-2.87106 2.1
-2.87081 2.1
-2.87057 2.2
-2.87033 2.2
-2.87008 2.3
-2.86984 2.3
-2.86959 2.4
-2.86935 2.4
-2.8691 2.5
-2.86886 2.5
-2.86862 2.5
-2.86837 2.5
-2.86813 2.6
-2.86788 2.6
-2.86764 2.6
-2.8674 2.6
-2.86715 2.6
-2.86691 2.6
-2.86666 2.6
-2.86642 2.6
-2.86617 2.6
-2.86593 2.6
-2.86569 2.5
-2.86544 2.5
-2.8652 2.5
-2.86495 2.4
-2.86471 2.4
-2.86447 2.4
-2.86422 2.3
-2.86398 2.3
-2.86373 2.2
-2.86349 2.1
-2.86325 2.1
-2.863 2.0
-2.86276 1.9
-2.86251 1.9
-2.86227 1.8
-2.86202 1.7
-2.86178 1.6
-2.86154 1.6
-2.86129 1.5
-2.86105 1.4
-2.8608 1.3
-2.86056 1.2
-2.86032 1.1
-2.86007 1.0
-2.85983 0.9
-2.85958 0.8
-2.85934 0.7
-2.85909 0.6
-2.85885 0.5
-2.85861 0.4
-2.85836 0.3
-2.85812 0.2
-2.85787 0.0
-2.85763 0.0
-2.85739 -0.2
-2.85714 -0.3
-2.8569 -0.4
-2.85665 -0.5
-2.85641 -0.6
-2.85616 -0.7
-2.85592 -0.8
-2.85568 -0.9
-2.85543 -1.0
-2.85519 -1.1
-2.85494 -1.2
-2.8547 -1.3
-2.85446 -1.4
-2.85421 -1.5
-2.85397 -1.5
-2.85372 -1.6
-2.85348 -1.7
-2.85324 -1.8
-2.85299 -1.9
-2.85275 -1.9
-2.8525 -2.0
-2.85226 -2.1
-2.85201 -2.1
-2.85177 -2.2
-2.85153 -2.3
-2.85128 -2.3
-2.85104 -2.4
-2.85079 -2.4
-2.85055 -2.4
-2.85031 -2.5
-2.85006 -2.5
-2.84982 -2.5
-2.84957 -2.6
-2.84933 -2.6
-2.84908 -2.6
-2.84884 -2.6
-2.8486 -2.6
-2.84835 -2.6
-2.84811 -2.6
-2.84786 -2.6
-2.84762 -2.6
-2.84738 -2.6
-2.84713 -2.6
-2.84689 -2.5
-2.84664 -2.5
-2.8464 -2.5
-2.84616 -2.4
-2.84591 -2.4
-2.84567 -2.3
-2.84542 -2.3
-2.84518 -2.2
-2.84493 -2.2
-2.84469 -2.1
-2.84445 -2.1
-2.8442 -2.0
-2.84396 -1.9
-2.84371 -1.8
-2.84347 -1.8
-2.84323 -1.7
-2.84298 -1.6
-2.84274 -1.5
-2.84249 -1.4
-2.84225 -1.3
-2.842 -1.2
-2.84176 -1.2
-2.84152 -1.1
-2.84127 -1.0
-2.84103 -0.9
-2.84078 -0.8
-2.84054 -0.7
-2.8403 -0.5
-2.84005 -0.4
-2.83981 -0.3
-2.83956 -0.2
-2.83932 -0.1
-2.83908 0.0
-2.83883 0.0
-2.83859 0.2
-2.83834 0.3
-2.8381 0.4
-2.83785 0.5
-2.83761 0.6
-2.83737 0.7
-2.83712 0.8
-2.83688 0.9
-2.83663 1.0
-2.83639 1.1
-2.83615 1.2
-2.8359 1.3
-2.83566 1.4
-2.83541 1.5
-2.83517 1.6
-2.83492 1.7
-2.83468 1.8
-2.83444 1.8
-2.83419 1.9
-2.83395 2.0
-2.8337 2.0
-2.83346 2.1
-2.83322 2.2
-2.83297 2.2
-2.83273 2.3
-2.83248 2.3
-2.83224 2.4
-2.832 2.4
-2.83175 2.5
-2.83151 2.5
-2.83126 2.5
-2.83102 2.6
-2.83077 2.6
-2.83053 2.6
-2.83029 2.6
-2.83004 2.6
-2.8298 2.6
-2.82955 2.6
-2.82931 2.6
-2.82907 2.6
-2.82882 2.6
-2.82858 2.6
-2.82833 2.5
-2.82809 2.5
-2.82784 2.5
-2.8276 2.5
-2.82736 2.4
-2.82711 2.4
-2.82687 2.3
-2.82662 2.3
-2.82638 2.2
-2.82614 2.2
-2.82589 2.1
-2.82565 2.0
-2.8254 2.0
-2.82516 1.9
-2.82491 1.8
-2.82467 1.7
-2.82443 1.6
-2.82418 1.6
-2.82394 1.5
-2.82369 1.4
-2.82345 1.3
-2.82321 1.2
-2.82296 1.1
-2.82272 1.0
-2.82247 0.9
-2.82223 0.8
-2.82199 0.7
-2.82174 0.6
-2.8215 0.5
-2.82125 0.4
-2.82101 0.3
-2.82076 0.2
-2.82052 0.0
-2.82028 0.0
-2.82003 -0.2
-2.81979 -0.3
-2.81954 -0.4
-2.8193 -0.5
-2.81906 -0.6
-2.81881 -0.7
-2.81857 -0.8
-2.81832 -0.9
-2.81808 -1.0
-2.81783 -1.1
-2.81759 -1.2
-2.81735 -1.3
-2.8171 -1.4
-2.81686 -1.5
-2.81661 -1.6
-2.81637 -1.6
-2.81613 -1.7
-2.81588 -1.8
-2.81564 -1.9
-2.81539 -2.0
-2.81515 -2.0
-2.81491 -2.1
-2.81466 -2.2
-2.81442 -2.2
-2.81417 -2.3
-2.81393 -2.3
-2.81368 -2.4
-2.81344 -2.4
-2.8132 -2.5
-2.81295 -2.5
-2.81271 -2.5
-2.81246 -2.5
-2.81222 -2.6
-2.81198 -2.6
-2.81173 -2.6
-2.81149 -2.6
-2.81124 -2.6
-2.811 -2.6
-2.81075 -2.6
-2.81051 -2.6
-2.81027 -2.6
-2.81002 -2.6
-2.80978 -2.6
-2.80953 -2.5
-2.80929 -2.5
-2.80905 -2.5
-2.8088 -2.4
-2.80856 -2.4
-2.80831 -2.3
-2.80807 -2.3
-2.80783 -2.2
-2.80758 -2.2
-2.80734 -2.1
-2.80709 -2.0
-2.80685 -2.0
-2.8066 -1.9
-2.80636 -1.8
-2.80612 -1.7
-2.80587 -1.7
-2.80563 -1.6
-2.80538 -1.5
-2.80514 -1.4
-2.8049 -1.3
-2.80465 -1.2
-2.80441 -1.1
-2.80416 -1.0
-2.80392 -0.9
-2.80367 -0.8
-2.80343 -0.7
-2.80319 -0.6
-2.80294 -0.5
-2.8027 -0.4
-2.80245 -0.3
-2.80221 -0.2
-2.80197 0.0
-2.80172 0.0
-2.80148 0.1
-2.80123 0.2
-2.80099 0.4
-2.80075 0.5
-2.8005 0.6
-2.80026 0.7
-2.80001 0.8
-2.79977 0.9
-2.79952 1.0
-2.79928 1.1
-2.79904 1.2
-2.79879 1.3
-2.79855 1.4
-2.7983 1.5
-2.79806 1.5
-2.79782 1.6
-2.79757 1.7
-2.79733 1.8
-2.79708 1.9
-2.79684 1.9
-2.79659 2.0
-2.79635 2.1
-2.79611 2.2
-2.79586 2.2
-2.79562 2.3
-2.79537 2.3
-2.79513 2.4
-2.79489 2.4
-2.79464 2.5
-2.7944 2.5
-2.79415 2.5
-2.79391 2.5
-2.79366 2.6
-2.79342 2.6
-2.79318 2.6
-2.79293 2.6
-2.79269 2.6
-2.79244 2.6
-2.7922 2.6
-2.79196 2.6
-2.79171 2.6
-2.79147 2.6
-2.79122 2.6
-2.79098 2.5
-2.79074 2.5
-2.79049 2.5
-2.79025 2.4
-2.79 2.4
-2.78976 2.3
-2.78951 2.3
-2.78927 2.2
-2.78903 2.2
-2.78878 2.1
-2.78854 2.1
-2.78829 2.0
-2.78805 1.9
-2.78781 1.8
-2.78756 1.8
-2.78732 1.7
-2.78707 1.6
-2.78683 1.5
-2.78658 1.4
-2.78634 1.3
-2.7861 1.2
-2.78585 1.1
-2.78561 1.0
-2.78536 0.9
-2.78512 0.8
-2.78488 0.7
-2.78463 0.6
-2.78439 0.5
-2.78414 0.4
-2.7839 0.3
-2.78366 0.2
-2.78341 0.0
-2.78317 0.0
-2.78292 -0.1
-2.78268 -0.2
-2.78243 -0.4
-2.78219 -0.5
-2.78195 -0.6
-2.7817 -0.7
-2.78146 -0.8
-2.78121 -0.9
-2.78097 -1.0
-2.78073 -1.1
-2.78048 -1.2
-2.78024 -1.3
-2.77999 -1.4
-2.77975 -1.5
-2.7795 -1.6
-2.77926 -1.6
-2.77902 -1.7
-2.77877 -1.8
-2.77853 -1.9
-2.77828 -2.0
-2.77804 -2.0
-2.7778 -2.1
-2.77755 -2.2
-2.77731 -2.2
-2.77706 -2.3
-2.77682 -2.3
-2.77658 -2.4
-2.77633 -2.4
-2.77609 -2.5
-2.77584 -2.5
-2.7756 -2.5
-2.77535 -2.6
-2.77511 -2.6
-2.77487 -2.6
-2.77462 -2.6
-2.77438 -2.6
-2.77413 -2.6
-2.77389 -2.6
-2.77365 -2.6
-2.7734 -2.6
-2.77316 -2.6
-2.77291 -2.6
-2.77267 -2.6
-2.77242 -2.5
-2.77218 -2.5
-2.77194 -2.5
-2.77169 -2.4
-2.77145 -2.4
-2.7712 -2.3
-2.77096 -2.3
-2.77072 -2.2
-2.77047 -2.2
-2.77023 -2.1
-2.76998 -2.0
-2.76974 -2.0
-2.7695 -1.9
-2.76925 -1.8
-2.76901 -1.7
-2.76876 -1.7
-2.76852 -1.6
-2.76827 -1.5
-2.76803 -1.4
-2.76779 -1.3
-2.76754 -1.2
-2.7673 -1.1
-2.76705 -1.0
-2.76681 -0.9
-2.76657 -0.8
-2.76632 -0.7
-2.76608 -0.6
-2.76583 -0.5
-2.76559 -0.4
-2.76534 -0.3
-2.7651 -0.2
-2.76486 0.0
-2.76461 0.0
-2.76437 0.2
-2.76412 0.3
-2.76388 0.4
-2.76364 0.5
-2.76339 0.6
-2.76315 0.7
-2.7629 0.8
-2.76266 0.9
-2.76241 1.0
-2.76217 1.1
-2.76193 1.2
-2.76168 1.3
-2.76144 1.4
-2.76119 1.5
-2.76095 1.6
-2.76071 1.7
-2.76046 1.7
-2.76022 1.8
-2.75997 1.9
-2.75973 2.0
-2.75949 2.0
-2.75924 2.1
-2.759 2.2
-2.75875 2.2
-2.75851 2.3
-2.75826 2.3
-2.75802 2.4
-2.75778 2.4
-2.75753 2.5
-2.75729 2.5
-2.75704 2.5
-2.7568 2.6
-2.75656 2.6
-2.75631 2.6
-2.75607 2.6
-2.75582 2.6
-2.75558 2.6
-2.75533 2.6
-2.75509 2.6
-2.75485 2.6
-2.7546 2.6
-2.75436 2.6
-2.75411 2.6
-2.75387 2.5
-2.75363 2.5
-2.75338 2.5
-2.75314 2.4
-2.75289 2.4
-2.75265 2.3
-2.75241 2.3
-2.75216 2.2
-2.75192 2.2
-2.75167 2.1
-2.75143 2.0
-2.75118 2.0
-2.75094 1.9
-2.7507 1.8
-2.75045 1.7
-2.75021 1.6
-2.74996 1.6
-2.74972 1.5
-2.74948 1.4
-2.74923 1.3
-2.74899 1.2
-2.74874 1.1
-2.7485 1.0
-2.74825 0.9
-2.74801 0.8
-2.74777 0.7
-2.74752 0.6
-2.74728 0.5
-2.74703 0.3
-2.74679 0.2
-2.74655 0.1
-2.7463 0.0
-2.74606 0.0
-2.74581 -0.2
-2.74557 -0.3
-2.74533 -0.4
-2.74508 -0.5
-2.74484 -0.6
-2.74459 -0.7
-2.74435 -0.8
-2.7441 -0.9
-2.74386 -1.0
-2.74362 -1.1
-2.74337 -1.2
-2.74313 -1.3
-2.74288 -1.4
-2.74264 -1.5
-2.7424 -1.6
-2.74215 -1.7
-2.74191 -1.8
-2.74166 -1.9
-2.74142 -1.9
-2.74117 -2.0
-2.74093 -2.1
-2.74069 -2.1
-2.74044 -2.2
-2.7402 -2.3
-2.73995 -2.3
-2.73971 -2.4
-2.73947 -2.4
-2.73922 -2.5
-2.73898 -2.5
-2.73873 -2.5
-2.73849 -2.6
-2.73825 -2.6
-2.738 -2.6
-2.73776 -2.6
-2.73751 -2.6
-2.73727 -2.6
-2.73702 -2.6
-2.73678 -2.6
-2.73654 -2.6
-2.73629 -2.6
-2.73605 -2.6
-2.7358 -2.6
-2.73556 -2.6
-2.73532 -2.5
-2.73507 -2.5
-2.73483 -2.4
-2.73458 -2.4
-2.73434 -2.4
-2.73409 -2.3
-2.73385 -2.3
-2.73361 -2.2
-2.73336 -2.1
-2.73312 -2.1
-2.73287 -2.0
-2.73263 -1.9
-2.73239 -1.8
-2.73214 -1.8
-2.7319 -1.7
-2.73165 -1.6
-2.73141 -1.5
-2.73116 -1.4
-2.73092 -1.3
-2.73068 -1.2
-2.73043 -1.1
-2.73019 -1.0
-2.72994 -0.9
-2.7297 -0.8
-2.72946 -0.7
-2.72921 -0.6
-2.72897 -0.5
-2.72872 -0.4
-2.72848 -0.3
-2.72824 -0.2
-2.72799 0.0
-2.72775 0.0
-2.7275 0.2
-2.72726 0.3
-2.72701 0.4
-2.72677 0.5
-2.72653 0.6
-2.72628 0.7
-2.72604 0.8
-2.72579 0.9
-2.72555 1.0
-2.72531 1.1
-2.72506 1.2
-2.72482 1.3
-2.72457 1.4
-2.72433 1.5
-2.72408 1.6
-2.72384 1.7
-2.7236 1.7
-2.72335 1.8
-2.72311 1.9
-2.72286 2.0
-2.72262 2.1
-2.72238 2.1
-2.72213 2.2
-2.72189 2.2
-2.72164 2.3
-2.7214 2.4
-2.72116 2.4
-2.72091 2.4
-2.72067 2.5
-2.72042 2.5
-2.72018 2.5
-2.71993 2.6
-2.71969 2.6
-2.71945 2.6
-2.7192 2.6
-2.71896 2.6
-2.71871 2.6
-2.71847 2.6
-2.71823 2.6
-2.71798 2.6
-2.71774 2.6
-2.71749 2.6
-2.71725 2.6
-2.717 2.5
-2.71676 2.5
-2.71652 2.5
-2.71627 2.4
-2.71603 2.4
-2.71578 2.3
-2.71554 2.3
-2.7153 2.2
-2.71505 2.2
-2.71481 2.1
-2.71456 2.0
-2.71432 2.0
-2.71408 1.9
-2.71383 1.8
-2.71359 1.7
-2.71334 1.6
-2.7131 1.5
-2.71285 1.4
-2.71261 1.4
-2.71237 1.3
-2.71212 1.2
-2.71188 1.1
-2.71163 1.0
-2.71139 0.9
-2.71115 0.8
-2.7109 0.6
-2.71066 0.5
-2.71041 0.4
-2.71017 0.3
-2.70992 0.2
-2.70968 0.0
-2.70944 0.0
-2.70919 -0.1
-2.70895 -0.2
-2.7087 -0.3
-2.70846 -0.5
-2.70822 -0.6
-2.70797 -0.7
-2.70773 -0.8
-2.70748 -0.9
-2.70724 -1.0
-2.707 -1.1
-2.70675 -1.2
-2.70651 -1.3
-2.70626 -1.4
-2.70602 -1.5
-2.70577 -1.6
-2.70553 -1.6
-2.70529 -1.7
-2.70504 -1.8
-2.7048 -1.9
-2.70455 -2.0
-2.70431 -2.0
-2.70407 -2.1
-2.70382 -2.2
-2.70358 -2.2
-2.70333 -2.3
-2.70309 -2.3
-2.70284 -2.4
-2.7026 -2.4
-2.70236 -2.5
-2.70211 -2.5
-2.70187 -2.5
-2.70162 -2.6
-2.70138 -2.6
-2.70114 -2.6
-2.70089 -2.6
-2.70065 -2.6
-2.7004 -2.6
-2.70016 -2.6
-2.69991 -2.6
-2.69967 -2.6
-2.69943 -2.6
-2.69918 -2.6
-2.69894 -2.6
-2.69869 -2.5
-2.69845 -2.5
-2.69821 -2.5
-2.69796 -2.4
-2.69772 -2.4
-2.69747 -2.3
-2.69723 -2.3
-2.69699 -2.2
-2.69674 -2.2
-2.6965 -2.1
-2.69625 -2.0
-2.69601 -2.0
-2.69576 -1.9
-2.69552 -1.8
-2.69528 -1.7
-2.69503 -1.6
-2.69479 -1.6
-2.69454 -1.5
-2.6943 -1.4
-2.69406 -1.3
-2.69381 -1.2
-2.69357 -1.1
-2.69332 -1.0
-2.69308 -0.9
-2.69283 -0.8
-2.69259 -0.7
-2.69235 -0.5
-2.6921 -0.4
-2.69186 -0.3
-2.69161 -0.2
-2.69137 -0.1
-2.69113 0.0
-2.69088 0.1
-2.69064 0.2
-2.69039 0.3
-2.69015 0.4
-2.68991 0.6
-2.68966 0.7
-2.68942 0.8
-2.68917 0.9
-2.68893 1.0
-2.68868 1.1
-2.68844 1.2
-2.6882 1.3
-2.68795 1.4
-2.68771 1.5
-2.68746 1.6
-2.68722 1.6
-2.68698 1.7
-2.68673 1.8
-2.68649 1.9
-2.68624 2.0
-2.686 2.0
-2.68575 2.1
-2.68551 2.2
-2.68527 2.2
-2.68502 2.3
-2.68478 2.3
-2.68453 2.4
-2.68429 2.4
-2.68405 2.5
-2.6838 2.5
-2.68356 2.6
-2.68331 2.6
-2.68307 2.6
-2.68283 2.6
-2.68258 2.6
-2.68234 2.6
-2.68209 2.6
-2.68185 2.6
-2.6816 2.6
-2.68136 2.6
-2.68112 2.6
-2.68087 2.6
-2.68063 2.6
-2.68038 2.5
-2.68014 2.5
-2.6799 2.5
-2.67965 2.4
-2.67941 2.4
-2.67916 2.3
-2.67892 2.3
-2.67867 2.2
-2.67843 2.2
-2.67819 2.1
-2.67794 2.0
-2.6777 2.0
-2.67745 1.9
-2.67721 1.8
-2.67697 1.7
-2.67672 1.6
-2.67648 1.6
-2.67623 1.5
-2.67599 1.4
-2.67575 1.3
-2.6755 1.2
-2.67526 1.1
-2.67501 1.0
-2.67477 0.9
-2.67452 0.8
-2.67428 0.6
-2.67404 0.5
-2.67379 0.4
-2.67355 0.3
-2.6733 0.2
-2.67306 0.0
-2.67282 0.0
-2.67257 -0.1
-2.67233 -0.2
-2.67208 -0.3
-2.67184 -0.5
-2.67159 -0.6
-2.67135 -0.7
-2.67111 -0.8
-2.67086 -0.9
-2.67062 -1.0
-2.67037 -1.1
-2.67013 -1.2
-2.66989 -1.3
-2.66964 -1.4
-2.6694 -1.5
-2.66915 -1.6
-2.66891 -1.7
-2.66866 -1.7
-2.66842 -1.8
-2.66818 -1.9
-2.66793 -2.0
-2.66769 -2.1
-2.66744 -2.1
-2.6672 -2.2
-2.66696 -2.2
-2.66671 -2.3
-2.66647 -2.4
-2.66622 -2.4
-2.66598 -2.5
-2.66574 -2.5
-2.66549 -2.5
-2.66525 -2.6
-2.665 -2.6
-2.66476 -2.6
-2.66451 -2.6
-2.66427 -2.6
-2.66403 -2.6
-2.66378 -2.7
-2.66354 -2.7
-2.66329 -2.6
-2.66305 -2.6
-2.66281 -2.6
-2.66256 -2.6
-2.66232 -2.6
-2.66207 -2.5
-2.66183 -2.5
-2.66158 -2.5
-2.66134 -2.4
-2.6611 -2.4
-2.66085 -2.3
-2.66061 -2.3
-2.66036 -2.2
-2.66012 -2.2
-2.65988 -2.1
-2.65963 -2.0
-2.65939 -1.9
-2.65914 -1.9
-2.6589 -1.8
-2.65866 -1.7
-2.65841 -1.6
-2.65817 -1.5
-2.65792 -1.4
-2.65768 -1.3
-2.65743 -1.2
-2.65719 -1.1
-2.65695 -1.0
-2.6567 -0.9
-2.65646 -0.8
-2.65621 -0.7
-2.65597 -0.6
-2.65573 -0.5
-2.65548 -0.4
-2.65524 -0.3
-2.65499 -0.2
-2.65475 0.0
-2.6545 0.0
-2.65426 0.2
-2.65402 0.3
-2.65377 0.4
-2.65353 0.5
-2.65328 0.6
-2.65304 0.7
-2.6528 0.8
-2.65255 0.9
-2.65231 1.0
-2.65206 1.1
-2.65182 1.2
-2.65158 1.3
-2.65133 1.4
-2.65109 1.5
-2.65084 1.6
-2.6506 1.7
-2.65035 1.8
-2.65011 1.9
-2.64987 1.9
-2.64962 2.0
-2.64938 2.1
-2.64913 2.2
-2.64889 2.2
-2.64865 2.3
-2.6484 2.3
-2.64816 2.4
-2.64791 2.4
-2.64767 2.5
-2.64742 2.5
-2.64718 2.5
-2.64694 2.6
-2.64669 2.6
-2.64645 2.6
-2.6462 2.6
-2.64596 2.6
-2.64572 2.7
-2.64547 2.7
-2.64523 2.7
-2.64498 2.6
-2.64474 2.6
-2.6445 2.6
-2.64425 2.6
-2.64401 2.6
-2.64376 2.5
-2.64352 2.5
-2.64327 2.5
-2.64303 2.4
-2.64279 2.4
-2.64254 2.3
-2.6423 2.3
-2.64205 2.2
-2.64181 2.1
-2.64157 2.1
-2.64132 2.0
-2.64108 1.9
-2.64083 1.8
-2.64059 1.8
-2.64034 1.7
-2.6401 1.6
-2.63986 1.5
-2.63961 1.4
-2.63937 1.3
-2.63912 1.2
-2.63888 1.1
-2.63864 1.0
-2.63839 0.9
-2.63815 0.8
-2.6379 0.7
-2.63766 0.6
-2.63741 0.5
-2.63717 0.3
-2.63693 0.2
-2.63668 0.1
-2.63644 0.0
-2.63619 0.0
-2.63595 -0.2
-2.63571 -0.3
-2.63546 -0.4
-2.63522 -0.5
-2.63497 -0.7
-2.63473 -0.8
-2.63449 -0.9
-2.63424 -1.0
-2.634 -1.1
-2.63375 -1.2
-2.63351 -1.3
-2.63326 -1.4
-2.63302 -1.5
-2.63278 -1.6
-2.63253 -1.7
-2.63229 -1.7
-2.63204 -1.8
-2.6318 -1.9
-2.63156 -2.0
-2.63131 -2.1
-2.63107 -2.1
-2.63082 -2.2
-2.63058 -2.2
-2.63033 -2.3
-2.63009 -2.4
-2.62985 -2.4
-2.6296 -2.5
-2.62936 -2.5
-2.62911 -2.5
-2.62887 -2.6
-2.62863 -2.6
-2.62838 -2.6
-2.62814 -2.6
-2.62789 -2.6
-2.62765 -2.7
-2.62741 -2.7
-2.62716 -2.7
-2.62692 -2.7
-2.62667 -2.6
-2.62643 -2.6
-2.62618 -2.6
-2.62594 -2.6
-2.6257 -2.6
-2.62545 -2.5
-2.62521 -2.5
-2.62496 -2.4
-2.62472 -2.4
-2.62448 -2.3
-2.62423 -2.3
-2.62399 -2.2
-2.62374 -2.2
-2.6235 -2.1
-2.62325 -2.0
-2.62301 -2.0
-2.62277 -1.9
-2.62252 -1.8
-2.62228 -1.7
-2.62203 -1.6
-2.62179 -1.5
-2.62155 -1.4
-2.6213 -1.3
-2.62106 -1.2
-2.62081 -1.1
-2.62057 -1.0
-2.62033 -0.9
-2.62008 -0.8
-2.61984 -0.7
-2.61959 -0.6
-2.61935 -0.5
-2.6191 -0.4
-2.61886 -0.3
-2.61862 -0.2
-2.61837 0.0
-2.61813 0.0
-2.61788 0.2
-2.61764 0.3
-2.6174 0.4
-2.61715 0.5
-2.61691 0.6
-2.61666 0.7
-2.61642 0.8
-2.61617 0.9
-2.61593 1.0
-2.61569 1.1
-2.61544 1.2
-2.6152 1.3
-2.61495 1.4
-2.61471 1.5
-2.61447 1.6
-2.61422 1.7
-2.61398 1.8
-2.61373 1.9
-2.61349 2.0
-2.61325 2.0
-2.613 2.1
-2.61276 2.2
-2.61251 2.2
-2.61227 2.3
-2.61202 2.4
-2.61178 2.4
-2.61154 2.4
-2.61129 2.5
-2.61105 2.5
-2.6108 2.6
-2.61056 2.6
-2.61032 2.6
-2.61007 2.6
-2.60983 2.6
-2.60958 2.7
-2.60934 2.7
-2.60909 2.7
-2.60885 2.7
-2.60861 2.7
-2.60836 2.6
-2.60812 2.6
-2.60787 2.6
-2.60763 2.6
-2.60739 2.5
-2.60714 2.5
-2.6069 2.5
-2.60665 2.4
-2.60641 2.4
-2.60616 2.3
-2.60592 2.2
-2.60568 2.2
-2.60543 2.1
-2.60519 2.0
-2.60494 2.0
-2.6047 1.9
-2.60446 1.8
-2.60421 1.7
-2.60397 1.6
-2.60372 1.5
-2.60348 1.5
-2.60324 1.4
-2.60299 1.3
-2.60275 1.2
-2.6025 1.1
-2.60226 1.0
-2.60201 0.8
-2.60177 0.7
-2.60153 0.6
-2.60128 0.5
-2.60104 0.4
-2.60079 0.3
-2.60055 0.2
-2.60031 0.0
-2.60006 0.0
-2.59982 -0.2
-2.59957 -0.3
-2.59933 -0.4
-2.59908 -0.5
-2.59884 -0.6
-2.5986 -0.7
-2.59835 -0.8
-2.59811 -0.9
-2.59786 -1.0
-2.59762 -1.1
-2.59738 -1.2
-2.59713 -1.3
-2.59689 -1.4
-2.59664 -1.5
-2.5964 -1.6
-2.59616 -1.7
-2.59591 -1.8
-2.59567 -1.9
-2.59542 -2.0
-2.59518 -2.0
-2.59493 -2.1
-2.59469 -2.2
-2.59445 -2.2
-2.5942 -2.3
-2.59396 -2.4
-2.59371 -2.4
-2.59347 -2.4
-2.59323 -2.5
-2.59298 -2.5
-2.59274 -2.6
-2.59249 -2.6
-2.59225 -2.6
-2.592 -2.6
-2.59176 -2.7
-2.59152 -2.7
-2.59127 -2.7
-2.59103 -2.7
-2.59078 -2.7
-2.59054 -2.7
-2.5903 -2.6
-2.59005 -2.6
-2.58981 -2.6
-2.58956 -2.6
-2.58932 -2.5
-2.58908 -2.5
-2.58883 -2.5
-2.58859 -2.4
-2.58834 -2.4
-2.5881 -2.3
-2.58785 -2.3
-2.58761 -2.2
-2.58737 -2.1
-2.58712 -2.1
-2.58688 -2.0
-2.58663 -1.9
-2.58639 -1.8
-2.58615 -1.7
-2.5859 -1.6
-2.58566 -1.6
-2.58541 -1.5
-2.58517 -1.4
-2.58492 -1.3
-2.58468 -1.2
-2.58444 -1.1
-2.58419 -1.0
-2.58395 -0.8
-2.5837 -0.7
-2.58346 -0.6
-2.58322 -0.5
-2.58297 -0.4
-2.58273 -0.3
-2.58248 -0.2
-2.58224 0.0
-2.582 0.0
-2.58175 0.2
-2.58151 0.3
-2.58126 0.4
-2.58102 0.5
-2.58077 0.6
-2.58053 0.7
-2.58029 0.8
-2.58004 0.9
-2.5798 1.0
-2.57955 1.1
-2.57931 1.2
-2.57907 1.3
-2.57882 1.4
-2.57858 1.5
-2.57833 1.6
-2.57809 1.7
-2.57784 1.8
-2.5776 1.9
-2.57736 2.0
-2.57711 2.0
-2.57687 2.1
-2.57662 2.2
-2.57638 2.2
-2.57614 2.3
-2.57589 2.4
-2.57565 2.4
-2.5754 2.5
-2.57516 2.5
-2.57491 2.5
-2.57467 2.6
-2.57443 2.6
-2.57418 2.6
-2.57394 2.6
-2.57369 2.7
-2.57345 2.7
-2.57321 2.7
-2.57296 2.7
-2.57272 2.7
-2.57247 2.7
-2.57223 2.6
-2.57199 2.6
-2.57174 2.6
-2.5715 2.6
-2.57125 2.5
-2.57101 2.5
-2.57076 2.5
-2.57052 2.4
-2.57028 2.4
-2.57003 2.3
-2.56979 2.2
-2.56954 2.2
-2.5693 2.1
-2.56906 2.0
-2.56881 2.0
-2.56857 1.9
-2.56832 1.8
-2.56808 1.7
-2.56783 1.6
-2.56759 1.5
-2.56735 1.4
-2.5671 1.3
-2.56686 1.2
-2.56661 1.1
-2.56637 1.0
-2.56613 0.9
-2.56588 0.8
-2.56564 0.7
-2.56539 0.6
-2.56515 0.5
-2.56491 0.4
-2.56466 0.3
-2.56442 0.2
-2.56417 0.0
-2.56393 0.0
-2.56368 -0.2
-2.56344 -0.3
-2.5632 -0.4
-2.56295 -0.5
-2.56271 -0.6
-2.56246 -0.7
-2.56222 -0.9
-2.56198 -1.0
-2.56173 -1.1
-2.56149 -1.2
-2.56124 -1.3
-2.561 -1.4
-2.56075 -1.5
-2.56051 -1.6
-2.56027 -1.7
-2.56002 -1.7
-2.55978 -1.8
-2.55953 -1.9
-2.55929 -2.0
-2.55905 -2.1
-2.5588 -2.1
-2.55856 -2.2
-2.55831 -2.3
-2.55807 -2.3
-2.55783 -2.4
-2.55758 -2.4
-2.55734 -2.5
-2.55709 -2.5
-2.55685 -2.6
-2.5566 -2.6
-2.55636 -2.6
-2.55612 -2.6
-2.55587 -2.7
-2.55563 -2.7
-2.55538 -2.7
-2.55514 -2.7
-2.5549 -2.7
-2.55465 -2.7
-2.55441 -2.7
-2.55416 -2.6
-2.55392 -2.6
-2.55367 -2.6
-2.55343 -2.6
-2.55319 -2.5
-2.55294 -2.5
-2.5527 -2.4
-2.55245 -2.4
-2.55221 -2.3
-2.55197 -2.3
-2.55172 -2.2
-2.55148 -2.2
-2.55123 -2.1
-2.55099 -2.0
-2.55075 -1.9
-2.5505 -1.9
-2.55026 -1.8
-2.55001 -1.7
-2.54977 -1.6
-2.54952 -1.5
-2.54928 -1.4
-2.54904 -1.3
-2.54879 -1.2
-2.54855 -1.1
-2.5483 -1.0
-2.54806 -0.9
-2.54782 -0.8
-2.54757 -0.7
-2.54733 -0.6
-2.54708 -0.5
-2.54684 -0.3
-2.54659 -0.2
-2.54635 -0.1
-2.54611 0.0
-2.54586 0.1
-2.54562 0.2
-2.54537 0.3
-2.54513 0.5
-2.54489 0.6
-2.54464 0.7
-2.5444 0.8
-2.54415 0.9
-2.54391 1.0
-2.54366 1.1
-2.54342 1.2
-2.54318 1.3
-2.54293 1.4
-2.54269 1.5
-2.54244 1.6
-2.5422 1.7
-2.54196 1.8
-2.54171 1.9
-2.54147 2.0
-2.54122 2.0
-2.54098 2.1
-2.54074 2.2
-2.54049 2.2
-2.54025 2.3
-2.54 2.4
-2.53976 2.4
-2.53951 2.5
-2.53927 2.5
-2.53903 2.5
-2.53878 2.6
-2.53854 2.6
-2.53829 2.6
-2.53805 2.6
-2.53781 2.7
-2.53756 2.7
-2.53732 2.7
-2.53707 2.7
-2.53683 2.7
-2.53658 2.7
-2.53634 2.7
-2.5361 2.6
-2.53585 2.6
-2.53561 2.6
-2.53536 2.6
-2.53512 2.5
-2.53488 2.5
-2.53463 2.4
-2.53439 2.4
-2.53414 2.3
-2.5339 2.3
-2.53366 2.2
-2.53341 2.1
-2.53317 2.1
-2.53292 2.0
-2.53268 1.9
-2.53243 1.8
-2.53219 1.7
-2.53195 1.6
-2.5317 1.5
-2.53146 1.5
-2.53121 1.4
-2.53097 1.3
-2.53073 1.2
-2.53048 1.0
-2.53024 0.9
-2.52999 0.8
-2.52975 0.7
-2.5295 0.6
-2.52926 0.5
-2.52902 0.4
-2.52877 0.3
-2.52853 0.2
-2.52828 0.0
-2.52804 0.0
-2.5278 -0.2
-2.52755 -0.3
-2.52731 -0.4
-2.52706 -0.5
-2.52682 -0.6
-2.52658 -0.8
-2.52633 -0.9
-2.52609 -1.0
-2.52584 -1.1
-2.5256 -1.2
-2.52535 -1.3
-2.52511 -1.4
-2.52487 -1.5
-2.52462 -1.6
-2.52438 -1.7
-2.52413 -1.8
-2.52389 -1.8
-2.52365 -1.9
-2.5234 -2.0
-2.52316 -2.1
-2.52291 -2.2
-2.52267 -2.2
-2.52242 -2.3
-2.52218 -2.3
-2.52194 -2.4
-2.52169 -2.4
-2.52145 -2.5
-2.5212 -2.5
-2.52096 -2.6
-2.52072 -2.6
-2.52047 -2.6
-2.52023 -2.6
-2.51998 -2.7
-2.51974 -2.7
-2.5195 -2.7
-2.51925 -2.7
-2.51901 -2.7
-2.51876 -2.7
-2.51852 -2.7
-2.51827 -2.6
-2.51803 -2.6
-2.51779 -2.6
-2.51754 -2.6
-2.5173 -2.5
-2.51705 -2.5
-2.51681 -2.4
-2.51657 -2.4
-2.51632 -2.3
-2.51608 -2.3
-2.51583 -2.2
-2.51559 -2.1
-2.51534 -2.1
-2.5151 -2.0
-2.51486 -1.9
-2.51461 -1.8
-2.51437 -1.8
-2.51412 -1.7
-2.51388 -1.6
-2.51364 -1.5
-2.51339 -1.4
-2.51315 -1.3
-2.5129 -1.2
-2.51266 -1.1
-2.51241 -1.0
-2.51217 -0.9
-2.51193 -0.7
-2.51168 -0.6
-2.51144 -0.5
-2.51119 -0.4
-2.51095 -0.3
-2.51071 -0.2
-2.51046 0.0
-2.51022 0.0
-2.50997 0.2
-2.50973 0.3
-2.50949 0.4
-2.50924 0.5
-2.509 0.6
-2.50875 0.7
-2.50851 0.8
-2.50826 1.0
-2.50802 1.1
-2.50778 1.2
-2.50753 1.3
-2.50729 1.4
-2.50704 1.5
-2.5068 1.6
-2.50656 1.7
-2.50631 1.7
-2.50607 1.8
-2.50582 1.9
-2.50558 2.0
-2.50533 2.1
-2.50509 2.1
-2.50485 2.2
-2.5046 2.3
-2.50436 2.3
-2.50411 2.4
-2.50387 2.4
-2.50363 2.5
-2.50338 2.5
-2.50314 2.6
-2.50289 2.6
-2.50265 2.6
-2.50241 2.6
-2.50216 2.7
-2.50192 2.7
-2.50167 2.7
-2.50143 2.7
-2.50118 2.7
-2.50094 2.7
-2.5007 2.7
-2.50045 2.7
-2.50021 2.6
-2.49996 2.6
-2.49972 2.6
-2.49948 2.5
-2.49923 2.5
-2.49899 2.5
-2.49874 2.4
-2.4985 2.3
-2.49825 2.3
-2.49801 2.2
-2.49777 2.2
-2.49752 2.1
-2.49728 2.0
-2.49703 1.9
-2.49679 1.9
-2.49655 1.8
-2.4963 1.7
-2.49606 1.6
-2.49581 1.5
-2.49557 1.4
-2.49533 1.3
-2.49508 1.2
-2.49484 1.1
-2.49459 1.0
-2.49435 0.9
-2.4941 0.8
-2.49386 0.6
-2.49362 0.5
-2.49337 0.4
-2.49313 0.3
-2.49288 0.2
-2.49264 0.0
-2.4924 0.0
-2.49215 -0.2
-2.49191 -0.3
-2.49166 -0.4
-2.49142 -0.5
-2.49117 -0.6
-2.49093 -0.7
-2.49069 -0.8
-2.49044 -1.0
-2.4902 -1.1
-2.48995 -1.2
-2.48971 -1.3
-2.48947 -1.4
-2.48922 -1.5
-2.48898 -1.6
-2.48873 -1.7
-2.48849 -1.8
-2.48825 -1.8
-2.488 -1.9
-2.48776 -2.0
-2.48751 -2.1
-2.48727 -2.1
-2.48702 -2.2
-2.48678 -2.3
-2.48654 -2.3
-2.48629 -2.4
-2.48605 -2.4
-2.4858 -2.5
-2.48556 -2.5
-2.48532 -2.6
-2.48507 -2.6
-2.48483 -2.6
-2.48458 -2.7
-2.48434 -2.7
-2.48409 -2.7
-2.48385 -2.7
-2.48361 -2.7
-2.48336 -2.7
-2.48312 -2.7
-2.48287 -2.7
-2.48263 -2.7
-2.48239 -2.6
-2.48214 -2.6
-2.4819 -2.6
-2.48165 -2.5
-2.48141 -2.5
-2.48116 -2.5
-2.48092 -2.4
-2.48068 -2.3
-2.48043 -2.3
-2.48019 -2.2
-2.47994 -2.2
-2.4797 -2.1
-2.47946 -2.0
-2.47921 -1.9
-2.47897 -1.8
-2.47872 -1.8
-2.47848 -1.7
-2.47824 -1.6
-2.47799 -1.5
-2.47775 -1.4
-2.4775 -1.3
-2.47726 -1.2
-2.47701 -1.1
-2.47677 -1.0
-2.47653 -0.9
-2.47628 -0.7
-2.47604 -0.6
-2.47579 -0.5
-2.47555 -0.4
-2.47531 -0.3
-2.47506 -0.2
-2.47482 0.0
-2.47457 0.0
-2.47433 0.2
-2.47408 0.3
-2.47384 0.4
-2.4736 0.5
-2.47335 0.6
-2.47311 0.8
-2.47286 0.9
-2.47262 1.0
-2.47238 1.1
-2.47213 1.2
-2.47189 1.3
-2.47164 1.4
-2.4714 1.5
-2.47116 1.6
-2.47091 1.7
-2.47067 1.8
-2.47042 1.9
-2.47018 1.9
-2.46993 2.0
-2.46969 2.1
-2.46945 2.2
-2.4692 2.2
-2.46896 2.3
-2.46871 2.4
-2.46847 2.4
-2.46823 2.5
-2.46798 2.5
-2.46774 2.5
-2.46749 2.6
-2.46725 2.6
-2.467 2.6
-2.46676 2.7
-2.46652 2.7
-2.46627 2.7
-2.46603 2.7
-2.46578 2.7
-2.46554 2.7
-2.4653 2.7
-2.46505 2.7
-2.46481 2.7
-2.46456 2.6
-2.46432 2.6
-2.46408 2.6
-2.46383 2.5
-2.46359 2.5
-2.46334 2.4
-2.4631 2.4
-2.46285 2.3
-2.46261 2.3
-2.46237 2.2
-2.46212 2.1
-2.46188 2.1
-2.46163 2.0
-2.46139 1.9
-2.46115 1.8
-2.4609 1.7
-2.46066 1.6
-2.46041 1.5
-2.46017 1.4
-2.45992 1.3
-2.45968 1.2
-2.45944 1.1
-2.45919 1.0
-2.45895 0.9
-2.4587 0.8
-2.45846 0.7
-2.45822 0.6
-2.45797 0.5
-2.45773 0.4
-2.45748 0.2
-2.45724 0.1
-2.457 0.0
-2.45675 -0.1
-2.45651 -0.2
-2.45626 -0.3
-2.45602 -0.5
-2.45577 -0.6
-2.45553 -0.7
-2.45529 -0.8
-2.45504 -0.9
-2.4548 -1.0
-2.45455 -1.1
-2.45431 -1.2
-2.45407 -1.3
-2.45382 -1.4
-2.45358 -1.5
-2.45333 -1.6
-2.45309 -1.7
-2.45284 -1.8
-2.4526 -1.9
-2.45236 -2.0
-2.45211 -2.1
-2.45187 -2.1
-2.45162 -2.2
-2.45138 -2.3
-2.45114 -2.3
-2.45089 -2.4
-2.45065 -2.4
-2.4504 -2.5
-2.45016 -2.5
-2.44991 -2.6
-2.44967 -2.6
-2.44943 -2.6
-2.44918 -2.7
-2.44894 -2.7
-2.44869 -2.7
-2.44845 -2.7
-2.44821 -2.7
-2.44796 -2.7
-2.44772 -2.7
-2.44747 -2.7
-2.44723 -2.7
-2.44699 -2.7
-2.44674 -2.6
-2.4465 -2.6
-2.44625 -2.6
-2.44601 -2.5
-2.44576 -2.5
-2.44552 -2.4
-2.44528 -2.4
-2.44503 -2.3
-2.44479 -2.2
-2.44454 -2.2
-2.4443 -2.1
-2.44406 -2.0
-2.44381 -1.9
-2.44357 -1.9
-2.44332 -1.8
-2.44308 -1.7
-2.44283 -1.6
-2.44259 -1.5
-2.44235 -1.4
-2.4421 -1.3
-2.44186 -1.2
-2.44161 -1.1
-2.44137 -1.0
-2.44113 -0.9
-2.44088 -0.8
-2.44064 -0.6
-2.44039 -0.5
-2.44015 -0.4
-2.43991 -0.3
-2.43966 -0.2
-2.43942 0.0
-2.43917 0.0
-2.43893 0.2
-2.43868 0.3
-2.43844 0.4
-2.4382 0.5
-2.43795 0.6
-2.43771 0.8
-2.43746 0.9
-2.43722 1.0
-2.43698 1.1
-2.43673 1.2
-2.43649 1.3
-2.43624 1.4
-2.436 1.5
-2.43575 1.6
-2.43551 1.7
-2.43527 1.8
-2.43502 1.9
-2.43478 1.9
-2.43453 2.0
-2.43429 2.1
-2.43405 2.2
-2.4338 2.2
-2.43356 2.3
-2.43331 2.4
-2.43307 2.4
-2.43283 2.5
-2.43258 2.5
-2.43234 2.6
-2.43209 2.6
-2.43185 2.6
-2.4316 2.7
-2.43136 2.7
-2.43112 2.7
-2.43087 2.7
-2.43063 2.7
-2.43038 2.7
-2.43014 2.7
-2.4299 2.7
-2.42965 2.7
-2.42941 2.7
-2.42916 2.6
-2.42892 2.6
-2.42867 2.6
-2.42843 2.5
-2.42819 2.5
-2.42794 2.4
-2.4277 2.4
-2.42745 2.3
-2.42721 2.3
-2.42697 2.2
-2.42672 2.1
-2.42648 2.1
-2.42623 2.0
-2.42599 1.9
-2.42575 1.8
-2.4255 1.7
-2.42526 1.6
-2.42501 1.5
-2.42477 1.4
-2.42452 1.3
-2.42428 1.2
-2.42404 1.1
-2.42379 1.0
-2.42355 0.9
-2.4233 0.8
-2.42306 0.7
-2.42282 0.6
-2.42257 0.4
-2.42233 0.3
-2.42208 0.2
-2.42184 0.0
-2.42159 0.0
-2.42135 -0.1
-2.42111 -0.3
-2.42086 -0.4
-2.42062 -0.5
-2.42037 -0.6
-2.42013 -0.7
-2.41989 -0.8
-2.41964 -0.9
-2.4194 -1.1
-2.41915 -1.2
-2.41891 -1.3
-2.41866 -1.4
-2.41842 -1.5
-2.41818 -1.6
-2.41793 -1.7
-2.41769 -1.8
-2.41744 -1.8
-2.4172 -1.9
-2.41696 -2.0
-2.41671 -2.1
-2.41647 -2.2
-2.41622 -2.2
-2.41598 -2.3
-2.41574 -2.4
-2.41549 -2.4
-2.41525 -2.5
-2.415 -2.5
-2.41476 -2.6
-2.41451 -2.6
-2.41427 -2.6
-2.41403 -2.7
-2.41378 -2.7
-2.41354 -2.7
-2.41329 -2.7
-2.41305 -2.7
-2.41281 -2.7
-2.41256 -2.7
-2.41232 -2.7
-2.41207 -2.7
-2.41183 -2.7
-2.41158 -2.6
-2.41134 -2.6
-2.4111 -2.6
-2.41085 -2.5
-2.41061 -2.5
-2.41036 -2.5
-2.41012 -2.4
-2.40988 -2.3
-2.40963 -2.3
-2.40939 -2.2
-2.40914 -2.1
-2.4089 -2.1
-2.40866 -2.0
-2.40841 -1.9
-2.40817 -1.8
-2.40792 -1.7
-2.40768 -1.6
-2.40743 -1.5
-2.40719 -1.4
-2.40695 -1.3
-2.4067 -1.2
-2.40646 -1.1
-2.40621 -1.0
-2.40597 -0.9
-2.40573 -0.8
-2.40548 -0.7
-2.40524 -0.6
-2.40499 -0.5
-2.40475 -0.3
-2.4045 -0.2
-2.40426 -0.1
-2.40402 0.0
-2.40377 0.1
-2.40353 0.3
-2.40328 0.4
-2.40304 0.5
-2.4028 0.6
-2.40255 0.7
-2.40231 0.8
-2.40206 0.9
-2.40182 1.1
-2.40158 1.2
-2.40133 1.3
-2.40109 1.4
-2.40084 1.5
-2.4006 1.6
-2.40035 1.7
-2.40011 1.8
-2.39987 1.8
-2.39962 1.9
-2.39938 2.0
-2.39913 2.1
-2.39889 2.2
-2.39865 2.2
-2.3984 2.3
-2.39816 2.4
-2.39791 2.4
-2.39767 2.5
-2.39742 2.5
-2.39718 2.6
-2.39694 2.6
-2.39669 2.6
-2.39645 2.7
-2.3962 2.7
-2.39596 2.7
-2.39572 2.7
-2.39547 2.7
-2.39523 2.7
-2.39498 2.7
-2.39474 2.7
-2.3945 2.7
-2.39425 2.7
-2.39401 2.7
-2.39376 2.6
-2.39352 2.6
-2.39327 2.5
-2.39303 2.5
-2.39279 2.5
-2.39254 2.4
-2.3923 2.3
-2.39205 2.3
-2.39181 2.2
-2.39157 2.1
-2.39132 2.1
-2.39108 2.0
-2.39083 1.9
-2.39059 1.8
-2.39034 1.7
-2.3901 1.6
-2.38986 1.5
-2.38961 1.4
-2.38937 1.3
-2.38912 1.2
-2.38888 1.1
-2.38864 1.0
-2.38839 0.9
-2.38815 0.8
-2.3879 0.7
-2.38766 0.6
-2.38741 0.4
-2.38717 0.3
-2.38693 0.2
-2.38668 0.0
-2.38644 0.0
-2.38619 -0.1
-2.38595 -0.3
-2.38571 -0.4
-2.38546 -0.5
-2.38522 -0.6
-2.38497 -0.7
-2.38473 -0.8
-2.38449 -1.0
-2.38424 -1.1
-2.384 -1.2
-2.38375 -1.3
-2.38351 -1.4
-2.38326 -1.5
-2.38302 -1.6
-2.38278 -1.7
-2.38253 -1.8
-2.38229 -1.9
-2.38204 -2.0
-2.3818 -2.0
-2.38156 -2.1
-2.38131 -2.2
-2.38107 -2.3
-2.38082 -2.3
-2.38058 -2.4
-2.38033 -2.4
-2.38009 -2.5
-2.37985 -2.5
-2.3796 -2.6
-2.37936 -2.6
-2.37911 -2.6
-2.37887 -2.7
-2.37863 -2.7
-2.37838 -2.7
-2.37814 -2.7
-2.37789 -2.7
-2.37765 -2.7
-2.37741 -2.7
-2.37716 -2.7
-2.37692 -2.7
-2.37667 -2.7
-2.37643 -2.6
-2.37618 -2.6
-2.37594 -2.6
-2.3757 -2.5
-2.37545 -2.5
-2.37521 -2.4
-2.37496 -2.4
-2.37472 -2.3
-2.37448 -2.3
-2.37423 -2.2
-2.37399 -2.1
-2.37374 -2.1
-2.3735 -2.0
-2.37325 -1.9
-2.37301 -1.8
-2.37277 -1.7
-2.37252 -1.6
-2.37228 -1.5
-2.37203 -1.4
-2.37179 -1.3
-2.37155 -1.2
-2.3713 -1.1
-2.37106 -1.0
-2.37081 -0.9
-2.37057 -0.8
-2.37033 -0.6
-2.37008 -0.5
-2.36984 -0.4
-2.36959 -0.3
-2.36935 -0.2
-2.3691 0.0
-2.36886 0.0
-2.36862 0.2
-2.36837 0.3
-2.36813 0.4
-2.36788 0.5
-2.36764 0.7
-2.3674 0.8
-2.36715 0.9
-2.36691 1.0
-2.36666 1.1
-2.36642 1.2
-2.36617 1.3
-2.36593 1.4
-2.36569 1.5
-2.36544 1.6
-2.3652 1.7
-2.36495 1.8
-2.36471 1.9
-2.36447 2.0
-2.36422 2.1
-2.36398 2.1
-2.36373 2.2
-2.36349 2.3
-2.36325 2.3
-2.363 2.4
-2.36276 2.5
-2.36251 2.5
-2.36227 2.6
-2.36202 2.6
-2.36178 2.6
-2.36154 2.7
-2.36129 2.7
-2.36105 2.7
-2.3608 2.7
-2.36056 2.7
-2.36032 2.7
-2.36007 2.7
-2.35983 2.7
-2.35958 2.7
-2.35934 2.7
-2.35909 2.7
-2.35885 2.6
-2.35861 2.6
-2.35836 2.6
-2.35812 2.5
-2.35787 2.5
-2.35763 2.4
-2.35739 2.4
-2.35714 2.3
-2.3569 2.2
-2.35665 2.2
-2.35641 2.1
-2.35616 2.0
-2.35592 1.9
-2.35568 1.9
-2.35543 1.8
-2.35519 1.7
-2.35494 1.6
-2.3547 1.5
-2.35446 1.4
-2.35421 1.3
-2.35397 1.2
-2.35372 1.0
-2.35348 0.9
-2.35324 0.8
-2.35299 0.7
-2.35275 0.6
-2.3525 0.5
-2.35226 0.4
-2.35201 0.2
-2.35177 0.1
-2.35153 0.0
-2.35128 -0.1
-2.35104 -0.2
-2.35079 -0.4
-2.35055 -0.5
-2.35031 -0.6
-2.35006 -0.7
-2.34982 -0.8
-2.34957 -0.9
-2.34933 -1.1
-2.34908 -1.2
-2.34884 -1.3
-2.3486 -1.4
-2.34835 -1.5
-2.34811 -1.6
-2.34786 -1.7
-2.34762 -1.8
-2.34738 -1.9
-2.34713 -2.0
-2.34689 -2.0
-2.34664 -2.1
-2.3464 -2.2
-2.34616 -2.3
-2.34591 -2.3
-2.34567 -2.4
-2.34542 -2.4
-2.34518 -2.5
-2.34493 -2.5
-2.34469 -2.6
-2.34445 -2.6
-2.3442 -2.7
-2.34396 -2.7
-2.34371 -2.7
-2.34347 -2.7
-2.34323 -2.7
-2.34298 -2.7
-2.34274 -2.7
-2.34249 -2.7
-2.34225 -2.7
-2.342 -2.7
-2.34176 -2.7
-2.34152 -2.7
-2.34127 -2.6
-2.34103 -2.6
-2.34078 -2.5
-2.34054 -2.5
-2.3403 -2.5
-2.34005 -2.4
-2.33981 -2.3
-2.33956 -2.3
-2.33932 -2.2
-2.33908 -2.1
-2.33883 -2.1
-2.33859 -2.0
-2.33834 -1.9
-2.3381 -1.8
-2.33785 -1.7
-2.33761 -1.6
-2.33737 -1.5
-2.33712 -1.4
-2.33688 -1.3
-2.33663 -1.2
-2.33639 -1.1
-2.33615 -1.0
-2.3359 -0.9
-2.33566 -0.7
-2.33541 -0.6
-2.33517 -0.5
-2.33492 -0.4
-2.33468 -0.3
-2.33444 -0.1
-2.33419 0.0
-2.33395 0.0
-2.3337 0.2
-2.33346 0.3
-2.33322 0.5
-2.33297 0.6
-2.33273 0.7
-2.33248 0.8
-2.33224 0.9
-2.332 1.0
-2.33175 1.1
-2.33151 1.3
-2.33126 1.4
-2.33102 1.5
-2.33077 1.6
-2.33053 1.7
-2.33029 1.8
-2.33004 1.8
-2.3298 1.9
-2.32955 2.0
-2.32931 2.1
-2.32907 2.2
-2.32882 2.2
-2.32858 2.3
-2.32833 2.4
-2.32809 2.4
-2.32784 2.5
-2.3276 2.5
-2.32736 2.6
-2.32711 2.6
-2.32687 2.6
-2.32662 2.7
-2.32638 2.7
-2.32614 2.7
-2.32589 2.7
-2.32565 2.7
-2.3254 2.7
-2.32516 2.7
-2.32491 2.7
-2.32467 2.7
-2.32443 2.7
-2.32418 2.7
-2.32394 2.6
-2.32369 2.6
-2.32345 2.6
-2.32321 2.5
-2.32296 2.5
-2.32272 2.4
-2.32247 2.4
-2.32223 2.3
-2.32199 2.2
-2.32174 2.1
-2.3215 2.1
-2.32125 2.0
-2.32101 1.9
-2.32076 1.8
-2.32052 1.7
-2.32028 1.6
-2.32003 1.5
-2.31979 1.4
-2.31954 1.3
-2.3193 1.2
-2.31906 1.1
-2.31881 1.0
-2.31857 0.9
-2.31832 0.8
-2.31808 0.6
-2.31783 0.5
-2.31759 0.4
-2.31735 0.3
-2.3171 0.2
-2.31686 0.0
-2.31661 0.0
-2.31637 -0.2
-2.31613 -0.3
-2.31588 -0.4
-2.31564 -0.6
-2.31539 -0.7
-2.31515 -0.8
-2.31491 -0.9
-2.31466 -1.0
-2.31442 -1.1
-2.31417 -1.2
-2.31393 -1.4
-2.31368 -1.5
-2.31344 -1.6
-2.3132 -1.7
-2.31295 -1.8
-2.31271 -1.8
-2.31246 -1.9
-2.31222 -2.0
-2.31198 -2.1
-2.31173 -2.2
-2.31149 -2.2
-2.31124 -2.3
-2.311 -2.4
-2.31075 -2.4
-2.31051 -2.5
-2.31027 -2.5
-2.31002 -2.6
-2.30978 -2.6
-2.30953 -2.7
-2.30929 -2.7
-2.30905 -2.7
-2.3088 -2.7
-2.30856 -2.7
-2.30831 -2.7
-2.30807 -2.7
-2.30783 -2.7
-2.30758 -2.7
-2.30734 -2.7
-2.30709 -2.7
-2.30685 -2.7
-2.3066 -2.6
-2.30636 -2.6
-2.30612 -2.6
-2.30587 -2.5
-2.30563 -2.5
-2.30538 -2.4
-2.30514 -2.4
-2.3049 -2.3
-2.30465 -2.2
-2.30441 -2.1
-2.30416 -2.1
-2.30392 -2.0
-2.30367 -1.9
-2.30343 -1.8
-2.30319 -1.7
-2.30294 -1.6
-2.3027 -1.5
-2.30245 -1.4
-2.30221 -1.3
-2.30197 -1.2
-2.30172 -1.1
-2.30148 -1.0
-2.30123 -0.9
-2.30099 -0.8
-2.30075 -0.6
-2.3005 -0.5
-2.30026 -0.4
-2.30001 -0.3
-2.29977 -0.2
-2.29952 0.0
-2.29928 0.0
-2.29904 0.2
-2.29879 0.3
-2.29855 0.5
-2.2983 0.6
-2.29806 0.7
-2.29782 0.8
-2.29757 0.9
-2.29733 1.0
-2.29708 1.1
-2.29684 1.3
-2.29659 1.4
-2.29635 1.5
-2.29611 1.6
-2.29586 1.7
-2.29562 1.8
-2.29537 1.9
-2.29513 1.9
-2.29489 2.0
-2.29464 2.1
-2.2944 2.2
-2.29415 2.3
-2.29391 2.3
-2.29366 2.4
-2.29342 2.4
-2.29318 2.5
-2.29293 2.5
-2.29269 2.6
-2.29244 2.6
-2.2922 2.7
-2.29196 2.7
-2.29171 2.7
-2.29147 2.7
-2.29122 2.7
-2.29098 2.7
-2.29074 2.7
-2.29049 2.7
-2.29025 2.7
-2.29 2.7
-2.28976 2.7
-2.28951 2.7
-2.28927 2.6
-2.28903 2.6
-2.28878 2.6
-2.28854 2.5
-2.28829 2.5
-2.28805 2.4
-2.28781 2.3
-2.28756 2.3
-2.28732 2.2
-2.28707 2.1
-2.28683 2.1
-2.28658 2.0
-2.28634 1.9
-2.2861 1.8
-2.28585 1.7
-2.28561 1.6
-2.28536 1.5
-2.28512 1.4
-2.28488 1.3
-2.28463 1.2
-2.28439 1.1
-2.28414 1.0
-2.2839 0.8
-2.28366 0.7
-2.28341 0.6
-2.28317 0.5
-2.28292 0.4
-2.28268 0.2
-2.28243 0.1
-2.28219 0.0
-2.28195 -0.1
-2.2817 -0.2
-2.28146 -0.4
-2.28121 -0.5
-2.28097 -0.6
-2.28073 -0.7
-2.28048 -0.8
-2.28024 -1.0
-2.27999 -1.1
-2.27975 -1.2
-2.2795 -1.3
-2.27926 -1.4
-2.27902 -1.5
-2.27877 -1.6
-2.27853 -1.7
-2.27828 -1.8
-2.27804 -1.9
-2.2778 -2.0
-2.27755 -2.1
-2.27731 -2.1
-2.27706 -2.2
-2.27682 -2.3
-2.27658 -2.4
-2.27633 -2.4
-2.27609 -2.5
-2.27584 -2.5
-2.2756 -2.6
-2.27535 -2.6
-2.27511 -2.6
-2.27487 -2.7
-2.27462 -2.7
-2.27438 -2.7
-2.27413 -2.7
-2.27389 -2.7
-2.27365 -2.8
-2.2734 -2.8
-2.27316 -2.7
-2.27291 -2.7
-2.27267 -2.7
-2.27242 -2.7
-2.27218 -2.7
-2.27194 -2.6
-2.27169 -2.6
-2.27145 -2.5
-2.2712 -2.5
-2.27096 -2.4
-2.27072 -2.4
-2.27047 -2.3
-2.27023 -2.3
-2.26998 -2.2
-2.26974 -2.1
-2.2695 -2.0
-2.26925 -1.9
-2.26901 -1.9
-2.26876 -1.8
-2.26852 -1.7
-2.26827 -1.6
-2.26803 -1.5
-2.26779 -1.4
-2.26754 -1.2
-2.2673 -1.1
-2.26705 -1.0
-2.26681 -0.9
-2.26657 -0.8
-2.26632 -0.7
-2.26608 -0.6
-2.26583 -0.4
-2.26559 -0.3
-2.26534 -0.2
-2.2651 0.0
-2.26486 0.0
-2.26461 0.2
-2.26437 0.3
-2.26412 0.4
-2.26388 0.5
-2.26364 0.7
-2.26339 0.8
-2.26315 0.9
-2.2629 1.0
-2.26266 1.1
-2.26241 1.2
-2.26217 1.3
-2.26193 1.5
-2.26168 1.6
-2.26144 1.7
-2.26119 1.8
-2.26095 1.8
-2.26071 1.9
-2.26046 2.0
-2.26022 2.1
-2.25997 2.2
-2.25973 2.3
-2.25949 2.3
-2.25924 2.4
-2.259 2.4
-2.25875 2.5
-2.25851 2.6
-2.25826 2.6
-2.25802 2.6
-2.25778 2.7
-2.25753 2.7
-2.25729 2.7
-2.25704 2.7
-2.2568 2.7
-2.25656 2.8
-2.25631 2.8
-2.25607 2.8
-2.25582 2.7
-2.25558 2.7
-2.25533 2.7
-2.25509 2.7
-2.25485 2.7
-2.2546 2.6
-2.25436 2.6
-2.25411 2.5
-2.25387 2.5
-2.25363 2.4
-2.25338 2.4
-2.25314 2.3
-2.25289 2.2
-2.25265 2.1
-2.25241 2.1
-2.25216 2.0
-2.25192 1.9
-2.25167 1.8
-2.25143 1.7
-2.25118 1.6
-2.25094 1.5
-2.2507 1.4
-2.25045 1.3
-2.25021 1.2
-2.24996 1.1
-2.24972 1.0
-2.24948 0.8
-2.24923 0.7
-2.24899 0.6
-2.24874 0.5
-2.2485 0.4
-2.24825 0.2
-2.24801 0.1
-2.24777 0.0
-2.24752 -0.1
-2.24728 -0.3
-2.24703 -0.4
-2.24679 -0.5
-2.24655 -0.6
-2.2463 -0.7
-2.24606 -0.9
-2.24581 -1.0
-2.24557 -1.1
-2.24533 -1.2
-2.24508 -1.3
-2.24484 -1.4
-2.24459 -1.5
-2.24435 -1.6
-2.2441 -1.7
-2.24386 -1.8
-2.24362 -1.9
-2.24337 -2.0
-2.24313 -2.1
-2.24288 -2.2
-2.24264 -2.2
-2.2424 -2.3
-2.24215 -2.4
-2.24191 -2.4
-2.24166 -2.5
-2.24142 -2.5
-2.24117 -2.6
-2.24093 -2.6
-2.24069 -2.7
-2.24044 -2.7
-2.2402 -2.7
-2.23995 -2.7
-2.23971 -2.8
-2.23947 -2.8
-2.23922 -2.8
-2.23898 -2.8
-2.23873 -2.8
-2.23849 -2.7
-2.23825 -2.7
-2.238 -2.7
-2.23776 -2.7
-2.23751 -2.6
-2.23727 -2.6
-2.23702 -2.5
-2.23678 -2.5
-2.23654 -2.4
-2.23629 -2.4
-2.23605 -2.3
-2.2358 -2.2
-2.23556 -2.2
-2.23532 -2.1
-2.23507 -2.0
-2.23483 -1.9
-2.23458 -1.8
-2.23434 -1.7
-2.23409 -1.6
-2.23385 -1.5
-2.23361 -1.4
-2.23336 -1.3
-2.23312 -1.2
-2.23287 -1.1
-2.23263 -1.0
-2.23239 -0.9
-2.23214 -0.7
-2.2319 -0.6
-2.23165 -0.5
-2.23141 -0.4
-2.23116 -0.3
-2.23092 -0.1
-2.23068 0.0
-2.23043 0.1
-2.23019 0.2
-2.22994 0.4
-2.2297 0.5
-2.22946 0.6
-2.22921 0.7
-2.22897 0.9
-2.22872 1.0
-2.22848 1.1
-2.22824 1.2
-2.22799 1.3
-2.22775 1.4
-2.2275 1.5
-2.22726 1.6
-2.22701 1.7
-2.22677 1.8
-2.22653 1.9
-2.22628 2.0
-2.22604 2.1
-2.22579 2.2
-2.22555 2.2
-2.22531 2.3
-2.22506 2.4
-2.22482 2.4
-2.22457 2.5
-2.22433 2.5
-2.22408 2.6
-2.22384 2.6
-2.2236 2.7
-2.22335 2.7
-2.22311 2.7
-2.22286 2.7
-2.22262 2.8
-2.22238 2.8
-2.22213 2.8
-2.22189 2.8
-2.22164 2.8
-2.2214 2.7
-2.22116 2.7
-2.22091 2.7
-2.22067 2.7
-2.22042 2.6
-2.22018 2.6
-2.21993 2.5
-2.21969 2.5
-2.21945 2.4
-2.2192 2.4
-2.21896 2.3
-2.21871 2.2
-2.21847 2.2
-2.21823 2.1
-2.21798 2.0
-2.21774 1.9
-2.21749 1.8
-2.21725 1.7
-2.217 1.6
-2.21676 1.5
-2.21652 1.4
-2.21627 1.3
-2.21603 1.2
-2.21578 1.1
-2.21554 1.0
-2.2153 0.9
-2.21505 0.7
-2.21481 0.6
-2.21456 0.5
-2.21432 0.4
-2.21408 0.2
-2.21383 0.1
-2.21359 0.0
-2.21334 -0.1
-2.2131 -0.3
-2.21285 -0.4
-2.21261 -0.5
-2.21237 -0.6
-2.21212 -0.7
-2.21188 -0.9
-2.21163 -1.0
-2.21139 -1.1
-2.21115 -1.2
-2.2109 -1.3
-2.21066 -1.4
-2.21041 -1.5
-2.21017 -1.6
-2.20992 -1.7
-2.20968 -1.8
-2.20944 -1.9
-2.20919 -2.0
-2.20895 -2.1
-2.2087 -2.2
-2.20846 -2.2
-2.20822 -2.3
-2.20797 -2.4
-2.20773 -2.4
-2.20748 -2.5
-2.20724 -2.6
-2.207 -2.6
-2.20675 -2.6
-2.20651 -2.7
-2.20626 -2.7
-2.20602 -2.7
-2.20577 -2.7
-2.20553 -2.8
-2.20529 -2.8
-2.20504 -2.8
-2.2048 -2.8
-2.20455 -2.8
-2.20431 -2.7
-2.20407 -2.7
-2.20382 -2.7
-2.20358 -2.7
-2.20333 -2.6
-2.20309 -2.6
-2.20284 -2.5
-2.2026 -2.5
-2.20236 -2.4
-2.20211 -2.4
-2.20187 -2.3
-2.20162 -2.2
-2.20138 -2.2
-2.20114 -2.1
-2.20089 -2.0
-2.20065 -1.9
-2.2004 -1.8
-2.20016 -1.7
-2.19991 -1.6
-2.19967 -1.5
-2.19943 -1.4
-2.19918 -1.3
-2.19894 -1.2
-2.19869 -1.1
-2.19845 -0.9
-2.19821 -0.8
-2.19796 -0.7
-2.19772 -0.6
-2.19747 -0.5
-2.19723 -0.3
-2.19699 -0.2
-2.19674 0.0
-2.1965 0.0
-2.19625 0.2
-2.19601 0.3
-2.19576 0.4
-2.19552 0.5
-2.19528 0.7
-2.19503 0.8
-2.19479 0.9
-2.19454 1.0
-2.1943 1.1
-2.19406 1.2
-2.19381 1.4
-2.19357 1.5
-2.19332 1.6
-2.19308 1.7
-2.19283 1.8
-2.19259 1.9
-2.19235 2.0
-2.1921 2.0
-2.19186 2.1
-2.19161 2.2
-2.19137 2.3
-2.19113 2.3
-2.19088 2.4
-2.19064 2.5
-2.19039 2.5
-2.19015 2.6
-2.18991 2.6
-2.18966 2.7
-2.18942 2.7
-2.18917 2.7
-2.18893 2.7
-2.18868 2.8
-2.18844 2.8
-2.1882 2.8
-2.18795 2.8
-2.18771 2.8
-2.18746 2.8
-2.18722 2.7
-2.18698 2.7
-2.18673 2.7
-2.18649 2.7
-2.18624 2.6
-2.186 2.6
-2.18575 2.5
-2.18551 2.5
-2.18527 2.4
-2.18502 2.3
-2.18478 2.3
-2.18453 2.2
-2.18429 2.1
-2.18405 2.0
-2.1838 2.0
-2.18356 1.9
-2.18331 1.8
-2.18307 1.7
-2.18283 1.6
-2.18258 1.5
-2.18234 1.4
-2.18209 1.2
-2.18185 1.1
-2.1816 1.0
-2.18136 0.9
-2.18112 0.8
-2.18087 0.7
-2.18063 0.5
-2.18038 0.4
-2.18014 0.3
-2.1799 0.2
-2.17965 0.0
-2.17941 0.0
-2.17916 -0.2
-2.17892 -0.3
-2.17867 -0.5
-2.17843 -0.6
-2.17819 -0.7
-2.17794 -0.8
-2.1777 -1.0
-2.17745 -1.1
-2.17721 -1.2
-2.17697 -1.3
-2.17672 -1.4
-2.17648 -1.5
-2.17623 -1.6
-2.17599 -1.7
-2.17575 -1.8
-2.1755 -1.9
-2.17526 -2.0
-2.17501 -2.1
-2.17477 -2.2
-2.17452 -2.2
-2.17428 -2.3
-2.17404 -2.4
-2.17379 -2.4
-2.17355 -2.5
-2.1733 -2.6
-2.17306 -2.6
-2.17282 -2.6
-2.17257 -2.7
-2.17233 -2.7
-2.17208 -2.7
-2.17184 -2.8
-2.17159 -2.8
-2.17135 -2.8
-2.17111 -2.8
-2.17086 -2.8
-2.17062 -2.8
-2.17037 -2.8
-2.17013 -2.7
-2.16989 -2.7
-2.16964 -2.7
-2.1694 -2.6
-2.16915 -2.6
-2.16891 -2.6
-2.16866 -2.5
-2.16842 -2.4
-2.16818 -2.4
-2.16793 -2.3
-2.16769 -2.2
-2.16744 -2.2
-2.1672 -2.1
-2.16696 -2.0
-2.16671 -1.9
-2.16647 -1.8
-2.16622 -1.7
-2.16598 -1.6
-2.16574 -1.5
-2.16549 -1.4
-2.16525 -1.3
-2.165 -1.2
-2.16476 -1.1
-2.16451 -0.9
-2.16427 -0.8
-2.16403 -0.7
-2.16378 -0.6
-2.16354 -0.5
-2.16329 -0.3
-2.16305 -0.2
-2.16281 0.0
-2.16256 0.0
-2.16232 0.2
-2.16207 0.3
-2.16183 0.4
-2.16158 0.5
-2.16134 0.7
-2.1611 0.8
-2.16085 0.9
-2.16061 1.0
-2.16036 1.1
-2.16012 1.3
-2.15988 1.4
-2.15963 1.5
-2.15939 1.6
-2.15914 1.7
-2.1589 1.8
-2.15866 1.9
-2.15841 2.0
-2.15817 2.1
-2.15792 2.1
-2.15768 2.2
-2.15743 2.3
-2.15719 2.4
-2.15695 2.4
-2.1567 2.5
-2.15646 2.5
-2.15621 2.6
-2.15597 2.6
-2.15573 2.7
-2.15548 2.7
-2.15524 2.7
-2.15499 2.8
-2.15475 2.8
-2.1545 2.8
-2.15426 2.8
-2.15402 2.8
-2.15377 2.8
-2.15353 2.8
-2.15328 2.7
-2.15304 2.7
-2.1528 2.7
-2.15255 2.7
-2.15231 2.6
-2.15206 2.6
-2.15182 2.5
-2.15158 2.5
-2.15133 2.4
-2.15109 2.3
-2.15084 2.3
-2.1506 2.2
-2.15035 2.1
-2.15011 2.0
-2.14987 1.9
-2.14962 1.8
-2.14938 1.7
-2.14913 1.6
-2.14889 1.5
-2.14865 1.4
-2.1484 1.3
-2.14816 1.2
-2.14791 1.1
-2.14767 1.0
-2.14742 0.9
-2.14718 0.7
-2.14694 0.6
-2.14669 0.5
-2.14645 0.4
-2.1462 0.2
-2.14596 0.1
-2.14572 0.0
-2.14547 -0.2
-2.14523 -0.3
-2.14498 -0.4
-2.14474 -0.5
-2.1445 -0.7
-2.14425 -0.8
-2.14401 -0.9
-2.14376 -1.0
-2.14352 -1.1
-2.14327 -1.2
-2.14303 -1.4
-2.14279 -1.5
-2.14254 -1.6
-2.1423 -1.7
-2.14205 -1.8
-2.14181 -1.9
-2.14157 -2.0
-2.14132 -2.1
-2.14108 -2.1
-2.14083 -2.2
-2.14059 -2.3
-2.14034 -2.4
-2.1401 -2.4
-2.13986 -2.5
-2.13961 -2.5
-2.13937 -2.6
-2.13912 -2.6
-2.13888 -2.7
-2.13864 -2.7
-2.13839 -2.7
-2.13815 -2.8
-2.1379 -2.8
-2.13766 -2.8
-2.13741 -2.8
-2.13717 -2.8
-2.13693 -2.8
-2.13668 -2.8
-2.13644 -2.8
-2.13619 -2.7
-2.13595 -2.7
-2.13571 -2.7
-2.13546 -2.6
-2.13522 -2.6
-2.13497 -2.5
-2.13473 -2.5
-2.13449 -2.4
-2.13424 -2.3
-2.134 -2.3
-2.13375 -2.2
-2.13351 -2.1
-2.13326 -2.0
-2.13302 -1.9
-2.13278 -1.8
-2.13253 -1.7
-2.13229 -1.6
-2.13204 -1.5
-2.1318 -1.4
-2.13156 -1.3
-2.13131 -1.2
-2.13107 -1.1
-2.13082 -1.0
-2.13058 -0.9
-2.13033 -0.7
-2.13009 -0.6
-2.12985 -0.5
-2.1296 -0.4
-2.12936 -0.2
-2.12911 0.0
-2.12887 0.0
-2.12863 0.2
-2.12838 0.3
-2.12814 0.4
-2.12789 0.5
-2.12765 0.7
-2.12741 0.8
-2.12716 0.9
-2.12692 1.0
-2.12667 1.1
-2.12643 1.3
-2.12618 1.4
-2.12594 1.5
-2.1257 1.6
-2.12545 1.7
-2.12521 1.8
-2.12496 1.9
-2.12472 2.0
-2.12448 2.1
-2.12423 2.2
-2.12399 2.2
-2.12374 2.3
-2.1235 2.4
-2.12325 2.4
-2.12301 2.5
-2.12277 2.6
-2.12252 2.6
-2.12228 2.6
-2.12203 2.7
-2.12179 2.7
-2.12155 2.7
-2.1213 2.8
-2.12106 2.8
-2.12081 2.8
-2.12057 2.8
-2.12033 2.8
-2.12008 2.8
-2.11984 2.8
-2.11959 2.8
-2.11935 2.7
-2.1191 2.7
-2.11886 2.7
-2.11862 2.6
-2.11837 2.6
-2.11813 2.5
-2.11788 2.5
-2.11764 2.4
-2.1174 2.3
-2.11715 2.3
-2.11691 2.2
-2.11666 2.1
-2.11642 2.0
-2.11617 1.9
-2.11593 1.8
-2.11569 1.7
-2.11544 1.6
-2.1152 1.5
-2.11495 1.4
-2.11471 1.3
-2.11447 1.2
-2.11422 1.1
-2.11398 0.9
-2.11373 0.8
-2.11349 0.7
-2.11325 0.6
-2.113 0.5
-2.11276 0.3
-2.11251 0.2
-2.11227 0.0
-2.11202 0.0
-2.11178 -0.2
-2.11154 -0.3
-2.11129 -0.4
-2.11105 -0.6
-2.1108 -0.7
-2.11056 -0.8
-2.11032 -0.9
-2.11007 -1.1
-2.10983 -1.2
-2.10958 -1.3
-2.10934 -1.4
-2.10909 -1.5
-2.10885 -1.6
-2.10861 -1.7
-2.10836 -1.8
-2.10812 -1.9
-2.10787 -2.0
-2.10763 -2.1
-2.10739 -2.2
-2.10714 -2.3
-2.1069 -2.3
-2.10665 -2.4
-2.10641 -2.5
-2.10616 -2.5
-2.10592 -2.6
-2.10568 -2.6
-2.10543 -2.7
-2.10519 -2.7
-2.10494 -2.7
-2.1047 -2.8
-2.10446 -2.8
-2.10421 -2.8
-2.10397 -2.8
-2.10372 -2.8
-2.10348 -2.8
-2.10324 -2.8
-2.10299 -2.8
-2.10275 -2.8
-2.1025 -2.7
-2.10226 -2.7
-2.10201 -2.7
-2.10177 -2.6
-2.10153 -2.6
-2.10128 -2.5
-2.10104 -2.4
-2.10079 -2.4
-2.10055 -2.3
-2.10031 -2.2
-2.10006 -2.2
-2.09982 -2.1
-2.09957 -2.0
-2.09933 -1.9
-2.09908 -1.8
-2.09884 -1.7
-2.0986 -1.6
-2.09835 -1.5
-2.09811 -1.4
-2.09786 -1.3
-2.09762 -1.1
-2.09738 -1.0
-2.09713 -0.9
-2.09689 -0.8
-2.09664 -0.7
-2.0964 -0.5
-2.09616 -0.4
-2.09591 -0.3
-2.09567 -0.1
-2.09542 0.0
-2.09518 0.1
-2.09493 0.2
-2.09469 0.4
-2.09445 0.5
-2.0942 0.6
-2.09396 0.7
-2.09371 0.9
-2.09347 1.0
-2.09323 1.1
-2.09298 1.2
-2.09274 1.3
-2.09249 1.5
-2.09225 1.6
-2.092 1.7
-2.09176 1.8
-2.09152 1.9
-2.09127 2.0
-2.09103 2.1
-2.09078 2.1
-2.09054 2.2
-2.0903 2.3
-2.09005 2.4
-2.08981 2.4
-2.08956 2.5
-2.08932 2.6
-2.08908 2.6
-2.08883 2.7
-2.08859 2.7
-2.08834 2.7
-2.0881 2.8
-2.08785 2.8
-2.08761 2.8
-2.08737 2.8
-2.08712 2.8
-2.08688 2.8
-2.08663 2.8
-2.08639 2.8
-2.08615 2.8
-2.0859 2.7
-2.08566 2.7
-2.08541 2.7
-2.08517 2.6
-2.08492 2.6
-2.08468 2.5
-2.08444 2.5
-2.08419 2.4
-2.08395 2.3
-2.0837 2.3
-2.08346 2.2
-2.08322 2.1
-2.08297 2.0
-2.08273 1.9
-2.08248 1.8
-2.08224 1.7
-2.082 1.6
-2.08175 1.5
-2.08151 1.4
-2.08126 1.3
-2.08102 1.2
-2.08077 1.1
-2.08053 1.0
-2.08029 0.8
-2.08004 0.7
-2.0798 0.6
-2.07955 0.5
-2.07931 0.3
-2.07907 0.2
-2.07882 0.0
-2.07858 0.0
-2.07833 -0.2
-2.07809 -0.3
-2.07784 -0.5
-2.0776 -0.6
-2.07736 -0.7
-2.07711 -0.8
-2.07687 -1.0
-2.07662 -1.1
-2.07638 -1.2
-2.07614 -1.3
-2.07589 -1.4
-2.07565 -1.5
-2.0754 -1.6
-2.07516 -1.7
-2.07491 -1.8
-2.07467 -1.9
-2.07443 -2.0
-2.07418 -2.1
-2.07394 -2.2
-2.07369 -2.3
-2.07345 -2.4
-2.07321 -2.4
-2.07296 -2.5
-2.07272 -2.5
-2.07247 -2.6
-2.07223 -2.6
-2.07199 -2.7
-2.07174 -2.7
-2.0715 -2.8
-2.07125 -2.8
-2.07101 -2.8
-2.07076 -2.8
-2.07052 -2.8
-2.07028 -2.8
-2.07003 -2.8
-2.06979 -2.8
-2.06954 -2.8
-2.0693 -2.8
-2.06906 -2.7
-2.06881 -2.7
-2.06857 -2.7
-2.06832 -2.6
-2.06808 -2.6
-2.06783 -2.5
-2.06759 -2.4
-2.06735 -2.4
-2.0671 -2.3
-2.06686 -2.2
-2.06661 -2.1
-2.06637 -2.1
-2.06613 -2.0
-2.06588 -1.9
-2.06564 -1.8
-2.06539 -1.7
-2.06515 -1.6
-2.06491 -1.4
-2.06466 -1.3
-2.06442 -1.2
-2.06417 -1.1
-2.06393 -1.0
-2.06368 -0.9
-2.06344 -0.7
-2.0632 -0.6
-2.06295 -0.5
-2.06271 -0.3
-2.06246 -0.2
-2.06222 0.0
-2.06198 0.0
-2.06173 0.2
-2.06149 0.3
-2.06124 0.4
-2.061 0.6
-2.06075 0.7
-2.06051 0.8
-2.06027 0.9
-2.06002 1.1
-2.05978 1.2
-2.05953 1.3
-2.05929 1.4
-2.05905 1.5
-2.0588 1.6
-2.05856 1.7
-2.05831 1.8
-2.05807 1.9
-2.05783 2.0
-2.05758 2.1
-2.05734 2.2
-2.05709 2.3
-2.05685 2.3
-2.0566 2.4
-2.05636 2.5
-2.05612 2.5
-2.05587 2.6
-2.05563 2.6
-2.05538 2.7
-2.05514 2.7
-2.0549 2.8
-2.05465 2.8
-2.05441 2.8
-2.05416 2.8
-2.05392 2.8
-2.05367 2.8
-2.05343 2.8
-2.05319 2.8
-2.05294 2.8
-2.0527 2.8
-2.05245 2.7
-2.05221 2.7
-2.05197 2.7
-2.05172 2.6
-2.05148 2.6
-2.05123 2.5
-2.05099 2.4
-2.05075 2.4
-2.0505 2.3
-2.05026 2.2
-2.05001 2.1
-2.04977 2.1
-2.04952 2.0
-2.04928 1.9
-2.04904 1.8
-2.04879 1.7
-2.04855 1.6
-2.0483 1.4
-2.04806 1.3
-2.04782 1.2
-2.04757 1.1
-2.04733 1.0
-2.04708 0.9
-2.04684 0.7
-2.04659 0.6
-2.04635 0.5
-2.04611 0.3
-2.04586 0.2
-2.04562 0.0
-2.04537 0.0
-2.04513 -0.2
-2.04489 -0.3
-2.04464 -0.4
-2.0444 -0.6
-2.04415 -0.7
-2.04391 -0.8
-2.04366 -0.9
-2.04342 -1.1
-2.04318 -1.2
-2.04293 -1.3
-2.04269 -1.4
-2.04244 -1.5
-2.0422 -1.6
-2.04196 -1.7
-2.04171 -1.8
-2.04147 -1.9
-2.04122 -2.0
-2.04098 -2.1
-2.04074 -2.2
-2.04049 -2.3
-2.04025 -2.4
-2.04 -2.4
-2.03976 -2.5
-2.03951 -2.6
-2.03927 -2.6
-2.03903 -2.7
-2.03878 -2.7
-2.03854 -2.7
-2.03829 -2.8
-2.03805 -2.8
-2.03781 -2.8
-2.03756 -2.8
-2.03732 -2.8
-2.03707 -2.8
-2.03683 -2.8
-2.03658 -2.8
-2.03634 -2.8
-2.0361 -2.8
-2.03585 -2.7
-2.03561 -2.7
-2.03536 -2.7
-2.03512 -2.6
-2.03488 -2.6
-2.03463 -2.5
-2.03439 -2.4
-2.03414 -2.4
-2.0339 -2.3
-2.03366 -2.2
-2.03341 -2.1
-2.03317 -2.0
-2.03292 -2.0
-2.03268 -1.9
-2.03243 -1.8
-2.03219 -1.7
-2.03195 -1.5
-2.0317 -1.4
-2.03146 -1.3
-2.03121 -1.2
-2.03097 -1.1
-2.03073 -1.0
-2.03048 -0.8
-2.03024 -0.7
-2.02999 -0.6
-2.02975 -0.4
-2.0295 -0.3
-2.02926 -0.2
-2.02902 0.0
-2.02877 0.0
-2.02853 0.2
-2.02828 0.3
-2.02804 0.5
-2.0278 0.6
-2.02755 0.7
-2.02731 0.8
-2.02706 1.0
-2.02682 1.1
-2.02658 1.2
-2.02633 1.3
-2.02609 1.4
-2.02584 1.6
-2.0256 1.7
-2.02535 1.8
-2.02511 1.9
-2.02487 2.0
-2.02462 2.1
-2.02438 2.1
-2.02413 2.2
-2.02389 2.3
-2.02365 2.4
-2.0234 2.5
-2.02316 2.5
-2.02291 2.6
-2.02267 2.6
-2.02242 2.7
-2.02218 2.7
-2.02194 2.7
-2.02169 2.8
-2.02145 2.8
-2.0212 2.8
-2.02096 2.8
-2.02072 2.8
-2.02047 2.8
-2.02023 2.8
-2.01998 2.8
-2.01974 2.8
-2.0195 2.8
-2.01925 2.7
-2.01901 2.7
-2.01876 2.6
-2.01852 2.6
-2.01827 2.5
-2.01803 2.5
-2.01779 2.4
-2.01754 2.3
-2.0173 2.3
-2.01705 2.2
-2.01681 2.1
-2.01657 2.0
-2.01632 1.9
-2.01608 1.8
-2.01583 1.7
-2.01559 1.6
-2.01534 1.5
-2.0151 1.4
-2.01486 1.3
-2.01461 1.2
-2.01437 1.0
-2.01412 0.9
-2.01388 0.8
-2.01364 0.7
-2.01339 0.5
-2.01315 0.4
-2.0129 0.3
-2.01266 0.1
-2.01241 0.0
-2.01217 -0.1
-2.01193 -0.3
-2.01168 -0.4
-2.01144 -0.5
-2.01119 -0.7
-2.01095 -0.8
-2.01071 -0.9
-2.01046 -1.0
-2.01022 -1.2
-2.00997 -1.3
-2.00973 -1.4
-2.00949 -1.5
-2.00924 -1.6
-2.009 -1.7
-2.00875 -1.8
-2.00851 -1.9
-2.00826 -2.0
-2.00802 -2.1
-2.00778 -2.2
-2.00753 -2.3
-2.00729 -2.3
-2.00704 -2.4
-2.0068 -2.5
-2.00656 -2.5
-2.00631 -2.6
-2.00607 -2.7
-2.00582 -2.7
-2.00558 -2.7
-2.00533 -2.8
-2.00509 -2.8
-2.00485 -2.8
-2.0046 -2.8
-2.00436 -2.8
-2.00411 -2.8
-2.00387 -2.8
-2.00363 -2.8
-2.00338 -2.8
-2.00314 -2.8
-2.00289 -2.8
-2.00265 -2.7
-2.00241 -2.7
-2.00216 -2.6
-2.00192 -2.6
-2.00167 -2.5
-2.00143 -2.5
-2.00118 -2.4
-2.00094 -2.3
-2.0007 -2.2
-2.00045 -2.1
-2.00021 -2.1
-1.99996 -2.0
-1.99972 -1.9
-1.99948 -1.8
-1.99923 -1.7
-1.99899 -1.6
-1.99874 -1.4
-1.9985 -1.3
-1.99825 -1.2
-1.99801 -1.1
-1.99777 -1.0
-1.99752 -0.8
-1.99728 -0.7
-1.99703 -0.6
-1.99679 -0.4
-1.99655 -0.3
-1.9963 -0.2
-1.99606 0.0
-1.99581 0.0
-1.99557 0.2
-1.99533 0.3
-1.99508 0.5
-1.99484 0.6
-1.99459 0.7
-1.99435 0.9
-1.9941 1.0
-1.99386 1.1
-1.99362 1.2
-1.99337 1.3
-1.99313 1.5
-1.99288 1.6
-1.99264 1.7
-1.9924 1.8
-1.99215 1.9
-1.99191 2.0
-1.99166 2.1
-1.99142 2.2
-1.99117 2.3
-1.99093 2.3
-1.99069 2.4
-1.99044 2.5
-1.9902 2.5
-1.98995 2.6
-1.98971 2.6
-1.98947 2.7
-1.98922 2.7
-1.98898 2.8
-1.98873 2.8
-1.98849 2.8
-1.98825 2.8
-1.988 2.8
-1.98776 2.8
-1.98751 2.8
-1.98727 2.8
-1.98702 2.8
-1.98678 2.8
-1.98654 2.8
-1.98629 2.7
-1.98605 2.7
-1.9858 2.6
-1.98556 2.6
-1.98532 2.5
-1.98507 2.5
-1.98483 2.4
-1.98458 2.3
-1.98434 2.3
-1.98409 2.2
-1.98385 2.1
-1.98361 2.0
-1.98336 1.9
-1.98312 1.8
-1.98287 1.7
-1.98263 1.6
-1.98239 1.5
-1.98214 1.4
-1.9819 1.2
-1.98165 1.1
-1.98141 1.0
-1.98116 0.9
-1.98092 0.7
-1.98068 0.6
-1.98043 0.5
-1.98019 0.3
-1.97994 0.2
-1.9797 0.0
-1.97946 0.0
-1.97921 -0.2
-1.97897 -0.3
-1.97872 -0.5
-1.97848 -0.6
-1.97824 -0.7
-1.97799 -0.8
-1.97775 -1.0
-1.9775 -1.1
-1.97726 -1.2
-1.97701 -1.3
-1.97677 -1.5
-1.97653 -1.6
-1.97628 -1.7
-1.97604 -1.8
-1.97579 -1.9
-1.97555 -2.0
-1.97531 -2.1
-1.97506 -2.2
-1.97482 -2.2
-1.97457 -2.3
-1.97433 -2.4
-1.97408 -2.5
-1.97384 -2.5
-1.9736 -2.6
-1.97335 -2.6
-1.97311 -2.7
-1.97286 -2.7
-1.97262 -2.8
-1.97238 -2.8
-1.97213 -2.8
-1.97189 -2.8
-1.97164 -2.8
-1.9714 -2.8
-1.97116 -2.8
-1.97091 -2.8
-1.97067 -2.8
-1.97042 -2.8
-1.97018 -2.8
-1.96993 -2.7
-1.96969 -2.7
-1.96945 -2.7
-1.9692 -2.6
-1.96896 -2.5
-1.96871 -2.5
-1.96847 -2.4
-1.96823 -2.3
-1.96798 -2.3
-1.96774 -2.2
-1.96749 -2.1
-1.96725 -2.0
-1.967 -1.9
-1.96676 -1.8
-1.96652 -1.7
-1.96627 -1.6
-1.96603 -1.5
-1.96578 -1.4
-1.96554 -1.2
-1.9653 -1.1
-1.96505 -1.0
-1.96481 -0.9
-1.96456 -0.7
-1.96432 -0.6
-1.96408 -0.5
-1.96383 -0.3
-1.96359 -0.2
-1.96334 0.0
-1.9631 0.0
-1.96285 0.2
-1.96261 0.3
-1.96237 0.5
-1.96212 0.6
-1.96188 0.7
-1.96163 0.8
-1.96139 1.0
-1.96115 1.1
-1.9609 1.2
-1.96066 1.3
-1.96041 1.5
-1.96017 1.6
-1.95992 1.7
-1.95968 1.8
-1.95944 1.9
-1.95919 2.0
-1.95895 2.1
-1.9587 2.2
-1.95846 2.3
-1.95822 2.3
-1.95797 2.4
-1.95773 2.5
-1.95748 2.5
-1.95724 2.6
-1.957 2.7
-1.95675 2.7
-1.95651 2.7
-1.95626 2.8
-1.95602 2.8
-1.95577 2.8
-1.95553 2.8
-1.95529 2.8
-1.95504 2.9
-1.9548 2.8
-1.95455 2.8
-1.95431 2.8
-1.95407 2.8
-1.95382 2.8
-1.95358 2.7
-1.95333 2.7
-1.95309 2.7
-1.95284 2.6
-1.9526 2.5
-1.95236 2.5
-1.95211 2.4
-1.95187 2.3
-1.95162 2.3
-1.95138 2.2
-1.95114 2.1
-1.95089 2.0
-1.95065 1.9
-1.9504 1.8
-1.95016 1.7
-1.94991 1.6
-1.94967 1.5
-1.94943 1.3
-1.94918 1.2
-1.94894 1.1
-1.94869 1.0
-1.94845 0.8
-1.94821 0.7
-1.94796 0.6
-1.94772 0.4
-1.94747 0.3
-1.94723 0.2
-1.94699 0.0
-1.94674 0.0
-1.9465 -0.2
-1.94625 -0.4
-1.94601 -0.5
-1.94576 -0.6
-1.94552 -0.8
-1.94528 -0.9
-1.94503 -1.0
-1.94479 -1.1
-1.94454 -1.3
-1.9443 -1.4
-1.94406 -1.5
-1.94381 -1.6
-1.94357 -1.7
-1.94332 -1.8
-1.94308 -1.9
-1.94283 -2.0
-1.94259 -2.1
-1.94235 -2.2
-1.9421 -2.3
-1.94186 -2.4
-1.94161 -2.4
-1.94137 -2.5
-1.94113 -2.6
-1.94088 -2.6
-1.94064 -2.7
-1.94039 -2.7
-1.94015 -2.8
-1.93991 -2.8
-1.93966 -2.8
-1.93942 -2.8
-1.93917 -2.8
-1.93893 -2.9
-1.93868 -2.9
-1.93844 -2.9
-1.9382 -2.8
-1.93795 -2.8
-1.93771 -2.8
-1.93746 -2.8
-1.93722 -2.7
-1.93698 -2.7
-1.93673 -2.6
-1.93649 -2.6
-1.93624 -2.5
-1.936 -2.5
-1.93575 -2.4
-1.93551 -2.3
-1.93527 -2.2
-1.93502 -2.1
-1.93478 -2.0
-1.93453 -2.0
-1.93429 -1.9
-1.93405 -1.7
-1.9338 -1.6
-1.93356 -1.5
-1.93331 -1.4
-1.93307 -1.3
-1.93283 -1.2
-1.93258 -1.0
-1.93234 -0.9
-1.93209 -0.8
-1.93185 -0.7
-1.9316 -0.5
-1.93136 -0.4
-1.93112 -0.3
-1.93087 -0.1
-1.93063 0.0
-1.93038 0.1
-1.93014 0.3
-1.9299 0.4
-1.92965 0.5
-1.92941 0.7
-1.92916 0.8
-1.92892 0.9
-1.92867 1.1
-1.92843 1.2
-1.92819 1.3
-1.92794 1.4
-1.9277 1.5
-1.92745 1.7
-1.92721 1.8
-1.92697 1.9
-1.92672 2.0
-1.92648 2.1
-1.92623 2.2
-1.92599 2.2
-1.92575 2.3
-1.9255 2.4
-1.92526 2.5
-1.92501 2.5
-1.92477 2.6
-1.92452 2.7
-1.92428 2.7
-1.92404 2.7
-1.92379 2.8
-1.92355 2.8
-1.9233 2.8
-1.92306 2.8
-1.92282 2.9
-1.92257 2.9
-1.92233 2.9
-1.92208 2.9
-1.92184 2.8
-1.92159 2.8
-1.92135 2.8
-1.92111 2.8
-1.92086 2.7
-1.92062 2.7
-1.92037 2.6
-1.92013 2.6
-1.91989 2.5
-1.91964 2.4
-1.9194 2.3
-1.91915 2.3
-1.91891 2.2
-1.91866 2.1
-1.91842 2.0
-1.91818 1.9
-1.91793 1.8
-1.91769 1.7
-1.91744 1.6
-1.9172 1.5
-1.91696 1.3
-1.91671 1.2
-1.91647 1.1
-1.91622 1.0
-1.91598 0.8
-1.91574 0.7
-1.91549 0.6
-1.91525 0.4
-1.915 0.3
-1.91476 0.2
-1.91451 0.0
-1.91427 0.0
-1.91403 -0.2
-1.91378 -0.4
-1.91354 -0.5
-1.91329 -0.6
-1.91305 -0.8
-1.91281 -0.9
-1.91256 -1.0
-1.91232 -1.2
-1.91207 -1.3
-1.91183 -1.4
-1.91158 -1.5
-1.91134 -1.6
-1.9111 -1.7
-1.91085 -1.8
-1.91061 -1.9
-1.91036 -2.0
-1.91012 -2.1
-1.90988 -2.2
-1.90963 -2.3
-1.90939 -2.4
-1.90914 -2.5
-1.9089 -2.5
-1.90866 -2.6
-1.90841 -2.6
-1.90817 -2.7
-1.90792 -2.7
-1.90768 -2.8
-1.90743 -2.8
-1.90719 -2.8
-1.90695 -2.9
-1.9067 -2.9
-1.90646 -2.9
-1.90621 -2.9
-1.90597 -2.9
-1.90573 -2.8
-1.90548 -2.8
-1.90524 -2.8
-1.90499 -2.8
-1.90475 -2.7
-1.9045 -2.7
-1.90426 -2.6
-1.90402 -2.6
-1.90377 -2.5
-1.90353 -2.4
-1.90328 -2.4
-1.90304 -2.3
-1.9028 -2.2
-1.90255 -2.1
-1.90231 -2.0
-1.90206 -1.9
-1.90182 -1.8
-1.90158 -1.7
-1.90133 -1.6
-1.90109 -1.5
-1.90084 -1.4
-1.9006 -1.2
-1.90035 -1.1
-1.90011 -1.0
-1.89987 -0.9
-1.89962 -0.7
-1.89938 -0.6
-1.89913 -0.5
-1.89889 -0.3
-1.89865 -0.2
-1.8984 0.0
-1.89816 0.0
-1.89791 0.2
-1.89767 0.3
-1.89742 0.5
-1.89718 0.6
-1.89694 0.7
-1.89669 0.9
-1.89645 1.0
-1.8962 1.1
-1.89596 1.3
-1.89572 1.4
-1.89547 1.5
-1.89523 1.6
-1.89498 1.7
-1.89474 1.8
-1.8945 1.9
-1.89425 2.0
-1.89401 2.1
-1.89376 2.2
-1.89352 2.3
-1.89327 2.4
-1.89303 2.5
-1.89279 2.5
-1.89254 2.6
-1.8923 2.6
-1.89205 2.7
-1.89181 2.7
-1.89157 2.8
-1.89132 2.8
-1.89108 2.8
-1.89083 2.9
-1.89059 2.9
-1.89034 2.9
-1.8901 2.9
-1.88986 2.9
-1.88961 2.9
-1.88937 2.8
-1.88912 2.8
-1.88888 2.8
-1.88864 2.7
-1.88839 2.7
-1.88815 2.6
-1.8879 2.6
-1.88766 2.5
-1.88741 2.5
-1.88717 2.4
-1.88693 2.3
-1.88668 2.2
-1.88644 2.1
-1.88619 2.0
-1.88595 1.9
-1.88571 1.8
-1.88546 1.7
-1.88522 1.6
-1.88497 1.5
-1.88473 1.4
-1.88449 1.2
-1.88424 1.1
-1.884 1.0
-1.88375 0.9
-1.88351 0.7
-1.88326 0.6
-1.88302 0.5
-1.88278 0.3
-1.88253 0.2
-1.88229 0.0
-1.88204 0.0
-1.8818 -0.2
-1.88156 -0.4
-1.88131 -0.5
-1.88107 -0.6
-1.88082 -0.8
-1.88058 -0.9
-1.88033 -1.0
-1.88009 -1.1
-1.87985 -1.3
-1.8796 -1.4
-1.87936 -1.5
-1.87911 -1.6
-1.87887 -1.7
-1.87863 -1.8
-1.87838 -1.9
-1.87814 -2.0
-1.87789 -2.1
-1.87765 -2.2
-1.87741 -2.3
-1.87716 -2.4
-1.87692 -2.5
-1.87667 -2.5
-1.87643 -2.6
-1.87618 -2.7
-1.87594 -2.7
-1.8757 -2.7
-1.87545 -2.8
-1.87521 -2.8
-1.87496 -2.8
-1.87472 -2.9
-1.87448 -2.9
-1.87423 -2.9
-1.87399 -2.9
-1.87374 -2.9
-1.8735 -2.9
-1.87325 -2.8
-1.87301 -2.8
-1.87277 -2.8
-1.87252 -2.7
-1.87228 -2.7
-1.87203 -2.6
-1.87179 -2.6
-1.87155 -2.5
-1.8713 -2.4
-1.87106 -2.4
-1.87081 -2.3
-1.87057 -2.2
-1.87033 -2.1
-1.87008 -2.0
-1.86984 -1.9
-1.86959 -1.8
-1.86935 -1.7
-1.8691 -1.6
-1.86886 -1.5
-1.86862 -1.3
-1.86837 -1.2
-1.86813 -1.1
-1.86788 -1.0
-1.86764 -0.8
-1.8674 -0.7
-1.86715 -0.6
-1.86691 -0.4
-1.86666 -0.3
-1.86642 -0.2
-1.86617 0.0
-1.86593 0.1
-1.86569 0.3
-1.86544 0.4
-1.8652 0.5
-1.86495 0.7
-1.86471 0.8
-1.86447 0.9
-1.86422 1.1
-1.86398 1.2
-1.86373 1.3
-1.86349 1.4
-1.86325 1.5
-1.863 1.7
-1.86276 1.8
-1.86251 1.9
-1.86227 2.0
-1.86202 2.1
-1.86178 2.2
-1.86154 2.3
-1.86129 2.3
-1.86105 2.4
-1.8608 2.5
-1.86056 2.6
-1.86032 2.6
-1.86007 2.7
-1.85983 2.7
-1.85958 2.8
-1.85934 2.8
-1.85909 2.8
-1.85885 2.9
-1.85861 2.9
-1.85836 2.9
-1.85812 2.9
-1.85787 2.9
-1.85763 2.9
-1.85739 2.9
-1.85714 2.8
-1.8569 2.8
-1.85665 2.8
-1.85641 2.7
-1.85616 2.7
-1.85592 2.6
-1.85568 2.6
-1.85543 2.5
-1.85519 2.4
-1.85494 2.3
-1.8547 2.3
-1.85446 2.2
-1.85421 2.1
-1.85397 2.0
-1.85372 1.9
-1.85348 1.8
-1.85324 1.7
-1.85299 1.5
-1.85275 1.4
-1.8525 1.3
-1.85226 1.2
-1.85201 1.0
-1.85177 0.9
-1.85153 0.8
-1.85128 0.7
-1.85104 0.5
-1.85079 0.4
-1.85055 0.2
-1.85031 0.1
-1.85006 0.0
-1.84982 -0.2
-1.84957 -0.3
-1.84933 -0.5
-1.84908 -0.6
-1.84884 -0.7
-1.8486 -0.9
-1.84835 -1.0
-1.84811 -1.1
-1.84786 -1.2
-1.84762 -1.4
-1.84738 -1.5
-1.84713 -1.6
-1.84689 -1.7
-1.84664 -1.8
-1.8464 -1.9
-1.84616 -2.0
-1.84591 -2.1
-1.84567 -2.2
-1.84542 -2.3
-1.84518 -2.4
-1.84493 -2.5
-1.84469 -2.5
-1.84445 -2.6
-1.8442 -2.7
-1.84396 -2.7
-1.84371 -2.8
-1.84347 -2.8
-1.84323 -2.8
-1.84298 -2.9
-1.84274 -2.9
-1.84249 -2.9
-1.84225 -2.9
-1.842 -2.9
-1.84176 -2.9
-1.84152 -2.9
-1.84127 -2.9
-1.84103 -2.8
-1.84078 -2.8
-1.84054 -2.8
-1.8403 -2.7
-1.84005 -2.7
-1.83981 -2.6
-1.83956 -2.5
-1.83932 -2.5
-1.83908 -2.4
-1.83883 -2.3
-1.83859 -2.2
-1.83834 -2.1
-1.8381 -2.0
-1.83785 -1.9
-1.83761 -1.8
-1.83737 -1.7
-1.83712 -1.6
-1.83688 -1.5
-1.83663 -1.4
-1.83639 -1.2
-1.83615 -1.1
-1.8359 -1.0
-1.83566 -0.8
-1.83541 -0.7
-1.83517 -0.6
-1.83492 -0.4
-1.83468 -0.3
-1.83444 -0.2
-1.83419 0.0
-1.83395 0.1
-1.8337 0.3
-1.83346 0.4
-1.83322 0.5
-1.83297 0.7
-1.83273 0.8
-1.83248 0.9
-1.83224 1.1
-1.832 1.2
-1.83175 1.3
-1.83151 1.5
-1.83126 1.6
-1.83102 1.7
-1.83077 1.8
-1.83053 1.9
-1.83029 2.0
-1.83004 2.1
-1.8298 2.2
-1.82955 2.3
-1.82931 2.4
-1.82907 2.4
-1.82882 2.5
-1.82858 2.6
-1.82833 2.6
-1.82809 2.7
-1.82784 2.7
-1.8276 2.8
-1.82736 2.8
-1.82711 2.9
-1.82687 2.9
-1.82662 2.9
-1.82638 2.9
-1.82614 2.9
-1.82589 2.9
-1.82565 2.9
-1.8254 2.9
-1.82516 2.8
-1.82491 2.8
-1.82467 2.8
-1.82443 2.7
-1.82418 2.7
-1.82394 2.6
-1.82369 2.5
-1.82345 2.5
-1.82321 2.4
-1.82296 2.3
-1.82272 2.2
-1.82247 2.1
-1.82223 2.0
-1.82199 1.9
-1.82174 1.8
-1.8215 1.7
-1.82125 1.6
-1.82101 1.5
-1.82076 1.4
-1.82052 1.3
-1.82028 1.1
-1.82003 1.0
-1.81979 0.9
-1.81954 0.7
-1.8193 0.6
-1.81906 0.5
-1.81881 0.3
-1.81857 0.2
-1.81832 0.0
-1.81808 -0.1
-1.81783 -0.2
-1.81759 -0.4
-1.81735 -0.5
-1.8171 -0.7
-1.81686 -0.8
-1.81661 -0.9
-1.81637 -1.1
-1.81613 -1.2
-1.81588 -1.3
-1.81564 -1.4
-1.81539 -1.6
-1.81515 -1.7
-1.81491 -1.8
-1.81466 -1.9
-1.81442 -2.0
-1.81417 -2.1
-1.81393 -2.2
-1.81368 -2.3
-1.81344 -2.4
-1.8132 -2.4
-1.81295 -2.5
-1.81271 -2.6
-1.81246 -2.6
-1.81222 -2.7
-1.81198 -2.8
-1.81173 -2.8
-1.81149 -2.8
-1.81124 -2.9
-1.811 -2.9
-1.81075 -2.9
-1.81051 -2.9
-1.81027 -2.9
-1.81002 -2.9
-1.80978 -2.9
-1.80953 -2.9
-1.80929 -2.8
-1.80905 -2.8
-1.8088 -2.8
-1.80856 -2.7
-1.80831 -2.7
-1.80807 -2.6
-1.80783 -2.6
-1.80758 -2.5
-1.80734 -2.4
-1.80709 -2.3
-1.80685 -2.2
-1.8066 -2.1
-1.80636 -2.1
-1.80612 -1.9
-1.80587 -1.8
-1.80563 -1.7
-1.80538 -1.6
-1.80514 -1.5
-1.8049 -1.4
-1.80465 -1.3
-1.80441 -1.1
-1.80416 -1.0
-1.80392 -0.9
-1.80367 -0.7
-1.80343 -0.6
-1.80319 -0.4
-1.80294 -0.3
-1.8027 -0.2
-1.80245 0.0
-1.80221 0.1
-1.80197 0.3
-1.80172 0.4
-1.80148 0.5
-1.80123 0.7
-1.80099 0.8
-1.80075 0.9
-1.8005 1.1
-1.80026 1.2
-1.80001 1.3
-1.79977 1.5
-1.79952 1.6
-1.79928 1.7
-1.79904 1.8
-1.79879 1.9
-1.79855 2.0
-1.7983 2.1
-1.79806 2.2
-1.79782 2.3
-1.79757 2.4
-1.79733 2.5
-1.79708 2.5
-1.79684 2.6
-1.79659 2.7
-1.79635 2.7
-1.79611 2.8
-1.79586 2.8
-1.79562 2.8
-1.79537 2.9
-1.79513 2.9
-1.79489 2.9
-1.79464 2.9
-1.7944 2.9
-1.79415 2.9
-1.79391 2.9
-1.79366 2.9
-1.79342 2.8
-1.79318 2.8
-1.79293 2.8
-1.79269 2.7
-1.79244 2.7
-1.7922 2.6
-1.79196 2.5
-1.79171 2.5
-1.79147 2.4
-1.79122 2.3
-1.79098 2.2
-1.79074 2.1
-1.79049 2.0
-1.79025 1.9
-1.79 1.8
-1.78976 1.7
-1.78951 1.6
-1.78927 1.5
-1.78903 1.4
-1.78878 1.2
-1.78854 1.1
-1.78829 1.0
-1.78805 0.8
-1.78781 0.7
-1.78756 0.6
-1.78732 0.4
-1.78707 0.3
-1.78683 0.1
-1.78658 0.0
-1.78634 -0.2
-1.7861 -0.3
-1.78585 -0.4
-1.78561 -0.6
-1.78536 -0.7
-1.78512 -0.8
-1.78488 -1.0
-1.78463 -1.1
-1.78439 -1.2
-1.78414 -1.4
-1.7839 -1.5
-1.78366 -1.6
-1.78341 -1.7
-1.78317 -1.8
-1.78292 -2.0
-1.78268 -2.1
-1.78243 -2.2
-1.78219 -2.2
-1.78195 -2.3
-1.7817 -2.4
-1.78146 -2.5
-1.78121 -2.6
-1.78097 -2.6
-1.78073 -2.7
-1.78048 -2.7
-1.78024 -2.8
-1.77999 -2.8
-1.77975 -2.9
-1.7795 -2.9
-1.77926 -2.9
-1.77902 -2.9
-1.77877 -2.9
-1.77853 -2.9
-1.77828 -2.9
-1.77804 -2.9
-1.7778 -2.9
-1.77755 -2.8
-1.77731 -2.8
-1.77706 -2.8
-1.77682 -2.7
-1.77658 -2.7
-1.77633 -2.6
-1.77609 -2.5
-1.77584 -2.5
-1.7756 -2.4
-1.77535 -2.3
-1.77511 -2.2
-1.77487 -2.1
-1.77462 -2.0
-1.77438 -1.9
-1.77413 -1.8
-1.77389 -1.7
-1.77365 -1.5
-1.7734 -1.4
-1.77316 -1.3
-1.77291 -1.2
-1.77267 -1.0
-1.77242 -0.9
-1.77218 -0.8
-1.77194 -0.6
-1.77169 -0.5
-1.77145 -0.3
-1.7712 -0.2
-1.77096 0.0
-1.77072 0.0
-1.77047 0.2
-1.77023 0.4
-1.76998 0.5
-1.76974 0.6
-1.7695 0.8
-1.76925 0.9
-1.76901 1.1
-1.76876 1.2
-1.76852 1.3
-1.76827 1.4
-1.76803 1.6
-1.76779 1.7
-1.76754 1.8
-1.7673 1.9
-1.76705 2.0
-1.76681 2.1
-1.76657 2.2
-1.76632 2.3
-1.76608 2.4
-1.76583 2.5
-1.76559 2.5
-1.76534 2.6
-1.7651 2.7
-1.76486 2.7
-1.76461 2.8
-1.76437 2.8
-1.76412 2.8
-1.76388 2.9
-1.76364 2.9
-1.76339 2.9
-1.76315 2.9
-1.7629 2.9
-1.76266 2.9
-1.76241 2.9
-1.76217 2.9
-1.76193 2.9
-1.76168 2.8
-1.76144 2.8
-1.76119 2.7
-1.76095 2.7
-1.76071 2.6
-1.76046 2.6
-1.76022 2.5
-1.75997 2.4
-1.75973 2.3
-1.75949 2.2
-1.75924 2.1
-1.759 2.0
-1.75875 1.9
-1.75851 1.8
-1.75826 1.7
-1.75802 1.6
-1.75778 1.5
-1.75753 1.3
-1.75729 1.2
-1.75704 1.1
-1.7568 1.0
-1.75656 0.8
-1.75631 0.7
-1.75607 0.5
-1.75582 0.4
-1.75558 0.3
-1.75533 0.1
-1.75509 0.0
-1.75485 -0.2
-1.7546 -0.3
-1.75436 -0.5
-1.75411 -0.6
-1.75387 -0.7
-1.75363 -0.9
-1.75338 -1.0
-1.75314 -1.1
-1.75289 -1.3
-1.75265 -1.4
-1.75241 -1.5
-1.75216 -1.6
-1.75192 -1.8
-1.75167 -1.9
-1.75143 -2.0
-1.75118 -2.1
-1.75094 -2.2
-1.7507 -2.3
-1.75045 -2.4
-1.75021 -2.4
-1.74996 -2.5
-1.74972 -2.6
-1.74948 -2.7
-1.74923 -2.7
-1.74899 -2.8
-1.74874 -2.8
-1.7485 -2.8
-1.74825 -2.9
-1.74801 -2.9
-1.74777 -2.9
-1.74752 -2.9
-1.74728 -2.9
-1.74703 -2.9
-1.74679 -2.9
-1.74655 -2.9
-1.7463 -2.9
-1.74606 -2.8
-1.74581 -2.8
-1.74557 -2.8
-1.74533 -2.7
-1.74508 -2.6
-1.74484 -2.6
-1.74459 -2.5
-1.74435 -2.4
-1.7441 -2.3
-1.74386 -2.3
-1.74362 -2.2
-1.74337 -2.1
-1.74313 -2.0
-1.74288 -1.8
-1.74264 -1.7
-1.7424 -1.6
-1.74215 -1.5
-1.74191 -1.4
-1.74166 -1.2
-1.74142 -1.1
-1.74117 -1.0
-1.74093 -0.8
-1.74069 -0.7
-1.74044 -0.6
-1.7402 -0.4
-1.73995 -0.3
-1.73971 -0.1
-1.73947 0.0
-1.73922 0.2
-1.73898 0.3
-1.73873 0.4
-1.73849 0.6
-1.73825 0.7
-1.738 0.9
-1.73776 1.0
-1.73751 1.1
-1.73727 1.3
-1.73702 1.4
-1.73678 1.5
-1.73654 1.6
-1.73629 1.8
-1.73605 1.9
-1.7358 2.0
-1.73556 2.1
-1.73532 2.2
-1.73507 2.3
-1.73483 2.4
-1.73458 2.4
-1.73434 2.5
-1.73409 2.6
-1.73385 2.7
-1.73361 2.7
-1.73336 2.8
-1.73312 2.8
-1.73287 2.9
-1.73263 2.9
-1.73239 2.9
-1.73214 2.9
-1.7319 2.9
-1.73165 2.9
-1.73141 2.9
-1.73116 2.9
-1.73092 2.9
-1.73068 2.9
-1.73043 2.8
-1.73019 2.8
-1.72994 2.8
-1.7297 2.7
-1.72946 2.6
-1.72921 2.6
-1.72897 2.5
-1.72872 2.4
-1.72848 2.3
-1.72824 2.3
-1.72799 2.2
-1.72775 2.1
-1.7275 2.0
-1.72726 1.8
-1.72701 1.7
-1.72677 1.6
-1.72653 1.5
-1.72628 1.4
-1.72604 1.2
-1.72579 1.1
-1.72555 1.0
-1.72531 0.8
-1.72506 0.7
-1.72482 0.5
-1.72457 0.4
-1.72433 0.3
-1.72408 0.1
-1.72384 0.0
-1.7236 -0.2
-1.72335 -0.3
-1.72311 -0.5
-1.72286 -0.6
-1.72262 -0.7
-1.72238 -0.9
-1.72213 -1.0
-1.72189 -1.2
-1.72164 -1.3
-1.7214 -1.4
-1.72116 -1.5
-1.72091 -1.7
-1.72067 -1.8
-1.72042 -1.9
-1.72018 -2.0
-1.71993 -2.1
-1.71969 -2.2
-1.71945 -2.3
-1.7192 -2.4
-1.71896 -2.5
-1.71871 -2.5
-1.71847 -2.6
-1.71823 -2.7
-1.71798 -2.7
-1.71774 -2.8
-1.71749 -2.8
-1.71725 -2.9
-1.717 -2.9
-1.71676 -2.9
-1.71652 -2.9
-1.71627 -2.9
-1.71603 -2.9
-1.71578 -2.9
-1.71554 -2.9
-1.7153 -2.9
-1.71505 -2.9
-1.71481 -2.8
-1.71456 -2.8
-1.71432 -2.8
-1.71408 -2.7
-1.71383 -2.6
-1.71359 -2.6
-1.71334 -2.5
-1.7131 -2.4
-1.71285 -2.3
-1.71261 -2.2
-1.71237 -2.1
-1.71212 -2.0
-1.71188 -1.9
-1.71163 -1.8
-1.71139 -1.7
-1.71115 -1.6
-1.7109 -1.5
-1.71066 -1.3
-1.71041 -1.2
-1.71017 -1.1
-1.70992 -0.9
-1.70968 -0.8
-1.70944 -0.7
-1.70919 -0.5
-1.70895 -0.4
-1.7087 -0.2
-1.70846 0.0
-1.70822 0.0
-1.70797 0.2
-1.70773 0.4
-1.70748 0.5
-1.70724 0.6
-1.707 0.8
-1.70675 0.9
-1.70651 1.1
-1.70626 1.2
-1.70602 1.3
-1.70577 1.5
-1.70553 1.6
-1.70529 1.7
-1.70504 1.8
-1.7048 1.9
-1.70455 2.0
-1.70431 2.1
-1.70407 2.2
-1.70382 2.3
-1.70358 2.4
-1.70333 2.5
-1.70309 2.6
-1.70284 2.6
-1.7026 2.7
-1.70236 2.8
-1.70211 2.8
-1.70187 2.8
-1.70162 2.9
-1.70138 2.9
-1.70114 2.9
-1.70089 2.9
-1.70065 2.9
-1.7004 2.9
-1.70016 2.9
-1.69991 2.9
-1.69967 2.9
-1.69943 2.9
-1.69918 2.8
-1.69894 2.8
-1.69869 2.7
-1.69845 2.7
-1.69821 2.6
-1.69796 2.5
-1.69772 2.5
-1.69747 2.4
-1.69723 2.3
-1.69699 2.2
-1.69674 2.1
-1.6965 2.0
-1.69625 1.9
-1.69601 1.8
-1.69576 1.7
-1.69552 1.5
-1.69528 1.4
-1.69503 1.3
-1.69479 1.1
-1.69454 1.0
-1.6943 0.9
-1.69406 0.7
-1.69381 0.6
-1.69357 0.4
-1.69332 0.3
-1.69308 0.1
-1.69283 0.0
-1.69259 -0.1
-1.69235 -0.3
-1.6921 -0.4
-1.69186 -0.6
-1.69161 -0.7
-1.69137 -0.9
-1.69113 -1.0
-1.69088 -1.1
-1.69064 -1.3
-1.69039 -1.4
-1.69015 -1.5
-1.68991 -1.7
-1.68966 -1.8
-1.68942 -1.9
-1.68917 -2.0
-1.68893 -2.1
-1.68868 -2.2
-1.68844 -2.3
-1.6882 -2.4
-1.68795 -2.5
-1.68771 -2.5
-1.68746 -2.6
-1.68722 -2.7
-1.68698 -2.7
-1.68673 -2.8
-1.68649 -2.8
-1.68624 -2.9
-1.686 -2.9
-1.68575 -2.9
-1.68551 -2.9
-1.68527 -3.0
-1.68502 -3.0
-1.68478 -2.9
-1.68453 -2.9
-1.68429 -2.9
-1.68405 -2.9
-1.6838 -2.9
-1.68356 -2.8
-1.68331 -2.8
-1.68307 -2.7
-1.68283 -2.6
-1.68258 -2.6
-1.68234 -2.5
-1.68209 -2.4
-1.68185 -2.3
-1.6816 -2.2
-1.68136 -2.1
-1.68112 -2.0
-1.68087 -1.9
-1.68063 -1.8
-1.68038 -1.7
-1.68014 -1.6
-1.6799 -1.4
-1.67965 -1.3
-1.67941 -1.2
-1.67916 -1.0
-1.67892 -0.9
-1.67867 -0.8
-1.67843 -0.6
-1.67819 -0.5
-1.67794 -0.3
-1.6777 -0.2
-1.67745 0.0
-1.67721 0.1
-1.67697 0.3
-1.67672 0.4
-1.67648 0.5
-1.67623 0.7
-1.67599 0.8
-1.67575 1.0
-1.6755 1.1
-1.67526 1.2
-1.67501 1.4
-1.67477 1.5
-1.67452 1.6
-1.67428 1.7
-1.67404 1.9
-1.67379 2.0
-1.67355 2.1
-1.6733 2.2
-1.67306 2.3
-1.67282 2.4
-1.67257 2.5
-1.67233 2.5
-1.67208 2.6
-1.67184 2.7
-1.67159 2.7
-1.67135 2.8
-1.67111 2.8
-1.67086 2.9
-1.67062 2.9
-1.67037 2.9
-1.67013 2.9
-1.66989 3.0
-1.66964 3.0
-1.6694 3.0
-1.66915 2.9
-1.66891 2.9
-1.66866 2.9
-1.66842 2.9
-1.66818 2.8
-1.66793 2.8
-1.66769 2.7
-1.66744 2.7
-1.6672 2.6
-1.66696 2.5
-1.66671 2.4
-1.66647 2.3
-1.66622 2.3
-1.66598 2.2
-1.66574 2.1
-1.66549 1.9
-1.66525 1.8
-1.665 1.7
-1.66476 1.6
-1.66451 1.5
-1.66427 1.3
-1.66403 1.2
-1.66378 1.1
-1.66354 0.9
-1.66329 0.8
-1.66305 0.6
-1.66281 0.5
-1.66256 0.3
-1.66232 0.2
-1.66207 0.0
-1.66183 0.0
-1.66158 -0.2
-1.66134 -0.4
-1.6611 -0.5
-1.66085 -0.7
-1.66061 -0.8
-1.66036 -1.0
-1.66012 -1.1
-1.65988 -1.2
-1.65963 -1.4
-1.65939 -1.5
-1.65914 -1.6
-1.6589 -1.7
-1.65866 -1.9
-1.65841 -2.0
-1.65817 -2.1
-1.65792 -2.2
-1.65768 -2.3
-1.65743 -2.4
-1.65719 -2.5
-1.65695 -2.5
-1.6567 -2.6
-1.65646 -2.7
-1.65621 -2.7
-1.65597 -2.8
-1.65573 -2.8
-1.65548 -2.9
-1.65524 -2.9
-1.65499 -2.9
-1.65475 -3.0
-1.6545 -3.0
-1.65426 -3.0
-1.65402 -3.0
-1.65377 -2.9
-1.65353 -2.9
-1.65328 -2.9
-1.65304 -2.9
-1.6528 -2.8
-1.65255 -2.8
-1.65231 -2.7
-1.65206 -2.7
-1.65182 -2.6
-1.65158 -2.5
-1.65133 -2.4
-1.65109 -2.3
-1.65084 -2.3
-1.6506 -2.2
-1.65035 -2.0
-1.65011 -1.9
-1.64987 -1.8
-1.64962 -1.7
-1.64938 -1.6
-1.64913 -1.5
-1.64889 -1.3
-1.64865 -1.2
-1.6484 -1.0
-1.64816 -0.9
-1.64791 -0.8
-1.64767 -0.6
-1.64742 -0.5
-1.64718 -0.3
-1.64694 -0.2
-1.64669 0.0
-1.64645 0.1
-1.6462 0.3
-1.64596 0.4
-1.64572 0.6
-1.64547 0.7
-1.64523 0.8
-1.64498 1.0
-1.64474 1.1
-1.6445 1.3
-1.64425 1.4
-1.64401 1.5
-1.64376 1.7
-1.64352 1.8
-1.64327 1.9
-1.64303 2.0
-1.64279 2.1
-1.64254 2.2
-1.6423 2.3
-1.64205 2.4
-1.64181 2.5
-1.64157 2.6
-1.64132 2.6
-1.64108 2.7
-1.64083 2.8
-1.64059 2.8
-1.64034 2.9
-1.6401 2.9
-1.63986 2.9
-1.63961 2.9
-1.63937 3.0
-1.63912 3.0
-1.63888 3.0
-1.63864 3.0
-1.63839 3.0
-1.63815 2.9
-1.6379 2.9
-1.63766 2.9
-1.63741 2.8
-1.63717 2.8
-1.63693 2.7
-1.63668 2.6
-1.63644 2.6
-1.63619 2.5
-1.63595 2.4
-1.63571 2.3
-1.63546 2.2
-1.63522 2.1
-1.63497 2.0
-1.63473 1.9
-1.63449 1.8
-1.63424 1.7
-1.634 1.5
-1.63375 1.4
-1.63351 1.3
-1.63326 1.1
-1.63302 1.0
-1.63278 0.9
-1.63253 0.7
-1.63229 0.6
-1.63204 0.4
-1.6318 0.3
-1.63156 0.1
-1.63131 0.0
-1.63107 -0.2
-1.63082 -0.3
-1.63058 -0.5
-1.63033 -0.6
-1.63009 -0.8
-1.62985 -0.9
-1.6296 -1.0
-1.62936 -1.2
-1.62911 -1.3
-1.62887 -1.4
-1.62863 -1.6
-1.62838 -1.7
-1.62814 -1.8
-1.62789 -1.9
-1.62765 -2.1
-1.62741 -2.2
-1.62716 -2.3
-1.62692 -2.4
-1.62667 -2.4
-1.62643 -2.5
-1.62618 -2.6
-1.62594 -2.7
-1.6257 -2.7
-1.62545 -2.8
-1.62521 -2.8
-1.62496 -2.9
-1.62472 -2.9
-1.62448 -2.9
-1.62423 -3.0
-1.62399 -3.0
-1.62374 -3.0
-1.6235 -3.0
-1.62325 -3.0
-1.62301 -2.9
-1.62277 -2.9
-1.62252 -2.9
-1.62228 -2.9
-1.62203 -2.8
-1.62179 -2.7
-1.62155 -2.7
-1.6213 -2.6
-1.62106 -2.5
-1.62081 -2.5
-1.62057 -2.4
-1.62033 -2.3
-1.62008 -2.2
-1.61984 -2.1
-1.61959 -2.0
-1.61935 -1.9
-1.6191 -1.7
-1.61886 -1.6
-1.61862 -1.5
-1.61837 -1.3
-1.61813 -1.2
-1.61788 -1.1
-1.61764 -0.9
-1.6174 -0.8
-1.61715 -0.6
-1.61691 -0.5
-1.61666 -0.3
-1.61642 -0.2
-1.61617 0.0
-1.61593 0.1
-1.61569 0.3
-1.61544 0.4
-1.6152 0.6
-1.61495 0.7
-1.61471 0.8
-1.61447 1.0
-1.61422 1.1
-1.61398 1.3
-1.61373 1.4
-1.61349 1.5
-1.61325 1.7
-1.613 1.8
-1.61276 1.9
-1.61251 2.0
-1.61227 2.1
-1.61202 2.2
-1.61178 2.3
-1.61154 2.4
-1.61129 2.5
-1.61105 2.6
-1.6108 2.7
-1.61056 2.7
-1.61032 2.8
-1.61007 2.8
-1.60983 2.9
-1.60958 2.9
-1.60934 2.9
-1.60909 3.0
-1.60885 3.0
-1.60861 3.0
-1.60836 3.0
-1.60812 3.0
-1.60787 3.0
-1.60763 2.9
-1.60739 2.9
-1.60714 2.9
-1.6069 2.8
-1.60665 2.8
-1.60641 2.7
-1.60616 2.6
-1.60592 2.6
-1.60568 2.5
-1.60543 2.4
-1.60519 2.3
-1.60494 2.2
-1.6047 2.1
-1.60446 2.0
-1.60421 1.9
-1.60397 1.8
-1.60372 1.6
-1.60348 1.5
-1.60324 1.4
-1.60299 1.3
-1.60275 1.1
-1.6025 1.0
-1.60226 0.8
-1.60201 0.7
-1.60177 0.5
-1.60153 0.4
-1.60128 0.2
-1.60104 0.0
-1.60079 0.0
-1.60055 -0.2
-1.60031 -0.4
-1.60006 -0.5
-1.59982 -0.7
-1.59957 -0.8
-1.59933 -1.0
-1.59908 -1.1
-1.59884 -1.2
-1.5986 -1.4
-1.59835 -1.5
-1.59811 -1.6
-1.59786 -1.8
-1.59762 -1.9
-1.59738 -2.0
-1.59713 -2.1
-1.59689 -2.2
-1.59664 -2.3
-1.5964 -2.4
-1.59616 -2.5
-1.59591 -2.6
-1.59567 -2.6
-1.59542 -2.7
-1.59518 -2.8
-1.59493 -2.8
-1.59469 -2.9
-1.59445 -2.9
-1.5942 -2.9
-1.59396 -3.0
-1.59371 -3.0
-1.59347 -3.0
-1.59323 -3.0
-1.59298 -3.0
-1.59274 -3.0
-1.59249 -2.9
-1.59225 -2.9
-1.592 -2.9
-1.59176 -2.8
-1.59152 -2.8
-1.59127 -2.7
-1.59103 -2.7
-1.59078 -2.6
-1.59054 -2.5
-1.5903 -2.4
-1.59005 -2.3
-1.58981 -2.2
-1.58956 -2.1
-1.58932 -2.0
-1.58908 -1.9
-1.58883 -1.8
-1.58859 -1.7
-1.58834 -1.5
-1.5881 -1.4
-1.58785 -1.3
-1.58761 -1.1
-1.58737 -1.0
-1.58712 -0.8
-1.58688 -0.7
-1.58663 -0.5
-1.58639 -0.4
-1.58615 -0.2
-1.5859 0.0
-1.58566 0.0
-1.58541 0.2
-1.58517 0.4
-1.58492 0.5
-1.58468 0.7
-1.58444 0.8
-1.58419 1.0
-1.58395 1.1
-1.5837 1.2
-1.58346 1.4
-1.58322 1.5
-1.58297 1.6
-1.58273 1.8
-1.58248 1.9
-1.58224 2.0
-1.582 2.1
-1.58175 2.2
-1.58151 2.3
-1.58126 2.4
-1.58102 2.5
-1.58077 2.6
-1.58053 2.7
-1.58029 2.7
-1.58004 2.8
-1.5798 2.8
-1.57955 2.9
-1.57931 2.9
-1.57907 3.0
-1.57882 3.0
-1.57858 3.0
-1.57833 3.0
-1.57809 3.0
-1.57784 3.0
-1.5776 3.0
-1.57736 3.0
-1.57711 2.9
-1.57687 2.9
-1.57662 2.8
-1.57638 2.8
-1.57614 2.7
-1.57589 2.7
-1.57565 2.6
-1.5754 2.5
-1.57516 2.4
-1.57491 2.3
-1.57467 2.2
-1.57443 2.1
-1.57418 2.0
-1.57394 1.9
-1.57369 1.8
-1.57345 1.6
-1.57321 1.5
-1.57296 1.4
-1.57272 1.2
-1.57247 1.1
-1.57223 1.0
-1.57199 0.8
-1.57174 0.7
-1.5715 0.5
-1.57125 0.4
-1.57101 0.2
-1.57076 0.0
-1.57052 0.0
-1.57028 -0.2
-1.57003 -0.4
-1.56979 -0.6
-1.56954 -0.7
-1.5693 -0.8
-1.56906 -1.0
-1.56881 -1.1
-1.56857 -1.3
-1.56832 -1.4
-1.56808 -1.5
-1.56783 -1.7
-1.56759 -1.8
-1.56735 -1.9
-1.5671 -2.0
-1.56686 -2.1
-1.56661 -2.3
-1.56637 -2.4
-1.56613 -2.4
-1.56588 -2.5
-1.56564 -2.6
-1.56539 -2.7
-1.56515 -2.7
-1.56491 -2.8
-1.56466 -2.9
-1.56442 -2.9
-1.56417 -2.9
-1.56393 -3.0
-1.56368 -3.0
-1.56344 -3.0
-1.5632 -3.0
-1.56295 -3.0
-1.56271 -3.0
-1.56246 -3.0
-1.56222 -2.9
-1.56198 -2.9
-1.56173 -2.9
-1.56149 -2.8
-1.56124 -2.8
-1.561 -2.7
-1.56075 -2.6
-1.56051 -2.6
-1.56027 -2.5
-1.56002 -2.4
-1.55978 -2.3
-1.55953 -2.2
-1.55929 -2.1
-1.55905 -2.0
-1.5588 -1.8
-1.55856 -1.7
-1.55831 -1.6
-1.55807 -1.5
-1.55783 -1.3
-1.55758 -1.2
-1.55734 -1.0
-1.55709 -0.9
-1.55685 -0.8
-1.5566 -0.6
-1.55636 -0.5
-1.55612 -0.3
-1.55587 -0.1
-1.55563 0.0
-1.55538 0.2
-1.55514 0.3
-1.5549 0.5
-1.55465 0.6
-1.55441 0.8
-1.55416 0.9
-1.55392 1.1
-1.55367 1.2
-1.55343 1.3
-1.55319 1.5
-1.55294 1.6
-1.5527 1.7
-1.55245 1.9
-1.55221 2.0
-1.55197 2.1
-1.55172 2.2
-1.55148 2.3
-1.55123 2.4
-1.55099 2.5
-1.55075 2.6
-1.5505 2.7
-1.55026 2.7
-1.55001 2.8
-1.54977 2.8
-1.54952 2.9
-1.54928 2.9
-1.54904 3.0
-1.54879 3.0
-1.54855 3.0
-1.5483 3.0
-1.54806 3.0
-1.54782 3.0
-1.54757 3.0
-1.54733 3.0
-1.54708 2.9
-1.54684 2.9
-1.54659 2.9
-1.54635 2.8
-1.54611 2.7
-1.54586 2.7
-1.54562 2.6
-1.54537 2.5
-1.54513 2.4
-1.54489 2.3
-1.54464 2.2
-1.5444 2.1
-1.54415 2.0
-1.54391 1.9
-1.54366 1.8
-1.54342 1.7
-1.54318 1.5
-1.54293 1.4
-1.54269 1.2
-1.54244 1.1
-1.5422 1.0
-1.54196 0.8
-1.54171 0.7
-1.54147 0.5
-1.54122 0.4
-1.54098 0.2
-1.54074 0.0
-1.54049 -0.1
-1.54025 -0.3
-1.54 -0.4
-1.53976 -0.6
-1.53951 -0.7
-1.53927 -0.9
-1.53903 -1.0
-1.53878 -1.2
-1.53854 -1.3
-1.53829 -1.4
-1.53805 -1.6
-1.53781 -1.7
-1.53756 -1.8
-1.53732 -1.9
-1.53707 -2.1
-1.53683 -2.2
-1.53658 -2.3
-1.53634 -2.4
-1.5361 -2.5
-1.53585 -2.6
-1.53561 -2.6
-1.53536 -2.7
-1.53512 -2.8
-1.53488 -2.8
-1.53463 -2.9
-1.53439 -2.9
-1.53414 -3.0
-1.5339 -3.0
-1.53366 -3.0
-1.53341 -3.0
-1.53317 -3.0
-1.53292 -3.0
-1.53268 -3.0
-1.53243 -3.0
-1.53219 -3.0
-1.53195 -2.9
-1.5317 -2.9
-1.53146 -2.8
-1.53121 -2.8
-1.53097 -2.7
-1.53073 -2.6
-1.53048 -2.5
-1.53024 -2.5
-1.52999 -2.4
-1.52975 -2.3
-1.5295 -2.2
-1.52926 -2.0
-1.52902 -1.9
-1.52877 -1.8
-1.52853 -1.7
-1.52828 -1.6
-1.52804 -1.4
-1.5278 -1.3
-1.52755 -1.1
-1.52731 -1.0
-1.52706 -0.8
-1.52682 -0.7
-1.52658 -0.5
-1.52633 -0.4
-1.52609 -0.2
-1.52584 0.0
-1.5256 0.0
-1.52535 0.2
-1.52511 0.4
-1.52487 0.5
-1.52462 0.7
-1.52438 0.8
-1.52413 1.0
-1.52389 1.1
-1.52365 1.3
-1.5234 1.4
-1.52316 1.6
-1.52291 1.7
-1.52267 1.8
-1.52242 1.9
-1.52218 2.1
-1.52194 2.2
-1.52169 2.3
-1.52145 2.4
-1.5212 2.5
-1.52096 2.6
-1.52072 2.6
-1.52047 2.7
-1.52023 2.8
-1.51998 2.8
-1.51974 2.9
-1.5195 2.9
-1.51925 3.0
-1.51901 3.0
-1.51876 3.0
-1.51852 3.0
-1.51827 3.0
-1.51803 3.0
-1.51779 3.0
-1.51754 3.0
-1.5173 3.0
-1.51705 2.9
-1.51681 2.9
-1.51657 2.8
-1.51632 2.8
-1.51608 2.7
-1.51583 2.6
-1.51559 2.6
-1.51534 2.5
-1.5151 2.4
-1.51486 2.3
-1.51461 2.2
-1.51437 2.1
-1.51412 1.9
-1.51388 1.8
-1.51364 1.7
-1.51339 1.6
-1.51315 1.4
-1.5129 1.3
-1.51266 1.1
-1.51241 1.0
-1.51217 0.8
-1.51193 0.7
-1.51168 0.5
-1.51144 0.4
-1.51119 0.2
-1.51095 0.0
-1.51071 0.0
-1.51046 -0.2
-1.51022 -0.4
-1.50997 -0.6
-1.50973 -0.7
-1.50949 -0.9
-1.50924 -1.0
-1.509 -1.2
-1.50875 -1.3
-1.50851 -1.4
-1.50826 -1.6
-1.50802 -1.7
-1.50778 -1.8
-1.50753 -2.0
-1.50729 -2.1
-1.50704 -2.2
-1.5068 -2.3
-1.50656 -2.4
-1.50631 -2.5
-1.50607 -2.6
-1.50582 -2.6
-1.50558 -2.7
-1.50533 -2.8
-1.50509 -2.8
-1.50485 -2.9
-1.5046 -2.9
-1.50436 -3.0
-1.50411 -3.0
-1.50387 -3.0
-1.50363 -3.0
-1.50338 -3.0
-1.50314 -3.0
-1.50289 -3.0
-1.50265 -3.0
-1.50241 -3.0
-1.50216 -2.9
-1.50192 -2.9
-1.50167 -2.8
-1.50143 -2.8
-1.50118 -2.7
-1.50094 -2.6
-1.5007 -2.5
-1.50045 -2.5
-1.50021 -2.4
-1.49996 -2.3
-1.49972 -2.1
-1.49948 -2.0
-1.49923 -1.9
-1.49899 -1.8
-1.49874 -1.7
-1.4985 -1.5
-1.49825 -1.4
-1.49801 -1.2
-1.49777 -1.1
-1.49752 -1.0
-1.49728 -0.8
-1.49703 -0.7
-1.49679 -0.5
-1.49655 -0.3
-1.4963 -0.2
-1.49606 0.0
-1.49581 0.1
-1.49557 0.3
-1.49533 0.4
-1.49508 0.6
-1.49484 0.8
-1.49459 0.9
-1.49435 1.1
-1.4941 1.2
-1.49386 1.3
-1.49362 1.5
-1.49337 1.6
-1.49313 1.7
-1.49288 1.9
-1.49264 2.0
-1.4924 2.1
-1.49215 2.2
-1.49191 2.3
-1.49166 2.4
-1.49142 2.5
-1.49117 2.6
-1.49093 2.7
-1.49069 2.8
-1.49044 2.8
-1.4902 2.9
-1.48995 2.9
-1.48971 3.0
-1.48947 3.0
-1.48922 3.0
-1.48898 3.0
-1.48873 3.0
-1.48849 3.0
-1.48825 3.0
-1.488 3.0
-1.48776 3.0
-1.48751 3.0
-1.48727 2.9
-1.48702 2.9
-1.48678 2.8
-1.48654 2.7
-1.48629 2.7
-1.48605 2.6
-1.4858 2.5
-1.48556 2.4
-1.48532 2.3
-1.48507 2.2
-1.48483 2.1
-1.48458 2.0
-1.48434 1.9
-1.48409 1.7
-1.48385 1.6
-1.48361 1.5
-1.48336 1.3
-1.48312 1.2
-1.48287 1.0
-1.48263 0.9
-1.48239 0.7
-1.48214 0.6
-1.4819 0.4
-1.48165 0.3
-1.48141 0.1
-1.48116 0.0
-1.48092 -0.2
-1.48068 -0.4
-1.48043 -0.5
-1.48019 -0.7
-1.47994 -0.8
-1.4797 -1.0
-1.47946 -1.1
-1.47921 -1.3
-1.47897 -1.4
-1.47872 -1.6
-1.47848 -1.7
-1.47824 -1.8
-1.47799 -1.9
-1.47775 -2.1
-1.4775 -2.2
-1.47726 -2.3
-1.47701 -2.4
-1.47677 -2.5
-1.47653 -2.6
-1.47628 -2.7
-1.47604 -2.7
-1.47579 -2.8
-1.47555 -2.9
-1.47531 -2.9
-1.47506 -2.9
-1.47482 -3.0
-1.47457 -3.0
-1.47433 -3.0
-1.47408 -3.0
-1.47384 -3.0
-1.4736 -3.0
-1.47335 -3.0
-1.47311 -3.0
-1.47286 -3.0
-1.47262 -2.9
-1.47238 -2.9
-1.47213 -2.8
-1.47189 -2.8
-1.47164 -2.7
-1.4714 -2.6
-1.47116 -2.5
-1.47091 -2.5
-1.47067 -2.4
-1.47042 -2.3
-1.47018 -2.1
-1.46993 -2.0
-1.46969 -1.9
-1.46945 -1.8
-1.4692 -1.7
-1.46896 -1.5
-1.46871 -1.4
-1.46847 -1.2
-1.46823 -1.1
-1.46798 -0.9
-1.46774 -0.8
-1.46749 -0.6
-1.46725 -0.5
-1.467 -0.3
-1.46676 -0.2
-1.46652 0.0
-1.46627 0.2
-1.46603 0.3
-1.46578 0.5
-1.46554 0.6
-1.4653 0.8
-1.46505 0.9
-1.46481 1.1
-1.46456 1.2
-1.46432 1.4
-1.46408 1.5
-1.46383 1.7
-1.46359 1.8
-1.46334 1.9
-1.4631 2.0
-1.46285 2.2
-1.46261 2.3
-1.46237 2.4
-1.46212 2.5
-1.46188 2.6
-1.46163 2.6
-1.46139 2.7
-1.46115 2.8
-1.4609 2.8
-1.46066 2.9
-1.46041 2.9
-1.46017 3.0
-1.45992 3.0
-1.45968 3.0
-1.45944 3.0
-1.45919 3.1
-1.45895 3.1
-1.4587 3.0
-1.45846 3.0
-1.45822 3.0
-1.45797 3.0
-1.45773 2.9
-1.45748 2.9
-1.45724 2.8
-1.457 2.7
-1.45675 2.7
-1.45651 2.6
-1.45626 2.5
-1.45602 2.4
-1.45577 2.3
-1.45553 2.2
-1.45529 2.1
-1.45504 1.9
-1.4548 1.8
-1.45455 1.7
-1.45431 1.5
-1.45407 1.4
-1.45382 1.3
-1.45358 1.1
-1.45333 1.0
-1.45309 0.8
-1.45284 0.6
-1.4526 0.5
-1.45236 0.3
-1.45211 0.2
-1.45187 0.0
-1.45162 -0.1
-1.45138 -0.3
-1.45114 -0.5
-1.45089 -0.6
-1.45065 -0.8
-1.4504 -0.9
-1.45016 -1.1
-1.44991 -1.2
-1.44967 -1.4
-1.44943 -1.5
-1.44918 -1.7
-1.44894 -1.8
-1.44869 -1.9
-1.44845 -2.0
-1.44821 -2.2
-1.44796 -2.3
-1.44772 -2.4
-1.44747 -2.5
-1.44723 -2.6
-1.44699 -2.6
-1.44674 -2.7
-1.4465 -2.8
-1.44625 -2.9
-1.44601 -2.9
-1.44576 -3.0
-1.44552 -3.0
-1.44528 -3.0
-1.44503 -3.0
-1.44479 -3.1
-1.44454 -3.1
-1.4443 -3.1
-1.44406 -3.0
-1.44381 -3.0
-1.44357 -3.0
-1.44332 -3.0
-1.44308 -2.9
-1.44283 -2.9
-1.44259 -2.8
-1.44235 -2.7
-1.4421 -2.7
-1.44186 -2.6
-1.44161 -2.5
-1.44137 -2.4
-1.44113 -2.3
-1.44088 -2.2
-1.44064 -2.0
-1.44039 -1.9
-1.44015 -1.8
-1.43991 -1.7
-1.43966 -1.5
-1.43942 -1.4
-1.43917 -1.2
-1.43893 -1.1
-1.43868 -0.9
-1.43844 -0.8
-1.4382 -0.6
-1.43795 -0.5
-1.43771 -0.3
-1.43746 -0.2
-1.43722 0.0
-1.43698 0.2
-1.43673 0.3
-1.43649 0.5
-1.43624 0.6
-1.436 0.8
-1.43575 1.0
-1.43551 1.1
-1.43527 1.3
-1.43502 1.4
-1.43478 1.5
-1.43453 1.7
-1.43429 1.8
-1.43405 1.9
-1.4338 2.1
-1.43356 2.2
-1.43331 2.3
-1.43307 2.4
-1.43283 2.5
-1.43258 2.6
-1.43234 2.7
-1.43209 2.7
-1.43185 2.8
-1.4316 2.9
-1.43136 2.9
-1.43112 3.0
-1.43087 3.0
-1.43063 3.0
-1.43038 3.1
-1.43014 3.1
-1.4299 3.1
-1.42965 3.1
-1.42941 3.0
-1.42916 3.0
-1.42892 3.0
-1.42867 3.0
-1.42843 2.9
-1.42819 2.9
-1.42794 2.8
-1.4277 2.7
-1.42745 2.6
-1.42721 2.5
-1.42697 2.5
-1.42672 2.4
-1.42648 2.2
-1.42623 2.1
-1.42599 2.0
-1.42575 1.9
-1.4255 1.8
-1.42526 1.6
-1.42501 1.5
-1.42477 1.3
-1.42452 1.2
-1.42428 1.0
-1.42404 0.9
-1.42379 0.7
-1.42355 0.6
-1.4233 0.4
-1.42306 0.3
-1.42282 0.0
-1.42257 0.0
-1.42233 -0.2
-1.42208 -0.4
-1.42184 -0.6
-1.42159 -0.7
-1.42135 -0.9
-1.42111 -1.0
-1.42086 -1.2
-1.42062 -1.3
-1.42037 -1.5
-1.42013 -1.6
-1.41989 -1.7
-1.41964 -1.9
-1.4194 -2.0
-1.41915 -2.1
-1.41891 -2.2
-1.41866 -2.3
-1.41842 -2.4
-1.41818 -2.5
-1.41793 -2.6
-1.41769 -2.7
-1.41744 -2.8
-1.4172 -2.8
-1.41696 -2.9
-1.41671 -3.0
-1.41647 -3.0
-1.41622 -3.0
-1.41598 -3.1
-1.41574 -3.1
-1.41549 -3.1
-1.41525 -3.1
-1.415 -3.1
-1.41476 -3.0
-1.41451 -3.0
-1.41427 -3.0
-1.41403 -2.9
-1.41378 -2.9
-1.41354 -2.8
-1.41329 -2.8
-1.41305 -2.7
-1.41281 -2.6
-1.41256 -2.5
-1.41232 -2.4
-1.41207 -2.3
-1.41183 -2.2
-1.41158 -2.1
-1.41134 -2.0
-1.4111 -1.8
-1.41085 -1.7
-1.41061 -1.6
-1.41036 -1.4
-1.41012 -1.3
-1.40988 -1.1
-1.40963 -1.0
-1.40939 -0.8
-1.40914 -0.6
-1.4089 -0.5
-1.40866 -0.3
-1.40841 -0.2
-1.40817 0.0
-1.40792 0.2
-1.40768 0.3
-1.40743 0.5
-1.40719 0.6
-1.40695 0.8
-1.4067 1.0
-1.40646 1.1
-1.40621 1.3
-1.40597 1.4
-1.40573 1.6
-1.40548 1.7
-1.40524 1.8
-1.40499 2.0
-1.40475 2.1
-1.4045 2.2
-1.40426 2.3
-1.40402 2.4
-1.40377 2.5
-1.40353 2.6
-1.40328 2.7
-1.40304 2.8
-1.4028 2.8
-1.40255 2.9
-1.40231 2.9
-1.40206 3.0
-1.40182 3.0
-1.40158 3.1
-1.40133 3.1
-1.40109 3.1
-1.40084 3.1
-1.4006 3.1
-1.40035 3.1
-1.40011 3.0
-1.39987 3.0
-1.39962 3.0
-1.39938 2.9
-1.39913 2.9
-1.39889 2.8
-1.39865 2.7
-1.3984 2.6
-1.39816 2.5
-1.39791 2.4
-1.39767 2.3
-1.39742 2.2
-1.39718 2.1
-1.39694 2.0
-1.39669 1.9
-1.39645 1.7
-1.3962 1.6
-1.39596 1.5
-1.39572 1.3
-1.39547 1.2
-1.39523 1.0
-1.39498 0.8
-1.39474 0.7
-1.3945 0.5
-1.39425 0.4
-1.39401 0.2
-1.39376 0.0
-1.39352 -0.1
-1.39327 -0.3
-1.39303 -0.5
-1.39279 -0.6
-1.39254 -0.8
-1.3923 -0.9
-1.39205 -1.1
-1.39181 -1.2
-1.39157 -1.4
-1.39132 -1.5
-1.39108 -1.7
-1.39083 -1.8
-1.39059 -1.9
-1.39034 -2.1
-1.3901 -2.2
-1.38986 -2.3
-1.38961 -2.4
-1.38937 -2.5
-1.38912 -2.6
-1.38888 -2.7
-1.38864 -2.8
-1.38839 -2.8
-1.38815 -2.9
-1.3879 -2.9
-1.38766 -3.0
-1.38741 -3.0
-1.38717 -3.1
-1.38693 -3.1
-1.38668 -3.1
-1.38644 -3.1
-1.38619 -3.1
-1.38595 -3.1
-1.38571 -3.0
-1.38546 -3.0
-1.38522 -3.0
-1.38497 -2.9
-1.38473 -2.9
-1.38449 -2.8
-1.38424 -2.7
-1.384 -2.6
-1.38375 -2.6
-1.38351 -2.5
-1.38326 -2.4
-1.38302 -2.2
-1.38278 -2.1
-1.38253 -2.0
-1.38229 -1.9
-1.38204 -1.7
-1.3818 -1.6
-1.38156 -1.5
-1.38131 -1.3
-1.38107 -1.2
-1.38082 -1.0
-1.38058 -0.8
-1.38033 -0.7
-1.38009 -0.5
-1.37985 -0.4
-1.3796 -0.2
-1.37936 0.0
-1.37911 0.1
-1.37887 0.3
-1.37863 0.5
-1.37838 0.6
-1.37814 0.8
-1.37789 0.9
-1.37765 1.1
-1.37741 1.3
-1.37716 1.4
-1.37692 1.5
-1.37667 1.7
-1.37643 1.8
-1.37618 2.0
-1.37594 2.1
-1.3757 2.2
-1.37545 2.3
-1.37521 2.4
-1.37496 2.5
-1.37472 2.6
-1.37448 2.7
-1.37423 2.8
-1.37399 2.8
-1.37374 2.9
-1.3735 3.0
-1.37325 3.0
-1.37301 3.0
-1.37277 3.1
-1.37252 3.1
-1.37228 3.1
-1.37203 3.1
-1.37179 3.1
-1.37155 3.1
-1.3713 3.0
-1.37106 3.0
-1.37081 3.0
-1.37057 2.9
-1.37033 2.9
-1.37008 2.8
-1.36984 2.7
-1.36959 2.6
-1.36935 2.5
-1.3691 2.4
-1.36886 2.3
-1.36862 2.2
-1.36837 2.1
-1.36813 2.0
-1.36788 1.9
-1.36764 1.7
-1.3674 1.6
-1.36715 1.4
-1.36691 1.3
-1.36666 1.1
-1.36642 1.0
-1.36617 0.8
-1.36593 0.7
-1.36569 0.5
-1.36544 0.3
-1.3652 0.2
-1.36495 0.0
-1.36471 -0.2
-1.36447 -0.3
-1.36422 -0.5
-1.36398 -0.7
-1.36373 -0.8
-1.36349 -1.0
-1.36325 -1.1
-1.363 -1.3
-1.36276 -1.4
-1.36251 -1.6
-1.36227 -1.7
-1.36202 -1.9
-1.36178 -2.0
-1.36154 -2.1
-1.36129 -2.2
-1.36105 -2.4
-1.3608 -2.5
-1.36056 -2.6
-1.36032 -2.6
-1.36007 -2.7
-1.35983 -2.8
-1.35958 -2.9
-1.35934 -2.9
-1.35909 -3.0
-1.35885 -3.0
-1.35861 -3.1
-1.35836 -3.1
-1.35812 -3.1
-1.35787 -3.1
-1.35763 -3.1
-1.35739 -3.1
-1.35714 -3.1
-1.3569 -3.0
-1.35665 -3.0
-1.35641 -3.0
-1.35616 -2.9
-1.35592 -2.8
-1.35568 -2.8
-1.35543 -2.7
-1.35519 -2.6
-1.35494 -2.5
-1.3547 -2.4
-1.35446 -2.3
-1.35421 -2.2
-1.35397 -2.1
-1.35372 -1.9
-1.35348 -1.8
-1.35324 -1.7
-1.35299 -1.5
-1.35275 -1.4
-1.3525 -1.2
-1.35226 -1.1
-1.35201 -0.9
-1.35177 -0.7
-1.35153 -0.6
-1.35128 -0.4
-1.35104 -0.3
-1.35079 0.0
-1.35055 0.0
-1.35031 0.2
-1.35006 0.4
-1.34982 0.6
-1.34957 0.7
-1.34933 0.9
-1.34908 1.1
-1.34884 1.2
-1.3486 1.4
-1.34835 1.5
-1.34811 1.7
-1.34786 1.8
-1.34762 1.9
-1.34738 2.1
-1.34713 2.2
-1.34689 2.3
-1.34664 2.4
-1.3464 2.5
-1.34616 2.6
-1.34591 2.7
-1.34567 2.8
-1.34542 2.8
-1.34518 2.9
-1.34493 3.0
-1.34469 3.0
-1.34445 3.1
-1.3442 3.1
-1.34396 3.1
-1.34371 3.1
-1.34347 3.1
-1.34323 3.1
-1.34298 3.1
-1.34274 3.1
-1.34249 3.0
-1.34225 3.0
-1.342 2.9
-1.34176 2.9
-1.34152 2.8
-1.34127 2.7
-1.34103 2.6
-1.34078 2.6
-1.34054 2.5
-1.3403 2.3
-1.34005 2.2
-1.33981 2.1
-1.33956 2.0
-1.33932 1.9
-1.33908 1.7
-1.33883 1.6
-1.33859 1.4
-1.33834 1.3
-1.3381 1.1
-1.33785 1.0
-1.33761 0.8
-1.33737 0.6
-1.33712 0.5
-1.33688 0.3
-1.33663 0.1
-1.33639 0.0
-1.33615 -0.2
-1.3359 -0.4
-1.33566 -0.5
-1.33541 -0.7
-1.33517 -0.9
-1.33492 -1.0
-1.33468 -1.2
-1.33444 -1.3
-1.33419 -1.5
-1.33395 -1.6
-1.3337 -1.8
-1.33346 -1.9
-1.33322 -2.0
-1.33297 -2.2
-1.33273 -2.3
-1.33248 -2.4
-1.33224 -2.5
-1.332 -2.6
-1.33175 -2.7
-1.33151 -2.8
-1.33126 -2.8
-1.33102 -2.9
-1.33077 -3.0
-1.33053 -3.0
-1.33029 -3.1
-1.33004 -3.1
-1.3298 -3.1
-1.32955 -3.1
-1.32931 -3.1
-1.32907 -3.1
-1.32882 -3.1
-1.32858 -3.1
-1.32833 -3.0
-1.32809 -3.0
-1.32784 -3.0
-1.3276 -2.9
-1.32736 -2.8
-1.32711 -2.8
-1.32687 -2.7
-1.32662 -2.6
-1.32638 -2.5
-1.32614 -2.4
-1.32589 -2.3
-1.32565 -2.1
-1.3254 -2.0
-1.32516 -1.9
-1.32491 -1.7
-1.32467 -1.6
-1.32443 -1.5
-1.32418 -1.3
-1.32394 -1.1
-1.32369 -1.0
-1.32345 -0.8
-1.32321 -0.7
-1.32296 -0.5
-1.32272 -0.3
-1.32247 -0.2
-1.32223 0.0
-1.32199 0.2
-1.32174 0.3
-1.3215 0.5
-1.32125 0.7
-1.32101 0.8
-1.32076 1.0
-1.32052 1.2
-1.32028 1.3
-1.32003 1.5
-1.31979 1.6
-1.31954 1.8
-1.3193 1.9
-1.31906 2.0
-1.31881 2.2
-1.31857 2.3
-1.31832 2.4
-1.31808 2.5
-1.31783 2.6
-1.31759 2.7
-1.31735 2.8
-1.3171 2.8
-1.31686 2.9
-1.31661 3.0
-1.31637 3.0
-1.31613 3.1
-1.31588 3.1
-1.31564 3.1
-1.31539 3.1
-1.31515 3.1
-1.31491 3.1
-1.31466 3.1
-1.31442 3.1
-1.31417 3.1
-1.31393 3.0
-1.31368 3.0
-1.31344 2.9
-1.3132 2.8
-1.31295 2.8
-1.31271 2.7
-1.31246 2.6
-1.31222 2.5
-1.31198 2.4
-1.31173 2.3
-1.31149 2.1
-1.31124 2.0
-1.311 1.9
-1.31075 1.7
-1.31051 1.6
-1.31027 1.4
-1.31002 1.3
-1.30978 1.1
-1.30953 1.0
-1.30929 0.8
-1.30905 0.6
-1.3088 0.5
-1.30856 0.3
-1.30831 0.1
-1.30807 0.0
-1.30783 -0.2
-1.30758 -0.4
-1.30734 -0.5
-1.30709 -0.7
-1.30685 -0.9
-1.3066 -1.0
-1.30636 -1.2
-1.30612 -1.3
-1.30587 -1.5
-1.30563 -1.6
-1.30538 -1.8
-1.30514 -1.9
-1.3049 -2.1
-1.30465 -2.2
-1.30441 -2.3
-1.30416 -2.4
-1.30392 -2.5
-1.30367 -2.6
-1.30343 -2.7
-1.30319 -2.8
-1.30294 -2.9
-1.3027 -2.9
-1.30245 -3.0
-1.30221 -3.0
-1.30197 -3.1
-1.30172 -3.1
-1.30148 -3.1
-1.30123 -3.1
-1.30099 -3.1
-1.30075 -3.1
-1.3005 -3.1
-1.30026 -3.1
-1.30001 -3.1
-1.29977 -3.0
-1.29952 -3.0
-1.29928 -2.9
-1.29904 -2.8
-1.29879 -2.7
-1.29855 -2.7
-1.2983 -2.6
-1.29806 -2.5
-1.29782 -2.3
-1.29757 -2.2
-1.29733 -2.1
-1.29708 -2.0
-1.29684 -1.8
-1.29659 -1.7
-1.29635 -1.6
-1.29611 -1.4
-1.29586 -1.2
-1.29562 -1.1
-1.29537 -0.9
-1.29513 -0.8
-1.29489 -0.6
-1.29464 -0.4
-1.2944 -0.3
-1.29415 0.0
-1.29391 0.0
-1.29366 0.3
-1.29342 0.4
-1.29318 0.6
-1.29293 0.8
-1.29269 0.9
-1.29244 1.1
-1.2922 1.3
-1.29196 1.4
-1.29171 1.6
-1.29147 1.7
-1.29122 1.9
-1.29098 2.0
-1.29074 2.1
-1.29049 2.2
-1.29025 2.4
-1.29 2.5
-1.28976 2.6
-1.28951 2.7
-1.28927 2.8
-1.28903 2.8
-1.28878 2.9
-1.28854 3.0
-1.28829 3.0
-1.28805 3.1
-1.28781 3.1
-1.28756 3.1
-1.28732 3.1
-1.28707 3.1
-1.28683 3.1
-1.28658 3.1
-1.28634 3.1
-1.2861 3.1
-1.28585 3.0
-1.28561 3.0
-1.28536 2.9
-1.28512 2.9
-1.28488 2.8
-1.28463 2.7
-1.28439 2.6
-1.28414 2.5
-1.2839 2.4
-1.28366 2.3
-1.28341 2.2
-1.28317 2.0
-1.28292 1.9
-1.28268 1.8
-1.28243 1.6
-1.28219 1.5
-1.28195 1.3
-1.2817 1.2
-1.28146 1.0
-1.28121 0.8
-1.28097 0.7
-1.28073 0.5
-1.28048 0.3
-1.28024 0.2
-1.27999 0.0
-1.27975 -0.2
-1.2795 -0.4
-1.27926 -0.5
-1.27902 -0.7
-1.27877 -0.9
-1.27853 -1.0
-1.27828 -1.2
-1.27804 -1.4
-1.2778 -1.5
-1.27755 -1.7
-1.27731 -1.8
-1.27706 -1.9
-1.27682 -2.1
-1.27658 -2.2
-1.27633 -2.3
-1.27609 -2.4
-1.27584 -2.5
-1.2756 -2.6
-1.27535 -2.7
-1.27511 -2.8
-1.27487 -2.9
-1.27462 -3.0
-1.27438 -3.0
-1.27413 -3.1
-1.27389 -3.1
-1.27365 -3.1
-1.2734 -3.1
-1.27316 -3.2
-1.27291 -3.2
-1.27267 -3.1
-1.27242 -3.1
-1.27218 -3.1
-1.27194 -3.1
-1.27169 -3.0
-1.27145 -3.0
-1.2712 -2.9
-1.27096 -2.8
-1.27072 -2.7
-1.27047 -2.6
-1.27023 -2.5
-1.26998 -2.4
-1.26974 -2.3
-1.2695 -2.2
-1.26925 -2.1
-1.26901 -1.9
-1.26876 -1.8
-1.26852 -1.7
-1.26827 -1.5
-1.26803 -1.4
-1.26779 -1.2
-1.26754 -1.0
-1.2673 -0.9
-1.26705 -0.7
-1.26681 -0.5
-1.26657 -0.4
-1.26632 -0.2
-1.26608 0.0
-1.26583 0.2
-1.26559 0.3
-1.26534 0.5
-1.2651 0.7
-1.26486 0.8
-1.26461 1.0
-1.26437 1.2
-1.26412 1.3
-1.26388 1.5
-1.26364 1.6
-1.26339 1.8
-1.26315 1.9
-1.2629 2.1
-1.26266 2.2
-1.26241 2.3
-1.26217 2.4
-1.26193 2.5
-1.26168 2.6
-1.26144 2.7
-1.26119 2.8
-1.26095 2.9
-1.26071 3.0
-1.26046 3.0
-1.26022 3.1
-1.25997 3.1
-1.25973 3.1
-1.25949 3.1
-1.25924 3.2
-1.259 3.2
-1.25875 3.2
-1.25851 3.1
-1.25826 3.1
-1.25802 3.1
-1.25778 3.0
-1.25753 3.0
-1.25729 2.9
-1.25704 2.8
-1.2568 2.7
-1.25656 2.7
-1.25631 2.6
-1.25607 2.5
-1.25582 2.3
-1.25558 2.2
-1.25533 2.1
-1.25509 2.0
-1.25485 1.8
-1.2546 1.7
-1.25436 1.5
-1.25411 1.4
-1.25387 1.2
-1.25363 1.0
-1.25338 0.9
-1.25314 0.7
-1.25289 0.5
-1.25265 0.4
-1.25241 0.2
-1.25216 0.0
-1.25192 -0.2
-1.25167 -0.3
-1.25143 -0.5
-1.25118 -0.7
-1.25094 -0.8
-1.2507 -1.0
-1.25045 -1.2
-1.25021 -1.3
-1.24996 -1.5
-1.24972 -1.6
-1.24948 -1.8
-1.24923 -1.9
-1.24899 -2.1
-1.24874 -2.2
-1.2485 -2.3
-1.24825 -2.4
-1.24801 -2.5
-1.24777 -2.6
-1.24752 -2.7
-1.24728 -2.8
-1.24703 -2.9
-1.24679 -3.0
-1.24655 -3.0
-1.2463 -3.1
-1.24606 -3.1
-1.24581 -3.1
-1.24557 -3.2
-1.24533 -3.2
-1.24508 -3.2
-1.24484 -3.2
-1.24459 -3.1
-1.24435 -3.1
-1.2441 -3.1
-1.24386 -3.0
-1.24362 -3.0
-1.24337 -2.9
-1.24313 -2.8
-1.24288 -2.7
-1.24264 -2.6
-1.2424 -2.5
-1.24215 -2.4
-1.24191 -2.3
-1.24166 -2.2
-1.24142 -2.1
-1.24117 -1.9
-1.24093 -1.8
-1.24069 -1.6
-1.24044 -1.5
-1.2402 -1.3
-1.23995 -1.2
-1.23971 -1.0
-1.23947 -0.8
-1.23922 -0.7
-1.23898 -0.5
-1.23873 -0.3
-1.23849 -0.1
-1.23825 0.0
-1.238 0.2
-1.23776 0.4
-1.23751 0.6
-1.23727 0.7
-1.23702 0.9
-1.23678 1.1
-1.23654 1.2
-1.23629 1.4
-1.23605 1.5
-1.2358 1.7
-1.23556 1.8
-1.23532 2.0
-1.23507 2.1
-1.23483 2.2
-1.23458 2.4
-1.23434 2.5
-1.23409 2.6
-1.23385 2.7
-1.23361 2.8
-1.23336 2.9
-1.23312 2.9
-1.23287 3.0
-1.23263 3.0
-1.23239 3.1
-1.23214 3.1
-1.2319 3.2
-1.23165 3.2
-1.23141 3.2
-1.23116 3.2
-1.23092 3.2
-1.23068 3.1
-1.23043 3.1
-1.23019 3.1
-1.22994 3.0
-1.2297 2.9
-1.22946 2.9
-1.22921 2.8
-1.22897 2.7
-1.22872 2.6
-1.22848 2.5
-1.22824 2.4
-1.22799 2.3
-1.22775 2.2
-1.2275 2.0
-1.22726 1.9
-1.22701 1.7
-1.22677 1.6
-1.22653 1.4
-1.22628 1.3
-1.22604 1.1
-1.22579 0.9
-1.22555 0.8
-1.22531 0.6
-1.22506 0.4
-1.22482 0.2
-1.22457 0.0
-1.22433 -0.1
-1.22408 -0.3
-1.22384 -0.5
-1.2236 -0.6
-1.22335 -0.8
-1.22311 -1.0
-1.22286 -1.2
-1.22262 -1.3
-1.22238 -1.5
-1.22213 -1.6
-1.22189 -1.8
-1.22164 -1.9
-1.2214 -2.1
-1.22116 -2.2
-1.22091 -2.3
-1.22067 -2.4
-1.22042 -2.5
-1.22018 -2.6
-1.21993 -2.7
-1.21969 -2.8
-1.21945 -2.9
-1.2192 -3.0
-1.21896 -3.0
-1.21871 -3.1
-1.21847 -3.1
-1.21823 -3.2
-1.21798 -3.2
-1.21774 -3.2
-1.21749 -3.2
-1.21725 -3.2
-1.217 -3.2
-1.21676 -3.1
-1.21652 -3.1
-1.21627 -3.0
-1.21603 -3.0
-1.21578 -2.9
-1.21554 -2.8
-1.2153 -2.8
-1.21505 -2.7
-1.21481 -2.6
-1.21456 -2.4
-1.21432 -2.3
-1.21408 -2.2
-1.21383 -2.1
-1.21359 -1.9
-1.21334 -1.8
-1.2131 -1.6
-1.21285 -1.5
-1.21261 -1.3
-1.21237 -1.2
-1.21212 -1.0
-1.21188 -0.8
-1.21163 -0.6
-1.21139 -0.5
-1.21115 -0.3
-1.2109 -0.1
-1.21066 0.0
-1.21041 0.2
-1.21017 0.4
-1.20992 0.6
-1.20968 0.8
-1.20944 0.9
-1.20919 1.1
-1.20895 1.3
-1.2087 1.4
-1.20846 1.6
-1.20822 1.7
-1.20797 1.9
-1.20773 2.0
-1.20748 2.2
-1.20724 2.3
-1.207 2.4
-1.20675 2.5
-1.20651 2.6
-1.20626 2.7
-1.20602 2.8
-1.20577 2.9
-1.20553 3.0
-1.20529 3.0
-1.20504 3.1
-1.2048 3.1
-1.20455 3.2
-1.20431 3.2
-1.20407 3.2
-1.20382 3.2
-1.20358 3.2
-1.20333 3.2
-1.20309 3.1
-1.20284 3.1
-1.2026 3.1
-1.20236 3.0
-1.20211 2.9
-1.20187 2.9
-1.20162 2.8
-1.20138 2.7
-1.20114 2.6
-1.20089 2.5
-1.20065 2.4
-1.2004 2.2
-1.20016 2.1
-1.19991 2.0
-1.19967 1.8
-1.19943 1.7
-1.19918 1.5
-1.19894 1.3
-1.19869 1.2
-1.19845 1.0
-1.19821 0.8
-1.19796 0.7
-1.19772 0.5
-1.19747 0.3
-1.19723 0.1
-1.19699 0.0
-1.19674 -0.2
-1.1965 -0.4
-1.19625 -0.6
-1.19601 -0.8
-1.19576 -0.9
-1.19552 -1.1
-1.19528 -1.3
-1.19503 -1.4
-1.19479 -1.6
-1.19454 -1.7
-1.1943 -1.9
-1.19406 -2.0
-1.19381 -2.2
-1.19357 -2.3
-1.19332 -2.4
-1.19308 -2.5
-1.19283 -2.6
-1.19259 -2.7
-1.19235 -2.8
-1.1921 -2.9
-1.19186 -3.0
-1.19161 -3.0
-1.19137 -3.1
-1.19113 -3.1
-1.19088 -3.2
-1.19064 -3.2
-1.19039 -3.2
-1.19015 -3.2
-1.18991 -3.2
-1.18966 -3.2
-1.18942 -3.1
-1.18917 -3.1
-1.18893 -3.1
-1.18868 -3.0
-1.18844 -2.9
-1.1882 -2.9
-1.18795 -2.8
-1.18771 -2.7
-1.18746 -2.6
-1.18722 -2.5
-1.18698 -2.3
-1.18673 -2.2
-1.18649 -2.1
-1.18624 -1.9
-1.186 -1.8
-1.18575 -1.6
-1.18551 -1.5
-1.18527 -1.3
-1.18502 -1.2
-1.18478 -1.0
-1.18453 -0.8
-1.18429 -0.6
-1.18405 -0.5
-1.1838 -0.3
-1.18356 -0.1
-1.18331 0.0
-1.18307 0.3
-1.18283 0.4
-1.18258 0.6
-1.18234 0.8
-1.18209 1.0
-1.18185 1.1
-1.1816 1.3
-1.18136 1.5
-1.18112 1.6
-1.18087 1.8
-1.18063 1.9
-1.18038 2.1
-1.18014 2.2
-1.1799 2.3
-1.17965 2.5
-1.17941 2.6
-1.17916 2.7
-1.17892 2.8
-1.17867 2.9
-1.17843 2.9
-1.17819 3.0
-1.17794 3.1
-1.1777 3.1
-1.17745 3.2
-1.17721 3.2
-1.17697 3.2
-1.17672 3.2
-1.17648 3.2
-1.17623 3.2
-1.17599 3.2
-1.17575 3.1
-1.1755 3.1
-1.17526 3.1
-1.17501 3.0
-1.17477 2.9
-1.17452 2.8
-1.17428 2.8
-1.17404 2.7
-1.17379 2.5
-1.17355 2.4
-1.1733 2.3
-1.17306 2.2
-1.17282 2.0
-1.17257 1.9
-1.17233 1.8
-1.17208 1.6
-1.17184 1.4
-1.17159 1.3
-1.17135 1.1
-1.17111 0.9
-1.17086 0.8
-1.17062 0.6
-1.17037 0.4
-1.17013 0.2
-1.16989 0.0
-1.16964 -0.1
-1.1694 -0.3
-1.16915 -0.5
-1.16891 -0.7
-1.16866 -0.9
-1.16842 -1.0
-1.16818 -1.2
-1.16793 -1.4
-1.16769 -1.5
-1.16744 -1.7
-1.1672 -1.9
-1.16696 -2.0
-1.16671 -2.1
-1.16647 -2.3
-1.16622 -2.4
-1.16598 -2.5
-1.16574 -2.6
-1.16549 -2.7
-1.16525 -2.8
-1.165 -2.9
-1.16476 -3.0
-1.16451 -3.0
-1.16427 -3.1
-1.16403 -3.1
-1.16378 -3.2
-1.16354 -3.2
-1.16329 -3.2
-1.16305 -3.2
-1.16281 -3.2
-1.16256 -3.2
-1.16232 -3.2
-1.16207 -3.1
-1.16183 -3.1
-1.16158 -3.0
-1.16134 -3.0
-1.1611 -2.9
-1.16085 -2.8
-1.16061 -2.7
-1.16036 -2.6
-1.16012 -2.5
-1.15988 -2.4
-1.15963 -2.2
-1.15939 -2.1
-1.15914 -2.0
-1.1589 -1.8
-1.15866 -1.7
-1.15841 -1.5
-1.15817 -1.3
-1.15792 -1.2
-1.15768 -1.0
-1.15743 -0.8
-1.15719 -0.6
-1.15695 -0.5
-1.1567 -0.3
-1.15646 -0.1
-1.15621 0.0
-1.15597 0.3
-1.15573 0.4
-1.15548 0.6
-1.15524 0.8
-1.15499 1.0
-1.15475 1.2
-1.1545 1.3
-1.15426 1.5
-1.15402 1.6
-1.15377 1.8
-1.15353 2.0
-1.15328 2.1
-1.15304 2.2
-1.1528 2.4
-1.15255 2.5
-1.15231 2.6
-1.15206 2.7
-1.15182 2.8
-1.15158 2.9
-1.15133 3.0
-1.15109 3.0
-1.15084 3.1
-1.1506 3.1
-1.15035 3.2
-1.15011 3.2
-1.14987 3.2
-1.14962 3.2
-1.14938 3.2
-1.14913 3.2
-1.14889 3.2
-1.14865 3.2
-1.1484 3.1
-1.14816 3.1
-1.14791 3.0
-1.14767 2.9
-1.14742 2.8
-1.14718 2.7
-1.14694 2.6
-1.14669 2.5
-1.14645 2.4
-1.1462 2.3
-1.14596 2.1
-1.14572 2.0
-1.14547 1.9
-1.14523 1.7
-1.14498 1.5
-1.14474 1.4
-1.1445 1.2
-1.14425 1.0
-1.14401 0.9
-1.14376 0.7
-1.14352 0.5
-1.14327 0.3
-1.14303 0.1
-1.14279 0.0
-1.14254 -0.2
-1.1423 -0.4
-1.14205 -0.6
-1.14181 -0.8
-1.14157 -1.0
-1.14132 -1.1
-1.14108 -1.3
-1.14083 -1.5
-1.14059 -1.6
-1.14034 -1.8
-1.1401 -1.9
-1.13986 -2.1
-1.13961 -2.2
-1.13937 -2.4
-1.13912 -2.5
-1.13888 -2.6
-1.13864 -2.7
-1.13839 -2.8
-1.13815 -2.9
-1.1379 -3.0
-1.13766 -3.0
-1.13741 -3.1
-1.13717 -3.1
-1.13693 -3.2
-1.13668 -3.2
-1.13644 -3.2
-1.13619 -3.2
-1.13595 -3.2
-1.13571 -3.2
-1.13546 -3.2
-1.13522 -3.2
-1.13497 -3.1
-1.13473 -3.1
-1.13449 -3.0
-1.13424 -2.9
-1.134 -2.8
-1.13375 -2.7
-1.13351 -2.6
-1.13326 -2.5
-1.13302 -2.4
-1.13278 -2.3
-1.13253 -2.1
-1.13229 -2.0
-1.13204 -1.9
-1.1318 -1.7
-1.13156 -1.5
-1.13131 -1.4
-1.13107 -1.2
-1.13082 -1.0
-1.13058 -0.8
-1.13033 -0.7
-1.13009 -0.5
-1.12985 -0.3
-1.1296 -0.1
-1.12936 0.0
-1.12911 0.3
-1.12887 0.4
-1.12863 0.6
-1.12838 0.8
-1.12814 1.0
-1.12789 1.2
-1.12765 1.3
-1.12741 1.5
-1.12716 1.7
-1.12692 1.8
-1.12667 2.0
-1.12643 2.1
-1.12618 2.3
-1.12594 2.4
-1.1257 2.5
-1.12545 2.6
-1.12521 2.7
-1.12496 2.8
-1.12472 2.9
-1.12448 3.0
-1.12423 3.1
-1.12399 3.1
-1.12374 3.2
-1.1235 3.2
-1.12325 3.2
-1.12301 3.2
-1.12277 3.2
-1.12252 3.2
-1.12228 3.2
-1.12203 3.2
-1.12179 3.2
-1.12155 3.1
-1.1213 3.1
-1.12106 3.0
-1.12081 2.9
-1.12057 2.8
-1.12033 2.7
-1.12008 2.6
-1.11984 2.5
-1.11959 2.4
-1.11935 2.3
-1.1191 2.1
-1.11886 2.0
-1.11862 1.8
-1.11837 1.7
-1.11813 1.5
-1.11788 1.3
-1.11764 1.2
-1.1174 1.0
-1.11715 0.8
-1.11691 0.6
-1.11666 0.4
-1.11642 0.2
-1.11617 0.0
-1.11593 -0.1
-1.11569 -0.3
-1.11544 -0.5
-1.1152 -0.7
-1.11495 -0.9
-1.11471 -1.0
-1.11447 -1.2
-1.11422 -1.4
-1.11398 -1.6
-1.11373 -1.7
-1.11349 -1.9
-1.11325 -2.0
-1.113 -2.2
-1.11276 -2.3
-1.11251 -2.4
-1.11227 -2.6
-1.11202 -2.7
-1.11178 -2.8
-1.11154 -2.9
-1.11129 -2.9
-1.11105 -3.0
-1.1108 -3.1
-1.11056 -3.1
-1.11032 -3.2
-1.11007 -3.2
-1.10983 -3.2
-1.10958 -3.3
-1.10934 -3.3
-1.10909 -3.2
-1.10885 -3.2
-1.10861 -3.2
-1.10836 -3.2
-1.10812 -3.1
-1.10787 -3.0
-1.10763 -3.0
-1.10739 -2.9
-1.10714 -2.8
-1.1069 -2.7
-1.10665 -2.6
-1.10641 -2.5
-1.10616 -2.3
-1.10592 -2.2
-1.10568 -2.0
-1.10543 -1.9
-1.10519 -1.7
-1.10494 -1.6
-1.1047 -1.4
-1.10446 -1.2
-1.10421 -1.1
-1.10397 -0.9
-1.10372 -0.7
-1.10348 -0.5
-1.10324 -0.3
-1.10299 -0.1
-1.10275 0.0
-1.1025 0.2
-1.10226 0.4
-1.10201 0.6
-1.10177 0.8
-1.10153 1.0
-1.10128 1.2
-1.10104 1.3
-1.10079 1.5
-1.10055 1.7
-1.10031 1.8
-1.10006 2.0
-1.09982 2.1
-1.09957 2.3
-1.09933 2.4
-1.09908 2.5
-1.09884 2.6
-1.0986 2.7
-1.09835 2.8
-1.09811 2.9
-1.09786 3.0
-1.09762 3.1
-1.09738 3.1
-1.09713 3.2
-1.09689 3.2
-1.09664 3.2
-1.0964 3.3
-1.09616 3.3
-1.09591 3.3
-1.09567 3.2
-1.09542 3.2
-1.09518 3.2
-1.09493 3.1
-1.09469 3.1
-1.09445 3.0
-1.0942 2.9
-1.09396 2.8
-1.09371 2.7
-1.09347 2.6
-1.09323 2.5
-1.09298 2.4
-1.09274 2.2
-1.09249 2.1
-1.09225 1.9
-1.092 1.8
-1.09176 1.6
-1.09152 1.5
-1.09127 1.3
-1.09103 1.1
-1.09078 0.9
-1.09054 0.7
-1.0903 0.6
-1.09005 0.4
-1.08981 0.2
-1.08956 0.0
-1.08932 -0.2
-1.08908 -0.4
-1.08883 -0.6
-1.08859 -0.8
-1.08834 -0.9
-1.0881 -1.1
-1.08785 -1.3
-1.08761 -1.5
-1.08737 -1.6
-1.08712 -1.8
-1.08688 -2.0
-1.08663 -2.1
-1.08639 -2.2
-1.08615 -2.4
-1.0859 -2.5
-1.08566 -2.6
-1.08541 -2.7
-1.08517 -2.8
-1.08492 -2.9
-1.08468 -3.0
-1.08444 -3.1
-1.08419 -3.1
-1.08395 -3.2
-1.0837 -3.2
-1.08346 -3.3
-1.08322 -3.3
-1.08297 -3.3
-1.08273 -3.3
-1.08248 -3.3
-1.08224 -3.2
-1.082 -3.2
-1.08175 -3.1
-1.08151 -3.1
-1.08126 -3.0
-1.08102 -2.9
-1.08077 -2.8
-1.08053 -2.7
-1.08029 -2.6
-1.08004 -2.5
-1.0798 -2.4
-1.07955 -2.2
-1.07931 -2.1
-1.07907 -2.0
-1.07882 -1.8
-1.07858 -1.6
-1.07833 -1.5
-1.07809 -1.3
-1.07784 -1.1
-1.0776 -0.9
-1.07736 -0.8
-1.07711 -0.6
-1.07687 -0.4
-1.07662 -0.2
-1.07638 0.0
-1.07614 0.2
-1.07589 0.4
-1.07565 0.6
-1.0754 0.8
-1.07516 0.9
-1.07491 1.1
-1.07467 1.3
-1.07443 1.5
-1.07418 1.6
-1.07394 1.8
-1.07369 2.0
-1.07345 2.1
-1.07321 2.3
-1.07296 2.4
-1.07272 2.5
-1.07247 2.6
-1.07223 2.8
-1.07199 2.9
-1.07174 2.9
-1.0715 3.0
-1.07125 3.1
-1.07101 3.2
-1.07076 3.2
-1.07052 3.2
-1.07028 3.3
-1.07003 3.3
-1.06979 3.3
-1.06954 3.3
-1.0693 3.3
-1.06906 3.2
-1.06881 3.2
-1.06857 3.1
-1.06832 3.1
-1.06808 3.0
-1.06783 2.9
-1.06759 2.8
-1.06735 2.7
-1.0671 2.6
-1.06686 2.5
-1.06661 2.4
-1.06637 2.2
-1.06613 2.1
-1.06588 1.9
-1.06564 1.8
-1.06539 1.6
-1.06515 1.4
-1.06491 1.3
-1.06466 1.1
-1.06442 0.9
-1.06417 0.7
-1.06393 0.5
-1.06368 0.3
-1.06344 0.1
-1.0632 0.0
-1.06295 -0.2
-1.06271 -0.4
-1.06246 -0.6
-1.06222 -0.8
-1.06198 -1.0
-1.06173 -1.2
-1.06149 -1.4
-1.06124 -1.5
-1.061 -1.7
-1.06075 -1.9
-1.06051 -2.0
-1.06027 -2.2
-1.06002 -2.3
-1.05978 -2.4
-1.05953 -2.6
-1.05929 -2.7
-1.05905 -2.8
-1.0588 -2.9
-1.05856 -3.0
-1.05831 -3.1
-1.05807 -3.1
-1.05783 -3.2
-1.05758 -3.2
-1.05734 -3.3
-1.05709 -3.3
-1.05685 -3.3
-1.0566 -3.3
-1.05636 -3.3
-1.05612 -3.3
-1.05587 -3.2
-1.05563 -3.2
-1.05538 -3.1
-1.05514 -3.1
-1.0549 -3.0
-1.05465 -2.9
-1.05441 -2.8
-1.05416 -2.7
-1.05392 -2.6
-1.05367 -2.4
-1.05343 -2.3
-1.05319 -2.2
-1.05294 -2.0
-1.0527 -1.9
-1.05245 -1.7
-1.05221 -1.5
-1.05197 -1.4
-1.05172 -1.2
-1.05148 -1.0
-1.05123 -0.8
-1.05099 -0.6
-1.05075 -0.4
-1.0505 -0.2
-1.05026 0.0
-1.05001 0.2
-1.04977 0.3
-1.04952 0.5
-1.04928 0.7
-1.04904 0.9
-1.04879 1.1
-1.04855 1.3
-1.0483 1.5
-1.04806 1.6
-1.04782 1.8
-1.04757 2.0
-1.04733 2.1
-1.04708 2.3
-1.04684 2.4
-1.04659 2.5
-1.04635 2.6
-1.04611 2.8
-1.04586 2.9
-1.04562 2.9
-1.04537 3.0
-1.04513 3.1
-1.04489 3.2
-1.04464 3.2
-1.0444 3.3
-1.04415 3.3
-1.04391 3.3
-1.04366 3.3
-1.04342 3.3
-1.04318 3.3
-1.04293 3.2
-1.04269 3.2
-1.04244 3.2
-1.0422 3.1
-1.04196 3.0
-1.04171 2.9
-1.04147 2.8
-1.04122 2.7
-1.04098 2.6
-1.04074 2.5
-1.04049 2.4
-1.04025 2.2
-1.04 2.1
-1.03976 1.9
-1.03951 1.8
-1.03927 1.6
-1.03903 1.4
-1.03878 1.2
-1.03854 1.1
-1.03829 0.9
-1.03805 0.7
-1.03781 0.5
-1.03756 0.3
-1.03732 0.0
-1.03707 0.0
-1.03683 -0.3
-1.03658 -0.5
-1.03634 -0.7
-1.0361 -0.9
-1.03585 -1.1
-1.03561 -1.2
-1.03536 -1.4
-1.03512 -1.6
-1.03488 -1.8
-1.03463 -1.9
-1.03439 -2.1
-1.03414 -2.2
-1.0339 -2.4
-1.03366 -2.5
-1.03341 -2.6
-1.03317 -2.7
-1.03292 -2.8
-1.03268 -2.9
-1.03243 -3.0
-1.03219 -3.1
-1.03195 -3.2
-1.0317 -3.2
-1.03146 -3.3
-1.03121 -3.3
-1.03097 -3.3
-1.03073 -3.3
-1.03048 -3.3
-1.03024 -3.3
-1.02999 -3.3
-1.02975 -3.2
-1.0295 -3.2
-1.02926 -3.1
-1.02902 -3.0
-1.02877 -3.0
-1.02853 -2.9
-1.02828 -2.8
-1.02804 -2.6
-1.0278 -2.5
-1.02755 -2.4
-1.02731 -2.2
-1.02706 -2.1
-1.02682 -1.9
-1.02658 -1.8
-1.02633 -1.6
-1.02609 -1.4
-1.02584 -1.3
-1.0256 -1.1
-1.02535 -0.9
-1.02511 -0.7
-1.02487 -0.5
-1.02462 -0.3
-1.02438 -0.1
-1.02413 0.0
-1.02389 0.3
-1.02365 0.5
-1.0234 0.7
-1.02316 0.9
-1.02291 1.1
-1.02267 1.2
-1.02242 1.4
-1.02218 1.6
-1.02194 1.8
-1.02169 1.9
-1.02145 2.1
-1.0212 2.2
-1.02096 2.4
-1.02072 2.5
-1.02047 2.6
-1.02023 2.8
-1.01998 2.9
-1.01974 3.0
-1.0195 3.0
-1.01925 3.1
-1.01901 3.2
-1.01876 3.2
-1.01852 3.3
-1.01827 3.3
-1.01803 3.3
-1.01779 3.3
-1.01754 3.3
-1.0173 3.3
-1.01705 3.3
-1.01681 3.2
-1.01657 3.2
-1.01632 3.1
-1.01608 3.0
-1.01583 2.9
-1.01559 2.9
-1.01534 2.7
-1.0151 2.6
-1.01486 2.5
-1.01461 2.4
-1.01437 2.2
-1.01412 2.1
-1.01388 1.9
-1.01364 1.8
-1.01339 1.6
-1.01315 1.4
-1.0129 1.2
-1.01266 1.0
-1.01241 0.9
-1.01217 0.7
-1.01193 0.5
-1.01168 0.3
-1.01144 0.0
-1.01119 -0.1
-1.01095 -0.3
-1.01071 -0.5
-1.01046 -0.7
-1.01022 -0.9
-1.00997 -1.1
-1.00973 -1.3
-1.00949 -1.5
-1.00924 -1.6
-1.009 -1.8
-1.00875 -2.0
-1.00851 -2.1
-1.00826 -2.3
-1.00802 -2.4
-1.00778 -2.6
-1.00753 -2.7
-1.00729 -2.8
-1.00704 -2.9
-1.0068 -3.0
-1.00656 -3.1
-1.00631 -3.1
-1.00607 -3.2
-1.00582 -3.3
-1.00558 -3.3
-1.00533 -3.3
-1.00509 -3.3
-1.00485 -3.3
-1.0046 -3.3
-1.00436 -3.3
-1.00411 -3.3
-1.00387 -3.2
-1.00363 -3.2
-1.00338 -3.1
-1.00314 -3.0
-1.00289 -2.9
-1.00265 -2.8
-1.00241 -2.7
-1.00216 -2.6
-1.00192 -2.5
-1.00167 -2.3
-1.00143 -2.2
-1.00118 -2.0
-1.00094 -1.9
-1.0007 -1.7
-1.00045 -1.5
-1.00021 -1.3
-0.99996 -1.2
-0.99972 -1.0
-0.99948 -0.8
-0.99923 -0.6
-0.99899 -0.4
-0.99874 -0.2
-0.9985 0.0
-0.99825 0.2
-0.99801 0.4
-0.99777 0.6
-0.99752 0.8
-0.99728 1.0
-0.99703 1.2
-0.99679 1.4
-0.99655 1.6
-0.9963 1.7
-0.99606 1.9
-0.99581 2.1
-0.99557 2.2
-0.99533 2.4
-0.99508 2.5
-0.99484 2.6
-0.99459 2.7
-0.99435 2.9
-0.9941 3.0
-0.99386 3.0
-0.99362 3.1
-0.99337 3.2
-0.99313 3.2
-0.99288 3.3
-0.99264 3.3
-0.9924 3.3
-0.99215 3.3
-0.99191 3.3
-0.99166 3.3
-0.99142 3.3
-0.99117 3.2
-0.99093 3.2
-0.99069 3.1
-0.99044 3.1
-0.9902 3.0
-0.98995 2.9
-0.98971 2.8
-0.98947 2.6
-0.98922 2.5
-0.98898 2.4
-0.98873 2.2
-0.98849 2.1
-0.98825 1.9
-0.988 1.8
-0.98776 1.6
-0.98751 1.4
-0.98727 1.2
-0.98702 1.0
-0.98678 0.8
-0.98654 0.6
-0.98629 0.4
-0.98605 0.2
-0.9858 0.0
-0.98556 -0.2
-0.98532 -0.4
-0.98507 -0.6
-0.98483 -0.8
-0.98458 -1.0
-0.98434 -1.1
-0.98409 -1.3
-0.98385 -1.5
-0.98361 -1.7
-0.98336 -1.9
-0.98312 -2.0
-0.98287 -2.2
-0.98263 -2.3
-0.98239 -2.5
-0.98214 -2.6
-0.9819 -2.7
-0.98165 -2.8
-0.98141 -2.9
-0.98116 -3.0
-0.98092 -3.1
-0.98068 -3.2
-0.98043 -3.2
-0.98019 -3.3
-0.97994 -3.3
-0.9797 -3.3
-0.97946 -3.4
-0.97921 -3.3
-0.97897 -3.3
-0.97872 -3.3
-0.97848 -3.3
-0.97824 -3.2
-0.97799 -3.2
-0.97775 -3.1
-0.9775 -3.0
-0.97726 -2.9
-0.97701 -2.8
-0.97677 -2.7
-0.97653 -2.5
-0.97628 -2.4
-0.97604 -2.3
-0.97579 -2.1
-0.97555 -2.0
-0.97531 -1.8
-0.97506 -1.6
-0.97482 -1.4
-0.97457 -1.2
-0.97433 -1.1
-0.97408 -0.9
-0.97384 -0.7
-0.9736 -0.5
-0.97335 -0.3
-0.97311 0.0
-0.97286 0.1
-0.97262 0.3
-0.97238 0.5
-0.97213 0.7
-0.97189 0.9
-0.97164 1.1
-0.9714 1.3
-0.97116 1.5
-0.97091 1.7
-0.97067 1.9
-0.97042 2.0
-0.97018 2.2
-0.96993 2.3
-0.96969 2.5
-0.96945 2.6
-0.9692 2.7
-0.96896 2.8
-0.96871 2.9
-0.96847 3.0
-0.96823 3.1
-0.96798 3.2
-0.96774 3.2
-0.96749 3.3
-0.96725 3.3
-0.967 3.4
-0.96676 3.4
-0.96652 3.4
-0.96627 3.3
-0.96603 3.3
-0.96578 3.3
-0.96554 3.2
-0.9653 3.2
-0.96505 3.1
-0.96481 3.0
-0.96456 2.9
-0.96432 2.8
-0.96408 2.7
-0.96383 2.5
-0.96359 2.4
-0.96334 2.3
-0.9631 2.1
-0.96285 1.9
-0.96261 1.8
-0.96237 1.6
-0.96212 1.4
-0.96188 1.2
-0.96163 1.0
-0.96139 0.8
-0.96115 0.6
-0.9609 0.4
-0.96066 0.2
-0.96041 0.0
-0.96017 -0.2
-0.95992 -0.4
-0.95968 -0.6
-0.95944 -0.8
-0.95919 -1.0
-0.95895 -1.2
-0.9587 -1.4
-0.95846 -1.6
-0.95822 -1.7
-0.95797 -1.9
-0.95773 -2.1
-0.95748 -2.2
-0.95724 -2.4
-0.957 -2.5
-0.95675 -2.6
-0.95651 -2.8
-0.95626 -2.9
-0.95602 -3.0
-0.95577 -3.1
-0.95553 -3.2
-0.95529 -3.2
-0.95504 -3.3
-0.9548 -3.3
-0.95455 -3.3
-0.95431 -3.4
-0.95407 -3.4
-0.95382 -3.4
-0.95358 -3.3
-0.95333 -3.3
-0.95309 -3.3
-0.95284 -3.2
-0.9526 -3.1
-0.95236 -3.1
-0.95211 -3.0
-0.95187 -2.9
-0.95162 -2.8
-0.95138 -2.6
-0.95114 -2.5
-0.95089 -2.4
-0.95065 -2.2
-0.9504 -2.1
-0.95016 -1.9
-0.94991 -1.7
-0.94967 -1.5
-0.94943 -1.3
-0.94918 -1.2
-0.94894 -1.0
-0.94869 -0.8
-0.94845 -0.6
-0.94821 -0.4
-0.94796 -0.1
-0.94772 0.0
-0.94747 0.3
-0.94723 0.5
-0.94699 0.7
-0.94674 0.9
-0.9465 1.1
-0.94625 1.3
-0.94601 1.5
-0.94576 1.6
-0.94552 1.8
-0.94528 2.0
-0.94503 2.1
-0.94479 2.3
-0.94454 2.4
-0.9443 2.6
-0.94406 2.7
-0.94381 2.8
-0.94357 2.9
-0.94332 3.0
-0.94308 3.1
-0.94283 3.2
-0.94259 3.3
-0.94235 3.3
-0.9421 3.3
-0.94186 3.4
-0.94161 3.4
-0.94137 3.4
-0.94113 3.4
-0.94088 3.3
-0.94064 3.3
-0.94039 3.3
-0.94015 3.2
-0.93991 3.1
-0.93966 3.0
-0.93942 2.9
-0.93917 2.8
-0.93893 2.7
-0.93868 2.6
-0.93844 2.4
-0.9382 2.3
-0.93795 2.1
-0.93771 2.0
-0.93746 1.8
-0.93722 1.6
-0.93698 1.4
-0.93673 1.2
-0.93649 1.0
-0.93624 0.8
-0.936 0.6
-0.93575 0.4
-0.93551 0.2
-0.93527 0.0
-0.93502 -0.2
-0.93478 -0.4
-0.93453 -0.6
-0.93429 -0.8
-0.93405 -1.0
-0.9338 -1.2
-0.93356 -1.4
-0.93331 -1.6
-0.93307 -1.8
-0.93283 -1.9
-0.93258 -2.1
-0.93234 -2.3
-0.93209 -2.4
-0.93185 -2.6
-0.9316 -2.7
-0.93136 -2.8
-0.93112 -2.9
-0.93087 -3.0
-0.93063 -3.1
-0.93038 -3.2
-0.93014 -3.3
-0.9299 -3.3
-0.92965 -3.3
-0.92941 -3.4
-0.92916 -3.4
-0.92892 -3.4
-0.92867 -3.4
-0.92843 -3.4
-0.92819 -3.3
-0.92794 -3.3
-0.9277 -3.2
-0.92745 -3.1
-0.92721 -3.1
-0.92697 -3.0
-0.92672 -2.8
-0.92648 -2.7
-0.92623 -2.6
-0.92599 -2.5
-0.92575 -2.3
-0.9255 -2.2
-0.92526 -2.0
-0.92501 -1.8
-0.92477 -1.6
-0.92452 -1.5
-0.92428 -1.3
-0.92404 -1.1
-0.92379 -0.9
-0.92355 -0.7
-0.9233 -0.5
-0.92306 -0.2
-0.92282 0.0
-0.92257 0.2
-0.92233 0.4
-0.92208 0.6
-0.92184 0.8
-0.92159 1.0
-0.92135 1.2
-0.92111 1.4
-0.92086 1.6
-0.92062 1.8
-0.92037 1.9
-0.92013 2.1
-0.91989 2.3
-0.91964 2.4
-0.9194 2.6
-0.91915 2.7
-0.91891 2.8
-0.91866 2.9
-0.91842 3.0
-0.91818 3.1
-0.91793 3.2
-0.91769 3.3
-0.91744 3.3
-0.9172 3.4
-0.91696 3.4
-0.91671 3.4
-0.91647 3.4
-0.91622 3.4
-0.91598 3.4
-0.91574 3.3
-0.91549 3.3
-0.91525 3.2
-0.915 3.1
-0.91476 3.1
-0.91451 3.0
-0.91427 2.9
-0.91403 2.7
-0.91378 2.6
-0.91354 2.5
-0.91329 2.3
-0.91305 2.1
-0.91281 2.0
-0.91256 1.8
-0.91232 1.6
-0.91207 1.4
-0.91183 1.2
-0.91158 1.0
-0.91134 0.8
-0.9111 0.6
-0.91085 0.4
-0.91061 0.2
-0.91036 0.0
-0.91012 -0.2
-0.90988 -0.4
-0.90963 -0.6
-0.90939 -0.8
-0.90914 -1.0
-0.9089 -1.2
-0.90866 -1.4
-0.90841 -1.6
-0.90817 -1.8
-0.90792 -2.0
-0.90768 -2.1
-0.90743 -2.3
-0.90719 -2.5
-0.90695 -2.6
-0.9067 -2.7
-0.90646 -2.9
-0.90621 -3.0
-0.90597 -3.1
-0.90573 -3.1
-0.90548 -3.2
-0.90524 -3.3
-0.90499 -3.3
-0.90475 -3.4
-0.9045 -3.4
-0.90426 -3.4
-0.90402 -3.4
-0.90377 -3.4
-0.90353 -3.4
-0.90328 -3.3
-0.90304 -3.3
-0.9028 -3.2
-0.90255 -3.1
-0.90231 -3.0
-0.90206 -2.9
-0.90182 -2.8
-0.90158 -2.7
-0.90133 -2.6
-0.90109 -2.4
-0.90084 -2.3
-0.9006 -2.1
-0.90035 -1.9
-0.90011 -1.8
-0.89987 -1.6
-0.89962 -1.4
-0.89938 -1.2
-0.89913 -1.0
-0.89889 -0.8
-0.89865 -0.6
-0.8984 -0.4
-0.89816 -0.1
-0.89791 0.0
-0.89767 0.3
-0.89742 0.5
-0.89718 0.7
-0.89694 0.9
-0.89669 1.1
-0.89645 1.3
-0.8962 1.5
-0.89596 1.7
-0.89572 1.9
-0.89547 2.1
-0.89523 2.2
-0.89498 2.4
-0.89474 2.5
-0.8945 2.7
-0.89425 2.8
-0.89401 2.9
-0.89376 3.0
-0.89352 3.1
-0.89327 3.2
-0.89303 3.3
-0.89279 3.3
-0.89254 3.4
-0.8923 3.4
-0.89205 3.4
-0.89181 3.4
-0.89157 3.4
-0.89132 3.4
-0.89108 3.4
-0.89083 3.3
-0.89059 3.3
-0.89034 3.2
-0.8901 3.1
-0.88986 3.0
-0.88961 2.9
-0.88937 2.8
-0.88912 2.6
-0.88888 2.5
-0.88864 2.3
-0.88839 2.2
-0.88815 2.0
-0.8879 1.8
-0.88766 1.6
-0.88741 1.5
-0.88717 1.3
-0.88693 1.1
-0.88668 0.9
-0.88644 0.6
-0.88619 0.4
-0.88595 0.2
-0.88571 0.0
-0.88546 -0.2
-0.88522 -0.4
-0.88497 -0.6
-0.88473 -0.8
-0.88449 -1.1
-0.88424 -1.3
-0.884 -1.5
-0.88375 -1.6
-0.88351 -1.8
-0.88326 -2.0
-0.88302 -2.2
-0.88278 -2.3
-0.88253 -2.5
-0.88229 -2.6
-0.88204 -2.8
-0.8818 -2.9
-0.88156 -3.0
-0.88131 -3.1
-0.88107 -3.2
-0.88082 -3.3
-0.88058 -3.3
-0.88033 -3.4
-0.88009 -3.4
-0.87985 -3.4
-0.8796 -3.4
-0.87936 -3.4
-0.87911 -3.4
-0.87887 -3.4
-0.87863 -3.3
-0.87838 -3.3
-0.87814 -3.2
-0.87789 -3.1
-0.87765 -3.0
-0.87741 -2.9
-0.87716 -2.8
-0.87692 -2.7
-0.87667 -2.5
-0.87643 -2.4
-0.87618 -2.2
-0.87594 -2.0
-0.8757 -1.9
-0.87545 -1.7
-0.87521 -1.5
-0.87496 -1.3
-0.87472 -1.1
-0.87448 -0.9
-0.87423 -0.7
-0.87399 -0.5
-0.87374 -0.2
-0.8735 0.0
-0.87325 0.2
-0.87301 0.4
-0.87277 0.6
-0.87252 0.8
-0.87228 1.0
-0.87203 1.2
-0.87179 1.4
-0.87155 1.6
-0.8713 1.8
-0.87106 2.0
-0.87081 2.2
-0.87057 2.3
-0.87033 2.5
-0.87008 2.6
-0.86984 2.8
-0.86959 2.9
-0.86935 3.0
-0.8691 3.1
-0.86886 3.2
-0.86862 3.3
-0.86837 3.3
-0.86813 3.4
-0.86788 3.4
-0.86764 3.4
-0.8674 3.4
-0.86715 3.4
-0.86691 3.4
-0.86666 3.4
-0.86642 3.3
-0.86617 3.3
-0.86593 3.2
-0.86569 3.1
-0.86544 3.0
-0.8652 2.9
-0.86495 2.8
-0.86471 2.7
-0.86447 2.5
-0.86422 2.4
-0.86398 2.2
-0.86373 2.0
-0.86349 1.9
-0.86325 1.7
-0.863 1.5
-0.86276 1.3
-0.86251 1.1
-0.86227 0.9
-0.86202 0.7
-0.86178 0.4
-0.86154 0.2
-0.86129 0.0
-0.86105 -0.2
-0.8608 -0.4
-0.86056 -0.6
-0.86032 -0.9
-0.86007 -1.1
-0.85983 -1.3
-0.85958 -1.5
-0.85934 -1.7
-0.85909 -1.9
-0.85885 -2.0
-0.85861 -2.2
-0.85836 -2.4
-0.85812 -2.5
-0.85787 -2.7
-0.85763 -2.8
-0.85739 -2.9
-0.85714 -3.0
-0.8569 -3.1
-0.85665 -3.2
-0.85641 -3.3
-0.85616 -3.4
-0.85592 -3.4
-0.85568 -3.4
-0.85543 -3.5
-0.85519 -3.5
-0.85494 -3.4
-0.8547 -3.4
-0.85446 -3.4
-0.85421 -3.3
-0.85397 -3.3
-0.85372 -3.2
-0.85348 -3.1
-0.85324 -3.0
-0.85299 -2.9
-0.85275 -2.8
-0.8525 -2.6
-0.85226 -2.5
-0.85201 -2.3
-0.85177 -2.2
-0.85153 -2.0
-0.85128 -1.8
-0.85104 -1.6
-0.85079 -1.4
-0.85055 -1.2
-0.85031 -1.0
-0.85006 -0.8
-0.84982 -0.6
-0.84957 -0.4
-0.84933 -0.1
-0.84908 0.0
-0.84884 0.3
-0.8486 0.5
-0.84835 0.7
-0.84811 0.9
-0.84786 1.2
-0.84762 1.4
-0.84738 1.6
-0.84713 1.8
-0.84689 1.9
-0.84664 2.1
-0.8464 2.3
-0.84616 2.5
-0.84591 2.6
-0.84567 2.7
-0.84542 2.9
-0.84518 3.0
-0.84493 3.1
-0.84469 3.2
-0.84445 3.3
-0.8442 3.3
-0.84396 3.4
-0.84371 3.4
-0.84347 3.5
-0.84323 3.5
-0.84298 3.5
-0.84274 3.4
-0.84249 3.4
-0.84225 3.4
-0.842 3.3
-0.84176 3.2
-0.84152 3.2
-0.84127 3.1
-0.84103 3.0
-0.84078 2.8
-0.84054 2.7
-0.8403 2.6
-0.84005 2.4
-0.83981 2.2
-0.83956 2.1
-0.83932 1.9
-0.83908 1.7
-0.83883 1.5
-0.83859 1.3
-0.83834 1.1
-0.8381 0.9
-0.83785 0.7
-0.83761 0.4
-0.83737 0.2
-0.83712 0.0
-0.83688 -0.2
-0.83663 -0.4
-0.83639 -0.7
-0.83615 -0.9
-0.8359 -1.1
-0.83566 -1.3
-0.83541 -1.5
-0.83517 -1.7
-0.83492 -1.9
-0.83468 -2.1
-0.83444 -2.2
-0.83419 -2.4
-0.83395 -2.6
-0.8337 -2.7
-0.83346 -2.8
-0.83322 -3.0
-0.83297 -3.1
-0.83273 -3.2
-0.83248 -3.3
-0.83224 -3.3
-0.832 -3.4
-0.83175 -3.4
-0.83151 -3.5
-0.83126 -3.5
-0.83102 -3.5
-0.83077 -3.5
-0.83053 -3.4
-0.83029 -3.4
-0.83004 -3.3
-0.8298 -3.3
-0.82955 -3.2
-0.82931 -3.1
-0.82907 -3.0
-0.82882 -2.9
-0.82858 -2.7
-0.82833 -2.6
-0.82809 -2.4
-0.82784 -2.3
-0.8276 -2.1
-0.82736 -1.9
-0.82711 -1.7
-0.82687 -1.5
-0.82662 -1.3
-0.82638 -1.1
-0.82614 -0.9
-0.82589 -0.7
-0.82565 -0.5
-0.8254 -0.2
-0.82516 0.0
-0.82491 0.2
-0.82467 0.4
-0.82443 0.6
-0.82418 0.9
-0.82394 1.1
-0.82369 1.3
-0.82345 1.5
-0.82321 1.7
-0.82296 1.9
-0.82272 2.1
-0.82247 2.2
-0.82223 2.4
-0.82199 2.6
-0.82174 2.7
-0.8215 2.8
-0.82125 3.0
-0.82101 3.1
-0.82076 3.2
-0.82052 3.3
-0.82028 3.3
-0.82003 3.4
-0.81979 3.4
-0.81954 3.5
-0.8193 3.5
-0.81906 3.5
-0.81881 3.5
-0.81857 3.5
-0.81832 3.4
-0.81808 3.4
-0.81783 3.3
-0.81759 3.2
-0.81735 3.1
-0.8171 3.0
-0.81686 2.9
-0.81661 2.7
-0.81637 2.6
-0.81613 2.4
-0.81588 2.3
-0.81564 2.1
-0.81539 1.9
-0.81515 1.7
-0.81491 1.5
-0.81466 1.3
-0.81442 1.1
-0.81417 0.9
-0.81393 0.7
-0.81368 0.4
-0.81344 0.2
-0.8132 0.0
-0.81295 -0.2
-0.81271 -0.5
-0.81246 -0.7
-0.81222 -0.9
-0.81198 -1.1
-0.81173 -1.3
-0.81149 -1.5
-0.81124 -1.7
-0.811 -1.9
-0.81075 -2.1
-0.81051 -2.3
-0.81027 -2.4
-0.81002 -2.6
-0.80978 -2.8
-0.80953 -2.9
-0.80929 -3.0
-0.80905 -3.1
-0.8088 -3.2
-0.80856 -3.3
-0.80831 -3.4
-0.80807 -3.4
-0.80783 -3.5
-0.80758 -3.5
-0.80734 -3.5
-0.80709 -3.5
-0.80685 -3.5
-0.8066 -3.5
-0.80636 -3.4
-0.80612 -3.3
-0.80587 -3.3
-0.80563 -3.2
-0.80538 -3.1
-0.80514 -3.0
-0.8049 -2.8
-0.80465 -2.7
-0.80441 -2.6
-0.80416 -2.4
-0.80392 -2.2
-0.80367 -2.0
-0.80343 -1.9
-0.80319 -1.7
-0.80294 -1.5
-0.8027 -1.2
-0.80245 -1.0
-0.80221 -0.8
-0.80197 -0.6
-0.80172 -0.4
-0.80148 -0.1
-0.80123 0.0
-0.80099 0.3
-0.80075 0.5
-0.8005 0.8
-0.80026 1.0
-0.80001 1.2
-0.79977 1.4
-0.79952 1.6
-0.79928 1.8
-0.79904 2.0
-0.79879 2.2
-0.79855 2.4
-0.7983 2.5
-0.79806 2.7
-0.79782 2.8
-0.79757 3.0
-0.79733 3.1
-0.79708 3.2
-0.79684 3.3
-0.79659 3.3
-0.79635 3.4
-0.79611 3.5
-0.79586 3.5
-0.79562 3.5
-0.79537 3.5
-0.79513 3.5
-0.79489 3.5
-0.79464 3.4
-0.7944 3.4
-0.79415 3.3
-0.79391 3.2
-0.79366 3.1
-0.79342 3.0
-0.79318 2.9
-0.79293 2.8
-0.79269 2.6
-0.79244 2.5
-0.7922 2.3
-0.79196 2.1
-0.79171 1.9
-0.79147 1.7
-0.79122 1.5
-0.79098 1.3
-0.79074 1.1
-0.79049 0.9
-0.79025 0.7
-0.79 0.4
-0.78976 0.2
-0.78951 0.0
-0.78927 -0.2
-0.78903 -0.5
-0.78878 -0.7
-0.78854 -0.9
-0.78829 -1.1
-0.78805 -1.4
-0.78781 -1.6
-0.78756 -1.8
-0.78732 -2.0
-0.78707 -2.1
-0.78683 -2.3
-0.78658 -2.5
-0.78634 -2.6
-0.7861 -2.8
-0.78585 -2.9
-0.78561 -3.1
-0.78536 -3.2
-0.78512 -3.3
-0.78488 -3.3
-0.78463 -3.4
-0.78439 -3.5
-0.78414 -3.5
-0.7839 -3.5
-0.78366 -3.5
-0.78341 -3.5
-0.78317 -3.5
-0.78292 -3.5
-0.78268 -3.4
-0.78243 -3.3
-0.78219 -3.3
-0.78195 -3.2
-0.7817 -3.1
-0.78146 -2.9
-0.78121 -2.8
-0.78097 -2.7
-0.78073 -2.5
-0.78048 -2.3
-0.78024 -2.2
-0.77999 -2.0
-0.77975 -1.8
-0.7795 -1.6
-0.77926 -1.4
-0.77902 -1.1
-0.77877 -0.9
-0.77853 -0.7
-0.77828 -0.5
-0.77804 -0.2
-0.7778 0.0
-0.77755 0.2
-0.77731 0.4
-0.77706 0.7
-0.77682 0.9
-0.77658 1.1
-0.77633 1.3
-0.77609 1.6
-0.77584 1.8
-0.7756 2.0
-0.77535 2.1
-0.77511 2.3
-0.77487 2.5
-0.77462 2.7
-0.77438 2.8
-0.77413 2.9
-0.77389 3.1
-0.77365 3.2
-0.7734 3.3
-0.77316 3.3
-0.77291 3.4
-0.77267 3.5
-0.77242 3.5
-0.77218 3.5
-0.77194 3.5
-0.77169 3.5
-0.77145 3.5
-0.7712 3.5
-0.77096 3.4
-0.77072 3.4
-0.77047 3.3
-0.77023 3.2
-0.76998 3.1
-0.76974 2.9
-0.7695 2.8
-0.76925 2.7
-0.76901 2.5
-0.76876 2.3
-0.76852 2.1
-0.76827 2.0
-0.76803 1.8
-0.76779 1.6
-0.76754 1.3
-0.7673 1.1
-0.76705 0.9
-0.76681 0.7
-0.76657 0.4
-0.76632 0.2
-0.76608 0.0
-0.76583 -0.3
-0.76559 -0.5
-0.76534 -0.7
-0.7651 -0.9
-0.76486 -1.2
-0.76461 -1.4
-0.76437 -1.6
-0.76412 -1.8
-0.76388 -2.0
-0.76364 -2.2
-0.76339 -2.4
-0.76315 -2.5
-0.7629 -2.7
-0.76266 -2.8
-0.76241 -3.0
-0.76217 -3.1
-0.76193 -3.2
-0.76168 -3.3
-0.76144 -3.4
-0.76119 -3.4
-0.76095 -3.5
-0.76071 -3.5
-0.76046 -3.5
-0.76022 -3.6
-0.75997 -3.5
-0.75973 -3.5
-0.75949 -3.5
-0.75924 -3.4
-0.759 -3.3
-0.75875 -3.3
-0.75851 -3.2
-0.75826 -3.0
-0.75802 -2.9
-0.75778 -2.8
-0.75753 -2.6
-0.75729 -2.5
-0.75704 -2.3
-0.7568 -2.1
-0.75656 -1.9
-0.75631 -1.7
-0.75607 -1.5
-0.75582 -1.3
-0.75558 -1.0
-0.75533 -0.8
-0.75509 -0.6
-0.75485 -0.4
-0.7546 -0.1
-0.75436 0.1
-0.75411 0.4
-0.75387 0.6
-0.75363 0.8
-0.75338 1.0
-0.75314 1.3
-0.75289 1.5
-0.75265 1.7
-0.75241 1.9
-0.75216 2.1
-0.75192 2.3
-0.75167 2.5
-0.75143 2.6
-0.75118 2.8
-0.75094 2.9
-0.7507 3.0
-0.75045 3.2
-0.75021 3.3
-0.74996 3.4
-0.74972 3.4
-0.74948 3.5
-0.74923 3.5
-0.74899 3.6
-0.74874 3.6
-0.7485 3.6
-0.74825 3.5
-0.74801 3.5
-0.74777 3.5
-0.74752 3.4
-0.74728 3.3
-0.74703 3.2
-0.74679 3.1
-0.74655 3.0
-0.7463 2.8
-0.74606 2.7
-0.74581 2.5
-0.74557 2.4
-0.74533 2.2
-0.74508 2.0
-0.74484 1.8
-0.74459 1.6
-0.74435 1.3
-0.7441 1.1
-0.74386 0.9
-0.74362 0.7
-0.74337 0.4
-0.74313 0.2
-0.74288 0.0
-0.74264 -0.3
-0.7424 -0.5
-0.74215 -0.7
-0.74191 -1.0
-0.74166 -1.2
-0.74142 -1.4
-0.74117 -1.6
-0.74093 -1.9
-0.74069 -2.1
-0.74044 -2.2
-0.7402 -2.4
-0.73995 -2.6
-0.73971 -2.7
-0.73947 -2.9
-0.73922 -3.0
-0.73898 -3.1
-0.73873 -3.3
-0.73849 -3.3
-0.73825 -3.4
-0.738 -3.5
-0.73776 -3.5
-0.73751 -3.6
-0.73727 -3.6
-0.73702 -3.6
-0.73678 -3.6
-0.73654 -3.5
-0.73629 -3.5
-0.73605 -3.4
-0.7358 -3.3
-0.73556 -3.2
-0.73532 -3.1
-0.73507 -3.0
-0.73483 -2.9
-0.73458 -2.7
-0.73434 -2.6
-0.73409 -2.4
-0.73385 -2.2
-0.73361 -2.0
-0.73336 -1.8
-0.73312 -1.6
-0.73287 -1.4
-0.73263 -1.2
-0.73239 -0.9
-0.73214 -0.7
-0.7319 -0.5
-0.73165 -0.2
-0.73141 0.0
-0.73116 0.3
-0.73092 0.5
-0.73068 0.7
-0.73043 1.0
-0.73019 1.2
-0.72994 1.4
-0.7297 1.6
-0.72946 1.9
-0.72921 2.1
-0.72897 2.2
-0.72872 2.4
-0.72848 2.6
-0.72824 2.8
-0.72799 2.9
-0.72775 3.0
-0.7275 3.2
-0.72726 3.3
-0.72701 3.4
-0.72677 3.4
-0.72653 3.5
-0.72628 3.5
-0.72604 3.6
-0.72579 3.6
-0.72555 3.6
-0.72531 3.6
-0.72506 3.5
-0.72482 3.5
-0.72457 3.4
-0.72433 3.3
-0.72408 3.2
-0.72384 3.1
-0.7236 3.0
-0.72335 2.9
-0.72311 2.7
-0.72286 2.5
-0.72262 2.4
-0.72238 2.2
-0.72213 2.0
-0.72189 1.8
-0.72164 1.6
-0.7214 1.3
-0.72116 1.1
-0.72091 0.9
-0.72067 0.7
-0.72042 0.4
-0.72018 0.2
-0.71993 0.0
-0.71969 -0.3
-0.71945 -0.6
-0.7192 -0.8
-0.71896 -1.0
-0.71871 -1.3
-0.71847 -1.5
-0.71823 -1.7
-0.71798 -1.9
-0.71774 -2.1
-0.71749 -2.3
-0.71725 -2.5
-0.717 -2.7
-0.71676 -2.8
-0.71652 -3.0
-0.71627 -3.1
-0.71603 -3.2
-0.71578 -3.3
-0.71554 -3.4
-0.7153 -3.5
-0.71505 -3.5
-0.71481 -3.6
-0.71456 -3.6
-0.71432 -3.6
-0.71408 -3.6
-0.71383 -3.6
-0.71359 -3.5
-0.71334 -3.5
-0.7131 -3.4
-0.71285 -3.3
-0.71261 -3.2
-0.71237 -3.1
-0.71212 -3.0
-0.71188 -2.8
-0.71163 -2.7
-0.71139 -2.5
-0.71115 -2.3
-0.7109 -2.1
-0.71066 -1.9
-0.71041 -1.7
-0.71017 -1.5
-0.70992 -1.3
-0.70968 -1.0
-0.70944 -0.8
-0.70919 -0.5
-0.70895 -0.3
-0.7087 0.0
-0.70846 0.2
-0.70822 0.4
-0.70797 0.7
-0.70773 0.9
-0.70748 1.1
-0.70724 1.4
-0.707 1.6
-0.70675 1.8
-0.70651 2.0
-0.70626 2.2
-0.70602 2.4
-0.70577 2.6
-0.70553 2.7
-0.70529 2.9
-0.70504 3.0
-0.7048 3.2
-0.70455 3.3
-0.70431 3.4
-0.70407 3.5
-0.70382 3.5
-0.70358 3.6
-0.70333 3.6
-0.70309 3.6
-0.70284 3.6
-0.7026 3.6
-0.70236 3.6
-0.70211 3.5
-0.70187 3.4
-0.70162 3.4
-0.70138 3.3
-0.70114 3.2
-0.70089 3.0
-0.70065 2.9
-0.7004 2.7
-0.70016 2.6
-0.69991 2.4
-0.69967 2.2
-0.69943 2.0
-0.69918 1.8
-0.69894 1.6
-0.69869 1.3
-0.69845 1.1
-0.69821 0.9
-0.69796 0.6
-0.69772 0.4
-0.69747 0.1
-0.69723 -0.1
-0.69699 -0.4
-0.69674 -0.6
-0.6965 -0.8
-0.69625 -1.1
-0.69601 -1.3
-0.69576 -1.5
-0.69552 -1.8
-0.69528 -2.0
-0.69503 -2.2
-0.69479 -2.4
-0.69454 -2.6
-0.6943 -2.7
-0.69406 -2.9
-0.69381 -3.0
-0.69357 -3.2
-0.69332 -3.3
-0.69308 -3.4
-0.69283 -3.5
-0.69259 -3.5
-0.69235 -3.6
-0.6921 -3.6
-0.69186 -3.6
-0.69161 -3.6
-0.69137 -3.6
-0.69113 -3.6
-0.69088 -3.5
-0.69064 -3.5
-0.69039 -3.4
-0.69015 -3.3
-0.68991 -3.2
-0.68966 -3.0
-0.68942 -2.9
-0.68917 -2.8
-0.68893 -2.6
-0.68868 -2.4
-0.68844 -2.2
-0.6882 -2.0
-0.68795 -1.8
-0.68771 -1.6
-0.68746 -1.3
-0.68722 -1.1
-0.68698 -0.9
-0.68673 -0.6
-0.68649 -0.4
-0.68624 -0.1
-0.686 0.1
-0.68575 0.4
-0.68551 0.6
-0.68527 0.8
-0.68502 1.1
-0.68478 1.3
-0.68453 1.6
-0.68429 1.8
-0.68405 2.0
-0.6838 2.2
-0.68356 2.4
-0.68331 2.6
-0.68307 2.7
-0.68283 2.9
-0.68258 3.0
-0.68234 3.2
-0.68209 3.3
-0.68185 3.4
-0.6816 3.5
-0.68136 3.5
-0.68112 3.6
-0.68087 3.6
-0.68063 3.6
-0.68038 3.6
-0.68014 3.6
-0.6799 3.6
-0.67965 3.5
-0.67941 3.5
-0.67916 3.4
-0.67892 3.3
-0.67867 3.2
-0.67843 3.0
-0.67819 2.9
-0.67794 2.7
-0.6777 2.6
-0.67745 2.4
-0.67721 2.2
-0.67697 2.0
-0.67672 1.8
-0.67648 1.5
-0.67623 1.3
-0.67599 1.1
-0.67575 0.8
-0.6755 0.6
-0.67526 0.3
-0.67501 0.0
-0.67477 -0.2
-0.67452 -0.4
-0.67428 -0.7
-0.67404 -0.9
-0.67379 -1.2
-0.67355 -1.4
-0.6733 -1.6
-0.67306 -1.8
-0.67282 -2.1
-0.67257 -2.3
-0.67233 -2.5
-0.67208 -2.6
-0.67184 -2.8
-0.67159 -3.0
-0.67135 -3.1
-0.67111 -3.2
-0.67086 -3.3
-0.67062 -3.4
-0.67037 -3.5
-0.67013 -3.6
-0.66989 -3.6
-0.66964 -3.6
-0.6694 -3.7
-0.66915 -3.7
-0.66891 -3.6
-0.66866 -3.6
-0.66842 -3.5
-0.66818 -3.5
-0.66793 -3.4
-0.66769 -3.3
-0.66744 -3.1
-0.6672 -3.0
-0.66696 -2.8
-0.66671 -2.7
-0.66647 -2.5
-0.66622 -2.3
-0.66598 -2.1
-0.66574 -1.9
-0.66549 -1.7
-0.66525 -1.4
-0.665 -1.2
-0.66476 -1.0
-0.66451 -0.7
-0.66427 -0.5
-0.66403 -0.2
-0.66378 0.0
-0.66354 0.3
-0.66329 0.6
-0.66305 0.8
-0.66281 1.1
-0.66256 1.3
-0.66232 1.5
-0.66207 1.8
-0.66183 2.0
-0.66158 2.2
-0.66134 2.4
-0.6611 2.6
-0.66085 2.7
-0.66061 2.9
-0.66036 3.1
-0.66012 3.2
-0.65988 3.3
-0.65963 3.4
-0.65939 3.5
-0.65914 3.6
-0.6589 3.6
-0.65866 3.7
-0.65841 3.7
-0.65817 3.7
-0.65792 3.7
-0.65768 3.6
-0.65743 3.6
-0.65719 3.5
-0.65695 3.4
-0.6567 3.3
-0.65646 3.2
-0.65621 3.0
-0.65597 2.9
-0.65573 2.7
-0.65548 2.6
-0.65524 2.4
-0.65499 2.2
-0.65475 1.9
-0.6545 1.7
-0.65426 1.5
-0.65402 1.3
-0.65377 1.0
-0.65353 0.8
-0.65328 0.5
-0.65304 0.3
-0.6528 0.0
-0.65255 -0.2
-0.65231 -0.5
-0.65206 -0.8
-0.65182 -1.0
-0.65158 -1.3
-0.65133 -1.5
-0.65109 -1.7
-0.65084 -1.9
-0.6506 -2.2
-0.65035 -2.4
-0.65011 -2.6
-0.64987 -2.7
-0.64962 -2.9
-0.64938 -3.0
-0.64913 -3.2
-0.64889 -3.3
-0.64865 -3.4
-0.6484 -3.5
-0.64816 -3.6
-0.64791 -3.6
-0.64767 -3.7
-0.64742 -3.7
-0.64718 -3.7
-0.64694 -3.7
-0.64669 -3.6
-0.64645 -3.6
-0.6462 -3.5
-0.64596 -3.4
-0.64572 -3.3
-0.64547 -3.2
-0.64523 -3.1
-0.64498 -2.9
-0.64474 -2.7
-0.6445 -2.6
-0.64425 -2.4
-0.64401 -2.2
-0.64376 -2.0
-0.64352 -1.7
-0.64327 -1.5
-0.64303 -1.3
-0.64279 -1.0
-0.64254 -0.8
-0.6423 -0.5
-0.64205 -0.3
-0.64181 0.0
-0.64157 0.3
-0.64132 0.5
-0.64108 0.8
-0.64083 1.0
-0.64059 1.3
-0.64034 1.5
-0.6401 1.7
-0.63986 2.0
-0.63961 2.2
-0.63937 2.4
-0.63912 2.6
-0.63888 2.8
-0.63864 2.9
-0.63839 3.1
-0.63815 3.2
-0.6379 3.3
-0.63766 3.4
-0.63741 3.5
-0.63717 3.6
-0.63693 3.6
-0.63668 3.7
-0.63644 3.7
-0.63619 3.7
-0.63595 3.7
-0.63571 3.6
-0.63546 3.6
-0.63522 3.5
-0.63497 3.4
-0.63473 3.3
-0.63449 3.2
-0.63424 3.0
-0.634 2.9
-0.63375 2.7
-0.63351 2.5
-0.63326 2.3
-0.63302 2.1
-0.63278 1.9
-0.63253 1.7
-0.63229 1.4
-0.63204 1.2
-0.6318 0.9
-0.63156 0.7
-0.63131 0.4
-0.63107 0.2
-0.63082 0.0
-0.63058 -0.3
-0.63033 -0.6
-0.63009 -0.9
-0.62985 -1.1
-0.6296 -1.4
-0.62936 -1.6
-0.62911 -1.8
-0.62887 -2.1
-0.62863 -2.3
-0.62838 -2.5
-0.62814 -2.7
-0.62789 -2.8
-0.62765 -3.0
-0.62741 -3.1
-0.62716 -3.3
-0.62692 -3.4
-0.62667 -3.5
-0.62643 -3.6
-0.62618 -3.6
-0.62594 -3.7
-0.6257 -3.7
-0.62545 -3.7
-0.62521 -3.7
-0.62496 -3.7
-0.62472 -3.6
-0.62448 -3.6
-0.62423 -3.5
-0.62399 -3.4
-0.62374 -3.3
-0.6235 -3.1
-0.62325 -3.0
-0.62301 -2.8
-0.62277 -2.6
-0.62252 -2.4
-0.62228 -2.2
-0.62203 -2.0
-0.62179 -1.8
-0.62155 -1.6
-0.6213 -1.3
-0.62106 -1.1
-0.62081 -0.8
-0.62057 -0.5
-0.62033 -0.3
-0.62008 0.0
-0.61984 0.2
-0.61959 0.5
-0.61935 0.8
-0.6191 1.0
-0.61886 1.3
-0.61862 1.5
-0.61837 1.8
-0.61813 2.0
-0.61788 2.2
-0.61764 2.4
-0.6174 2.6
-0.61715 2.8
-0.61691 3.0
-0.61666 3.1
-0.61642 3.3
-0.61617 3.4
-0.61593 3.5
-0.61569 3.6
-0.61544 3.6
-0.6152 3.7
-0.61495 3.7
-0.61471 3.7
-0.61447 3.7
-0.61422 3.7
-0.61398 3.7
-0.61373 3.6
-0.61349 3.5
-0.61325 3.4
-0.613 3.3
-0.61276 3.2
-0.61251 3.0
-0.61227 2.9
-0.61202 2.7
-0.61178 2.5
-0.61154 2.3
-0.61129 2.1
-0.61105 1.8
-0.6108 1.6
-0.61056 1.4
-0.61032 1.1
-0.61007 0.8
-0.60983 0.6
-0.60958 0.3
-0.60934 0.0
-0.60909 -0.2
-0.60885 -0.5
-0.60861 -0.7
-0.60836 -1.0
-0.60812 -1.3
-0.60787 -1.5
-0.60763 -1.7
-0.60739 -2.0
-0.60714 -2.2
-0.6069 -2.4
-0.60665 -2.6
-0.60641 -2.8
-0.60616 -3.0
-0.60592 -3.1
-0.60568 -3.3
-0.60543 -3.4
-0.60519 -3.5
-0.60494 -3.6
-0.6047 -3.6
-0.60446 -3.7
-0.60421 -3.7
-0.60397 -3.7
-0.60372 -3.7
-0.60348 -3.7
-0.60324 -3.7
-0.60299 -3.6
-0.60275 -3.5
-0.6025 -3.4
-0.60226 -3.3
-0.60201 -3.2
-0.60177 -3.0
-0.60153 -2.9
-0.60128 -2.7
-0.60104 -2.5
-0.60079 -2.3
-0.60055 -2.1
-0.60031 -1.8
-0.60006 -1.6
-0.59982 -1.3
-0.59957 -1.1
-0.59933 -0.8
-0.59908 -0.6
-0.59884 -0.3
-0.5986 0.0
-0.59835 0.2
-0.59811 0.5
-0.59786 0.8
-0.59762 1.0
-0.59738 1.3
-0.59713 1.6
-0.59689 1.8
-0.59664 2.0
-0.5964 2.2
-0.59616 2.5
-0.59591 2.7
-0.59567 2.8
-0.59542 3.0
-0.59518 3.2
-0.59493 3.3
-0.59469 3.4
-0.59445 3.5
-0.5942 3.6
-0.59396 3.7
-0.59371 3.7
-0.59347 3.8
-0.59323 3.8
-0.59298 3.7
-0.59274 3.7
-0.59249 3.7
-0.59225 3.6
-0.592 3.5
-0.59176 3.4
-0.59152 3.3
-0.59127 3.1
-0.59103 3.0
-0.59078 2.8
-0.59054 2.6
-0.5903 2.4
-0.59005 2.2
-0.58981 2.0
-0.58956 1.7
-0.58932 1.5
-0.58908 1.2
-0.58883 1.0
-0.58859 0.7
-0.58834 0.5
-0.5881 0.2
-0.58785 0.0
-0.58761 -0.4
-0.58737 -0.6
-0.58712 -0.9
-0.58688 -1.2
-0.58663 -1.4
-0.58639 -1.7
-0.58615 -1.9
-0.5859 -2.1
-0.58566 -2.4
-0.58541 -2.6
-0.58517 -2.8
-0.58492 -2.9
-0.58468 -3.1
-0.58444 -3.2
-0.58419 -3.4
-0.58395 -3.5
-0.5837 -3.6
-0.58346 -3.7
-0.58322 -3.7
-0.58297 -3.8
-0.58273 -3.8
-0.58248 -3.8
-0.58224 -3.7
-0.582 -3.7
-0.58175 -3.6
-0.58151 -3.6
-0.58126 -3.5
-0.58102 -3.3
-0.58077 -3.2
-0.58053 -3.1
-0.58029 -2.9
-0.58004 -2.7
-0.5798 -2.5
-0.57955 -2.3
-0.57931 -2.1
-0.57907 -1.8
-0.57882 -1.6
-0.57858 -1.3
-0.57833 -1.1
-0.57809 -0.8
-0.57784 -0.5
-0.5776 -0.3
-0.57736 0.0
-0.57711 0.3
-0.57687 0.6
-0.57662 0.8
-0.57638 1.1
-0.57614 1.4
-0.57589 1.6
-0.57565 1.9
-0.5754 2.1
-0.57516 2.3
-0.57491 2.5
-0.57467 2.7
-0.57443 2.9
-0.57418 3.1
-0.57394 3.2
-0.57369 3.4
-0.57345 3.5
-0.57321 3.6
-0.57296 3.7
-0.57272 3.7
-0.57247 3.8
-0.57223 3.8
-0.57199 3.8
-0.57174 3.8
-0.5715 3.7
-0.57125 3.7
-0.57101 3.6
-0.57076 3.5
-0.57052 3.4
-0.57028 3.2
-0.57003 3.1
-0.56979 2.9
-0.56954 2.7
-0.5693 2.5
-0.56906 2.3
-0.56881 2.1
-0.56857 1.9
-0.56832 1.6
-0.56808 1.4
-0.56783 1.1
-0.56759 0.8
-0.56735 0.6
-0.5671 0.3
-0.56686 0.0
-0.56661 -0.3
-0.56637 -0.6
-0.56613 -0.8
-0.56588 -1.1
-0.56564 -1.4
-0.56539 -1.6
-0.56515 -1.9
-0.56491 -2.1
-0.56466 -2.3
-0.56442 -2.5
-0.56417 -2.7
-0.56393 -2.9
-0.56368 -3.1
-0.56344 -3.3
-0.5632 -3.4
-0.56295 -3.5
-0.56271 -3.6
-0.56246 -3.7
-0.56222 -3.7
-0.56198 -3.8
-0.56173 -3.8
-0.56149 -3.8
-0.56124 -3.8
-0.561 -3.7
-0.56075 -3.7
-0.56051 -3.6
-0.56027 -3.5
-0.56002 -3.4
-0.55978 -3.2
-0.55953 -3.1
-0.55929 -2.9
-0.55905 -2.7
-0.5588 -2.5
-0.55856 -2.3
-0.55831 -2.1
-0.55807 -1.8
-0.55783 -1.6
-0.55758 -1.3
-0.55734 -1.0
-0.55709 -0.8
-0.55685 -0.5
-0.5566 -0.2
-0.55636 0.0
-0.55612 0.3
-0.55587 0.6
-0.55563 0.9
-0.55538 1.2
-0.55514 1.4
-0.5549 1.7
-0.55465 1.9
-0.55441 2.2
-0.55416 2.4
-0.55392 2.6
-0.55367 2.8
-0.55343 3.0
-0.55319 3.2
-0.55294 3.3
-0.5527 3.4
-0.55245 3.6
-0.55221 3.7
-0.55197 3.7
-0.55172 3.8
-0.55148 3.8
-0.55123 3.8
-0.55099 3.8
-0.55075 3.8
-0.5505 3.7
-0.55026 3.7
-0.55001 3.6
-0.54977 3.5
-0.54952 3.3
-0.54928 3.2
-0.54904 3.0
-0.54879 2.8
-0.54855 2.6
-0.5483 2.4
-0.54806 2.2
-0.54782 2.0
-0.54757 1.7
-0.54733 1.5
-0.54708 1.2
-0.54684 0.9
-0.54659 0.6
-0.54635 0.4
-0.54611 0.0
-0.54586 -0.2
-0.54562 -0.5
-0.54537 -0.8
-0.54513 -1.1
-0.54489 -1.3
-0.54464 -1.6
-0.5444 -1.8
-0.54415 -2.1
-0.54391 -2.3
-0.54366 -2.5
-0.54342 -2.7
-0.54318 -2.9
-0.54293 -3.1
-0.54269 -3.3
-0.54244 -3.4
-0.5422 -3.5
-0.54196 -3.6
-0.54171 -3.7
-0.54147 -3.8
-0.54122 -3.8
-0.54098 -3.8
-0.54074 -3.8
-0.54049 -3.8
-0.54025 -3.8
-0.54 -3.7
-0.53976 -3.6
-0.53951 -3.5
-0.53927 -3.4
-0.53903 -3.2
-0.53878 -3.1
-0.53854 -2.9
-0.53829 -2.7
-0.53805 -2.5
-0.53781 -2.3
-0.53756 -2.0
-0.53732 -1.8
-0.53707 -1.5
-0.53683 -1.3
-0.53658 -1.0
-0.53634 -0.7
-0.5361 -0.4
-0.53585 -0.1
-0.53561 0.2
-0.53536 0.4
-0.53512 0.7
-0.53488 1.0
-0.53463 1.3
-0.53439 1.6
-0.53414 1.8
-0.5339 2.1
-0.53366 2.3
-0.53341 2.5
-0.53317 2.7
-0.53292 2.9
-0.53268 3.1
-0.53243 3.3
-0.53219 3.4
-0.53195 3.5
-0.5317 3.6
-0.53146 3.7
-0.53121 3.8
-0.53097 3.8
-0.53073 3.9
-0.53048 3.9
-0.53024 3.8
-0.52999 3.8
-0.52975 3.7
-0.5295 3.6
-0.52926 3.5
-0.52902 3.4
-0.52877 3.3
-0.52853 3.1
-0.52828 2.9
-0.52804 2.7
-0.5278 2.5
-0.52755 2.3
-0.52731 2.0
-0.52706 1.8
-0.52682 1.5
-0.52658 1.2
-0.52633 1.0
-0.52609 0.7
-0.52584 0.4
-0.5256 0.1
-0.52535 -0.2
-0.52511 -0.5
-0.52487 -0.8
-0.52462 -1.0
-0.52438 -1.3
-0.52413 -1.6
-0.52389 -1.9
-0.52365 -2.1
-0.5234 -2.3
-0.52316 -2.6
-0.52291 -2.8
-0.52267 -3.0
-0.52242 -3.2
-0.52218 -3.3
-0.52194 -3.5
-0.52169 -3.6
-0.52145 -3.7
-0.5212 -3.8
-0.52096 -3.8
-0.52072 -3.9
-0.52047 -3.9
-0.52023 -3.9
-0.51998 -3.8
-0.51974 -3.8
-0.5195 -3.7
-0.51925 -3.6
-0.51901 -3.5
-0.51876 -3.4
-0.51852 -3.2
-0.51827 -3.1
-0.51803 -2.9
-0.51779 -2.7
-0.51754 -2.4
-0.5173 -2.2
-0.51705 -2.0
-0.51681 -1.7
-0.51657 -1.4
-0.51632 -1.2
-0.51608 -0.9
-0.51583 -0.6
-0.51559 -0.3
-0.51534 0.0
-0.5151 0.3
-0.51486 0.6
-0.51461 0.9
-0.51437 1.2
-0.51412 1.4
-0.51388 1.7
-0.51364 2.0
-0.51339 2.2
-0.51315 2.5
-0.5129 2.7
-0.51266 2.9
-0.51241 3.1
-0.51217 3.2
-0.51193 3.4
-0.51168 3.5
-0.51144 3.6
-0.51119 3.7
-0.51095 3.8
-0.51071 3.9
-0.51046 3.9
-0.51022 3.9
-0.50997 3.9
-0.50973 3.8
-0.50949 3.8
-0.50924 3.7
-0.509 3.6
-0.50875 3.5
-0.50851 3.3
-0.50826 3.1
-0.50802 3.0
-0.50778 2.8
-0.50753 2.5
-0.50729 2.3
-0.50704 2.1
-0.5068 1.8
-0.50656 1.5
-0.50631 1.3
-0.50607 1.0
-0.50582 0.7
-0.50558 0.4
-0.50533 0.0
-0.50509 -0.2
-0.50485 -0.5
-0.5046 -0.8
-0.50436 -1.1
-0.50411 -1.4
-0.50387 -1.6
-0.50363 -1.9
-0.50338 -2.2
-0.50314 -2.4
-0.50289 -2.6
-0.50265 -2.8
-0.50241 -3.0
-0.50216 -3.2
-0.50192 -3.4
-0.50167 -3.5
-0.50143 -3.6
-0.50118 -3.7
-0.50094 -3.8
-0.5007 -3.9
-0.50045 -3.9
-0.50021 -3.9
-0.49996 -3.9
-0.49972 -3.9
-0.49948 -3.8
-0.49923 -3.7
-0.49899 -3.6
-0.49874 -3.5
-0.4985 -3.3
-0.49825 -3.2
-0.49801 -3.0
-0.49777 -2.8
-0.49752 -2.6
-0.49728 -2.3
-0.49703 -2.1
-0.49679 -1.8
-0.49655 -1.6
-0.4963 -1.3
-0.49606 -1.0
-0.49581 -0.7
-0.49557 -0.4
-0.49533 -0.1
-0.49508 0.2
-0.49484 0.5
-0.49459 0.8
-0.49435 1.1
-0.4941 1.4
-0.49386 1.6
-0.49362 1.9
-0.49337 2.2
-0.49313 2.4
-0.49288 2.6
-0.49264 2.9
-0.4924 3.1
-0.49215 3.2
-0.49191 3.4
-0.49166 3.5
-0.49142 3.7
-0.49117 3.8
-0.49093 3.8
-0.49069 3.9
-0.49044 3.9
-0.4902 3.9
-0.48995 3.9
-0.48971 3.9
-0.48947 3.8
-0.48922 3.7
-0.48898 3.6
-0.48873 3.5
-0.48849 3.3
-0.48825 3.2
-0.488 3.0
-0.48776 2.8
-0.48751 2.6
-0.48727 2.3
-0.48702 2.1
-0.48678 1.8
-0.48654 1.5
-0.48629 1.2
-0.48605 0.9
-0.4858 0.6
-0.48556 0.3
-0.48532 0.0
-0.48507 -0.3
-0.48483 -0.6
-0.48458 -0.9
-0.48434 -1.2
-0.48409 -1.4
-0.48385 -1.7
-0.48361 -2.0
-0.48336 -2.3
-0.48312 -2.5
-0.48287 -2.7
-0.48263 -2.9
-0.48239 -3.1
-0.48214 -3.3
-0.4819 -3.5
-0.48165 -3.6
-0.48141 -3.7
-0.48116 -3.8
-0.48092 -3.9
-0.48068 -3.9
-0.48043 -3.9
-0.48019 -3.9
-0.47994 -3.9
-0.4797 -3.9
-0.47946 -3.8
-0.47921 -3.7
-0.47897 -3.6
-0.47872 -3.4
-0.47848 -3.3
-0.47824 -3.1
-0.47799 -2.9
-0.47775 -2.7
-0.4775 -2.5
-0.47726 -2.2
-0.47701 -1.9
-0.47677 -1.7
-0.47653 -1.4
-0.47628 -1.1
-0.47604 -0.8
-0.47579 -0.5
-0.47555 -0.2
-0.47531 0.1
-0.47506 0.4
-0.47482 0.7
-0.47457 1.0
-0.47433 1.3
-0.47408 1.6
-0.47384 1.9
-0.4736 2.2
-0.47335 2.4
-0.47311 2.6
-0.47286 2.9
-0.47262 3.1
-0.47238 3.3
-0.47213 3.4
-0.47189 3.6
-0.47164 3.7
-0.4714 3.8
-0.47116 3.9
-0.47091 3.9
-0.47067 4.0
-0.47042 4.0
-0.47018 3.9
-0.46993 3.9
-0.46969 3.8
-0.46945 3.7
-0.4692 3.6
-0.46896 3.5
-0.46871 3.3
-0.46847 3.2
-0.46823 3.0
-0.46798 2.8
-0.46774 2.5
-0.46749 2.3
-0.46725 2.0
-0.467 1.7
-0.46676 1.5
-0.46652 1.2
-0.46627 0.9
-0.46603 0.6
-0.46578 0.2
-0.46554 0.0
-0.4653 -0.4
-0.46505 -0.7
-0.46481 -1.0
-0.46456 -1.3
-0.46432 -1.6
-0.46408 -1.9
-0.46383 -2.1
-0.46359 -2.4
-0.46334 -2.6
-0.4631 -2.9
-0.46285 -3.1
-0.46261 -3.3
-0.46237 -3.4
-0.46212 -3.6
-0.46188 -3.7
-0.46163 -3.8
-0.46139 -3.9
-0.46115 -3.9
-0.4609 -4.0
-0.46066 -4.0
-0.46041 -4.0
-0.46017 -3.9
-0.45992 -3.9
-0.45968 -3.8
-0.45944 -3.7
-0.45919 -3.5
-0.45895 -3.4
-0.4587 -3.2
-0.45846 -3.0
-0.45822 -2.8
-0.45797 -2.5
-0.45773 -2.3
-0.45748 -2.0
-0.45724 -1.7
-0.457 -1.4
-0.45675 -1.1
-0.45651 -0.8
-0.45626 -0.5
-0.45602 -0.2
-0.45577 0.1
-0.45553 0.4
-0.45529 0.7
-0.45504 1.0
-0.4548 1.3
-0.45455 1.6
-0.45431 1.9
-0.45407 2.2
-0.45382 2.4
-0.45358 2.7
-0.45333 2.9
-0.45309 3.1
-0.45284 3.3
-0.4526 3.5
-0.45236 3.6
-0.45211 3.7
-0.45187 3.8
-0.45162 3.9
-0.45138 4.0
-0.45114 4.0
-0.45089 4.0
-0.45065 4.0
-0.4504 3.9
-0.45016 3.9
-0.44991 3.8
-0.44967 3.6
-0.44943 3.5
-0.44918 3.3
-0.44894 3.1
-0.44869 2.9
-0.44845 2.7
-0.44821 2.4
-0.44796 2.2
-0.44772 1.9
-0.44747 1.6
-0.44723 1.3
-0.44699 1.0
-0.44674 0.7
-0.4465 0.4
-0.44625 0.0
-0.44601 -0.2
-0.44576 -0.6
-0.44552 -0.9
-0.44528 -1.2
-0.44503 -1.5
-0.44479 -1.8
-0.44454 -2.1
-0.4443 -2.3
-0.44406 -2.6
-0.44381 -2.8
-0.44357 -3.0
-0.44332 -3.2
-0.44308 -3.4
-0.44283 -3.6
-0.44259 -3.7
-0.44235 -3.8
-0.4421 -3.9
-0.44186 -4.0
-0.44161 -4.0
-0.44137 -4.0
-0.44113 -4.0
-0.44088 -4.0
-0.44064 -3.9
-0.44039 -3.8
-0.44015 -3.7
-0.43991 -3.6
-0.43966 -3.4
-0.43942 -3.2
-0.43917 -3.0
-0.43893 -2.8
-0.43868 -2.5
-0.43844 -2.3
-0.4382 -2.0
-0.43795 -1.7
-0.43771 -1.4
-0.43746 -1.1
-0.43722 -0.8
-0.43698 -0.5
-0.43673 -0.2
-0.43649 0.1
-0.43624 0.5
-0.436 0.8
-0.43575 1.1
-0.43551 1.4
-0.43527 1.7
-0.43502 2.0
-0.43478 2.3
-0.43453 2.5
-0.43429 2.8
-0.43405 3.0
-0.4338 3.2
-0.43356 3.4
-0.43331 3.6
-0.43307 3.7
-0.43283 3.8
-0.43258 3.9
-0.43234 4.0
-0.43209 4.0
-0.43185 4.0
-0.4316 4.0
-0.43136 4.0
-0.43112 3.9
-0.43087 3.8
-0.43063 3.7
-0.43038 3.6
-0.43014 3.4
-0.4299 3.2
-0.42965 3.0
-0.42941 2.8
-0.42916 2.6
-0.42892 2.3
-0.42867 2.0
-0.42843 1.8
-0.42819 1.5
-0.42794 1.1
-0.4277 0.8
-0.42745 0.5
-0.42721 0.2
-0.42697 -0.2
-0.42672 -0.5
-0.42648 -0.8
-0.42623 -1.1
-0.42599 -1.4
-0.42575 -1.7
-0.4255 -2.0
-0.42526 -2.3
-0.42501 -2.6
-0.42477 -2.8
-0.42452 -3.0
-0.42428 -3.2
-0.42404 -3.4
-0.42379 -3.6
-0.42355 -3.7
-0.4233 -3.9
-0.42306 -3.9
-0.42282 -4.0
-0.42257 -4.1
-0.42233 -4.1
-0.42208 -4.0
-0.42184 -4.0
-0.42159 -3.9
-0.42135 -3.8
-0.42111 -3.7
-0.42086 -3.6
-0.42062 -3.4
-0.42037 -3.2
-0.42013 -3.0
-0.41989 -2.8
-0.41964 -2.5
-0.4194 -2.3
-0.41915 -2.0
-0.41891 -1.7
-0.41866 -1.4
-0.41842 -1.1
-0.41818 -0.7
-0.41793 -0.4
-0.41769 0.0
-0.41744 0.3
-0.4172 0.6
-0.41696 0.9
-0.41671 1.2
-0.41647 1.5
-0.41622 1.9
-0.41598 2.1
-0.41574 2.4
-0.41549 2.7
-0.41525 2.9
-0.415 3.1
-0.41476 3.3
-0.41451 3.5
-0.41427 3.7
-0.41403 3.8
-0.41378 3.9
-0.41354 4.0
-0.41329 4.1
-0.41305 4.1
-0.41281 4.1
-0.41256 4.1
-0.41232 4.0
-0.41207 3.9
-0.41183 3.8
-0.41158 3.7
-0.41134 3.5
-0.4111 3.3
-0.41085 3.1
-0.41061 2.9
-0.41036 2.7
-0.41012 2.4
-0.40988 2.1
-0.40963 1.8
-0.40939 1.5
-0.40914 1.2
-0.4089 0.9
-0.40866 0.5
-0.40841 0.2
-0.40817 -0.1
-0.40792 -0.5
-0.40768 -0.8
-0.40743 -1.1
-0.40719 -1.4
-0.40695 -1.8
-0.4067 -2.1
-0.40646 -2.3
-0.40621 -2.6
-0.40597 -2.9
-0.40573 -3.1
-0.40548 -3.3
-0.40524 -3.5
-0.40499 -3.7
-0.40475 -3.8
-0.4045 -3.9
-0.40426 -4.0
-0.40402 -4.1
-0.40377 -4.1
-0.40353 -4.1
-0.40328 -4.1
-0.40304 -4.0
-0.4028 -4.0
-0.40255 -3.9
-0.40231 -3.7
-0.40206 -3.6
-0.40182 -3.4
-0.40158 -3.2
-0.40133 -3.0
-0.40109 -2.7
-0.40084 -2.4
-0.4006 -2.2
-0.40035 -1.9
-0.40011 -1.6
-0.39987 -1.2
-0.39962 -0.9
-0.39938 -0.6
-0.39913 -0.2
-0.39889 0.1
-0.39865 0.4
-0.3984 0.8
-0.39816 1.1
-0.39791 1.4
-0.39767 1.8
-0.39742 2.1
-0.39718 2.3
-0.39694 2.6
-0.39669 2.9
-0.39645 3.1
-0.3962 3.3
-0.39596 3.5
-0.39572 3.7
-0.39547 3.8
-0.39523 3.9
-0.39498 4.0
-0.39474 4.1
-0.3945 4.1
-0.39425 4.1
-0.39401 4.1
-0.39376 4.0
-0.39352 4.0
-0.39327 3.9
-0.39303 3.7
-0.39279 3.6
-0.39254 3.4
-0.3923 3.2
-0.39205 2.9
-0.39181 2.7
-0.39157 2.4
-0.39132 2.1
-0.39108 1.8
-0.39083 1.5
-0.39059 1.2
-0.39034 0.8
-0.3901 0.5
-0.38986 0.2
-0.38961 -0.2
-0.38937 -0.5
-0.38912 -0.9
-0.38888 -1.2
-0.38864 -1.5
-0.38839 -1.8
-0.38815 -2.2
-0.3879 -2.4
-0.38766 -2.7
-0.38741 -3.0
-0.38717 -3.2
-0.38693 -3.4
-0.38668 -3.6
-0.38644 -3.8
-0.38619 -3.9
-0.38595 -4.0
-0.38571 -4.1
-0.38546 -4.1
-0.38522 -4.1
-0.38497 -4.1
-0.38473 -4.1
-0.38449 -4.0
-0.38424 -3.9
-0.384 -3.8
-0.38375 -3.7
-0.38351 -3.5
-0.38326 -3.3
-0.38302 -3.1
-0.38278 -2.8
-0.38253 -2.6
-0.38229 -2.3
-0.38204 -2.0
-0.3818 -1.7
-0.38156 -1.4
-0.38131 -1.0
-0.38107 -0.7
-0.38082 -0.3
-0.38058 0.0
-0.38033 0.4
-0.38009 0.7
-0.37985 1.1
-0.3796 1.4
-0.37936 1.7
-0.37911 2.0
-0.37887 2.3
-0.37863 2.6
-0.37838 2.9
-0.37814 3.1
-0.37789 3.3
-0.37765 3.5
-0.37741 3.7
-0.37716 3.9
-0.37692 4.0
-0.37667 4.1
-0.37643 4.1
-0.37618 4.2
-0.37594 4.2
-0.3757 4.1
-0.37545 4.1
-0.37521 4.0
-0.37496 3.9
-0.37472 3.7
-0.37448 3.6
-0.37423 3.4
-0.37399 3.2
-0.37374 2.9
-0.3735 2.6
-0.37325 2.4
-0.37301 2.1
-0.37277 1.7
-0.37252 1.4
-0.37228 1.1
-0.37203 0.7
-0.37179 0.4
-0.37155 0.0
-0.3713 -0.3
-0.37106 -0.7
-0.37081 -1.0
-0.37057 -1.4
-0.37033 -1.7
-0.37008 -2.0
-0.36984 -2.3
-0.36959 -2.6
-0.36935 -2.9
-0.3691 -3.1
-0.36886 -3.4
-0.36862 -3.6
-0.36837 -3.7
-0.36813 -3.9
-0.36788 -4.0
-0.36764 -4.1
-0.3674 -4.2
-0.36715 -4.2
-0.36691 -4.2
-0.36666 -4.2
-0.36642 -4.1
-0.36617 -4.0
-0.36593 -3.9
-0.36569 -3.8
-0.36544 -3.6
-0.3652 -3.4
-0.36495 -3.2
-0.36471 -2.9
-0.36447 -2.6
-0.36422 -2.3
-0.36398 -2.0
-0.36373 -1.7
-0.36349 -1.4
-0.36325 -1.0
-0.363 -0.7
-0.36276 -0.3
-0.36251 0.0
-0.36227 0.4
-0.36202 0.7
-0.36178 1.1
-0.36154 1.4
-0.36129 1.8
-0.36105 2.1
-0.3608 2.4
-0.36056 2.7
-0.36032 3.0
-0.36007 3.2
-0.35983 3.4
-0.35958 3.6
-0.35934 3.8
-0.35909 3.9
-0.35885 4.1
-0.35861 4.1
-0.35836 4.2
-0.35812 4.2
-0.35787 4.2
-0.35763 4.2
-0.35739 4.1
-0.35714 4.0
-0.3569 3.9
-0.35665 3.7
-0.35641 3.5
-0.35616 3.3
-0.35592 3.1
-0.35568 2.8
-0.35543 2.5
-0.35519 2.2
-0.35494 1.9
-0.3547 1.6
-0.35446 1.2
-0.35421 0.9
-0.35397 0.5
-0.35372 0.2
-0.35348 -0.2
-0.35324 -0.6
-0.35299 -0.9
-0.35275 -1.3
-0.3525 -1.6
-0.35226 -2.0
-0.35201 -2.3
-0.35177 -2.6
-0.35153 -2.9
-0.35128 -3.1
-0.35104 -3.4
-0.35079 -3.6
-0.35055 -3.8
-0.35031 -3.9
-0.35006 -4.0
-0.34982 -4.1
-0.34957 -4.2
-0.34933 -4.2
-0.34908 -4.2
-0.34884 -4.2
-0.3486 -4.2
-0.34835 -4.1
-0.34811 -3.9
-0.34786 -3.8
-0.34762 -3.6
-0.34738 -3.4
-0.34713 -3.2
-0.34689 -2.9
-0.34664 -2.6
-0.3464 -2.3
-0.34616 -2.0
-0.34591 -1.7
-0.34567 -1.3
-0.34542 -1.0
-0.34518 -0.6
-0.34493 -0.2
-0.34469 0.1
-0.34445 0.5
-0.3442 0.9
-0.34396 1.2
-0.34371 1.6
-0.34347 1.9
-0.34323 2.2
-0.34298 2.5
-0.34274 2.8
-0.34249 3.1
-0.34225 3.3
-0.342 3.6
-0.34176 3.8
-0.34152 3.9
-0.34127 4.1
-0.34103 4.2
-0.34078 4.2
-0.34054 4.3
-0.3403 4.3
-0.34005 4.2
-0.33981 4.2
-0.33956 4.1
-0.33932 4.0
-0.33908 3.8
-0.33883 3.6
-0.33859 3.4
-0.33834 3.2
-0.3381 2.9
-0.33785 2.6
-0.33761 2.3
-0.33737 2.0
-0.33712 1.7
-0.33688 1.3
-0.33663 0.9
-0.33639 0.6
-0.33615 0.2
-0.3359 -0.2
-0.33566 -0.5
-0.33541 -0.9
-0.33517 -1.3
-0.33492 -1.6
-0.33468 -2.0
-0.33444 -2.3
-0.33419 -2.6
-0.33395 -2.9
-0.3337 -3.2
-0.33346 -3.4
-0.33322 -3.6
-0.33297 -3.8
-0.33273 -4.0
-0.33248 -4.1
-0.33224 -4.2
-0.332 -4.3
-0.33175 -4.3
-0.33151 -4.3
-0.33126 -4.2
-0.33102 -4.2
-0.33077 -4.1
-0.33053 -3.9
-0.33029 -3.8
-0.33004 -3.6
-0.3298 -3.4
-0.32955 -3.1
-0.32931 -2.8
-0.32907 -2.5
-0.32882 -2.2
-0.32858 -1.9
-0.32833 -1.5
-0.32809 -1.2
-0.32784 -0.8
-0.3276 -0.4
-0.32736 0.0
-0.32711 0.3
-0.32687 0.7
-0.32662 1.1
-0.32638 1.5
-0.32614 1.8
-0.32589 2.2
-0.32565 2.5
-0.3254 2.8
-0.32516 3.1
-0.32491 3.3
-0.32467 3.6
-0.32443 3.8
-0.32418 3.9
-0.32394 4.1
-0.32369 4.2
-0.32345 4.3
-0.32321 4.3
-0.32296 4.3
-0.32272 4.3
-0.32247 4.2
-0.32223 4.1
-0.32199 4.0
-0.32174 3.9
-0.3215 3.7
-0.32125 3.5
-0.32101 3.2
-0.32076 2.9
-0.32052 2.6
-0.32028 2.3
-0.32003 2.0
-0.31979 1.6
-0.31954 1.3
-0.3193 0.9
-0.31906 0.5
-0.31881 0.1
-0.31857 -0.3
-0.31832 -0.6
-0.31808 -1.0
-0.31783 -1.4
-0.31759 -1.8
-0.31735 -2.1
-0.3171 -2.4
-0.31686 -2.7
-0.31661 -3.0
-0.31637 -3.3
-0.31613 -3.5
-0.31588 -3.8
-0.31564 -3.9
-0.31539 -4.1
-0.31515 -4.2
-0.31491 -4.3
-0.31466 -4.3
-0.31442 -4.3
-0.31417 -4.3
-0.31393 -4.3
-0.31368 -4.2
-0.31344 -4.0
-0.3132 -3.9
-0.31295 -3.7
-0.31271 -3.5
-0.31246 -3.2
-0.31222 -3.0
-0.31198 -2.7
-0.31173 -2.3
-0.31149 -2.0
-0.31124 -1.6
-0.311 -1.3
-0.31075 -0.9
-0.31051 -0.5
-0.31027 -0.1
-0.31002 0.3
-0.30978 0.7
-0.30953 1.1
-0.30929 1.4
-0.30905 1.8
-0.3088 2.2
-0.30856 2.5
-0.30831 2.8
-0.30807 3.1
-0.30783 3.4
-0.30758 3.6
-0.30734 3.8
-0.30709 4.0
-0.30685 4.1
-0.3066 4.2
-0.30636 4.3
-0.30612 4.4
-0.30587 4.4
-0.30563 4.3
-0.30538 4.3
-0.30514 4.2
-0.3049 4.0
-0.30465 3.9
-0.30441 3.7
-0.30416 3.4
-0.30392 3.2
-0.30367 2.9
-0.30343 2.6
-0.30319 2.2
-0.30294 1.9
-0.3027 1.5
-0.30245 1.1
-0.30221 0.7
-0.30197 0.3
-0.30172 0.0
-0.30148 -0.5
-0.30123 -0.9
-0.30099 -1.2
-0.30075 -1.6
-0.3005 -2.0
-0.30026 -2.3
-0.30001 -2.7
-0.29977 -3.0
-0.29952 -3.3
-0.29928 -3.5
-0.29904 -3.7
-0.29879 -3.9
-0.29855 -4.1
-0.2983 -4.2
-0.29806 -4.3
-0.29782 -4.4
-0.29757 -4.4
-0.29733 -4.4
-0.29708 -4.3
-0.29684 -4.2
-0.29659 -4.1
-0.29635 -4.0
-0.29611 -3.8
-0.29586 -3.5
-0.29562 -3.3
-0.29537 -3.0
-0.29513 -2.7
-0.29489 -2.3
-0.29464 -2.0
-0.2944 -1.6
-0.29415 -1.2
-0.29391 -0.9
-0.29366 -0.4
-0.29342 0.0
-0.29318 0.4
-0.29293 0.8
-0.29269 1.2
-0.29244 1.6
-0.2922 1.9
-0.29196 2.3
-0.29171 2.6
-0.29147 2.9
-0.29122 3.2
-0.29098 3.5
-0.29074 3.7
-0.29049 3.9
-0.29025 4.1
-0.29 4.2
-0.28976 4.3
-0.28951 4.4
-0.28927 4.4
-0.28903 4.4
-0.28878 4.4
-0.28854 4.3
-0.28829 4.1
-0.28805 4.0
-0.28781 3.8
-0.28756 3.6
-0.28732 3.3
-0.28707 3.0
-0.28683 2.7
-0.28658 2.4
-0.28634 2.0
-0.2861 1.6
-0.28585 1.2
-0.28561 0.8
-0.28536 0.4
-0.28512 0.0
-0.28488 -0.4
-0.28463 -0.8
-0.28439 -1.2
-0.28414 -1.6
-0.2839 -2.0
-0.28366 -2.3
-0.28341 -2.7
-0.28317 -3.0
-0.28292 -3.3
-0.28268 -3.6
-0.28243 -3.8
-0.28219 -4.0
-0.28195 -4.2
-0.2817 -4.3
-0.28146 -4.4
-0.28121 -4.4
-0.28097 -4.5
-0.28073 -4.4
-0.28048 -4.4
-0.28024 -4.3
-0.27999 -4.1
-0.27975 -4.0
-0.2795 -3.7
-0.27926 -3.5
-0.27902 -3.2
-0.27877 -2.9
-0.27853 -2.6
-0.27828 -2.2
-0.27804 -1.9
-0.2778 -1.5
-0.27755 -1.1
-0.27731 -0.7
-0.27706 -0.3
-0.27682 0.2
-0.27658 0.6
-0.27633 1.0
-0.27609 1.4
-0.27584 1.8
-0.2756 2.2
-0.27535 2.5
-0.27511 2.9
-0.27487 3.2
-0.27462 3.5
-0.27438 3.7
-0.27413 3.9
-0.27389 4.1
-0.27365 4.3
-0.2734 4.4
-0.27316 4.5
-0.27291 4.5
-0.27267 4.5
-0.27242 4.4
-0.27218 4.3
-0.27194 4.2
-0.27169 4.0
-0.27145 3.8
-0.2712 3.6
-0.27096 3.3
-0.27072 3.0
-0.27047 2.7
-0.27023 2.4
-0.26998 2.0
-0.26974 1.6
-0.2695 1.2
-0.26925 0.8
-0.26901 0.4
-0.26876 0.0
-0.26852 -0.5
-0.26827 -0.9
-0.26803 -1.3
-0.26779 -1.7
-0.26754 -2.1
-0.2673 -2.5
-0.26705 -2.8
-0.26681 -3.2
-0.26657 -3.4
-0.26632 -3.7
-0.26608 -3.9
-0.26583 -4.1
-0.26559 -4.3
-0.26534 -4.4
-0.2651 -4.5
-0.26486 -4.5
-0.26461 -4.5
-0.26437 -4.5
-0.26412 -4.4
-0.26388 -4.2
-0.26364 -4.1
-0.26339 -3.9
-0.26315 -3.6
-0.2629 -3.4
-0.26266 -3.1
-0.26241 -2.7
-0.26217 -2.4
-0.26193 -2.0
-0.26168 -1.6
-0.26144 -1.2
-0.26119 -0.8
-0.26095 -0.3
-0.26071 0.1
-0.26046 0.5
-0.26022 1.0
-0.25997 1.4
-0.25973 1.8
-0.25949 2.2
-0.25924 2.6
-0.259 2.9
-0.25875 3.2
-0.25851 3.5
-0.25826 3.8
-0.25802 4.0
-0.25778 4.2
-0.25753 4.3
-0.25729 4.5
-0.25704 4.5
-0.2568 4.5
-0.25656 4.5
-0.25631 4.5
-0.25607 4.4
-0.25582 4.2
-0.25558 4.0
-0.25533 3.8
-0.25509 3.6
-0.25485 3.3
-0.2546 3.0
-0.25436 2.6
-0.25411 2.2
-0.25387 1.8
-0.25363 1.4
-0.25338 1.0
-0.25314 0.6
-0.25289 0.1
-0.25265 -0.3
-0.25241 -0.7
-0.25216 -1.2
-0.25192 -1.6
-0.25167 -2.0
-0.25143 -2.4
-0.25118 -2.8
-0.25094 -3.1
-0.2507 -3.4
-0.25045 -3.7
-0.25021 -3.9
-0.24996 -4.2
-0.24972 -4.3
-0.24948 -4.4
-0.24923 -4.5
-0.24899 -4.6
-0.24874 -4.6
-0.2485 -4.5
-0.24825 -4.4
-0.24801 -4.3
-0.24777 -4.1
-0.24752 -3.9
-0.24728 -3.7
-0.24703 -3.4
-0.24679 -3.1
-0.24655 -2.7
-0.2463 -2.4
-0.24606 -2.0
-0.24581 -1.5
-0.24557 -1.1
-0.24533 -0.7
-0.24508 -0.2
-0.24484 0.2
-0.24459 0.7
-0.24435 1.1
-0.2441 1.5
-0.24386 2.0
-0.24362 2.4
-0.24337 2.7
-0.24313 3.1
-0.24288 3.4
-0.24264 3.7
-0.2424 4.0
-0.24215 4.2
-0.24191 4.3
-0.24166 4.5
-0.24142 4.6
-0.24117 4.6
-0.24093 4.6
-0.24069 4.6
-0.24044 4.5
-0.2402 4.3
-0.23995 4.2
-0.23971 3.9
-0.23947 3.7
-0.23922 3.4
-0.23898 3.1
-0.23873 2.7
-0.23849 2.3
-0.23825 1.9
-0.238 1.5
-0.23776 1.1
-0.23751 0.6
-0.23727 0.2
-0.23702 -0.3
-0.23678 -0.7
-0.23654 -1.2
-0.23629 -1.6
-0.23605 -2.1
-0.2358 -2.5
-0.23556 -2.8
-0.23532 -3.2
-0.23507 -3.5
-0.23483 -3.8
-0.23458 -4.0
-0.23434 -4.2
-0.23409 -4.4
-0.23385 -4.5
-0.23361 -4.6
-0.23336 -4.6
-0.23312 -4.6
-0.23287 -4.6
-0.23263 -4.5
-0.23239 -4.3
-0.23214 -4.1
-0.2319 -3.9
-0.23165 -3.6
-0.23141 -3.3
-0.23116 -3.0
-0.23092 -2.6
-0.23068 -2.2
-0.23043 -1.8
-0.23019 -1.3
-0.22994 -0.9
-0.2297 -0.4
-0.22946 0.0
-0.22921 0.5
-0.22897 1.0
-0.22872 1.4
-0.22848 1.9
-0.22824 2.3
-0.22799 2.7
-0.22775 3.1
-0.2275 3.4
-0.22726 3.7
-0.22701 4.0
-0.22677 4.2
-0.22653 4.4
-0.22628 4.5
-0.22604 4.6
-0.22579 4.7
-0.22555 4.7
-0.22531 4.6
-0.22506 4.5
-0.22482 4.4
-0.22457 4.2
-0.22433 4.0
-0.22408 3.7
-0.22384 3.4
-0.2236 3.1
-0.22335 2.7
-0.22311 2.3
-0.22286 1.9
-0.22262 1.4
-0.22238 0.9
-0.22213 0.5
-0.22189 0.0
-0.22164 -0.5
-0.2214 -0.9
-0.22116 -1.4
-0.22091 -1.9
-0.22067 -2.3
-0.22042 -2.7
-0.22018 -3.1
-0.21993 -3.4
-0.21969 -3.7
-0.21945 -4.0
-0.2192 -4.2
-0.21896 -4.4
-0.21871 -4.6
-0.21847 -4.7
-0.21823 -4.7
-0.21798 -4.7
-0.21774 -4.7
-0.21749 -4.6
-0.21725 -4.4
-0.217 -4.2
-0.21676 -4.0
-0.21652 -3.7
-0.21627 -3.4
-0.21603 -3.0
-0.21578 -2.6
-0.21554 -2.2
-0.2153 -1.8
-0.21505 -1.3
-0.21481 -0.9
-0.21456 -0.4
-0.21432 0.1
-0.21408 0.6
-0.21383 1.1
-0.21359 1.5
-0.21334 2.0
-0.2131 2.4
-0.21285 2.8
-0.21261 3.2
-0.21237 3.5
-0.21212 3.9
-0.21188 4.1
-0.21163 4.3
-0.21139 4.5
-0.21115 4.6
-0.2109 4.7
-0.21066 4.8
-0.21041 4.7
-0.21017 4.7
-0.20992 4.5
-0.20968 4.4
-0.20944 4.1
-0.20919 3.9
-0.20895 3.6
-0.2087 3.2
-0.20846 2.9
-0.20822 2.4
-0.20797 2.0
-0.20773 1.6
-0.20748 1.1
-0.20724 0.6
-0.207 0.0
-0.20675 -0.4
-0.20651 -0.9
-0.20626 -1.4
-0.20602 -1.8
-0.20577 -2.3
-0.20553 -2.7
-0.20529 -3.1
-0.20504 -3.5
-0.2048 -3.8
-0.20455 -4.1
-0.20431 -4.3
-0.20407 -4.5
-0.20382 -4.7
-0.20358 -4.7
-0.20333 -4.8
-0.20309 -4.8
-0.20284 -4.7
-0.2026 -4.6
-0.20236 -4.4
-0.20211 -4.2
-0.20187 -4.0
-0.20162 -3.7
-0.20138 -3.3
-0.20114 -2.9
-0.20089 -2.5
-0.20065 -2.1
-0.2004 -1.6
-0.20016 -1.1
-0.19991 -0.6
-0.19967 -0.1
-0.19943 0.4
-0.19918 0.9
-0.19894 1.4
-0.19869 1.9
-0.19845 2.3
-0.19821 2.7
-0.19796 3.1
-0.19772 3.5
-0.19747 3.8
-0.19723 4.1
-0.19699 4.4
-0.19674 4.6
-0.1965 4.7
-0.19625 4.8
-0.19601 4.8
-0.19576 4.8
-0.19552 4.7
-0.19528 4.6
-0.19503 4.4
-0.19479 4.2
-0.19454 3.9
-0.1943 3.6
-0.19406 3.2
-0.19381 2.9
-0.19357 2.4
-0.19332 2.0
-0.19308 1.5
-0.19283 1.0
-0.19259 0.5
-0.19235 0.0
-0.1921 -0.6
-0.19186 -1.1
-0.19161 -1.6
-0.19137 -2.0
-0.19113 -2.5
-0.19088 -2.9
-0.19064 -3.3
-0.19039 -3.7
-0.19015 -4.0
-0.18991 -4.3
-0.18966 -4.5
-0.18942 -4.7
-0.18917 -4.8
-0.18893 -4.9
-0.18868 -4.9
-0.18844 -4.8
-0.1882 -4.7
-0.18795 -4.6
-0.18771 -4.3
-0.18746 -4.1
-0.18722 -3.8
-0.18698 -3.4
-0.18673 -3.0
-0.18649 -2.6
-0.18624 -2.1
-0.186 -1.7
-0.18575 -1.2
-0.18551 -0.6
-0.18527 -0.1
-0.18502 0.4
-0.18478 0.9
-0.18453 1.5
-0.18429 1.9
-0.18405 2.4
-0.1838 2.9
-0.18356 3.3
-0.18331 3.7
-0.18307 4.0
-0.18283 4.3
-0.18258 4.5
-0.18234 4.7
-0.18209 4.8
-0.18185 4.9
-0.1816 4.9
-0.18136 4.9
-0.18112 4.8
-0.18087 4.6
-0.18063 4.4
-0.18038 4.1
-0.18014 3.8
-0.1799 3.5
-0.17965 3.1
-0.17941 2.6
-0.17916 2.1
-0.17892 1.7
-0.17867 1.1
-0.17843 0.6
-0.17819 0.0
-0.17794 -0.5
-0.1777 -1.0
-0.17745 -1.5
-0.17721 -2.0
-0.17697 -2.5
-0.17672 -3.0
-0.17648 -3.4
-0.17623 -3.8
-0.17599 -4.1
-0.17575 -4.4
-0.1755 -4.6
-0.17526 -4.8
-0.17501 -4.9
-0.17477 -5.0
-0.17452 -4.9
-0.17428 -4.9
-0.17404 -4.8
-0.17379 -4.6
-0.17355 -4.3
-0.1733 -4.1
-0.17306 -3.7
-0.17282 -3.3
-0.17257 -2.9
-0.17233 -2.4
-0.17208 -2.0
-0.17184 -1.4
-0.17159 -0.9
-0.17135 -0.4
-0.17111 0.2
-0.17086 0.7
-0.17062 1.3
-0.17037 1.8
-0.17013 2.3
-0.16989 2.8
-0.16964 3.2
-0.1694 3.6
-0.16915 4.0
-0.16891 4.3
-0.16866 4.6
-0.16842 4.8
-0.16818 4.9
-0.16793 5.0
-0.16769 5.0
-0.16744 5.0
-0.1672 4.9
-0.16696 4.7
-0.16671 4.5
-0.16647 4.2
-0.16622 3.8
-0.16598 3.5
-0.16574 3.0
-0.16549 2.6
-0.16525 2.1
-0.165 1.5
-0.16476 1.0
-0.16451 0.4
-0.16427 -0.1
-0.16403 -0.7
-0.16378 -1.2
-0.16354 -1.8
-0.16329 -2.3
-0.16305 -2.8
-0.16281 -3.2
-0.16256 -3.7
-0.16232 -4.0
-0.16207 -4.3
-0.16183 -4.6
-0.16158 -4.8
-0.16134 -5.0
-0.1611 -5.0
-0.16085 -5.0
-0.16061 -5.0
-0.16036 -4.9
-0.16012 -4.7
-0.15988 -4.5
-0.15963 -4.2
-0.15939 -3.8
-0.15914 -3.4
-0.1589 -3.0
-0.15866 -2.5
-0.15841 -2.0
-0.15817 -1.4
-0.15792 -0.9
-0.15768 -0.3
-0.15743 0.3
-0.15719 0.8
-0.15695 1.4
-0.1567 2.0
-0.15646 2.5
-0.15621 3.0
-0.15597 3.4
-0.15573 3.8
-0.15548 4.2
-0.15524 4.5
-0.15499 4.7
-0.15475 4.9
-0.1545 5.0
-0.15426 5.1
-0.15402 5.1
-0.15377 5.0
-0.15353 4.8
-0.15328 4.6
-0.15304 4.4
-0.1528 4.0
-0.15255 3.6
-0.15231 3.2
-0.15206 2.7
-0.15182 2.2
-0.15158 1.7
-0.15133 1.1
-0.15109 0.5
-0.15084 0.0
-0.1506 -0.7
-0.15035 -1.2
-0.15011 -1.8
-0.14987 -2.4
-0.14962 -2.9
-0.14938 -3.3
-0.14913 -3.8
-0.14889 -4.2
-0.14865 -4.5
-0.1484 -4.7
-0.14816 -4.9
-0.14791 -5.1
-0.14767 -5.1
-0.14742 -5.1
-0.14718 -5.1
-0.14694 -4.9
-0.14669 -4.7
-0.14645 -4.4
-0.1462 -4.1
-0.14596 -3.7
-0.14572 -3.3
-0.14547 -2.8
-0.14523 -2.2
-0.14498 -1.7
-0.14474 -1.1
-0.1445 -0.5
-0.14425 0.1
-0.14401 0.7
-0.14376 1.3
-0.14352 1.9
-0.14327 2.4
-0.14303 3.0
-0.14279 3.4
-0.14254 3.9
-0.1423 4.3
-0.14205 4.6
-0.14181 4.8
-0.14157 5.0
-0.14132 5.1
-0.14108 5.2
-0.14083 5.2
-0.14059 5.1
-0.14034 4.9
-0.1401 4.7
-0.13986 4.4
-0.13961 4.0
-0.13937 3.6
-0.13912 3.1
-0.13888 2.6
-0.13864 2.0
-0.13839 1.4
-0.13815 0.8
-0.1379 0.2
-0.13766 -0.4
-0.13741 -1.0
-0.13717 -1.6
-0.13693 -2.2
-0.13668 -2.8
-0.13644 -3.3
-0.13619 -3.7
-0.13595 -4.2
-0.13571 -4.5
-0.13546 -4.8
-0.13522 -5.0
-0.13497 -5.2
-0.13473 -5.2
-0.13449 -5.2
-0.13424 -5.2
-0.134 -5.0
-0.13375 -4.8
-0.13351 -4.5
-0.13326 -4.1
-0.13302 -3.7
-0.13278 -3.2
-0.13253 -2.7
-0.13229 -2.1
-0.13204 -1.6
-0.1318 -0.9
-0.13156 -0.3
-0.13131 0.3
-0.13107 1.0
-0.13082 1.6
-0.13058 2.2
-0.13033 2.8
-0.13009 3.3
-0.12985 3.8
-0.1296 4.2
-0.12936 4.6
-0.12911 4.9
-0.12887 5.1
-0.12863 5.2
-0.12838 5.3
-0.12814 5.3
-0.12789 5.2
-0.12765 5.0
-0.12741 4.8
-0.12716 4.5
-0.12692 4.1
-0.12667 3.7
-0.12643 3.2
-0.12618 2.6
-0.12594 2.0
-0.1257 1.4
-0.12545 0.8
-0.12521 0.1
-0.12496 -0.6
-0.12472 -1.2
-0.12448 -1.8
-0.12423 -2.4
-0.12399 -3.0
-0.12374 -3.5
-0.1235 -4.0
-0.12325 -4.4
-0.12301 -4.8
-0.12277 -5.0
-0.12252 -5.2
-0.12228 -5.3
-0.12203 -5.4
-0.12179 -5.3
-0.12155 -5.2
-0.1213 -5.0
-0.12106 -4.7
-0.12081 -4.3
-0.12057 -3.9
-0.12033 -3.4
-0.12008 -2.8
-0.11984 -2.2
-0.11959 -1.6
-0.11935 -1.0
-0.1191 -0.3
-0.11886 0.4
-0.11862 1.1
-0.11837 1.7
-0.11813 2.3
-0.11788 2.9
-0.11764 3.5
-0.1174 4.0
-0.11715 4.4
-0.11691 4.8
-0.11666 5.1
-0.11642 5.3
-0.11617 5.4
-0.11593 5.4
-0.11569 5.4
-0.11544 5.2
-0.1152 5.0
-0.11495 4.7
-0.11471 4.3
-0.11447 3.9
-0.11422 3.4
-0.11398 2.8
-0.11373 2.2
-0.11349 1.5
-0.11325 0.9
-0.113 0.2
-0.11276 -0.5
-0.11251 -1.2
-0.11227 -1.9
-0.11202 -2.5
-0.11178 -3.1
-0.11154 -3.7
-0.11129 -4.2
-0.11105 -4.6
-0.1108 -4.9
-0.11056 -5.2
-0.11032 -5.4
-0.11007 -5.5
-0.10983 -5.5
-0.10958 -5.4
-0.10934 -5.2
-0.10909 -5.0
-0.10885 -4.6
-0.10861 -4.2
-0.10836 -3.7
-0.10812 -3.1
-0.10787 -2.5
-0.10763 -1.9
-0.10739 -1.2
-0.10714 -0.5
-0.1069 0.3
-0.10665 1.0
-0.10641 1.7
-0.10616 2.3
-0.10592 3.0
-0.10568 3.6
-0.10543 4.1
-0.10519 4.5
-0.10494 4.9
-0.1047 5.2
-0.10446 5.4
-0.10421 5.5
-0.10397 5.6
-0.10372 5.5
-0.10348 5.3
-0.10324 5.0
-0.10299 4.7
-0.10275 4.3
-0.1025 3.8
-0.10226 3.2
-0.10201 2.6
-0.10177 1.9
-0.10153 1.2
-0.10128 0.4
-0.10104 -0.3
-0.10079 -1.0
-0.10055 -1.8
-0.10031 -2.5
-0.10006 -3.1
-0.09982 -3.7
-0.09957 -4.2
-0.09933 -4.7
-0.09908 -5.1
-0.09884 -5.3
-0.0986 -5.5
-0.09835 -5.6
-0.09811 -5.6
-0.09786 -5.5
-0.09762 -5.3
-0.09738 -5.0
-0.09713 -4.6
-0.09689 -4.1
-0.09664 -3.6
-0.0964 -3.0
-0.09616 -2.3
-0.09591 -1.6
-0.09567 -0.8
-0.09542 0.0
-0.09518 0.7
-0.09493 1.5
-0.09469 2.2
-0.09445 2.9
-0.0942 3.5
-0.09396 4.1
-0.09371 4.6
-0.09347 5.0
-0.09323 5.3
-0.09298 5.6
-0.09274 5.7
-0.09249 5.7
-0.09225 5.6
-0.092 5.4
-0.09176 5.1
-0.09152 4.7
-0.09127 4.3
-0.09103 3.7
-0.09078 3.1
-0.09054 2.4
-0.0903 1.6
-0.09005 0.9
-0.08981 0.0
-0.08956 -0.7
-0.08932 -1.5
-0.08908 -2.2
-0.08883 -3.0
-0.08859 -3.6
-0.08834 -4.2
-0.0881 -4.7
-0.08785 -5.1
-0.08761 -5.5
-0.08737 -5.7
-0.08712 -5.8
-0.08688 -5.8
-0.08663 -5.7
-0.08639 -5.4
-0.08615 -5.1
-0.0859 -4.7
-0.08566 -4.1
-0.08541 -3.5
-0.08517 -2.8
-0.08492 -2.1
-0.08468 -1.3
-0.08444 -0.5
-0.08419 0.3
-0.08395 1.1
-0.0837 1.9
-0.08346 2.7
-0.08322 3.4
-0.08297 4.0
-0.08273 4.6
-0.08248 5.1
-0.08224 5.4
-0.082 5.7
-0.08175 5.8
-0.08151 5.9
-0.08126 5.8
-0.08102 5.6
-0.08077 5.3
-0.08053 4.8
-0.08029 4.3
-0.08004 3.7
-0.0798 3.0
-0.07955 2.2
-0.07931 1.4
-0.07907 0.6
-0.07882 -0.3
-0.07858 -1.1
-0.07833 -1.9
-0.07809 -2.7
-0.07784 -3.4
-0.0776 -4.1
-0.07736 -4.7
-0.07711 -5.2
-0.07687 -5.5
-0.07662 -5.8
-0.07638 -5.9
-0.07614 -5.9
-0.07589 -5.8
-0.07565 -5.6
-0.0754 -5.2
-0.07516 -4.8
-0.07491 -4.2
-0.07467 -3.5
-0.07443 -2.8
-0.07418 -2.0
-0.07394 -1.1
-0.07369 -0.2
-0.07345 0.6
-0.07321 1.5
-0.07296 2.4
-0.07272 3.1
-0.07247 3.9
-0.07223 4.5
-0.07199 5.1
-0.07174 5.5
-0.0715 5.8
-0.07125 6.0
-0.07101 6.1
-0.07076 6.0
-0.07052 5.8
-0.07028 5.4
-0.07003 5.0
-0.06979 4.4
-0.06954 3.7
-0.0693 2.9
-0.06906 2.1
-0.06881 1.2
-0.06857 0.3
-0.06832 -0.6
-0.06808 -1.5
-0.06783 -2.4
-0.06759 -3.2
-0.06735 -4.0
-0.0671 -4.6
-0.06686 -5.2
-0.06661 -5.6
-0.06637 -5.9
-0.06613 -6.1
-0.06588 -6.1
-0.06564 -6.0
-0.06539 -5.8
-0.06515 -5.4
-0.06491 -4.9
-0.06466 -4.2
-0.06442 -3.5
-0.06417 -2.7
-0.06393 -1.8
-0.06368 -0.9
-0.06344 0.1
-0.0632 1.1
-0.06295 2.0
-0.06271 2.9
-0.06246 3.7
-0.06222 4.4
-0.06198 5.1
-0.06173 5.6
-0.06149 6.0
-0.06124 6.2
-0.061 6.3
-0.06075 6.2
-0.06051 6.0
-0.06027 5.6
-0.06002 5.1
-0.05978 4.4
-0.05953 3.7
-0.05929 2.8
-0.05905 1.9
-0.0588 0.9
-0.05856 0.0
-0.05831 -1.1
-0.05807 -2.1
-0.05783 -3.0
-0.05758 -3.8
-0.05734 -4.6
-0.05709 -5.2
-0.05685 -5.8
-0.0566 -6.1
-0.05636 -6.3
-0.05612 -6.4
-0.05587 -6.2
-0.05563 -6.0
-0.05538 -5.5
-0.05514 -4.9
-0.0549 -4.2
-0.05465 -3.4
-0.05441 -2.4
-0.05416 -1.5
-0.05392 -0.4
-0.05367 0.6
-0.05343 1.7
-0.05319 2.7
-0.05294 3.6
-0.0527 4.4
-0.05245 5.2
-0.05221 5.7
-0.05197 6.2
-0.05172 6.4
-0.05148 6.5
-0.05123 6.4
-0.05099 6.1
-0.05075 5.7
-0.0505 5.1
-0.05026 4.3
-0.05001 3.5
-0.04977 2.5
-0.04952 1.4
-0.04928 0.4
-0.04904 -0.8
-0.04879 -1.8
-0.04855 -2.9
-0.0483 -3.8
-0.04806 -4.7
-0.04782 -5.4
-0.04757 -6.0
-0.04733 -6.4
-0.04708 -6.6
-0.04684 -6.6
-0.04659 -6.4
-0.04635 -6.1
-0.04611 -5.5
-0.04586 -4.8
-0.04562 -4.0
-0.04537 -3.0
-0.04513 -1.9
-0.04489 -0.8
-0.04464 0.4
-0.0444 1.5
-0.04415 2.7
-0.04391 3.7
-0.04366 4.6
-0.04342 5.4
-0.04318 6.0
-0.04293 6.5
-0.04269 6.7
-0.04244 6.8
-0.0422 6.6
-0.04196 6.2
-0.04171 5.6
-0.04147 4.9
-0.04122 3.9
-0.04098 2.9
-0.04074 1.7
-0.04049 0.5
-0.04025 -0.7
-0.04 -1.9
-0.03976 -3.1
-0.03951 -4.2
-0.03927 -5.1
-0.03903 -5.9
-0.03878 -6.4
-0.03854 -6.8
-0.03829 -6.9
-0.03805 -6.8
-0.03781 -6.5
-0.03756 -6.0
-0.03732 -5.2
-0.03707 -4.3
-0.03683 -3.2
-0.03658 -2.0
-0.03634 -0.7
-0.0361 0.6
-0.03585 1.9
-0.03561 3.1
-0.03536 4.3
-0.03512 5.2
-0.03488 6.1
-0.03463 6.6
-0.03439 7.0
-0.03414 7.1
-0.0339 7.0
-0.03366 6.6
-0.03341 5.9
-0.03317 5.1
-0.03292 4.0
-0.03268 2.8
-0.03243 1.5
-0.03219 0.0
-0.03195 -1.3
-0.0317 -2.7
-0.03146 -3.9
-0.03121 -5.1
-0.03097 -6.0
-0.03073 -6.7
-0.03048 -7.1
-0.03024 -7.3
-0.02999 -7.2
-0.02975 -6.8
-0.0295 -6.1
-0.02926 -5.2
-0.02902 -4.1
-0.02877 -2.8
-0.02853 -1.3
-0.02828 0.2
-0.02804 1.7
-0.0278 3.1
-0.02755 4.4
-0.02731 5.6
-0.02706 6.5
-0.02682 7.1
-0.02658 7.5
-0.02633 7.5
-0.02609 7.2
-0.02584 6.6
-0.0256 5.7
-0.02535 4.5
-0.02511 3.2
-0.02487 1.6
-0.02462 0.0
-0.02438 -1.6
-0.02413 -3.2
-0.02389 -4.6
-0.02365 -5.8
-0.0234 -6.8
-0.02316 -7.5
-0.02291 -7.8
-0.02267 -7.7
-0.02242 -7.3
-0.02218 -6.5
-0.02194 -5.4
-0.02169 -4.1
-0.02145 -2.5
-0.0212 -0.8
-0.02096 1.0
-0.02072 2.8
-0.02047 4.4
-0.02023 5.8
-0.01998 6.9
-0.01974 7.7
-0.0195 8.1
-0.01925 8.0
-0.01901 7.5
-0.01876 6.6
-0.01852 5.4
-0.01827 3.8
-0.01803 2.0
-0.01779 0.0
-0.01754 -1.9
-0.0173 -3.7
-0.01705 -5.4
-0.01681 -6.8
-0.01657 -7.8
-0.01632 -8.3
-0.01608 -8.4
-0.01583 -8.0
-0.01559 -7.0
-0.01534 -5.6
-0.0151 -3.9
-0.01486 -1.8
-0.01461 0.3
-0.01437 2.5
-0.01412 4.6
-0.01388 6.3
-0.01364 7.7
-0.01339 8.6
-0.01315 8.9
-0.0129 8.5
-0.01266 7.6
-0.01241 6.1
-0.01217 4.2
-0.01193 1.9
-0.01168 -0.6
-0.01144 -3.1
-0.01119 -5.3
-0.01095 -7.2
-0.01071 -8.6
-0.01046 -9.3
-0.01022 -9.2
-0.00997 -8.4
-0.00973 -6.9
-0.00949 -4.7
-0.00924 -2.0
-0.009 0.8
-0.00875 3.7
-0.00851 6.3
-0.00826 8.4
-0.00802 9.6
-0.00778 10.0
-0.00753 9.4
-0.00729 7.7
-0.00704 5.2
-0.0068 2.1
-0.00656 -1.4
-0.00631 -4.8
-0.00607 -7.8
-0.00582 -9.9
-0.00558 -10.8
-0.00533 -10.4
-0.00509 -8.6
-0.00485 -5.5
-0.0046 -1.5
-0.00436 2.9
-0.00411 7.1
-0.00387 10.3
-0.00363 11.9
-0.00338 11.5
-0.00314 8.9
-0.00289 4.5
-0.00265 -1.2
-0.00241 -7.0
-0.00216 -11.6
-0.00192 -13.6
-0.00167 -12.0
-0.00143 -6.7
-0.00118 1.2
-0.00094 9.5
-0.0007 14.9
-0.00045 14.2
-0.00021 6.0
4e-05 -6.8
0.00028 -15.4
0.00052 -11.5
0.00077 2.5
0.00101 12.0
0.00126 7.5
0.0015 -3.7
0.00175 -7.7
0.00199 -2.0
0.00223 4.1
0.00248 3.4
0.00272 -0.9
0.00297 -2.7
0.00321 -0.7
0.00345 1.4
0.0037 1.1
0.00394 -0.4
0.00419 -0.9
0.00443 -0.1
0.00467 0.5
0.00492 0.3
0.00516 -0.2
0.00541 -0.3
0.00565 0.0
0.0059 0.2
0.00614 0.0
0.00638 0.0
0.00663 -0.1
0.00687 0.0
0.00712 0.0
0.00736 0.0
0.0076 0.0
0.00785 0.0
0.00809 0.0
0.00834 0.0
0.00858 0.0
0.00883 0.0
0.00907 0.0
0.00931 0.0
0.00956 0.0
0.0098 0.0
0.01005 0.0
0.01029 0.0
0.01053 0.0
0.01078 0.0
0.01102 0.0
0.01127 0.0
0.01151 0.0
0.01175 0.0
0.012 0.0
0.01224 0.0
0.01249 0.0
0.01273 0.0
0.01298 0.0
0.01322 0.0
0.01346 0.0
0.01371 0.0
0.01395 0.0
0.0142 0.0
0.01444 0.0
0.01468 0.0
0.01493 0.0
0.01517 0.0
0.01542 0.0
0.01566 0.0
0.01591 0.0
0.01615 0.0
0.01639 0.0
0.01664 0.0
0.01688 0.0
0.01713 0.0
0.01737 0.0
0.01761 0.0
0.01786 0.0
0.0181 0.0
0.01835 0.0
0.01859 0.0
0.01884 0.0
0.01908 0.0
0.01932 0.0
0.01957 0.0
0.01981 0.0
0.02006 0.0
0.0203 0.0
0.02054 0.0
0.02079 0.0
0.02103 0.0
0.02128 0.0
0.02152 0.0
0.02176 0.0
0.02201 0.0
0.02225 0.0
0.0225 0.0
0.02274 0.0
0.02299 0.0
0.02323 0.0
0.02347 0.0
0.02372 0.0
0.02396 0.0
0.02421 0.0
0.02445 0.0
0.02469 0.0
0.02494 0.0
0.02518 0.0
0.02543 0.0
0.02567 0.0
0.02592 0.0
0.02616 0.0
0.0264 0.0
0.02665 0.0
0.02689 0.0
0.02714 0.0
0.02738 0.0
0.02762 0.0
0.02787 0.0
0.02811 0.0
0.02836 0.0
0.0286 0.0
0.02884 0.0
0.02909 0.0
0.02933 0.0
0.02958 0.0
0.02982 0.0
0.03007 0.0
0.03031 0.0
0.03055 0.0
0.0308 0.0
0.03104 0.0
0.03129 0.0
0.03153 0.0
0.03177 0.0
0.03202 0.0
0.03226 0.0
0.03251 0.0
0.03275 0.0
0.033 0.0
0.03324 0.0
0.03348 0.0
0.03373 0.0
0.03397 0.0
0.03422 0.0
0.03446 0.0
0.0347 0.0
0.03495 0.0
0.03519 0.0
0.03544 0.0
0.03568 0.0
0.03592 0.0
0.03617 0.0
0.03641 0.0
0.03666 0.0
0.0369 0.0
0.03715 0.0
0.03739 0.0
0.03763 0.0
0.03788 0.0
0.03812 0.0
0.03837 0.0
0.03861 0.0
0.03885 0.0
0.0391 0.0
0.03934 0.0
0.03959 0.0
0.03983 0.0
0.04008 0.0
0.04032 0.0
0.04056 0.0
0.04081 0.0
0.04105 0.0
0.0413 0.0
0.04154 0.0
0.04178 0.0
0.04203 0.0
0.04227 0.0
0.04252 0.0
0.04276 0.0
0.043 0.0
0.04325 0.0
0.04349 0.0
0.04374 0.0
0.04398 0.0
0.04423 0.0
0.04447 0.0
0.04471 0.0
0.04496 0.0
0.0452 0.0
0.04545 0.0
0.04569 0.0
0.04593 0.0
0.04618 0.0
0.04642 0.0
0.04667 0.0
