t strain*1e23
-1.84068 -5.8
-1.84044 -5.7
-1.8402 -5.7
-1.83995 -5.6
-1.83971 -5.6
-1.83946 -5.5
-1.83922 -5.4
-1.83898 -5.3
-1.83873 -5.3
-1.83849 -5.2
-1.83824 -5.0
-1.838 -4.9
-1.83776 -4.8
-1.83751 -4.7
-1.83727 -4.5
-1.83702 -4.4
-1.83678 -4.2
-1.83653 -4.1
-1.83629 -3.9
-1.83605 -3.7
-1.8358 -3.6
-1.83556 -3.4
-1.83531 -3.2
-1.83507 -3.0
-1.83483 -2.8
-1.83458 -2.6
-1.83434 -2.4
-1.83409 -2.2
-1.83385 -2.0
-1.8336 -1.8
-1.83336 -1.6
-1.83312 -1.4
-1.83287 -1.1
-1.83263 -0.9
-1.83238 -0.7
-1.83214 -0.5
-1.8319 -0.2
-1.83165 0.0
-1.83141 0.2
-1.83116 0.4
-1.83092 0.7
-1.83068 0.9
-1.83043 1.1
-1.83019 1.3
-1.82994 1.5
-1.8297 1.7
-1.82945 2.0
-1.82921 2.2
-1.82897 2.4
-1.82872 2.6
-1.82848 2.8
-1.82823 3.0
-1.82799 3.2
-1.82775 3.4
-1.8275 3.5
-1.82726 3.7
-1.82701 3.9
-1.82677 4.1
-1.82652 4.2
-1.82628 4.4
-1.82604 4.5
-1.82579 4.7
-1.82555 4.8
-1.8253 4.9
-1.82506 5.0
-1.82482 5.1
-1.82457 5.2
-1.82433 5.3
-1.82408 5.4
-1.82384 5.5
-1.8236 5.6
-1.82335 5.6
-1.82311 5.7
-1.82286 5.8
-1.82262 5.8
-1.82237 5.8
-1.82213 5.8
-1.82189 5.9
-1.82164 5.9
-1.8214 5.9
-1.82115 5.8
-1.82091 5.8
-1.82067 5.8
-1.82042 5.7
-1.82018 5.7
-1.81993 5.6
-1.81969 5.6
-1.81944 5.5
-1.8192 5.4
-1.81896 5.3
-1.81871 5.2
-1.81847 5.1
-1.81822 5.0
-1.81798 4.9
-1.81774 4.8
-1.81749 4.6
-1.81725 4.5
-1.817 4.4
-1.81676 4.2
-1.81651 4.0
-1.81627 3.9
-1.81603 3.7
-1.81578 3.5
-1.81554 3.3
-1.81529 3.1
-1.81505 3.0
-1.81481 2.8
-1.81456 2.6
-1.81432 2.4
-1.81407 2.1
-1.81383 1.9
-1.81359 1.7
-1.81334 1.5
-1.8131 1.3
-1.81285 1.1
-1.81261 0.8
-1.81236 0.6
-1.81212 0.4
-1.81188 0.2
-1.81163 0.0
-1.81139 -0.3
-1.81114 -0.5
-1.8109 -0.7
-1.81066 -1.0
-1.81041 -1.2
-1.81017 -1.4
-1.80992 -1.6
-1.80968 -1.8
-1.80943 -2.1
-1.80919 -2.3
-1.80895 -2.5
-1.8087 -2.7
-1.80846 -2.9
-1.80821 -3.1
-1.80797 -3.3
-1.80773 -3.5
-1.80748 -3.6
-1.80724 -3.8
-1.80699 -4.0
-1.80675 -4.1
-1.80651 -4.3
-1.80626 -4.4
-1.80602 -4.6
-1.80577 -4.7
-1.80553 -4.9
-1.80528 -5.0
-1.80504 -5.1
-1.8048 -5.2
-1.80455 -5.3
-1.80431 -5.4
-1.80406 -5.5
-1.80382 -5.6
-1.80358 -5.6
-1.80333 -5.7
-1.80309 -5.7
-1.80284 -5.8
-1.8026 -5.8
-1.80235 -5.8
-1.80211 -5.9
-1.80187 -5.9
-1.80162 -5.9
-1.80138 -5.9
-1.80113 -5.8
-1.80089 -5.8
-1.80065 -5.8
-1.8004 -5.7
-1.80016 -5.7
-1.79991 -5.6
-1.79967 -5.6
-1.79943 -5.5
-1.79918 -5.4
-1.79894 -5.3
-1.79869 -5.2
-1.79845 -5.1
-1.7982 -5.0
-1.79796 -4.8
-1.79772 -4.7
-1.79747 -4.6
-1.79723 -4.4
-1.79698 -4.3
-1.79674 -4.1
-1.7965 -3.9
-1.79625 -3.8
-1.79601 -3.6
-1.79576 -3.4
-1.79552 -3.2
-1.79527 -3.0
-1.79503 -2.8
-1.79479 -2.6
-1.79454 -2.4
-1.7943 -2.2
-1.79405 -2.0
-1.79381 -1.8
-1.79357 -1.6
-1.79332 -1.4
-1.79308 -1.1
-1.79283 -0.9
-1.79259 -0.7
-1.79235 -0.5
-1.7921 -0.2
-1.79186 0.0
-1.79161 0.2
-1.79137 0.5
-1.79112 0.7
-1.79088 0.9
-1.79064 1.1
-1.79039 1.4
-1.79015 1.6
-1.7899 1.8
-1.78966 2.0
-1.78942 2.2
-1.78917 2.4
-1.78893 2.6
-1.78868 2.8
-1.78844 3.0
-1.78819 3.2
-1.78795 3.4
-1.78771 3.6
-1.78746 3.8
-1.78722 4.0
-1.78697 4.1
-1.78673 4.3
-1.78649 4.4
-1.78624 4.6
-1.786 4.7
-1.78575 4.9
-1.78551 5.0
-1.78526 5.1
-1.78502 5.2
-1.78478 5.3
-1.78453 5.4
-1.78429 5.5
-1.78404 5.6
-1.7838 5.6
-1.78356 5.7
-1.78331 5.8
-1.78307 5.8
-1.78282 5.8
-1.78258 5.9
-1.78234 5.9
-1.78209 5.9
-1.78185 5.9
-1.7816 5.9
-1.78136 5.9
-1.78111 5.8
-1.78087 5.8
-1.78063 5.8
-1.78038 5.7
-1.78014 5.6
-1.77989 5.6
-1.77965 5.5
-1.77941 5.4
-1.77916 5.3
-1.77892 5.2
-1.77867 5.1
-1.77843 5.0
-1.77818 4.9
-1.77794 4.7
-1.7777 4.6
-1.77745 4.4
-1.77721 4.3
-1.77696 4.1
-1.77672 4.0
-1.77648 3.8
-1.77623 3.6
-1.77599 3.4
-1.77574 3.2
-1.7755 3.0
-1.77526 2.8
-1.77501 2.6
-1.77477 2.4
-1.77452 2.2
-1.77428 2.0
-1.77403 1.8
-1.77379 1.6
-1.77355 1.4
-1.7733 1.1
-1.77306 0.9
-1.77281 0.7
-1.77257 0.4
-1.77233 0.2
-1.77208 0.0
-1.77184 -0.2
-1.77159 -0.5
-1.77135 -0.7
-1.7711 -0.9
-1.77086 -1.1
-1.77062 -1.4
-1.77037 -1.6
-1.77013 -1.8
-1.76988 -2.0
-1.76964 -2.2
-1.7694 -2.5
-1.76915 -2.7
-1.76891 -2.9
-1.76866 -3.1
-1.76842 -3.3
-1.76818 -3.4
-1.76793 -3.6
-1.76769 -3.8
-1.76744 -4.0
-1.7672 -4.1
-1.76695 -4.3
-1.76671 -4.5
-1.76647 -4.6
-1.76622 -4.7
-1.76598 -4.9
-1.76573 -5.0
-1.76549 -5.1
-1.76525 -5.2
-1.765 -5.3
-1.76476 -5.4
-1.76451 -5.5
-1.76427 -5.6
-1.76402 -5.7
-1.76378 -5.7
-1.76354 -5.8
-1.76329 -5.8
-1.76305 -5.9
-1.7628 -5.9
-1.76256 -5.9
-1.76232 -5.9
-1.76207 -5.9
-1.76183 -5.9
-1.76158 -5.9
-1.76134 -5.8
-1.7611 -5.8
-1.76085 -5.8
-1.76061 -5.7
-1.76036 -5.6
-1.76012 -5.6
-1.75987 -5.5
-1.75963 -5.4
-1.75939 -5.3
-1.75914 -5.2
-1.7589 -5.1
-1.75865 -5.0
-1.75841 -4.8
-1.75817 -4.7
-1.75792 -4.6
-1.75768 -4.4
-1.75743 -4.3
-1.75719 -4.1
-1.75694 -3.9
-1.7567 -3.7
-1.75646 -3.6
-1.75621 -3.4
-1.75597 -3.2
-1.75572 -3.0
-1.75548 -2.8
-1.75524 -2.6
-1.75499 -2.4
-1.75475 -2.2
-1.7545 -1.9
-1.75426 -1.7
-1.75401 -1.5
-1.75377 -1.3
-1.75353 -1.1
-1.75328 -0.8
-1.75304 -0.6
-1.75279 -0.4
-1.75255 -0.1
-1.75231 0.0
-1.75206 0.3
-1.75182 0.6
-1.75157 0.8
-1.75133 1.0
-1.75109 1.2
-1.75084 1.5
-1.7506 1.7
-1.75035 1.9
-1.75011 2.1
-1.74986 2.3
-1.74962 2.5
-1.74938 2.8
-1.74913 3.0
-1.74889 3.2
-1.74864 3.3
-1.7484 3.5
-1.74816 3.7
-1.74791 3.9
-1.74767 4.1
-1.74742 4.2
-1.74718 4.4
-1.74693 4.5
-1.74669 4.7
-1.74645 4.8
-1.7462 5.0
-1.74596 5.1
-1.74571 5.2
-1.74547 5.3
-1.74523 5.4
-1.74498 5.5
-1.74474 5.6
-1.74449 5.6
-1.74425 5.7
-1.74401 5.8
-1.74376 5.8
-1.74352 5.9
-1.74327 5.9
-1.74303 5.9
-1.74278 5.9
-1.74254 5.9
-1.7423 5.9
-1.74205 5.9
-1.74181 5.9
-1.74156 5.8
-1.74132 5.8
-1.74108 5.7
-1.74083 5.7
-1.74059 5.6
-1.74034 5.5
-1.7401 5.5
-1.73985 5.4
-1.73961 5.3
-1.73937 5.1
-1.73912 5.0
-1.73888 4.9
-1.73863 4.8
-1.73839 4.6
-1.73815 4.5
-1.7379 4.3
-1.73766 4.2
-1.73741 4.0
-1.73717 3.8
-1.73693 3.6
-1.73668 3.5
-1.73644 3.3
-1.73619 3.1
-1.73595 2.9
-1.7357 2.7
-1.73546 2.5
-1.73522 2.2
-1.73497 2.0
-1.73473 1.8
-1.73448 1.6
-1.73424 1.4
-1.734 1.1
-1.73375 0.9
-1.73351 0.7
-1.73326 0.4
-1.73302 0.2
-1.73277 0.0
-1.73253 -0.3
-1.73229 -0.5
-1.73204 -0.7
-1.7318 -0.9
-1.73155 -1.2
-1.73131 -1.4
-1.73107 -1.6
-1.73082 -1.9
-1.73058 -2.1
-1.73033 -2.3
-1.73009 -2.5
-1.72985 -2.7
-1.7296 -2.9
-1.72936 -3.1
-1.72911 -3.3
-1.72887 -3.5
-1.72862 -3.7
-1.72838 -3.9
-1.72814 -4.0
-1.72789 -4.2
-1.72765 -4.4
-1.7274 -4.5
-1.72716 -4.7
-1.72692 -4.8
-1.72667 -4.9
-1.72643 -5.1
-1.72618 -5.2
-1.72594 -5.3
-1.72569 -5.4
-1.72545 -5.5
-1.72521 -5.6
-1.72496 -5.6
-1.72472 -5.7
-1.72447 -5.8
-1.72423 -5.8
-1.72399 -5.9
-1.72374 -5.9
-1.7235 -5.9
-1.72325 -5.9
-1.72301 -5.9
-1.72276 -5.9
-1.72252 -5.9
-1.72228 -5.9
-1.72203 -5.9
-1.72179 -5.8
-1.72154 -5.8
-1.7213 -5.7
-1.72106 -5.6
-1.72081 -5.6
-1.72057 -5.5
-1.72032 -5.4
-1.72008 -5.3
-1.71984 -5.2
-1.71959 -5.1
-1.71935 -4.9
-1.7191 -4.8
-1.71886 -4.7
-1.71861 -4.5
-1.71837 -4.3
-1.71813 -4.2
-1.71788 -4.0
-1.71764 -3.8
-1.71739 -3.7
-1.71715 -3.5
-1.71691 -3.3
-1.71666 -3.1
-1.71642 -2.9
-1.71617 -2.7
-1.71593 -2.5
-1.71568 -2.3
-1.71544 -2.0
-1.7152 -1.8
-1.71495 -1.6
-1.71471 -1.4
-1.71446 -1.1
-1.71422 -0.9
-1.71398 -0.7
-1.71373 -0.4
-1.71349 -0.2
-1.71324 0.0
-1.713 0.3
-1.71276 0.5
-1.71251 0.7
-1.71227 1.0
-1.71202 1.2
-1.71178 1.4
-1.71153 1.6
-1.71129 1.9
-1.71105 2.1
-1.7108 2.3
-1.71056 2.5
-1.71031 2.7
-1.71007 2.9
-1.70983 3.1
-1.70958 3.3
-1.70934 3.5
-1.70909 3.7
-1.70885 3.9
-1.7086 4.1
-1.70836 4.2
-1.70812 4.4
-1.70787 4.5
-1.70763 4.7
-1.70738 4.8
-1.70714 5.0
-1.7069 5.1
-1.70665 5.2
-1.70641 5.3
-1.70616 5.4
-1.70592 5.5
-1.70568 5.6
-1.70543 5.7
-1.70519 5.7
-1.70494 5.8
-1.7047 5.8
-1.70445 5.9
-1.70421 5.9
-1.70397 5.9
-1.70372 5.9
-1.70348 5.9
-1.70323 5.9
-1.70299 5.9
-1.70275 5.9
-1.7025 5.9
-1.70226 5.8
-1.70201 5.8
-1.70177 5.7
-1.70152 5.6
-1.70128 5.6
-1.70104 5.5
-1.70079 5.4
-1.70055 5.3
-1.7003 5.2
-1.70006 5.0
-1.69982 4.9
-1.69957 4.8
-1.69933 4.6
-1.69908 4.5
-1.69884 4.3
-1.6986 4.2
-1.69835 4.0
-1.69811 3.8
-1.69786 3.6
-1.69762 3.4
-1.69737 3.2
-1.69713 3.0
-1.69689 2.8
-1.69664 2.6
-1.6964 2.4
-1.69615 2.2
-1.69591 2.0
-1.69567 1.8
-1.69542 1.5
-1.69518 1.3
-1.69493 1.1
-1.69469 0.8
-1.69444 0.6
-1.6942 0.4
-1.69396 0.1
-1.69371 -0.1
-1.69347 -0.3
-1.69322 -0.6
-1.69298 -0.8
-1.69274 -1.0
-1.69249 -1.3
-1.69225 -1.5
-1.692 -1.7
-1.69176 -2.0
-1.69151 -2.2
-1.69127 -2.4
-1.69103 -2.6
-1.69078 -2.8
-1.69054 -3.0
-1.69029 -3.2
-1.69005 -3.4
-1.68981 -3.6
-1.68956 -3.8
-1.68932 -4.0
-1.68907 -4.1
-1.68883 -4.3
-1.68859 -4.5
-1.68834 -4.6
-1.6881 -4.8
-1.68785 -4.9
-1.68761 -5.0
-1.68736 -5.2
-1.68712 -5.3
-1.68688 -5.4
-1.68663 -5.5
-1.68639 -5.6
-1.68614 -5.6
-1.6859 -5.7
-1.68566 -5.8
-1.68541 -5.8
-1.68517 -5.9
-1.68492 -5.9
-1.68468 -5.9
-1.68443 -6.0
-1.68419 -6.0
-1.68395 -6.0
-1.6837 -6.0
-1.68346 -5.9
-1.68321 -5.9
-1.68297 -5.9
-1.68273 -5.8
-1.68248 -5.8
-1.68224 -5.7
-1.68199 -5.6
-1.68175 -5.5
-1.68151 -5.4
-1.68126 -5.3
-1.68102 -5.2
-1.68077 -5.1
-1.68053 -5.0
-1.68028 -4.8
-1.68004 -4.7
-1.6798 -4.6
-1.67955 -4.4
-1.67931 -4.2
-1.67906 -4.1
-1.67882 -3.9
-1.67858 -3.7
-1.67833 -3.5
-1.67809 -3.3
-1.67784 -3.1
-1.6776 -2.9
-1.67735 -2.7
-1.67711 -2.5
-1.67687 -2.3
-1.67662 -2.1
-1.67638 -1.8
-1.67613 -1.6
-1.67589 -1.4
-1.67565 -1.2
-1.6754 -0.9
-1.67516 -0.7
-1.67491 -0.4
-1.67467 -0.2
-1.67443 0.0
-1.67418 0.3
-1.67394 0.5
-1.67369 0.7
-1.67345 1.0
-1.6732 1.2
-1.67296 1.4
-1.67272 1.7
-1.67247 1.9
-1.67223 2.1
-1.67198 2.3
-1.67174 2.6
-1.6715 2.8
-1.67125 3.0
-1.67101 3.2
-1.67076 3.4
-1.67052 3.6
-1.67027 3.8
-1.67003 3.9
-1.66979 4.1
-1.66954 4.3
-1.6693 4.4
-1.66905 4.6
-1.66881 4.7
-1.66857 4.9
-1.66832 5.0
-1.66808 5.1
-1.66783 5.3
-1.66759 5.4
-1.66735 5.5
-1.6671 5.6
-1.66686 5.6
-1.66661 5.7
-1.66637 5.8
-1.66612 5.8
-1.66588 5.9
-1.66564 5.9
-1.66539 6.0
-1.66515 6.0
-1.6649 6.0
-1.66466 6.0
-1.66442 6.0
-1.66417 6.0
-1.66393 5.9
-1.66368 5.9
-1.66344 5.8
-1.66319 5.8
-1.66295 5.7
-1.66271 5.6
-1.66246 5.6
-1.66222 5.5
-1.66197 5.4
-1.66173 5.3
-1.66149 5.1
-1.66124 5.0
-1.661 4.9
-1.66075 4.7
-1.66051 4.6
-1.66026 4.4
-1.66002 4.3
-1.65978 4.1
-1.65953 3.9
-1.65929 3.7
-1.65904 3.5
-1.6588 3.3
-1.65856 3.1
-1.65831 2.9
-1.65807 2.7
-1.65782 2.5
-1.65758 2.3
-1.65734 2.1
-1.65709 1.9
-1.65685 1.6
-1.6566 1.4
-1.65636 1.2
-1.65611 0.9
-1.65587 0.7
-1.65563 0.5
-1.65538 0.2
-1.65514 0.0
-1.65489 -0.3
-1.65465 -0.5
-1.65441 -0.7
-1.65416 -1.0
-1.65392 -1.2
-1.65367 -1.4
-1.65343 -1.7
-1.65318 -1.9
-1.65294 -2.1
-1.6527 -2.3
-1.65245 -2.6
-1.65221 -2.8
-1.65196 -3.0
-1.65172 -3.2
-1.65148 -3.4
-1.65123 -3.6
-1.65099 -3.8
-1.65074 -4.0
-1.6505 -4.1
-1.65026 -4.3
-1.65001 -4.5
-1.64977 -4.6
-1.64952 -4.8
-1.64928 -4.9
-1.64903 -5.0
-1.64879 -5.2
-1.64855 -5.3
-1.6483 -5.4
-1.64806 -5.5
-1.64781 -5.6
-1.64757 -5.7
-1.64733 -5.7
-1.64708 -5.8
-1.64684 -5.9
-1.64659 -5.9
-1.64635 -5.9
-1.6461 -6.0
-1.64586 -6.0
-1.64562 -6.0
-1.64537 -6.0
-1.64513 -6.0
-1.64488 -6.0
-1.64464 -5.9
-1.6444 -5.9
-1.64415 -5.8
-1.64391 -5.8
-1.64366 -5.7
-1.64342 -5.6
-1.64318 -5.6
-1.64293 -5.5
-1.64269 -5.4
-1.64244 -5.2
-1.6422 -5.1
-1.64195 -5.0
-1.64171 -4.9
-1.64147 -4.7
-1.64122 -4.6
-1.64098 -4.4
-1.64073 -4.2
-1.64049 -4.1
-1.64025 -3.9
-1.64 -3.7
-1.63976 -3.5
-1.63951 -3.3
-1.63927 -3.1
-1.63902 -2.9
-1.63878 -2.7
-1.63854 -2.5
-1.63829 -2.2
-1.63805 -2.0
-1.6378 -1.8
-1.63756 -1.6
-1.63732 -1.3
-1.63707 -1.1
-1.63683 -0.9
-1.63658 -0.6
-1.63634 -0.4
-1.6361 -0.1
-1.63585 0.1
-1.63561 0.3
-1.63536 0.6
-1.63512 0.8
-1.63487 1.1
-1.63463 1.3
-1.63439 1.5
-1.63414 1.8
-1.6339 2.0
-1.63365 2.2
-1.63341 2.4
-1.63317 2.7
-1.63292 2.9
-1.63268 3.1
-1.63243 3.3
-1.63219 3.5
-1.63194 3.7
-1.6317 3.9
-1.63146 4.0
-1.63121 4.2
-1.63097 4.4
-1.63072 4.5
-1.63048 4.7
-1.63024 4.8
-1.62999 5.0
-1.62975 5.1
-1.6295 5.2
-1.62926 5.4
-1.62901 5.5
-1.62877 5.6
-1.62853 5.6
-1.62828 5.7
-1.62804 5.8
-1.62779 5.9
-1.62755 5.9
-1.62731 5.9
-1.62706 6.0
-1.62682 6.0
-1.62657 6.0
-1.62633 6.0
-1.62609 6.0
-1.62584 6.0
-1.6256 6.0
-1.62535 5.9
-1.62511 5.9
-1.62486 5.8
-1.62462 5.8
-1.62438 5.7
-1.62413 5.6
-1.62389 5.5
-1.62364 5.4
-1.6234 5.3
-1.62316 5.2
-1.62291 5.1
-1.62267 4.9
-1.62242 4.8
-1.62218 4.6
-1.62193 4.5
-1.62169 4.3
-1.62145 4.1
-1.6212 4.0
-1.62096 3.8
-1.62071 3.6
-1.62047 3.4
-1.62023 3.2
-1.61998 3.0
-1.61974 2.8
-1.61949 2.6
-1.61925 2.3
-1.61901 2.1
-1.61876 1.9
-1.61852 1.6
-1.61827 1.4
-1.61803 1.2
-1.61778 0.9
-1.61754 0.7
-1.6173 0.5
-1.61705 0.2
-1.61681 0.0
-1.61656 -0.3
-1.61632 -0.5
-1.61608 -0.7
-1.61583 -1.0
-1.61559 -1.2
-1.61534 -1.5
-1.6151 -1.7
-1.61485 -1.9
-1.61461 -2.2
-1.61437 -2.4
-1.61412 -2.6
-1.61388 -2.8
-1.61363 -3.0
-1.61339 -3.2
-1.61315 -3.4
-1.6129 -3.6
-1.61266 -3.8
-1.61241 -4.0
-1.61217 -4.2
-1.61193 -4.4
-1.61168 -4.5
-1.61144 -4.7
-1.61119 -4.8
-1.61095 -5.0
-1.6107 -5.1
-1.61046 -5.2
-1.61022 -5.3
-1.60997 -5.5
-1.60973 -5.6
-1.60948 -5.6
-1.60924 -5.7
-1.609 -5.8
-1.60875 -5.9
-1.60851 -5.9
-1.60826 -6.0
-1.60802 -6.0
-1.60777 -6.0
-1.60753 -6.0
-1.60729 -6.0
-1.60704 -6.0
-1.6068 -6.0
-1.60655 -6.0
-1.60631 -6.0
-1.60607 -5.9
-1.60582 -5.9
-1.60558 -5.8
-1.60533 -5.7
-1.60509 -5.6
-1.60485 -5.5
-1.6046 -5.4
-1.60436 -5.3
-1.60411 -5.2
-1.60387 -5.1
-1.60362 -5.0
-1.60338 -4.8
-1.60314 -4.7
-1.60289 -4.5
-1.60265 -4.3
-1.6024 -4.2
-1.60216 -4.0
-1.60192 -3.8
-1.60167 -3.6
-1.60143 -3.4
-1.60118 -3.2
-1.60094 -3.0
-1.60069 -2.8
-1.60045 -2.6
-1.60021 -2.4
-1.59996 -2.1
-1.59972 -1.9
-1.59947 -1.7
-1.59923 -1.4
-1.59899 -1.2
-1.59874 -1.0
-1.5985 -0.7
-1.59825 -0.5
-1.59801 -0.2
-1.59776 0.0
-1.59752 0.3
-1.59728 0.5
-1.59703 0.7
-1.59679 1.0
-1.59654 1.2
-1.5963 1.5
-1.59606 1.7
-1.59581 1.9
-1.59557 2.2
-1.59532 2.4
-1.59508 2.6
-1.59484 2.8
-1.59459 3.0
-1.59435 3.3
-1.5941 3.5
-1.59386 3.7
-1.59361 3.8
-1.59337 4.0
-1.59313 4.2
-1.59288 4.4
-1.59264 4.5
-1.59239 4.7
-1.59215 4.9
-1.59191 5.0
-1.59166 5.1
-1.59142 5.3
-1.59117 5.4
-1.59093 5.5
-1.59068 5.6
-1.59044 5.7
-1.5902 5.7
-1.58995 5.8
-1.58971 5.9
-1.58946 5.9
-1.58922 6.0
-1.58898 6.0
-1.58873 6.0
-1.58849 6.0
-1.58824 6.0
-1.588 6.0
-1.58776 6.0
-1.58751 6.0
-1.58727 6.0
-1.58702 5.9
-1.58678 5.9
-1.58653 5.8
-1.58629 5.7
-1.58605 5.6
-1.5858 5.5
-1.58556 5.4
-1.58531 5.3
-1.58507 5.2
-1.58483 5.1
-1.58458 4.9
-1.58434 4.8
-1.58409 4.6
-1.58385 4.5
-1.5836 4.3
-1.58336 4.1
-1.58312 4.0
-1.58287 3.8
-1.58263 3.6
-1.58238 3.4
-1.58214 3.2
-1.5819 3.0
-1.58165 2.7
-1.58141 2.5
-1.58116 2.3
-1.58092 2.1
-1.58068 1.8
-1.58043 1.6
-1.58019 1.4
-1.57994 1.1
-1.5797 0.9
-1.57945 0.6
-1.57921 0.4
-1.57897 0.1
-1.57872 0.0
-1.57848 -0.3
-1.57823 -0.6
-1.57799 -0.8
-1.57775 -1.1
-1.5775 -1.3
-1.57726 -1.6
-1.57701 -1.8
-1.57677 -2.0
-1.57652 -2.3
-1.57628 -2.5
-1.57604 -2.7
-1.57579 -2.9
-1.57555 -3.1
-1.5753 -3.3
-1.57506 -3.5
-1.57482 -3.7
-1.57457 -3.9
-1.57433 -4.1
-1.57408 -4.3
-1.57384 -4.5
-1.5736 -4.6
-1.57335 -4.8
-1.57311 -4.9
-1.57286 -5.1
-1.57262 -5.2
-1.57237 -5.3
-1.57213 -5.4
-1.57189 -5.5
-1.57164 -5.6
-1.5714 -5.7
-1.57115 -5.8
-1.57091 -5.9
-1.57067 -5.9
-1.57042 -6.0
-1.57018 -6.0
-1.56993 -6.0
-1.56969 -6.1
-1.56944 -6.1
-1.5692 -6.1
-1.56896 -6.1
-1.56871 -6.0
-1.56847 -6.0
-1.56822 -6.0
-1.56798 -5.9
-1.56774 -5.8
-1.56749 -5.8
-1.56725 -5.7
-1.567 -5.6
-1.56676 -5.5
-1.56651 -5.4
-1.56627 -5.3
-1.56603 -5.2
-1.56578 -5.0
-1.56554 -4.9
-1.56529 -4.7
-1.56505 -4.6
-1.56481 -4.4
-1.56456 -4.2
-1.56432 -4.0
-1.56407 -3.9
-1.56383 -3.7
-1.56359 -3.5
-1.56334 -3.3
-1.5631 -3.1
-1.56285 -2.8
-1.56261 -2.6
-1.56236 -2.4
-1.56212 -2.2
-1.56188 -1.9
-1.56163 -1.7
-1.56139 -1.5
-1.56114 -1.2
-1.5609 -1.0
-1.56066 -0.7
-1.56041 -0.5
-1.56017 -0.2
-1.55992 0.0
-1.55968 0.3
-1.55943 0.5
-1.55919 0.8
-1.55895 1.0
-1.5587 1.2
-1.55846 1.5
-1.55821 1.7
-1.55797 2.0
-1.55773 2.2
-1.55748 2.4
-1.55724 2.6
-1.55699 2.9
-1.55675 3.1
-1.55651 3.3
-1.55626 3.5
-1.55602 3.7
-1.55577 3.9
-1.55553 4.1
-1.55528 4.3
-1.55504 4.4
-1.5548 4.6
-1.55455 4.8
-1.55431 4.9
-1.55406 5.0
-1.55382 5.2
-1.55358 5.3
-1.55333 5.4
-1.55309 5.5
-1.55284 5.6
-1.5526 5.7
-1.55235 5.8
-1.55211 5.9
-1.55187 5.9
-1.55162 6.0
-1.55138 6.0
-1.55113 6.0
-1.55089 6.1
-1.55065 6.1
-1.5504 6.1
-1.55016 6.1
-1.54991 6.1
-1.54967 6.0
-1.54943 6.0
-1.54918 5.9
-1.54894 5.9
-1.54869 5.8
-1.54845 5.7
-1.5482 5.6
-1.54796 5.5
-1.54772 5.4
-1.54747 5.3
-1.54723 5.2
-1.54698 5.0
-1.54674 4.9
-1.5465 4.8
-1.54625 4.6
-1.54601 4.4
-1.54576 4.3
-1.54552 4.1
-1.54527 3.9
-1.54503 3.7
-1.54479 3.5
-1.54454 3.3
-1.5443 3.1
-1.54405 2.9
-1.54381 2.6
-1.54357 2.4
-1.54332 2.2
-1.54308 1.9
-1.54283 1.7
-1.54259 1.5
-1.54235 1.2
-1.5421 1.0
-1.54186 0.7
-1.54161 0.5
-1.54137 0.2
-1.54112 0.0
-1.54088 -0.3
-1.54064 -0.5
-1.54039 -0.8
-1.54015 -1.0
-1.5399 -1.2
-1.53966 -1.5
-1.53942 -1.7
-1.53917 -2.0
-1.53893 -2.2
-1.53868 -2.4
-1.53844 -2.7
-1.53819 -2.9
-1.53795 -3.1
-1.53771 -3.3
-1.53746 -3.5
-1.53722 -3.7
-1.53697 -3.9
-1.53673 -4.1
-1.53649 -4.3
-1.53624 -4.5
-1.536 -4.6
-1.53575 -4.8
-1.53551 -4.9
-1.53526 -5.1
-1.53502 -5.2
-1.53478 -5.3
-1.53453 -5.4
-1.53429 -5.6
-1.53404 -5.7
-1.5338 -5.7
-1.53356 -5.8
-1.53331 -5.9
-1.53307 -6.0
-1.53282 -6.0
-1.53258 -6.0
-1.53234 -6.1
-1.53209 -6.1
-1.53185 -6.1
-1.5316 -6.1
-1.53136 -6.1
-1.53111 -6.1
-1.53087 -6.0
-1.53063 -6.0
-1.53038 -5.9
-1.53014 -5.9
-1.52989 -5.8
-1.52965 -5.7
-1.52941 -5.6
-1.52916 -5.5
-1.52892 -5.4
-1.52867 -5.3
-1.52843 -5.2
-1.52818 -5.0
-1.52794 -4.9
-1.5277 -4.7
-1.52745 -4.6
-1.52721 -4.4
-1.52696 -4.2
-1.52672 -4.0
-1.52648 -3.9
-1.52623 -3.7
-1.52599 -3.5
-1.52574 -3.2
-1.5255 -3.0
-1.52526 -2.8
-1.52501 -2.6
-1.52477 -2.4
-1.52452 -2.1
-1.52428 -1.9
-1.52403 -1.6
-1.52379 -1.4
-1.52355 -1.2
-1.5233 -0.9
-1.52306 -0.7
-1.52281 -0.4
-1.52257 -0.2
-1.52233 0.0
-1.52208 0.3
-1.52184 0.6
-1.52159 0.8
-1.52135 1.1
-1.5211 1.3
-1.52086 1.6
-1.52062 1.8
-1.52037 2.1
-1.52013 2.3
-1.51988 2.5
-1.51964 2.7
-1.5194 3.0
-1.51915 3.2
-1.51891 3.4
-1.51866 3.6
-1.51842 3.8
-1.51818 4.0
-1.51793 4.2
-1.51769 4.4
-1.51744 4.5
-1.5172 4.7
-1.51695 4.9
-1.51671 5.0
-1.51647 5.1
-1.51622 5.3
-1.51598 5.4
-1.51573 5.5
-1.51549 5.6
-1.51525 5.7
-1.515 5.8
-1.51476 5.9
-1.51451 5.9
-1.51427 6.0
-1.51402 6.0
-1.51378 6.1
-1.51354 6.1
-1.51329 6.1
-1.51305 6.1
-1.5128 6.1
-1.51256 6.1
-1.51232 6.1
-1.51207 6.0
-1.51183 6.0
-1.51158 5.9
-1.51134 5.9
-1.5111 5.8
-1.51085 5.7
-1.51061 5.6
-1.51036 5.5
-1.51012 5.4
-1.50987 5.2
-1.50963 5.1
-1.50939 5.0
-1.50914 4.8
-1.5089 4.7
-1.50865 4.5
-1.50841 4.3
-1.50817 4.1
-1.50792 3.9
-1.50768 3.7
-1.50743 3.5
-1.50719 3.3
-1.50694 3.1
-1.5067 2.9
-1.50646 2.7
-1.50621 2.5
-1.50597 2.2
-1.50572 2.0
-1.50548 1.7
-1.50524 1.5
-1.50499 1.3
-1.50475 1.0
-1.5045 0.8
-1.50426 0.5
-1.50401 0.2
-1.50377 0.0
-1.50353 -0.3
-1.50328 -0.5
-1.50304 -0.8
-1.50279 -1.0
-1.50255 -1.3
-1.50231 -1.5
-1.50206 -1.7
-1.50182 -2.0
-1.50157 -2.2
-1.50133 -2.5
-1.50109 -2.7
-1.50084 -2.9
-1.5006 -3.1
-1.50035 -3.3
-1.50011 -3.6
-1.49986 -3.8
-1.49962 -4.0
-1.49938 -4.1
-1.49913 -4.3
-1.49889 -4.5
-1.49864 -4.7
-1.4984 -4.8
-1.49816 -5.0
-1.49791 -5.1
-1.49767 -5.3
-1.49742 -5.4
-1.49718 -5.5
-1.49693 -5.6
-1.49669 -5.7
-1.49645 -5.8
-1.4962 -5.9
-1.49596 -5.9
-1.49571 -6.0
-1.49547 -6.0
-1.49523 -6.1
-1.49498 -6.1
-1.49474 -6.1
-1.49449 -6.1
-1.49425 -6.1
-1.49401 -6.1
-1.49376 -6.1
-1.49352 -6.1
-1.49327 -6.0
-1.49303 -5.9
-1.49278 -5.9
-1.49254 -5.8
-1.4923 -5.7
-1.49205 -5.6
-1.49181 -5.5
-1.49156 -5.4
-1.49132 -5.3
-1.49108 -5.1
-1.49083 -5.0
-1.49059 -4.8
-1.49034 -4.7
-1.4901 -4.5
-1.48985 -4.3
-1.48961 -4.2
-1.48937 -4.0
-1.48912 -3.8
-1.48888 -3.6
-1.48863 -3.4
-1.48839 -3.1
-1.48815 -2.9
-1.4879 -2.7
-1.48766 -2.5
-1.48741 -2.2
-1.48717 -2.0
-1.48693 -1.8
-1.48668 -1.5
-1.48644 -1.3
-1.48619 -1.0
-1.48595 -0.8
-1.4857 -0.5
-1.48546 -0.3
-1.48522 0.0
-1.48497 0.3
-1.48473 0.5
-1.48448 0.8
-1.48424 1.0
-1.484 1.3
-1.48375 1.5
-1.48351 1.8
-1.48326 2.0
-1.48302 2.2
-1.48277 2.5
-1.48253 2.7
-1.48229 2.9
-1.48204 3.2
-1.4818 3.4
-1.48155 3.6
-1.48131 3.8
-1.48107 4.0
-1.48082 4.2
-1.48058 4.4
-1.48033 4.5
-1.48009 4.7
-1.47985 4.9
-1.4796 5.0
-1.47936 5.2
-1.47911 5.3
-1.47887 5.4
-1.47862 5.5
-1.47838 5.6
-1.47814 5.7
-1.47789 5.8
-1.47765 5.9
-1.4774 6.0
-1.47716 6.0
-1.47692 6.1
-1.47667 6.1
-1.47643 6.1
-1.47618 6.1
-1.47594 6.2
-1.47569 6.1
-1.47545 6.1
-1.47521 6.1
-1.47496 6.1
-1.47472 6.0
-1.47447 6.0
-1.47423 5.9
-1.47399 5.8
-1.47374 5.7
-1.4735 5.6
-1.47325 5.5
-1.47301 5.4
-1.47276 5.3
-1.47252 5.1
-1.47228 5.0
-1.47203 4.8
-1.47179 4.7
-1.47154 4.5
-1.4713 4.3
-1.47106 4.1
-1.47081 3.9
-1.47057 3.7
-1.47032 3.5
-1.47008 3.3
-1.46984 3.1
-1.46959 2.9
-1.46935 2.6
-1.4691 2.4
-1.46886 2.2
-1.46861 1.9
-1.46837 1.7
-1.46813 1.4
-1.46788 1.2
-1.46764 0.9
-1.46739 0.7
-1.46715 0.4
-1.46691 0.2
-1.46666 0.0
-1.46642 -0.3
-1.46617 -0.6
-1.46593 -0.9
-1.46568 -1.1
-1.46544 -1.4
-1.4652 -1.6
-1.46495 -1.9
-1.46471 -2.1
-1.46446 -2.3
-1.46422 -2.6
-1.46398 -2.8
-1.46373 -3.0
-1.46349 -3.3
-1.46324 -3.5
-1.463 -3.7
-1.46276 -3.9
-1.46251 -4.1
-1.46227 -4.3
-1.46202 -4.4
-1.46178 -4.6
-1.46153 -4.8
-1.46129 -4.9
-1.46105 -5.1
-1.4608 -5.2
-1.46056 -5.4
-1.46031 -5.5
-1.46007 -5.6
-1.45983 -5.7
-1.45958 -5.8
-1.45934 -5.9
-1.45909 -6.0
-1.45885 -6.0
-1.4586 -6.1
-1.45836 -6.1
-1.45812 -6.1
-1.45787 -6.2
-1.45763 -6.2
-1.45738 -6.2
-1.45714 -6.2
-1.4569 -6.1
-1.45665 -6.1
-1.45641 -6.1
-1.45616 -6.0
-1.45592 -5.9
-1.45568 -5.9
-1.45543 -5.8
-1.45519 -5.7
-1.45494 -5.6
-1.4547 -5.5
-1.45445 -5.3
-1.45421 -5.2
-1.45397 -5.1
-1.45372 -4.9
-1.45348 -4.7
-1.45323 -4.6
-1.45299 -4.4
-1.45275 -4.2
-1.4525 -4.0
-1.45226 -3.8
-1.45201 -3.6
-1.45177 -3.4
-1.45152 -3.2
-1.45128 -3.0
-1.45104 -2.7
-1.45079 -2.5
-1.45055 -2.3
-1.4503 -2.0
-1.45006 -1.8
-1.44982 -1.5
-1.44957 -1.3
-1.44933 -1.0
-1.44908 -0.8
-1.44884 -0.5
-1.4486 -0.3
-1.44835 0.0
-1.44811 0.3
-1.44786 0.5
-1.44762 0.8
-1.44737 1.0
-1.44713 1.3
-1.44689 1.5
-1.44664 1.8
-1.4464 2.0
-1.44615 2.3
-1.44591 2.5
-1.44567 2.7
-1.44542 3.0
-1.44518 3.2
-1.44493 3.4
-1.44469 3.6
-1.44444 3.8
-1.4442 4.0
-1.44396 4.2
-1.44371 4.4
-1.44347 4.6
-1.44322 4.8
-1.44298 4.9
-1.44274 5.1
-1.44249 5.2
-1.44225 5.4
-1.442 5.5
-1.44176 5.6
-1.44151 5.7
-1.44127 5.8
-1.44103 5.9
-1.44078 6.0
-1.44054 6.0
-1.44029 6.1
-1.44005 6.1
-1.43981 6.2
-1.43956 6.2
-1.43932 6.2
-1.43907 6.2
-1.43883 6.2
-1.43859 6.2
-1.43834 6.1
-1.4381 6.1
-1.43785 6.0
-1.43761 6.0
-1.43736 5.9
-1.43712 5.8
-1.43688 5.7
-1.43663 5.6
-1.43639 5.5
-1.43614 5.4
-1.4359 5.2
-1.43566 5.1
-1.43541 4.9
-1.43517 4.8
-1.43492 4.6
-1.43468 4.4
-1.43443 4.2
-1.43419 4.0
-1.43395 3.8
-1.4337 3.6
-1.43346 3.4
-1.43321 3.2
-1.43297 3.0
-1.43273 2.8
-1.43248 2.5
-1.43224 2.3
-1.43199 2.0
-1.43175 1.8
-1.43151 1.5
-1.43126 1.3
-1.43102 1.0
-1.43077 0.8
-1.43053 0.5
-1.43028 0.2
-1.43004 0.0
-1.4298 -0.3
-1.42955 -0.5
-1.42931 -0.8
-1.42906 -1.0
-1.42882 -1.3
-1.42858 -1.6
-1.42833 -1.8
-1.42809 -2.1
-1.42784 -2.3
-1.4276 -2.5
-1.42735 -2.8
-1.42711 -3.0
-1.42687 -3.2
-1.42662 -3.4
-1.42638 -3.7
-1.42613 -3.9
-1.42589 -4.1
-1.42565 -4.3
-1.4254 -4.4
-1.42516 -4.6
-1.42491 -4.8
-1.42467 -5.0
-1.42443 -5.1
-1.42418 -5.3
-1.42394 -5.4
-1.42369 -5.5
-1.42345 -5.6
-1.4232 -5.7
-1.42296 -5.8
-1.42272 -5.9
-1.42247 -6.0
-1.42223 -6.0
-1.42198 -6.1
-1.42174 -6.1
-1.4215 -6.2
-1.42125 -6.2
-1.42101 -6.2
-1.42076 -6.2
-1.42052 -6.2
-1.42027 -6.2
-1.42003 -6.1
-1.41979 -6.1
-1.41954 -6.0
-1.4193 -6.0
-1.41905 -5.9
-1.41881 -5.8
-1.41857 -5.7
-1.41832 -5.6
-1.41808 -5.5
-1.41783 -5.3
-1.41759 -5.2
-1.41735 -5.1
-1.4171 -4.9
-1.41686 -4.7
-1.41661 -4.6
-1.41637 -4.4
-1.41612 -4.2
-1.41588 -4.0
-1.41564 -3.8
-1.41539 -3.6
-1.41515 -3.4
-1.4149 -3.1
-1.41466 -2.9
-1.41442 -2.7
-1.41417 -2.4
-1.41393 -2.2
-1.41368 -2.0
-1.41344 -1.7
-1.41319 -1.5
-1.41295 -1.2
-1.41271 -0.9
-1.41246 -0.7
-1.41222 -0.4
-1.41197 -0.2
-1.41173 0.1
-1.41149 0.4
-1.41124 0.6
-1.411 0.9
-1.41075 1.1
-1.41051 1.4
-1.41026 1.7
-1.41002 1.9
-1.40978 2.2
-1.40953 2.4
-1.40929 2.6
-1.40904 2.9
-1.4088 3.1
-1.40856 3.3
-1.40831 3.6
-1.40807 3.8
-1.40782 4.0
-1.40758 4.2
-1.40734 4.4
-1.40709 4.5
-1.40685 4.7
-1.4066 4.9
-1.40636 5.0
-1.40611 5.2
-1.40587 5.3
-1.40563 5.5
-1.40538 5.6
-1.40514 5.7
-1.40489 5.8
-1.40465 5.9
-1.40441 6.0
-1.40416 6.0
-1.40392 6.1
-1.40367 6.1
-1.40343 6.2
-1.40318 6.2
-1.40294 6.2
-1.4027 6.2
-1.40245 6.2
-1.40221 6.2
-1.40196 6.2
-1.40172 6.1
-1.40148 6.1
-1.40123 6.0
-1.40099 5.9
-1.40074 5.9
-1.4005 5.8
-1.40026 5.7
-1.40001 5.5
-1.39977 5.4
-1.39952 5.3
-1.39928 5.1
-1.39903 5.0
-1.39879 4.8
-1.39855 4.6
-1.3983 4.5
-1.39806 4.3
-1.39781 4.1
-1.39757 3.9
-1.39733 3.7
-1.39708 3.5
-1.39684 3.2
-1.39659 3.0
-1.39635 2.8
-1.3961 2.5
-1.39586 2.3
-1.39562 2.0
-1.39537 1.8
-1.39513 1.5
-1.39488 1.3
-1.39464 1.0
-1.3944 0.8
-1.39415 0.5
-1.39391 0.2
-1.39366 0.0
-1.39342 -0.3
-1.39318 -0.6
-1.39293 -0.8
-1.39269 -1.1
-1.39244 -1.3
-1.3922 -1.6
-1.39195 -1.8
-1.39171 -2.1
-1.39147 -2.3
-1.39122 -2.6
-1.39098 -2.8
-1.39073 -3.1
-1.39049 -3.3
-1.39025 -3.5
-1.39 -3.7
-1.38976 -3.9
-1.38951 -4.1
-1.38927 -4.3
-1.38902 -4.5
-1.38878 -4.7
-1.38854 -4.9
-1.38829 -5.0
-1.38805 -5.2
-1.3878 -5.3
-1.38756 -5.5
-1.38732 -5.6
-1.38707 -5.7
-1.38683 -5.8
-1.38658 -5.9
-1.38634 -6.0
-1.3861 -6.0
-1.38585 -6.1
-1.38561 -6.2
-1.38536 -6.2
-1.38512 -6.2
-1.38487 -6.2
-1.38463 -6.2
-1.38439 -6.2
-1.38414 -6.2
-1.3839 -6.2
-1.38365 -6.2
-1.38341 -6.1
-1.38317 -6.0
-1.38292 -6.0
-1.38268 -5.9
-1.38243 -5.8
-1.38219 -5.7
-1.38194 -5.6
-1.3817 -5.4
-1.38146 -5.3
-1.38121 -5.2
-1.38097 -5.0
-1.38072 -4.8
-1.38048 -4.7
-1.38024 -4.5
-1.37999 -4.3
-1.37975 -4.1
-1.3795 -3.9
-1.37926 -3.7
-1.37901 -3.5
-1.37877 -3.3
-1.37853 -3.0
-1.37828 -2.8
-1.37804 -2.5
-1.37779 -2.3
-1.37755 -2.1
-1.37731 -1.8
-1.37706 -1.5
-1.37682 -1.3
-1.37657 -1.0
-1.37633 -0.8
-1.37609 -0.5
-1.37584 -0.2
-1.3756 0.0
-1.37535 0.3
-1.37511 0.6
-1.37486 0.8
-1.37462 1.1
-1.37438 1.4
-1.37413 1.6
-1.37389 1.9
-1.37364 2.1
-1.3734 2.4
-1.37316 2.6
-1.37291 2.9
-1.37267 3.1
-1.37242 3.3
-1.37218 3.5
-1.37193 3.8
-1.37169 4.0
-1.37145 4.2
-1.3712 4.4
-1.37096 4.6
-1.37071 4.7
-1.37047 4.9
-1.37023 5.1
-1.36998 5.2
-1.36974 5.4
-1.36949 5.5
-1.36925 5.6
-1.36901 5.7
-1.36876 5.8
-1.36852 5.9
-1.36827 6.0
-1.36803 6.1
-1.36778 6.1
-1.36754 6.2
-1.3673 6.2
-1.36705 6.2
-1.36681 6.3
-1.36656 6.3
-1.36632 6.3
-1.36608 6.2
-1.36583 6.2
-1.36559 6.2
-1.36534 6.1
-1.3651 6.0
-1.36485 6.0
-1.36461 5.9
-1.36437 5.8
-1.36412 5.7
-1.36388 5.5
-1.36363 5.4
-1.36339 5.3
-1.36315 5.1
-1.3629 5.0
-1.36266 4.8
-1.36241 4.6
-1.36217 4.4
-1.36193 4.3
-1.36168 4.1
-1.36144 3.8
-1.36119 3.6
-1.36095 3.4
-1.3607 3.2
-1.36046 3.0
-1.36022 2.7
-1.35997 2.5
-1.35973 2.2
-1.35948 2.0
-1.35924 1.7
-1.359 1.5
-1.35875 1.2
-1.35851 0.9
-1.35826 0.7
-1.35802 0.4
-1.35777 0.1
-1.35753 -0.1
-1.35729 -0.4
-1.35704 -0.7
-1.3568 -0.9
-1.35655 -1.2
-1.35631 -1.5
-1.35607 -1.7
-1.35582 -2.0
-1.35558 -2.2
-1.35533 -2.5
-1.35509 -2.7
-1.35485 -3.0
-1.3546 -3.2
-1.35436 -3.4
-1.35411 -3.7
-1.35387 -3.9
-1.35362 -4.1
-1.35338 -4.3
-1.35314 -4.5
-1.35289 -4.7
-1.35265 -4.8
-1.3524 -5.0
-1.35216 -5.2
-1.35192 -5.3
-1.35167 -5.4
-1.35143 -5.6
-1.35118 -5.7
-1.35094 -5.8
-1.35069 -5.9
-1.35045 -6.0
-1.35021 -6.1
-1.34996 -6.1
-1.34972 -6.2
-1.34947 -6.2
-1.34923 -6.3
-1.34899 -6.3
-1.34874 -6.3
-1.3485 -6.3
-1.34825 -6.3
-1.34801 -6.2
-1.34776 -6.2
-1.34752 -6.1
-1.34728 -6.1
-1.34703 -6.0
-1.34679 -5.9
-1.34654 -5.8
-1.3463 -5.7
-1.34606 -5.6
-1.34581 -5.5
-1.34557 -5.4
-1.34532 -5.2
-1.34508 -5.0
-1.34484 -4.9
-1.34459 -4.7
-1.34435 -4.5
-1.3441 -4.3
-1.34386 -4.1
-1.34361 -3.9
-1.34337 -3.7
-1.34313 -3.5
-1.34288 -3.3
-1.34264 -3.0
-1.34239 -2.8
-1.34215 -2.6
-1.34191 -2.3
-1.34166 -2.0
-1.34142 -1.8
-1.34117 -1.5
-1.34093 -1.3
-1.34068 -1.0
-1.34044 -0.7
-1.3402 -0.5
-1.33995 -0.2
-1.33971 0.0
-1.33946 0.3
-1.33922 0.6
-1.33898 0.9
-1.33873 1.2
-1.33849 1.4
-1.33824 1.7
-1.338 1.9
-1.33776 2.2
-1.33751 2.4
-1.33727 2.7
-1.33702 2.9
-1.33678 3.2
-1.33653 3.4
-1.33629 3.6
-1.33605 3.8
-1.3358 4.1
-1.33556 4.3
-1.33531 4.5
-1.33507 4.6
-1.33483 4.8
-1.33458 5.0
-1.33434 5.2
-1.33409 5.3
-1.33385 5.4
-1.3336 5.6
-1.33336 5.7
-1.33312 5.8
-1.33287 5.9
-1.33263 6.0
-1.33238 6.1
-1.33214 6.1
-1.3319 6.2
-1.33165 6.2
-1.33141 6.3
-1.33116 6.3
-1.33092 6.3
-1.33068 6.3
-1.33043 6.3
-1.33019 6.3
-1.32994 6.2
-1.3297 6.2
-1.32945 6.1
-1.32921 6.0
-1.32897 6.0
-1.32872 5.9
-1.32848 5.8
-1.32823 5.6
-1.32799 5.5
-1.32775 5.4
-1.3275 5.2
-1.32726 5.1
-1.32701 4.9
-1.32677 4.7
-1.32652 4.5
-1.32628 4.3
-1.32604 4.1
-1.32579 3.9
-1.32555 3.7
-1.3253 3.5
-1.32506 3.3
-1.32482 3.0
-1.32457 2.8
-1.32433 2.5
-1.32408 2.3
-1.32384 2.0
-1.3236 1.8
-1.32335 1.5
-1.32311 1.3
-1.32286 1.0
-1.32262 0.7
-1.32237 0.4
-1.32213 0.2
-1.32189 -0.1
-1.32164 -0.4
-1.3214 -0.6
-1.32115 -0.9
-1.32091 -1.2
-1.32067 -1.5
-1.32042 -1.7
-1.32018 -2.0
-1.31993 -2.2
-1.31969 -2.5
-1.31944 -2.7
-1.3192 -3.0
-1.31896 -3.2
-1.31871 -3.4
-1.31847 -3.7
-1.31822 -3.9
-1.31798 -4.1
-1.31774 -4.3
-1.31749 -4.5
-1.31725 -4.7
-1.317 -4.9
-1.31676 -5.0
-1.31651 -5.2
-1.31627 -5.3
-1.31603 -5.5
-1.31578 -5.6
-1.31554 -5.7
-1.31529 -5.8
-1.31505 -5.9
-1.31481 -6.0
-1.31456 -6.1
-1.31432 -6.2
-1.31407 -6.2
-1.31383 -6.3
-1.31359 -6.3
-1.31334 -6.3
-1.3131 -6.3
-1.31285 -6.3
-1.31261 -6.3
-1.31236 -6.3
-1.31212 -6.2
-1.31188 -6.2
-1.31163 -6.1
-1.31139 -6.0
-1.31114 -5.9
-1.3109 -5.8
-1.31066 -5.7
-1.31041 -5.6
-1.31017 -5.5
-1.30992 -5.3
-1.30968 -5.2
-1.30943 -5.0
-1.30919 -4.9
-1.30895 -4.7
-1.3087 -4.5
-1.30846 -4.3
-1.30821 -4.1
-1.30797 -3.9
-1.30773 -3.7
-1.30748 -3.4
-1.30724 -3.2
-1.30699 -3.0
-1.30675 -2.7
-1.30651 -2.5
-1.30626 -2.2
-1.30602 -1.9
-1.30577 -1.7
-1.30553 -1.4
-1.30528 -1.1
-1.30504 -0.9
-1.3048 -0.6
-1.30455 -0.3
-1.30431 0.0
-1.30406 0.2
-1.30382 0.5
-1.30358 0.8
-1.30333 1.0
-1.30309 1.3
-1.30284 1.6
-1.3026 1.8
-1.30235 2.1
-1.30211 2.4
-1.30187 2.6
-1.30162 2.9
-1.30138 3.1
-1.30113 3.3
-1.30089 3.6
-1.30065 3.8
-1.3004 4.0
-1.30016 4.2
-1.29991 4.4
-1.29967 4.6
-1.29943 4.8
-1.29918 5.0
-1.29894 5.1
-1.29869 5.3
-1.29845 5.4
-1.2982 5.6
-1.29796 5.7
-1.29772 5.8
-1.29747 5.9
-1.29723 6.0
-1.29698 6.1
-1.29674 6.2
-1.2965 6.2
-1.29625 6.3
-1.29601 6.3
-1.29576 6.3
-1.29552 6.3
-1.29527 6.3
-1.29503 6.3
-1.29479 6.3
-1.29454 6.3
-1.2943 6.2
-1.29405 6.2
-1.29381 6.1
-1.29357 6.0
-1.29332 5.9
-1.29308 5.8
-1.29283 5.7
-1.29259 5.5
-1.29235 5.4
-1.2921 5.3
-1.29186 5.1
-1.29161 4.9
-1.29137 4.7
-1.29112 4.6
-1.29088 4.4
-1.29064 4.2
-1.29039 3.9
-1.29015 3.7
-1.2899 3.5
-1.28966 3.3
-1.28942 3.0
-1.28917 2.8
-1.28893 2.5
-1.28868 2.3
-1.28844 2.0
-1.28819 1.8
-1.28795 1.5
-1.28771 1.2
-1.28746 0.9
-1.28722 0.7
-1.28697 0.4
-1.28673 0.1
-1.28649 -0.2
-1.28624 -0.4
-1.286 -0.7
-1.28575 -1.0
-1.28551 -1.3
-1.28526 -1.5
-1.28502 -1.8
-1.28478 -2.1
-1.28453 -2.3
-1.28429 -2.6
-1.28404 -2.8
-1.2838 -3.1
-1.28356 -3.3
-1.28331 -3.6
-1.28307 -3.8
-1.28282 -4.0
-1.28258 -4.2
-1.28234 -4.4
-1.28209 -4.6
-1.28185 -4.8
-1.2816 -5.0
-1.28136 -5.1
-1.28111 -5.3
-1.28087 -5.4
-1.28063 -5.6
-1.28038 -5.7
-1.28014 -5.8
-1.27989 -5.9
-1.27965 -6.0
-1.27941 -6.1
-1.27916 -6.2
-1.27892 -6.2
-1.27867 -6.3
-1.27843 -6.3
-1.27818 -6.3
-1.27794 -6.4
-1.2777 -6.4
-1.27745 -6.3
-1.27721 -6.3
-1.27696 -6.3
-1.27672 -6.2
-1.27648 -6.2
-1.27623 -6.1
-1.27599 -6.0
-1.27574 -5.9
-1.2755 -5.8
-1.27526 -5.7
-1.27501 -5.6
-1.27477 -5.4
-1.27452 -5.3
-1.27428 -5.1
-1.27403 -4.9
-1.27379 -4.8
-1.27355 -4.6
-1.2733 -4.4
-1.27306 -4.2
-1.27281 -3.9
-1.27257 -3.7
-1.27233 -3.5
-1.27208 -3.3
-1.27184 -3.0
-1.27159 -2.8
-1.27135 -2.5
-1.2711 -2.3
-1.27086 -2.0
-1.27062 -1.7
-1.27037 -1.5
-1.27013 -1.2
-1.26988 -0.9
-1.26964 -0.6
-1.2694 -0.4
-1.26915 0.0
-1.26891 0.2
-1.26866 0.5
-1.26842 0.8
-1.26818 1.0
-1.26793 1.3
-1.26769 1.6
-1.26744 1.9
-1.2672 2.1
-1.26695 2.4
-1.26671 2.6
-1.26647 2.9
-1.26622 3.1
-1.26598 3.4
-1.26573 3.6
-1.26549 3.8
-1.26525 4.1
-1.265 4.3
-1.26476 4.5
-1.26451 4.7
-1.26427 4.9
-1.26402 5.0
-1.26378 5.2
-1.26354 5.4
-1.26329 5.5
-1.26305 5.6
-1.2628 5.8
-1.26256 5.9
-1.26232 6.0
-1.26207 6.1
-1.26183 6.2
-1.26158 6.2
-1.26134 6.3
-1.2611 6.3
-1.26085 6.4
-1.26061 6.4
-1.26036 6.4
-1.26012 6.4
-1.25987 6.4
-1.25963 6.3
-1.25939 6.3
-1.25914 6.2
-1.2589 6.2
-1.25865 6.1
-1.25841 6.0
-1.25817 5.9
-1.25792 5.8
-1.25768 5.7
-1.25743 5.5
-1.25719 5.4
-1.25694 5.2
-1.2567 5.1
-1.25646 4.9
-1.25621 4.7
-1.25597 4.5
-1.25572 4.3
-1.25548 4.1
-1.25524 3.9
-1.25499 3.6
-1.25475 3.4
-1.2545 3.2
-1.25426 2.9
-1.25401 2.7
-1.25377 2.4
-1.25353 2.1
-1.25328 1.9
-1.25304 1.6
-1.25279 1.3
-1.25255 1.1
-1.25231 0.8
-1.25206 0.5
-1.25182 0.2
-1.25157 0.0
-1.25133 -0.3
-1.25109 -0.6
-1.25084 -0.9
-1.2506 -1.2
-1.25035 -1.5
-1.25011 -1.7
-1.24986 -2.0
-1.24962 -2.3
-1.24938 -2.5
-1.24913 -2.8
-1.24889 -3.0
-1.24864 -3.3
-1.2484 -3.5
-1.24816 -3.8
-1.24791 -4.0
-1.24767 -4.2
-1.24742 -4.4
-1.24718 -4.6
-1.24693 -4.8
-1.24669 -5.0
-1.24645 -5.1
-1.2462 -5.3
-1.24596 -5.5
-1.24571 -5.6
-1.24547 -5.7
-1.24523 -5.9
-1.24498 -6.0
-1.24474 -6.1
-1.24449 -6.1
-1.24425 -6.2
-1.24401 -6.3
-1.24376 -6.3
-1.24352 -6.4
-1.24327 -6.4
-1.24303 -6.4
-1.24278 -6.4
-1.24254 -6.4
-1.2423 -6.4
-1.24205 -6.3
-1.24181 -6.3
-1.24156 -6.2
-1.24132 -6.1
-1.24108 -6.0
-1.24083 -5.9
-1.24059 -5.8
-1.24034 -5.7
-1.2401 -5.6
-1.23985 -5.4
-1.23961 -5.3
-1.23937 -5.1
-1.23912 -4.9
-1.23888 -4.8
-1.23863 -4.6
-1.23839 -4.4
-1.23815 -4.1
-1.2379 -3.9
-1.23766 -3.7
-1.23741 -3.5
-1.23717 -3.2
-1.23693 -3.0
-1.23668 -2.7
-1.23644 -2.5
-1.23619 -2.2
-1.23595 -1.9
-1.2357 -1.7
-1.23546 -1.4
-1.23522 -1.1
-1.23497 -0.8
-1.23473 -0.5
-1.23448 -0.3
-1.23424 0.0
-1.234 0.3
-1.23375 0.6
-1.23351 0.9
-1.23326 1.2
-1.23302 1.4
-1.23277 1.7
-1.23253 2.0
-1.23229 2.2
-1.23204 2.5
-1.2318 2.8
-1.23155 3.0
-1.23131 3.3
-1.23107 3.5
-1.23082 3.7
-1.23058 4.0
-1.23033 4.2
-1.23009 4.4
-1.22985 4.6
-1.2296 4.8
-1.22936 5.0
-1.22911 5.2
-1.22887 5.3
-1.22862 5.5
-1.22838 5.6
-1.22814 5.8
-1.22789 5.9
-1.22765 6.0
-1.2274 6.1
-1.22716 6.2
-1.22692 6.2
-1.22667 6.3
-1.22643 6.3
-1.22618 6.4
-1.22594 6.4
-1.22569 6.4
-1.22545 6.4
-1.22521 6.4
-1.22496 6.4
-1.22472 6.3
-1.22447 6.3
-1.22423 6.2
-1.22399 6.1
-1.22374 6.1
-1.2235 6.0
-1.22325 5.8
-1.22301 5.7
-1.22276 5.6
-1.22252 5.4
-1.22228 5.3
-1.22203 5.1
-1.22179 4.9
-1.22154 4.8
-1.2213 4.6
-1.22106 4.4
-1.22081 4.1
-1.22057 3.9
-1.22032 3.7
-1.22008 3.4
-1.21984 3.2
-1.21959 3.0
-1.21935 2.7
-1.2191 2.4
-1.21886 2.2
-1.21861 1.9
-1.21837 1.6
-1.21813 1.3
-1.21788 1.1
-1.21764 0.8
-1.21739 0.5
-1.21715 0.2
-1.21691 0.0
-1.21666 -0.4
-1.21642 -0.7
-1.21617 -0.9
-1.21593 -1.2
-1.21568 -1.5
-1.21544 -1.8
-1.2152 -2.0
-1.21495 -2.3
-1.21471 -2.6
-1.21446 -2.8
-1.21422 -3.1
-1.21398 -3.3
-1.21373 -3.6
-1.21349 -3.8
-1.21324 -4.0
-1.213 -4.3
-1.21276 -4.5
-1.21251 -4.7
-1.21227 -4.9
-1.21202 -5.1
-1.21178 -5.2
-1.21153 -5.4
-1.21129 -5.5
-1.21105 -5.7
-1.2108 -5.8
-1.21056 -5.9
-1.21031 -6.0
-1.21007 -6.1
-1.20983 -6.2
-1.20958 -6.3
-1.20934 -6.3
-1.20909 -6.4
-1.20885 -6.4
-1.2086 -6.4
-1.20836 -6.4
-1.20812 -6.4
-1.20787 -6.4
-1.20763 -6.4
-1.20738 -6.3
-1.20714 -6.3
-1.2069 -6.2
-1.20665 -6.1
-1.20641 -6.0
-1.20616 -5.9
-1.20592 -5.8
-1.20568 -5.7
-1.20543 -5.5
-1.20519 -5.4
-1.20494 -5.2
-1.2047 -5.1
-1.20445 -4.9
-1.20421 -4.7
-1.20397 -4.5
-1.20372 -4.3
-1.20348 -4.0
-1.20323 -3.8
-1.20299 -3.6
-1.20275 -3.3
-1.2025 -3.1
-1.20226 -2.8
-1.20201 -2.6
-1.20177 -2.3
-1.20152 -2.0
-1.20128 -1.8
-1.20104 -1.5
-1.20079 -1.2
-1.20055 -0.9
-1.2003 -0.6
-1.20006 -0.3
-1.19982 0.0
-1.19957 0.2
-1.19933 0.5
-1.19908 0.8
-1.19884 1.1
-1.1986 1.4
-1.19835 1.7
-1.19811 1.9
-1.19786 2.2
-1.19762 2.5
-1.19737 2.8
-1.19713 3.0
-1.19689 3.3
-1.19664 3.5
-1.1964 3.7
-1.19615 4.0
-1.19591 4.2
-1.19567 4.4
-1.19542 4.6
-1.19518 4.8
-1.19493 5.0
-1.19469 5.2
-1.19444 5.4
-1.1942 5.5
-1.19396 5.7
-1.19371 5.8
-1.19347 5.9
-1.19322 6.0
-1.19298 6.1
-1.19274 6.2
-1.19249 6.3
-1.19225 6.3
-1.192 6.4
-1.19176 6.4
-1.19151 6.5
-1.19127 6.5
-1.19103 6.5
-1.19078 6.4
-1.19054 6.4
-1.19029 6.4
-1.19005 6.3
-1.18981 6.3
-1.18956 6.2
-1.18932 6.1
-1.18907 6.0
-1.18883 5.9
-1.18859 5.7
-1.18834 5.6
-1.1881 5.4
-1.18785 5.3
-1.18761 5.1
-1.18736 4.9
-1.18712 4.7
-1.18688 4.5
-1.18663 4.3
-1.18639 4.1
-1.18614 3.9
-1.1859 3.6
-1.18566 3.4
-1.18541 3.1
-1.18517 2.9
-1.18492 2.6
-1.18468 2.3
-1.18443 2.1
-1.18419 1.8
-1.18395 1.5
-1.1837 1.2
-1.18346 0.9
-1.18321 0.7
-1.18297 0.4
-1.18273 0.0
-1.18248 -0.2
-1.18224 -0.5
-1.18199 -0.8
-1.18175 -1.1
-1.18151 -1.4
-1.18126 -1.7
-1.18102 -1.9
-1.18077 -2.2
-1.18053 -2.5
-1.18028 -2.8
-1.18004 -3.0
-1.1798 -3.3
-1.17955 -3.5
-1.17931 -3.8
-1.17906 -4.0
-1.17882 -4.2
-1.17858 -4.4
-1.17833 -4.6
-1.17809 -4.8
-1.17784 -5.0
-1.1776 -5.2
-1.17735 -5.4
-1.17711 -5.5
-1.17687 -5.7
-1.17662 -5.8
-1.17638 -5.9
-1.17613 -6.1
-1.17589 -6.2
-1.17565 -6.2
-1.1754 -6.3
-1.17516 -6.4
-1.17491 -6.4
-1.17467 -6.5
-1.17443 -6.5
-1.17418 -6.5
-1.17394 -6.5
-1.17369 -6.5
-1.17345 -6.4
-1.1732 -6.4
-1.17296 -6.3
-1.17272 -6.3
-1.17247 -6.2
-1.17223 -6.1
-1.17198 -6.0
-1.17174 -5.9
-1.1715 -5.7
-1.17125 -5.6
-1.17101 -5.4
-1.17076 -5.3
-1.17052 -5.1
-1.17027 -4.9
-1.17003 -4.7
-1.16979 -4.5
-1.16954 -4.3
-1.1693 -4.1
-1.16905 -3.8
-1.16881 -3.6
-1.16857 -3.3
-1.16832 -3.1
-1.16808 -2.8
-1.16783 -2.6
-1.16759 -2.3
-1.16735 -2.0
-1.1671 -1.7
-1.16686 -1.4
-1.16661 -1.2
-1.16637 -0.9
-1.16612 -0.6
-1.16588 -0.3
-1.16564 0.0
-1.16539 0.3
-1.16515 0.6
-1.1649 0.9
-1.16466 1.2
-1.16442 1.5
-1.16417 1.8
-1.16393 2.0
-1.16368 2.3
-1.16344 2.6
-1.16319 2.8
-1.16295 3.1
-1.16271 3.4
-1.16246 3.6
-1.16222 3.9
-1.16197 4.1
-1.16173 4.3
-1.16149 4.5
-1.16124 4.7
-1.161 4.9
-1.16075 5.1
-1.16051 5.3
-1.16026 5.5
-1.16002 5.6
-1.15978 5.8
-1.15953 5.9
-1.15929 6.0
-1.15904 6.1
-1.1588 6.2
-1.15856 6.3
-1.15831 6.4
-1.15807 6.4
-1.15782 6.5
-1.15758 6.5
-1.15734 6.5
-1.15709 6.5
-1.15685 6.5
-1.1566 6.5
-1.15636 6.4
-1.15611 6.4
-1.15587 6.3
-1.15563 6.2
-1.15538 6.2
-1.15514 6.1
-1.15489 5.9
-1.15465 5.8
-1.15441 5.7
-1.15416 5.5
-1.15392 5.4
-1.15367 5.2
-1.15343 5.0
-1.15318 4.8
-1.15294 4.6
-1.1527 4.4
-1.15245 4.2
-1.15221 3.9
-1.15196 3.7
-1.15172 3.5
-1.15148 3.2
-1.15123 2.9
-1.15099 2.7
-1.15074 2.4
-1.1505 2.1
-1.15026 1.8
-1.15001 1.6
-1.14977 1.3
-1.14952 1.0
-1.14928 0.7
-1.14903 0.4
-1.14879 0.0
-1.14855 -0.2
-1.1483 -0.5
-1.14806 -0.8
-1.14781 -1.1
-1.14757 -1.4
-1.14733 -1.7
-1.14708 -1.9
-1.14684 -2.2
-1.14659 -2.5
-1.14635 -2.8
-1.1461 -3.0
-1.14586 -3.3
-1.14562 -3.6
-1.14537 -3.8
-1.14513 -4.0
-1.14488 -4.3
-1.14464 -4.5
-1.1444 -4.7
-1.14415 -4.9
-1.14391 -5.1
-1.14366 -5.3
-1.14342 -5.4
-1.14318 -5.6
-1.14293 -5.7
-1.14269 -5.9
-1.14244 -6.0
-1.1422 -6.1
-1.14195 -6.2
-1.14171 -6.3
-1.14147 -6.4
-1.14122 -6.4
-1.14098 -6.5
-1.14073 -6.5
-1.14049 -6.5
-1.14025 -6.5
-1.14 -6.5
-1.13976 -6.5
-1.13951 -6.5
-1.13927 -6.4
-1.13902 -6.4
-1.13878 -6.3
-1.13854 -6.2
-1.13829 -6.1
-1.13805 -6.0
-1.1378 -5.9
-1.13756 -5.7
-1.13732 -5.6
-1.13707 -5.4
-1.13683 -5.2
-1.13658 -5.0
-1.13634 -4.8
-1.1361 -4.6
-1.13585 -4.4
-1.13561 -4.2
-1.13536 -4.0
-1.13512 -3.7
-1.13487 -3.5
-1.13463 -3.2
-1.13439 -3.0
-1.13414 -2.7
-1.1339 -2.4
-1.13365 -2.1
-1.13341 -1.9
-1.13317 -1.6
-1.13292 -1.3
-1.13268 -1.0
-1.13243 -0.7
-1.13219 -0.4
-1.13194 0.0
-1.1317 0.2
-1.13146 0.5
-1.13121 0.8
-1.13097 1.1
-1.13072 1.4
-1.13048 1.7
-1.13024 2.0
-1.12999 2.2
-1.12975 2.5
-1.1295 2.8
-1.12926 3.1
-1.12901 3.3
-1.12877 3.6
-1.12853 3.8
-1.12828 4.1
-1.12804 4.3
-1.12779 4.5
-1.12755 4.7
-1.12731 4.9
-1.12706 5.1
-1.12682 5.3
-1.12657 5.5
-1.12633 5.6
-1.12609 5.8
-1.12584 5.9
-1.1256 6.0
-1.12535 6.1
-1.12511 6.2
-1.12486 6.3
-1.12462 6.4
-1.12438 6.5
-1.12413 6.5
-1.12389 6.5
-1.12364 6.5
-1.1234 6.6
-1.12316 6.5
-1.12291 6.5
-1.12267 6.5
-1.12242 6.4
-1.12218 6.4
-1.12193 6.3
-1.12169 6.2
-1.12145 6.1
-1.1212 6.0
-1.12096 5.8
-1.12071 5.7
-1.12047 5.5
-1.12023 5.4
-1.11998 5.2
-1.11974 5.0
-1.11949 4.8
-1.11925 4.6
-1.11901 4.4
-1.11876 4.2
-1.11852 3.9
-1.11827 3.7
-1.11803 3.4
-1.11778 3.2
-1.11754 2.9
-1.1173 2.6
-1.11705 2.3
-1.11681 2.1
-1.11656 1.8
-1.11632 1.5
-1.11608 1.2
-1.11583 0.9
-1.11559 0.6
-1.11534 0.3
-1.1151 0.0
-1.11485 -0.3
-1.11461 -0.6
-1.11437 -0.9
-1.11412 -1.2
-1.11388 -1.5
-1.11363 -1.8
-1.11339 -2.1
-1.11315 -2.4
-1.1129 -2.6
-1.11266 -2.9
-1.11241 -3.2
-1.11217 -3.4
-1.11193 -3.7
-1.11168 -3.9
-1.11144 -4.2
-1.11119 -4.4
-1.11095 -4.6
-1.1107 -4.8
-1.11046 -5.0
-1.11022 -5.2
-1.10997 -5.4
-1.10973 -5.6
-1.10948 -5.7
-1.10924 -5.9
-1.109 -6.0
-1.10875 -6.1
-1.10851 -6.2
-1.10826 -6.3
-1.10802 -6.4
-1.10777 -6.5
-1.10753 -6.5
-1.10729 -6.5
-1.10704 -6.6
-1.1068 -6.6
-1.10655 -6.6
-1.10631 -6.6
-1.10607 -6.5
-1.10582 -6.5
-1.10558 -6.4
-1.10533 -6.3
-1.10509 -6.3
-1.10485 -6.2
-1.1046 -6.0
-1.10436 -5.9
-1.10411 -5.8
-1.10387 -5.6
-1.10362 -5.5
-1.10338 -5.3
-1.10314 -5.1
-1.10289 -4.9
-1.10265 -4.7
-1.1024 -4.5
-1.10216 -4.3
-1.10192 -4.0
-1.10167 -3.8
-1.10143 -3.5
-1.10118 -3.3
-1.10094 -3.0
-1.10069 -2.7
-1.10045 -2.4
-1.10021 -2.2
-1.09996 -1.9
-1.09972 -1.6
-1.09947 -1.3
-1.09923 -1.0
-1.09899 -0.7
-1.09874 -0.4
-1.0985 0.0
-1.09825 0.2
-1.09801 0.5
-1.09776 0.8
-1.09752 1.1
-1.09728 1.4
-1.09703 1.7
-1.09679 2.0
-1.09654 2.3
-1.0963 2.6
-1.09606 2.9
-1.09581 3.1
-1.09557 3.4
-1.09532 3.7
-1.09508 3.9
-1.09484 4.2
-1.09459 4.4
-1.09435 4.6
-1.0941 4.8
-1.09386 5.0
-1.09361 5.2
-1.09337 5.4
-1.09313 5.6
-1.09288 5.7
-1.09264 5.9
-1.09239 6.0
-1.09215 6.1
-1.09191 6.2
-1.09166 6.3
-1.09142 6.4
-1.09117 6.5
-1.09093 6.5
-1.09068 6.6
-1.09044 6.6
-1.0902 6.6
-1.08995 6.6
-1.08971 6.6
-1.08946 6.5
-1.08922 6.5
-1.08898 6.4
-1.08873 6.4
-1.08849 6.3
-1.08824 6.2
-1.088 6.1
-1.08776 5.9
-1.08751 5.8
-1.08727 5.6
-1.08702 5.5
-1.08678 5.3
-1.08653 5.1
-1.08629 4.9
-1.08605 4.7
-1.0858 4.5
-1.08556 4.3
-1.08531 4.0
-1.08507 3.8
-1.08483 3.5
-1.08458 3.3
-1.08434 3.0
-1.08409 2.7
-1.08385 2.4
-1.0836 2.1
-1.08336 1.9
-1.08312 1.6
-1.08287 1.3
-1.08263 1.0
-1.08238 0.7
-1.08214 0.3
-1.0819 0.0
-1.08165 -0.3
-1.08141 -0.6
-1.08116 -0.9
-1.08092 -1.2
-1.08068 -1.5
-1.08043 -1.8
-1.08019 -2.1
-1.07994 -2.4
-1.0797 -2.6
-1.07945 -2.9
-1.07921 -3.2
-1.07897 -3.5
-1.07872 -3.7
-1.07848 -4.0
-1.07823 -4.2
-1.07799 -4.4
-1.07775 -4.7
-1.0775 -4.9
-1.07726 -5.1
-1.07701 -5.3
-1.07677 -5.5
-1.07652 -5.6
-1.07628 -5.8
-1.07604 -5.9
-1.07579 -6.1
-1.07555 -6.2
-1.0753 -6.3
-1.07506 -6.4
-1.07482 -6.4
-1.07457 -6.5
-1.07433 -6.6
-1.07408 -6.6
-1.07384 -6.6
-1.0736 -6.6
-1.07335 -6.6
-1.07311 -6.6
-1.07286 -6.6
-1.07262 -6.5
-1.07237 -6.4
-1.07213 -6.4
-1.07189 -6.3
-1.07164 -6.2
-1.0714 -6.0
-1.07115 -5.9
-1.07091 -5.8
-1.07067 -5.6
-1.07042 -5.4
-1.07018 -5.3
-1.06993 -5.1
-1.06969 -4.9
-1.06944 -4.6
-1.0692 -4.4
-1.06896 -4.2
-1.06871 -3.9
-1.06847 -3.7
-1.06822 -3.4
-1.06798 -3.2
-1.06774 -2.9
-1.06749 -2.6
-1.06725 -2.3
-1.067 -2.0
-1.06676 -1.7
-1.06651 -1.4
-1.06627 -1.1
-1.06603 -0.8
-1.06578 -0.5
-1.06554 -0.2
-1.06529 0.1
-1.06505 0.4
-1.06481 0.7
-1.06456 1.0
-1.06432 1.3
-1.06407 1.6
-1.06383 1.9
-1.06359 2.2
-1.06334 2.5
-1.0631 2.8
-1.06285 3.1
-1.06261 3.4
-1.06236 3.6
-1.06212 3.9
-1.06188 4.1
-1.06163 4.4
-1.06139 4.6
-1.06114 4.8
-1.0609 5.0
-1.06066 5.2
-1.06041 5.4
-1.06017 5.6
-1.05992 5.7
-1.05968 5.9
-1.05943 6.0
-1.05919 6.1
-1.05895 6.3
-1.0587 6.4
-1.05846 6.4
-1.05821 6.5
-1.05797 6.6
-1.05773 6.6
-1.05748 6.6
-1.05724 6.6
-1.05699 6.6
-1.05675 6.6
-1.05651 6.6
-1.05626 6.5
-1.05602 6.5
-1.05577 6.4
-1.05553 6.3
-1.05528 6.2
-1.05504 6.1
-1.0548 6.0
-1.05455 5.8
-1.05431 5.7
-1.05406 5.5
-1.05382 5.3
-1.05358 5.1
-1.05333 4.9
-1.05309 4.7
-1.05284 4.5
-1.0526 4.3
-1.05235 4.0
-1.05211 3.8
-1.05187 3.5
-1.05162 3.2
-1.05138 3.0
-1.05113 2.7
-1.05089 2.4
-1.05065 2.1
-1.0504 1.8
-1.05016 1.5
-1.04991 1.2
-1.04967 0.9
-1.04943 0.6
-1.04918 0.3
-1.04894 0.0
-1.04869 -0.4
-1.04845 -0.7
-1.0482 -1.0
-1.04796 -1.3
-1.04772 -1.6
-1.04747 -1.9
-1.04723 -2.2
-1.04698 -2.5
-1.04674 -2.8
-1.0465 -3.1
-1.04625 -3.3
-1.04601 -3.6
-1.04576 -3.9
-1.04552 -4.1
-1.04527 -4.4
-1.04503 -4.6
-1.04479 -4.8
-1.04454 -5.0
-1.0443 -5.2
-1.04405 -5.4
-1.04381 -5.6
-1.04357 -5.8
-1.04332 -5.9
-1.04308 -6.0
-1.04283 -6.2
-1.04259 -6.3
-1.04235 -6.4
-1.0421 -6.5
-1.04186 -6.5
-1.04161 -6.6
-1.04137 -6.6
-1.04112 -6.7
-1.04088 -6.7
-1.04064 -6.7
-1.04039 -6.6
-1.04015 -6.6
-1.0399 -6.6
-1.03966 -6.5
-1.03942 -6.4
-1.03917 -6.3
-1.03893 -6.2
-1.03868 -6.1
-1.03844 -6.0
-1.03819 -5.8
-1.03795 -5.7
-1.03771 -5.5
-1.03746 -5.3
-1.03722 -5.1
-1.03697 -4.9
-1.03673 -4.7
-1.03649 -4.5
-1.03624 -4.2
-1.036 -4.0
-1.03575 -3.7
-1.03551 -3.5
-1.03526 -3.2
-1.03502 -2.9
-1.03478 -2.6
-1.03453 -2.3
-1.03429 -2.0
-1.03404 -1.7
-1.0338 -1.4
-1.03356 -1.1
-1.03331 -0.8
-1.03307 -0.5
-1.03282 -0.2
-1.03258 0.1
-1.03234 0.4
-1.03209 0.8
-1.03185 1.1
-1.0316 1.4
-1.03136 1.7
-1.03111 2.0
-1.03087 2.3
-1.03063 2.6
-1.03038 2.9
-1.03014 3.1
-1.02989 3.4
-1.02965 3.7
-1.02941 3.9
-1.02916 4.2
-1.02892 4.4
-1.02867 4.7
-1.02843 4.9
-1.02818 5.1
-1.02794 5.3
-1.0277 5.5
-1.02745 5.7
-1.02721 5.8
-1.02696 6.0
-1.02672 6.1
-1.02648 6.2
-1.02623 6.3
-1.02599 6.4
-1.02574 6.5
-1.0255 6.6
-1.02526 6.6
-1.02501 6.7
-1.02477 6.7
-1.02452 6.7
-1.02428 6.7
-1.02403 6.7
-1.02379 6.6
-1.02355 6.6
-1.0233 6.5
-1.02306 6.4
-1.02281 6.3
-1.02257 6.2
-1.02233 6.1
-1.02208 5.9
-1.02184 5.8
-1.02159 5.6
-1.02135 5.4
-1.0211 5.3
-1.02086 5.1
-1.02062 4.8
-1.02037 4.6
-1.02013 4.4
-1.01988 4.1
-1.01964 3.9
-1.0194 3.6
-1.01915 3.3
-1.01891 3.1
-1.01866 2.8
-1.01842 2.5
-1.01818 2.2
-1.01793 1.9
-1.01769 1.6
-1.01744 1.3
-1.0172 1.0
-1.01695 0.6
-1.01671 0.3
-1.01647 0.0
-1.01622 -0.3
-1.01598 -0.6
-1.01573 -0.9
-1.01549 -1.3
-1.01525 -1.6
-1.015 -1.9
-1.01476 -2.2
-1.01451 -2.5
-1.01427 -2.8
-1.01402 -3.1
-1.01378 -3.3
-1.01354 -3.6
-1.01329 -3.9
-1.01305 -4.1
-1.0128 -4.4
-1.01256 -4.6
-1.01232 -4.8
-1.01207 -5.1
-1.01183 -5.3
-1.01158 -5.5
-1.01134 -5.6
-1.0111 -5.8
-1.01085 -6.0
-1.01061 -6.1
-1.01036 -6.2
-1.01012 -6.3
-1.00987 -6.4
-1.00963 -6.5
-1.00939 -6.6
-1.00914 -6.6
-1.0089 -6.7
-1.00865 -6.7
-1.00841 -6.7
-1.00817 -6.7
-1.00792 -6.7
-1.00768 -6.7
-1.00743 -6.6
-1.00719 -6.5
-1.00694 -6.5
-1.0067 -6.4
-1.00646 -6.3
-1.00621 -6.1
-1.00597 -6.0
-1.00572 -5.8
-1.00548 -5.7
-1.00524 -5.5
-1.00499 -5.3
-1.00475 -5.1
-1.0045 -4.9
-1.00426 -4.7
-1.00401 -4.4
-1.00377 -4.2
-1.00353 -3.9
-1.00328 -3.7
-1.00304 -3.4
-1.00279 -3.1
-1.00255 -2.8
-1.00231 -2.5
-1.00206 -2.2
-1.00182 -1.9
-1.00157 -1.6
-1.00133 -1.3
-1.00109 -1.0
-1.00084 -0.7
-1.0006 -0.3
-1.00035 0.0
-1.00011 0.3
-0.99986 0.6
-0.99962 0.9
-0.99938 1.3
-0.99913 1.6
-0.99889 1.9
-0.99864 2.2
-0.9984 2.5
-0.99816 2.8
-0.99791 3.1
-0.99767 3.4
-0.99742 3.6
-0.99718 3.9
-0.99693 4.2
-0.99669 4.4
-0.99645 4.6
-0.9962 4.9
-0.99596 5.1
-0.99571 5.3
-0.99547 5.5
-0.99523 5.7
-0.99498 5.8
-0.99474 6.0
-0.99449 6.1
-0.99425 6.3
-0.99401 6.4
-0.99376 6.5
-0.99352 6.6
-0.99327 6.6
-0.99303 6.7
-0.99278 6.7
-0.99254 6.7
-0.9923 6.7
-0.99205 6.7
-0.99181 6.7
-0.99156 6.7
-0.99132 6.6
-0.99108 6.5
-0.99083 6.5
-0.99059 6.4
-0.99034 6.3
-0.9901 6.1
-0.98985 6.0
-0.98961 5.8
-0.98937 5.7
-0.98912 5.5
-0.98888 5.3
-0.98863 5.1
-0.98839 4.9
-0.98815 4.6
-0.9879 4.4
-0.98766 4.1
-0.98741 3.9
-0.98717 3.6
-0.98693 3.3
-0.98668 3.0
-0.98644 2.8
-0.98619 2.5
-0.98595 2.1
-0.9857 1.8
-0.98546 1.5
-0.98522 1.2
-0.98497 0.9
-0.98473 0.6
-0.98448 0.2
-0.98424 0.0
-0.984 -0.4
-0.98375 -0.7
-0.98351 -1.1
-0.98326 -1.4
-0.98302 -1.7
-0.98277 -2.0
-0.98253 -2.3
-0.98229 -2.6
-0.98204 -2.9
-0.9818 -3.2
-0.98155 -3.5
-0.98131 -3.8
-0.98107 -4.0
-0.98082 -4.3
-0.98058 -4.5
-0.98033 -4.8
-0.98009 -5.0
-0.97985 -5.2
-0.9796 -5.4
-0.97936 -5.6
-0.97911 -5.8
-0.97887 -5.9
-0.97862 -6.1
-0.97838 -6.2
-0.97814 -6.3
-0.97789 -6.4
-0.97765 -6.5
-0.9774 -6.6
-0.97716 -6.7
-0.97692 -6.7
-0.97667 -6.8
-0.97643 -6.8
-0.97618 -6.8
-0.97594 -6.7
-0.97569 -6.7
-0.97545 -6.7
-0.97521 -6.6
-0.97496 -6.5
-0.97472 -6.4
-0.97447 -6.3
-0.97423 -6.2
-0.97399 -6.1
-0.97374 -5.9
-0.9735 -5.8
-0.97325 -5.6
-0.97301 -5.4
-0.97276 -5.2
-0.97252 -5.0
-0.97228 -4.7
-0.97203 -4.5
-0.97179 -4.2
-0.97154 -4.0
-0.9713 -3.7
-0.97106 -3.4
-0.97081 -3.2
-0.97057 -2.9
-0.97032 -2.6
-0.97008 -2.3
-0.96984 -1.9
-0.96959 -1.6
-0.96935 -1.3
-0.9691 -1.0
-0.96886 -0.7
-0.96861 -0.3
-0.96837 0.0
-0.96813 0.3
-0.96788 0.6
-0.96764 1.0
-0.96739 1.3
-0.96715 1.6
-0.96691 1.9
-0.96666 2.2
-0.96642 2.5
-0.96617 2.8
-0.96593 3.1
-0.96568 3.4
-0.96544 3.7
-0.9652 4.0
-0.96495 4.2
-0.96471 4.5
-0.96446 4.7
-0.96422 5.0
-0.96398 5.2
-0.96373 5.4
-0.96349 5.6
-0.96324 5.8
-0.963 5.9
-0.96276 6.1
-0.96251 6.2
-0.96227 6.3
-0.96202 6.5
-0.96178 6.5
-0.96153 6.6
-0.96129 6.7
-0.96105 6.7
-0.9608 6.8
-0.96056 6.8
-0.96031 6.8
-0.96007 6.8
-0.95983 6.7
-0.95958 6.7
-0.95934 6.6
-0.95909 6.6
-0.95885 6.5
-0.9586 6.4
-0.95836 6.2
-0.95812 6.1
-0.95787 5.9
-0.95763 5.8
-0.95738 5.6
-0.95714 5.4
-0.9569 5.2
-0.95665 5.0
-0.95641 4.8
-0.95616 4.5
-0.95592 4.3
-0.95568 4.0
-0.95543 3.7
-0.95519 3.4
-0.95494 3.2
-0.9547 2.9
-0.95445 2.6
-0.95421 2.3
-0.95397 1.9
-0.95372 1.6
-0.95348 1.3
-0.95323 1.0
-0.95299 0.6
-0.95275 0.3
-0.9525 0.0
-0.95226 -0.3
-0.95201 -0.7
-0.95177 -1.0
-0.95152 -1.3
-0.95128 -1.7
-0.95104 -2.0
-0.95079 -2.3
-0.95055 -2.6
-0.9503 -2.9
-0.95006 -3.2
-0.94982 -3.5
-0.94957 -3.8
-0.94933 -4.0
-0.94908 -4.3
-0.94884 -4.5
-0.9486 -4.8
-0.94835 -5.0
-0.94811 -5.2
-0.94786 -5.4
-0.94762 -5.6
-0.94737 -5.8
-0.94713 -6.0
-0.94689 -6.1
-0.94664 -6.3
-0.9464 -6.4
-0.94615 -6.5
-0.94591 -6.6
-0.94567 -6.7
-0.94542 -6.7
-0.94518 -6.8
-0.94493 -6.8
-0.94469 -6.8
-0.94444 -6.8
-0.9442 -6.8
-0.94396 -6.8
-0.94371 -6.7
-0.94347 -6.6
-0.94322 -6.6
-0.94298 -6.5
-0.94274 -6.3
-0.94249 -6.2
-0.94225 -6.1
-0.942 -5.9
-0.94176 -5.7
-0.94151 -5.6
-0.94127 -5.4
-0.94103 -5.1
-0.94078 -4.9
-0.94054 -4.7
-0.94029 -4.4
-0.94005 -4.2
-0.93981 -3.9
-0.93956 -3.6
-0.93932 -3.3
-0.93907 -3.0
-0.93883 -2.7
-0.93859 -2.4
-0.93834 -2.1
-0.9381 -1.8
-0.93785 -1.5
-0.93761 -1.2
-0.93736 -0.8
-0.93712 -0.5
-0.93688 -0.2
-0.93663 0.2
-0.93639 0.5
-0.93614 0.8
-0.9359 1.2
-0.93566 1.5
-0.93541 1.8
-0.93517 2.1
-0.93492 2.5
-0.93468 2.8
-0.93443 3.1
-0.93419 3.4
-0.93395 3.6
-0.9337 3.9
-0.93346 4.2
-0.93321 4.5
-0.93297 4.7
-0.93273 4.9
-0.93248 5.2
-0.93224 5.4
-0.93199 5.6
-0.93175 5.8
-0.93151 5.9
-0.93126 6.1
-0.93102 6.2
-0.93077 6.4
-0.93053 6.5
-0.93028 6.6
-0.93004 6.7
-0.9298 6.7
-0.92955 6.8
-0.92931 6.8
-0.92906 6.8
-0.92882 6.8
-0.92858 6.8
-0.92833 6.8
-0.92809 6.8
-0.92784 6.7
-0.9276 6.6
-0.92735 6.5
-0.92711 6.4
-0.92687 6.3
-0.92662 6.1
-0.92638 6.0
-0.92613 5.8
-0.92589 5.6
-0.92565 5.4
-0.9254 5.2
-0.92516 5.0
-0.92491 4.8
-0.92467 4.5
-0.92443 4.3
-0.92418 4.0
-0.92394 3.7
-0.92369 3.4
-0.92345 3.1
-0.9232 2.8
-0.92296 2.5
-0.92272 2.2
-0.92247 1.9
-0.92223 1.5
-0.92198 1.2
-0.92174 0.9
-0.9215 0.5
-0.92125 0.2
-0.92101 -0.1
-0.92076 -0.5
-0.92052 -0.8
-0.92027 -1.1
-0.92003 -1.5
-0.91979 -1.8
-0.91954 -2.1
-0.9193 -2.4
-0.91905 -2.7
-0.91881 -3.1
-0.91857 -3.3
-0.91832 -3.6
-0.91808 -3.9
-0.91783 -4.2
-0.91759 -4.5
-0.91735 -4.7
-0.9171 -4.9
-0.91686 -5.2
-0.91661 -5.4
-0.91637 -5.6
-0.91612 -5.8
-0.91588 -6.0
-0.91564 -6.1
-0.91539 -6.3
-0.91515 -6.4
-0.9149 -6.5
-0.91466 -6.6
-0.91442 -6.7
-0.91417 -6.8
-0.91393 -6.8
-0.91368 -6.9
-0.91344 -6.9
-0.91319 -6.9
-0.91295 -6.9
-0.91271 -6.8
-0.91246 -6.8
-0.91222 -6.7
-0.91197 -6.6
-0.91173 -6.5
-0.91149 -6.4
-0.91124 -6.3
-0.911 -6.1
-0.91075 -6.0
-0.91051 -5.8
-0.91026 -5.6
-0.91002 -5.4
-0.90978 -5.2
-0.90953 -5.0
-0.90929 -4.7
-0.90904 -4.5
-0.9088 -4.2
-0.90856 -4.0
-0.90831 -3.7
-0.90807 -3.4
-0.90782 -3.1
-0.90758 -2.8
-0.90734 -2.5
-0.90709 -2.1
-0.90685 -1.8
-0.9066 -1.5
-0.90636 -1.1
-0.90611 -0.8
-0.90587 -0.5
-0.90563 -0.1
-0.90538 0.2
-0.90514 0.5
-0.90489 0.9
-0.90465 1.2
-0.90441 1.6
-0.90416 1.9
-0.90392 2.2
-0.90367 2.5
-0.90343 2.8
-0.90318 3.2
-0.90294 3.5
-0.9027 3.7
-0.90245 4.0
-0.90221 4.3
-0.90196 4.6
-0.90172 4.8
-0.90148 5.0
-0.90123 5.3
-0.90099 5.5
-0.90074 5.7
-0.9005 5.9
-0.90026 6.0
-0.90001 6.2
-0.89977 6.3
-0.89952 6.5
-0.89928 6.6
-0.89903 6.7
-0.89879 6.8
-0.89855 6.8
-0.8983 6.9
-0.89806 6.9
-0.89781 6.9
-0.89757 6.9
-0.89733 6.9
-0.89708 6.8
-0.89684 6.8
-0.89659 6.7
-0.89635 6.6
-0.8961 6.5
-0.89586 6.4
-0.89562 6.2
-0.89537 6.1
-0.89513 5.9
-0.89488 5.7
-0.89464 5.5
-0.8944 5.3
-0.89415 5.1
-0.89391 4.9
-0.89366 4.6
-0.89342 4.4
-0.89318 4.1
-0.89293 3.8
-0.89269 3.5
-0.89244 3.2
-0.8922 2.9
-0.89195 2.6
-0.89171 2.3
-0.89147 2.0
-0.89122 1.6
-0.89098 1.3
-0.89073 0.9
-0.89049 0.6
-0.89025 0.3
-0.89 0.0
-0.88976 -0.4
-0.88951 -0.8
-0.88927 -1.1
-0.88902 -1.4
-0.88878 -1.8
-0.88854 -2.1
-0.88829 -2.4
-0.88805 -2.8
-0.8878 -3.1
-0.88756 -3.4
-0.88732 -3.7
-0.88707 -4.0
-0.88683 -4.2
-0.88658 -4.5
-0.88634 -4.8
-0.8861 -5.0
-0.88585 -5.2
-0.88561 -5.5
-0.88536 -5.7
-0.88512 -5.9
-0.88487 -6.0
-0.88463 -6.2
-0.88439 -6.3
-0.88414 -6.5
-0.8839 -6.6
-0.88365 -6.7
-0.88341 -6.8
-0.88317 -6.8
-0.88292 -6.9
-0.88268 -6.9
-0.88243 -6.9
-0.88219 -6.9
-0.88194 -6.9
-0.8817 -6.9
-0.88146 -6.8
-0.88121 -6.7
-0.88097 -6.7
-0.88072 -6.5
-0.88048 -6.4
-0.88024 -6.3
-0.87999 -6.1
-0.87975 -6.0
-0.8795 -5.8
-0.87926 -5.6
-0.87901 -5.4
-0.87877 -5.2
-0.87853 -4.9
-0.87828 -4.7
-0.87804 -4.4
-0.87779 -4.1
-0.87755 -3.8
-0.87731 -3.6
-0.87706 -3.3
-0.87682 -2.9
-0.87657 -2.6
-0.87633 -2.3
-0.87609 -2.0
-0.87584 -1.6
-0.8756 -1.3
-0.87535 -1.0
-0.87511 -0.6
-0.87486 -0.3
-0.87462 0.0
-0.87438 0.4
-0.87413 0.8
-0.87389 1.1
-0.87364 1.5
-0.8734 1.8
-0.87316 2.1
-0.87291 2.5
-0.87267 2.8
-0.87242 3.1
-0.87218 3.4
-0.87193 3.7
-0.87169 4.0
-0.87145 4.3
-0.8712 4.5
-0.87096 4.8
-0.87071 5.0
-0.87047 5.3
-0.87023 5.5
-0.86998 5.7
-0.86974 5.9
-0.86949 6.1
-0.86925 6.2
-0.86901 6.4
-0.86876 6.5
-0.86852 6.6
-0.86827 6.7
-0.86803 6.8
-0.86778 6.9
-0.86754 6.9
-0.8673 6.9
-0.86705 7.0
-0.86681 6.9
-0.86656 6.9
-0.86632 6.9
-0.86608 6.8
-0.86583 6.7
-0.86559 6.7
-0.86534 6.5
-0.8651 6.4
-0.86485 6.3
-0.86461 6.1
-0.86437 5.9
-0.86412 5.8
-0.86388 5.6
-0.86363 5.3
-0.86339 5.1
-0.86315 4.9
-0.8629 4.6
-0.86266 4.3
-0.86241 4.1
-0.86217 3.8
-0.86193 3.5
-0.86168 3.2
-0.86144 2.8
-0.86119 2.5
-0.86095 2.2
-0.8607 1.9
-0.86046 1.5
-0.86022 1.2
-0.85997 0.8
-0.85973 0.5
-0.85948 0.1
-0.85924 -0.2
-0.859 -0.6
-0.85875 -0.9
-0.85851 -1.3
-0.85826 -1.6
-0.85802 -2.0
-0.85777 -2.3
-0.85753 -2.6
-0.85729 -2.9
-0.85704 -3.3
-0.8568 -3.6
-0.85655 -3.9
-0.85631 -4.1
-0.85607 -4.4
-0.85582 -4.7
-0.85558 -4.9
-0.85533 -5.2
-0.85509 -5.4
-0.85485 -5.6
-0.8546 -5.8
-0.85436 -6.0
-0.85411 -6.2
-0.85387 -6.3
-0.85362 -6.5
-0.85338 -6.6
-0.85314 -6.7
-0.85289 -6.8
-0.85265 -6.9
-0.8524 -6.9
-0.85216 -7.0
-0.85192 -7.0
-0.85167 -7.0
-0.85143 -7.0
-0.85118 -6.9
-0.85094 -6.9
-0.85069 -6.8
-0.85045 -6.7
-0.85021 -6.6
-0.84996 -6.5
-0.84972 -6.4
-0.84947 -6.2
-0.84923 -6.0
-0.84899 -5.8
-0.84874 -5.6
-0.8485 -5.4
-0.84825 -5.2
-0.84801 -5.0
-0.84776 -4.7
-0.84752 -4.4
-0.84728 -4.2
-0.84703 -3.9
-0.84679 -3.6
-0.84654 -3.3
-0.8463 -2.9
-0.84606 -2.6
-0.84581 -2.3
-0.84557 -1.9
-0.84532 -1.6
-0.84508 -1.3
-0.84484 -0.9
-0.84459 -0.6
-0.84435 -0.2
-0.8441 0.2
-0.84386 0.5
-0.84361 0.9
-0.84337 1.2
-0.84313 1.6
-0.84288 1.9
-0.84264 2.2
-0.84239 2.6
-0.84215 2.9
-0.84191 3.2
-0.84166 3.5
-0.84142 3.8
-0.84117 4.1
-0.84093 4.4
-0.84068 4.7
-0.84044 4.9
-0.8402 5.2
-0.83995 5.4
-0.83971 5.6
-0.83946 5.8
-0.83922 6.0
-0.83898 6.2
-0.83873 6.4
-0.83849 6.5
-0.83824 6.6
-0.838 6.7
-0.83776 6.8
-0.83751 6.9
-0.83727 7.0
-0.83702 7.0
-0.83678 7.0
-0.83653 7.0
-0.83629 7.0
-0.83605 7.0
-0.8358 6.9
-0.83556 6.8
-0.83531 6.7
-0.83507 6.6
-0.83483 6.5
-0.83458 6.4
-0.83434 6.2
-0.83409 6.0
-0.83385 5.9
-0.8336 5.7
-0.83336 5.4
-0.83312 5.2
-0.83287 5.0
-0.83263 4.7
-0.83238 4.4
-0.83214 4.1
-0.8319 3.8
-0.83165 3.5
-0.83141 3.2
-0.83116 2.9
-0.83092 2.6
-0.83068 2.2
-0.83043 1.9
-0.83019 1.6
-0.82994 1.2
-0.8297 0.8
-0.82945 0.5
-0.82921 0.1
-0.82897 -0.2
-0.82872 -0.6
-0.82848 -0.9
-0.82823 -1.3
-0.82799 -1.6
-0.82775 -2.0
-0.8275 -2.3
-0.82726 -2.7
-0.82701 -3.0
-0.82677 -3.3
-0.82652 -3.6
-0.82628 -3.9
-0.82604 -4.2
-0.82579 -4.5
-0.82555 -4.8
-0.8253 -5.0
-0.82506 -5.3
-0.82482 -5.5
-0.82457 -5.7
-0.82433 -5.9
-0.82408 -6.1
-0.82384 -6.3
-0.8236 -6.4
-0.82335 -6.6
-0.82311 -6.7
-0.82286 -6.8
-0.82262 -6.9
-0.82237 -7.0
-0.82213 -7.0
-0.82189 -7.0
-0.82164 -7.0
-0.8214 -7.0
-0.82115 -7.0
-0.82091 -7.0
-0.82067 -6.9
-0.82042 -6.8
-0.82018 -6.7
-0.81993 -6.6
-0.81969 -6.5
-0.81944 -6.3
-0.8192 -6.2
-0.81896 -6.0
-0.81871 -5.8
-0.81847 -5.6
-0.81822 -5.3
-0.81798 -5.1
-0.81774 -4.9
-0.81749 -4.6
-0.81725 -4.3
-0.817 -4.0
-0.81676 -3.7
-0.81651 -3.4
-0.81627 -3.1
-0.81603 -2.7
-0.81578 -2.4
-0.81554 -2.1
-0.81529 -1.7
-0.81505 -1.4
-0.81481 -1.0
-0.81456 -0.6
-0.81432 -0.3
-0.81407 0.0
-0.81383 0.4
-0.81359 0.8
-0.81334 1.2
-0.8131 1.5
-0.81285 1.9
-0.81261 2.2
-0.81236 2.6
-0.81212 2.9
-0.81188 3.2
-0.81163 3.5
-0.81139 3.8
-0.81114 4.1
-0.8109 4.4
-0.81066 4.7
-0.81041 5.0
-0.81017 5.2
-0.80992 5.5
-0.80968 5.7
-0.80943 5.9
-0.80919 6.1
-0.80895 6.3
-0.8087 6.4
-0.80846 6.6
-0.80821 6.7
-0.80797 6.8
-0.80773 6.9
-0.80748 7.0
-0.80724 7.0
-0.80699 7.1
-0.80675 7.1
-0.80651 7.1
-0.80626 7.0
-0.80602 7.0
-0.80577 6.9
-0.80553 6.9
-0.80528 6.8
-0.80504 6.7
-0.8048 6.5
-0.80455 6.4
-0.80431 6.2
-0.80406 6.0
-0.80382 5.8
-0.80358 5.6
-0.80333 5.4
-0.80309 5.2
-0.80284 4.9
-0.8026 4.6
-0.80235 4.4
-0.80211 4.1
-0.80187 3.8
-0.80162 3.4
-0.80138 3.1
-0.80113 2.8
-0.80089 2.4
-0.80065 2.1
-0.8004 1.7
-0.80016 1.4
-0.79991 1.0
-0.79967 0.7
-0.79943 0.3
-0.79918 0.0
-0.79894 -0.4
-0.79869 -0.8
-0.79845 -1.2
-0.7982 -1.5
-0.79796 -1.9
-0.79772 -2.2
-0.79747 -2.6
-0.79723 -2.9
-0.79698 -3.2
-0.79674 -3.6
-0.7965 -3.9
-0.79625 -4.2
-0.79601 -4.5
-0.79576 -4.7
-0.79552 -5.0
-0.79527 -5.3
-0.79503 -5.5
-0.79479 -5.7
-0.79454 -5.9
-0.7943 -6.1
-0.79405 -6.3
-0.79381 -6.5
-0.79357 -6.6
-0.79332 -6.7
-0.79308 -6.8
-0.79283 -6.9
-0.79259 -7.0
-0.79235 -7.1
-0.7921 -7.1
-0.79186 -7.1
-0.79161 -7.1
-0.79137 -7.1
-0.79112 -7.0
-0.79088 -7.0
-0.79064 -6.9
-0.79039 -6.8
-0.79015 -6.7
-0.7899 -6.5
-0.78966 -6.4
-0.78942 -6.2
-0.78917 -6.0
-0.78893 -5.8
-0.78868 -5.6
-0.78844 -5.4
-0.78819 -5.1
-0.78795 -4.8
-0.78771 -4.6
-0.78746 -4.3
-0.78722 -4.0
-0.78697 -3.7
-0.78673 -3.4
-0.78649 -3.0
-0.78624 -2.7
-0.786 -2.3
-0.78575 -2.0
-0.78551 -1.6
-0.78526 -1.3
-0.78502 -0.9
-0.78478 -0.5
-0.78453 -0.2
-0.78429 0.2
-0.78404 0.6
-0.7838 0.9
-0.78356 1.3
-0.78331 1.7
-0.78307 2.0
-0.78282 2.4
-0.78258 2.7
-0.78234 3.1
-0.78209 3.4
-0.78185 3.7
-0.7816 4.0
-0.78136 4.3
-0.78111 4.6
-0.78087 4.9
-0.78063 5.2
-0.78038 5.4
-0.78014 5.6
-0.77989 5.9
-0.77965 6.1
-0.77941 6.3
-0.77916 6.4
-0.77892 6.6
-0.77867 6.7
-0.77843 6.8
-0.77818 6.9
-0.77794 7.0
-0.7777 7.1
-0.77745 7.1
-0.77721 7.1
-0.77696 7.1
-0.77672 7.1
-0.77648 7.1
-0.77623 7.0
-0.77599 6.9
-0.77574 6.9
-0.7755 6.7
-0.77526 6.6
-0.77501 6.5
-0.77477 6.3
-0.77452 6.1
-0.77428 5.9
-0.77403 5.7
-0.77379 5.5
-0.77355 5.2
-0.7733 5.0
-0.77306 4.7
-0.77281 4.4
-0.77257 4.1
-0.77233 3.8
-0.77208 3.5
-0.77184 3.1
-0.77159 2.8
-0.77135 2.4
-0.7711 2.1
-0.77086 1.7
-0.77062 1.4
-0.77037 1.0
-0.77013 0.6
-0.76988 0.2
-0.76964 -0.1
-0.7694 -0.5
-0.76915 -0.9
-0.76891 -1.2
-0.76866 -1.6
-0.76842 -2.0
-0.76818 -2.3
-0.76793 -2.7
-0.76769 -3.0
-0.76744 -3.4
-0.7672 -3.7
-0.76695 -4.0
-0.76671 -4.3
-0.76647 -4.6
-0.76622 -4.9
-0.76598 -5.2
-0.76573 -5.4
-0.76549 -5.6
-0.76525 -5.9
-0.765 -6.1
-0.76476 -6.3
-0.76451 -6.4
-0.76427 -6.6
-0.76402 -6.7
-0.76378 -6.9
-0.76354 -7.0
-0.76329 -7.0
-0.76305 -7.1
-0.7628 -7.1
-0.76256 -7.2
-0.76232 -7.2
-0.76207 -7.1
-0.76183 -7.1
-0.76158 -7.1
-0.76134 -7.0
-0.7611 -6.9
-0.76085 -6.8
-0.76061 -6.6
-0.76036 -6.5
-0.76012 -6.3
-0.75987 -6.1
-0.75963 -5.9
-0.75939 -5.7
-0.75914 -5.5
-0.7589 -5.2
-0.75865 -5.0
-0.75841 -4.7
-0.75817 -4.4
-0.75792 -4.1
-0.75768 -3.8
-0.75743 -3.4
-0.75719 -3.1
-0.75694 -2.8
-0.7567 -2.4
-0.75646 -2.0
-0.75621 -1.7
-0.75597 -1.3
-0.75572 -0.9
-0.75548 -0.6
-0.75524 -0.2
-0.75499 0.2
-0.75475 0.6
-0.7545 1.0
-0.75426 1.3
-0.75401 1.7
-0.75377 2.1
-0.75353 2.4
-0.75328 2.8
-0.75304 3.1
-0.75279 3.5
-0.75255 3.8
-0.75231 4.1
-0.75206 4.4
-0.75182 4.7
-0.75157 5.0
-0.75133 5.2
-0.75109 5.5
-0.75084 5.7
-0.7506 6.0
-0.75035 6.2
-0.75011 6.4
-0.74986 6.5
-0.74962 6.7
-0.74938 6.8
-0.74913 6.9
-0.74889 7.0
-0.74864 7.1
-0.7484 7.1
-0.74816 7.2
-0.74791 7.2
-0.74767 7.2
-0.74742 7.2
-0.74718 7.1
-0.74693 7.1
-0.74669 7.0
-0.74645 6.9
-0.7462 6.7
-0.74596 6.6
-0.74571 6.4
-0.74547 6.3
-0.74523 6.1
-0.74498 5.9
-0.74474 5.6
-0.74449 5.4
-0.74425 5.1
-0.74401 4.8
-0.74376 4.5
-0.74352 4.2
-0.74327 3.9
-0.74303 3.6
-0.74278 3.3
-0.74254 2.9
-0.7423 2.6
-0.74205 2.2
-0.74181 1.8
-0.74156 1.5
-0.74132 1.1
-0.74108 0.7
-0.74083 0.3
-0.74059 0.0
-0.74034 -0.4
-0.7401 -0.8
-0.73985 -1.2
-0.73961 -1.6
-0.73937 -1.9
-0.73912 -2.3
-0.73888 -2.7
-0.73863 -3.0
-0.73839 -3.4
-0.73815 -3.7
-0.7379 -4.0
-0.73766 -4.3
-0.73741 -4.6
-0.73717 -4.9
-0.73693 -5.2
-0.73668 -5.5
-0.73644 -5.7
-0.73619 -5.9
-0.73595 -6.1
-0.7357 -6.3
-0.73546 -6.5
-0.73522 -6.7
-0.73497 -6.8
-0.73473 -6.9
-0.73448 -7.0
-0.73424 -7.1
-0.734 -7.2
-0.73375 -7.2
-0.73351 -7.2
-0.73326 -7.2
-0.73302 -7.2
-0.73277 -7.2
-0.73253 -7.1
-0.73229 -7.0
-0.73204 -6.9
-0.7318 -6.8
-0.73155 -6.7
-0.73131 -6.5
-0.73107 -6.3
-0.73082 -6.1
-0.73058 -5.9
-0.73033 -5.7
-0.73009 -5.4
-0.72985 -5.2
-0.7296 -4.9
-0.72936 -4.6
-0.72911 -4.3
-0.72887 -4.0
-0.72862 -3.6
-0.72838 -3.3
-0.72814 -3.0
-0.72789 -2.6
-0.72765 -2.2
-0.7274 -1.9
-0.72716 -1.5
-0.72692 -1.1
-0.72667 -0.7
-0.72643 -0.3
-0.72618 0.0
-0.72594 0.4
-0.72569 0.8
-0.72545 1.2
-0.72521 1.6
-0.72496 2.0
-0.72472 2.3
-0.72447 2.7
-0.72423 3.0
-0.72399 3.4
-0.72374 3.7
-0.7235 4.1
-0.72325 4.4
-0.72301 4.7
-0.72276 5.0
-0.72252 5.2
-0.72228 5.5
-0.72203 5.7
-0.72179 6.0
-0.72154 6.2
-0.7213 6.4
-0.72106 6.6
-0.72081 6.7
-0.72057 6.9
-0.72032 7.0
-0.72008 7.1
-0.71984 7.1
-0.71959 7.2
-0.71935 7.2
-0.7191 7.3
-0.71886 7.3
-0.71861 7.2
-0.71837 7.2
-0.71813 7.1
-0.71788 7.0
-0.71764 6.9
-0.71739 6.8
-0.71715 6.6
-0.71691 6.5
-0.71666 6.3
-0.71642 6.1
-0.71617 5.9
-0.71593 5.6
-0.71568 5.4
-0.71544 5.1
-0.7152 4.8
-0.71495 4.5
-0.71471 4.2
-0.71446 3.9
-0.71422 3.6
-0.71398 3.2
-0.71373 2.9
-0.71349 2.5
-0.71324 2.1
-0.713 1.7
-0.71276 1.4
-0.71251 1.0
-0.71227 0.6
-0.71202 0.2
-0.71178 -0.2
-0.71153 -0.6
-0.71129 -1.0
-0.71105 -1.4
-0.7108 -1.7
-0.71056 -2.1
-0.71031 -2.5
-0.71007 -2.9
-0.70983 -3.2
-0.70958 -3.6
-0.70934 -3.9
-0.70909 -4.2
-0.70885 -4.5
-0.7086 -4.8
-0.70836 -5.1
-0.70812 -5.4
-0.70787 -5.7
-0.70763 -5.9
-0.70738 -6.1
-0.70714 -6.3
-0.7069 -6.5
-0.70665 -6.7
-0.70641 -6.8
-0.70616 -7.0
-0.70592 -7.1
-0.70568 -7.2
-0.70543 -7.2
-0.70519 -7.3
-0.70494 -7.3
-0.7047 -7.3
-0.70445 -7.3
-0.70421 -7.2
-0.70397 -7.2
-0.70372 -7.1
-0.70348 -7.0
-0.70323 -6.9
-0.70299 -6.7
-0.70275 -6.6
-0.7025 -6.4
-0.70226 -6.2
-0.70201 -6.0
-0.70177 -5.7
-0.70152 -5.5
-0.70128 -5.2
-0.70104 -4.9
-0.70079 -4.6
-0.70055 -4.3
-0.7003 -4.0
-0.70006 -3.7
-0.69982 -3.3
-0.69957 -2.9
-0.69933 -2.6
-0.69908 -2.2
-0.69884 -1.8
-0.6986 -1.4
-0.69835 -1.1
-0.69811 -0.7
-0.69786 -0.3
-0.69762 0.1
-0.69737 0.5
-0.69713 0.9
-0.69689 1.3
-0.69664 1.7
-0.6964 2.1
-0.69615 2.5
-0.69591 2.8
-0.69567 3.2
-0.69542 3.5
-0.69518 3.9
-0.69493 4.2
-0.69469 4.5
-0.69444 4.8
-0.6942 5.1
-0.69396 5.4
-0.69371 5.7
-0.69347 5.9
-0.69322 6.1
-0.69298 6.3
-0.69274 6.5
-0.69249 6.7
-0.69225 6.9
-0.692 7.0
-0.69176 7.1
-0.69151 7.2
-0.69127 7.3
-0.69103 7.3
-0.69078 7.3
-0.69054 7.3
-0.69029 7.3
-0.69005 7.3
-0.68981 7.2
-0.68956 7.1
-0.68932 7.0
-0.68907 6.9
-0.68883 6.7
-0.68859 6.6
-0.68834 6.4
-0.6881 6.2
-0.68785 6.0
-0.68761 5.7
-0.68736 5.5
-0.68712 5.2
-0.68688 4.9
-0.68663 4.6
-0.68639 4.3
-0.68614 4.0
-0.6859 3.6
-0.68566 3.3
-0.68541 2.9
-0.68517 2.5
-0.68492 2.1
-0.68468 1.8
-0.68443 1.4
-0.68419 1.0
-0.68395 0.6
-0.6837 0.2
-0.68346 -0.2
-0.68321 -0.6
-0.68297 -1.0
-0.68273 -1.4
-0.68248 -1.8
-0.68224 -2.2
-0.68199 -2.6
-0.68175 -2.9
-0.68151 -3.3
-0.68126 -3.7
-0.68102 -4.0
-0.68077 -4.3
-0.68053 -4.7
-0.68028 -5.0
-0.68004 -5.3
-0.6798 -5.5
-0.67955 -5.8
-0.67931 -6.0
-0.67906 -6.2
-0.67882 -6.4
-0.67858 -6.6
-0.67833 -6.8
-0.67809 -6.9
-0.67784 -7.1
-0.6776 -7.2
-0.67735 -7.3
-0.67711 -7.3
-0.67687 -7.3
-0.67662 -7.4
-0.67638 -7.4
-0.67613 -7.3
-0.67589 -7.3
-0.67565 -7.2
-0.6754 -7.1
-0.67516 -7.0
-0.67491 -6.9
-0.67467 -6.7
-0.67443 -6.5
-0.67418 -6.3
-0.67394 -6.1
-0.67369 -5.9
-0.67345 -5.6
-0.6732 -5.4
-0.67296 -5.1
-0.67272 -4.8
-0.67247 -4.4
-0.67223 -4.1
-0.67198 -3.8
-0.67174 -3.4
-0.6715 -3.1
-0.67125 -2.7
-0.67101 -2.3
-0.67076 -1.9
-0.67052 -1.5
-0.67027 -1.1
-0.67003 -0.7
-0.66979 -0.3
-0.66954 0.0
-0.6693 0.5
-0.66905 0.9
-0.66881 1.3
-0.66857 1.7
-0.66832 2.1
-0.66808 2.5
-0.66783 2.9
-0.66759 3.2
-0.66735 3.6
-0.6671 3.9
-0.66686 4.3
-0.66661 4.6
-0.66637 4.9
-0.66612 5.2
-0.66588 5.5
-0.66564 5.8
-0.66539 6.0
-0.66515 6.2
-0.6649 6.4
-0.66466 6.6
-0.66442 6.8
-0.66417 7.0
-0.66393 7.1
-0.66368 7.2
-0.66344 7.3
-0.66319 7.3
-0.66295 7.4
-0.66271 7.4
-0.66246 7.4
-0.66222 7.4
-0.66197 7.3
-0.66173 7.2
-0.66149 7.2
-0.66124 7.0
-0.661 6.9
-0.66075 6.7
-0.66051 6.6
-0.66026 6.4
-0.66002 6.2
-0.65978 5.9
-0.65953 5.7
-0.65929 5.4
-0.65904 5.1
-0.6588 4.8
-0.65856 4.5
-0.65831 4.1
-0.65807 3.8
-0.65782 3.4
-0.65758 3.1
-0.65734 2.7
-0.65709 2.3
-0.65685 1.9
-0.6566 1.5
-0.65636 1.1
-0.65611 0.7
-0.65587 0.3
-0.65563 -0.1
-0.65538 -0.5
-0.65514 -0.9
-0.65489 -1.3
-0.65465 -1.7
-0.65441 -2.1
-0.65416 -2.5
-0.65392 -2.9
-0.65367 -3.3
-0.65343 -3.6
-0.65318 -4.0
-0.65294 -4.3
-0.6527 -4.7
-0.65245 -5.0
-0.65221 -5.3
-0.65196 -5.6
-0.65172 -5.8
-0.65148 -6.1
-0.65123 -6.3
-0.65099 -6.5
-0.65074 -6.7
-0.6505 -6.9
-0.65026 -7.0
-0.65001 -7.1
-0.64977 -7.2
-0.64952 -7.3
-0.64928 -7.4
-0.64903 -7.4
-0.64879 -7.4
-0.64855 -7.4
-0.6483 -7.4
-0.64806 -7.3
-0.64781 -7.3
-0.64757 -7.2
-0.64733 -7.0
-0.64708 -6.9
-0.64684 -6.7
-0.64659 -6.5
-0.64635 -6.3
-0.6461 -6.1
-0.64586 -5.9
-0.64562 -5.6
-0.64537 -5.3
-0.64513 -5.0
-0.64488 -4.7
-0.64464 -4.4
-0.6444 -4.0
-0.64415 -3.7
-0.64391 -3.3
-0.64366 -2.9
-0.64342 -2.5
-0.64318 -2.1
-0.64293 -1.7
-0.64269 -1.3
-0.64244 -0.9
-0.6422 -0.5
-0.64195 0.0
-0.64171 0.3
-0.64147 0.7
-0.64122 1.1
-0.64098 1.6
-0.64073 2.0
-0.64049 2.4
-0.64025 2.7
-0.64 3.1
-0.63976 3.5
-0.63951 3.9
-0.63927 4.2
-0.63902 4.6
-0.63878 4.9
-0.63854 5.2
-0.63829 5.5
-0.63805 5.8
-0.6378 6.0
-0.63756 6.2
-0.63732 6.5
-0.63707 6.7
-0.63683 6.8
-0.63658 7.0
-0.63634 7.1
-0.6361 7.2
-0.63585 7.3
-0.63561 7.4
-0.63536 7.4
-0.63512 7.5
-0.63487 7.5
-0.63463 7.4
-0.63439 7.4
-0.63414 7.3
-0.6339 7.2
-0.63365 7.1
-0.63341 7.0
-0.63317 6.8
-0.63292 6.6
-0.63268 6.4
-0.63243 6.2
-0.63219 5.9
-0.63194 5.7
-0.6317 5.4
-0.63146 5.1
-0.63121 4.8
-0.63097 4.4
-0.63072 4.1
-0.63048 3.7
-0.63024 3.4
-0.62999 3.0
-0.62975 2.6
-0.6295 2.2
-0.62926 1.8
-0.62901 1.4
-0.62877 1.0
-0.62853 0.6
-0.62828 0.1
-0.62804 -0.3
-0.62779 -0.7
-0.62755 -1.1
-0.62731 -1.5
-0.62706 -1.9
-0.62682 -2.4
-0.62657 -2.7
-0.62633 -3.1
-0.62609 -3.5
-0.62584 -3.9
-0.6256 -4.2
-0.62535 -4.6
-0.62511 -4.9
-0.62486 -5.2
-0.62462 -5.5
-0.62438 -5.8
-0.62413 -6.0
-0.62389 -6.3
-0.62364 -6.5
-0.6234 -6.7
-0.62316 -6.9
-0.62291 -7.0
-0.62267 -7.2
-0.62242 -7.3
-0.62218 -7.4
-0.62193 -7.4
-0.62169 -7.5
-0.62145 -7.5
-0.6212 -7.5
-0.62096 -7.5
-0.62071 -7.4
-0.62047 -7.3
-0.62023 -7.2
-0.61998 -7.1
-0.61974 -7.0
-0.61949 -6.8
-0.61925 -6.6
-0.61901 -6.4
-0.61876 -6.2
-0.61852 -5.9
-0.61827 -5.6
-0.61803 -5.3
-0.61778 -5.0
-0.61754 -4.7
-0.6173 -4.4
-0.61705 -4.0
-0.61681 -3.7
-0.61656 -3.3
-0.61632 -2.9
-0.61608 -2.5
-0.61583 -2.1
-0.61559 -1.7
-0.61534 -1.3
-0.6151 -0.8
-0.61485 -0.4
-0.61461 0.0
-0.61437 0.4
-0.61412 0.9
-0.61388 1.3
-0.61363 1.7
-0.61339 2.1
-0.61315 2.5
-0.6129 2.9
-0.61266 3.3
-0.61241 3.7
-0.61217 4.0
-0.61193 4.4
-0.61168 4.7
-0.61144 5.1
-0.61119 5.4
-0.61095 5.7
-0.6107 5.9
-0.61046 6.2
-0.61022 6.4
-0.60997 6.6
-0.60973 6.8
-0.60948 7.0
-0.60924 7.2
-0.609 7.3
-0.60875 7.4
-0.60851 7.5
-0.60826 7.5
-0.60802 7.5
-0.60777 7.5
-0.60753 7.5
-0.60729 7.5
-0.60704 7.4
-0.6068 7.3
-0.60655 7.2
-0.60631 7.1
-0.60607 6.9
-0.60582 6.7
-0.60558 6.5
-0.60533 6.3
-0.60509 6.0
-0.60485 5.8
-0.6046 5.5
-0.60436 5.2
-0.60411 4.9
-0.60387 4.5
-0.60362 4.2
-0.60338 3.8
-0.60314 3.4
-0.60289 3.0
-0.60265 2.6
-0.6024 2.2
-0.60216 1.8
-0.60192 1.4
-0.60167 1.0
-0.60143 0.5
-0.60118 0.0
-0.60094 -0.3
-0.60069 -0.8
-0.60045 -1.2
-0.60021 -1.6
-0.59996 -2.0
-0.59972 -2.5
-0.59947 -2.9
-0.59923 -3.3
-0.59899 -3.6
-0.59874 -4.0
-0.5985 -4.4
-0.59825 -4.7
-0.59801 -5.1
-0.59776 -5.4
-0.59752 -5.7
-0.59728 -5.9
-0.59703 -6.2
-0.59679 -6.4
-0.59654 -6.7
-0.5963 -6.9
-0.59606 -7.0
-0.59581 -7.2
-0.59557 -7.3
-0.59532 -7.4
-0.59508 -7.5
-0.59484 -7.5
-0.59459 -7.6
-0.59435 -7.6
-0.5941 -7.6
-0.59386 -7.5
-0.59361 -7.4
-0.59337 -7.4
-0.59313 -7.2
-0.59288 -7.1
-0.59264 -6.9
-0.59239 -6.7
-0.59215 -6.5
-0.59191 -6.3
-0.59166 -6.0
-0.59142 -5.8
-0.59117 -5.5
-0.59093 -5.2
-0.59068 -4.8
-0.59044 -4.5
-0.5902 -4.1
-0.58995 -3.8
-0.58971 -3.4
-0.58946 -3.0
-0.58922 -2.6
-0.58898 -2.2
-0.58873 -1.7
-0.58849 -1.3
-0.58824 -0.9
-0.588 -0.4
-0.58776 0.0
-0.58751 0.4
-0.58727 0.9
-0.58702 1.3
-0.58678 1.7
-0.58653 2.1
-0.58629 2.6
-0.58605 3.0
-0.5858 3.4
-0.58556 3.8
-0.58531 4.1
-0.58507 4.5
-0.58483 4.8
-0.58458 5.2
-0.58434 5.5
-0.58409 5.8
-0.58385 6.1
-0.5836 6.3
-0.58336 6.6
-0.58312 6.8
-0.58287 7.0
-0.58263 7.1
-0.58238 7.3
-0.58214 7.4
-0.5819 7.5
-0.58165 7.6
-0.58141 7.6
-0.58116 7.6
-0.58092 7.6
-0.58068 7.6
-0.58043 7.5
-0.58019 7.4
-0.57994 7.3
-0.5797 7.2
-0.57945 7.1
-0.57921 6.9
-0.57897 6.7
-0.57872 6.5
-0.57848 6.2
-0.57823 5.9
-0.57799 5.7
-0.57775 5.3
-0.5775 5.0
-0.57726 4.7
-0.57701 4.3
-0.57677 4.0
-0.57652 3.6
-0.57628 3.2
-0.57604 2.8
-0.57579 2.4
-0.57555 1.9
-0.5753 1.5
-0.57506 1.1
-0.57482 0.6
-0.57457 0.2
-0.57433 -0.3
-0.57408 -0.7
-0.57384 -1.2
-0.5736 -1.6
-0.57335 -2.0
-0.57311 -2.4
-0.57286 -2.9
-0.57262 -3.3
-0.57237 -3.7
-0.57213 -4.0
-0.57189 -4.4
-0.57164 -4.8
-0.5714 -5.1
-0.57115 -5.4
-0.57091 -5.7
-0.57067 -6.0
-0.57042 -6.3
-0.57018 -6.5
-0.56993 -6.8
-0.56969 -7.0
-0.56944 -7.1
-0.5692 -7.3
-0.56896 -7.4
-0.56871 -7.5
-0.56847 -7.6
-0.56822 -7.6
-0.56798 -7.7
-0.56774 -7.7
-0.56749 -7.6
-0.56725 -7.6
-0.567 -7.5
-0.56676 -7.4
-0.56651 -7.3
-0.56627 -7.1
-0.56603 -6.9
-0.56578 -6.7
-0.56554 -6.5
-0.56529 -6.3
-0.56505 -6.0
-0.56481 -5.7
-0.56456 -5.4
-0.56432 -5.1
-0.56407 -4.7
-0.56383 -4.4
-0.56359 -4.0
-0.56334 -3.6
-0.5631 -3.2
-0.56285 -2.8
-0.56261 -2.4
-0.56236 -1.9
-0.56212 -1.5
-0.56188 -1.0
-0.56163 -0.6
-0.56139 -0.1
-0.56114 0.3
-0.5609 0.8
-0.56066 1.2
-0.56041 1.6
-0.56017 2.1
-0.55992 2.5
-0.55968 2.9
-0.55943 3.3
-0.55919 3.7
-0.55895 4.1
-0.5587 4.5
-0.55846 4.9
-0.55821 5.2
-0.55797 5.5
-0.55773 5.8
-0.55748 6.1
-0.55724 6.4
-0.55699 6.6
-0.55675 6.8
-0.55651 7.0
-0.55626 7.2
-0.55602 7.4
-0.55577 7.5
-0.55553 7.6
-0.55528 7.6
-0.55504 7.7
-0.5548 7.7
-0.55455 7.7
-0.55431 7.7
-0.55406 7.6
-0.55382 7.5
-0.55358 7.4
-0.55333 7.3
-0.55309 7.1
-0.55284 6.9
-0.5526 6.7
-0.55235 6.4
-0.55211 6.2
-0.55187 5.9
-0.55162 5.6
-0.55138 5.3
-0.55113 4.9
-0.55089 4.6
-0.55065 4.2
-0.5504 3.8
-0.55016 3.4
-0.54991 3.0
-0.54967 2.6
-0.54943 2.2
-0.54918 1.7
-0.54894 1.3
-0.54869 0.8
-0.54845 0.4
-0.5482 0.0
-0.54796 -0.5
-0.54772 -1.0
-0.54747 -1.4
-0.54723 -1.9
-0.54698 -2.3
-0.54674 -2.8
-0.5465 -3.2
-0.54625 -3.6
-0.54601 -4.0
-0.54576 -4.4
-0.54552 -4.7
-0.54527 -5.1
-0.54503 -5.4
-0.54479 -5.7
-0.54454 -6.0
-0.5443 -6.3
-0.54405 -6.6
-0.54381 -6.8
-0.54357 -7.0
-0.54332 -7.2
-0.54308 -7.3
-0.54283 -7.5
-0.54259 -7.6
-0.54235 -7.7
-0.5421 -7.7
-0.54186 -7.7
-0.54161 -7.7
-0.54137 -7.7
-0.54112 -7.7
-0.54088 -7.6
-0.54064 -7.5
-0.54039 -7.3
-0.54015 -7.2
-0.5399 -7.0
-0.53966 -6.8
-0.53942 -6.5
-0.53917 -6.3
-0.53893 -6.0
-0.53868 -5.7
-0.53844 -5.4
-0.53819 -5.0
-0.53795 -4.7
-0.53771 -4.3
-0.53746 -3.9
-0.53722 -3.5
-0.53697 -3.1
-0.53673 -2.7
-0.53649 -2.2
-0.53624 -1.8
-0.536 -1.3
-0.53575 -0.9
-0.53551 -0.4
-0.53526 0.0
-0.53502 0.5
-0.53478 1.0
-0.53453 1.4
-0.53429 1.9
-0.53404 2.3
-0.5338 2.8
-0.53356 3.2
-0.53331 3.6
-0.53307 4.0
-0.53282 4.4
-0.53258 4.8
-0.53234 5.1
-0.53209 5.5
-0.53185 5.8
-0.5316 6.1
-0.53136 6.4
-0.53111 6.6
-0.53087 6.9
-0.53063 7.1
-0.53038 7.3
-0.53014 7.4
-0.52989 7.5
-0.52965 7.6
-0.52941 7.7
-0.52916 7.8
-0.52892 7.8
-0.52867 7.8
-0.52843 7.7
-0.52818 7.7
-0.52794 7.6
-0.5277 7.5
-0.52745 7.3
-0.52721 7.2
-0.52696 7.0
-0.52672 6.7
-0.52648 6.5
-0.52623 6.2
-0.52599 5.9
-0.52574 5.6
-0.5255 5.3
-0.52526 5.0
-0.52501 4.6
-0.52477 4.2
-0.52452 3.8
-0.52428 3.4
-0.52403 3.0
-0.52379 2.5
-0.52355 2.1
-0.5233 1.6
-0.52306 1.2
-0.52281 0.7
-0.52257 0.2
-0.52233 -0.2
-0.52208 -0.7
-0.52184 -1.2
-0.52159 -1.6
-0.52135 -2.1
-0.5211 -2.5
-0.52086 -3.0
-0.52062 -3.4
-0.52037 -3.8
-0.52013 -4.2
-0.51988 -4.6
-0.51964 -5.0
-0.5194 -5.3
-0.51915 -5.7
-0.51891 -6.0
-0.51866 -6.3
-0.51842 -6.6
-0.51818 -6.8
-0.51793 -7.0
-0.51769 -7.2
-0.51744 -7.4
-0.5172 -7.5
-0.51695 -7.6
-0.51671 -7.7
-0.51647 -7.8
-0.51622 -7.8
-0.51598 -7.8
-0.51573 -7.8
-0.51549 -7.8
-0.51525 -7.7
-0.515 -7.6
-0.51476 -7.4
-0.51451 -7.3
-0.51427 -7.1
-0.51402 -6.9
-0.51378 -6.6
-0.51354 -6.4
-0.51329 -6.1
-0.51305 -5.8
-0.5128 -5.4
-0.51256 -5.1
-0.51232 -4.7
-0.51207 -4.3
-0.51183 -3.9
-0.51158 -3.5
-0.51134 -3.1
-0.5111 -2.6
-0.51085 -2.2
-0.51061 -1.7
-0.51036 -1.2
-0.51012 -0.8
-0.50987 -0.3
-0.50963 0.2
-0.50939 0.6
-0.50914 1.1
-0.5089 1.6
-0.50865 2.1
-0.50841 2.5
-0.50817 3.0
-0.50792 3.4
-0.50768 3.8
-0.50743 4.2
-0.50719 4.6
-0.50694 5.0
-0.5067 5.4
-0.50646 5.7
-0.50621 6.0
-0.50597 6.3
-0.50572 6.6
-0.50548 6.8
-0.50524 7.1
-0.50499 7.3
-0.50475 7.4
-0.5045 7.6
-0.50426 7.7
-0.50401 7.8
-0.50377 7.8
-0.50353 7.9
-0.50328 7.9
-0.50304 7.8
-0.50279 7.8
-0.50255 7.7
-0.50231 7.6
-0.50206 7.5
-0.50182 7.3
-0.50157 7.1
-0.50133 6.9
-0.50109 6.6
-0.50084 6.3
-0.5006 6.0
-0.50035 5.7
-0.50011 5.4
-0.49986 5.0
-0.49962 4.7
-0.49938 4.3
-0.49913 3.8
-0.49889 3.4
-0.49864 3.0
-0.4984 2.5
-0.49816 2.1
-0.49791 1.6
-0.49767 1.1
-0.49742 0.6
-0.49718 0.2
-0.49693 -0.3
-0.49669 -0.8
-0.49645 -1.3
-0.4962 -1.8
-0.49596 -2.2
-0.49571 -2.7
-0.49547 -3.1
-0.49523 -3.6
-0.49498 -4.0
-0.49474 -4.4
-0.49449 -4.8
-0.49425 -5.2
-0.49401 -5.5
-0.49376 -5.9
-0.49352 -6.2
-0.49327 -6.5
-0.49303 -6.7
-0.49278 -7.0
-0.49254 -7.2
-0.4923 -7.4
-0.49205 -7.5
-0.49181 -7.7
-0.49156 -7.8
-0.49132 -7.9
-0.49108 -7.9
-0.49083 -7.9
-0.49059 -7.9
-0.49034 -7.9
-0.4901 -7.8
-0.48985 -7.7
-0.48961 -7.6
-0.48937 -7.4
-0.48912 -7.2
-0.48888 -7.0
-0.48863 -6.8
-0.48839 -6.5
-0.48815 -6.2
-0.4879 -5.9
-0.48766 -5.5
-0.48741 -5.2
-0.48717 -4.8
-0.48693 -4.4
-0.48668 -4.0
-0.48644 -3.6
-0.48619 -3.1
-0.48595 -2.7
-0.4857 -2.2
-0.48546 -1.7
-0.48522 -1.3
-0.48497 -0.8
-0.48473 -0.3
-0.48448 0.2
-0.48424 0.7
-0.484 1.2
-0.48375 1.7
-0.48351 2.1
-0.48326 2.6
-0.48302 3.1
-0.48277 3.5
-0.48253 3.9
-0.48229 4.4
-0.48204 4.8
-0.4818 5.1
-0.48155 5.5
-0.48131 5.9
-0.48107 6.2
-0.48082 6.5
-0.48058 6.7
-0.48033 7.0
-0.48009 7.2
-0.47985 7.4
-0.4796 7.6
-0.47936 7.7
-0.47911 7.8
-0.47887 7.9
-0.47862 8.0
-0.47838 8.0
-0.47814 8.0
-0.47789 7.9
-0.47765 7.8
-0.4774 7.7
-0.47716 7.6
-0.47692 7.4
-0.47667 7.2
-0.47643 7.0
-0.47618 6.8
-0.47594 6.5
-0.47569 6.2
-0.47545 5.9
-0.47521 5.5
-0.47496 5.2
-0.47472 4.8
-0.47447 4.4
-0.47423 4.0
-0.47399 3.5
-0.47374 3.1
-0.4735 2.6
-0.47325 2.1
-0.47301 1.7
-0.47276 1.2
-0.47252 0.7
-0.47228 0.2
-0.47203 -0.3
-0.47179 -0.8
-0.47154 -1.3
-0.4713 -1.8
-0.47106 -2.3
-0.47081 -2.7
-0.47057 -3.2
-0.47032 -3.6
-0.47008 -4.1
-0.46984 -4.5
-0.46959 -4.9
-0.46935 -5.3
-0.4691 -5.7
-0.46886 -6.0
-0.46861 -6.3
-0.46837 -6.6
-0.46813 -6.9
-0.46788 -7.1
-0.46764 -7.3
-0.46739 -7.5
-0.46715 -7.7
-0.46691 -7.8
-0.46666 -7.9
-0.46642 -8.0
-0.46617 -8.0
-0.46593 -8.0
-0.46568 -8.0
-0.46544 -7.9
-0.4652 -7.8
-0.46495 -7.7
-0.46471 -7.6
-0.46446 -7.4
-0.46422 -7.2
-0.46398 -6.9
-0.46373 -6.7
-0.46349 -6.4
-0.46324 -6.1
-0.463 -5.7
-0.46276 -5.4
-0.46251 -5.0
-0.46227 -4.6
-0.46202 -4.2
-0.46178 -3.7
-0.46153 -3.3
-0.46129 -2.8
-0.46105 -2.3
-0.4608 -1.9
-0.46056 -1.4
-0.46031 -0.9
-0.46007 -0.4
-0.45983 0.1
-0.45958 0.6
-0.45934 1.1
-0.45909 1.6
-0.45885 2.1
-0.4586 2.6
-0.45836 3.1
-0.45812 3.6
-0.45787 4.0
-0.45763 4.4
-0.45738 4.8
-0.45714 5.2
-0.4569 5.6
-0.45665 6.0
-0.45641 6.3
-0.45616 6.6
-0.45592 6.9
-0.45568 7.1
-0.45543 7.3
-0.45519 7.5
-0.45494 7.7
-0.4547 7.8
-0.45445 7.9
-0.45421 8.0
-0.45397 8.1
-0.45372 8.1
-0.45348 8.0
-0.45323 8.0
-0.45299 7.9
-0.45275 7.8
-0.4525 7.6
-0.45226 7.4
-0.45201 7.2
-0.45177 7.0
-0.45152 6.7
-0.45128 6.4
-0.45104 6.1
-0.45079 5.8
-0.45055 5.4
-0.4503 5.0
-0.45006 4.6
-0.44982 4.2
-0.44957 3.7
-0.44933 3.3
-0.44908 2.8
-0.44884 2.3
-0.4486 1.8
-0.44835 1.3
-0.44811 0.8
-0.44786 0.3
-0.44762 -0.2
-0.44737 -0.7
-0.44713 -1.2
-0.44689 -1.7
-0.44664 -2.2
-0.4464 -2.7
-0.44615 -3.2
-0.44591 -3.7
-0.44567 -4.1
-0.44542 -4.5
-0.44518 -5.0
-0.44493 -5.4
-0.44469 -5.7
-0.44444 -6.1
-0.4442 -6.4
-0.44396 -6.7
-0.44371 -7.0
-0.44347 -7.2
-0.44322 -7.5
-0.44298 -7.6
-0.44274 -7.8
-0.44249 -7.9
-0.44225 -8.0
-0.442 -8.1
-0.44176 -8.1
-0.44151 -8.1
-0.44127 -8.1
-0.44103 -8.0
-0.44078 -7.9
-0.44054 -7.8
-0.44029 -7.6
-0.44005 -7.4
-0.43981 -7.2
-0.43956 -6.9
-0.43932 -6.6
-0.43907 -6.3
-0.43883 -6.0
-0.43859 -5.6
-0.43834 -5.2
-0.4381 -4.8
-0.43785 -4.4
-0.43761 -4.0
-0.43736 -3.5
-0.43712 -3.0
-0.43688 -2.5
-0.43663 -2.1
-0.43639 -1.5
-0.43614 -1.0
-0.4359 -0.5
-0.43566 0.0
-0.43541 0.5
-0.43517 1.0
-0.43492 1.6
-0.43468 2.1
-0.43443 2.6
-0.43419 3.1
-0.43395 3.5
-0.4337 4.0
-0.43346 4.4
-0.43321 4.9
-0.43297 5.3
-0.43273 5.7
-0.43248 6.0
-0.43224 6.4
-0.43199 6.7
-0.43175 7.0
-0.43151 7.2
-0.43126 7.5
-0.43102 7.7
-0.43077 7.8
-0.43053 8.0
-0.43028 8.1
-0.43004 8.1
-0.4298 8.2
-0.42955 8.2
-0.42931 8.1
-0.42906 8.1
-0.42882 8.0
-0.42858 7.8
-0.42833 7.7
-0.42809 7.5
-0.42784 7.2
-0.4276 7.0
-0.42735 6.7
-0.42711 6.4
-0.42687 6.0
-0.42662 5.7
-0.42638 5.3
-0.42613 4.9
-0.42589 4.4
-0.42565 4.0
-0.4254 3.5
-0.42516 3.0
-0.42491 2.6
-0.42467 2.0
-0.42443 1.5
-0.42418 1.0
-0.42394 0.5
-0.42369 0.0
-0.42345 -0.6
-0.4232 -1.1
-0.42296 -1.6
-0.42272 -2.1
-0.42247 -2.6
-0.42223 -3.1
-0.42198 -3.6
-0.42174 -4.1
-0.4215 -4.5
-0.42125 -5.0
-0.42101 -5.4
-0.42076 -5.8
-0.42052 -6.1
-0.42027 -6.5
-0.42003 -6.8
-0.41979 -7.1
-0.41954 -7.3
-0.4193 -7.6
-0.41905 -7.7
-0.41881 -7.9
-0.41857 -8.0
-0.41832 -8.1
-0.41808 -8.2
-0.41783 -8.2
-0.41759 -8.2
-0.41735 -8.2
-0.4171 -8.1
-0.41686 -8.0
-0.41661 -7.8
-0.41637 -7.6
-0.41612 -7.4
-0.41588 -7.2
-0.41564 -6.9
-0.41539 -6.6
-0.41515 -6.3
-0.4149 -5.9
-0.41466 -5.6
-0.41442 -5.1
-0.41417 -4.7
-0.41393 -4.3
-0.41368 -3.8
-0.41344 -3.3
-0.41319 -2.8
-0.41295 -2.3
-0.41271 -1.8
-0.41246 -1.3
-0.41222 -0.7
-0.41197 -0.2
-0.41173 0.3
-0.41149 0.9
-0.41124 1.4
-0.411 1.9
-0.41075 2.4
-0.41051 3.0
-0.41026 3.5
-0.41002 3.9
-0.40978 4.4
-0.40953 4.8
-0.40929 5.3
-0.40904 5.7
-0.4088 6.1
-0.40856 6.4
-0.40831 6.7
-0.40807 7.0
-0.40782 7.3
-0.40758 7.5
-0.40734 7.7
-0.40709 7.9
-0.40685 8.1
-0.4066 8.2
-0.40636 8.2
-0.40611 8.3
-0.40587 8.3
-0.40563 8.2
-0.40538 8.2
-0.40514 8.0
-0.40489 7.9
-0.40465 7.7
-0.40441 7.5
-0.40416 7.3
-0.40392 7.0
-0.40367 6.7
-0.40343 6.4
-0.40318 6.0
-0.40294 5.6
-0.4027 5.2
-0.40245 4.8
-0.40221 4.3
-0.40196 3.9
-0.40172 3.4
-0.40148 2.9
-0.40123 2.3
-0.40099 1.8
-0.40074 1.3
-0.4005 0.7
-0.40026 0.2
-0.40001 -0.4
-0.39977 -0.9
-0.39952 -1.4
-0.39928 -2.0
-0.39903 -2.5
-0.39879 -3.0
-0.39855 -3.5
-0.3983 -4.0
-0.39806 -4.5
-0.39781 -4.9
-0.39757 -5.4
-0.39733 -5.8
-0.39708 -6.2
-0.39684 -6.5
-0.39659 -6.8
-0.39635 -7.1
-0.3961 -7.4
-0.39586 -7.6
-0.39562 -7.8
-0.39537 -8.0
-0.39513 -8.1
-0.39488 -8.2
-0.39464 -8.3
-0.3944 -8.3
-0.39415 -8.3
-0.39391 -8.3
-0.39366 -8.2
-0.39342 -8.1
-0.39318 -7.9
-0.39293 -7.7
-0.39269 -7.5
-0.39244 -7.2
-0.3922 -6.9
-0.39195 -6.6
-0.39171 -6.3
-0.39147 -5.9
-0.39122 -5.5
-0.39098 -5.1
-0.39073 -4.6
-0.39049 -4.2
-0.39025 -3.7
-0.39 -3.2
-0.38976 -2.6
-0.38951 -2.1
-0.38927 -1.6
-0.38902 -1.0
-0.38878 -0.5
-0.38854 0.0
-0.38829 0.6
-0.38805 1.2
-0.3878 1.7
-0.38756 2.3
-0.38732 2.8
-0.38707 3.3
-0.38683 3.8
-0.38658 4.3
-0.38634 4.8
-0.3861 5.2
-0.38585 5.7
-0.38561 6.1
-0.38536 6.4
-0.38512 6.8
-0.38487 7.1
-0.38463 7.4
-0.38439 7.6
-0.38414 7.8
-0.3839 8.0
-0.38365 8.2
-0.38341 8.3
-0.38317 8.3
-0.38292 8.4
-0.38268 8.4
-0.38243 8.3
-0.38219 8.3
-0.38194 8.1
-0.3817 8.0
-0.38146 7.8
-0.38121 7.6
-0.38097 7.3
-0.38072 7.0
-0.38048 6.7
-0.38024 6.4
-0.37999 6.0
-0.37975 5.6
-0.3795 5.2
-0.37926 4.7
-0.37901 4.2
-0.37877 3.7
-0.37853 3.2
-0.37828 2.7
-0.37804 2.2
-0.37779 1.6
-0.37755 1.0
-0.37731 0.5
-0.37706 0.0
-0.37682 -0.6
-0.37657 -1.2
-0.37633 -1.8
-0.37609 -2.3
-0.37584 -2.9
-0.3756 -3.4
-0.37535 -3.9
-0.37511 -4.4
-0.37486 -4.9
-0.37462 -5.3
-0.37438 -5.7
-0.37413 -6.1
-0.37389 -6.5
-0.37364 -6.9
-0.3734 -7.2
-0.37316 -7.5
-0.37291 -7.7
-0.37267 -7.9
-0.37242 -8.1
-0.37218 -8.2
-0.37193 -8.3
-0.37169 -8.4
-0.37145 -8.4
-0.3712 -8.4
-0.37096 -8.4
-0.37071 -8.3
-0.37047 -8.2
-0.37023 -8.0
-0.36998 -7.8
-0.36974 -7.6
-0.36949 -7.3
-0.36925 -7.0
-0.36901 -6.7
-0.36876 -6.3
-0.36852 -5.9
-0.36827 -5.5
-0.36803 -5.0
-0.36778 -4.6
-0.36754 -4.1
-0.3673 -3.5
-0.36705 -3.0
-0.36681 -2.5
-0.36656 -1.9
-0.36632 -1.4
-0.36608 -0.8
-0.36583 -0.2
-0.36559 0.4
-0.36534 0.9
-0.3651 1.5
-0.36485 2.1
-0.36461 2.6
-0.36437 3.2
-0.36412 3.7
-0.36388 4.2
-0.36363 4.7
-0.36339 5.2
-0.36315 5.6
-0.3629 6.0
-0.36266 6.4
-0.36241 6.8
-0.36217 7.1
-0.36193 7.4
-0.36168 7.7
-0.36144 7.9
-0.36119 8.1
-0.36095 8.3
-0.3607 8.4
-0.36046 8.5
-0.36022 8.5
-0.35997 8.5
-0.35973 8.5
-0.35948 8.4
-0.35924 8.3
-0.359 8.1
-0.35875 7.9
-0.35851 7.7
-0.35826 7.4
-0.35802 7.1
-0.35777 6.8
-0.35753 6.4
-0.35729 6.0
-0.35704 5.6
-0.3568 5.1
-0.35655 4.6
-0.35631 4.1
-0.35607 3.6
-0.35582 3.1
-0.35558 2.5
-0.35533 2.0
-0.35509 1.4
-0.35485 0.8
-0.3546 0.2
-0.35436 -0.4
-0.35411 -0.9
-0.35387 -1.5
-0.35362 -2.1
-0.35338 -2.7
-0.35314 -3.2
-0.35289 -3.7
-0.35265 -4.3
-0.3524 -4.8
-0.35216 -5.2
-0.35192 -5.7
-0.35167 -6.1
-0.35143 -6.5
-0.35118 -6.9
-0.35094 -7.2
-0.35069 -7.5
-0.35045 -7.8
-0.35021 -8.0
-0.34996 -8.2
-0.34972 -8.3
-0.34947 -8.5
-0.34923 -8.5
-0.34899 -8.6
-0.34874 -8.5
-0.3485 -8.5
-0.34825 -8.4
-0.34801 -8.3
-0.34776 -8.1
-0.34752 -7.9
-0.34728 -7.6
-0.34703 -7.4
-0.34679 -7.0
-0.34654 -6.7
-0.3463 -6.3
-0.34606 -5.9
-0.34581 -5.4
-0.34557 -5.0
-0.34532 -4.5
-0.34508 -4.0
-0.34484 -3.4
-0.34459 -2.9
-0.34435 -2.3
-0.3441 -1.7
-0.34386 -1.1
-0.34361 -0.5
-0.34337 0.0
-0.34313 0.6
-0.34288 1.2
-0.34264 1.8
-0.34239 2.4
-0.34215 3.0
-0.34191 3.5
-0.34166 4.1
-0.34142 4.6
-0.34117 5.1
-0.34093 5.5
-0.34068 6.0
-0.34044 6.4
-0.3402 6.8
-0.33995 7.1
-0.33971 7.5
-0.33946 7.7
-0.33922 8.0
-0.33898 8.2
-0.33873 8.4
-0.33849 8.5
-0.33824 8.6
-0.338 8.6
-0.33776 8.6
-0.33751 8.6
-0.33727 8.5
-0.33702 8.4
-0.33678 8.2
-0.33653 8.0
-0.33629 7.8
-0.33605 7.5
-0.3358 7.2
-0.33556 6.8
-0.33531 6.4
-0.33507 6.0
-0.33483 5.5
-0.33458 5.1
-0.33434 4.6
-0.33409 4.0
-0.33385 3.5
-0.3336 2.9
-0.33336 2.4
-0.33312 1.8
-0.33287 1.2
-0.33263 0.6
-0.33238 0.0
-0.33214 -0.6
-0.3319 -1.2
-0.33165 -1.8
-0.33141 -2.4
-0.33116 -3.0
-0.33092 -3.6
-0.33068 -4.1
-0.33043 -4.6
-0.33019 -5.1
-0.32994 -5.6
-0.3297 -6.1
-0.32945 -6.5
-0.32921 -6.9
-0.32897 -7.2
-0.32872 -7.6
-0.32848 -7.8
-0.32823 -8.1
-0.32799 -8.3
-0.32775 -8.4
-0.3275 -8.6
-0.32726 -8.6
-0.32701 -8.7
-0.32677 -8.7
-0.32652 -8.6
-0.32628 -8.5
-0.32604 -8.4
-0.32579 -8.2
-0.32555 -8.0
-0.3253 -7.7
-0.32506 -7.4
-0.32482 -7.1
-0.32457 -6.7
-0.32433 -6.3
-0.32408 -5.9
-0.32384 -5.4
-0.3236 -4.9
-0.32335 -4.4
-0.32311 -3.9
-0.32286 -3.3
-0.32262 -2.7
-0.32237 -2.1
-0.32213 -1.5
-0.32189 -0.9
-0.32164 -0.3
-0.3214 0.3
-0.32115 1.0
-0.32091 1.6
-0.32067 2.2
-0.32042 2.8
-0.32018 3.3
-0.31993 3.9
-0.31969 4.5
-0.31944 5.0
-0.3192 5.5
-0.31896 5.9
-0.31871 6.4
-0.31847 6.8
-0.31822 7.2
-0.31798 7.5
-0.31774 7.8
-0.31749 8.1
-0.31725 8.3
-0.317 8.5
-0.31676 8.6
-0.31651 8.7
-0.31627 8.7
-0.31603 8.7
-0.31578 8.7
-0.31554 8.6
-0.31529 8.5
-0.31505 8.3
-0.31481 8.1
-0.31456 7.8
-0.31432 7.5
-0.31407 7.2
-0.31383 6.8
-0.31359 6.4
-0.31334 6.0
-0.3131 5.5
-0.31285 5.0
-0.31261 4.5
-0.31236 3.9
-0.31212 3.4
-0.31188 2.8
-0.31163 2.2
-0.31139 1.5
-0.31114 0.9
-0.3109 0.3
-0.31066 -0.3
-0.31041 -1.0
-0.31017 -1.6
-0.30992 -2.2
-0.30968 -2.8
-0.30943 -3.4
-0.30919 -4.0
-0.30895 -4.5
-0.3087 -5.1
-0.30846 -5.6
-0.30821 -6.1
-0.30797 -6.5
-0.30773 -6.9
-0.30748 -7.3
-0.30724 -7.6
-0.30699 -7.9
-0.30675 -8.2
-0.30651 -8.4
-0.30626 -8.6
-0.30602 -8.7
-0.30577 -8.8
-0.30553 -8.8
-0.30528 -8.8
-0.30504 -8.8
-0.3048 -8.7
-0.30455 -8.5
-0.30431 -8.3
-0.30406 -8.1
-0.30382 -7.8
-0.30358 -7.5
-0.30333 -7.1
-0.30309 -6.7
-0.30284 -6.3
-0.3026 -5.8
-0.30235 -5.3
-0.30211 -4.8
-0.30187 -4.3
-0.30162 -3.7
-0.30138 -3.1
-0.30113 -2.5
-0.30089 -1.9
-0.30065 -1.2
-0.3004 -0.6
-0.30016 0.0
-0.29991 0.7
-0.29967 1.3
-0.29943 2.0
-0.29918 2.6
-0.29894 3.2
-0.29869 3.8
-0.29845 4.4
-0.2982 4.9
-0.29796 5.4
-0.29772 5.9
-0.29747 6.4
-0.29723 6.8
-0.29698 7.2
-0.29674 7.6
-0.2965 7.9
-0.29625 8.2
-0.29601 8.4
-0.29576 8.6
-0.29552 8.7
-0.29527 8.8
-0.29503 8.9
-0.29479 8.9
-0.29454 8.8
-0.2943 8.7
-0.29405 8.6
-0.29381 8.4
-0.29357 8.2
-0.29332 7.9
-0.29308 7.6
-0.29283 7.2
-0.29259 6.8
-0.29235 6.4
-0.2921 5.9
-0.29186 5.4
-0.29161 4.9
-0.29137 4.3
-0.29112 3.7
-0.29088 3.1
-0.29064 2.5
-0.29039 1.9
-0.29015 1.2
-0.2899 0.6
-0.28966 0.0
-0.28942 -0.7
-0.28917 -1.4
-0.28893 -2.0
-0.28868 -2.7
-0.28844 -3.3
-0.28819 -3.9
-0.28795 -4.5
-0.28771 -5.0
-0.28746 -5.6
-0.28722 -6.1
-0.28697 -6.5
-0.28673 -7.0
-0.28649 -7.4
-0.28624 -7.7
-0.286 -8.0
-0.28575 -8.3
-0.28551 -8.5
-0.28526 -8.7
-0.28502 -8.8
-0.28478 -8.9
-0.28453 -9.0
-0.28429 -8.9
-0.28404 -8.9
-0.2838 -8.8
-0.28356 -8.6
-0.28331 -8.4
-0.28307 -8.1
-0.28282 -7.8
-0.28258 -7.5
-0.28234 -7.1
-0.28209 -6.7
-0.28185 -6.2
-0.2816 -5.7
-0.28136 -5.2
-0.28111 -4.7
-0.28087 -4.1
-0.28063 -3.5
-0.28038 -2.8
-0.28014 -2.2
-0.27989 -1.6
-0.27965 -0.9
-0.27941 -0.2
-0.27916 0.4
-0.27892 1.1
-0.27867 1.8
-0.27843 2.4
-0.27818 3.1
-0.27794 3.7
-0.2777 4.3
-0.27745 4.9
-0.27721 5.4
-0.27696 6.0
-0.27672 6.4
-0.27648 6.9
-0.27623 7.3
-0.27599 7.7
-0.27574 8.0
-0.2755 8.3
-0.27526 8.6
-0.27501 8.7
-0.27477 8.9
-0.27452 9.0
-0.27428 9.0
-0.27403 9.0
-0.27379 9.0
-0.27355 8.9
-0.2733 8.7
-0.27306 8.5
-0.27281 8.2
-0.27257 7.9
-0.27233 7.6
-0.27208 7.2
-0.27184 6.8
-0.27159 6.3
-0.27135 5.8
-0.2711 5.3
-0.27086 4.7
-0.27062 4.1
-0.27037 3.5
-0.27013 2.8
-0.26988 2.2
-0.26964 1.5
-0.2694 0.8
-0.26915 0.2
-0.26891 -0.5
-0.26866 -1.2
-0.26842 -1.9
-0.26818 -2.6
-0.26793 -3.2
-0.26769 -3.8
-0.26744 -4.4
-0.2672 -5.0
-0.26695 -5.6
-0.26671 -6.1
-0.26647 -6.6
-0.26622 -7.1
-0.26598 -7.5
-0.26573 -7.9
-0.26549 -8.2
-0.26525 -8.5
-0.265 -8.7
-0.26476 -8.9
-0.26451 -9.0
-0.26427 -9.1
-0.26402 -9.1
-0.26378 -9.1
-0.26354 -9.0
-0.26329 -8.9
-0.26305 -8.7
-0.2628 -8.5
-0.26256 -8.2
-0.26232 -7.9
-0.26207 -7.5
-0.26183 -7.1
-0.26158 -6.6
-0.26134 -6.1
-0.2611 -5.6
-0.26085 -5.0
-0.26061 -4.4
-0.26036 -3.8
-0.26012 -3.1
-0.25987 -2.5
-0.25963 -1.8
-0.25939 -1.1
-0.25914 -0.4
-0.2589 0.3
-0.25865 1.0
-0.25841 1.7
-0.25817 2.4
-0.25792 3.0
-0.25768 3.7
-0.25743 4.3
-0.25719 4.9
-0.25694 5.5
-0.2567 6.1
-0.25646 6.6
-0.25621 7.0
-0.25597 7.5
-0.25572 7.9
-0.25548 8.2
-0.25524 8.5
-0.25499 8.7
-0.25475 8.9
-0.2545 9.1
-0.25426 9.2
-0.25401 9.2
-0.25377 9.2
-0.25353 9.1
-0.25328 9.0
-0.25304 8.8
-0.25279 8.5
-0.25255 8.3
-0.25231 7.9
-0.25206 7.5
-0.25182 7.1
-0.25157 6.6
-0.25133 6.1
-0.25109 5.6
-0.25084 5.0
-0.2506 4.4
-0.25035 3.7
-0.25011 3.1
-0.24986 2.4
-0.24962 1.7
-0.24938 1.0
-0.24913 0.3
-0.24889 -0.4
-0.24864 -1.1
-0.2484 -1.9
-0.24816 -2.6
-0.24791 -3.2
-0.24767 -3.9
-0.24742 -4.5
-0.24718 -5.1
-0.24693 -5.7
-0.24669 -6.3
-0.24645 -6.8
-0.2462 -7.3
-0.24596 -7.7
-0.24571 -8.1
-0.24547 -8.4
-0.24523 -8.7
-0.24498 -8.9
-0.24474 -9.1
-0.24449 -9.2
-0.24425 -9.3
-0.24401 -9.3
-0.24376 -9.2
-0.24352 -9.1
-0.24327 -9.0
-0.24303 -8.7
-0.24278 -8.5
-0.24254 -8.1
-0.2423 -7.8
-0.24205 -7.4
-0.24181 -6.9
-0.24156 -6.4
-0.24132 -5.8
-0.24108 -5.3
-0.24083 -4.6
-0.24059 -4.0
-0.24034 -3.3
-0.2401 -2.6
-0.23985 -1.9
-0.23961 -1.2
-0.23937 -0.5
-0.23912 0.3
-0.23888 1.0
-0.23863 1.7
-0.23839 2.4
-0.23815 3.1
-0.2379 3.8
-0.23766 4.5
-0.23741 5.1
-0.23717 5.7
-0.23693 6.3
-0.23668 6.8
-0.23644 7.3
-0.23619 7.7
-0.23595 8.1
-0.2357 8.5
-0.23546 8.7
-0.23522 9.0
-0.23497 9.2
-0.23473 9.3
-0.23448 9.3
-0.23424 9.4
-0.234 9.3
-0.23375 9.2
-0.23351 9.0
-0.23326 8.8
-0.23302 8.5
-0.23277 8.2
-0.23253 7.8
-0.23229 7.4
-0.23204 6.9
-0.2318 6.4
-0.23155 5.8
-0.23131 5.2
-0.23107 4.5
-0.23082 3.9
-0.23058 3.2
-0.23033 2.5
-0.23009 1.8
-0.22985 1.0
-0.2296 0.3
-0.22936 -0.5
-0.22911 -1.2
-0.22887 -2.0
-0.22862 -2.7
-0.22838 -3.4
-0.22814 -4.1
-0.22789 -4.8
-0.22765 -5.4
-0.2274 -6.0
-0.22716 -6.6
-0.22692 -7.1
-0.22667 -7.6
-0.22643 -8.0
-0.22618 -8.4
-0.22594 -8.7
-0.22569 -9.0
-0.22545 -9.2
-0.22521 -9.3
-0.22496 -9.4
-0.22472 -9.4
-0.22447 -9.4
-0.22423 -9.3
-0.22399 -9.2
-0.22374 -9.0
-0.2235 -8.7
-0.22325 -8.4
-0.22301 -8.0
-0.22276 -7.6
-0.22252 -7.1
-0.22228 -6.6
-0.22203 -6.0
-0.22179 -5.4
-0.22154 -4.7
-0.2213 -4.1
-0.22106 -3.4
-0.22081 -2.6
-0.22057 -1.9
-0.22032 -1.1
-0.22008 -0.4
-0.21984 0.4
-0.21959 1.2
-0.21935 1.9
-0.2191 2.7
-0.21886 3.4
-0.21861 4.1
-0.21837 4.8
-0.21813 5.4
-0.21788 6.0
-0.21764 6.6
-0.21739 7.2
-0.21715 7.6
-0.21691 8.1
-0.21666 8.5
-0.21642 8.8
-0.21617 9.1
-0.21593 9.3
-0.21568 9.4
-0.21544 9.5
-0.2152 9.5
-0.21495 9.5
-0.21471 9.4
-0.21446 9.2
-0.21422 9.0
-0.21398 8.7
-0.21373 8.4
-0.21349 8.0
-0.21324 7.5
-0.213 7.0
-0.21276 6.5
-0.21251 5.9
-0.21227 5.2
-0.21202 4.6
-0.21178 3.9
-0.21153 3.1
-0.21129 2.4
-0.21105 1.6
-0.2108 0.8
-0.21056 0.0
-0.21031 -0.7
-0.21007 -1.5
-0.20983 -2.3
-0.20958 -3.1
-0.20934 -3.8
-0.20909 -4.5
-0.20885 -5.2
-0.2086 -5.8
-0.20836 -6.4
-0.20812 -7.0
-0.20787 -7.5
-0.20763 -8.0
-0.20738 -8.4
-0.20714 -8.8
-0.2069 -9.1
-0.20665 -9.3
-0.20641 -9.5
-0.20616 -9.6
-0.20592 -9.6
-0.20568 -9.6
-0.20543 -9.5
-0.20519 -9.4
-0.20494 -9.1
-0.2047 -8.9
-0.20445 -8.5
-0.20421 -8.1
-0.20397 -7.7
-0.20372 -7.2
-0.20348 -6.6
-0.20323 -6.0
-0.20299 -5.3
-0.20275 -4.7
-0.2025 -3.9
-0.20226 -3.2
-0.20201 -2.4
-0.20177 -1.6
-0.20152 -0.8
-0.20128 0.0
-0.20104 0.8
-0.20079 1.6
-0.20055 2.4
-0.2003 3.1
-0.20006 3.9
-0.19982 4.6
-0.19957 5.3
-0.19933 6.0
-0.19908 6.6
-0.19884 7.2
-0.1986 7.7
-0.19835 8.2
-0.19811 8.6
-0.19786 8.9
-0.19762 9.2
-0.19737 9.5
-0.19713 9.6
-0.19689 9.7
-0.19664 9.7
-0.1964 9.7
-0.19615 9.6
-0.19591 9.4
-0.19567 9.1
-0.19542 8.8
-0.19518 8.5
-0.19493 8.0
-0.19469 7.5
-0.19444 7.0
-0.1942 6.4
-0.19396 5.7
-0.19371 5.1
-0.19347 4.3
-0.19322 3.6
-0.19298 2.8
-0.19274 2.0
-0.19249 1.2
-0.19225 0.4
-0.192 -0.5
-0.19176 -1.3
-0.19151 -2.1
-0.19127 -2.9
-0.19103 -3.7
-0.19078 -4.5
-0.19054 -5.2
-0.19029 -5.9
-0.19005 -6.5
-0.18981 -7.1
-0.18956 -7.7
-0.18932 -8.2
-0.18907 -8.6
-0.18883 -9.0
-0.18859 -9.3
-0.18834 -9.5
-0.1881 -9.7
-0.18785 -9.8
-0.18761 -9.8
-0.18736 -9.8
-0.18712 -9.7
-0.18688 -9.5
-0.18663 -9.3
-0.18639 -8.9
-0.18614 -8.5
-0.1859 -8.1
-0.18566 -7.6
-0.18541 -7.0
-0.18517 -6.4
-0.18492 -5.7
-0.18468 -5.0
-0.18443 -4.3
-0.18419 -3.5
-0.18395 -2.7
-0.1837 -1.9
-0.18346 -1.0
-0.18321 -0.2
-0.18297 0.7
-0.18273 1.5
-0.18248 2.3
-0.18224 3.2
-0.18199 4.0
-0.18175 4.7
-0.18151 5.5
-0.18126 6.2
-0.18102 6.8
-0.18077 7.4
-0.18053 7.9
-0.18028 8.4
-0.18004 8.9
-0.1798 9.2
-0.17955 9.5
-0.17931 9.7
-0.17906 9.9
-0.17882 9.9
-0.17858 9.9
-0.17833 9.9
-0.17809 9.7
-0.17784 9.5
-0.1776 9.2
-0.17735 8.8
-0.17711 8.4
-0.17687 7.9
-0.17662 7.3
-0.17638 6.7
-0.17613 6.0
-0.17589 5.3
-0.17565 4.6
-0.1754 3.8
-0.17516 3.0
-0.17491 2.1
-0.17467 1.2
-0.17443 0.4
-0.17418 -0.5
-0.17394 -1.4
-0.17369 -2.2
-0.17345 -3.1
-0.1732 -3.9
-0.17296 -4.7
-0.17272 -5.5
-0.17247 -6.2
-0.17223 -6.8
-0.17198 -7.5
-0.17174 -8.0
-0.1715 -8.5
-0.17125 -9.0
-0.17101 -9.3
-0.17076 -9.6
-0.17052 -9.8
-0.17027 -10.0
-0.17003 -10.1
-0.16979 -10.0
-0.16954 -9.9
-0.1693 -9.8
-0.16905 -9.5
-0.16881 -9.2
-0.16857 -8.8
-0.16832 -8.4
-0.16808 -7.8
-0.16783 -7.2
-0.16759 -6.6
-0.16735 -5.9
-0.1671 -5.1
-0.16686 -4.4
-0.16661 -3.5
-0.16637 -2.7
-0.16612 -1.8
-0.16588 -0.9
-0.16564 0.0
-0.16539 0.9
-0.16515 1.8
-0.1649 2.7
-0.16466 3.5
-0.16442 4.4
-0.16417 5.2
-0.16393 5.9
-0.16368 6.6
-0.16344 7.3
-0.16319 7.9
-0.16295 8.4
-0.16271 8.9
-0.16246 9.3
-0.16222 9.6
-0.16197 9.9
-0.16173 10.1
-0.16149 10.2
-0.16124 10.2
-0.161 10.1
-0.16075 9.9
-0.16051 9.7
-0.16026 9.4
-0.16002 9.0
-0.15978 8.5
-0.15953 8.0
-0.15929 7.4
-0.15904 6.7
-0.1588 6.0
-0.15856 5.3
-0.15831 4.5
-0.15807 3.6
-0.15782 2.7
-0.15758 1.8
-0.15734 0.9
-0.15709 0.0
-0.15685 -0.9
-0.1566 -1.9
-0.15636 -2.8
-0.15611 -3.7
-0.15587 -4.5
-0.15563 -5.3
-0.15538 -6.1
-0.15514 -6.8
-0.15489 -7.5
-0.15465 -8.1
-0.15441 -8.7
-0.15416 -9.1
-0.15392 -9.5
-0.15367 -9.8
-0.15343 -10.1
-0.15318 -10.2
-0.15294 -10.3
-0.1527 -10.3
-0.15245 -10.2
-0.15221 -10.0
-0.15196 -9.7
-0.15172 -9.3
-0.15148 -8.9
-0.15123 -8.4
-0.15099 -7.8
-0.15074 -7.2
-0.1505 -6.4
-0.15026 -5.7
-0.15001 -4.9
-0.14977 -4.0
-0.14952 -3.1
-0.14928 -2.2
-0.14903 -1.2
-0.14879 -0.3
-0.14855 0.7
-0.1483 1.6
-0.14806 2.6
-0.14781 3.5
-0.14757 4.4
-0.14733 5.2
-0.14708 6.0
-0.14684 6.8
-0.14659 7.5
-0.14635 8.1
-0.1461 8.7
-0.14586 9.2
-0.14562 9.6
-0.14537 9.9
-0.14513 10.2
-0.14488 10.4
-0.14464 10.4
-0.1444 10.4
-0.14415 10.3
-0.14391 10.1
-0.14366 9.8
-0.14342 9.4
-0.14318 9.0
-0.14293 8.4
-0.14269 7.8
-0.14244 7.1
-0.1422 6.4
-0.14195 5.6
-0.14171 4.7
-0.14147 3.8
-0.14122 2.9
-0.14098 2.0
-0.14073 1.0
-0.14049 0.0
-0.14025 -1.0
-0.14 -2.0
-0.13976 -2.9
-0.13951 -3.9
-0.13927 -4.8
-0.13902 -5.6
-0.13878 -6.5
-0.13854 -7.2
-0.13829 -7.9
-0.13805 -8.5
-0.1378 -9.1
-0.13756 -9.6
-0.13732 -9.9
-0.13707 -10.2
-0.13683 -10.4
-0.13658 -10.5
-0.13634 -10.6
-0.1361 -10.5
-0.13585 -10.3
-0.13561 -10.0
-0.13536 -9.7
-0.13512 -9.2
-0.13487 -8.7
-0.13463 -8.1
-0.13439 -7.4
-0.13414 -6.6
-0.1339 -5.8
-0.13365 -4.9
-0.13341 -4.0
-0.13317 -3.0
-0.13292 -2.1
-0.13268 -1.0
-0.13243 0.0
-0.13219 1.0
-0.13194 2.0
-0.1317 3.0
-0.13146 4.0
-0.13121 4.9
-0.13097 5.8
-0.13072 6.6
-0.13048 7.4
-0.13024 8.1
-0.12999 8.7
-0.12975 9.3
-0.1295 9.8
-0.12926 10.1
-0.12901 10.4
-0.12877 10.6
-0.12853 10.7
-0.12828 10.7
-0.12804 10.6
-0.12779 10.3
-0.12755 10.0
-0.12731 9.6
-0.12706 9.1
-0.12682 8.5
-0.12657 7.9
-0.12633 7.1
-0.12609 6.3
-0.12584 5.4
-0.1256 4.5
-0.12535 3.5
-0.12511 2.5
-0.12486 1.5
-0.12462 0.4
-0.12438 -0.6
-0.12413 -1.7
-0.12389 -2.7
-0.12364 -3.7
-0.1234 -4.7
-0.12316 -5.7
-0.12291 -6.5
-0.12267 -7.4
-0.12242 -8.1
-0.12218 -8.8
-0.12193 -9.4
-0.12169 -9.9
-0.12145 -10.3
-0.1212 -10.6
-0.12096 -10.8
-0.12071 -10.8
-0.12047 -10.8
-0.12023 -10.7
-0.11998 -10.5
-0.11974 -10.2
-0.11949 -9.7
-0.11925 -9.2
-0.11901 -8.6
-0.11876 -7.9
-0.11852 -7.1
-0.11827 -6.2
-0.11803 -5.3
-0.11778 -4.3
-0.11754 -3.3
-0.1173 -2.3
-0.11705 -1.2
-0.11681 0.0
-0.11656 1.0
-0.11632 2.1
-0.11608 3.2
-0.11583 4.2
-0.11559 5.2
-0.11534 6.1
-0.1151 7.0
-0.11485 7.8
-0.11461 8.6
-0.11437 9.2
-0.11412 9.8
-0.11388 10.2
-0.11363 10.6
-0.11339 10.8
-0.11315 11.0
-0.1129 11.0
-0.11266 10.9
-0.11241 10.7
-0.11217 10.4
-0.11193 10.0
-0.11168 9.5
-0.11144 8.8
-0.11119 8.1
-0.11095 7.3
-0.1107 6.4
-0.11046 5.5
-0.11022 4.5
-0.10997 3.4
-0.10973 2.3
-0.10948 1.2
-0.10924 0.0
-0.109 -1.0
-0.10875 -2.2
-0.10851 -3.3
-0.10826 -4.4
-0.10802 -5.4
-0.10777 -6.4
-0.10753 -7.3
-0.10729 -8.1
-0.10704 -8.9
-0.1068 -9.5
-0.10655 -10.1
-0.10631 -10.5
-0.10607 -10.8
-0.10582 -11.1
-0.10558 -11.2
-0.10533 -11.2
-0.10509 -11.0
-0.10485 -10.8
-0.1046 -10.4
-0.10436 -9.9
-0.10411 -9.3
-0.10387 -8.6
-0.10362 -7.8
-0.10338 -6.9
-0.10314 -6.0
-0.10289 -5.0
-0.10265 -3.9
-0.1024 -2.8
-0.10216 -1.6
-0.10192 -0.4
-0.10167 0.7
-0.10143 1.9
-0.10118 3.1
-0.10094 4.2
-0.10069 5.3
-0.10045 6.3
-0.10021 7.3
-0.09996 8.1
-0.09972 8.9
-0.09947 9.6
-0.09923 10.2
-0.09899 10.7
-0.09874 11.0
-0.0985 11.3
-0.09825 11.4
-0.09801 11.3
-0.09776 11.2
-0.09752 10.9
-0.09728 10.5
-0.09703 10.0
-0.09679 9.3
-0.09654 8.6
-0.0963 7.7
-0.09606 6.8
-0.09581 5.8
-0.09557 4.7
-0.09532 3.5
-0.09508 2.4
-0.09484 1.1
-0.09459 0.0
-0.09435 -1.3
-0.0941 -2.5
-0.09386 -3.7
-0.09361 -4.9
-0.09337 -6.0
-0.09313 -7.0
-0.09288 -7.9
-0.09264 -8.8
-0.09239 -9.6
-0.09215 -10.2
-0.09191 -10.7
-0.09166 -11.1
-0.09142 -11.4
-0.09117 -11.5
-0.09093 -11.5
-0.09068 -11.4
-0.09044 -11.1
-0.0902 -10.7
-0.08995 -10.2
-0.08971 -9.5
-0.08946 -8.7
-0.08922 -7.9
-0.08898 -6.9
-0.08873 -5.8
-0.08849 -4.7
-0.08824 -3.5
-0.088 -2.2
-0.08776 -1.0
-0.08751 0.3
-0.08727 1.6
-0.08702 2.9
-0.08678 4.1
-0.08653 5.3
-0.08629 6.4
-0.08605 7.5
-0.0858 8.4
-0.08556 9.3
-0.08531 10.0
-0.08507 10.6
-0.08483 11.1
-0.08458 11.5
-0.08434 11.7
-0.08409 11.8
-0.08385 11.7
-0.0836 11.4
-0.08336 11.1
-0.08312 10.6
-0.08287 9.9
-0.08263 9.1
-0.08238 8.2
-0.08214 7.2
-0.0819 6.1
-0.08165 5.0
-0.08141 3.7
-0.08116 2.4
-0.08092 1.1
-0.08068 -0.2
-0.08043 -1.6
-0.08019 -2.9
-0.07994 -4.2
-0.0797 -5.4
-0.07945 -6.6
-0.07921 -7.7
-0.07897 -8.7
-0.07872 -9.6
-0.07848 -10.3
-0.07823 -11.0
-0.07799 -11.4
-0.07775 -11.8
-0.0775 -12.0
-0.07726 -12.0
-0.07701 -11.8
-0.07677 -11.5
-0.07652 -11.1
-0.07628 -10.5
-0.07604 -9.7
-0.07579 -8.9
-0.07555 -7.9
-0.0753 -6.8
-0.07506 -5.6
-0.07482 -4.3
-0.07457 -2.9
-0.07433 -1.6
-0.07408 -0.2
-0.07384 1.3
-0.0736 2.7
-0.07335 4.0
-0.07311 5.3
-0.07286 6.6
-0.07262 7.7
-0.07237 8.8
-0.07213 9.7
-0.07189 10.5
-0.07164 11.2
-0.0714 11.7
-0.07115 12.0
-0.07091 12.2
-0.07067 12.2
-0.07042 12.0
-0.07018 11.7
-0.06993 11.2
-0.06969 10.5
-0.06944 9.7
-0.0692 8.7
-0.06896 7.7
-0.06871 6.5
-0.06847 5.2
-0.06822 3.8
-0.06798 2.4
-0.06774 0.9
-0.06749 -0.6
-0.06725 -2.1
-0.067 -3.5
-0.06676 -4.9
-0.06651 -6.3
-0.06627 -7.5
-0.06603 -8.7
-0.06578 -9.7
-0.06554 -10.6
-0.06529 -11.3
-0.06505 -11.9
-0.06481 -12.2
-0.06456 -12.4
-0.06432 -12.5
-0.06407 -12.3
-0.06383 -11.9
-0.06359 -11.4
-0.06334 -10.7
-0.0631 -9.8
-0.06285 -8.8
-0.06261 -7.6
-0.06236 -6.3
-0.06212 -4.9
-0.06188 -3.5
-0.06163 -2.0
-0.06139 -0.4
-0.06114 1.2
-0.0609 2.7
-0.06066 4.2
-0.06041 5.7
-0.06017 7.1
-0.05992 8.3
-0.05968 9.5
-0.05943 10.5
-0.05919 11.3
-0.05895 12.0
-0.0587 12.4
-0.05846 12.7
-0.05821 12.8
-0.05797 12.6
-0.05773 12.3
-0.05748 11.7
-0.05724 11.0
-0.05699 10.1
-0.05675 9.0
-0.05651 7.8
-0.05626 6.4
-0.05602 4.9
-0.05577 3.4
-0.05553 1.8
-0.05528 0.0
-0.05504 -1.6
-0.0548 -3.2
-0.05455 -4.8
-0.05431 -6.3
-0.05406 -7.7
-0.05382 -9.0
-0.05358 -10.2
-0.05333 -11.2
-0.05309 -12.0
-0.05284 -12.5
-0.0526 -12.9
-0.05235 -13.1
-0.05211 -13.0
-0.05187 -12.7
-0.05162 -12.2
-0.05138 -11.5
-0.05113 -10.5
-0.05089 -9.4
-0.05065 -8.1
-0.0504 -6.7
-0.05016 -5.1
-0.04991 -3.5
-0.04967 -1.7
-0.04943 0.0
-0.04918 1.8
-0.04894 3.6
-0.04869 5.2
-0.04845 6.8
-0.0482 8.3
-0.04796 9.7
-0.04772 10.8
-0.04747 11.8
-0.04723 12.6
-0.04698 13.1
-0.04674 13.4
-0.0465 13.4
-0.04625 13.2
-0.04601 12.7
-0.04576 12.0
-0.04552 11.1
-0.04527 10.0
-0.04503 8.6
-0.04479 7.1
-0.04454 5.5
-0.0443 3.7
-0.04405 1.9
-0.04381 0.0
-0.04357 -1.9
-0.04332 -3.8
-0.04308 -5.6
-0.04283 -7.3
-0.04259 -8.9
-0.04235 -10.3
-0.0421 -11.4
-0.04186 -12.4
-0.04161 -13.1
-0.04137 -13.6
-0.04112 -13.8
-0.04088 -13.7
-0.04064 -13.4
-0.04039 -12.7
-0.04015 -11.8
-0.0399 -10.7
-0.03966 -9.3
-0.03942 -7.7
-0.03917 -5.9
-0.03893 -4.1
-0.03868 -2.1
-0.03844 0.0
-0.03819 2.0
-0.03795 4.0
-0.03771 5.9
-0.03746 7.8
-0.03722 9.4
-0.03697 10.9
-0.03673 12.1
-0.03649 13.1
-0.03624 13.8
-0.036 14.2
-0.03575 14.2
-0.03551 14.0
-0.03526 13.4
-0.03502 12.6
-0.03478 11.4
-0.03453 10.0
-0.03429 8.4
-0.03404 6.5
-0.0338 4.5
-0.03356 2.3
-0.03331 0.1
-0.03307 -2.1
-0.03282 -4.3
-0.03258 -6.3
-0.03234 -8.3
-0.03209 -10.1
-0.03185 -11.6
-0.0316 -12.9
-0.03136 -13.8
-0.03111 -14.5
-0.03087 -14.7
-0.03063 -14.7
-0.03038 -14.2
-0.03014 -13.4
-0.02989 -12.2
-0.02965 -10.8
-0.02941 -9.0
-0.02916 -7.0
-0.02892 -4.9
-0.02867 -2.5
-0.02843 -0.1
-0.02818 2.3
-0.02794 4.7
-0.0277 7.0
-0.02745 9.1
-0.02721 11.0
-0.02696 12.6
-0.02672 13.8
-0.02648 14.7
-0.02623 15.2
-0.02599 15.3
-0.02574 15.0
-0.0255 14.2
-0.02526 13.0
-0.02501 11.5
-0.02477 9.6
-0.02452 7.4
-0.02428 5.0
-0.02403 2.4
-0.02379 -0.2
-0.02355 -2.9
-0.0233 -5.6
-0.02306 -8.0
-0.02281 -10.3
-0.02257 -12.2
-0.02233 -13.9
-0.02208 -15.0
-0.02184 -15.8
-0.02159 -16.0
-0.02135 -15.8
-0.0211 -15.0
-0.02086 -13.7
-0.02062 -12.0
-0.02037 -9.9
-0.02013 -7.4
-0.01988 -4.7
-0.01964 -1.7
-0.0194 1.3
-0.01915 4.3
-0.01891 7.2
-0.01866 9.8
-0.01842 12.2
-0.01818 14.1
-0.01793 15.6
-0.01769 16.5
-0.01744 16.8
-0.0172 16.6
-0.01695 15.6
-0.01671 14.1
-0.01647 12.1
-0.01622 9.5
-0.01598 6.6
-0.01573 3.3
-0.01549 -0.1
-0.01525 -3.6
-0.015 -6.9
-0.01476 -10.1
-0.01451 -12.8
-0.01427 -15.1
-0.01402 -16.7
-0.01378 -17.7
-0.01354 -17.8
-0.01329 -17.2
-0.01305 -15.9
-0.0128 -13.7
-0.01256 -11.0
-0.01232 -7.6
-0.01207 -3.9
-0.01183 0.2
-0.01158 4.2
-0.01134 8.2
-0.0111 11.8
-0.01085 14.8
-0.01061 17.2
-0.01036 18.7
-0.01012 19.2
-0.00987 18.7
-0.00963 17.1
-0.00939 14.5
-0.00914 11.0
-0.0089 6.8
-0.00865 2.1
-0.00841 -2.8
-0.00817 -7.7
-0.00792 -12.2
-0.00768 -16.1
-0.00743 -18.9
-0.00719 -20.6
-0.00694 -20.8
-0.0067 -19.6
-0.00646 -16.8
-0.00621 -12.7
-0.00597 -7.5
-0.00572 -1.4
-0.00548 4.9
-0.00524 11.1
-0.00499 16.5
-0.00475 20.6
-0.0045 22.9
-0.00426 23.0
-0.00401 20.8
-0.00377 16.2
-0.00353 9.6
-0.00328 1.6
-0.00304 -7.1
-0.00279 -15.3
-0.00255 -22.0
-0.00231 -25.8
-0.00206 -26.0
-0.00182 -21.9
-0.00157 -13.6
-0.00133 -2.2
-0.00109 10.6
-0.00084 22.1
-0.0006 29.1
-0.00035 28.8
-0.00011 19.3
0.00014 2.2
0.00038 -16.6
0.00062 -28.1
0.00087 -25.6
0.00111 -9.8
0.00136 9.8
0.0016 21.0
0.00184 17.6
0.00209 4.0
0.00233 -9.3
0.00258 -13.5
0.00282 -7.8
0.00307 1.7
0.00331 7.7
0.00355 6.8
0.0038 1.4
0.00404 -3.5
0.00429 -4.7
0.00453 -2.2
0.00477 1.2
0.00502 2.8
0.00526 2.0
0.00551 0.0
0.00575 -1.5
0.00599 -1.6
0.00624 -0.5
0.00648 0.7
0.00673 1.0
0.00697 0.5
0.00722 -0.2
0.00746 -0.6
0.0077 -0.5
0.00795 0.0
0.00819 0.3
0.00844 0.4
0.00868 0.1
0.00892 -0.1
0.00917 -0.2
0.00941 -0.1
0.00966 0.0
0.0099 0.1
0.01015 0.1
0.01039 0.0
0.01063 0.0
0.01088 0.0
0.01112 0.0
0.01137 0.0
0.01161 0.0
0.01185 0.0
0.0121 0.0
0.01234 0.0
0.01259 0.0
0.01283 0.0
0.01307 0.0
0.01332 0.0
0.01356 0.0
0.01381 0.0
0.01405 0.0
0.0143 0.0
0.01454 0.0
0.01478 0.0
0.01503 0.0
0.01527 0.0
0.01552 0.0
0.01576 0.0
0.016 0.0
0.01625 0.0
0.01649 0.0
0.01674 0.0
0.01698 0.0
0.01723 0.0
0.01747 0.0
0.01771 0.0
0.01796 0.0
0.0182 0.0
0.01845 0.0
0.01869 0.0
0.01893 0.0
0.01918 0.0
0.01942 0.0
0.01967 0.0
0.01991 0.0
0.02015 0.0
0.0204 0.0
0.02064 0.0
0.02089 0.0
0.02113 0.0
0.02138 0.0
0.02162 0.0
0.02186 0.0
0.02211 0.0
0.02235 0.0
0.0226 0.0
0.02284 0.0
0.02308 0.0
0.02333 0.0
0.02357 0.0
0.02382 0.0
0.02406 0.0
0.02431 0.0
0.02455 0.0
0.02479 0.0
0.02504 0.0
0.02528 0.0
0.02553 0.0
0.02577 0.0
0.02601 0.0
0.02626 0.0
0.0265 0.0
0.02675 0.0
0.02699 0.0
0.02724 0.0
0.02748 0.0
0.02772 0.0
0.02797 0.0
0.02821 0.0
0.02846 0.0
0.0287 0.0
0.02894 0.0
0.02919 0.0
0.02943 0.0
0.02968 0.0
0.02992 0.0
0.03016 0.0
0.03041 0.0
0.03065 0.0
0.0309 0.0
0.03114 0.0
0.03139 0.0
0.03163 0.0
0.03187 0.0
0.03212 0.0
0.03236 0.0
0.03261 0.0
0.03285 0.0
0.03309 0.0
0.03334 0.0
0.03358 0.0
0.03383 0.0
0.03407 0.0
0.03432 0.0
0.03456 0.0
0.0348 0.0
0.03505 0.0
0.03529 0.0
0.03554 0.0
0.03578 0.0
0.03602 0.0
0.03627 0.0
0.03651 0.0
0.03676 0.0
0.037 0.0
0.03724 0.0
0.03749 0.0
0.03773 0.0
0.03798 0.0
0.03822 0.0
0.03847 0.0
0.03871 0.0
0.03895 0.0
0.0392 0.0
0.03944 0.0
0.03969 0.0
0.03993 0.0
0.04017 0.0
0.04042 0.0
0.04066 0.0
0.04091 0.0
0.04115 0.0
0.0414 0.0
0.04164 0.0
0.04188 0.0
0.04213 0.0
0.04237 0.0
0.04262 0.0
0.04286 0.0
0.0431 0.0
0.04335 0.0
0.04359 0.0
0.04384 0.0
0.04408 0.0
0.04432 0.0
0.04457 0.0
0.04481 0.0
0.04506 0.0
0.0453 0.0
0.04555 0.0
0.04579 0.0
0.04603 0.0
0.04628 0.0
0.04652 0.0
0.04677 0.0
0.04701 0.0
0.04725 0.0
0.0475 0.0
0.04774 0.0
0.04799 0.0
0.04823 0.0
0.04848 0.0
0.04872 0.0
0.04896 0.0
0.04921 0.0
0.04945 0.0
0.0497 0.0
0.04994 0.0
0.05018 0.0
0.05043 0.0
0.05067 0.0
0.05092 0.0
0.05116 0.0
0.0514 0.0
0.05165 0.0
0.05189 0.0
0.05214 0.0
0.05238 0.0
0.05263 0.0
0.05287 0.0
0.05311 0.0
0.05336 0.0
0.0536 0.0
0.05385 0.0
0.05409 0.0
0.05433 0.0
0.05458 0.0
0.05482 0.0
0.05507 0.0
0.05531 0.0
0.05556 0.0
0.0558 0.0
0.05604 0.0
0.05629 0.0
0.05653 0.0
0.05678 0.0
0.05702 0.0
0.05726 0.0
0.05751 0.0
0.05775 0.0
0.058 0.0
0.05824 0.0
0.05849 0.0
0.05873 0.0
0.05897 0.0
0.05922 0.0
0.05946 0.0
0.05971 0.0
0.05995 0.0
0.06019 0.0
0.06044 0.0
0.06068 0.0
0.06093 0.0
0.06117 0.0
0.06141 0.0
0.06166 0.0
0.0619 0.0
0.06215 0.0
0.06239 0.0
0.06264 0.0
0.06288 0.0
0.06312 0.0
0.06337 0.0
0.06361 0.0
0.06386 0.0
0.0641 0.0
0.06434 0.0
0.06459 0.0
0.06483 0.0
0.06508 0.0
0.06532 0.0
