t strain*1e23
-1.87782 -4.3
-1.87757 -4.2
-1.87733 -4.2
-1.87708 -4.1
-1.87684 -4.1
-1.87659 -4.0
-1.87635 -4.0
-1.87611 -3.9
-1.87586 -3.9
-1.87562 -3.8
-1.87537 -3.7
-1.87513 -3.6
-1.87489 -3.5
-1.87464 -3.4
-1.8744 -3.3
-1.87415 -3.2
-1.87391 -3.1
-1.87366 -3.0
-1.87342 -2.9
-1.87318 -2.7
-1.87293 -2.6
-1.87269 -2.5
-1.87244 -2.3
-1.8722 -2.2
-1.87196 -2.0
-1.87171 -1.9
-1.87147 -1.7
-1.87122 -1.6
-1.87098 -1.4
-1.87074 -1.3
-1.87049 -1.1
-1.87025 -1.0
-1.87 -0.8
-1.86976 -0.6
-1.86951 -0.5
-1.86927 -0.3
-1.86903 -0.1
-1.86878 0.0
-1.86854 0.2
-1.86829 0.4
-1.86805 0.5
-1.86781 0.7
-1.86756 0.8
-1.86732 1.0
-1.86707 1.2
-1.86683 1.3
-1.86658 1.5
-1.86634 1.6
-1.8661 1.8
-1.86585 1.9
-1.86561 2.1
-1.86536 2.2
-1.86512 2.4
-1.86488 2.5
-1.86463 2.6
-1.86439 2.8
-1.86414 2.9
-1.8639 3.0
-1.86366 3.1
-1.86341 3.2
-1.86317 3.4
-1.86292 3.5
-1.86268 3.5
-1.86243 3.6
-1.86219 3.7
-1.86195 3.8
-1.8617 3.9
-1.86146 4.0
-1.86121 4.0
-1.86097 4.1
-1.86073 4.1
-1.86048 4.2
-1.86024 4.2
-1.85999 4.2
-1.85975 4.3
-1.8595 4.3
-1.85926 4.3
-1.85902 4.3
-1.85877 4.3
-1.85853 4.3
-1.85828 4.3
-1.85804 4.3
-1.8578 4.3
-1.85755 4.2
-1.85731 4.2
-1.85706 4.1
-1.85682 4.1
-1.85658 4.0
-1.85633 4.0
-1.85609 3.9
-1.85584 3.8
-1.8556 3.8
-1.85535 3.7
-1.85511 3.6
-1.85487 3.5
-1.85462 3.4
-1.85438 3.3
-1.85413 3.2
-1.85389 3.1
-1.85365 2.9
-1.8534 2.8
-1.85316 2.7
-1.85291 2.6
-1.85267 2.4
-1.85242 2.3
-1.85218 2.1
-1.85194 2.0
-1.85169 1.9
-1.85145 1.7
-1.8512 1.5
-1.85096 1.4
-1.85072 1.2
-1.85047 1.1
-1.85023 0.9
-1.84998 0.7
-1.84974 0.6
-1.84949 0.4
-1.84925 0.2
-1.84901 0.0
-1.84876 0.0
-1.84852 -0.3
-1.84827 -0.4
-1.84803 -0.6
-1.84779 -0.7
-1.84754 -0.9
-1.8473 -1.1
-1.84705 -1.2
-1.84681 -1.4
-1.84657 -1.6
-1.84632 -1.7
-1.84608 -1.9
-1.84583 -2.0
-1.84559 -2.2
-1.84534 -2.3
-1.8451 -2.4
-1.84486 -2.6
-1.84461 -2.7
-1.84437 -2.8
-1.84412 -3.0
-1.84388 -3.1
-1.84364 -3.2
-1.84339 -3.3
-1.84315 -3.4
-1.8429 -3.5
-1.84266 -3.6
-1.84241 -3.7
-1.84217 -3.8
-1.84193 -3.9
-1.84168 -3.9
-1.84144 -4.0
-1.84119 -4.1
-1.84095 -4.1
-1.84071 -4.2
-1.84046 -4.2
-1.84022 -4.2
-1.83997 -4.3
-1.83973 -4.3
-1.83949 -4.3
-1.83924 -4.3
-1.839 -4.3
-1.83875 -4.3
-1.83851 -4.3
-1.83826 -4.3
-1.83802 -4.3
-1.83778 -4.3
-1.83753 -4.2
-1.83729 -4.2
-1.83704 -4.1
-1.8368 -4.1
-1.83656 -4.0
-1.83631 -4.0
-1.83607 -3.9
-1.83582 -3.8
-1.83558 -3.7
-1.83533 -3.6
-1.83509 -3.5
-1.83485 -3.4
-1.8346 -3.3
-1.83436 -3.2
-1.83411 -3.1
-1.83387 -3.0
-1.83363 -2.9
-1.83338 -2.8
-1.83314 -2.6
-1.83289 -2.5
-1.83265 -2.3
-1.83241 -2.2
-1.83216 -2.1
-1.83192 -1.9
-1.83167 -1.8
-1.83143 -1.6
-1.83118 -1.4
-1.83094 -1.3
-1.8307 -1.1
-1.83045 -1.0
-1.83021 -0.8
-1.82996 -0.6
-1.82972 -0.5
-1.82948 -0.3
-1.82923 -0.1
-1.82899 0.0
-1.82874 0.2
-1.8285 0.4
-1.82825 0.5
-1.82801 0.7
-1.82777 0.9
-1.82752 1.0
-1.82728 1.2
-1.82703 1.4
-1.82679 1.5
-1.82655 1.7
-1.8263 1.8
-1.82606 2.0
-1.82581 2.1
-1.82557 2.3
-1.82533 2.4
-1.82508 2.5
-1.82484 2.7
-1.82459 2.8
-1.82435 2.9
-1.8241 3.1
-1.82386 3.2
-1.82362 3.3
-1.82337 3.4
-1.82313 3.5
-1.82288 3.6
-1.82264 3.7
-1.8224 3.8
-1.82215 3.8
-1.82191 3.9
-1.82166 4.0
-1.82142 4.1
-1.82117 4.1
-1.82093 4.2
-1.82069 4.2
-1.82044 4.2
-1.8202 4.3
-1.81995 4.3
-1.81971 4.3
-1.81947 4.3
-1.81922 4.3
-1.81898 4.3
-1.81873 4.3
-1.81849 4.3
-1.81824 4.3
-1.818 4.3
-1.81776 4.2
-1.81751 4.2
-1.81727 4.1
-1.81702 4.1
-1.81678 4.0
-1.81654 4.0
-1.81629 3.9
-1.81605 3.8
-1.8158 3.7
-1.81556 3.7
-1.81532 3.6
-1.81507 3.5
-1.81483 3.4
-1.81458 3.2
-1.81434 3.1
-1.81409 3.0
-1.81385 2.9
-1.81361 2.8
-1.81336 2.6
-1.81312 2.5
-1.81287 2.4
-1.81263 2.2
-1.81239 2.1
-1.81214 1.9
-1.8119 1.8
-1.81165 1.6
-1.81141 1.5
-1.81116 1.3
-1.81092 1.1
-1.81068 1.0
-1.81043 0.8
-1.81019 0.6
-1.80994 0.5
-1.8097 0.3
-1.80946 0.1
-1.80921 0.0
-1.80897 -0.2
-1.80872 -0.4
-1.80848 -0.5
-1.80824 -0.7
-1.80799 -0.9
-1.80775 -1.0
-1.8075 -1.2
-1.80726 -1.4
-1.80701 -1.5
-1.80677 -1.7
-1.80653 -1.8
-1.80628 -2.0
-1.80604 -2.1
-1.80579 -2.3
-1.80555 -2.4
-1.80531 -2.6
-1.80506 -2.7
-1.80482 -2.8
-1.80457 -3.0
-1.80433 -3.1
-1.80408 -3.2
-1.80384 -3.3
-1.8036 -3.4
-1.80335 -3.5
-1.80311 -3.6
-1.80286 -3.7
-1.80262 -3.8
-1.80238 -3.9
-1.80213 -3.9
-1.80189 -4.0
-1.80164 -4.1
-1.8014 -4.1
-1.80116 -4.2
-1.80091 -4.2
-1.80067 -4.3
-1.80042 -4.3
-1.80018 -4.3
-1.79993 -4.3
-1.79969 -4.3
-1.79945 -4.3
-1.7992 -4.3
-1.79896 -4.3
-1.79871 -4.3
-1.79847 -4.3
-1.79823 -4.3
-1.79798 -4.2
-1.79774 -4.2
-1.79749 -4.1
-1.79725 -4.1
-1.797 -4.0
-1.79676 -4.0
-1.79652 -3.9
-1.79627 -3.8
-1.79603 -3.7
-1.79578 -3.6
-1.79554 -3.5
-1.7953 -3.4
-1.79505 -3.3
-1.79481 -3.2
-1.79456 -3.1
-1.79432 -3.0
-1.79408 -2.9
-1.79383 -2.7
-1.79359 -2.6
-1.79334 -2.5
-1.7931 -2.3
-1.79285 -2.2
-1.79261 -2.0
-1.79237 -1.9
-1.79212 -1.7
-1.79188 -1.6
-1.79163 -1.4
-1.79139 -1.2
-1.79115 -1.1
-1.7909 -0.9
-1.79066 -0.8
-1.79041 -0.6
-1.79017 -0.4
-1.78992 -0.2
-1.78968 0.0
-1.78944 0.0
-1.78919 0.3
-1.78895 0.4
-1.7887 0.6
-1.78846 0.8
-1.78822 0.9
-1.78797 1.1
-1.78773 1.3
-1.78748 1.4
-1.78724 1.6
-1.78699 1.7
-1.78675 1.9
-1.78651 2.0
-1.78626 2.2
-1.78602 2.3
-1.78577 2.5
-1.78553 2.6
-1.78529 2.8
-1.78504 2.9
-1.7848 3.0
-1.78455 3.1
-1.78431 3.2
-1.78407 3.4
-1.78382 3.5
-1.78358 3.6
-1.78333 3.7
-1.78309 3.7
-1.78284 3.8
-1.7826 3.9
-1.78236 4.0
-1.78211 4.0
-1.78187 4.1
-1.78162 4.2
-1.78138 4.2
-1.78114 4.3
-1.78089 4.3
-1.78065 4.3
-1.7804 4.3
-1.78016 4.3
-1.77991 4.4
-1.77967 4.4
-1.77943 4.4
-1.77918 4.3
-1.77894 4.3
-1.77869 4.3
-1.77845 4.3
-1.77821 4.2
-1.77796 4.2
-1.77772 4.1
-1.77747 4.1
-1.77723 4.0
-1.77699 3.9
-1.77674 3.9
-1.7765 3.8
-1.77625 3.7
-1.77601 3.6
-1.77576 3.5
-1.77552 3.4
-1.77528 3.3
-1.77503 3.2
-1.77479 3.1
-1.77454 2.9
-1.7743 2.8
-1.77406 2.7
-1.77381 2.5
-1.77357 2.4
-1.77332 2.2
-1.77308 2.1
-1.77283 1.9
-1.77259 1.8
-1.77235 1.6
-1.7721 1.5
-1.77186 1.3
-1.77161 1.2
-1.77137 1.0
-1.77113 0.8
-1.77088 0.7
-1.77064 0.5
-1.77039 0.3
-1.77015 0.1
-1.76991 0.0
-1.76966 -0.2
-1.76942 -0.4
-1.76917 -0.5
-1.76893 -0.7
-1.76868 -0.9
-1.76844 -1.0
-1.7682 -1.2
-1.76795 -1.4
-1.76771 -1.5
-1.76746 -1.7
-1.76722 -1.9
-1.76698 -2.0
-1.76673 -2.2
-1.76649 -2.3
-1.76624 -2.4
-1.766 -2.6
-1.76575 -2.7
-1.76551 -2.9
-1.76527 -3.0
-1.76502 -3.1
-1.76478 -3.2
-1.76453 -3.3
-1.76429 -3.4
-1.76405 -3.5
-1.7638 -3.6
-1.76356 -3.7
-1.76331 -3.8
-1.76307 -3.9
-1.76283 -4.0
-1.76258 -4.0
-1.76234 -4.1
-1.76209 -4.2
-1.76185 -4.2
-1.7616 -4.3
-1.76136 -4.3
-1.76112 -4.3
-1.76087 -4.3
-1.76063 -4.4
-1.76038 -4.4
-1.76014 -4.4
-1.7599 -4.4
-1.75965 -4.4
-1.75941 -4.3
-1.75916 -4.3
-1.75892 -4.3
-1.75867 -4.2
-1.75843 -4.2
-1.75819 -4.2
-1.75794 -4.1
-1.7577 -4.0
-1.75745 -4.0
-1.75721 -3.9
-1.75697 -3.8
-1.75672 -3.7
-1.75648 -3.6
-1.75623 -3.5
-1.75599 -3.4
-1.75574 -3.3
-1.7555 -3.2
-1.75526 -3.1
-1.75501 -3.0
-1.75477 -2.8
-1.75452 -2.7
-1.75428 -2.6
-1.75404 -2.4
-1.75379 -2.3
-1.75355 -2.1
-1.7533 -2.0
-1.75306 -1.8
-1.75282 -1.7
-1.75257 -1.5
-1.75233 -1.3
-1.75208 -1.2
-1.75184 -1.0
-1.75159 -0.8
-1.75135 -0.7
-1.75111 -0.5
-1.75086 -0.3
-1.75062 -0.2
-1.75037 0.0
-1.75013 0.2
-1.74989 0.4
-1.74964 0.5
-1.7494 0.7
-1.74915 0.9
-1.74891 1.0
-1.74866 1.2
-1.74842 1.4
-1.74818 1.5
-1.74793 1.7
-1.74769 1.9
-1.74744 2.0
-1.7472 2.2
-1.74696 2.3
-1.74671 2.5
-1.74647 2.6
-1.74622 2.7
-1.74598 2.9
-1.74574 3.0
-1.74549 3.1
-1.74525 3.2
-1.745 3.3
-1.74476 3.5
-1.74451 3.6
-1.74427 3.7
-1.74403 3.7
-1.74378 3.8
-1.74354 3.9
-1.74329 4.0
-1.74305 4.1
-1.74281 4.1
-1.74256 4.2
-1.74232 4.2
-1.74207 4.3
-1.74183 4.3
-1.74158 4.3
-1.74134 4.4
-1.7411 4.4
-1.74085 4.4
-1.74061 4.4
-1.74036 4.4
-1.74012 4.4
-1.73988 4.3
-1.73963 4.3
-1.73939 4.3
-1.73914 4.3
-1.7389 4.2
-1.73866 4.2
-1.73841 4.1
-1.73817 4.0
-1.73792 4.0
-1.73768 3.9
-1.73743 3.8
-1.73719 3.7
-1.73695 3.6
-1.7367 3.5
-1.73646 3.4
-1.73621 3.3
-1.73597 3.2
-1.73573 3.1
-1.73548 2.9
-1.73524 2.8
-1.73499 2.7
-1.73475 2.5
-1.7345 2.4
-1.73426 2.2
-1.73402 2.1
-1.73377 1.9
-1.73353 1.8
-1.73328 1.6
-1.73304 1.5
-1.7328 1.3
-1.73255 1.1
-1.73231 1.0
-1.73206 0.8
-1.73182 0.6
-1.73158 0.5
-1.73133 0.3
-1.73109 0.1
-1.73084 0.0
-1.7306 -0.2
-1.73035 -0.4
-1.73011 -0.6
-1.72987 -0.8
-1.72962 -0.9
-1.72938 -1.1
-1.72913 -1.3
-1.72889 -1.4
-1.72865 -1.6
-1.7284 -1.7
-1.72816 -1.9
-1.72791 -2.1
-1.72767 -2.2
-1.72742 -2.4
-1.72718 -2.5
-1.72694 -2.6
-1.72669 -2.8
-1.72645 -2.9
-1.7262 -3.0
-1.72596 -3.2
-1.72572 -3.3
-1.72547 -3.4
-1.72523 -3.5
-1.72498 -3.6
-1.72474 -3.7
-1.72449 -3.8
-1.72425 -3.9
-1.72401 -4.0
-1.72376 -4.0
-1.72352 -4.1
-1.72327 -4.2
-1.72303 -4.2
-1.72279 -4.3
-1.72254 -4.3
-1.7223 -4.3
-1.72205 -4.4
-1.72181 -4.4
-1.72157 -4.4
-1.72132 -4.4
-1.72108 -4.4
-1.72083 -4.4
-1.72059 -4.4
-1.72034 -4.3
-1.7201 -4.3
-1.71986 -4.3
-1.71961 -4.2
-1.71937 -4.2
-1.71912 -4.1
-1.71888 -4.1
-1.71864 -4.0
-1.71839 -3.9
-1.71815 -3.9
-1.7179 -3.8
-1.71766 -3.7
-1.71741 -3.6
-1.71717 -3.5
-1.71693 -3.4
-1.71668 -3.3
-1.71644 -3.1
-1.71619 -3.0
-1.71595 -2.9
-1.71571 -2.7
-1.71546 -2.6
-1.71522 -2.5
-1.71497 -2.3
-1.71473 -2.2
-1.71449 -2.0
-1.71424 -1.9
-1.714 -1.7
-1.71375 -1.5
-1.71351 -1.4
-1.71326 -1.2
-1.71302 -1.0
-1.71278 -0.9
-1.71253 -0.7
-1.71229 -0.5
-1.71204 -0.4
-1.7118 -0.2
-1.71156 0.0
-1.71131 0.2
-1.71107 0.3
-1.71082 0.5
-1.71058 0.7
-1.71033 0.9
-1.71009 1.0
-1.70985 1.2
-1.7096 1.4
-1.70936 1.5
-1.70911 1.7
-1.70887 1.9
-1.70863 2.0
-1.70838 2.2
-1.70814 2.3
-1.70789 2.5
-1.70765 2.6
-1.70741 2.7
-1.70716 2.9
-1.70692 3.0
-1.70667 3.1
-1.70643 3.3
-1.70618 3.4
-1.70594 3.5
-1.7057 3.6
-1.70545 3.7
-1.70521 3.8
-1.70496 3.9
-1.70472 3.9
-1.70448 4.0
-1.70423 4.1
-1.70399 4.1
-1.70374 4.2
-1.7035 4.3
-1.70325 4.3
-1.70301 4.3
-1.70277 4.4
-1.70252 4.4
-1.70228 4.4
-1.70203 4.4
-1.70179 4.4
-1.70155 4.4
-1.7013 4.4
-1.70106 4.4
-1.70081 4.3
-1.70057 4.3
-1.70033 4.3
-1.70008 4.2
-1.69984 4.2
-1.69959 4.1
-1.69935 4.0
-1.6991 4.0
-1.69886 3.9
-1.69862 3.8
-1.69837 3.7
-1.69813 3.6
-1.69788 3.5
-1.69764 3.4
-1.6974 3.3
-1.69715 3.2
-1.69691 3.0
-1.69666 2.9
-1.69642 2.8
-1.69617 2.6
-1.69593 2.5
-1.69569 2.3
-1.69544 2.2
-1.6952 2.0
-1.69495 1.9
-1.69471 1.7
-1.69447 1.6
-1.69422 1.4
-1.69398 1.2
-1.69373 1.1
-1.69349 0.9
-1.69324 0.7
-1.693 0.5
-1.69276 0.4
-1.69251 0.2
-1.69227 0.0
-1.69202 -0.2
-1.69178 -0.3
-1.69154 -0.5
-1.69129 -0.7
-1.69105 -0.8
-1.6908 -1.0
-1.69056 -1.2
-1.69032 -1.4
-1.69007 -1.5
-1.68983 -1.7
-1.68958 -1.8
-1.68934 -2.0
-1.68909 -2.2
-1.68885 -2.3
-1.68861 -2.5
-1.68836 -2.6
-1.68812 -2.7
-1.68787 -2.9
-1.68763 -3.0
-1.68739 -3.1
-1.68714 -3.3
-1.6869 -3.4
-1.68665 -3.5
-1.68641 -3.6
-1.68616 -3.7
-1.68592 -3.8
-1.68568 -3.9
-1.68543 -4.0
-1.68519 -4.0
-1.68494 -4.1
-1.6847 -4.2
-1.68446 -4.2
-1.68421 -4.3
-1.68397 -4.3
-1.68372 -4.3
-1.68348 -4.4
-1.68324 -4.4
-1.68299 -4.4
-1.68275 -4.4
-1.6825 -4.4
-1.68226 -4.4
-1.68201 -4.4
-1.68177 -4.4
-1.68153 -4.3
-1.68128 -4.3
-1.68104 -4.3
-1.68079 -4.2
-1.68055 -4.2
-1.68031 -4.1
-1.68006 -4.0
-1.67982 -4.0
-1.67957 -3.9
-1.67933 -3.8
-1.67908 -3.7
-1.67884 -3.6
-1.6786 -3.5
-1.67835 -3.4
-1.67811 -3.3
-1.67786 -3.2
-1.67762 -3.0
-1.67738 -2.9
-1.67713 -2.8
-1.67689 -2.6
-1.67664 -2.5
-1.6764 -2.3
-1.67616 -2.2
-1.67591 -2.0
-1.67567 -1.9
-1.67542 -1.7
-1.67518 -1.5
-1.67493 -1.4
-1.67469 -1.2
-1.67445 -1.0
-1.6742 -0.9
-1.67396 -0.7
-1.67371 -0.5
-1.67347 -0.3
-1.67323 -0.2
-1.67298 0.0
-1.67274 0.2
-1.67249 0.4
-1.67225 0.5
-1.672 0.7
-1.67176 0.9
-1.67152 1.1
-1.67127 1.2
-1.67103 1.4
-1.67078 1.6
-1.67054 1.7
-1.6703 1.9
-1.67005 2.1
-1.66981 2.2
-1.66956 2.4
-1.66932 2.5
-1.66908 2.7
-1.66883 2.8
-1.66859 2.9
-1.66834 3.1
-1.6681 3.2
-1.66785 3.3
-1.66761 3.4
-1.66737 3.5
-1.66712 3.6
-1.66688 3.7
-1.66663 3.8
-1.66639 3.9
-1.66615 4.0
-1.6659 4.1
-1.66566 4.1
-1.66541 4.2
-1.66517 4.2
-1.66492 4.3
-1.66468 4.3
-1.66444 4.4
-1.66419 4.4
-1.66395 4.4
-1.6637 4.4
-1.66346 4.4
-1.66322 4.4
-1.66297 4.4
-1.66273 4.4
-1.66248 4.4
-1.66224 4.3
-1.66199 4.3
-1.66175 4.3
-1.66151 4.2
-1.66126 4.2
-1.66102 4.1
-1.66077 4.0
-1.66053 3.9
-1.66029 3.9
-1.66004 3.8
-1.6598 3.7
-1.65955 3.6
-1.65931 3.5
-1.65907 3.3
-1.65882 3.2
-1.65858 3.1
-1.65833 3.0
-1.65809 2.8
-1.65784 2.7
-1.6576 2.6
-1.65736 2.4
-1.65711 2.3
-1.65687 2.1
-1.65662 2.0
-1.65638 1.8
-1.65614 1.6
-1.65589 1.5
-1.65565 1.3
-1.6554 1.1
-1.65516 0.9
-1.65491 0.8
-1.65467 0.6
-1.65443 0.4
-1.65418 0.2
-1.65394 0.0
-1.65369 -0.1
-1.65345 -0.3
-1.65321 -0.5
-1.65296 -0.6
-1.65272 -0.8
-1.65247 -1.0
-1.65223 -1.2
-1.65199 -1.3
-1.65174 -1.5
-1.6515 -1.7
-1.65125 -1.8
-1.65101 -2.0
-1.65076 -2.2
-1.65052 -2.3
-1.65028 -2.5
-1.65003 -2.6
-1.64979 -2.7
-1.64954 -2.9
-1.6493 -3.0
-1.64906 -3.1
-1.64881 -3.3
-1.64857 -3.4
-1.64832 -3.5
-1.64808 -3.6
-1.64783 -3.7
-1.64759 -3.8
-1.64735 -3.9
-1.6471 -4.0
-1.64686 -4.0
-1.64661 -4.1
-1.64637 -4.2
-1.64613 -4.2
-1.64588 -4.3
-1.64564 -4.3
-1.64539 -4.4
-1.64515 -4.4
-1.64491 -4.4
-1.64466 -4.4
-1.64442 -4.4
-1.64417 -4.4
-1.64393 -4.4
-1.64368 -4.4
-1.64344 -4.4
-1.6432 -4.4
-1.64295 -4.3
-1.64271 -4.3
-1.64246 -4.2
-1.64222 -4.2
-1.64198 -4.1
-1.64173 -4.0
-1.64149 -4.0
-1.64124 -3.9
-1.641 -3.8
-1.64075 -3.7
-1.64051 -3.6
-1.64027 -3.5
-1.64002 -3.4
-1.63978 -3.3
-1.63953 -3.1
-1.63929 -3.0
-1.63905 -2.9
-1.6388 -2.7
-1.63856 -2.6
-1.63831 -2.5
-1.63807 -2.3
-1.63783 -2.1
-1.63758 -2.0
-1.63734 -1.8
-1.63709 -1.7
-1.63685 -1.5
-1.6366 -1.3
-1.63636 -1.2
-1.63612 -1.0
-1.63587 -0.8
-1.63563 -0.6
-1.63538 -0.5
-1.63514 -0.3
-1.6349 0.0
-1.63465 0.0
-1.63441 0.3
-1.63416 0.4
-1.63392 0.6
-1.63367 0.8
-1.63343 1.0
-1.63319 1.1
-1.63294 1.3
-1.6327 1.5
-1.63245 1.7
-1.63221 1.8
-1.63197 2.0
-1.63172 2.1
-1.63148 2.3
-1.63123 2.5
-1.63099 2.6
-1.63074 2.7
-1.6305 2.9
-1.63026 3.0
-1.63001 3.1
-1.62977 3.3
-1.62952 3.4
-1.62928 3.5
-1.62904 3.6
-1.62879 3.7
-1.62855 3.8
-1.6283 3.9
-1.62806 4.0
-1.62782 4.1
-1.62757 4.1
-1.62733 4.2
-1.62708 4.2
-1.62684 4.3
-1.62659 4.3
-1.62635 4.4
-1.62611 4.4
-1.62586 4.4
-1.62562 4.4
-1.62537 4.5
-1.62513 4.5
-1.62489 4.4
-1.62464 4.4
-1.6244 4.4
-1.62415 4.4
-1.62391 4.3
-1.62366 4.3
-1.62342 4.2
-1.62318 4.2
-1.62293 4.1
-1.62269 4.1
-1.62244 4.0
-1.6222 3.9
-1.62196 3.8
-1.62171 3.7
-1.62147 3.6
-1.62122 3.5
-1.62098 3.4
-1.62074 3.3
-1.62049 3.1
-1.62025 3.0
-1.62 2.9
-1.61976 2.7
-1.61951 2.6
-1.61927 2.4
-1.61903 2.3
-1.61878 2.1
-1.61854 2.0
-1.61829 1.8
-1.61805 1.6
-1.61781 1.5
-1.61756 1.3
-1.61732 1.1
-1.61707 1.0
-1.61683 0.8
-1.61658 0.6
-1.61634 0.4
-1.6161 0.2
-1.61585 0.0
-1.61561 -0.1
-1.61536 -0.3
-1.61512 -0.5
-1.61488 -0.7
-1.61463 -0.8
-1.61439 -1.0
-1.61414 -1.2
-1.6139 -1.4
-1.61366 -1.5
-1.61341 -1.7
-1.61317 -1.9
-1.61292 -2.0
-1.61268 -2.2
-1.61243 -2.3
-1.61219 -2.5
-1.61195 -2.6
-1.6117 -2.8
-1.61146 -2.9
-1.61121 -3.1
-1.61097 -3.2
-1.61073 -3.3
-1.61048 -3.4
-1.61024 -3.5
-1.60999 -3.6
-1.60975 -3.7
-1.6095 -3.8
-1.60926 -3.9
-1.60902 -4.0
-1.60877 -4.1
-1.60853 -4.2
-1.60828 -4.2
-1.60804 -4.3
-1.6078 -4.3
-1.60755 -4.4
-1.60731 -4.4
-1.60706 -4.4
-1.60682 -4.4
-1.60658 -4.5
-1.60633 -4.5
-1.60609 -4.5
-1.60584 -4.5
-1.6056 -4.4
-1.60535 -4.4
-1.60511 -4.4
-1.60487 -4.3
-1.60462 -4.3
-1.60438 -4.2
-1.60413 -4.2
-1.60389 -4.1
-1.60365 -4.0
-1.6034 -4.0
-1.60316 -3.9
-1.60291 -3.8
-1.60267 -3.7
-1.60242 -3.6
-1.60218 -3.5
-1.60194 -3.3
-1.60169 -3.2
-1.60145 -3.1
-1.6012 -3.0
-1.60096 -2.8
-1.60072 -2.7
-1.60047 -2.5
-1.60023 -2.4
-1.59998 -2.2
-1.59974 -2.1
-1.59949 -1.9
-1.59925 -1.7
-1.59901 -1.6
-1.59876 -1.4
-1.59852 -1.2
-1.59827 -1.0
-1.59803 -0.9
-1.59779 -0.7
-1.59754 -0.5
-1.5973 -0.3
-1.59705 -0.2
-1.59681 0.0
-1.59657 0.2
-1.59632 0.4
-1.59608 0.6
-1.59583 0.8
-1.59559 0.9
-1.59534 1.1
-1.5951 1.3
-1.59486 1.5
-1.59461 1.6
-1.59437 1.8
-1.59412 2.0
-1.59388 2.1
-1.59364 2.3
-1.59339 2.4
-1.59315 2.6
-1.5929 2.7
-1.59266 2.9
-1.59241 3.0
-1.59217 3.1
-1.59193 3.3
-1.59168 3.4
-1.59144 3.5
-1.59119 3.6
-1.59095 3.7
-1.59071 3.8
-1.59046 3.9
-1.59022 4.0
-1.58997 4.1
-1.58973 4.1
-1.58949 4.2
-1.58924 4.3
-1.589 4.3
-1.58875 4.4
-1.58851 4.4
-1.58826 4.4
-1.58802 4.5
-1.58778 4.5
-1.58753 4.5
-1.58729 4.5
-1.58704 4.5
-1.5868 4.5
-1.58656 4.4
-1.58631 4.4
-1.58607 4.4
-1.58582 4.3
-1.58558 4.3
-1.58533 4.2
-1.58509 4.1
-1.58485 4.1
-1.5846 4.0
-1.58436 3.9
-1.58411 3.8
-1.58387 3.7
-1.58363 3.6
-1.58338 3.5
-1.58314 3.4
-1.58289 3.3
-1.58265 3.1
-1.58241 3.0
-1.58216 2.9
-1.58192 2.7
-1.58167 2.6
-1.58143 2.4
-1.58118 2.3
-1.58094 2.1
-1.5807 1.9
-1.58045 1.8
-1.58021 1.6
-1.57996 1.4
-1.57972 1.3
-1.57948 1.1
-1.57923 0.9
-1.57899 0.7
-1.57874 0.5
-1.5785 0.4
-1.57825 0.2
-1.57801 0.0
-1.57777 -0.2
-1.57752 -0.4
-1.57728 -0.5
-1.57703 -0.7
-1.57679 -0.9
-1.57655 -1.1
-1.5763 -1.3
-1.57606 -1.4
-1.57581 -1.6
-1.57557 -1.8
-1.57533 -1.9
-1.57508 -2.1
-1.57484 -2.3
-1.57459 -2.4
-1.57435 -2.6
-1.5741 -2.7
-1.57386 -2.9
-1.57362 -3.0
-1.57337 -3.1
-1.57313 -3.3
-1.57288 -3.4
-1.57264 -3.5
-1.5724 -3.6
-1.57215 -3.7
-1.57191 -3.8
-1.57166 -3.9
-1.57142 -4.0
-1.57117 -4.1
-1.57093 -4.2
-1.57069 -4.2
-1.57044 -4.3
-1.5702 -4.3
-1.56995 -4.4
-1.56971 -4.4
-1.56947 -4.4
-1.56922 -4.5
-1.56898 -4.5
-1.56873 -4.5
-1.56849 -4.5
-1.56824 -4.5
-1.568 -4.5
-1.56776 -4.4
-1.56751 -4.4
-1.56727 -4.4
-1.56702 -4.3
-1.56678 -4.3
-1.56654 -4.2
-1.56629 -4.2
-1.56605 -4.1
-1.5658 -4.0
-1.56556 -3.9
-1.56532 -3.8
-1.56507 -3.7
-1.56483 -3.6
-1.56458 -3.5
-1.56434 -3.4
-1.56409 -3.3
-1.56385 -3.1
-1.56361 -3.0
-1.56336 -2.9
-1.56312 -2.7
-1.56287 -2.6
-1.56263 -2.4
-1.56239 -2.3
-1.56214 -2.1
-1.5619 -1.9
-1.56165 -1.8
-1.56141 -1.6
-1.56116 -1.4
-1.56092 -1.2
-1.56068 -1.1
-1.56043 -0.9
-1.56019 -0.7
-1.55994 -0.5
-1.5597 -0.3
-1.55946 -0.2
-1.55921 0.0
-1.55897 0.2
-1.55872 0.4
-1.55848 0.6
-1.55824 0.8
-1.55799 0.9
-1.55775 1.1
-1.5575 1.3
-1.55726 1.5
-1.55701 1.6
-1.55677 1.8
-1.55653 2.0
-1.55628 2.1
-1.55604 2.3
-1.55579 2.5
-1.55555 2.6
-1.55531 2.8
-1.55506 2.9
-1.55482 3.0
-1.55457 3.2
-1.55433 3.3
-1.55408 3.4
-1.55384 3.5
-1.5536 3.7
-1.55335 3.8
-1.55311 3.9
-1.55286 3.9
-1.55262 4.0
-1.55238 4.1
-1.55213 4.2
-1.55189 4.2
-1.55164 4.3
-1.5514 4.4
-1.55116 4.4
-1.55091 4.4
-1.55067 4.5
-1.55042 4.5
-1.55018 4.5
-1.54993 4.5
-1.54969 4.5
-1.54945 4.5
-1.5492 4.5
-1.54896 4.4
-1.54871 4.4
-1.54847 4.4
-1.54823 4.3
-1.54798 4.3
-1.54774 4.2
-1.54749 4.1
-1.54725 4.1
-1.547 4.0
-1.54676 3.9
-1.54652 3.8
-1.54627 3.7
-1.54603 3.6
-1.54578 3.5
-1.54554 3.3
-1.5453 3.2
-1.54505 3.1
-1.54481 3.0
-1.54456 2.8
-1.54432 2.7
-1.54408 2.5
-1.54383 2.4
-1.54359 2.2
-1.54334 2.0
-1.5431 1.9
-1.54285 1.7
-1.54261 1.5
-1.54237 1.3
-1.54212 1.2
-1.54188 1.0
-1.54163 0.8
-1.54139 0.6
-1.54115 0.4
-1.5409 0.3
-1.54066 0.0
-1.54041 -0.1
-1.54017 -0.3
-1.53992 -0.5
-1.53968 -0.7
-1.53944 -0.9
-1.53919 -1.0
-1.53895 -1.2
-1.5387 -1.4
-1.53846 -1.6
-1.53822 -1.7
-1.53797 -1.9
-1.53773 -2.1
-1.53748 -2.2
-1.53724 -2.4
-1.53699 -2.6
-1.53675 -2.7
-1.53651 -2.8
-1.53626 -3.0
-1.53602 -3.1
-1.53577 -3.3
-1.53553 -3.4
-1.53529 -3.5
-1.53504 -3.6
-1.5348 -3.7
-1.53455 -3.8
-1.53431 -3.9
-1.53407 -4.0
-1.53382 -4.1
-1.53358 -4.2
-1.53333 -4.2
-1.53309 -4.3
-1.53284 -4.3
-1.5326 -4.4
-1.53236 -4.4
-1.53211 -4.5
-1.53187 -4.5
-1.53162 -4.5
-1.53138 -4.5
-1.53114 -4.5
-1.53089 -4.5
-1.53065 -4.5
-1.5304 -4.5
-1.53016 -4.4
-1.52991 -4.4
-1.52967 -4.4
-1.52943 -4.3
-1.52918 -4.2
-1.52894 -4.2
-1.52869 -4.1
-1.52845 -4.0
-1.52821 -3.9
-1.52796 -3.8
-1.52772 -3.7
-1.52747 -3.6
-1.52723 -3.5
-1.52699 -3.4
-1.52674 -3.3
-1.5265 -3.1
-1.52625 -3.0
-1.52601 -2.9
-1.52576 -2.7
-1.52552 -2.6
-1.52528 -2.4
-1.52503 -2.2
-1.52479 -2.1
-1.52454 -1.9
-1.5243 -1.7
-1.52406 -1.6
-1.52381 -1.4
-1.52357 -1.2
-1.52332 -1.0
-1.52308 -0.8
-1.52283 -0.7
-1.52259 -0.5
-1.52235 -0.3
-1.5221 -0.1
-1.52186 0.0
-1.52161 0.3
-1.52137 0.5
-1.52113 0.6
-1.52088 0.8
-1.52064 1.0
-1.52039 1.2
-1.52015 1.4
-1.51991 1.5
-1.51966 1.7
-1.51942 1.9
-1.51917 2.1
-1.51893 2.2
-1.51868 2.4
-1.51844 2.5
-1.5182 2.7
-1.51795 2.8
-1.51771 3.0
-1.51746 3.1
-1.51722 3.3
-1.51698 3.4
-1.51673 3.5
-1.51649 3.6
-1.51624 3.7
-1.516 3.8
-1.51575 3.9
-1.51551 4.0
-1.51527 4.1
-1.51502 4.2
-1.51478 4.2
-1.51453 4.3
-1.51429 4.4
-1.51405 4.4
-1.5138 4.4
-1.51356 4.5
-1.51331 4.5
-1.51307 4.5
-1.51283 4.5
-1.51258 4.5
-1.51234 4.5
-1.51209 4.5
-1.51185 4.5
-1.5116 4.4
-1.51136 4.4
-1.51112 4.4
-1.51087 4.3
-1.51063 4.3
-1.51038 4.2
-1.51014 4.1
-1.5099 4.0
-1.50965 3.9
-1.50941 3.8
-1.50916 3.7
-1.50892 3.6
-1.50867 3.5
-1.50843 3.4
-1.50819 3.3
-1.50794 3.1
-1.5077 3.0
-1.50745 2.9
-1.50721 2.7
-1.50697 2.6
-1.50672 2.4
-1.50648 2.2
-1.50623 2.1
-1.50599 1.9
-1.50574 1.7
-1.5055 1.6
-1.50526 1.4
-1.50501 1.2
-1.50477 1.0
-1.50452 0.8
-1.50428 0.6
-1.50404 0.5
-1.50379 0.3
-1.50355 0.0
-1.5033 -0.1
-1.50306 -0.3
-1.50282 -0.5
-1.50257 -0.7
-1.50233 -0.9
-1.50208 -1.0
-1.50184 -1.2
-1.50159 -1.4
-1.50135 -1.6
-1.50111 -1.8
-1.50086 -1.9
-1.50062 -2.1
-1.50037 -2.3
-1.50013 -2.4
-1.49989 -2.6
-1.49964 -2.7
-1.4994 -2.9
-1.49915 -3.0
-1.49891 -3.2
-1.49866 -3.3
-1.49842 -3.4
-1.49818 -3.5
-1.49793 -3.7
-1.49769 -3.8
-1.49744 -3.9
-1.4972 -4.0
-1.49696 -4.0
-1.49671 -4.1
-1.49647 -4.2
-1.49622 -4.3
-1.49598 -4.3
-1.49574 -4.4
-1.49549 -4.4
-1.49525 -4.5
-1.495 -4.5
-1.49476 -4.5
-1.49451 -4.5
-1.49427 -4.5
-1.49403 -4.5
-1.49378 -4.5
-1.49354 -4.5
-1.49329 -4.5
-1.49305 -4.5
-1.49281 -4.4
-1.49256 -4.4
-1.49232 -4.3
-1.49207 -4.2
-1.49183 -4.2
-1.49158 -4.1
-1.49134 -4.0
-1.4911 -3.9
-1.49085 -3.8
-1.49061 -3.7
-1.49036 -3.6
-1.49012 -3.5
-1.48988 -3.4
-1.48963 -3.2
-1.48939 -3.1
-1.48914 -3.0
-1.4889 -2.8
-1.48866 -2.7
-1.48841 -2.5
-1.48817 -2.3
-1.48792 -2.2
-1.48768 -2.0
-1.48743 -1.8
-1.48719 -1.7
-1.48695 -1.5
-1.4867 -1.3
-1.48646 -1.1
-1.48621 -0.9
-1.48597 -0.8
-1.48573 -0.6
-1.48548 -0.4
-1.48524 -0.2
-1.48499 0.0
-1.48475 0.2
-1.4845 0.4
-1.48426 0.6
-1.48402 0.8
-1.48377 0.9
-1.48353 1.1
-1.48328 1.3
-1.48304 1.5
-1.4828 1.7
-1.48255 1.8
-1.48231 2.0
-1.48206 2.2
-1.48182 2.3
-1.48158 2.5
-1.48133 2.7
-1.48109 2.8
-1.48084 3.0
-1.4806 3.1
-1.48035 3.2
-1.48011 3.4
-1.47987 3.5
-1.47962 3.6
-1.47938 3.7
-1.47913 3.8
-1.47889 3.9
-1.47865 4.0
-1.4784 4.1
-1.47816 4.2
-1.47791 4.3
-1.47767 4.3
-1.47742 4.4
-1.47718 4.4
-1.47694 4.5
-1.47669 4.5
-1.47645 4.5
-1.4762 4.5
-1.47596 4.5
-1.47572 4.5
-1.47547 4.5
-1.47523 4.5
-1.47498 4.5
-1.47474 4.5
-1.47449 4.4
-1.47425 4.4
-1.47401 4.3
-1.47376 4.3
-1.47352 4.2
-1.47327 4.1
-1.47303 4.0
-1.47279 4.0
-1.47254 3.9
-1.4723 3.8
-1.47205 3.6
-1.47181 3.5
-1.47157 3.4
-1.47132 3.3
-1.47108 3.1
-1.47083 3.0
-1.47059 2.9
-1.47034 2.7
-1.4701 2.5
-1.46986 2.4
-1.46961 2.2
-1.46937 2.1
-1.46912 1.9
-1.46888 1.7
-1.46864 1.5
-1.46839 1.4
-1.46815 1.2
-1.4679 1.0
-1.46766 0.8
-1.46741 0.6
-1.46717 0.4
-1.46693 0.2
-1.46668 0.0
-1.46644 -0.2
-1.46619 -0.3
-1.46595 -0.5
-1.46571 -0.7
-1.46546 -0.9
-1.46522 -1.1
-1.46497 -1.3
-1.46473 -1.5
-1.46449 -1.6
-1.46424 -1.8
-1.464 -2.0
-1.46375 -2.2
-1.46351 -2.3
-1.46326 -2.5
-1.46302 -2.6
-1.46278 -2.8
-1.46253 -3.0
-1.46229 -3.1
-1.46204 -3.2
-1.4618 -3.4
-1.46156 -3.5
-1.46131 -3.6
-1.46107 -3.7
-1.46082 -3.8
-1.46058 -3.9
-1.46033 -4.0
-1.46009 -4.1
-1.45985 -4.2
-1.4596 -4.3
-1.45936 -4.3
-1.45911 -4.4
-1.45887 -4.4
-1.45863 -4.5
-1.45838 -4.5
-1.45814 -4.5
-1.45789 -4.6
-1.45765 -4.6
-1.45741 -4.6
-1.45716 -4.6
-1.45692 -4.5
-1.45667 -4.5
-1.45643 -4.5
-1.45618 -4.5
-1.45594 -4.4
-1.4557 -4.4
-1.45545 -4.3
-1.45521 -4.2
-1.45496 -4.1
-1.45472 -4.1
-1.45448 -4.0
-1.45423 -3.9
-1.45399 -3.8
-1.45374 -3.7
-1.4535 -3.5
-1.45325 -3.4
-1.45301 -3.3
-1.45277 -3.1
-1.45252 -3.0
-1.45228 -2.9
-1.45203 -2.7
-1.45179 -2.5
-1.45155 -2.4
-1.4513 -2.2
-1.45106 -2.1
-1.45081 -1.9
-1.45057 -1.7
-1.45033 -1.5
-1.45008 -1.3
-1.44984 -1.2
-1.44959 -1.0
-1.44935 -0.8
-1.4491 -0.6
-1.44886 -0.4
-1.44862 -0.2
-1.44837 0.0
-1.44813 0.2
-1.44788 0.4
-1.44764 0.6
-1.4474 0.8
-1.44715 0.9
-1.44691 1.1
-1.44666 1.3
-1.44642 1.5
-1.44617 1.7
-1.44593 1.9
-1.44569 2.0
-1.44544 2.2
-1.4452 2.4
-1.44495 2.5
-1.44471 2.7
-1.44447 2.8
-1.44422 3.0
-1.44398 3.1
-1.44373 3.3
-1.44349 3.4
-1.44324 3.5
-1.443 3.6
-1.44276 3.8
-1.44251 3.9
-1.44227 4.0
-1.44202 4.1
-1.44178 4.1
-1.44154 4.2
-1.44129 4.3
-1.44105 4.4
-1.4408 4.4
-1.44056 4.5
-1.44032 4.5
-1.44007 4.5
-1.43983 4.6
-1.43958 4.6
-1.43934 4.6
-1.43909 4.6
-1.43885 4.6
-1.43861 4.5
-1.43836 4.5
-1.43812 4.5
-1.43787 4.5
-1.43763 4.4
-1.43739 4.3
-1.43714 4.3
-1.4369 4.2
-1.43665 4.1
-1.43641 4.0
-1.43616 3.9
-1.43592 3.8
-1.43568 3.7
-1.43543 3.6
-1.43519 3.5
-1.43494 3.4
-1.4347 3.2
-1.43446 3.1
-1.43421 3.0
-1.43397 2.8
-1.43372 2.7
-1.43348 2.5
-1.43324 2.3
-1.43299 2.2
-1.43275 2.0
-1.4325 1.8
-1.43226 1.6
-1.43201 1.5
-1.43177 1.3
-1.43153 1.1
-1.43128 0.9
-1.43104 0.7
-1.43079 0.5
-1.43055 0.3
-1.43031 0.1
-1.43006 0.0
-1.42982 -0.3
-1.42957 -0.5
-1.42933 -0.7
-1.42908 -0.8
-1.42884 -1.0
-1.4286 -1.2
-1.42835 -1.4
-1.42811 -1.6
-1.42786 -1.8
-1.42762 -1.9
-1.42738 -2.1
-1.42713 -2.3
-1.42689 -2.5
-1.42664 -2.6
-1.4264 -2.8
-1.42616 -2.9
-1.42591 -3.1
-1.42567 -3.2
-1.42542 -3.3
-1.42518 -3.5
-1.42493 -3.6
-1.42469 -3.7
-1.42445 -3.8
-1.4242 -3.9
-1.42396 -4.0
-1.42371 -4.1
-1.42347 -4.2
-1.42323 -4.3
-1.42298 -4.3
-1.42274 -4.4
-1.42249 -4.5
-1.42225 -4.5
-1.422 -4.5
-1.42176 -4.6
-1.42152 -4.6
-1.42127 -4.6
-1.42103 -4.6
-1.42078 -4.6
-1.42054 -4.6
-1.4203 -4.5
-1.42005 -4.5
-1.41981 -4.5
-1.41956 -4.4
-1.41932 -4.4
-1.41908 -4.3
-1.41883 -4.2
-1.41859 -4.2
-1.41834 -4.1
-1.4181 -4.0
-1.41785 -3.9
-1.41761 -3.8
-1.41737 -3.7
-1.41712 -3.6
-1.41688 -3.4
-1.41663 -3.3
-1.41639 -3.2
-1.41615 -3.0
-1.4159 -2.9
-1.41566 -2.7
-1.41541 -2.5
-1.41517 -2.4
-1.41492 -2.2
-1.41468 -2.0
-1.41444 -1.9
-1.41419 -1.7
-1.41395 -1.5
-1.4137 -1.3
-1.41346 -1.1
-1.41322 -0.9
-1.41297 -0.7
-1.41273 -0.6
-1.41248 -0.4
-1.41224 -0.2
-1.41199 0.0
-1.41175 0.2
-1.41151 0.4
-1.41126 0.6
-1.41102 0.8
-1.41077 1.0
-1.41053 1.2
-1.41029 1.4
-1.41004 1.6
-1.4098 1.7
-1.40955 1.9
-1.40931 2.1
-1.40907 2.3
-1.40882 2.4
-1.40858 2.6
-1.40833 2.8
-1.40809 2.9
-1.40784 3.1
-1.4076 3.2
-1.40736 3.3
-1.40711 3.5
-1.40687 3.6
-1.40662 3.7
-1.40638 3.8
-1.40614 3.9
-1.40589 4.0
-1.40565 4.1
-1.4054 4.2
-1.40516 4.3
-1.40491 4.3
-1.40467 4.4
-1.40443 4.5
-1.40418 4.5
-1.40394 4.5
-1.40369 4.6
-1.40345 4.6
-1.40321 4.6
-1.40296 4.6
-1.40272 4.6
-1.40247 4.6
-1.40223 4.6
-1.40199 4.5
-1.40174 4.5
-1.4015 4.4
-1.40125 4.4
-1.40101 4.3
-1.40076 4.3
-1.40052 4.2
-1.40028 4.1
-1.40003 4.0
-1.39979 3.9
-1.39954 3.8
-1.3993 3.7
-1.39906 3.6
-1.39881 3.4
-1.39857 3.3
-1.39832 3.2
-1.39808 3.0
-1.39783 2.9
-1.39759 2.7
-1.39735 2.5
-1.3971 2.4
-1.39686 2.2
-1.39661 2.0
-1.39637 1.9
-1.39613 1.7
-1.39588 1.5
-1.39564 1.3
-1.39539 1.1
-1.39515 0.9
-1.39491 0.7
-1.39466 0.5
-1.39442 0.3
-1.39417 0.1
-1.39393 0.0
-1.39368 -0.3
-1.39344 -0.4
-1.3932 -0.6
-1.39295 -0.8
-1.39271 -1.0
-1.39246 -1.2
-1.39222 -1.4
-1.39198 -1.6
-1.39173 -1.8
-1.39149 -2.0
-1.39124 -2.1
-1.391 -2.3
-1.39075 -2.5
-1.39051 -2.6
-1.39027 -2.8
-1.39002 -3.0
-1.38978 -3.1
-1.38953 -3.2
-1.38929 -3.4
-1.38905 -3.5
-1.3888 -3.6
-1.38856 -3.8
-1.38831 -3.9
-1.38807 -4.0
-1.38783 -4.1
-1.38758 -4.2
-1.38734 -4.2
-1.38709 -4.3
-1.38685 -4.4
-1.3866 -4.4
-1.38636 -4.5
-1.38612 -4.5
-1.38587 -4.6
-1.38563 -4.6
-1.38538 -4.6
-1.38514 -4.6
-1.3849 -4.6
-1.38465 -4.6
-1.38441 -4.6
-1.38416 -4.6
-1.38392 -4.5
-1.38367 -4.5
-1.38343 -4.4
-1.38319 -4.4
-1.38294 -4.3
-1.3827 -4.2
-1.38245 -4.2
-1.38221 -4.1
-1.38197 -4.0
-1.38172 -3.9
-1.38148 -3.8
-1.38123 -3.6
-1.38099 -3.5
-1.38074 -3.4
-1.3805 -3.3
-1.38026 -3.1
-1.38001 -3.0
-1.37977 -2.8
-1.37952 -2.6
-1.37928 -2.5
-1.37904 -2.3
-1.37879 -2.1
-1.37855 -2.0
-1.3783 -1.8
-1.37806 -1.6
-1.37782 -1.4
-1.37757 -1.2
-1.37733 -1.0
-1.37708 -0.8
-1.37684 -0.6
-1.37659 -0.4
-1.37635 -0.2
-1.37611 0.0
-1.37586 0.1
-1.37562 0.3
-1.37537 0.5
-1.37513 0.7
-1.37489 0.9
-1.37464 1.1
-1.3744 1.3
-1.37415 1.5
-1.37391 1.7
-1.37366 1.9
-1.37342 2.1
-1.37318 2.2
-1.37293 2.4
-1.37269 2.6
-1.37244 2.7
-1.3722 2.9
-1.37196 3.0
-1.37171 3.2
-1.37147 3.3
-1.37122 3.5
-1.37098 3.6
-1.37074 3.7
-1.37049 3.8
-1.37025 3.9
-1.37 4.0
-1.36976 4.1
-1.36951 4.2
-1.36927 4.3
-1.36903 4.4
-1.36878 4.4
-1.36854 4.5
-1.36829 4.5
-1.36805 4.6
-1.36781 4.6
-1.36756 4.6
-1.36732 4.6
-1.36707 4.6
-1.36683 4.6
-1.36658 4.6
-1.36634 4.6
-1.3661 4.6
-1.36585 4.5
-1.36561 4.5
-1.36536 4.4
-1.36512 4.4
-1.36488 4.3
-1.36463 4.2
-1.36439 4.1
-1.36414 4.0
-1.3639 3.9
-1.36366 3.8
-1.36341 3.7
-1.36317 3.6
-1.36292 3.4
-1.36268 3.3
-1.36243 3.2
-1.36219 3.0
-1.36195 2.9
-1.3617 2.7
-1.36146 2.5
-1.36121 2.4
-1.36097 2.2
-1.36073 2.0
-1.36048 1.8
-1.36024 1.7
-1.35999 1.5
-1.35975 1.3
-1.3595 1.1
-1.35926 0.9
-1.35902 0.7
-1.35877 0.5
-1.35853 0.3
-1.35828 0.0
-1.35804 -0.1
-1.3578 -0.3
-1.35755 -0.5
-1.35731 -0.7
-1.35706 -0.9
-1.35682 -1.1
-1.35658 -1.3
-1.35633 -1.5
-1.35609 -1.7
-1.35584 -1.8
-1.3556 -2.0
-1.35535 -2.2
-1.35511 -2.4
-1.35487 -2.6
-1.35462 -2.7
-1.35438 -2.9
-1.35413 -3.0
-1.35389 -3.2
-1.35365 -3.3
-1.3534 -3.5
-1.35316 -3.6
-1.35291 -3.7
-1.35267 -3.8
-1.35242 -3.9
-1.35218 -4.0
-1.35194 -4.1
-1.35169 -4.2
-1.35145 -4.3
-1.3512 -4.4
-1.35096 -4.4
-1.35072 -4.5
-1.35047 -4.5
-1.35023 -4.6
-1.34998 -4.6
-1.34974 -4.6
-1.34949 -4.6
-1.34925 -4.6
-1.34901 -4.6
-1.34876 -4.6
-1.34852 -4.6
-1.34827 -4.6
-1.34803 -4.5
-1.34779 -4.5
-1.34754 -4.4
-1.3473 -4.4
-1.34705 -4.3
-1.34681 -4.2
-1.34657 -4.1
-1.34632 -4.0
-1.34608 -3.9
-1.34583 -3.8
-1.34559 -3.7
-1.34534 -3.6
-1.3451 -3.4
-1.34486 -3.3
-1.34461 -3.2
-1.34437 -3.0
-1.34412 -2.9
-1.34388 -2.7
-1.34364 -2.5
-1.34339 -2.4
-1.34315 -2.2
-1.3429 -2.0
-1.34266 -1.8
-1.34241 -1.6
-1.34217 -1.5
-1.34193 -1.3
-1.34168 -1.1
-1.34144 -0.9
-1.34119 -0.7
-1.34095 -0.5
-1.34071 -0.3
-1.34046 0.0
-1.34022 0.1
-1.33997 0.3
-1.33973 0.5
-1.33949 0.7
-1.33924 0.9
-1.339 1.1
-1.33875 1.3
-1.33851 1.5
-1.33826 1.7
-1.33802 1.9
-1.33778 2.1
-1.33753 2.2
-1.33729 2.4
-1.33704 2.6
-1.3368 2.8
-1.33656 2.9
-1.33631 3.1
-1.33607 3.2
-1.33582 3.4
-1.33558 3.5
-1.33533 3.6
-1.33509 3.8
-1.33485 3.9
-1.3346 4.0
-1.33436 4.1
-1.33411 4.2
-1.33387 4.3
-1.33363 4.3
-1.33338 4.4
-1.33314 4.5
-1.33289 4.5
-1.33265 4.6
-1.33241 4.6
-1.33216 4.6
-1.33192 4.6
-1.33167 4.7
-1.33143 4.7
-1.33118 4.7
-1.33094 4.6
-1.3307 4.6
-1.33045 4.6
-1.33021 4.5
-1.32996 4.5
-1.32972 4.4
-1.32948 4.4
-1.32923 4.3
-1.32899 4.2
-1.32874 4.1
-1.3285 4.0
-1.32825 3.9
-1.32801 3.8
-1.32777 3.7
-1.32752 3.5
-1.32728 3.4
-1.32703 3.3
-1.32679 3.1
-1.32655 3.0
-1.3263 2.8
-1.32606 2.6
-1.32581 2.5
-1.32557 2.3
-1.32533 2.1
-1.32508 1.9
-1.32484 1.8
-1.32459 1.6
-1.32435 1.4
-1.3241 1.2
-1.32386 1.0
-1.32362 0.8
-1.32337 0.6
-1.32313 0.4
-1.32288 0.2
-1.32264 0.0
-1.3224 -0.2
-1.32215 -0.4
-1.32191 -0.6
-1.32166 -0.8
-1.32142 -1.0
-1.32117 -1.2
-1.32093 -1.4
-1.32069 -1.6
-1.32044 -1.8
-1.3202 -2.0
-1.31995 -2.2
-1.31971 -2.3
-1.31947 -2.5
-1.31922 -2.7
-1.31898 -2.9
-1.31873 -3.0
-1.31849 -3.2
-1.31824 -3.3
-1.318 -3.4
-1.31776 -3.6
-1.31751 -3.7
-1.31727 -3.8
-1.31702 -3.9
-1.31678 -4.0
-1.31654 -4.1
-1.31629 -4.2
-1.31605 -4.3
-1.3158 -4.4
-1.31556 -4.5
-1.31532 -4.5
-1.31507 -4.6
-1.31483 -4.6
-1.31458 -4.6
-1.31434 -4.7
-1.31409 -4.7
-1.31385 -4.7
-1.31361 -4.7
-1.31336 -4.7
-1.31312 -4.6
-1.31287 -4.6
-1.31263 -4.6
-1.31239 -4.5
-1.31214 -4.5
-1.3119 -4.4
-1.31165 -4.3
-1.31141 -4.2
-1.31116 -4.1
-1.31092 -4.1
-1.31068 -3.9
-1.31043 -3.8
-1.31019 -3.7
-1.30994 -3.6
-1.3097 -3.5
-1.30946 -3.3
-1.30921 -3.2
-1.30897 -3.0
-1.30872 -2.9
-1.30848 -2.7
-1.30824 -2.5
-1.30799 -2.3
-1.30775 -2.2
-1.3075 -2.0
-1.30726 -1.8
-1.30701 -1.6
-1.30677 -1.4
-1.30653 -1.2
-1.30628 -1.0
-1.30604 -0.8
-1.30579 -0.6
-1.30555 -0.4
-1.30531 -0.2
-1.30506 0.0
-1.30482 0.2
-1.30457 0.4
-1.30433 0.6
-1.30408 0.8
-1.30384 1.0
-1.3036 1.2
-1.30335 1.4
-1.30311 1.6
-1.30286 1.8
-1.30262 2.0
-1.30238 2.2
-1.30213 2.3
-1.30189 2.5
-1.30164 2.7
-1.3014 2.8
-1.30116 3.0
-1.30091 3.2
-1.30067 3.3
-1.30042 3.4
-1.30018 3.6
-1.29993 3.7
-1.29969 3.8
-1.29945 3.9
-1.2992 4.1
-1.29896 4.2
-1.29871 4.2
-1.29847 4.3
-1.29823 4.4
-1.29798 4.5
-1.29774 4.5
-1.29749 4.6
-1.29725 4.6
-1.297 4.6
-1.29676 4.7
-1.29652 4.7
-1.29627 4.7
-1.29603 4.7
-1.29578 4.7
-1.29554 4.6
-1.2953 4.6
-1.29505 4.6
-1.29481 4.5
-1.29456 4.5
-1.29432 4.4
-1.29408 4.3
-1.29383 4.3
-1.29359 4.2
-1.29334 4.1
-1.2931 4.0
-1.29285 3.8
-1.29261 3.7
-1.29237 3.6
-1.29212 3.5
-1.29188 3.3
-1.29163 3.2
-1.29139 3.0
-1.29115 2.9
-1.2909 2.7
-1.29066 2.5
-1.29041 2.3
-1.29017 2.2
-1.28992 2.0
-1.28968 1.8
-1.28944 1.6
-1.28919 1.4
-1.28895 1.2
-1.2887 1.0
-1.28846 0.8
-1.28822 0.6
-1.28797 0.4
-1.28773 0.2
-1.28748 0.0
-1.28724 -0.2
-1.28699 -0.4
-1.28675 -0.6
-1.28651 -0.8
-1.28626 -1.0
-1.28602 -1.2
-1.28577 -1.4
-1.28553 -1.6
-1.28529 -1.8
-1.28504 -2.0
-1.2848 -2.2
-1.28455 -2.4
-1.28431 -2.5
-1.28407 -2.7
-1.28382 -2.9
-1.28358 -3.0
-1.28333 -3.2
-1.28309 -3.3
-1.28284 -3.5
-1.2826 -3.6
-1.28236 -3.8
-1.28211 -3.9
-1.28187 -4.0
-1.28162 -4.1
-1.28138 -4.2
-1.28114 -4.3
-1.28089 -4.4
-1.28065 -4.4
-1.2804 -4.5
-1.28016 -4.6
-1.27991 -4.6
-1.27967 -4.6
-1.27943 -4.7
-1.27918 -4.7
-1.27894 -4.7
-1.27869 -4.7
-1.27845 -4.7
-1.27821 -4.7
-1.27796 -4.7
-1.27772 -4.6
-1.27747 -4.6
-1.27723 -4.5
-1.27699 -4.5
-1.27674 -4.4
-1.2765 -4.3
-1.27625 -4.2
-1.27601 -4.1
-1.27576 -4.0
-1.27552 -3.9
-1.27528 -3.8
-1.27503 -3.7
-1.27479 -3.5
-1.27454 -3.4
-1.2743 -3.3
-1.27406 -3.1
-1.27381 -3.0
-1.27357 -2.8
-1.27332 -2.6
-1.27308 -2.4
-1.27283 -2.3
-1.27259 -2.1
-1.27235 -1.9
-1.2721 -1.7
-1.27186 -1.5
-1.27161 -1.3
-1.27137 -1.1
-1.27113 -0.9
-1.27088 -0.7
-1.27064 -0.5
-1.27039 -0.3
-1.27015 0.0
-1.26991 0.1
-1.26966 0.3
-1.26942 0.5
-1.26917 0.7
-1.26893 0.9
-1.26868 1.1
-1.26844 1.3
-1.2682 1.5
-1.26795 1.7
-1.26771 1.9
-1.26746 2.1
-1.26722 2.3
-1.26698 2.5
-1.26673 2.7
-1.26649 2.8
-1.26624 3.0
-1.266 3.1
-1.26575 3.3
-1.26551 3.4
-1.26527 3.6
-1.26502 3.7
-1.26478 3.8
-1.26453 4.0
-1.26429 4.1
-1.26405 4.2
-1.2638 4.3
-1.26356 4.3
-1.26331 4.4
-1.26307 4.5
-1.26283 4.5
-1.26258 4.6
-1.26234 4.6
-1.26209 4.7
-1.26185 4.7
-1.2616 4.7
-1.26136 4.7
-1.26112 4.7
-1.26087 4.7
-1.26063 4.7
-1.26038 4.6
-1.26014 4.6
-1.2599 4.6
-1.25965 4.5
-1.25941 4.4
-1.25916 4.4
-1.25892 4.3
-1.25867 4.2
-1.25843 4.1
-1.25819 4.0
-1.25794 3.9
-1.2577 3.7
-1.25745 3.6
-1.25721 3.5
-1.25697 3.3
-1.25672 3.2
-1.25648 3.0
-1.25623 2.8
-1.25599 2.7
-1.25574 2.5
-1.2555 2.3
-1.25526 2.1
-1.25501 1.9
-1.25477 1.8
-1.25452 1.6
-1.25428 1.4
-1.25404 1.2
-1.25379 1.0
-1.25355 0.7
-1.2533 0.5
-1.25306 0.3
-1.25282 0.1
-1.25257 0.0
-1.25233 -0.3
-1.25208 -0.5
-1.25184 -0.7
-1.25159 -0.9
-1.25135 -1.1
-1.25111 -1.3
-1.25086 -1.5
-1.25062 -1.7
-1.25037 -1.9
-1.25013 -2.1
-1.24989 -2.3
-1.24964 -2.5
-1.2494 -2.6
-1.24915 -2.8
-1.24891 -3.0
-1.24866 -3.1
-1.24842 -3.3
-1.24818 -3.4
-1.24793 -3.6
-1.24769 -3.7
-1.24744 -3.8
-1.2472 -4.0
-1.24696 -4.1
-1.24671 -4.2
-1.24647 -4.3
-1.24622 -4.4
-1.24598 -4.4
-1.24574 -4.5
-1.24549 -4.6
-1.24525 -4.6
-1.245 -4.7
-1.24476 -4.7
-1.24451 -4.7
-1.24427 -4.7
-1.24403 -4.7
-1.24378 -4.7
-1.24354 -4.7
-1.24329 -4.7
-1.24305 -4.7
-1.24281 -4.6
-1.24256 -4.6
-1.24232 -4.5
-1.24207 -4.4
-1.24183 -4.4
-1.24158 -4.3
-1.24134 -4.2
-1.2411 -4.1
-1.24085 -4.0
-1.24061 -3.9
-1.24036 -3.7
-1.24012 -3.6
-1.23988 -3.5
-1.23963 -3.3
-1.23939 -3.2
-1.23914 -3.0
-1.2389 -2.8
-1.23866 -2.7
-1.23841 -2.5
-1.23817 -2.3
-1.23792 -2.1
-1.23768 -1.9
-1.23743 -1.7
-1.23719 -1.5
-1.23695 -1.3
-1.2367 -1.1
-1.23646 -0.9
-1.23621 -0.7
-1.23597 -0.5
-1.23573 -0.3
-1.23548 0.0
-1.23524 0.1
-1.23499 0.3
-1.23475 0.5
-1.2345 0.8
-1.23426 1.0
-1.23402 1.2
-1.23377 1.4
-1.23353 1.6
-1.23328 1.8
-1.23304 2.0
-1.2328 2.2
-1.23255 2.3
-1.23231 2.5
-1.23206 2.7
-1.23182 2.9
-1.23158 3.0
-1.23133 3.2
-1.23109 3.3
-1.23084 3.5
-1.2306 3.6
-1.23035 3.8
-1.23011 3.9
-1.22987 4.0
-1.22962 4.1
-1.22938 4.2
-1.22913 4.3
-1.22889 4.4
-1.22865 4.5
-1.2284 4.5
-1.22816 4.6
-1.22791 4.6
-1.22767 4.7
-1.22742 4.7
-1.22718 4.7
-1.22694 4.7
-1.22669 4.7
-1.22645 4.7
-1.2262 4.7
-1.22596 4.7
-1.22572 4.7
-1.22547 4.6
-1.22523 4.6
-1.22498 4.5
-1.22474 4.4
-1.22449 4.3
-1.22425 4.3
-1.22401 4.2
-1.22376 4.0
-1.22352 3.9
-1.22327 3.8
-1.22303 3.7
-1.22279 3.5
-1.22254 3.4
-1.2223 3.2
-1.22205 3.1
-1.22181 2.9
-1.22157 2.8
-1.22132 2.6
-1.22108 2.4
-1.22083 2.2
-1.22059 2.0
-1.22034 1.8
-1.2201 1.6
-1.21986 1.4
-1.21961 1.2
-1.21937 1.0
-1.21912 0.8
-1.21888 0.6
-1.21864 0.4
-1.21839 0.2
-1.21815 0.0
-1.2179 -0.2
-1.21766 -0.5
-1.21741 -0.7
-1.21717 -0.9
-1.21693 -1.1
-1.21668 -1.3
-1.21644 -1.5
-1.21619 -1.7
-1.21595 -1.9
-1.21571 -2.1
-1.21546 -2.3
-1.21522 -2.5
-1.21497 -2.6
-1.21473 -2.8
-1.21449 -3.0
-1.21424 -3.1
-1.214 -3.3
-1.21375 -3.4
-1.21351 -3.6
-1.21326 -3.7
-1.21302 -3.9
-1.21278 -4.0
-1.21253 -4.1
-1.21229 -4.2
-1.21204 -4.3
-1.2118 -4.4
-1.21156 -4.5
-1.21131 -4.5
-1.21107 -4.6
-1.21082 -4.6
-1.21058 -4.7
-1.21033 -4.7
-1.21009 -4.7
-1.20985 -4.8
-1.2096 -4.8
-1.20936 -4.8
-1.20911 -4.7
-1.20887 -4.7
-1.20863 -4.7
-1.20838 -4.6
-1.20814 -4.6
-1.20789 -4.5
-1.20765 -4.5
-1.20741 -4.4
-1.20716 -4.3
-1.20692 -4.2
-1.20667 -4.1
-1.20643 -4.0
-1.20618 -3.9
-1.20594 -3.7
-1.2057 -3.6
-1.20545 -3.4
-1.20521 -3.3
-1.20496 -3.1
-1.20472 -3.0
-1.20448 -2.8
-1.20423 -2.6
-1.20399 -2.4
-1.20374 -2.3
-1.2035 -2.1
-1.20325 -1.9
-1.20301 -1.7
-1.20277 -1.5
-1.20252 -1.3
-1.20228 -1.1
-1.20203 -0.9
-1.20179 -0.6
-1.20155 -0.4
-1.2013 -0.2
-1.20106 0.0
-1.20081 0.2
-1.20057 0.4
-1.20033 0.6
-1.20008 0.9
-1.19984 1.1
-1.19959 1.3
-1.19935 1.5
-1.1991 1.7
-1.19886 1.9
-1.19862 2.1
-1.19837 2.3
-1.19813 2.5
-1.19788 2.6
-1.19764 2.8
-1.1974 3.0
-1.19715 3.1
-1.19691 3.3
-1.19666 3.5
-1.19642 3.6
-1.19617 3.7
-1.19593 3.9
-1.19569 4.0
-1.19544 4.1
-1.1952 4.2
-1.19495 4.3
-1.19471 4.4
-1.19447 4.5
-1.19422 4.5
-1.19398 4.6
-1.19373 4.7
-1.19349 4.7
-1.19324 4.7
-1.193 4.8
-1.19276 4.8
-1.19251 4.8
-1.19227 4.8
-1.19202 4.8
-1.19178 4.7
-1.19154 4.7
-1.19129 4.7
-1.19105 4.6
-1.1908 4.5
-1.19056 4.5
-1.19032 4.4
-1.19007 4.3
-1.18983 4.2
-1.18958 4.1
-1.18934 4.0
-1.18909 3.9
-1.18885 3.7
-1.18861 3.6
-1.18836 3.4
-1.18812 3.3
-1.18787 3.1
-1.18763 3.0
-1.18739 2.8
-1.18714 2.6
-1.1869 2.4
-1.18665 2.2
-1.18641 2.0
-1.18616 1.8
-1.18592 1.6
-1.18568 1.4
-1.18543 1.2
-1.18519 1.0
-1.18494 0.8
-1.1847 0.6
-1.18446 0.4
-1.18421 0.2
-1.18397 0.0
-1.18372 -0.3
-1.18348 -0.5
-1.18324 -0.7
-1.18299 -0.9
-1.18275 -1.1
-1.1825 -1.3
-1.18226 -1.5
-1.18201 -1.7
-1.18177 -1.9
-1.18153 -2.1
-1.18128 -2.3
-1.18104 -2.5
-1.18079 -2.7
-1.18055 -2.9
-1.18031 -3.0
-1.18006 -3.2
-1.17982 -3.4
-1.17957 -3.5
-1.17933 -3.7
-1.17908 -3.8
-1.17884 -3.9
-1.1786 -4.0
-1.17835 -4.2
-1.17811 -4.3
-1.17786 -4.4
-1.17762 -4.4
-1.17738 -4.5
-1.17713 -4.6
-1.17689 -4.6
-1.17664 -4.7
-1.1764 -4.7
-1.17616 -4.8
-1.17591 -4.8
-1.17567 -4.8
-1.17542 -4.8
-1.17518 -4.8
-1.17493 -4.8
-1.17469 -4.7
-1.17445 -4.7
-1.1742 -4.6
-1.17396 -4.6
-1.17371 -4.5
-1.17347 -4.4
-1.17323 -4.4
-1.17298 -4.3
-1.17274 -4.2
-1.17249 -4.1
-1.17225 -3.9
-1.172 -3.8
-1.17176 -3.7
-1.17152 -3.5
-1.17127 -3.4
-1.17103 -3.2
-1.17078 -3.0
-1.17054 -2.9
-1.1703 -2.7
-1.17005 -2.5
-1.16981 -2.3
-1.16956 -2.1
-1.16932 -1.9
-1.16908 -1.7
-1.16883 -1.5
-1.16859 -1.3
-1.16834 -1.1
-1.1681 -0.9
-1.16785 -0.7
-1.16761 -0.5
-1.16737 -0.3
-1.16712 0.0
-1.16688 0.2
-1.16663 0.4
-1.16639 0.6
-1.16615 0.8
-1.1659 1.0
-1.16566 1.3
-1.16541 1.5
-1.16517 1.7
-1.16492 1.9
-1.16468 2.1
-1.16444 2.3
-1.16419 2.5
-1.16395 2.6
-1.1637 2.8
-1.16346 3.0
-1.16322 3.2
-1.16297 3.3
-1.16273 3.5
-1.16248 3.6
-1.16224 3.8
-1.16199 3.9
-1.16175 4.0
-1.16151 4.1
-1.16126 4.2
-1.16102 4.3
-1.16077 4.4
-1.16053 4.5
-1.16029 4.6
-1.16004 4.6
-1.1598 4.7
-1.15955 4.7
-1.15931 4.8
-1.15907 4.8
-1.15882 4.8
-1.15858 4.8
-1.15833 4.8
-1.15809 4.8
-1.15784 4.8
-1.1576 4.7
-1.15736 4.7
-1.15711 4.6
-1.15687 4.6
-1.15662 4.5
-1.15638 4.4
-1.15614 4.3
-1.15589 4.2
-1.15565 4.1
-1.1554 4.0
-1.15516 3.8
-1.15491 3.7
-1.15467 3.6
-1.15443 3.4
-1.15418 3.2
-1.15394 3.1
-1.15369 2.9
-1.15345 2.7
-1.15321 2.6
-1.15296 2.4
-1.15272 2.2
-1.15247 2.0
-1.15223 1.8
-1.15199 1.6
-1.15174 1.4
-1.1515 1.1
-1.15125 0.9
-1.15101 0.7
-1.15076 0.5
-1.15052 0.3
-1.15028 0.0
-1.15003 -0.2
-1.14979 -0.4
-1.14954 -0.6
-1.1493 -0.8
-1.14906 -1.0
-1.14881 -1.2
-1.14857 -1.5
-1.14832 -1.7
-1.14808 -1.9
-1.14783 -2.1
-1.14759 -2.3
-1.14735 -2.5
-1.1471 -2.6
-1.14686 -2.8
-1.14661 -3.0
-1.14637 -3.2
-1.14613 -3.3
-1.14588 -3.5
-1.14564 -3.6
-1.14539 -3.8
-1.14515 -3.9
-1.14491 -4.0
-1.14466 -4.2
-1.14442 -4.3
-1.14417 -4.4
-1.14393 -4.4
-1.14368 -4.5
-1.14344 -4.6
-1.1432 -4.7
-1.14295 -4.7
-1.14271 -4.8
-1.14246 -4.8
-1.14222 -4.8
-1.14198 -4.8
-1.14173 -4.8
-1.14149 -4.8
-1.14124 -4.8
-1.141 -4.8
-1.14075 -4.7
-1.14051 -4.7
-1.14027 -4.6
-1.14002 -4.6
-1.13978 -4.5
-1.13953 -4.4
-1.13929 -4.3
-1.13905 -4.2
-1.1388 -4.1
-1.13856 -4.0
-1.13831 -3.8
-1.13807 -3.7
-1.13783 -3.5
-1.13758 -3.4
-1.13734 -3.2
-1.13709 -3.1
-1.13685 -2.9
-1.1366 -2.7
-1.13636 -2.5
-1.13612 -2.3
-1.13587 -2.1
-1.13563 -1.9
-1.13538 -1.7
-1.13514 -1.5
-1.1349 -1.3
-1.13465 -1.1
-1.13441 -0.9
-1.13416 -0.7
-1.13392 -0.4
-1.13367 -0.2
-1.13343 0.0
-1.13319 0.2
-1.13294 0.4
-1.1327 0.7
-1.13245 0.9
-1.13221 1.1
-1.13197 1.3
-1.13172 1.5
-1.13148 1.7
-1.13123 1.9
-1.13099 2.1
-1.13074 2.3
-1.1305 2.5
-1.13026 2.7
-1.13001 2.9
-1.12977 3.1
-1.12952 3.2
-1.12928 3.4
-1.12904 3.6
-1.12879 3.7
-1.12855 3.8
-1.1283 4.0
-1.12806 4.1
-1.12782 4.2
-1.12757 4.3
-1.12733 4.4
-1.12708 4.5
-1.12684 4.6
-1.12659 4.6
-1.12635 4.7
-1.12611 4.7
-1.12586 4.8
-1.12562 4.8
-1.12537 4.8
-1.12513 4.8
-1.12489 4.8
-1.12464 4.8
-1.1244 4.8
-1.12415 4.8
-1.12391 4.7
-1.12366 4.7
-1.12342 4.6
-1.12318 4.5
-1.12293 4.5
-1.12269 4.4
-1.12244 4.3
-1.1222 4.1
-1.12196 4.0
-1.12171 3.9
-1.12147 3.8
-1.12122 3.6
-1.12098 3.5
-1.12074 3.3
-1.12049 3.1
-1.12025 3.0
-1.12 2.8
-1.11976 2.6
-1.11951 2.4
-1.11927 2.2
-1.11903 2.0
-1.11878 1.8
-1.11854 1.6
-1.11829 1.4
-1.11805 1.2
-1.11781 1.0
-1.11756 0.7
-1.11732 0.5
-1.11707 0.3
-1.11683 0.0
-1.11658 -0.1
-1.11634 -0.4
-1.1161 -0.6
-1.11585 -0.8
-1.11561 -1.0
-1.11536 -1.2
-1.11512 -1.5
-1.11488 -1.7
-1.11463 -1.9
-1.11439 -2.1
-1.11414 -2.3
-1.1139 -2.5
-1.11366 -2.7
-1.11341 -2.9
-1.11317 -3.0
-1.11292 -3.2
-1.11268 -3.4
-1.11243 -3.5
-1.11219 -3.7
-1.11195 -3.8
-1.1117 -4.0
-1.11146 -4.1
-1.11121 -4.2
-1.11097 -4.3
-1.11073 -4.4
-1.11048 -4.5
-1.11024 -4.6
-1.10999 -4.6
-1.10975 -4.7
-1.1095 -4.8
-1.10926 -4.8
-1.10902 -4.8
-1.10877 -4.8
-1.10853 -4.9
-1.10828 -4.9
-1.10804 -4.8
-1.1078 -4.8
-1.10755 -4.8
-1.10731 -4.7
-1.10706 -4.7
-1.10682 -4.6
-1.10658 -4.6
-1.10633 -4.5
-1.10609 -4.4
-1.10584 -4.3
-1.1056 -4.2
-1.10535 -4.1
-1.10511 -3.9
-1.10487 -3.8
-1.10462 -3.6
-1.10438 -3.5
-1.10413 -3.3
-1.10389 -3.2
-1.10365 -3.0
-1.1034 -2.8
-1.10316 -2.6
-1.10291 -2.4
-1.10267 -2.2
-1.10242 -2.0
-1.10218 -1.8
-1.10194 -1.6
-1.10169 -1.4
-1.10145 -1.2
-1.1012 -1.0
-1.10096 -0.8
-1.10072 -0.5
-1.10047 -0.3
-1.10023 0.0
-1.09998 0.1
-1.09974 0.4
-1.09949 0.6
-1.09925 0.8
-1.09901 1.0
-1.09876 1.3
-1.09852 1.5
-1.09827 1.7
-1.09803 1.9
-1.09779 2.1
-1.09754 2.3
-1.0973 2.5
-1.09705 2.7
-1.09681 2.9
-1.09657 3.1
-1.09632 3.2
-1.09608 3.4
-1.09583 3.6
-1.09559 3.7
-1.09534 3.8
-1.0951 4.0
-1.09486 4.1
-1.09461 4.2
-1.09437 4.3
-1.09412 4.4
-1.09388 4.5
-1.09364 4.6
-1.09339 4.7
-1.09315 4.7
-1.0929 4.8
-1.09266 4.8
-1.09241 4.8
-1.09217 4.9
-1.09193 4.9
-1.09168 4.9
-1.09144 4.9
-1.09119 4.8
-1.09095 4.8
-1.09071 4.8
-1.09046 4.7
-1.09022 4.6
-1.08997 4.6
-1.08973 4.5
-1.08949 4.4
-1.08924 4.3
-1.089 4.2
-1.08875 4.0
-1.08851 3.9
-1.08826 3.8
-1.08802 3.6
-1.08778 3.5
-1.08753 3.3
-1.08729 3.1
-1.08704 3.0
-1.0868 2.8
-1.08656 2.6
-1.08631 2.4
-1.08607 2.2
-1.08582 2.0
-1.08558 1.8
-1.08533 1.6
-1.08509 1.3
-1.08485 1.1
-1.0846 0.9
-1.08436 0.7
-1.08411 0.5
-1.08387 0.2
-1.08363 0.0
-1.08338 -0.2
-1.08314 -0.5
-1.08289 -0.7
-1.08265 -0.9
-1.08241 -1.1
-1.08216 -1.3
-1.08192 -1.6
-1.08167 -1.8
-1.08143 -2.0
-1.08118 -2.2
-1.08094 -2.4
-1.0807 -2.6
-1.08045 -2.8
-1.08021 -3.0
-1.07996 -3.1
-1.07972 -3.3
-1.07948 -3.5
-1.07923 -3.6
-1.07899 -3.8
-1.07874 -3.9
-1.0785 -4.1
-1.07825 -4.2
-1.07801 -4.3
-1.07777 -4.4
-1.07752 -4.5
-1.07728 -4.6
-1.07703 -4.7
-1.07679 -4.7
-1.07655 -4.8
-1.0763 -4.8
-1.07606 -4.9
-1.07581 -4.9
-1.07557 -4.9
-1.07533 -4.9
-1.07508 -4.9
-1.07484 -4.9
-1.07459 -4.8
-1.07435 -4.8
-1.0741 -4.7
-1.07386 -4.7
-1.07362 -4.6
-1.07337 -4.5
-1.07313 -4.4
-1.07288 -4.3
-1.07264 -4.2
-1.0724 -4.1
-1.07215 -4.0
-1.07191 -3.8
-1.07166 -3.7
-1.07142 -3.5
-1.07117 -3.4
-1.07093 -3.2
-1.07069 -3.0
-1.07044 -2.9
-1.0702 -2.7
-1.06995 -2.5
-1.06971 -2.3
-1.06947 -2.1
-1.06922 -1.9
-1.06898 -1.6
-1.06873 -1.4
-1.06849 -1.2
-1.06824 -1.0
-1.068 -0.8
-1.06776 -0.5
-1.06751 -0.3
-1.06727 0.0
-1.06702 0.2
-1.06678 0.4
-1.06654 0.6
-1.06629 0.8
-1.06605 1.1
-1.0658 1.3
-1.06556 1.5
-1.06532 1.7
-1.06507 1.9
-1.06483 2.2
-1.06458 2.4
-1.06434 2.6
-1.06409 2.7
-1.06385 2.9
-1.06361 3.1
-1.06336 3.3
-1.06312 3.5
-1.06287 3.6
-1.06263 3.8
-1.06239 3.9
-1.06214 4.0
-1.0619 4.2
-1.06165 4.3
-1.06141 4.4
-1.06116 4.5
-1.06092 4.6
-1.06068 4.7
-1.06043 4.7
-1.06019 4.8
-1.05994 4.8
-1.0597 4.9
-1.05946 4.9
-1.05921 4.9
-1.05897 4.9
-1.05872 4.9
-1.05848 4.9
-1.05824 4.9
-1.05799 4.8
-1.05775 4.8
-1.0575 4.7
-1.05726 4.6
-1.05701 4.6
-1.05677 4.5
-1.05653 4.4
-1.05628 4.2
-1.05604 4.1
-1.05579 4.0
-1.05555 3.9
-1.05531 3.7
-1.05506 3.6
-1.05482 3.4
-1.05457 3.2
-1.05433 3.0
-1.05408 2.9
-1.05384 2.7
-1.0536 2.5
-1.05335 2.3
-1.05311 2.1
-1.05286 1.9
-1.05262 1.6
-1.05238 1.4
-1.05213 1.2
-1.05189 1.0
-1.05164 0.7
-1.0514 0.5
-1.05116 0.3
-1.05091 0.0
-1.05067 -0.2
-1.05042 -0.4
-1.05018 -0.6
-1.04993 -0.9
-1.04969 -1.1
-1.04945 -1.3
-1.0492 -1.5
-1.04896 -1.8
-1.04871 -2.0
-1.04847 -2.2
-1.04823 -2.4
-1.04798 -2.6
-1.04774 -2.8
-1.04749 -3.0
-1.04725 -3.2
-1.047 -3.3
-1.04676 -3.5
-1.04652 -3.7
-1.04627 -3.8
-1.04603 -3.9
-1.04578 -4.1
-1.04554 -4.2
-1.0453 -4.3
-1.04505 -4.4
-1.04481 -4.5
-1.04456 -4.6
-1.04432 -4.7
-1.04408 -4.8
-1.04383 -4.8
-1.04359 -4.9
-1.04334 -4.9
-1.0431 -4.9
-1.04285 -4.9
-1.04261 -4.9
-1.04237 -4.9
-1.04212 -4.9
-1.04188 -4.9
-1.04163 -4.8
-1.04139 -4.8
-1.04115 -4.7
-1.0409 -4.6
-1.04066 -4.5
-1.04041 -4.4
-1.04017 -4.3
-1.03992 -4.2
-1.03968 -4.1
-1.03944 -4.0
-1.03919 -3.8
-1.03895 -3.7
-1.0387 -3.5
-1.03846 -3.3
-1.03822 -3.2
-1.03797 -3.0
-1.03773 -2.8
-1.03748 -2.6
-1.03724 -2.4
-1.03699 -2.2
-1.03675 -2.0
-1.03651 -1.8
-1.03626 -1.6
-1.03602 -1.3
-1.03577 -1.1
-1.03553 -0.9
-1.03529 -0.7
-1.03504 -0.4
-1.0348 -0.2
-1.03455 0.0
-1.03431 0.3
-1.03407 0.5
-1.03382 0.7
-1.03358 1.0
-1.03333 1.2
-1.03309 1.4
-1.03284 1.7
-1.0326 1.9
-1.03236 2.1
-1.03211 2.3
-1.03187 2.5
-1.03162 2.7
-1.03138 2.9
-1.03114 3.1
-1.03089 3.3
-1.03065 3.4
-1.0304 3.6
-1.03016 3.7
-1.02991 3.9
-1.02967 4.0
-1.02943 4.2
-1.02918 4.3
-1.02894 4.4
-1.02869 4.5
-1.02845 4.6
-1.02821 4.7
-1.02796 4.7
-1.02772 4.8
-1.02747 4.9
-1.02723 4.9
-1.02699 4.9
-1.02674 4.9
-1.0265 4.9
-1.02625 4.9
-1.02601 4.9
-1.02576 4.9
-1.02552 4.9
-1.02528 4.8
-1.02503 4.7
-1.02479 4.7
-1.02454 4.6
-1.0243 4.5
-1.02406 4.4
-1.02381 4.3
-1.02357 4.2
-1.02332 4.0
-1.02308 3.9
-1.02283 3.7
-1.02259 3.6
-1.02235 3.4
-1.0221 3.2
-1.02186 3.1
-1.02161 2.9
-1.02137 2.7
-1.02113 2.5
-1.02088 2.3
-1.02064 2.1
-1.02039 1.8
-1.02015 1.6
-1.01991 1.4
-1.01966 1.2
-1.01942 0.9
-1.01917 0.7
-1.01893 0.5
-1.01868 0.2
-1.01844 0.0
-1.0182 -0.2
-1.01795 -0.5
-1.01771 -0.7
-1.01746 -0.9
-1.01722 -1.2
-1.01698 -1.4
-1.01673 -1.6
-1.01649 -1.8
-1.01624 -2.1
-1.016 -2.3
-1.01575 -2.5
-1.01551 -2.7
-1.01527 -2.9
-1.01502 -3.1
-1.01478 -3.2
-1.01453 -3.4
-1.01429 -3.6
-1.01405 -3.7
-1.0138 -3.9
-1.01356 -4.0
-1.01331 -4.2
-1.01307 -4.3
-1.01283 -4.4
-1.01258 -4.5
-1.01234 -4.6
-1.01209 -4.7
-1.01185 -4.8
-1.0116 -4.8
-1.01136 -4.9
-1.01112 -4.9
-1.01087 -4.9
-1.01063 -5.0
-1.01038 -5.0
-1.01014 -5.0
-1.0099 -4.9
-1.00965 -4.9
-1.00941 -4.9
-1.00916 -4.8
-1.00892 -4.8
-1.00867 -4.7
-1.00843 -4.6
-1.00819 -4.5
-1.00794 -4.4
-1.0077 -4.3
-1.00745 -4.2
-1.00721 -4.0
-1.00697 -3.9
-1.00672 -3.7
-1.00648 -3.6
-1.00623 -3.4
-1.00599 -3.2
-1.00574 -3.1
-1.0055 -2.9
-1.00526 -2.7
-1.00501 -2.5
-1.00477 -2.3
-1.00452 -2.0
-1.00428 -1.8
-1.00404 -1.6
-1.00379 -1.4
-1.00355 -1.1
-1.0033 -0.9
-1.00306 -0.7
-1.00282 -0.4
-1.00257 -0.2
-1.00233 0.0
-1.00208 0.3
-1.00184 0.5
-1.00159 0.7
-1.00135 1.0
-1.00111 1.2
-1.00086 1.4
-1.00062 1.7
-1.00037 1.9
-1.00013 2.1
-0.99989 2.3
-0.99964 2.5
-0.9994 2.7
-0.99915 2.9
-0.99891 3.1
-0.99866 3.3
-0.99842 3.5
-0.99818 3.6
-0.99793 3.8
-0.99769 3.9
-0.99744 4.1
-0.9972 4.2
-0.99696 4.3
-0.99671 4.5
-0.99647 4.6
-0.99622 4.6
-0.99598 4.7
-0.99574 4.8
-0.99549 4.9
-0.99525 4.9
-0.995 4.9
-0.99476 5.0
-0.99451 5.0
-0.99427 5.0
-0.99403 5.0
-0.99378 4.9
-0.99354 4.9
-0.99329 4.9
-0.99305 4.8
-0.99281 4.7
-0.99256 4.7
-0.99232 4.6
-0.99207 4.5
-0.99183 4.4
-0.99158 4.3
-0.99134 4.1
-0.9911 4.0
-0.99085 3.8
-0.99061 3.7
-0.99036 3.5
-0.99012 3.3
-0.98988 3.2
-0.98963 3.0
-0.98939 2.8
-0.98914 2.6
-0.9889 2.4
-0.98866 2.2
-0.98841 1.9
-0.98817 1.7
-0.98792 1.5
-0.98768 1.3
-0.98743 1.0
-0.98719 0.8
-0.98695 0.6
-0.9867 0.3
-0.98646 0.0
-0.98621 -0.2
-0.98597 -0.4
-0.98573 -0.6
-0.98548 -0.9
-0.98524 -1.1
-0.98499 -1.3
-0.98475 -1.6
-0.9845 -1.8
-0.98426 -2.0
-0.98402 -2.2
-0.98377 -2.5
-0.98353 -2.7
-0.98328 -2.9
-0.98304 -3.1
-0.9828 -3.2
-0.98255 -3.4
-0.98231 -3.6
-0.98206 -3.8
-0.98182 -3.9
-0.98158 -4.1
-0.98133 -4.2
-0.98109 -4.3
-0.98084 -4.4
-0.9806 -4.5
-0.98035 -4.6
-0.98011 -4.7
-0.97987 -4.8
-0.97962 -4.9
-0.97938 -4.9
-0.97913 -4.9
-0.97889 -5.0
-0.97865 -5.0
-0.9784 -5.0
-0.97816 -5.0
-0.97791 -5.0
-0.97767 -4.9
-0.97742 -4.9
-0.97718 -4.8
-0.97694 -4.8
-0.97669 -4.7
-0.97645 -4.6
-0.9762 -4.5
-0.97596 -4.4
-0.97572 -4.3
-0.97547 -4.2
-0.97523 -4.0
-0.97498 -3.9
-0.97474 -3.7
-0.97449 -3.6
-0.97425 -3.4
-0.97401 -3.2
-0.97376 -3.0
-0.97352 -2.8
-0.97327 -2.6
-0.97303 -2.4
-0.97279 -2.2
-0.97254 -2.0
-0.9723 -1.8
-0.97205 -1.5
-0.97181 -1.3
-0.97157 -1.1
-0.97132 -0.8
-0.97108 -0.6
-0.97083 -0.3
-0.97059 -0.1
-0.97034 0.1
-0.9701 0.4
-0.96986 0.6
-0.96961 0.9
-0.96937 1.1
-0.96912 1.3
-0.96888 1.6
-0.96864 1.8
-0.96839 2.0
-0.96815 2.2
-0.9679 2.5
-0.96766 2.7
-0.96741 2.9
-0.96717 3.1
-0.96693 3.2
-0.96668 3.4
-0.96644 3.6
-0.96619 3.8
-0.96595 3.9
-0.96571 4.1
-0.96546 4.2
-0.96522 4.3
-0.96497 4.5
-0.96473 4.6
-0.96449 4.7
-0.96424 4.7
-0.964 4.8
-0.96375 4.9
-0.96351 4.9
-0.96326 5.0
-0.96302 5.0
-0.96278 5.0
-0.96253 5.0
-0.96229 5.0
-0.96204 5.0
-0.9618 5.0
-0.96156 4.9
-0.96131 4.9
-0.96107 4.8
-0.96082 4.7
-0.96058 4.6
-0.96033 4.5
-0.96009 4.4
-0.95985 4.3
-0.9596 4.2
-0.95936 4.0
-0.95911 3.9
-0.95887 3.7
-0.95863 3.6
-0.95838 3.4
-0.95814 3.2
-0.95789 3.0
-0.95765 2.8
-0.95741 2.6
-0.95716 2.4
-0.95692 2.2
-0.95667 1.9
-0.95643 1.7
-0.95618 1.5
-0.95594 1.2
-0.9557 1.0
-0.95545 0.8
-0.95521 0.5
-0.95496 0.3
-0.95472 0.0
-0.95448 -0.2
-0.95423 -0.4
-0.95399 -0.7
-0.95374 -0.9
-0.9535 -1.2
-0.95325 -1.4
-0.95301 -1.6
-0.95277 -1.9
-0.95252 -2.1
-0.95228 -2.3
-0.95203 -2.5
-0.95179 -2.7
-0.95155 -2.9
-0.9513 -3.1
-0.95106 -3.3
-0.95081 -3.5
-0.95057 -3.7
-0.95033 -3.8
-0.95008 -4.0
-0.94984 -4.1
-0.94959 -4.3
-0.94935 -4.4
-0.9491 -4.5
-0.94886 -4.6
-0.94862 -4.7
-0.94837 -4.8
-0.94813 -4.9
-0.94788 -4.9
-0.94764 -5.0
-0.9474 -5.0
-0.94715 -5.0
-0.94691 -5.0
-0.94666 -5.0
-0.94642 -5.0
-0.94617 -5.0
-0.94593 -5.0
-0.94569 -4.9
-0.94544 -4.8
-0.9452 -4.8
-0.94495 -4.7
-0.94471 -4.6
-0.94447 -4.5
-0.94422 -4.4
-0.94398 -4.2
-0.94373 -4.1
-0.94349 -4.0
-0.94324 -3.8
-0.943 -3.6
-0.94276 -3.5
-0.94251 -3.3
-0.94227 -3.1
-0.94202 -2.9
-0.94178 -2.7
-0.94154 -2.5
-0.94129 -2.3
-0.94105 -2.0
-0.9408 -1.8
-0.94056 -1.6
-0.94032 -1.3
-0.94007 -1.1
-0.93983 -0.9
-0.93958 -0.6
-0.93934 -0.4
-0.93909 -0.1
-0.93885 0.1
-0.93861 0.4
-0.93836 0.6
-0.93812 0.9
-0.93787 1.1
-0.93763 1.3
-0.93739 1.6
-0.93714 1.8
-0.9369 2.0
-0.93665 2.3
-0.93641 2.5
-0.93616 2.7
-0.93592 2.9
-0.93568 3.1
-0.93543 3.3
-0.93519 3.5
-0.93494 3.6
-0.9347 3.8
-0.93446 4.0
-0.93421 4.1
-0.93397 4.3
-0.93372 4.4
-0.93348 4.5
-0.93324 4.6
-0.93299 4.7
-0.93275 4.8
-0.9325 4.9
-0.93226 4.9
-0.93201 5.0
-0.93177 5.0
-0.93153 5.0
-0.93128 5.1
-0.93104 5.1
-0.93079 5.0
-0.93055 5.0
-0.93031 5.0
-0.93006 4.9
-0.92982 4.9
-0.92957 4.8
-0.92933 4.7
-0.92908 4.6
-0.92884 4.5
-0.9286 4.4
-0.92835 4.3
-0.92811 4.1
-0.92786 4.0
-0.92762 3.8
-0.92738 3.7
-0.92713 3.5
-0.92689 3.3
-0.92664 3.1
-0.9264 2.9
-0.92616 2.7
-0.92591 2.5
-0.92567 2.3
-0.92542 2.1
-0.92518 1.8
-0.92493 1.6
-0.92469 1.4
-0.92445 1.1
-0.9242 0.9
-0.92396 0.6
-0.92371 0.4
-0.92347 0.1
-0.92323 -0.1
-0.92298 -0.4
-0.92274 -0.6
-0.92249 -0.9
-0.92225 -1.1
-0.922 -1.4
-0.92176 -1.6
-0.92152 -1.8
-0.92127 -2.1
-0.92103 -2.3
-0.92078 -2.5
-0.92054 -2.7
-0.9203 -2.9
-0.92005 -3.1
-0.91981 -3.3
-0.91956 -3.5
-0.91932 -3.7
-0.91908 -3.8
-0.91883 -4.0
-0.91859 -4.2
-0.91834 -4.3
-0.9181 -4.4
-0.91785 -4.5
-0.91761 -4.6
-0.91737 -4.7
-0.91712 -4.8
-0.91688 -4.9
-0.91663 -5.0
-0.91639 -5.0
-0.91615 -5.0
-0.9159 -5.1
-0.91566 -5.1
-0.91541 -5.1
-0.91517 -5.1
-0.91492 -5.0
-0.91468 -5.0
-0.91444 -4.9
-0.91419 -4.9
-0.91395 -4.8
-0.9137 -4.7
-0.91346 -4.6
-0.91322 -4.5
-0.91297 -4.4
-0.91273 -4.3
-0.91248 -4.1
-0.91224 -4.0
-0.91199 -3.8
-0.91175 -3.6
-0.91151 -3.5
-0.91126 -3.3
-0.91102 -3.1
-0.91077 -2.9
-0.91053 -2.7
-0.91029 -2.4
-0.91004 -2.2
-0.9098 -2.0
-0.90955 -1.8
-0.90931 -1.5
-0.90907 -1.3
-0.90882 -1.0
-0.90858 -0.8
-0.90833 -0.5
-0.90809 -0.3
-0.90784 0.0
-0.9076 0.2
-0.90736 0.5
-0.90711 0.7
-0.90687 1.0
-0.90662 1.2
-0.90638 1.5
-0.90614 1.7
-0.90589 1.9
-0.90565 2.2
-0.9054 2.4
-0.90516 2.6
-0.90491 2.8
-0.90467 3.0
-0.90443 3.2
-0.90418 3.4
-0.90394 3.6
-0.90369 3.8
-0.90345 3.9
-0.90321 4.1
-0.90296 4.2
-0.90272 4.4
-0.90247 4.5
-0.90223 4.6
-0.90199 4.7
-0.90174 4.8
-0.9015 4.9
-0.90125 4.9
-0.90101 5.0
-0.90076 5.0
-0.90052 5.1
-0.90028 5.1
-0.90003 5.1
-0.89979 5.1
-0.89954 5.1
-0.8993 5.0
-0.89906 5.0
-0.89881 4.9
-0.89857 4.9
-0.89832 4.8
-0.89808 4.7
-0.89783 4.6
-0.89759 4.5
-0.89735 4.3
-0.8971 4.2
-0.89686 4.0
-0.89661 3.9
-0.89637 3.7
-0.89613 3.5
-0.89588 3.3
-0.89564 3.1
-0.89539 2.9
-0.89515 2.7
-0.89491 2.5
-0.89466 2.3
-0.89442 2.1
-0.89417 1.8
-0.89393 1.6
-0.89368 1.3
-0.89344 1.1
-0.8932 0.9
-0.89295 0.6
-0.89271 0.3
-0.89246 0.0
-0.89222 -0.2
-0.89198 -0.4
-0.89173 -0.7
-0.89149 -0.9
-0.89124 -1.2
-0.891 -1.4
-0.89075 -1.7
-0.89051 -1.9
-0.89027 -2.1
-0.89002 -2.4
-0.88978 -2.6
-0.88953 -2.8
-0.88929 -3.0
-0.88905 -3.2
-0.8888 -3.4
-0.88856 -3.6
-0.88831 -3.8
-0.88807 -3.9
-0.88783 -4.1
-0.88758 -4.2
-0.88734 -4.4
-0.88709 -4.5
-0.88685 -4.6
-0.8866 -4.7
-0.88636 -4.8
-0.88612 -4.9
-0.88587 -5.0
-0.88563 -5.0
-0.88538 -5.1
-0.88514 -5.1
-0.8849 -5.1
-0.88465 -5.1
-0.88441 -5.1
-0.88416 -5.1
-0.88392 -5.0
-0.88367 -5.0
-0.88343 -4.9
-0.88319 -4.9
-0.88294 -4.8
-0.8827 -4.7
-0.88245 -4.6
-0.88221 -4.5
-0.88197 -4.3
-0.88172 -4.2
-0.88148 -4.0
-0.88123 -3.9
-0.88099 -3.7
-0.88074 -3.5
-0.8805 -3.3
-0.88026 -3.1
-0.88001 -2.9
-0.87977 -2.7
-0.87952 -2.5
-0.87928 -2.3
-0.87904 -2.1
-0.87879 -1.8
-0.87855 -1.6
-0.8783 -1.3
-0.87806 -1.1
-0.87782 -0.8
-0.87757 -0.6
-0.87733 -0.3
-0.87708 0.0
-0.87684 0.2
-0.87659 0.5
-0.87635 0.7
-0.87611 1.0
-0.87586 1.2
-0.87562 1.5
-0.87537 1.7
-0.87513 1.9
-0.87489 2.2
-0.87464 2.4
-0.8744 2.6
-0.87415 2.9
-0.87391 3.1
-0.87366 3.3
-0.87342 3.5
-0.87318 3.6
-0.87293 3.8
-0.87269 4.0
-0.87244 4.1
-0.8722 4.3
-0.87196 4.4
-0.87171 4.6
-0.87147 4.7
-0.87122 4.8
-0.87098 4.9
-0.87074 4.9
-0.87049 5.0
-0.87025 5.0
-0.87 5.1
-0.86976 5.1
-0.86951 5.1
-0.86927 5.1
-0.86903 5.1
-0.86878 5.1
-0.86854 5.1
-0.86829 5.0
-0.86805 4.9
-0.86781 4.9
-0.86756 4.8
-0.86732 4.7
-0.86707 4.6
-0.86683 4.4
-0.86658 4.3
-0.86634 4.2
-0.8661 4.0
-0.86585 3.8
-0.86561 3.7
-0.86536 3.5
-0.86512 3.3
-0.86488 3.1
-0.86463 2.9
-0.86439 2.6
-0.86414 2.4
-0.8639 2.2
-0.86366 2.0
-0.86341 1.7
-0.86317 1.5
-0.86292 1.2
-0.86268 1.0
-0.86243 0.7
-0.86219 0.4
-0.86195 0.2
-0.8617 0.0
-0.86146 -0.3
-0.86121 -0.6
-0.86097 -0.8
-0.86073 -1.1
-0.86048 -1.4
-0.86024 -1.6
-0.85999 -1.8
-0.85975 -2.1
-0.8595 -2.3
-0.85926 -2.6
-0.85902 -2.8
-0.85877 -3.0
-0.85853 -3.2
-0.85828 -3.4
-0.85804 -3.6
-0.8578 -3.8
-0.85755 -3.9
-0.85731 -4.1
-0.85706 -4.3
-0.85682 -4.4
-0.85658 -4.5
-0.85633 -4.6
-0.85609 -4.8
-0.85584 -4.8
-0.8556 -4.9
-0.85535 -5.0
-0.85511 -5.1
-0.85487 -5.1
-0.85462 -5.1
-0.85438 -5.1
-0.85413 -5.2
-0.85389 -5.1
-0.85365 -5.1
-0.8534 -5.1
-0.85316 -5.0
-0.85291 -5.0
-0.85267 -4.9
-0.85242 -4.8
-0.85218 -4.7
-0.85194 -4.6
-0.85169 -4.5
-0.85145 -4.4
-0.8512 -4.2
-0.85096 -4.1
-0.85072 -3.9
-0.85047 -3.7
-0.85023 -3.5
-0.84998 -3.3
-0.84974 -3.1
-0.84949 -2.9
-0.84925 -2.7
-0.84901 -2.5
-0.84876 -2.2
-0.84852 -2.0
-0.84827 -1.8
-0.84803 -1.5
-0.84779 -1.2
-0.84754 -1.0
-0.8473 -0.7
-0.84705 -0.5
-0.84681 -0.2
-0.84657 0.0
-0.84632 0.3
-0.84608 0.6
-0.84583 0.8
-0.84559 1.1
-0.84534 1.3
-0.8451 1.6
-0.84486 1.8
-0.84461 2.1
-0.84437 2.3
-0.84412 2.6
-0.84388 2.8
-0.84364 3.0
-0.84339 3.2
-0.84315 3.4
-0.8429 3.6
-0.84266 3.8
-0.84241 4.0
-0.84217 4.1
-0.84193 4.3
-0.84168 4.4
-0.84144 4.5
-0.84119 4.7
-0.84095 4.8
-0.84071 4.9
-0.84046 5.0
-0.84022 5.0
-0.83997 5.1
-0.83973 5.1
-0.83949 5.2
-0.83924 5.2
-0.839 5.2
-0.83875 5.2
-0.83851 5.1
-0.83826 5.1
-0.83802 5.1
-0.83778 5.0
-0.83753 4.9
-0.83729 4.8
-0.83704 4.7
-0.8368 4.6
-0.83656 4.5
-0.83631 4.3
-0.83607 4.2
-0.83582 4.0
-0.83558 3.9
-0.83533 3.7
-0.83509 3.5
-0.83485 3.3
-0.8346 3.1
-0.83436 2.9
-0.83411 2.7
-0.83387 2.4
-0.83363 2.2
-0.83338 1.9
-0.83314 1.7
-0.83289 1.4
-0.83265 1.2
-0.83241 0.9
-0.83216 0.7
-0.83192 0.4
-0.83167 0.1
-0.83143 -0.1
-0.83118 -0.4
-0.83094 -0.7
-0.8307 -0.9
-0.83045 -1.2
-0.83021 -1.4
-0.82996 -1.7
-0.82972 -1.9
-0.82948 -2.2
-0.82923 -2.4
-0.82899 -2.6
-0.82874 -2.9
-0.8285 -3.1
-0.82825 -3.3
-0.82801 -3.5
-0.82777 -3.7
-0.82752 -3.9
-0.82728 -4.0
-0.82703 -4.2
-0.82679 -4.4
-0.82655 -4.5
-0.8263 -4.6
-0.82606 -4.7
-0.82581 -4.8
-0.82557 -4.9
-0.82533 -5.0
-0.82508 -5.1
-0.82484 -5.1
-0.82459 -5.2
-0.82435 -5.2
-0.8241 -5.2
-0.82386 -5.2
-0.82362 -5.2
-0.82337 -5.1
-0.82313 -5.1
-0.82288 -5.0
-0.82264 -5.0
-0.8224 -4.9
-0.82215 -4.8
-0.82191 -4.7
-0.82166 -4.6
-0.82142 -4.4
-0.82117 -4.3
-0.82093 -4.1
-0.82069 -4.0
-0.82044 -3.8
-0.8202 -3.6
-0.81995 -3.4
-0.81971 -3.2
-0.81947 -3.0
-0.81922 -2.8
-0.81898 -2.5
-0.81873 -2.3
-0.81849 -2.0
-0.81824 -1.8
-0.818 -1.5
-0.81776 -1.3
-0.81751 -1.0
-0.81727 -0.8
-0.81702 -0.5
-0.81678 -0.2
-0.81654 0.0
-0.81629 0.3
-0.81605 0.6
-0.8158 0.8
-0.81556 1.1
-0.81532 1.4
-0.81507 1.6
-0.81483 1.9
-0.81458 2.1
-0.81434 2.4
-0.81409 2.6
-0.81385 2.8
-0.81361 3.0
-0.81336 3.3
-0.81312 3.5
-0.81287 3.7
-0.81263 3.8
-0.81239 4.0
-0.81214 4.2
-0.8119 4.3
-0.81165 4.5
-0.81141 4.6
-0.81116 4.7
-0.81092 4.8
-0.81068 4.9
-0.81043 5.0
-0.81019 5.1
-0.80994 5.1
-0.8097 5.2
-0.80946 5.2
-0.80921 5.2
-0.80897 5.2
-0.80872 5.2
-0.80848 5.2
-0.80824 5.1
-0.80799 5.1
-0.80775 5.0
-0.8075 4.9
-0.80726 4.8
-0.80701 4.7
-0.80677 4.6
-0.80653 4.5
-0.80628 4.3
-0.80604 4.2
-0.80579 4.0
-0.80555 3.8
-0.80531 3.6
-0.80506 3.4
-0.80482 3.2
-0.80457 3.0
-0.80433 2.8
-0.80408 2.5
-0.80384 2.3
-0.8036 2.1
-0.80335 1.8
-0.80311 1.5
-0.80286 1.3
-0.80262 1.0
-0.80238 0.8
-0.80213 0.5
-0.80189 0.2
-0.80164 0.0
-0.8014 -0.3
-0.80116 -0.6
-0.80091 -0.9
-0.80067 -1.1
-0.80042 -1.4
-0.80018 -1.6
-0.79993 -1.9
-0.79969 -2.1
-0.79945 -2.4
-0.7992 -2.6
-0.79896 -2.9
-0.79871 -3.1
-0.79847 -3.3
-0.79823 -3.5
-0.79798 -3.7
-0.79774 -3.9
-0.79749 -4.1
-0.79725 -4.2
-0.797 -4.4
-0.79676 -4.5
-0.79652 -4.7
-0.79627 -4.8
-0.79603 -4.9
-0.79578 -5.0
-0.79554 -5.0
-0.7953 -5.1
-0.79505 -5.2
-0.79481 -5.2
-0.79456 -5.2
-0.79432 -5.2
-0.79408 -5.2
-0.79383 -5.2
-0.79359 -5.2
-0.79334 -5.1
-0.7931 -5.1
-0.79285 -5.0
-0.79261 -4.9
-0.79237 -4.8
-0.79212 -4.7
-0.79188 -4.6
-0.79163 -4.4
-0.79139 -4.3
-0.79115 -4.1
-0.7909 -3.9
-0.79066 -3.8
-0.79041 -3.6
-0.79017 -3.4
-0.78992 -3.1
-0.78968 -2.9
-0.78944 -2.7
-0.78919 -2.5
-0.78895 -2.2
-0.7887 -2.0
-0.78846 -1.7
-0.78822 -1.4
-0.78797 -1.2
-0.78773 -0.9
-0.78748 -0.6
-0.78724 -0.4
-0.78699 -0.1
-0.78675 0.2
-0.78651 0.4
-0.78626 0.7
-0.78602 1.0
-0.78577 1.3
-0.78553 1.5
-0.78529 1.8
-0.78504 2.0
-0.7848 2.3
-0.78455 2.5
-0.78431 2.8
-0.78407 3.0
-0.78382 3.2
-0.78358 3.4
-0.78333 3.6
-0.78309 3.8
-0.78284 4.0
-0.7826 4.2
-0.78236 4.3
-0.78211 4.5
-0.78187 4.6
-0.78162 4.7
-0.78138 4.9
-0.78114 5.0
-0.78089 5.0
-0.78065 5.1
-0.7804 5.2
-0.78016 5.2
-0.77991 5.2
-0.77967 5.3
-0.77943 5.3
-0.77918 5.2
-0.77894 5.2
-0.77869 5.2
-0.77845 5.1
-0.77821 5.0
-0.77796 5.0
-0.77772 4.9
-0.77747 4.8
-0.77723 4.6
-0.77699 4.5
-0.77674 4.3
-0.7765 4.2
-0.77625 4.0
-0.77601 3.8
-0.77576 3.6
-0.77552 3.4
-0.77528 3.2
-0.77503 3.0
-0.77479 2.8
-0.77454 2.5
-0.7743 2.3
-0.77406 2.0
-0.77381 1.8
-0.77357 1.5
-0.77332 1.2
-0.77308 1.0
-0.77283 0.7
-0.77259 0.4
-0.77235 0.1
-0.7721 -0.1
-0.77186 -0.4
-0.77161 -0.7
-0.77137 -1.0
-0.77113 -1.2
-0.77088 -1.5
-0.77064 -1.8
-0.77039 -2.0
-0.77015 -2.3
-0.76991 -2.5
-0.76966 -2.8
-0.76942 -3.0
-0.76917 -3.2
-0.76893 -3.4
-0.76868 -3.6
-0.76844 -3.8
-0.7682 -4.0
-0.76795 -4.2
-0.76771 -4.3
-0.76746 -4.5
-0.76722 -4.6
-0.76698 -4.8
-0.76673 -4.9
-0.76649 -5.0
-0.76624 -5.1
-0.766 -5.1
-0.76575 -5.2
-0.76551 -5.2
-0.76527 -5.3
-0.76502 -5.3
-0.76478 -5.3
-0.76453 -5.3
-0.76429 -5.2
-0.76405 -5.2
-0.7638 -5.1
-0.76356 -5.1
-0.76331 -5.0
-0.76307 -4.9
-0.76283 -4.8
-0.76258 -4.6
-0.76234 -4.5
-0.76209 -4.3
-0.76185 -4.2
-0.7616 -4.0
-0.76136 -3.8
-0.76112 -3.6
-0.76087 -3.4
-0.76063 -3.2
-0.76038 -3.0
-0.76014 -2.7
-0.7599 -2.5
-0.75965 -2.2
-0.75941 -2.0
-0.75916 -1.7
-0.75892 -1.5
-0.75867 -1.2
-0.75843 -0.9
-0.75819 -0.6
-0.75794 -0.4
-0.7577 0.0
-0.75745 0.2
-0.75721 0.5
-0.75697 0.8
-0.75672 1.0
-0.75648 1.3
-0.75623 1.6
-0.75599 1.8
-0.75574 2.1
-0.7555 2.3
-0.75526 2.6
-0.75501 2.8
-0.75477 3.1
-0.75452 3.3
-0.75428 3.5
-0.75404 3.7
-0.75379 3.9
-0.75355 4.1
-0.7533 4.3
-0.75306 4.4
-0.75282 4.6
-0.75257 4.7
-0.75233 4.8
-0.75208 4.9
-0.75184 5.0
-0.75159 5.1
-0.75135 5.2
-0.75111 5.2
-0.75086 5.3
-0.75062 5.3
-0.75037 5.3
-0.75013 5.3
-0.74989 5.3
-0.74964 5.2
-0.7494 5.2
-0.74915 5.1
-0.74891 5.0
-0.74866 4.9
-0.74842 4.8
-0.74818 4.7
-0.74793 4.6
-0.74769 4.4
-0.74744 4.3
-0.7472 4.1
-0.74696 3.9
-0.74671 3.7
-0.74647 3.5
-0.74622 3.3
-0.74598 3.1
-0.74574 2.8
-0.74549 2.6
-0.74525 2.4
-0.745 2.1
-0.74476 1.8
-0.74451 1.6
-0.74427 1.3
-0.74403 1.0
-0.74378 0.8
-0.74354 0.5
-0.74329 0.2
-0.74305 0.0
-0.74281 -0.4
-0.74256 -0.7
-0.74232 -0.9
-0.74207 -1.2
-0.74183 -1.5
-0.74158 -1.8
-0.74134 -2.0
-0.7411 -2.3
-0.74085 -2.5
-0.74061 -2.8
-0.74036 -3.0
-0.74012 -3.2
-0.73988 -3.5
-0.73963 -3.7
-0.73939 -3.9
-0.73914 -4.1
-0.7389 -4.2
-0.73866 -4.4
-0.73841 -4.6
-0.73817 -4.7
-0.73792 -4.8
-0.73768 -4.9
-0.73743 -5.0
-0.73719 -5.1
-0.73695 -5.2
-0.7367 -5.2
-0.73646 -5.3
-0.73621 -5.3
-0.73597 -5.3
-0.73573 -5.3
-0.73548 -5.3
-0.73524 -5.3
-0.73499 -5.2
-0.73475 -5.2
-0.7345 -5.1
-0.73426 -5.0
-0.73402 -4.9
-0.73377 -4.8
-0.73353 -4.6
-0.73328 -4.5
-0.73304 -4.3
-0.7328 -4.1
-0.73255 -4.0
-0.73231 -3.8
-0.73206 -3.6
-0.73182 -3.3
-0.73158 -3.1
-0.73133 -2.9
-0.73109 -2.6
-0.73084 -2.4
-0.7306 -2.1
-0.73035 -1.9
-0.73011 -1.6
-0.72987 -1.3
-0.72962 -1.0
-0.72938 -0.8
-0.72913 -0.5
-0.72889 -0.2
-0.72865 0.1
-0.7284 0.4
-0.72816 0.7
-0.72791 1.0
-0.72767 1.2
-0.72742 1.5
-0.72718 1.8
-0.72694 2.0
-0.72669 2.3
-0.72645 2.6
-0.7262 2.8
-0.72596 3.0
-0.72572 3.3
-0.72547 3.5
-0.72523 3.7
-0.72498 3.9
-0.72474 4.1
-0.72449 4.3
-0.72425 4.4
-0.72401 4.6
-0.72376 4.7
-0.72352 4.9
-0.72327 5.0
-0.72303 5.1
-0.72279 5.2
-0.72254 5.2
-0.7223 5.3
-0.72205 5.3
-0.72181 5.3
-0.72157 5.4
-0.72132 5.3
-0.72108 5.3
-0.72083 5.3
-0.72059 5.2
-0.72034 5.2
-0.7201 5.1
-0.71986 5.0
-0.71961 4.9
-0.71937 4.7
-0.71912 4.6
-0.71888 4.4
-0.71864 4.3
-0.71839 4.1
-0.71815 3.9
-0.7179 3.7
-0.71766 3.5
-0.71741 3.3
-0.71717 3.0
-0.71693 2.8
-0.71668 2.6
-0.71644 2.3
-0.71619 2.0
-0.71595 1.8
-0.71571 1.5
-0.71546 1.2
-0.71522 0.9
-0.71497 0.6
-0.71473 0.4
-0.71449 0.0
-0.71424 -0.2
-0.714 -0.5
-0.71375 -0.8
-0.71351 -1.1
-0.71326 -1.4
-0.71302 -1.6
-0.71278 -1.9
-0.71253 -2.2
-0.71229 -2.4
-0.71204 -2.7
-0.7118 -2.9
-0.71156 -3.2
-0.71131 -3.4
-0.71107 -3.6
-0.71082 -3.8
-0.71058 -4.0
-0.71033 -4.2
-0.71009 -4.4
-0.70985 -4.6
-0.7096 -4.7
-0.70936 -4.8
-0.70911 -5.0
-0.70887 -5.1
-0.70863 -5.1
-0.70838 -5.2
-0.70814 -5.3
-0.70789 -5.3
-0.70765 -5.4
-0.70741 -5.4
-0.70716 -5.4
-0.70692 -5.4
-0.70667 -5.3
-0.70643 -5.3
-0.70618 -5.2
-0.70594 -5.1
-0.7057 -5.0
-0.70545 -4.9
-0.70521 -4.8
-0.70496 -4.7
-0.70472 -4.5
-0.70448 -4.4
-0.70423 -4.2
-0.70399 -4.0
-0.70374 -3.8
-0.7035 -3.6
-0.70325 -3.3
-0.70301 -3.1
-0.70277 -2.9
-0.70252 -2.6
-0.70228 -2.4
-0.70203 -2.1
-0.70179 -1.8
-0.70155 -1.6
-0.7013 -1.3
-0.70106 -1.0
-0.70081 -0.7
-0.70057 -0.4
-0.70033 -0.1
-0.70008 0.2
-0.69984 0.5
-0.69959 0.8
-0.69935 1.0
-0.6991 1.3
-0.69886 1.6
-0.69862 1.9
-0.69837 2.2
-0.69813 2.4
-0.69788 2.7
-0.69764 2.9
-0.6974 3.2
-0.69715 3.4
-0.69691 3.6
-0.69666 3.8
-0.69642 4.0
-0.69617 4.2
-0.69593 4.4
-0.69569 4.6
-0.69544 4.7
-0.6952 4.9
-0.69495 5.0
-0.69471 5.1
-0.69447 5.2
-0.69422 5.2
-0.69398 5.3
-0.69373 5.4
-0.69349 5.4
-0.69324 5.4
-0.693 5.4
-0.69276 5.4
-0.69251 5.3
-0.69227 5.3
-0.69202 5.2
-0.69178 5.1
-0.69154 5.1
-0.69129 4.9
-0.69105 4.8
-0.6908 4.7
-0.69056 4.5
-0.69032 4.4
-0.69007 4.2
-0.68983 4.0
-0.68958 3.8
-0.68934 3.6
-0.68909 3.3
-0.68885 3.1
-0.68861 2.8
-0.68836 2.6
-0.68812 2.3
-0.68787 2.1
-0.68763 1.8
-0.68739 1.5
-0.68714 1.2
-0.6869 0.9
-0.68665 0.6
-0.68641 0.3
-0.68616 0.0
-0.68592 -0.2
-0.68568 -0.5
-0.68543 -0.8
-0.68519 -1.1
-0.68494 -1.4
-0.6847 -1.7
-0.68446 -2.0
-0.68421 -2.2
-0.68397 -2.5
-0.68372 -2.8
-0.68348 -3.0
-0.68324 -3.3
-0.68299 -3.5
-0.68275 -3.7
-0.6825 -3.9
-0.68226 -4.1
-0.68201 -4.3
-0.68177 -4.5
-0.68153 -4.6
-0.68128 -4.8
-0.68104 -4.9
-0.68079 -5.0
-0.68055 -5.1
-0.68031 -5.2
-0.68006 -5.3
-0.67982 -5.4
-0.67957 -5.4
-0.67933 -5.4
-0.67908 -5.4
-0.67884 -5.4
-0.6786 -5.4
-0.67835 -5.3
-0.67811 -5.3
-0.67786 -5.2
-0.67762 -5.1
-0.67738 -5.0
-0.67713 -4.9
-0.67689 -4.8
-0.67664 -4.6
-0.6764 -4.5
-0.67616 -4.3
-0.67591 -4.1
-0.67567 -3.9
-0.67542 -3.7
-0.67518 -3.4
-0.67493 -3.2
-0.67469 -3.0
-0.67445 -2.7
-0.6742 -2.5
-0.67396 -2.2
-0.67371 -1.9
-0.67347 -1.6
-0.67323 -1.3
-0.67298 -1.0
-0.67274 -0.8
-0.67249 -0.5
-0.67225 -0.2
-0.672 0.1
-0.67176 0.4
-0.67152 0.7
-0.67127 1.0
-0.67103 1.3
-0.67078 1.6
-0.67054 1.9
-0.6703 2.2
-0.67005 2.4
-0.66981 2.7
-0.66956 3.0
-0.66932 3.2
-0.66908 3.4
-0.66883 3.7
-0.66859 3.9
-0.66834 4.1
-0.6681 4.3
-0.66785 4.5
-0.66761 4.6
-0.66737 4.8
-0.66712 4.9
-0.66688 5.0
-0.66663 5.1
-0.66639 5.2
-0.66615 5.3
-0.6659 5.4
-0.66566 5.4
-0.66541 5.4
-0.66517 5.4
-0.66492 5.4
-0.66468 5.4
-0.66444 5.4
-0.66419 5.3
-0.66395 5.2
-0.6637 5.2
-0.66346 5.1
-0.66322 4.9
-0.66297 4.8
-0.66273 4.7
-0.66248 4.5
-0.66224 4.3
-0.66199 4.1
-0.66175 3.9
-0.66151 3.7
-0.66126 3.5
-0.66102 3.2
-0.66077 3.0
-0.66053 2.7
-0.66029 2.5
-0.66004 2.2
-0.6598 1.9
-0.65955 1.6
-0.65931 1.3
-0.65907 1.0
-0.65882 0.7
-0.65858 0.4
-0.65833 0.1
-0.65809 -0.2
-0.65784 -0.5
-0.6576 -0.8
-0.65736 -1.1
-0.65711 -1.4
-0.65687 -1.6
-0.65662 -1.9
-0.65638 -2.2
-0.65614 -2.5
-0.65589 -2.7
-0.65565 -3.0
-0.6554 -3.3
-0.65516 -3.5
-0.65491 -3.7
-0.65467 -3.9
-0.65443 -4.1
-0.65418 -4.3
-0.65394 -4.5
-0.65369 -4.7
-0.65345 -4.8
-0.65321 -5.0
-0.65296 -5.1
-0.65272 -5.2
-0.65247 -5.3
-0.65223 -5.4
-0.65199 -5.4
-0.65174 -5.4
-0.6515 -5.5
-0.65125 -5.5
-0.65101 -5.5
-0.65076 -5.4
-0.65052 -5.4
-0.65028 -5.3
-0.65003 -5.3
-0.64979 -5.2
-0.64954 -5.0
-0.6493 -4.9
-0.64906 -4.8
-0.64881 -4.6
-0.64857 -4.5
-0.64832 -4.3
-0.64808 -4.1
-0.64783 -3.9
-0.64759 -3.6
-0.64735 -3.4
-0.6471 -3.2
-0.64686 -2.9
-0.64661 -2.6
-0.64637 -2.4
-0.64613 -2.1
-0.64588 -1.8
-0.64564 -1.5
-0.64539 -1.2
-0.64515 -0.9
-0.64491 -0.6
-0.64466 -0.3
-0.64442 0.0
-0.64417 0.3
-0.64393 0.6
-0.64368 0.9
-0.64344 1.2
-0.6432 1.5
-0.64295 1.8
-0.64271 2.1
-0.64246 2.4
-0.64222 2.6
-0.64198 2.9
-0.64173 3.2
-0.64149 3.4
-0.64124 3.6
-0.641 3.9
-0.64075 4.1
-0.64051 4.3
-0.64027 4.5
-0.64002 4.6
-0.63978 4.8
-0.63953 4.9
-0.63929 5.1
-0.63905 5.2
-0.6388 5.3
-0.63856 5.4
-0.63831 5.4
-0.63807 5.5
-0.63783 5.5
-0.63758 5.5
-0.63734 5.5
-0.63709 5.5
-0.63685 5.4
-0.6366 5.4
-0.63636 5.3
-0.63612 5.2
-0.63587 5.1
-0.63563 5.0
-0.63538 4.8
-0.63514 4.7
-0.6349 4.5
-0.63465 4.3
-0.63441 4.1
-0.63416 3.9
-0.63392 3.7
-0.63367 3.5
-0.63343 3.2
-0.63319 3.0
-0.63294 2.7
-0.6327 2.4
-0.63245 2.2
-0.63221 1.9
-0.63197 1.6
-0.63172 1.3
-0.63148 1.0
-0.63123 0.7
-0.63099 0.4
-0.63074 0.0
-0.6305 -0.3
-0.63026 -0.6
-0.63001 -0.9
-0.62977 -1.2
-0.62952 -1.5
-0.62928 -1.8
-0.62904 -2.1
-0.62879 -2.4
-0.62855 -2.6
-0.6283 -2.9
-0.62806 -3.2
-0.62782 -3.4
-0.62757 -3.6
-0.62733 -3.9
-0.62708 -4.1
-0.62684 -4.3
-0.62659 -4.5
-0.62635 -4.7
-0.62611 -4.8
-0.62586 -5.0
-0.62562 -5.1
-0.62537 -5.2
-0.62513 -5.3
-0.62489 -5.4
-0.62464 -5.4
-0.6244 -5.5
-0.62415 -5.5
-0.62391 -5.5
-0.62366 -5.5
-0.62342 -5.5
-0.62318 -5.5
-0.62293 -5.4
-0.62269 -5.3
-0.62244 -5.2
-0.6222 -5.1
-0.62196 -5.0
-0.62171 -4.8
-0.62147 -4.7
-0.62122 -4.5
-0.62098 -4.3
-0.62074 -4.1
-0.62049 -3.9
-0.62025 -3.7
-0.62 -3.4
-0.61976 -3.2
-0.61951 -2.9
-0.61927 -2.7
-0.61903 -2.4
-0.61878 -2.1
-0.61854 -1.8
-0.61829 -1.5
-0.61805 -1.2
-0.61781 -0.9
-0.61756 -0.6
-0.61732 -0.3
-0.61707 0.0
-0.61683 0.4
-0.61658 0.7
-0.61634 1.0
-0.6161 1.3
-0.61585 1.6
-0.61561 1.9
-0.61536 2.2
-0.61512 2.5
-0.61488 2.7
-0.61463 3.0
-0.61439 3.3
-0.61414 3.5
-0.6139 3.8
-0.61366 4.0
-0.61341 4.2
-0.61317 4.4
-0.61292 4.6
-0.61268 4.7
-0.61243 4.9
-0.61219 5.0
-0.61195 5.2
-0.6117 5.3
-0.61146 5.4
-0.61121 5.4
-0.61097 5.5
-0.61073 5.5
-0.61048 5.6
-0.61024 5.6
-0.60999 5.5
-0.60975 5.5
-0.6095 5.5
-0.60926 5.4
-0.60902 5.3
-0.60877 5.2
-0.60853 5.1
-0.60828 4.9
-0.60804 4.8
-0.6078 4.6
-0.60755 4.4
-0.60731 4.2
-0.60706 4.0
-0.60682 3.8
-0.60658 3.6
-0.60633 3.3
-0.60609 3.0
-0.60584 2.8
-0.6056 2.5
-0.60535 2.2
-0.60511 1.9
-0.60487 1.6
-0.60462 1.3
-0.60438 1.0
-0.60413 0.7
-0.60389 0.4
-0.60365 0.0
-0.6034 -0.3
-0.60316 -0.6
-0.60291 -0.9
-0.60267 -1.2
-0.60242 -1.5
-0.60218 -1.8
-0.60194 -2.1
-0.60169 -2.4
-0.60145 -2.7
-0.6012 -3.0
-0.60096 -3.2
-0.60072 -3.5
-0.60047 -3.7
-0.60023 -4.0
-0.59998 -4.2
-0.59974 -4.4
-0.59949 -4.6
-0.59925 -4.7
-0.59901 -4.9
-0.59876 -5.1
-0.59852 -5.2
-0.59827 -5.3
-0.59803 -5.4
-0.59779 -5.5
-0.59754 -5.5
-0.5973 -5.6
-0.59705 -5.6
-0.59681 -5.6
-0.59657 -5.6
-0.59632 -5.5
-0.59608 -5.5
-0.59583 -5.4
-0.59559 -5.3
-0.59534 -5.2
-0.5951 -5.1
-0.59486 -5.0
-0.59461 -4.8
-0.59437 -4.6
-0.59412 -4.4
-0.59388 -4.2
-0.59364 -4.0
-0.59339 -3.8
-0.59315 -3.6
-0.5929 -3.3
-0.59266 -3.0
-0.59241 -2.8
-0.59217 -2.5
-0.59193 -2.2
-0.59168 -1.9
-0.59144 -1.6
-0.59119 -1.3
-0.59095 -1.0
-0.59071 -0.7
-0.59046 -0.3
-0.59022 0.0
-0.58997 0.3
-0.58973 0.6
-0.58949 0.9
-0.58924 1.3
-0.589 1.6
-0.58875 1.9
-0.58851 2.2
-0.58826 2.5
-0.58802 2.8
-0.58778 3.0
-0.58753 3.3
-0.58729 3.6
-0.58704 3.8
-0.5868 4.0
-0.58656 4.2
-0.58631 4.5
-0.58607 4.6
-0.58582 4.8
-0.58558 5.0
-0.58533 5.1
-0.58509 5.2
-0.58485 5.3
-0.5846 5.4
-0.58436 5.5
-0.58411 5.6
-0.58387 5.6
-0.58363 5.6
-0.58338 5.6
-0.58314 5.6
-0.58289 5.5
-0.58265 5.5
-0.58241 5.4
-0.58216 5.3
-0.58192 5.2
-0.58167 5.1
-0.58143 4.9
-0.58118 4.8
-0.58094 4.6
-0.5807 4.4
-0.58045 4.2
-0.58021 4.0
-0.57996 3.7
-0.57972 3.5
-0.57948 3.2
-0.57923 2.9
-0.57899 2.7
-0.57874 2.4
-0.5785 2.1
-0.57825 1.8
-0.57801 1.4
-0.57777 1.1
-0.57752 0.8
-0.57728 0.5
-0.57703 0.2
-0.57679 -0.2
-0.57655 -0.5
-0.5763 -0.8
-0.57606 -1.1
-0.57581 -1.5
-0.57557 -1.8
-0.57533 -2.1
-0.57508 -2.4
-0.57484 -2.7
-0.57459 -2.9
-0.57435 -3.2
-0.5741 -3.5
-0.57386 -3.7
-0.57362 -4.0
-0.57337 -4.2
-0.57313 -4.4
-0.57288 -4.6
-0.57264 -4.8
-0.5724 -5.0
-0.57215 -5.1
-0.57191 -5.2
-0.57166 -5.3
-0.57142 -5.4
-0.57117 -5.5
-0.57093 -5.6
-0.57069 -5.6
-0.57044 -5.6
-0.5702 -5.6
-0.56995 -5.6
-0.56971 -5.6
-0.56947 -5.5
-0.56922 -5.5
-0.56898 -5.4
-0.56873 -5.3
-0.56849 -5.1
-0.56824 -5.0
-0.568 -4.8
-0.56776 -4.6
-0.56751 -4.4
-0.56727 -4.2
-0.56702 -4.0
-0.56678 -3.8
-0.56654 -3.5
-0.56629 -3.3
-0.56605 -3.0
-0.5658 -2.7
-0.56556 -2.4
-0.56532 -2.1
-0.56507 -1.8
-0.56483 -1.5
-0.56458 -1.2
-0.56434 -0.8
-0.56409 -0.5
-0.56385 -0.2
-0.56361 0.2
-0.56336 0.5
-0.56312 0.8
-0.56287 1.1
-0.56263 1.5
-0.56239 1.8
-0.56214 2.1
-0.5619 2.4
-0.56165 2.7
-0.56141 3.0
-0.56116 3.3
-0.56092 3.5
-0.56068 3.8
-0.56043 4.0
-0.56019 4.2
-0.55994 4.5
-0.5597 4.7
-0.55946 4.8
-0.55921 5.0
-0.55897 5.1
-0.55872 5.3
-0.55848 5.4
-0.55824 5.5
-0.55799 5.6
-0.55775 5.6
-0.5575 5.6
-0.55726 5.7
-0.55701 5.7
-0.55677 5.6
-0.55653 5.6
-0.55628 5.5
-0.55604 5.5
-0.55579 5.4
-0.55555 5.2
-0.55531 5.1
-0.55506 5.0
-0.55482 4.8
-0.55457 4.6
-0.55433 4.4
-0.55408 4.2
-0.55384 4.0
-0.5536 3.7
-0.55335 3.5
-0.55311 3.2
-0.55286 2.9
-0.55262 2.6
-0.55238 2.3
-0.55213 2.0
-0.55189 1.7
-0.55164 1.4
-0.5514 1.0
-0.55116 0.7
-0.55091 0.4
-0.55067 0.0
-0.55042 -0.3
-0.55018 -0.6
-0.54993 -1.0
-0.54969 -1.3
-0.54945 -1.6
-0.5492 -1.9
-0.54896 -2.2
-0.54871 -2.5
-0.54847 -2.8
-0.54823 -3.1
-0.54798 -3.4
-0.54774 -3.7
-0.54749 -3.9
-0.54725 -4.2
-0.547 -4.4
-0.54676 -4.6
-0.54652 -4.8
-0.54627 -5.0
-0.54603 -5.1
-0.54578 -5.2
-0.54554 -5.4
-0.5453 -5.5
-0.54505 -5.6
-0.54481 -5.6
-0.54456 -5.7
-0.54432 -5.7
-0.54408 -5.7
-0.54383 -5.7
-0.54359 -5.6
-0.54334 -5.6
-0.5431 -5.5
-0.54285 -5.4
-0.54261 -5.3
-0.54237 -5.2
-0.54212 -5.0
-0.54188 -4.9
-0.54163 -4.7
-0.54139 -4.5
-0.54115 -4.3
-0.5409 -4.0
-0.54066 -3.8
-0.54041 -3.5
-0.54017 -3.3
-0.53992 -3.0
-0.53968 -2.7
-0.53944 -2.4
-0.53919 -2.1
-0.53895 -1.8
-0.5387 -1.4
-0.53846 -1.1
-0.53822 -0.8
-0.53797 -0.4
-0.53773 0.0
-0.53748 0.2
-0.53724 0.6
-0.53699 0.9
-0.53675 1.3
-0.53651 1.6
-0.53626 1.9
-0.53602 2.2
-0.53577 2.5
-0.53553 2.8
-0.53529 3.1
-0.53504 3.4
-0.5348 3.7
-0.53455 3.9
-0.53431 4.2
-0.53407 4.4
-0.53382 4.6
-0.53358 4.8
-0.53333 5.0
-0.53309 5.1
-0.53284 5.3
-0.5326 5.4
-0.53236 5.5
-0.53211 5.6
-0.53187 5.7
-0.53162 5.7
-0.53138 5.7
-0.53114 5.7
-0.53089 5.7
-0.53065 5.7
-0.5304 5.6
-0.53016 5.5
-0.52991 5.4
-0.52967 5.3
-0.52943 5.2
-0.52918 5.0
-0.52894 4.9
-0.52869 4.7
-0.52845 4.5
-0.52821 4.3
-0.52796 4.0
-0.52772 3.8
-0.52747 3.5
-0.52723 3.2
-0.52699 2.9
-0.52674 2.6
-0.5265 2.3
-0.52625 2.0
-0.52601 1.7
-0.52576 1.4
-0.52552 1.0
-0.52528 0.7
-0.52503 0.3
-0.52479 0.0
-0.52454 -0.3
-0.5243 -0.7
-0.52406 -1.0
-0.52381 -1.4
-0.52357 -1.7
-0.52332 -2.0
-0.52308 -2.3
-0.52283 -2.6
-0.52259 -3.0
-0.52235 -3.2
-0.5221 -3.5
-0.52186 -3.8
-0.52161 -4.0
-0.52137 -4.3
-0.52113 -4.5
-0.52088 -4.7
-0.52064 -4.9
-0.52039 -5.1
-0.52015 -5.2
-0.51991 -5.4
-0.51966 -5.5
-0.51942 -5.6
-0.51917 -5.7
-0.51893 -5.7
-0.51868 -5.7
-0.51844 -5.8
-0.5182 -5.8
-0.51795 -5.7
-0.51771 -5.7
-0.51746 -5.6
-0.51722 -5.5
-0.51698 -5.4
-0.51673 -5.3
-0.51649 -5.1
-0.51624 -5.0
-0.516 -4.8
-0.51575 -4.6
-0.51551 -4.4
-0.51527 -4.1
-0.51502 -3.9
-0.51478 -3.6
-0.51453 -3.4
-0.51429 -3.1
-0.51405 -2.8
-0.5138 -2.5
-0.51356 -2.1
-0.51331 -1.8
-0.51307 -1.5
-0.51283 -1.1
-0.51258 -0.8
-0.51234 -0.4
-0.51209 -0.1
-0.51185 0.2
-0.5116 0.6
-0.51136 0.9
-0.51112 1.3
-0.51087 1.6
-0.51063 2.0
-0.51038 2.3
-0.51014 2.6
-0.5099 2.9
-0.50965 3.2
-0.50941 3.5
-0.50916 3.8
-0.50892 4.0
-0.50867 4.3
-0.50843 4.5
-0.50819 4.7
-0.50794 4.9
-0.5077 5.1
-0.50745 5.2
-0.50721 5.4
-0.50697 5.5
-0.50672 5.6
-0.50648 5.7
-0.50623 5.7
-0.50599 5.8
-0.50574 5.8
-0.5055 5.8
-0.50526 5.8
-0.50501 5.7
-0.50477 5.6
-0.50452 5.6
-0.50428 5.4
-0.50404 5.3
-0.50379 5.2
-0.50355 5.0
-0.5033 4.8
-0.50306 4.6
-0.50282 4.4
-0.50257 4.2
-0.50233 3.9
-0.50208 3.6
-0.50184 3.4
-0.50159 3.1
-0.50135 2.8
-0.50111 2.4
-0.50086 2.1
-0.50062 1.8
-0.50037 1.4
-0.50013 1.1
-0.49989 0.8
-0.49964 0.4
-0.4994 0.0
-0.49915 -0.3
-0.49891 -0.7
-0.49866 -1.0
-0.49842 -1.4
-0.49818 -1.7
-0.49793 -2.0
-0.49769 -2.4
-0.49744 -2.7
-0.4972 -3.0
-0.49696 -3.3
-0.49671 -3.6
-0.49647 -3.8
-0.49622 -4.1
-0.49598 -4.3
-0.49574 -4.6
-0.49549 -4.8
-0.49525 -5.0
-0.495 -5.2
-0.49476 -5.3
-0.49451 -5.4
-0.49427 -5.6
-0.49403 -5.7
-0.49378 -5.7
-0.49354 -5.8
-0.49329 -5.8
-0.49305 -5.8
-0.49281 -5.8
-0.49256 -5.8
-0.49232 -5.7
-0.49207 -5.6
-0.49183 -5.5
-0.49158 -5.4
-0.49134 -5.3
-0.4911 -5.1
-0.49085 -4.9
-0.49061 -4.8
-0.49036 -4.5
-0.49012 -4.3
-0.48988 -4.1
-0.48963 -3.8
-0.48939 -3.5
-0.48914 -3.2
-0.4889 -2.9
-0.48866 -2.6
-0.48841 -2.3
-0.48817 -1.9
-0.48792 -1.6
-0.48768 -1.3
-0.48743 -0.9
-0.48719 -0.6
-0.48695 -0.2
-0.4867 0.2
-0.48646 0.5
-0.48621 0.9
-0.48597 1.2
-0.48573 1.6
-0.48548 1.9
-0.48524 2.3
-0.48499 2.6
-0.48475 2.9
-0.4845 3.2
-0.48426 3.5
-0.48402 3.8
-0.48377 4.1
-0.48353 4.3
-0.48328 4.5
-0.48304 4.8
-0.4828 5.0
-0.48255 5.1
-0.48231 5.3
-0.48206 5.4
-0.48182 5.6
-0.48158 5.7
-0.48133 5.8
-0.48109 5.8
-0.48084 5.8
-0.4806 5.9
-0.48035 5.8
-0.48011 5.8
-0.47987 5.8
-0.47962 5.7
-0.47938 5.6
-0.47913 5.5
-0.47889 5.3
-0.47865 5.2
-0.4784 5.0
-0.47816 4.8
-0.47791 4.6
-0.47767 4.3
-0.47742 4.1
-0.47718 3.8
-0.47694 3.5
-0.47669 3.3
-0.47645 2.9
-0.4762 2.6
-0.47596 2.3
-0.47572 2.0
-0.47547 1.6
-0.47523 1.3
-0.47498 0.9
-0.47474 0.5
-0.47449 0.2
-0.47425 -0.2
-0.47401 -0.5
-0.47376 -0.9
-0.47352 -1.3
-0.47327 -1.6
-0.47303 -2.0
-0.47279 -2.3
-0.47254 -2.6
-0.4723 -3.0
-0.47205 -3.3
-0.47181 -3.6
-0.47157 -3.8
-0.47132 -4.1
-0.47108 -4.4
-0.47083 -4.6
-0.47059 -4.8
-0.47034 -5.0
-0.4701 -5.2
-0.46986 -5.4
-0.46961 -5.5
-0.46937 -5.6
-0.46912 -5.7
-0.46888 -5.8
-0.46864 -5.9
-0.46839 -5.9
-0.46815 -5.9
-0.4679 -5.9
-0.46766 -5.8
-0.46741 -5.8
-0.46717 -5.7
-0.46693 -5.6
-0.46668 -5.5
-0.46644 -5.3
-0.46619 -5.1
-0.46595 -5.0
-0.46571 -4.7
-0.46546 -4.5
-0.46522 -4.3
-0.46497 -4.0
-0.46473 -3.7
-0.46449 -3.4
-0.46424 -3.1
-0.464 -2.8
-0.46375 -2.5
-0.46351 -2.2
-0.46326 -1.8
-0.46302 -1.5
-0.46278 -1.1
-0.46253 -0.7
-0.46229 -0.4
-0.46204 0.0
-0.4618 0.4
-0.46156 0.7
-0.46131 1.1
-0.46107 1.5
-0.46082 1.8
-0.46058 2.2
-0.46033 2.5
-0.46009 2.8
-0.45985 3.2
-0.4596 3.5
-0.45936 3.8
-0.45911 4.0
-0.45887 4.3
-0.45863 4.5
-0.45838 4.8
-0.45814 5.0
-0.45789 5.2
-0.45765 5.3
-0.45741 5.5
-0.45716 5.6
-0.45692 5.7
-0.45667 5.8
-0.45643 5.9
-0.45618 5.9
-0.45594 5.9
-0.4557 5.9
-0.45545 5.9
-0.45521 5.8
-0.45496 5.8
-0.45472 5.6
-0.45448 5.5
-0.45423 5.4
-0.45399 5.2
-0.45374 5.0
-0.4535 4.8
-0.45325 4.6
-0.45301 4.3
-0.45277 4.1
-0.45252 3.8
-0.45228 3.5
-0.45203 3.2
-0.45179 2.9
-0.45155 2.6
-0.4513 2.2
-0.45106 1.9
-0.45081 1.5
-0.45057 1.1
-0.45033 0.8
-0.45008 0.4
-0.44984 0.0
-0.44959 -0.4
-0.44935 -0.7
-0.4491 -1.1
-0.44886 -1.5
-0.44862 -1.8
-0.44837 -2.2
-0.44813 -2.5
-0.44788 -2.9
-0.44764 -3.2
-0.4474 -3.5
-0.44715 -3.8
-0.44691 -4.1
-0.44666 -4.3
-0.44642 -4.6
-0.44617 -4.8
-0.44593 -5.0
-0.44569 -5.2
-0.44544 -5.4
-0.4452 -5.5
-0.44495 -5.7
-0.44471 -5.8
-0.44447 -5.9
-0.44422 -5.9
-0.44398 -6.0
-0.44373 -6.0
-0.44349 -5.9
-0.44324 -5.9
-0.443 -5.9
-0.44276 -5.8
-0.44251 -5.7
-0.44227 -5.5
-0.44202 -5.4
-0.44178 -5.2
-0.44154 -5.0
-0.44129 -4.8
-0.44105 -4.6
-0.4408 -4.3
-0.44056 -4.0
-0.44032 -3.7
-0.44007 -3.4
-0.43983 -3.1
-0.43958 -2.8
-0.43934 -2.5
-0.43909 -2.1
-0.43885 -1.7
-0.43861 -1.4
-0.43836 -1.0
-0.43812 -0.6
-0.43787 -0.2
-0.43763 0.1
-0.43739 0.5
-0.43714 0.9
-0.4369 1.3
-0.43665 1.6
-0.43641 2.0
-0.43616 2.4
-0.43592 2.7
-0.43568 3.0
-0.43543 3.4
-0.43519 3.7
-0.43494 4.0
-0.4347 4.2
-0.43446 4.5
-0.43421 4.7
-0.43397 5.0
-0.43372 5.2
-0.43348 5.4
-0.43324 5.5
-0.43299 5.7
-0.43275 5.8
-0.4325 5.9
-0.43226 5.9
-0.43201 6.0
-0.43177 6.0
-0.43153 6.0
-0.43128 6.0
-0.43104 5.9
-0.43079 5.8
-0.43055 5.7
-0.43031 5.6
-0.43006 5.5
-0.42982 5.3
-0.42957 5.1
-0.42933 4.9
-0.42908 4.6
-0.42884 4.4
-0.4286 4.1
-0.42835 3.8
-0.42811 3.5
-0.42786 3.2
-0.42762 2.9
-0.42738 2.5
-0.42713 2.2
-0.42689 1.8
-0.42664 1.4
-0.4264 1.1
-0.42616 0.7
-0.42591 0.3
-0.42567 0.0
-0.42542 -0.5
-0.42518 -0.9
-0.42493 -1.2
-0.42469 -1.6
-0.42445 -2.0
-0.4242 -2.3
-0.42396 -2.7
-0.42371 -3.0
-0.42347 -3.4
-0.42323 -3.7
-0.42298 -4.0
-0.42274 -4.3
-0.42249 -4.5
-0.42225 -4.8
-0.422 -5.0
-0.42176 -5.2
-0.42152 -5.4
-0.42127 -5.6
-0.42103 -5.7
-0.42078 -5.8
-0.42054 -5.9
-0.4203 -6.0
-0.42005 -6.0
-0.41981 -6.0
-0.41956 -6.0
-0.41932 -6.0
-0.41908 -5.9
-0.41883 -5.9
-0.41859 -5.7
-0.41834 -5.6
-0.4181 -5.5
-0.41785 -5.3
-0.41761 -5.1
-0.41737 -4.9
-0.41712 -4.6
-0.41688 -4.4
-0.41663 -4.1
-0.41639 -3.8
-0.41615 -3.5
-0.4159 -3.1
-0.41566 -2.8
-0.41541 -2.5
-0.41517 -2.1
-0.41492 -1.7
-0.41468 -1.3
-0.41444 -1.0
-0.41419 -0.6
-0.41395 -0.2
-0.4137 0.2
-0.41346 0.6
-0.41322 1.0
-0.41297 1.4
-0.41273 1.8
-0.41248 2.1
-0.41224 2.5
-0.41199 2.9
-0.41175 3.2
-0.41151 3.5
-0.41126 3.8
-0.41102 4.1
-0.41077 4.4
-0.41053 4.7
-0.41029 4.9
-0.41004 5.1
-0.4098 5.3
-0.40955 5.5
-0.40931 5.7
-0.40907 5.8
-0.40882 5.9
-0.40858 6.0
-0.40833 6.0
-0.40809 6.1
-0.40784 6.1
-0.4076 6.0
-0.40736 6.0
-0.40711 5.9
-0.40687 5.8
-0.40662 5.7
-0.40638 5.6
-0.40614 5.4
-0.40589 5.2
-0.40565 5.0
-0.4054 4.7
-0.40516 4.5
-0.40491 4.2
-0.40467 3.9
-0.40443 3.6
-0.40418 3.3
-0.40394 2.9
-0.40369 2.6
-0.40345 2.2
-0.40321 1.8
-0.40296 1.4
-0.40272 1.1
-0.40247 0.7
-0.40223 0.3
-0.40199 -0.1
-0.40174 -0.5
-0.4015 -0.9
-0.40125 -1.3
-0.40101 -1.7
-0.40076 -2.1
-0.40052 -2.5
-0.40028 -2.8
-0.40003 -3.2
-0.39979 -3.5
-0.39954 -3.8
-0.3993 -4.1
-0.39906 -4.4
-0.39881 -4.7
-0.39857 -4.9
-0.39832 -5.2
-0.39808 -5.4
-0.39783 -5.5
-0.39759 -5.7
-0.39735 -5.8
-0.3971 -5.9
-0.39686 -6.0
-0.39661 -6.1
-0.39637 -6.1
-0.39613 -6.1
-0.39588 -6.1
-0.39564 -6.0
-0.39539 -6.0
-0.39515 -5.9
-0.39491 -5.7
-0.39466 -5.6
-0.39442 -5.4
-0.39417 -5.2
-0.39393 -5.0
-0.39368 -4.7
-0.39344 -4.5
-0.3932 -4.2
-0.39295 -3.9
-0.39271 -3.6
-0.39246 -3.2
-0.39222 -2.9
-0.39198 -2.5
-0.39173 -2.1
-0.39149 -1.7
-0.39124 -1.4
-0.391 -1.0
-0.39075 -0.6
-0.39051 -0.2
-0.39027 0.3
-0.39002 0.7
-0.38978 1.1
-0.38953 1.5
-0.38929 1.8
-0.38905 2.2
-0.3888 2.6
-0.38856 3.0
-0.38831 3.3
-0.38807 3.7
-0.38783 4.0
-0.38758 4.3
-0.38734 4.6
-0.38709 4.8
-0.38685 5.1
-0.3866 5.3
-0.38636 5.5
-0.38612 5.7
-0.38587 5.8
-0.38563 5.9
-0.38538 6.0
-0.38514 6.1
-0.3849 6.1
-0.38465 6.2
-0.38441 6.1
-0.38416 6.1
-0.38392 6.0
-0.38367 5.9
-0.38343 5.8
-0.38319 5.7
-0.38294 5.5
-0.3827 5.3
-0.38245 5.1
-0.38221 4.9
-0.38197 4.6
-0.38172 4.3
-0.38148 4.0
-0.38123 3.7
-0.38099 3.4
-0.38074 3.0
-0.3805 2.6
-0.38026 2.3
-0.38001 1.9
-0.37977 1.5
-0.37952 1.1
-0.37928 0.7
-0.37904 0.3
-0.37879 -0.2
-0.37855 -0.6
-0.3783 -1.0
-0.37806 -1.4
-0.37782 -1.8
-0.37757 -2.2
-0.37733 -2.6
-0.37708 -2.9
-0.37684 -3.3
-0.37659 -3.6
-0.37635 -4.0
-0.37611 -4.3
-0.37586 -4.6
-0.37562 -4.8
-0.37537 -5.1
-0.37513 -5.3
-0.37489 -5.5
-0.37464 -5.7
-0.3744 -5.8
-0.37415 -6.0
-0.37391 -6.1
-0.37366 -6.1
-0.37342 -6.2
-0.37318 -6.2
-0.37293 -6.2
-0.37269 -6.1
-0.37244 -6.1
-0.3722 -6.0
-0.37196 -5.9
-0.37171 -5.7
-0.37147 -5.5
-0.37122 -5.3
-0.37098 -5.1
-0.37074 -4.9
-0.37049 -4.6
-0.37025 -4.3
-0.37 -4.0
-0.36976 -3.7
-0.36951 -3.3
-0.36927 -3.0
-0.36903 -2.6
-0.36878 -2.2
-0.36854 -1.8
-0.36829 -1.4
-0.36805 -1.0
-0.36781 -0.6
-0.36756 -0.2
-0.36732 0.3
-0.36707 0.7
-0.36683 1.1
-0.36658 1.5
-0.36634 1.9
-0.3661 2.3
-0.36585 2.7
-0.36561 3.1
-0.36536 3.4
-0.36512 3.8
-0.36488 4.1
-0.36463 4.4
-0.36439 4.7
-0.36414 5.0
-0.3639 5.2
-0.36366 5.4
-0.36341 5.6
-0.36317 5.8
-0.36292 5.9
-0.36268 6.0
-0.36243 6.1
-0.36219 6.2
-0.36195 6.2
-0.3617 6.2
-0.36146 6.2
-0.36121 6.2
-0.36097 6.1
-0.36073 6.0
-0.36048 5.8
-0.36024 5.7
-0.35999 5.5
-0.35975 5.3
-0.3595 5.0
-0.35926 4.7
-0.35902 4.5
-0.35877 4.2
-0.35853 3.8
-0.35828 3.5
-0.35804 3.1
-0.3578 2.8
-0.35755 2.4
-0.35731 2.0
-0.35706 1.6
-0.35682 1.1
-0.35658 0.7
-0.35633 0.3
-0.35609 -0.1
-0.35584 -0.6
-0.3556 -1.0
-0.35535 -1.4
-0.35511 -1.8
-0.35487 -2.2
-0.35462 -2.6
-0.35438 -3.0
-0.35413 -3.4
-0.35389 -3.7
-0.35365 -4.1
-0.3534 -4.4
-0.35316 -4.7
-0.35291 -5.0
-0.35267 -5.2
-0.35242 -5.4
-0.35218 -5.6
-0.35194 -5.8
-0.35169 -6.0
-0.35145 -6.1
-0.3512 -6.2
-0.35096 -6.2
-0.35072 -6.3
-0.35047 -6.3
-0.35023 -6.3
-0.34998 -6.2
-0.34974 -6.1
-0.34949 -6.0
-0.34925 -5.9
-0.34901 -5.7
-0.34876 -5.5
-0.34852 -5.3
-0.34827 -5.0
-0.34803 -4.8
-0.34779 -4.5
-0.34754 -4.2
-0.3473 -3.8
-0.34705 -3.5
-0.34681 -3.1
-0.34657 -2.7
-0.34632 -2.3
-0.34608 -1.9
-0.34583 -1.5
-0.34559 -1.1
-0.34534 -0.6
-0.3451 -0.2
-0.34486 0.2
-0.34461 0.7
-0.34437 1.1
-0.34412 1.5
-0.34388 1.9
-0.34364 2.3
-0.34339 2.7
-0.34315 3.1
-0.3429 3.5
-0.34266 3.9
-0.34241 4.2
-0.34217 4.5
-0.34193 4.8
-0.34168 5.1
-0.34144 5.3
-0.34119 5.5
-0.34095 5.7
-0.34071 5.9
-0.34046 6.1
-0.34022 6.2
-0.33997 6.2
-0.33973 6.3
-0.33949 6.3
-0.33924 6.3
-0.339 6.3
-0.33875 6.2
-0.33851 6.1
-0.33826 6.0
-0.33802 5.8
-0.33778 5.6
-0.33753 5.4
-0.33729 5.2
-0.33704 4.9
-0.3368 4.6
-0.33656 4.3
-0.33631 4.0
-0.33607 3.6
-0.33582 3.3
-0.33558 2.9
-0.33533 2.5
-0.33509 2.1
-0.33485 1.7
-0.3346 1.2
-0.33436 0.8
-0.33411 0.3
-0.33387 0.0
-0.33363 -0.5
-0.33338 -1.0
-0.33314 -1.4
-0.33289 -1.8
-0.33265 -2.3
-0.33241 -2.7
-0.33216 -3.1
-0.33192 -3.4
-0.33167 -3.8
-0.33143 -4.2
-0.33118 -4.5
-0.33094 -4.8
-0.3307 -5.1
-0.33045 -5.3
-0.33021 -5.6
-0.32996 -5.8
-0.32972 -5.9
-0.32948 -6.1
-0.32923 -6.2
-0.32899 -6.3
-0.32874 -6.3
-0.3285 -6.4
-0.32825 -6.4
-0.32801 -6.3
-0.32777 -6.3
-0.32752 -6.2
-0.32728 -6.0
-0.32703 -5.9
-0.32679 -5.7
-0.32655 -5.5
-0.3263 -5.2
-0.32606 -4.9
-0.32581 -4.6
-0.32557 -4.3
-0.32533 -4.0
-0.32508 -3.6
-0.32484 -3.3
-0.32459 -2.9
-0.32435 -2.4
-0.3241 -2.0
-0.32386 -1.6
-0.32362 -1.2
-0.32337 -0.7
-0.32313 -0.3
-0.32288 0.2
-0.32264 0.6
-0.3224 1.1
-0.32215 1.5
-0.32191 2.0
-0.32166 2.4
-0.32142 2.8
-0.32117 3.2
-0.32093 3.6
-0.32069 3.9
-0.32044 4.3
-0.3202 4.6
-0.31995 4.9
-0.31971 5.2
-0.31947 5.5
-0.31922 5.7
-0.31898 5.9
-0.31873 6.0
-0.31849 6.2
-0.31824 6.3
-0.318 6.4
-0.31776 6.4
-0.31751 6.4
-0.31727 6.4
-0.31702 6.3
-0.31678 6.3
-0.31654 6.1
-0.31629 6.0
-0.31605 5.8
-0.3158 5.6
-0.31556 5.4
-0.31532 5.1
-0.31507 4.8
-0.31483 4.5
-0.31458 4.2
-0.31434 3.8
-0.31409 3.4
-0.31385 3.0
-0.31361 2.6
-0.31336 2.2
-0.31312 1.8
-0.31287 1.3
-0.31263 0.9
-0.31239 0.4
-0.31214 0.0
-0.3119 -0.5
-0.31165 -1.0
-0.31141 -1.4
-0.31116 -1.9
-0.31092 -2.3
-0.31068 -2.7
-0.31043 -3.1
-0.31019 -3.5
-0.30994 -3.9
-0.3097 -4.3
-0.30946 -4.6
-0.30921 -4.9
-0.30897 -5.2
-0.30872 -5.5
-0.30848 -5.7
-0.30824 -5.9
-0.30799 -6.1
-0.30775 -6.2
-0.3075 -6.3
-0.30726 -6.4
-0.30701 -6.5
-0.30677 -6.5
-0.30653 -6.4
-0.30628 -6.4
-0.30604 -6.3
-0.30579 -6.2
-0.30555 -6.0
-0.30531 -5.9
-0.30506 -5.6
-0.30482 -5.4
-0.30457 -5.1
-0.30433 -4.8
-0.30408 -4.5
-0.30384 -4.2
-0.3036 -3.8
-0.30335 -3.4
-0.30311 -3.0
-0.30286 -2.6
-0.30262 -2.1
-0.30238 -1.7
-0.30213 -1.2
-0.30189 -0.8
-0.30164 -0.3
-0.3014 0.2
-0.30116 0.6
-0.30091 1.1
-0.30067 1.5
-0.30042 2.0
-0.30018 2.4
-0.29993 2.9
-0.29969 3.3
-0.29945 3.7
-0.2992 4.1
-0.29896 4.4
-0.29871 4.7
-0.29847 5.1
-0.29823 5.3
-0.29798 5.6
-0.29774 5.8
-0.29749 6.0
-0.29725 6.2
-0.297 6.3
-0.29676 6.4
-0.29652 6.5
-0.29627 6.5
-0.29603 6.5
-0.29578 6.5
-0.29554 6.4
-0.2953 6.3
-0.29505 6.2
-0.29481 6.0
-0.29456 5.8
-0.29432 5.6
-0.29408 5.3
-0.29383 5.0
-0.29359 4.7
-0.29334 4.3
-0.2931 4.0
-0.29285 3.6
-0.29261 3.2
-0.29237 2.8
-0.29212 2.3
-0.29188 1.9
-0.29163 1.4
-0.29139 0.9
-0.29115 0.5
-0.2909 0.0
-0.29066 -0.5
-0.29041 -1.0
-0.29017 -1.4
-0.28992 -1.9
-0.28968 -2.4
-0.28944 -2.8
-0.28919 -3.2
-0.28895 -3.6
-0.2887 -4.0
-0.28846 -4.4
-0.28822 -4.7
-0.28797 -5.1
-0.28773 -5.4
-0.28748 -5.6
-0.28724 -5.8
-0.28699 -6.1
-0.28675 -6.2
-0.28651 -6.4
-0.28626 -6.5
-0.28602 -6.5
-0.28577 -6.6
-0.28553 -6.6
-0.28529 -6.5
-0.28504 -6.5
-0.2848 -6.3
-0.28455 -6.2
-0.28431 -6.0
-0.28407 -5.8
-0.28382 -5.6
-0.28358 -5.3
-0.28333 -5.0
-0.28309 -4.7
-0.28284 -4.3
-0.2826 -4.0
-0.28236 -3.6
-0.28211 -3.1
-0.28187 -2.7
-0.28162 -2.2
-0.28138 -1.8
-0.28114 -1.3
-0.28089 -0.8
-0.28065 -0.3
-0.2804 0.1
-0.28016 0.6
-0.27991 1.1
-0.27967 1.6
-0.27943 2.1
-0.27918 2.5
-0.27894 3.0
-0.27869 3.4
-0.27845 3.8
-0.27821 4.2
-0.27796 4.6
-0.27772 4.9
-0.27747 5.2
-0.27723 5.5
-0.27699 5.8
-0.27674 6.0
-0.2765 6.2
-0.27625 6.3
-0.27601 6.5
-0.27576 6.6
-0.27552 6.6
-0.27528 6.6
-0.27503 6.6
-0.27479 6.5
-0.27454 6.4
-0.2743 6.3
-0.27406 6.2
-0.27381 6.0
-0.27357 5.7
-0.27332 5.5
-0.27308 5.2
-0.27283 4.8
-0.27259 4.5
-0.27235 4.1
-0.2721 3.7
-0.27186 3.3
-0.27161 2.9
-0.27137 2.4
-0.27113 1.9
-0.27088 1.5
-0.27064 1.0
-0.27039 0.5
-0.27015 0.0
-0.26991 -0.5
-0.26966 -1.0
-0.26942 -1.5
-0.26917 -2.0
-0.26893 -2.5
-0.26868 -2.9
-0.26844 -3.4
-0.2682 -3.8
-0.26795 -4.2
-0.26771 -4.6
-0.26746 -4.9
-0.26722 -5.2
-0.26698 -5.5
-0.26673 -5.8
-0.26649 -6.0
-0.26624 -6.2
-0.266 -6.4
-0.26575 -6.5
-0.26551 -6.6
-0.26527 -6.7
-0.26502 -6.7
-0.26478 -6.7
-0.26453 -6.6
-0.26429 -6.5
-0.26405 -6.4
-0.2638 -6.2
-0.26356 -6.0
-0.26331 -5.7
-0.26307 -5.5
-0.26283 -5.2
-0.26258 -4.8
-0.26234 -4.5
-0.26209 -4.1
-0.26185 -3.7
-0.2616 -3.2
-0.26136 -2.8
-0.26112 -2.3
-0.26087 -1.8
-0.26063 -1.3
-0.26038 -0.8
-0.26014 -0.3
-0.2599 0.2
-0.25965 0.7
-0.25941 1.2
-0.25916 1.7
-0.25892 2.2
-0.25867 2.6
-0.25843 3.1
-0.25819 3.6
-0.25794 4.0
-0.2577 4.4
-0.25745 4.8
-0.25721 5.1
-0.25697 5.4
-0.25672 5.7
-0.25648 6.0
-0.25623 6.2
-0.25599 6.4
-0.25574 6.5
-0.2555 6.6
-0.25526 6.7
-0.25501 6.7
-0.25477 6.7
-0.25452 6.7
-0.25428 6.6
-0.25404 6.5
-0.25379 6.3
-0.25355 6.1
-0.2533 5.9
-0.25306 5.6
-0.25282 5.3
-0.25257 5.0
-0.25233 4.6
-0.25208 4.2
-0.25184 3.8
-0.25159 3.4
-0.25135 2.9
-0.25111 2.4
-0.25086 2.0
-0.25062 1.5
-0.25037 0.9
-0.25013 0.4
-0.24989 0.0
-0.24964 -0.6
-0.2494 -1.1
-0.24915 -1.6
-0.24891 -2.1
-0.24866 -2.6
-0.24842 -3.1
-0.24818 -3.5
-0.24793 -4.0
-0.24769 -4.4
-0.24744 -4.8
-0.2472 -5.1
-0.24696 -5.5
-0.24671 -5.8
-0.24647 -6.0
-0.24622 -6.2
-0.24598 -6.4
-0.24574 -6.6
-0.24549 -6.7
-0.24525 -6.8
-0.245 -6.8
-0.24476 -6.8
-0.24451 -6.7
-0.24427 -6.6
-0.24403 -6.5
-0.24378 -6.3
-0.24354 -6.1
-0.24329 -5.9
-0.24305 -5.6
-0.24281 -5.3
-0.24256 -4.9
-0.24232 -4.6
-0.24207 -4.2
-0.24183 -3.7
-0.24158 -3.3
-0.24134 -2.8
-0.2411 -2.3
-0.24085 -1.8
-0.24061 -1.3
-0.24036 -0.8
-0.24012 -0.2
-0.23988 0.3
-0.23963 0.8
-0.23939 1.3
-0.23914 1.9
-0.2389 2.4
-0.23866 2.9
-0.23841 3.3
-0.23817 3.8
-0.23792 4.2
-0.23768 4.6
-0.23743 5.0
-0.23719 5.4
-0.23695 5.7
-0.2367 6.0
-0.23646 6.2
-0.23621 6.4
-0.23597 6.6
-0.23573 6.7
-0.23548 6.8
-0.23524 6.8
-0.23499 6.8
-0.23475 6.8
-0.2345 6.7
-0.23426 6.6
-0.23402 6.4
-0.23377 6.2
-0.23353 6.0
-0.23328 5.7
-0.23304 5.4
-0.2328 5.1
-0.23255 4.7
-0.23231 4.3
-0.23206 3.8
-0.23182 3.4
-0.23158 2.9
-0.23133 2.4
-0.23109 1.9
-0.23084 1.4
-0.2306 0.8
-0.23035 0.3
-0.23011 -0.3
-0.22987 -0.8
-0.22962 -1.3
-0.22938 -1.9
-0.22913 -2.4
-0.22889 -2.9
-0.22865 -3.4
-0.2284 -3.8
-0.22816 -4.3
-0.22791 -4.7
-0.22767 -5.1
-0.22742 -5.4
-0.22718 -5.8
-0.22694 -6.0
-0.22669 -6.3
-0.22645 -6.5
-0.2262 -6.7
-0.22596 -6.8
-0.22572 -6.9
-0.22547 -6.9
-0.22523 -6.9
-0.22498 -6.9
-0.22474 -6.8
-0.22449 -6.6
-0.22425 -6.5
-0.22401 -6.2
-0.22376 -6.0
-0.22352 -5.7
-0.22327 -5.4
-0.22303 -5.0
-0.22279 -4.6
-0.22254 -4.2
-0.2223 -3.7
-0.22205 -3.2
-0.22181 -2.7
-0.22157 -2.2
-0.22132 -1.7
-0.22108 -1.1
-0.22083 -0.6
-0.22059 0.0
-0.22034 0.5
-0.2201 1.1
-0.21986 1.6
-0.21961 2.2
-0.21937 2.7
-0.21912 3.2
-0.21888 3.7
-0.21864 4.1
-0.21839 4.6
-0.21815 5.0
-0.2179 5.4
-0.21766 5.7
-0.21741 6.0
-0.21717 6.3
-0.21693 6.5
-0.21668 6.7
-0.21644 6.8
-0.21619 6.9
-0.21595 7.0
-0.21571 7.0
-0.21546 6.9
-0.21522 6.9
-0.21497 6.7
-0.21473 6.6
-0.21449 6.3
-0.21424 6.1
-0.214 5.8
-0.21375 5.4
-0.21351 5.1
-0.21326 4.7
-0.21302 4.2
-0.21278 3.8
-0.21253 3.3
-0.21229 2.8
-0.21204 2.2
-0.2118 1.7
-0.21156 1.1
-0.21131 0.6
-0.21107 0.0
-0.21082 -0.6
-0.21058 -1.1
-0.21033 -1.7
-0.21009 -2.2
-0.20985 -2.8
-0.2096 -3.3
-0.20936 -3.8
-0.20911 -4.3
-0.20887 -4.7
-0.20863 -5.1
-0.20838 -5.5
-0.20814 -5.8
-0.20789 -6.1
-0.20765 -6.4
-0.20741 -6.6
-0.20716 -6.8
-0.20692 -6.9
-0.20667 -7.0
-0.20643 -7.0
-0.20618 -7.0
-0.20594 -7.0
-0.2057 -6.9
-0.20545 -6.7
-0.20521 -6.5
-0.20496 -6.3
-0.20472 -6.0
-0.20448 -5.7
-0.20423 -5.3
-0.20399 -4.9
-0.20374 -4.5
-0.2035 -4.0
-0.20325 -3.6
-0.20301 -3.0
-0.20277 -2.5
-0.20252 -2.0
-0.20228 -1.4
-0.20203 -0.8
-0.20179 -0.2
-0.20155 0.4
-0.2013 0.9
-0.20106 1.5
-0.20081 2.1
-0.20057 2.6
-0.20033 3.2
-0.20008 3.7
-0.19984 4.2
-0.19959 4.6
-0.19935 5.1
-0.1991 5.5
-0.19886 5.8
-0.19862 6.1
-0.19837 6.4
-0.19813 6.7
-0.19788 6.8
-0.19764 7.0
-0.1974 7.1
-0.19715 7.1
-0.19691 7.1
-0.19666 7.1
-0.19642 7.0
-0.19617 6.8
-0.19593 6.6
-0.19569 6.4
-0.19544 6.1
-0.1952 5.7
-0.19495 5.4
-0.19471 5.0
-0.19447 4.5
-0.19422 4.0
-0.19398 3.5
-0.19373 3.0
-0.19349 2.5
-0.19324 1.9
-0.193 1.3
-0.19276 0.7
-0.19251 0.1
-0.19227 -0.5
-0.19202 -1.1
-0.19178 -1.7
-0.19154 -2.2
-0.19129 -2.8
-0.19105 -3.4
-0.1908 -3.9
-0.19056 -4.4
-0.19032 -4.8
-0.19007 -5.3
-0.18983 -5.7
-0.18958 -6.0
-0.18934 -6.3
-0.18909 -6.6
-0.18885 -6.8
-0.18861 -7.0
-0.18836 -7.1
-0.18812 -7.2
-0.18787 -7.2
-0.18763 -7.2
-0.18739 -7.1
-0.18714 -7.0
-0.1869 -6.8
-0.18665 -6.5
-0.18641 -6.3
-0.18616 -5.9
-0.18592 -5.6
-0.18568 -5.2
-0.18543 -4.7
-0.18519 -4.2
-0.18494 -3.7
-0.1847 -3.2
-0.18446 -2.6
-0.18421 -2.1
-0.18397 -1.5
-0.18372 -0.9
-0.18348 -0.3
-0.18324 0.4
-0.18299 1.0
-0.18275 1.6
-0.1825 2.2
-0.18226 2.8
-0.18201 3.3
-0.18177 3.9
-0.18153 4.4
-0.18128 4.8
-0.18104 5.3
-0.18079 5.7
-0.18055 6.1
-0.18031 6.4
-0.18006 6.7
-0.17982 6.9
-0.17957 7.1
-0.17933 7.2
-0.17908 7.3
-0.17884 7.3
-0.1786 7.2
-0.17835 7.1
-0.17811 7.0
-0.17786 6.8
-0.17762 6.6
-0.17738 6.3
-0.17713 5.9
-0.17689 5.6
-0.17664 5.1
-0.1764 4.7
-0.17616 4.2
-0.17591 3.6
-0.17567 3.1
-0.17542 2.5
-0.17518 1.9
-0.17493 1.3
-0.17469 0.7
-0.17445 0.0
-0.1742 -0.6
-0.17396 -1.2
-0.17371 -1.9
-0.17347 -2.5
-0.17323 -3.1
-0.17298 -3.6
-0.17274 -4.2
-0.17249 -4.7
-0.17225 -5.1
-0.172 -5.6
-0.17176 -6.0
-0.17152 -6.3
-0.17127 -6.6
-0.17103 -6.9
-0.17078 -7.1
-0.17054 -7.2
-0.1703 -7.3
-0.17005 -7.4
-0.16981 -7.3
-0.16956 -7.3
-0.16932 -7.1
-0.16908 -6.9
-0.16883 -6.7
-0.16859 -6.4
-0.16834 -6.1
-0.1681 -5.7
-0.16785 -5.3
-0.16761 -4.8
-0.16737 -4.3
-0.16712 -3.7
-0.16688 -3.2
-0.16663 -2.6
-0.16639 -2.0
-0.16615 -1.3
-0.1659 -0.7
-0.16566 0.0
-0.16541 0.6
-0.16517 1.3
-0.16492 1.9
-0.16468 2.5
-0.16444 3.1
-0.16419 3.7
-0.16395 4.3
-0.1637 4.8
-0.16346 5.3
-0.16322 5.7
-0.16297 6.1
-0.16273 6.5
-0.16248 6.8
-0.16224 7.0
-0.16199 7.2
-0.16175 7.3
-0.16151 7.4
-0.16126 7.4
-0.16102 7.4
-0.16077 7.3
-0.16053 7.1
-0.16029 6.9
-0.16004 6.7
-0.1598 6.4
-0.15955 6.0
-0.15931 5.6
-0.15907 5.1
-0.15882 4.6
-0.15858 4.1
-0.15833 3.5
-0.15809 2.9
-0.15784 2.3
-0.1576 1.6
-0.15736 1.0
-0.15711 0.3
-0.15687 -0.4
-0.15662 -1.0
-0.15638 -1.7
-0.15614 -2.3
-0.15589 -3.0
-0.15565 -3.6
-0.1554 -4.2
-0.15516 -4.7
-0.15491 -5.2
-0.15467 -5.7
-0.15443 -6.1
-0.15418 -6.5
-0.15394 -6.8
-0.15369 -7.0
-0.15345 -7.3
-0.15321 -7.4
-0.15296 -7.5
-0.15272 -7.5
-0.15247 -7.5
-0.15223 -7.4
-0.15199 -7.2
-0.15174 -7.0
-0.1515 -6.8
-0.15125 -6.4
-0.15101 -6.0
-0.15076 -5.6
-0.15052 -5.1
-0.15028 -4.6
-0.15003 -4.1
-0.14979 -3.5
-0.14954 -2.8
-0.1493 -2.2
-0.14906 -1.5
-0.14881 -0.8
-0.14857 -0.2
-0.14832 0.5
-0.14808 1.2
-0.14783 1.9
-0.14759 2.6
-0.14735 3.2
-0.1471 3.8
-0.14686 4.4
-0.14661 5.0
-0.14637 5.5
-0.14613 5.9
-0.14588 6.3
-0.14564 6.7
-0.14539 7.0
-0.14515 7.2
-0.14491 7.4
-0.14466 7.6
-0.14442 7.6
-0.14417 7.6
-0.14393 7.5
-0.14368 7.4
-0.14344 7.2
-0.1432 6.9
-0.14295 6.6
-0.14271 6.3
-0.14246 5.8
-0.14222 5.3
-0.14198 4.8
-0.14173 4.3
-0.14149 3.6
-0.14124 3.0
-0.141 2.3
-0.14075 1.7
-0.14051 1.0
-0.14027 0.3
-0.14002 -0.5
-0.13978 -1.2
-0.13953 -1.9
-0.13929 -2.5
-0.13905 -3.2
-0.1388 -3.8
-0.13856 -4.5
-0.13831 -5.0
-0.13807 -5.5
-0.13783 -6.0
-0.13758 -6.4
-0.13734 -6.8
-0.13709 -7.1
-0.13685 -7.4
-0.1366 -7.5
-0.13636 -7.7
-0.13612 -7.7
-0.13587 -7.7
-0.13563 -7.6
-0.13538 -7.5
-0.13514 -7.2
-0.1349 -6.9
-0.13465 -6.6
-0.13441 -6.2
-0.13416 -5.7
-0.13392 -5.2
-0.13367 -4.7
-0.13343 -4.1
-0.13319 -3.4
-0.13294 -2.8
-0.1327 -2.1
-0.13245 -1.3
-0.13221 -0.6
-0.13197 0.1
-0.13172 0.8
-0.13148 1.6
-0.13123 2.3
-0.13099 3.0
-0.13074 3.7
-0.1305 4.3
-0.13026 4.9
-0.13001 5.4
-0.12977 6.0
-0.12952 6.4
-0.12928 6.8
-0.12904 7.1
-0.12879 7.4
-0.12855 7.6
-0.1283 7.7
-0.12806 7.8
-0.12782 7.8
-0.12757 7.7
-0.12733 7.6
-0.12708 7.4
-0.12684 7.1
-0.12659 6.7
-0.12635 6.3
-0.12611 5.8
-0.12586 5.3
-0.12562 4.7
-0.12537 4.1
-0.12513 3.4
-0.12489 2.7
-0.12464 2.0
-0.1244 1.3
-0.12415 0.5
-0.12391 -0.3
-0.12366 -1.0
-0.12342 -1.8
-0.12318 -2.5
-0.12293 -3.2
-0.12269 -3.9
-0.12244 -4.5
-0.1222 -5.1
-0.12196 -5.7
-0.12171 -6.2
-0.12147 -6.7
-0.12122 -7.0
-0.12098 -7.4
-0.12074 -7.6
-0.12049 -7.8
-0.12025 -7.9
-0.12 -7.9
-0.11976 -7.9
-0.11951 -7.8
-0.11927 -7.6
-0.11903 -7.3
-0.11878 -6.9
-0.11854 -6.5
-0.11829 -6.1
-0.11805 -5.5
-0.11781 -5.0
-0.11756 -4.3
-0.11732 -3.6
-0.11707 -2.9
-0.11683 -2.2
-0.11658 -1.4
-0.11634 -0.6
-0.1161 0.1
-0.11585 0.9
-0.11561 1.7
-0.11536 2.5
-0.11512 3.2
-0.11488 3.9
-0.11463 4.6
-0.11439 5.2
-0.11414 5.8
-0.1139 6.3
-0.11366 6.8
-0.11341 7.2
-0.11317 7.5
-0.11292 7.8
-0.11268 7.9
-0.11243 8.0
-0.11219 8.0
-0.11195 8.0
-0.1117 7.8
-0.11146 7.6
-0.11121 7.3
-0.11097 6.9
-0.11073 6.5
-0.11048 6.0
-0.11024 5.4
-0.10999 4.8
-0.10975 4.1
-0.1095 3.4
-0.10926 2.6
-0.10902 1.8
-0.10877 1.0
-0.10853 0.2
-0.10828 -0.6
-0.10804 -1.4
-0.1078 -2.2
-0.10755 -3.0
-0.10731 -3.7
-0.10706 -4.4
-0.10682 -5.1
-0.10658 -5.7
-0.10633 -6.3
-0.10609 -6.8
-0.10584 -7.2
-0.1056 -7.6
-0.10535 -7.8
-0.10511 -8.0
-0.10487 -8.1
-0.10462 -8.2
-0.10438 -8.1
-0.10413 -8.0
-0.10389 -7.7
-0.10365 -7.4
-0.1034 -7.0
-0.10316 -6.6
-0.10291 -6.0
-0.10267 -5.4
-0.10242 -4.8
-0.10218 -4.1
-0.10194 -3.3
-0.10169 -2.5
-0.10145 -1.7
-0.1012 -0.9
-0.10096 0.0
-0.10072 0.8
-0.10047 1.7
-0.10023 2.5
-0.09998 3.3
-0.09974 4.1
-0.09949 4.8
-0.09925 5.5
-0.09901 6.1
-0.09876 6.6
-0.09852 7.1
-0.09827 7.5
-0.09803 7.8
-0.09779 8.1
-0.09754 8.2
-0.0973 8.3
-0.09705 8.3
-0.09681 8.1
-0.09657 7.9
-0.09632 7.6
-0.09608 7.3
-0.09583 6.8
-0.09559 6.3
-0.09534 5.7
-0.0951 5.0
-0.09486 4.3
-0.09461 3.5
-0.09437 2.7
-0.09412 1.8
-0.09388 0.9
-0.09364 0.0
-0.09339 -0.8
-0.09315 -1.7
-0.0929 -2.6
-0.09266 -3.4
-0.09241 -4.2
-0.09217 -4.9
-0.09193 -5.6
-0.09168 -6.3
-0.09144 -6.8
-0.09119 -7.3
-0.09095 -7.7
-0.09071 -8.0
-0.09046 -8.3
-0.09022 -8.4
-0.08997 -8.4
-0.08973 -8.4
-0.08949 -8.2
-0.08924 -8.0
-0.089 -7.6
-0.08875 -7.2
-0.08851 -6.7
-0.08826 -6.1
-0.08802 -5.4
-0.08778 -4.6
-0.08753 -3.9
-0.08729 -3.0
-0.08704 -2.1
-0.0868 -1.2
-0.08656 -0.3
-0.08631 0.6
-0.08607 1.5
-0.08582 2.4
-0.08558 3.3
-0.08533 4.1
-0.08509 4.9
-0.08485 5.7
-0.0846 6.3
-0.08436 6.9
-0.08411 7.4
-0.08387 7.9
-0.08363 8.2
-0.08338 8.4
-0.08314 8.5
-0.08289 8.6
-0.08265 8.5
-0.08241 8.3
-0.08216 8.0
-0.08192 7.7
-0.08167 7.2
-0.08143 6.6
-0.08118 6.0
-0.08094 5.3
-0.0807 4.5
-0.08045 3.6
-0.08021 2.7
-0.07996 1.8
-0.07972 0.9
-0.07948 -0.1
-0.07923 -1.1
-0.07899 -2.0
-0.07874 -3.0
-0.0785 -3.9
-0.07825 -4.7
-0.07801 -5.5
-0.07777 -6.2
-0.07752 -6.9
-0.07728 -7.4
-0.07703 -7.9
-0.07679 -8.3
-0.07655 -8.5
-0.0763 -8.7
-0.07606 -8.7
-0.07581 -8.7
-0.07557 -8.5
-0.07533 -8.2
-0.07508 -7.8
-0.07484 -7.3
-0.07459 -6.7
-0.07435 -6.0
-0.0741 -5.3
-0.07386 -4.5
-0.07362 -3.6
-0.07337 -2.6
-0.07313 -1.6
-0.07288 -0.6
-0.07264 0.4
-0.0724 1.4
-0.07215 2.4
-0.07191 3.3
-0.07166 4.3
-0.07142 5.1
-0.07117 5.9
-0.07093 6.7
-0.07069 7.3
-0.07044 7.8
-0.0702 8.3
-0.06995 8.6
-0.06971 8.8
-0.06947 8.9
-0.06922 8.9
-0.06898 8.7
-0.06873 8.5
-0.06849 8.1
-0.06824 7.6
-0.068 7.0
-0.06776 6.3
-0.06751 5.5
-0.06727 4.6
-0.06702 3.7
-0.06678 2.7
-0.06654 1.7
-0.06629 0.6
-0.06605 -0.5
-0.0658 -1.5
-0.06556 -2.6
-0.06532 -3.6
-0.06507 -4.5
-0.06483 -5.4
-0.06458 -6.3
-0.06434 -7.0
-0.06409 -7.6
-0.06385 -8.2
-0.06361 -8.6
-0.06336 -8.9
-0.06312 -9.1
-0.06287 -9.1
-0.06263 -9.0
-0.06239 -8.8
-0.06214 -8.4
-0.0619 -7.9
-0.06165 -7.3
-0.06141 -6.6
-0.06116 -5.8
-0.06092 -4.9
-0.06068 -4.0
-0.06043 -2.9
-0.06019 -1.9
-0.05994 -0.8
-0.0597 0.4
-0.05946 1.5
-0.05921 2.6
-0.05897 3.7
-0.05872 4.7
-0.05848 5.6
-0.05824 6.5
-0.05799 7.3
-0.05775 7.9
-0.0575 8.5
-0.05726 8.9
-0.05701 9.2
-0.05677 9.3
-0.05653 9.3
-0.05628 9.1
-0.05604 8.8
-0.05579 8.4
-0.05555 7.8
-0.05531 7.2
-0.05506 6.3
-0.05482 5.4
-0.05457 4.4
-0.05433 3.4
-0.05408 2.2
-0.05384 1.1
-0.0536 -0.1
-0.05335 -1.3
-0.05311 -2.5
-0.05286 -3.6
-0.05262 -4.7
-0.05238 -5.7
-0.05213 -6.6
-0.05189 -7.5
-0.05164 -8.2
-0.0514 -8.7
-0.05116 -9.1
-0.05091 -9.4
-0.05067 -9.5
-0.05042 -9.5
-0.05018 -9.3
-0.04993 -8.9
-0.04969 -8.4
-0.04945 -7.8
-0.0492 -7.0
-0.04896 -6.1
-0.04871 -5.1
-0.04847 -4.0
-0.04823 -2.8
-0.04798 -1.6
-0.04774 -0.3
-0.04749 1.0
-0.04725 2.2
-0.047 3.5
-0.04676 4.6
-0.04652 5.7
-0.04627 6.7
-0.04603 7.6
-0.04578 8.4
-0.04554 9.0
-0.0453 9.4
-0.04505 9.7
-0.04481 9.8
-0.04456 9.7
-0.04432 9.5
-0.04408 9.1
-0.04383 8.5
-0.04359 7.7
-0.04334 6.8
-0.0431 5.8
-0.04285 4.7
-0.04261 3.5
-0.04237 2.2
-0.04212 0.8
-0.04188 -0.5
-0.04163 -1.9
-0.04139 -3.2
-0.04115 -4.5
-0.0409 -5.7
-0.04066 -6.8
-0.04041 -7.7
-0.04017 -8.6
-0.03992 -9.2
-0.03968 -9.7
-0.03944 -10.0
-0.03919 -10.1
-0.03895 -10.0
-0.0387 -9.7
-0.03846 -9.2
-0.03822 -8.5
-0.03797 -7.7
-0.03773 -6.7
-0.03748 -5.5
-0.03724 -4.3
-0.03699 -2.9
-0.03675 -1.5
-0.03651 0.0
-0.03626 1.5
-0.03602 2.9
-0.03577 4.3
-0.03553 5.6
-0.03529 6.8
-0.03504 7.9
-0.0348 8.8
-0.03455 9.5
-0.03431 10.0
-0.03407 10.3
-0.03382 10.4
-0.03358 10.3
-0.03333 9.9
-0.03309 9.3
-0.03284 8.5
-0.0326 7.6
-0.03236 6.4
-0.03211 5.1
-0.03187 3.7
-0.03162 2.2
-0.03138 0.6
-0.03114 -1.0
-0.03089 -2.6
-0.03065 -4.1
-0.0304 -5.6
-0.03016 -6.9
-0.02991 -8.1
-0.02967 -9.1
-0.02943 -9.9
-0.02918 -10.4
-0.02894 -10.7
-0.02869 -10.8
-0.02845 -10.6
-0.02821 -10.1
-0.02796 -9.4
-0.02772 -8.4
-0.02747 -7.3
-0.02723 -5.9
-0.02699 -4.4
-0.02674 -2.8
-0.0265 -1.1
-0.02625 0.7
-0.02601 2.5
-0.02576 4.2
-0.02552 5.8
-0.02528 7.2
-0.02503 8.5
-0.02479 9.6
-0.02454 10.4
-0.0243 11.0
-0.02406 11.2
-0.02381 11.2
-0.02357 10.8
-0.02332 10.2
-0.02308 9.3
-0.02283 8.1
-0.02259 6.6
-0.02235 5.0
-0.0221 3.2
-0.02186 1.3
-0.02161 -0.7
-0.02137 -2.6
-0.02113 -4.5
-0.02088 -6.3
-0.02064 -7.9
-0.02039 -9.3
-0.02015 -10.4
-0.01991 -11.2
-0.01966 -11.7
-0.01942 -11.8
-0.01917 -11.5
-0.01893 -10.9
-0.01868 -9.9
-0.01844 -8.6
-0.0182 -7.0
-0.01795 -5.2
-0.01771 -3.1
-0.01746 -0.9
-0.01722 1.3
-0.01698 3.5
-0.01673 5.6
-0.01649 7.5
-0.01624 9.2
-0.016 10.6
-0.01575 11.7
-0.01551 12.3
-0.01527 12.5
-0.01502 12.2
-0.01478 11.4
-0.01453 10.3
-0.01429 8.7
-0.01405 6.7
-0.0138 4.5
-0.01356 2.0
-0.01331 -0.5
-0.01307 -3.1
-0.01283 -5.6
-0.01258 -7.9
-0.01234 -9.9
-0.01209 -11.5
-0.01185 -12.7
-0.0116 -13.2
-0.01136 -13.3
-0.01112 -12.7
-0.01087 -11.5
-0.01063 -9.7
-0.01038 -7.5
-0.01014 -4.8
-0.0099 -1.9
-0.00965 1.2
-0.00941 4.3
-0.00916 7.3
-0.00892 9.9
-0.00867 12.0
-0.00843 13.6
-0.00819 14.4
-0.00794 14.4
-0.0077 13.5
-0.00745 11.8
-0.00721 9.4
-0.00697 6.3
-0.00672 2.7
-0.00648 -1.2
-0.00623 -5.1
-0.00599 -8.8
-0.00574 -12.0
-0.0055 -14.4
-0.00526 -15.7
-0.00501 -15.9
-0.00477 -14.8
-0.00452 -12.5
-0.00428 -8.9
-0.00404 -4.4
-0.00379 0.8
-0.00355 6.0
-0.0033 11.0
-0.00306 14.9
-0.00282 17.4
-0.00257 18.0
-0.00233 16.4
-0.00208 12.5
-0.00184 6.6
-0.00159 -0.7
-0.00135 -8.2
-0.00111 -14.9
-0.00086 -19.3
-0.00062 -20.1
-0.00037 -16.6
-0.00013 -8.8
0.00011 1.7
0.00036 12.2
0.0006 18.9
0.00085 19.0
0.00109 11.9
0.00134 0.7
0.00158 -9.6
0.00182 -14.4
0.00207 -12.2
0.00231 -4.8
0.00256 3.3
0.0028 8.2
0.00304 8.1
0.00329 4.1
0.00353 -1.0
0.00378 -4.4
0.00402 -4.8
0.00426 -2.6
0.00451 0.3
0.00475 2.4
0.005 2.7
0.00524 1.6
0.00549 -0.1
0.00573 -1.3
0.00597 -1.5
0.00622 -0.9
0.00646 0.0
0.00671 0.8
0.00695 0.9
0.00719 0.5
0.00744 0.0
0.00768 -0.4
0.00793 -0.5
0.00817 -0.3
0.00842 0.0
0.00866 0.2
0.0089 0.3
0.00915 0.2
0.00939 0.0
0.00964 -0.1
0.00988 -0.2
0.01012 -0.1
0.01037 0.0
0.01061 0.0
0.01086 0.0
0.0111 0.0
0.01134 0.0
0.01159 0.0
0.01183 0.0
0.01208 0.0
0.01232 0.0
0.01257 0.0
0.01281 0.0
0.01305 0.0
0.0133 0.0
0.01354 0.0
0.01379 0.0
0.01403 0.0
0.01427 0.0
0.01452 0.0
0.01476 0.0
0.01501 0.0
0.01525 0.0
0.0155 0.0
0.01574 0.0
0.01598 0.0
0.01623 0.0
0.01647 0.0
0.01672 0.0
0.01696 0.0
0.0172 0.0
0.01745 0.0
0.01769 0.0
0.01794 0.0
0.01818 0.0
0.01842 0.0
0.01867 0.0
0.01891 0.0
0.01916 0.0
0.0194 0.0
0.01965 0.0
0.01989 0.0
0.02013 0.0
0.02038 0.0
0.02062 0.0
0.02087 0.0
0.02111 0.0
0.02135 0.0
0.0216 0.0
0.02184 0.0
0.02209 0.0
0.02233 0.0
0.02258 0.0
0.02282 0.0
0.02306 0.0
0.02331 0.0
0.02355 0.0
0.0238 0.0
0.02404 0.0
0.02428 0.0
0.02453 0.0
0.02477 0.0
0.02502 0.0
0.02526 0.0
0.02551 0.0
0.02575 0.0
0.02599 0.0
0.02624 0.0
0.02648 0.0
0.02673 0.0
0.02697 0.0
0.02721 0.0
0.02746 0.0
0.0277 0.0
0.02795 0.0
0.02819 0.0
0.02843 0.0
0.02868 0.0
0.02892 0.0
0.02917 0.0
0.02941 0.0
0.02966 0.0
0.0299 0.0
0.03014 0.0
0.03039 0.0
0.03063 0.0
0.03088 0.0
0.03112 0.0
0.03136 0.0
0.03161 0.0
0.03185 0.0
0.0321 0.0
0.03234 0.0
0.03259 0.0
0.03283 0.0
0.03307 0.0
0.03332 0.0
0.03356 0.0
0.03381 0.0
0.03405 0.0
0.03429 0.0
0.03454 0.0
0.03478 0.0
0.03503 0.0
0.03527 0.0
0.03551 0.0
0.03576 0.0
0.036 0.0
0.03625 0.0
0.03649 0.0
0.03674 0.0
0.03698 0.0
0.03722 0.0
0.03747 0.0
0.03771 0.0
0.03796 0.0
0.0382 0.0
0.03844 0.0
0.03869 0.0
0.03893 0.0
0.03918 0.0
0.03942 0.0
0.03967 0.0
0.03991 0.0
0.04015 0.0
0.0404 0.0
0.04064 0.0
0.04089 0.0
0.04113 0.0
0.04137 0.0
0.04162 0.0
0.04186 0.0
0.04211 0.0
0.04235 0.0
0.04259 0.0
0.04284 0.0
0.04308 0.0
0.04333 0.0
0.04357 0.0
0.04382 0.0
0.04406 0.0
0.0443 0.0
0.04455 0.0
0.04479 0.0
0.04504 0.0
0.04528 0.0
0.04552 0.0
0.04577 0.0
0.04601 0.0
0.04626 0.0
0.0465 0.0
0.04675 0.0
0.04699 0.0
0.04723 0.0
0.04748 0.0
0.04772 0.0
0.04797 0.0
0.04821 0.0
0.04845 0.0
0.0487 0.0
0.04894 0.0
0.04919 0.0
0.04943 0.0
0.04967 0.0
0.04992 0.0
0.05016 0.0
0.05041 0.0
0.05065 0.0
0.0509 0.0
0.05114 0.0
0.05138 0.0
0.05163 0.0
0.05187 0.0
0.05212 0.0
0.05236 0.0
0.0526 0.0
0.05285 0.0
0.05309 0.0
0.05334 0.0
0.05358 0.0
0.05383 0.0
0.05407 0.0
0.05431 0.0
0.05456 0.0
0.0548 0.0
0.05505 0.0
0.05529 0.0
0.05553 0.0
0.05578 0.0
0.05602 0.0
0.05627 0.0
0.05651 0.0
0.05676 0.0
0.057 0.0
0.05724 0.0
0.05749 0.0
0.05773 0.0
0.05798 0.0
0.05822 0.0
0.05846 0.0
0.05871 0.0
0.05895 0.0
0.0592 0.0
0.05944 0.0
0.05968 0.0
0.05993 0.0
0.06017 0.0
0.06042 0.0
0.06066 0.0
0.06091 0.0
0.06115 0.0
0.06139 0.0
0.06164 0.0
0.06188 0.0
0.06213 0.0
0.06237 0.0
0.06261 0.0
0.06286 0.0
0.0631 0.0
0.06335 0.0
0.06359 0.0
0.06384 0.0
0.06408 0.0
0.06432 0.0
0.06457 0.0
0.06481 0.0
0.06506 0.0
0.0653 0.0
0.06554 0.0
0.06579 0.0
0.06603 0.0
0.06628 0.0
0.06652 0.0
0.06676 0.0
0.06701 0.0
0.06725 0.0
0.0675 0.0
0.06774 0.0
0.06799 0.0
0.06823 0.0
0.06847 0.0
0.06872 0.0
0.06896 0.0
0.06921 0.0
0.06945 0.0
0.06969 0.0
0.06994 0.0
0.07018 0.0
0.07043 0.0
0.07067 0.0
