t strain*1e23
-3.61926 -2.6
-3.61901 -2.6
-3.61877 -2.6
-3.61852 -2.5
-3.61828 -2.5
-3.61804 -2.5
-3.61779 -2.5
-3.61755 -2.4
-3.6173 -2.4
-3.61706 -2.3
-3.61682 -2.3
-3.61657 -2.2
-3.61633 -2.2
-3.61608 -2.1
-3.61584 -2.1
-3.61559 -2.0
-3.61535 -2.0
-3.61511 -1.9
-3.61486 -1.8
-3.61462 -1.7
-3.61437 -1.7
-3.61413 -1.6
-3.61389 -1.5
-3.61364 -1.4
-3.6134 -1.3
-3.61315 -1.3
-3.61291 -1.2
-3.61267 -1.1
-3.61242 -1.0
-3.61218 -0.9
-3.61193 -0.8
-3.61169 -0.7
-3.61144 -0.6
-3.6112 -0.5
-3.61096 -0.4
-3.61071 -0.3
-3.61047 -0.2
-3.61022 -0.1
-3.60998 0.0
-3.60974 0.0
-3.60949 0.2
-3.60925 0.3
-3.609 0.4
-3.60876 0.5
-3.60851 0.6
-3.60827 0.7
-3.60803 0.8
-3.60778 0.9
-3.60754 1.0
-3.60729 1.1
-3.60705 1.2
-3.60681 1.2
-3.60656 1.3
-3.60632 1.4
-3.60607 1.5
-3.60583 1.6
-3.60559 1.7
-3.60534 1.7
-3.6051 1.8
-3.60485 1.9
-3.60461 2.0
-3.60436 2.0
-3.60412 2.1
-3.60388 2.1
-3.60363 2.2
-3.60339 2.2
-3.60314 2.3
-3.6029 2.3
-3.60266 2.4
-3.60241 2.4
-3.60217 2.5
-3.60192 2.5
-3.60168 2.5
-3.60143 2.5
-3.60119 2.6
-3.60095 2.6
-3.6007 2.6
-3.60046 2.6
-3.60021 2.6
-3.59997 2.6
-3.59973 2.6
-3.59948 2.6
-3.59924 2.6
-3.59899 2.6
-3.59875 2.6
-3.59851 2.5
-3.59826 2.5
-3.59802 2.5
-3.59777 2.5
-3.59753 2.4
-3.59728 2.4
-3.59704 2.3
-3.5968 2.3
-3.59655 2.2
-3.59631 2.2
-3.59606 2.1
-3.59582 2.1
-3.59558 2.0
-3.59533 1.9
-3.59509 1.9
-3.59484 1.8
-3.5946 1.7
-3.59435 1.7
-3.59411 1.6
-3.59387 1.5
-3.59362 1.4
-3.59338 1.3
-3.59313 1.2
-3.59289 1.1
-3.59265 1.1
-3.5924 1.0
-3.59216 0.9
-3.59191 0.8
-3.59167 0.7
-3.59142 0.6
-3.59118 0.5
-3.59094 0.4
-3.59069 0.3
-3.59045 0.2
-3.5902 0.0
-3.58996 0.0
-3.58972 -0.1
-3.58947 -0.2
-3.58923 -0.3
-3.58898 -0.4
-3.58874 -0.5
-3.5885 -0.6
-3.58825 -0.7
-3.58801 -0.8
-3.58776 -0.9
-3.58752 -1.0
-3.58727 -1.1
-3.58703 -1.2
-3.58679 -1.3
-3.58654 -1.4
-3.5863 -1.4
-3.58605 -1.5
-3.58581 -1.6
-3.58557 -1.7
-3.58532 -1.8
-3.58508 -1.8
-3.58483 -1.9
-3.58459 -2.0
-3.58434 -2.0
-3.5841 -2.1
-3.58386 -2.2
-3.58361 -2.2
-3.58337 -2.3
-3.58312 -2.3
-3.58288 -2.4
-3.58264 -2.4
-3.58239 -2.4
-3.58215 -2.5
-3.5819 -2.5
-3.58166 -2.5
-3.58142 -2.6
-3.58117 -2.6
-3.58093 -2.6
-3.58068 -2.6
-3.58044 -2.6
-3.58019 -2.6
-3.57995 -2.6
-3.57971 -2.6
-3.57946 -2.6
-3.57922 -2.6
-3.57897 -2.6
-3.57873 -2.6
-3.57849 -2.5
-3.57824 -2.5
-3.578 -2.5
-3.57775 -2.4
-3.57751 -2.4
-3.57726 -2.4
-3.57702 -2.3
-3.57678 -2.3
-3.57653 -2.2
-3.57629 -2.2
-3.57604 -2.1
-3.5758 -2.1
-3.57556 -2.0
-3.57531 -1.9
-3.57507 -1.9
-3.57482 -1.8
-3.57458 -1.7
-3.57434 -1.6
-3.57409 -1.5
-3.57385 -1.5
-3.5736 -1.4
-3.57336 -1.3
-3.57311 -1.2
-3.57287 -1.1
-3.57263 -1.0
-3.57238 -0.9
-3.57214 -0.8
-3.57189 -0.7
-3.57165 -0.6
-3.57141 -0.5
-3.57116 -0.4
-3.57092 -0.3
-3.57067 -0.2
-3.57043 -0.1
-3.57018 0.0
-3.56994 0.0
-3.5697 0.2
-3.56945 0.3
-3.56921 0.4
-3.56896 0.5
-3.56872 0.6
-3.56848 0.7
-3.56823 0.8
-3.56799 0.9
-3.56774 0.9
-3.5675 1.0
-3.56726 1.1
-3.56701 1.2
-3.56677 1.3
-3.56652 1.4
-3.56628 1.5
-3.56603 1.6
-3.56579 1.6
-3.56555 1.7
-3.5653 1.8
-3.56506 1.9
-3.56481 1.9
-3.56457 2.0
-3.56433 2.1
-3.56408 2.1
-3.56384 2.2
-3.56359 2.2
-3.56335 2.3
-3.5631 2.3
-3.56286 2.4
-3.56262 2.4
-3.56237 2.5
-3.56213 2.5
-3.56188 2.5
-3.56164 2.5
-3.5614 2.6
-3.56115 2.6
-3.56091 2.6
-3.56066 2.6
-3.56042 2.6
-3.56017 2.6
-3.55993 2.6
-3.55969 2.6
-3.55944 2.6
-3.5592 2.6
-3.55895 2.6
-3.55871 2.6
-3.55847 2.5
-3.55822 2.5
-3.55798 2.5
-3.55773 2.4
-3.55749 2.4
-3.55725 2.4
-3.557 2.3
-3.55676 2.3
-3.55651 2.2
-3.55627 2.1
-3.55602 2.1
-3.55578 2.0
-3.55554 2.0
-3.55529 1.9
-3.55505 1.8
-3.5548 1.7
-3.55456 1.7
-3.55432 1.6
-3.55407 1.5
-3.55383 1.4
-3.55358 1.3
-3.55334 1.2
-3.55309 1.2
-3.55285 1.1
-3.55261 1.0
-3.55236 0.9
-3.55212 0.8
-3.55187 0.7
-3.55163 0.6
-3.55139 0.5
-3.55114 0.4
-3.5509 0.3
-3.55065 0.2
-3.55041 0.0
-3.55017 0.0
-3.54992 -0.1
-3.54968 -0.2
-3.54943 -0.3
-3.54919 -0.4
-3.54894 -0.5
-3.5487 -0.6
-3.54846 -0.7
-3.54821 -0.8
-3.54797 -0.9
-3.54772 -1.0
-3.54748 -1.1
-3.54724 -1.2
-3.54699 -1.3
-3.54675 -1.4
-3.5465 -1.5
-3.54626 -1.5
-3.54601 -1.6
-3.54577 -1.7
-3.54553 -1.8
-3.54528 -1.8
-3.54504 -1.9
-3.54479 -2.0
-3.54455 -2.0
-3.54431 -2.1
-3.54406 -2.2
-3.54382 -2.2
-3.54357 -2.3
-3.54333 -2.3
-3.54309 -2.4
-3.54284 -2.4
-3.5426 -2.5
-3.54235 -2.5
-3.54211 -2.5
-3.54186 -2.5
-3.54162 -2.6
-3.54138 -2.6
-3.54113 -2.6
-3.54089 -2.6
-3.54064 -2.6
-3.5404 -2.6
-3.54016 -2.6
-3.53991 -2.6
-3.53967 -2.6
-3.53942 -2.6
-3.53918 -2.6
-3.53893 -2.6
-3.53869 -2.5
-3.53845 -2.5
-3.5382 -2.5
-3.53796 -2.4
-3.53771 -2.4
-3.53747 -2.4
-3.53723 -2.3
-3.53698 -2.3
-3.53674 -2.2
-3.53649 -2.2
-3.53625 -2.1
-3.53601 -2.0
-3.53576 -2.0
-3.53552 -1.9
-3.53527 -1.8
-3.53503 -1.8
-3.53478 -1.7
-3.53454 -1.6
-3.5343 -1.5
-3.53405 -1.4
-3.53381 -1.4
-3.53356 -1.3
-3.53332 -1.2
-3.53308 -1.1
-3.53283 -1.0
-3.53259 -0.9
-3.53234 -0.8
-3.5321 -0.7
-3.53185 -0.6
-3.53161 -0.5
-3.53137 -0.4
-3.53112 -0.3
-3.53088 -0.2
-3.53063 -0.1
-3.53039 0.0
-3.53015 0.0
-3.5299 0.2
-3.52966 0.3
-3.52941 0.4
-3.52917 0.5
-3.52892 0.6
-3.52868 0.7
-3.52844 0.8
-3.52819 0.9
-3.52795 1.0
-3.5277 1.1
-3.52746 1.2
-3.52722 1.3
-3.52697 1.4
-3.52673 1.4
-3.52648 1.5
-3.52624 1.6
-3.526 1.7
-3.52575 1.8
-3.52551 1.8
-3.52526 1.9
-3.52502 2.0
-3.52477 2.0
-3.52453 2.1
-3.52429 2.2
-3.52404 2.2
-3.5238 2.3
-3.52355 2.3
-3.52331 2.4
-3.52307 2.4
-3.52282 2.4
-3.52258 2.5
-3.52233 2.5
-3.52209 2.5
-3.52184 2.6
-3.5216 2.6
-3.52136 2.6
-3.52111 2.6
-3.52087 2.6
-3.52062 2.6
-3.52038 2.6
-3.52014 2.6
-3.51989 2.6
-3.51965 2.6
-3.5194 2.6
-3.51916 2.6
-3.51892 2.5
-3.51867 2.5
-3.51843 2.5
-3.51818 2.5
-3.51794 2.4
-3.51769 2.4
-3.51745 2.3
-3.51721 2.3
-3.51696 2.2
-3.51672 2.2
-3.51647 2.1
-3.51623 2.1
-3.51599 2.0
-3.51574 1.9
-3.5155 1.9
-3.51525 1.8
-3.51501 1.7
-3.51476 1.6
-3.51452 1.5
-3.51428 1.5
-3.51403 1.4
-3.51379 1.3
-3.51354 1.2
-3.5133 1.1
-3.51306 1.0
-3.51281 0.9
-3.51257 0.8
-3.51232 0.7
-3.51208 0.6
-3.51184 0.5
-3.51159 0.4
-3.51135 0.3
-3.5111 0.2
-3.51086 0.1
-3.51061 0.0
-3.51037 0.0
-3.51013 -0.2
-3.50988 -0.3
-3.50964 -0.4
-3.50939 -0.5
-3.50915 -0.6
-3.50891 -0.7
-3.50866 -0.8
-3.50842 -0.9
-3.50817 -1.0
-3.50793 -1.1
-3.50768 -1.2
-3.50744 -1.3
-3.5072 -1.3
-3.50695 -1.4
-3.50671 -1.5
-3.50646 -1.6
-3.50622 -1.7
-3.50598 -1.8
-3.50573 -1.8
-3.50549 -1.9
-3.50524 -2.0
-3.505 -2.0
-3.50476 -2.1
-3.50451 -2.2
-3.50427 -2.2
-3.50402 -2.3
-3.50378 -2.3
-3.50353 -2.4
-3.50329 -2.4
-3.50305 -2.5
-3.5028 -2.5
-3.50256 -2.5
-3.50231 -2.5
-3.50207 -2.6
-3.50183 -2.6
-3.50158 -2.6
-3.50134 -2.6
-3.50109 -2.6
-3.50085 -2.6
-3.5006 -2.6
-3.50036 -2.6
-3.50012 -2.6
-3.49987 -2.6
-3.49963 -2.6
-3.49938 -2.6
-3.49914 -2.6
-3.4989 -2.5
-3.49865 -2.5
-3.49841 -2.5
-3.49816 -2.4
-3.49792 -2.4
-3.49767 -2.3
-3.49743 -2.3
-3.49719 -2.2
-3.49694 -2.2
-3.4967 -2.1
-3.49645 -2.1
-3.49621 -2.0
-3.49597 -1.9
-3.49572 -1.9
-3.49548 -1.8
-3.49523 -1.7
-3.49499 -1.6
-3.49475 -1.5
-3.4945 -1.5
-3.49426 -1.4
-3.49401 -1.3
-3.49377 -1.2
-3.49352 -1.1
-3.49328 -1.0
-3.49304 -0.9
-3.49279 -0.8
-3.49255 -0.7
-3.4923 -0.6
-3.49206 -0.5
-3.49182 -0.4
-3.49157 -0.3
-3.49133 -0.2
-3.49108 -0.1
-3.49084 0.0
-3.49059 0.0
-3.49035 0.2
-3.49011 0.3
-3.48986 0.4
-3.48962 0.5
-3.48937 0.6
-3.48913 0.7
-3.48889 0.8
-3.48864 0.9
-3.4884 1.0
-3.48815 1.1
-3.48791 1.2
-3.48767 1.3
-3.48742 1.4
-3.48718 1.4
-3.48693 1.5
-3.48669 1.6
-3.48644 1.7
-3.4862 1.8
-3.48596 1.8
-3.48571 1.9
-3.48547 2.0
-3.48522 2.0
-3.48498 2.1
-3.48474 2.2
-3.48449 2.2
-3.48425 2.3
-3.484 2.3
-3.48376 2.4
-3.48351 2.4
-3.48327 2.5
-3.48303 2.5
-3.48278 2.5
-3.48254 2.6
-3.48229 2.6
-3.48205 2.6
-3.48181 2.6
-3.48156 2.6
-3.48132 2.6
-3.48107 2.6
-3.48083 2.6
-3.48059 2.6
-3.48034 2.6
-3.4801 2.6
-3.47985 2.6
-3.47961 2.6
-3.47936 2.6
-3.47912 2.5
-3.47888 2.5
-3.47863 2.5
-3.47839 2.4
-3.47814 2.4
-3.4779 2.3
-3.47766 2.3
-3.47741 2.2
-3.47717 2.2
-3.47692 2.1
-3.47668 2.0
-3.47643 2.0
-3.47619 1.9
-3.47595 1.8
-3.4757 1.8
-3.47546 1.7
-3.47521 1.6
-3.47497 1.5
-3.47473 1.4
-3.47448 1.4
-3.47424 1.3
-3.47399 1.2
-3.47375 1.1
-3.47351 1.0
-3.47326 0.9
-3.47302 0.8
-3.47277 0.7
-3.47253 0.6
-3.47228 0.5
-3.47204 0.4
-3.4718 0.3
-3.47155 0.2
-3.47131 0.0
-3.47106 0.0
-3.47082 -0.1
-3.47058 -0.2
-3.47033 -0.3
-3.47009 -0.4
-3.46984 -0.5
-3.4696 -0.6
-3.46935 -0.7
-3.46911 -0.8
-3.46887 -0.9
-3.46862 -1.0
-3.46838 -1.1
-3.46813 -1.2
-3.46789 -1.3
-3.46765 -1.4
-3.4674 -1.5
-3.46716 -1.6
-3.46691 -1.6
-3.46667 -1.7
-3.46642 -1.8
-3.46618 -1.9
-3.46594 -1.9
-3.46569 -2.0
-3.46545 -2.1
-3.4652 -2.1
-3.46496 -2.2
-3.46472 -2.2
-3.46447 -2.3
-3.46423 -2.3
-3.46398 -2.4
-3.46374 -2.4
-3.4635 -2.5
-3.46325 -2.5
-3.46301 -2.5
-3.46276 -2.6
-3.46252 -2.6
-3.46227 -2.6
-3.46203 -2.6
-3.46179 -2.6
-3.46154 -2.6
-3.4613 -2.6
-3.46105 -2.6
-3.46081 -2.6
-3.46057 -2.6
-3.46032 -2.6
-3.46008 -2.6
-3.45983 -2.6
-3.45959 -2.5
-3.45934 -2.5
-3.4591 -2.5
-3.45886 -2.4
-3.45861 -2.4
-3.45837 -2.4
-3.45812 -2.3
-3.45788 -2.3
-3.45764 -2.2
-3.45739 -2.2
-3.45715 -2.1
-3.4569 -2.0
-3.45666 -2.0
-3.45642 -1.9
-3.45617 -1.8
-3.45593 -1.7
-3.45568 -1.7
-3.45544 -1.6
-3.45519 -1.5
-3.45495 -1.4
-3.45471 -1.3
-3.45446 -1.2
-3.45422 -1.1
-3.45397 -1.0
-3.45373 -0.9
-3.45349 -0.9
-3.45324 -0.8
-3.453 -0.7
-3.45275 -0.6
-3.45251 -0.5
-3.45226 -0.4
-3.45202 -0.2
-3.45178 -0.1
-3.45153 0.0
-3.45129 0.0
-3.45104 0.2
-3.4508 0.3
-3.45056 0.4
-3.45031 0.5
-3.45007 0.6
-3.44982 0.7
-3.44958 0.8
-3.44934 0.9
-3.44909 1.0
-3.44885 1.1
-3.4486 1.2
-3.44836 1.2
-3.44811 1.3
-3.44787 1.4
-3.44763 1.5
-3.44738 1.6
-3.44714 1.7
-3.44689 1.8
-3.44665 1.8
-3.44641 1.9
-3.44616 2.0
-3.44592 2.0
-3.44567 2.1
-3.44543 2.2
-3.44518 2.2
-3.44494 2.3
-3.4447 2.3
-3.44445 2.4
-3.44421 2.4
-3.44396 2.5
-3.44372 2.5
-3.44348 2.5
-3.44323 2.6
-3.44299 2.6
-3.44274 2.6
-3.4425 2.6
-3.44226 2.6
-3.44201 2.6
-3.44177 2.6
-3.44152 2.6
-3.44128 2.6
-3.44103 2.6
-3.44079 2.6
-3.44055 2.6
-3.4403 2.6
-3.44006 2.6
-3.43981 2.5
-3.43957 2.5
-3.43933 2.5
-3.43908 2.4
-3.43884 2.4
-3.43859 2.3
-3.43835 2.3
-3.4381 2.2
-3.43786 2.2
-3.43762 2.1
-3.43737 2.1
-3.43713 2.0
-3.43688 1.9
-3.43664 1.9
-3.4364 1.8
-3.43615 1.7
-3.43591 1.6
-3.43566 1.5
-3.43542 1.4
-3.43517 1.4
-3.43493 1.3
-3.43469 1.2
-3.43444 1.1
-3.4342 1.0
-3.43395 0.9
-3.43371 0.8
-3.43347 0.7
-3.43322 0.6
-3.43298 0.5
-3.43273 0.4
-3.43249 0.3
-3.43225 0.2
-3.432 0.0
-3.43176 0.0
-3.43151 -0.1
-3.43127 -0.2
-3.43102 -0.3
-3.43078 -0.4
-3.43054 -0.5
-3.43029 -0.6
-3.43005 -0.7
-3.4298 -0.8
-3.42956 -0.9
-3.42932 -1.0
-3.42907 -1.1
-3.42883 -1.2
-3.42858 -1.3
-3.42834 -1.4
-3.42809 -1.5
-3.42785 -1.6
-3.42761 -1.6
-3.42736 -1.7
-3.42712 -1.8
-3.42687 -1.9
-3.42663 -1.9
-3.42639 -2.0
-3.42614 -2.1
-3.4259 -2.1
-3.42565 -2.2
-3.42541 -2.3
-3.42517 -2.3
-3.42492 -2.4
-3.42468 -2.4
-3.42443 -2.4
-3.42419 -2.5
-3.42394 -2.5
-3.4237 -2.5
-3.42346 -2.6
-3.42321 -2.6
-3.42297 -2.6
-3.42272 -2.6
-3.42248 -2.6
-3.42224 -2.6
-3.42199 -2.6
-3.42175 -2.6
-3.4215 -2.6
-3.42126 -2.6
-3.42101 -2.6
-3.42077 -2.6
-3.42053 -2.6
-3.42028 -2.5
-3.42004 -2.5
-3.41979 -2.5
-3.41955 -2.4
-3.41931 -2.4
-3.41906 -2.4
-3.41882 -2.3
-3.41857 -2.3
-3.41833 -2.2
-3.41809 -2.1
-3.41784 -2.1
-3.4176 -2.0
-3.41735 -1.9
-3.41711 -1.9
-3.41686 -1.8
-3.41662 -1.7
-3.41638 -1.6
-3.41613 -1.6
-3.41589 -1.5
-3.41564 -1.4
-3.4154 -1.3
-3.41516 -1.2
-3.41491 -1.1
-3.41467 -1.0
-3.41442 -0.9
-3.41418 -0.8
-3.41393 -0.7
-3.41369 -0.6
-3.41345 -0.5
-3.4132 -0.4
-3.41296 -0.3
-3.41271 -0.2
-3.41247 -0.1
-3.41223 0.0
-3.41198 0.0
-3.41174 0.2
-3.41149 0.3
-3.41125 0.4
-3.41101 0.5
-3.41076 0.6
-3.41052 0.7
-3.41027 0.8
-3.41003 0.9
-3.40978 1.0
-3.40954 1.1
-3.4093 1.2
-3.40905 1.3
-3.40881 1.4
-3.40856 1.5
-3.40832 1.5
-3.40808 1.6
-3.40783 1.7
-3.40759 1.8
-3.40734 1.9
-3.4071 1.9
-3.40685 2.0
-3.40661 2.1
-3.40637 2.1
-3.40612 2.2
-3.40588 2.3
-3.40563 2.3
-3.40539 2.4
-3.40515 2.4
-3.4049 2.4
-3.40466 2.5
-3.40441 2.5
-3.40417 2.5
-3.40392 2.6
-3.40368 2.6
-3.40344 2.6
-3.40319 2.6
-3.40295 2.6
-3.4027 2.6
-3.40246 2.7
-3.40222 2.6
-3.40197 2.6
-3.40173 2.6
-3.40148 2.6
-3.40124 2.6
-3.401 2.6
-3.40075 2.6
-3.40051 2.5
-3.40026 2.5
-3.40002 2.5
-3.39977 2.4
-3.39953 2.4
-3.39929 2.3
-3.39904 2.3
-3.3988 2.2
-3.39855 2.2
-3.39831 2.1
-3.39807 2.0
-3.39782 2.0
-3.39758 1.9
-3.39733 1.8
-3.39709 1.7
-3.39684 1.7
-3.3966 1.6
-3.39636 1.5
-3.39611 1.4
-3.39587 1.3
-3.39562 1.2
-3.39538 1.1
-3.39514 1.0
-3.39489 0.9
-3.39465 0.8
-3.3944 0.7
-3.39416 0.6
-3.39392 0.5
-3.39367 0.4
-3.39343 0.3
-3.39318 0.2
-3.39294 0.1
-3.39269 0.0
-3.39245 0.0
-3.39221 -0.2
-3.39196 -0.3
-3.39172 -0.4
-3.39147 -0.5
-3.39123 -0.6
-3.39099 -0.7
-3.39074 -0.8
-3.3905 -0.9
-3.39025 -1.0
-3.39001 -1.1
-3.38976 -1.2
-3.38952 -1.3
-3.38928 -1.4
-3.38903 -1.5
-3.38879 -1.5
-3.38854 -1.6
-3.3883 -1.7
-3.38806 -1.8
-3.38781 -1.9
-3.38757 -1.9
-3.38732 -2.0
-3.38708 -2.1
-3.38684 -2.1
-3.38659 -2.2
-3.38635 -2.3
-3.3861 -2.3
-3.38586 -2.4
-3.38561 -2.4
-3.38537 -2.4
-3.38513 -2.5
-3.38488 -2.5
-3.38464 -2.5
-3.38439 -2.6
-3.38415 -2.6
-3.38391 -2.6
-3.38366 -2.6
-3.38342 -2.6
-3.38317 -2.7
-3.38293 -2.7
-3.38268 -2.7
-3.38244 -2.6
-3.3822 -2.6
-3.38195 -2.6
-3.38171 -2.6
-3.38146 -2.6
-3.38122 -2.6
-3.38098 -2.5
-3.38073 -2.5
-3.38049 -2.5
-3.38024 -2.4
-3.38 -2.4
-3.37976 -2.3
-3.37951 -2.3
-3.37927 -2.2
-3.37902 -2.2
-3.37878 -2.1
-3.37853 -2.0
-3.37829 -2.0
-3.37805 -1.9
-3.3778 -1.8
-3.37756 -1.7
-3.37731 -1.7
-3.37707 -1.6
-3.37683 -1.5
-3.37658 -1.4
-3.37634 -1.3
-3.37609 -1.2
-3.37585 -1.1
-3.3756 -1.0
-3.37536 -0.9
-3.37512 -0.8
-3.37487 -0.7
-3.37463 -0.6
-3.37438 -0.5
-3.37414 -0.4
-3.3739 -0.3
-3.37365 -0.2
-3.37341 -0.1
-3.37316 0.0
-3.37292 0.0
-3.37267 0.2
-3.37243 0.3
-3.37219 0.4
-3.37194 0.5
-3.3717 0.6
-3.37145 0.7
-3.37121 0.8
-3.37097 0.9
-3.37072 1.0
-3.37048 1.1
-3.37023 1.2
-3.36999 1.3
-3.36975 1.4
-3.3695 1.5
-3.36926 1.6
-3.36901 1.6
-3.36877 1.7
-3.36852 1.8
-3.36828 1.9
-3.36804 1.9
-3.36779 2.0
-3.36755 2.1
-3.3673 2.1
-3.36706 2.2
-3.36682 2.3
-3.36657 2.3
-3.36633 2.4
-3.36608 2.4
-3.36584 2.5
-3.36559 2.5
-3.36535 2.5
-3.36511 2.6
-3.36486 2.6
-3.36462 2.6
-3.36437 2.6
-3.36413 2.6
-3.36389 2.6
-3.36364 2.7
-3.3634 2.7
-3.36315 2.7
-3.36291 2.6
-3.36267 2.6
-3.36242 2.6
-3.36218 2.6
-3.36193 2.6
-3.36169 2.6
-3.36144 2.5
-3.3612 2.5
-3.36096 2.5
-3.36071 2.4
-3.36047 2.4
-3.36022 2.3
-3.35998 2.3
-3.35974 2.2
-3.35949 2.1
-3.35925 2.1
-3.359 2.0
-3.35876 1.9
-3.35851 1.9
-3.35827 1.8
-3.35803 1.7
-3.35778 1.6
-3.35754 1.6
-3.35729 1.5
-3.35705 1.4
-3.35681 1.3
-3.35656 1.2
-3.35632 1.1
-3.35607 1.0
-3.35583 0.9
-3.35559 0.8
-3.35534 0.7
-3.3551 0.6
-3.35485 0.5
-3.35461 0.4
-3.35436 0.3
-3.35412 0.2
-3.35388 0.0
-3.35363 0.0
-3.35339 -0.1
-3.35314 -0.2
-3.3529 -0.3
-3.35266 -0.4
-3.35241 -0.5
-3.35217 -0.6
-3.35192 -0.7
-3.35168 -0.8
-3.35143 -0.9
-3.35119 -1.0
-3.35095 -1.1
-3.3507 -1.2
-3.35046 -1.3
-3.35021 -1.4
-3.34997 -1.5
-3.34973 -1.6
-3.34948 -1.7
-3.34924 -1.7
-3.34899 -1.8
-3.34875 -1.9
-3.34851 -2.0
-3.34826 -2.0
-3.34802 -2.1
-3.34777 -2.2
-3.34753 -2.2
-3.34728 -2.3
-3.34704 -2.3
-3.3468 -2.4
-3.34655 -2.4
-3.34631 -2.5
-3.34606 -2.5
-3.34582 -2.5
-3.34558 -2.6
-3.34533 -2.6
-3.34509 -2.6
-3.34484 -2.6
-3.3446 -2.6
-3.34435 -2.7
-3.34411 -2.7
-3.34387 -2.7
-3.34362 -2.7
-3.34338 -2.7
-3.34313 -2.6
-3.34289 -2.6
-3.34265 -2.6
-3.3424 -2.6
-3.34216 -2.6
-3.34191 -2.5
-3.34167 -2.5
-3.34142 -2.4
-3.34118 -2.4
-3.34094 -2.4
-3.34069 -2.3
-3.34045 -2.2
-3.3402 -2.2
-3.33996 -2.1
-3.33972 -2.1
-3.33947 -2.0
-3.33923 -1.9
-3.33898 -1.8
-3.33874 -1.8
-3.3385 -1.7
-3.33825 -1.6
-3.33801 -1.5
-3.33776 -1.4
-3.33752 -1.3
-3.33727 -1.3
-3.33703 -1.2
-3.33679 -1.1
-3.33654 -1.0
-3.3363 -0.9
-3.33605 -0.8
-3.33581 -0.7
-3.33557 -0.6
-3.33532 -0.5
-3.33508 -0.4
-3.33483 -0.3
-3.33459 -0.1
-3.33434 0.0
-3.3341 0.0
-3.33386 0.2
-3.33361 0.3
-3.33337 0.4
-3.33312 0.5
-3.33288 0.6
-3.33264 0.7
-3.33239 0.8
-3.33215 0.9
-3.3319 1.0
-3.33166 1.1
-3.33142 1.2
-3.33117 1.3
-3.33093 1.4
-3.33068 1.5
-3.33044 1.5
-3.33019 1.6
-3.32995 1.7
-3.32971 1.8
-3.32946 1.9
-3.32922 1.9
-3.32897 2.0
-3.32873 2.1
-3.32849 2.1
-3.32824 2.2
-3.328 2.3
-3.32775 2.3
-3.32751 2.4
-3.32726 2.4
-3.32702 2.5
-3.32678 2.5
-3.32653 2.5
-3.32629 2.6
-3.32604 2.6
-3.3258 2.6
-3.32556 2.6
-3.32531 2.6
-3.32507 2.7
-3.32482 2.7
-3.32458 2.7
-3.32434 2.7
-3.32409 2.7
-3.32385 2.6
-3.3236 2.6
-3.32336 2.6
-3.32311 2.6
-3.32287 2.6
-3.32263 2.5
-3.32238 2.5
-3.32214 2.5
-3.32189 2.4
-3.32165 2.4
-3.32141 2.3
-3.32116 2.3
-3.32092 2.2
-3.32067 2.2
-3.32043 2.1
-3.32018 2.0
-3.31994 2.0
-3.3197 1.9
-3.31945 1.8
-3.31921 1.7
-3.31896 1.6
-3.31872 1.6
-3.31848 1.5
-3.31823 1.4
-3.31799 1.3
-3.31774 1.2
-3.3175 1.1
-3.31726 1.0
-3.31701 0.9
-3.31677 0.8
-3.31652 0.7
-3.31628 0.6
-3.31603 0.5
-3.31579 0.4
-3.31555 0.3
-3.3153 0.2
-3.31506 0.0
-3.31481 0.0
-3.31457 -0.1
-3.31433 -0.2
-3.31408 -0.3
-3.31384 -0.4
-3.31359 -0.5
-3.31335 -0.6
-3.3131 -0.7
-3.31286 -0.8
-3.31262 -0.9
-3.31237 -1.0
-3.31213 -1.1
-3.31188 -1.2
-3.31164 -1.3
-3.3114 -1.4
-3.31115 -1.5
-3.31091 -1.6
-3.31066 -1.7
-3.31042 -1.8
-3.31017 -1.8
-3.30993 -1.9
-3.30969 -2.0
-3.30944 -2.1
-3.3092 -2.1
-3.30895 -2.2
-3.30871 -2.2
-3.30847 -2.3
-3.30822 -2.3
-3.30798 -2.4
-3.30773 -2.4
-3.30749 -2.5
-3.30725 -2.5
-3.307 -2.6
-3.30676 -2.6
-3.30651 -2.6
-3.30627 -2.6
-3.30602 -2.6
-3.30578 -2.7
-3.30554 -2.7
-3.30529 -2.7
-3.30505 -2.7
-3.3048 -2.7
-3.30456 -2.7
-3.30432 -2.6
-3.30407 -2.6
-3.30383 -2.6
-3.30358 -2.6
-3.30334 -2.6
-3.30309 -2.5
-3.30285 -2.5
-3.30261 -2.4
-3.30236 -2.4
-3.30212 -2.3
-3.30187 -2.3
-3.30163 -2.2
-3.30139 -2.2
-3.30114 -2.1
-3.3009 -2.0
-3.30065 -2.0
-3.30041 -1.9
-3.30017 -1.8
-3.29992 -1.8
-3.29968 -1.7
-3.29943 -1.6
-3.29919 -1.5
-3.29894 -1.4
-3.2987 -1.3
-3.29846 -1.2
-3.29821 -1.1
-3.29797 -1.0
-3.29772 -0.9
-3.29748 -0.8
-3.29724 -0.7
-3.29699 -0.6
-3.29675 -0.5
-3.2965 -0.4
-3.29626 -0.3
-3.29601 -0.2
-3.29577 -0.1
-3.29553 0.0
-3.29528 0.0
-3.29504 0.2
-3.29479 0.3
-3.29455 0.4
-3.29431 0.5
-3.29406 0.6
-3.29382 0.7
-3.29357 0.8
-3.29333 0.9
-3.29309 1.0
-3.29284 1.1
-3.2926 1.2
-3.29235 1.3
-3.29211 1.4
-3.29186 1.5
-3.29162 1.6
-3.29138 1.7
-3.29113 1.7
-3.29089 1.8
-3.29064 1.9
-3.2904 2.0
-3.29016 2.0
-3.28991 2.1
-3.28967 2.2
-3.28942 2.2
-3.28918 2.3
-3.28893 2.3
-3.28869 2.4
-3.28845 2.4
-3.2882 2.5
-3.28796 2.5
-3.28771 2.6
-3.28747 2.6
-3.28723 2.6
-3.28698 2.6
-3.28674 2.6
-3.28649 2.7
-3.28625 2.7
-3.28601 2.7
-3.28576 2.7
-3.28552 2.7
-3.28527 2.7
-3.28503 2.6
-3.28478 2.6
-3.28454 2.6
-3.2843 2.6
-3.28405 2.6
-3.28381 2.5
-3.28356 2.5
-3.28332 2.4
-3.28308 2.4
-3.28283 2.4
-3.28259 2.3
-3.28234 2.2
-3.2821 2.2
-3.28185 2.1
-3.28161 2.1
-3.28137 2.0
-3.28112 1.9
-3.28088 1.8
-3.28063 1.8
-3.28039 1.7
-3.28015 1.6
-3.2799 1.5
-3.27966 1.4
-3.27941 1.3
-3.27917 1.2
-3.27892 1.1
-3.27868 1.0
-3.27844 1.0
-3.27819 0.9
-3.27795 0.7
-3.2777 0.6
-3.27746 0.5
-3.27722 0.4
-3.27697 0.3
-3.27673 0.2
-3.27648 0.1
-3.27624 0.0
-3.276 0.0
-3.27575 -0.2
-3.27551 -0.3
-3.27526 -0.4
-3.27502 -0.5
-3.27477 -0.6
-3.27453 -0.7
-3.27429 -0.8
-3.27404 -0.9
-3.2738 -1.0
-3.27355 -1.1
-3.27331 -1.2
-3.27307 -1.3
-3.27282 -1.4
-3.27258 -1.5
-3.27233 -1.6
-3.27209 -1.7
-3.27184 -1.7
-3.2716 -1.8
-3.27136 -1.9
-3.27111 -2.0
-3.27087 -2.0
-3.27062 -2.1
-3.27038 -2.2
-3.27014 -2.2
-3.26989 -2.3
-3.26965 -2.3
-3.2694 -2.4
-3.26916 -2.4
-3.26892 -2.5
-3.26867 -2.5
-3.26843 -2.6
-3.26818 -2.6
-3.26794 -2.6
-3.26769 -2.6
-3.26745 -2.6
-3.26721 -2.7
-3.26696 -2.7
-3.26672 -2.7
-3.26647 -2.7
-3.26623 -2.7
-3.26599 -2.7
-3.26574 -2.7
-3.2655 -2.6
-3.26525 -2.6
-3.26501 -2.6
-3.26476 -2.6
-3.26452 -2.5
-3.26428 -2.5
-3.26403 -2.5
-3.26379 -2.4
-3.26354 -2.4
-3.2633 -2.3
-3.26306 -2.2
-3.26281 -2.2
-3.26257 -2.1
-3.26232 -2.1
-3.26208 -2.0
-3.26184 -1.9
-3.26159 -1.8
-3.26135 -1.8
-3.2611 -1.7
-3.26086 -1.6
-3.26061 -1.5
-3.26037 -1.4
-3.26013 -1.3
-3.25988 -1.2
-3.25964 -1.1
-3.25939 -1.0
-3.25915 -0.9
-3.25891 -0.8
-3.25866 -0.7
-3.25842 -0.6
-3.25817 -0.5
-3.25793 -0.4
-3.25768 -0.3
-3.25744 -0.2
-3.2572 -0.1
-3.25695 0.0
-3.25671 0.1
-3.25646 0.2
-3.25622 0.3
-3.25598 0.4
-3.25573 0.5
-3.25549 0.6
-3.25524 0.7
-3.255 0.8
-3.25476 0.9
-3.25451 1.0
-3.25427 1.1
-3.25402 1.2
-3.25378 1.3
-3.25353 1.4
-3.25329 1.5
-3.25305 1.6
-3.2528 1.7
-3.25256 1.8
-3.25231 1.8
-3.25207 1.9
-3.25183 2.0
-3.25158 2.1
-3.25134 2.1
-3.25109 2.2
-3.25085 2.2
-3.2506 2.3
-3.25036 2.4
-3.25012 2.4
-3.24987 2.5
-3.24963 2.5
-3.24938 2.5
-3.24914 2.6
-3.2489 2.6
-3.24865 2.6
-3.24841 2.6
-3.24816 2.7
-3.24792 2.7
-3.24767 2.7
-3.24743 2.7
-3.24719 2.7
-3.24694 2.7
-3.2467 2.7
-3.24645 2.7
-3.24621 2.6
-3.24597 2.6
-3.24572 2.6
-3.24548 2.6
-3.24523 2.5
-3.24499 2.5
-3.24475 2.4
-3.2445 2.4
-3.24426 2.3
-3.24401 2.3
-3.24377 2.2
-3.24352 2.2
-3.24328 2.1
-3.24304 2.0
-3.24279 2.0
-3.24255 1.9
-3.2423 1.8
-3.24206 1.7
-3.24182 1.7
-3.24157 1.6
-3.24133 1.5
-3.24108 1.4
-3.24084 1.3
-3.24059 1.2
-3.24035 1.1
-3.24011 1.0
-3.23986 0.9
-3.23962 0.8
-3.23937 0.7
-3.23913 0.6
-3.23889 0.5
-3.23864 0.4
-3.2384 0.3
-3.23815 0.2
-3.23791 0.0
-3.23767 0.0
-3.23742 -0.1
-3.23718 -0.2
-3.23693 -0.3
-3.23669 -0.5
-3.23644 -0.6
-3.2362 -0.7
-3.23596 -0.8
-3.23571 -0.9
-3.23547 -1.0
-3.23522 -1.1
-3.23498 -1.2
-3.23474 -1.3
-3.23449 -1.4
-3.23425 -1.4
-3.234 -1.5
-3.23376 -1.6
-3.23351 -1.7
-3.23327 -1.8
-3.23303 -1.9
-3.23278 -1.9
-3.23254 -2.0
-3.23229 -2.1
-3.23205 -2.1
-3.23181 -2.2
-3.23156 -2.3
-3.23132 -2.3
-3.23107 -2.4
-3.23083 -2.4
-3.23059 -2.5
-3.23034 -2.5
-3.2301 -2.5
-3.22985 -2.6
-3.22961 -2.6
-3.22936 -2.6
-3.22912 -2.6
-3.22888 -2.7
-3.22863 -2.7
-3.22839 -2.7
-3.22814 -2.7
-3.2279 -2.7
-3.22766 -2.7
-3.22741 -2.7
-3.22717 -2.7
-3.22692 -2.6
-3.22668 -2.6
-3.22643 -2.6
-3.22619 -2.6
-3.22595 -2.5
-3.2257 -2.5
-3.22546 -2.4
-3.22521 -2.4
-3.22497 -2.3
-3.22473 -2.3
-3.22448 -2.2
-3.22424 -2.2
-3.22399 -2.1
-3.22375 -2.0
-3.22351 -2.0
-3.22326 -1.9
-3.22302 -1.8
-3.22277 -1.7
-3.22253 -1.6
-3.22228 -1.5
-3.22204 -1.5
-3.2218 -1.4
-3.22155 -1.3
-3.22131 -1.2
-3.22106 -1.1
-3.22082 -1.0
-3.22058 -0.9
-3.22033 -0.8
-3.22009 -0.7
-3.21984 -0.6
-3.2196 -0.5
-3.21935 -0.4
-3.21911 -0.2
-3.21887 -0.1
-3.21862 0.0
-3.21838 0.0
-3.21813 0.2
-3.21789 0.3
-3.21765 0.4
-3.2174 0.5
-3.21716 0.6
-3.21691 0.7
-3.21667 0.8
-3.21642 0.9
-3.21618 1.0
-3.21594 1.1
-3.21569 1.2
-3.21545 1.3
-3.2152 1.4
-3.21496 1.5
-3.21472 1.6
-3.21447 1.7
-3.21423 1.7
-3.21398 1.8
-3.21374 1.9
-3.2135 2.0
-3.21325 2.1
-3.21301 2.1
-3.21276 2.2
-3.21252 2.2
-3.21227 2.3
-3.21203 2.4
-3.21179 2.4
-3.21154 2.5
-3.2113 2.5
-3.21105 2.5
-3.21081 2.6
-3.21057 2.6
-3.21032 2.6
-3.21008 2.6
-3.20983 2.7
-3.20959 2.7
-3.20934 2.7
-3.2091 2.7
-3.20886 2.7
-3.20861 2.7
-3.20837 2.7
-3.20812 2.7
-3.20788 2.6
-3.20764 2.6
-3.20739 2.6
-3.20715 2.6
-3.2069 2.5
-3.20666 2.5
-3.20642 2.5
-3.20617 2.4
-3.20593 2.4
-3.20568 2.3
-3.20544 2.2
-3.20519 2.2
-3.20495 2.1
-3.20471 2.1
-3.20446 2.0
-3.20422 1.9
-3.20397 1.8
-3.20373 1.8
-3.20349 1.7
-3.20324 1.6
-3.203 1.5
-3.20275 1.4
-3.20251 1.3
-3.20226 1.2
-3.20202 1.1
-3.20178 1.0
-3.20153 0.9
-3.20129 0.8
-3.20104 0.7
-3.2008 0.6
-3.20056 0.5
-3.20031 0.4
-3.20007 0.3
-3.19982 0.2
-3.19958 0.0
-3.19934 0.0
-3.19909 -0.1
-3.19885 -0.2
-3.1986 -0.4
-3.19836 -0.5
-3.19811 -0.6
-3.19787 -0.7
-3.19763 -0.8
-3.19738 -0.9
-3.19714 -1.0
-3.19689 -1.1
-3.19665 -1.2
-3.19641 -1.3
-3.19616 -1.4
-3.19592 -1.5
-3.19567 -1.5
-3.19543 -1.6
-3.19518 -1.7
-3.19494 -1.8
-3.1947 -1.9
-3.19445 -2.0
-3.19421 -2.0
-3.19396 -2.1
-3.19372 -2.2
-3.19348 -2.2
-3.19323 -2.3
-3.19299 -2.3
-3.19274 -2.4
-3.1925 -2.4
-3.19226 -2.5
-3.19201 -2.5
-3.19177 -2.6
-3.19152 -2.6
-3.19128 -2.6
-3.19103 -2.6
-3.19079 -2.7
-3.19055 -2.7
-3.1903 -2.7
-3.19006 -2.7
-3.18981 -2.7
-3.18957 -2.7
-3.18933 -2.7
-3.18908 -2.7
-3.18884 -2.7
-3.18859 -2.6
-3.18835 -2.6
-3.1881 -2.6
-3.18786 -2.5
-3.18762 -2.5
-3.18737 -2.5
-3.18713 -2.4
-3.18688 -2.4
-3.18664 -2.3
-3.1864 -2.3
-3.18615 -2.2
-3.18591 -2.1
-3.18566 -2.1
-3.18542 -2.0
-3.18517 -1.9
-3.18493 -1.9
-3.18469 -1.8
-3.18444 -1.7
-3.1842 -1.6
-3.18395 -1.5
-3.18371 -1.4
-3.18347 -1.3
-3.18322 -1.2
-3.18298 -1.1
-3.18273 -1.0
-3.18249 -0.9
-3.18225 -0.8
-3.182 -0.7
-3.18176 -0.6
-3.18151 -0.5
-3.18127 -0.4
-3.18102 -0.3
-3.18078 -0.2
-3.18054 -0.1
-3.18029 0.0
-3.18005 0.1
-3.1798 0.2
-3.17956 0.3
-3.17932 0.4
-3.17907 0.5
-3.17883 0.7
-3.17858 0.8
-3.17834 0.9
-3.17809 1.0
-3.17785 1.1
-3.17761 1.2
-3.17736 1.3
-3.17712 1.4
-3.17687 1.4
-3.17663 1.5
-3.17639 1.6
-3.17614 1.7
-3.1759 1.8
-3.17565 1.9
-3.17541 1.9
-3.17517 2.0
-3.17492 2.1
-3.17468 2.2
-3.17443 2.2
-3.17419 2.3
-3.17394 2.3
-3.1737 2.4
-3.17346 2.4
-3.17321 2.5
-3.17297 2.5
-3.17272 2.6
-3.17248 2.6
-3.17224 2.6
-3.17199 2.6
-3.17175 2.7
-3.1715 2.7
-3.17126 2.7
-3.17101 2.7
-3.17077 2.7
-3.17053 2.7
-3.17028 2.7
-3.17004 2.7
-3.16979 2.7
-3.16955 2.6
-3.16931 2.6
-3.16906 2.6
-3.16882 2.6
-3.16857 2.5
-3.16833 2.5
-3.16809 2.4
-3.16784 2.4
-3.1676 2.3
-3.16735 2.3
-3.16711 2.2
-3.16686 2.2
-3.16662 2.1
-3.16638 2.0
-3.16613 1.9
-3.16589 1.9
-3.16564 1.8
-3.1654 1.7
-3.16516 1.6
-3.16491 1.5
-3.16467 1.4
-3.16442 1.3
-3.16418 1.3
-3.16393 1.2
-3.16369 1.1
-3.16345 1.0
-3.1632 0.9
-3.16296 0.7
-3.16271 0.6
-3.16247 0.5
-3.16223 0.4
-3.16198 0.3
-3.16174 0.2
-3.16149 0.1
-3.16125 0.0
-3.16101 -0.1
-3.16076 -0.2
-3.16052 -0.3
-3.16027 -0.4
-3.16003 -0.5
-3.15978 -0.6
-3.15954 -0.8
-3.1593 -0.9
-3.15905 -1.0
-3.15881 -1.1
-3.15856 -1.2
-3.15832 -1.3
-3.15808 -1.4
-3.15783 -1.4
-3.15759 -1.5
-3.15734 -1.6
-3.1571 -1.7
-3.15685 -1.8
-3.15661 -1.9
-3.15637 -1.9
-3.15612 -2.0
-3.15588 -2.1
-3.15563 -2.2
-3.15539 -2.2
-3.15515 -2.3
-3.1549 -2.3
-3.15466 -2.4
-3.15441 -2.4
-3.15417 -2.5
-3.15392 -2.5
-3.15368 -2.6
-3.15344 -2.6
-3.15319 -2.6
-3.15295 -2.6
-3.1527 -2.7
-3.15246 -2.7
-3.15222 -2.7
-3.15197 -2.7
-3.15173 -2.7
-3.15148 -2.7
-3.15124 -2.7
-3.151 -2.7
-3.15075 -2.7
-3.15051 -2.6
-3.15026 -2.6
-3.15002 -2.6
-3.14977 -2.6
-3.14953 -2.5
-3.14929 -2.5
-3.14904 -2.4
-3.1488 -2.4
-3.14855 -2.3
-3.14831 -2.3
-3.14807 -2.2
-3.14782 -2.2
-3.14758 -2.1
-3.14733 -2.0
-3.14709 -1.9
-3.14684 -1.9
-3.1466 -1.8
-3.14636 -1.7
-3.14611 -1.6
-3.14587 -1.5
-3.14562 -1.4
-3.14538 -1.3
-3.14514 -1.2
-3.14489 -1.1
-3.14465 -1.0
-3.1444 -0.9
-3.14416 -0.8
-3.14392 -0.7
-3.14367 -0.6
-3.14343 -0.5
-3.14318 -0.4
-3.14294 -0.3
-3.14269 -0.2
-3.14245 0.0
-3.14221 0.0
-3.14196 0.1
-3.14172 0.2
-3.14147 0.3
-3.14123 0.5
-3.14099 0.6
-3.14074 0.7
-3.1405 0.8
-3.14025 0.9
-3.14001 1.0
-3.13976 1.1
-3.13952 1.2
-3.13928 1.3
-3.13903 1.4
-3.13879 1.5
-3.13854 1.6
-3.1383 1.6
-3.13806 1.7
-3.13781 1.8
-3.13757 1.9
-3.13732 2.0
-3.13708 2.0
-3.13684 2.1
-3.13659 2.2
-3.13635 2.2
-3.1361 2.3
-3.13586 2.4
-3.13561 2.4
-3.13537 2.5
-3.13513 2.5
-3.13488 2.5
-3.13464 2.6
-3.13439 2.6
-3.13415 2.6
-3.13391 2.7
-3.13366 2.7
-3.13342 2.7
-3.13317 2.7
-3.13293 2.7
-3.13268 2.7
-3.13244 2.7
-3.1322 2.7
-3.13195 2.7
-3.13171 2.7
-3.13146 2.6
-3.13122 2.6
-3.13098 2.6
-3.13073 2.6
-3.13049 2.5
-3.13024 2.5
-3.13 2.4
-3.12976 2.4
-3.12951 2.3
-3.12927 2.3
-3.12902 2.2
-3.12878 2.1
-3.12853 2.1
-3.12829 2.0
-3.12805 1.9
-3.1278 1.8
-3.12756 1.8
-3.12731 1.7
-3.12707 1.6
-3.12683 1.5
-3.12658 1.4
-3.12634 1.3
-3.12609 1.2
-3.12585 1.1
-3.1256 1.0
-3.12536 0.9
-3.12512 0.8
-3.12487 0.7
-3.12463 0.6
-3.12438 0.5
-3.12414 0.4
-3.1239 0.3
-3.12365 0.2
-3.12341 0.0
-3.12316 0.0
-3.12292 -0.2
-3.12267 -0.3
-3.12243 -0.4
-3.12219 -0.5
-3.12194 -0.6
-3.1217 -0.7
-3.12145 -0.8
-3.12121 -0.9
-3.12097 -1.0
-3.12072 -1.1
-3.12048 -1.2
-3.12023 -1.3
-3.11999 -1.4
-3.11975 -1.5
-3.1195 -1.6
-3.11926 -1.7
-3.11901 -1.8
-3.11877 -1.8
-3.11852 -1.9
-3.11828 -2.0
-3.11804 -2.1
-3.11779 -2.1
-3.11755 -2.2
-3.1173 -2.3
-3.11706 -2.3
-3.11682 -2.4
-3.11657 -2.4
-3.11633 -2.5
-3.11608 -2.5
-3.11584 -2.6
-3.11559 -2.6
-3.11535 -2.6
-3.11511 -2.6
-3.11486 -2.7
-3.11462 -2.7
-3.11437 -2.7
-3.11413 -2.7
-3.11389 -2.7
-3.11364 -2.7
-3.1134 -2.7
-3.11315 -2.7
-3.11291 -2.7
-3.11267 -2.7
-3.11242 -2.6
-3.11218 -2.6
-3.11193 -2.6
-3.11169 -2.5
-3.11144 -2.5
-3.1112 -2.5
-3.11096 -2.4
-3.11071 -2.4
-3.11047 -2.3
-3.11022 -2.2
-3.10998 -2.2
-3.10974 -2.1
-3.10949 -2.0
-3.10925 -2.0
-3.109 -1.9
-3.10876 -1.8
-3.10851 -1.7
-3.10827 -1.6
-3.10803 -1.6
-3.10778 -1.5
-3.10754 -1.4
-3.10729 -1.3
-3.10705 -1.2
-3.10681 -1.1
-3.10656 -1.0
-3.10632 -0.9
-3.10607 -0.8
-3.10583 -0.7
-3.10559 -0.6
-3.10534 -0.4
-3.1051 -0.3
-3.10485 -0.2
-3.10461 -0.1
-3.10436 0.0
-3.10412 0.1
-3.10388 0.2
-3.10363 0.3
-3.10339 0.4
-3.10314 0.5
-3.1029 0.6
-3.10266 0.8
-3.10241 0.9
-3.10217 1.0
-3.10192 1.1
-3.10168 1.2
-3.10143 1.3
-3.10119 1.4
-3.10095 1.5
-3.1007 1.5
-3.10046 1.6
-3.10021 1.7
-3.09997 1.8
-3.09973 1.9
-3.09948 2.0
-3.09924 2.0
-3.09899 2.1
-3.09875 2.2
-3.09851 2.2
-3.09826 2.3
-3.09802 2.4
-3.09777 2.4
-3.09753 2.5
-3.09728 2.5
-3.09704 2.5
-3.0968 2.6
-3.09655 2.6
-3.09631 2.6
-3.09606 2.7
-3.09582 2.7
-3.09558 2.7
-3.09533 2.7
-3.09509 2.7
-3.09484 2.7
-3.0946 2.7
-3.09435 2.7
-3.09411 2.7
-3.09387 2.7
-3.09362 2.7
-3.09338 2.6
-3.09313 2.6
-3.09289 2.6
-3.09265 2.5
-3.0924 2.5
-3.09216 2.4
-3.09191 2.4
-3.09167 2.3
-3.09142 2.3
-3.09118 2.2
-3.09094 2.1
-3.09069 2.1
-3.09045 2.0
-3.0902 1.9
-3.08996 1.8
-3.08972 1.8
-3.08947 1.7
-3.08923 1.6
-3.08898 1.5
-3.08874 1.4
-3.0885 1.3
-3.08825 1.2
-3.08801 1.1
-3.08776 1.0
-3.08752 0.9
-3.08727 0.8
-3.08703 0.7
-3.08679 0.6
-3.08654 0.5
-3.0863 0.4
-3.08605 0.3
-3.08581 0.2
-3.08557 0.0
-3.08532 0.0
-3.08508 -0.2
-3.08483 -0.3
-3.08459 -0.4
-3.08434 -0.5
-3.0841 -0.6
-3.08386 -0.7
-3.08361 -0.8
-3.08337 -0.9
-3.08312 -1.0
-3.08288 -1.1
-3.08264 -1.2
-3.08239 -1.3
-3.08215 -1.4
-3.0819 -1.5
-3.08166 -1.6
-3.08142 -1.7
-3.08117 -1.8
-3.08093 -1.9
-3.08068 -1.9
-3.08044 -2.0
-3.08019 -2.1
-3.07995 -2.2
-3.07971 -2.2
-3.07946 -2.3
-3.07922 -2.3
-3.07897 -2.4
-3.07873 -2.4
-3.07849 -2.5
-3.07824 -2.5
-3.078 -2.6
-3.07775 -2.6
-3.07751 -2.6
-3.07726 -2.7
-3.07702 -2.7
-3.07678 -2.7
-3.07653 -2.7
-3.07629 -2.7
-3.07604 -2.7
-3.0758 -2.7
-3.07556 -2.7
-3.07531 -2.7
-3.07507 -2.7
-3.07482 -2.7
-3.07458 -2.6
-3.07434 -2.6
-3.07409 -2.6
-3.07385 -2.5
-3.0736 -2.5
-3.07336 -2.4
-3.07311 -2.4
-3.07287 -2.3
-3.07263 -2.3
-3.07238 -2.2
-3.07214 -2.2
-3.07189 -2.1
-3.07165 -2.0
-3.07141 -1.9
-3.07116 -1.9
-3.07092 -1.8
-3.07067 -1.7
-3.07043 -1.6
-3.07018 -1.5
-3.06994 -1.4
-3.0697 -1.3
-3.06945 -1.2
-3.06921 -1.1
-3.06896 -1.0
-3.06872 -0.9
-3.06848 -0.8
-3.06823 -0.7
-3.06799 -0.6
-3.06774 -0.5
-3.0675 -0.4
-3.06726 -0.3
-3.06701 -0.2
-3.06677 0.0
-3.06652 0.0
-3.06628 0.2
-3.06603 0.3
-3.06579 0.4
-3.06555 0.5
-3.0653 0.6
-3.06506 0.7
-3.06481 0.8
-3.06457 0.9
-3.06433 1.0
-3.06408 1.1
-3.06384 1.2
-3.06359 1.3
-3.06335 1.4
-3.0631 1.5
-3.06286 1.6
-3.06262 1.7
-3.06237 1.8
-3.06213 1.9
-3.06188 1.9
-3.06164 2.0
-3.0614 2.1
-3.06115 2.1
-3.06091 2.2
-3.06066 2.3
-3.06042 2.3
-3.06017 2.4
-3.05993 2.4
-3.05969 2.5
-3.05944 2.5
-3.0592 2.6
-3.05895 2.6
-3.05871 2.6
-3.05847 2.7
-3.05822 2.7
-3.05798 2.7
-3.05773 2.7
-3.05749 2.7
-3.05725 2.7
-3.057 2.7
-3.05676 2.7
-3.05651 2.7
-3.05627 2.7
-3.05602 2.7
-3.05578 2.6
-3.05554 2.6
-3.05529 2.6
-3.05505 2.5
-3.0548 2.5
-3.05456 2.5
-3.05432 2.4
-3.05407 2.4
-3.05383 2.3
-3.05358 2.2
-3.05334 2.2
-3.05309 2.1
-3.05285 2.0
-3.05261 2.0
-3.05236 1.9
-3.05212 1.8
-3.05187 1.7
-3.05163 1.6
-3.05139 1.5
-3.05114 1.4
-3.0509 1.3
-3.05065 1.2
-3.05041 1.1
-3.05017 1.0
-3.04992 0.9
-3.04968 0.8
-3.04943 0.7
-3.04919 0.6
-3.04894 0.5
-3.0487 0.4
-3.04846 0.3
-3.04821 0.2
-3.04797 0.0
-3.04772 0.0
-3.04748 -0.2
-3.04724 -0.3
-3.04699 -0.4
-3.04675 -0.5
-3.0465 -0.6
-3.04626 -0.7
-3.04601 -0.8
-3.04577 -0.9
-3.04553 -1.0
-3.04528 -1.1
-3.04504 -1.2
-3.04479 -1.3
-3.04455 -1.4
-3.04431 -1.5
-3.04406 -1.6
-3.04382 -1.7
-3.04357 -1.8
-3.04333 -1.9
-3.04309 -1.9
-3.04284 -2.0
-3.0426 -2.1
-3.04235 -2.2
-3.04211 -2.2
-3.04186 -2.3
-3.04162 -2.3
-3.04138 -2.4
-3.04113 -2.4
-3.04089 -2.5
-3.04064 -2.5
-3.0404 -2.6
-3.04016 -2.6
-3.03991 -2.6
-3.03967 -2.7
-3.03942 -2.7
-3.03918 -2.7
-3.03893 -2.7
-3.03869 -2.7
-3.03845 -2.7
-3.0382 -2.7
-3.03796 -2.7
-3.03771 -2.7
-3.03747 -2.7
-3.03723 -2.7
-3.03698 -2.6
-3.03674 -2.6
-3.03649 -2.6
-3.03625 -2.5
-3.03601 -2.5
-3.03576 -2.5
-3.03552 -2.4
-3.03527 -2.4
-3.03503 -2.3
-3.03478 -2.2
-3.03454 -2.2
-3.0343 -2.1
-3.03405 -2.0
-3.03381 -1.9
-3.03356 -1.9
-3.03332 -1.8
-3.03308 -1.7
-3.03283 -1.6
-3.03259 -1.5
-3.03234 -1.4
-3.0321 -1.3
-3.03185 -1.2
-3.03161 -1.1
-3.03137 -1.0
-3.03112 -0.9
-3.03088 -0.8
-3.03063 -0.7
-3.03039 -0.6
-3.03015 -0.5
-3.0299 -0.4
-3.02966 -0.3
-3.02941 -0.2
-3.02917 0.0
-3.02892 0.0
-3.02868 0.2
-3.02844 0.3
-3.02819 0.4
-3.02795 0.5
-3.0277 0.6
-3.02746 0.7
-3.02722 0.8
-3.02697 0.9
-3.02673 1.0
-3.02648 1.1
-3.02624 1.2
-3.026 1.3
-3.02575 1.4
-3.02551 1.5
-3.02526 1.6
-3.02502 1.7
-3.02477 1.8
-3.02453 1.9
-3.02429 2.0
-3.02404 2.0
-3.0238 2.1
-3.02355 2.2
-3.02331 2.2
-3.02307 2.3
-3.02282 2.4
-3.02258 2.4
-3.02233 2.5
-3.02209 2.5
-3.02184 2.5
-3.0216 2.6
-3.02136 2.6
-3.02111 2.6
-3.02087 2.7
-3.02062 2.7
-3.02038 2.7
-3.02014 2.7
-3.01989 2.7
-3.01965 2.7
-3.0194 2.7
-3.01916 2.7
-3.01892 2.7
-3.01867 2.7
-3.01843 2.7
-3.01818 2.6
-3.01794 2.6
-3.01769 2.6
-3.01745 2.5
-3.01721 2.5
-3.01696 2.4
-3.01672 2.4
-3.01647 2.3
-3.01623 2.3
-3.01599 2.2
-3.01574 2.1
-3.0155 2.1
-3.01525 2.0
-3.01501 1.9
-3.01476 1.8
-3.01452 1.8
-3.01428 1.7
-3.01403 1.6
-3.01379 1.5
-3.01354 1.4
-3.0133 1.3
-3.01306 1.2
-3.01281 1.1
-3.01257 1.0
-3.01232 0.9
-3.01208 0.8
-3.01184 0.7
-3.01159 0.6
-3.01135 0.5
-3.0111 0.3
-3.01086 0.2
-3.01061 0.1
-3.01037 0.0
-3.01013 0.0
-3.00988 -0.2
-3.00964 -0.3
-3.00939 -0.4
-3.00915 -0.5
-3.00891 -0.7
-3.00866 -0.8
-3.00842 -0.9
-3.00817 -1.0
-3.00793 -1.1
-3.00768 -1.2
-3.00744 -1.3
-3.0072 -1.4
-3.00695 -1.5
-3.00671 -1.6
-3.00646 -1.7
-3.00622 -1.7
-3.00598 -1.8
-3.00573 -1.9
-3.00549 -2.0
-3.00524 -2.1
-3.005 -2.1
-3.00476 -2.2
-3.00451 -2.3
-3.00427 -2.3
-3.00402 -2.4
-3.00378 -2.4
-3.00353 -2.5
-3.00329 -2.5
-3.00305 -2.6
-3.0028 -2.6
-3.00256 -2.6
-3.00231 -2.7
-3.00207 -2.7
-3.00183 -2.7
-3.00158 -2.7
-3.00134 -2.7
-3.00109 -2.7
-3.00085 -2.7
-3.0006 -2.7
-3.00036 -2.7
-3.00012 -2.7
-2.99987 -2.7
-2.99963 -2.7
-2.99938 -2.6
-2.99914 -2.6
-2.9989 -2.6
-2.99865 -2.5
-2.99841 -2.5
-2.99816 -2.4
-2.99792 -2.4
-2.99767 -2.3
-2.99743 -2.3
-2.99719 -2.2
-2.99694 -2.1
-2.9967 -2.0
-2.99645 -2.0
-2.99621 -1.9
-2.99597 -1.8
-2.99572 -1.7
-2.99548 -1.6
-2.99523 -1.5
-2.99499 -1.5
-2.99475 -1.4
-2.9945 -1.3
-2.99426 -1.2
-2.99401 -1.1
-2.99377 -0.9
-2.99352 -0.8
-2.99328 -0.7
-2.99304 -0.6
-2.99279 -0.5
-2.99255 -0.4
-2.9923 -0.3
-2.99206 -0.2
-2.99182 0.0
-2.99157 0.0
-2.99133 0.2
-2.99108 0.3
-2.99084 0.4
-2.99059 0.5
-2.99035 0.6
-2.99011 0.7
-2.98986 0.8
-2.98962 0.9
-2.98937 1.0
-2.98913 1.1
-2.98889 1.2
-2.98864 1.3
-2.9884 1.4
-2.98815 1.5
-2.98791 1.6
-2.98767 1.7
-2.98742 1.8
-2.98718 1.9
-2.98693 2.0
-2.98669 2.0
-2.98644 2.1
-2.9862 2.2
-2.98596 2.2
-2.98571 2.3
-2.98547 2.4
-2.98522 2.4
-2.98498 2.5
-2.98474 2.5
-2.98449 2.6
-2.98425 2.6
-2.984 2.6
-2.98376 2.7
-2.98351 2.7
-2.98327 2.7
-2.98303 2.7
-2.98278 2.7
-2.98254 2.7
-2.98229 2.7
-2.98205 2.7
-2.98181 2.7
-2.98156 2.7
-2.98132 2.7
-2.98107 2.7
-2.98083 2.6
-2.98059 2.6
-2.98034 2.6
-2.9801 2.5
-2.97985 2.5
-2.97961 2.4
-2.97936 2.4
-2.97912 2.3
-2.97888 2.3
-2.97863 2.2
-2.97839 2.1
-2.97814 2.1
-2.9779 2.0
-2.97766 1.9
-2.97741 1.8
-2.97717 1.8
-2.97692 1.7
-2.97668 1.6
-2.97643 1.5
-2.97619 1.4
-2.97595 1.3
-2.9757 1.2
-2.97546 1.1
-2.97521 1.0
-2.97497 0.9
-2.97473 0.8
-2.97448 0.7
-2.97424 0.6
-2.97399 0.4
-2.97375 0.3
-2.97351 0.2
-2.97326 0.1
-2.97302 0.0
-2.97277 -0.1
-2.97253 -0.2
-2.97228 -0.3
-2.97204 -0.5
-2.9718 -0.6
-2.97155 -0.7
-2.97131 -0.8
-2.97106 -0.9
-2.97082 -1.0
-2.97058 -1.1
-2.97033 -1.2
-2.97009 -1.3
-2.96984 -1.4
-2.9696 -1.5
-2.96935 -1.6
-2.96911 -1.7
-2.96887 -1.8
-2.96862 -1.9
-2.96838 -1.9
-2.96813 -2.0
-2.96789 -2.1
-2.96765 -2.2
-2.9674 -2.2
-2.96716 -2.3
-2.96691 -2.4
-2.96667 -2.4
-2.96642 -2.5
-2.96618 -2.5
-2.96594 -2.6
-2.96569 -2.6
-2.96545 -2.6
-2.9652 -2.7
-2.96496 -2.7
-2.96472 -2.7
-2.96447 -2.7
-2.96423 -2.7
-2.96398 -2.7
-2.96374 -2.7
-2.9635 -2.7
-2.96325 -2.7
-2.96301 -2.7
-2.96276 -2.7
-2.96252 -2.7
-2.96227 -2.7
-2.96203 -2.6
-2.96179 -2.6
-2.96154 -2.6
-2.9613 -2.5
-2.96105 -2.5
-2.96081 -2.4
-2.96057 -2.4
-2.96032 -2.3
-2.96008 -2.2
-2.95983 -2.2
-2.95959 -2.1
-2.95934 -2.0
-2.9591 -1.9
-2.95886 -1.9
-2.95861 -1.8
-2.95837 -1.7
-2.95812 -1.6
-2.95788 -1.5
-2.95764 -1.4
-2.95739 -1.3
-2.95715 -1.2
-2.9569 -1.1
-2.95666 -1.0
-2.95642 -0.9
-2.95617 -0.8
-2.95593 -0.7
-2.95568 -0.6
-2.95544 -0.5
-2.95519 -0.3
-2.95495 -0.2
-2.95471 -0.1
-2.95446 0.0
-2.95422 0.1
-2.95397 0.2
-2.95373 0.3
-2.95349 0.4
-2.95324 0.6
-2.953 0.7
-2.95275 0.8
-2.95251 0.9
-2.95226 1.0
-2.95202 1.1
-2.95178 1.2
-2.95153 1.3
-2.95129 1.4
-2.95104 1.5
-2.9508 1.6
-2.95056 1.7
-2.95031 1.8
-2.95007 1.8
-2.94982 1.9
-2.94958 2.0
-2.94934 2.1
-2.94909 2.2
-2.94885 2.2
-2.9486 2.3
-2.94836 2.4
-2.94811 2.4
-2.94787 2.5
-2.94763 2.5
-2.94738 2.6
-2.94714 2.6
-2.94689 2.6
-2.94665 2.7
-2.94641 2.7
-2.94616 2.7
-2.94592 2.7
-2.94567 2.7
-2.94543 2.7
-2.94518 2.7
-2.94494 2.7
-2.9447 2.7
-2.94445 2.7
-2.94421 2.7
-2.94396 2.7
-2.94372 2.7
-2.94348 2.6
-2.94323 2.6
-2.94299 2.6
-2.94274 2.5
-2.9425 2.5
-2.94226 2.4
-2.94201 2.4
-2.94177 2.3
-2.94152 2.2
-2.94128 2.2
-2.94103 2.1
-2.94079 2.0
-2.94055 1.9
-2.9403 1.9
-2.94006 1.8
-2.93981 1.7
-2.93957 1.6
-2.93933 1.5
-2.93908 1.4
-2.93884 1.3
-2.93859 1.2
-2.93835 1.1
-2.9381 1.0
-2.93786 0.9
-2.93762 0.8
-2.93737 0.7
-2.93713 0.6
-2.93688 0.5
-2.93664 0.3
-2.9364 0.2
-2.93615 0.1
-2.93591 0.0
-2.93566 -0.1
-2.93542 -0.2
-2.93517 -0.3
-2.93493 -0.4
-2.93469 -0.6
-2.93444 -0.7
-2.9342 -0.8
-2.93395 -0.9
-2.93371 -1.0
-2.93347 -1.1
-2.93322 -1.2
-2.93298 -1.3
-2.93273 -1.4
-2.93249 -1.5
-2.93225 -1.6
-2.932 -1.7
-2.93176 -1.8
-2.93151 -1.9
-2.93127 -1.9
-2.93102 -2.0
-2.93078 -2.1
-2.93054 -2.2
-2.93029 -2.2
-2.93005 -2.3
-2.9298 -2.4
-2.92956 -2.4
-2.92932 -2.5
-2.92907 -2.5
-2.92883 -2.6
-2.92858 -2.6
-2.92834 -2.6
-2.92809 -2.7
-2.92785 -2.7
-2.92761 -2.7
-2.92736 -2.7
-2.92712 -2.7
-2.92687 -2.7
-2.92663 -2.7
-2.92639 -2.7
-2.92614 -2.7
-2.9259 -2.7
-2.92565 -2.7
-2.92541 -2.7
-2.92517 -2.7
-2.92492 -2.6
-2.92468 -2.6
-2.92443 -2.6
-2.92419 -2.5
-2.92394 -2.5
-2.9237 -2.4
-2.92346 -2.4
-2.92321 -2.3
-2.92297 -2.2
-2.92272 -2.2
-2.92248 -2.1
-2.92224 -2.0
-2.92199 -1.9
-2.92175 -1.9
-2.9215 -1.8
-2.92126 -1.7
-2.92101 -1.6
-2.92077 -1.5
-2.92053 -1.4
-2.92028 -1.3
-2.92004 -1.2
-2.91979 -1.1
-2.91955 -1.0
-2.91931 -0.9
-2.91906 -0.8
-2.91882 -0.7
-2.91857 -0.5
-2.91833 -0.4
-2.91809 -0.3
-2.91784 -0.2
-2.9176 0.0
-2.91735 0.0
-2.91711 0.1
-2.91686 0.2
-2.91662 0.4
-2.91638 0.5
-2.91613 0.6
-2.91589 0.7
-2.91564 0.8
-2.9154 0.9
-2.91516 1.0
-2.91491 1.1
-2.91467 1.2
-2.91442 1.3
-2.91418 1.4
-2.91393 1.5
-2.91369 1.6
-2.91345 1.7
-2.9132 1.8
-2.91296 1.9
-2.91271 2.0
-2.91247 2.0
-2.91223 2.1
-2.91198 2.2
-2.91174 2.3
-2.91149 2.3
-2.91125 2.4
-2.91101 2.4
-2.91076 2.5
-2.91052 2.5
-2.91027 2.6
-2.91003 2.6
-2.90978 2.6
-2.90954 2.7
-2.9093 2.7
-2.90905 2.7
-2.90881 2.7
-2.90856 2.7
-2.90832 2.7
-2.90808 2.8
-2.90783 2.7
-2.90759 2.7
-2.90734 2.7
-2.9071 2.7
-2.90685 2.7
-2.90661 2.7
-2.90637 2.6
-2.90612 2.6
-2.90588 2.5
-2.90563 2.5
-2.90539 2.5
-2.90515 2.4
-2.9049 2.3
-2.90466 2.3
-2.90441 2.2
-2.90417 2.1
-2.90392 2.1
-2.90368 2.0
-2.90344 1.9
-2.90319 1.8
-2.90295 1.7
-2.9027 1.7
-2.90246 1.6
-2.90222 1.5
-2.90197 1.4
-2.90173 1.3
-2.90148 1.2
-2.90124 1.1
-2.901 0.9
-2.90075 0.8
-2.90051 0.7
-2.90026 0.6
-2.90002 0.5
-2.89977 0.4
-2.89953 0.3
-2.89929 0.2
-2.89904 0.0
-2.8988 0.0
-2.89855 -0.2
-2.89831 -0.3
-2.89807 -0.4
-2.89782 -0.5
-2.89758 -0.6
-2.89733 -0.7
-2.89709 -0.8
-2.89684 -1.0
-2.8966 -1.1
-2.89636 -1.2
-2.89611 -1.3
-2.89587 -1.4
-2.89562 -1.5
-2.89538 -1.6
-2.89514 -1.7
-2.89489 -1.7
-2.89465 -1.8
-2.8944 -1.9
-2.89416 -2.0
-2.89392 -2.1
-2.89367 -2.2
-2.89343 -2.2
-2.89318 -2.3
-2.89294 -2.3
-2.89269 -2.4
-2.89245 -2.5
-2.89221 -2.5
-2.89196 -2.6
-2.89172 -2.6
-2.89147 -2.6
-2.89123 -2.7
-2.89099 -2.7
-2.89074 -2.7
-2.8905 -2.7
-2.89025 -2.7
-2.89001 -2.8
-2.88976 -2.8
-2.88952 -2.8
-2.88928 -2.7
-2.88903 -2.7
-2.88879 -2.7
-2.88854 -2.7
-2.8883 -2.7
-2.88806 -2.6
-2.88781 -2.6
-2.88757 -2.6
-2.88732 -2.5
-2.88708 -2.5
-2.88684 -2.4
-2.88659 -2.4
-2.88635 -2.3
-2.8861 -2.2
-2.88586 -2.2
-2.88561 -2.1
-2.88537 -2.0
-2.88513 -2.0
-2.88488 -1.9
-2.88464 -1.8
-2.88439 -1.7
-2.88415 -1.6
-2.88391 -1.5
-2.88366 -1.4
-2.88342 -1.3
-2.88317 -1.2
-2.88293 -1.1
-2.88268 -1.0
-2.88244 -0.9
-2.8822 -0.8
-2.88195 -0.7
-2.88171 -0.6
-2.88146 -0.4
-2.88122 -0.3
-2.88098 -0.2
-2.88073 -0.1
-2.88049 0.0
-2.88024 0.1
-2.88 0.2
-2.87976 0.4
-2.87951 0.5
-2.87927 0.6
-2.87902 0.7
-2.87878 0.8
-2.87853 0.9
-2.87829 1.0
-2.87805 1.1
-2.8778 1.2
-2.87756 1.3
-2.87731 1.4
-2.87707 1.5
-2.87683 1.6
-2.87658 1.7
-2.87634 1.8
-2.87609 1.9
-2.87585 2.0
-2.8756 2.1
-2.87536 2.1
-2.87512 2.2
-2.87487 2.3
-2.87463 2.3
-2.87438 2.4
-2.87414 2.4
-2.8739 2.5
-2.87365 2.5
-2.87341 2.6
-2.87316 2.6
-2.87292 2.7
-2.87267 2.7
-2.87243 2.7
-2.87219 2.7
-2.87194 2.7
-2.8717 2.8
-2.87145 2.8
-2.87121 2.8
-2.87097 2.8
-2.87072 2.7
-2.87048 2.7
-2.87023 2.7
-2.86999 2.7
-2.86975 2.7
-2.8695 2.6
-2.86926 2.6
-2.86901 2.5
-2.86877 2.5
-2.86852 2.5
-2.86828 2.4
-2.86804 2.3
-2.86779 2.3
-2.86755 2.2
-2.8673 2.1
-2.86706 2.1
-2.86682 2.0
-2.86657 1.9
-2.86633 1.8
-2.86608 1.7
-2.86584 1.6
-2.86559 1.5
-2.86535 1.4
-2.86511 1.3
-2.86486 1.2
-2.86462 1.1
-2.86437 1.0
-2.86413 0.9
-2.86389 0.8
-2.86364 0.7
-2.8634 0.6
-2.86315 0.5
-2.86291 0.4
-2.86267 0.3
-2.86242 0.1
-2.86218 0.0
-2.86193 0.0
-2.86169 -0.2
-2.86144 -0.3
-2.8612 -0.4
-2.86096 -0.6
-2.86071 -0.7
-2.86047 -0.8
-2.86022 -0.9
-2.85998 -1.0
-2.85974 -1.1
-2.85949 -1.2
-2.85925 -1.3
-2.859 -1.4
-2.85876 -1.5
-2.85851 -1.6
-2.85827 -1.7
-2.85803 -1.8
-2.85778 -1.9
-2.85754 -2.0
-2.85729 -2.0
-2.85705 -2.1
-2.85681 -2.2
-2.85656 -2.3
-2.85632 -2.3
-2.85607 -2.4
-2.85583 -2.4
-2.85559 -2.5
-2.85534 -2.5
-2.8551 -2.6
-2.85485 -2.6
-2.85461 -2.7
-2.85436 -2.7
-2.85412 -2.7
-2.85388 -2.7
-2.85363 -2.7
-2.85339 -2.8
-2.85314 -2.8
-2.8529 -2.8
-2.85266 -2.8
-2.85241 -2.8
-2.85217 -2.7
-2.85192 -2.7
-2.85168 -2.7
-2.85143 -2.7
-2.85119 -2.6
-2.85095 -2.6
-2.8507 -2.6
-2.85046 -2.5
-2.85021 -2.5
-2.84997 -2.4
-2.84973 -2.3
-2.84948 -2.3
-2.84924 -2.2
-2.84899 -2.1
-2.84875 -2.1
-2.84851 -2.0
-2.84826 -1.9
-2.84802 -1.8
-2.84777 -1.7
-2.84753 -1.6
-2.84728 -1.6
-2.84704 -1.5
-2.8468 -1.4
-2.84655 -1.3
-2.84631 -1.2
-2.84606 -1.0
-2.84582 -0.9
-2.84558 -0.8
-2.84533 -0.7
-2.84509 -0.6
-2.84484 -0.5
-2.8446 -0.4
-2.84435 -0.3
-2.84411 -0.1
-2.84387 0.0
-2.84362 0.0
-2.84338 0.2
-2.84313 0.3
-2.84289 0.4
-2.84265 0.5
-2.8424 0.7
-2.84216 0.8
-2.84191 0.9
-2.84167 1.0
-2.84142 1.1
-2.84118 1.2
-2.84094 1.3
-2.84069 1.4
-2.84045 1.5
-2.8402 1.6
-2.83996 1.7
-2.83972 1.8
-2.83947 1.9
-2.83923 2.0
-2.83898 2.0
-2.83874 2.1
-2.8385 2.2
-2.83825 2.3
-2.83801 2.3
-2.83776 2.4
-2.83752 2.4
-2.83727 2.5
-2.83703 2.5
-2.83679 2.6
-2.83654 2.6
-2.8363 2.7
-2.83605 2.7
-2.83581 2.7
-2.83557 2.7
-2.83532 2.7
-2.83508 2.8
-2.83483 2.8
-2.83459 2.8
-2.83434 2.8
-2.8341 2.8
-2.83386 2.7
-2.83361 2.7
-2.83337 2.7
-2.83312 2.7
-2.83288 2.6
-2.83264 2.6
-2.83239 2.6
-2.83215 2.5
-2.8319 2.5
-2.83166 2.4
-2.83142 2.4
-2.83117 2.3
-2.83093 2.2
-2.83068 2.1
-2.83044 2.1
-2.83019 2.0
-2.82995 1.9
-2.82971 1.8
-2.82946 1.7
-2.82922 1.6
-2.82897 1.6
-2.82873 1.5
-2.82849 1.4
-2.82824 1.3
-2.828 1.1
-2.82775 1.0
-2.82751 0.9
-2.82726 0.8
-2.82702 0.7
-2.82678 0.6
-2.82653 0.5
-2.82629 0.4
-2.82604 0.3
-2.8258 0.1
-2.82556 0.0
-2.82531 0.0
-2.82507 -0.2
-2.82482 -0.3
-2.82458 -0.4
-2.82434 -0.6
-2.82409 -0.7
-2.82385 -0.8
-2.8236 -0.9
-2.82336 -1.0
-2.82311 -1.1
-2.82287 -1.2
-2.82263 -1.3
-2.82238 -1.4
-2.82214 -1.5
-2.82189 -1.6
-2.82165 -1.7
-2.82141 -1.8
-2.82116 -1.9
-2.82092 -2.0
-2.82067 -2.0
-2.82043 -2.1
-2.82018 -2.2
-2.81994 -2.3
-2.8197 -2.3
-2.81945 -2.4
-2.81921 -2.5
-2.81896 -2.5
-2.81872 -2.6
-2.81848 -2.6
-2.81823 -2.6
-2.81799 -2.7
-2.81774 -2.7
-2.8175 -2.7
-2.81726 -2.7
-2.81701 -2.8
-2.81677 -2.8
-2.81652 -2.8
-2.81628 -2.8
-2.81603 -2.8
-2.81579 -2.8
-2.81555 -2.7
-2.8153 -2.7
-2.81506 -2.7
-2.81481 -2.7
-2.81457 -2.6
-2.81433 -2.6
-2.81408 -2.6
-2.81384 -2.5
-2.81359 -2.5
-2.81335 -2.4
-2.8131 -2.3
-2.81286 -2.3
-2.81262 -2.2
-2.81237 -2.1
-2.81213 -2.1
-2.81188 -2.0
-2.81164 -1.9
-2.8114 -1.8
-2.81115 -1.7
-2.81091 -1.6
-2.81066 -1.5
-2.81042 -1.4
-2.81017 -1.3
-2.80993 -1.2
-2.80969 -1.1
-2.80944 -1.0
-2.8092 -0.9
-2.80895 -0.8
-2.80871 -0.7
-2.80847 -0.6
-2.80822 -0.5
-2.80798 -0.3
-2.80773 -0.2
-2.80749 -0.1
-2.80725 0.0
-2.807 0.1
-2.80676 0.2
-2.80651 0.4
-2.80627 0.5
-2.80602 0.6
-2.80578 0.7
-2.80554 0.8
-2.80529 0.9
-2.80505 1.0
-2.8048 1.1
-2.80456 1.2
-2.80432 1.4
-2.80407 1.5
-2.80383 1.6
-2.80358 1.6
-2.80334 1.7
-2.80309 1.8
-2.80285 1.9
-2.80261 2.0
-2.80236 2.1
-2.80212 2.2
-2.80187 2.2
-2.80163 2.3
-2.80139 2.4
-2.80114 2.4
-2.8009 2.5
-2.80065 2.5
-2.80041 2.6
-2.80017 2.6
-2.79992 2.6
-2.79968 2.7
-2.79943 2.7
-2.79919 2.7
-2.79894 2.8
-2.7987 2.8
-2.79846 2.8
-2.79821 2.8
-2.79797 2.8
-2.79772 2.8
-2.79748 2.8
-2.79724 2.7
-2.79699 2.7
-2.79675 2.7
-2.7965 2.7
-2.79626 2.6
-2.79601 2.6
-2.79577 2.5
-2.79553 2.5
-2.79528 2.4
-2.79504 2.4
-2.79479 2.3
-2.79455 2.3
-2.79431 2.2
-2.79406 2.1
-2.79382 2.0
-2.79357 2.0
-2.79333 1.9
-2.79309 1.8
-2.79284 1.7
-2.7926 1.6
-2.79235 1.5
-2.79211 1.4
-2.79186 1.3
-2.79162 1.2
-2.79138 1.1
-2.79113 1.0
-2.79089 0.9
-2.79064 0.7
-2.7904 0.6
-2.79016 0.5
-2.78991 0.4
-2.78967 0.3
-2.78942 0.2
-2.78918 0.0
-2.78893 0.0
-2.78869 -0.2
-2.78845 -0.3
-2.7882 -0.4
-2.78796 -0.5
-2.78771 -0.6
-2.78747 -0.8
-2.78723 -0.9
-2.78698 -1.0
-2.78674 -1.1
-2.78649 -1.2
-2.78625 -1.3
-2.78601 -1.4
-2.78576 -1.5
-2.78552 -1.6
-2.78527 -1.7
-2.78503 -1.8
-2.78478 -1.9
-2.78454 -2.0
-2.7843 -2.0
-2.78405 -2.1
-2.78381 -2.2
-2.78356 -2.3
-2.78332 -2.3
-2.78308 -2.4
-2.78283 -2.4
-2.78259 -2.5
-2.78234 -2.6
-2.7821 -2.6
-2.78185 -2.6
-2.78161 -2.7
-2.78137 -2.7
-2.78112 -2.7
-2.78088 -2.7
-2.78063 -2.8
-2.78039 -2.8
-2.78015 -2.8
-2.7799 -2.8
-2.77966 -2.8
-2.77941 -2.8
-2.77917 -2.8
-2.77892 -2.7
-2.77868 -2.7
-2.77844 -2.7
-2.77819 -2.6
-2.77795 -2.6
-2.7777 -2.6
-2.77746 -2.5
-2.77722 -2.5
-2.77697 -2.4
-2.77673 -2.4
-2.77648 -2.3
-2.77624 -2.2
-2.776 -2.1
-2.77575 -2.1
-2.77551 -2.0
-2.77526 -1.9
-2.77502 -1.8
-2.77477 -1.7
-2.77453 -1.6
-2.77429 -1.5
-2.77404 -1.4
-2.7738 -1.3
-2.77355 -1.2
-2.77331 -1.1
-2.77307 -1.0
-2.77282 -0.9
-2.77258 -0.8
-2.77233 -0.7
-2.77209 -0.6
-2.77184 -0.5
-2.7716 -0.3
-2.77136 -0.2
-2.77111 -0.1
-2.77087 0.0
-2.77062 0.1
-2.77038 0.3
-2.77014 0.4
-2.76989 0.5
-2.76965 0.6
-2.7694 0.7
-2.76916 0.8
-2.76892 0.9
-2.76867 1.0
-2.76843 1.2
-2.76818 1.3
-2.76794 1.4
-2.76769 1.5
-2.76745 1.6
-2.76721 1.7
-2.76696 1.8
-2.76672 1.8
-2.76647 1.9
-2.76623 2.0
-2.76599 2.1
-2.76574 2.2
-2.7655 2.2
-2.76525 2.3
-2.76501 2.4
-2.76476 2.4
-2.76452 2.5
-2.76428 2.5
-2.76403 2.6
-2.76379 2.6
-2.76354 2.7
-2.7633 2.7
-2.76306 2.7
-2.76281 2.7
-2.76257 2.8
-2.76232 2.8
-2.76208 2.8
-2.76184 2.8
-2.76159 2.8
-2.76135 2.8
-2.7611 2.8
-2.76086 2.7
-2.76061 2.7
-2.76037 2.7
-2.76013 2.7
-2.75988 2.6
-2.75964 2.6
-2.75939 2.5
-2.75915 2.5
-2.75891 2.4
-2.75866 2.4
-2.75842 2.3
-2.75817 2.2
-2.75793 2.2
-2.75768 2.1
-2.75744 2.0
-2.7572 1.9
-2.75695 1.8
-2.75671 1.8
-2.75646 1.7
-2.75622 1.6
-2.75598 1.5
-2.75573 1.4
-2.75549 1.3
-2.75524 1.2
-2.755 1.0
-2.75476 0.9
-2.75451 0.8
-2.75427 0.7
-2.75402 0.6
-2.75378 0.5
-2.75353 0.4
-2.75329 0.2
-2.75305 0.1
-2.7528 0.0
-2.75256 -0.1
-2.75231 -0.2
-2.75207 -0.3
-2.75183 -0.5
-2.75158 -0.6
-2.75134 -0.7
-2.75109 -0.8
-2.75085 -0.9
-2.7506 -1.0
-2.75036 -1.1
-2.75012 -1.2
-2.74987 -1.4
-2.74963 -1.5
-2.74938 -1.6
-2.74914 -1.6
-2.7489 -1.7
-2.74865 -1.8
-2.74841 -1.9
-2.74816 -2.0
-2.74792 -2.1
-2.74767 -2.2
-2.74743 -2.2
-2.74719 -2.3
-2.74694 -2.4
-2.7467 -2.4
-2.74645 -2.5
-2.74621 -2.5
-2.74597 -2.6
-2.74572 -2.6
-2.74548 -2.7
-2.74523 -2.7
-2.74499 -2.7
-2.74475 -2.7
-2.7445 -2.8
-2.74426 -2.8
-2.74401 -2.8
-2.74377 -2.8
-2.74352 -2.8
-2.74328 -2.8
-2.74304 -2.8
-2.74279 -2.8
-2.74255 -2.7
-2.7423 -2.7
-2.74206 -2.7
-2.74182 -2.6
-2.74157 -2.6
-2.74133 -2.5
-2.74108 -2.5
-2.74084 -2.4
-2.74059 -2.4
-2.74035 -2.3
-2.74011 -2.3
-2.73986 -2.2
-2.73962 -2.1
-2.73937 -2.0
-2.73913 -1.9
-2.73889 -1.9
-2.73864 -1.8
-2.7384 -1.7
-2.73815 -1.6
-2.73791 -1.5
-2.73767 -1.4
-2.73742 -1.3
-2.73718 -1.2
-2.73693 -1.1
-2.73669 -0.9
-2.73644 -0.8
-2.7362 -0.7
-2.73596 -0.6
-2.73571 -0.5
-2.73547 -0.4
-2.73522 -0.2
-2.73498 -0.1
-2.73474 0.0
-2.73449 0.1
-2.73425 0.2
-2.734 0.3
-2.73376 0.5
-2.73351 0.6
-2.73327 0.7
-2.73303 0.8
-2.73278 0.9
-2.73254 1.0
-2.73229 1.1
-2.73205 1.2
-2.73181 1.4
-2.73156 1.5
-2.73132 1.6
-2.73107 1.7
-2.73083 1.7
-2.73059 1.8
-2.73034 1.9
-2.7301 2.0
-2.72985 2.1
-2.72961 2.2
-2.72936 2.2
-2.72912 2.3
-2.72888 2.4
-2.72863 2.4
-2.72839 2.5
-2.72814 2.5
-2.7279 2.6
-2.72766 2.6
-2.72741 2.7
-2.72717 2.7
-2.72692 2.7
-2.72668 2.8
-2.72643 2.8
-2.72619 2.8
-2.72595 2.8
-2.7257 2.8
-2.72546 2.8
-2.72521 2.8
-2.72497 2.8
-2.72473 2.8
-2.72448 2.7
-2.72424 2.7
-2.72399 2.7
-2.72375 2.6
-2.72351 2.6
-2.72326 2.5
-2.72302 2.5
-2.72277 2.4
-2.72253 2.4
-2.72228 2.3
-2.72204 2.2
-2.7218 2.2
-2.72155 2.1
-2.72131 2.0
-2.72106 1.9
-2.72082 1.8
-2.72058 1.8
-2.72033 1.7
-2.72009 1.6
-2.71984 1.5
-2.7196 1.4
-2.71935 1.3
-2.71911 1.1
-2.71887 1.0
-2.71862 0.9
-2.71838 0.8
-2.71813 0.7
-2.71789 0.6
-2.71765 0.5
-2.7174 0.4
-2.71716 0.2
-2.71691 0.1
-2.71667 0.0
-2.71642 -0.1
-2.71618 -0.2
-2.71594 -0.4
-2.71569 -0.5
-2.71545 -0.6
-2.7152 -0.7
-2.71496 -0.8
-2.71472 -0.9
-2.71447 -1.1
-2.71423 -1.2
-2.71398 -1.3
-2.71374 -1.4
-2.7135 -1.5
-2.71325 -1.6
-2.71301 -1.7
-2.71276 -1.8
-2.71252 -1.9
-2.71227 -1.9
-2.71203 -2.0
-2.71179 -2.1
-2.71154 -2.2
-2.7113 -2.3
-2.71105 -2.3
-2.71081 -2.4
-2.71057 -2.5
-2.71032 -2.5
-2.71008 -2.6
-2.70983 -2.6
-2.70959 -2.6
-2.70934 -2.7
-2.7091 -2.7
-2.70886 -2.7
-2.70861 -2.8
-2.70837 -2.8
-2.70812 -2.8
-2.70788 -2.8
-2.70764 -2.8
-2.70739 -2.8
-2.70715 -2.8
-2.7069 -2.8
-2.70666 -2.8
-2.70642 -2.7
-2.70617 -2.7
-2.70593 -2.7
-2.70568 -2.6
-2.70544 -2.6
-2.70519 -2.5
-2.70495 -2.5
-2.70471 -2.4
-2.70446 -2.4
-2.70422 -2.3
-2.70397 -2.2
-2.70373 -2.2
-2.70349 -2.1
-2.70324 -2.0
-2.703 -1.9
-2.70275 -1.8
-2.70251 -1.7
-2.70226 -1.6
-2.70202 -1.5
-2.70178 -1.4
-2.70153 -1.3
-2.70129 -1.2
-2.70104 -1.1
-2.7008 -1.0
-2.70056 -0.9
-2.70031 -0.8
-2.70007 -0.7
-2.69982 -0.5
-2.69958 -0.4
-2.69934 -0.3
-2.69909 -0.2
-2.69885 0.0
-2.6986 0.0
-2.69836 0.2
-2.69811 0.3
-2.69787 0.4
-2.69763 0.5
-2.69738 0.6
-2.69714 0.8
-2.69689 0.9
-2.69665 1.0
-2.69641 1.1
-2.69616 1.2
-2.69592 1.3
-2.69567 1.4
-2.69543 1.5
-2.69518 1.6
-2.69494 1.7
-2.6947 1.8
-2.69445 1.9
-2.69421 2.0
-2.69396 2.1
-2.69372 2.1
-2.69348 2.2
-2.69323 2.3
-2.69299 2.4
-2.69274 2.4
-2.6925 2.5
-2.69226 2.5
-2.69201 2.6
-2.69177 2.6
-2.69152 2.7
-2.69128 2.7
-2.69103 2.7
-2.69079 2.8
-2.69055 2.8
-2.6903 2.8
-2.69006 2.8
-2.68981 2.8
-2.68957 2.8
-2.68933 2.8
-2.68908 2.8
-2.68884 2.8
-2.68859 2.7
-2.68835 2.7
-2.6881 2.7
-2.68786 2.7
-2.68762 2.6
-2.68737 2.6
-2.68713 2.5
-2.68688 2.5
-2.68664 2.4
-2.6864 2.3
-2.68615 2.3
-2.68591 2.2
-2.68566 2.1
-2.68542 2.0
-2.68517 2.0
-2.68493 1.9
-2.68469 1.8
-2.68444 1.7
-2.6842 1.6
-2.68395 1.5
-2.68371 1.4
-2.68347 1.3
-2.68322 1.2
-2.68298 1.1
-2.68273 1.0
-2.68249 0.8
-2.68225 0.7
-2.682 0.6
-2.68176 0.5
-2.68151 0.4
-2.68127 0.3
-2.68102 0.1
-2.68078 0.0
-2.68054 -0.1
-2.68029 -0.2
-2.68005 -0.3
-2.6798 -0.5
-2.67956 -0.6
-2.67932 -0.7
-2.67907 -0.8
-2.67883 -0.9
-2.67858 -1.0
-2.67834 -1.2
-2.67809 -1.3
-2.67785 -1.4
-2.67761 -1.5
-2.67736 -1.6
-2.67712 -1.7
-2.67687 -1.8
-2.67663 -1.9
-2.67639 -1.9
-2.67614 -2.0
-2.6759 -2.1
-2.67565 -2.2
-2.67541 -2.3
-2.67517 -2.3
-2.67492 -2.4
-2.67468 -2.5
-2.67443 -2.5
-2.67419 -2.6
-2.67394 -2.6
-2.6737 -2.7
-2.67346 -2.7
-2.67321 -2.7
-2.67297 -2.7
-2.67272 -2.8
-2.67248 -2.8
-2.67224 -2.8
-2.67199 -2.8
-2.67175 -2.8
-2.6715 -2.8
-2.67126 -2.8
-2.67101 -2.8
-2.67077 -2.8
-2.67053 -2.7
-2.67028 -2.7
-2.67004 -2.7
-2.66979 -2.6
-2.66955 -2.6
-2.66931 -2.5
-2.66906 -2.5
-2.66882 -2.4
-2.66857 -2.4
-2.66833 -2.3
-2.66809 -2.2
-2.66784 -2.2
-2.6676 -2.1
-2.66735 -2.0
-2.66711 -1.9
-2.66686 -1.8
-2.66662 -1.7
-2.66638 -1.6
-2.66613 -1.5
-2.66589 -1.4
-2.66564 -1.3
-2.6654 -1.2
-2.66516 -1.1
-2.66491 -1.0
-2.66467 -0.9
-2.66442 -0.8
-2.66418 -0.6
-2.66393 -0.5
-2.66369 -0.4
-2.66345 -0.3
-2.6632 -0.2
-2.66296 0.0
-2.66271 0.0
-2.66247 0.2
-2.66223 0.3
-2.66198 0.4
-2.66174 0.5
-2.66149 0.7
-2.66125 0.8
-2.66101 0.9
-2.66076 1.0
-2.66052 1.1
-2.66027 1.2
-2.66003 1.3
-2.65978 1.4
-2.65954 1.5
-2.6593 1.6
-2.65905 1.7
-2.65881 1.8
-2.65856 1.9
-2.65832 2.0
-2.65808 2.1
-2.65783 2.2
-2.65759 2.2
-2.65734 2.3
-2.6571 2.4
-2.65685 2.4
-2.65661 2.5
-2.65637 2.6
-2.65612 2.6
-2.65588 2.6
-2.65563 2.7
-2.65539 2.7
-2.65515 2.7
-2.6549 2.8
-2.65466 2.8
-2.65441 2.8
-2.65417 2.8
-2.65392 2.8
-2.65368 2.8
-2.65344 2.8
-2.65319 2.8
-2.65295 2.8
-2.6527 2.7
-2.65246 2.7
-2.65222 2.7
-2.65197 2.6
-2.65173 2.6
-2.65148 2.6
-2.65124 2.5
-2.651 2.4
-2.65075 2.4
-2.65051 2.3
-2.65026 2.2
-2.65002 2.2
-2.64977 2.1
-2.64953 2.0
-2.64929 1.9
-2.64904 1.8
-2.6488 1.7
-2.64855 1.6
-2.64831 1.5
-2.64807 1.4
-2.64782 1.3
-2.64758 1.2
-2.64733 1.1
-2.64709 1.0
-2.64684 0.9
-2.6466 0.8
-2.64636 0.7
-2.64611 0.5
-2.64587 0.4
-2.64562 0.3
-2.64538 0.2
-2.64514 0.0
-2.64489 0.0
-2.64465 -0.2
-2.6444 -0.3
-2.64416 -0.4
-2.64392 -0.5
-2.64367 -0.7
-2.64343 -0.8
-2.64318 -0.9
-2.64294 -1.0
-2.64269 -1.1
-2.64245 -1.2
-2.64221 -1.3
-2.64196 -1.4
-2.64172 -1.5
-2.64147 -1.6
-2.64123 -1.7
-2.64099 -1.8
-2.64074 -1.9
-2.6405 -2.0
-2.64025 -2.1
-2.64001 -2.2
-2.63976 -2.2
-2.63952 -2.3
-2.63928 -2.4
-2.63903 -2.4
-2.63879 -2.5
-2.63854 -2.6
-2.6383 -2.6
-2.63806 -2.6
-2.63781 -2.7
-2.63757 -2.7
-2.63732 -2.7
-2.63708 -2.8
-2.63684 -2.8
-2.63659 -2.8
-2.63635 -2.8
-2.6361 -2.8
-2.63586 -2.8
-2.63561 -2.8
-2.63537 -2.8
-2.63513 -2.8
-2.63488 -2.8
-2.63464 -2.7
-2.63439 -2.7
-2.63415 -2.7
-2.63391 -2.6
-2.63366 -2.6
-2.63342 -2.5
-2.63317 -2.5
-2.63293 -2.4
-2.63268 -2.3
-2.63244 -2.3
-2.6322 -2.2
-2.63195 -2.1
-2.63171 -2.0
-2.63146 -1.9
-2.63122 -1.8
-2.63098 -1.7
-2.63073 -1.7
-2.63049 -1.6
-2.63024 -1.4
-2.63 -1.3
-2.62976 -1.2
-2.62951 -1.1
-2.62927 -1.0
-2.62902 -0.9
-2.62878 -0.8
-2.62853 -0.7
-2.62829 -0.5
-2.62805 -0.4
-2.6278 -0.3
-2.62756 -0.2
-2.62731 0.0
-2.62707 0.0
-2.62683 0.2
-2.62658 0.3
-2.62634 0.4
-2.62609 0.5
-2.62585 0.7
-2.6256 0.8
-2.62536 0.9
-2.62512 1.0
-2.62487 1.1
-2.62463 1.2
-2.62438 1.3
-2.62414 1.4
-2.6239 1.5
-2.62365 1.6
-2.62341 1.7
-2.62316 1.8
-2.62292 1.9
-2.62267 2.0
-2.62243 2.1
-2.62219 2.2
-2.62194 2.3
-2.6217 2.3
-2.62145 2.4
-2.62121 2.5
-2.62097 2.5
-2.62072 2.6
-2.62048 2.6
-2.62023 2.7
-2.61999 2.7
-2.61975 2.7
-2.6195 2.8
-2.61926 2.8
-2.61901 2.8
-2.61877 2.8
-2.61852 2.8
-2.61828 2.8
-2.61804 2.8
-2.61779 2.8
-2.61755 2.8
-2.6173 2.8
-2.61706 2.8
-2.61682 2.7
-2.61657 2.7
-2.61633 2.7
-2.61608 2.6
-2.61584 2.6
-2.61559 2.5
-2.61535 2.4
-2.61511 2.4
-2.61486 2.3
-2.61462 2.2
-2.61437 2.2
-2.61413 2.1
-2.61389 2.0
-2.61364 1.9
-2.6134 1.8
-2.61315 1.7
-2.61291 1.6
-2.61267 1.5
-2.61242 1.4
-2.61218 1.3
-2.61193 1.2
-2.61169 1.1
-2.61144 1.0
-2.6112 0.9
-2.61096 0.8
-2.61071 0.6
-2.61047 0.5
-2.61022 0.4
-2.60998 0.3
-2.60974 0.2
-2.60949 0.0
-2.60925 0.0
-2.609 -0.2
-2.60876 -0.3
-2.60851 -0.4
-2.60827 -0.6
-2.60803 -0.7
-2.60778 -0.8
-2.60754 -0.9
-2.60729 -1.0
-2.60705 -1.1
-2.60681 -1.3
-2.60656 -1.4
-2.60632 -1.5
-2.60607 -1.6
-2.60583 -1.7
-2.60559 -1.8
-2.60534 -1.9
-2.6051 -2.0
-2.60485 -2.0
-2.60461 -2.1
-2.60436 -2.2
-2.60412 -2.3
-2.60388 -2.3
-2.60363 -2.4
-2.60339 -2.5
-2.60314 -2.5
-2.6029 -2.6
-2.60266 -2.6
-2.60241 -2.7
-2.60217 -2.7
-2.60192 -2.7
-2.60168 -2.8
-2.60143 -2.8
-2.60119 -2.8
-2.60095 -2.8
-2.6007 -2.8
-2.60046 -2.8
-2.60021 -2.8
-2.59997 -2.8
-2.59973 -2.8
-2.59948 -2.8
-2.59924 -2.7
-2.59899 -2.7
-2.59875 -2.7
-2.59851 -2.6
-2.59826 -2.6
-2.59802 -2.5
-2.59777 -2.5
-2.59753 -2.4
-2.59728 -2.4
-2.59704 -2.3
-2.5968 -2.2
-2.59655 -2.1
-2.59631 -2.1
-2.59606 -2.0
-2.59582 -1.9
-2.59558 -1.8
-2.59533 -1.7
-2.59509 -1.6
-2.59484 -1.5
-2.5946 -1.4
-2.59435 -1.3
-2.59411 -1.2
-2.59387 -1.1
-2.59362 -0.9
-2.59338 -0.8
-2.59313 -0.7
-2.59289 -0.6
-2.59265 -0.5
-2.5924 -0.4
-2.59216 -0.2
-2.59191 -0.1
-2.59167 0.0
-2.59142 0.1
-2.59118 0.3
-2.59094 0.4
-2.59069 0.5
-2.59045 0.6
-2.5902 0.7
-2.58996 0.9
-2.58972 1.0
-2.58947 1.1
-2.58923 1.2
-2.58898 1.3
-2.58874 1.4
-2.5885 1.5
-2.58825 1.6
-2.58801 1.7
-2.58776 1.8
-2.58752 1.9
-2.58727 2.0
-2.58703 2.1
-2.58679 2.2
-2.58654 2.2
-2.5863 2.3
-2.58605 2.4
-2.58581 2.4
-2.58557 2.5
-2.58532 2.6
-2.58508 2.6
-2.58483 2.7
-2.58459 2.7
-2.58434 2.7
-2.5841 2.8
-2.58386 2.8
-2.58361 2.8
-2.58337 2.8
-2.58312 2.8
-2.58288 2.8
-2.58264 2.8
-2.58239 2.8
-2.58215 2.8
-2.5819 2.8
-2.58166 2.8
-2.58142 2.7
-2.58117 2.7
-2.58093 2.7
-2.58068 2.6
-2.58044 2.6
-2.58019 2.5
-2.57995 2.5
-2.57971 2.4
-2.57946 2.3
-2.57922 2.3
-2.57897 2.2
-2.57873 2.1
-2.57849 2.0
-2.57824 1.9
-2.578 1.8
-2.57775 1.7
-2.57751 1.6
-2.57726 1.5
-2.57702 1.4
-2.57678 1.3
-2.57653 1.2
-2.57629 1.1
-2.57604 1.0
-2.5758 0.9
-2.57556 0.8
-2.57531 0.6
-2.57507 0.5
-2.57482 0.4
-2.57458 0.3
-2.57434 0.2
-2.57409 0.0
-2.57385 0.0
-2.5736 -0.2
-2.57336 -0.3
-2.57311 -0.5
-2.57287 -0.6
-2.57263 -0.7
-2.57238 -0.8
-2.57214 -0.9
-2.57189 -1.0
-2.57165 -1.2
-2.57141 -1.3
-2.57116 -1.4
-2.57092 -1.5
-2.57067 -1.6
-2.57043 -1.7
-2.57018 -1.8
-2.56994 -1.9
-2.5697 -2.0
-2.56945 -2.1
-2.56921 -2.1
-2.56896 -2.2
-2.56872 -2.3
-2.56848 -2.4
-2.56823 -2.4
-2.56799 -2.5
-2.56774 -2.5
-2.5675 -2.6
-2.56726 -2.6
-2.56701 -2.7
-2.56677 -2.7
-2.56652 -2.8
-2.56628 -2.8
-2.56603 -2.8
-2.56579 -2.8
-2.56555 -2.8
-2.5653 -2.8
-2.56506 -2.8
-2.56481 -2.8
-2.56457 -2.8
-2.56433 -2.8
-2.56408 -2.8
-2.56384 -2.8
-2.56359 -2.7
-2.56335 -2.7
-2.5631 -2.6
-2.56286 -2.6
-2.56262 -2.5
-2.56237 -2.5
-2.56213 -2.4
-2.56188 -2.4
-2.56164 -2.3
-2.5614 -2.2
-2.56115 -2.1
-2.56091 -2.0
-2.56066 -2.0
-2.56042 -1.9
-2.56017 -1.8
-2.55993 -1.7
-2.55969 -1.6
-2.55944 -1.5
-2.5592 -1.4
-2.55895 -1.3
-2.55871 -1.1
-2.55847 -1.0
-2.55822 -0.9
-2.55798 -0.8
-2.55773 -0.7
-2.55749 -0.6
-2.55725 -0.4
-2.557 -0.3
-2.55676 -0.2
-2.55651 0.0
-2.55627 0.0
-2.55602 0.2
-2.55578 0.3
-2.55554 0.4
-2.55529 0.5
-2.55505 0.7
-2.5548 0.8
-2.55456 0.9
-2.55432 1.0
-2.55407 1.1
-2.55383 1.2
-2.55358 1.4
-2.55334 1.5
-2.55309 1.6
-2.55285 1.7
-2.55261 1.8
-2.55236 1.9
-2.55212 2.0
-2.55187 2.0
-2.55163 2.1
-2.55139 2.2
-2.55114 2.3
-2.5509 2.4
-2.55065 2.4
-2.55041 2.5
-2.55017 2.5
-2.54992 2.6
-2.54968 2.6
-2.54943 2.7
-2.54919 2.7
-2.54894 2.8
-2.5487 2.8
-2.54846 2.8
-2.54821 2.8
-2.54797 2.8
-2.54772 2.8
-2.54748 2.8
-2.54724 2.8
-2.54699 2.8
-2.54675 2.8
-2.5465 2.8
-2.54626 2.8
-2.54601 2.7
-2.54577 2.7
-2.54553 2.7
-2.54528 2.6
-2.54504 2.6
-2.54479 2.5
-2.54455 2.4
-2.54431 2.4
-2.54406 2.3
-2.54382 2.2
-2.54357 2.1
-2.54333 2.1
-2.54309 2.0
-2.54284 1.9
-2.5426 1.8
-2.54235 1.7
-2.54211 1.6
-2.54186 1.5
-2.54162 1.4
-2.54138 1.3
-2.54113 1.2
-2.54089 1.0
-2.54064 0.9
-2.5404 0.8
-2.54016 0.7
-2.53991 0.6
-2.53967 0.4
-2.53942 0.3
-2.53918 0.2
-2.53893 0.0
-2.53869 0.0
-2.53845 -0.2
-2.5382 -0.3
-2.53796 -0.4
-2.53771 -0.5
-2.53747 -0.7
-2.53723 -0.8
-2.53698 -0.9
-2.53674 -1.0
-2.53649 -1.1
-2.53625 -1.2
-2.53601 -1.4
-2.53576 -1.5
-2.53552 -1.6
-2.53527 -1.7
-2.53503 -1.8
-2.53478 -1.9
-2.53454 -2.0
-2.5343 -2.0
-2.53405 -2.1
-2.53381 -2.2
-2.53356 -2.3
-2.53332 -2.4
-2.53308 -2.4
-2.53283 -2.5
-2.53259 -2.5
-2.53234 -2.6
-2.5321 -2.6
-2.53185 -2.7
-2.53161 -2.7
-2.53137 -2.8
-2.53112 -2.8
-2.53088 -2.8
-2.53063 -2.8
-2.53039 -2.8
-2.53015 -2.8
-2.5299 -2.8
-2.52966 -2.8
-2.52941 -2.8
-2.52917 -2.8
-2.52892 -2.8
-2.52868 -2.8
-2.52844 -2.7
-2.52819 -2.7
-2.52795 -2.7
-2.5277 -2.6
-2.52746 -2.6
-2.52722 -2.5
-2.52697 -2.4
-2.52673 -2.4
-2.52648 -2.3
-2.52624 -2.2
-2.526 -2.1
-2.52575 -2.1
-2.52551 -2.0
-2.52526 -1.9
-2.52502 -1.8
-2.52477 -1.7
-2.52453 -1.6
-2.52429 -1.5
-2.52404 -1.4
-2.5238 -1.3
-2.52355 -1.1
-2.52331 -1.0
-2.52307 -0.9
-2.52282 -0.8
-2.52258 -0.7
-2.52233 -0.6
-2.52209 -0.4
-2.52184 -0.3
-2.5216 -0.2
-2.52136 0.0
-2.52111 0.0
-2.52087 0.2
-2.52062 0.3
-2.52038 0.4
-2.52014 0.6
-2.51989 0.7
-2.51965 0.8
-2.5194 0.9
-2.51916 1.0
-2.51892 1.2
-2.51867 1.3
-2.51843 1.4
-2.51818 1.5
-2.51794 1.6
-2.51769 1.7
-2.51745 1.8
-2.51721 1.9
-2.51696 2.0
-2.51672 2.1
-2.51647 2.1
-2.51623 2.2
-2.51599 2.3
-2.51574 2.4
-2.5155 2.4
-2.51525 2.5
-2.51501 2.6
-2.51476 2.6
-2.51452 2.7
-2.51428 2.7
-2.51403 2.7
-2.51379 2.8
-2.51354 2.8
-2.5133 2.8
-2.51306 2.8
-2.51281 2.8
-2.51257 2.8
-2.51232 2.8
-2.51208 2.8
-2.51184 2.8
-2.51159 2.8
-2.51135 2.8
-2.5111 2.8
-2.51086 2.7
-2.51061 2.7
-2.51037 2.6
-2.51013 2.6
-2.50988 2.5
-2.50964 2.5
-2.50939 2.4
-2.50915 2.4
-2.50891 2.3
-2.50866 2.2
-2.50842 2.1
-2.50817 2.0
-2.50793 1.9
-2.50768 1.9
-2.50744 1.8
-2.5072 1.7
-2.50695 1.6
-2.50671 1.4
-2.50646 1.3
-2.50622 1.2
-2.50598 1.1
-2.50573 1.0
-2.50549 0.9
-2.50524 0.8
-2.505 0.6
-2.50476 0.5
-2.50451 0.4
-2.50427 0.3
-2.50402 0.1
-2.50378 0.0
-2.50353 -0.1
-2.50329 -0.2
-2.50305 -0.4
-2.5028 -0.5
-2.50256 -0.6
-2.50231 -0.7
-2.50207 -0.8
-2.50183 -1.0
-2.50158 -1.1
-2.50134 -1.2
-2.50109 -1.3
-2.50085 -1.4
-2.5006 -1.5
-2.50036 -1.6
-2.50012 -1.7
-2.49987 -1.8
-2.49963 -1.9
-2.49938 -2.0
-2.49914 -2.1
-2.4989 -2.2
-2.49865 -2.3
-2.49841 -2.3
-2.49816 -2.4
-2.49792 -2.5
-2.49767 -2.5
-2.49743 -2.6
-2.49719 -2.6
-2.49694 -2.7
-2.4967 -2.7
-2.49645 -2.8
-2.49621 -2.8
-2.49597 -2.8
-2.49572 -2.8
-2.49548 -2.8
-2.49523 -2.8
-2.49499 -2.9
-2.49475 -2.8
-2.4945 -2.8
-2.49426 -2.8
-2.49401 -2.8
-2.49377 -2.8
-2.49352 -2.8
-2.49328 -2.7
-2.49304 -2.7
-2.49279 -2.6
-2.49255 -2.6
-2.4923 -2.5
-2.49206 -2.5
-2.49182 -2.4
-2.49157 -2.3
-2.49133 -2.3
-2.49108 -2.2
-2.49084 -2.1
-2.49059 -2.0
-2.49035 -1.9
-2.49011 -1.8
-2.48986 -1.7
-2.48962 -1.6
-2.48937 -1.5
-2.48913 -1.4
-2.48889 -1.3
-2.48864 -1.2
-2.4884 -1.1
-2.48815 -0.9
-2.48791 -0.8
-2.48767 -0.7
-2.48742 -0.6
-2.48718 -0.5
-2.48693 -0.3
-2.48669 -0.2
-2.48644 0.0
-2.4862 0.0
-2.48596 0.2
-2.48571 0.3
-2.48547 0.4
-2.48522 0.5
-2.48498 0.7
-2.48474 0.8
-2.48449 0.9
-2.48425 1.0
-2.484 1.1
-2.48376 1.3
-2.48351 1.4
-2.48327 1.5
-2.48303 1.6
-2.48278 1.7
-2.48254 1.8
-2.48229 1.9
-2.48205 2.0
-2.48181 2.1
-2.48156 2.1
-2.48132 2.2
-2.48107 2.3
-2.48083 2.4
-2.48059 2.4
-2.48034 2.5
-2.4801 2.6
-2.47985 2.6
-2.47961 2.7
-2.47936 2.7
-2.47912 2.7
-2.47888 2.8
-2.47863 2.8
-2.47839 2.8
-2.47814 2.8
-2.4779 2.9
-2.47766 2.9
-2.47741 2.9
-2.47717 2.8
-2.47692 2.8
-2.47668 2.8
-2.47643 2.8
-2.47619 2.8
-2.47595 2.7
-2.4757 2.7
-2.47546 2.7
-2.47521 2.6
-2.47497 2.5
-2.47473 2.5
-2.47448 2.4
-2.47424 2.4
-2.47399 2.3
-2.47375 2.2
-2.47351 2.1
-2.47326 2.0
-2.47302 1.9
-2.47277 1.9
-2.47253 1.8
-2.47228 1.7
-2.47204 1.6
-2.4718 1.4
-2.47155 1.3
-2.47131 1.2
-2.47106 1.1
-2.47082 1.0
-2.47058 0.9
-2.47033 0.7
-2.47009 0.6
-2.46984 0.5
-2.4696 0.4
-2.46935 0.3
-2.46911 0.1
-2.46887 0.0
-2.46862 -0.1
-2.46838 -0.3
-2.46813 -0.4
-2.46789 -0.5
-2.46765 -0.6
-2.4674 -0.7
-2.46716 -0.9
-2.46691 -1.0
-2.46667 -1.1
-2.46642 -1.2
-2.46618 -1.3
-2.46594 -1.4
-2.46569 -1.6
-2.46545 -1.7
-2.4652 -1.8
-2.46496 -1.9
-2.46472 -1.9
-2.46447 -2.0
-2.46423 -2.1
-2.46398 -2.2
-2.46374 -2.3
-2.4635 -2.4
-2.46325 -2.4
-2.46301 -2.5
-2.46276 -2.6
-2.46252 -2.6
-2.46227 -2.7
-2.46203 -2.7
-2.46179 -2.7
-2.46154 -2.8
-2.4613 -2.8
-2.46105 -2.8
-2.46081 -2.8
-2.46057 -2.9
-2.46032 -2.9
-2.46008 -2.9
-2.45983 -2.9
-2.45959 -2.8
-2.45934 -2.8
-2.4591 -2.8
-2.45886 -2.8
-2.45861 -2.7
-2.45837 -2.7
-2.45812 -2.7
-2.45788 -2.6
-2.45764 -2.6
-2.45739 -2.5
-2.45715 -2.4
-2.4569 -2.4
-2.45666 -2.3
-2.45642 -2.2
-2.45617 -2.1
-2.45593 -2.1
-2.45568 -2.0
-2.45544 -1.9
-2.45519 -1.8
-2.45495 -1.7
-2.45471 -1.6
-2.45446 -1.5
-2.45422 -1.4
-2.45397 -1.2
-2.45373 -1.1
-2.45349 -1.0
-2.45324 -0.9
-2.453 -0.8
-2.45275 -0.6
-2.45251 -0.5
-2.45226 -0.4
-2.45202 -0.3
-2.45178 -0.1
-2.45153 0.0
-2.45129 0.1
-2.45104 0.2
-2.4508 0.4
-2.45056 0.5
-2.45031 0.6
-2.45007 0.7
-2.44982 0.9
-2.44958 1.0
-2.44934 1.1
-2.44909 1.2
-2.44885 1.3
-2.4486 1.4
-2.44836 1.5
-2.44811 1.6
-2.44787 1.8
-2.44763 1.8
-2.44738 1.9
-2.44714 2.0
-2.44689 2.1
-2.44665 2.2
-2.44641 2.3
-2.44616 2.4
-2.44592 2.4
-2.44567 2.5
-2.44543 2.6
-2.44518 2.6
-2.44494 2.7
-2.4447 2.7
-2.44445 2.7
-2.44421 2.8
-2.44396 2.8
-2.44372 2.8
-2.44348 2.8
-2.44323 2.9
-2.44299 2.9
-2.44274 2.9
-2.4425 2.9
-2.44226 2.9
-2.44201 2.8
-2.44177 2.8
-2.44152 2.8
-2.44128 2.8
-2.44103 2.7
-2.44079 2.7
-2.44055 2.6
-2.4403 2.6
-2.44006 2.5
-2.43981 2.4
-2.43957 2.4
-2.43933 2.3
-2.43908 2.2
-2.43884 2.1
-2.43859 2.1
-2.43835 2.0
-2.4381 1.9
-2.43786 1.8
-2.43762 1.7
-2.43737 1.6
-2.43713 1.5
-2.43688 1.4
-2.43664 1.2
-2.4364 1.1
-2.43615 1.0
-2.43591 0.9
-2.43566 0.8
-2.43542 0.6
-2.43517 0.5
-2.43493 0.4
-2.43469 0.3
-2.43444 0.1
-2.4342 0.0
-2.43395 -0.1
-2.43371 -0.2
-2.43347 -0.4
-2.43322 -0.5
-2.43298 -0.6
-2.43273 -0.7
-2.43249 -0.9
-2.43225 -1.0
-2.432 -1.1
-2.43176 -1.2
-2.43151 -1.3
-2.43127 -1.4
-2.43102 -1.6
-2.43078 -1.7
-2.43054 -1.8
-2.43029 -1.9
-2.43005 -2.0
-2.4298 -2.0
-2.42956 -2.1
-2.42932 -2.2
-2.42907 -2.3
-2.42883 -2.4
-2.42858 -2.4
-2.42834 -2.5
-2.42809 -2.6
-2.42785 -2.6
-2.42761 -2.7
-2.42736 -2.7
-2.42712 -2.8
-2.42687 -2.8
-2.42663 -2.8
-2.42639 -2.8
-2.42614 -2.9
-2.4259 -2.9
-2.42565 -2.9
-2.42541 -2.9
-2.42517 -2.9
-2.42492 -2.9
-2.42468 -2.8
-2.42443 -2.8
-2.42419 -2.8
-2.42394 -2.8
-2.4237 -2.7
-2.42346 -2.7
-2.42321 -2.6
-2.42297 -2.6
-2.42272 -2.5
-2.42248 -2.4
-2.42224 -2.4
-2.42199 -2.3
-2.42175 -2.2
-2.4215 -2.1
-2.42126 -2.0
-2.42101 -2.0
-2.42077 -1.9
-2.42053 -1.8
-2.42028 -1.7
-2.42004 -1.6
-2.41979 -1.4
-2.41955 -1.3
-2.41931 -1.2
-2.41906 -1.1
-2.41882 -1.0
-2.41857 -0.9
-2.41833 -0.7
-2.41809 -0.6
-2.41784 -0.5
-2.4176 -0.4
-2.41735 -0.2
-2.41711 -0.1
-2.41686 0.0
-2.41662 0.1
-2.41638 0.3
-2.41613 0.4
-2.41589 0.5
-2.41564 0.6
-2.4154 0.8
-2.41516 0.9
-2.41491 1.0
-2.41467 1.1
-2.41442 1.3
-2.41418 1.4
-2.41393 1.5
-2.41369 1.6
-2.41345 1.7
-2.4132 1.8
-2.41296 1.9
-2.41271 2.0
-2.41247 2.1
-2.41223 2.2
-2.41198 2.2
-2.41174 2.3
-2.41149 2.4
-2.41125 2.5
-2.41101 2.5
-2.41076 2.6
-2.41052 2.6
-2.41027 2.7
-2.41003 2.7
-2.40978 2.8
-2.40954 2.8
-2.4093 2.8
-2.40905 2.8
-2.40881 2.9
-2.40856 2.9
-2.40832 2.9
-2.40808 2.9
-2.40783 2.9
-2.40759 2.9
-2.40734 2.8
-2.4071 2.8
-2.40685 2.8
-2.40661 2.7
-2.40637 2.7
-2.40612 2.7
-2.40588 2.6
-2.40563 2.6
-2.40539 2.5
-2.40515 2.4
-2.4049 2.4
-2.40466 2.3
-2.40441 2.2
-2.40417 2.1
-2.40392 2.0
-2.40368 1.9
-2.40344 1.8
-2.40319 1.7
-2.40295 1.6
-2.4027 1.5
-2.40246 1.4
-2.40222 1.3
-2.40197 1.2
-2.40173 1.1
-2.40148 0.9
-2.40124 0.8
-2.401 0.7
-2.40075 0.6
-2.40051 0.4
-2.40026 0.3
-2.40002 0.2
-2.39977 0.0
-2.39953 0.0
-2.39929 -0.2
-2.39904 -0.3
-2.3988 -0.5
-2.39855 -0.6
-2.39831 -0.7
-2.39807 -0.8
-2.39782 -0.9
-2.39758 -1.1
-2.39733 -1.2
-2.39709 -1.3
-2.39684 -1.4
-2.3966 -1.5
-2.39636 -1.6
-2.39611 -1.7
-2.39587 -1.8
-2.39562 -1.9
-2.39538 -2.0
-2.39514 -2.1
-2.39489 -2.2
-2.39465 -2.3
-2.3944 -2.4
-2.39416 -2.4
-2.39392 -2.5
-2.39367 -2.6
-2.39343 -2.6
-2.39318 -2.7
-2.39294 -2.7
-2.39269 -2.8
-2.39245 -2.8
-2.39221 -2.8
-2.39196 -2.8
-2.39172 -2.9
-2.39147 -2.9
-2.39123 -2.9
-2.39099 -2.9
-2.39074 -2.9
-2.3905 -2.9
-2.39025 -2.9
-2.39001 -2.8
-2.38976 -2.8
-2.38952 -2.8
-2.38928 -2.7
-2.38903 -2.7
-2.38879 -2.6
-2.38854 -2.6
-2.3883 -2.5
-2.38806 -2.5
-2.38781 -2.4
-2.38757 -2.3
-2.38732 -2.2
-2.38708 -2.2
-2.38684 -2.1
-2.38659 -2.0
-2.38635 -1.9
-2.3861 -1.8
-2.38586 -1.7
-2.38561 -1.6
-2.38537 -1.5
-2.38513 -1.3
-2.38488 -1.2
-2.38464 -1.1
-2.38439 -1.0
-2.38415 -0.9
-2.38391 -0.7
-2.38366 -0.6
-2.38342 -0.5
-2.38317 -0.4
-2.38293 -0.2
-2.38268 -0.1
-2.38244 0.0
-2.3822 0.1
-2.38195 0.3
-2.38171 0.4
-2.38146 0.5
-2.38122 0.7
-2.38098 0.8
-2.38073 0.9
-2.38049 1.0
-2.38024 1.1
-2.38 1.3
-2.37976 1.4
-2.37951 1.5
-2.37927 1.6
-2.37902 1.7
-2.37878 1.8
-2.37853 1.9
-2.37829 2.0
-2.37805 2.1
-2.3778 2.2
-2.37756 2.3
-2.37731 2.3
-2.37707 2.4
-2.37683 2.5
-2.37658 2.5
-2.37634 2.6
-2.37609 2.7
-2.37585 2.7
-2.3756 2.7
-2.37536 2.8
-2.37512 2.8
-2.37487 2.8
-2.37463 2.9
-2.37438 2.9
-2.37414 2.9
-2.3739 2.9
-2.37365 2.9
-2.37341 2.9
-2.37316 2.9
-2.37292 2.8
-2.37267 2.8
-2.37243 2.8
-2.37219 2.7
-2.37194 2.7
-2.3717 2.7
-2.37145 2.6
-2.37121 2.5
-2.37097 2.5
-2.37072 2.4
-2.37048 2.3
-2.37023 2.3
-2.36999 2.2
-2.36975 2.1
-2.3695 2.0
-2.36926 1.9
-2.36901 1.8
-2.36877 1.7
-2.36852 1.6
-2.36828 1.5
-2.36804 1.4
-2.36779 1.3
-2.36755 1.1
-2.3673 1.0
-2.36706 0.9
-2.36682 0.8
-2.36657 0.7
-2.36633 0.5
-2.36608 0.4
-2.36584 0.3
-2.36559 0.1
-2.36535 0.0
-2.36511 -0.1
-2.36486 -0.2
-2.36462 -0.4
-2.36437 -0.5
-2.36413 -0.6
-2.36389 -0.8
-2.36364 -0.9
-2.3634 -1.0
-2.36315 -1.1
-2.36291 -1.2
-2.36267 -1.4
-2.36242 -1.5
-2.36218 -1.6
-2.36193 -1.7
-2.36169 -1.8
-2.36144 -1.9
-2.3612 -2.0
-2.36096 -2.1
-2.36071 -2.2
-2.36047 -2.2
-2.36022 -2.3
-2.35998 -2.4
-2.35974 -2.5
-2.35949 -2.5
-2.35925 -2.6
-2.359 -2.7
-2.35876 -2.7
-2.35851 -2.7
-2.35827 -2.8
-2.35803 -2.8
-2.35778 -2.8
-2.35754 -2.9
-2.35729 -2.9
-2.35705 -2.9
-2.35681 -2.9
-2.35656 -2.9
-2.35632 -2.9
-2.35607 -2.9
-2.35583 -2.8
-2.35559 -2.8
-2.35534 -2.8
-2.3551 -2.8
-2.35485 -2.7
-2.35461 -2.7
-2.35436 -2.6
-2.35412 -2.6
-2.35388 -2.5
-2.35363 -2.4
-2.35339 -2.4
-2.35314 -2.3
-2.3529 -2.2
-2.35266 -2.1
-2.35241 -2.0
-2.35217 -1.9
-2.35192 -1.8
-2.35168 -1.7
-2.35143 -1.6
-2.35119 -1.5
-2.35095 -1.4
-2.3507 -1.3
-2.35046 -1.2
-2.35021 -1.0
-2.34997 -0.9
-2.34973 -0.8
-2.34948 -0.7
-2.34924 -0.5
-2.34899 -0.4
-2.34875 -0.3
-2.34851 -0.1
-2.34826 0.0
-2.34802 0.1
-2.34777 0.2
-2.34753 0.4
-2.34728 0.5
-2.34704 0.6
-2.3468 0.8
-2.34655 0.9
-2.34631 1.0
-2.34606 1.1
-2.34582 1.2
-2.34558 1.4
-2.34533 1.5
-2.34509 1.6
-2.34484 1.7
-2.3446 1.8
-2.34435 1.9
-2.34411 2.0
-2.34387 2.1
-2.34362 2.2
-2.34338 2.3
-2.34313 2.3
-2.34289 2.4
-2.34265 2.5
-2.3424 2.5
-2.34216 2.6
-2.34191 2.7
-2.34167 2.7
-2.34142 2.7
-2.34118 2.8
-2.34094 2.8
-2.34069 2.8
-2.34045 2.9
-2.3402 2.9
-2.33996 2.9
-2.33972 2.9
-2.33947 2.9
-2.33923 2.9
-2.33898 2.9
-2.33874 2.9
-2.3385 2.8
-2.33825 2.8
-2.33801 2.8
-2.33776 2.7
-2.33752 2.7
-2.33727 2.6
-2.33703 2.6
-2.33679 2.5
-2.33654 2.4
-2.3363 2.3
-2.33605 2.3
-2.33581 2.2
-2.33557 2.1
-2.33532 2.0
-2.33508 1.9
-2.33483 1.8
-2.33459 1.7
-2.33434 1.6
-2.3341 1.5
-2.33386 1.4
-2.33361 1.3
-2.33337 1.1
-2.33312 1.0
-2.33288 0.9
-2.33264 0.8
-2.33239 0.6
-2.33215 0.5
-2.3319 0.4
-2.33166 0.3
-2.33142 0.1
-2.33117 0.0
-2.33093 -0.1
-2.33068 -0.3
-2.33044 -0.4
-2.33019 -0.5
-2.32995 -0.6
-2.32971 -0.8
-2.32946 -0.9
-2.32922 -1.0
-2.32897 -1.1
-2.32873 -1.3
-2.32849 -1.4
-2.32824 -1.5
-2.328 -1.6
-2.32775 -1.7
-2.32751 -1.8
-2.32726 -1.9
-2.32702 -2.0
-2.32678 -2.1
-2.32653 -2.2
-2.32629 -2.3
-2.32604 -2.4
-2.3258 -2.4
-2.32556 -2.5
-2.32531 -2.6
-2.32507 -2.6
-2.32482 -2.7
-2.32458 -2.7
-2.32434 -2.8
-2.32409 -2.8
-2.32385 -2.8
-2.3236 -2.9
-2.32336 -2.9
-2.32311 -2.9
-2.32287 -2.9
-2.32263 -2.9
-2.32238 -2.9
-2.32214 -2.9
-2.32189 -2.9
-2.32165 -2.9
-2.32141 -2.8
-2.32116 -2.8
-2.32092 -2.8
-2.32067 -2.7
-2.32043 -2.7
-2.32018 -2.6
-2.31994 -2.5
-2.3197 -2.5
-2.31945 -2.4
-2.31921 -2.3
-2.31896 -2.3
-2.31872 -2.2
-2.31848 -2.1
-2.31823 -2.0
-2.31799 -1.9
-2.31774 -1.8
-2.3175 -1.7
-2.31726 -1.6
-2.31701 -1.5
-2.31677 -1.3
-2.31652 -1.2
-2.31628 -1.1
-2.31603 -1.0
-2.31579 -0.9
-2.31555 -0.7
-2.3153 -0.6
-2.31506 -0.5
-2.31481 -0.3
-2.31457 -0.2
-2.31433 0.0
-2.31408 0.0
-2.31384 0.2
-2.31359 0.3
-2.31335 0.4
-2.3131 0.6
-2.31286 0.7
-2.31262 0.8
-2.31237 0.9
-2.31213 1.1
-2.31188 1.2
-2.31164 1.3
-2.3114 1.4
-2.31115 1.5
-2.31091 1.6
-2.31066 1.8
-2.31042 1.9
-2.31017 2.0
-2.30993 2.0
-2.30969 2.1
-2.30944 2.2
-2.3092 2.3
-2.30895 2.4
-2.30871 2.5
-2.30847 2.5
-2.30822 2.6
-2.30798 2.6
-2.30773 2.7
-2.30749 2.7
-2.30725 2.8
-2.307 2.8
-2.30676 2.8
-2.30651 2.9
-2.30627 2.9
-2.30602 2.9
-2.30578 2.9
-2.30554 2.9
-2.30529 2.9
-2.30505 2.9
-2.3048 2.9
-2.30456 2.8
-2.30432 2.8
-2.30407 2.8
-2.30383 2.7
-2.30358 2.7
-2.30334 2.6
-2.30309 2.6
-2.30285 2.5
-2.30261 2.4
-2.30236 2.4
-2.30212 2.3
-2.30187 2.2
-2.30163 2.1
-2.30139 2.0
-2.30114 1.9
-2.3009 1.8
-2.30065 1.7
-2.30041 1.6
-2.30017 1.5
-2.29992 1.4
-2.29968 1.3
-2.29943 1.2
-2.29919 1.0
-2.29894 0.9
-2.2987 0.8
-2.29846 0.7
-2.29821 0.5
-2.29797 0.4
-2.29772 0.3
-2.29748 0.2
-2.29724 0.0
-2.29699 -0.1
-2.29675 -0.2
-2.2965 -0.4
-2.29626 -0.5
-2.29601 -0.6
-2.29577 -0.8
-2.29553 -0.9
-2.29528 -1.0
-2.29504 -1.1
-2.29479 -1.3
-2.29455 -1.4
-2.29431 -1.5
-2.29406 -1.6
-2.29382 -1.7
-2.29357 -1.8
-2.29333 -1.9
-2.29309 -2.0
-2.29284 -2.1
-2.2926 -2.2
-2.29235 -2.3
-2.29211 -2.4
-2.29186 -2.4
-2.29162 -2.5
-2.29138 -2.6
-2.29113 -2.6
-2.29089 -2.7
-2.29064 -2.7
-2.2904 -2.8
-2.29016 -2.8
-2.28991 -2.8
-2.28967 -2.9
-2.28942 -2.9
-2.28918 -2.9
-2.28893 -2.9
-2.28869 -2.9
-2.28845 -2.9
-2.2882 -2.9
-2.28796 -2.9
-2.28771 -2.9
-2.28747 -2.8
-2.28723 -2.8
-2.28698 -2.8
-2.28674 -2.7
-2.28649 -2.7
-2.28625 -2.6
-2.28601 -2.5
-2.28576 -2.5
-2.28552 -2.4
-2.28527 -2.3
-2.28503 -2.2
-2.28478 -2.2
-2.28454 -2.1
-2.2843 -2.0
-2.28405 -1.9
-2.28381 -1.8
-2.28356 -1.7
-2.28332 -1.6
-2.28308 -1.4
-2.28283 -1.3
-2.28259 -1.2
-2.28234 -1.1
-2.2821 -1.0
-2.28185 -0.8
-2.28161 -0.7
-2.28137 -0.6
-2.28112 -0.5
-2.28088 -0.3
-2.28063 -0.2
-2.28039 0.0
-2.28015 0.0
-2.2799 0.2
-2.27966 0.3
-2.27941 0.5
-2.27917 0.6
-2.27892 0.7
-2.27868 0.9
-2.27844 1.0
-2.27819 1.1
-2.27795 1.2
-2.2777 1.3
-2.27746 1.5
-2.27722 1.6
-2.27697 1.7
-2.27673 1.8
-2.27648 1.9
-2.27624 2.0
-2.276 2.1
-2.27575 2.2
-2.27551 2.3
-2.27526 2.3
-2.27502 2.4
-2.27477 2.5
-2.27453 2.6
-2.27429 2.6
-2.27404 2.7
-2.2738 2.7
-2.27355 2.8
-2.27331 2.8
-2.27307 2.8
-2.27282 2.9
-2.27258 2.9
-2.27233 2.9
-2.27209 2.9
-2.27184 2.9
-2.2716 2.9
-2.27136 2.9
-2.27111 2.9
-2.27087 2.9
-2.27062 2.8
-2.27038 2.8
-2.27014 2.8
-2.26989 2.7
-2.26965 2.7
-2.2694 2.6
-2.26916 2.6
-2.26892 2.5
-2.26867 2.4
-2.26843 2.3
-2.26818 2.3
-2.26794 2.2
-2.26769 2.1
-2.26745 2.0
-2.26721 1.9
-2.26696 1.8
-2.26672 1.7
-2.26647 1.6
-2.26623 1.5
-2.26599 1.3
-2.26574 1.2
-2.2655 1.1
-2.26525 1.0
-2.26501 0.9
-2.26476 0.7
-2.26452 0.6
-2.26428 0.5
-2.26403 0.3
-2.26379 0.2
-2.26354 0.0
-2.2633 0.0
-2.26306 -0.2
-2.26281 -0.3
-2.26257 -0.5
-2.26232 -0.6
-2.26208 -0.7
-2.26184 -0.8
-2.26159 -1.0
-2.26135 -1.1
-2.2611 -1.2
-2.26086 -1.3
-2.26061 -1.5
-2.26037 -1.6
-2.26013 -1.7
-2.25988 -1.8
-2.25964 -1.9
-2.25939 -2.0
-2.25915 -2.1
-2.25891 -2.2
-2.25866 -2.3
-2.25842 -2.3
-2.25817 -2.4
-2.25793 -2.5
-2.25768 -2.6
-2.25744 -2.6
-2.2572 -2.7
-2.25695 -2.7
-2.25671 -2.8
-2.25646 -2.8
-2.25622 -2.8
-2.25598 -2.9
-2.25573 -2.9
-2.25549 -2.9
-2.25524 -2.9
-2.255 -2.9
-2.25476 -2.9
-2.25451 -2.9
-2.25427 -2.9
-2.25402 -2.9
-2.25378 -2.8
-2.25353 -2.8
-2.25329 -2.8
-2.25305 -2.7
-2.2528 -2.7
-2.25256 -2.6
-2.25231 -2.6
-2.25207 -2.5
-2.25183 -2.4
-2.25158 -2.4
-2.25134 -2.3
-2.25109 -2.2
-2.25085 -2.1
-2.2506 -2.0
-2.25036 -1.9
-2.25012 -1.8
-2.24987 -1.7
-2.24963 -1.6
-2.24938 -1.5
-2.24914 -1.3
-2.2489 -1.2
-2.24865 -1.1
-2.24841 -1.0
-2.24816 -0.9
-2.24792 -0.7
-2.24767 -0.6
-2.24743 -0.5
-2.24719 -0.3
-2.24694 -0.2
-2.2467 0.0
-2.24645 0.0
-2.24621 0.2
-2.24597 0.3
-2.24572 0.5
-2.24548 0.6
-2.24523 0.7
-2.24499 0.9
-2.24475 1.0
-2.2445 1.1
-2.24426 1.2
-2.24401 1.4
-2.24377 1.5
-2.24352 1.6
-2.24328 1.7
-2.24304 1.8
-2.24279 1.9
-2.24255 2.0
-2.2423 2.1
-2.24206 2.2
-2.24182 2.3
-2.24157 2.4
-2.24133 2.4
-2.24108 2.5
-2.24084 2.6
-2.24059 2.6
-2.24035 2.7
-2.24011 2.7
-2.23986 2.8
-2.23962 2.8
-2.23937 2.9
-2.23913 2.9
-2.23889 2.9
-2.23864 2.9
-2.2384 2.9
-2.23815 2.9
-2.23791 2.9
-2.23767 2.9
-2.23742 2.9
-2.23718 2.9
-2.23693 2.8
-2.23669 2.8
-2.23644 2.8
-2.2362 2.7
-2.23596 2.7
-2.23571 2.6
-2.23547 2.6
-2.23522 2.5
-2.23498 2.4
-2.23474 2.3
-2.23449 2.3
-2.23425 2.2
-2.234 2.1
-2.23376 2.0
-2.23351 1.9
-2.23327 1.8
-2.23303 1.7
-2.23278 1.6
-2.23254 1.4
-2.23229 1.3
-2.23205 1.2
-2.23181 1.1
-2.23156 0.9
-2.23132 0.8
-2.23107 0.7
-2.23083 0.6
-2.23059 0.4
-2.23034 0.3
-2.2301 0.2
-2.22985 0.0
-2.22961 -0.1
-2.22936 -0.2
-2.22912 -0.4
-2.22888 -0.5
-2.22863 -0.6
-2.22839 -0.8
-2.22814 -0.9
-2.2279 -1.0
-2.22766 -1.1
-2.22741 -1.3
-2.22717 -1.4
-2.22692 -1.5
-2.22668 -1.6
-2.22643 -1.7
-2.22619 -1.8
-2.22595 -1.9
-2.2257 -2.0
-2.22546 -2.1
-2.22521 -2.2
-2.22497 -2.3
-2.22473 -2.4
-2.22448 -2.5
-2.22424 -2.5
-2.22399 -2.6
-2.22375 -2.7
-2.22351 -2.7
-2.22326 -2.8
-2.22302 -2.8
-2.22277 -2.8
-2.22253 -2.9
-2.22228 -2.9
-2.22204 -2.9
-2.2218 -2.9
-2.22155 -2.9
-2.22131 -2.9
-2.22106 -2.9
-2.22082 -2.9
-2.22058 -2.9
-2.22033 -2.9
-2.22009 -2.8
-2.21984 -2.8
-2.2196 -2.8
-2.21935 -2.7
-2.21911 -2.7
-2.21887 -2.6
-2.21862 -2.5
-2.21838 -2.5
-2.21813 -2.4
-2.21789 -2.3
-2.21765 -2.2
-2.2174 -2.1
-2.21716 -2.0
-2.21691 -1.9
-2.21667 -1.8
-2.21642 -1.7
-2.21618 -1.6
-2.21594 -1.5
-2.21569 -1.4
-2.21545 -1.3
-2.2152 -1.1
-2.21496 -1.0
-2.21472 -0.9
-2.21447 -0.8
-2.21423 -0.6
-2.21398 -0.5
-2.21374 -0.4
-2.2135 -0.2
-2.21325 -0.1
-2.21301 0.0
-2.21276 0.2
-2.21252 0.3
-2.21227 0.4
-2.21203 0.6
-2.21179 0.7
-2.21154 0.8
-2.2113 1.0
-2.21105 1.1
-2.21081 1.2
-2.21057 1.3
-2.21032 1.4
-2.21008 1.6
-2.20983 1.7
-2.20959 1.8
-2.20934 1.9
-2.2091 2.0
-2.20886 2.1
-2.20861 2.2
-2.20837 2.3
-2.20812 2.4
-2.20788 2.4
-2.20764 2.5
-2.20739 2.6
-2.20715 2.6
-2.2069 2.7
-2.20666 2.7
-2.20642 2.8
-2.20617 2.8
-2.20593 2.9
-2.20568 2.9
-2.20544 2.9
-2.20519 2.9
-2.20495 2.9
-2.20471 2.9
-2.20446 2.9
-2.20422 2.9
-2.20397 2.9
-2.20373 2.9
-2.20349 2.9
-2.20324 2.8
-2.203 2.8
-2.20275 2.7
-2.20251 2.7
-2.20226 2.6
-2.20202 2.6
-2.20178 2.5
-2.20153 2.4
-2.20129 2.3
-2.20104 2.3
-2.2008 2.2
-2.20056 2.1
-2.20031 2.0
-2.20007 1.9
-2.19982 1.8
-2.19958 1.7
-2.19934 1.6
-2.19909 1.4
-2.19885 1.3
-2.1986 1.2
-2.19836 1.1
-2.19811 0.9
-2.19787 0.8
-2.19763 0.7
-2.19738 0.6
-2.19714 0.4
-2.19689 0.3
-2.19665 0.2
-2.19641 0.0
-2.19616 -0.1
-2.19592 -0.3
-2.19567 -0.4
-2.19543 -0.5
-2.19518 -0.7
-2.19494 -0.8
-2.1947 -0.9
-2.19445 -1.0
-2.19421 -1.2
-2.19396 -1.3
-2.19372 -1.4
-2.19348 -1.5
-2.19323 -1.6
-2.19299 -1.8
-2.19274 -1.9
-2.1925 -2.0
-2.19226 -2.1
-2.19201 -2.2
-2.19177 -2.2
-2.19152 -2.3
-2.19128 -2.4
-2.19103 -2.5
-2.19079 -2.6
-2.19055 -2.6
-2.1903 -2.7
-2.19006 -2.7
-2.18981 -2.8
-2.18957 -2.8
-2.18933 -2.9
-2.18908 -2.9
-2.18884 -2.9
-2.18859 -2.9
-2.18835 -2.9
-2.1881 -2.9
-2.18786 -2.9
-2.18762 -2.9
-2.18737 -2.9
-2.18713 -2.9
-2.18688 -2.9
-2.18664 -2.8
-2.1864 -2.8
-2.18615 -2.8
-2.18591 -2.7
-2.18566 -2.6
-2.18542 -2.6
-2.18517 -2.5
-2.18493 -2.4
-2.18469 -2.4
-2.18444 -2.3
-2.1842 -2.2
-2.18395 -2.1
-2.18371 -2.0
-2.18347 -1.9
-2.18322 -1.8
-2.18298 -1.7
-2.18273 -1.6
-2.18249 -1.5
-2.18225 -1.3
-2.182 -1.2
-2.18176 -1.1
-2.18151 -1.0
-2.18127 -0.8
-2.18102 -0.7
-2.18078 -0.6
-2.18054 -0.4
-2.18029 -0.3
-2.18005 -0.2
-2.1798 0.0
-2.17956 0.0
-2.17932 0.2
-2.17907 0.4
-2.17883 0.5
-2.17858 0.6
-2.17834 0.8
-2.17809 0.9
-2.17785 1.0
-2.17761 1.2
-2.17736 1.3
-2.17712 1.4
-2.17687 1.5
-2.17663 1.6
-2.17639 1.7
-2.17614 1.8
-2.1759 2.0
-2.17565 2.1
-2.17541 2.1
-2.17517 2.2
-2.17492 2.3
-2.17468 2.4
-2.17443 2.5
-2.17419 2.6
-2.17394 2.6
-2.1737 2.7
-2.17346 2.7
-2.17321 2.8
-2.17297 2.8
-2.17272 2.9
-2.17248 2.9
-2.17224 2.9
-2.17199 2.9
-2.17175 2.9
-2.1715 2.9
-2.17126 2.9
-2.17101 2.9
-2.17077 2.9
-2.17053 2.9
-2.17028 2.9
-2.17004 2.8
-2.16979 2.8
-2.16955 2.8
-2.16931 2.7
-2.16906 2.7
-2.16882 2.6
-2.16857 2.5
-2.16833 2.5
-2.16809 2.4
-2.16784 2.3
-2.1676 2.2
-2.16735 2.1
-2.16711 2.0
-2.16686 1.9
-2.16662 1.8
-2.16638 1.7
-2.16613 1.6
-2.16589 1.5
-2.16564 1.4
-2.1654 1.2
-2.16516 1.1
-2.16491 1.0
-2.16467 0.8
-2.16442 0.7
-2.16418 0.6
-2.16393 0.4
-2.16369 0.3
-2.16345 0.2
-2.1632 0.0
-2.16296 0.0
-2.16271 -0.2
-2.16247 -0.4
-2.16223 -0.5
-2.16198 -0.6
-2.16174 -0.8
-2.16149 -0.9
-2.16125 -1.0
-2.16101 -1.2
-2.16076 -1.3
-2.16052 -1.4
-2.16027 -1.5
-2.16003 -1.6
-2.15978 -1.8
-2.15954 -1.9
-2.1593 -2.0
-2.15905 -2.1
-2.15881 -2.2
-2.15856 -2.2
-2.15832 -2.3
-2.15808 -2.4
-2.15783 -2.5
-2.15759 -2.6
-2.15734 -2.6
-2.1571 -2.7
-2.15685 -2.7
-2.15661 -2.8
-2.15637 -2.8
-2.15612 -2.9
-2.15588 -2.9
-2.15563 -2.9
-2.15539 -2.9
-2.15515 -2.9
-2.1549 -3.0
-2.15466 -3.0
-2.15441 -2.9
-2.15417 -2.9
-2.15392 -2.9
-2.15368 -2.9
-2.15344 -2.8
-2.15319 -2.8
-2.15295 -2.8
-2.1527 -2.7
-2.15246 -2.7
-2.15222 -2.6
-2.15197 -2.5
-2.15173 -2.4
-2.15148 -2.4
-2.15124 -2.3
-2.151 -2.2
-2.15075 -2.1
-2.15051 -2.0
-2.15026 -1.9
-2.15002 -1.8
-2.14977 -1.7
-2.14953 -1.6
-2.14929 -1.5
-2.14904 -1.3
-2.1488 -1.2
-2.14855 -1.1
-2.14831 -1.0
-2.14807 -0.8
-2.14782 -0.7
-2.14758 -0.6
-2.14733 -0.4
-2.14709 -0.3
-2.14684 -0.1
-2.1466 0.0
-2.14636 0.1
-2.14611 0.3
-2.14587 0.4
-2.14562 0.5
-2.14538 0.7
-2.14514 0.8
-2.14489 0.9
-2.14465 1.1
-2.1444 1.2
-2.14416 1.3
-2.14392 1.4
-2.14367 1.6
-2.14343 1.7
-2.14318 1.8
-2.14294 1.9
-2.14269 2.0
-2.14245 2.1
-2.14221 2.2
-2.14196 2.3
-2.14172 2.4
-2.14147 2.4
-2.14123 2.5
-2.14099 2.6
-2.14074 2.6
-2.1405 2.7
-2.14025 2.8
-2.14001 2.8
-2.13976 2.8
-2.13952 2.9
-2.13928 2.9
-2.13903 2.9
-2.13879 2.9
-2.13854 3.0
-2.1383 3.0
-2.13806 3.0
-2.13781 2.9
-2.13757 2.9
-2.13732 2.9
-2.13708 2.9
-2.13684 2.8
-2.13659 2.8
-2.13635 2.8
-2.1361 2.7
-2.13586 2.6
-2.13561 2.6
-2.13537 2.5
-2.13513 2.4
-2.13488 2.3
-2.13464 2.3
-2.13439 2.2
-2.13415 2.1
-2.13391 2.0
-2.13366 1.9
-2.13342 1.8
-2.13317 1.6
-2.13293 1.5
-2.13268 1.4
-2.13244 1.3
-2.1322 1.2
-2.13195 1.0
-2.13171 0.9
-2.13146 0.8
-2.13122 0.6
-2.13098 0.5
-2.13073 0.4
-2.13049 0.2
-2.13024 0.0
-2.13 0.0
-2.12976 -0.2
-2.12951 -0.3
-2.12927 -0.5
-2.12902 -0.6
-2.12878 -0.7
-2.12853 -0.9
-2.12829 -1.0
-2.12805 -1.1
-2.1278 -1.2
-2.12756 -1.4
-2.12731 -1.5
-2.12707 -1.6
-2.12683 -1.7
-2.12658 -1.8
-2.12634 -1.9
-2.12609 -2.0
-2.12585 -2.1
-2.1256 -2.2
-2.12536 -2.3
-2.12512 -2.4
-2.12487 -2.5
-2.12463 -2.6
-2.12438 -2.6
-2.12414 -2.7
-2.1239 -2.7
-2.12365 -2.8
-2.12341 -2.8
-2.12316 -2.9
-2.12292 -2.9
-2.12267 -2.9
-2.12243 -2.9
-2.12219 -3.0
-2.12194 -3.0
-2.1217 -3.0
-2.12145 -3.0
-2.12121 -2.9
-2.12097 -2.9
-2.12072 -2.9
-2.12048 -2.9
-2.12023 -2.8
-2.11999 -2.8
-2.11975 -2.7
-2.1195 -2.7
-2.11926 -2.6
-2.11901 -2.5
-2.11877 -2.5
-2.11852 -2.4
-2.11828 -2.3
-2.11804 -2.2
-2.11779 -2.1
-2.11755 -2.0
-2.1173 -1.9
-2.11706 -1.8
-2.11682 -1.7
-2.11657 -1.6
-2.11633 -1.5
-2.11608 -1.3
-2.11584 -1.2
-2.11559 -1.1
-2.11535 -1.0
-2.11511 -0.8
-2.11486 -0.7
-2.11462 -0.6
-2.11437 -0.4
-2.11413 -0.3
-2.11389 -0.2
-2.11364 0.0
-2.1134 0.1
-2.11315 0.3
-2.11291 0.4
-2.11267 0.5
-2.11242 0.7
-2.11218 0.8
-2.11193 0.9
-2.11169 1.1
-2.11144 1.2
-2.1112 1.3
-2.11096 1.4
-2.11071 1.6
-2.11047 1.7
-2.11022 1.8
-2.10998 1.9
-2.10974 2.0
-2.10949 2.1
-2.10925 2.2
-2.109 2.3
-2.10876 2.4
-2.10851 2.5
-2.10827 2.5
-2.10803 2.6
-2.10778 2.7
-2.10754 2.7
-2.10729 2.8
-2.10705 2.8
-2.10681 2.9
-2.10656 2.9
-2.10632 2.9
-2.10607 2.9
-2.10583 3.0
-2.10559 3.0
-2.10534 3.0
-2.1051 3.0
-2.10485 3.0
-2.10461 2.9
-2.10436 2.9
-2.10412 2.9
-2.10388 2.8
-2.10363 2.8
-2.10339 2.8
-2.10314 2.7
-2.1029 2.6
-2.10266 2.6
-2.10241 2.5
-2.10217 2.4
-2.10192 2.3
-2.10168 2.2
-2.10143 2.2
-2.10119 2.1
-2.10095 2.0
-2.1007 1.8
-2.10046 1.7
-2.10021 1.6
-2.09997 1.5
-2.09973 1.4
-2.09948 1.3
-2.09924 1.1
-2.09899 1.0
-2.09875 0.9
-2.09851 0.7
-2.09826 0.6
-2.09802 0.5
-2.09777 0.3
-2.09753 0.2
-2.09728 0.0
-2.09704 0.0
-2.0968 -0.2
-2.09655 -0.4
-2.09631 -0.5
-2.09606 -0.6
-2.09582 -0.8
-2.09558 -0.9
-2.09533 -1.0
-2.09509 -1.2
-2.09484 -1.3
-2.0946 -1.4
-2.09435 -1.5
-2.09411 -1.7
-2.09387 -1.8
-2.09362 -1.9
-2.09338 -2.0
-2.09313 -2.1
-2.09289 -2.2
-2.09265 -2.3
-2.0924 -2.4
-2.09216 -2.4
-2.09191 -2.5
-2.09167 -2.6
-2.09142 -2.7
-2.09118 -2.7
-2.09094 -2.8
-2.09069 -2.8
-2.09045 -2.9
-2.0902 -2.9
-2.08996 -2.9
-2.08972 -2.9
-2.08947 -3.0
-2.08923 -3.0
-2.08898 -3.0
-2.08874 -3.0
-2.0885 -3.0
-2.08825 -2.9
-2.08801 -2.9
-2.08776 -2.9
-2.08752 -2.9
-2.08727 -2.8
-2.08703 -2.8
-2.08679 -2.7
-2.08654 -2.6
-2.0863 -2.6
-2.08605 -2.5
-2.08581 -2.4
-2.08557 -2.3
-2.08532 -2.3
-2.08508 -2.2
-2.08483 -2.1
-2.08459 -2.0
-2.08434 -1.9
-2.0841 -1.7
-2.08386 -1.6
-2.08361 -1.5
-2.08337 -1.4
-2.08312 -1.3
-2.08288 -1.1
-2.08264 -1.0
-2.08239 -0.9
-2.08215 -0.7
-2.0819 -0.6
-2.08166 -0.5
-2.08142 -0.3
-2.08117 -0.2
-2.08093 0.0
-2.08068 0.0
-2.08044 0.2
-2.08019 0.4
-2.07995 0.5
-2.07971 0.6
-2.07946 0.8
-2.07922 0.9
-2.07897 1.0
-2.07873 1.2
-2.07849 1.3
-2.07824 1.4
-2.078 1.5
-2.07775 1.7
-2.07751 1.8
-2.07726 1.9
-2.07702 2.0
-2.07678 2.1
-2.07653 2.2
-2.07629 2.3
-2.07604 2.4
-2.0758 2.5
-2.07556 2.5
-2.07531 2.6
-2.07507 2.7
-2.07482 2.7
-2.07458 2.8
-2.07434 2.8
-2.07409 2.9
-2.07385 2.9
-2.0736 2.9
-2.07336 3.0
-2.07311 3.0
-2.07287 3.0
-2.07263 3.0
-2.07238 3.0
-2.07214 3.0
-2.07189 2.9
-2.07165 2.9
-2.07141 2.9
-2.07116 2.9
-2.07092 2.8
-2.07067 2.8
-2.07043 2.7
-2.07018 2.6
-2.06994 2.6
-2.0697 2.5
-2.06945 2.4
-2.06921 2.3
-2.06896 2.3
-2.06872 2.2
-2.06848 2.1
-2.06823 2.0
-2.06799 1.8
-2.06774 1.7
-2.0675 1.6
-2.06726 1.5
-2.06701 1.4
-2.06677 1.3
-2.06652 1.1
-2.06628 1.0
-2.06603 0.9
-2.06579 0.7
-2.06555 0.6
-2.0653 0.4
-2.06506 0.3
-2.06481 0.2
-2.06457 0.0
-2.06433 -0.1
-2.06408 -0.3
-2.06384 -0.4
-2.06359 -0.5
-2.06335 -0.7
-2.0631 -0.8
-2.06286 -0.9
-2.06262 -1.1
-2.06237 -1.2
-2.06213 -1.3
-2.06188 -1.5
-2.06164 -1.6
-2.0614 -1.7
-2.06115 -1.8
-2.06091 -1.9
-2.06066 -2.0
-2.06042 -2.1
-2.06017 -2.2
-2.05993 -2.3
-2.05969 -2.4
-2.05944 -2.5
-2.0592 -2.6
-2.05895 -2.6
-2.05871 -2.7
-2.05847 -2.7
-2.05822 -2.8
-2.05798 -2.8
-2.05773 -2.9
-2.05749 -2.9
-2.05725 -2.9
-2.057 -3.0
-2.05676 -3.0
-2.05651 -3.0
-2.05627 -3.0
-2.05602 -3.0
-2.05578 -3.0
-2.05554 -2.9
-2.05529 -2.9
-2.05505 -2.9
-2.0548 -2.8
-2.05456 -2.8
-2.05432 -2.8
-2.05407 -2.7
-2.05383 -2.6
-2.05358 -2.6
-2.05334 -2.5
-2.05309 -2.4
-2.05285 -2.3
-2.05261 -2.2
-2.05236 -2.1
-2.05212 -2.0
-2.05187 -1.9
-2.05163 -1.8
-2.05139 -1.7
-2.05114 -1.6
-2.0509 -1.5
-2.05065 -1.3
-2.05041 -1.2
-2.05017 -1.1
-2.04992 -0.9
-2.04968 -0.8
-2.04943 -0.7
-2.04919 -0.5
-2.04894 -0.4
-2.0487 -0.3
-2.04846 -0.1
-2.04821 0.0
-2.04797 0.2
-2.04772 0.3
-2.04748 0.4
-2.04724 0.6
-2.04699 0.7
-2.04675 0.9
-2.0465 1.0
-2.04626 1.1
-2.04601 1.3
-2.04577 1.4
-2.04553 1.5
-2.04528 1.6
-2.04504 1.7
-2.04479 1.9
-2.04455 2.0
-2.04431 2.1
-2.04406 2.2
-2.04382 2.3
-2.04357 2.3
-2.04333 2.4
-2.04309 2.5
-2.04284 2.6
-2.0426 2.7
-2.04235 2.7
-2.04211 2.8
-2.04186 2.8
-2.04162 2.9
-2.04138 2.9
-2.04113 2.9
-2.04089 3.0
-2.04064 3.0
-2.0404 3.0
-2.04016 3.0
-2.03991 3.0
-2.03967 3.0
-2.03942 3.0
-2.03918 2.9
-2.03893 2.9
-2.03869 2.9
-2.03845 2.8
-2.0382 2.8
-2.03796 2.7
-2.03771 2.7
-2.03747 2.6
-2.03723 2.5
-2.03698 2.5
-2.03674 2.4
-2.03649 2.3
-2.03625 2.2
-2.03601 2.1
-2.03576 2.0
-2.03552 1.9
-2.03527 1.8
-2.03503 1.6
-2.03478 1.5
-2.03454 1.4
-2.0343 1.3
-2.03405 1.1
-2.03381 1.0
-2.03356 0.9
-2.03332 0.7
-2.03308 0.6
-2.03283 0.5
-2.03259 0.3
-2.03234 0.2
-2.0321 0.0
-2.03185 0.0
-2.03161 -0.2
-2.03137 -0.4
-2.03112 -0.5
-2.03088 -0.7
-2.03063 -0.8
-2.03039 -0.9
-2.03015 -1.1
-2.0299 -1.2
-2.02966 -1.3
-2.02941 -1.5
-2.02917 -1.6
-2.02892 -1.7
-2.02868 -1.8
-2.02844 -1.9
-2.02819 -2.0
-2.02795 -2.1
-2.0277 -2.2
-2.02746 -2.3
-2.02722 -2.4
-2.02697 -2.5
-2.02673 -2.6
-2.02648 -2.6
-2.02624 -2.7
-2.026 -2.8
-2.02575 -2.8
-2.02551 -2.9
-2.02526 -2.9
-2.02502 -2.9
-2.02477 -3.0
-2.02453 -3.0
-2.02429 -3.0
-2.02404 -3.0
-2.0238 -3.0
-2.02355 -3.0
-2.02331 -3.0
-2.02307 -3.0
-2.02282 -2.9
-2.02258 -2.9
-2.02233 -2.9
-2.02209 -2.8
-2.02184 -2.8
-2.0216 -2.7
-2.02136 -2.6
-2.02111 -2.6
-2.02087 -2.5
-2.02062 -2.4
-2.02038 -2.3
-2.02014 -2.2
-2.01989 -2.1
-2.01965 -2.0
-2.0194 -1.9
-2.01916 -1.8
-2.01892 -1.7
-2.01867 -1.6
-2.01843 -1.4
-2.01818 -1.3
-2.01794 -1.2
-2.01769 -1.1
-2.01745 -0.9
-2.01721 -0.8
-2.01696 -0.6
-2.01672 -0.5
-2.01647 -0.4
-2.01623 -0.2
-2.01599 0.0
-2.01574 0.0
-2.0155 0.2
-2.01525 0.3
-2.01501 0.5
-2.01476 0.6
-2.01452 0.8
-2.01428 0.9
-2.01403 1.0
-2.01379 1.2
-2.01354 1.3
-2.0133 1.4
-2.01306 1.5
-2.01281 1.7
-2.01257 1.8
-2.01232 1.9
-2.01208 2.0
-2.01184 2.1
-2.01159 2.2
-2.01135 2.3
-2.0111 2.4
-2.01086 2.5
-2.01061 2.6
-2.01037 2.6
-2.01013 2.7
-2.00988 2.8
-2.00964 2.8
-2.00939 2.9
-2.00915 2.9
-2.00891 2.9
-2.00866 3.0
-2.00842 3.0
-2.00817 3.0
-2.00793 3.0
-2.00768 3.0
-2.00744 3.0
-2.0072 3.0
-2.00695 3.0
-2.00671 2.9
-2.00646 2.9
-2.00622 2.9
-2.00598 2.8
-2.00573 2.8
-2.00549 2.7
-2.00524 2.6
-2.005 2.6
-2.00476 2.5
-2.00451 2.4
-2.00427 2.3
-2.00402 2.2
-2.00378 2.1
-2.00353 2.0
-2.00329 1.9
-2.00305 1.8
-2.0028 1.7
-2.00256 1.6
-2.00231 1.5
-2.00207 1.3
-2.00183 1.2
-2.00158 1.1
-2.00134 0.9
-2.00109 0.8
-2.00085 0.7
-2.0006 0.5
-2.00036 0.4
-2.00012 0.2
-1.99987 0.0
-1.99963 0.0
-1.99938 -0.2
-1.99914 -0.3
-1.9989 -0.5
-1.99865 -0.6
-1.99841 -0.8
-1.99816 -0.9
-1.99792 -1.0
-1.99767 -1.2
-1.99743 -1.3
-1.99719 -1.4
-1.99694 -1.5
-1.9967 -1.7
-1.99645 -1.8
-1.99621 -1.9
-1.99597 -2.0
-1.99572 -2.1
-1.99548 -2.2
-1.99523 -2.3
-1.99499 -2.4
-1.99475 -2.5
-1.9945 -2.6
-1.99426 -2.6
-1.99401 -2.7
-1.99377 -2.8
-1.99352 -2.8
-1.99328 -2.9
-1.99304 -2.9
-1.99279 -2.9
-1.99255 -3.0
-1.9923 -3.0
-1.99206 -3.0
-1.99182 -3.0
-1.99157 -3.0
-1.99133 -3.0
-1.99108 -3.0
-1.99084 -3.0
-1.99059 -2.9
-1.99035 -2.9
-1.99011 -2.9
-1.98986 -2.8
-1.98962 -2.8
-1.98937 -2.7
-1.98913 -2.6
-1.98889 -2.6
-1.98864 -2.5
-1.9884 -2.4
-1.98815 -2.3
-1.98791 -2.2
-1.98767 -2.1
-1.98742 -2.0
-1.98718 -1.9
-1.98693 -1.8
-1.98669 -1.7
-1.98644 -1.6
-1.9862 -1.5
-1.98596 -1.3
-1.98571 -1.2
-1.98547 -1.1
-1.98522 -0.9
-1.98498 -0.8
-1.98474 -0.6
-1.98449 -0.5
-1.98425 -0.4
-1.984 -0.2
-1.98376 0.0
-1.98351 0.0
-1.98327 0.2
-1.98303 0.4
-1.98278 0.5
-1.98254 0.6
-1.98229 0.8
-1.98205 0.9
-1.98181 1.0
-1.98156 1.2
-1.98132 1.3
-1.98107 1.4
-1.98083 1.6
-1.98059 1.7
-1.98034 1.8
-1.9801 1.9
-1.97985 2.0
-1.97961 2.1
-1.97936 2.2
-1.97912 2.3
-1.97888 2.4
-1.97863 2.5
-1.97839 2.6
-1.97814 2.6
-1.9779 2.7
-1.97766 2.8
-1.97741 2.8
-1.97717 2.9
-1.97692 2.9
-1.97668 2.9
-1.97643 3.0
-1.97619 3.0
-1.97595 3.0
-1.9757 3.0
-1.97546 3.0
-1.97521 3.0
-1.97497 3.0
-1.97473 3.0
-1.97448 2.9
-1.97424 2.9
-1.97399 2.9
-1.97375 2.8
-1.97351 2.8
-1.97326 2.7
-1.97302 2.6
-1.97277 2.6
-1.97253 2.5
-1.97228 2.4
-1.97204 2.3
-1.9718 2.2
-1.97155 2.1
-1.97131 2.0
-1.97106 1.9
-1.97082 1.8
-1.97058 1.7
-1.97033 1.5
-1.97009 1.4
-1.96984 1.3
-1.9696 1.2
-1.96935 1.0
-1.96911 0.9
-1.96887 0.7
-1.96862 0.6
-1.96838 0.5
-1.96813 0.3
-1.96789 0.2
-1.96765 0.0
-1.9674 -0.1
-1.96716 -0.3
-1.96691 -0.4
-1.96667 -0.5
-1.96642 -0.7
-1.96618 -0.8
-1.96594 -1.0
-1.96569 -1.1
-1.96545 -1.2
-1.9652 -1.4
-1.96496 -1.5
-1.96472 -1.6
-1.96447 -1.7
-1.96423 -1.8
-1.96398 -2.0
-1.96374 -2.1
-1.9635 -2.2
-1.96325 -2.3
-1.96301 -2.4
-1.96276 -2.4
-1.96252 -2.5
-1.96227 -2.6
-1.96203 -2.7
-1.96179 -2.7
-1.96154 -2.8
-1.9613 -2.8
-1.96105 -2.9
-1.96081 -2.9
-1.96057 -3.0
-1.96032 -3.0
-1.96008 -3.0
-1.95983 -3.0
-1.95959 -3.0
-1.95934 -3.0
-1.9591 -3.0
-1.95886 -3.0
-1.95861 -3.0
-1.95837 -2.9
-1.95812 -2.9
-1.95788 -2.9
-1.95764 -2.8
-1.95739 -2.7
-1.95715 -2.7
-1.9569 -2.6
-1.95666 -2.5
-1.95642 -2.5
-1.95617 -2.4
-1.95593 -2.3
-1.95568 -2.2
-1.95544 -2.1
-1.95519 -2.0
-1.95495 -1.9
-1.95471 -1.7
-1.95446 -1.6
-1.95422 -1.5
-1.95397 -1.4
-1.95373 -1.2
-1.95349 -1.1
-1.95324 -1.0
-1.953 -0.8
-1.95275 -0.7
-1.95251 -0.5
-1.95226 -0.4
-1.95202 -0.3
-1.95178 -0.1
-1.95153 0.0
-1.95129 0.2
-1.95104 0.3
-1.9508 0.5
-1.95056 0.6
-1.95031 0.8
-1.95007 0.9
-1.94982 1.0
-1.94958 1.2
-1.94934 1.3
-1.94909 1.4
-1.94885 1.6
-1.9486 1.7
-1.94836 1.8
-1.94811 1.9
-1.94787 2.0
-1.94763 2.1
-1.94738 2.2
-1.94714 2.3
-1.94689 2.4
-1.94665 2.5
-1.94641 2.6
-1.94616 2.7
-1.94592 2.7
-1.94567 2.8
-1.94543 2.8
-1.94518 2.9
-1.94494 2.9
-1.9447 3.0
-1.94445 3.0
-1.94421 3.0
-1.94396 3.0
-1.94372 3.0
-1.94348 3.0
-1.94323 3.0
-1.94299 3.0
-1.94274 3.0
-1.9425 3.0
-1.94226 2.9
-1.94201 2.9
-1.94177 2.8
-1.94152 2.8
-1.94128 2.7
-1.94103 2.6
-1.94079 2.6
-1.94055 2.5
-1.9403 2.4
-1.94006 2.3
-1.93981 2.2
-1.93957 2.1
-1.93933 2.0
-1.93908 1.9
-1.93884 1.8
-1.93859 1.7
-1.93835 1.5
-1.9381 1.4
-1.93786 1.3
-1.93762 1.1
-1.93737 1.0
-1.93713 0.9
-1.93688 0.7
-1.93664 0.6
-1.9364 0.4
-1.93615 0.3
-1.93591 0.2
-1.93566 0.0
-1.93542 -0.1
-1.93517 -0.3
-1.93493 -0.4
-1.93469 -0.6
-1.93444 -0.7
-1.9342 -0.9
-1.93395 -1.0
-1.93371 -1.1
-1.93347 -1.3
-1.93322 -1.4
-1.93298 -1.5
-1.93273 -1.7
-1.93249 -1.8
-1.93225 -1.9
-1.932 -2.0
-1.93176 -2.1
-1.93151 -2.2
-1.93127 -2.3
-1.93102 -2.4
-1.93078 -2.5
-1.93054 -2.6
-1.93029 -2.6
-1.93005 -2.7
-1.9298 -2.8
-1.92956 -2.8
-1.92932 -2.9
-1.92907 -2.9
-1.92883 -3.0
-1.92858 -3.0
-1.92834 -3.0
-1.92809 -3.0
-1.92785 -3.0
-1.92761 -3.0
-1.92736 -3.0
-1.92712 -3.0
-1.92687 -3.0
-1.92663 -3.0
-1.92639 -2.9
-1.92614 -2.9
-1.9259 -2.8
-1.92565 -2.8
-1.92541 -2.7
-1.92517 -2.7
-1.92492 -2.6
-1.92468 -2.5
-1.92443 -2.4
-1.92419 -2.3
-1.92394 -2.2
-1.9237 -2.1
-1.92346 -2.0
-1.92321 -1.9
-1.92297 -1.8
-1.92272 -1.7
-1.92248 -1.6
-1.92224 -1.4
-1.92199 -1.3
-1.92175 -1.2
-1.9215 -1.0
-1.92126 -0.9
-1.92101 -0.7
-1.92077 -0.6
-1.92053 -0.5
-1.92028 -0.3
-1.92004 -0.2
-1.91979 0.0
-1.91955 0.1
-1.91931 0.3
-1.91906 0.4
-1.91882 0.6
-1.91857 0.7
-1.91833 0.8
-1.91809 1.0
-1.91784 1.1
-1.9176 1.3
-1.91735 1.4
-1.91711 1.5
-1.91686 1.6
-1.91662 1.8
-1.91638 1.9
-1.91613 2.0
-1.91589 2.1
-1.91564 2.2
-1.9154 2.3
-1.91516 2.4
-1.91491 2.5
-1.91467 2.6
-1.91442 2.6
-1.91418 2.7
-1.91393 2.8
-1.91369 2.8
-1.91345 2.9
-1.9132 2.9
-1.91296 3.0
-1.91271 3.0
-1.91247 3.0
-1.91223 3.0
-1.91198 3.0
-1.91174 3.0
-1.91149 3.0
-1.91125 3.0
-1.91101 3.0
-1.91076 3.0
-1.91052 2.9
-1.91027 2.9
-1.91003 2.8
-1.90978 2.8
-1.90954 2.7
-1.9093 2.7
-1.90905 2.6
-1.90881 2.5
-1.90856 2.4
-1.90832 2.3
-1.90808 2.2
-1.90783 2.1
-1.90759 2.0
-1.90734 1.9
-1.9071 1.8
-1.90685 1.7
-1.90661 1.6
-1.90637 1.4
-1.90612 1.3
-1.90588 1.2
-1.90563 1.0
-1.90539 0.9
-1.90515 0.7
-1.9049 0.6
-1.90466 0.4
-1.90441 0.3
-1.90417 0.2
-1.90392 0.0
-1.90368 -0.1
-1.90344 -0.3
-1.90319 -0.4
-1.90295 -0.6
-1.9027 -0.7
-1.90246 -0.9
-1.90222 -1.0
-1.90197 -1.1
-1.90173 -1.3
-1.90148 -1.4
-1.90124 -1.5
-1.901 -1.7
-1.90075 -1.8
-1.90051 -1.9
-1.90026 -2.0
-1.90002 -2.1
-1.89977 -2.2
-1.89953 -2.3
-1.89929 -2.4
-1.89904 -2.5
-1.8988 -2.6
-1.89855 -2.7
-1.89831 -2.7
-1.89807 -2.8
-1.89782 -2.8
-1.89758 -2.9
-1.89733 -2.9
-1.89709 -3.0
-1.89684 -3.0
-1.8966 -3.0
-1.89636 -3.0
-1.89611 -3.0
-1.89587 -3.0
-1.89562 -3.0
-1.89538 -3.0
-1.89514 -3.0
-1.89489 -3.0
-1.89465 -2.9
-1.8944 -2.9
-1.89416 -2.8
-1.89392 -2.8
-1.89367 -2.7
-1.89343 -2.7
-1.89318 -2.6
-1.89294 -2.5
-1.89269 -2.4
-1.89245 -2.3
-1.89221 -2.2
-1.89196 -2.1
-1.89172 -2.0
-1.89147 -1.9
-1.89123 -1.8
-1.89099 -1.6
-1.89074 -1.5
-1.8905 -1.4
-1.89025 -1.3
-1.89001 -1.1
-1.88976 -1.0
-1.88952 -0.8
-1.88928 -0.7
-1.88903 -0.6
-1.88879 -0.4
-1.88854 -0.3
-1.8883 -0.1
-1.88806 0.0
-1.88781 0.2
-1.88757 0.3
-1.88732 0.5
-1.88708 0.6
-1.88684 0.8
-1.88659 0.9
-1.88635 1.0
-1.8861 1.2
-1.88586 1.3
-1.88561 1.5
-1.88537 1.6
-1.88513 1.7
-1.88488 1.8
-1.88464 1.9
-1.88439 2.1
-1.88415 2.2
-1.88391 2.3
-1.88366 2.4
-1.88342 2.5
-1.88317 2.5
-1.88293 2.6
-1.88268 2.7
-1.88244 2.8
-1.8822 2.8
-1.88195 2.9
-1.88171 2.9
-1.88146 3.0
-1.88122 3.0
-1.88098 3.0
-1.88073 3.0
-1.88049 3.0
-1.88024 3.0
-1.88 3.0
-1.87976 3.0
-1.87951 3.0
-1.87927 3.0
-1.87902 3.0
-1.87878 2.9
-1.87853 2.9
-1.87829 2.8
-1.87805 2.8
-1.8778 2.7
-1.87756 2.6
-1.87731 2.5
-1.87707 2.5
-1.87683 2.4
-1.87658 2.3
-1.87634 2.2
-1.87609 2.1
-1.87585 2.0
-1.8756 1.8
-1.87536 1.7
-1.87512 1.6
-1.87487 1.5
-1.87463 1.3
-1.87438 1.2
-1.87414 1.1
-1.8739 0.9
-1.87365 0.8
-1.87341 0.6
-1.87316 0.5
-1.87292 0.3
-1.87267 0.2
-1.87243 0.0
-1.87219 -0.1
-1.87194 -0.3
-1.8717 -0.4
-1.87145 -0.5
-1.87121 -0.7
-1.87097 -0.8
-1.87072 -1.0
-1.87048 -1.1
-1.87023 -1.3
-1.86999 -1.4
-1.86975 -1.5
-1.8695 -1.7
-1.86926 -1.8
-1.86901 -1.9
-1.86877 -2.0
-1.86852 -2.1
-1.86828 -2.2
-1.86804 -2.3
-1.86779 -2.4
-1.86755 -2.5
-1.8673 -2.6
-1.86706 -2.7
-1.86682 -2.7
-1.86657 -2.8
-1.86633 -2.9
-1.86608 -2.9
-1.86584 -2.9
-1.86559 -3.0
-1.86535 -3.0
-1.86511 -3.0
-1.86486 -3.0
-1.86462 -3.1
-1.86437 -3.1
-1.86413 -3.0
-1.86389 -3.0
-1.86364 -3.0
-1.8634 -3.0
-1.86315 -2.9
-1.86291 -2.9
-1.86267 -2.9
-1.86242 -2.8
-1.86218 -2.7
-1.86193 -2.7
-1.86169 -2.6
-1.86144 -2.5
-1.8612 -2.4
-1.86096 -2.3
-1.86071 -2.2
-1.86047 -2.1
-1.86022 -2.0
-1.85998 -1.9
-1.85974 -1.8
-1.85949 -1.6
-1.85925 -1.5
-1.859 -1.4
-1.85876 -1.3
-1.85851 -1.1
-1.85827 -1.0
-1.85803 -0.8
-1.85778 -0.7
-1.85754 -0.5
-1.85729 -0.4
-1.85705 -0.2
-1.85681 0.0
-1.85656 0.0
-1.85632 0.2
-1.85607 0.4
-1.85583 0.5
-1.85559 0.7
-1.85534 0.8
-1.8551 0.9
-1.85485 1.1
-1.85461 1.2
-1.85436 1.4
-1.85412 1.5
-1.85388 1.6
-1.85363 1.7
-1.85339 1.9
-1.85314 2.0
-1.8529 2.1
-1.85266 2.2
-1.85241 2.3
-1.85217 2.4
-1.85192 2.5
-1.85168 2.6
-1.85143 2.6
-1.85119 2.7
-1.85095 2.8
-1.8507 2.8
-1.85046 2.9
-1.85021 2.9
-1.84997 3.0
-1.84973 3.0
-1.84948 3.0
-1.84924 3.0
-1.84899 3.1
-1.84875 3.1
-1.84851 3.1
-1.84826 3.0
-1.84802 3.0
-1.84777 3.0
-1.84753 3.0
-1.84728 2.9
-1.84704 2.9
-1.8468 2.8
-1.84655 2.7
-1.84631 2.7
-1.84606 2.6
-1.84582 2.5
-1.84558 2.4
-1.84533 2.3
-1.84509 2.2
-1.84484 2.1
-1.8446 2.0
-1.84435 1.9
-1.84411 1.8
-1.84387 1.7
-1.84362 1.5
-1.84338 1.4
-1.84313 1.3
-1.84289 1.1
-1.84265 1.0
-1.8424 0.9
-1.84216 0.7
-1.84191 0.6
-1.84167 0.4
-1.84142 0.3
-1.84118 0.1
-1.84094 0.0
-1.84069 -0.2
-1.84045 -0.3
-1.8402 -0.5
-1.83996 -0.6
-1.83972 -0.8
-1.83947 -0.9
-1.83923 -1.1
-1.83898 -1.2
-1.83874 -1.3
-1.8385 -1.5
-1.83825 -1.6
-1.83801 -1.7
-1.83776 -1.9
-1.83752 -2.0
-1.83727 -2.1
-1.83703 -2.2
-1.83679 -2.3
-1.83654 -2.4
-1.8363 -2.5
-1.83605 -2.6
-1.83581 -2.6
-1.83557 -2.7
-1.83532 -2.8
-1.83508 -2.8
-1.83483 -2.9
-1.83459 -2.9
-1.83434 -3.0
-1.8341 -3.0
-1.83386 -3.0
-1.83361 -3.1
-1.83337 -3.1
-1.83312 -3.1
-1.83288 -3.1
-1.83264 -3.0
-1.83239 -3.0
-1.83215 -3.0
-1.8319 -3.0
-1.83166 -2.9
-1.83142 -2.9
-1.83117 -2.8
-1.83093 -2.8
-1.83068 -2.7
-1.83044 -2.6
-1.83019 -2.5
-1.82995 -2.4
-1.82971 -2.3
-1.82946 -2.2
-1.82922 -2.1
-1.82897 -2.0
-1.82873 -1.9
-1.82849 -1.8
-1.82824 -1.7
-1.828 -1.5
-1.82775 -1.4
-1.82751 -1.3
-1.82726 -1.1
-1.82702 -1.0
-1.82678 -0.8
-1.82653 -0.7
-1.82629 -0.6
-1.82604 -0.4
-1.8258 -0.3
-1.82556 -0.1
-1.82531 0.0
-1.82507 0.2
-1.82482 0.4
-1.82458 0.5
-1.82434 0.6
-1.82409 0.8
-1.82385 0.9
-1.8236 1.1
-1.82336 1.2
-1.82311 1.4
-1.82287 1.5
-1.82263 1.6
-1.82238 1.8
-1.82214 1.9
-1.82189 2.0
-1.82165 2.1
-1.82141 2.2
-1.82116 2.3
-1.82092 2.4
-1.82067 2.5
-1.82043 2.6
-1.82018 2.7
-1.81994 2.7
-1.8197 2.8
-1.81945 2.9
-1.81921 2.9
-1.81896 3.0
-1.81872 3.0
-1.81848 3.0
-1.81823 3.0
-1.81799 3.1
-1.81774 3.1
-1.8175 3.1
-1.81726 3.1
-1.81701 3.1
-1.81677 3.0
-1.81652 3.0
-1.81628 3.0
-1.81603 2.9
-1.81579 2.9
-1.81555 2.8
-1.8153 2.7
-1.81506 2.7
-1.81481 2.6
-1.81457 2.5
-1.81433 2.4
-1.81408 2.3
-1.81384 2.2
-1.81359 2.1
-1.81335 2.0
-1.8131 1.9
-1.81286 1.8
-1.81262 1.6
-1.81237 1.5
-1.81213 1.4
-1.81188 1.2
-1.81164 1.1
-1.8114 1.0
-1.81115 0.8
-1.81091 0.7
-1.81066 0.5
-1.81042 0.4
-1.81017 0.2
-1.80993 0.0
-1.80969 0.0
-1.80944 -0.2
-1.8092 -0.4
-1.80895 -0.5
-1.80871 -0.7
-1.80847 -0.8
-1.80822 -1.0
-1.80798 -1.1
-1.80773 -1.3
-1.80749 -1.4
-1.80725 -1.5
-1.807 -1.7
-1.80676 -1.8
-1.80651 -1.9
-1.80627 -2.0
-1.80602 -2.1
-1.80578 -2.2
-1.80554 -2.3
-1.80529 -2.4
-1.80505 -2.5
-1.8048 -2.6
-1.80456 -2.7
-1.80432 -2.8
-1.80407 -2.8
-1.80383 -2.9
-1.80358 -2.9
-1.80334 -3.0
-1.80309 -3.0
-1.80285 -3.0
-1.80261 -3.1
-1.80236 -3.1
-1.80212 -3.1
-1.80187 -3.1
-1.80163 -3.1
-1.80139 -3.1
-1.80114 -3.0
-1.8009 -3.0
-1.80065 -3.0
-1.80041 -2.9
-1.80017 -2.9
-1.79992 -2.8
-1.79968 -2.7
-1.79943 -2.7
-1.79919 -2.6
-1.79894 -2.5
-1.7987 -2.4
-1.79846 -2.3
-1.79821 -2.2
-1.79797 -2.1
-1.79772 -2.0
-1.79748 -1.8
-1.79724 -1.7
-1.79699 -1.6
-1.79675 -1.5
-1.7965 -1.3
-1.79626 -1.2
-1.79601 -1.0
-1.79577 -0.9
-1.79553 -0.7
-1.79528 -0.6
-1.79504 -0.4
-1.79479 -0.3
-1.79455 -0.1
-1.79431 0.0
-1.79406 0.2
-1.79382 0.3
-1.79357 0.5
-1.79333 0.6
-1.79309 0.8
-1.79284 0.9
-1.7926 1.1
-1.79235 1.2
-1.79211 1.3
-1.79186 1.5
-1.79162 1.6
-1.79138 1.7
-1.79113 1.9
-1.79089 2.0
-1.79064 2.1
-1.7904 2.2
-1.79016 2.3
-1.78991 2.4
-1.78967 2.5
-1.78942 2.6
-1.78918 2.7
-1.78893 2.7
-1.78869 2.8
-1.78845 2.9
-1.7882 2.9
-1.78796 3.0
-1.78771 3.0
-1.78747 3.0
-1.78723 3.1
-1.78698 3.1
-1.78674 3.1
-1.78649 3.1
-1.78625 3.1
-1.78601 3.1
-1.78576 3.0
-1.78552 3.0
-1.78527 3.0
-1.78503 2.9
-1.78478 2.9
-1.78454 2.8
-1.7843 2.8
-1.78405 2.7
-1.78381 2.6
-1.78356 2.5
-1.78332 2.4
-1.78308 2.3
-1.78283 2.2
-1.78259 2.1
-1.78234 2.0
-1.7821 1.9
-1.78185 1.8
-1.78161 1.6
-1.78137 1.5
-1.78112 1.4
-1.78088 1.2
-1.78063 1.1
-1.78039 0.9
-1.78015 0.8
-1.7799 0.7
-1.77966 0.5
-1.77941 0.4
-1.77917 0.2
-1.77892 0.0
-1.77868 -0.1
-1.77844 -0.3
-1.77819 -0.4
-1.77795 -0.6
-1.7777 -0.7
-1.77746 -0.9
-1.77722 -1.0
-1.77697 -1.2
-1.77673 -1.3
-1.77648 -1.4
-1.77624 -1.6
-1.776 -1.7
-1.77575 -1.8
-1.77551 -1.9
-1.77526 -2.1
-1.77502 -2.2
-1.77477 -2.3
-1.77453 -2.4
-1.77429 -2.5
-1.77404 -2.6
-1.7738 -2.6
-1.77355 -2.7
-1.77331 -2.8
-1.77307 -2.9
-1.77282 -2.9
-1.77258 -3.0
-1.77233 -3.0
-1.77209 -3.0
-1.77184 -3.1
-1.7716 -3.1
-1.77136 -3.1
-1.77111 -3.1
-1.77087 -3.1
-1.77062 -3.1
-1.77038 -3.1
-1.77014 -3.0
-1.76989 -3.0
-1.76965 -3.0
-1.7694 -2.9
-1.76916 -2.8
-1.76892 -2.8
-1.76867 -2.7
-1.76843 -2.6
-1.76818 -2.5
-1.76794 -2.5
-1.76769 -2.4
-1.76745 -2.3
-1.76721 -2.2
-1.76696 -2.0
-1.76672 -1.9
-1.76647 -1.8
-1.76623 -1.7
-1.76599 -1.5
-1.76574 -1.4
-1.7655 -1.3
-1.76525 -1.1
-1.76501 -1.0
-1.76476 -0.8
-1.76452 -0.7
-1.76428 -0.5
-1.76403 -0.4
-1.76379 -0.2
-1.76354 0.0
-1.7633 0.0
-1.76306 0.2
-1.76281 0.4
-1.76257 0.5
-1.76232 0.7
-1.76208 0.8
-1.76184 1.0
-1.76159 1.1
-1.76135 1.3
-1.7611 1.4
-1.76086 1.6
-1.76061 1.7
-1.76037 1.8
-1.76013 1.9
-1.75988 2.1
-1.75964 2.2
-1.75939 2.3
-1.75915 2.4
-1.75891 2.5
-1.75866 2.6
-1.75842 2.6
-1.75817 2.7
-1.75793 2.8
-1.75768 2.9
-1.75744 2.9
-1.7572 3.0
-1.75695 3.0
-1.75671 3.0
-1.75646 3.1
-1.75622 3.1
-1.75598 3.1
-1.75573 3.1
-1.75549 3.1
-1.75524 3.1
-1.755 3.1
-1.75476 3.0
-1.75451 3.0
-1.75427 3.0
-1.75402 2.9
-1.75378 2.9
-1.75353 2.8
-1.75329 2.7
-1.75305 2.6
-1.7528 2.6
-1.75256 2.5
-1.75231 2.4
-1.75207 2.3
-1.75183 2.2
-1.75158 2.0
-1.75134 1.9
-1.75109 1.8
-1.75085 1.7
-1.7506 1.5
-1.75036 1.4
-1.75012 1.3
-1.74987 1.1
-1.74963 1.0
-1.74938 0.8
-1.74914 0.7
-1.7489 0.5
-1.74865 0.4
-1.74841 0.2
-1.74816 0.0
-1.74792 0.0
-1.74767 -0.3
-1.74743 -0.4
-1.74719 -0.6
-1.74694 -0.7
-1.7467 -0.9
-1.74645 -1.0
-1.74621 -1.2
-1.74597 -1.3
-1.74572 -1.4
-1.74548 -1.6
-1.74523 -1.7
-1.74499 -1.8
-1.74475 -2.0
-1.7445 -2.1
-1.74426 -2.2
-1.74401 -2.3
-1.74377 -2.4
-1.74352 -2.5
-1.74328 -2.6
-1.74304 -2.7
-1.74279 -2.7
-1.74255 -2.8
-1.7423 -2.9
-1.74206 -2.9
-1.74182 -3.0
-1.74157 -3.0
-1.74133 -3.0
-1.74108 -3.1
-1.74084 -3.1
-1.74059 -3.1
-1.74035 -3.1
-1.74011 -3.1
-1.73986 -3.1
-1.73962 -3.1
-1.73937 -3.0
-1.73913 -3.0
-1.73889 -3.0
-1.73864 -2.9
-1.7384 -2.8
-1.73815 -2.8
-1.73791 -2.7
-1.73767 -2.6
-1.73742 -2.5
-1.73718 -2.4
-1.73693 -2.3
-1.73669 -2.2
-1.73644 -2.1
-1.7362 -2.0
-1.73596 -1.9
-1.73571 -1.8
-1.73547 -1.6
-1.73522 -1.5
-1.73498 -1.4
-1.73474 -1.2
-1.73449 -1.1
-1.73425 -0.9
-1.734 -0.8
-1.73376 -0.6
-1.73351 -0.5
-1.73327 -0.3
-1.73303 -0.2
-1.73278 0.0
-1.73254 0.1
-1.73229 0.3
-1.73205 0.4
-1.73181 0.6
-1.73156 0.8
-1.73132 0.9
-1.73107 1.1
-1.73083 1.2
-1.73059 1.3
-1.73034 1.5
-1.7301 1.6
-1.72985 1.7
-1.72961 1.9
-1.72936 2.0
-1.72912 2.1
-1.72888 2.2
-1.72863 2.3
-1.72839 2.4
-1.72814 2.5
-1.7279 2.6
-1.72766 2.7
-1.72741 2.8
-1.72717 2.8
-1.72692 2.9
-1.72668 3.0
-1.72643 3.0
-1.72619 3.0
-1.72595 3.1
-1.7257 3.1
-1.72546 3.1
-1.72521 3.1
-1.72497 3.1
-1.72473 3.1
-1.72448 3.1
-1.72424 3.1
-1.72399 3.0
-1.72375 3.0
-1.72351 2.9
-1.72326 2.9
-1.72302 2.8
-1.72277 2.8
-1.72253 2.7
-1.72228 2.6
-1.72204 2.5
-1.7218 2.4
-1.72155 2.3
-1.72131 2.2
-1.72106 2.1
-1.72082 2.0
-1.72058 1.8
-1.72033 1.7
-1.72009 1.6
-1.71984 1.5
-1.7196 1.3
-1.71935 1.2
-1.71911 1.0
-1.71887 0.9
-1.71862 0.7
-1.71838 0.6
-1.71813 0.4
-1.71789 0.3
-1.71765 0.1
-1.7174 0.0
-1.71716 -0.2
-1.71691 -0.4
-1.71667 -0.5
-1.71642 -0.7
-1.71618 -0.8
-1.71594 -1.0
-1.71569 -1.1
-1.71545 -1.3
-1.7152 -1.4
-1.71496 -1.6
-1.71472 -1.7
-1.71447 -1.8
-1.71423 -1.9
-1.71398 -2.1
-1.71374 -2.2
-1.7135 -2.3
-1.71325 -2.4
-1.71301 -2.5
-1.71276 -2.6
-1.71252 -2.7
-1.71227 -2.7
-1.71203 -2.8
-1.71179 -2.9
-1.71154 -2.9
-1.7113 -3.0
-1.71105 -3.0
-1.71081 -3.1
-1.71057 -3.1
-1.71032 -3.1
-1.71008 -3.1
-1.70983 -3.1
-1.70959 -3.1
-1.70934 -3.1
-1.7091 -3.1
-1.70886 -3.0
-1.70861 -3.0
-1.70837 -3.0
-1.70812 -2.9
-1.70788 -2.9
-1.70764 -2.8
-1.70739 -2.7
-1.70715 -2.6
-1.7069 -2.6
-1.70666 -2.5
-1.70642 -2.4
-1.70617 -2.3
-1.70593 -2.1
-1.70568 -2.0
-1.70544 -1.9
-1.70519 -1.8
-1.70495 -1.6
-1.70471 -1.5
-1.70446 -1.4
-1.70422 -1.2
-1.70397 -1.1
-1.70373 -0.9
-1.70349 -0.8
-1.70324 -0.6
-1.703 -0.5
-1.70275 -0.3
-1.70251 -0.2
-1.70226 0.0
-1.70202 0.2
-1.70178 0.3
-1.70153 0.5
-1.70129 0.6
-1.70104 0.8
-1.7008 0.9
-1.70056 1.1
-1.70031 1.2
-1.70007 1.4
-1.69982 1.5
-1.69958 1.6
-1.69934 1.8
-1.69909 1.9
-1.69885 2.0
-1.6986 2.1
-1.69836 2.3
-1.69811 2.4
-1.69787 2.5
-1.69763 2.6
-1.69738 2.6
-1.69714 2.7
-1.69689 2.8
-1.69665 2.9
-1.69641 2.9
-1.69616 3.0
-1.69592 3.0
-1.69567 3.1
-1.69543 3.1
-1.69518 3.1
-1.69494 3.1
-1.6947 3.1
-1.69445 3.1
-1.69421 3.1
-1.69396 3.1
-1.69372 3.1
-1.69348 3.0
-1.69323 3.0
-1.69299 2.9
-1.69274 2.9
-1.6925 2.8
-1.69226 2.7
-1.69201 2.7
-1.69177 2.6
-1.69152 2.5
-1.69128 2.4
-1.69103 2.3
-1.69079 2.2
-1.69055 2.0
-1.6903 1.9
-1.69006 1.8
-1.68981 1.7
-1.68957 1.5
-1.68933 1.4
-1.68908 1.2
-1.68884 1.1
-1.68859 1.0
-1.68835 0.8
-1.6881 0.6
-1.68786 0.5
-1.68762 0.3
-1.68737 0.2
-1.68713 0.0
-1.68688 -0.1
-1.68664 -0.3
-1.6864 -0.5
-1.68615 -0.6
-1.68591 -0.8
-1.68566 -0.9
-1.68542 -1.1
-1.68517 -1.2
-1.68493 -1.4
-1.68469 -1.5
-1.68444 -1.6
-1.6842 -1.8
-1.68395 -1.9
-1.68371 -2.0
-1.68347 -2.1
-1.68322 -2.3
-1.68298 -2.4
-1.68273 -2.5
-1.68249 -2.6
-1.68225 -2.6
-1.682 -2.7
-1.68176 -2.8
-1.68151 -2.9
-1.68127 -2.9
-1.68102 -3.0
-1.68078 -3.0
-1.68054 -3.1
-1.68029 -3.1
-1.68005 -3.1
-1.6798 -3.1
-1.67956 -3.1
-1.67932 -3.1
-1.67907 -3.1
-1.67883 -3.1
-1.67858 -3.1
-1.67834 -3.0
-1.67809 -3.0
-1.67785 -2.9
-1.67761 -2.9
-1.67736 -2.8
-1.67712 -2.7
-1.67687 -2.7
-1.67663 -2.6
-1.67639 -2.5
-1.67614 -2.4
-1.6759 -2.3
-1.67565 -2.2
-1.67541 -2.1
-1.67517 -1.9
-1.67492 -1.8
-1.67468 -1.7
-1.67443 -1.5
-1.67419 -1.4
-1.67394 -1.2
-1.6737 -1.1
-1.67346 -0.9
-1.67321 -0.8
-1.67297 -0.6
-1.67272 -0.5
-1.67248 -0.3
-1.67224 -0.2
-1.67199 0.0
-1.67175 0.1
-1.6715 0.3
-1.67126 0.5
-1.67101 0.6
-1.67077 0.8
-1.67053 0.9
-1.67028 1.1
-1.67004 1.2
-1.66979 1.4
-1.66955 1.5
-1.66931 1.7
-1.66906 1.8
-1.66882 1.9
-1.66857 2.0
-1.66833 2.2
-1.66809 2.3
-1.66784 2.4
-1.6676 2.5
-1.66735 2.6
-1.66711 2.7
-1.66686 2.7
-1.66662 2.8
-1.66638 2.9
-1.66613 2.9
-1.66589 3.0
-1.66564 3.0
-1.6654 3.1
-1.66516 3.1
-1.66491 3.1
-1.66467 3.1
-1.66442 3.1
-1.66418 3.1
-1.66393 3.1
-1.66369 3.1
-1.66345 3.1
-1.6632 3.0
-1.66296 3.0
-1.66271 2.9
-1.66247 2.9
-1.66223 2.8
-1.66198 2.7
-1.66174 2.7
-1.66149 2.6
-1.66125 2.5
-1.66101 2.4
-1.66076 2.3
-1.66052 2.1
-1.66027 2.0
-1.66003 1.9
-1.65978 1.8
-1.65954 1.6
-1.6593 1.5
-1.65905 1.4
-1.65881 1.2
-1.65856 1.1
-1.65832 0.9
-1.65808 0.8
-1.65783 0.6
-1.65759 0.4
-1.65734 0.3
-1.6571 0.1
-1.65685 0.0
-1.65661 -0.2
-1.65637 -0.4
-1.65612 -0.5
-1.65588 -0.7
-1.65563 -0.8
-1.65539 -1.0
-1.65515 -1.1
-1.6549 -1.3
-1.65466 -1.4
-1.65441 -1.6
-1.65417 -1.7
-1.65392 -1.8
-1.65368 -2.0
-1.65344 -2.1
-1.65319 -2.2
-1.65295 -2.3
-1.6527 -2.4
-1.65246 -2.5
-1.65222 -2.6
-1.65197 -2.7
-1.65173 -2.8
-1.65148 -2.8
-1.65124 -2.9
-1.651 -3.0
-1.65075 -3.0
-1.65051 -3.1
-1.65026 -3.1
-1.65002 -3.1
-1.64977 -3.1
-1.64953 -3.1
-1.64929 -3.1
-1.64904 -3.1
-1.6488 -3.1
-1.64855 -3.1
-1.64831 -3.1
-1.64807 -3.0
-1.64782 -3.0
-1.64758 -2.9
-1.64733 -2.9
-1.64709 -2.8
-1.64684 -2.7
-1.6466 -2.6
-1.64636 -2.5
-1.64611 -2.4
-1.64587 -2.3
-1.64562 -2.2
-1.64538 -2.1
-1.64514 -2.0
-1.64489 -1.9
-1.64465 -1.7
-1.6444 -1.6
-1.64416 -1.4
-1.64392 -1.3
-1.64367 -1.2
-1.64343 -1.0
-1.64318 -0.8
-1.64294 -0.7
-1.64269 -0.5
-1.64245 -0.4
-1.64221 -0.2
-1.64196 0.0
-1.64172 0.1
-1.64147 0.3
-1.64123 0.4
-1.64099 0.6
-1.64074 0.7
-1.6405 0.9
-1.64025 1.1
-1.64001 1.2
-1.63976 1.4
-1.63952 1.5
-1.63928 1.6
-1.63903 1.8
-1.63879 1.9
-1.63854 2.0
-1.6383 2.1
-1.63806 2.3
-1.63781 2.4
-1.63757 2.5
-1.63732 2.6
-1.63708 2.7
-1.63684 2.7
-1.63659 2.8
-1.63635 2.9
-1.6361 2.9
-1.63586 3.0
-1.63561 3.0
-1.63537 3.1
-1.63513 3.1
-1.63488 3.1
-1.63464 3.1
-1.63439 3.2
-1.63415 3.1
-1.63391 3.1
-1.63366 3.1
-1.63342 3.1
-1.63317 3.0
-1.63293 3.0
-1.63268 3.0
-1.63244 2.9
-1.6322 2.8
-1.63195 2.7
-1.63171 2.7
-1.63146 2.6
-1.63122 2.5
-1.63098 2.4
-1.63073 2.3
-1.63049 2.2
-1.63024 2.0
-1.63 1.9
-1.62976 1.8
-1.62951 1.6
-1.62927 1.5
-1.62902 1.4
-1.62878 1.2
-1.62853 1.1
-1.62829 0.9
-1.62805 0.7
-1.6278 0.6
-1.62756 0.4
-1.62731 0.3
-1.62707 0.1
-1.62683 0.0
-1.62658 -0.2
-1.62634 -0.4
-1.62609 -0.5
-1.62585 -0.7
-1.6256 -0.9
-1.62536 -1.0
-1.62512 -1.2
-1.62487 -1.3
-1.62463 -1.5
-1.62438 -1.6
-1.62414 -1.7
-1.6239 -1.9
-1.62365 -2.0
-1.62341 -2.1
-1.62316 -2.2
-1.62292 -2.3
-1.62267 -2.5
-1.62243 -2.6
-1.62219 -2.6
-1.62194 -2.7
-1.6217 -2.8
-1.62145 -2.9
-1.62121 -2.9
-1.62097 -3.0
-1.62072 -3.0
-1.62048 -3.1
-1.62023 -3.1
-1.61999 -3.1
-1.61975 -3.2
-1.6195 -3.2
-1.61926 -3.2
-1.61901 -3.1
-1.61877 -3.1
-1.61852 -3.1
-1.61828 -3.1
-1.61804 -3.0
-1.61779 -3.0
-1.61755 -2.9
-1.6173 -2.8
-1.61706 -2.8
-1.61682 -2.7
-1.61657 -2.6
-1.61633 -2.5
-1.61608 -2.4
-1.61584 -2.3
-1.61559 -2.2
-1.61535 -2.1
-1.61511 -1.9
-1.61486 -1.8
-1.61462 -1.7
-1.61437 -1.5
-1.61413 -1.4
-1.61389 -1.2
-1.61364 -1.1
-1.6134 -0.9
-1.61315 -0.8
-1.61291 -0.6
-1.61267 -0.5
-1.61242 -0.3
-1.61218 -0.1
-1.61193 0.0
-1.61169 0.2
-1.61144 0.4
-1.6112 0.5
-1.61096 0.7
-1.61071 0.8
-1.61047 1.0
-1.61022 1.1
-1.60998 1.3
-1.60974 1.4
-1.60949 1.6
-1.60925 1.7
-1.609 1.9
-1.60876 2.0
-1.60851 2.1
-1.60827 2.2
-1.60803 2.3
-1.60778 2.5
-1.60754 2.6
-1.60729 2.6
-1.60705 2.7
-1.60681 2.8
-1.60656 2.9
-1.60632 2.9
-1.60607 3.0
-1.60583 3.0
-1.60559 3.1
-1.60534 3.1
-1.6051 3.1
-1.60485 3.2
-1.60461 3.2
-1.60436 3.2
-1.60412 3.2
-1.60388 3.1
-1.60363 3.1
-1.60339 3.1
-1.60314 3.0
-1.6029 3.0
-1.60266 2.9
-1.60241 2.8
-1.60217 2.8
-1.60192 2.7
-1.60168 2.6
-1.60143 2.5
-1.60119 2.4
-1.60095 2.3
-1.6007 2.2
-1.60046 2.1
-1.60021 1.9
-1.59997 1.8
-1.59973 1.7
-1.59948 1.5
-1.59924 1.4
-1.59899 1.2
-1.59875 1.1
-1.59851 0.9
-1.59826 0.8
-1.59802 0.6
-1.59777 0.4
-1.59753 0.3
-1.59728 0.1
-1.59704 0.0
-1.5968 -0.2
-1.59655 -0.4
-1.59631 -0.5
-1.59606 -0.7
-1.59582 -0.9
-1.59558 -1.0
-1.59533 -1.2
-1.59509 -1.3
-1.59484 -1.5
-1.5946 -1.6
-1.59435 -1.7
-1.59411 -1.9
-1.59387 -2.0
-1.59362 -2.1
-1.59338 -2.3
-1.59313 -2.4
-1.59289 -2.5
-1.59265 -2.6
-1.5924 -2.7
-1.59216 -2.7
-1.59191 -2.8
-1.59167 -2.9
-1.59142 -3.0
-1.59118 -3.0
-1.59094 -3.1
-1.59069 -3.1
-1.59045 -3.1
-1.5902 -3.2
-1.58996 -3.2
-1.58972 -3.2
-1.58947 -3.2
-1.58923 -3.2
-1.58898 -3.1
-1.58874 -3.1
-1.5885 -3.1
-1.58825 -3.0
-1.58801 -3.0
-1.58776 -2.9
-1.58752 -2.8
-1.58727 -2.8
-1.58703 -2.7
-1.58679 -2.6
-1.58654 -2.5
-1.5863 -2.4
-1.58605 -2.3
-1.58581 -2.2
-1.58557 -2.0
-1.58532 -1.9
-1.58508 -1.8
-1.58483 -1.6
-1.58459 -1.5
-1.58434 -1.3
-1.5841 -1.2
-1.58386 -1.0
-1.58361 -0.9
-1.58337 -0.7
-1.58312 -0.6
-1.58288 -0.4
-1.58264 -0.2
-1.58239 0.0
-1.58215 0.0
-1.5819 0.3
-1.58166 0.4
-1.58142 0.6
-1.58117 0.7
-1.58093 0.9
-1.58068 1.1
-1.58044 1.2
-1.58019 1.4
-1.57995 1.5
-1.57971 1.7
-1.57946 1.8
-1.57922 1.9
-1.57897 2.1
-1.57873 2.2
-1.57849 2.3
-1.57824 2.4
-1.578 2.5
-1.57775 2.6
-1.57751 2.7
-1.57726 2.8
-1.57702 2.9
-1.57678 2.9
-1.57653 3.0
-1.57629 3.0
-1.57604 3.1
-1.5758 3.1
-1.57556 3.1
-1.57531 3.2
-1.57507 3.2
-1.57482 3.2
-1.57458 3.2
-1.57434 3.2
-1.57409 3.1
-1.57385 3.1
-1.5736 3.1
-1.57336 3.0
-1.57311 3.0
-1.57287 2.9
-1.57263 2.8
-1.57238 2.7
-1.57214 2.6
-1.57189 2.6
-1.57165 2.5
-1.57141 2.3
-1.57116 2.2
-1.57092 2.1
-1.57067 2.0
-1.57043 1.8
-1.57018 1.7
-1.56994 1.6
-1.5697 1.4
-1.56945 1.3
-1.56921 1.1
-1.56896 1.0
-1.56872 0.8
-1.56848 0.6
-1.56823 0.5
-1.56799 0.3
-1.56774 0.2
-1.5675 0.0
-1.56726 -0.2
-1.56701 -0.3
-1.56677 -0.5
-1.56652 -0.7
-1.56628 -0.8
-1.56603 -1.0
-1.56579 -1.1
-1.56555 -1.3
-1.5653 -1.4
-1.56506 -1.6
-1.56481 -1.7
-1.56457 -1.9
-1.56433 -2.0
-1.56408 -2.1
-1.56384 -2.2
-1.56359 -2.4
-1.56335 -2.5
-1.5631 -2.6
-1.56286 -2.7
-1.56262 -2.8
-1.56237 -2.8
-1.56213 -2.9
-1.56188 -3.0
-1.56164 -3.0
-1.5614 -3.1
-1.56115 -3.1
-1.56091 -3.1
-1.56066 -3.2
-1.56042 -3.2
-1.56017 -3.2
-1.55993 -3.2
-1.55969 -3.2
-1.55944 -3.1
-1.5592 -3.1
-1.55895 -3.1
-1.55871 -3.0
-1.55847 -3.0
-1.55822 -2.9
-1.55798 -2.9
-1.55773 -2.8
-1.55749 -2.7
-1.55725 -2.6
-1.557 -2.5
-1.55676 -2.4
-1.55651 -2.3
-1.55627 -2.2
-1.55602 -2.0
-1.55578 -1.9
-1.55554 -1.8
-1.55529 -1.6
-1.55505 -1.5
-1.5548 -1.3
-1.55456 -1.2
-1.55432 -1.0
-1.55407 -0.9
-1.55383 -0.7
-1.55358 -0.5
-1.55334 -0.4
-1.55309 -0.2
-1.55285 0.0
-1.55261 0.1
-1.55236 0.3
-1.55212 0.5
-1.55187 0.6
-1.55163 0.8
-1.55139 0.9
-1.55114 1.1
-1.5509 1.3
-1.55065 1.4
-1.55041 1.6
-1.55017 1.7
-1.54992 1.8
-1.54968 2.0
-1.54943 2.1
-1.54919 2.2
-1.54894 2.3
-1.5487 2.4
-1.54846 2.6
-1.54821 2.6
-1.54797 2.7
-1.54772 2.8
-1.54748 2.9
-1.54724 3.0
-1.54699 3.0
-1.54675 3.1
-1.5465 3.1
-1.54626 3.1
-1.54601 3.2
-1.54577 3.2
-1.54553 3.2
-1.54528 3.2
-1.54504 3.2
-1.54479 3.2
-1.54455 3.1
-1.54431 3.1
-1.54406 3.1
-1.54382 3.0
-1.54357 2.9
-1.54333 2.9
-1.54309 2.8
-1.54284 2.7
-1.5426 2.6
-1.54235 2.5
-1.54211 2.4
-1.54186 2.3
-1.54162 2.2
-1.54138 2.1
-1.54113 1.9
-1.54089 1.8
-1.54064 1.6
-1.5404 1.5
-1.54016 1.4
-1.53991 1.2
-1.53967 1.0
-1.53942 0.9
-1.53918 0.7
-1.53893 0.6
-1.53869 0.4
-1.53845 0.2
-1.5382 0.0
-1.53796 -0.1
-1.53771 -0.3
-1.53747 -0.4
-1.53723 -0.6
-1.53698 -0.8
-1.53674 -0.9
-1.53649 -1.1
-1.53625 -1.2
-1.53601 -1.4
-1.53576 -1.5
-1.53552 -1.7
-1.53527 -1.8
-1.53503 -2.0
-1.53478 -2.1
-1.53454 -2.2
-1.5343 -2.3
-1.53405 -2.4
-1.53381 -2.6
-1.53356 -2.7
-1.53332 -2.7
-1.53308 -2.8
-1.53283 -2.9
-1.53259 -3.0
-1.53234 -3.0
-1.5321 -3.1
-1.53185 -3.1
-1.53161 -3.2
-1.53137 -3.2
-1.53112 -3.2
-1.53088 -3.2
-1.53063 -3.2
-1.53039 -3.2
-1.53015 -3.2
-1.5299 -3.1
-1.52966 -3.1
-1.52941 -3.1
-1.52917 -3.0
-1.52892 -2.9
-1.52868 -2.9
-1.52844 -2.8
-1.52819 -2.7
-1.52795 -2.6
-1.5277 -2.5
-1.52746 -2.4
-1.52722 -2.3
-1.52697 -2.2
-1.52673 -2.1
-1.52648 -1.9
-1.52624 -1.8
-1.526 -1.6
-1.52575 -1.5
-1.52551 -1.3
-1.52526 -1.2
-1.52502 -1.0
-1.52477 -0.9
-1.52453 -0.7
-1.52429 -0.5
-1.52404 -0.4
-1.5238 -0.2
-1.52355 0.0
-1.52331 0.1
-1.52307 0.3
-1.52282 0.5
-1.52258 0.6
-1.52233 0.8
-1.52209 1.0
-1.52184 1.1
-1.5216 1.3
-1.52136 1.4
-1.52111 1.6
-1.52087 1.7
-1.52062 1.9
-1.52038 2.0
-1.52014 2.1
-1.51989 2.2
-1.51965 2.4
-1.5194 2.5
-1.51916 2.6
-1.51892 2.7
-1.51867 2.8
-1.51843 2.8
-1.51818 2.9
-1.51794 3.0
-1.51769 3.0
-1.51745 3.1
-1.51721 3.1
-1.51696 3.2
-1.51672 3.2
-1.51647 3.2
-1.51623 3.2
-1.51599 3.2
-1.51574 3.2
-1.5155 3.2
-1.51525 3.1
-1.51501 3.1
-1.51476 3.1
-1.51452 3.0
-1.51428 2.9
-1.51403 2.9
-1.51379 2.8
-1.51354 2.7
-1.5133 2.6
-1.51306 2.5
-1.51281 2.4
-1.51257 2.3
-1.51232 2.1
-1.51208 2.0
-1.51184 1.9
-1.51159 1.7
-1.51135 1.6
-1.5111 1.5
-1.51086 1.3
-1.51061 1.1
-1.51037 1.0
-1.51013 0.8
-1.50988 0.7
-1.50964 0.5
-1.50939 0.3
-1.50915 0.2
-1.50891 0.0
-1.50866 -0.2
-1.50842 -0.4
-1.50817 -0.5
-1.50793 -0.7
-1.50768 -0.8
-1.50744 -1.0
-1.5072 -1.2
-1.50695 -1.3
-1.50671 -1.5
-1.50646 -1.6
-1.50622 -1.8
-1.50598 -1.9
-1.50573 -2.0
-1.50549 -2.2
-1.50524 -2.3
-1.505 -2.4
-1.50476 -2.5
-1.50451 -2.6
-1.50427 -2.7
-1.50402 -2.8
-1.50378 -2.9
-1.50353 -3.0
-1.50329 -3.0
-1.50305 -3.1
-1.5028 -3.1
-1.50256 -3.2
-1.50231 -3.2
-1.50207 -3.2
-1.50183 -3.2
-1.50158 -3.2
-1.50134 -3.2
-1.50109 -3.2
-1.50085 -3.2
-1.5006 -3.1
-1.50036 -3.1
-1.50012 -3.0
-1.49987 -3.0
-1.49963 -2.9
-1.49938 -2.8
-1.49914 -2.7
-1.4989 -2.7
-1.49865 -2.6
-1.49841 -2.5
-1.49816 -2.3
-1.49792 -2.2
-1.49767 -2.1
-1.49743 -2.0
-1.49719 -1.8
-1.49694 -1.7
-1.4967 -1.5
-1.49645 -1.4
-1.49621 -1.2
-1.49597 -1.1
-1.49572 -0.9
-1.49548 -0.7
-1.49523 -0.6
-1.49499 -0.4
-1.49475 -0.2
-1.4945 0.0
-1.49426 0.1
-1.49401 0.3
-1.49377 0.4
-1.49352 0.6
-1.49328 0.8
-1.49304 0.9
-1.49279 1.1
-1.49255 1.3
-1.4923 1.4
-1.49206 1.6
-1.49182 1.7
-1.49157 1.9
-1.49133 2.0
-1.49108 2.1
-1.49084 2.2
-1.49059 2.4
-1.49035 2.5
-1.49011 2.6
-1.48986 2.7
-1.48962 2.8
-1.48937 2.9
-1.48913 2.9
-1.48889 3.0
-1.48864 3.1
-1.4884 3.1
-1.48815 3.1
-1.48791 3.2
-1.48767 3.2
-1.48742 3.2
-1.48718 3.2
-1.48693 3.2
-1.48669 3.2
-1.48644 3.2
-1.4862 3.2
-1.48596 3.1
-1.48571 3.1
-1.48547 3.0
-1.48522 2.9
-1.48498 2.9
-1.48474 2.8
-1.48449 2.7
-1.48425 2.6
-1.484 2.5
-1.48376 2.4
-1.48351 2.3
-1.48327 2.1
-1.48303 2.0
-1.48278 1.9
-1.48254 1.7
-1.48229 1.6
-1.48205 1.4
-1.48181 1.3
-1.48156 1.1
-1.48132 1.0
-1.48107 0.8
-1.48083 0.6
-1.48059 0.5
-1.48034 0.3
-1.4801 0.1
-1.47985 0.0
-1.47961 -0.2
-1.47936 -0.4
-1.47912 -0.6
-1.47888 -0.7
-1.47863 -0.9
-1.47839 -1.1
-1.47814 -1.2
-1.4779 -1.4
-1.47766 -1.5
-1.47741 -1.7
-1.47717 -1.8
-1.47692 -2.0
-1.47668 -2.1
-1.47643 -2.2
-1.47619 -2.3
-1.47595 -2.5
-1.4757 -2.6
-1.47546 -2.7
-1.47521 -2.8
-1.47497 -2.8
-1.47473 -2.9
-1.47448 -3.0
-1.47424 -3.1
-1.47399 -3.1
-1.47375 -3.1
-1.47351 -3.2
-1.47326 -3.2
-1.47302 -3.2
-1.47277 -3.2
-1.47253 -3.2
-1.47228 -3.2
-1.47204 -3.2
-1.4718 -3.2
-1.47155 -3.1
-1.47131 -3.1
-1.47106 -3.0
-1.47082 -3.0
-1.47058 -2.9
-1.47033 -2.8
-1.47009 -2.7
-1.46984 -2.6
-1.4696 -2.5
-1.46935 -2.4
-1.46911 -2.3
-1.46887 -2.2
-1.46862 -2.0
-1.46838 -1.9
-1.46813 -1.7
-1.46789 -1.6
-1.46765 -1.5
-1.4674 -1.3
-1.46716 -1.1
-1.46691 -1.0
-1.46667 -0.8
-1.46642 -0.6
-1.46618 -0.5
-1.46594 -0.3
-1.46569 -0.1
-1.46545 0.0
-1.4652 0.2
-1.46496 0.4
-1.46472 0.6
-1.46447 0.7
-1.46423 0.9
-1.46398 1.1
-1.46374 1.2
-1.4635 1.4
-1.46325 1.5
-1.46301 1.7
-1.46276 1.8
-1.46252 2.0
-1.46227 2.1
-1.46203 2.2
-1.46179 2.3
-1.46154 2.5
-1.4613 2.6
-1.46105 2.7
-1.46081 2.8
-1.46057 2.9
-1.46032 2.9
-1.46008 3.0
-1.45983 3.1
-1.45959 3.1
-1.45934 3.2
-1.4591 3.2
-1.45886 3.2
-1.45861 3.2
-1.45837 3.2
-1.45812 3.2
-1.45788 3.2
-1.45764 3.2
-1.45739 3.2
-1.45715 3.1
-1.4569 3.1
-1.45666 3.0
-1.45642 3.0
-1.45617 2.9
-1.45593 2.8
-1.45568 2.7
-1.45544 2.6
-1.45519 2.5
-1.45495 2.4
-1.45471 2.3
-1.45446 2.2
-1.45422 2.0
-1.45397 1.9
-1.45373 1.7
-1.45349 1.6
-1.45324 1.4
-1.453 1.3
-1.45275 1.1
-1.45251 1.0
-1.45226 0.8
-1.45202 0.6
-1.45178 0.4
-1.45153 0.3
-1.45129 0.1
-1.45104 0.0
-1.4508 -0.2
-1.45056 -0.4
-1.45031 -0.6
-1.45007 -0.8
-1.44982 -0.9
-1.44958 -1.1
-1.44934 -1.2
-1.44909 -1.4
-1.44885 -1.6
-1.4486 -1.7
-1.44836 -1.9
-1.44811 -2.0
-1.44787 -2.1
-1.44763 -2.3
-1.44738 -2.4
-1.44714 -2.5
-1.44689 -2.6
-1.44665 -2.7
-1.44641 -2.8
-1.44616 -2.9
-1.44592 -3.0
-1.44567 -3.0
-1.44543 -3.1
-1.44518 -3.1
-1.44494 -3.2
-1.4447 -3.2
-1.44445 -3.2
-1.44421 -3.2
-1.44396 -3.2
-1.44372 -3.2
-1.44348 -3.2
-1.44323 -3.2
-1.44299 -3.2
-1.44274 -3.1
-1.4425 -3.1
-1.44226 -3.0
-1.44201 -2.9
-1.44177 -2.9
-1.44152 -2.8
-1.44128 -2.7
-1.44103 -2.6
-1.44079 -2.5
-1.44055 -2.4
-1.4403 -2.2
-1.44006 -2.1
-1.43981 -2.0
-1.43957 -1.8
-1.43933 -1.7
-1.43908 -1.5
-1.43884 -1.4
-1.43859 -1.2
-1.43835 -1.1
-1.4381 -0.9
-1.43786 -0.7
-1.43762 -0.6
-1.43737 -0.4
-1.43713 -0.2
-1.43688 0.0
-1.43664 0.1
-1.4364 0.3
-1.43615 0.5
-1.43591 0.7
-1.43566 0.8
-1.43542 1.0
-1.43517 1.2
-1.43493 1.3
-1.43469 1.5
-1.43444 1.6
-1.4342 1.8
-1.43395 1.9
-1.43371 2.1
-1.43347 2.2
-1.43322 2.3
-1.43298 2.4
-1.43273 2.5
-1.43249 2.6
-1.43225 2.7
-1.432 2.8
-1.43176 2.9
-1.43151 3.0
-1.43127 3.1
-1.43102 3.1
-1.43078 3.2
-1.43054 3.2
-1.43029 3.2
-1.43005 3.2
-1.4298 3.2
-1.42956 3.2
-1.42932 3.2
-1.42907 3.2
-1.42883 3.2
-1.42858 3.2
-1.42834 3.1
-1.42809 3.1
-1.42785 3.0
-1.42761 2.9
-1.42736 2.8
-1.42712 2.7
-1.42687 2.6
-1.42663 2.5
-1.42639 2.4
-1.42614 2.3
-1.4259 2.2
-1.42565 2.1
-1.42541 1.9
-1.42517 1.8
-1.42492 1.6
-1.42468 1.5
-1.42443 1.3
-1.42419 1.1
-1.42394 1.0
-1.4237 0.8
-1.42346 0.6
-1.42321 0.5
-1.42297 0.3
-1.42272 0.1
-1.42248 0.0
-1.42224 -0.2
-1.42199 -0.4
-1.42175 -0.6
-1.4215 -0.8
-1.42126 -0.9
-1.42101 -1.1
-1.42077 -1.3
-1.42053 -1.4
-1.42028 -1.6
-1.42004 -1.7
-1.41979 -1.9
-1.41955 -2.0
-1.41931 -2.1
-1.41906 -2.3
-1.41882 -2.4
-1.41857 -2.5
-1.41833 -2.6
-1.41809 -2.7
-1.41784 -2.8
-1.4176 -2.9
-1.41735 -3.0
-1.41711 -3.0
-1.41686 -3.1
-1.41662 -3.1
-1.41638 -3.2
-1.41613 -3.2
-1.41589 -3.2
-1.41564 -3.3
-1.4154 -3.3
-1.41516 -3.3
-1.41491 -3.2
-1.41467 -3.2
-1.41442 -3.2
-1.41418 -3.1
-1.41393 -3.1
-1.41369 -3.0
-1.41345 -2.9
-1.4132 -2.9
-1.41296 -2.8
-1.41271 -2.7
-1.41247 -2.6
-1.41223 -2.5
-1.41198 -2.4
-1.41174 -2.2
-1.41149 -2.1
-1.41125 -2.0
-1.41101 -1.8
-1.41076 -1.7
-1.41052 -1.5
-1.41027 -1.4
-1.41003 -1.2
-1.40978 -1.0
-1.40954 -0.9
-1.4093 -0.7
-1.40905 -0.5
-1.40881 -0.3
-1.40856 -0.2
-1.40832 0.0
-1.40808 0.2
-1.40783 0.4
-1.40759 0.5
-1.40734 0.7
-1.4071 0.9
-1.40685 1.1
-1.40661 1.2
-1.40637 1.4
-1.40612 1.5
-1.40588 1.7
-1.40563 1.8
-1.40539 2.0
-1.40515 2.1
-1.4049 2.3
-1.40466 2.4
-1.40441 2.5
-1.40417 2.6
-1.40392 2.7
-1.40368 2.8
-1.40344 2.9
-1.40319 3.0
-1.40295 3.0
-1.4027 3.1
-1.40246 3.1
-1.40222 3.2
-1.40197 3.2
-1.40173 3.2
-1.40148 3.3
-1.40124 3.3
-1.401 3.3
-1.40075 3.2
-1.40051 3.2
-1.40026 3.2
-1.40002 3.1
-1.39977 3.1
-1.39953 3.0
-1.39929 3.0
-1.39904 2.9
-1.3988 2.8
-1.39855 2.7
-1.39831 2.6
-1.39807 2.5
-1.39782 2.4
-1.39758 2.2
-1.39733 2.1
-1.39709 2.0
-1.39684 1.8
-1.3966 1.7
-1.39636 1.5
-1.39611 1.4
-1.39587 1.2
-1.39562 1.0
-1.39538 0.9
-1.39514 0.7
-1.39489 0.5
-1.39465 0.3
-1.3944 0.2
-1.39416 0.0
-1.39392 -0.2
-1.39367 -0.4
-1.39343 -0.5
-1.39318 -0.7
-1.39294 -0.9
-1.39269 -1.1
-1.39245 -1.2
-1.39221 -1.4
-1.39196 -1.5
-1.39172 -1.7
-1.39147 -1.9
-1.39123 -2.0
-1.39099 -2.1
-1.39074 -2.3
-1.3905 -2.4
-1.39025 -2.5
-1.39001 -2.6
-1.38976 -2.7
-1.38952 -2.8
-1.38928 -2.9
-1.38903 -3.0
-1.38879 -3.0
-1.38854 -3.1
-1.3883 -3.2
-1.38806 -3.2
-1.38781 -3.2
-1.38757 -3.3
-1.38732 -3.3
-1.38708 -3.3
-1.38684 -3.3
-1.38659 -3.3
-1.38635 -3.2
-1.3861 -3.2
-1.38586 -3.1
-1.38561 -3.1
-1.38537 -3.0
-1.38513 -3.0
-1.38488 -2.9
-1.38464 -2.8
-1.38439 -2.7
-1.38415 -2.6
-1.38391 -2.5
-1.38366 -2.4
-1.38342 -2.2
-1.38317 -2.1
-1.38293 -2.0
-1.38268 -1.8
-1.38244 -1.7
-1.3822 -1.5
-1.38195 -1.3
-1.38171 -1.2
-1.38146 -1.0
-1.38122 -0.8
-1.38098 -0.7
-1.38073 -0.5
-1.38049 -0.3
-1.38024 -0.1
-1.38 0.0
-1.37976 0.2
-1.37951 0.4
-1.37927 0.6
-1.37902 0.8
-1.37878 0.9
-1.37853 1.1
-1.37829 1.3
-1.37805 1.4
-1.3778 1.6
-1.37756 1.7
-1.37731 1.9
-1.37707 2.0
-1.37683 2.2
-1.37658 2.3
-1.37634 2.4
-1.37609 2.5
-1.37585 2.7
-1.3756 2.8
-1.37536 2.8
-1.37512 2.9
-1.37487 3.0
-1.37463 3.1
-1.37438 3.1
-1.37414 3.2
-1.3739 3.2
-1.37365 3.2
-1.37341 3.3
-1.37316 3.3
-1.37292 3.3
-1.37267 3.3
-1.37243 3.3
-1.37219 3.2
-1.37194 3.2
-1.3717 3.1
-1.37145 3.1
-1.37121 3.0
-1.37097 2.9
-1.37072 2.9
-1.37048 2.8
-1.37023 2.7
-1.36999 2.6
-1.36975 2.4
-1.3695 2.3
-1.36926 2.2
-1.36901 2.0
-1.36877 1.9
-1.36852 1.8
-1.36828 1.6
-1.36804 1.4
-1.36779 1.3
-1.36755 1.1
-1.3673 0.9
-1.36706 0.8
-1.36682 0.6
-1.36657 0.4
-1.36633 0.2
-1.36608 0.0
-1.36584 -0.1
-1.36559 -0.3
-1.36535 -0.5
-1.36511 -0.7
-1.36486 -0.8
-1.36462 -1.0
-1.36437 -1.2
-1.36413 -1.3
-1.36389 -1.5
-1.36364 -1.7
-1.3634 -1.8
-1.36315 -2.0
-1.36291 -2.1
-1.36267 -2.2
-1.36242 -2.4
-1.36218 -2.5
-1.36193 -2.6
-1.36169 -2.7
-1.36144 -2.8
-1.3612 -2.9
-1.36096 -3.0
-1.36071 -3.0
-1.36047 -3.1
-1.36022 -3.2
-1.35998 -3.2
-1.35974 -3.2
-1.35949 -3.3
-1.35925 -3.3
-1.359 -3.3
-1.35876 -3.3
-1.35851 -3.3
-1.35827 -3.2
-1.35803 -3.2
-1.35778 -3.2
-1.35754 -3.1
-1.35729 -3.1
-1.35705 -3.0
-1.35681 -2.9
-1.35656 -2.8
-1.35632 -2.7
-1.35607 -2.6
-1.35583 -2.5
-1.35559 -2.4
-1.35534 -2.2
-1.3551 -2.1
-1.35485 -2.0
-1.35461 -1.8
-1.35436 -1.7
-1.35412 -1.5
-1.35388 -1.3
-1.35363 -1.2
-1.35339 -1.0
-1.35314 -0.8
-1.3529 -0.7
-1.35266 -0.5
-1.35241 -0.3
-1.35217 -0.1
-1.35192 0.0
-1.35168 0.2
-1.35143 0.4
-1.35119 0.6
-1.35095 0.8
-1.3507 0.9
-1.35046 1.1
-1.35021 1.3
-1.34997 1.5
-1.34973 1.6
-1.34948 1.8
-1.34924 1.9
-1.34899 2.1
-1.34875 2.2
-1.34851 2.3
-1.34826 2.5
-1.34802 2.6
-1.34777 2.7
-1.34753 2.8
-1.34728 2.9
-1.34704 3.0
-1.3468 3.0
-1.34655 3.1
-1.34631 3.2
-1.34606 3.2
-1.34582 3.2
-1.34558 3.3
-1.34533 3.3
-1.34509 3.3
-1.34484 3.3
-1.3446 3.3
-1.34435 3.3
-1.34411 3.2
-1.34387 3.2
-1.34362 3.1
-1.34338 3.1
-1.34313 3.0
-1.34289 2.9
-1.34265 2.8
-1.3424 2.7
-1.34216 2.6
-1.34191 2.5
-1.34167 2.4
-1.34142 2.3
-1.34118 2.1
-1.34094 2.0
-1.34069 1.9
-1.34045 1.7
-1.3402 1.5
-1.33996 1.4
-1.33972 1.2
-1.33947 1.0
-1.33923 0.9
-1.33898 0.7
-1.33874 0.5
-1.3385 0.3
-1.33825 0.2
-1.33801 0.0
-1.33776 -0.2
-1.33752 -0.4
-1.33727 -0.6
-1.33703 -0.7
-1.33679 -0.9
-1.33654 -1.1
-1.3363 -1.3
-1.33605 -1.4
-1.33581 -1.6
-1.33557 -1.8
-1.33532 -1.9
-1.33508 -2.0
-1.33483 -2.2
-1.33459 -2.3
-1.33434 -2.4
-1.3341 -2.6
-1.33386 -2.7
-1.33361 -2.8
-1.33337 -2.9
-1.33312 -3.0
-1.33288 -3.0
-1.33264 -3.1
-1.33239 -3.2
-1.33215 -3.2
-1.3319 -3.2
-1.33166 -3.3
-1.33142 -3.3
-1.33117 -3.3
-1.33093 -3.3
-1.33068 -3.3
-1.33044 -3.3
-1.33019 -3.2
-1.32995 -3.2
-1.32971 -3.1
-1.32946 -3.1
-1.32922 -3.0
-1.32897 -2.9
-1.32873 -2.8
-1.32849 -2.8
-1.32824 -2.6
-1.328 -2.5
-1.32775 -2.4
-1.32751 -2.3
-1.32726 -2.1
-1.32702 -2.0
-1.32678 -1.9
-1.32653 -1.7
-1.32629 -1.5
-1.32604 -1.4
-1.3258 -1.2
-1.32556 -1.0
-1.32531 -0.9
-1.32507 -0.7
-1.32482 -0.5
-1.32458 -0.3
-1.32434 -0.1
-1.32409 0.0
-1.32385 0.2
-1.3236 0.4
-1.32336 0.6
-1.32311 0.8
-1.32287 0.9
-1.32263 1.1
-1.32238 1.3
-1.32214 1.5
-1.32189 1.6
-1.32165 1.8
-1.32141 1.9
-1.32116 2.1
-1.32092 2.2
-1.32067 2.3
-1.32043 2.5
-1.32018 2.6
-1.31994 2.7
-1.3197 2.8
-1.31945 2.9
-1.31921 3.0
-1.31896 3.1
-1.31872 3.1
-1.31848 3.2
-1.31823 3.2
-1.31799 3.3
-1.31774 3.3
-1.3175 3.3
-1.31726 3.3
-1.31701 3.3
-1.31677 3.3
-1.31652 3.3
-1.31628 3.2
-1.31603 3.2
-1.31579 3.1
-1.31555 3.1
-1.3153 3.0
-1.31506 2.9
-1.31481 2.8
-1.31457 2.7
-1.31433 2.6
-1.31408 2.5
-1.31384 2.4
-1.31359 2.3
-1.31335 2.1
-1.3131 2.0
-1.31286 1.8
-1.31262 1.7
-1.31237 1.5
-1.31213 1.3
-1.31188 1.2
-1.31164 1.0
-1.3114 0.8
-1.31115 0.6
-1.31091 0.5
-1.31066 0.3
-1.31042 0.0
-1.31017 0.0
-1.30993 -0.3
-1.30969 -0.5
-1.30944 -0.6
-1.3092 -0.8
-1.30895 -1.0
-1.30871 -1.2
-1.30847 -1.3
-1.30822 -1.5
-1.30798 -1.7
-1.30773 -1.8
-1.30749 -2.0
-1.30725 -2.1
-1.307 -2.3
-1.30676 -2.4
-1.30651 -2.5
-1.30627 -2.6
-1.30602 -2.7
-1.30578 -2.8
-1.30554 -2.9
-1.30529 -3.0
-1.30505 -3.1
-1.3048 -3.1
-1.30456 -3.2
-1.30432 -3.2
-1.30407 -3.3
-1.30383 -3.3
-1.30358 -3.3
-1.30334 -3.3
-1.30309 -3.3
-1.30285 -3.3
-1.30261 -3.3
-1.30236 -3.2
-1.30212 -3.2
-1.30187 -3.1
-1.30163 -3.1
-1.30139 -3.0
-1.30114 -2.9
-1.3009 -2.8
-1.30065 -2.7
-1.30041 -2.6
-1.30017 -2.5
-1.29992 -2.3
-1.29968 -2.2
-1.29943 -2.1
-1.29919 -1.9
-1.29894 -1.8
-1.2987 -1.6
-1.29846 -1.4
-1.29821 -1.3
-1.29797 -1.1
-1.29772 -0.9
-1.29748 -0.7
-1.29724 -0.6
-1.29699 -0.4
-1.29675 -0.2
-1.2965 0.0
-1.29626 0.2
-1.29601 0.4
-1.29577 0.5
-1.29553 0.7
-1.29528 0.9
-1.29504 1.1
-1.29479 1.3
-1.29455 1.4
-1.29431 1.6
-1.29406 1.8
-1.29382 1.9
-1.29357 2.1
-1.29333 2.2
-1.29309 2.3
-1.29284 2.5
-1.2926 2.6
-1.29235 2.7
-1.29211 2.8
-1.29186 2.9
-1.29162 3.0
-1.29138 3.1
-1.29113 3.1
-1.29089 3.2
-1.29064 3.2
-1.2904 3.3
-1.29016 3.3
-1.28991 3.3
-1.28967 3.3
-1.28942 3.3
-1.28918 3.3
-1.28893 3.3
-1.28869 3.3
-1.28845 3.2
-1.2882 3.2
-1.28796 3.1
-1.28771 3.0
-1.28747 2.9
-1.28723 2.8
-1.28698 2.7
-1.28674 2.6
-1.28649 2.5
-1.28625 2.4
-1.28601 2.3
-1.28576 2.1
-1.28552 2.0
-1.28527 1.8
-1.28503 1.7
-1.28478 1.5
-1.28454 1.3
-1.2843 1.2
-1.28405 1.0
-1.28381 0.8
-1.28356 0.6
-1.28332 0.4
-1.28308 0.3
-1.28283 0.0
-1.28259 -0.1
-1.28234 -0.3
-1.2821 -0.5
-1.28185 -0.7
-1.28161 -0.9
-1.28137 -1.0
-1.28112 -1.2
-1.28088 -1.4
-1.28063 -1.6
-1.28039 -1.7
-1.28015 -1.9
-1.2799 -2.0
-1.27966 -2.2
-1.27941 -2.3
-1.27917 -2.4
-1.27892 -2.6
-1.27868 -2.7
-1.27844 -2.8
-1.27819 -2.9
-1.27795 -3.0
-1.2777 -3.1
-1.27746 -3.1
-1.27722 -3.2
-1.27697 -3.2
-1.27673 -3.3
-1.27648 -3.3
-1.27624 -3.3
-1.276 -3.3
-1.27575 -3.3
-1.27551 -3.3
-1.27526 -3.3
-1.27502 -3.3
-1.27477 -3.2
-1.27453 -3.2
-1.27429 -3.1
-1.27404 -3.0
-1.2738 -3.0
-1.27355 -2.9
-1.27331 -2.8
-1.27307 -2.7
-1.27282 -2.5
-1.27258 -2.4
-1.27233 -2.3
-1.27209 -2.1
-1.27184 -2.0
-1.2716 -1.8
-1.27136 -1.7
-1.27111 -1.5
-1.27087 -1.4
-1.27062 -1.2
-1.27038 -1.0
-1.27014 -0.8
-1.26989 -0.6
-1.26965 -0.5
-1.2694 -0.3
-1.26916 0.0
-1.26892 0.1
-1.26867 0.3
-1.26843 0.5
-1.26818 0.7
-1.26794 0.8
-1.26769 1.0
-1.26745 1.2
-1.26721 1.4
-1.26696 1.5
-1.26672 1.7
-1.26647 1.9
-1.26623 2.0
-1.26599 2.2
-1.26574 2.3
-1.2655 2.4
-1.26525 2.6
-1.26501 2.7
-1.26476 2.8
-1.26452 2.9
-1.26428 3.0
-1.26403 3.1
-1.26379 3.1
-1.26354 3.2
-1.2633 3.2
-1.26306 3.3
-1.26281 3.3
-1.26257 3.3
-1.26232 3.3
-1.26208 3.3
-1.26184 3.3
-1.26159 3.3
-1.26135 3.3
-1.2611 3.2
-1.26086 3.2
-1.26061 3.1
-1.26037 3.0
-1.26013 3.0
-1.25988 2.9
-1.25964 2.8
-1.25939 2.7
-1.25915 2.5
-1.25891 2.4
-1.25866 2.3
-1.25842 2.1
-1.25817 2.0
-1.25793 1.8
-1.25768 1.7
-1.25744 1.5
-1.2572 1.3
-1.25695 1.2
-1.25671 1.0
-1.25646 0.8
-1.25622 0.6
-1.25598 0.4
-1.25573 0.2
-1.25549 0.0
-1.25524 -0.1
-1.255 -0.3
-1.25476 -0.5
-1.25451 -0.7
-1.25427 -0.9
-1.25402 -1.1
-1.25378 -1.2
-1.25353 -1.4
-1.25329 -1.6
-1.25305 -1.7
-1.2528 -1.9
-1.25256 -2.1
-1.25231 -2.2
-1.25207 -2.3
-1.25183 -2.5
-1.25158 -2.6
-1.25134 -2.7
-1.25109 -2.8
-1.25085 -2.9
-1.2506 -3.0
-1.25036 -3.1
-1.25012 -3.2
-1.24987 -3.2
-1.24963 -3.3
-1.24938 -3.3
-1.24914 -3.3
-1.2489 -3.3
-1.24865 -3.4
-1.24841 -3.4
-1.24816 -3.3
-1.24792 -3.3
-1.24767 -3.3
-1.24743 -3.2
-1.24719 -3.2
-1.24694 -3.1
-1.2467 -3.0
-1.24645 -2.9
-1.24621 -2.9
-1.24597 -2.7
-1.24572 -2.6
-1.24548 -2.5
-1.24523 -2.4
-1.24499 -2.2
-1.24475 -2.1
-1.2445 -2.0
-1.24426 -1.8
-1.24401 -1.6
-1.24377 -1.5
-1.24352 -1.3
-1.24328 -1.1
-1.24304 -0.9
-1.24279 -0.7
-1.24255 -0.6
-1.2423 -0.4
-1.24206 -0.2
-1.24182 0.0
-1.24157 0.2
-1.24133 0.4
-1.24108 0.6
-1.24084 0.8
-1.24059 0.9
-1.24035 1.1
-1.24011 1.3
-1.23986 1.5
-1.23962 1.6
-1.23937 1.8
-1.23913 2.0
-1.23889 2.1
-1.23864 2.3
-1.2384 2.4
-1.23815 2.5
-1.23791 2.6
-1.23767 2.8
-1.23742 2.9
-1.23718 3.0
-1.23693 3.0
-1.23669 3.1
-1.23644 3.2
-1.2362 3.2
-1.23596 3.3
-1.23571 3.3
-1.23547 3.3
-1.23522 3.4
-1.23498 3.4
-1.23474 3.4
-1.23449 3.3
-1.23425 3.3
-1.234 3.3
-1.23376 3.2
-1.23351 3.2
-1.23327 3.1
-1.23303 3.0
-1.23278 2.9
-1.23254 2.8
-1.23229 2.7
-1.23205 2.6
-1.23181 2.5
-1.23156 2.3
-1.23132 2.2
-1.23107 2.0
-1.23083 1.9
-1.23059 1.7
-1.23034 1.5
-1.2301 1.4
-1.22985 1.2
-1.22961 1.0
-1.22936 0.8
-1.22912 0.6
-1.22888 0.5
-1.22863 0.3
-1.22839 0.0
-1.22814 -0.1
-1.2279 -0.3
-1.22766 -0.5
-1.22741 -0.7
-1.22717 -0.9
-1.22692 -1.1
-1.22668 -1.2
-1.22643 -1.4
-1.22619 -1.6
-1.22595 -1.7
-1.2257 -1.9
-1.22546 -2.1
-1.22521 -2.2
-1.22497 -2.4
-1.22473 -2.5
-1.22448 -2.6
-1.22424 -2.7
-1.22399 -2.8
-1.22375 -2.9
-1.22351 -3.0
-1.22326 -3.1
-1.22302 -3.2
-1.22277 -3.2
-1.22253 -3.3
-1.22228 -3.3
-1.22204 -3.3
-1.2218 -3.4
-1.22155 -3.4
-1.22131 -3.4
-1.22106 -3.4
-1.22082 -3.3
-1.22058 -3.3
-1.22033 -3.2
-1.22009 -3.2
-1.21984 -3.1
-1.2196 -3.0
-1.21935 -2.9
-1.21911 -2.8
-1.21887 -2.7
-1.21862 -2.6
-1.21838 -2.5
-1.21813 -2.4
-1.21789 -2.2
-1.21765 -2.1
-1.2174 -1.9
-1.21716 -1.8
-1.21691 -1.6
-1.21667 -1.4
-1.21642 -1.2
-1.21618 -1.1
-1.21594 -0.9
-1.21569 -0.7
-1.21545 -0.5
-1.2152 -0.3
-1.21496 -0.1
-1.21472 0.0
-1.21447 0.3
-1.21423 0.5
-1.21398 0.6
-1.21374 0.8
-1.2135 1.0
-1.21325 1.2
-1.21301 1.4
-1.21276 1.6
-1.21252 1.7
-1.21227 1.9
-1.21203 2.0
-1.21179 2.2
-1.21154 2.3
-1.2113 2.5
-1.21105 2.6
-1.21081 2.7
-1.21057 2.8
-1.21032 2.9
-1.21008 3.0
-1.20983 3.1
-1.20959 3.2
-1.20934 3.2
-1.2091 3.3
-1.20886 3.3
-1.20861 3.4
-1.20837 3.4
-1.20812 3.4
-1.20788 3.4
-1.20764 3.4
-1.20739 3.3
-1.20715 3.3
-1.2069 3.3
-1.20666 3.2
-1.20642 3.1
-1.20617 3.0
-1.20593 3.0
-1.20568 2.9
-1.20544 2.8
-1.20519 2.6
-1.20495 2.5
-1.20471 2.4
-1.20446 2.2
-1.20422 2.1
-1.20397 1.9
-1.20373 1.8
-1.20349 1.6
-1.20324 1.4
-1.203 1.3
-1.20275 1.1
-1.20251 0.9
-1.20226 0.7
-1.20202 0.5
-1.20178 0.3
-1.20153 0.1
-1.20129 0.0
-1.20104 -0.3
-1.2008 -0.5
-1.20056 -0.7
-1.20031 -0.8
-1.20007 -1.0
-1.19982 -1.2
-1.19958 -1.4
-1.19934 -1.6
-1.19909 -1.7
-1.19885 -1.9
-1.1986 -2.1
-1.19836 -2.2
-1.19811 -2.3
-1.19787 -2.5
-1.19763 -2.6
-1.19738 -2.7
-1.19714 -2.8
-1.19689 -2.9
-1.19665 -3.0
-1.19641 -3.1
-1.19616 -3.2
-1.19592 -3.2
-1.19567 -3.3
-1.19543 -3.3
-1.19518 -3.4
-1.19494 -3.4
-1.1947 -3.4
-1.19445 -3.4
-1.19421 -3.4
-1.19396 -3.3
-1.19372 -3.3
-1.19348 -3.3
-1.19323 -3.2
-1.19299 -3.1
-1.19274 -3.0
-1.1925 -3.0
-1.19226 -2.9
-1.19201 -2.7
-1.19177 -2.6
-1.19152 -2.5
-1.19128 -2.4
-1.19103 -2.2
-1.19079 -2.1
-1.19055 -1.9
-1.1903 -1.7
-1.19006 -1.6
-1.18981 -1.4
-1.18957 -1.2
-1.18933 -1.0
-1.18908 -0.8
-1.18884 -0.7
-1.18859 -0.5
-1.18835 -0.3
-1.1881 0.0
-1.18786 0.1
-1.18762 0.3
-1.18737 0.5
-1.18713 0.7
-1.18688 0.9
-1.18664 1.1
-1.1864 1.3
-1.18615 1.4
-1.18591 1.6
-1.18566 1.8
-1.18542 1.9
-1.18517 2.1
-1.18493 2.3
-1.18469 2.4
-1.18444 2.5
-1.1842 2.7
-1.18395 2.8
-1.18371 2.9
-1.18347 3.0
-1.18322 3.1
-1.18298 3.1
-1.18273 3.2
-1.18249 3.3
-1.18225 3.3
-1.182 3.4
-1.18176 3.4
-1.18151 3.4
-1.18127 3.4
-1.18102 3.4
-1.18078 3.4
-1.18054 3.3
-1.18029 3.3
-1.18005 3.2
-1.1798 3.2
-1.17956 3.1
-1.17932 3.0
-1.17907 2.9
-1.17883 2.8
-1.17858 2.7
-1.17834 2.6
-1.17809 2.4
-1.17785 2.3
-1.17761 2.2
-1.17736 2.0
-1.17712 1.8
-1.17687 1.7
-1.17663 1.5
-1.17639 1.3
-1.17614 1.1
-1.1759 1.0
-1.17565 0.8
-1.17541 0.6
-1.17517 0.4
-1.17492 0.2
-1.17468 0.0
-1.17443 -0.2
-1.17419 -0.4
-1.17394 -0.6
-1.1737 -0.8
-1.17346 -1.0
-1.17321 -1.2
-1.17297 -1.3
-1.17272 -1.5
-1.17248 -1.7
-1.17224 -1.9
-1.17199 -2.0
-1.17175 -2.2
-1.1715 -2.3
-1.17126 -2.5
-1.17101 -2.6
-1.17077 -2.7
-1.17053 -2.8
-1.17028 -2.9
-1.17004 -3.0
-1.16979 -3.1
-1.16955 -3.2
-1.16931 -3.3
-1.16906 -3.3
-1.16882 -3.4
-1.16857 -3.4
-1.16833 -3.4
-1.16809 -3.4
-1.16784 -3.4
-1.1676 -3.4
-1.16735 -3.4
-1.16711 -3.3
-1.16686 -3.3
-1.16662 -3.2
-1.16638 -3.1
-1.16613 -3.1
-1.16589 -3.0
-1.16564 -2.9
-1.1654 -2.8
-1.16516 -2.6
-1.16491 -2.5
-1.16467 -2.4
-1.16442 -2.2
-1.16418 -2.1
-1.16393 -1.9
-1.16369 -1.7
-1.16345 -1.6
-1.1632 -1.4
-1.16296 -1.2
-1.16271 -1.0
-1.16247 -0.8
-1.16223 -0.6
-1.16198 -0.4
-1.16174 -0.3
-1.16149 0.0
-1.16125 0.1
-1.16101 0.3
-1.16076 0.5
-1.16052 0.7
-1.16027 0.9
-1.16003 1.1
-1.15978 1.3
-1.15954 1.5
-1.1593 1.7
-1.15905 1.8
-1.15881 2.0
-1.15856 2.1
-1.15832 2.3
-1.15808 2.4
-1.15783 2.6
-1.15759 2.7
-1.15734 2.8
-1.1571 2.9
-1.15685 3.0
-1.15661 3.1
-1.15637 3.2
-1.15612 3.3
-1.15588 3.3
-1.15563 3.4
-1.15539 3.4
-1.15515 3.4
-1.1549 3.4
-1.15466 3.4
-1.15441 3.4
-1.15417 3.4
-1.15392 3.3
-1.15368 3.3
-1.15344 3.2
-1.15319 3.2
-1.15295 3.1
-1.1527 3.0
-1.15246 2.9
-1.15222 2.8
-1.15197 2.7
-1.15173 2.5
-1.15148 2.4
-1.15124 2.3
-1.151 2.1
-1.15075 1.9
-1.15051 1.8
-1.15026 1.6
-1.15002 1.4
-1.14977 1.2
-1.14953 1.1
-1.14929 0.9
-1.14904 0.7
-1.1488 0.5
-1.14855 0.3
-1.14831 0.0
-1.14807 -0.1
-1.14782 -0.3
-1.14758 -0.5
-1.14733 -0.7
-1.14709 -0.9
-1.14684 -1.1
-1.1466 -1.3
-1.14636 -1.5
-1.14611 -1.6
-1.14587 -1.8
-1.14562 -2.0
-1.14538 -2.1
-1.14514 -2.3
-1.14489 -2.4
-1.14465 -2.6
-1.1444 -2.7
-1.14416 -2.8
-1.14392 -2.9
-1.14367 -3.0
-1.14343 -3.1
-1.14318 -3.2
-1.14294 -3.3
-1.14269 -3.3
-1.14245 -3.4
-1.14221 -3.4
-1.14196 -3.4
-1.14172 -3.4
-1.14147 -3.4
-1.14123 -3.4
-1.14099 -3.4
-1.14074 -3.3
-1.1405 -3.3
-1.14025 -3.2
-1.14001 -3.2
-1.13976 -3.1
-1.13952 -3.0
-1.13928 -2.9
-1.13903 -2.8
-1.13879 -2.7
-1.13854 -2.5
-1.1383 -2.4
-1.13806 -2.3
-1.13781 -2.1
-1.13757 -1.9
-1.13732 -1.8
-1.13708 -1.6
-1.13684 -1.4
-1.13659 -1.2
-1.13635 -1.0
-1.1361 -0.8
-1.13586 -0.7
-1.13561 -0.5
-1.13537 -0.3
-1.13513 0.0
-1.13488 0.1
-1.13464 0.3
-1.13439 0.5
-1.13415 0.7
-1.13391 0.9
-1.13366 1.1
-1.13342 1.3
-1.13317 1.5
-1.13293 1.7
-1.13268 1.8
-1.13244 2.0
-1.1322 2.2
-1.13195 2.3
-1.13171 2.5
-1.13146 2.6
-1.13122 2.7
-1.13098 2.8
-1.13073 3.0
-1.13049 3.1
-1.13024 3.1
-1.13 3.2
-1.12976 3.3
-1.12951 3.3
-1.12927 3.4
-1.12902 3.4
-1.12878 3.4
-1.12853 3.4
-1.12829 3.4
-1.12805 3.4
-1.1278 3.4
-1.12756 3.3
-1.12731 3.3
-1.12707 3.2
-1.12683 3.2
-1.12658 3.1
-1.12634 3.0
-1.12609 2.9
-1.12585 2.8
-1.1256 2.6
-1.12536 2.5
-1.12512 2.4
-1.12487 2.2
-1.12463 2.1
-1.12438 1.9
-1.12414 1.7
-1.1239 1.5
-1.12365 1.4
-1.12341 1.2
-1.12316 1.0
-1.12292 0.8
-1.12267 0.6
-1.12243 0.4
-1.12219 0.2
-1.12194 0.0
-1.1217 -0.2
-1.12145 -0.4
-1.12121 -0.6
-1.12097 -0.8
-1.12072 -1.0
-1.12048 -1.2
-1.12023 -1.4
-1.11999 -1.6
-1.11975 -1.7
-1.1195 -1.9
-1.11926 -2.1
-1.11901 -2.2
-1.11877 -2.4
-1.11852 -2.5
-1.11828 -2.7
-1.11804 -2.8
-1.11779 -2.9
-1.11755 -3.0
-1.1173 -3.1
-1.11706 -3.2
-1.11682 -3.3
-1.11657 -3.3
-1.11633 -3.4
-1.11608 -3.4
-1.11584 -3.4
-1.11559 -3.4
-1.11535 -3.4
-1.11511 -3.4
-1.11486 -3.4
-1.11462 -3.4
-1.11437 -3.3
-1.11413 -3.3
-1.11389 -3.2
-1.11364 -3.1
-1.1134 -3.0
-1.11315 -2.9
-1.11291 -2.8
-1.11267 -2.7
-1.11242 -2.6
-1.11218 -2.4
-1.11193 -2.3
-1.11169 -2.1
-1.11144 -2.0
-1.1112 -1.8
-1.11096 -1.6
-1.11071 -1.5
-1.11047 -1.3
-1.11022 -1.1
-1.10998 -0.9
-1.10974 -0.7
-1.10949 -0.5
-1.10925 -0.3
-1.109 0.0
-1.10876 0.1
-1.10851 0.3
-1.10827 0.5
-1.10803 0.7
-1.10778 0.9
-1.10754 1.1
-1.10729 1.3
-1.10705 1.5
-1.10681 1.7
-1.10656 1.9
-1.10632 2.0
-1.10607 2.2
-1.10583 2.3
-1.10559 2.5
-1.10534 2.6
-1.1051 2.7
-1.10485 2.9
-1.10461 3.0
-1.10436 3.1
-1.10412 3.2
-1.10388 3.2
-1.10363 3.3
-1.10339 3.4
-1.10314 3.4
-1.1029 3.4
-1.10266 3.4
-1.10241 3.5
-1.10217 3.4
-1.10192 3.4
-1.10168 3.4
-1.10143 3.4
-1.10119 3.3
-1.10095 3.2
-1.1007 3.2
-1.10046 3.1
-1.10021 3.0
-1.09997 2.9
-1.09973 2.8
-1.09948 2.6
-1.09924 2.5
-1.09899 2.3
-1.09875 2.2
-1.09851 2.0
-1.09826 1.9
-1.09802 1.7
-1.09777 1.5
-1.09753 1.3
-1.09728 1.1
-1.09704 0.9
-1.0968 0.7
-1.09655 0.5
-1.09631 0.3
-1.09606 0.1
-1.09582 0.0
-1.09558 -0.3
-1.09533 -0.5
-1.09509 -0.7
-1.09484 -0.9
-1.0946 -1.1
-1.09435 -1.3
-1.09411 -1.5
-1.09387 -1.6
-1.09362 -1.8
-1.09338 -2.0
-1.09313 -2.2
-1.09289 -2.3
-1.09265 -2.5
-1.0924 -2.6
-1.09216 -2.7
-1.09191 -2.9
-1.09167 -3.0
-1.09142 -3.1
-1.09118 -3.2
-1.09094 -3.2
-1.09069 -3.3
-1.09045 -3.4
-1.0902 -3.4
-1.08996 -3.4
-1.08972 -3.5
-1.08947 -3.5
-1.08923 -3.5
-1.08898 -3.4
-1.08874 -3.4
-1.0885 -3.4
-1.08825 -3.3
-1.08801 -3.3
-1.08776 -3.2
-1.08752 -3.1
-1.08727 -3.0
-1.08703 -2.9
-1.08679 -2.8
-1.08654 -2.6
-1.0863 -2.5
-1.08605 -2.4
-1.08581 -2.2
-1.08557 -2.0
-1.08532 -1.9
-1.08508 -1.7
-1.08483 -1.5
-1.08459 -1.3
-1.08434 -1.1
-1.0841 -0.9
-1.08386 -0.7
-1.08361 -0.5
-1.08337 -0.3
-1.08312 -0.1
-1.08288 0.0
-1.08264 0.3
-1.08239 0.5
-1.08215 0.7
-1.0819 0.9
-1.08166 1.1
-1.08142 1.3
-1.08117 1.5
-1.08093 1.7
-1.08068 1.8
-1.08044 2.0
-1.08019 2.2
-1.07995 2.3
-1.07971 2.5
-1.07946 2.6
-1.07922 2.8
-1.07897 2.9
-1.07873 3.0
-1.07849 3.1
-1.07824 3.2
-1.078 3.3
-1.07775 3.3
-1.07751 3.4
-1.07726 3.4
-1.07702 3.4
-1.07678 3.5
-1.07653 3.5
-1.07629 3.5
-1.07604 3.4
-1.0758 3.4
-1.07556 3.4
-1.07531 3.3
-1.07507 3.3
-1.07482 3.2
-1.07458 3.1
-1.07434 3.0
-1.07409 2.9
-1.07385 2.8
-1.0736 2.6
-1.07336 2.5
-1.07311 2.3
-1.07287 2.2
-1.07263 2.0
-1.07238 1.8
-1.07214 1.7
-1.07189 1.5
-1.07165 1.3
-1.07141 1.1
-1.07116 0.9
-1.07092 0.7
-1.07067 0.5
-1.07043 0.3
-1.07018 0.0
-1.06994 -0.1
-1.0697 -0.3
-1.06945 -0.5
-1.06921 -0.7
-1.06896 -0.9
-1.06872 -1.1
-1.06848 -1.3
-1.06823 -1.5
-1.06799 -1.7
-1.06774 -1.9
-1.0675 -2.1
-1.06726 -2.2
-1.06701 -2.4
-1.06677 -2.5
-1.06652 -2.7
-1.06628 -2.8
-1.06603 -2.9
-1.06579 -3.0
-1.06555 -3.1
-1.0653 -3.2
-1.06506 -3.3
-1.06481 -3.3
-1.06457 -3.4
-1.06433 -3.4
-1.06408 -3.5
-1.06384 -3.5
-1.06359 -3.5
-1.06335 -3.5
-1.0631 -3.4
-1.06286 -3.4
-1.06262 -3.4
-1.06237 -3.3
-1.06213 -3.2
-1.06188 -3.2
-1.06164 -3.1
-1.0614 -3.0
-1.06115 -2.8
-1.06091 -2.7
-1.06066 -2.6
-1.06042 -2.4
-1.06017 -2.3
-1.05993 -2.1
-1.05969 -1.9
-1.05944 -1.8
-1.0592 -1.6
-1.05895 -1.4
-1.05871 -1.2
-1.05847 -1.0
-1.05822 -0.8
-1.05798 -0.6
-1.05773 -0.4
-1.05749 -0.2
-1.05725 0.0
-1.057 0.2
-1.05676 0.4
-1.05651 0.6
-1.05627 0.8
-1.05602 1.0
-1.05578 1.2
-1.05554 1.4
-1.05529 1.6
-1.05505 1.8
-1.0548 2.0
-1.05456 2.2
-1.05432 2.3
-1.05407 2.5
-1.05383 2.6
-1.05358 2.7
-1.05334 2.9
-1.05309 3.0
-1.05285 3.1
-1.05261 3.2
-1.05236 3.3
-1.05212 3.3
-1.05187 3.4
-1.05163 3.4
-1.05139 3.5
-1.05114 3.5
-1.0509 3.5
-1.05065 3.5
-1.05041 3.5
-1.05017 3.4
-1.04992 3.4
-1.04968 3.3
-1.04943 3.3
-1.04919 3.2
-1.04894 3.1
-1.0487 3.0
-1.04846 2.9
-1.04821 2.8
-1.04797 2.6
-1.04772 2.5
-1.04748 2.3
-1.04724 2.2
-1.04699 2.0
-1.04675 1.8
-1.0465 1.7
-1.04626 1.5
-1.04601 1.3
-1.04577 1.1
-1.04553 0.9
-1.04528 0.7
-1.04504 0.5
-1.04479 0.3
-1.04455 0.0
-1.04431 -0.2
-1.04406 -0.4
-1.04382 -0.6
-1.04357 -0.8
-1.04333 -1.0
-1.04309 -1.2
-1.04284 -1.4
-1.0426 -1.6
-1.04235 -1.8
-1.04211 -1.9
-1.04186 -2.1
-1.04162 -2.3
-1.04138 -2.4
-1.04113 -2.6
-1.04089 -2.7
-1.04064 -2.8
-1.0404 -3.0
-1.04016 -3.1
-1.03991 -3.2
-1.03967 -3.3
-1.03942 -3.3
-1.03918 -3.4
-1.03893 -3.4
-1.03869 -3.5
-1.03845 -3.5
-1.0382 -3.5
-1.03796 -3.5
-1.03771 -3.5
-1.03747 -3.5
-1.03723 -3.4
-1.03698 -3.4
-1.03674 -3.3
-1.03649 -3.2
-1.03625 -3.1
-1.03601 -3.0
-1.03576 -2.9
-1.03552 -2.8
-1.03527 -2.7
-1.03503 -2.5
-1.03478 -2.4
-1.03454 -2.2
-1.0343 -2.0
-1.03405 -1.9
-1.03381 -1.7
-1.03356 -1.5
-1.03332 -1.3
-1.03308 -1.1
-1.03283 -0.9
-1.03259 -0.7
-1.03234 -0.5
-1.0321 -0.3
-1.03185 0.0
-1.03161 0.1
-1.03137 0.4
-1.03112 0.6
-1.03088 0.8
-1.03063 1.0
-1.03039 1.2
-1.03015 1.4
-1.0299 1.6
-1.02966 1.8
-1.02941 1.9
-1.02917 2.1
-1.02892 2.3
-1.02868 2.4
-1.02844 2.6
-1.02819 2.7
-1.02795 2.9
-1.0277 3.0
-1.02746 3.1
-1.02722 3.2
-1.02697 3.3
-1.02673 3.3
-1.02648 3.4
-1.02624 3.4
-1.026 3.5
-1.02575 3.5
-1.02551 3.5
-1.02526 3.5
-1.02502 3.5
-1.02477 3.5
-1.02453 3.4
-1.02429 3.4
-1.02404 3.3
-1.0238 3.2
-1.02355 3.1
-1.02331 3.0
-1.02307 2.9
-1.02282 2.8
-1.02258 2.7
-1.02233 2.5
-1.02209 2.4
-1.02184 2.2
-1.0216 2.0
-1.02136 1.9
-1.02111 1.7
-1.02087 1.5
-1.02062 1.3
-1.02038 1.1
-1.02014 0.9
-1.01989 0.7
-1.01965 0.5
-1.0194 0.2
-1.01916 0.0
-1.01892 -0.2
-1.01867 -0.4
-1.01843 -0.6
-1.01818 -0.8
-1.01794 -1.0
-1.01769 -1.2
-1.01745 -1.4
-1.01721 -1.6
-1.01696 -1.8
-1.01672 -2.0
-1.01647 -2.2
-1.01623 -2.3
-1.01599 -2.5
-1.01574 -2.6
-1.0155 -2.8
-1.01525 -2.9
-1.01501 -3.0
-1.01476 -3.1
-1.01452 -3.2
-1.01428 -3.3
-1.01403 -3.4
-1.01379 -3.4
-1.01354 -3.5
-1.0133 -3.5
-1.01306 -3.5
-1.01281 -3.5
-1.01257 -3.5
-1.01232 -3.5
-1.01208 -3.5
-1.01184 -3.4
-1.01159 -3.4
-1.01135 -3.3
-1.0111 -3.2
-1.01086 -3.1
-1.01061 -3.0
-1.01037 -2.9
-1.01013 -2.8
-1.00988 -2.6
-1.00964 -2.5
-1.00939 -2.3
-1.00915 -2.2
-1.00891 -2.0
-1.00866 -1.8
-1.00842 -1.6
-1.00817 -1.4
-1.00793 -1.2
-1.00768 -1.0
-1.00744 -0.8
-1.0072 -0.6
-1.00695 -0.4
-1.00671 -0.2
-1.00646 0.0
-1.00622 0.3
-1.00598 0.5
-1.00573 0.7
-1.00549 0.9
-1.00524 1.1
-1.005 1.3
-1.00476 1.5
-1.00451 1.7
-1.00427 1.9
-1.00402 2.1
-1.00378 2.2
-1.00353 2.4
-1.00329 2.5
-1.00305 2.7
-1.0028 2.8
-1.00256 3.0
-1.00231 3.1
-1.00207 3.2
-1.00183 3.3
-1.00158 3.3
-1.00134 3.4
-1.00109 3.5
-1.00085 3.5
-1.0006 3.5
-1.00036 3.5
-1.00012 3.5
-0.99987 3.5
-0.99963 3.5
-0.99938 3.5
-0.99914 3.4
-0.9989 3.3
-0.99865 3.3
-0.99841 3.2
-0.99816 3.1
-0.99792 3.0
-0.99767 2.8
-0.99743 2.7
-0.99719 2.6
-0.99694 2.4
-0.9967 2.2
-0.99645 2.1
-0.99621 1.9
-0.99597 1.7
-0.99572 1.5
-0.99548 1.3
-0.99523 1.1
-0.99499 0.9
-0.99475 0.7
-0.9945 0.5
-0.99426 0.3
-0.99401 0.0
-0.99377 -0.2
-0.99352 -0.4
-0.99328 -0.6
-0.99304 -0.8
-0.99279 -1.0
-0.99255 -1.2
-0.9923 -1.4
-0.99206 -1.6
-0.99182 -1.8
-0.99157 -2.0
-0.99133 -2.2
-0.99108 -2.3
-0.99084 -2.5
-0.99059 -2.7
-0.99035 -2.8
-0.99011 -2.9
-0.98986 -3.0
-0.98962 -3.1
-0.98937 -3.2
-0.98913 -3.3
-0.98889 -3.4
-0.98864 -3.4
-0.9884 -3.5
-0.98815 -3.5
-0.98791 -3.5
-0.98767 -3.5
-0.98742 -3.5
-0.98718 -3.5
-0.98693 -3.5
-0.98669 -3.4
-0.98644 -3.4
-0.9862 -3.3
-0.98596 -3.2
-0.98571 -3.1
-0.98547 -3.0
-0.98522 -2.9
-0.98498 -2.7
-0.98474 -2.6
-0.98449 -2.4
-0.98425 -2.3
-0.984 -2.1
-0.98376 -1.9
-0.98351 -1.7
-0.98327 -1.5
-0.98303 -1.3
-0.98278 -1.1
-0.98254 -0.9
-0.98229 -0.7
-0.98205 -0.5
-0.98181 -0.3
-0.98156 0.0
-0.98132 0.1
-0.98107 0.4
-0.98083 0.6
-0.98059 0.8
-0.98034 1.0
-0.9801 1.2
-0.97985 1.4
-0.97961 1.6
-0.97936 1.8
-0.97912 2.0
-0.97888 2.2
-0.97863 2.3
-0.97839 2.5
-0.97814 2.6
-0.9779 2.8
-0.97766 2.9
-0.97741 3.0
-0.97717 3.1
-0.97692 3.2
-0.97668 3.3
-0.97643 3.4
-0.97619 3.5
-0.97595 3.5
-0.9757 3.5
-0.97546 3.5
-0.97521 3.6
-0.97497 3.5
-0.97473 3.5
-0.97448 3.5
-0.97424 3.4
-0.97399 3.4
-0.97375 3.3
-0.97351 3.2
-0.97326 3.1
-0.97302 3.0
-0.97277 2.9
-0.97253 2.7
-0.97228 2.6
-0.97204 2.4
-0.9718 2.3
-0.97155 2.1
-0.97131 1.9
-0.97106 1.7
-0.97082 1.5
-0.97058 1.3
-0.97033 1.1
-0.97009 0.9
-0.96984 0.7
-0.9696 0.5
-0.96935 0.3
-0.96911 0.0
-0.96887 -0.2
-0.96862 -0.4
-0.96838 -0.6
-0.96813 -0.8
-0.96789 -1.0
-0.96765 -1.2
-0.9674 -1.4
-0.96716 -1.6
-0.96691 -1.8
-0.96667 -2.0
-0.96642 -2.2
-0.96618 -2.4
-0.96594 -2.5
-0.96569 -2.7
-0.96545 -2.8
-0.9652 -2.9
-0.96496 -3.1
-0.96472 -3.2
-0.96447 -3.3
-0.96423 -3.3
-0.96398 -3.4
-0.96374 -3.5
-0.9635 -3.5
-0.96325 -3.5
-0.96301 -3.6
-0.96276 -3.6
-0.96252 -3.6
-0.96227 -3.5
-0.96203 -3.5
-0.96179 -3.4
-0.96154 -3.4
-0.9613 -3.3
-0.96105 -3.2
-0.96081 -3.1
-0.96057 -3.0
-0.96032 -2.9
-0.96008 -2.7
-0.95983 -2.6
-0.95959 -2.4
-0.95934 -2.2
-0.9591 -2.1
-0.95886 -1.9
-0.95861 -1.7
-0.95837 -1.5
-0.95812 -1.3
-0.95788 -1.1
-0.95764 -0.9
-0.95739 -0.7
-0.95715 -0.4
-0.9569 -0.2
-0.95666 0.0
-0.95642 0.2
-0.95617 0.5
-0.95593 0.7
-0.95568 0.9
-0.95544 1.1
-0.95519 1.3
-0.95495 1.5
-0.95471 1.7
-0.95446 1.9
-0.95422 2.1
-0.95397 2.3
-0.95373 2.4
-0.95349 2.6
-0.95324 2.7
-0.953 2.9
-0.95275 3.0
-0.95251 3.1
-0.95226 3.2
-0.95202 3.3
-0.95178 3.4
-0.95153 3.5
-0.95129 3.5
-0.95104 3.5
-0.9508 3.6
-0.95056 3.6
-0.95031 3.6
-0.95007 3.6
-0.94982 3.5
-0.94958 3.5
-0.94934 3.4
-0.94909 3.3
-0.94885 3.3
-0.9486 3.2
-0.94836 3.1
-0.94811 2.9
-0.94787 2.8
-0.94763 2.7
-0.94738 2.5
-0.94714 2.3
-0.94689 2.2
-0.94665 2.0
-0.94641 1.8
-0.94616 1.6
-0.94592 1.4
-0.94567 1.2
-0.94543 1.0
-0.94518 0.8
-0.94494 0.5
-0.9447 0.3
-0.94445 0.0
-0.94421 -0.1
-0.94396 -0.4
-0.94372 -0.6
-0.94348 -0.8
-0.94323 -1.0
-0.94299 -1.2
-0.94274 -1.4
-0.9425 -1.6
-0.94226 -1.8
-0.94201 -2.0
-0.94177 -2.2
-0.94152 -2.4
-0.94128 -2.5
-0.94103 -2.7
-0.94079 -2.8
-0.94055 -3.0
-0.9403 -3.1
-0.94006 -3.2
-0.93981 -3.3
-0.93957 -3.4
-0.93933 -3.4
-0.93908 -3.5
-0.93884 -3.5
-0.93859 -3.6
-0.93835 -3.6
-0.9381 -3.6
-0.93786 -3.6
-0.93762 -3.5
-0.93737 -3.5
-0.93713 -3.4
-0.93688 -3.4
-0.93664 -3.3
-0.9364 -3.2
-0.93615 -3.1
-0.93591 -3.0
-0.93566 -2.9
-0.93542 -2.7
-0.93517 -2.6
-0.93493 -2.4
-0.93469 -2.2
-0.93444 -2.0
-0.9342 -1.9
-0.93395 -1.7
-0.93371 -1.5
-0.93347 -1.2
-0.93322 -1.0
-0.93298 -0.8
-0.93273 -0.6
-0.93249 -0.4
-0.93225 -0.1
-0.932 0.0
-0.93176 0.3
-0.93151 0.5
-0.93127 0.7
-0.93102 1.0
-0.93078 1.2
-0.93054 1.4
-0.93029 1.6
-0.93005 1.8
-0.9298 2.0
-0.92956 2.2
-0.92932 2.3
-0.92907 2.5
-0.92883 2.7
-0.92858 2.8
-0.92834 2.9
-0.92809 3.1
-0.92785 3.2
-0.92761 3.3
-0.92736 3.4
-0.92712 3.4
-0.92687 3.5
-0.92663 3.5
-0.92639 3.6
-0.92614 3.6
-0.9259 3.6
-0.92565 3.6
-0.92541 3.6
-0.92517 3.5
-0.92492 3.5
-0.92468 3.4
-0.92443 3.3
-0.92419 3.2
-0.92394 3.1
-0.9237 3.0
-0.92346 2.9
-0.92321 2.7
-0.92297 2.6
-0.92272 2.4
-0.92248 2.2
-0.92224 2.1
-0.92199 1.9
-0.92175 1.7
-0.9215 1.5
-0.92126 1.3
-0.92101 1.0
-0.92077 0.8
-0.92053 0.6
-0.92028 0.4
-0.92004 0.1
-0.91979 0.0
-0.91955 -0.3
-0.91931 -0.5
-0.91906 -0.8
-0.91882 -1.0
-0.91857 -1.2
-0.91833 -1.4
-0.91809 -1.6
-0.91784 -1.8
-0.9176 -2.0
-0.91735 -2.2
-0.91711 -2.4
-0.91686 -2.5
-0.91662 -2.7
-0.91638 -2.8
-0.91613 -3.0
-0.91589 -3.1
-0.91564 -3.2
-0.9154 -3.3
-0.91516 -3.4
-0.91491 -3.5
-0.91467 -3.5
-0.91442 -3.6
-0.91418 -3.6
-0.91393 -3.6
-0.91369 -3.6
-0.91345 -3.6
-0.9132 -3.6
-0.91296 -3.5
-0.91271 -3.5
-0.91247 -3.4
-0.91223 -3.3
-0.91198 -3.2
-0.91174 -3.1
-0.91149 -3.0
-0.91125 -2.9
-0.91101 -2.7
-0.91076 -2.6
-0.91052 -2.4
-0.91027 -2.2
-0.91003 -2.0
-0.90978 -1.8
-0.90954 -1.6
-0.9093 -1.4
-0.90905 -1.2
-0.90881 -1.0
-0.90856 -0.8
-0.90832 -0.5
-0.90808 -0.3
-0.90783 0.0
-0.90759 0.1
-0.90734 0.4
-0.9071 0.6
-0.90685 0.8
-0.90661 1.0
-0.90637 1.3
-0.90612 1.5
-0.90588 1.7
-0.90563 1.9
-0.90539 2.1
-0.90515 2.2
-0.9049 2.4
-0.90466 2.6
-0.90441 2.7
-0.90417 2.9
-0.90392 3.0
-0.90368 3.1
-0.90344 3.2
-0.90319 3.3
-0.90295 3.4
-0.9027 3.5
-0.90246 3.5
-0.90222 3.6
-0.90197 3.6
-0.90173 3.6
-0.90148 3.6
-0.90124 3.6
-0.901 3.6
-0.90075 3.5
-0.90051 3.5
-0.90026 3.4
-0.90002 3.3
-0.89977 3.2
-0.89953 3.1
-0.89929 2.9
-0.89904 2.8
-0.8988 2.7
-0.89855 2.5
-0.89831 2.3
-0.89807 2.1
-0.89782 1.9
-0.89758 1.8
-0.89733 1.5
-0.89709 1.3
-0.89684 1.1
-0.8966 0.9
-0.89636 0.7
-0.89611 0.4
-0.89587 0.2
-0.89562 0.0
-0.89538 -0.2
-0.89514 -0.5
-0.89489 -0.7
-0.89465 -0.9
-0.8944 -1.1
-0.89416 -1.4
-0.89392 -1.6
-0.89367 -1.8
-0.89343 -2.0
-0.89318 -2.2
-0.89294 -2.3
-0.89269 -2.5
-0.89245 -2.7
-0.89221 -2.8
-0.89196 -3.0
-0.89172 -3.1
-0.89147 -3.2
-0.89123 -3.3
-0.89099 -3.4
-0.89074 -3.5
-0.8905 -3.5
-0.89025 -3.6
-0.89001 -3.6
-0.88976 -3.6
-0.88952 -3.6
-0.88928 -3.6
-0.88903 -3.6
-0.88879 -3.5
-0.88854 -3.5
-0.8883 -3.4
-0.88806 -3.3
-0.88781 -3.2
-0.88757 -3.1
-0.88732 -3.0
-0.88708 -2.9
-0.88684 -2.7
-0.88659 -2.6
-0.88635 -2.4
-0.8861 -2.2
-0.88586 -2.0
-0.88561 -1.8
-0.88537 -1.6
-0.88513 -1.4
-0.88488 -1.2
-0.88464 -1.0
-0.88439 -0.7
-0.88415 -0.5
-0.88391 -0.3
-0.88366 0.0
-0.88342 0.2
-0.88317 0.4
-0.88293 0.6
-0.88268 0.9
-0.88244 1.1
-0.8822 1.3
-0.88195 1.5
-0.88171 1.7
-0.88146 1.9
-0.88122 2.1
-0.88098 2.3
-0.88073 2.5
-0.88049 2.7
-0.88024 2.8
-0.88 3.0
-0.87976 3.1
-0.87951 3.2
-0.87927 3.3
-0.87902 3.4
-0.87878 3.5
-0.87853 3.5
-0.87829 3.6
-0.87805 3.6
-0.8778 3.6
-0.87756 3.6
-0.87731 3.6
-0.87707 3.6
-0.87683 3.6
-0.87658 3.5
-0.87634 3.4
-0.87609 3.4
-0.87585 3.3
-0.8756 3.1
-0.87536 3.0
-0.87512 2.9
-0.87487 2.7
-0.87463 2.6
-0.87438 2.4
-0.87414 2.2
-0.8739 2.0
-0.87365 1.8
-0.87341 1.6
-0.87316 1.4
-0.87292 1.2
-0.87267 1.0
-0.87243 0.8
-0.87219 0.5
-0.87194 0.3
-0.8717 0.0
-0.87145 -0.2
-0.87121 -0.4
-0.87097 -0.6
-0.87072 -0.9
-0.87048 -1.1
-0.87023 -1.3
-0.86999 -1.5
-0.86975 -1.7
-0.8695 -1.9
-0.86926 -2.1
-0.86901 -2.3
-0.86877 -2.5
-0.86852 -2.7
-0.86828 -2.8
-0.86804 -3.0
-0.86779 -3.1
-0.86755 -3.2
-0.8673 -3.3
-0.86706 -3.4
-0.86682 -3.5
-0.86657 -3.5
-0.86633 -3.6
-0.86608 -3.6
-0.86584 -3.6
-0.86559 -3.7
-0.86535 -3.6
-0.86511 -3.6
-0.86486 -3.6
-0.86462 -3.5
-0.86437 -3.4
-0.86413 -3.4
-0.86389 -3.3
-0.86364 -3.1
-0.8634 -3.0
-0.86315 -2.9
-0.86291 -2.7
-0.86267 -2.6
-0.86242 -2.4
-0.86218 -2.2
-0.86193 -2.0
-0.86169 -1.8
-0.86144 -1.6
-0.8612 -1.4
-0.86096 -1.2
-0.86071 -0.9
-0.86047 -0.7
-0.86022 -0.5
-0.85998 -0.3
-0.85974 0.0
-0.85949 0.2
-0.85925 0.5
-0.859 0.7
-0.85876 0.9
-0.85851 1.1
-0.85827 1.4
-0.85803 1.6
-0.85778 1.8
-0.85754 2.0
-0.85729 2.2
-0.85705 2.4
-0.85681 2.5
-0.85656 2.7
-0.85632 2.9
-0.85607 3.0
-0.85583 3.1
-0.85559 3.3
-0.85534 3.4
-0.8551 3.4
-0.85485 3.5
-0.85461 3.6
-0.85436 3.6
-0.85412 3.6
-0.85388 3.7
-0.85363 3.7
-0.85339 3.6
-0.85314 3.6
-0.8529 3.6
-0.85266 3.5
-0.85241 3.4
-0.85217 3.3
-0.85192 3.2
-0.85168 3.1
-0.85143 3.0
-0.85119 2.8
-0.85095 2.7
-0.8507 2.5
-0.85046 2.3
-0.85021 2.1
-0.84997 1.9
-0.84973 1.7
-0.84948 1.5
-0.84924 1.3
-0.84899 1.1
-0.84875 0.9
-0.84851 0.6
-0.84826 0.4
-0.84802 0.2
-0.84777 0.0
-0.84753 -0.3
-0.84728 -0.6
-0.84704 -0.8
-0.8468 -1.0
-0.84655 -1.3
-0.84631 -1.5
-0.84606 -1.7
-0.84582 -1.9
-0.84558 -2.1
-0.84533 -2.3
-0.84509 -2.5
-0.84484 -2.6
-0.8446 -2.8
-0.84435 -3.0
-0.84411 -3.1
-0.84387 -3.2
-0.84362 -3.3
-0.84338 -3.4
-0.84313 -3.5
-0.84289 -3.6
-0.84265 -3.6
-0.8424 -3.7
-0.84216 -3.7
-0.84191 -3.7
-0.84167 -3.7
-0.84142 -3.6
-0.84118 -3.6
-0.84094 -3.5
-0.84069 -3.5
-0.84045 -3.4
-0.8402 -3.3
-0.83996 -3.2
-0.83972 -3.0
-0.83947 -2.9
-0.83923 -2.7
-0.83898 -2.6
-0.83874 -2.4
-0.8385 -2.2
-0.83825 -2.0
-0.83801 -1.8
-0.83776 -1.6
-0.83752 -1.4
-0.83727 -1.2
-0.83703 -0.9
-0.83679 -0.7
-0.83654 -0.5
-0.8363 -0.2
-0.83605 0.0
-0.83581 0.2
-0.83557 0.5
-0.83532 0.7
-0.83508 1.0
-0.83483 1.2
-0.83459 1.4
-0.83434 1.6
-0.8341 1.8
-0.83386 2.0
-0.83361 2.2
-0.83337 2.4
-0.83312 2.6
-0.83288 2.8
-0.83264 2.9
-0.83239 3.1
-0.83215 3.2
-0.8319 3.3
-0.83166 3.4
-0.83142 3.5
-0.83117 3.6
-0.83093 3.6
-0.83068 3.7
-0.83044 3.7
-0.83019 3.7
-0.82995 3.7
-0.82971 3.7
-0.82946 3.6
-0.82922 3.6
-0.82897 3.5
-0.82873 3.4
-0.82849 3.3
-0.82824 3.2
-0.828 3.1
-0.82775 2.9
-0.82751 2.8
-0.82726 2.6
-0.82702 2.4
-0.82678 2.3
-0.82653 2.1
-0.82629 1.9
-0.82604 1.6
-0.8258 1.4
-0.82556 1.2
-0.82531 1.0
-0.82507 0.7
-0.82482 0.5
-0.82458 0.3
-0.82434 0.0
-0.82409 -0.2
-0.82385 -0.5
-0.8236 -0.7
-0.82336 -0.9
-0.82311 -1.2
-0.82287 -1.4
-0.82263 -1.6
-0.82238 -1.8
-0.82214 -2.0
-0.82189 -2.2
-0.82165 -2.4
-0.82141 -2.6
-0.82116 -2.8
-0.82092 -2.9
-0.82067 -3.1
-0.82043 -3.2
-0.82018 -3.3
-0.81994 -3.4
-0.8197 -3.5
-0.81945 -3.6
-0.81921 -3.6
-0.81896 -3.7
-0.81872 -3.7
-0.81848 -3.7
-0.81823 -3.7
-0.81799 -3.7
-0.81774 -3.6
-0.8175 -3.6
-0.81726 -3.5
-0.81701 -3.4
-0.81677 -3.3
-0.81652 -3.2
-0.81628 -3.1
-0.81603 -2.9
-0.81579 -2.8
-0.81555 -2.6
-0.8153 -2.4
-0.81506 -2.2
-0.81481 -2.0
-0.81457 -1.8
-0.81433 -1.6
-0.81408 -1.4
-0.81384 -1.2
-0.81359 -0.9
-0.81335 -0.7
-0.8131 -0.5
-0.81286 -0.2
-0.81262 0.0
-0.81237 0.3
-0.81213 0.5
-0.81188 0.8
-0.81164 1.0
-0.8114 1.2
-0.81115 1.5
-0.81091 1.7
-0.81066 1.9
-0.81042 2.1
-0.81017 2.3
-0.80993 2.5
-0.80969 2.7
-0.80944 2.8
-0.8092 3.0
-0.80895 3.1
-0.80871 3.2
-0.80847 3.4
-0.80822 3.5
-0.80798 3.5
-0.80773 3.6
-0.80749 3.7
-0.80725 3.7
-0.807 3.7
-0.80676 3.7
-0.80651 3.7
-0.80627 3.7
-0.80602 3.6
-0.80578 3.6
-0.80554 3.5
-0.80529 3.4
-0.80505 3.3
-0.8048 3.2
-0.80456 3.0
-0.80432 2.9
-0.80407 2.7
-0.80383 2.6
-0.80358 2.4
-0.80334 2.2
-0.80309 2.0
-0.80285 1.8
-0.80261 1.5
-0.80236 1.3
-0.80212 1.1
-0.80187 0.8
-0.80163 0.6
-0.80139 0.4
-0.80114 0.1
-0.8009 -0.1
-0.80065 -0.4
-0.80041 -0.6
-0.80017 -0.9
-0.79992 -1.1
-0.79968 -1.3
-0.79943 -1.6
-0.79919 -1.8
-0.79894 -2.0
-0.7987 -2.2
-0.79846 -2.4
-0.79821 -2.6
-0.79797 -2.7
-0.79772 -2.9
-0.79748 -3.1
-0.79724 -3.2
-0.79699 -3.3
-0.79675 -3.4
-0.7965 -3.5
-0.79626 -3.6
-0.79601 -3.6
-0.79577 -3.7
-0.79553 -3.7
-0.79528 -3.7
-0.79504 -3.7
-0.79479 -3.7
-0.79455 -3.7
-0.79431 -3.6
-0.79406 -3.5
-0.79382 -3.5
-0.79357 -3.4
-0.79333 -3.2
-0.79309 -3.1
-0.79284 -3.0
-0.7926 -2.8
-0.79235 -2.6
-0.79211 -2.5
-0.79186 -2.3
-0.79162 -2.1
-0.79138 -1.9
-0.79113 -1.6
-0.79089 -1.4
-0.79064 -1.2
-0.7904 -0.9
-0.79016 -0.7
-0.78991 -0.5
-0.78967 -0.2
-0.78942 0.0
-0.78918 0.3
-0.78893 0.5
-0.78869 0.8
-0.78845 1.0
-0.7882 1.3
-0.78796 1.5
-0.78771 1.7
-0.78747 1.9
-0.78723 2.1
-0.78698 2.3
-0.78674 2.5
-0.78649 2.7
-0.78625 2.9
-0.78601 3.0
-0.78576 3.2
-0.78552 3.3
-0.78527 3.4
-0.78503 3.5
-0.78478 3.6
-0.78454 3.6
-0.7843 3.7
-0.78405 3.7
-0.78381 3.7
-0.78356 3.7
-0.78332 3.7
-0.78308 3.7
-0.78283 3.6
-0.78259 3.6
-0.78234 3.5
-0.7821 3.4
-0.78185 3.3
-0.78161 3.1
-0.78137 3.0
-0.78112 2.8
-0.78088 2.7
-0.78063 2.5
-0.78039 2.3
-0.78015 2.1
-0.7799 1.9
-0.77966 1.7
-0.77941 1.4
-0.77917 1.2
-0.77892 1.0
-0.77868 0.7
-0.77844 0.5
-0.77819 0.2
-0.77795 0.0
-0.7777 -0.3
-0.77746 -0.5
-0.77722 -0.8
-0.77697 -1.0
-0.77673 -1.2
-0.77648 -1.5
-0.77624 -1.7
-0.776 -1.9
-0.77575 -2.1
-0.77551 -2.3
-0.77526 -2.5
-0.77502 -2.7
-0.77477 -2.9
-0.77453 -3.0
-0.77429 -3.2
-0.77404 -3.3
-0.7738 -3.4
-0.77355 -3.5
-0.77331 -3.6
-0.77307 -3.7
-0.77282 -3.7
-0.77258 -3.7
-0.77233 -3.7
-0.77209 -3.7
-0.77184 -3.7
-0.7716 -3.7
-0.77136 -3.6
-0.77111 -3.6
-0.77087 -3.5
-0.77062 -3.4
-0.77038 -3.3
-0.77014 -3.1
-0.76989 -3.0
-0.76965 -2.8
-0.7694 -2.7
-0.76916 -2.5
-0.76892 -2.3
-0.76867 -2.1
-0.76843 -1.9
-0.76818 -1.7
-0.76794 -1.4
-0.76769 -1.2
-0.76745 -0.9
-0.76721 -0.7
-0.76696 -0.5
-0.76672 -0.2
-0.76647 0.0
-0.76623 0.3
-0.76599 0.6
-0.76574 0.8
-0.7655 1.0
-0.76525 1.3
-0.76501 1.5
-0.76476 1.8
-0.76452 2.0
-0.76428 2.2
-0.76403 2.4
-0.76379 2.6
-0.76354 2.8
-0.7633 2.9
-0.76306 3.1
-0.76281 3.2
-0.76257 3.3
-0.76232 3.4
-0.76208 3.5
-0.76184 3.6
-0.76159 3.7
-0.76135 3.7
-0.7611 3.8
-0.76086 3.8
-0.76061 3.8
-0.76037 3.7
-0.76013 3.7
-0.75988 3.6
-0.75964 3.6
-0.75939 3.5
-0.75915 3.4
-0.75891 3.2
-0.75866 3.1
-0.75842 3.0
-0.75817 2.8
-0.75793 2.6
-0.75768 2.4
-0.75744 2.2
-0.7572 2.0
-0.75695 1.8
-0.75671 1.6
-0.75646 1.3
-0.75622 1.1
-0.75598 0.9
-0.75573 0.6
-0.75549 0.4
-0.75524 0.1
-0.755 -0.2
-0.75476 -0.4
-0.75451 -0.7
-0.75427 -0.9
-0.75402 -1.2
-0.75378 -1.4
-0.75353 -1.6
-0.75329 -1.9
-0.75305 -2.1
-0.7528 -2.3
-0.75256 -2.5
-0.75231 -2.7
-0.75207 -2.8
-0.75183 -3.0
-0.75158 -3.1
-0.75134 -3.3
-0.75109 -3.4
-0.75085 -3.5
-0.7506 -3.6
-0.75036 -3.7
-0.75012 -3.7
-0.74987 -3.8
-0.74963 -3.8
-0.74938 -3.8
-0.74914 -3.8
-0.7489 -3.7
-0.74865 -3.7
-0.74841 -3.6
-0.74816 -3.5
-0.74792 -3.4
-0.74767 -3.3
-0.74743 -3.2
-0.74719 -3.0
-0.74694 -2.9
-0.7467 -2.7
-0.74645 -2.5
-0.74621 -2.3
-0.74597 -2.1
-0.74572 -1.9
-0.74548 -1.7
-0.74523 -1.4
-0.74499 -1.2
-0.74475 -1.0
-0.7445 -0.7
-0.74426 -0.5
-0.74401 -0.2
-0.74377 0.0
-0.74352 0.3
-0.74328 0.6
-0.74304 0.8
-0.74279 1.1
-0.74255 1.3
-0.7423 1.6
-0.74206 1.8
-0.74182 2.0
-0.74157 2.2
-0.74133 2.4
-0.74108 2.6
-0.74084 2.8
-0.74059 3.0
-0.74035 3.1
-0.74011 3.3
-0.73986 3.4
-0.73962 3.5
-0.73937 3.6
-0.73913 3.7
-0.73889 3.7
-0.73864 3.8
-0.7384 3.8
-0.73815 3.8
-0.73791 3.8
-0.73767 3.8
-0.73742 3.7
-0.73718 3.6
-0.73693 3.6
-0.73669 3.5
-0.73644 3.4
-0.7362 3.2
-0.73596 3.1
-0.73571 2.9
-0.73547 2.8
-0.73522 2.6
-0.73498 2.4
-0.73474 2.2
-0.73449 1.9
-0.73425 1.7
-0.734 1.5
-0.73376 1.2
-0.73351 1.0
-0.73327 0.7
-0.73303 0.5
-0.73278 0.2
-0.73254 0.0
-0.73229 -0.3
-0.73205 -0.5
-0.73181 -0.8
-0.73156 -1.1
-0.73132 -1.3
-0.73107 -1.5
-0.73083 -1.8
-0.73059 -2.0
-0.73034 -2.2
-0.7301 -2.4
-0.72985 -2.6
-0.72961 -2.8
-0.72936 -3.0
-0.72912 -3.1
-0.72888 -3.3
-0.72863 -3.4
-0.72839 -3.5
-0.72814 -3.6
-0.7279 -3.7
-0.72766 -3.7
-0.72741 -3.8
-0.72717 -3.8
-0.72692 -3.8
-0.72668 -3.8
-0.72643 -3.8
-0.72619 -3.7
-0.72595 -3.7
-0.7257 -3.6
-0.72546 -3.5
-0.72521 -3.4
-0.72497 -3.2
-0.72473 -3.1
-0.72448 -2.9
-0.72424 -2.7
-0.72399 -2.6
-0.72375 -2.4
-0.72351 -2.2
-0.72326 -1.9
-0.72302 -1.7
-0.72277 -1.5
-0.72253 -1.2
-0.72228 -1.0
-0.72204 -0.7
-0.7218 -0.5
-0.72155 -0.2
-0.72131 0.0
-0.72106 0.3
-0.72082 0.6
-0.72058 0.8
-0.72033 1.1
-0.72009 1.3
-0.71984 1.6
-0.7196 1.8
-0.71935 2.0
-0.71911 2.3
-0.71887 2.5
-0.71862 2.7
-0.71838 2.8
-0.71813 3.0
-0.71789 3.2
-0.71765 3.3
-0.7174 3.4
-0.71716 3.5
-0.71691 3.6
-0.71667 3.7
-0.71642 3.8
-0.71618 3.8
-0.71594 3.8
-0.71569 3.8
-0.71545 3.8
-0.7152 3.8
-0.71496 3.7
-0.71472 3.6
-0.71447 3.6
-0.71423 3.5
-0.71398 3.3
-0.71374 3.2
-0.7135 3.0
-0.71325 2.9
-0.71301 2.7
-0.71276 2.5
-0.71252 2.3
-0.71227 2.1
-0.71203 1.9
-0.71179 1.6
-0.71154 1.4
-0.7113 1.1
-0.71105 0.9
-0.71081 0.6
-0.71057 0.4
-0.71032 0.0
-0.71008 -0.2
-0.70983 -0.4
-0.70959 -0.7
-0.70934 -1.0
-0.7091 -1.2
-0.70886 -1.5
-0.70861 -1.7
-0.70837 -1.9
-0.70812 -2.2
-0.70788 -2.4
-0.70764 -2.6
-0.70739 -2.8
-0.70715 -2.9
-0.7069 -3.1
-0.70666 -3.2
-0.70642 -3.4
-0.70617 -3.5
-0.70593 -3.6
-0.70568 -3.7
-0.70544 -3.7
-0.70519 -3.8
-0.70495 -3.8
-0.70471 -3.8
-0.70446 -3.8
-0.70422 -3.8
-0.70397 -3.8
-0.70373 -3.7
-0.70349 -3.6
-0.70324 -3.5
-0.703 -3.4
-0.70275 -3.3
-0.70251 -3.1
-0.70226 -3.0
-0.70202 -2.8
-0.70178 -2.6
-0.70153 -2.4
-0.70129 -2.2
-0.70104 -2.0
-0.7008 -1.7
-0.70056 -1.5
-0.70031 -1.2
-0.70007 -1.0
-0.69982 -0.7
-0.69958 -0.5
-0.69934 -0.2
-0.69909 0.0
-0.69885 0.3
-0.6986 0.6
-0.69836 0.9
-0.69811 1.1
-0.69787 1.4
-0.69763 1.6
-0.69738 1.9
-0.69714 2.1
-0.69689 2.3
-0.69665 2.5
-0.69641 2.7
-0.69616 2.9
-0.69592 3.1
-0.69567 3.2
-0.69543 3.4
-0.69518 3.5
-0.69494 3.6
-0.6947 3.7
-0.69445 3.7
-0.69421 3.8
-0.69396 3.8
-0.69372 3.8
-0.69348 3.8
-0.69323 3.8
-0.69299 3.8
-0.69274 3.7
-0.6925 3.6
-0.69226 3.5
-0.69201 3.4
-0.69177 3.3
-0.69152 3.2
-0.69128 3.0
-0.69103 2.8
-0.69079 2.6
-0.69055 2.4
-0.6903 2.2
-0.69006 2.0
-0.68981 1.8
-0.68957 1.5
-0.68933 1.3
-0.68908 1.0
-0.68884 0.8
-0.68859 0.5
-0.68835 0.2
-0.6881 0.0
-0.68786 -0.3
-0.68762 -0.6
-0.68737 -0.8
-0.68713 -1.1
-0.68688 -1.4
-0.68664 -1.6
-0.6864 -1.9
-0.68615 -2.1
-0.68591 -2.3
-0.68566 -2.5
-0.68542 -2.7
-0.68517 -2.9
-0.68493 -3.1
-0.68469 -3.2
-0.68444 -3.4
-0.6842 -3.5
-0.68395 -3.6
-0.68371 -3.7
-0.68347 -3.8
-0.68322 -3.8
-0.68298 -3.8
-0.68273 -3.9
-0.68249 -3.9
-0.68225 -3.8
-0.682 -3.8
-0.68176 -3.7
-0.68151 -3.7
-0.68127 -3.6
-0.68102 -3.4
-0.68078 -3.3
-0.68054 -3.2
-0.68029 -3.0
-0.68005 -2.8
-0.6798 -2.6
-0.67956 -2.4
-0.67932 -2.2
-0.67907 -2.0
-0.67883 -1.7
-0.67858 -1.5
-0.67834 -1.2
-0.67809 -1.0
-0.67785 -0.7
-0.67761 -0.5
-0.67736 -0.2
-0.67712 0.0
-0.67687 0.4
-0.67663 0.6
-0.67639 0.9
-0.67614 1.2
-0.6759 1.4
-0.67565 1.7
-0.67541 1.9
-0.67517 2.1
-0.67492 2.4
-0.67468 2.6
-0.67443 2.8
-0.67419 3.0
-0.67394 3.1
-0.6737 3.3
-0.67346 3.4
-0.67321 3.5
-0.67297 3.6
-0.67272 3.7
-0.67248 3.8
-0.67224 3.8
-0.67199 3.9
-0.67175 3.9
-0.6715 3.9
-0.67126 3.8
-0.67101 3.8
-0.67077 3.7
-0.67053 3.6
-0.67028 3.5
-0.67004 3.4
-0.66979 3.3
-0.66955 3.1
-0.66931 3.0
-0.66906 2.8
-0.66882 2.6
-0.66857 2.4
-0.66833 2.1
-0.66809 1.9
-0.66784 1.7
-0.6676 1.4
-0.66735 1.2
-0.66711 0.9
-0.66686 0.6
-0.66662 0.3
-0.66638 0.0
-0.66613 -0.2
-0.66589 -0.5
-0.66564 -0.7
-0.6654 -1.0
-0.66516 -1.3
-0.66491 -1.5
-0.66467 -1.8
-0.66442 -2.0
-0.66418 -2.2
-0.66393 -2.5
-0.66369 -2.7
-0.66345 -2.9
-0.6632 -3.0
-0.66296 -3.2
-0.66271 -3.4
-0.66247 -3.5
-0.66223 -3.6
-0.66198 -3.7
-0.66174 -3.8
-0.66149 -3.8
-0.66125 -3.9
-0.66101 -3.9
-0.66076 -3.9
-0.66052 -3.9
-0.66027 -3.8
-0.66003 -3.8
-0.65978 -3.7
-0.65954 -3.6
-0.6593 -3.5
-0.65905 -3.3
-0.65881 -3.2
-0.65856 -3.0
-0.65832 -2.9
-0.65808 -2.7
-0.65783 -2.5
-0.65759 -2.2
-0.65734 -2.0
-0.6571 -1.8
-0.65685 -1.5
-0.65661 -1.3
-0.65637 -1.0
-0.65612 -0.7
-0.65588 -0.4
-0.65563 -0.2
-0.65539 0.1
-0.65515 0.4
-0.6549 0.7
-0.65466 0.9
-0.65441 1.2
-0.65417 1.5
-0.65392 1.7
-0.65368 2.0
-0.65344 2.2
-0.65319 2.4
-0.65295 2.6
-0.6527 2.8
-0.65246 3.0
-0.65222 3.2
-0.65197 3.3
-0.65173 3.5
-0.65148 3.6
-0.65124 3.7
-0.651 3.8
-0.65075 3.8
-0.65051 3.9
-0.65026 3.9
-0.65002 3.9
-0.64977 3.9
-0.64953 3.8
-0.64929 3.8
-0.64904 3.7
-0.6488 3.6
-0.64855 3.5
-0.64831 3.4
-0.64807 3.2
-0.64782 3.1
-0.64758 2.9
-0.64733 2.7
-0.64709 2.5
-0.64684 2.3
-0.6466 2.0
-0.64636 1.8
-0.64611 1.5
-0.64587 1.3
-0.64562 1.0
-0.64538 0.7
-0.64514 0.5
-0.64489 0.2
-0.64465 0.0
-0.6444 -0.4
-0.64416 -0.6
-0.64392 -0.9
-0.64367 -1.2
-0.64343 -1.5
-0.64318 -1.7
-0.64294 -2.0
-0.64269 -2.2
-0.64245 -2.4
-0.64221 -2.6
-0.64196 -2.8
-0.64172 -3.0
-0.64147 -3.2
-0.64123 -3.3
-0.64099 -3.5
-0.64074 -3.6
-0.6405 -3.7
-0.64025 -3.8
-0.64001 -3.8
-0.63976 -3.9
-0.63952 -3.9
-0.63928 -3.9
-0.63903 -3.9
-0.63879 -3.9
-0.63854 -3.8
-0.6383 -3.7
-0.63806 -3.6
-0.63781 -3.5
-0.63757 -3.4
-0.63732 -3.2
-0.63708 -3.1
-0.63684 -2.9
-0.63659 -2.7
-0.63635 -2.5
-0.6361 -2.2
-0.63586 -2.0
-0.63561 -1.8
-0.63537 -1.5
-0.63513 -1.2
-0.63488 -1.0
-0.63464 -0.7
-0.63439 -0.4
-0.63415 -0.1
-0.63391 0.1
-0.63366 0.4
-0.63342 0.7
-0.63317 1.0
-0.63293 1.2
-0.63268 1.5
-0.63244 1.8
-0.6322 2.0
-0.63195 2.3
-0.63171 2.5
-0.63146 2.7
-0.63122 2.9
-0.63098 3.1
-0.63073 3.2
-0.63049 3.4
-0.63024 3.5
-0.63 3.6
-0.62976 3.7
-0.62951 3.8
-0.62927 3.9
-0.62902 3.9
-0.62878 3.9
-0.62853 3.9
-0.62829 3.9
-0.62805 3.9
-0.6278 3.8
-0.62756 3.7
-0.62731 3.6
-0.62707 3.5
-0.62683 3.3
-0.62658 3.2
-0.62634 3.0
-0.62609 2.8
-0.62585 2.6
-0.6256 2.4
-0.62536 2.2
-0.62512 1.9
-0.62487 1.7
-0.62463 1.4
-0.62438 1.1
-0.62414 0.9
-0.6239 0.6
-0.62365 0.3
-0.62341 0.0
-0.62316 -0.3
-0.62292 -0.6
-0.62267 -0.8
-0.62243 -1.1
-0.62219 -1.4
-0.62194 -1.6
-0.6217 -1.9
-0.62145 -2.1
-0.62121 -2.4
-0.62097 -2.6
-0.62072 -2.8
-0.62048 -3.0
-0.62023 -3.2
-0.61999 -3.3
-0.61975 -3.5
-0.6195 -3.6
-0.61926 -3.7
-0.61901 -3.8
-0.61877 -3.9
-0.61852 -3.9
-0.61828 -3.9
-0.61804 -3.9
-0.61779 -3.9
-0.61755 -3.9
-0.6173 -3.8
-0.61706 -3.8
-0.61682 -3.7
-0.61657 -3.5
-0.61633 -3.4
-0.61608 -3.3
-0.61584 -3.1
-0.61559 -2.9
-0.61535 -2.7
-0.61511 -2.5
-0.61486 -2.3
-0.61462 -2.0
-0.61437 -1.8
-0.61413 -1.5
-0.61389 -1.2
-0.61364 -1.0
-0.6134 -0.7
-0.61315 -0.4
-0.61291 -0.1
-0.61267 0.2
-0.61242 0.5
-0.61218 0.8
-0.61193 1.0
-0.61169 1.3
-0.61144 1.6
-0.6112 1.8
-0.61096 2.1
-0.61071 2.3
-0.61047 2.6
-0.61022 2.8
-0.60998 3.0
-0.60974 3.2
-0.60949 3.3
-0.60925 3.5
-0.609 3.6
-0.60876 3.7
-0.60851 3.8
-0.60827 3.9
-0.60803 3.9
-0.60778 4.0
-0.60754 4.0
-0.60729 4.0
-0.60705 3.9
-0.60681 3.9
-0.60656 3.8
-0.60632 3.7
-0.60607 3.6
-0.60583 3.4
-0.60559 3.3
-0.60534 3.1
-0.6051 2.9
-0.60485 2.7
-0.60461 2.5
-0.60436 2.3
-0.60412 2.0
-0.60388 1.8
-0.60363 1.5
-0.60339 1.3
-0.60314 1.0
-0.6029 0.7
-0.60266 0.4
-0.60241 0.1
-0.60217 -0.2
-0.60192 -0.5
-0.60168 -0.8
-0.60143 -1.0
-0.60119 -1.3
-0.60095 -1.6
-0.6007 -1.9
-0.60046 -2.1
-0.60021 -2.3
-0.59997 -2.6
-0.59973 -2.8
-0.59948 -3.0
-0.59924 -3.2
-0.59899 -3.3
-0.59875 -3.5
-0.59851 -3.6
-0.59826 -3.7
-0.59802 -3.8
-0.59777 -3.9
-0.59753 -3.9
-0.59728 -4.0
-0.59704 -4.0
-0.5968 -4.0
-0.59655 -3.9
-0.59631 -3.9
-0.59606 -3.8
-0.59582 -3.7
-0.59558 -3.6
-0.59533 -3.4
-0.59509 -3.3
-0.59484 -3.1
-0.5946 -2.9
-0.59435 -2.7
-0.59411 -2.5
-0.59387 -2.3
-0.59362 -2.0
-0.59338 -1.7
-0.59313 -1.5
-0.59289 -1.2
-0.59265 -0.9
-0.5924 -0.6
-0.59216 -0.3
-0.59191 0.0
-0.59167 0.2
-0.59142 0.5
-0.59118 0.8
-0.59094 1.1
-0.59069 1.4
-0.59045 1.7
-0.5902 1.9
-0.58996 2.2
-0.58972 2.4
-0.58947 2.6
-0.58923 2.9
-0.58898 3.1
-0.58874 3.2
-0.5885 3.4
-0.58825 3.5
-0.58801 3.7
-0.58776 3.8
-0.58752 3.9
-0.58727 3.9
-0.58703 4.0
-0.58679 4.0
-0.58654 4.0
-0.5863 4.0
-0.58605 3.9
-0.58581 3.9
-0.58557 3.8
-0.58532 3.7
-0.58508 3.5
-0.58483 3.4
-0.58459 3.2
-0.58434 3.0
-0.5841 2.8
-0.58386 2.6
-0.58361 2.4
-0.58337 2.2
-0.58312 1.9
-0.58288 1.6
-0.58264 1.4
-0.58239 1.1
-0.58215 0.8
-0.5819 0.5
-0.58166 0.2
-0.58142 0.0
-0.58117 -0.4
-0.58093 -0.7
-0.58068 -1.0
-0.58044 -1.3
-0.58019 -1.5
-0.57995 -1.8
-0.57971 -2.1
-0.57946 -2.3
-0.57922 -2.6
-0.57897 -2.8
-0.57873 -3.0
-0.57849 -3.2
-0.57824 -3.4
-0.578 -3.5
-0.57775 -3.6
-0.57751 -3.8
-0.57726 -3.9
-0.57702 -3.9
-0.57678 -4.0
-0.57653 -4.0
-0.57629 -4.0
-0.57604 -4.0
-0.5758 -4.0
-0.57556 -3.9
-0.57531 -3.8
-0.57507 -3.7
-0.57482 -3.6
-0.57458 -3.5
-0.57434 -3.3
-0.57409 -3.1
-0.57385 -2.9
-0.5736 -2.7
-0.57336 -2.5
-0.57311 -2.2
-0.57287 -2.0
-0.57263 -1.7
-0.57238 -1.4
-0.57214 -1.2
-0.57189 -0.9
-0.57165 -0.6
-0.57141 -0.3
-0.57116 0.0
-0.57092 0.3
-0.57067 0.6
-0.57043 0.9
-0.57018 1.2
-0.56994 1.5
-0.5697 1.8
-0.56945 2.0
-0.56921 2.3
-0.56896 2.5
-0.56872 2.8
-0.56848 3.0
-0.56823 3.2
-0.56799 3.3
-0.56774 3.5
-0.5675 3.6
-0.56726 3.8
-0.56701 3.9
-0.56677 3.9
-0.56652 4.0
-0.56628 4.0
-0.56603 4.0
-0.56579 4.0
-0.56555 4.0
-0.5653 3.9
-0.56506 3.8
-0.56481 3.7
-0.56457 3.6
-0.56433 3.5
-0.56408 3.3
-0.56384 3.1
-0.56359 2.9
-0.56335 2.7
-0.5631 2.5
-0.56286 2.2
-0.56262 2.0
-0.56237 1.7
-0.56213 1.4
-0.56188 1.2
-0.56164 0.9
-0.5614 0.6
-0.56115 0.3
-0.56091 0.0
-0.56066 -0.3
-0.56042 -0.6
-0.56017 -0.9
-0.55993 -1.2
-0.55969 -1.5
-0.55944 -1.8
-0.5592 -2.1
-0.55895 -2.3
-0.55871 -2.6
-0.55847 -2.8
-0.55822 -3.0
-0.55798 -3.2
-0.55773 -3.4
-0.55749 -3.5
-0.55725 -3.7
-0.557 -3.8
-0.55676 -3.9
-0.55651 -4.0
-0.55627 -4.0
-0.55602 -4.0
-0.55578 -4.0
-0.55554 -4.0
-0.55529 -4.0
-0.55505 -3.9
-0.5548 -3.8
-0.55456 -3.7
-0.55432 -3.6
-0.55407 -3.5
-0.55383 -3.3
-0.55358 -3.1
-0.55334 -2.9
-0.55309 -2.7
-0.55285 -2.4
-0.55261 -2.2
-0.55236 -1.9
-0.55212 -1.7
-0.55187 -1.4
-0.55163 -1.1
-0.55139 -0.8
-0.55114 -0.5
-0.5509 -0.2
-0.55065 0.1
-0.55041 0.4
-0.55017 0.7
-0.54992 1.0
-0.54968 1.3
-0.54943 1.6
-0.54919 1.9
-0.54894 2.2
-0.5487 2.4
-0.54846 2.7
-0.54821 2.9
-0.54797 3.1
-0.54772 3.3
-0.54748 3.4
-0.54724 3.6
-0.54699 3.7
-0.54675 3.8
-0.5465 3.9
-0.54626 4.0
-0.54601 4.0
-0.54577 4.1
-0.54553 4.1
-0.54528 4.0
-0.54504 4.0
-0.54479 3.9
-0.54455 3.8
-0.54431 3.7
-0.54406 3.6
-0.54382 3.4
-0.54357 3.2
-0.54333 3.0
-0.54309 2.8
-0.54284 2.6
-0.5426 2.3
-0.54235 2.1
-0.54211 1.8
-0.54186 1.5
-0.54162 1.2
-0.54138 0.9
-0.54113 0.6
-0.54089 0.3
-0.54064 0.0
-0.5404 -0.3
-0.54016 -0.6
-0.53991 -0.9
-0.53967 -1.2
-0.53942 -1.5
-0.53918 -1.8
-0.53893 -2.1
-0.53869 -2.3
-0.53845 -2.6
-0.5382 -2.8
-0.53796 -3.0
-0.53771 -3.2
-0.53747 -3.4
-0.53723 -3.6
-0.53698 -3.7
-0.53674 -3.8
-0.53649 -3.9
-0.53625 -4.0
-0.53601 -4.0
-0.53576 -4.1
-0.53552 -4.1
-0.53527 -4.1
-0.53503 -4.0
-0.53478 -3.9
-0.53454 -3.9
-0.5343 -3.7
-0.53405 -3.6
-0.53381 -3.5
-0.53356 -3.3
-0.53332 -3.1
-0.53308 -2.9
-0.53283 -2.6
-0.53259 -2.4
-0.53234 -2.1
-0.5321 -1.9
-0.53185 -1.6
-0.53161 -1.3
-0.53137 -1.0
-0.53112 -0.7
-0.53088 -0.4
-0.53063 0.0
-0.53039 0.3
-0.53015 0.6
-0.5299 0.9
-0.52966 1.2
-0.52941 1.5
-0.52917 1.8
-0.52892 2.0
-0.52868 2.3
-0.52844 2.6
-0.52819 2.8
-0.52795 3.0
-0.5277 3.2
-0.52746 3.4
-0.52722 3.6
-0.52697 3.7
-0.52673 3.8
-0.52648 3.9
-0.52624 4.0
-0.526 4.1
-0.52575 4.1
-0.52551 4.1
-0.52526 4.1
-0.52502 4.0
-0.52477 4.0
-0.52453 3.9
-0.52429 3.8
-0.52404 3.6
-0.5238 3.5
-0.52355 3.3
-0.52331 3.1
-0.52307 2.9
-0.52282 2.6
-0.52258 2.4
-0.52233 2.1
-0.52209 1.8
-0.52184 1.6
-0.5216 1.3
-0.52136 1.0
-0.52111 0.6
-0.52087 0.3
-0.52062 0.0
-0.52038 -0.3
-0.52014 -0.6
-0.51989 -0.9
-0.51965 -1.2
-0.5194 -1.5
-0.51916 -1.8
-0.51892 -2.1
-0.51867 -2.4
-0.51843 -2.6
-0.51818 -2.9
-0.51794 -3.1
-0.51769 -3.3
-0.51745 -3.5
-0.51721 -3.6
-0.51696 -3.8
-0.51672 -3.9
-0.51647 -4.0
-0.51623 -4.0
-0.51599 -4.1
-0.51574 -4.1
-0.5155 -4.1
-0.51525 -4.1
-0.51501 -4.0
-0.51476 -4.0
-0.51452 -3.9
-0.51428 -3.7
-0.51403 -3.6
-0.51379 -3.4
-0.51354 -3.2
-0.5133 -3.0
-0.51306 -2.8
-0.51281 -2.6
-0.51257 -2.3
-0.51232 -2.0
-0.51208 -1.8
-0.51184 -1.5
-0.51159 -1.2
-0.51135 -0.8
-0.5111 -0.5
-0.51086 -0.2
-0.51061 0.1
-0.51037 0.4
-0.51013 0.7
-0.50988 1.1
-0.50964 1.4
-0.50939 1.7
-0.50915 1.9
-0.50891 2.2
-0.50866 2.5
-0.50842 2.7
-0.50817 3.0
-0.50793 3.2
-0.50768 3.4
-0.50744 3.6
-0.5072 3.7
-0.50695 3.8
-0.50671 3.9
-0.50646 4.0
-0.50622 4.1
-0.50598 4.1
-0.50573 4.1
-0.50549 4.1
-0.50524 4.1
-0.505 4.0
-0.50476 3.9
-0.50451 3.8
-0.50427 3.7
-0.50402 3.5
-0.50378 3.3
-0.50353 3.1
-0.50329 2.9
-0.50305 2.7
-0.5028 2.4
-0.50256 2.2
-0.50231 1.9
-0.50207 1.6
-0.50183 1.3
-0.50158 1.0
-0.50134 0.6
-0.50109 0.3
-0.50085 0.0
-0.5006 -0.3
-0.50036 -0.6
-0.50012 -1.0
-0.49987 -1.3
-0.49963 -1.6
-0.49938 -1.9
-0.49914 -2.2
-0.4989 -2.4
-0.49865 -2.7
-0.49841 -2.9
-0.49816 -3.1
-0.49792 -3.3
-0.49767 -3.5
-0.49743 -3.7
-0.49719 -3.8
-0.49694 -3.9
-0.4967 -4.0
-0.49645 -4.1
-0.49621 -4.1
-0.49597 -4.2
-0.49572 -4.1
-0.49548 -4.1
-0.49523 -4.0
-0.49499 -4.0
-0.49475 -3.8
-0.4945 -3.7
-0.49426 -3.6
-0.49401 -3.4
-0.49377 -3.2
-0.49352 -3.0
-0.49328 -2.7
-0.49304 -2.5
-0.49279 -2.2
-0.49255 -1.9
-0.4923 -1.6
-0.49206 -1.3
-0.49182 -1.0
-0.49157 -0.7
-0.49133 -0.3
-0.49108 0.0
-0.49084 0.3
-0.49059 0.6
-0.49035 1.0
-0.49011 1.3
-0.48986 1.6
-0.48962 1.9
-0.48937 2.2
-0.48913 2.4
-0.48889 2.7
-0.48864 2.9
-0.4884 3.2
-0.48815 3.4
-0.48791 3.6
-0.48767 3.7
-0.48742 3.9
-0.48718 4.0
-0.48693 4.1
-0.48669 4.1
-0.48644 4.2
-0.4862 4.2
-0.48596 4.2
-0.48571 4.1
-0.48547 4.1
-0.48522 4.0
-0.48498 3.9
-0.48474 3.7
-0.48449 3.5
-0.48425 3.4
-0.484 3.2
-0.48376 2.9
-0.48351 2.7
-0.48327 2.4
-0.48303 2.2
-0.48278 1.9
-0.48254 1.6
-0.48229 1.3
-0.48205 0.9
-0.48181 0.6
-0.48156 0.3
-0.48132 0.0
-0.48107 -0.4
-0.48083 -0.7
-0.48059 -1.0
-0.48034 -1.4
-0.4801 -1.7
-0.47985 -2.0
-0.47961 -2.3
-0.47936 -2.5
-0.47912 -2.8
-0.47888 -3.0
-0.47863 -3.2
-0.47839 -3.4
-0.47814 -3.6
-0.4779 -3.8
-0.47766 -3.9
-0.47741 -4.0
-0.47717 -4.1
-0.47692 -4.2
-0.47668 -4.2
-0.47643 -4.2
-0.47619 -4.2
-0.47595 -4.1
-0.4757 -4.0
-0.47546 -3.9
-0.47521 -3.8
-0.47497 -3.7
-0.47473 -3.5
-0.47448 -3.3
-0.47424 -3.1
-0.47399 -2.8
-0.47375 -2.6
-0.47351 -2.3
-0.47326 -2.0
-0.47302 -1.7
-0.47277 -1.4
-0.47253 -1.1
-0.47228 -0.8
-0.47204 -0.4
-0.4718 -0.1
-0.47155 0.2
-0.47131 0.6
-0.47106 0.9
-0.47082 1.2
-0.47058 1.5
-0.47033 1.8
-0.47009 2.1
-0.46984 2.4
-0.4696 2.7
-0.46935 2.9
-0.46911 3.2
-0.46887 3.4
-0.46862 3.6
-0.46838 3.7
-0.46813 3.9
-0.46789 4.0
-0.46765 4.1
-0.4674 4.2
-0.46716 4.2
-0.46691 4.2
-0.46667 4.2
-0.46642 4.2
-0.46618 4.1
-0.46594 4.0
-0.46569 3.9
-0.46545 3.7
-0.4652 3.6
-0.46496 3.4
-0.46472 3.2
-0.46447 2.9
-0.46423 2.7
-0.46398 2.4
-0.46374 2.1
-0.4635 1.8
-0.46325 1.5
-0.46301 1.2
-0.46276 0.9
-0.46252 0.5
-0.46227 0.2
-0.46203 -0.2
-0.46179 -0.5
-0.46154 -0.8
-0.4613 -1.2
-0.46105 -1.5
-0.46081 -1.8
-0.46057 -2.1
-0.46032 -2.4
-0.46008 -2.7
-0.45983 -2.9
-0.45959 -3.1
-0.45934 -3.4
-0.4591 -3.6
-0.45886 -3.7
-0.45861 -3.9
-0.45837 -4.0
-0.45812 -4.1
-0.45788 -4.2
-0.45764 -4.2
-0.45739 -4.2
-0.45715 -4.2
-0.4569 -4.2
-0.45666 -4.1
-0.45642 -4.0
-0.45617 -3.9
-0.45593 -3.8
-0.45568 -3.6
-0.45544 -3.4
-0.45519 -3.2
-0.45495 -2.9
-0.45471 -2.7
-0.45446 -2.4
-0.45422 -2.1
-0.45397 -1.8
-0.45373 -1.5
-0.45349 -1.2
-0.45324 -0.8
-0.453 -0.5
-0.45275 -0.2
-0.45251 0.2
-0.45226 0.5
-0.45202 0.9
-0.45178 1.2
-0.45153 1.5
-0.45129 1.8
-0.45104 2.1
-0.4508 2.4
-0.45056 2.7
-0.45031 3.0
-0.45007 3.2
-0.44982 3.4
-0.44958 3.6
-0.44934 3.8
-0.44909 3.9
-0.44885 4.0
-0.4486 4.1
-0.44836 4.2
-0.44811 4.2
-0.44787 4.3
-0.44763 4.2
-0.44738 4.2
-0.44714 4.1
-0.44689 4.0
-0.44665 3.9
-0.44641 3.7
-0.44616 3.6
-0.44592 3.4
-0.44567 3.1
-0.44543 2.9
-0.44518 2.6
-0.44494 2.3
-0.4447 2.0
-0.44445 1.7
-0.44421 1.4
-0.44396 1.1
-0.44372 0.7
-0.44348 0.4
-0.44323 0.0
-0.44299 -0.3
-0.44274 -0.6
-0.4425 -1.0
-0.44226 -1.3
-0.44201 -1.6
-0.44177 -2.0
-0.44152 -2.3
-0.44128 -2.6
-0.44103 -2.8
-0.44079 -3.1
-0.44055 -3.3
-0.4403 -3.5
-0.44006 -3.7
-0.43981 -3.9
-0.43957 -4.0
-0.43933 -4.1
-0.43908 -4.2
-0.43884 -4.2
-0.43859 -4.3
-0.43835 -4.3
-0.4381 -4.2
-0.43786 -4.2
-0.43762 -4.1
-0.43737 -4.0
-0.43713 -3.8
-0.43688 -3.7
-0.43664 -3.5
-0.4364 -3.2
-0.43615 -3.0
-0.43591 -2.7
-0.43566 -2.5
-0.43542 -2.2
-0.43517 -1.9
-0.43493 -1.5
-0.43469 -1.2
-0.43444 -0.9
-0.4342 -0.5
-0.43395 -0.2
-0.43371 0.2
-0.43347 0.5
-0.43322 0.9
-0.43298 1.2
-0.43273 1.5
-0.43249 1.9
-0.43225 2.2
-0.432 2.5
-0.43176 2.8
-0.43151 3.0
-0.43127 3.3
-0.43102 3.5
-0.43078 3.7
-0.43054 3.8
-0.43029 4.0
-0.43005 4.1
-0.4298 4.2
-0.42956 4.3
-0.42932 4.3
-0.42907 4.3
-0.42883 4.3
-0.42858 4.2
-0.42834 4.1
-0.42809 4.0
-0.42785 3.9
-0.42761 3.7
-0.42736 3.5
-0.42712 3.3
-0.42687 3.1
-0.42663 2.8
-0.42639 2.5
-0.42614 2.2
-0.4259 1.9
-0.42565 1.6
-0.42541 1.3
-0.42517 0.9
-0.42492 0.6
-0.42468 0.2
-0.42443 -0.2
-0.42419 -0.5
-0.42394 -0.9
-0.4237 -1.2
-0.42346 -1.5
-0.42321 -1.9
-0.42297 -2.2
-0.42272 -2.5
-0.42248 -2.8
-0.42224 -3.0
-0.42199 -3.3
-0.42175 -3.5
-0.4215 -3.7
-0.42126 -3.9
-0.42101 -4.0
-0.42077 -4.1
-0.42053 -4.2
-0.42028 -4.3
-0.42004 -4.3
-0.41979 -4.3
-0.41955 -4.3
-0.41931 -4.2
-0.41906 -4.1
-0.41882 -4.0
-0.41857 -3.9
-0.41833 -3.7
-0.41809 -3.5
-0.41784 -3.3
-0.4176 -3.0
-0.41735 -2.8
-0.41711 -2.5
-0.41686 -2.2
-0.41662 -1.9
-0.41638 -1.5
-0.41613 -1.2
-0.41589 -0.8
-0.41564 -0.5
-0.4154 -0.1
-0.41516 0.2
-0.41491 0.6
-0.41467 0.9
-0.41442 1.3
-0.41418 1.6
-0.41393 2.0
-0.41369 2.3
-0.41345 2.6
-0.4132 2.9
-0.41296 3.1
-0.41271 3.4
-0.41247 3.6
-0.41223 3.8
-0.41198 3.9
-0.41174 4.1
-0.41149 4.2
-0.41125 4.3
-0.41101 4.3
-0.41076 4.3
-0.41052 4.3
-0.41027 4.3
-0.41003 4.2
-0.40978 4.1
-0.40954 4.0
-0.4093 3.8
-0.40905 3.6
-0.40881 3.4
-0.40856 3.2
-0.40832 2.9
-0.40808 2.7
-0.40783 2.4
-0.40759 2.1
-0.40734 1.7
-0.4071 1.4
-0.40685 1.0
-0.40661 0.7
-0.40637 0.3
-0.40612 0.0
-0.40588 -0.4
-0.40563 -0.8
-0.40539 -1.1
-0.40515 -1.5
-0.4049 -1.8
-0.40466 -2.2
-0.40441 -2.5
-0.40417 -2.8
-0.40392 -3.0
-0.40368 -3.3
-0.40344 -3.5
-0.40319 -3.7
-0.40295 -3.9
-0.4027 -4.0
-0.40246 -4.2
-0.40222 -4.3
-0.40197 -4.3
-0.40173 -4.4
-0.40148 -4.4
-0.40124 -4.3
-0.401 -4.3
-0.40075 -4.2
-0.40051 -4.0
-0.40026 -3.9
-0.40002 -3.7
-0.39977 -3.5
-0.39953 -3.3
-0.39929 -3.0
-0.39904 -2.8
-0.3988 -2.5
-0.39855 -2.1
-0.39831 -1.8
-0.39807 -1.5
-0.39782 -1.1
-0.39758 -0.8
-0.39733 -0.4
-0.39709 0.0
-0.39684 0.4
-0.3966 0.7
-0.39636 1.1
-0.39611 1.4
-0.39587 1.8
-0.39562 2.1
-0.39538 2.4
-0.39514 2.7
-0.39489 3.0
-0.39465 3.3
-0.3944 3.5
-0.39416 3.7
-0.39392 3.9
-0.39367 4.1
-0.39343 4.2
-0.39318 4.3
-0.39294 4.3
-0.39269 4.4
-0.39245 4.4
-0.39221 4.3
-0.39196 4.3
-0.39172 4.2
-0.39147 4.1
-0.39123 3.9
-0.39099 3.7
-0.39074 3.5
-0.3905 3.3
-0.39025 3.0
-0.39001 2.8
-0.38976 2.5
-0.38952 2.1
-0.38928 1.8
-0.38903 1.5
-0.38879 1.1
-0.38854 0.7
-0.3883 0.4
-0.38806 0.0
-0.38781 -0.4
-0.38757 -0.8
-0.38732 -1.1
-0.38708 -1.5
-0.38684 -1.8
-0.38659 -2.2
-0.38635 -2.5
-0.3861 -2.8
-0.38586 -3.1
-0.38561 -3.3
-0.38537 -3.6
-0.38513 -3.8
-0.38488 -4.0
-0.38464 -4.1
-0.38439 -4.2
-0.38415 -4.3
-0.38391 -4.4
-0.38366 -4.4
-0.38342 -4.4
-0.38317 -4.4
-0.38293 -4.3
-0.38268 -4.2
-0.38244 -4.1
-0.3822 -3.9
-0.38195 -3.7
-0.38171 -3.5
-0.38146 -3.2
-0.38122 -3.0
-0.38098 -2.7
-0.38073 -2.4
-0.38049 -2.0
-0.38024 -1.7
-0.38 -1.3
-0.37976 -1.0
-0.37951 -0.6
-0.37927 -0.2
-0.37902 0.2
-0.37878 0.5
-0.37853 0.9
-0.37829 1.3
-0.37805 1.7
-0.3778 2.0
-0.37756 2.3
-0.37731 2.6
-0.37707 2.9
-0.37683 3.2
-0.37658 3.5
-0.37634 3.7
-0.37609 3.9
-0.37585 4.1
-0.3756 4.2
-0.37536 4.3
-0.37512 4.4
-0.37487 4.4
-0.37463 4.4
-0.37438 4.4
-0.37414 4.3
-0.3739 4.3
-0.37365 4.1
-0.37341 4.0
-0.37316 3.8
-0.37292 3.6
-0.37267 3.3
-0.37243 3.1
-0.37219 2.8
-0.37194 2.5
-0.3717 2.2
-0.37145 1.8
-0.37121 1.5
-0.37097 1.1
-0.37072 0.7
-0.37048 0.3
-0.37023 0.0
-0.36999 -0.4
-0.36975 -0.8
-0.3695 -1.2
-0.36926 -1.6
-0.36901 -1.9
-0.36877 -2.3
-0.36852 -2.6
-0.36828 -2.9
-0.36804 -3.2
-0.36779 -3.4
-0.36755 -3.7
-0.3673 -3.9
-0.36706 -4.0
-0.36682 -4.2
-0.36657 -4.3
-0.36633 -4.4
-0.36608 -4.4
-0.36584 -4.5
-0.36559 -4.4
-0.36535 -4.4
-0.36511 -4.3
-0.36486 -4.2
-0.36462 -4.0
-0.36437 -3.8
-0.36413 -3.6
-0.36389 -3.4
-0.36364 -3.1
-0.3634 -2.8
-0.36315 -2.5
-0.36291 -2.2
-0.36267 -1.8
-0.36242 -1.5
-0.36218 -1.1
-0.36193 -0.7
-0.36169 -0.3
-0.36144 0.0
-0.3612 0.4
-0.36096 0.8
-0.36071 1.2
-0.36047 1.6
-0.36022 1.9
-0.35998 2.3
-0.35974 2.6
-0.35949 2.9
-0.35925 3.2
-0.359 3.5
-0.35876 3.7
-0.35851 3.9
-0.35827 4.1
-0.35803 4.2
-0.35778 4.3
-0.35754 4.4
-0.35729 4.5
-0.35705 4.5
-0.35681 4.4
-0.35656 4.4
-0.35632 4.3
-0.35607 4.2
-0.35583 4.0
-0.35559 3.8
-0.35534 3.6
-0.3551 3.4
-0.35485 3.1
-0.35461 2.8
-0.35436 2.5
-0.35412 2.1
-0.35388 1.8
-0.35363 1.4
-0.35339 1.0
-0.35314 0.6
-0.3529 0.2
-0.35266 -0.2
-0.35241 -0.6
-0.35217 -1.0
-0.35192 -1.3
-0.35168 -1.7
-0.35143 -2.1
-0.35119 -2.4
-0.35095 -2.7
-0.3507 -3.1
-0.35046 -3.3
-0.35021 -3.6
-0.34997 -3.8
-0.34973 -4.0
-0.34948 -4.2
-0.34924 -4.3
-0.34899 -4.4
-0.34875 -4.5
-0.34851 -4.5
-0.34826 -4.5
-0.34802 -4.5
-0.34777 -4.4
-0.34753 -4.3
-0.34728 -4.1
-0.34704 -3.9
-0.3468 -3.7
-0.34655 -3.5
-0.34631 -3.2
-0.34606 -2.9
-0.34582 -2.6
-0.34558 -2.3
-0.34533 -1.9
-0.34509 -1.6
-0.34484 -1.2
-0.3446 -0.8
-0.34435 -0.4
-0.34411 0.0
-0.34387 0.4
-0.34362 0.8
-0.34338 1.2
-0.34313 1.6
-0.34289 2.0
-0.34265 2.3
-0.3424 2.7
-0.34216 3.0
-0.34191 3.3
-0.34167 3.5
-0.34142 3.8
-0.34118 4.0
-0.34094 4.2
-0.34069 4.3
-0.34045 4.4
-0.3402 4.5
-0.33996 4.5
-0.33972 4.5
-0.33947 4.5
-0.33923 4.4
-0.33898 4.3
-0.33874 4.2
-0.3385 4.0
-0.33825 3.8
-0.33801 3.6
-0.33776 3.3
-0.33752 3.0
-0.33727 2.7
-0.33703 2.3
-0.33679 2.0
-0.33654 1.6
-0.3363 1.2
-0.33605 0.8
-0.33581 0.4
-0.33557 0.0
-0.33532 -0.4
-0.33508 -0.8
-0.33483 -1.2
-0.33459 -1.6
-0.33434 -2.0
-0.3341 -2.3
-0.33386 -2.7
-0.33361 -3.0
-0.33337 -3.3
-0.33312 -3.5
-0.33288 -3.8
-0.33264 -4.0
-0.33239 -4.2
-0.33215 -4.3
-0.3319 -4.4
-0.33166 -4.5
-0.33142 -4.5
-0.33117 -4.5
-0.33093 -4.5
-0.33068 -4.4
-0.33044 -4.3
-0.33019 -4.2
-0.32995 -4.0
-0.32971 -3.8
-0.32946 -3.5
-0.32922 -3.3
-0.32897 -3.0
-0.32873 -2.6
-0.32849 -2.3
-0.32824 -1.9
-0.328 -1.6
-0.32775 -1.2
-0.32751 -0.8
-0.32726 -0.3
-0.32702 0.0
-0.32678 0.5
-0.32653 0.9
-0.32629 1.3
-0.32604 1.7
-0.3258 2.1
-0.32556 2.4
-0.32531 2.8
-0.32507 3.1
-0.32482 3.4
-0.32458 3.6
-0.32434 3.9
-0.32409 4.1
-0.32385 4.3
-0.3236 4.4
-0.32336 4.5
-0.32311 4.6
-0.32287 4.6
-0.32263 4.6
-0.32238 4.5
-0.32214 4.4
-0.32189 4.3
-0.32165 4.1
-0.32141 3.9
-0.32116 3.7
-0.32092 3.4
-0.32067 3.2
-0.32043 2.8
-0.32018 2.5
-0.31994 2.1
-0.3197 1.8
-0.31945 1.4
-0.31921 1.0
-0.31896 0.5
-0.31872 0.1
-0.31848 -0.3
-0.31823 -0.7
-0.31799 -1.1
-0.31774 -1.5
-0.3175 -1.9
-0.31726 -2.3
-0.31701 -2.6
-0.31677 -3.0
-0.31652 -3.3
-0.31628 -3.6
-0.31603 -3.8
-0.31579 -4.0
-0.31555 -4.2
-0.3153 -4.4
-0.31506 -4.5
-0.31481 -4.6
-0.31457 -4.6
-0.31433 -4.6
-0.31408 -4.6
-0.31384 -4.5
-0.31359 -4.4
-0.31335 -4.2
-0.3131 -4.0
-0.31286 -3.8
-0.31262 -3.5
-0.31237 -3.2
-0.31213 -2.9
-0.31188 -2.6
-0.31164 -2.2
-0.3114 -1.8
-0.31115 -1.4
-0.31091 -1.0
-0.31066 -0.6
-0.31042 -0.2
-0.31017 0.2
-0.30993 0.7
-0.30969 1.1
-0.30944 1.5
-0.3092 1.9
-0.30895 2.3
-0.30871 2.6
-0.30847 3.0
-0.30822 3.3
-0.30798 3.6
-0.30773 3.8
-0.30749 4.1
-0.30725 4.2
-0.307 4.4
-0.30676 4.5
-0.30651 4.6
-0.30627 4.6
-0.30602 4.6
-0.30578 4.6
-0.30554 4.5
-0.30529 4.4
-0.30505 4.2
-0.3048 4.0
-0.30456 3.8
-0.30432 3.5
-0.30407 3.2
-0.30383 2.9
-0.30358 2.6
-0.30334 2.2
-0.30309 1.8
-0.30285 1.4
-0.30261 1.0
-0.30236 0.6
-0.30212 0.1
-0.30187 -0.3
-0.30163 -0.7
-0.30139 -1.2
-0.30114 -1.6
-0.3009 -2.0
-0.30065 -2.4
-0.30041 -2.7
-0.30017 -3.1
-0.29992 -3.4
-0.29968 -3.7
-0.29943 -3.9
-0.29919 -4.1
-0.29894 -4.3
-0.2987 -4.5
-0.29846 -4.6
-0.29821 -4.6
-0.29797 -4.7
-0.29772 -4.6
-0.29748 -4.6
-0.29724 -4.5
-0.29699 -4.4
-0.29675 -4.2
-0.2965 -4.0
-0.29626 -3.7
-0.29601 -3.4
-0.29577 -3.1
-0.29553 -2.8
-0.29528 -2.4
-0.29504 -2.0
-0.29479 -1.6
-0.29455 -1.2
-0.29431 -0.8
-0.29406 -0.4
-0.29382 0.0
-0.29357 0.5
-0.29333 1.0
-0.29309 1.4
-0.29284 1.8
-0.2926 2.2
-0.29235 2.6
-0.29211 2.9
-0.29186 3.3
-0.29162 3.6
-0.29138 3.8
-0.29113 4.1
-0.29089 4.3
-0.29064 4.4
-0.2904 4.6
-0.29016 4.6
-0.28991 4.7
-0.28967 4.7
-0.28942 4.6
-0.28918 4.6
-0.28893 4.4
-0.28869 4.3
-0.28845 4.1
-0.2882 3.8
-0.28796 3.5
-0.28771 3.2
-0.28747 2.9
-0.28723 2.5
-0.28698 2.2
-0.28674 1.7
-0.28649 1.3
-0.28625 0.9
-0.28601 0.5
-0.28576 0.0
-0.28552 -0.4
-0.28527 -0.9
-0.28503 -1.3
-0.28478 -1.7
-0.28454 -2.2
-0.2843 -2.5
-0.28405 -2.9
-0.28381 -3.3
-0.28356 -3.6
-0.28332 -3.8
-0.28308 -4.1
-0.28283 -4.3
-0.28259 -4.5
-0.28234 -4.6
-0.2821 -4.7
-0.28185 -4.7
-0.28161 -4.7
-0.28137 -4.7
-0.28112 -4.6
-0.28088 -4.5
-0.28063 -4.3
-0.28039 -4.1
-0.28015 -3.8
-0.2799 -3.6
-0.27966 -3.2
-0.27941 -2.9
-0.27917 -2.5
-0.27892 -2.1
-0.27868 -1.7
-0.27844 -1.3
-0.27819 -0.9
-0.27795 -0.4
-0.2777 0.0
-0.27746 0.5
-0.27722 1.0
-0.27697 1.4
-0.27673 1.8
-0.27648 2.2
-0.27624 2.6
-0.276 3.0
-0.27575 3.3
-0.27551 3.6
-0.27526 3.9
-0.27502 4.2
-0.27477 4.4
-0.27453 4.5
-0.27429 4.6
-0.27404 4.7
-0.2738 4.8
-0.27355 4.7
-0.27331 4.7
-0.27307 4.6
-0.27282 4.4
-0.27258 4.3
-0.27233 4.0
-0.27209 3.8
-0.27184 3.5
-0.2716 3.1
-0.27136 2.8
-0.27111 2.4
-0.27087 2.0
-0.27062 1.6
-0.27038 1.1
-0.27014 0.7
-0.26989 0.2
-0.26965 -0.3
-0.2694 -0.7
-0.26916 -1.2
-0.26892 -1.6
-0.26867 -2.0
-0.26843 -2.5
-0.26818 -2.8
-0.26794 -3.2
-0.26769 -3.5
-0.26745 -3.8
-0.26721 -4.1
-0.26696 -4.3
-0.26672 -4.5
-0.26647 -4.6
-0.26623 -4.7
-0.26599 -4.8
-0.26574 -4.8
-0.2655 -4.7
-0.26525 -4.7
-0.26501 -4.5
-0.26476 -4.4
-0.26452 -4.1
-0.26428 -3.9
-0.26403 -3.6
-0.26379 -3.3
-0.26354 -2.9
-0.2633 -2.5
-0.26306 -2.1
-0.26281 -1.7
-0.26257 -1.2
-0.26232 -0.8
-0.26208 -0.3
-0.26184 0.2
-0.26159 0.6
-0.26135 1.1
-0.2611 1.5
-0.26086 2.0
-0.26061 2.4
-0.26037 2.8
-0.26013 3.2
-0.25988 3.5
-0.25964 3.8
-0.25939 4.1
-0.25915 4.3
-0.25891 4.5
-0.25866 4.7
-0.25842 4.8
-0.25817 4.8
-0.25793 4.8
-0.25768 4.8
-0.25744 4.7
-0.2572 4.6
-0.25695 4.4
-0.25671 4.2
-0.25646 3.9
-0.25622 3.6
-0.25598 3.3
-0.25573 2.9
-0.25549 2.5
-0.25524 2.1
-0.255 1.7
-0.25476 1.2
-0.25451 0.7
-0.25427 0.3
-0.25402 -0.2
-0.25378 -0.7
-0.25353 -1.2
-0.25329 -1.6
-0.25305 -2.1
-0.2528 -2.5
-0.25256 -2.9
-0.25231 -3.3
-0.25207 -3.6
-0.25183 -3.9
-0.25158 -4.2
-0.25134 -4.4
-0.25109 -4.6
-0.25085 -4.7
-0.2506 -4.8
-0.25036 -4.8
-0.25012 -4.8
-0.24987 -4.8
-0.24963 -4.7
-0.24938 -4.5
-0.24914 -4.3
-0.2489 -4.1
-0.24865 -3.8
-0.24841 -3.5
-0.24816 -3.2
-0.24792 -2.8
-0.24767 -2.4
-0.24743 -1.9
-0.24719 -1.5
-0.24694 -1.0
-0.2467 -0.5
-0.24645 0.0
-0.24621 0.4
-0.24597 0.9
-0.24572 1.4
-0.24548 1.9
-0.24523 2.3
-0.24499 2.7
-0.24475 3.1
-0.2445 3.5
-0.24426 3.8
-0.24401 4.1
-0.24377 4.3
-0.24352 4.5
-0.24328 4.7
-0.24304 4.8
-0.24279 4.9
-0.24255 4.9
-0.2423 4.8
-0.24206 4.8
-0.24182 4.6
-0.24157 4.4
-0.24133 4.2
-0.24108 4.0
-0.24084 3.6
-0.24059 3.3
-0.24035 2.9
-0.24011 2.5
-0.23986 2.1
-0.23962 1.6
-0.23937 1.1
-0.23913 0.6
-0.23889 0.2
-0.23864 -0.3
-0.2384 -0.8
-0.23815 -1.3
-0.23791 -1.8
-0.23767 -2.2
-0.23742 -2.7
-0.23718 -3.1
-0.23693 -3.4
-0.23669 -3.8
-0.23644 -4.1
-0.2362 -4.3
-0.23596 -4.6
-0.23571 -4.7
-0.23547 -4.8
-0.23522 -4.9
-0.23498 -4.9
-0.23474 -4.9
-0.23449 -4.8
-0.23425 -4.7
-0.234 -4.5
-0.23376 -4.2
-0.23351 -4.0
-0.23327 -3.7
-0.23303 -3.3
-0.23278 -2.9
-0.23254 -2.5
-0.23229 -2.0
-0.23205 -1.6
-0.23181 -1.1
-0.23156 -0.6
-0.23132 0.0
-0.23107 0.4
-0.23083 0.9
-0.23059 1.4
-0.23034 1.9
-0.2301 2.3
-0.22985 2.8
-0.22961 3.2
-0.22936 3.5
-0.22912 3.9
-0.22888 4.2
-0.22863 4.4
-0.22839 4.6
-0.22814 4.8
-0.2279 4.9
-0.22766 4.9
-0.22741 4.9
-0.22717 4.9
-0.22692 4.8
-0.22668 4.6
-0.22643 4.4
-0.22619 4.2
-0.22595 3.9
-0.2257 3.6
-0.22546 3.2
-0.22521 2.8
-0.22497 2.3
-0.22473 1.9
-0.22448 1.4
-0.22424 0.9
-0.22399 0.4
-0.22375 -0.1
-0.22351 -0.7
-0.22326 -1.2
-0.22302 -1.7
-0.22277 -2.1
-0.22253 -2.6
-0.22228 -3.0
-0.22204 -3.4
-0.2218 -3.8
-0.22155 -4.1
-0.22131 -4.4
-0.22106 -4.6
-0.22082 -4.8
-0.22058 -4.9
-0.22033 -5.0
-0.22009 -5.0
-0.21984 -5.0
-0.2196 -4.9
-0.21935 -4.7
-0.21911 -4.5
-0.21887 -4.3
-0.21862 -4.0
-0.21838 -3.7
-0.21813 -3.3
-0.21789 -2.9
-0.21765 -2.5
-0.2174 -2.0
-0.21716 -1.5
-0.21691 -1.0
-0.21667 -0.5
-0.21642 0.0
-0.21618 0.6
-0.21594 1.1
-0.21569 1.6
-0.21545 2.1
-0.2152 2.6
-0.21496 3.0
-0.21472 3.4
-0.21447 3.8
-0.21423 4.1
-0.21398 4.4
-0.21374 4.6
-0.2135 4.8
-0.21325 4.9
-0.21301 5.0
-0.21276 5.0
-0.21252 5.0
-0.21227 4.9
-0.21203 4.8
-0.21179 4.6
-0.21154 4.3
-0.2113 4.0
-0.21105 3.7
-0.21081 3.3
-0.21057 2.9
-0.21032 2.4
-0.21008 1.9
-0.20983 1.4
-0.20959 0.9
-0.20934 0.4
-0.2091 -0.1
-0.20886 -0.7
-0.20861 -1.2
-0.20837 -1.7
-0.20812 -2.2
-0.20788 -2.7
-0.20764 -3.1
-0.20739 -3.5
-0.20715 -3.9
-0.2069 -4.2
-0.20666 -4.5
-0.20642 -4.7
-0.20617 -4.9
-0.20593 -5.0
-0.20568 -5.1
-0.20544 -5.1
-0.20519 -5.0
-0.20495 -4.9
-0.20471 -4.7
-0.20446 -4.5
-0.20422 -4.2
-0.20397 -3.9
-0.20373 -3.6
-0.20349 -3.1
-0.20324 -2.7
-0.203 -2.2
-0.20275 -1.7
-0.20251 -1.2
-0.20226 -0.7
-0.20202 -0.1
-0.20178 0.4
-0.20153 1.0
-0.20129 1.5
-0.20104 2.0
-0.2008 2.5
-0.20056 3.0
-0.20031 3.4
-0.20007 3.8
-0.19982 4.1
-0.19958 4.4
-0.19934 4.7
-0.19909 4.9
-0.19885 5.0
-0.1986 5.1
-0.19836 5.1
-0.19811 5.1
-0.19787 5.0
-0.19763 4.8
-0.19738 4.6
-0.19714 4.3
-0.19689 4.0
-0.19665 3.7
-0.19641 3.3
-0.19616 2.8
-0.19592 2.3
-0.19567 1.8
-0.19543 1.3
-0.19518 0.8
-0.19494 0.2
-0.1947 -0.4
-0.19445 -0.9
-0.19421 -1.5
-0.19396 -2.0
-0.19372 -2.5
-0.19348 -3.0
-0.19323 -3.4
-0.19299 -3.8
-0.19274 -4.2
-0.1925 -4.5
-0.19226 -4.7
-0.19201 -4.9
-0.19177 -5.1
-0.19152 -5.1
-0.19128 -5.2
-0.19103 -5.1
-0.19079 -5.0
-0.19055 -4.8
-0.1903 -4.6
-0.19006 -4.3
-0.18981 -4.0
-0.18957 -3.6
-0.18933 -3.2
-0.18908 -2.8
-0.18884 -2.3
-0.18859 -1.7
-0.18835 -1.2
-0.1881 -0.6
-0.18786 0.0
-0.18762 0.5
-0.18737 1.1
-0.18713 1.6
-0.18688 2.1
-0.18664 2.6
-0.1864 3.1
-0.18615 3.6
-0.18591 4.0
-0.18566 4.3
-0.18542 4.6
-0.18517 4.8
-0.18493 5.0
-0.18469 5.1
-0.18444 5.2
-0.1842 5.2
-0.18395 5.1
-0.18371 5.0
-0.18347 4.8
-0.18322 4.5
-0.18298 4.2
-0.18273 3.9
-0.18249 3.5
-0.18225 3.0
-0.182 2.5
-0.18176 2.0
-0.18151 1.4
-0.18127 0.9
-0.18102 0.3
-0.18078 -0.3
-0.18054 -0.9
-0.18029 -1.4
-0.18005 -2.0
-0.1798 -2.5
-0.17956 -3.0
-0.17932 -3.5
-0.17907 -3.9
-0.17883 -4.2
-0.17858 -4.6
-0.17834 -4.8
-0.17809 -5.0
-0.17785 -5.2
-0.17761 -5.2
-0.17736 -5.2
-0.17712 -5.2
-0.17687 -5.1
-0.17663 -4.9
-0.17639 -4.6
-0.17614 -4.3
-0.1759 -4.0
-0.17565 -3.5
-0.17541 -3.1
-0.17517 -2.6
-0.17492 -2.1
-0.17468 -1.5
-0.17443 -0.9
-0.17419 -0.3
-0.17394 0.3
-0.1737 0.8
-0.17346 1.4
-0.17321 2.0
-0.17297 2.5
-0.17272 3.0
-0.17248 3.5
-0.17224 3.9
-0.17199 4.3
-0.17175 4.6
-0.1715 4.9
-0.17126 5.1
-0.17101 5.2
-0.17077 5.3
-0.17053 5.3
-0.17028 5.2
-0.17004 5.1
-0.16979 4.9
-0.16955 4.6
-0.16931 4.3
-0.16906 3.9
-0.16882 3.5
-0.16857 3.0
-0.16833 2.5
-0.16809 1.9
-0.16784 1.3
-0.1676 0.7
-0.16735 0.1
-0.16711 -0.5
-0.16686 -1.1
-0.16662 -1.7
-0.16638 -2.2
-0.16613 -2.8
-0.16589 -3.3
-0.16564 -3.7
-0.1654 -4.1
-0.16516 -4.5
-0.16491 -4.8
-0.16467 -5.0
-0.16442 -5.2
-0.16418 -5.3
-0.16393 -5.3
-0.16369 -5.3
-0.16345 -5.2
-0.1632 -5.0
-0.16296 -4.8
-0.16271 -4.5
-0.16247 -4.1
-0.16223 -3.7
-0.16198 -3.2
-0.16174 -2.7
-0.16149 -2.1
-0.16125 -1.5
-0.16101 -0.9
-0.16076 -0.3
-0.16052 0.3
-0.16027 0.9
-0.16003 1.5
-0.15978 2.1
-0.15954 2.7
-0.1593 3.2
-0.15905 3.7
-0.15881 4.1
-0.15856 4.5
-0.15832 4.8
-0.15808 5.0
-0.15783 5.2
-0.15759 5.3
-0.15734 5.4
-0.1571 5.3
-0.15685 5.2
-0.15661 5.1
-0.15637 4.8
-0.15612 4.5
-0.15588 4.1
-0.15563 3.7
-0.15539 3.2
-0.15515 2.7
-0.1549 2.1
-0.15466 1.5
-0.15441 0.9
-0.15417 0.3
-0.15392 -0.4
-0.15368 -1.0
-0.15344 -1.6
-0.15319 -2.2
-0.15295 -2.8
-0.1527 -3.3
-0.15246 -3.8
-0.15222 -4.2
-0.15197 -4.6
-0.15173 -4.9
-0.15148 -5.1
-0.15124 -5.3
-0.151 -5.4
-0.15075 -5.4
-0.15051 -5.4
-0.15026 -5.2
-0.15002 -5.0
-0.14977 -4.8
-0.14953 -4.4
-0.14929 -4.0
-0.14904 -3.5
-0.1488 -3.0
-0.14855 -2.5
-0.14831 -1.9
-0.14807 -1.2
-0.14782 -0.6
-0.14758 0.0
-0.14733 0.7
-0.14709 1.3
-0.14684 2.0
-0.1466 2.6
-0.14636 3.1
-0.14611 3.6
-0.14587 4.1
-0.14562 4.5
-0.14538 4.8
-0.14514 5.1
-0.14489 5.3
-0.14465 5.4
-0.1444 5.5
-0.14416 5.5
-0.14392 5.3
-0.14367 5.2
-0.14343 4.9
-0.14318 4.5
-0.14294 4.1
-0.14269 3.7
-0.14245 3.2
-0.14221 2.6
-0.14196 2.0
-0.14172 1.4
-0.14147 0.7
-0.14123 0.0
-0.14099 -0.6
-0.14074 -1.3
-0.1405 -1.9
-0.14025 -2.5
-0.14001 -3.1
-0.13976 -3.6
-0.13952 -4.1
-0.13928 -4.5
-0.13903 -4.9
-0.13879 -5.2
-0.13854 -5.4
-0.1383 -5.5
-0.13806 -5.5
-0.13781 -5.5
-0.13757 -5.4
-0.13732 -5.2
-0.13708 -4.9
-0.13684 -4.5
-0.13659 -4.1
-0.13635 -3.6
-0.1361 -3.1
-0.13586 -2.5
-0.13561 -1.9
-0.13537 -1.2
-0.13513 -0.5
-0.13488 0.1
-0.13464 0.8
-0.13439 1.5
-0.13415 2.1
-0.13391 2.8
-0.13366 3.3
-0.13342 3.9
-0.13317 4.3
-0.13293 4.7
-0.13268 5.1
-0.13244 5.3
-0.1322 5.5
-0.13195 5.6
-0.13171 5.6
-0.13146 5.5
-0.13122 5.3
-0.13098 5.1
-0.13073 4.8
-0.13049 4.4
-0.13024 3.9
-0.13 3.4
-0.12976 2.8
-0.12951 2.1
-0.12927 1.5
-0.12902 0.8
-0.12878 0.0
-0.12853 -0.6
-0.12829 -1.3
-0.12805 -2.0
-0.1278 -2.6
-0.12756 -3.2
-0.12731 -3.8
-0.12707 -4.3
-0.12683 -4.7
-0.12658 -5.1
-0.12634 -5.3
-0.12609 -5.5
-0.12585 -5.6
-0.1256 -5.7
-0.12536 -5.6
-0.12512 -5.4
-0.12487 -5.2
-0.12463 -4.8
-0.12438 -4.4
-0.12414 -3.9
-0.1239 -3.4
-0.12365 -2.8
-0.12341 -2.1
-0.12316 -1.5
-0.12292 -0.8
-0.12267 0.0
-0.12243 0.7
-0.12219 1.4
-0.12194 2.1
-0.1217 2.7
-0.12145 3.4
-0.12121 3.9
-0.12097 4.4
-0.12072 4.8
-0.12048 5.2
-0.12023 5.5
-0.11999 5.6
-0.11975 5.7
-0.1195 5.7
-0.11926 5.6
-0.11901 5.4
-0.11877 5.1
-0.11852 4.7
-0.11828 4.3
-0.11804 3.8
-0.11779 3.2
-0.11755 2.6
-0.1173 1.9
-0.11706 1.2
-0.11682 0.4
-0.11657 -0.3
-0.11633 -1.1
-0.11608 -1.8
-0.11584 -2.5
-0.11559 -3.1
-0.11535 -3.7
-0.11511 -4.3
-0.11486 -4.7
-0.11462 -5.1
-0.11437 -5.4
-0.11413 -5.6
-0.11389 -5.8
-0.11364 -5.8
-0.1134 -5.7
-0.11315 -5.5
-0.11291 -5.3
-0.11267 -4.9
-0.11242 -4.4
-0.11218 -3.9
-0.11193 -3.3
-0.11169 -2.7
-0.11144 -2.0
-0.1112 -1.3
-0.11096 -0.5
-0.11071 0.3
-0.11047 1.0
-0.11022 1.8
-0.10998 2.5
-0.10974 3.2
-0.10949 3.8
-0.10925 4.3
-0.109 4.8
-0.10876 5.2
-0.10851 5.5
-0.10827 5.7
-0.10803 5.8
-0.10778 5.8
-0.10754 5.8
-0.10729 5.6
-0.10705 5.3
-0.10681 4.9
-0.10656 4.4
-0.10632 3.8
-0.10607 3.2
-0.10583 2.5
-0.10559 1.8
-0.10534 1.0
-0.1051 0.3
-0.10485 -0.5
-0.10461 -1.3
-0.10436 -2.1
-0.10412 -2.8
-0.10388 -3.5
-0.10363 -4.1
-0.10339 -4.6
-0.10314 -5.1
-0.1029 -5.4
-0.10266 -5.7
-0.10241 -5.9
-0.10217 -5.9
-0.10192 -5.9
-0.10168 -5.7
-0.10143 -5.5
-0.10119 -5.1
-0.10095 -4.6
-0.1007 -4.1
-0.10046 -3.5
-0.10021 -2.8
-0.09997 -2.0
-0.09973 -1.3
-0.09948 -0.5
-0.09924 0.4
-0.09899 1.2
-0.09875 2.0
-0.09851 2.7
-0.09826 3.4
-0.09802 4.1
-0.09777 4.6
-0.09753 5.1
-0.09728 5.5
-0.09704 5.8
-0.0968 5.9
-0.09655 6.0
-0.09631 5.9
-0.09606 5.8
-0.09582 5.5
-0.09558 5.1
-0.09533 4.6
-0.09509 4.1
-0.09484 3.4
-0.0946 2.7
-0.09435 1.9
-0.09411 1.1
-0.09387 0.3
-0.09362 -0.5
-0.09338 -1.4
-0.09313 -2.2
-0.09289 -2.9
-0.09265 -3.7
-0.0924 -4.3
-0.09216 -4.9
-0.09191 -5.3
-0.09167 -5.7
-0.09142 -5.9
-0.09118 -6.1
-0.09094 -6.1
-0.09069 -6.0
-0.09045 -5.7
-0.0902 -5.4
-0.08996 -5.0
-0.08972 -4.4
-0.08947 -3.8
-0.08923 -3.1
-0.08898 -2.3
-0.08874 -1.5
-0.0885 -0.6
-0.08825 0.3
-0.08801 1.1
-0.08776 2.0
-0.08752 2.8
-0.08727 3.5
-0.08703 4.2
-0.08679 4.8
-0.08654 5.3
-0.0863 5.7
-0.08605 6.0
-0.08581 6.1
-0.08557 6.2
-0.08532 6.1
-0.08508 5.8
-0.08483 5.5
-0.08459 5.0
-0.08434 4.5
-0.0841 3.8
-0.08386 3.1
-0.08361 2.3
-0.08337 1.4
-0.08312 0.5
-0.08288 -0.4
-0.08264 -1.3
-0.08239 -2.1
-0.08215 -3.0
-0.0819 -3.7
-0.08166 -4.4
-0.08142 -5.0
-0.08117 -5.5
-0.08093 -5.9
-0.08068 -6.1
-0.08044 -6.2
-0.08019 -6.2
-0.07995 -6.1
-0.07971 -5.8
-0.07946 -5.4
-0.07922 -4.9
-0.07897 -4.2
-0.07873 -3.5
-0.07849 -2.7
-0.07824 -1.9
-0.078 -1.0
-0.07775 0.0
-0.07751 0.9
-0.07726 1.8
-0.07702 2.7
-0.07678 3.5
-0.07653 4.3
-0.07629 4.9
-0.07604 5.5
-0.0758 5.9
-0.07556 6.2
-0.07531 6.3
-0.07507 6.3
-0.07482 6.2
-0.07458 5.9
-0.07434 5.5
-0.07409 5.0
-0.07385 4.4
-0.0736 3.6
-0.07336 2.8
-0.07311 1.9
-0.07287 0.9
-0.07263 0.0
-0.07238 -1.0
-0.07214 -1.9
-0.07189 -2.8
-0.07165 -3.7
-0.07141 -4.4
-0.07116 -5.1
-0.07092 -5.6
-0.07067 -6.0
-0.07043 -6.3
-0.07018 -6.4
-0.06994 -6.4
-0.0697 -6.2
-0.06945 -5.9
-0.06921 -5.4
-0.06896 -4.8
-0.06872 -4.1
-0.06848 -3.3
-0.06823 -2.4
-0.06799 -1.4
-0.06774 -0.5
-0.0675 0.6
-0.06726 1.6
-0.06701 2.5
-0.06677 3.4
-0.06652 4.2
-0.06628 5.0
-0.06603 5.6
-0.06579 6.0
-0.06555 6.4
-0.0653 6.5
-0.06506 6.5
-0.06481 6.4
-0.06457 6.1
-0.06433 5.6
-0.06408 5.0
-0.06384 4.2
-0.06359 3.4
-0.06335 2.5
-0.0631 1.5
-0.06286 0.4
-0.06262 -0.6
-0.06237 -1.6
-0.06213 -2.6
-0.06188 -3.6
-0.06164 -4.4
-0.0614 -5.2
-0.06115 -5.8
-0.06091 -6.2
-0.06066 -6.5
-0.06042 -6.7
-0.06017 -6.6
-0.05993 -6.4
-0.05969 -6.0
-0.05944 -5.5
-0.0592 -4.8
-0.05895 -4.0
-0.05871 -3.0
-0.05847 -2.0
-0.05822 -1.0
-0.05798 0.1
-0.05773 1.2
-0.05749 2.3
-0.05725 3.3
-0.057 4.2
-0.05676 5.0
-0.05651 5.7
-0.05627 6.2
-0.05602 6.6
-0.05578 6.8
-0.05554 6.8
-0.05529 6.6
-0.05505 6.2
-0.0548 5.6
-0.05456 4.9
-0.05432 4.1
-0.05407 3.1
-0.05383 2.1
-0.05358 1.0
-0.05334 -0.2
-0.05309 -1.3
-0.05285 -2.5
-0.05261 -3.5
-0.05236 -4.4
-0.05212 -5.3
-0.05187 -6.0
-0.05163 -6.5
-0.05139 -6.8
-0.05114 -6.9
-0.0509 -6.8
-0.05065 -6.6
-0.05041 -6.1
-0.05017 -5.5
-0.04992 -4.6
-0.04968 -3.7
-0.04943 -2.6
-0.04919 -1.5
-0.04894 -0.3
-0.0487 0.9
-0.04846 2.1
-0.04821 3.2
-0.04797 4.3
-0.04772 5.2
-0.04748 5.9
-0.04724 6.5
-0.04699 6.9
-0.04675 7.0
-0.0465 7.0
-0.04626 6.7
-0.04601 6.3
-0.04577 5.6
-0.04553 4.7
-0.04528 3.7
-0.04504 2.6
-0.04479 1.4
-0.04455 0.1
-0.04431 -1.1
-0.04406 -2.4
-0.04382 -3.6
-0.04357 -4.6
-0.04333 -5.5
-0.04309 -6.3
-0.04284 -6.8
-0.0426 -7.1
-0.04235 -7.2
-0.04211 -7.1
-0.04186 -6.7
-0.04162 -6.1
-0.04138 -5.2
-0.04113 -4.2
-0.04089 -3.1
-0.04064 -1.8
-0.0404 -0.5
-0.04016 0.8
-0.03991 2.2
-0.03967 3.4
-0.03942 4.6
-0.03918 5.5
-0.03893 6.3
-0.03869 6.9
-0.03845 7.3
-0.0382 7.4
-0.03796 7.2
-0.03771 6.8
-0.03747 6.1
-0.03723 5.2
-0.03698 4.1
-0.03674 2.9
-0.03649 1.5
-0.03625 0.1
-0.03601 -1.3
-0.03576 -2.7
-0.03552 -4.0
-0.03527 -5.1
-0.03503 -6.1
-0.03478 -6.8
-0.03454 -7.3
-0.0343 -7.6
-0.03405 -7.5
-0.03381 -7.1
-0.03356 -6.5
-0.03332 -5.6
-0.03308 -4.5
-0.03283 -3.2
-0.03259 -1.8
-0.03234 -0.3
-0.0321 1.2
-0.03185 2.7
-0.03161 4.1
-0.03137 5.3
-0.03112 6.4
-0.03088 7.1
-0.03063 7.6
-0.03039 7.8
-0.03015 7.6
-0.0299 7.1
-0.02966 6.4
-0.02941 5.3
-0.02917 4.1
-0.02892 2.6
-0.02868 1.0
-0.02844 -0.6
-0.02819 -2.2
-0.02795 -3.7
-0.0277 -5.1
-0.02746 -6.3
-0.02722 -7.2
-0.02697 -7.8
-0.02673 -8.0
-0.02648 -7.9
-0.02624 -7.4
-0.026 -6.6
-0.02575 -5.4
-0.02551 -4.1
-0.02526 -2.5
-0.02502 -0.8
-0.02477 1.0
-0.02453 2.7
-0.02429 4.3
-0.02404 5.8
-0.0238 6.9
-0.02355 7.7
-0.02331 8.2
-0.02307 8.2
-0.02282 7.9
-0.02258 7.1
-0.02233 6.0
-0.02209 4.5
-0.02184 2.9
-0.0216 1.0
-0.02136 -0.9
-0.02111 -2.8
-0.02087 -4.6
-0.02062 -6.1
-0.02038 -7.3
-0.02014 -8.1
-0.01989 -8.5
-0.01965 -8.5
-0.0194 -7.9
-0.01916 -6.9
-0.01892 -5.5
-0.01867 -3.8
-0.01843 -1.9
-0.01818 0.2
-0.01794 2.3
-0.01769 4.3
-0.01745 6.1
-0.01721 7.5
-0.01696 8.4
-0.01672 8.9
-0.01647 8.8
-0.01623 8.1
-0.01599 7.0
-0.01574 5.4
-0.0155 3.4
-0.01525 1.1
-0.01501 -1.2
-0.01476 -3.5
-0.01452 -5.6
-0.01428 -7.3
-0.01403 -8.6
-0.01379 -9.2
-0.01354 -9.3
-0.0133 -8.6
-0.01306 -7.3
-0.01281 -5.5
-0.01257 -3.2
-0.01232 -0.6
-0.01208 2.1
-0.01184 4.6
-0.01159 6.8
-0.01135 8.5
-0.0111 9.6
-0.01086 9.8
-0.01061 9.3
-0.01037 7.9
-0.01013 5.8
-0.00988 3.2
-0.00964 0.2
-0.00939 -2.8
-0.00915 -5.7
-0.00891 -8.1
-0.00866 -9.7
-0.00842 -10.5
-0.00817 -10.1
-0.00793 -8.8
-0.00768 -6.4
-0.00744 -3.3
-0.0072 0.2
-0.00695 3.8
-0.00671 7.1
-0.00646 9.7
-0.00622 11.1
-0.00598 11.2
-0.00573 9.8
-0.00549 7.1
-0.00524 3.2
-0.005 -1.2
-0.00476 -5.6
-0.00451 -9.4
-0.00427 -11.8
-0.00402 -12.4
-0.00378 -10.8
-0.00353 -7.2
-0.00329 -2.0
-0.00305 3.9
-0.0028 9.3
-0.00256 13.0
-0.00231 13.8
-0.00207 11.1
-0.00183 5.1
-0.00158 -2.9
-0.00134 -10.7
-0.00109 -15.5
-0.00085 -14.5
-0.0006 -7.0
-0.00036 5.1
-0.00012 15.6
0.00013 15.9
0.00037 2.9
0.00062 -12.3
0.00086 -13.2
0.0011 0.5
0.00135 10.3
0.00159 5.3
0.00184 -4.4
0.00208 -5.5
0.00233 0.6
0.00257 3.8
0.00281 1.0
0.00306 -2.1
0.0033 -1.3
0.00355 0.9
0.00379 1.2
0.00403 -0.2
0.00428 -0.8
0.00452 -0.2
0.00477 0.5
0.00501 0.3
0.00525 -0.2
0.0055 -0.2
0.00574 0.0
0.00599 0.2
0.00623 0.0
0.00648 -0.1
0.00672 0.0
0.00696 0.0
0.00721 0.0
0.00745 0.0
0.0077 0.0
0.00794 0.0
0.00818 0.0
0.00843 0.0
0.00867 0.0
0.00892 0.0
0.00916 0.0
0.00941 0.0
0.00965 0.0
0.00989 0.0
0.01014 0.0
0.01038 0.0
0.01063 0.0
0.01087 0.0
0.01111 0.0
0.01136 0.0
0.0116 0.0
0.01185 0.0
0.01209 0.0
0.01233 0.0
0.01258 0.0
0.01282 0.0
0.01307 0.0
0.01331 0.0
0.01356 0.0
0.0138 0.0
0.01404 0.0
0.01429 0.0
0.01453 0.0
0.01478 0.0
0.01502 0.0
0.01526 0.0
0.01551 0.0
0.01575 0.0
0.016 0.0
0.01624 0.0
0.01649 0.0
0.01673 0.0
0.01697 0.0
0.01722 0.0
0.01746 0.0
0.01771 0.0
0.01795 0.0
0.01819 0.0
0.01844 0.0
0.01868 0.0
0.01893 0.0
0.01917 0.0
0.01941 0.0
0.01966 0.0
0.0199 0.0
0.02015 0.0
0.02039 0.0
0.02064 0.0
0.02088 0.0
0.02112 0.0
0.02137 0.0
0.02161 0.0
0.02186 0.0
0.0221 0.0
0.02234 0.0
0.02259 0.0
0.02283 0.0
0.02308 0.0
0.02332 0.0
0.02357 0.0
0.02381 0.0
0.02405 0.0
0.0243 0.0
0.02454 0.0
0.02479 0.0
0.02503 0.0
0.02527 0.0
0.02552 0.0
0.02576 0.0
0.02601 0.0
0.02625 0.0
0.02649 0.0
0.02674 0.0
0.02698 0.0
0.02723 0.0
0.02747 0.0
0.02772 0.0
0.02796 0.0
0.0282 0.0
0.02845 0.0
0.02869 0.0
0.02894 0.0
0.02918 0.0
0.02942 0.0
0.02967 0.0
0.02991 0.0
0.03016 0.0
0.0304 0.0
0.03065 0.0
0.03089 0.0
0.03113 0.0
0.03138 0.0
0.03162 0.0
0.03187 0.0
0.03211 0.0
0.03235 0.0
0.0326 0.0
0.03284 0.0
0.03309 0.0
0.03333 0.0
0.03358 0.0
0.03382 0.0
0.03406 0.0
0.03431 0.0
0.03455 0.0
0.0348 0.0
0.03504 0.0
0.03528 0.0
0.03553 0.0
0.03577 0.0
0.03602 0.0
0.03626 0.0
0.0365 0.0
0.03675 0.0
0.03699 0.0
0.03724 0.0
0.03748 0.0
0.03773 0.0
0.03797 0.0
0.03821 0.0
0.03846 0.0
0.0387 0.0
0.03895 0.0
0.03919 0.0
0.03943 0.0
0.03968 0.0
0.03992 0.0
0.04017 0.0
0.04041 0.0
0.04066 0.0
0.0409 0.0
0.04114 0.0
0.04139 0.0
0.04163 0.0
0.04188 0.0
0.04212 0.0
0.04236 0.0
0.04261 0.0
0.04285 0.0
0.0431 0.0
0.04334 0.0
0.04358 0.0
0.04383 0.0
0.04407 0.0
0.04432 0.0
0.04456 0.0
