t strain*1e23
-4.08491 0.7
-4.08466 0.8
-4.08442 0.9
-4.08418 1.0
-4.08393 1.1
-4.08369 1.2
-4.08344 1.3
-4.0832 1.4
-4.08295 1.5
-4.08271 1.6
-4.08247 1.7
-4.08222 1.8
-4.08198 1.9
-4.08173 1.9
-4.08149 2.0
-4.08125 2.1
-4.081 2.2
-4.08076 2.2
-4.08051 2.3
-4.08027 2.4
-4.08002 2.4
-4.07978 2.5
-4.07954 2.5
-4.07929 2.6
-4.07905 2.6
-4.0788 2.7
-4.07856 2.7
-4.07832 2.7
-4.07807 2.7
-4.07783 2.8
-4.07758 2.8
-4.07734 2.8
-4.0771 2.8
-4.07685 2.8
-4.07661 2.8
-4.07636 2.8
-4.07612 2.8
-4.07587 2.8
-4.07563 2.8
-4.07539 2.8
-4.07514 2.8
-4.0749 2.7
-4.07465 2.7
-4.07441 2.7
-4.07417 2.6
-4.07392 2.6
-4.07368 2.5
-4.07343 2.5
-4.07319 2.4
-4.07294 2.4
-4.0727 2.3
-4.07246 2.2
-4.07221 2.2
-4.07197 2.1
-4.07172 2.0
-4.07148 2.0
-4.07124 1.9
-4.07099 1.8
-4.07075 1.7
-4.0705 1.6
-4.07026 1.5
-4.07001 1.4
-4.06977 1.3
-4.06953 1.2
-4.06928 1.1
-4.06904 1.0
-4.06879 0.9
-4.06855 0.8
-4.06831 0.7
-4.06806 0.6
-4.06782 0.5
-4.06757 0.4
-4.06733 0.3
-4.06709 0.2
-4.06684 0.0
-4.0666 0.0
-4.06635 -0.1
-4.06611 -0.3
-4.06586 -0.4
-4.06562 -0.5
-4.06538 -0.6
-4.06513 -0.7
-4.06489 -0.8
-4.06464 -0.9
-4.0644 -1.0
-4.06416 -1.1
-4.06391 -1.2
-4.06367 -1.3
-4.06342 -1.4
-4.06318 -1.5
-4.06293 -1.6
-4.06269 -1.7
-4.06245 -1.8
-4.0622 -1.8
-4.06196 -1.9
-4.06171 -2.0
-4.06147 -2.1
-4.06123 -2.2
-4.06098 -2.2
-4.06074 -2.3
-4.06049 -2.4
-4.06025 -2.4
-4.06001 -2.5
-4.05976 -2.5
-4.05952 -2.6
-4.05927 -2.6
-4.05903 -2.7
-4.05878 -2.7
-4.05854 -2.7
-4.0583 -2.7
-4.05805 -2.8
-4.05781 -2.8
-4.05756 -2.8
-4.05732 -2.8
-4.05708 -2.8
-4.05683 -2.8
-4.05659 -2.8
-4.05634 -2.8
-4.0561 -2.8
-4.05585 -2.8
-4.05561 -2.8
-4.05537 -2.8
-4.05512 -2.7
-4.05488 -2.7
-4.05463 -2.7
-4.05439 -2.6
-4.05415 -2.6
-4.0539 -2.5
-4.05366 -2.5
-4.05341 -2.4
-4.05317 -2.4
-4.05293 -2.3
-4.05268 -2.3
-4.05244 -2.2
-4.05219 -2.1
-4.05195 -2.0
-4.0517 -2.0
-4.05146 -1.9
-4.05122 -1.8
-4.05097 -1.7
-4.05073 -1.6
-4.05048 -1.5
-4.05024 -1.4
-4.05 -1.3
-4.04975 -1.2
-4.04951 -1.1
-4.04926 -1.0
-4.04902 -0.9
-4.04877 -0.8
-4.04853 -0.7
-4.04829 -0.6
-4.04804 -0.5
-4.0478 -0.4
-4.04755 -0.3
-4.04731 -0.2
-4.04707 0.0
-4.04682 0.0
-4.04658 0.1
-4.04633 0.2
-4.04609 0.4
-4.04585 0.5
-4.0456 0.6
-4.04536 0.7
-4.04511 0.8
-4.04487 0.9
-4.04462 1.0
-4.04438 1.1
-4.04414 1.2
-4.04389 1.3
-4.04365 1.4
-4.0434 1.5
-4.04316 1.6
-4.04292 1.7
-4.04267 1.8
-4.04243 1.8
-4.04218 1.9
-4.04194 2.0
-4.04169 2.1
-4.04145 2.2
-4.04121 2.2
-4.04096 2.3
-4.04072 2.4
-4.04047 2.4
-4.04023 2.5
-4.03999 2.5
-4.03974 2.6
-4.0395 2.6
-4.03925 2.7
-4.03901 2.7
-4.03876 2.7
-4.03852 2.8
-4.03828 2.8
-4.03803 2.8
-4.03779 2.8
-4.03754 2.8
-4.0373 2.8
-4.03706 2.8
-4.03681 2.8
-4.03657 2.8
-4.03632 2.8
-4.03608 2.8
-4.03584 2.8
-4.03559 2.8
-4.03535 2.7
-4.0351 2.7
-4.03486 2.7
-4.03461 2.6
-4.03437 2.6
-4.03413 2.5
-4.03388 2.5
-4.03364 2.4
-4.03339 2.4
-4.03315 2.3
-4.03291 2.3
-4.03266 2.2
-4.03242 2.1
-4.03217 2.0
-4.03193 2.0
-4.03168 1.9
-4.03144 1.8
-4.0312 1.7
-4.03095 1.6
-4.03071 1.5
-4.03046 1.4
-4.03022 1.3
-4.02998 1.2
-4.02973 1.1
-4.02949 1.0
-4.02924 0.9
-4.029 0.8
-4.02876 0.7
-4.02851 0.6
-4.02827 0.5
-4.02802 0.4
-4.02778 0.3
-4.02753 0.2
-4.02729 0.0
-4.02705 0.0
-4.0268 -0.1
-4.02656 -0.3
-4.02631 -0.4
-4.02607 -0.5
-4.02583 -0.6
-4.02558 -0.7
-4.02534 -0.8
-4.02509 -0.9
-4.02485 -1.0
-4.0246 -1.1
-4.02436 -1.2
-4.02412 -1.3
-4.02387 -1.4
-4.02363 -1.5
-4.02338 -1.6
-4.02314 -1.7
-4.0229 -1.8
-4.02265 -1.9
-4.02241 -1.9
-4.02216 -2.0
-4.02192 -2.1
-4.02168 -2.2
-4.02143 -2.2
-4.02119 -2.3
-4.02094 -2.4
-4.0207 -2.4
-4.02045 -2.5
-4.02021 -2.5
-4.01997 -2.6
-4.01972 -2.6
-4.01948 -2.7
-4.01923 -2.7
-4.01899 -2.7
-4.01875 -2.8
-4.0185 -2.8
-4.01826 -2.8
-4.01801 -2.8
-4.01777 -2.8
-4.01752 -2.8
-4.01728 -2.8
-4.01704 -2.8
-4.01679 -2.8
-4.01655 -2.8
-4.0163 -2.8
-4.01606 -2.8
-4.01582 -2.8
-4.01557 -2.7
-4.01533 -2.7
-4.01508 -2.7
-4.01484 -2.6
-4.0146 -2.6
-4.01435 -2.5
-4.01411 -2.5
-4.01386 -2.4
-4.01362 -2.4
-4.01337 -2.3
-4.01313 -2.2
-4.01289 -2.2
-4.01264 -2.1
-4.0124 -2.0
-4.01215 -1.9
-4.01191 -1.9
-4.01167 -1.8
-4.01142 -1.7
-4.01118 -1.6
-4.01093 -1.5
-4.01069 -1.4
-4.01044 -1.3
-4.0102 -1.2
-4.00996 -1.1
-4.00971 -1.0
-4.00947 -0.9
-4.00922 -0.8
-4.00898 -0.7
-4.00874 -0.6
-4.00849 -0.5
-4.00825 -0.4
-4.008 -0.3
-4.00776 -0.2
-4.00751 0.0
-4.00727 0.0
-4.00703 0.2
-4.00678 0.3
-4.00654 0.4
-4.00629 0.5
-4.00605 0.6
-4.00581 0.7
-4.00556 0.8
-4.00532 0.9
-4.00507 1.0
-4.00483 1.1
-4.00459 1.2
-4.00434 1.3
-4.0041 1.4
-4.00385 1.5
-4.00361 1.6
-4.00336 1.7
-4.00312 1.8
-4.00288 1.9
-4.00263 2.0
-4.00239 2.0
-4.00214 2.1
-4.0019 2.2
-4.00166 2.3
-4.00141 2.3
-4.00117 2.4
-4.00092 2.4
-4.00068 2.5
-4.00043 2.5
-4.00019 2.6
-3.99995 2.6
-3.9997 2.7
-3.99946 2.7
-3.99921 2.7
-3.99897 2.8
-3.99873 2.8
-3.99848 2.8
-3.99824 2.8
-3.99799 2.8
-3.99775 2.8
-3.99751 2.8
-3.99726 2.8
-3.99702 2.8
-3.99677 2.8
-3.99653 2.8
-3.99628 2.8
-3.99604 2.8
-3.9958 2.7
-3.99555 2.7
-3.99531 2.7
-3.99506 2.6
-3.99482 2.6
-3.99458 2.5
-3.99433 2.5
-3.99409 2.4
-3.99384 2.4
-3.9936 2.3
-3.99335 2.2
-3.99311 2.1
-3.99287 2.1
-3.99262 2.0
-3.99238 1.9
-3.99213 1.8
-3.99189 1.7
-3.99165 1.7
-3.9914 1.6
-3.99116 1.5
-3.99091 1.4
-3.99067 1.3
-3.99043 1.2
-3.99018 1.1
-3.98994 1.0
-3.98969 0.9
-3.98945 0.8
-3.9892 0.7
-3.98896 0.6
-3.98872 0.4
-3.98847 0.3
-3.98823 0.2
-3.98798 0.1
-3.98774 0.0
-3.9875 -0.1
-3.98725 -0.2
-3.98701 -0.3
-3.98676 -0.4
-3.98652 -0.5
-3.98627 -0.7
-3.98603 -0.8
-3.98579 -0.9
-3.98554 -1.0
-3.9853 -1.1
-3.98505 -1.2
-3.98481 -1.3
-3.98457 -1.4
-3.98432 -1.5
-3.98408 -1.6
-3.98383 -1.7
-3.98359 -1.7
-3.98335 -1.8
-3.9831 -1.9
-3.98286 -2.0
-3.98261 -2.1
-3.98237 -2.1
-3.98212 -2.2
-3.98188 -2.3
-3.98164 -2.4
-3.98139 -2.4
-3.98115 -2.5
-3.9809 -2.5
-3.98066 -2.6
-3.98042 -2.6
-3.98017 -2.7
-3.97993 -2.7
-3.97968 -2.7
-3.97944 -2.8
-3.97919 -2.8
-3.97895 -2.8
-3.97871 -2.8
-3.97846 -2.8
-3.97822 -2.8
-3.97797 -2.8
-3.97773 -2.8
-3.97749 -2.8
-3.97724 -2.8
-3.977 -2.8
-3.97675 -2.8
-3.97651 -2.8
-3.97626 -2.7
-3.97602 -2.7
-3.97578 -2.7
-3.97553 -2.6
-3.97529 -2.6
-3.97504 -2.6
-3.9748 -2.5
-3.97456 -2.4
-3.97431 -2.4
-3.97407 -2.3
-3.97382 -2.3
-3.97358 -2.2
-3.97334 -2.1
-3.97309 -2.0
-3.97285 -2.0
-3.9726 -1.9
-3.97236 -1.8
-3.97211 -1.7
-3.97187 -1.6
-3.97163 -1.5
-3.97138 -1.4
-3.97114 -1.3
-3.97089 -1.2
-3.97065 -1.1
-3.97041 -1.0
-3.97016 -0.9
-3.96992 -0.8
-3.96967 -0.7
-3.96943 -0.6
-3.96918 -0.5
-3.96894 -0.4
-3.9687 -0.3
-3.96845 -0.2
-3.96821 0.0
-3.96796 0.0
-3.96772 0.2
-3.96748 0.3
-3.96723 0.4
-3.96699 0.5
-3.96674 0.6
-3.9665 0.7
-3.96626 0.8
-3.96601 0.9
-3.96577 1.0
-3.96552 1.1
-3.96528 1.2
-3.96503 1.3
-3.96479 1.4
-3.96455 1.5
-3.9643 1.6
-3.96406 1.7
-3.96381 1.8
-3.96357 1.9
-3.96333 2.0
-3.96308 2.0
-3.96284 2.1
-3.96259 2.2
-3.96235 2.3
-3.9621 2.3
-3.96186 2.4
-3.96162 2.4
-3.96137 2.5
-3.96113 2.6
-3.96088 2.6
-3.96064 2.6
-3.9604 2.7
-3.96015 2.7
-3.95991 2.7
-3.95966 2.8
-3.95942 2.8
-3.95918 2.8
-3.95893 2.8
-3.95869 2.8
-3.95844 2.8
-3.9582 2.8
-3.95795 2.8
-3.95771 2.8
-3.95747 2.8
-3.95722 2.8
-3.95698 2.8
-3.95673 2.8
-3.95649 2.7
-3.95625 2.7
-3.956 2.7
-3.95576 2.6
-3.95551 2.6
-3.95527 2.5
-3.95502 2.5
-3.95478 2.4
-3.95454 2.3
-3.95429 2.3
-3.95405 2.2
-3.9538 2.1
-3.95356 2.1
-3.95332 2.0
-3.95307 1.9
-3.95283 1.8
-3.95258 1.7
-3.95234 1.7
-3.9521 1.6
-3.95185 1.5
-3.95161 1.4
-3.95136 1.3
-3.95112 1.2
-3.95087 1.1
-3.95063 1.0
-3.95039 0.9
-3.95014 0.8
-3.9499 0.6
-3.94965 0.5
-3.94941 0.4
-3.94917 0.3
-3.94892 0.2
-3.94868 0.0
-3.94843 0.0
-3.94819 -0.1
-3.94794 -0.2
-3.9477 -0.4
-3.94746 -0.5
-3.94721 -0.6
-3.94697 -0.7
-3.94672 -0.8
-3.94648 -0.9
-3.94624 -1.0
-3.94599 -1.1
-3.94575 -1.2
-3.9455 -1.3
-3.94526 -1.4
-3.94501 -1.5
-3.94477 -1.6
-3.94453 -1.7
-3.94428 -1.8
-3.94404 -1.9
-3.94379 -1.9
-3.94355 -2.0
-3.94331 -2.1
-3.94306 -2.2
-3.94282 -2.2
-3.94257 -2.3
-3.94233 -2.4
-3.94209 -2.4
-3.94184 -2.5
-3.9416 -2.5
-3.94135 -2.6
-3.94111 -2.6
-3.94086 -2.7
-3.94062 -2.7
-3.94038 -2.7
-3.94013 -2.8
-3.93989 -2.8
-3.93964 -2.8
-3.9394 -2.8
-3.93916 -2.8
-3.93891 -2.8
-3.93867 -2.8
-3.93842 -2.8
-3.93818 -2.8
-3.93793 -2.8
-3.93769 -2.8
-3.93745 -2.8
-3.9372 -2.8
-3.93696 -2.7
-3.93671 -2.7
-3.93647 -2.7
-3.93623 -2.6
-3.93598 -2.6
-3.93574 -2.5
-3.93549 -2.5
-3.93525 -2.4
-3.93501 -2.4
-3.93476 -2.3
-3.93452 -2.2
-3.93427 -2.2
-3.93403 -2.1
-3.93378 -2.0
-3.93354 -1.9
-3.9333 -1.8
-3.93305 -1.8
-3.93281 -1.7
-3.93256 -1.6
-3.93232 -1.5
-3.93208 -1.4
-3.93183 -1.3
-3.93159 -1.2
-3.93134 -1.1
-3.9311 -1.0
-3.93085 -0.9
-3.93061 -0.8
-3.93037 -0.7
-3.93012 -0.6
-3.92988 -0.4
-3.92963 -0.3
-3.92939 -0.2
-3.92915 -0.1
-3.9289 0.0
-3.92866 0.1
-3.92841 0.2
-3.92817 0.3
-3.92793 0.4
-3.92768 0.6
-3.92744 0.7
-3.92719 0.8
-3.92695 0.9
-3.9267 1.0
-3.92646 1.1
-3.92622 1.2
-3.92597 1.3
-3.92573 1.4
-3.92548 1.5
-3.92524 1.6
-3.925 1.7
-3.92475 1.8
-3.92451 1.9
-3.92426 1.9
-3.92402 2.0
-3.92377 2.1
-3.92353 2.2
-3.92329 2.2
-3.92304 2.3
-3.9228 2.4
-3.92255 2.4
-3.92231 2.5
-3.92207 2.5
-3.92182 2.6
-3.92158 2.6
-3.92133 2.7
-3.92109 2.7
-3.92085 2.7
-3.9206 2.8
-3.92036 2.8
-3.92011 2.8
-3.91987 2.8
-3.91962 2.8
-3.91938 2.9
-3.91914 2.9
-3.91889 2.9
-3.91865 2.8
-3.9184 2.8
-3.91816 2.8
-3.91792 2.8
-3.91767 2.8
-3.91743 2.7
-3.91718 2.7
-3.91694 2.7
-3.91669 2.6
-3.91645 2.6
-3.91621 2.5
-3.91596 2.5
-3.91572 2.4
-3.91547 2.4
-3.91523 2.3
-3.91499 2.2
-3.91474 2.2
-3.9145 2.1
-3.91425 2.0
-3.91401 1.9
-3.91376 1.9
-3.91352 1.8
-3.91328 1.7
-3.91303 1.6
-3.91279 1.5
-3.91254 1.4
-3.9123 1.3
-3.91206 1.2
-3.91181 1.1
-3.91157 1.0
-3.91132 0.9
-3.91108 0.8
-3.91084 0.7
-3.91059 0.6
-3.91035 0.4
-3.9101 0.3
-3.90986 0.2
-3.90961 0.1
-3.90937 0.0
-3.90913 -0.1
-3.90888 -0.2
-3.90864 -0.3
-3.90839 -0.4
-3.90815 -0.6
-3.90791 -0.7
-3.90766 -0.8
-3.90742 -0.9
-3.90717 -1.0
-3.90693 -1.1
-3.90668 -1.2
-3.90644 -1.3
-3.9062 -1.4
-3.90595 -1.5
-3.90571 -1.6
-3.90546 -1.7
-3.90522 -1.8
-3.90498 -1.9
-3.90473 -1.9
-3.90449 -2.0
-3.90424 -2.1
-3.904 -2.2
-3.90376 -2.2
-3.90351 -2.3
-3.90327 -2.4
-3.90302 -2.4
-3.90278 -2.5
-3.90253 -2.5
-3.90229 -2.6
-3.90205 -2.6
-3.9018 -2.7
-3.90156 -2.7
-3.90131 -2.7
-3.90107 -2.8
-3.90083 -2.8
-3.90058 -2.8
-3.90034 -2.8
-3.90009 -2.8
-3.89985 -2.9
-3.8996 -2.9
-3.89936 -2.9
-3.89912 -2.8
-3.89887 -2.8
-3.89863 -2.8
-3.89838 -2.8
-3.89814 -2.8
-3.8979 -2.7
-3.89765 -2.7
-3.89741 -2.7
-3.89716 -2.6
-3.89692 -2.6
-3.89668 -2.5
-3.89643 -2.5
-3.89619 -2.4
-3.89594 -2.4
-3.8957 -2.3
-3.89545 -2.2
-3.89521 -2.2
-3.89497 -2.1
-3.89472 -2.0
-3.89448 -1.9
-3.89423 -1.9
-3.89399 -1.8
-3.89375 -1.7
-3.8935 -1.6
-3.89326 -1.5
-3.89301 -1.4
-3.89277 -1.3
-3.89252 -1.2
-3.89228 -1.1
-3.89204 -1.0
-3.89179 -0.9
-3.89155 -0.8
-3.8913 -0.7
-3.89106 -0.5
-3.89082 -0.4
-3.89057 -0.3
-3.89033 -0.2
-3.89008 -0.1
-3.88984 0.0
-3.8896 0.1
-3.88935 0.2
-3.88911 0.3
-3.88886 0.5
-3.88862 0.6
-3.88837 0.7
-3.88813 0.8
-3.88789 0.9
-3.88764 1.0
-3.8874 1.1
-3.88715 1.2
-3.88691 1.3
-3.88667 1.4
-3.88642 1.5
-3.88618 1.6
-3.88593 1.7
-3.88569 1.8
-3.88544 1.9
-3.8852 2.0
-3.88496 2.0
-3.88471 2.1
-3.88447 2.2
-3.88422 2.3
-3.88398 2.3
-3.88374 2.4
-3.88349 2.4
-3.88325 2.5
-3.883 2.6
-3.88276 2.6
-3.88251 2.6
-3.88227 2.7
-3.88203 2.7
-3.88178 2.8
-3.88154 2.8
-3.88129 2.8
-3.88105 2.8
-3.88081 2.8
-3.88056 2.9
-3.88032 2.9
-3.88007 2.9
-3.87983 2.9
-3.87959 2.8
-3.87934 2.8
-3.8791 2.8
-3.87885 2.8
-3.87861 2.8
-3.87836 2.7
-3.87812 2.7
-3.87788 2.7
-3.87763 2.6
-3.87739 2.6
-3.87714 2.5
-3.8769 2.5
-3.87666 2.4
-3.87641 2.4
-3.87617 2.3
-3.87592 2.2
-3.87568 2.2
-3.87543 2.1
-3.87519 2.0
-3.87495 1.9
-3.8747 1.8
-3.87446 1.7
-3.87421 1.7
-3.87397 1.6
-3.87373 1.5
-3.87348 1.4
-3.87324 1.3
-3.87299 1.2
-3.87275 1.1
-3.87251 1.0
-3.87226 0.8
-3.87202 0.7
-3.87177 0.6
-3.87153 0.5
-3.87128 0.4
-3.87104 0.3
-3.8708 0.2
-3.87055 0.0
-3.87031 0.0
-3.87006 -0.2
-3.86982 -0.3
-3.86958 -0.4
-3.86933 -0.5
-3.86909 -0.6
-3.86884 -0.7
-3.8686 -0.8
-3.86835 -0.9
-3.86811 -1.0
-3.86787 -1.1
-3.86762 -1.2
-3.86738 -1.3
-3.86713 -1.4
-3.86689 -1.5
-3.86665 -1.6
-3.8664 -1.7
-3.86616 -1.8
-3.86591 -1.9
-3.86567 -2.0
-3.86543 -2.1
-3.86518 -2.1
-3.86494 -2.2
-3.86469 -2.3
-3.86445 -2.3
-3.8642 -2.4
-3.86396 -2.5
-3.86372 -2.5
-3.86347 -2.6
-3.86323 -2.6
-3.86298 -2.7
-3.86274 -2.7
-3.8625 -2.7
-3.86225 -2.8
-3.86201 -2.8
-3.86176 -2.8
-3.86152 -2.8
-3.86127 -2.8
-3.86103 -2.9
-3.86079 -2.9
-3.86054 -2.9
-3.8603 -2.9
-3.86005 -2.8
-3.85981 -2.8
-3.85957 -2.8
-3.85932 -2.8
-3.85908 -2.8
-3.85883 -2.7
-3.85859 -2.7
-3.85835 -2.7
-3.8581 -2.6
-3.85786 -2.6
-3.85761 -2.5
-3.85737 -2.5
-3.85712 -2.4
-3.85688 -2.3
-3.85664 -2.3
-3.85639 -2.2
-3.85615 -2.1
-3.8559 -2.1
-3.85566 -2.0
-3.85542 -1.9
-3.85517 -1.8
-3.85493 -1.7
-3.85468 -1.6
-3.85444 -1.5
-3.85419 -1.4
-3.85395 -1.3
-3.85371 -1.2
-3.85346 -1.1
-3.85322 -1.0
-3.85297 -0.9
-3.85273 -0.8
-3.85249 -0.7
-3.85224 -0.6
-3.852 -0.5
-3.85175 -0.4
-3.85151 -0.3
-3.85126 -0.1
-3.85102 0.0
-3.85078 0.0
-3.85053 0.2
-3.85029 0.3
-3.85004 0.4
-3.8498 0.5
-3.84956 0.6
-3.84931 0.8
-3.84907 0.9
-3.84882 1.0
-3.84858 1.1
-3.84834 1.2
-3.84809 1.3
-3.84785 1.4
-3.8476 1.5
-3.84736 1.6
-3.84711 1.7
-3.84687 1.8
-3.84663 1.9
-3.84638 1.9
-3.84614 2.0
-3.84589 2.1
-3.84565 2.2
-3.84541 2.2
-3.84516 2.3
-3.84492 2.4
-3.84467 2.4
-3.84443 2.5
-3.84418 2.6
-3.84394 2.6
-3.8437 2.6
-3.84345 2.7
-3.84321 2.7
-3.84296 2.8
-3.84272 2.8
-3.84248 2.8
-3.84223 2.8
-3.84199 2.8
-3.84174 2.9
-3.8415 2.9
-3.84126 2.9
-3.84101 2.9
-3.84077 2.9
-3.84052 2.8
-3.84028 2.8
-3.84003 2.8
-3.83979 2.8
-3.83955 2.8
-3.8393 2.7
-3.83906 2.7
-3.83881 2.6
-3.83857 2.6
-3.83833 2.5
-3.83808 2.5
-3.83784 2.4
-3.83759 2.4
-3.83735 2.3
-3.8371 2.2
-3.83686 2.2
-3.83662 2.1
-3.83637 2.0
-3.83613 1.9
-3.83588 1.8
-3.83564 1.8
-3.8354 1.7
-3.83515 1.6
-3.83491 1.5
-3.83466 1.4
-3.83442 1.3
-3.83418 1.2
-3.83393 1.1
-3.83369 1.0
-3.83344 0.9
-3.8332 0.7
-3.83295 0.6
-3.83271 0.5
-3.83247 0.4
-3.83222 0.3
-3.83198 0.2
-3.83173 0.0
-3.83149 0.0
-3.83125 -0.2
-3.831 -0.3
-3.83076 -0.4
-3.83051 -0.5
-3.83027 -0.6
-3.83002 -0.7
-3.82978 -0.8
-3.82954 -0.9
-3.82929 -1.0
-3.82905 -1.1
-3.8288 -1.2
-3.82856 -1.3
-3.82832 -1.4
-3.82807 -1.5
-3.82783 -1.6
-3.82758 -1.7
-3.82734 -1.8
-3.8271 -1.9
-3.82685 -2.0
-3.82661 -2.1
-3.82636 -2.1
-3.82612 -2.2
-3.82587 -2.3
-3.82563 -2.4
-3.82539 -2.4
-3.82514 -2.5
-3.8249 -2.5
-3.82465 -2.6
-3.82441 -2.6
-3.82417 -2.7
-3.82392 -2.7
-3.82368 -2.7
-3.82343 -2.8
-3.82319 -2.8
-3.82294 -2.8
-3.8227 -2.8
-3.82246 -2.9
-3.82221 -2.9
-3.82197 -2.9
-3.82172 -2.9
-3.82148 -2.9
-3.82124 -2.9
-3.82099 -2.8
-3.82075 -2.8
-3.8205 -2.8
-3.82026 -2.8
-3.82001 -2.7
-3.81977 -2.7
-3.81953 -2.7
-3.81928 -2.6
-3.81904 -2.6
-3.81879 -2.5
-3.81855 -2.5
-3.81831 -2.4
-3.81806 -2.3
-3.81782 -2.3
-3.81757 -2.2
-3.81733 -2.1
-3.81709 -2.0
-3.81684 -2.0
-3.8166 -1.9
-3.81635 -1.8
-3.81611 -1.7
-3.81586 -1.6
-3.81562 -1.5
-3.81538 -1.4
-3.81513 -1.3
-3.81489 -1.2
-3.81464 -1.1
-3.8144 -1.0
-3.81416 -0.9
-3.81391 -0.8
-3.81367 -0.7
-3.81342 -0.6
-3.81318 -0.5
-3.81293 -0.3
-3.81269 -0.2
-3.81245 -0.1
-3.8122 0.0
-3.81196 0.1
-3.81171 0.2
-3.81147 0.3
-3.81123 0.5
-3.81098 0.6
-3.81074 0.7
-3.81049 0.8
-3.81025 0.9
-3.81001 1.0
-3.80976 1.1
-3.80952 1.2
-3.80927 1.3
-3.80903 1.4
-3.80878 1.5
-3.80854 1.6
-3.8083 1.7
-3.80805 1.8
-3.80781 1.9
-3.80756 2.0
-3.80732 2.0
-3.80708 2.1
-3.80683 2.2
-3.80659 2.3
-3.80634 2.3
-3.8061 2.4
-3.80585 2.5
-3.80561 2.5
-3.80537 2.6
-3.80512 2.6
-3.80488 2.7
-3.80463 2.7
-3.80439 2.7
-3.80415 2.8
-3.8039 2.8
-3.80366 2.8
-3.80341 2.8
-3.80317 2.9
-3.80293 2.9
-3.80268 2.9
-3.80244 2.9
-3.80219 2.9
-3.80195 2.9
-3.8017 2.8
-3.80146 2.8
-3.80122 2.8
-3.80097 2.8
-3.80073 2.7
-3.80048 2.7
-3.80024 2.7
-3.8 2.6
-3.79975 2.6
-3.79951 2.5
-3.79926 2.5
-3.79902 2.4
-3.79877 2.4
-3.79853 2.3
-3.79829 2.2
-3.79804 2.1
-3.7978 2.1
-3.79755 2.0
-3.79731 1.9
-3.79707 1.8
-3.79682 1.7
-3.79658 1.6
-3.79633 1.5
-3.79609 1.4
-3.79585 1.3
-3.7956 1.2
-3.79536 1.1
-3.79511 1.0
-3.79487 0.9
-3.79462 0.8
-3.79438 0.7
-3.79414 0.6
-3.79389 0.5
-3.79365 0.4
-3.7934 0.2
-3.79316 0.1
-3.79292 0.0
-3.79267 -0.1
-3.79243 -0.2
-3.79218 -0.3
-3.79194 -0.4
-3.79169 -0.6
-3.79145 -0.7
-3.79121 -0.8
-3.79096 -0.9
-3.79072 -1.0
-3.79047 -1.1
-3.79023 -1.2
-3.78999 -1.3
-3.78974 -1.4
-3.7895 -1.5
-3.78925 -1.6
-3.78901 -1.7
-3.78876 -1.8
-3.78852 -1.9
-3.78828 -2.0
-3.78803 -2.0
-3.78779 -2.1
-3.78754 -2.2
-3.7873 -2.3
-3.78706 -2.3
-3.78681 -2.4
-3.78657 -2.5
-3.78632 -2.5
-3.78608 -2.6
-3.78584 -2.6
-3.78559 -2.7
-3.78535 -2.7
-3.7851 -2.7
-3.78486 -2.8
-3.78461 -2.8
-3.78437 -2.8
-3.78413 -2.8
-3.78388 -2.9
-3.78364 -2.9
-3.78339 -2.9
-3.78315 -2.9
-3.78291 -2.9
-3.78266 -2.9
-3.78242 -2.9
-3.78217 -2.8
-3.78193 -2.8
-3.78168 -2.8
-3.78144 -2.8
-3.7812 -2.7
-3.78095 -2.7
-3.78071 -2.6
-3.78046 -2.6
-3.78022 -2.5
-3.77998 -2.5
-3.77973 -2.4
-3.77949 -2.4
-3.77924 -2.3
-3.779 -2.2
-3.77876 -2.1
-3.77851 -2.1
-3.77827 -2.0
-3.77802 -1.9
-3.77778 -1.8
-3.77753 -1.7
-3.77729 -1.6
-3.77705 -1.5
-3.7768 -1.4
-3.77656 -1.3
-3.77631 -1.2
-3.77607 -1.1
-3.77583 -1.0
-3.77558 -0.9
-3.77534 -0.8
-3.77509 -0.7
-3.77485 -0.6
-3.7746 -0.5
-3.77436 -0.4
-3.77412 -0.2
-3.77387 -0.1
-3.77363 0.0
-3.77338 0.1
-3.77314 0.2
-3.7729 0.3
-3.77265 0.4
-3.77241 0.6
-3.77216 0.7
-3.77192 0.8
-3.77168 0.9
-3.77143 1.0
-3.77119 1.1
-3.77094 1.2
-3.7707 1.3
-3.77045 1.4
-3.77021 1.5
-3.76997 1.6
-3.76972 1.7
-3.76948 1.8
-3.76923 1.9
-3.76899 2.0
-3.76875 2.0
-3.7685 2.1
-3.76826 2.2
-3.76801 2.3
-3.76777 2.3
-3.76752 2.4
-3.76728 2.5
-3.76704 2.5
-3.76679 2.6
-3.76655 2.6
-3.7663 2.7
-3.76606 2.7
-3.76582 2.7
-3.76557 2.8
-3.76533 2.8
-3.76508 2.8
-3.76484 2.9
-3.7646 2.9
-3.76435 2.9
-3.76411 2.9
-3.76386 2.9
-3.76362 2.9
-3.76337 2.9
-3.76313 2.9
-3.76289 2.8
-3.76264 2.8
-3.7624 2.8
-3.76215 2.8
-3.76191 2.7
-3.76167 2.7
-3.76142 2.6
-3.76118 2.6
-3.76093 2.5
-3.76069 2.5
-3.76044 2.4
-3.7602 2.4
-3.75996 2.3
-3.75971 2.2
-3.75947 2.1
-3.75922 2.1
-3.75898 2.0
-3.75874 1.9
-3.75849 1.8
-3.75825 1.7
-3.758 1.6
-3.75776 1.5
-3.75751 1.4
-3.75727 1.3
-3.75703 1.2
-3.75678 1.1
-3.75654 1.0
-3.75629 0.9
-3.75605 0.8
-3.75581 0.7
-3.75556 0.6
-3.75532 0.5
-3.75507 0.3
-3.75483 0.2
-3.75459 0.1
-3.75434 0.0
-3.7541 -0.1
-3.75385 -0.2
-3.75361 -0.3
-3.75336 -0.5
-3.75312 -0.6
-3.75288 -0.7
-3.75263 -0.8
-3.75239 -0.9
-3.75214 -1.0
-3.7519 -1.1
-3.75166 -1.2
-3.75141 -1.3
-3.75117 -1.4
-3.75092 -1.5
-3.75068 -1.6
-3.75043 -1.7
-3.75019 -1.8
-3.74995 -1.9
-3.7497 -2.0
-3.74946 -2.1
-3.74921 -2.1
-3.74897 -2.2
-3.74873 -2.3
-3.74848 -2.4
-3.74824 -2.4
-3.74799 -2.5
-3.74775 -2.5
-3.74751 -2.6
-3.74726 -2.6
-3.74702 -2.7
-3.74677 -2.7
-3.74653 -2.8
-3.74628 -2.8
-3.74604 -2.8
-3.7458 -2.8
-3.74555 -2.9
-3.74531 -2.9
-3.74506 -2.9
-3.74482 -2.9
-3.74458 -2.9
-3.74433 -2.9
-3.74409 -2.9
-3.74384 -2.9
-3.7436 -2.8
-3.74335 -2.8
-3.74311 -2.8
-3.74287 -2.8
-3.74262 -2.7
-3.74238 -2.7
-3.74213 -2.6
-3.74189 -2.6
-3.74165 -2.5
-3.7414 -2.5
-3.74116 -2.4
-3.74091 -2.3
-3.74067 -2.3
-3.74043 -2.2
-3.74018 -2.1
-3.73994 -2.0
-3.73969 -2.0
-3.73945 -1.9
-3.7392 -1.8
-3.73896 -1.7
-3.73872 -1.6
-3.73847 -1.5
-3.73823 -1.4
-3.73798 -1.3
-3.73774 -1.2
-3.7375 -1.1
-3.73725 -1.0
-3.73701 -0.9
-3.73676 -0.8
-3.73652 -0.6
-3.73627 -0.5
-3.73603 -0.4
-3.73579 -0.3
-3.73554 -0.2
-3.7353 0.0
-3.73505 0.0
-3.73481 0.2
-3.73457 0.3
-3.73432 0.4
-3.73408 0.5
-3.73383 0.6
-3.73359 0.7
-3.73335 0.8
-3.7331 0.9
-3.73286 1.1
-3.73261 1.2
-3.73237 1.3
-3.73212 1.4
-3.73188 1.5
-3.73164 1.6
-3.73139 1.7
-3.73115 1.8
-3.7309 1.8
-3.73066 1.9
-3.73042 2.0
-3.73017 2.1
-3.72993 2.2
-3.72968 2.2
-3.72944 2.3
-3.72919 2.4
-3.72895 2.4
-3.72871 2.5
-3.72846 2.6
-3.72822 2.6
-3.72797 2.7
-3.72773 2.7
-3.72749 2.7
-3.72724 2.8
-3.727 2.8
-3.72675 2.8
-3.72651 2.9
-3.72626 2.9
-3.72602 2.9
-3.72578 2.9
-3.72553 2.9
-3.72529 2.9
-3.72504 2.9
-3.7248 2.9
-3.72456 2.9
-3.72431 2.8
-3.72407 2.8
-3.72382 2.8
-3.72358 2.7
-3.72334 2.7
-3.72309 2.7
-3.72285 2.6
-3.7226 2.6
-3.72236 2.5
-3.72211 2.4
-3.72187 2.4
-3.72163 2.3
-3.72138 2.2
-3.72114 2.2
-3.72089 2.1
-3.72065 2.0
-3.72041 1.9
-3.72016 1.8
-3.71992 1.7
-3.71967 1.7
-3.71943 1.6
-3.71918 1.5
-3.71894 1.4
-3.7187 1.3
-3.71845 1.2
-3.71821 1.0
-3.71796 0.9
-3.71772 0.8
-3.71748 0.7
-3.71723 0.6
-3.71699 0.5
-3.71674 0.4
-3.7165 0.3
-3.71626 0.1
-3.71601 0.0
-3.71577 0.0
-3.71552 -0.2
-3.71528 -0.3
-3.71503 -0.4
-3.71479 -0.5
-3.71455 -0.7
-3.7143 -0.8
-3.71406 -0.9
-3.71381 -1.0
-3.71357 -1.1
-3.71333 -1.2
-3.71308 -1.3
-3.71284 -1.4
-3.71259 -1.5
-3.71235 -1.6
-3.7121 -1.7
-3.71186 -1.8
-3.71162 -1.9
-3.71137 -2.0
-3.71113 -2.1
-3.71088 -2.1
-3.71064 -2.2
-3.7104 -2.3
-3.71015 -2.4
-3.70991 -2.4
-3.70966 -2.5
-3.70942 -2.5
-3.70918 -2.6
-3.70893 -2.6
-3.70869 -2.7
-3.70844 -2.7
-3.7082 -2.8
-3.70795 -2.8
-3.70771 -2.8
-3.70747 -2.8
-3.70722 -2.9
-3.70698 -2.9
-3.70673 -2.9
-3.70649 -2.9
-3.70625 -2.9
-3.706 -2.9
-3.70576 -2.9
-3.70551 -2.9
-3.70527 -2.8
-3.70502 -2.8
-3.70478 -2.8
-3.70454 -2.8
-3.70429 -2.7
-3.70405 -2.7
-3.7038 -2.6
-3.70356 -2.6
-3.70332 -2.5
-3.70307 -2.5
-3.70283 -2.4
-3.70258 -2.3
-3.70234 -2.3
-3.7021 -2.2
-3.70185 -2.1
-3.70161 -2.0
-3.70136 -2.0
-3.70112 -1.9
-3.70087 -1.8
-3.70063 -1.7
-3.70039 -1.6
-3.70014 -1.5
-3.6999 -1.4
-3.69965 -1.3
-3.69941 -1.2
-3.69917 -1.1
-3.69892 -1.0
-3.69868 -0.9
-3.69843 -0.8
-3.69819 -0.6
-3.69794 -0.5
-3.6977 -0.4
-3.69746 -0.3
-3.69721 -0.2
-3.69697 0.0
-3.69672 0.0
-3.69648 0.2
-3.69624 0.3
-3.69599 0.4
-3.69575 0.5
-3.6955 0.6
-3.69526 0.7
-3.69501 0.8
-3.69477 1.0
-3.69453 1.1
-3.69428 1.2
-3.69404 1.3
-3.69379 1.4
-3.69355 1.5
-3.69331 1.6
-3.69306 1.7
-3.69282 1.8
-3.69257 1.9
-3.69233 1.9
-3.69209 2.0
-3.69184 2.1
-3.6916 2.2
-3.69135 2.3
-3.69111 2.3
-3.69086 2.4
-3.69062 2.5
-3.69038 2.5
-3.69013 2.6
-3.68989 2.6
-3.68964 2.7
-3.6894 2.7
-3.68916 2.8
-3.68891 2.8
-3.68867 2.8
-3.68842 2.8
-3.68818 2.9
-3.68793 2.9
-3.68769 2.9
-3.68745 2.9
-3.6872 2.9
-3.68696 2.9
-3.68671 2.9
-3.68647 2.9
-3.68623 2.9
-3.68598 2.8
-3.68574 2.8
-3.68549 2.8
-3.68525 2.7
-3.68501 2.7
-3.68476 2.7
-3.68452 2.6
-3.68427 2.6
-3.68403 2.5
-3.68378 2.4
-3.68354 2.4
-3.6833 2.3
-3.68305 2.2
-3.68281 2.2
-3.68256 2.1
-3.68232 2.0
-3.68208 1.9
-3.68183 1.8
-3.68159 1.7
-3.68134 1.6
-3.6811 1.5
-3.68085 1.4
-3.68061 1.3
-3.68037 1.2
-3.68012 1.1
-3.67988 1.0
-3.67963 0.9
-3.67939 0.8
-3.67915 0.7
-3.6789 0.6
-3.67866 0.5
-3.67841 0.3
-3.67817 0.2
-3.67793 0.1
-3.67768 0.0
-3.67744 -0.1
-3.67719 -0.2
-3.67695 -0.4
-3.6767 -0.5
-3.67646 -0.6
-3.67622 -0.7
-3.67597 -0.8
-3.67573 -0.9
-3.67548 -1.0
-3.67524 -1.1
-3.675 -1.2
-3.67475 -1.4
-3.67451 -1.5
-3.67426 -1.6
-3.67402 -1.7
-3.67377 -1.7
-3.67353 -1.8
-3.67329 -1.9
-3.67304 -2.0
-3.6728 -2.1
-3.67255 -2.2
-3.67231 -2.2
-3.67207 -2.3
-3.67182 -2.4
-3.67158 -2.5
-3.67133 -2.5
-3.67109 -2.6
-3.67085 -2.6
-3.6706 -2.7
-3.67036 -2.7
-3.67011 -2.7
-3.66987 -2.8
-3.66962 -2.8
-3.66938 -2.8
-3.66914 -2.9
-3.66889 -2.9
-3.66865 -2.9
-3.6684 -2.9
-3.66816 -2.9
-3.66792 -2.9
-3.66767 -2.9
-3.66743 -2.9
-3.66718 -2.9
-3.66694 -2.8
-3.66669 -2.8
-3.66645 -2.8
-3.66621 -2.7
-3.66596 -2.7
-3.66572 -2.7
-3.66547 -2.6
-3.66523 -2.6
-3.66499 -2.5
-3.66474 -2.4
-3.6645 -2.4
-3.66425 -2.3
-3.66401 -2.2
-3.66376 -2.2
-3.66352 -2.1
-3.66328 -2.0
-3.66303 -1.9
-3.66279 -1.8
-3.66254 -1.7
-3.6623 -1.6
-3.66206 -1.5
-3.66181 -1.4
-3.66157 -1.3
-3.66132 -1.2
-3.66108 -1.1
-3.66084 -1.0
-3.66059 -0.9
-3.66035 -0.8
-3.6601 -0.7
-3.65986 -0.6
-3.65961 -0.5
-3.65937 -0.4
-3.65913 -0.2
-3.65888 -0.1
-3.65864 0.0
-3.65839 0.1
-3.65815 0.2
-3.65791 0.3
-3.65766 0.5
-3.65742 0.6
-3.65717 0.7
-3.65693 0.8
-3.65668 0.9
-3.65644 1.0
-3.6562 1.1
-3.65595 1.2
-3.65571 1.3
-3.65546 1.4
-3.65522 1.5
-3.65498 1.6
-3.65473 1.7
-3.65449 1.8
-3.65424 1.9
-3.654 2.0
-3.65376 2.1
-3.65351 2.2
-3.65327 2.2
-3.65302 2.3
-3.65278 2.4
-3.65253 2.5
-3.65229 2.5
-3.65205 2.6
-3.6518 2.6
-3.65156 2.7
-3.65131 2.7
-3.65107 2.8
-3.65083 2.8
-3.65058 2.8
-3.65034 2.8
-3.65009 2.9
-3.64985 2.9
-3.6496 2.9
-3.64936 2.9
-3.64912 2.9
-3.64887 2.9
-3.64863 2.9
-3.64838 2.9
-3.64814 2.9
-3.6479 2.8
-3.64765 2.8
-3.64741 2.8
-3.64716 2.8
-3.64692 2.7
-3.64668 2.7
-3.64643 2.6
-3.64619 2.6
-3.64594 2.5
-3.6457 2.5
-3.64545 2.4
-3.64521 2.3
-3.64497 2.2
-3.64472 2.2
-3.64448 2.1
-3.64423 2.0
-3.64399 1.9
-3.64375 1.8
-3.6435 1.7
-3.64326 1.6
-3.64301 1.6
-3.64277 1.5
-3.64252 1.3
-3.64228 1.2
-3.64204 1.1
-3.64179 1.0
-3.64155 0.9
-3.6413 0.8
-3.64106 0.7
-3.64082 0.6
-3.64057 0.5
-3.64033 0.3
-3.64008 0.2
-3.63984 0.1
-3.6396 0.0
-3.63935 -0.1
-3.63911 -0.2
-3.63886 -0.4
-3.63862 -0.5
-3.63837 -0.6
-3.63813 -0.7
-3.63789 -0.8
-3.63764 -0.9
-3.6374 -1.0
-3.63715 -1.1
-3.63691 -1.2
-3.63667 -1.4
-3.63642 -1.5
-3.63618 -1.6
-3.63593 -1.7
-3.63569 -1.7
-3.63544 -1.8
-3.6352 -1.9
-3.63496 -2.0
-3.63471 -2.1
-3.63447 -2.2
-3.63422 -2.3
-3.63398 -2.3
-3.63374 -2.4
-3.63349 -2.5
-3.63325 -2.5
-3.633 -2.6
-3.63276 -2.6
-3.63251 -2.7
-3.63227 -2.7
-3.63203 -2.8
-3.63178 -2.8
-3.63154 -2.8
-3.63129 -2.8
-3.63105 -2.9
-3.63081 -2.9
-3.63056 -2.9
-3.63032 -2.9
-3.63007 -2.9
-3.62983 -2.9
-3.62959 -2.9
-3.62934 -2.9
-3.6291 -2.9
-3.62885 -2.8
-3.62861 -2.8
-3.62836 -2.8
-3.62812 -2.8
-3.62788 -2.7
-3.62763 -2.7
-3.62739 -2.6
-3.62714 -2.6
-3.6269 -2.5
-3.62666 -2.4
-3.62641 -2.4
-3.62617 -2.3
-3.62592 -2.2
-3.62568 -2.2
-3.62543 -2.1
-3.62519 -2.0
-3.62495 -1.9
-3.6247 -1.8
-3.62446 -1.7
-3.62421 -1.6
-3.62397 -1.5
-3.62373 -1.4
-3.62348 -1.3
-3.62324 -1.2
-3.62299 -1.1
-3.62275 -1.0
-3.62251 -0.9
-3.62226 -0.8
-3.62202 -0.7
-3.62177 -0.6
-3.62153 -0.4
-3.62128 -0.3
-3.62104 -0.2
-3.6208 0.0
-3.62055 0.0
-3.62031 0.1
-3.62006 0.3
-3.61982 0.4
-3.61958 0.5
-3.61933 0.6
-3.61909 0.7
-3.61884 0.8
-3.6186 0.9
-3.61835 1.1
-3.61811 1.2
-3.61787 1.3
-3.61762 1.4
-3.61738 1.5
-3.61713 1.6
-3.61689 1.7
-3.61665 1.8
-3.6164 1.9
-3.61616 2.0
-3.61591 2.0
-3.61567 2.1
-3.61543 2.2
-3.61518 2.3
-3.61494 2.3
-3.61469 2.4
-3.61445 2.5
-3.6142 2.5
-3.61396 2.6
-3.61372 2.6
-3.61347 2.7
-3.61323 2.7
-3.61298 2.8
-3.61274 2.8
-3.6125 2.8
-3.61225 2.9
-3.61201 2.9
-3.61176 2.9
-3.61152 2.9
-3.61127 2.9
-3.61103 2.9
-3.61079 2.9
-3.61054 2.9
-3.6103 2.9
-3.61005 2.9
-3.60981 2.8
-3.60957 2.8
-3.60932 2.8
-3.60908 2.7
-3.60883 2.7
-3.60859 2.7
-3.60835 2.6
-3.6081 2.6
-3.60786 2.5
-3.60761 2.4
-3.60737 2.4
-3.60712 2.3
-3.60688 2.2
-3.60664 2.1
-3.60639 2.1
-3.60615 2.0
-3.6059 1.9
-3.60566 1.8
-3.60542 1.7
-3.60517 1.6
-3.60493 1.5
-3.60468 1.4
-3.60444 1.3
-3.60419 1.2
-3.60395 1.1
-3.60371 1.0
-3.60346 0.9
-3.60322 0.8
-3.60297 0.6
-3.60273 0.5
-3.60249 0.4
-3.60224 0.3
-3.602 0.2
-3.60175 0.0
-3.60151 0.0
-3.60126 -0.2
-3.60102 -0.3
-3.60078 -0.4
-3.60053 -0.5
-3.60029 -0.6
-3.60004 -0.8
-3.5998 -0.9
-3.59956 -1.0
-3.59931 -1.1
-3.59907 -1.2
-3.59882 -1.3
-3.59858 -1.4
-3.59834 -1.5
-3.59809 -1.6
-3.59785 -1.7
-3.5976 -1.8
-3.59736 -1.9
-3.59711 -2.0
-3.59687 -2.1
-3.59663 -2.2
-3.59638 -2.2
-3.59614 -2.3
-3.59589 -2.4
-3.59565 -2.4
-3.59541 -2.5
-3.59516 -2.6
-3.59492 -2.6
-3.59467 -2.7
-3.59443 -2.7
-3.59418 -2.8
-3.59394 -2.8
-3.5937 -2.8
-3.59345 -2.8
-3.59321 -2.9
-3.59296 -2.9
-3.59272 -2.9
-3.59248 -2.9
-3.59223 -2.9
-3.59199 -2.9
-3.59174 -2.9
-3.5915 -2.9
-3.59126 -2.9
-3.59101 -2.9
-3.59077 -2.8
-3.59052 -2.8
-3.59028 -2.8
-3.59003 -2.7
-3.58979 -2.7
-3.58955 -2.6
-3.5893 -2.6
-3.58906 -2.5
-3.58881 -2.5
-3.58857 -2.4
-3.58833 -2.3
-3.58808 -2.3
-3.58784 -2.2
-3.58759 -2.1
-3.58735 -2.0
-3.5871 -1.9
-3.58686 -1.8
-3.58662 -1.8
-3.58637 -1.7
-3.58613 -1.6
-3.58588 -1.5
-3.58564 -1.4
-3.5854 -1.3
-3.58515 -1.1
-3.58491 -1.0
-3.58466 -0.9
-3.58442 -0.8
-3.58418 -0.7
-3.58393 -0.6
-3.58369 -0.5
-3.58344 -0.3
-3.5832 -0.2
-3.58295 -0.1
-3.58271 0.0
-3.58247 0.1
-3.58222 0.2
-3.58198 0.4
-3.58173 0.5
-3.58149 0.6
-3.58125 0.7
-3.581 0.8
-3.58076 0.9
-3.58051 1.0
-3.58027 1.2
-3.58002 1.3
-3.57978 1.4
-3.57954 1.5
-3.57929 1.6
-3.57905 1.7
-3.5788 1.8
-3.57856 1.9
-3.57832 1.9
-3.57807 2.0
-3.57783 2.1
-3.57758 2.2
-3.57734 2.3
-3.5771 2.3
-3.57685 2.4
-3.57661 2.5
-3.57636 2.5
-3.57612 2.6
-3.57587 2.6
-3.57563 2.7
-3.57539 2.7
-3.57514 2.8
-3.5749 2.8
-3.57465 2.8
-3.57441 2.9
-3.57417 2.9
-3.57392 2.9
-3.57368 2.9
-3.57343 2.9
-3.57319 2.9
-3.57294 2.9
-3.5727 2.9
-3.57246 2.9
-3.57221 2.9
-3.57197 2.8
-3.57172 2.8
-3.57148 2.8
-3.57124 2.8
-3.57099 2.7
-3.57075 2.7
-3.5705 2.6
-3.57026 2.6
-3.57001 2.5
-3.56977 2.4
-3.56953 2.4
-3.56928 2.3
-3.56904 2.2
-3.56879 2.1
-3.56855 2.1
-3.56831 2.0
-3.56806 1.9
-3.56782 1.8
-3.56757 1.7
-3.56733 1.6
-3.56709 1.5
-3.56684 1.4
-3.5666 1.3
-3.56635 1.2
-3.56611 1.1
-3.56586 1.0
-3.56562 0.9
-3.56538 0.7
-3.56513 0.6
-3.56489 0.5
-3.56464 0.4
-3.5644 0.3
-3.56416 0.2
-3.56391 0.0
-3.56367 0.0
-3.56342 -0.2
-3.56318 -0.3
-3.56293 -0.4
-3.56269 -0.6
-3.56245 -0.7
-3.5622 -0.8
-3.56196 -0.9
-3.56171 -1.0
-3.56147 -1.1
-3.56123 -1.2
-3.56098 -1.3
-3.56074 -1.4
-3.56049 -1.5
-3.56025 -1.6
-3.56001 -1.7
-3.55976 -1.8
-3.55952 -1.9
-3.55927 -2.0
-3.55903 -2.1
-3.55878 -2.2
-3.55854 -2.3
-3.5583 -2.3
-3.55805 -2.4
-3.55781 -2.5
-3.55756 -2.5
-3.55732 -2.6
-3.55708 -2.6
-3.55683 -2.7
-3.55659 -2.7
-3.55634 -2.8
-3.5561 -2.8
-3.55585 -2.8
-3.55561 -2.9
-3.55537 -2.9
-3.55512 -2.9
-3.55488 -2.9
-3.55463 -2.9
-3.55439 -2.9
-3.55415 -2.9
-3.5539 -2.9
-3.55366 -2.9
-3.55341 -2.9
-3.55317 -2.9
-3.55293 -2.8
-3.55268 -2.8
-3.55244 -2.8
-3.55219 -2.7
-3.55195 -2.7
-3.5517 -2.6
-3.55146 -2.6
-3.55122 -2.5
-3.55097 -2.5
-3.55073 -2.4
-3.55048 -2.3
-3.55024 -2.2
-3.55 -2.2
-3.54975 -2.1
-3.54951 -2.0
-3.54926 -1.9
-3.54902 -1.8
-3.54877 -1.7
-3.54853 -1.6
-3.54829 -1.5
-3.54804 -1.4
-3.5478 -1.3
-3.54755 -1.2
-3.54731 -1.1
-3.54707 -1.0
-3.54682 -0.9
-3.54658 -0.8
-3.54633 -0.7
-3.54609 -0.5
-3.54585 -0.4
-3.5456 -0.3
-3.54536 -0.2
-3.54511 0.0
-3.54487 0.0
-3.54462 0.2
-3.54438 0.3
-3.54414 0.4
-3.54389 0.5
-3.54365 0.6
-3.5434 0.8
-3.54316 0.9
-3.54292 1.0
-3.54267 1.1
-3.54243 1.2
-3.54218 1.3
-3.54194 1.4
-3.54169 1.5
-3.54145 1.6
-3.54121 1.7
-3.54096 1.8
-3.54072 1.9
-3.54047 2.0
-3.54023 2.1
-3.53999 2.2
-3.53974 2.2
-3.5395 2.3
-3.53925 2.4
-3.53901 2.5
-3.53876 2.5
-3.53852 2.6
-3.53828 2.6
-3.53803 2.7
-3.53779 2.7
-3.53754 2.8
-3.5373 2.8
-3.53706 2.8
-3.53681 2.9
-3.53657 2.9
-3.53632 2.9
-3.53608 2.9
-3.53584 2.9
-3.53559 2.9
-3.53535 2.9
-3.5351 2.9
-3.53486 2.9
-3.53461 2.9
-3.53437 2.9
-3.53413 2.8
-3.53388 2.8
-3.53364 2.8
-3.53339 2.7
-3.53315 2.7
-3.53291 2.6
-3.53266 2.6
-3.53242 2.5
-3.53217 2.5
-3.53193 2.4
-3.53168 2.3
-3.53144 2.3
-3.5312 2.2
-3.53095 2.1
-3.53071 2.0
-3.53046 1.9
-3.53022 1.8
-3.52998 1.7
-3.52973 1.6
-3.52949 1.5
-3.52924 1.4
-3.529 1.3
-3.52876 1.2
-3.52851 1.1
-3.52827 1.0
-3.52802 0.9
-3.52778 0.8
-3.52753 0.7
-3.52729 0.5
-3.52705 0.4
-3.5268 0.3
-3.52656 0.2
-3.52631 0.0
-3.52607 0.0
-3.52583 -0.2
-3.52558 -0.3
-3.52534 -0.4
-3.52509 -0.5
-3.52485 -0.6
-3.5246 -0.8
-3.52436 -0.9
-3.52412 -1.0
-3.52387 -1.1
-3.52363 -1.2
-3.52338 -1.3
-3.52314 -1.4
-3.5229 -1.5
-3.52265 -1.6
-3.52241 -1.7
-3.52216 -1.8
-3.52192 -1.9
-3.52168 -2.0
-3.52143 -2.1
-3.52119 -2.2
-3.52094 -2.2
-3.5207 -2.3
-3.52045 -2.4
-3.52021 -2.5
-3.51997 -2.5
-3.51972 -2.6
-3.51948 -2.6
-3.51923 -2.7
-3.51899 -2.7
-3.51875 -2.8
-3.5185 -2.8
-3.51826 -2.8
-3.51801 -2.9
-3.51777 -2.9
-3.51752 -2.9
-3.51728 -2.9
-3.51704 -2.9
-3.51679 -2.9
-3.51655 -2.9
-3.5163 -2.9
-3.51606 -2.9
-3.51582 -2.9
-3.51557 -2.9
-3.51533 -2.8
-3.51508 -2.8
-3.51484 -2.8
-3.5146 -2.7
-3.51435 -2.7
-3.51411 -2.6
-3.51386 -2.6
-3.51362 -2.5
-3.51337 -2.5
-3.51313 -2.4
-3.51289 -2.3
-3.51264 -2.3
-3.5124 -2.2
-3.51215 -2.1
-3.51191 -2.0
-3.51167 -1.9
-3.51142 -1.8
-3.51118 -1.7
-3.51093 -1.6
-3.51069 -1.5
-3.51044 -1.4
-3.5102 -1.3
-3.50996 -1.2
-3.50971 -1.1
-3.50947 -1.0
-3.50922 -0.9
-3.50898 -0.8
-3.50874 -0.7
-3.50849 -0.5
-3.50825 -0.4
-3.508 -0.3
-3.50776 -0.2
-3.50751 0.0
-3.50727 0.0
-3.50703 0.2
-3.50678 0.3
-3.50654 0.4
-3.50629 0.5
-3.50605 0.7
-3.50581 0.8
-3.50556 0.9
-3.50532 1.0
-3.50507 1.1
-3.50483 1.2
-3.50459 1.3
-3.50434 1.4
-3.5041 1.5
-3.50385 1.6
-3.50361 1.7
-3.50336 1.8
-3.50312 1.9
-3.50288 2.0
-3.50263 2.1
-3.50239 2.2
-3.50214 2.3
-3.5019 2.3
-3.50166 2.4
-3.50141 2.5
-3.50117 2.5
-3.50092 2.6
-3.50068 2.6
-3.50043 2.7
-3.50019 2.7
-3.49995 2.8
-3.4997 2.8
-3.49946 2.8
-3.49921 2.9
-3.49897 2.9
-3.49873 2.9
-3.49848 2.9
-3.49824 2.9
-3.49799 2.9
-3.49775 2.9
-3.49751 2.9
-3.49726 2.9
-3.49702 2.9
-3.49677 2.9
-3.49653 2.8
-3.49628 2.8
-3.49604 2.8
-3.4958 2.7
-3.49555 2.7
-3.49531 2.6
-3.49506 2.6
-3.49482 2.5
-3.49458 2.5
-3.49433 2.4
-3.49409 2.3
-3.49384 2.2
-3.4936 2.2
-3.49335 2.1
-3.49311 2.0
-3.49287 1.9
-3.49262 1.8
-3.49238 1.7
-3.49213 1.6
-3.49189 1.5
-3.49165 1.4
-3.4914 1.3
-3.49116 1.2
-3.49091 1.1
-3.49067 1.0
-3.49043 0.9
-3.49018 0.7
-3.48994 0.6
-3.48969 0.5
-3.48945 0.4
-3.4892 0.3
-3.48896 0.2
-3.48872 0.0
-3.48847 0.0
-3.48823 -0.2
-3.48798 -0.3
-3.48774 -0.4
-3.4875 -0.6
-3.48725 -0.7
-3.48701 -0.8
-3.48676 -0.9
-3.48652 -1.0
-3.48627 -1.1
-3.48603 -1.2
-3.48579 -1.4
-3.48554 -1.5
-3.4853 -1.6
-3.48505 -1.7
-3.48481 -1.8
-3.48457 -1.9
-3.48432 -1.9
-3.48408 -2.0
-3.48383 -2.1
-3.48359 -2.2
-3.48335 -2.3
-3.4831 -2.4
-3.48286 -2.4
-3.48261 -2.5
-3.48237 -2.6
-3.48212 -2.6
-3.48188 -2.7
-3.48164 -2.7
-3.48139 -2.8
-3.48115 -2.8
-3.4809 -2.8
-3.48066 -2.9
-3.48042 -2.9
-3.48017 -2.9
-3.47993 -2.9
-3.47968 -2.9
-3.47944 -2.9
-3.47919 -2.9
-3.47895 -2.9
-3.47871 -2.9
-3.47846 -2.9
-3.47822 -2.9
-3.47797 -2.9
-3.47773 -2.8
-3.47749 -2.8
-3.47724 -2.8
-3.477 -2.7
-3.47675 -2.7
-3.47651 -2.6
-3.47626 -2.6
-3.47602 -2.5
-3.47578 -2.4
-3.47553 -2.4
-3.47529 -2.3
-3.47504 -2.2
-3.4748 -2.1
-3.47456 -2.1
-3.47431 -2.0
-3.47407 -1.9
-3.47382 -1.8
-3.47358 -1.7
-3.47334 -1.6
-3.47309 -1.5
-3.47285 -1.4
-3.4726 -1.3
-3.47236 -1.2
-3.47211 -1.0
-3.47187 -0.9
-3.47163 -0.8
-3.47138 -0.7
-3.47114 -0.6
-3.47089 -0.5
-3.47065 -0.3
-3.47041 -0.2
-3.47016 -0.1
-3.46992 0.0
-3.46967 0.1
-3.46943 0.3
-3.46918 0.4
-3.46894 0.5
-3.4687 0.6
-3.46845 0.7
-3.46821 0.8
-3.46796 1.0
-3.46772 1.1
-3.46748 1.2
-3.46723 1.3
-3.46699 1.4
-3.46674 1.5
-3.4665 1.6
-3.46626 1.7
-3.46601 1.8
-3.46577 1.9
-3.46552 2.0
-3.46528 2.1
-3.46503 2.2
-3.46479 2.2
-3.46455 2.3
-3.4643 2.4
-3.46406 2.5
-3.46381 2.5
-3.46357 2.6
-3.46333 2.6
-3.46308 2.7
-3.46284 2.7
-3.46259 2.8
-3.46235 2.8
-3.4621 2.8
-3.46186 2.9
-3.46162 2.9
-3.46137 2.9
-3.46113 2.9
-3.46088 2.9
-3.46064 2.9
-3.4604 2.9
-3.46015 2.9
-3.45991 2.9
-3.45966 2.9
-3.45942 2.9
-3.45918 2.9
-3.45893 2.8
-3.45869 2.8
-3.45844 2.7
-3.4582 2.7
-3.45795 2.6
-3.45771 2.6
-3.45747 2.5
-3.45722 2.5
-3.45698 2.4
-3.45673 2.3
-3.45649 2.3
-3.45625 2.2
-3.456 2.1
-3.45576 2.0
-3.45551 1.9
-3.45527 1.8
-3.45502 1.7
-3.45478 1.6
-3.45454 1.5
-3.45429 1.4
-3.45405 1.3
-3.4538 1.2
-3.45356 1.1
-3.45332 1.0
-3.45307 0.9
-3.45283 0.8
-3.45258 0.6
-3.45234 0.5
-3.4521 0.4
-3.45185 0.3
-3.45161 0.2
-3.45136 0.0
-3.45112 0.0
-3.45087 -0.2
-3.45063 -0.3
-3.45039 -0.4
-3.45014 -0.6
-3.4499 -0.7
-3.44965 -0.8
-3.44941 -0.9
-3.44917 -1.0
-3.44892 -1.1
-3.44868 -1.2
-3.44843 -1.4
-3.44819 -1.5
-3.44794 -1.6
-3.4477 -1.7
-3.44746 -1.8
-3.44721 -1.9
-3.44697 -2.0
-3.44672 -2.0
-3.44648 -2.1
-3.44624 -2.2
-3.44599 -2.3
-3.44575 -2.4
-3.4455 -2.4
-3.44526 -2.5
-3.44501 -2.6
-3.44477 -2.6
-3.44453 -2.7
-3.44428 -2.7
-3.44404 -2.8
-3.44379 -2.8
-3.44355 -2.8
-3.44331 -2.9
-3.44306 -2.9
-3.44282 -2.9
-3.44257 -2.9
-3.44233 -2.9
-3.44209 -2.9
-3.44184 -2.9
-3.4416 -2.9
-3.44135 -2.9
-3.44111 -2.9
-3.44086 -2.9
-3.44062 -2.9
-3.44038 -2.8
-3.44013 -2.8
-3.43989 -2.8
-3.43964 -2.7
-3.4394 -2.7
-3.43916 -2.6
-3.43891 -2.6
-3.43867 -2.5
-3.43842 -2.4
-3.43818 -2.4
-3.43793 -2.3
-3.43769 -2.2
-3.43745 -2.1
-3.4372 -2.0
-3.43696 -2.0
-3.43671 -1.9
-3.43647 -1.8
-3.43623 -1.7
-3.43598 -1.6
-3.43574 -1.5
-3.43549 -1.4
-3.43525 -1.2
-3.43501 -1.1
-3.43476 -1.0
-3.43452 -0.9
-3.43427 -0.8
-3.43403 -0.7
-3.43378 -0.6
-3.43354 -0.4
-3.4333 -0.3
-3.43305 -0.2
-3.43281 0.0
-3.43256 0.0
-3.43232 0.2
-3.43208 0.3
-3.43183 0.4
-3.43159 0.5
-3.43134 0.6
-3.4311 0.8
-3.43085 0.9
-3.43061 1.0
-3.43037 1.1
-3.43012 1.2
-3.42988 1.3
-3.42963 1.4
-3.42939 1.5
-3.42915 1.6
-3.4289 1.7
-3.42866 1.8
-3.42841 1.9
-3.42817 2.0
-3.42793 2.1
-3.42768 2.2
-3.42744 2.3
-3.42719 2.3
-3.42695 2.4
-3.4267 2.5
-3.42646 2.5
-3.42622 2.6
-3.42597 2.7
-3.42573 2.7
-3.42548 2.8
-3.42524 2.8
-3.425 2.8
-3.42475 2.9
-3.42451 2.9
-3.42426 2.9
-3.42402 2.9
-3.42377 2.9
-3.42353 2.9
-3.42329 2.9
-3.42304 2.9
-3.4228 2.9
-3.42255 2.9
-3.42231 2.9
-3.42207 2.9
-3.42182 2.8
-3.42158 2.8
-3.42133 2.8
-3.42109 2.7
-3.42085 2.7
-3.4206 2.6
-3.42036 2.6
-3.42011 2.5
-3.41987 2.5
-3.41962 2.4
-3.41938 2.3
-3.41914 2.2
-3.41889 2.1
-3.41865 2.1
-3.4184 2.0
-3.41816 1.9
-3.41792 1.8
-3.41767 1.7
-3.41743 1.6
-3.41718 1.5
-3.41694 1.4
-3.41669 1.3
-3.41645 1.2
-3.41621 1.0
-3.41596 0.9
-3.41572 0.8
-3.41547 0.7
-3.41523 0.6
-3.41499 0.5
-3.41474 0.3
-3.4145 0.2
-3.41425 0.0
-3.41401 0.0
-3.41376 -0.1
-3.41352 -0.3
-3.41328 -0.4
-3.41303 -0.5
-3.41279 -0.6
-3.41254 -0.7
-3.4123 -0.9
-3.41206 -1.0
-3.41181 -1.1
-3.41157 -1.2
-3.41132 -1.3
-3.41108 -1.4
-3.41084 -1.5
-3.41059 -1.6
-3.41035 -1.7
-3.4101 -1.8
-3.40986 -1.9
-3.40961 -2.0
-3.40937 -2.1
-3.40913 -2.2
-3.40888 -2.3
-3.40864 -2.3
-3.40839 -2.4
-3.40815 -2.5
-3.40791 -2.5
-3.40766 -2.6
-3.40742 -2.7
-3.40717 -2.7
-3.40693 -2.8
-3.40668 -2.8
-3.40644 -2.8
-3.4062 -2.9
-3.40595 -2.9
-3.40571 -2.9
-3.40546 -2.9
-3.40522 -2.9
-3.40498 -2.9
-3.40473 -2.9
-3.40449 -2.9
-3.40424 -2.9
-3.404 -2.9
-3.40376 -2.9
-3.40351 -2.9
-3.40327 -2.9
-3.40302 -2.8
-3.40278 -2.8
-3.40253 -2.7
-3.40229 -2.7
-3.40205 -2.6
-3.4018 -2.6
-3.40156 -2.5
-3.40131 -2.5
-3.40107 -2.4
-3.40083 -2.3
-3.40058 -2.2
-3.40034 -2.2
-3.40009 -2.1
-3.39985 -2.0
-3.3996 -1.9
-3.39936 -1.8
-3.39912 -1.7
-3.39887 -1.6
-3.39863 -1.5
-3.39838 -1.4
-3.39814 -1.3
-3.3979 -1.2
-3.39765 -1.1
-3.39741 -0.9
-3.39716 -0.8
-3.39692 -0.7
-3.39668 -0.6
-3.39643 -0.5
-3.39619 -0.3
-3.39594 -0.2
-3.3957 0.0
-3.39545 0.0
-3.39521 0.1
-3.39497 0.3
-3.39472 0.4
-3.39448 0.5
-3.39423 0.6
-3.39399 0.7
-3.39375 0.9
-3.3935 1.0
-3.39326 1.1
-3.39301 1.2
-3.39277 1.3
-3.39252 1.4
-3.39228 1.5
-3.39204 1.6
-3.39179 1.7
-3.39155 1.8
-3.3913 1.9
-3.39106 2.0
-3.39082 2.1
-3.39057 2.2
-3.39033 2.3
-3.39008 2.3
-3.38984 2.4
-3.3896 2.5
-3.38935 2.6
-3.38911 2.6
-3.38886 2.7
-3.38862 2.7
-3.38837 2.8
-3.38813 2.8
-3.38789 2.8
-3.38764 2.9
-3.3874 2.9
-3.38715 2.9
-3.38691 2.9
-3.38667 2.9
-3.38642 3.0
-3.38618 3.0
-3.38593 2.9
-3.38569 2.9
-3.38544 2.9
-3.3852 2.9
-3.38496 2.9
-3.38471 2.9
-3.38447 2.8
-3.38422 2.8
-3.38398 2.7
-3.38374 2.7
-3.38349 2.6
-3.38325 2.6
-3.383 2.5
-3.38276 2.5
-3.38251 2.4
-3.38227 2.3
-3.38203 2.2
-3.38178 2.1
-3.38154 2.1
-3.38129 2.0
-3.38105 1.9
-3.38081 1.8
-3.38056 1.7
-3.38032 1.6
-3.38007 1.5
-3.37983 1.4
-3.37959 1.3
-3.37934 1.2
-3.3791 1.0
-3.37885 0.9
-3.37861 0.8
-3.37836 0.7
-3.37812 0.6
-3.37788 0.4
-3.37763 0.3
-3.37739 0.2
-3.37714 0.0
-3.3769 0.0
-3.37666 -0.2
-3.37641 -0.3
-3.37617 -0.4
-3.37592 -0.5
-3.37568 -0.7
-3.37543 -0.8
-3.37519 -0.9
-3.37495 -1.0
-3.3747 -1.1
-3.37446 -1.2
-3.37421 -1.3
-3.37397 -1.4
-3.37373 -1.6
-3.37348 -1.7
-3.37324 -1.8
-3.37299 -1.9
-3.37275 -1.9
-3.37251 -2.0
-3.37226 -2.1
-3.37202 -2.2
-3.37177 -2.3
-3.37153 -2.4
-3.37128 -2.4
-3.37104 -2.5
-3.3708 -2.6
-3.37055 -2.6
-3.37031 -2.7
-3.37006 -2.7
-3.36982 -2.8
-3.36958 -2.8
-3.36933 -2.8
-3.36909 -2.9
-3.36884 -2.9
-3.3686 -2.9
-3.36835 -2.9
-3.36811 -3.0
-3.36787 -3.0
-3.36762 -3.0
-3.36738 -3.0
-3.36713 -2.9
-3.36689 -2.9
-3.36665 -2.9
-3.3664 -2.9
-3.36616 -2.9
-3.36591 -2.8
-3.36567 -2.8
-3.36543 -2.7
-3.36518 -2.7
-3.36494 -2.6
-3.36469 -2.6
-3.36445 -2.5
-3.3642 -2.4
-3.36396 -2.4
-3.36372 -2.3
-3.36347 -2.2
-3.36323 -2.1
-3.36298 -2.0
-3.36274 -2.0
-3.3625 -1.9
-3.36225 -1.8
-3.36201 -1.7
-3.36176 -1.6
-3.36152 -1.5
-3.36127 -1.3
-3.36103 -1.2
-3.36079 -1.1
-3.36054 -1.0
-3.3603 -0.9
-3.36005 -0.8
-3.35981 -0.7
-3.35957 -0.5
-3.35932 -0.4
-3.35908 -0.3
-3.35883 -0.2
-3.35859 0.0
-3.35835 0.0
-3.3581 0.2
-3.35786 0.3
-3.35761 0.4
-3.35737 0.6
-3.35712 0.7
-3.35688 0.8
-3.35664 0.9
-3.35639 1.0
-3.35615 1.2
-3.3559 1.3
-3.35566 1.4
-3.35542 1.5
-3.35517 1.6
-3.35493 1.7
-3.35468 1.8
-3.35444 1.9
-3.35419 2.0
-3.35395 2.1
-3.35371 2.2
-3.35346 2.2
-3.35322 2.3
-3.35297 2.4
-3.35273 2.5
-3.35249 2.5
-3.35224 2.6
-3.352 2.6
-3.35175 2.7
-3.35151 2.7
-3.35126 2.8
-3.35102 2.8
-3.35078 2.9
-3.35053 2.9
-3.35029 2.9
-3.35004 2.9
-3.3498 2.9
-3.34956 3.0
-3.34931 3.0
-3.34907 3.0
-3.34882 3.0
-3.34858 2.9
-3.34834 2.9
-3.34809 2.9
-3.34785 2.9
-3.3476 2.8
-3.34736 2.8
-3.34711 2.8
-3.34687 2.7
-3.34663 2.7
-3.34638 2.6
-3.34614 2.5
-3.34589 2.5
-3.34565 2.4
-3.34541 2.3
-3.34516 2.3
-3.34492 2.2
-3.34467 2.1
-3.34443 2.0
-3.34418 1.9
-3.34394 1.8
-3.3437 1.7
-3.34345 1.6
-3.34321 1.5
-3.34296 1.4
-3.34272 1.3
-3.34248 1.2
-3.34223 1.1
-3.34199 1.0
-3.34174 0.8
-3.3415 0.7
-3.34126 0.6
-3.34101 0.5
-3.34077 0.4
-3.34052 0.2
-3.34028 0.1
-3.34003 0.0
-3.33979 -0.1
-3.33955 -0.3
-3.3393 -0.4
-3.33906 -0.5
-3.33881 -0.6
-3.33857 -0.7
-3.33833 -0.9
-3.33808 -1.0
-3.33784 -1.1
-3.33759 -1.2
-3.33735 -1.3
-3.3371 -1.4
-3.33686 -1.5
-3.33662 -1.6
-3.33637 -1.7
-3.33613 -1.8
-3.33588 -1.9
-3.33564 -2.0
-3.3354 -2.1
-3.33515 -2.2
-3.33491 -2.3
-3.33466 -2.4
-3.33442 -2.4
-3.33418 -2.5
-3.33393 -2.6
-3.33369 -2.6
-3.33344 -2.7
-3.3332 -2.7
-3.33295 -2.8
-3.33271 -2.8
-3.33247 -2.9
-3.33222 -2.9
-3.33198 -2.9
-3.33173 -2.9
-3.33149 -2.9
-3.33125 -3.0
-3.331 -3.0
-3.33076 -3.0
-3.33051 -3.0
-3.33027 -3.0
-3.33002 -2.9
-3.32978 -2.9
-3.32954 -2.9
-3.32929 -2.9
-3.32905 -2.8
-3.3288 -2.8
-3.32856 -2.7
-3.32832 -2.7
-3.32807 -2.6
-3.32783 -2.6
-3.32758 -2.5
-3.32734 -2.4
-3.3271 -2.4
-3.32685 -2.3
-3.32661 -2.2
-3.32636 -2.1
-3.32612 -2.0
-3.32587 -2.0
-3.32563 -1.9
-3.32539 -1.8
-3.32514 -1.7
-3.3249 -1.6
-3.32465 -1.5
-3.32441 -1.3
-3.32417 -1.2
-3.32392 -1.1
-3.32368 -1.0
-3.32343 -0.9
-3.32319 -0.8
-3.32294 -0.6
-3.3227 -0.5
-3.32246 -0.4
-3.32221 -0.3
-3.32197 -0.2
-3.32172 0.0
-3.32148 0.0
-3.32124 0.2
-3.32099 0.3
-3.32075 0.5
-3.3205 0.6
-3.32026 0.7
-3.32001 0.8
-3.31977 0.9
-3.31953 1.1
-3.31928 1.2
-3.31904 1.3
-3.31879 1.4
-3.31855 1.5
-3.31831 1.6
-3.31806 1.7
-3.31782 1.8
-3.31757 1.9
-3.31733 2.0
-3.31709 2.1
-3.31684 2.2
-3.3166 2.3
-3.31635 2.3
-3.31611 2.4
-3.31586 2.5
-3.31562 2.5
-3.31538 2.6
-3.31513 2.7
-3.31489 2.7
-3.31464 2.8
-3.3144 2.8
-3.31416 2.8
-3.31391 2.9
-3.31367 2.9
-3.31342 2.9
-3.31318 2.9
-3.31293 3.0
-3.31269 3.0
-3.31245 3.0
-3.3122 3.0
-3.31196 3.0
-3.31171 2.9
-3.31147 2.9
-3.31123 2.9
-3.31098 2.9
-3.31074 2.8
-3.31049 2.8
-3.31025 2.8
-3.31001 2.7
-3.30976 2.7
-3.30952 2.6
-3.30927 2.5
-3.30903 2.5
-3.30878 2.4
-3.30854 2.3
-3.3083 2.2
-3.30805 2.2
-3.30781 2.1
-3.30756 2.0
-3.30732 1.9
-3.30708 1.8
-3.30683 1.7
-3.30659 1.6
-3.30634 1.5
-3.3061 1.4
-3.30585 1.3
-3.30561 1.2
-3.30537 1.0
-3.30512 0.9
-3.30488 0.8
-3.30463 0.7
-3.30439 0.6
-3.30415 0.4
-3.3039 0.3
-3.30366 0.2
-3.30341 0.0
-3.30317 0.0
-3.30293 -0.2
-3.30268 -0.3
-3.30244 -0.4
-3.30219 -0.6
-3.30195 -0.7
-3.3017 -0.8
-3.30146 -0.9
-3.30122 -1.0
-3.30097 -1.1
-3.30073 -1.3
-3.30048 -1.4
-3.30024 -1.5
-3.3 -1.6
-3.29975 -1.7
-3.29951 -1.8
-3.29926 -1.9
-3.29902 -2.0
-3.29877 -2.1
-3.29853 -2.2
-3.29829 -2.2
-3.29804 -2.3
-3.2978 -2.4
-3.29755 -2.5
-3.29731 -2.5
-3.29707 -2.6
-3.29682 -2.7
-3.29658 -2.7
-3.29633 -2.8
-3.29609 -2.8
-3.29585 -2.8
-3.2956 -2.9
-3.29536 -2.9
-3.29511 -2.9
-3.29487 -2.9
-3.29462 -3.0
-3.29438 -3.0
-3.29414 -3.0
-3.29389 -3.0
-3.29365 -3.0
-3.2934 -3.0
-3.29316 -2.9
-3.29292 -2.9
-3.29267 -2.9
-3.29243 -2.8
-3.29218 -2.8
-3.29194 -2.8
-3.29169 -2.7
-3.29145 -2.7
-3.29121 -2.6
-3.29096 -2.6
-3.29072 -2.5
-3.29047 -2.4
-3.29023 -2.3
-3.28999 -2.3
-3.28974 -2.2
-3.2895 -2.1
-3.28925 -2.0
-3.28901 -1.9
-3.28876 -1.8
-3.28852 -1.7
-3.28828 -1.6
-3.28803 -1.5
-3.28779 -1.4
-3.28754 -1.3
-3.2873 -1.2
-3.28706 -1.0
-3.28681 -0.9
-3.28657 -0.8
-3.28632 -0.7
-3.28608 -0.6
-3.28584 -0.4
-3.28559 -0.3
-3.28535 -0.2
-3.2851 0.0
-3.28486 0.0
-3.28461 0.2
-3.28437 0.3
-3.28413 0.4
-3.28388 0.5
-3.28364 0.7
-3.28339 0.8
-3.28315 0.9
-3.28291 1.0
-3.28266 1.1
-3.28242 1.3
-3.28217 1.4
-3.28193 1.5
-3.28168 1.6
-3.28144 1.7
-3.2812 1.8
-3.28095 1.9
-3.28071 2.0
-3.28046 2.1
-3.28022 2.2
-3.27998 2.2
-3.27973 2.3
-3.27949 2.4
-3.27924 2.5
-3.279 2.5
-3.27876 2.6
-3.27851 2.7
-3.27827 2.7
-3.27802 2.8
-3.27778 2.8
-3.27753 2.8
-3.27729 2.9
-3.27705 2.9
-3.2768 2.9
-3.27656 3.0
-3.27631 3.0
-3.27607 3.0
-3.27583 3.0
-3.27558 3.0
-3.27534 3.0
-3.27509 3.0
-3.27485 2.9
-3.2746 2.9
-3.27436 2.9
-3.27412 2.9
-3.27387 2.8
-3.27363 2.8
-3.27338 2.7
-3.27314 2.7
-3.2729 2.6
-3.27265 2.6
-3.27241 2.5
-3.27216 2.4
-3.27192 2.3
-3.27168 2.3
-3.27143 2.2
-3.27119 2.1
-3.27094 2.0
-3.2707 1.9
-3.27045 1.8
-3.27021 1.7
-3.26997 1.6
-3.26972 1.5
-3.26948 1.4
-3.26923 1.3
-3.26899 1.2
-3.26875 1.0
-3.2685 0.9
-3.26826 0.8
-3.26801 0.7
-3.26777 0.6
-3.26752 0.4
-3.26728 0.3
-3.26704 0.2
-3.26679 0.0
-3.26655 0.0
-3.2663 -0.2
-3.26606 -0.3
-3.26582 -0.4
-3.26557 -0.6
-3.26533 -0.7
-3.26508 -0.8
-3.26484 -0.9
-3.2646 -1.0
-3.26435 -1.2
-3.26411 -1.3
-3.26386 -1.4
-3.26362 -1.5
-3.26337 -1.6
-3.26313 -1.7
-3.26289 -1.8
-3.26264 -1.9
-3.2624 -2.0
-3.26215 -2.1
-3.26191 -2.2
-3.26167 -2.3
-3.26142 -2.3
-3.26118 -2.4
-3.26093 -2.5
-3.26069 -2.5
-3.26044 -2.6
-3.2602 -2.7
-3.25996 -2.7
-3.25971 -2.8
-3.25947 -2.8
-3.25922 -2.9
-3.25898 -2.9
-3.25874 -2.9
-3.25849 -2.9
-3.25825 -3.0
-3.258 -3.0
-3.25776 -3.0
-3.25751 -3.0
-3.25727 -3.0
-3.25703 -3.0
-3.25678 -3.0
-3.25654 -2.9
-3.25629 -2.9
-3.25605 -2.9
-3.25581 -2.9
-3.25556 -2.8
-3.25532 -2.8
-3.25507 -2.7
-3.25483 -2.7
-3.25459 -2.6
-3.25434 -2.5
-3.2541 -2.5
-3.25385 -2.4
-3.25361 -2.3
-3.25336 -2.2
-3.25312 -2.2
-3.25288 -2.1
-3.25263 -2.0
-3.25239 -1.9
-3.25214 -1.8
-3.2519 -1.7
-3.25166 -1.6
-3.25141 -1.5
-3.25117 -1.4
-3.25092 -1.3
-3.25068 -1.1
-3.25043 -1.0
-3.25019 -0.9
-3.24995 -0.8
-3.2497 -0.7
-3.24946 -0.5
-3.24921 -0.4
-3.24897 -0.3
-3.24873 -0.2
-3.24848 0.0
-3.24824 0.0
-3.24799 0.2
-3.24775 0.3
-3.24751 0.5
-3.24726 0.6
-3.24702 0.7
-3.24677 0.8
-3.24653 0.9
-3.24628 1.1
-3.24604 1.2
-3.2458 1.3
-3.24555 1.4
-3.24531 1.5
-3.24506 1.6
-3.24482 1.7
-3.24458 1.8
-3.24433 1.9
-3.24409 2.0
-3.24384 2.1
-3.2436 2.2
-3.24335 2.3
-3.24311 2.4
-3.24287 2.4
-3.24262 2.5
-3.24238 2.6
-3.24213 2.6
-3.24189 2.7
-3.24165 2.7
-3.2414 2.8
-3.24116 2.8
-3.24091 2.9
-3.24067 2.9
-3.24043 2.9
-3.24018 2.9
-3.23994 3.0
-3.23969 3.0
-3.23945 3.0
-3.2392 3.0
-3.23896 3.0
-3.23872 3.0
-3.23847 3.0
-3.23823 2.9
-3.23798 2.9
-3.23774 2.9
-3.2375 2.8
-3.23725 2.8
-3.23701 2.8
-3.23676 2.7
-3.23652 2.7
-3.23627 2.6
-3.23603 2.5
-3.23579 2.5
-3.23554 2.4
-3.2353 2.3
-3.23505 2.2
-3.23481 2.1
-3.23457 2.0
-3.23432 2.0
-3.23408 1.9
-3.23383 1.8
-3.23359 1.7
-3.23335 1.6
-3.2331 1.4
-3.23286 1.3
-3.23261 1.2
-3.23237 1.1
-3.23212 1.0
-3.23188 0.9
-3.23164 0.7
-3.23139 0.6
-3.23115 0.5
-3.2309 0.4
-3.23066 0.2
-3.23042 0.1
-3.23017 0.0
-3.22993 -0.1
-3.22968 -0.3
-3.22944 -0.4
-3.22919 -0.5
-3.22895 -0.6
-3.22871 -0.8
-3.22846 -0.9
-3.22822 -1.0
-3.22797 -1.1
-3.22773 -1.2
-3.22749 -1.3
-3.22724 -1.5
-3.227 -1.6
-3.22675 -1.7
-3.22651 -1.8
-3.22626 -1.9
-3.22602 -2.0
-3.22578 -2.1
-3.22553 -2.1
-3.22529 -2.2
-3.22504 -2.3
-3.2248 -2.4
-3.22456 -2.5
-3.22431 -2.5
-3.22407 -2.6
-3.22382 -2.7
-3.22358 -2.7
-3.22334 -2.8
-3.22309 -2.8
-3.22285 -2.9
-3.2226 -2.9
-3.22236 -2.9
-3.22211 -2.9
-3.22187 -3.0
-3.22163 -3.0
-3.22138 -3.0
-3.22114 -3.0
-3.22089 -3.0
-3.22065 -3.0
-3.22041 -3.0
-3.22016 -3.0
-3.21992 -2.9
-3.21967 -2.9
-3.21943 -2.9
-3.21918 -2.8
-3.21894 -2.8
-3.2187 -2.7
-3.21845 -2.7
-3.21821 -2.6
-3.21796 -2.6
-3.21772 -2.5
-3.21748 -2.4
-3.21723 -2.4
-3.21699 -2.3
-3.21674 -2.2
-3.2165 -2.1
-3.21626 -2.0
-3.21601 -1.9
-3.21577 -1.8
-3.21552 -1.7
-3.21528 -1.6
-3.21503 -1.5
-3.21479 -1.4
-3.21455 -1.3
-3.2143 -1.2
-3.21406 -1.0
-3.21381 -0.9
-3.21357 -0.8
-3.21333 -0.7
-3.21308 -0.6
-3.21284 -0.4
-3.21259 -0.3
-3.21235 -0.2
-3.2121 0.0
-3.21186 0.0
-3.21162 0.2
-3.21137 0.3
-3.21113 0.4
-3.21088 0.6
-3.21064 0.7
-3.2104 0.8
-3.21015 0.9
-3.20991 1.1
-3.20966 1.2
-3.20942 1.3
-3.20918 1.4
-3.20893 1.5
-3.20869 1.6
-3.20844 1.7
-3.2082 1.8
-3.20795 1.9
-3.20771 2.0
-3.20747 2.1
-3.20722 2.2
-3.20698 2.3
-3.20673 2.4
-3.20649 2.4
-3.20625 2.5
-3.206 2.6
-3.20576 2.6
-3.20551 2.7
-3.20527 2.7
-3.20502 2.8
-3.20478 2.8
-3.20454 2.9
-3.20429 2.9
-3.20405 2.9
-3.2038 3.0
-3.20356 3.0
-3.20332 3.0
-3.20307 3.0
-3.20283 3.0
-3.20258 3.0
-3.20234 3.0
-3.2021 3.0
-3.20185 2.9
-3.20161 2.9
-3.20136 2.9
-3.20112 2.8
-3.20087 2.8
-3.20063 2.8
-3.20039 2.7
-3.20014 2.7
-3.1999 2.6
-3.19965 2.5
-3.19941 2.5
-3.19917 2.4
-3.19892 2.3
-3.19868 2.2
-3.19843 2.1
-3.19819 2.0
-3.19794 1.9
-3.1977 1.9
-3.19746 1.7
-3.19721 1.6
-3.19697 1.5
-3.19672 1.4
-3.19648 1.3
-3.19624 1.2
-3.19599 1.1
-3.19575 1.0
-3.1955 0.8
-3.19526 0.7
-3.19501 0.6
-3.19477 0.5
-3.19453 0.3
-3.19428 0.2
-3.19404 0.0
-3.19379 0.0
-3.19355 -0.2
-3.19331 -0.3
-3.19306 -0.4
-3.19282 -0.5
-3.19257 -0.7
-3.19233 -0.8
-3.19209 -0.9
-3.19184 -1.0
-3.1916 -1.1
-3.19135 -1.3
-3.19111 -1.4
-3.19086 -1.5
-3.19062 -1.6
-3.19038 -1.7
-3.19013 -1.8
-3.18989 -1.9
-3.18964 -2.0
-3.1894 -2.1
-3.18916 -2.2
-3.18891 -2.3
-3.18867 -2.3
-3.18842 -2.4
-3.18818 -2.5
-3.18793 -2.6
-3.18769 -2.6
-3.18745 -2.7
-3.1872 -2.7
-3.18696 -2.8
-3.18671 -2.8
-3.18647 -2.9
-3.18623 -2.9
-3.18598 -2.9
-3.18574 -3.0
-3.18549 -3.0
-3.18525 -3.0
-3.18501 -3.0
-3.18476 -3.0
-3.18452 -3.0
-3.18427 -3.0
-3.18403 -3.0
-3.18378 -3.0
-3.18354 -2.9
-3.1833 -2.9
-3.18305 -2.9
-3.18281 -2.8
-3.18256 -2.8
-3.18232 -2.7
-3.18208 -2.7
-3.18183 -2.6
-3.18159 -2.5
-3.18134 -2.5
-3.1811 -2.4
-3.18085 -2.3
-3.18061 -2.2
-3.18037 -2.2
-3.18012 -2.1
-3.17988 -2.0
-3.17963 -1.9
-3.17939 -1.8
-3.17915 -1.7
-3.1789 -1.6
-3.17866 -1.5
-3.17841 -1.3
-3.17817 -1.2
-3.17793 -1.1
-3.17768 -1.0
-3.17744 -0.9
-3.17719 -0.7
-3.17695 -0.6
-3.1767 -0.5
-3.17646 -0.4
-3.17622 -0.2
-3.17597 -0.1
-3.17573 0.0
-3.17548 0.1
-3.17524 0.3
-3.175 0.4
-3.17475 0.5
-3.17451 0.6
-3.17426 0.8
-3.17402 0.9
-3.17377 1.0
-3.17353 1.1
-3.17329 1.2
-3.17304 1.4
-3.1728 1.5
-3.17255 1.6
-3.17231 1.7
-3.17207 1.8
-3.17182 1.9
-3.17158 2.0
-3.17133 2.1
-3.17109 2.2
-3.17085 2.3
-3.1706 2.3
-3.17036 2.4
-3.17011 2.5
-3.16987 2.6
-3.16962 2.6
-3.16938 2.7
-3.16914 2.7
-3.16889 2.8
-3.16865 2.8
-3.1684 2.9
-3.16816 2.9
-3.16792 2.9
-3.16767 3.0
-3.16743 3.0
-3.16718 3.0
-3.16694 3.0
-3.16669 3.0
-3.16645 3.0
-3.16621 3.0
-3.16596 3.0
-3.16572 3.0
-3.16547 2.9
-3.16523 2.9
-3.16499 2.9
-3.16474 2.8
-3.1645 2.8
-3.16425 2.7
-3.16401 2.7
-3.16376 2.6
-3.16352 2.6
-3.16328 2.5
-3.16303 2.4
-3.16279 2.3
-3.16254 2.2
-3.1623 2.2
-3.16206 2.1
-3.16181 2.0
-3.16157 1.9
-3.16132 1.8
-3.16108 1.7
-3.16084 1.6
-3.16059 1.5
-3.16035 1.3
-3.1601 1.2
-3.15986 1.1
-3.15961 1.0
-3.15937 0.9
-3.15913 0.7
-3.15888 0.6
-3.15864 0.5
-3.15839 0.4
-3.15815 0.2
-3.15791 0.1
-3.15766 0.0
-3.15742 -0.1
-3.15717 -0.3
-3.15693 -0.4
-3.15668 -0.5
-3.15644 -0.6
-3.1562 -0.8
-3.15595 -0.9
-3.15571 -1.0
-3.15546 -1.1
-3.15522 -1.2
-3.15498 -1.4
-3.15473 -1.5
-3.15449 -1.6
-3.15424 -1.7
-3.154 -1.8
-3.15376 -1.9
-3.15351 -2.0
-3.15327 -2.1
-3.15302 -2.2
-3.15278 -2.3
-3.15253 -2.3
-3.15229 -2.4
-3.15205 -2.5
-3.1518 -2.6
-3.15156 -2.6
-3.15131 -2.7
-3.15107 -2.7
-3.15083 -2.8
-3.15058 -2.8
-3.15034 -2.9
-3.15009 -2.9
-3.14985 -2.9
-3.1496 -3.0
-3.14936 -3.0
-3.14912 -3.0
-3.14887 -3.0
-3.14863 -3.0
-3.14838 -3.0
-3.14814 -3.0
-3.1479 -3.0
-3.14765 -3.0
-3.14741 -2.9
-3.14716 -2.9
-3.14692 -2.9
-3.14668 -2.8
-3.14643 -2.8
-3.14619 -2.7
-3.14594 -2.7
-3.1457 -2.6
-3.14545 -2.5
-3.14521 -2.5
-3.14497 -2.4
-3.14472 -2.3
-3.14448 -2.2
-3.14423 -2.2
-3.14399 -2.1
-3.14375 -2.0
-3.1435 -1.9
-3.14326 -1.8
-3.14301 -1.7
-3.14277 -1.6
-3.14252 -1.4
-3.14228 -1.3
-3.14204 -1.2
-3.14179 -1.1
-3.14155 -1.0
-3.1413 -0.9
-3.14106 -0.7
-3.14082 -0.6
-3.14057 -0.5
-3.14033 -0.4
-3.14008 -0.2
-3.13984 0.0
-3.1396 0.0
-3.13935 0.2
-3.13911 0.3
-3.13886 0.4
-3.13862 0.5
-3.13837 0.7
-3.13813 0.8
-3.13789 0.9
-3.13764 1.0
-3.1374 1.2
-3.13715 1.3
-3.13691 1.4
-3.13667 1.5
-3.13642 1.6
-3.13618 1.7
-3.13593 1.8
-3.13569 1.9
-3.13544 2.0
-3.1352 2.1
-3.13496 2.2
-3.13471 2.3
-3.13447 2.4
-3.13422 2.4
-3.13398 2.5
-3.13374 2.6
-3.13349 2.6
-3.13325 2.7
-3.133 2.8
-3.13276 2.8
-3.13251 2.9
-3.13227 2.9
-3.13203 2.9
-3.13178 2.9
-3.13154 3.0
-3.13129 3.0
-3.13105 3.0
-3.13081 3.0
-3.13056 3.0
-3.13032 3.0
-3.13007 3.0
-3.12983 3.0
-3.12959 3.0
-3.12934 2.9
-3.1291 2.9
-3.12885 2.9
-3.12861 2.8
-3.12836 2.8
-3.12812 2.7
-3.12788 2.7
-3.12763 2.6
-3.12739 2.5
-3.12714 2.5
-3.1269 2.4
-3.12666 2.3
-3.12641 2.2
-3.12617 2.1
-3.12592 2.0
-3.12568 1.9
-3.12543 1.8
-3.12519 1.7
-3.12495 1.6
-3.1247 1.5
-3.12446 1.4
-3.12421 1.3
-3.12397 1.2
-3.12373 1.1
-3.12348 0.9
-3.12324 0.8
-3.12299 0.7
-3.12275 0.6
-3.12251 0.4
-3.12226 0.3
-3.12202 0.2
-3.12177 0.0
-3.12153 0.0
-3.12128 -0.2
-3.12104 -0.3
-3.1208 -0.5
-3.12055 -0.6
-3.12031 -0.7
-3.12006 -0.8
-3.11982 -0.9
-3.11958 -1.1
-3.11933 -1.2
-3.11909 -1.3
-3.11884 -1.4
-3.1186 -1.5
-3.11835 -1.6
-3.11811 -1.7
-3.11787 -1.9
-3.11762 -2.0
-3.11738 -2.0
-3.11713 -2.1
-3.11689 -2.2
-3.11665 -2.3
-3.1164 -2.4
-3.11616 -2.5
-3.11591 -2.5
-3.11567 -2.6
-3.11543 -2.7
-3.11518 -2.7
-3.11494 -2.8
-3.11469 -2.8
-3.11445 -2.9
-3.1142 -2.9
-3.11396 -2.9
-3.11372 -3.0
-3.11347 -3.0
-3.11323 -3.0
-3.11298 -3.0
-3.11274 -3.0
-3.1125 -3.0
-3.11225 -3.0
-3.11201 -3.0
-3.11176 -3.0
-3.11152 -3.0
-3.11127 -2.9
-3.11103 -2.9
-3.11079 -2.9
-3.11054 -2.8
-3.1103 -2.8
-3.11005 -2.7
-3.10981 -2.6
-3.10957 -2.6
-3.10932 -2.5
-3.10908 -2.4
-3.10883 -2.4
-3.10859 -2.3
-3.10835 -2.2
-3.1081 -2.1
-3.10786 -2.0
-3.10761 -1.9
-3.10737 -1.8
-3.10712 -1.7
-3.10688 -1.6
-3.10664 -1.5
-3.10639 -1.4
-3.10615 -1.3
-3.1059 -1.1
-3.10566 -1.0
-3.10542 -0.9
-3.10517 -0.8
-3.10493 -0.6
-3.10468 -0.5
-3.10444 -0.4
-3.10419 -0.3
-3.10395 -0.1
-3.10371 0.0
-3.10346 0.1
-3.10322 0.3
-3.10297 0.4
-3.10273 0.5
-3.10249 0.6
-3.10224 0.8
-3.102 0.9
-3.10175 1.0
-3.10151 1.1
-3.10126 1.2
-3.10102 1.4
-3.10078 1.5
-3.10053 1.6
-3.10029 1.7
-3.10004 1.8
-3.0998 1.9
-3.09956 2.0
-3.09931 2.1
-3.09907 2.2
-3.09882 2.3
-3.09858 2.4
-3.09834 2.4
-3.09809 2.5
-3.09785 2.6
-3.0976 2.6
-3.09736 2.7
-3.09711 2.8
-3.09687 2.8
-3.09663 2.9
-3.09638 2.9
-3.09614 2.9
-3.09589 3.0
-3.09565 3.0
-3.09541 3.0
-3.09516 3.0
-3.09492 3.0
-3.09467 3.0
-3.09443 3.0
-3.09418 3.0
-3.09394 3.0
-3.0937 3.0
-3.09345 2.9
-3.09321 2.9
-3.09296 2.9
-3.09272 2.8
-3.09248 2.8
-3.09223 2.7
-3.09199 2.7
-3.09174 2.6
-3.0915 2.5
-3.09126 2.5
-3.09101 2.4
-3.09077 2.3
-3.09052 2.2
-3.09028 2.1
-3.09003 2.0
-3.08979 2.0
-3.08955 1.9
-3.0893 1.7
-3.08906 1.6
-3.08881 1.5
-3.08857 1.4
-3.08833 1.3
-3.08808 1.2
-3.08784 1.1
-3.08759 0.9
-3.08735 0.8
-3.0871 0.7
-3.08686 0.6
-3.08662 0.4
-3.08637 0.3
-3.08613 0.2
-3.08588 0.0
-3.08564 0.0
-3.0854 -0.2
-3.08515 -0.3
-3.08491 -0.5
-3.08466 -0.6
-3.08442 -0.7
-3.08418 -0.8
-3.08393 -1.0
-3.08369 -1.1
-3.08344 -1.2
-3.0832 -1.3
-3.08295 -1.4
-3.08271 -1.6
-3.08247 -1.7
-3.08222 -1.8
-3.08198 -1.9
-3.08173 -2.0
-3.08149 -2.1
-3.08125 -2.2
-3.081 -2.2
-3.08076 -2.3
-3.08051 -2.4
-3.08027 -2.5
-3.08002 -2.6
-3.07978 -2.6
-3.07954 -2.7
-3.07929 -2.7
-3.07905 -2.8
-3.0788 -2.8
-3.07856 -2.9
-3.07832 -2.9
-3.07807 -3.0
-3.07783 -3.0
-3.07758 -3.0
-3.07734 -3.0
-3.0771 -3.0
-3.07685 -3.0
-3.07661 -3.0
-3.07636 -3.0
-3.07612 -3.0
-3.07587 -3.0
-3.07563 -3.0
-3.07539 -2.9
-3.07514 -2.9
-3.0749 -2.8
-3.07465 -2.8
-3.07441 -2.8
-3.07417 -2.7
-3.07392 -2.6
-3.07368 -2.6
-3.07343 -2.5
-3.07319 -2.4
-3.07294 -2.3
-3.0727 -2.3
-3.07246 -2.2
-3.07221 -2.1
-3.07197 -2.0
-3.07172 -1.9
-3.07148 -1.8
-3.07124 -1.7
-3.07099 -1.6
-3.07075 -1.4
-3.0705 -1.3
-3.07026 -1.2
-3.07001 -1.1
-3.06977 -1.0
-3.06953 -0.9
-3.06928 -0.7
-3.06904 -0.6
-3.06879 -0.5
-3.06855 -0.3
-3.06831 -0.2
-3.06806 0.0
-3.06782 0.0
-3.06757 0.2
-3.06733 0.3
-3.06709 0.4
-3.06684 0.6
-3.0666 0.7
-3.06635 0.8
-3.06611 0.9
-3.06586 1.1
-3.06562 1.2
-3.06538 1.3
-3.06513 1.4
-3.06489 1.5
-3.06464 1.6
-3.0644 1.7
-3.06416 1.9
-3.06391 2.0
-3.06367 2.1
-3.06342 2.1
-3.06318 2.2
-3.06293 2.3
-3.06269 2.4
-3.06245 2.5
-3.0622 2.6
-3.06196 2.6
-3.06171 2.7
-3.06147 2.7
-3.06123 2.8
-3.06098 2.8
-3.06074 2.9
-3.06049 2.9
-3.06025 2.9
-3.06001 3.0
-3.05976 3.0
-3.05952 3.0
-3.05927 3.0
-3.05903 3.0
-3.05878 3.0
-3.05854 3.0
-3.0583 3.0
-3.05805 3.0
-3.05781 3.0
-3.05756 2.9
-3.05732 2.9
-3.05708 2.9
-3.05683 2.8
-3.05659 2.8
-3.05634 2.7
-3.0561 2.6
-3.05585 2.6
-3.05561 2.5
-3.05537 2.4
-3.05512 2.4
-3.05488 2.3
-3.05463 2.2
-3.05439 2.1
-3.05415 2.0
-3.0539 1.9
-3.05366 1.8
-3.05341 1.7
-3.05317 1.6
-3.05293 1.5
-3.05268 1.3
-3.05244 1.2
-3.05219 1.1
-3.05195 1.0
-3.0517 0.9
-3.05146 0.7
-3.05122 0.6
-3.05097 0.5
-3.05073 0.4
-3.05048 0.2
-3.05024 0.0
-3.05 0.0
-3.04975 -0.2
-3.04951 -0.3
-3.04926 -0.4
-3.04902 -0.6
-3.04877 -0.7
-3.04853 -0.8
-3.04829 -0.9
-3.04804 -1.1
-3.0478 -1.2
-3.04755 -1.3
-3.04731 -1.4
-3.04707 -1.5
-3.04682 -1.6
-3.04658 -1.7
-3.04633 -1.9
-3.04609 -2.0
-3.04585 -2.1
-3.0456 -2.1
-3.04536 -2.2
-3.04511 -2.3
-3.04487 -2.4
-3.04462 -2.5
-3.04438 -2.6
-3.04414 -2.6
-3.04389 -2.7
-3.04365 -2.7
-3.0434 -2.8
-3.04316 -2.8
-3.04292 -2.9
-3.04267 -2.9
-3.04243 -3.0
-3.04218 -3.0
-3.04194 -3.0
-3.04169 -3.0
-3.04145 -3.0
-3.04121 -3.0
-3.04096 -3.0
-3.04072 -3.0
-3.04047 -3.0
-3.04023 -3.0
-3.03999 -3.0
-3.03974 -2.9
-3.0395 -2.9
-3.03925 -2.9
-3.03901 -2.8
-3.03876 -2.8
-3.03852 -2.7
-3.03828 -2.6
-3.03803 -2.6
-3.03779 -2.5
-3.03754 -2.4
-3.0373 -2.4
-3.03706 -2.3
-3.03681 -2.2
-3.03657 -2.1
-3.03632 -2.0
-3.03608 -1.9
-3.03584 -1.8
-3.03559 -1.7
-3.03535 -1.6
-3.0351 -1.5
-3.03486 -1.3
-3.03461 -1.2
-3.03437 -1.1
-3.03413 -1.0
-3.03388 -0.9
-3.03364 -0.7
-3.03339 -0.6
-3.03315 -0.5
-3.03291 -0.3
-3.03266 -0.2
-3.03242 0.0
-3.03217 0.0
-3.03193 0.2
-3.03168 0.3
-3.03144 0.4
-3.0312 0.6
-3.03095 0.7
-3.03071 0.8
-3.03046 0.9
-3.03022 1.1
-3.02998 1.2
-3.02973 1.3
-3.02949 1.4
-3.02924 1.5
-3.029 1.7
-3.02876 1.8
-3.02851 1.9
-3.02827 2.0
-3.02802 2.1
-3.02778 2.2
-3.02753 2.2
-3.02729 2.3
-3.02705 2.4
-3.0268 2.5
-3.02656 2.6
-3.02631 2.6
-3.02607 2.7
-3.02583 2.8
-3.02558 2.8
-3.02534 2.9
-3.02509 2.9
-3.02485 2.9
-3.0246 3.0
-3.02436 3.0
-3.02412 3.0
-3.02387 3.0
-3.02363 3.0
-3.02338 3.0
-3.02314 3.0
-3.0229 3.0
-3.02265 3.0
-3.02241 3.0
-3.02216 3.0
-3.02192 2.9
-3.02168 2.9
-3.02143 2.9
-3.02119 2.8
-3.02094 2.8
-3.0207 2.7
-3.02045 2.6
-3.02021 2.6
-3.01997 2.5
-3.01972 2.4
-3.01948 2.3
-3.01923 2.3
-3.01899 2.2
-3.01875 2.1
-3.0185 2.0
-3.01826 1.9
-3.01801 1.8
-3.01777 1.7
-3.01752 1.6
-3.01728 1.4
-3.01704 1.3
-3.01679 1.2
-3.01655 1.1
-3.0163 1.0
-3.01606 0.8
-3.01582 0.7
-3.01557 0.6
-3.01533 0.4
-3.01508 0.3
-3.01484 0.2
-3.0146 0.0
-3.01435 0.0
-3.01411 -0.2
-3.01386 -0.3
-3.01362 -0.5
-3.01337 -0.6
-3.01313 -0.7
-3.01289 -0.9
-3.01264 -1.0
-3.0124 -1.1
-3.01215 -1.2
-3.01191 -1.3
-3.01167 -1.5
-3.01142 -1.6
-3.01118 -1.7
-3.01093 -1.8
-3.01069 -1.9
-3.01044 -2.0
-3.0102 -2.1
-3.00996 -2.2
-3.00971 -2.3
-3.00947 -2.4
-3.00922 -2.4
-3.00898 -2.5
-3.00874 -2.6
-3.00849 -2.7
-3.00825 -2.7
-3.008 -2.8
-3.00776 -2.8
-3.00751 -2.9
-3.00727 -2.9
-3.00703 -2.9
-3.00678 -3.0
-3.00654 -3.0
-3.00629 -3.0
-3.00605 -3.0
-3.00581 -3.0
-3.00556 -3.0
-3.00532 -3.0
-3.00507 -3.0
-3.00483 -3.0
-3.00459 -3.0
-3.00434 -3.0
-3.0041 -2.9
-3.00385 -2.9
-3.00361 -2.8
-3.00336 -2.8
-3.00312 -2.7
-3.00288 -2.7
-3.00263 -2.6
-3.00239 -2.6
-3.00214 -2.5
-3.0019 -2.4
-3.00166 -2.3
-3.00141 -2.2
-3.00117 -2.1
-3.00092 -2.0
-3.00068 -1.9
-3.00043 -1.8
-3.00019 -1.7
-2.99995 -1.6
-2.9997 -1.5
-2.99946 -1.4
-2.99921 -1.3
-2.99897 -1.2
-2.99873 -1.0
-2.99848 -0.9
-2.99824 -0.8
-2.99799 -0.7
-2.99775 -0.5
-2.99751 -0.4
-2.99726 -0.3
-2.99702 -0.1
-2.99677 0.0
-2.99653 0.1
-2.99628 0.3
-2.99604 0.4
-2.9958 0.5
-2.99555 0.7
-2.99531 0.8
-2.99506 0.9
-2.99482 1.0
-2.99458 1.2
-2.99433 1.3
-2.99409 1.4
-2.99384 1.5
-2.9936 1.6
-2.99335 1.7
-2.99311 1.8
-2.99287 1.9
-2.99262 2.0
-2.99238 2.1
-2.99213 2.2
-2.99189 2.3
-2.99165 2.4
-2.9914 2.5
-2.99116 2.6
-2.99091 2.6
-2.99067 2.7
-2.99043 2.7
-2.99018 2.8
-2.98994 2.8
-2.98969 2.9
-2.98945 2.9
-2.9892 3.0
-2.98896 3.0
-2.98872 3.0
-2.98847 3.0
-2.98823 3.0
-2.98798 3.0
-2.98774 3.0
-2.9875 3.0
-2.98725 3.0
-2.98701 3.0
-2.98676 3.0
-2.98652 2.9
-2.98627 2.9
-2.98603 2.9
-2.98579 2.8
-2.98554 2.8
-2.9853 2.7
-2.98505 2.7
-2.98481 2.6
-2.98457 2.5
-2.98432 2.4
-2.98408 2.4
-2.98383 2.3
-2.98359 2.2
-2.98335 2.1
-2.9831 2.0
-2.98286 1.9
-2.98261 1.8
-2.98237 1.7
-2.98212 1.6
-2.98188 1.5
-2.98164 1.3
-2.98139 1.2
-2.98115 1.1
-2.9809 1.0
-2.98066 0.8
-2.98042 0.7
-2.98017 0.6
-2.97993 0.5
-2.97968 0.3
-2.97944 0.2
-2.97919 0.0
-2.97895 0.0
-2.97871 -0.2
-2.97846 -0.3
-2.97822 -0.5
-2.97797 -0.6
-2.97773 -0.7
-2.97749 -0.9
-2.97724 -1.0
-2.977 -1.1
-2.97675 -1.2
-2.97651 -1.3
-2.97626 -1.5
-2.97602 -1.6
-2.97578 -1.7
-2.97553 -1.8
-2.97529 -1.9
-2.97504 -2.0
-2.9748 -2.1
-2.97456 -2.2
-2.97431 -2.3
-2.97407 -2.4
-2.97382 -2.5
-2.97358 -2.5
-2.97334 -2.6
-2.97309 -2.7
-2.97285 -2.7
-2.9726 -2.8
-2.97236 -2.8
-2.97211 -2.9
-2.97187 -2.9
-2.97163 -3.0
-2.97138 -3.0
-2.97114 -3.0
-2.97089 -3.0
-2.97065 -3.0
-2.97041 -3.0
-2.97016 -3.0
-2.96992 -3.0
-2.96967 -3.0
-2.96943 -3.0
-2.96918 -3.0
-2.96894 -3.0
-2.9687 -2.9
-2.96845 -2.9
-2.96821 -2.8
-2.96796 -2.8
-2.96772 -2.7
-2.96748 -2.7
-2.96723 -2.6
-2.96699 -2.5
-2.96674 -2.5
-2.9665 -2.4
-2.96626 -2.3
-2.96601 -2.2
-2.96577 -2.1
-2.96552 -2.0
-2.96528 -1.9
-2.96503 -1.8
-2.96479 -1.7
-2.96455 -1.6
-2.9643 -1.5
-2.96406 -1.4
-2.96381 -1.3
-2.96357 -1.1
-2.96333 -1.0
-2.96308 -0.9
-2.96284 -0.8
-2.96259 -0.6
-2.96235 -0.5
-2.9621 -0.4
-2.96186 -0.2
-2.96162 -0.1
-2.96137 0.0
-2.96113 0.2
-2.96088 0.3
-2.96064 0.4
-2.9604 0.6
-2.96015 0.7
-2.95991 0.8
-2.95966 0.9
-2.95942 1.1
-2.95918 1.2
-2.95893 1.3
-2.95869 1.4
-2.95844 1.5
-2.9582 1.7
-2.95795 1.8
-2.95771 1.9
-2.95747 2.0
-2.95722 2.1
-2.95698 2.2
-2.95673 2.3
-2.95649 2.4
-2.95625 2.4
-2.956 2.5
-2.95576 2.6
-2.95551 2.7
-2.95527 2.7
-2.95502 2.8
-2.95478 2.8
-2.95454 2.9
-2.95429 2.9
-2.95405 3.0
-2.9538 3.0
-2.95356 3.0
-2.95332 3.0
-2.95307 3.0
-2.95283 3.0
-2.95258 3.1
-2.95234 3.0
-2.9521 3.0
-2.95185 3.0
-2.95161 3.0
-2.95136 3.0
-2.95112 2.9
-2.95087 2.9
-2.95063 2.9
-2.95039 2.8
-2.95014 2.8
-2.9499 2.7
-2.94965 2.6
-2.94941 2.6
-2.94917 2.5
-2.94892 2.4
-2.94868 2.3
-2.94843 2.2
-2.94819 2.1
-2.94794 2.1
-2.9477 2.0
-2.94746 1.8
-2.94721 1.7
-2.94697 1.6
-2.94672 1.5
-2.94648 1.4
-2.94624 1.3
-2.94599 1.2
-2.94575 1.0
-2.9455 0.9
-2.94526 0.8
-2.94501 0.6
-2.94477 0.5
-2.94453 0.4
-2.94428 0.3
-2.94404 0.1
-2.94379 0.0
-2.94355 -0.1
-2.94331 -0.3
-2.94306 -0.4
-2.94282 -0.5
-2.94257 -0.7
-2.94233 -0.8
-2.94209 -0.9
-2.94184 -1.1
-2.9416 -1.2
-2.94135 -1.3
-2.94111 -1.4
-2.94086 -1.5
-2.94062 -1.7
-2.94038 -1.8
-2.94013 -1.9
-2.93989 -2.0
-2.93964 -2.1
-2.9394 -2.2
-2.93916 -2.3
-2.93891 -2.3
-2.93867 -2.4
-2.93842 -2.5
-2.93818 -2.6
-2.93793 -2.7
-2.93769 -2.7
-2.93745 -2.8
-2.9372 -2.8
-2.93696 -2.9
-2.93671 -2.9
-2.93647 -3.0
-2.93623 -3.0
-2.93598 -3.0
-2.93574 -3.0
-2.93549 -3.0
-2.93525 -3.1
-2.93501 -3.1
-2.93476 -3.1
-2.93452 -3.0
-2.93427 -3.0
-2.93403 -3.0
-2.93378 -3.0
-2.93354 -2.9
-2.9333 -2.9
-2.93305 -2.9
-2.93281 -2.8
-2.93256 -2.8
-2.93232 -2.7
-2.93208 -2.6
-2.93183 -2.6
-2.93159 -2.5
-2.93134 -2.4
-2.9311 -2.3
-2.93085 -2.2
-2.93061 -2.2
-2.93037 -2.1
-2.93012 -2.0
-2.92988 -1.9
-2.92963 -1.7
-2.92939 -1.6
-2.92915 -1.5
-2.9289 -1.4
-2.92866 -1.3
-2.92841 -1.2
-2.92817 -1.0
-2.92793 -0.9
-2.92768 -0.8
-2.92744 -0.6
-2.92719 -0.5
-2.92695 -0.4
-2.9267 -0.3
-2.92646 -0.1
-2.92622 0.0
-2.92597 0.1
-2.92573 0.3
-2.92548 0.4
-2.92524 0.5
-2.925 0.7
-2.92475 0.8
-2.92451 0.9
-2.92426 1.1
-2.92402 1.2
-2.92377 1.3
-2.92353 1.4
-2.92329 1.5
-2.92304 1.7
-2.9228 1.8
-2.92255 1.9
-2.92231 2.0
-2.92207 2.1
-2.92182 2.2
-2.92158 2.3
-2.92133 2.4
-2.92109 2.4
-2.92085 2.5
-2.9206 2.6
-2.92036 2.7
-2.92011 2.7
-2.91987 2.8
-2.91962 2.8
-2.91938 2.9
-2.91914 2.9
-2.91889 3.0
-2.91865 3.0
-2.9184 3.0
-2.91816 3.0
-2.91792 3.1
-2.91767 3.1
-2.91743 3.1
-2.91718 3.1
-2.91694 3.0
-2.91669 3.0
-2.91645 3.0
-2.91621 3.0
-2.91596 2.9
-2.91572 2.9
-2.91547 2.9
-2.91523 2.8
-2.91499 2.8
-2.91474 2.7
-2.9145 2.6
-2.91425 2.6
-2.91401 2.5
-2.91376 2.4
-2.91352 2.3
-2.91328 2.2
-2.91303 2.1
-2.91279 2.0
-2.91254 1.9
-2.9123 1.8
-2.91206 1.7
-2.91181 1.6
-2.91157 1.5
-2.91132 1.4
-2.91108 1.3
-2.91084 1.1
-2.91059 1.0
-2.91035 0.9
-2.9101 0.8
-2.90986 0.6
-2.90961 0.5
-2.90937 0.4
-2.90913 0.2
-2.90888 0.0
-2.90864 0.0
-2.90839 -0.2
-2.90815 -0.3
-2.90791 -0.4
-2.90766 -0.6
-2.90742 -0.7
-2.90717 -0.8
-2.90693 -1.0
-2.90668 -1.1
-2.90644 -1.2
-2.9062 -1.3
-2.90595 -1.5
-2.90571 -1.6
-2.90546 -1.7
-2.90522 -1.8
-2.90498 -1.9
-2.90473 -2.0
-2.90449 -2.1
-2.90424 -2.2
-2.904 -2.3
-2.90376 -2.4
-2.90351 -2.5
-2.90327 -2.5
-2.90302 -2.6
-2.90278 -2.7
-2.90253 -2.7
-2.90229 -2.8
-2.90205 -2.9
-2.9018 -2.9
-2.90156 -2.9
-2.90131 -3.0
-2.90107 -3.0
-2.90083 -3.0
-2.90058 -3.0
-2.90034 -3.1
-2.90009 -3.1
-2.89985 -3.1
-2.8996 -3.1
-2.89936 -3.0
-2.89912 -3.0
-2.89887 -3.0
-2.89863 -3.0
-2.89838 -2.9
-2.89814 -2.9
-2.8979 -2.9
-2.89765 -2.8
-2.89741 -2.7
-2.89716 -2.7
-2.89692 -2.6
-2.89668 -2.5
-2.89643 -2.5
-2.89619 -2.4
-2.89594 -2.3
-2.8957 -2.2
-2.89545 -2.1
-2.89521 -2.0
-2.89497 -1.9
-2.89472 -1.8
-2.89448 -1.7
-2.89423 -1.6
-2.89399 -1.5
-2.89375 -1.3
-2.8935 -1.2
-2.89326 -1.1
-2.89301 -1.0
-2.89277 -0.8
-2.89252 -0.7
-2.89228 -0.6
-2.89204 -0.5
-2.89179 -0.3
-2.89155 -0.2
-2.8913 0.0
-2.89106 0.0
-2.89082 0.2
-2.89057 0.4
-2.89033 0.5
-2.89008 0.6
-2.88984 0.8
-2.8896 0.9
-2.88935 1.0
-2.88911 1.1
-2.88886 1.3
-2.88862 1.4
-2.88837 1.5
-2.88813 1.6
-2.88789 1.7
-2.88764 1.8
-2.8874 1.9
-2.88715 2.0
-2.88691 2.1
-2.88667 2.2
-2.88642 2.3
-2.88618 2.4
-2.88593 2.5
-2.88569 2.6
-2.88544 2.6
-2.8852 2.7
-2.88496 2.8
-2.88471 2.8
-2.88447 2.9
-2.88422 2.9
-2.88398 3.0
-2.88374 3.0
-2.88349 3.0
-2.88325 3.0
-2.883 3.1
-2.88276 3.1
-2.88251 3.1
-2.88227 3.1
-2.88203 3.1
-2.88178 3.0
-2.88154 3.0
-2.88129 3.0
-2.88105 3.0
-2.88081 2.9
-2.88056 2.9
-2.88032 2.8
-2.88007 2.8
-2.87983 2.7
-2.87959 2.7
-2.87934 2.6
-2.8791 2.5
-2.87885 2.4
-2.87861 2.4
-2.87836 2.3
-2.87812 2.2
-2.87788 2.1
-2.87763 2.0
-2.87739 1.9
-2.87714 1.8
-2.8769 1.6
-2.87666 1.5
-2.87641 1.4
-2.87617 1.3
-2.87592 1.2
-2.87568 1.0
-2.87543 0.9
-2.87519 0.8
-2.87495 0.7
-2.8747 0.5
-2.87446 0.4
-2.87421 0.3
-2.87397 0.1
-2.87373 0.0
-2.87348 -0.2
-2.87324 -0.3
-2.87299 -0.4
-2.87275 -0.6
-2.87251 -0.7
-2.87226 -0.8
-2.87202 -0.9
-2.87177 -1.1
-2.87153 -1.2
-2.87128 -1.3
-2.87104 -1.4
-2.8708 -1.6
-2.87055 -1.7
-2.87031 -1.8
-2.87006 -1.9
-2.86982 -2.0
-2.86958 -2.1
-2.86933 -2.2
-2.86909 -2.3
-2.86884 -2.4
-2.8686 -2.5
-2.86835 -2.5
-2.86811 -2.6
-2.86787 -2.7
-2.86762 -2.7
-2.86738 -2.8
-2.86713 -2.9
-2.86689 -2.9
-2.86665 -2.9
-2.8664 -3.0
-2.86616 -3.0
-2.86591 -3.0
-2.86567 -3.1
-2.86543 -3.1
-2.86518 -3.1
-2.86494 -3.1
-2.86469 -3.1
-2.86445 -3.1
-2.8642 -3.0
-2.86396 -3.0
-2.86372 -3.0
-2.86347 -3.0
-2.86323 -2.9
-2.86298 -2.9
-2.86274 -2.8
-2.8625 -2.8
-2.86225 -2.7
-2.86201 -2.6
-2.86176 -2.6
-2.86152 -2.5
-2.86127 -2.4
-2.86103 -2.3
-2.86079 -2.2
-2.86054 -2.1
-2.8603 -2.0
-2.86005 -1.9
-2.85981 -1.8
-2.85957 -1.7
-2.85932 -1.6
-2.85908 -1.5
-2.85883 -1.3
-2.85859 -1.2
-2.85835 -1.1
-2.8581 -1.0
-2.85786 -0.8
-2.85761 -0.7
-2.85737 -0.6
-2.85712 -0.4
-2.85688 -0.3
-2.85664 -0.2
-2.85639 0.0
-2.85615 0.1
-2.8559 0.2
-2.85566 0.4
-2.85542 0.5
-2.85517 0.6
-2.85493 0.8
-2.85468 0.9
-2.85444 1.0
-2.85419 1.2
-2.85395 1.3
-2.85371 1.4
-2.85346 1.5
-2.85322 1.6
-2.85297 1.8
-2.85273 1.9
-2.85249 2.0
-2.85224 2.1
-2.852 2.2
-2.85175 2.3
-2.85151 2.4
-2.85126 2.4
-2.85102 2.5
-2.85078 2.6
-2.85053 2.7
-2.85029 2.7
-2.85004 2.8
-2.8498 2.8
-2.84956 2.9
-2.84931 2.9
-2.84907 3.0
-2.84882 3.0
-2.84858 3.0
-2.84834 3.1
-2.84809 3.1
-2.84785 3.1
-2.8476 3.1
-2.84736 3.1
-2.84711 3.1
-2.84687 3.0
-2.84663 3.0
-2.84638 3.0
-2.84614 3.0
-2.84589 2.9
-2.84565 2.9
-2.84541 2.8
-2.84516 2.8
-2.84492 2.7
-2.84467 2.6
-2.84443 2.6
-2.84418 2.5
-2.84394 2.4
-2.8437 2.3
-2.84345 2.2
-2.84321 2.1
-2.84296 2.0
-2.84272 1.9
-2.84248 1.8
-2.84223 1.7
-2.84199 1.6
-2.84174 1.5
-2.8415 1.4
-2.84126 1.2
-2.84101 1.1
-2.84077 1.0
-2.84052 0.9
-2.84028 0.7
-2.84003 0.6
-2.83979 0.5
-2.83955 0.3
-2.8393 0.2
-2.83906 0.0
-2.83881 0.0
-2.83857 -0.2
-2.83833 -0.4
-2.83808 -0.5
-2.83784 -0.6
-2.83759 -0.8
-2.83735 -0.9
-2.8371 -1.0
-2.83686 -1.1
-2.83662 -1.3
-2.83637 -1.4
-2.83613 -1.5
-2.83588 -1.6
-2.83564 -1.7
-2.8354 -1.9
-2.83515 -2.0
-2.83491 -2.1
-2.83466 -2.2
-2.83442 -2.3
-2.83418 -2.3
-2.83393 -2.4
-2.83369 -2.5
-2.83344 -2.6
-2.8332 -2.7
-2.83295 -2.7
-2.83271 -2.8
-2.83247 -2.8
-2.83222 -2.9
-2.83198 -2.9
-2.83173 -3.0
-2.83149 -3.0
-2.83125 -3.0
-2.831 -3.1
-2.83076 -3.1
-2.83051 -3.1
-2.83027 -3.1
-2.83002 -3.1
-2.82978 -3.1
-2.82954 -3.1
-2.82929 -3.0
-2.82905 -3.0
-2.8288 -3.0
-2.82856 -2.9
-2.82832 -2.9
-2.82807 -2.8
-2.82783 -2.8
-2.82758 -2.7
-2.82734 -2.7
-2.8271 -2.6
-2.82685 -2.5
-2.82661 -2.4
-2.82636 -2.3
-2.82612 -2.2
-2.82587 -2.2
-2.82563 -2.1
-2.82539 -1.9
-2.82514 -1.8
-2.8249 -1.7
-2.82465 -1.6
-2.82441 -1.5
-2.82417 -1.4
-2.82392 -1.3
-2.82368 -1.1
-2.82343 -1.0
-2.82319 -0.9
-2.82294 -0.7
-2.8227 -0.6
-2.82246 -0.5
-2.82221 -0.3
-2.82197 -0.2
-2.82172 0.0
-2.82148 0.0
-2.82124 0.2
-2.82099 0.3
-2.82075 0.5
-2.8205 0.6
-2.82026 0.8
-2.82001 0.9
-2.81977 1.0
-2.81953 1.1
-2.81928 1.3
-2.81904 1.4
-2.81879 1.5
-2.81855 1.6
-2.81831 1.7
-2.81806 1.9
-2.81782 2.0
-2.81757 2.1
-2.81733 2.2
-2.81709 2.3
-2.81684 2.4
-2.8166 2.4
-2.81635 2.5
-2.81611 2.6
-2.81586 2.7
-2.81562 2.7
-2.81538 2.8
-2.81513 2.8
-2.81489 2.9
-2.81464 2.9
-2.8144 3.0
-2.81416 3.0
-2.81391 3.0
-2.81367 3.1
-2.81342 3.1
-2.81318 3.1
-2.81293 3.1
-2.81269 3.1
-2.81245 3.1
-2.8122 3.1
-2.81196 3.0
-2.81171 3.0
-2.81147 3.0
-2.81123 2.9
-2.81098 2.9
-2.81074 2.8
-2.81049 2.8
-2.81025 2.7
-2.81001 2.7
-2.80976 2.6
-2.80952 2.5
-2.80927 2.4
-2.80903 2.3
-2.80878 2.2
-2.80854 2.1
-2.8083 2.0
-2.80805 1.9
-2.80781 1.8
-2.80756 1.7
-2.80732 1.6
-2.80708 1.5
-2.80683 1.4
-2.80659 1.2
-2.80634 1.1
-2.8061 1.0
-2.80585 0.9
-2.80561 0.7
-2.80537 0.6
-2.80512 0.5
-2.80488 0.3
-2.80463 0.2
-2.80439 0.0
-2.80415 0.0
-2.8039 -0.2
-2.80366 -0.4
-2.80341 -0.5
-2.80317 -0.6
-2.80293 -0.8
-2.80268 -0.9
-2.80244 -1.0
-2.80219 -1.2
-2.80195 -1.3
-2.8017 -1.4
-2.80146 -1.5
-2.80122 -1.6
-2.80097 -1.8
-2.80073 -1.9
-2.80048 -2.0
-2.80024 -2.1
-2.8 -2.2
-2.79975 -2.3
-2.79951 -2.4
-2.79926 -2.5
-2.79902 -2.5
-2.79877 -2.6
-2.79853 -2.7
-2.79829 -2.7
-2.79804 -2.8
-2.7978 -2.9
-2.79755 -2.9
-2.79731 -3.0
-2.79707 -3.0
-2.79682 -3.0
-2.79658 -3.0
-2.79633 -3.1
-2.79609 -3.1
-2.79585 -3.1
-2.7956 -3.1
-2.79536 -3.1
-2.79511 -3.1
-2.79487 -3.1
-2.79462 -3.0
-2.79438 -3.0
-2.79414 -3.0
-2.79389 -2.9
-2.79365 -2.9
-2.7934 -2.8
-2.79316 -2.8
-2.79292 -2.7
-2.79267 -2.6
-2.79243 -2.6
-2.79218 -2.5
-2.79194 -2.4
-2.79169 -2.3
-2.79145 -2.2
-2.79121 -2.1
-2.79096 -2.0
-2.79072 -1.9
-2.79047 -1.8
-2.79023 -1.7
-2.78999 -1.6
-2.78974 -1.5
-2.7895 -1.3
-2.78925 -1.2
-2.78901 -1.1
-2.78876 -0.9
-2.78852 -0.8
-2.78828 -0.7
-2.78803 -0.5
-2.78779 -0.4
-2.78754 -0.3
-2.7873 -0.1
-2.78706 0.0
-2.78681 0.1
-2.78657 0.3
-2.78632 0.4
-2.78608 0.5
-2.78584 0.7
-2.78559 0.8
-2.78535 0.9
-2.7851 1.1
-2.78486 1.2
-2.78461 1.3
-2.78437 1.5
-2.78413 1.6
-2.78388 1.7
-2.78364 1.8
-2.78339 1.9
-2.78315 2.0
-2.78291 2.1
-2.78266 2.2
-2.78242 2.3
-2.78217 2.4
-2.78193 2.5
-2.78168 2.6
-2.78144 2.6
-2.7812 2.7
-2.78095 2.8
-2.78071 2.8
-2.78046 2.9
-2.78022 2.9
-2.77998 3.0
-2.77973 3.0
-2.77949 3.0
-2.77924 3.1
-2.779 3.1
-2.77876 3.1
-2.77851 3.1
-2.77827 3.1
-2.77802 3.1
-2.77778 3.1
-2.77753 3.1
-2.77729 3.0
-2.77705 3.0
-2.7768 3.0
-2.77656 2.9
-2.77631 2.9
-2.77607 2.8
-2.77583 2.8
-2.77558 2.7
-2.77534 2.6
-2.77509 2.5
-2.77485 2.5
-2.7746 2.4
-2.77436 2.3
-2.77412 2.2
-2.77387 2.1
-2.77363 2.0
-2.77338 1.9
-2.77314 1.8
-2.7729 1.6
-2.77265 1.5
-2.77241 1.4
-2.77216 1.3
-2.77192 1.2
-2.77168 1.0
-2.77143 0.9
-2.77119 0.8
-2.77094 0.6
-2.7707 0.5
-2.77045 0.4
-2.77021 0.2
-2.76997 0.0
-2.76972 0.0
-2.76948 -0.2
-2.76923 -0.3
-2.76899 -0.5
-2.76875 -0.6
-2.7685 -0.7
-2.76826 -0.9
-2.76801 -1.0
-2.76777 -1.1
-2.76752 -1.3
-2.76728 -1.4
-2.76704 -1.5
-2.76679 -1.6
-2.76655 -1.7
-2.7663 -1.9
-2.76606 -2.0
-2.76582 -2.1
-2.76557 -2.2
-2.76533 -2.3
-2.76508 -2.4
-2.76484 -2.4
-2.7646 -2.5
-2.76435 -2.6
-2.76411 -2.7
-2.76386 -2.7
-2.76362 -2.8
-2.76337 -2.9
-2.76313 -2.9
-2.76289 -3.0
-2.76264 -3.0
-2.7624 -3.0
-2.76215 -3.1
-2.76191 -3.1
-2.76167 -3.1
-2.76142 -3.1
-2.76118 -3.1
-2.76093 -3.1
-2.76069 -3.1
-2.76044 -3.1
-2.7602 -3.0
-2.75996 -3.0
-2.75971 -3.0
-2.75947 -2.9
-2.75922 -2.9
-2.75898 -2.8
-2.75874 -2.8
-2.75849 -2.7
-2.75825 -2.7
-2.758 -2.6
-2.75776 -2.5
-2.75751 -2.4
-2.75727 -2.3
-2.75703 -2.2
-2.75678 -2.1
-2.75654 -2.0
-2.75629 -1.9
-2.75605 -1.8
-2.75581 -1.7
-2.75556 -1.6
-2.75532 -1.5
-2.75507 -1.3
-2.75483 -1.2
-2.75459 -1.1
-2.75434 -0.9
-2.7541 -0.8
-2.75385 -0.7
-2.75361 -0.5
-2.75336 -0.4
-2.75312 -0.3
-2.75288 -0.1
-2.75263 0.0
-2.75239 0.1
-2.75214 0.3
-2.7519 0.4
-2.75166 0.6
-2.75141 0.7
-2.75117 0.8
-2.75092 1.0
-2.75068 1.1
-2.75043 1.2
-2.75019 1.3
-2.74995 1.5
-2.7497 1.6
-2.74946 1.7
-2.74921 1.8
-2.74897 1.9
-2.74873 2.0
-2.74848 2.1
-2.74824 2.2
-2.74799 2.3
-2.74775 2.4
-2.74751 2.5
-2.74726 2.6
-2.74702 2.7
-2.74677 2.7
-2.74653 2.8
-2.74628 2.9
-2.74604 2.9
-2.7458 2.9
-2.74555 3.0
-2.74531 3.0
-2.74506 3.1
-2.74482 3.1
-2.74458 3.1
-2.74433 3.1
-2.74409 3.1
-2.74384 3.1
-2.7436 3.1
-2.74335 3.1
-2.74311 3.1
-2.74287 3.0
-2.74262 3.0
-2.74238 3.0
-2.74213 2.9
-2.74189 2.9
-2.74165 2.8
-2.7414 2.7
-2.74116 2.7
-2.74091 2.6
-2.74067 2.5
-2.74043 2.4
-2.74018 2.4
-2.73994 2.3
-2.73969 2.2
-2.73945 2.1
-2.7392 2.0
-2.73896 1.8
-2.73872 1.7
-2.73847 1.6
-2.73823 1.5
-2.73798 1.4
-2.73774 1.2
-2.7375 1.1
-2.73725 1.0
-2.73701 0.8
-2.73676 0.7
-2.73652 0.6
-2.73627 0.4
-2.73603 0.3
-2.73579 0.2
-2.73554 0.0
-2.7353 -0.1
-2.73505 -0.3
-2.73481 -0.4
-2.73457 -0.5
-2.73432 -0.7
-2.73408 -0.8
-2.73383 -0.9
-2.73359 -1.1
-2.73335 -1.2
-2.7331 -1.3
-2.73286 -1.4
-2.73261 -1.6
-2.73237 -1.7
-2.73212 -1.8
-2.73188 -1.9
-2.73164 -2.0
-2.73139 -2.1
-2.73115 -2.2
-2.7309 -2.3
-2.73066 -2.4
-2.73042 -2.5
-2.73017 -2.6
-2.72993 -2.7
-2.72968 -2.7
-2.72944 -2.8
-2.72919 -2.8
-2.72895 -2.9
-2.72871 -2.9
-2.72846 -3.0
-2.72822 -3.0
-2.72797 -3.1
-2.72773 -3.1
-2.72749 -3.1
-2.72724 -3.1
-2.727 -3.1
-2.72675 -3.1
-2.72651 -3.1
-2.72626 -3.1
-2.72602 -3.1
-2.72578 -3.0
-2.72553 -3.0
-2.72529 -3.0
-2.72504 -2.9
-2.7248 -2.9
-2.72456 -2.8
-2.72431 -2.8
-2.72407 -2.7
-2.72382 -2.6
-2.72358 -2.5
-2.72334 -2.5
-2.72309 -2.4
-2.72285 -2.3
-2.7226 -2.2
-2.72236 -2.1
-2.72211 -2.0
-2.72187 -1.9
-2.72163 -1.7
-2.72138 -1.6
-2.72114 -1.5
-2.72089 -1.4
-2.72065 -1.3
-2.72041 -1.1
-2.72016 -1.0
-2.71992 -0.9
-2.71967 -0.7
-2.71943 -0.6
-2.71918 -0.5
-2.71894 -0.3
-2.7187 -0.2
-2.71845 0.0
-2.71821 0.1
-2.71796 0.2
-2.71772 0.4
-2.71748 0.5
-2.71723 0.7
-2.71699 0.8
-2.71674 0.9
-2.7165 1.1
-2.71626 1.2
-2.71601 1.3
-2.71577 1.4
-2.71552 1.6
-2.71528 1.7
-2.71503 1.8
-2.71479 1.9
-2.71455 2.0
-2.7143 2.1
-2.71406 2.2
-2.71381 2.3
-2.71357 2.4
-2.71333 2.5
-2.71308 2.6
-2.71284 2.7
-2.71259 2.7
-2.71235 2.8
-2.7121 2.8
-2.71186 2.9
-2.71162 3.0
-2.71137 3.0
-2.71113 3.0
-2.71088 3.1
-2.71064 3.1
-2.7104 3.1
-2.71015 3.1
-2.70991 3.1
-2.70966 3.1
-2.70942 3.1
-2.70918 3.1
-2.70893 3.1
-2.70869 3.0
-2.70844 3.0
-2.7082 3.0
-2.70795 2.9
-2.70771 2.9
-2.70747 2.8
-2.70722 2.8
-2.70698 2.7
-2.70673 2.6
-2.70649 2.5
-2.70625 2.5
-2.706 2.4
-2.70576 2.3
-2.70551 2.2
-2.70527 2.1
-2.70502 2.0
-2.70478 1.9
-2.70454 1.7
-2.70429 1.6
-2.70405 1.5
-2.7038 1.4
-2.70356 1.2
-2.70332 1.1
-2.70307 1.0
-2.70283 0.9
-2.70258 0.7
-2.70234 0.6
-2.7021 0.4
-2.70185 0.3
-2.70161 0.2
-2.70136 0.0
-2.70112 -0.1
-2.70087 -0.3
-2.70063 -0.4
-2.70039 -0.5
-2.70014 -0.7
-2.6999 -0.8
-2.69965 -0.9
-2.69941 -1.1
-2.69917 -1.2
-2.69892 -1.3
-2.69868 -1.5
-2.69843 -1.6
-2.69819 -1.7
-2.69794 -1.8
-2.6977 -1.9
-2.69746 -2.0
-2.69721 -2.1
-2.69697 -2.2
-2.69672 -2.3
-2.69648 -2.4
-2.69624 -2.5
-2.69599 -2.6
-2.69575 -2.7
-2.6955 -2.7
-2.69526 -2.8
-2.69501 -2.9
-2.69477 -2.9
-2.69453 -3.0
-2.69428 -3.0
-2.69404 -3.0
-2.69379 -3.1
-2.69355 -3.1
-2.69331 -3.1
-2.69306 -3.1
-2.69282 -3.1
-2.69257 -3.1
-2.69233 -3.1
-2.69209 -3.1
-2.69184 -3.1
-2.6916 -3.0
-2.69135 -3.0
-2.69111 -3.0
-2.69086 -2.9
-2.69062 -2.9
-2.69038 -2.8
-2.69013 -2.7
-2.68989 -2.7
-2.68964 -2.6
-2.6894 -2.5
-2.68916 -2.4
-2.68891 -2.3
-2.68867 -2.3
-2.68842 -2.2
-2.68818 -2.1
-2.68793 -1.9
-2.68769 -1.8
-2.68745 -1.7
-2.6872 -1.6
-2.68696 -1.5
-2.68671 -1.3
-2.68647 -1.2
-2.68623 -1.1
-2.68598 -1.0
-2.68574 -0.8
-2.68549 -0.7
-2.68525 -0.5
-2.68501 -0.4
-2.68476 -0.3
-2.68452 -0.1
-2.68427 0.0
-2.68403 0.2
-2.68378 0.3
-2.68354 0.4
-2.6833 0.6
-2.68305 0.7
-2.68281 0.8
-2.68256 1.0
-2.68232 1.1
-2.68208 1.2
-2.68183 1.4
-2.68159 1.5
-2.68134 1.6
-2.6811 1.7
-2.68085 1.9
-2.68061 2.0
-2.68037 2.1
-2.68012 2.2
-2.67988 2.3
-2.67963 2.4
-2.67939 2.5
-2.67915 2.5
-2.6789 2.6
-2.67866 2.7
-2.67841 2.8
-2.67817 2.8
-2.67793 2.9
-2.67768 2.9
-2.67744 3.0
-2.67719 3.0
-2.67695 3.1
-2.6767 3.1
-2.67646 3.1
-2.67622 3.1
-2.67597 3.1
-2.67573 3.1
-2.67548 3.1
-2.67524 3.1
-2.675 3.1
-2.67475 3.1
-2.67451 3.0
-2.67426 3.0
-2.67402 3.0
-2.67377 2.9
-2.67353 2.9
-2.67329 2.8
-2.67304 2.7
-2.6728 2.7
-2.67255 2.6
-2.67231 2.5
-2.67207 2.4
-2.67182 2.3
-2.67158 2.2
-2.67133 2.1
-2.67109 2.0
-2.67085 1.9
-2.6706 1.8
-2.67036 1.7
-2.67011 1.6
-2.66987 1.4
-2.66962 1.3
-2.66938 1.2
-2.66914 1.0
-2.66889 0.9
-2.66865 0.8
-2.6684 0.6
-2.66816 0.5
-2.66792 0.4
-2.66767 0.2
-2.66743 0.0
-2.66718 0.0
-2.66694 -0.2
-2.66669 -0.4
-2.66645 -0.5
-2.66621 -0.6
-2.66596 -0.8
-2.66572 -0.9
-2.66547 -1.0
-2.66523 -1.2
-2.66499 -1.3
-2.66474 -1.4
-2.6645 -1.6
-2.66425 -1.7
-2.66401 -1.8
-2.66376 -1.9
-2.66352 -2.0
-2.66328 -2.1
-2.66303 -2.2
-2.66279 -2.3
-2.66254 -2.4
-2.6623 -2.5
-2.66206 -2.6
-2.66181 -2.7
-2.66157 -2.7
-2.66132 -2.8
-2.66108 -2.9
-2.66084 -2.9
-2.66059 -3.0
-2.66035 -3.0
-2.6601 -3.0
-2.65986 -3.1
-2.65961 -3.1
-2.65937 -3.1
-2.65913 -3.1
-2.65888 -3.1
-2.65864 -3.1
-2.65839 -3.1
-2.65815 -3.1
-2.65791 -3.1
-2.65766 -3.1
-2.65742 -3.0
-2.65717 -3.0
-2.65693 -2.9
-2.65668 -2.9
-2.65644 -2.8
-2.6562 -2.8
-2.65595 -2.7
-2.65571 -2.6
-2.65546 -2.5
-2.65522 -2.5
-2.65498 -2.4
-2.65473 -2.3
-2.65449 -2.2
-2.65424 -2.1
-2.654 -2.0
-2.65376 -1.8
-2.65351 -1.7
-2.65327 -1.6
-2.65302 -1.5
-2.65278 -1.4
-2.65253 -1.2
-2.65229 -1.1
-2.65205 -1.0
-2.6518 -0.8
-2.65156 -0.7
-2.65131 -0.6
-2.65107 -0.4
-2.65083 -0.3
-2.65058 -0.1
-2.65034 0.0
-2.65009 0.2
-2.64985 0.3
-2.6496 0.4
-2.64936 0.6
-2.64912 0.7
-2.64887 0.9
-2.64863 1.0
-2.64838 1.1
-2.64814 1.3
-2.6479 1.4
-2.64765 1.5
-2.64741 1.6
-2.64716 1.7
-2.64692 1.9
-2.64668 2.0
-2.64643 2.1
-2.64619 2.2
-2.64594 2.3
-2.6457 2.4
-2.64545 2.5
-2.64521 2.6
-2.64497 2.6
-2.64472 2.7
-2.64448 2.8
-2.64423 2.8
-2.64399 2.9
-2.64375 2.9
-2.6435 3.0
-2.64326 3.0
-2.64301 3.1
-2.64277 3.1
-2.64252 3.1
-2.64228 3.1
-2.64204 3.1
-2.64179 3.1
-2.64155 3.1
-2.6413 3.1
-2.64106 3.1
-2.64082 3.1
-2.64057 3.0
-2.64033 3.0
-2.64008 3.0
-2.63984 2.9
-2.6396 2.9
-2.63935 2.8
-2.63911 2.7
-2.63886 2.6
-2.63862 2.6
-2.63837 2.5
-2.63813 2.4
-2.63789 2.3
-2.63764 2.2
-2.6374 2.1
-2.63715 2.0
-2.63691 1.9
-2.63667 1.8
-2.63642 1.6
-2.63618 1.5
-2.63593 1.4
-2.63569 1.3
-2.63544 1.1
-2.6352 1.0
-2.63496 0.9
-2.63471 0.7
-2.63447 0.6
-2.63422 0.5
-2.63398 0.3
-2.63374 0.2
-2.63349 0.0
-2.63325 -0.1
-2.633 -0.3
-2.63276 -0.4
-2.63251 -0.5
-2.63227 -0.7
-2.63203 -0.8
-2.63178 -1.0
-2.63154 -1.1
-2.63129 -1.2
-2.63105 -1.4
-2.63081 -1.5
-2.63056 -1.6
-2.63032 -1.7
-2.63007 -1.8
-2.62983 -2.0
-2.62959 -2.1
-2.62934 -2.2
-2.6291 -2.3
-2.62885 -2.4
-2.62861 -2.5
-2.62836 -2.5
-2.62812 -2.6
-2.62788 -2.7
-2.62763 -2.8
-2.62739 -2.8
-2.62714 -2.9
-2.6269 -2.9
-2.62666 -3.0
-2.62641 -3.0
-2.62617 -3.1
-2.62592 -3.1
-2.62568 -3.1
-2.62543 -3.1
-2.62519 -3.1
-2.62495 -3.1
-2.6247 -3.1
-2.62446 -3.1
-2.62421 -3.1
-2.62397 -3.1
-2.62373 -3.0
-2.62348 -3.0
-2.62324 -3.0
-2.62299 -2.9
-2.62275 -2.9
-2.62251 -2.8
-2.62226 -2.7
-2.62202 -2.7
-2.62177 -2.6
-2.62153 -2.5
-2.62128 -2.4
-2.62104 -2.3
-2.6208 -2.2
-2.62055 -2.1
-2.62031 -2.0
-2.62006 -1.9
-2.61982 -1.8
-2.61958 -1.7
-2.61933 -1.5
-2.61909 -1.4
-2.61884 -1.3
-2.6186 -1.2
-2.61835 -1.0
-2.61811 -0.9
-2.61787 -0.7
-2.61762 -0.6
-2.61738 -0.5
-2.61713 -0.3
-2.61689 -0.2
-2.61665 0.0
-2.6164 0.1
-2.61616 0.2
-2.61591 0.4
-2.61567 0.5
-2.61543 0.7
-2.61518 0.8
-2.61494 0.9
-2.61469 1.1
-2.61445 1.2
-2.6142 1.3
-2.61396 1.5
-2.61372 1.6
-2.61347 1.7
-2.61323 1.8
-2.61298 2.0
-2.61274 2.1
-2.6125 2.2
-2.61225 2.3
-2.61201 2.4
-2.61176 2.5
-2.61152 2.5
-2.61127 2.6
-2.61103 2.7
-2.61079 2.8
-2.61054 2.8
-2.6103 2.9
-2.61005 2.9
-2.60981 3.0
-2.60957 3.0
-2.60932 3.1
-2.60908 3.1
-2.60883 3.1
-2.60859 3.1
-2.60835 3.1
-2.6081 3.1
-2.60786 3.1
-2.60761 3.1
-2.60737 3.1
-2.60712 3.1
-2.60688 3.1
-2.60664 3.0
-2.60639 3.0
-2.60615 2.9
-2.6059 2.9
-2.60566 2.8
-2.60542 2.7
-2.60517 2.7
-2.60493 2.6
-2.60468 2.5
-2.60444 2.4
-2.60419 2.3
-2.60395 2.2
-2.60371 2.1
-2.60346 2.0
-2.60322 1.9
-2.60297 1.8
-2.60273 1.7
-2.60249 1.5
-2.60224 1.4
-2.602 1.3
-2.60175 1.2
-2.60151 1.0
-2.60126 0.9
-2.60102 0.7
-2.60078 0.6
-2.60053 0.5
-2.60029 0.3
-2.60004 0.2
-2.5998 0.0
-2.59956 -0.1
-2.59931 -0.3
-2.59907 -0.4
-2.59882 -0.5
-2.59858 -0.7
-2.59834 -0.8
-2.59809 -1.0
-2.59785 -1.1
-2.5976 -1.2
-2.59736 -1.4
-2.59711 -1.5
-2.59687 -1.6
-2.59663 -1.7
-2.59638 -1.9
-2.59614 -2.0
-2.59589 -2.1
-2.59565 -2.2
-2.59541 -2.3
-2.59516 -2.4
-2.59492 -2.5
-2.59467 -2.6
-2.59443 -2.6
-2.59418 -2.7
-2.59394 -2.8
-2.5937 -2.8
-2.59345 -2.9
-2.59321 -3.0
-2.59296 -3.0
-2.59272 -3.0
-2.59248 -3.1
-2.59223 -3.1
-2.59199 -3.1
-2.59174 -3.1
-2.5915 -3.1
-2.59126 -3.1
-2.59101 -3.1
-2.59077 -3.1
-2.59052 -3.1
-2.59028 -3.1
-2.59003 -3.1
-2.58979 -3.0
-2.58955 -3.0
-2.5893 -2.9
-2.58906 -2.9
-2.58881 -2.8
-2.58857 -2.7
-2.58833 -2.7
-2.58808 -2.6
-2.58784 -2.5
-2.58759 -2.4
-2.58735 -2.3
-2.5871 -2.2
-2.58686 -2.1
-2.58662 -2.0
-2.58637 -1.9
-2.58613 -1.8
-2.58588 -1.6
-2.58564 -1.5
-2.5854 -1.4
-2.58515 -1.3
-2.58491 -1.1
-2.58466 -1.0
-2.58442 -0.9
-2.58418 -0.7
-2.58393 -0.6
-2.58369 -0.4
-2.58344 -0.3
-2.5832 -0.1
-2.58295 0.0
-2.58271 0.1
-2.58247 0.3
-2.58222 0.4
-2.58198 0.6
-2.58173 0.7
-2.58149 0.9
-2.58125 1.0
-2.581 1.1
-2.58076 1.3
-2.58051 1.4
-2.58027 1.5
-2.58002 1.6
-2.57978 1.8
-2.57954 1.9
-2.57929 2.0
-2.57905 2.1
-2.5788 2.2
-2.57856 2.3
-2.57832 2.4
-2.57807 2.5
-2.57783 2.6
-2.57758 2.7
-2.57734 2.7
-2.5771 2.8
-2.57685 2.9
-2.57661 2.9
-2.57636 3.0
-2.57612 3.0
-2.57587 3.1
-2.57563 3.1
-2.57539 3.1
-2.57514 3.1
-2.5749 3.1
-2.57465 3.2
-2.57441 3.2
-2.57417 3.1
-2.57392 3.1
-2.57368 3.1
-2.57343 3.1
-2.57319 3.0
-2.57294 3.0
-2.5727 3.0
-2.57246 2.9
-2.57221 2.8
-2.57197 2.8
-2.57172 2.7
-2.57148 2.6
-2.57124 2.6
-2.57099 2.5
-2.57075 2.4
-2.5705 2.3
-2.57026 2.2
-2.57001 2.1
-2.56977 2.0
-2.56953 1.8
-2.56928 1.7
-2.56904 1.6
-2.56879 1.5
-2.56855 1.3
-2.56831 1.2
-2.56806 1.1
-2.56782 0.9
-2.56757 0.8
-2.56733 0.7
-2.56709 0.5
-2.56684 0.4
-2.5666 0.2
-2.56635 0.0
-2.56611 0.0
-2.56586 -0.2
-2.56562 -0.3
-2.56538 -0.5
-2.56513 -0.6
-2.56489 -0.8
-2.56464 -0.9
-2.5644 -1.0
-2.56416 -1.2
-2.56391 -1.3
-2.56367 -1.4
-2.56342 -1.6
-2.56318 -1.7
-2.56293 -1.8
-2.56269 -1.9
-2.56245 -2.0
-2.5622 -2.2
-2.56196 -2.3
-2.56171 -2.4
-2.56147 -2.5
-2.56123 -2.5
-2.56098 -2.6
-2.56074 -2.7
-2.56049 -2.8
-2.56025 -2.8
-2.56001 -2.9
-2.55976 -3.0
-2.55952 -3.0
-2.55927 -3.0
-2.55903 -3.1
-2.55878 -3.1
-2.55854 -3.1
-2.5583 -3.1
-2.55805 -3.2
-2.55781 -3.2
-2.55756 -3.2
-2.55732 -3.1
-2.55708 -3.1
-2.55683 -3.1
-2.55659 -3.1
-2.55634 -3.0
-2.5561 -3.0
-2.55585 -2.9
-2.55561 -2.9
-2.55537 -2.8
-2.55512 -2.8
-2.55488 -2.7
-2.55463 -2.6
-2.55439 -2.5
-2.55415 -2.4
-2.5539 -2.3
-2.55366 -2.2
-2.55341 -2.1
-2.55317 -2.0
-2.55293 -1.9
-2.55268 -1.8
-2.55244 -1.7
-2.55219 -1.5
-2.55195 -1.4
-2.5517 -1.3
-2.55146 -1.1
-2.55122 -1.0
-2.55097 -0.9
-2.55073 -0.7
-2.55048 -0.6
-2.55024 -0.4
-2.55 -0.3
-2.54975 -0.2
-2.54951 0.0
-2.54926 0.1
-2.54902 0.3
-2.54877 0.4
-2.54853 0.6
-2.54829 0.7
-2.54804 0.9
-2.5478 1.0
-2.54755 1.1
-2.54731 1.3
-2.54707 1.4
-2.54682 1.5
-2.54658 1.6
-2.54633 1.8
-2.54609 1.9
-2.54585 2.0
-2.5456 2.1
-2.54536 2.2
-2.54511 2.3
-2.54487 2.4
-2.54462 2.5
-2.54438 2.6
-2.54414 2.7
-2.54389 2.7
-2.54365 2.8
-2.5434 2.9
-2.54316 2.9
-2.54292 3.0
-2.54267 3.0
-2.54243 3.1
-2.54218 3.1
-2.54194 3.1
-2.54169 3.1
-2.54145 3.2
-2.54121 3.2
-2.54096 3.2
-2.54072 3.2
-2.54047 3.1
-2.54023 3.1
-2.53999 3.1
-2.53974 3.1
-2.5395 3.0
-2.53925 3.0
-2.53901 2.9
-2.53876 2.8
-2.53852 2.8
-2.53828 2.7
-2.53803 2.6
-2.53779 2.5
-2.53754 2.5
-2.5373 2.4
-2.53706 2.3
-2.53681 2.2
-2.53657 2.1
-2.53632 1.9
-2.53608 1.8
-2.53584 1.7
-2.53559 1.6
-2.53535 1.5
-2.5351 1.3
-2.53486 1.2
-2.53461 1.0
-2.53437 0.9
-2.53413 0.8
-2.53388 0.6
-2.53364 0.5
-2.53339 0.3
-2.53315 0.2
-2.53291 0.0
-2.53266 0.0
-2.53242 -0.2
-2.53217 -0.4
-2.53193 -0.5
-2.53168 -0.7
-2.53144 -0.8
-2.5312 -1.0
-2.53095 -1.1
-2.53071 -1.2
-2.53046 -1.4
-2.53022 -1.5
-2.52998 -1.6
-2.52973 -1.7
-2.52949 -1.9
-2.52924 -2.0
-2.529 -2.1
-2.52876 -2.2
-2.52851 -2.3
-2.52827 -2.4
-2.52802 -2.5
-2.52778 -2.6
-2.52753 -2.7
-2.52729 -2.7
-2.52705 -2.8
-2.5268 -2.9
-2.52656 -2.9
-2.52631 -3.0
-2.52607 -3.0
-2.52583 -3.1
-2.52558 -3.1
-2.52534 -3.1
-2.52509 -3.1
-2.52485 -3.2
-2.5246 -3.2
-2.52436 -3.2
-2.52412 -3.2
-2.52387 -3.1
-2.52363 -3.1
-2.52338 -3.1
-2.52314 -3.1
-2.5229 -3.0
-2.52265 -3.0
-2.52241 -2.9
-2.52216 -2.9
-2.52192 -2.8
-2.52168 -2.7
-2.52143 -2.6
-2.52119 -2.6
-2.52094 -2.5
-2.5207 -2.4
-2.52045 -2.3
-2.52021 -2.2
-2.51997 -2.1
-2.51972 -2.0
-2.51948 -1.8
-2.51923 -1.7
-2.51899 -1.6
-2.51875 -1.5
-2.5185 -1.3
-2.51826 -1.2
-2.51801 -1.1
-2.51777 -0.9
-2.51752 -0.8
-2.51728 -0.6
-2.51704 -0.5
-2.51679 -0.4
-2.51655 -0.2
-2.5163 0.0
-2.51606 0.0
-2.51582 0.2
-2.51557 0.4
-2.51533 0.5
-2.51508 0.7
-2.51484 0.8
-2.5146 0.9
-2.51435 1.1
-2.51411 1.2
-2.51386 1.4
-2.51362 1.5
-2.51337 1.6
-2.51313 1.7
-2.51289 1.9
-2.51264 2.0
-2.5124 2.1
-2.51215 2.2
-2.51191 2.3
-2.51167 2.4
-2.51142 2.5
-2.51118 2.6
-2.51093 2.7
-2.51069 2.7
-2.51044 2.8
-2.5102 2.9
-2.50996 2.9
-2.50971 3.0
-2.50947 3.0
-2.50922 3.1
-2.50898 3.1
-2.50874 3.1
-2.50849 3.2
-2.50825 3.2
-2.508 3.2
-2.50776 3.2
-2.50751 3.2
-2.50727 3.1
-2.50703 3.1
-2.50678 3.1
-2.50654 3.1
-2.50629 3.0
-2.50605 3.0
-2.50581 2.9
-2.50556 2.9
-2.50532 2.8
-2.50507 2.7
-2.50483 2.7
-2.50459 2.6
-2.50434 2.5
-2.5041 2.4
-2.50385 2.3
-2.50361 2.2
-2.50336 2.1
-2.50312 2.0
-2.50288 1.8
-2.50263 1.7
-2.50239 1.6
-2.50214 1.5
-2.5019 1.3
-2.50166 1.2
-2.50141 1.1
-2.50117 0.9
-2.50092 0.8
-2.50068 0.6
-2.50043 0.5
-2.50019 0.4
-2.49995 0.2
-2.4997 0.0
-2.49946 0.0
-2.49921 -0.2
-2.49897 -0.4
-2.49873 -0.5
-2.49848 -0.7
-2.49824 -0.8
-2.49799 -1.0
-2.49775 -1.1
-2.49751 -1.2
-2.49726 -1.4
-2.49702 -1.5
-2.49677 -1.6
-2.49653 -1.7
-2.49628 -1.9
-2.49604 -2.0
-2.4958 -2.1
-2.49555 -2.2
-2.49531 -2.3
-2.49506 -2.4
-2.49482 -2.5
-2.49458 -2.6
-2.49433 -2.7
-2.49409 -2.7
-2.49384 -2.8
-2.4936 -2.9
-2.49335 -2.9
-2.49311 -3.0
-2.49287 -3.0
-2.49262 -3.1
-2.49238 -3.1
-2.49213 -3.1
-2.49189 -3.2
-2.49165 -3.2
-2.4914 -3.2
-2.49116 -3.2
-2.49091 -3.2
-2.49067 -3.2
-2.49043 -3.1
-2.49018 -3.1
-2.48994 -3.1
-2.48969 -3.0
-2.48945 -3.0
-2.4892 -2.9
-2.48896 -2.9
-2.48872 -2.8
-2.48847 -2.7
-2.48823 -2.6
-2.48798 -2.6
-2.48774 -2.5
-2.4875 -2.4
-2.48725 -2.3
-2.48701 -2.2
-2.48676 -2.1
-2.48652 -1.9
-2.48627 -1.8
-2.48603 -1.7
-2.48579 -1.6
-2.48554 -1.4
-2.4853 -1.3
-2.48505 -1.2
-2.48481 -1.0
-2.48457 -0.9
-2.48432 -0.8
-2.48408 -0.6
-2.48383 -0.5
-2.48359 -0.3
-2.48335 -0.2
-2.4831 0.0
-2.48286 0.1
-2.48261 0.3
-2.48237 0.4
-2.48212 0.6
-2.48188 0.7
-2.48164 0.8
-2.48139 1.0
-2.48115 1.1
-2.4809 1.3
-2.48066 1.4
-2.48042 1.5
-2.48017 1.7
-2.47993 1.8
-2.47968 1.9
-2.47944 2.0
-2.47919 2.1
-2.47895 2.2
-2.47871 2.3
-2.47846 2.4
-2.47822 2.5
-2.47797 2.6
-2.47773 2.7
-2.47749 2.8
-2.47724 2.8
-2.477 2.9
-2.47675 3.0
-2.47651 3.0
-2.47626 3.1
-2.47602 3.1
-2.47578 3.1
-2.47553 3.1
-2.47529 3.2
-2.47504 3.2
-2.4748 3.2
-2.47456 3.2
-2.47431 3.2
-2.47407 3.2
-2.47382 3.1
-2.47358 3.1
-2.47334 3.1
-2.47309 3.0
-2.47285 3.0
-2.4726 2.9
-2.47236 2.8
-2.47211 2.8
-2.47187 2.7
-2.47163 2.6
-2.47138 2.5
-2.47114 2.4
-2.47089 2.3
-2.47065 2.2
-2.47041 2.1
-2.47016 2.0
-2.46992 1.9
-2.46967 1.8
-2.46943 1.7
-2.46918 1.5
-2.46894 1.4
-2.4687 1.3
-2.46845 1.1
-2.46821 1.0
-2.46796 0.9
-2.46772 0.7
-2.46748 0.6
-2.46723 0.4
-2.46699 0.3
-2.46674 0.1
-2.4665 0.0
-2.46626 -0.2
-2.46601 -0.3
-2.46577 -0.5
-2.46552 -0.6
-2.46528 -0.8
-2.46503 -0.9
-2.46479 -1.0
-2.46455 -1.2
-2.4643 -1.3
-2.46406 -1.4
-2.46381 -1.6
-2.46357 -1.7
-2.46333 -1.8
-2.46308 -1.9
-2.46284 -2.1
-2.46259 -2.2
-2.46235 -2.3
-2.4621 -2.4
-2.46186 -2.5
-2.46162 -2.6
-2.46137 -2.7
-2.46113 -2.7
-2.46088 -2.8
-2.46064 -2.9
-2.4604 -2.9
-2.46015 -3.0
-2.45991 -3.0
-2.45966 -3.1
-2.45942 -3.1
-2.45918 -3.1
-2.45893 -3.2
-2.45869 -3.2
-2.45844 -3.2
-2.4582 -3.2
-2.45795 -3.2
-2.45771 -3.2
-2.45747 -3.1
-2.45722 -3.1
-2.45698 -3.1
-2.45673 -3.0
-2.45649 -3.0
-2.45625 -2.9
-2.456 -2.9
-2.45576 -2.8
-2.45551 -2.7
-2.45527 -2.7
-2.45502 -2.6
-2.45478 -2.5
-2.45454 -2.4
-2.45429 -2.3
-2.45405 -2.2
-2.4538 -2.1
-2.45356 -2.0
-2.45332 -1.9
-2.45307 -1.7
-2.45283 -1.6
-2.45258 -1.5
-2.45234 -1.3
-2.4521 -1.2
-2.45185 -1.1
-2.45161 -0.9
-2.45136 -0.8
-2.45112 -0.6
-2.45087 -0.5
-2.45063 -0.3
-2.45039 -0.2
-2.45014 0.0
-2.4499 0.1
-2.44965 0.3
-2.44941 0.4
-2.44917 0.5
-2.44892 0.7
-2.44868 0.8
-2.44843 1.0
-2.44819 1.1
-2.44794 1.3
-2.4477 1.4
-2.44746 1.5
-2.44721 1.7
-2.44697 1.8
-2.44672 1.9
-2.44648 2.0
-2.44624 2.1
-2.44599 2.2
-2.44575 2.3
-2.4455 2.4
-2.44526 2.5
-2.44501 2.6
-2.44477 2.7
-2.44453 2.8
-2.44428 2.9
-2.44404 2.9
-2.44379 3.0
-2.44355 3.0
-2.44331 3.1
-2.44306 3.1
-2.44282 3.1
-2.44257 3.2
-2.44233 3.2
-2.44209 3.2
-2.44184 3.2
-2.4416 3.2
-2.44135 3.2
-2.44111 3.2
-2.44086 3.1
-2.44062 3.1
-2.44038 3.1
-2.44013 3.0
-2.43989 3.0
-2.43964 2.9
-2.4394 2.8
-2.43916 2.8
-2.43891 2.7
-2.43867 2.6
-2.43842 2.5
-2.43818 2.4
-2.43793 2.3
-2.43769 2.2
-2.43745 2.1
-2.4372 2.0
-2.43696 1.9
-2.43671 1.8
-2.43647 1.6
-2.43623 1.5
-2.43598 1.4
-2.43574 1.2
-2.43549 1.1
-2.43525 1.0
-2.43501 0.8
-2.43476 0.7
-2.43452 0.5
-2.43427 0.4
-2.43403 0.2
-2.43378 0.0
-2.43354 0.0
-2.4333 -0.2
-2.43305 -0.4
-2.43281 -0.5
-2.43256 -0.7
-2.43232 -0.8
-2.43208 -0.9
-2.43183 -1.1
-2.43159 -1.2
-2.43134 -1.4
-2.4311 -1.5
-2.43085 -1.6
-2.43061 -1.7
-2.43037 -1.9
-2.43012 -2.0
-2.42988 -2.1
-2.42963 -2.2
-2.42939 -2.3
-2.42915 -2.4
-2.4289 -2.5
-2.42866 -2.6
-2.42841 -2.7
-2.42817 -2.8
-2.42793 -2.8
-2.42768 -2.9
-2.42744 -3.0
-2.42719 -3.0
-2.42695 -3.1
-2.4267 -3.1
-2.42646 -3.1
-2.42622 -3.2
-2.42597 -3.2
-2.42573 -3.2
-2.42548 -3.2
-2.42524 -3.2
-2.425 -3.2
-2.42475 -3.2
-2.42451 -3.1
-2.42426 -3.1
-2.42402 -3.1
-2.42377 -3.0
-2.42353 -3.0
-2.42329 -2.9
-2.42304 -2.9
-2.4228 -2.8
-2.42255 -2.7
-2.42231 -2.6
-2.42207 -2.6
-2.42182 -2.5
-2.42158 -2.4
-2.42133 -2.3
-2.42109 -2.1
-2.42085 -2.0
-2.4206 -1.9
-2.42036 -1.8
-2.42011 -1.7
-2.41987 -1.5
-2.41962 -1.4
-2.41938 -1.3
-2.41914 -1.1
-2.41889 -1.0
-2.41865 -0.8
-2.4184 -0.7
-2.41816 -0.6
-2.41792 -0.4
-2.41767 -0.3
-2.41743 -0.1
-2.41718 0.0
-2.41694 0.2
-2.41669 0.3
-2.41645 0.5
-2.41621 0.6
-2.41596 0.8
-2.41572 0.9
-2.41547 1.1
-2.41523 1.2
-2.41499 1.3
-2.41474 1.5
-2.4145 1.6
-2.41425 1.7
-2.41401 1.9
-2.41376 2.0
-2.41352 2.1
-2.41328 2.2
-2.41303 2.3
-2.41279 2.4
-2.41254 2.5
-2.4123 2.6
-2.41206 2.7
-2.41181 2.8
-2.41157 2.8
-2.41132 2.9
-2.41108 3.0
-2.41084 3.0
-2.41059 3.1
-2.41035 3.1
-2.4101 3.1
-2.40986 3.2
-2.40961 3.2
-2.40937 3.2
-2.40913 3.2
-2.40888 3.2
-2.40864 3.2
-2.40839 3.2
-2.40815 3.2
-2.40791 3.1
-2.40766 3.1
-2.40742 3.0
-2.40717 3.0
-2.40693 2.9
-2.40668 2.9
-2.40644 2.8
-2.4062 2.7
-2.40595 2.6
-2.40571 2.6
-2.40546 2.5
-2.40522 2.4
-2.40498 2.3
-2.40473 2.2
-2.40449 2.0
-2.40424 1.9
-2.404 1.8
-2.40376 1.7
-2.40351 1.5
-2.40327 1.4
-2.40302 1.3
-2.40278 1.1
-2.40253 1.0
-2.40229 0.8
-2.40205 0.7
-2.4018 0.6
-2.40156 0.4
-2.40131 0.3
-2.40107 0.1
-2.40083 0.0
-2.40058 -0.2
-2.40034 -0.3
-2.40009 -0.5
-2.39985 -0.6
-2.3996 -0.8
-2.39936 -0.9
-2.39912 -1.1
-2.39887 -1.2
-2.39863 -1.4
-2.39838 -1.5
-2.39814 -1.6
-2.3979 -1.8
-2.39765 -1.9
-2.39741 -2.0
-2.39716 -2.1
-2.39692 -2.2
-2.39668 -2.3
-2.39643 -2.4
-2.39619 -2.5
-2.39594 -2.6
-2.3957 -2.7
-2.39545 -2.8
-2.39521 -2.8
-2.39497 -2.9
-2.39472 -3.0
-2.39448 -3.0
-2.39423 -3.1
-2.39399 -3.1
-2.39375 -3.1
-2.3935 -3.2
-2.39326 -3.2
-2.39301 -3.2
-2.39277 -3.2
-2.39252 -3.2
-2.39228 -3.2
-2.39204 -3.2
-2.39179 -3.2
-2.39155 -3.1
-2.3913 -3.1
-2.39106 -3.0
-2.39082 -3.0
-2.39057 -2.9
-2.39033 -2.9
-2.39008 -2.8
-2.38984 -2.7
-2.3896 -2.6
-2.38935 -2.5
-2.38911 -2.5
-2.38886 -2.4
-2.38862 -2.2
-2.38837 -2.1
-2.38813 -2.0
-2.38789 -1.9
-2.38764 -1.8
-2.3874 -1.7
-2.38715 -1.5
-2.38691 -1.4
-2.38667 -1.3
-2.38642 -1.1
-2.38618 -1.0
-2.38593 -0.8
-2.38569 -0.7
-2.38544 -0.5
-2.3852 -0.4
-2.38496 -0.2
-2.38471 0.0
-2.38447 0.0
-2.38422 0.2
-2.38398 0.4
-2.38374 0.5
-2.38349 0.7
-2.38325 0.8
-2.383 1.0
-2.38276 1.1
-2.38251 1.3
-2.38227 1.4
-2.38203 1.5
-2.38178 1.7
-2.38154 1.8
-2.38129 1.9
-2.38105 2.0
-2.38081 2.1
-2.38056 2.3
-2.38032 2.4
-2.38007 2.5
-2.37983 2.6
-2.37959 2.6
-2.37934 2.7
-2.3791 2.8
-2.37885 2.9
-2.37861 2.9
-2.37836 3.0
-2.37812 3.0
-2.37788 3.1
-2.37763 3.1
-2.37739 3.2
-2.37714 3.2
-2.3769 3.2
-2.37666 3.2
-2.37641 3.2
-2.37617 3.2
-2.37592 3.2
-2.37568 3.2
-2.37543 3.2
-2.37519 3.1
-2.37495 3.1
-2.3747 3.0
-2.37446 3.0
-2.37421 2.9
-2.37397 2.9
-2.37373 2.8
-2.37348 2.7
-2.37324 2.6
-2.37299 2.5
-2.37275 2.4
-2.37251 2.3
-2.37226 2.2
-2.37202 2.1
-2.37177 2.0
-2.37153 1.9
-2.37128 1.7
-2.37104 1.6
-2.3708 1.5
-2.37055 1.3
-2.37031 1.2
-2.37006 1.1
-2.36982 0.9
-2.36958 0.8
-2.36933 0.6
-2.36909 0.5
-2.36884 0.3
-2.3686 0.2
-2.36835 0.0
-2.36811 -0.1
-2.36787 -0.3
-2.36762 -0.4
-2.36738 -0.6
-2.36713 -0.7
-2.36689 -0.9
-2.36665 -1.0
-2.3664 -1.2
-2.36616 -1.3
-2.36591 -1.4
-2.36567 -1.6
-2.36543 -1.7
-2.36518 -1.8
-2.36494 -2.0
-2.36469 -2.1
-2.36445 -2.2
-2.3642 -2.3
-2.36396 -2.4
-2.36372 -2.5
-2.36347 -2.6
-2.36323 -2.7
-2.36298 -2.8
-2.36274 -2.8
-2.3625 -2.9
-2.36225 -3.0
-2.36201 -3.0
-2.36176 -3.1
-2.36152 -3.1
-2.36127 -3.1
-2.36103 -3.2
-2.36079 -3.2
-2.36054 -3.2
-2.3603 -3.2
-2.36005 -3.2
-2.35981 -3.2
-2.35957 -3.2
-2.35932 -3.2
-2.35908 -3.1
-2.35883 -3.1
-2.35859 -3.1
-2.35835 -3.0
-2.3581 -3.0
-2.35786 -2.9
-2.35761 -2.8
-2.35737 -2.7
-2.35712 -2.7
-2.35688 -2.6
-2.35664 -2.5
-2.35639 -2.4
-2.35615 -2.3
-2.3559 -2.2
-2.35566 -2.1
-2.35542 -1.9
-2.35517 -1.8
-2.35493 -1.7
-2.35468 -1.5
-2.35444 -1.4
-2.35419 -1.3
-2.35395 -1.1
-2.35371 -1.0
-2.35346 -0.8
-2.35322 -0.7
-2.35297 -0.5
-2.35273 -0.4
-2.35249 -0.2
-2.35224 0.0
-2.352 0.0
-2.35175 0.2
-2.35151 0.4
-2.35126 0.5
-2.35102 0.7
-2.35078 0.8
-2.35053 1.0
-2.35029 1.1
-2.35004 1.2
-2.3498 1.4
-2.34956 1.5
-2.34931 1.7
-2.34907 1.8
-2.34882 1.9
-2.34858 2.0
-2.34834 2.1
-2.34809 2.3
-2.34785 2.4
-2.3476 2.5
-2.34736 2.6
-2.34711 2.6
-2.34687 2.7
-2.34663 2.8
-2.34638 2.9
-2.34614 2.9
-2.34589 3.0
-2.34565 3.1
-2.34541 3.1
-2.34516 3.1
-2.34492 3.2
-2.34467 3.2
-2.34443 3.2
-2.34418 3.2
-2.34394 3.2
-2.3437 3.2
-2.34345 3.2
-2.34321 3.2
-2.34296 3.2
-2.34272 3.1
-2.34248 3.1
-2.34223 3.0
-2.34199 3.0
-2.34174 2.9
-2.3415 2.9
-2.34126 2.8
-2.34101 2.7
-2.34077 2.6
-2.34052 2.5
-2.34028 2.4
-2.34003 2.3
-2.33979 2.2
-2.33955 2.1
-2.3393 2.0
-2.33906 1.9
-2.33881 1.7
-2.33857 1.6
-2.33833 1.5
-2.33808 1.3
-2.33784 1.2
-2.33759 1.0
-2.33735 0.9
-2.3371 0.7
-2.33686 0.6
-2.33662 0.4
-2.33637 0.3
-2.33613 0.1
-2.33588 0.0
-2.33564 -0.2
-2.3354 -0.3
-2.33515 -0.5
-2.33491 -0.6
-2.33466 -0.8
-2.33442 -0.9
-2.33418 -1.1
-2.33393 -1.2
-2.33369 -1.3
-2.33344 -1.5
-2.3332 -1.6
-2.33295 -1.8
-2.33271 -1.9
-2.33247 -2.0
-2.33222 -2.1
-2.33198 -2.2
-2.33173 -2.3
-2.33149 -2.4
-2.33125 -2.5
-2.331 -2.6
-2.33076 -2.7
-2.33051 -2.8
-2.33027 -2.9
-2.33002 -2.9
-2.32978 -3.0
-2.32954 -3.1
-2.32929 -3.1
-2.32905 -3.1
-2.3288 -3.2
-2.32856 -3.2
-2.32832 -3.2
-2.32807 -3.2
-2.32783 -3.2
-2.32758 -3.2
-2.32734 -3.2
-2.3271 -3.2
-2.32685 -3.2
-2.32661 -3.1
-2.32636 -3.1
-2.32612 -3.1
-2.32587 -3.0
-2.32563 -2.9
-2.32539 -2.9
-2.32514 -2.8
-2.3249 -2.7
-2.32465 -2.6
-2.32441 -2.5
-2.32417 -2.4
-2.32392 -2.3
-2.32368 -2.2
-2.32343 -2.1
-2.32319 -2.0
-2.32294 -1.9
-2.3227 -1.8
-2.32246 -1.6
-2.32221 -1.5
-2.32197 -1.3
-2.32172 -1.2
-2.32148 -1.1
-2.32124 -0.9
-2.32099 -0.8
-2.32075 -0.6
-2.3205 -0.5
-2.32026 -0.3
-2.32001 -0.2
-2.31977 0.0
-2.31953 0.1
-2.31928 0.3
-2.31904 0.5
-2.31879 0.6
-2.31855 0.8
-2.31831 0.9
-2.31806 1.0
-2.31782 1.2
-2.31757 1.3
-2.31733 1.5
-2.31709 1.6
-2.31684 1.7
-2.3166 1.9
-2.31635 2.0
-2.31611 2.1
-2.31586 2.2
-2.31562 2.3
-2.31538 2.4
-2.31513 2.5
-2.31489 2.6
-2.31464 2.7
-2.3144 2.8
-2.31416 2.9
-2.31391 2.9
-2.31367 3.0
-2.31342 3.1
-2.31318 3.1
-2.31293 3.1
-2.31269 3.2
-2.31245 3.2
-2.3122 3.2
-2.31196 3.2
-2.31171 3.2
-2.31147 3.2
-2.31123 3.2
-2.31098 3.2
-2.31074 3.2
-2.31049 3.1
-2.31025 3.1
-2.31001 3.1
-2.30976 3.0
-2.30952 2.9
-2.30927 2.9
-2.30903 2.8
-2.30878 2.7
-2.30854 2.6
-2.3083 2.5
-2.30805 2.4
-2.30781 2.3
-2.30756 2.2
-2.30732 2.1
-2.30708 2.0
-2.30683 1.9
-2.30659 1.8
-2.30634 1.6
-2.3061 1.5
-2.30585 1.3
-2.30561 1.2
-2.30537 1.1
-2.30512 0.9
-2.30488 0.8
-2.30463 0.6
-2.30439 0.5
-2.30415 0.3
-2.3039 0.2
-2.30366 0.0
-2.30341 -0.2
-2.30317 -0.3
-2.30293 -0.5
-2.30268 -0.6
-2.30244 -0.8
-2.30219 -0.9
-2.30195 -1.1
-2.3017 -1.2
-2.30146 -1.3
-2.30122 -1.5
-2.30097 -1.6
-2.30073 -1.8
-2.30048 -1.9
-2.30024 -2.0
-2.3 -2.1
-2.29975 -2.2
-2.29951 -2.3
-2.29926 -2.4
-2.29902 -2.5
-2.29877 -2.6
-2.29853 -2.7
-2.29829 -2.8
-2.29804 -2.9
-2.2978 -2.9
-2.29755 -3.0
-2.29731 -3.1
-2.29707 -3.1
-2.29682 -3.1
-2.29658 -3.2
-2.29633 -3.2
-2.29609 -3.2
-2.29585 -3.2
-2.2956 -3.2
-2.29536 -3.2
-2.29511 -3.2
-2.29487 -3.2
-2.29462 -3.2
-2.29438 -3.1
-2.29414 -3.1
-2.29389 -3.1
-2.29365 -3.0
-2.2934 -2.9
-2.29316 -2.9
-2.29292 -2.8
-2.29267 -2.7
-2.29243 -2.6
-2.29218 -2.5
-2.29194 -2.4
-2.29169 -2.3
-2.29145 -2.2
-2.29121 -2.1
-2.29096 -2.0
-2.29072 -1.9
-2.29047 -1.7
-2.29023 -1.6
-2.28999 -1.5
-2.28974 -1.3
-2.2895 -1.2
-2.28925 -1.0
-2.28901 -0.9
-2.28876 -0.7
-2.28852 -0.6
-2.28828 -0.4
-2.28803 -0.3
-2.28779 -0.1
-2.28754 0.0
-2.2873 0.2
-2.28706 0.3
-2.28681 0.5
-2.28657 0.6
-2.28632 0.8
-2.28608 0.9
-2.28584 1.1
-2.28559 1.2
-2.28535 1.4
-2.2851 1.5
-2.28486 1.7
-2.28461 1.8
-2.28437 1.9
-2.28413 2.0
-2.28388 2.2
-2.28364 2.3
-2.28339 2.4
-2.28315 2.5
-2.28291 2.6
-2.28266 2.7
-2.28242 2.8
-2.28217 2.8
-2.28193 2.9
-2.28168 3.0
-2.28144 3.0
-2.2812 3.1
-2.28095 3.1
-2.28071 3.2
-2.28046 3.2
-2.28022 3.2
-2.27998 3.2
-2.27973 3.2
-2.27949 3.2
-2.27924 3.2
-2.279 3.2
-2.27876 3.2
-2.27851 3.2
-2.27827 3.1
-2.27802 3.1
-2.27778 3.0
-2.27753 3.0
-2.27729 2.9
-2.27705 2.9
-2.2768 2.8
-2.27656 2.7
-2.27631 2.6
-2.27607 2.5
-2.27583 2.4
-2.27558 2.3
-2.27534 2.2
-2.27509 2.1
-2.27485 1.9
-2.2746 1.8
-2.27436 1.7
-2.27412 1.6
-2.27387 1.4
-2.27363 1.3
-2.27338 1.1
-2.27314 1.0
-2.2729 0.8
-2.27265 0.7
-2.27241 0.5
-2.27216 0.4
-2.27192 0.2
-2.27168 0.0
-2.27143 0.0
-2.27119 -0.2
-2.27094 -0.4
-2.2707 -0.6
-2.27045 -0.7
-2.27021 -0.9
-2.26997 -1.0
-2.26972 -1.2
-2.26948 -1.3
-2.26923 -1.4
-2.26899 -1.6
-2.26875 -1.7
-2.2685 -1.8
-2.26826 -2.0
-2.26801 -2.1
-2.26777 -2.2
-2.26752 -2.3
-2.26728 -2.4
-2.26704 -2.5
-2.26679 -2.6
-2.26655 -2.7
-2.2663 -2.8
-2.26606 -2.9
-2.26582 -2.9
-2.26557 -3.0
-2.26533 -3.1
-2.26508 -3.1
-2.26484 -3.1
-2.2646 -3.2
-2.26435 -3.2
-2.26411 -3.2
-2.26386 -3.2
-2.26362 -3.2
-2.26337 -3.2
-2.26313 -3.2
-2.26289 -3.2
-2.26264 -3.2
-2.2624 -3.2
-2.26215 -3.1
-2.26191 -3.1
-2.26167 -3.0
-2.26142 -3.0
-2.26118 -2.9
-2.26093 -2.8
-2.26069 -2.7
-2.26044 -2.7
-2.2602 -2.6
-2.25996 -2.5
-2.25971 -2.4
-2.25947 -2.2
-2.25922 -2.1
-2.25898 -2.0
-2.25874 -1.9
-2.25849 -1.8
-2.25825 -1.6
-2.258 -1.5
-2.25776 -1.3
-2.25751 -1.2
-2.25727 -1.1
-2.25703 -0.9
-2.25678 -0.8
-2.25654 -0.6
-2.25629 -0.5
-2.25605 -0.3
-2.25581 -0.1
-2.25556 0.0
-2.25532 0.2
-2.25507 0.3
-2.25483 0.5
-2.25459 0.6
-2.25434 0.8
-2.2541 0.9
-2.25385 1.1
-2.25361 1.2
-2.25336 1.4
-2.25312 1.5
-2.25288 1.7
-2.25263 1.8
-2.25239 1.9
-2.25214 2.0
-2.2519 2.2
-2.25166 2.3
-2.25141 2.4
-2.25117 2.5
-2.25092 2.6
-2.25068 2.7
-2.25043 2.8
-2.25019 2.8
-2.24995 2.9
-2.2497 3.0
-2.24946 3.0
-2.24921 3.1
-2.24897 3.1
-2.24873 3.2
-2.24848 3.2
-2.24824 3.2
-2.24799 3.2
-2.24775 3.3
-2.24751 3.3
-2.24726 3.2
-2.24702 3.2
-2.24677 3.2
-2.24653 3.2
-2.24628 3.1
-2.24604 3.1
-2.2458 3.0
-2.24555 3.0
-2.24531 2.9
-2.24506 2.9
-2.24482 2.8
-2.24458 2.7
-2.24433 2.6
-2.24409 2.5
-2.24384 2.4
-2.2436 2.3
-2.24335 2.2
-2.24311 2.1
-2.24287 1.9
-2.24262 1.8
-2.24238 1.7
-2.24213 1.5
-2.24189 1.4
-2.24165 1.3
-2.2414 1.1
-2.24116 1.0
-2.24091 0.8
-2.24067 0.7
-2.24043 0.5
-2.24018 0.3
-2.23994 0.2
-2.23969 0.0
-2.23945 -0.1
-2.2392 -0.3
-2.23896 -0.4
-2.23872 -0.6
-2.23847 -0.7
-2.23823 -0.9
-2.23798 -1.0
-2.23774 -1.2
-2.2375 -1.3
-2.23725 -1.5
-2.23701 -1.6
-2.23676 -1.8
-2.23652 -1.9
-2.23627 -2.0
-2.23603 -2.1
-2.23579 -2.2
-2.23554 -2.4
-2.2353 -2.5
-2.23505 -2.6
-2.23481 -2.7
-2.23457 -2.7
-2.23432 -2.8
-2.23408 -2.9
-2.23383 -3.0
-2.23359 -3.0
-2.23335 -3.1
-2.2331 -3.1
-2.23286 -3.2
-2.23261 -3.2
-2.23237 -3.2
-2.23212 -3.2
-2.23188 -3.3
-2.23164 -3.3
-2.23139 -3.3
-2.23115 -3.2
-2.2309 -3.2
-2.23066 -3.2
-2.23042 -3.2
-2.23017 -3.1
-2.22993 -3.1
-2.22968 -3.0
-2.22944 -2.9
-2.22919 -2.9
-2.22895 -2.8
-2.22871 -2.7
-2.22846 -2.6
-2.22822 -2.5
-2.22797 -2.4
-2.22773 -2.3
-2.22749 -2.2
-2.22724 -2.1
-2.227 -2.0
-2.22675 -1.8
-2.22651 -1.7
-2.22626 -1.6
-2.22602 -1.4
-2.22578 -1.3
-2.22553 -1.1
-2.22529 -1.0
-2.22504 -0.8
-2.2248 -0.7
-2.22456 -0.5
-2.22431 -0.4
-2.22407 -0.2
-2.22382 0.0
-2.22358 0.1
-2.22334 0.3
-2.22309 0.4
-2.22285 0.6
-2.2226 0.7
-2.22236 0.9
-2.22211 1.0
-2.22187 1.2
-2.22163 1.3
-2.22138 1.5
-2.22114 1.6
-2.22089 1.7
-2.22065 1.9
-2.22041 2.0
-2.22016 2.1
-2.21992 2.2
-2.21967 2.4
-2.21943 2.5
-2.21918 2.6
-2.21894 2.7
-2.2187 2.7
-2.21845 2.8
-2.21821 2.9
-2.21796 3.0
-2.21772 3.0
-2.21748 3.1
-2.21723 3.1
-2.21699 3.2
-2.21674 3.2
-2.2165 3.2
-2.21626 3.3
-2.21601 3.3
-2.21577 3.3
-2.21552 3.3
-2.21528 3.2
-2.21503 3.2
-2.21479 3.2
-2.21455 3.2
-2.2143 3.1
-2.21406 3.1
-2.21381 3.0
-2.21357 2.9
-2.21333 2.9
-2.21308 2.8
-2.21284 2.7
-2.21259 2.6
-2.21235 2.5
-2.2121 2.4
-2.21186 2.3
-2.21162 2.2
-2.21137 2.1
-2.21113 2.0
-2.21088 1.8
-2.21064 1.7
-2.2104 1.6
-2.21015 1.4
-2.20991 1.3
-2.20966 1.1
-2.20942 1.0
-2.20918 0.8
-2.20893 0.7
-2.20869 0.5
-2.20844 0.4
-2.2082 0.2
-2.20795 0.0
-2.20771 -0.1
-2.20747 -0.3
-2.20722 -0.4
-2.20698 -0.6
-2.20673 -0.7
-2.20649 -0.9
-2.20625 -1.0
-2.206 -1.2
-2.20576 -1.3
-2.20551 -1.5
-2.20527 -1.6
-2.20502 -1.8
-2.20478 -1.9
-2.20454 -2.0
-2.20429 -2.1
-2.20405 -2.3
-2.2038 -2.4
-2.20356 -2.5
-2.20332 -2.6
-2.20307 -2.7
-2.20283 -2.8
-2.20258 -2.8
-2.20234 -2.9
-2.2021 -3.0
-2.20185 -3.0
-2.20161 -3.1
-2.20136 -3.1
-2.20112 -3.2
-2.20087 -3.2
-2.20063 -3.2
-2.20039 -3.3
-2.20014 -3.3
-2.1999 -3.3
-2.19965 -3.3
-2.19941 -3.3
-2.19917 -3.2
-2.19892 -3.2
-2.19868 -3.2
-2.19843 -3.1
-2.19819 -3.1
-2.19794 -3.0
-2.1977 -2.9
-2.19746 -2.9
-2.19721 -2.8
-2.19697 -2.7
-2.19672 -2.6
-2.19648 -2.5
-2.19624 -2.4
-2.19599 -2.3
-2.19575 -2.2
-2.1955 -2.1
-2.19526 -1.9
-2.19501 -1.8
-2.19477 -1.7
-2.19453 -1.5
-2.19428 -1.4
-2.19404 -1.2
-2.19379 -1.1
-2.19355 -0.9
-2.19331 -0.8
-2.19306 -0.6
-2.19282 -0.5
-2.19257 -0.3
-2.19233 -0.2
-2.19209 0.0
-2.19184 0.1
-2.1916 0.3
-2.19135 0.5
-2.19111 0.6
-2.19086 0.8
-2.19062 0.9
-2.19038 1.1
-2.19013 1.2
-2.18989 1.4
-2.18964 1.5
-2.1894 1.7
-2.18916 1.8
-2.18891 1.9
-2.18867 2.1
-2.18842 2.2
-2.18818 2.3
-2.18793 2.4
-2.18769 2.5
-2.18745 2.6
-2.1872 2.7
-2.18696 2.8
-2.18671 2.9
-2.18647 2.9
-2.18623 3.0
-2.18598 3.1
-2.18574 3.1
-2.18549 3.2
-2.18525 3.2
-2.18501 3.2
-2.18476 3.3
-2.18452 3.3
-2.18427 3.3
-2.18403 3.3
-2.18378 3.3
-2.18354 3.3
-2.1833 3.2
-2.18305 3.2
-2.18281 3.2
-2.18256 3.1
-2.18232 3.1
-2.18208 3.0
-2.18183 2.9
-2.18159 2.9
-2.18134 2.8
-2.1811 2.7
-2.18085 2.6
-2.18061 2.5
-2.18037 2.4
-2.18012 2.3
-2.17988 2.1
-2.17963 2.0
-2.17939 1.9
-2.17915 1.8
-2.1789 1.6
-2.17866 1.5
-2.17841 1.3
-2.17817 1.2
-2.17793 1.0
-2.17768 0.9
-2.17744 0.7
-2.17719 0.6
-2.17695 0.4
-2.1767 0.3
-2.17646 0.1
-2.17622 0.0
-2.17597 -0.2
-2.17573 -0.4
-2.17548 -0.5
-2.17524 -0.7
-2.175 -0.8
-2.17475 -1.0
-2.17451 -1.1
-2.17426 -1.3
-2.17402 -1.4
-2.17377 -1.6
-2.17353 -1.7
-2.17329 -1.9
-2.17304 -2.0
-2.1728 -2.1
-2.17255 -2.2
-2.17231 -2.3
-2.17207 -2.5
-2.17182 -2.6
-2.17158 -2.7
-2.17133 -2.7
-2.17109 -2.8
-2.17085 -2.9
-2.1706 -3.0
-2.17036 -3.0
-2.17011 -3.1
-2.16987 -3.1
-2.16962 -3.2
-2.16938 -3.2
-2.16914 -3.2
-2.16889 -3.3
-2.16865 -3.3
-2.1684 -3.3
-2.16816 -3.3
-2.16792 -3.3
-2.16767 -3.2
-2.16743 -3.2
-2.16718 -3.2
-2.16694 -3.1
-2.16669 -3.1
-2.16645 -3.0
-2.16621 -3.0
-2.16596 -2.9
-2.16572 -2.8
-2.16547 -2.7
-2.16523 -2.6
-2.16499 -2.5
-2.16474 -2.4
-2.1645 -2.3
-2.16425 -2.2
-2.16401 -2.1
-2.16376 -2.0
-2.16352 -1.8
-2.16328 -1.7
-2.16303 -1.6
-2.16279 -1.4
-2.16254 -1.3
-2.1623 -1.1
-2.16206 -1.0
-2.16181 -0.8
-2.16157 -0.7
-2.16132 -0.5
-2.16108 -0.3
-2.16084 -0.2
-2.16059 0.0
-2.16035 0.1
-2.1601 0.3
-2.15986 0.5
-2.15961 0.6
-2.15937 0.8
-2.15913 0.9
-2.15888 1.1
-2.15864 1.2
-2.15839 1.4
-2.15815 1.5
-2.15791 1.7
-2.15766 1.8
-2.15742 1.9
-2.15717 2.1
-2.15693 2.2
-2.15668 2.3
-2.15644 2.4
-2.1562 2.5
-2.15595 2.6
-2.15571 2.7
-2.15546 2.8
-2.15522 2.9
-2.15498 3.0
-2.15473 3.0
-2.15449 3.1
-2.15424 3.1
-2.154 3.2
-2.15376 3.2
-2.15351 3.2
-2.15327 3.3
-2.15302 3.3
-2.15278 3.3
-2.15253 3.3
-2.15229 3.3
-2.15205 3.3
-2.1518 3.2
-2.15156 3.2
-2.15131 3.2
-2.15107 3.1
-2.15083 3.1
-2.15058 3.0
-2.15034 2.9
-2.15009 2.8
-2.14985 2.8
-2.1496 2.7
-2.14936 2.6
-2.14912 2.5
-2.14887 2.4
-2.14863 2.3
-2.14838 2.1
-2.14814 2.0
-2.1479 1.9
-2.14765 1.7
-2.14741 1.6
-2.14716 1.5
-2.14692 1.3
-2.14668 1.2
-2.14643 1.0
-2.14619 0.9
-2.14594 0.7
-2.1457 0.5
-2.14545 0.4
-2.14521 0.2
-2.14497 0.0
-2.14472 0.0
-2.14448 -0.3
-2.14423 -0.4
-2.14399 -0.6
-2.14375 -0.7
-2.1435 -0.9
-2.14326 -1.0
-2.14301 -1.2
-2.14277 -1.3
-2.14252 -1.5
-2.14228 -1.6
-2.14204 -1.8
-2.14179 -1.9
-2.14155 -2.0
-2.1413 -2.2
-2.14106 -2.3
-2.14082 -2.4
-2.14057 -2.5
-2.14033 -2.6
-2.14008 -2.7
-2.13984 -2.8
-2.1396 -2.9
-2.13935 -2.9
-2.13911 -3.0
-2.13886 -3.1
-2.13862 -3.1
-2.13837 -3.2
-2.13813 -3.2
-2.13789 -3.2
-2.13764 -3.3
-2.1374 -3.3
-2.13715 -3.3
-2.13691 -3.3
-2.13667 -3.3
-2.13642 -3.3
-2.13618 -3.2
-2.13593 -3.2
-2.13569 -3.2
-2.13544 -3.1
-2.1352 -3.1
-2.13496 -3.0
-2.13471 -2.9
-2.13447 -2.9
-2.13422 -2.8
-2.13398 -2.7
-2.13374 -2.6
-2.13349 -2.5
-2.13325 -2.4
-2.133 -2.3
-2.13276 -2.2
-2.13251 -2.0
-2.13227 -1.9
-2.13203 -1.8
-2.13178 -1.6
-2.13154 -1.5
-2.13129 -1.3
-2.13105 -1.2
-2.13081 -1.0
-2.13056 -0.9
-2.13032 -0.7
-2.13007 -0.6
-2.12983 -0.4
-2.12959 -0.2
-2.12934 0.0
-2.1291 0.0
-2.12885 0.2
-2.12861 0.4
-2.12836 0.6
-2.12812 0.7
-2.12788 0.9
-2.12763 1.0
-2.12739 1.2
-2.12714 1.3
-2.1269 1.5
-2.12666 1.6
-2.12641 1.8
-2.12617 1.9
-2.12592 2.0
-2.12568 2.2
-2.12543 2.3
-2.12519 2.4
-2.12495 2.5
-2.1247 2.6
-2.12446 2.7
-2.12421 2.8
-2.12397 2.9
-2.12373 2.9
-2.12348 3.0
-2.12324 3.1
-2.12299 3.1
-2.12275 3.2
-2.12251 3.2
-2.12226 3.3
-2.12202 3.3
-2.12177 3.3
-2.12153 3.3
-2.12128 3.3
-2.12104 3.3
-2.1208 3.3
-2.12055 3.3
-2.12031 3.2
-2.12006 3.2
-2.11982 3.1
-2.11958 3.1
-2.11933 3.0
-2.11909 2.9
-2.11884 2.9
-2.1186 2.8
-2.11835 2.7
-2.11811 2.6
-2.11787 2.5
-2.11762 2.4
-2.11738 2.3
-2.11713 2.2
-2.11689 2.0
-2.11665 1.9
-2.1164 1.8
-2.11616 1.6
-2.11591 1.5
-2.11567 1.3
-2.11543 1.2
-2.11518 1.0
-2.11494 0.9
-2.11469 0.7
-2.11445 0.6
-2.1142 0.4
-2.11396 0.2
-2.11372 0.0
-2.11347 0.0
-2.11323 -0.3
-2.11298 -0.4
-2.11274 -0.6
-2.1125 -0.7
-2.11225 -0.9
-2.11201 -1.0
-2.11176 -1.2
-2.11152 -1.4
-2.11127 -1.5
-2.11103 -1.6
-2.11079 -1.8
-2.11054 -1.9
-2.1103 -2.0
-2.11005 -2.2
-2.10981 -2.3
-2.10957 -2.4
-2.10932 -2.5
-2.10908 -2.6
-2.10883 -2.7
-2.10859 -2.8
-2.10835 -2.9
-2.1081 -3.0
-2.10786 -3.0
-2.10761 -3.1
-2.10737 -3.1
-2.10712 -3.2
-2.10688 -3.2
-2.10664 -3.3
-2.10639 -3.3
-2.10615 -3.3
-2.1059 -3.3
-2.10566 -3.3
-2.10542 -3.3
-2.10517 -3.3
-2.10493 -3.3
-2.10468 -3.2
-2.10444 -3.2
-2.10419 -3.1
-2.10395 -3.1
-2.10371 -3.0
-2.10346 -2.9
-2.10322 -2.9
-2.10297 -2.8
-2.10273 -2.7
-2.10249 -2.6
-2.10224 -2.5
-2.102 -2.4
-2.10175 -2.3
-2.10151 -2.1
-2.10126 -2.0
-2.10102 -1.9
-2.10078 -1.7
-2.10053 -1.6
-2.10029 -1.4
-2.10004 -1.3
-2.0998 -1.1
-2.09956 -1.0
-2.09931 -0.8
-2.09907 -0.7
-2.09882 -0.5
-2.09858 -0.4
-2.09834 -0.2
-2.09809 0.0
-2.09785 0.1
-2.0976 0.3
-2.09736 0.5
-2.09711 0.6
-2.09687 0.8
-2.09663 0.9
-2.09638 1.1
-2.09614 1.2
-2.09589 1.4
-2.09565 1.5
-2.09541 1.7
-2.09516 1.8
-2.09492 2.0
-2.09467 2.1
-2.09443 2.2
-2.09418 2.3
-2.09394 2.4
-2.0937 2.5
-2.09345 2.6
-2.09321 2.7
-2.09296 2.8
-2.09272 2.9
-2.09248 3.0
-2.09223 3.1
-2.09199 3.1
-2.09174 3.2
-2.0915 3.2
-2.09126 3.2
-2.09101 3.3
-2.09077 3.3
-2.09052 3.3
-2.09028 3.3
-2.09003 3.3
-2.08979 3.3
-2.08955 3.3
-2.0893 3.2
-2.08906 3.2
-2.08881 3.2
-2.08857 3.1
-2.08833 3.1
-2.08808 3.0
-2.08784 2.9
-2.08759 2.8
-2.08735 2.7
-2.0871 2.7
-2.08686 2.6
-2.08662 2.4
-2.08637 2.3
-2.08613 2.2
-2.08588 2.1
-2.08564 2.0
-2.0854 1.8
-2.08515 1.7
-2.08491 1.5
-2.08466 1.4
-2.08442 1.2
-2.08418 1.1
-2.08393 0.9
-2.08369 0.8
-2.08344 0.6
-2.0832 0.5
-2.08295 0.3
-2.08271 0.1
-2.08247 0.0
-2.08222 -0.2
-2.08198 -0.4
-2.08173 -0.5
-2.08149 -0.7
-2.08125 -0.8
-2.081 -1.0
-2.08076 -1.2
-2.08051 -1.3
-2.08027 -1.5
-2.08002 -1.6
-2.07978 -1.7
-2.07954 -1.9
-2.07929 -2.0
-2.07905 -2.1
-2.0788 -2.3
-2.07856 -2.4
-2.07832 -2.5
-2.07807 -2.6
-2.07783 -2.7
-2.07758 -2.8
-2.07734 -2.9
-2.0771 -3.0
-2.07685 -3.0
-2.07661 -3.1
-2.07636 -3.1
-2.07612 -3.2
-2.07587 -3.2
-2.07563 -3.3
-2.07539 -3.3
-2.07514 -3.3
-2.0749 -3.3
-2.07465 -3.3
-2.07441 -3.3
-2.07417 -3.3
-2.07392 -3.3
-2.07368 -3.2
-2.07343 -3.2
-2.07319 -3.1
-2.07294 -3.1
-2.0727 -3.0
-2.07246 -3.0
-2.07221 -2.9
-2.07197 -2.8
-2.07172 -2.7
-2.07148 -2.6
-2.07124 -2.5
-2.07099 -2.4
-2.07075 -2.3
-2.0705 -2.1
-2.07026 -2.0
-2.07001 -1.9
-2.06977 -1.8
-2.06953 -1.6
-2.06928 -1.5
-2.06904 -1.3
-2.06879 -1.2
-2.06855 -1.0
-2.06831 -0.8
-2.06806 -0.7
-2.06782 -0.5
-2.06757 -0.4
-2.06733 -0.2
-2.06709 0.0
-2.06684 0.1
-2.0666 0.3
-2.06635 0.5
-2.06611 0.6
-2.06586 0.8
-2.06562 0.9
-2.06538 1.1
-2.06513 1.3
-2.06489 1.4
-2.06464 1.6
-2.0644 1.7
-2.06416 1.8
-2.06391 2.0
-2.06367 2.1
-2.06342 2.2
-2.06318 2.3
-2.06293 2.5
-2.06269 2.6
-2.06245 2.7
-2.0622 2.8
-2.06196 2.9
-2.06171 2.9
-2.06147 3.0
-2.06123 3.1
-2.06098 3.1
-2.06074 3.2
-2.06049 3.2
-2.06025 3.3
-2.06001 3.3
-2.05976 3.3
-2.05952 3.3
-2.05927 3.3
-2.05903 3.3
-2.05878 3.3
-2.05854 3.3
-2.0583 3.3
-2.05805 3.2
-2.05781 3.2
-2.05756 3.1
-2.05732 3.1
-2.05708 3.0
-2.05683 2.9
-2.05659 2.8
-2.05634 2.7
-2.0561 2.6
-2.05585 2.5
-2.05561 2.4
-2.05537 2.3
-2.05512 2.2
-2.05488 2.1
-2.05463 1.9
-2.05439 1.8
-2.05415 1.7
-2.0539 1.5
-2.05366 1.4
-2.05341 1.2
-2.05317 1.0
-2.05293 0.9
-2.05268 0.7
-2.05244 0.6
-2.05219 0.4
-2.05195 0.2
-2.0517 0.0
-2.05146 0.0
-2.05122 -0.3
-2.05097 -0.4
-2.05073 -0.6
-2.05048 -0.7
-2.05024 -0.9
-2.05 -1.1
-2.04975 -1.2
-2.04951 -1.4
-2.04926 -1.5
-2.04902 -1.7
-2.04877 -1.8
-2.04853 -1.9
-2.04829 -2.1
-2.04804 -2.2
-2.0478 -2.3
-2.04755 -2.4
-2.04731 -2.6
-2.04707 -2.7
-2.04682 -2.8
-2.04658 -2.8
-2.04633 -2.9
-2.04609 -3.0
-2.04585 -3.1
-2.0456 -3.1
-2.04536 -3.2
-2.04511 -3.2
-2.04487 -3.3
-2.04462 -3.3
-2.04438 -3.3
-2.04414 -3.3
-2.04389 -3.3
-2.04365 -3.3
-2.0434 -3.3
-2.04316 -3.3
-2.04292 -3.3
-2.04267 -3.2
-2.04243 -3.2
-2.04218 -3.1
-2.04194 -3.1
-2.04169 -3.0
-2.04145 -2.9
-2.04121 -2.8
-2.04096 -2.8
-2.04072 -2.7
-2.04047 -2.6
-2.04023 -2.4
-2.03999 -2.3
-2.03974 -2.2
-2.0395 -2.1
-2.03925 -1.9
-2.03901 -1.8
-2.03876 -1.7
-2.03852 -1.5
-2.03828 -1.4
-2.03803 -1.2
-2.03779 -1.1
-2.03754 -0.9
-2.0373 -0.7
-2.03706 -0.6
-2.03681 -0.4
-2.03657 -0.3
-2.03632 0.0
-2.03608 0.0
-2.03584 0.2
-2.03559 0.4
-2.03535 0.6
-2.0351 0.7
-2.03486 0.9
-2.03461 1.1
-2.03437 1.2
-2.03413 1.4
-2.03388 1.5
-2.03364 1.7
-2.03339 1.8
-2.03315 1.9
-2.03291 2.1
-2.03266 2.2
-2.03242 2.3
-2.03217 2.4
-2.03193 2.6
-2.03168 2.7
-2.03144 2.8
-2.0312 2.8
-2.03095 2.9
-2.03071 3.0
-2.03046 3.1
-2.03022 3.1
-2.02998 3.2
-2.02973 3.2
-2.02949 3.3
-2.02924 3.3
-2.029 3.3
-2.02876 3.3
-2.02851 3.3
-2.02827 3.3
-2.02802 3.3
-2.02778 3.3
-2.02753 3.3
-2.02729 3.2
-2.02705 3.2
-2.0268 3.1
-2.02656 3.1
-2.02631 3.0
-2.02607 2.9
-2.02583 2.8
-2.02558 2.8
-2.02534 2.7
-2.02509 2.6
-2.02485 2.4
-2.0246 2.3
-2.02436 2.2
-2.02412 2.1
-2.02387 1.9
-2.02363 1.8
-2.02338 1.7
-2.02314 1.5
-2.0229 1.4
-2.02265 1.2
-2.02241 1.1
-2.02216 0.9
-2.02192 0.7
-2.02168 0.6
-2.02143 0.4
-2.02119 0.2
-2.02094 0.0
-2.0207 0.0
-2.02045 -0.3
-2.02021 -0.4
-2.01997 -0.6
-2.01972 -0.8
-2.01948 -0.9
-2.01923 -1.1
-2.01899 -1.2
-2.01875 -1.4
-2.0185 -1.5
-2.01826 -1.7
-2.01801 -1.8
-2.01777 -2.0
-2.01752 -2.1
-2.01728 -2.2
-2.01704 -2.3
-2.01679 -2.5
-2.01655 -2.6
-2.0163 -2.7
-2.01606 -2.8
-2.01582 -2.9
-2.01557 -2.9
-2.01533 -3.0
-2.01508 -3.1
-2.01484 -3.1
-2.0146 -3.2
-2.01435 -3.2
-2.01411 -3.3
-2.01386 -3.3
-2.01362 -3.3
-2.01337 -3.3
-2.01313 -3.3
-2.01289 -3.3
-2.01264 -3.3
-2.0124 -3.3
-2.01215 -3.3
-2.01191 -3.2
-2.01167 -3.2
-2.01142 -3.1
-2.01118 -3.1
-2.01093 -3.0
-2.01069 -2.9
-2.01044 -2.8
-2.0102 -2.7
-2.00996 -2.6
-2.00971 -2.5
-2.00947 -2.4
-2.00922 -2.3
-2.00898 -2.2
-2.00874 -2.0
-2.00849 -1.9
-2.00825 -1.8
-2.008 -1.6
-2.00776 -1.5
-2.00751 -1.3
-2.00727 -1.2
-2.00703 -1.0
-2.00678 -0.9
-2.00654 -0.7
-2.00629 -0.5
-2.00605 -0.4
-2.00581 -0.2
-2.00556 0.0
-2.00532 0.1
-2.00507 0.3
-2.00483 0.5
-2.00459 0.6
-2.00434 0.8
-2.0041 1.0
-2.00385 1.1
-2.00361 1.3
-2.00336 1.4
-2.00312 1.6
-2.00288 1.7
-2.00263 1.9
-2.00239 2.0
-2.00214 2.1
-2.0019 2.3
-2.00166 2.4
-2.00141 2.5
-2.00117 2.6
-2.00092 2.7
-2.00068 2.8
-2.00043 2.9
-2.00019 3.0
-1.99995 3.0
-1.9997 3.1
-1.99946 3.2
-1.99921 3.2
-1.99897 3.3
-1.99873 3.3
-1.99848 3.3
-1.99824 3.3
-1.99799 3.3
-1.99775 3.3
-1.99751 3.3
-1.99726 3.3
-1.99702 3.3
-1.99677 3.3
-1.99653 3.2
-1.99628 3.2
-1.99604 3.1
-1.9958 3.0
-1.99555 3.0
-1.99531 2.9
-1.99506 2.8
-1.99482 2.7
-1.99458 2.6
-1.99433 2.5
-1.99409 2.4
-1.99384 2.3
-1.9936 2.1
-1.99335 2.0
-1.99311 1.9
-1.99287 1.7
-1.99262 1.6
-1.99238 1.4
-1.99213 1.3
-1.99189 1.1
-1.99165 0.9
-1.9914 0.8
-1.99116 0.6
-1.99091 0.5
-1.99067 0.3
-1.99043 0.1
-1.99018 0.0
-1.98994 -0.2
-1.98969 -0.4
-1.98945 -0.6
-1.9892 -0.7
-1.98896 -0.9
-1.98872 -1.0
-1.98847 -1.2
-1.98823 -1.4
-1.98798 -1.5
-1.98774 -1.7
-1.9875 -1.8
-1.98725 -1.9
-1.98701 -2.1
-1.98676 -2.2
-1.98652 -2.3
-1.98627 -2.5
-1.98603 -2.6
-1.98579 -2.7
-1.98554 -2.8
-1.9853 -2.9
-1.98505 -2.9
-1.98481 -3.0
-1.98457 -3.1
-1.98432 -3.2
-1.98408 -3.2
-1.98383 -3.3
-1.98359 -3.3
-1.98335 -3.3
-1.9831 -3.3
-1.98286 -3.3
-1.98261 -3.4
-1.98237 -3.3
-1.98212 -3.3
-1.98188 -3.3
-1.98164 -3.3
-1.98139 -3.2
-1.98115 -3.2
-1.9809 -3.1
-1.98066 -3.1
-1.98042 -3.0
-1.98017 -2.9
-1.97993 -2.8
-1.97968 -2.8
-1.97944 -2.7
-1.97919 -2.5
-1.97895 -2.4
-1.97871 -2.3
-1.97846 -2.2
-1.97822 -2.1
-1.97797 -1.9
-1.97773 -1.8
-1.97749 -1.6
-1.97724 -1.5
-1.977 -1.3
-1.97675 -1.2
-1.97651 -1.0
-1.97626 -0.8
-1.97602 -0.7
-1.97578 -0.5
-1.97553 -0.4
-1.97529 -0.2
-1.97504 0.0
-1.9748 0.2
-1.97456 0.3
-1.97431 0.5
-1.97407 0.7
-1.97382 0.8
-1.97358 1.0
-1.97334 1.1
-1.97309 1.3
-1.97285 1.5
-1.9726 1.6
-1.97236 1.8
-1.97211 1.9
-1.97187 2.0
-1.97163 2.2
-1.97138 2.3
-1.97114 2.4
-1.97089 2.5
-1.97065 2.6
-1.97041 2.7
-1.97016 2.8
-1.96992 2.9
-1.96967 3.0
-1.96943 3.1
-1.96918 3.1
-1.96894 3.2
-1.9687 3.2
-1.96845 3.3
-1.96821 3.3
-1.96796 3.3
-1.96772 3.4
-1.96748 3.4
-1.96723 3.4
-1.96699 3.3
-1.96674 3.3
-1.9665 3.3
-1.96626 3.3
-1.96601 3.2
-1.96577 3.2
-1.96552 3.1
-1.96528 3.0
-1.96503 3.0
-1.96479 2.9
-1.96455 2.8
-1.9643 2.7
-1.96406 2.6
-1.96381 2.5
-1.96357 2.3
-1.96333 2.2
-1.96308 2.1
-1.96284 2.0
-1.96259 1.8
-1.96235 1.7
-1.9621 1.5
-1.96186 1.4
-1.96162 1.2
-1.96137 1.0
-1.96113 0.9
-1.96088 0.7
-1.96064 0.6
-1.9604 0.4
-1.96015 0.2
-1.95991 0.0
-1.95966 -0.1
-1.95942 -0.3
-1.95918 -0.5
-1.95893 -0.6
-1.95869 -0.8
-1.95844 -1.0
-1.9582 -1.1
-1.95795 -1.3
-1.95771 -1.4
-1.95747 -1.6
-1.95722 -1.7
-1.95698 -1.9
-1.95673 -2.0
-1.95649 -2.2
-1.95625 -2.3
-1.956 -2.4
-1.95576 -2.5
-1.95551 -2.6
-1.95527 -2.7
-1.95502 -2.8
-1.95478 -2.9
-1.95454 -3.0
-1.95429 -3.1
-1.95405 -3.1
-1.9538 -3.2
-1.95356 -3.2
-1.95332 -3.3
-1.95307 -3.3
-1.95283 -3.3
-1.95258 -3.4
-1.95234 -3.4
-1.9521 -3.4
-1.95185 -3.4
-1.95161 -3.3
-1.95136 -3.3
-1.95112 -3.3
-1.95087 -3.2
-1.95063 -3.2
-1.95039 -3.1
-1.95014 -3.0
-1.9499 -3.0
-1.94965 -2.9
-1.94941 -2.8
-1.94917 -2.7
-1.94892 -2.6
-1.94868 -2.5
-1.94843 -2.4
-1.94819 -2.2
-1.94794 -2.1
-1.9477 -2.0
-1.94746 -1.8
-1.94721 -1.7
-1.94697 -1.5
-1.94672 -1.4
-1.94648 -1.2
-1.94624 -1.1
-1.94599 -0.9
-1.94575 -0.7
-1.9455 -0.6
-1.94526 -0.4
-1.94501 -0.2
-1.94477 0.0
-1.94453 0.1
-1.94428 0.3
-1.94404 0.5
-1.94379 0.6
-1.94355 0.8
-1.94331 1.0
-1.94306 1.1
-1.94282 1.3
-1.94257 1.4
-1.94233 1.6
-1.94209 1.7
-1.94184 1.9
-1.9416 2.0
-1.94135 2.2
-1.94111 2.3
-1.94086 2.4
-1.94062 2.5
-1.94038 2.6
-1.94013 2.7
-1.93989 2.8
-1.93964 2.9
-1.9394 3.0
-1.93916 3.1
-1.93891 3.1
-1.93867 3.2
-1.93842 3.3
-1.93818 3.3
-1.93793 3.3
-1.93769 3.3
-1.93745 3.4
-1.9372 3.4
-1.93696 3.4
-1.93671 3.4
-1.93647 3.3
-1.93623 3.3
-1.93598 3.3
-1.93574 3.2
-1.93549 3.2
-1.93525 3.1
-1.93501 3.0
-1.93476 3.0
-1.93452 2.9
-1.93427 2.8
-1.93403 2.7
-1.93378 2.6
-1.93354 2.5
-1.9333 2.3
-1.93305 2.2
-1.93281 2.1
-1.93256 2.0
-1.93232 1.8
-1.93208 1.7
-1.93183 1.5
-1.93159 1.4
-1.93134 1.2
-1.9311 1.0
-1.93085 0.9
-1.93061 0.7
-1.93037 0.5
-1.93012 0.4
-1.92988 0.2
-1.92963 0.0
-1.92939 -0.1
-1.92915 -0.3
-1.9289 -0.5
-1.92866 -0.7
-1.92841 -0.8
-1.92817 -1.0
-1.92793 -1.2
-1.92768 -1.3
-1.92744 -1.5
-1.92719 -1.6
-1.92695 -1.8
-1.9267 -1.9
-1.92646 -2.1
-1.92622 -2.2
-1.92597 -2.3
-1.92573 -2.4
-1.92548 -2.6
-1.92524 -2.7
-1.925 -2.8
-1.92475 -2.9
-1.92451 -2.9
-1.92426 -3.0
-1.92402 -3.1
-1.92377 -3.2
-1.92353 -3.2
-1.92329 -3.3
-1.92304 -3.3
-1.9228 -3.3
-1.92255 -3.4
-1.92231 -3.4
-1.92207 -3.4
-1.92182 -3.4
-1.92158 -3.4
-1.92133 -3.3
-1.92109 -3.3
-1.92085 -3.3
-1.9206 -3.2
-1.92036 -3.2
-1.92011 -3.1
-1.91987 -3.0
-1.91962 -3.0
-1.91938 -2.9
-1.91914 -2.8
-1.91889 -2.7
-1.91865 -2.6
-1.9184 -2.4
-1.91816 -2.3
-1.91792 -2.2
-1.91767 -2.1
-1.91743 -1.9
-1.91718 -1.8
-1.91694 -1.6
-1.91669 -1.5
-1.91645 -1.3
-1.91621 -1.2
-1.91596 -1.0
-1.91572 -0.8
-1.91547 -0.7
-1.91523 -0.5
-1.91499 -0.3
-1.91474 -0.1
-1.9145 0.0
-1.91425 0.2
-1.91401 0.4
-1.91376 0.5
-1.91352 0.7
-1.91328 0.9
-1.91303 1.0
-1.91279 1.2
-1.91254 1.4
-1.9123 1.5
-1.91206 1.7
-1.91181 1.8
-1.91157 2.0
-1.91132 2.1
-1.91108 2.2
-1.91084 2.4
-1.91059 2.5
-1.91035 2.6
-1.9101 2.7
-1.90986 2.8
-1.90961 2.9
-1.90937 3.0
-1.90913 3.1
-1.90888 3.1
-1.90864 3.2
-1.90839 3.2
-1.90815 3.3
-1.90791 3.3
-1.90766 3.4
-1.90742 3.4
-1.90717 3.4
-1.90693 3.4
-1.90668 3.4
-1.90644 3.4
-1.9062 3.3
-1.90595 3.3
-1.90571 3.3
-1.90546 3.2
-1.90522 3.1
-1.90498 3.1
-1.90473 3.0
-1.90449 2.9
-1.90424 2.8
-1.904 2.7
-1.90376 2.6
-1.90351 2.5
-1.90327 2.4
-1.90302 2.3
-1.90278 2.1
-1.90253 2.0
-1.90229 1.9
-1.90205 1.7
-1.9018 1.6
-1.90156 1.4
-1.90131 1.2
-1.90107 1.1
-1.90083 0.9
-1.90058 0.7
-1.90034 0.6
-1.90009 0.4
-1.89985 0.2
-1.8996 0.0
-1.89936 -0.1
-1.89912 -0.3
-1.89887 -0.5
-1.89863 -0.6
-1.89838 -0.8
-1.89814 -1.0
-1.8979 -1.1
-1.89765 -1.3
-1.89741 -1.5
-1.89716 -1.6
-1.89692 -1.8
-1.89668 -1.9
-1.89643 -2.0
-1.89619 -2.2
-1.89594 -2.3
-1.8957 -2.4
-1.89545 -2.6
-1.89521 -2.7
-1.89497 -2.8
-1.89472 -2.9
-1.89448 -3.0
-1.89423 -3.0
-1.89399 -3.1
-1.89375 -3.2
-1.8935 -3.2
-1.89326 -3.3
-1.89301 -3.3
-1.89277 -3.3
-1.89252 -3.4
-1.89228 -3.4
-1.89204 -3.4
-1.89179 -3.4
-1.89155 -3.4
-1.8913 -3.4
-1.89106 -3.3
-1.89082 -3.3
-1.89057 -3.2
-1.89033 -3.2
-1.89008 -3.1
-1.88984 -3.0
-1.8896 -3.0
-1.88935 -2.9
-1.88911 -2.8
-1.88886 -2.7
-1.88862 -2.6
-1.88837 -2.4
-1.88813 -2.3
-1.88789 -2.2
-1.88764 -2.1
-1.8874 -1.9
-1.88715 -1.8
-1.88691 -1.6
-1.88667 -1.5
-1.88642 -1.3
-1.88618 -1.1
-1.88593 -1.0
-1.88569 -0.8
-1.88544 -0.6
-1.8852 -0.5
-1.88496 -0.3
-1.88471 -0.1
-1.88447 0.0
-1.88422 0.2
-1.88398 0.4
-1.88374 0.6
-1.88349 0.7
-1.88325 0.9
-1.883 1.1
-1.88276 1.2
-1.88251 1.4
-1.88227 1.6
-1.88203 1.7
-1.88178 1.9
-1.88154 2.0
-1.88129 2.1
-1.88105 2.3
-1.88081 2.4
-1.88056 2.5
-1.88032 2.6
-1.88007 2.7
-1.87983 2.8
-1.87959 2.9
-1.87934 3.0
-1.8791 3.1
-1.87885 3.2
-1.87861 3.2
-1.87836 3.3
-1.87812 3.3
-1.87788 3.3
-1.87763 3.4
-1.87739 3.4
-1.87714 3.4
-1.8769 3.4
-1.87666 3.4
-1.87641 3.4
-1.87617 3.3
-1.87592 3.3
-1.87568 3.2
-1.87543 3.2
-1.87519 3.1
-1.87495 3.1
-1.8747 3.0
-1.87446 2.9
-1.87421 2.8
-1.87397 2.7
-1.87373 2.6
-1.87348 2.5
-1.87324 2.3
-1.87299 2.2
-1.87275 2.1
-1.87251 1.9
-1.87226 1.8
-1.87202 1.6
-1.87177 1.5
-1.87153 1.3
-1.87128 1.2
-1.87104 1.0
-1.8708 0.8
-1.87055 0.7
-1.87031 0.5
-1.87006 0.3
-1.86982 0.1
-1.86958 0.0
-1.86933 -0.2
-1.86909 -0.4
-1.86884 -0.6
-1.8686 -0.7
-1.86835 -0.9
-1.86811 -1.1
-1.86787 -1.2
-1.86762 -1.4
-1.86738 -1.5
-1.86713 -1.7
-1.86689 -1.9
-1.86665 -2.0
-1.8664 -2.1
-1.86616 -2.3
-1.86591 -2.4
-1.86567 -2.5
-1.86543 -2.6
-1.86518 -2.7
-1.86494 -2.8
-1.86469 -2.9
-1.86445 -3.0
-1.8642 -3.1
-1.86396 -3.2
-1.86372 -3.2
-1.86347 -3.3
-1.86323 -3.3
-1.86298 -3.4
-1.86274 -3.4
-1.8625 -3.4
-1.86225 -3.4
-1.86201 -3.4
-1.86176 -3.4
-1.86152 -3.4
-1.86127 -3.3
-1.86103 -3.3
-1.86079 -3.3
-1.86054 -3.2
-1.8603 -3.1
-1.86005 -3.1
-1.85981 -3.0
-1.85957 -2.9
-1.85932 -2.8
-1.85908 -2.7
-1.85883 -2.6
-1.85859 -2.5
-1.85835 -2.4
-1.8581 -2.2
-1.85786 -2.1
-1.85761 -1.9
-1.85737 -1.8
-1.85712 -1.6
-1.85688 -1.5
-1.85664 -1.3
-1.85639 -1.2
-1.85615 -1.0
-1.8559 -0.8
-1.85566 -0.7
-1.85542 -0.5
-1.85517 -0.3
-1.85493 -0.1
-1.85468 0.0
-1.85444 0.2
-1.85419 0.4
-1.85395 0.6
-1.85371 0.7
-1.85346 0.9
-1.85322 1.1
-1.85297 1.2
-1.85273 1.4
-1.85249 1.6
-1.85224 1.7
-1.852 1.9
-1.85175 2.0
-1.85151 2.1
-1.85126 2.3
-1.85102 2.4
-1.85078 2.5
-1.85053 2.6
-1.85029 2.8
-1.85004 2.9
-1.8498 2.9
-1.84956 3.0
-1.84931 3.1
-1.84907 3.2
-1.84882 3.2
-1.84858 3.3
-1.84834 3.3
-1.84809 3.4
-1.84785 3.4
-1.8476 3.4
-1.84736 3.4
-1.84711 3.4
-1.84687 3.4
-1.84663 3.4
-1.84638 3.3
-1.84614 3.3
-1.84589 3.3
-1.84565 3.2
-1.84541 3.1
-1.84516 3.1
-1.84492 3.0
-1.84467 2.9
-1.84443 2.8
-1.84418 2.7
-1.84394 2.6
-1.8437 2.5
-1.84345 2.3
-1.84321 2.2
-1.84296 2.1
-1.84272 1.9
-1.84248 1.8
-1.84223 1.6
-1.84199 1.5
-1.84174 1.3
-1.8415 1.1
-1.84126 1.0
-1.84101 0.8
-1.84077 0.6
-1.84052 0.5
-1.84028 0.3
-1.84003 0.1
-1.83979 0.0
-1.83955 -0.3
-1.8393 -0.4
-1.83906 -0.6
-1.83881 -0.8
-1.83857 -0.9
-1.83833 -1.1
-1.83808 -1.3
-1.83784 -1.4
-1.83759 -1.6
-1.83735 -1.8
-1.8371 -1.9
-1.83686 -2.0
-1.83662 -2.2
-1.83637 -2.3
-1.83613 -2.4
-1.83588 -2.6
-1.83564 -2.7
-1.8354 -2.8
-1.83515 -2.9
-1.83491 -3.0
-1.83466 -3.1
-1.83442 -3.1
-1.83418 -3.2
-1.83393 -3.3
-1.83369 -3.3
-1.83344 -3.3
-1.8332 -3.4
-1.83295 -3.4
-1.83271 -3.4
-1.83247 -3.4
-1.83222 -3.4
-1.83198 -3.4
-1.83173 -3.4
-1.83149 -3.3
-1.83125 -3.3
-1.831 -3.2
-1.83076 -3.2
-1.83051 -3.1
-1.83027 -3.0
-1.83002 -3.0
-1.82978 -2.9
-1.82954 -2.8
-1.82929 -2.7
-1.82905 -2.5
-1.8288 -2.4
-1.82856 -2.3
-1.82832 -2.2
-1.82807 -2.0
-1.82783 -1.9
-1.82758 -1.7
-1.82734 -1.6
-1.8271 -1.4
-1.82685 -1.2
-1.82661 -1.1
-1.82636 -0.9
-1.82612 -0.7
-1.82587 -0.6
-1.82563 -0.4
-1.82539 -0.2
-1.82514 0.0
-1.8249 0.1
-1.82465 0.3
-1.82441 0.5
-1.82417 0.7
-1.82392 0.8
-1.82368 1.0
-1.82343 1.2
-1.82319 1.3
-1.82294 1.5
-1.8227 1.7
-1.82246 1.8
-1.82221 2.0
-1.82197 2.1
-1.82172 2.2
-1.82148 2.4
-1.82124 2.5
-1.82099 2.6
-1.82075 2.7
-1.8205 2.8
-1.82026 2.9
-1.82001 3.0
-1.81977 3.1
-1.81953 3.2
-1.81928 3.2
-1.81904 3.3
-1.81879 3.3
-1.81855 3.4
-1.81831 3.4
-1.81806 3.4
-1.81782 3.4
-1.81757 3.4
-1.81733 3.4
-1.81709 3.4
-1.81684 3.4
-1.8166 3.3
-1.81635 3.3
-1.81611 3.2
-1.81586 3.2
-1.81562 3.1
-1.81538 3.0
-1.81513 2.9
-1.81489 2.8
-1.81464 2.7
-1.8144 2.6
-1.81416 2.5
-1.81391 2.4
-1.81367 2.2
-1.81342 2.1
-1.81318 1.9
-1.81293 1.8
-1.81269 1.6
-1.81245 1.5
-1.8122 1.3
-1.81196 1.2
-1.81171 1.0
-1.81147 0.8
-1.81123 0.6
-1.81098 0.5
-1.81074 0.3
-1.81049 0.1
-1.81025 0.0
-1.81001 -0.2
-1.80976 -0.4
-1.80952 -0.6
-1.80927 -0.8
-1.80903 -0.9
-1.80878 -1.1
-1.80854 -1.3
-1.8083 -1.4
-1.80805 -1.6
-1.80781 -1.8
-1.80756 -1.9
-1.80732 -2.1
-1.80708 -2.2
-1.80683 -2.3
-1.80659 -2.5
-1.80634 -2.6
-1.8061 -2.7
-1.80585 -2.8
-1.80561 -2.9
-1.80537 -3.0
-1.80512 -3.1
-1.80488 -3.1
-1.80463 -3.2
-1.80439 -3.3
-1.80415 -3.3
-1.8039 -3.4
-1.80366 -3.4
-1.80341 -3.4
-1.80317 -3.4
-1.80293 -3.4
-1.80268 -3.4
-1.80244 -3.4
-1.80219 -3.4
-1.80195 -3.3
-1.8017 -3.3
-1.80146 -3.3
-1.80122 -3.2
-1.80097 -3.1
-1.80073 -3.0
-1.80048 -3.0
-1.80024 -2.9
-1.8 -2.8
-1.79975 -2.6
-1.79951 -2.5
-1.79926 -2.4
-1.79902 -2.3
-1.79877 -2.1
-1.79853 -2.0
-1.79829 -1.8
-1.79804 -1.7
-1.7978 -1.5
-1.79755 -1.4
-1.79731 -1.2
-1.79707 -1.0
-1.79682 -0.9
-1.79658 -0.7
-1.79633 -0.5
-1.79609 -0.3
-1.79585 -0.2
-1.7956 0.0
-1.79536 0.2
-1.79511 0.4
-1.79487 0.6
-1.79462 0.7
-1.79438 0.9
-1.79414 1.1
-1.79389 1.2
-1.79365 1.4
-1.7934 1.6
-1.79316 1.7
-1.79292 1.9
-1.79267 2.0
-1.79243 2.2
-1.79218 2.3
-1.79194 2.4
-1.79169 2.6
-1.79145 2.7
-1.79121 2.8
-1.79096 2.9
-1.79072 3.0
-1.79047 3.1
-1.79023 3.1
-1.78999 3.2
-1.78974 3.3
-1.7895 3.3
-1.78925 3.4
-1.78901 3.4
-1.78876 3.4
-1.78852 3.4
-1.78828 3.4
-1.78803 3.4
-1.78779 3.4
-1.78754 3.4
-1.7873 3.4
-1.78706 3.3
-1.78681 3.3
-1.78657 3.2
-1.78632 3.1
-1.78608 3.1
-1.78584 3.0
-1.78559 2.9
-1.78535 2.8
-1.7851 2.7
-1.78486 2.6
-1.78461 2.4
-1.78437 2.3
-1.78413 2.2
-1.78388 2.0
-1.78364 1.9
-1.78339 1.7
-1.78315 1.6
-1.78291 1.4
-1.78266 1.2
-1.78242 1.1
-1.78217 0.9
-1.78193 0.7
-1.78168 0.5
-1.78144 0.4
-1.7812 0.2
-1.78095 0.0
-1.78071 -0.2
-1.78046 -0.4
-1.78022 -0.5
-1.77998 -0.7
-1.77973 -0.9
-1.77949 -1.1
-1.77924 -1.2
-1.779 -1.4
-1.77876 -1.6
-1.77851 -1.7
-1.77827 -1.9
-1.77802 -2.0
-1.77778 -2.2
-1.77753 -2.3
-1.77729 -2.4
-1.77705 -2.6
-1.7768 -2.7
-1.77656 -2.8
-1.77631 -2.9
-1.77607 -3.0
-1.77583 -3.1
-1.77558 -3.1
-1.77534 -3.2
-1.77509 -3.3
-1.77485 -3.3
-1.7746 -3.4
-1.77436 -3.4
-1.77412 -3.4
-1.77387 -3.4
-1.77363 -3.4
-1.77338 -3.4
-1.77314 -3.4
-1.7729 -3.4
-1.77265 -3.4
-1.77241 -3.3
-1.77216 -3.3
-1.77192 -3.2
-1.77168 -3.1
-1.77143 -3.1
-1.77119 -3.0
-1.77094 -2.9
-1.7707 -2.8
-1.77045 -2.7
-1.77021 -2.5
-1.76997 -2.4
-1.76972 -2.3
-1.76948 -2.2
-1.76923 -2.0
-1.76899 -1.9
-1.76875 -1.7
-1.7685 -1.5
-1.76826 -1.4
-1.76801 -1.2
-1.76777 -1.0
-1.76752 -0.9
-1.76728 -0.7
-1.76704 -0.5
-1.76679 -0.3
-1.76655 -0.2
-1.7663 0.0
-1.76606 0.2
-1.76582 0.4
-1.76557 0.6
-1.76533 0.7
-1.76508 0.9
-1.76484 1.1
-1.7646 1.3
-1.76435 1.4
-1.76411 1.6
-1.76386 1.7
-1.76362 1.9
-1.76337 2.1
-1.76313 2.2
-1.76289 2.3
-1.76264 2.5
-1.7624 2.6
-1.76215 2.7
-1.76191 2.8
-1.76167 2.9
-1.76142 3.0
-1.76118 3.1
-1.76093 3.2
-1.76069 3.2
-1.76044 3.3
-1.7602 3.3
-1.75996 3.4
-1.75971 3.4
-1.75947 3.4
-1.75922 3.4
-1.75898 3.4
-1.75874 3.4
-1.75849 3.4
-1.75825 3.4
-1.758 3.4
-1.75776 3.3
-1.75751 3.3
-1.75727 3.2
-1.75703 3.1
-1.75678 3.0
-1.75654 3.0
-1.75629 2.9
-1.75605 2.8
-1.75581 2.6
-1.75556 2.5
-1.75532 2.4
-1.75507 2.3
-1.75483 2.1
-1.75459 2.0
-1.75434 1.8
-1.7541 1.7
-1.75385 1.5
-1.75361 1.3
-1.75336 1.2
-1.75312 1.0
-1.75288 0.8
-1.75263 0.7
-1.75239 0.5
-1.75214 0.3
-1.7519 0.1
-1.75166 0.0
-1.75141 -0.3
-1.75117 -0.4
-1.75092 -0.6
-1.75068 -0.8
-1.75043 -1.0
-1.75019 -1.1
-1.74995 -1.3
-1.7497 -1.5
-1.74946 -1.6
-1.74921 -1.8
-1.74897 -2.0
-1.74873 -2.1
-1.74848 -2.2
-1.74824 -2.4
-1.74799 -2.5
-1.74775 -2.6
-1.74751 -2.7
-1.74726 -2.8
-1.74702 -2.9
-1.74677 -3.0
-1.74653 -3.1
-1.74628 -3.2
-1.74604 -3.3
-1.7458 -3.3
-1.74555 -3.4
-1.74531 -3.4
-1.74506 -3.4
-1.74482 -3.4
-1.74458 -3.5
-1.74433 -3.5
-1.74409 -3.4
-1.74384 -3.4
-1.7436 -3.4
-1.74335 -3.4
-1.74311 -3.3
-1.74287 -3.2
-1.74262 -3.2
-1.74238 -3.1
-1.74213 -3.0
-1.74189 -2.9
-1.74165 -2.8
-1.7414 -2.7
-1.74116 -2.6
-1.74091 -2.5
-1.74067 -2.3
-1.74043 -2.2
-1.74018 -2.1
-1.73994 -1.9
-1.73969 -1.8
-1.73945 -1.6
-1.7392 -1.4
-1.73896 -1.3
-1.73872 -1.1
-1.73847 -0.9
-1.73823 -0.8
-1.73798 -0.6
-1.73774 -0.4
-1.7375 -0.2
-1.73725 0.0
-1.73701 0.2
-1.73676 0.3
-1.73652 0.5
-1.73627 0.7
-1.73603 0.9
-1.73579 1.1
-1.73554 1.2
-1.7353 1.4
-1.73505 1.6
-1.73481 1.7
-1.73457 1.9
-1.73432 2.0
-1.73408 2.2
-1.73383 2.3
-1.73359 2.4
-1.73335 2.6
-1.7331 2.7
-1.73286 2.8
-1.73261 2.9
-1.73237 3.0
-1.73212 3.1
-1.73188 3.2
-1.73164 3.2
-1.73139 3.3
-1.73115 3.3
-1.7309 3.4
-1.73066 3.4
-1.73042 3.4
-1.73017 3.5
-1.72993 3.5
-1.72968 3.5
-1.72944 3.4
-1.72919 3.4
-1.72895 3.4
-1.72871 3.3
-1.72846 3.3
-1.72822 3.2
-1.72797 3.1
-1.72773 3.1
-1.72749 3.0
-1.72724 2.9
-1.727 2.8
-1.72675 2.7
-1.72651 2.5
-1.72626 2.4
-1.72602 2.3
-1.72578 2.1
-1.72553 2.0
-1.72529 1.8
-1.72504 1.7
-1.7248 1.5
-1.72456 1.3
-1.72431 1.2
-1.72407 1.0
-1.72382 0.8
-1.72358 0.6
-1.72334 0.5
-1.72309 0.3
-1.72285 0.0
-1.7226 0.0
-1.72236 -0.3
-1.72211 -0.5
-1.72187 -0.6
-1.72163 -0.8
-1.72138 -1.0
-1.72114 -1.2
-1.72089 -1.3
-1.72065 -1.5
-1.72041 -1.7
-1.72016 -1.8
-1.71992 -2.0
-1.71967 -2.1
-1.71943 -2.3
-1.71918 -2.4
-1.71894 -2.5
-1.7187 -2.7
-1.71845 -2.8
-1.71821 -2.9
-1.71796 -3.0
-1.71772 -3.1
-1.71748 -3.2
-1.71723 -3.2
-1.71699 -3.3
-1.71674 -3.3
-1.7165 -3.4
-1.71626 -3.4
-1.71601 -3.4
-1.71577 -3.5
-1.71552 -3.5
-1.71528 -3.5
-1.71503 -3.5
-1.71479 -3.4
-1.71455 -3.4
-1.7143 -3.4
-1.71406 -3.3
-1.71381 -3.2
-1.71357 -3.2
-1.71333 -3.1
-1.71308 -3.0
-1.71284 -2.9
-1.71259 -2.8
-1.71235 -2.7
-1.7121 -2.6
-1.71186 -2.4
-1.71162 -2.3
-1.71137 -2.2
-1.71113 -2.0
-1.71088 -1.9
-1.71064 -1.7
-1.7104 -1.5
-1.71015 -1.4
-1.70991 -1.2
-1.70966 -1.0
-1.70942 -0.9
-1.70918 -0.7
-1.70893 -0.5
-1.70869 -0.3
-1.70844 -0.1
-1.7082 0.0
-1.70795 0.2
-1.70771 0.4
-1.70747 0.6
-1.70722 0.8
-1.70698 1.0
-1.70673 1.1
-1.70649 1.3
-1.70625 1.5
-1.706 1.7
-1.70576 1.8
-1.70551 2.0
-1.70527 2.1
-1.70502 2.3
-1.70478 2.4
-1.70454 2.5
-1.70429 2.7
-1.70405 2.8
-1.7038 2.9
-1.70356 3.0
-1.70332 3.1
-1.70307 3.1
-1.70283 3.2
-1.70258 3.3
-1.70234 3.3
-1.7021 3.4
-1.70185 3.4
-1.70161 3.5
-1.70136 3.5
-1.70112 3.5
-1.70087 3.5
-1.70063 3.5
-1.70039 3.4
-1.70014 3.4
-1.6999 3.4
-1.69965 3.3
-1.69941 3.3
-1.69917 3.2
-1.69892 3.1
-1.69868 3.0
-1.69843 2.9
-1.69819 2.8
-1.69794 2.7
-1.6977 2.6
-1.69746 2.5
-1.69721 2.3
-1.69697 2.2
-1.69672 2.0
-1.69648 1.9
-1.69624 1.7
-1.69599 1.6
-1.69575 1.4
-1.6955 1.2
-1.69526 1.0
-1.69501 0.9
-1.69477 0.7
-1.69453 0.5
-1.69428 0.3
-1.69404 0.1
-1.69379 0.0
-1.69355 -0.2
-1.69331 -0.4
-1.69306 -0.6
-1.69282 -0.8
-1.69257 -1.0
-1.69233 -1.2
-1.69209 -1.3
-1.69184 -1.5
-1.6916 -1.7
-1.69135 -1.8
-1.69111 -2.0
-1.69086 -2.1
-1.69062 -2.3
-1.69038 -2.4
-1.69013 -2.5
-1.68989 -2.7
-1.68964 -2.8
-1.6894 -2.9
-1.68916 -3.0
-1.68891 -3.1
-1.68867 -3.2
-1.68842 -3.2
-1.68818 -3.3
-1.68793 -3.4
-1.68769 -3.4
-1.68745 -3.4
-1.6872 -3.5
-1.68696 -3.5
-1.68671 -3.5
-1.68647 -3.5
-1.68623 -3.5
-1.68598 -3.4
-1.68574 -3.4
-1.68549 -3.4
-1.68525 -3.3
-1.68501 -3.3
-1.68476 -3.2
-1.68452 -3.1
-1.68427 -3.0
-1.68403 -2.9
-1.68378 -2.8
-1.68354 -2.7
-1.6833 -2.6
-1.68305 -2.4
-1.68281 -2.3
-1.68256 -2.2
-1.68232 -2.0
-1.68208 -1.9
-1.68183 -1.7
-1.68159 -1.5
-1.68134 -1.4
-1.6811 -1.2
-1.68085 -1.0
-1.68061 -0.8
-1.68037 -0.6
-1.68012 -0.5
-1.67988 -0.3
-1.67963 0.0
-1.67939 0.0
-1.67915 0.3
-1.6789 0.5
-1.67866 0.6
-1.67841 0.8
-1.67817 1.0
-1.67793 1.2
-1.67768 1.4
-1.67744 1.5
-1.67719 1.7
-1.67695 1.9
-1.6767 2.0
-1.67646 2.2
-1.67622 2.3
-1.67597 2.4
-1.67573 2.6
-1.67548 2.7
-1.67524 2.8
-1.675 2.9
-1.67475 3.0
-1.67451 3.1
-1.67426 3.2
-1.67402 3.3
-1.67377 3.3
-1.67353 3.4
-1.67329 3.4
-1.67304 3.4
-1.6728 3.5
-1.67255 3.5
-1.67231 3.5
-1.67207 3.5
-1.67182 3.5
-1.67158 3.4
-1.67133 3.4
-1.67109 3.4
-1.67085 3.3
-1.6706 3.2
-1.67036 3.2
-1.67011 3.1
-1.66987 3.0
-1.66962 2.9
-1.66938 2.8
-1.66914 2.7
-1.66889 2.5
-1.66865 2.4
-1.6684 2.3
-1.66816 2.1
-1.66792 2.0
-1.66767 1.8
-1.66743 1.6
-1.66718 1.5
-1.66694 1.3
-1.66669 1.1
-1.66645 1.0
-1.66621 0.8
-1.66596 0.6
-1.66572 0.4
-1.66547 0.2
-1.66523 0.0
-1.66499 -0.2
-1.66474 -0.3
-1.6645 -0.5
-1.66425 -0.7
-1.66401 -0.9
-1.66376 -1.1
-1.66352 -1.3
-1.66328 -1.4
-1.66303 -1.6
-1.66279 -1.8
-1.66254 -1.9
-1.6623 -2.1
-1.66206 -2.2
-1.66181 -2.4
-1.66157 -2.5
-1.66132 -2.6
-1.66108 -2.7
-1.66084 -2.9
-1.66059 -3.0
-1.66035 -3.1
-1.6601 -3.1
-1.65986 -3.2
-1.65961 -3.3
-1.65937 -3.4
-1.65913 -3.4
-1.65888 -3.4
-1.65864 -3.5
-1.65839 -3.5
-1.65815 -3.5
-1.65791 -3.5
-1.65766 -3.5
-1.65742 -3.5
-1.65717 -3.4
-1.65693 -3.4
-1.65668 -3.3
-1.65644 -3.3
-1.6562 -3.2
-1.65595 -3.1
-1.65571 -3.0
-1.65546 -2.9
-1.65522 -2.8
-1.65498 -2.7
-1.65473 -2.6
-1.65449 -2.5
-1.65424 -2.3
-1.654 -2.2
-1.65376 -2.0
-1.65351 -1.9
-1.65327 -1.7
-1.65302 -1.6
-1.65278 -1.4
-1.65253 -1.2
-1.65229 -1.0
-1.65205 -0.9
-1.6518 -0.7
-1.65156 -0.5
-1.65131 -0.3
-1.65107 -0.1
-1.65083 0.0
-1.65058 0.3
-1.65034 0.5
-1.65009 0.6
-1.64985 0.8
-1.6496 1.0
-1.64936 1.2
-1.64912 1.4
-1.64887 1.5
-1.64863 1.7
-1.64838 1.9
-1.64814 2.0
-1.6479 2.2
-1.64765 2.3
-1.64741 2.5
-1.64716 2.6
-1.64692 2.7
-1.64668 2.8
-1.64643 2.9
-1.64619 3.0
-1.64594 3.1
-1.6457 3.2
-1.64545 3.3
-1.64521 3.3
-1.64497 3.4
-1.64472 3.4
-1.64448 3.5
-1.64423 3.5
-1.64399 3.5
-1.64375 3.5
-1.6435 3.5
-1.64326 3.5
-1.64301 3.5
-1.64277 3.4
-1.64252 3.4
-1.64228 3.3
-1.64204 3.2
-1.64179 3.2
-1.64155 3.1
-1.6413 3.0
-1.64106 2.9
-1.64082 2.8
-1.64057 2.6
-1.64033 2.5
-1.64008 2.4
-1.63984 2.2
-1.6396 2.1
-1.63935 1.9
-1.63911 1.8
-1.63886 1.6
-1.63862 1.4
-1.63837 1.3
-1.63813 1.1
-1.63789 0.9
-1.63764 0.7
-1.6374 0.5
-1.63715 0.4
-1.63691 0.2
-1.63667 0.0
-1.63642 -0.2
-1.63618 -0.4
-1.63593 -0.6
-1.63569 -0.8
-1.63544 -1.0
-1.6352 -1.1
-1.63496 -1.3
-1.63471 -1.5
-1.63447 -1.7
-1.63422 -1.8
-1.63398 -2.0
-1.63374 -2.1
-1.63349 -2.3
-1.63325 -2.4
-1.633 -2.6
-1.63276 -2.7
-1.63251 -2.8
-1.63227 -2.9
-1.63203 -3.0
-1.63178 -3.1
-1.63154 -3.2
-1.63129 -3.3
-1.63105 -3.3
-1.63081 -3.4
-1.63056 -3.4
-1.63032 -3.5
-1.63007 -3.5
-1.62983 -3.5
-1.62959 -3.5
-1.62934 -3.5
-1.6291 -3.5
-1.62885 -3.5
-1.62861 -3.4
-1.62836 -3.4
-1.62812 -3.3
-1.62788 -3.3
-1.62763 -3.2
-1.62739 -3.1
-1.62714 -3.0
-1.6269 -2.9
-1.62666 -2.8
-1.62641 -2.7
-1.62617 -2.5
-1.62592 -2.4
-1.62568 -2.3
-1.62543 -2.1
-1.62519 -2.0
-1.62495 -1.8
-1.6247 -1.6
-1.62446 -1.5
-1.62421 -1.3
-1.62397 -1.1
-1.62373 -0.9
-1.62348 -0.7
-1.62324 -0.6
-1.62299 -0.4
-1.62275 -0.2
-1.62251 0.0
-1.62226 0.2
-1.62202 0.4
-1.62177 0.6
-1.62153 0.8
-1.62128 0.9
-1.62104 1.1
-1.6208 1.3
-1.62055 1.5
-1.62031 1.7
-1.62006 1.8
-1.61982 2.0
-1.61958 2.1
-1.61933 2.3
-1.61909 2.4
-1.61884 2.6
-1.6186 2.7
-1.61835 2.8
-1.61811 2.9
-1.61787 3.0
-1.61762 3.1
-1.61738 3.2
-1.61713 3.3
-1.61689 3.3
-1.61665 3.4
-1.6164 3.4
-1.61616 3.5
-1.61591 3.5
-1.61567 3.5
-1.61543 3.5
-1.61518 3.5
-1.61494 3.5
-1.61469 3.5
-1.61445 3.4
-1.6142 3.4
-1.61396 3.3
-1.61372 3.3
-1.61347 3.2
-1.61323 3.1
-1.61298 3.0
-1.61274 2.9
-1.6125 2.8
-1.61225 2.7
-1.61201 2.5
-1.61176 2.4
-1.61152 2.3
-1.61127 2.1
-1.61103 2.0
-1.61079 1.8
-1.61054 1.6
-1.6103 1.5
-1.61005 1.3
-1.60981 1.1
-1.60957 0.9
-1.60932 0.7
-1.60908 0.5
-1.60883 0.4
-1.60859 0.2
-1.60835 0.0
-1.6081 -0.2
-1.60786 -0.4
-1.60761 -0.6
-1.60737 -0.8
-1.60712 -1.0
-1.60688 -1.2
-1.60664 -1.3
-1.60639 -1.5
-1.60615 -1.7
-1.6059 -1.8
-1.60566 -2.0
-1.60542 -2.2
-1.60517 -2.3
-1.60493 -2.4
-1.60468 -2.6
-1.60444 -2.7
-1.60419 -2.8
-1.60395 -2.9
-1.60371 -3.0
-1.60346 -3.1
-1.60322 -3.2
-1.60297 -3.3
-1.60273 -3.4
-1.60249 -3.4
-1.60224 -3.5
-1.602 -3.5
-1.60175 -3.5
-1.60151 -3.5
-1.60126 -3.5
-1.60102 -3.5
-1.60078 -3.5
-1.60053 -3.5
-1.60029 -3.4
-1.60004 -3.4
-1.5998 -3.3
-1.59956 -3.3
-1.59931 -3.2
-1.59907 -3.1
-1.59882 -3.0
-1.59858 -2.9
-1.59834 -2.8
-1.59809 -2.6
-1.59785 -2.5
-1.5976 -2.4
-1.59736 -2.2
-1.59711 -2.1
-1.59687 -1.9
-1.59663 -1.8
-1.59638 -1.6
-1.59614 -1.4
-1.59589 -1.2
-1.59565 -1.1
-1.59541 -0.9
-1.59516 -0.7
-1.59492 -0.5
-1.59467 -0.3
-1.59443 -0.1
-1.59418 0.0
-1.59394 0.3
-1.5937 0.5
-1.59345 0.7
-1.59321 0.8
-1.59296 1.0
-1.59272 1.2
-1.59248 1.4
-1.59223 1.6
-1.59199 1.7
-1.59174 1.9
-1.5915 2.1
-1.59126 2.2
-1.59101 2.4
-1.59077 2.5
-1.59052 2.6
-1.59028 2.8
-1.59003 2.9
-1.58979 3.0
-1.58955 3.1
-1.5893 3.2
-1.58906 3.2
-1.58881 3.3
-1.58857 3.4
-1.58833 3.4
-1.58808 3.5
-1.58784 3.5
-1.58759 3.5
-1.58735 3.5
-1.5871 3.5
-1.58686 3.5
-1.58662 3.5
-1.58637 3.5
-1.58613 3.4
-1.58588 3.4
-1.58564 3.3
-1.5854 3.2
-1.58515 3.1
-1.58491 3.1
-1.58466 3.0
-1.58442 2.8
-1.58418 2.7
-1.58393 2.6
-1.58369 2.5
-1.58344 2.3
-1.5832 2.2
-1.58295 2.0
-1.58271 1.9
-1.58247 1.7
-1.58222 1.5
-1.58198 1.3
-1.58173 1.2
-1.58149 1.0
-1.58125 0.8
-1.581 0.6
-1.58076 0.4
-1.58051 0.2
-1.58027 0.0
-1.58002 -0.2
-1.57978 -0.4
-1.57954 -0.6
-1.57929 -0.7
-1.57905 -0.9
-1.5788 -1.1
-1.57856 -1.3
-1.57832 -1.5
-1.57807 -1.7
-1.57783 -1.8
-1.57758 -2.0
-1.57734 -2.1
-1.5771 -2.3
-1.57685 -2.4
-1.57661 -2.6
-1.57636 -2.7
-1.57612 -2.8
-1.57587 -2.9
-1.57563 -3.0
-1.57539 -3.1
-1.57514 -3.2
-1.5749 -3.3
-1.57465 -3.4
-1.57441 -3.4
-1.57417 -3.5
-1.57392 -3.5
-1.57368 -3.5
-1.57343 -3.5
-1.57319 -3.5
-1.57294 -3.5
-1.5727 -3.5
-1.57246 -3.5
-1.57221 -3.4
-1.57197 -3.4
-1.57172 -3.3
-1.57148 -3.3
-1.57124 -3.2
-1.57099 -3.1
-1.57075 -3.0
-1.5705 -2.9
-1.57026 -2.8
-1.57001 -2.7
-1.56977 -2.5
-1.56953 -2.4
-1.56928 -2.2
-1.56904 -2.1
-1.56879 -1.9
-1.56855 -1.8
-1.56831 -1.6
-1.56806 -1.4
-1.56782 -1.2
-1.56757 -1.0
-1.56733 -0.9
-1.56709 -0.7
-1.56684 -0.5
-1.5666 -0.3
-1.56635 0.0
-1.56611 0.1
-1.56586 0.3
-1.56562 0.5
-1.56538 0.7
-1.56513 0.9
-1.56489 1.1
-1.56464 1.2
-1.5644 1.4
-1.56416 1.6
-1.56391 1.8
-1.56367 1.9
-1.56342 2.1
-1.56318 2.3
-1.56293 2.4
-1.56269 2.5
-1.56245 2.7
-1.5622 2.8
-1.56196 2.9
-1.56171 3.0
-1.56147 3.1
-1.56123 3.2
-1.56098 3.3
-1.56074 3.4
-1.56049 3.4
-1.56025 3.5
-1.56001 3.5
-1.55976 3.5
-1.55952 3.5
-1.55927 3.5
-1.55903 3.5
-1.55878 3.5
-1.55854 3.5
-1.5583 3.5
-1.55805 3.4
-1.55781 3.4
-1.55756 3.3
-1.55732 3.2
-1.55708 3.1
-1.55683 3.0
-1.55659 2.9
-1.55634 2.8
-1.5561 2.7
-1.55585 2.6
-1.55561 2.4
-1.55537 2.3
-1.55512 2.1
-1.55488 2.0
-1.55463 1.8
-1.55439 1.6
-1.55415 1.4
-1.5539 1.3
-1.55366 1.1
-1.55341 0.9
-1.55317 0.7
-1.55293 0.5
-1.55268 0.3
-1.55244 0.1
-1.55219 0.0
-1.55195 -0.3
-1.5517 -0.5
-1.55146 -0.7
-1.55122 -0.8
-1.55097 -1.0
-1.55073 -1.2
-1.55048 -1.4
-1.55024 -1.6
-1.55 -1.8
-1.54975 -1.9
-1.54951 -2.1
-1.54926 -2.2
-1.54902 -2.4
-1.54877 -2.5
-1.54853 -2.7
-1.54829 -2.8
-1.54804 -2.9
-1.5478 -3.0
-1.54755 -3.1
-1.54731 -3.2
-1.54707 -3.3
-1.54682 -3.4
-1.54658 -3.4
-1.54633 -3.5
-1.54609 -3.5
-1.54585 -3.5
-1.5456 -3.5
-1.54536 -3.6
-1.54511 -3.6
-1.54487 -3.5
-1.54462 -3.5
-1.54438 -3.5
-1.54414 -3.4
-1.54389 -3.4
-1.54365 -3.3
-1.5434 -3.2
-1.54316 -3.1
-1.54292 -3.0
-1.54267 -2.9
-1.54243 -2.8
-1.54218 -2.7
-1.54194 -2.6
-1.54169 -2.4
-1.54145 -2.3
-1.54121 -2.1
-1.54096 -2.0
-1.54072 -1.8
-1.54047 -1.6
-1.54023 -1.5
-1.53999 -1.3
-1.53974 -1.1
-1.5395 -0.9
-1.53925 -0.7
-1.53901 -0.5
-1.53876 -0.3
-1.53852 -0.1
-1.53828 0.0
-1.53803 0.3
-1.53779 0.5
-1.53754 0.7
-1.5373 0.9
-1.53706 1.0
-1.53681 1.2
-1.53657 1.4
-1.53632 1.6
-1.53608 1.8
-1.53584 1.9
-1.53559 2.1
-1.53535 2.3
-1.5351 2.4
-1.53486 2.5
-1.53461 2.7
-1.53437 2.8
-1.53413 2.9
-1.53388 3.0
-1.53364 3.1
-1.53339 3.2
-1.53315 3.3
-1.53291 3.4
-1.53266 3.4
-1.53242 3.5
-1.53217 3.5
-1.53193 3.5
-1.53168 3.6
-1.53144 3.6
-1.5312 3.6
-1.53095 3.5
-1.53071 3.5
-1.53046 3.5
-1.53022 3.4
-1.52998 3.4
-1.52973 3.3
-1.52949 3.2
-1.52924 3.1
-1.529 3.0
-1.52876 2.9
-1.52851 2.8
-1.52827 2.7
-1.52802 2.6
-1.52778 2.4
-1.52753 2.3
-1.52729 2.1
-1.52705 1.9
-1.5268 1.8
-1.52656 1.6
-1.52631 1.4
-1.52607 1.2
-1.52583 1.1
-1.52558 0.9
-1.52534 0.7
-1.52509 0.5
-1.52485 0.3
-1.5246 0.0
-1.52436 -0.1
-1.52412 -0.3
-1.52387 -0.5
-1.52363 -0.7
-1.52338 -0.9
-1.52314 -1.1
-1.5229 -1.3
-1.52265 -1.5
-1.52241 -1.6
-1.52216 -1.8
-1.52192 -2.0
-1.52168 -2.1
-1.52143 -2.3
-1.52119 -2.4
-1.52094 -2.6
-1.5207 -2.7
-1.52045 -2.8
-1.52021 -3.0
-1.51997 -3.1
-1.51972 -3.2
-1.51948 -3.2
-1.51923 -3.3
-1.51899 -3.4
-1.51875 -3.4
-1.5185 -3.5
-1.51826 -3.5
-1.51801 -3.6
-1.51777 -3.6
-1.51752 -3.6
-1.51728 -3.6
-1.51704 -3.5
-1.51679 -3.5
-1.51655 -3.5
-1.5163 -3.4
-1.51606 -3.4
-1.51582 -3.3
-1.51557 -3.2
-1.51533 -3.1
-1.51508 -3.0
-1.51484 -2.9
-1.5146 -2.8
-1.51435 -2.6
-1.51411 -2.5
-1.51386 -2.4
-1.51362 -2.2
-1.51337 -2.1
-1.51313 -1.9
-1.51289 -1.7
-1.51264 -1.5
-1.5124 -1.4
-1.51215 -1.2
-1.51191 -1.0
-1.51167 -0.8
-1.51142 -0.6
-1.51118 -0.4
-1.51093 -0.2
-1.51069 0.0
-1.51044 0.2
-1.5102 0.4
-1.50996 0.6
-1.50971 0.8
-1.50947 1.0
-1.50922 1.2
-1.50898 1.4
-1.50874 1.5
-1.50849 1.7
-1.50825 1.9
-1.508 2.1
-1.50776 2.2
-1.50751 2.4
-1.50727 2.5
-1.50703 2.6
-1.50678 2.8
-1.50654 2.9
-1.50629 3.0
-1.50605 3.1
-1.50581 3.2
-1.50556 3.3
-1.50532 3.4
-1.50507 3.4
-1.50483 3.5
-1.50459 3.5
-1.50434 3.5
-1.5041 3.6
-1.50385 3.6
-1.50361 3.6
-1.50336 3.6
-1.50312 3.5
-1.50288 3.5
-1.50263 3.5
-1.50239 3.4
-1.50214 3.3
-1.5019 3.3
-1.50166 3.2
-1.50141 3.1
-1.50117 3.0
-1.50092 2.8
-1.50068 2.7
-1.50043 2.6
-1.50019 2.4
-1.49995 2.3
-1.4997 2.1
-1.49946 2.0
-1.49921 1.8
-1.49897 1.6
-1.49873 1.4
-1.49848 1.3
-1.49824 1.1
-1.49799 0.9
-1.49775 0.7
-1.49751 0.5
-1.49726 0.3
-1.49702 0.0
-1.49677 -0.1
-1.49653 -0.3
-1.49628 -0.5
-1.49604 -0.7
-1.4958 -0.9
-1.49555 -1.1
-1.49531 -1.3
-1.49506 -1.5
-1.49482 -1.6
-1.49458 -1.8
-1.49433 -2.0
-1.49409 -2.2
-1.49384 -2.3
-1.4936 -2.5
-1.49335 -2.6
-1.49311 -2.7
-1.49287 -2.9
-1.49262 -3.0
-1.49238 -3.1
-1.49213 -3.2
-1.49189 -3.3
-1.49165 -3.3
-1.4914 -3.4
-1.49116 -3.5
-1.49091 -3.5
-1.49067 -3.5
-1.49043 -3.6
-1.49018 -3.6
-1.48994 -3.6
-1.48969 -3.6
-1.48945 -3.6
-1.4892 -3.5
-1.48896 -3.5
-1.48872 -3.4
-1.48847 -3.4
-1.48823 -3.3
-1.48798 -3.2
-1.48774 -3.1
-1.4875 -3.0
-1.48725 -2.9
-1.48701 -2.8
-1.48676 -2.6
-1.48652 -2.5
-1.48627 -2.3
-1.48603 -2.2
-1.48579 -2.0
-1.48554 -1.8
-1.4853 -1.7
-1.48505 -1.5
-1.48481 -1.3
-1.48457 -1.1
-1.48432 -0.9
-1.48408 -0.7
-1.48383 -0.5
-1.48359 -0.3
-1.48335 -0.1
-1.4831 0.0
-1.48286 0.3
-1.48261 0.5
-1.48237 0.7
-1.48212 0.9
-1.48188 1.1
-1.48164 1.2
-1.48139 1.4
-1.48115 1.6
-1.4809 1.8
-1.48066 2.0
-1.48042 2.1
-1.48017 2.3
-1.47993 2.4
-1.47968 2.6
-1.47944 2.7
-1.47919 2.8
-1.47895 3.0
-1.47871 3.1
-1.47846 3.2
-1.47822 3.3
-1.47797 3.3
-1.47773 3.4
-1.47749 3.5
-1.47724 3.5
-1.477 3.6
-1.47675 3.6
-1.47651 3.6
-1.47626 3.6
-1.47602 3.6
-1.47578 3.6
-1.47553 3.5
-1.47529 3.5
-1.47504 3.4
-1.4748 3.4
-1.47456 3.3
-1.47431 3.2
-1.47407 3.1
-1.47382 3.0
-1.47358 2.9
-1.47334 2.8
-1.47309 2.6
-1.47285 2.5
-1.4726 2.4
-1.47236 2.2
-1.47211 2.0
-1.47187 1.9
-1.47163 1.7
-1.47138 1.5
-1.47114 1.3
-1.47089 1.1
-1.47065 0.9
-1.47041 0.7
-1.47016 0.5
-1.46992 0.3
-1.46967 0.1
-1.46943 0.0
-1.46918 -0.3
-1.46894 -0.5
-1.4687 -0.7
-1.46845 -0.9
-1.46821 -1.1
-1.46796 -1.2
-1.46772 -1.4
-1.46748 -1.6
-1.46723 -1.8
-1.46699 -2.0
-1.46674 -2.1
-1.4665 -2.3
-1.46626 -2.4
-1.46601 -2.6
-1.46577 -2.7
-1.46552 -2.9
-1.46528 -3.0
-1.46503 -3.1
-1.46479 -3.2
-1.46455 -3.3
-1.4643 -3.3
-1.46406 -3.4
-1.46381 -3.5
-1.46357 -3.5
-1.46333 -3.6
-1.46308 -3.6
-1.46284 -3.6
-1.46259 -3.6
-1.46235 -3.6
-1.4621 -3.6
-1.46186 -3.5
-1.46162 -3.5
-1.46137 -3.4
-1.46113 -3.4
-1.46088 -3.3
-1.46064 -3.2
-1.4604 -3.1
-1.46015 -3.0
-1.45991 -2.9
-1.45966 -2.8
-1.45942 -2.6
-1.45918 -2.5
-1.45893 -2.3
-1.45869 -2.2
-1.45844 -2.0
-1.4582 -1.9
-1.45795 -1.7
-1.45771 -1.5
-1.45747 -1.3
-1.45722 -1.1
-1.45698 -0.9
-1.45673 -0.7
-1.45649 -0.5
-1.45625 -0.3
-1.456 -0.1
-1.45576 0.0
-1.45551 0.3
-1.45527 0.5
-1.45502 0.7
-1.45478 0.9
-1.45454 1.1
-1.45429 1.3
-1.45405 1.5
-1.4538 1.6
-1.45356 1.8
-1.45332 2.0
-1.45307 2.2
-1.45283 2.3
-1.45258 2.5
-1.45234 2.6
-1.4521 2.8
-1.45185 2.9
-1.45161 3.0
-1.45136 3.1
-1.45112 3.2
-1.45087 3.3
-1.45063 3.4
-1.45039 3.4
-1.45014 3.5
-1.4499 3.5
-1.44965 3.6
-1.44941 3.6
-1.44917 3.6
-1.44892 3.6
-1.44868 3.6
-1.44843 3.6
-1.44819 3.5
-1.44794 3.5
-1.4477 3.4
-1.44746 3.4
-1.44721 3.3
-1.44697 3.2
-1.44672 3.1
-1.44648 3.0
-1.44624 2.9
-1.44599 2.7
-1.44575 2.6
-1.4455 2.5
-1.44526 2.3
-1.44501 2.1
-1.44477 2.0
-1.44453 1.8
-1.44428 1.6
-1.44404 1.4
-1.44379 1.2
-1.44355 1.1
-1.44331 0.9
-1.44306 0.7
-1.44282 0.5
-1.44257 0.3
-1.44233 0.0
-1.44209 -0.2
-1.44184 -0.4
-1.4416 -0.6
-1.44135 -0.8
-1.44111 -1.0
-1.44086 -1.2
-1.44062 -1.3
-1.44038 -1.5
-1.44013 -1.7
-1.43989 -1.9
-1.43964 -2.1
-1.4394 -2.2
-1.43916 -2.4
-1.43891 -2.5
-1.43867 -2.7
-1.43842 -2.8
-1.43818 -2.9
-1.43793 -3.1
-1.43769 -3.2
-1.43745 -3.3
-1.4372 -3.3
-1.43696 -3.4
-1.43671 -3.5
-1.43647 -3.5
-1.43623 -3.6
-1.43598 -3.6
-1.43574 -3.6
-1.43549 -3.6
-1.43525 -3.6
-1.43501 -3.6
-1.43476 -3.6
-1.43452 -3.5
-1.43427 -3.5
-1.43403 -3.4
-1.43378 -3.3
-1.43354 -3.3
-1.4333 -3.2
-1.43305 -3.1
-1.43281 -2.9
-1.43256 -2.8
-1.43232 -2.7
-1.43208 -2.5
-1.43183 -2.4
-1.43159 -2.2
-1.43134 -2.1
-1.4311 -1.9
-1.43085 -1.7
-1.43061 -1.5
-1.43037 -1.3
-1.43012 -1.2
-1.42988 -1.0
-1.42963 -0.8
-1.42939 -0.6
-1.42915 -0.4
-1.4289 -0.1
-1.42866 0.0
-1.42841 0.3
-1.42817 0.5
-1.42793 0.7
-1.42768 0.9
-1.42744 1.1
-1.42719 1.3
-1.42695 1.5
-1.4267 1.6
-1.42646 1.8
-1.42622 2.0
-1.42597 2.2
-1.42573 2.3
-1.42548 2.5
-1.42524 2.6
-1.425 2.8
-1.42475 2.9
-1.42451 3.0
-1.42426 3.1
-1.42402 3.2
-1.42377 3.3
-1.42353 3.4
-1.42329 3.5
-1.42304 3.5
-1.4228 3.6
-1.42255 3.6
-1.42231 3.6
-1.42207 3.6
-1.42182 3.6
-1.42158 3.6
-1.42133 3.6
-1.42109 3.5
-1.42085 3.5
-1.4206 3.4
-1.42036 3.4
-1.42011 3.3
-1.41987 3.2
-1.41962 3.1
-1.41938 3.0
-1.41914 2.9
-1.41889 2.7
-1.41865 2.6
-1.4184 2.4
-1.41816 2.3
-1.41792 2.1
-1.41767 2.0
-1.41743 1.8
-1.41718 1.6
-1.41694 1.4
-1.41669 1.2
-1.41645 1.0
-1.41621 0.8
-1.41596 0.6
-1.41572 0.4
-1.41547 0.2
-1.41523 0.0
-1.41499 -0.2
-1.41474 -0.4
-1.4145 -0.6
-1.41425 -0.8
-1.41401 -1.0
-1.41376 -1.2
-1.41352 -1.4
-1.41328 -1.6
-1.41303 -1.8
-1.41279 -2.0
-1.41254 -2.1
-1.4123 -2.3
-1.41206 -2.4
-1.41181 -2.6
-1.41157 -2.7
-1.41132 -2.9
-1.41108 -3.0
-1.41084 -3.1
-1.41059 -3.2
-1.41035 -3.3
-1.4101 -3.4
-1.40986 -3.4
-1.40961 -3.5
-1.40937 -3.6
-1.40913 -3.6
-1.40888 -3.6
-1.40864 -3.6
-1.40839 -3.6
-1.40815 -3.6
-1.40791 -3.6
-1.40766 -3.6
-1.40742 -3.5
-1.40717 -3.5
-1.40693 -3.4
-1.40668 -3.3
-1.40644 -3.2
-1.4062 -3.1
-1.40595 -3.0
-1.40571 -2.9
-1.40546 -2.8
-1.40522 -2.6
-1.40498 -2.5
-1.40473 -2.3
-1.40449 -2.2
-1.40424 -2.0
-1.404 -1.8
-1.40376 -1.6
-1.40351 -1.4
-1.40327 -1.2
-1.40302 -1.0
-1.40278 -0.8
-1.40253 -0.6
-1.40229 -0.4
-1.40205 -0.2
-1.4018 0.0
-1.40156 0.2
-1.40131 0.4
-1.40107 0.6
-1.40083 0.8
-1.40058 1.0
-1.40034 1.2
-1.40009 1.4
-1.39985 1.6
-1.3996 1.8
-1.39936 1.9
-1.39912 2.1
-1.39887 2.3
-1.39863 2.4
-1.39838 2.6
-1.39814 2.7
-1.3979 2.9
-1.39765 3.0
-1.39741 3.1
-1.39716 3.2
-1.39692 3.3
-1.39668 3.4
-1.39643 3.5
-1.39619 3.5
-1.39594 3.6
-1.3957 3.6
-1.39545 3.6
-1.39521 3.6
-1.39497 3.6
-1.39472 3.6
-1.39448 3.6
-1.39423 3.6
-1.39399 3.5
-1.39375 3.5
-1.3935 3.4
-1.39326 3.3
-1.39301 3.2
-1.39277 3.1
-1.39252 3.0
-1.39228 2.9
-1.39204 2.8
-1.39179 2.6
-1.39155 2.5
-1.3913 2.3
-1.39106 2.2
-1.39082 2.0
-1.39057 1.8
-1.39033 1.6
-1.39008 1.4
-1.38984 1.2
-1.3896 1.0
-1.38935 0.8
-1.38911 0.6
-1.38886 0.4
-1.38862 0.2
-1.38837 0.0
-1.38813 -0.2
-1.38789 -0.4
-1.38764 -0.6
-1.3874 -0.8
-1.38715 -1.0
-1.38691 -1.2
-1.38667 -1.4
-1.38642 -1.6
-1.38618 -1.8
-1.38593 -2.0
-1.38569 -2.1
-1.38544 -2.3
-1.3852 -2.5
-1.38496 -2.6
-1.38471 -2.8
-1.38447 -2.9
-1.38422 -3.0
-1.38398 -3.1
-1.38374 -3.2
-1.38349 -3.3
-1.38325 -3.4
-1.383 -3.5
-1.38276 -3.5
-1.38251 -3.6
-1.38227 -3.6
-1.38203 -3.6
-1.38178 -3.6
-1.38154 -3.6
-1.38129 -3.6
-1.38105 -3.6
-1.38081 -3.6
-1.38056 -3.5
-1.38032 -3.5
-1.38007 -3.4
-1.37983 -3.3
-1.37959 -3.2
-1.37934 -3.1
-1.3791 -3.0
-1.37885 -2.9
-1.37861 -2.7
-1.37836 -2.6
-1.37812 -2.4
-1.37788 -2.3
-1.37763 -2.1
-1.37739 -1.9
-1.37714 -1.8
-1.3769 -1.6
-1.37666 -1.4
-1.37641 -1.2
-1.37617 -1.0
-1.37592 -0.8
-1.37568 -0.6
-1.37543 -0.4
-1.37519 -0.2
-1.37495 0.0
-1.3747 0.3
-1.37446 0.5
-1.37421 0.7
-1.37397 0.9
-1.37373 1.1
-1.37348 1.3
-1.37324 1.5
-1.37299 1.7
-1.37275 1.9
-1.37251 2.0
-1.37226 2.2
-1.37202 2.4
-1.37177 2.5
-1.37153 2.7
-1.37128 2.8
-1.37104 2.9
-1.3708 3.1
-1.37055 3.2
-1.37031 3.3
-1.37006 3.4
-1.36982 3.4
-1.36958 3.5
-1.36933 3.6
-1.36909 3.6
-1.36884 3.6
-1.3686 3.7
-1.36835 3.7
-1.36811 3.7
-1.36787 3.6
-1.36762 3.6
-1.36738 3.6
-1.36713 3.5
-1.36689 3.4
-1.36665 3.4
-1.3664 3.3
-1.36616 3.2
-1.36591 3.1
-1.36567 3.0
-1.36543 2.8
-1.36518 2.7
-1.36494 2.5
-1.36469 2.4
-1.36445 2.2
-1.3642 2.0
-1.36396 1.9
-1.36372 1.7
-1.36347 1.5
-1.36323 1.3
-1.36298 1.1
-1.36274 0.9
-1.3625 0.7
-1.36225 0.5
-1.36201 0.3
-1.36176 0.0
-1.36152 -0.2
-1.36127 -0.4
-1.36103 -0.6
-1.36079 -0.8
-1.36054 -1.0
-1.3603 -1.2
-1.36005 -1.4
-1.35981 -1.6
-1.35957 -1.8
-1.35932 -2.0
-1.35908 -2.1
-1.35883 -2.3
-1.35859 -2.5
-1.35835 -2.6
-1.3581 -2.8
-1.35786 -2.9
-1.35761 -3.0
-1.35737 -3.1
-1.35712 -3.2
-1.35688 -3.3
-1.35664 -3.4
-1.35639 -3.5
-1.35615 -3.5
-1.3559 -3.6
-1.35566 -3.6
-1.35542 -3.7
-1.35517 -3.7
-1.35493 -3.7
-1.35468 -3.7
-1.35444 -3.6
-1.35419 -3.6
-1.35395 -3.5
-1.35371 -3.5
-1.35346 -3.4
-1.35322 -3.3
-1.35297 -3.2
-1.35273 -3.1
-1.35249 -3.0
-1.35224 -2.9
-1.352 -2.7
-1.35175 -2.6
-1.35151 -2.4
-1.35126 -2.3
-1.35102 -2.1
-1.35078 -1.9
-1.35053 -1.8
-1.35029 -1.6
-1.35004 -1.4
-1.3498 -1.2
-1.34956 -1.0
-1.34931 -0.8
-1.34907 -0.6
-1.34882 -0.3
-1.34858 -0.1
-1.34834 0.0
-1.34809 0.3
-1.34785 0.5
-1.3476 0.7
-1.34736 0.9
-1.34711 1.1
-1.34687 1.3
-1.34663 1.5
-1.34638 1.7
-1.34614 1.9
-1.34589 2.1
-1.34565 2.3
-1.34541 2.4
-1.34516 2.6
-1.34492 2.7
-1.34467 2.9
-1.34443 3.0
-1.34418 3.1
-1.34394 3.2
-1.3437 3.3
-1.34345 3.4
-1.34321 3.5
-1.34296 3.5
-1.34272 3.6
-1.34248 3.6
-1.34223 3.7
-1.34199 3.7
-1.34174 3.7
-1.3415 3.7
-1.34126 3.6
-1.34101 3.6
-1.34077 3.6
-1.34052 3.5
-1.34028 3.4
-1.34003 3.4
-1.33979 3.3
-1.33955 3.2
-1.3393 3.0
-1.33906 2.9
-1.33881 2.8
-1.33857 2.6
-1.33833 2.5
-1.33808 2.3
-1.33784 2.1
-1.33759 2.0
-1.33735 1.8
-1.3371 1.6
-1.33686 1.4
-1.33662 1.2
-1.33637 1.0
-1.33613 0.8
-1.33588 0.6
-1.33564 0.4
-1.3354 0.2
-1.33515 0.0
-1.33491 -0.3
-1.33466 -0.5
-1.33442 -0.7
-1.33418 -0.9
-1.33393 -1.1
-1.33369 -1.3
-1.33344 -1.5
-1.3332 -1.7
-1.33295 -1.9
-1.33271 -2.1
-1.33247 -2.2
-1.33222 -2.4
-1.33198 -2.6
-1.33173 -2.7
-1.33149 -2.9
-1.33125 -3.0
-1.331 -3.1
-1.33076 -3.2
-1.33051 -3.3
-1.33027 -3.4
-1.33002 -3.5
-1.32978 -3.5
-1.32954 -3.6
-1.32929 -3.6
-1.32905 -3.7
-1.3288 -3.7
-1.32856 -3.7
-1.32832 -3.7
-1.32807 -3.7
-1.32783 -3.6
-1.32758 -3.6
-1.32734 -3.5
-1.3271 -3.4
-1.32685 -3.4
-1.32661 -3.3
-1.32636 -3.2
-1.32612 -3.0
-1.32587 -2.9
-1.32563 -2.8
-1.32539 -2.6
-1.32514 -2.5
-1.3249 -2.3
-1.32465 -2.2
-1.32441 -2.0
-1.32417 -1.8
-1.32392 -1.6
-1.32368 -1.4
-1.32343 -1.2
-1.32319 -1.0
-1.32294 -0.8
-1.3227 -0.6
-1.32246 -0.4
-1.32221 -0.1
-1.32197 0.0
-1.32172 0.3
-1.32148 0.5
-1.32124 0.7
-1.32099 0.9
-1.32075 1.1
-1.3205 1.3
-1.32026 1.5
-1.32001 1.7
-1.31977 1.9
-1.31953 2.1
-1.31928 2.3
-1.31904 2.4
-1.31879 2.6
-1.31855 2.7
-1.31831 2.9
-1.31806 3.0
-1.31782 3.1
-1.31757 3.2
-1.31733 3.3
-1.31709 3.4
-1.31684 3.5
-1.3166 3.6
-1.31635 3.6
-1.31611 3.6
-1.31586 3.7
-1.31562 3.7
-1.31538 3.7
-1.31513 3.7
-1.31489 3.7
-1.31464 3.6
-1.3144 3.6
-1.31416 3.5
-1.31391 3.4
-1.31367 3.4
-1.31342 3.3
-1.31318 3.1
-1.31293 3.0
-1.31269 2.9
-1.31245 2.8
-1.3122 2.6
-1.31196 2.5
-1.31171 2.3
-1.31147 2.1
-1.31123 1.9
-1.31098 1.8
-1.31074 1.6
-1.31049 1.4
-1.31025 1.2
-1.31001 1.0
-1.30976 0.7
-1.30952 0.5
-1.30927 0.3
-1.30903 0.0
-1.30878 -0.1
-1.30854 -0.3
-1.3083 -0.6
-1.30805 -0.8
-1.30781 -1.0
-1.30756 -1.2
-1.30732 -1.4
-1.30708 -1.6
-1.30683 -1.8
-1.30659 -2.0
-1.30634 -2.1
-1.3061 -2.3
-1.30585 -2.5
-1.30561 -2.6
-1.30537 -2.8
-1.30512 -2.9
-1.30488 -3.1
-1.30463 -3.2
-1.30439 -3.3
-1.30415 -3.4
-1.3039 -3.5
-1.30366 -3.5
-1.30341 -3.6
-1.30317 -3.6
-1.30293 -3.7
-1.30268 -3.7
-1.30244 -3.7
-1.30219 -3.7
-1.30195 -3.7
-1.3017 -3.7
-1.30146 -3.6
-1.30122 -3.6
-1.30097 -3.5
-1.30073 -3.4
-1.30048 -3.3
-1.30024 -3.2
-1.3 -3.1
-1.29975 -3.0
-1.29951 -2.9
-1.29926 -2.7
-1.29902 -2.6
-1.29877 -2.4
-1.29853 -2.2
-1.29829 -2.1
-1.29804 -1.9
-1.2978 -1.7
-1.29755 -1.5
-1.29731 -1.3
-1.29707 -1.1
-1.29682 -0.9
-1.29658 -0.7
-1.29633 -0.4
-1.29609 -0.2
-1.29585 0.0
-1.2956 0.2
-1.29536 0.4
-1.29511 0.6
-1.29487 0.9
-1.29462 1.1
-1.29438 1.3
-1.29414 1.5
-1.29389 1.7
-1.29365 1.9
-1.2934 2.1
-1.29316 2.2
-1.29292 2.4
-1.29267 2.6
-1.29243 2.7
-1.29218 2.9
-1.29194 3.0
-1.29169 3.1
-1.29145 3.2
-1.29121 3.3
-1.29096 3.4
-1.29072 3.5
-1.29047 3.6
-1.29023 3.6
-1.28999 3.7
-1.28974 3.7
-1.2895 3.7
-1.28925 3.7
-1.28901 3.7
-1.28876 3.7
-1.28852 3.6
-1.28828 3.6
-1.28803 3.5
-1.28779 3.5
-1.28754 3.4
-1.2873 3.3
-1.28706 3.2
-1.28681 3.1
-1.28657 2.9
-1.28632 2.8
-1.28608 2.6
-1.28584 2.5
-1.28559 2.3
-1.28535 2.1
-1.2851 1.9
-1.28486 1.8
-1.28461 1.6
-1.28437 1.4
-1.28413 1.2
-1.28388 0.9
-1.28364 0.7
-1.28339 0.5
-1.28315 0.3
-1.28291 0.0
-1.28266 -0.1
-1.28242 -0.4
-1.28217 -0.6
-1.28193 -0.8
-1.28168 -1.0
-1.28144 -1.2
-1.2812 -1.4
-1.28095 -1.6
-1.28071 -1.8
-1.28046 -2.0
-1.28022 -2.2
-1.27998 -2.4
-1.27973 -2.5
-1.27949 -2.7
-1.27924 -2.8
-1.279 -3.0
-1.27876 -3.1
-1.27851 -3.2
-1.27827 -3.3
-1.27802 -3.4
-1.27778 -3.5
-1.27753 -3.6
-1.27729 -3.6
-1.27705 -3.7
-1.2768 -3.7
-1.27656 -3.7
-1.27631 -3.7
-1.27607 -3.7
-1.27583 -3.7
-1.27558 -3.7
-1.27534 -3.6
-1.27509 -3.6
-1.27485 -3.5
-1.2746 -3.4
-1.27436 -3.3
-1.27412 -3.2
-1.27387 -3.1
-1.27363 -3.0
-1.27338 -2.8
-1.27314 -2.7
-1.2729 -2.5
-1.27265 -2.3
-1.27241 -2.2
-1.27216 -2.0
-1.27192 -1.8
-1.27168 -1.6
-1.27143 -1.4
-1.27119 -1.2
-1.27094 -1.0
-1.2707 -0.8
-1.27045 -0.6
-1.27021 -0.3
-1.26997 -0.1
-1.26972 0.0
-1.26948 0.3
-1.26923 0.5
-1.26899 0.8
-1.26875 1.0
-1.2685 1.2
-1.26826 1.4
-1.26801 1.6
-1.26777 1.8
-1.26752 2.0
-1.26728 2.2
-1.26704 2.3
-1.26679 2.5
-1.26655 2.7
-1.2663 2.8
-1.26606 3.0
-1.26582 3.1
-1.26557 3.2
-1.26533 3.3
-1.26508 3.4
-1.26484 3.5
-1.2646 3.6
-1.26435 3.6
-1.26411 3.7
-1.26386 3.7
-1.26362 3.7
-1.26337 3.7
-1.26313 3.7
-1.26289 3.7
-1.26264 3.7
-1.2624 3.6
-1.26215 3.6
-1.26191 3.5
-1.26167 3.4
-1.26142 3.3
-1.26118 3.2
-1.26093 3.1
-1.26069 3.0
-1.26044 2.8
-1.2602 2.7
-1.25996 2.5
-1.25971 2.4
-1.25947 2.2
-1.25922 2.0
-1.25898 1.8
-1.25874 1.6
-1.25849 1.4
-1.25825 1.2
-1.258 1.0
-1.25776 0.8
-1.25751 0.6
-1.25727 0.3
-1.25703 0.1
-1.25678 -0.1
-1.25654 -0.3
-1.25629 -0.5
-1.25605 -0.8
-1.25581 -1.0
-1.25556 -1.2
-1.25532 -1.4
-1.25507 -1.6
-1.25483 -1.8
-1.25459 -2.0
-1.25434 -2.2
-1.2541 -2.4
-1.25385 -2.5
-1.25361 -2.7
-1.25336 -2.8
-1.25312 -3.0
-1.25288 -3.1
-1.25263 -3.2
-1.25239 -3.3
-1.25214 -3.4
-1.2519 -3.5
-1.25166 -3.6
-1.25141 -3.6
-1.25117 -3.7
-1.25092 -3.7
-1.25068 -3.7
-1.25043 -3.7
-1.25019 -3.7
-1.24995 -3.7
-1.2497 -3.7
-1.24946 -3.6
-1.24921 -3.6
-1.24897 -3.5
-1.24873 -3.4
-1.24848 -3.3
-1.24824 -3.2
-1.24799 -3.1
-1.24775 -3.0
-1.24751 -2.8
-1.24726 -2.7
-1.24702 -2.5
-1.24677 -2.3
-1.24653 -2.2
-1.24628 -2.0
-1.24604 -1.8
-1.2458 -1.6
-1.24555 -1.4
-1.24531 -1.2
-1.24506 -0.9
-1.24482 -0.7
-1.24458 -0.5
-1.24433 -0.3
-1.24409 0.0
-1.24384 0.2
-1.2436 0.4
-1.24335 0.6
-1.24311 0.8
-1.24287 1.0
-1.24262 1.2
-1.24238 1.5
-1.24213 1.7
-1.24189 1.9
-1.24165 2.0
-1.2414 2.2
-1.24116 2.4
-1.24091 2.6
-1.24067 2.7
-1.24043 2.9
-1.24018 3.0
-1.23994 3.1
-1.23969 3.3
-1.23945 3.4
-1.2392 3.5
-1.23896 3.5
-1.23872 3.6
-1.23847 3.7
-1.23823 3.7
-1.23798 3.7
-1.23774 3.7
-1.2375 3.7
-1.23725 3.7
-1.23701 3.7
-1.23676 3.7
-1.23652 3.6
-1.23627 3.6
-1.23603 3.5
-1.23579 3.4
-1.23554 3.3
-1.2353 3.2
-1.23505 3.0
-1.23481 2.9
-1.23457 2.8
-1.23432 2.6
-1.23408 2.4
-1.23383 2.3
-1.23359 2.1
-1.23335 1.9
-1.2331 1.7
-1.23286 1.5
-1.23261 1.3
-1.23237 1.1
-1.23212 0.9
-1.23188 0.6
-1.23164 0.4
-1.23139 0.2
-1.23115 0.0
-1.2309 -0.2
-1.23066 -0.5
-1.23042 -0.7
-1.23017 -0.9
-1.22993 -1.1
-1.22968 -1.3
-1.22944 -1.5
-1.22919 -1.8
-1.22895 -1.9
-1.22871 -2.1
-1.22846 -2.3
-1.22822 -2.5
-1.22797 -2.7
-1.22773 -2.8
-1.22749 -3.0
-1.22724 -3.1
-1.227 -3.2
-1.22675 -3.3
-1.22651 -3.4
-1.22626 -3.5
-1.22602 -3.6
-1.22578 -3.6
-1.22553 -3.7
-1.22529 -3.7
-1.22504 -3.7
-1.2248 -3.8
-1.22456 -3.7
-1.22431 -3.7
-1.22407 -3.7
-1.22382 -3.7
-1.22358 -3.6
-1.22334 -3.5
-1.22309 -3.4
-1.22285 -3.3
-1.2226 -3.2
-1.22236 -3.1
-1.22211 -3.0
-1.22187 -2.8
-1.22163 -2.7
-1.22138 -2.5
-1.22114 -2.4
-1.22089 -2.2
-1.22065 -2.0
-1.22041 -1.8
-1.22016 -1.6
-1.21992 -1.4
-1.21967 -1.2
-1.21943 -1.0
-1.21918 -0.7
-1.21894 -0.5
-1.2187 -0.3
-1.21845 0.0
-1.21821 0.2
-1.21796 0.4
-1.21772 0.6
-1.21748 0.8
-1.21723 1.1
-1.21699 1.3
-1.21674 1.5
-1.2165 1.7
-1.21626 1.9
-1.21601 2.1
-1.21577 2.3
-1.21552 2.4
-1.21528 2.6
-1.21503 2.8
-1.21479 2.9
-1.21455 3.0
-1.2143 3.2
-1.21406 3.3
-1.21381 3.4
-1.21357 3.5
-1.21333 3.6
-1.21308 3.6
-1.21284 3.7
-1.21259 3.7
-1.21235 3.7
-1.2121 3.8
-1.21186 3.8
-1.21162 3.7
-1.21137 3.7
-1.21113 3.7
-1.21088 3.6
-1.21064 3.6
-1.2104 3.5
-1.21015 3.4
-1.20991 3.3
-1.20966 3.2
-1.20942 3.0
-1.20918 2.9
-1.20893 2.7
-1.20869 2.6
-1.20844 2.4
-1.2082 2.2
-1.20795 2.0
-1.20771 1.8
-1.20747 1.6
-1.20722 1.4
-1.20698 1.2
-1.20673 1.0
-1.20649 0.8
-1.20625 0.6
-1.206 0.3
-1.20576 0.1
-1.20551 -0.1
-1.20527 -0.3
-1.20502 -0.6
-1.20478 -0.8
-1.20454 -1.0
-1.20429 -1.2
-1.20405 -1.4
-1.2038 -1.7
-1.20356 -1.9
-1.20332 -2.1
-1.20307 -2.2
-1.20283 -2.4
-1.20258 -2.6
-1.20234 -2.7
-1.2021 -2.9
-1.20185 -3.0
-1.20161 -3.2
-1.20136 -3.3
-1.20112 -3.4
-1.20087 -3.5
-1.20063 -3.6
-1.20039 -3.6
-1.20014 -3.7
-1.1999 -3.7
-1.19965 -3.8
-1.19941 -3.8
-1.19917 -3.8
-1.19892 -3.8
-1.19868 -3.7
-1.19843 -3.7
-1.19819 -3.6
-1.19794 -3.6
-1.1977 -3.5
-1.19746 -3.4
-1.19721 -3.3
-1.19697 -3.2
-1.19672 -3.0
-1.19648 -2.9
-1.19624 -2.7
-1.19599 -2.6
-1.19575 -2.4
-1.1955 -2.2
-1.19526 -2.0
-1.19501 -1.8
-1.19477 -1.6
-1.19453 -1.4
-1.19428 -1.2
-1.19404 -1.0
-1.19379 -0.8
-1.19355 -0.6
-1.19331 -0.3
-1.19306 -0.1
-1.19282 0.1
-1.19257 0.4
-1.19233 0.6
-1.19209 0.8
-1.19184 1.0
-1.1916 1.2
-1.19135 1.5
-1.19111 1.7
-1.19086 1.9
-1.19062 2.1
-1.19038 2.3
-1.19013 2.4
-1.18989 2.6
-1.18964 2.8
-1.1894 2.9
-1.18916 3.1
-1.18891 3.2
-1.18867 3.3
-1.18842 3.4
-1.18818 3.5
-1.18793 3.6
-1.18769 3.6
-1.18745 3.7
-1.1872 3.7
-1.18696 3.8
-1.18671 3.8
-1.18647 3.8
-1.18623 3.8
-1.18598 3.7
-1.18574 3.7
-1.18549 3.6
-1.18525 3.6
-1.18501 3.5
-1.18476 3.4
-1.18452 3.3
-1.18427 3.2
-1.18403 3.0
-1.18378 2.9
-1.18354 2.7
-1.1833 2.6
-1.18305 2.4
-1.18281 2.2
-1.18256 2.0
-1.18232 1.8
-1.18208 1.6
-1.18183 1.4
-1.18159 1.2
-1.18134 1.0
-1.1811 0.7
-1.18085 0.5
-1.18061 0.3
-1.18037 0.0
-1.18012 -0.2
-1.17988 -0.4
-1.17963 -0.6
-1.17939 -0.9
-1.17915 -1.1
-1.1789 -1.3
-1.17866 -1.5
-1.17841 -1.7
-1.17817 -1.9
-1.17793 -2.1
-1.17768 -2.3
-1.17744 -2.5
-1.17719 -2.7
-1.17695 -2.8
-1.1767 -3.0
-1.17646 -3.1
-1.17622 -3.2
-1.17597 -3.3
-1.17573 -3.4
-1.17548 -3.5
-1.17524 -3.6
-1.175 -3.7
-1.17475 -3.7
-1.17451 -3.8
-1.17426 -3.8
-1.17402 -3.8
-1.17377 -3.8
-1.17353 -3.8
-1.17329 -3.7
-1.17304 -3.7
-1.1728 -3.6
-1.17255 -3.5
-1.17231 -3.5
-1.17207 -3.4
-1.17182 -3.2
-1.17158 -3.1
-1.17133 -3.0
-1.17109 -2.8
-1.17085 -2.7
-1.1706 -2.5
-1.17036 -2.3
-1.17011 -2.1
-1.16987 -1.9
-1.16962 -1.7
-1.16938 -1.5
-1.16914 -1.3
-1.16889 -1.1
-1.16865 -0.9
-1.1684 -0.7
-1.16816 -0.4
-1.16792 -0.2
-1.16767 0.0
-1.16743 0.3
-1.16718 0.5
-1.16694 0.7
-1.16669 1.0
-1.16645 1.2
-1.16621 1.4
-1.16596 1.6
-1.16572 1.8
-1.16547 2.0
-1.16523 2.2
-1.16499 2.4
-1.16474 2.6
-1.1645 2.7
-1.16425 2.9
-1.16401 3.0
-1.16376 3.2
-1.16352 3.3
-1.16328 3.4
-1.16303 3.5
-1.16279 3.6
-1.16254 3.7
-1.1623 3.7
-1.16206 3.8
-1.16181 3.8
-1.16157 3.8
-1.16132 3.8
-1.16108 3.8
-1.16084 3.8
-1.16059 3.7
-1.16035 3.7
-1.1601 3.6
-1.15986 3.5
-1.15961 3.4
-1.15937 3.3
-1.15913 3.2
-1.15888 3.1
-1.15864 2.9
-1.15839 2.8
-1.15815 2.6
-1.15791 2.4
-1.15766 2.2
-1.15742 2.0
-1.15717 1.8
-1.15693 1.6
-1.15668 1.4
-1.15644 1.2
-1.1562 1.0
-1.15595 0.7
-1.15571 0.5
-1.15546 0.3
-1.15522 0.0
-1.15498 -0.2
-1.15473 -0.4
-1.15449 -0.6
-1.15424 -0.9
-1.154 -1.1
-1.15376 -1.3
-1.15351 -1.5
-1.15327 -1.7
-1.15302 -1.9
-1.15278 -2.1
-1.15253 -2.3
-1.15229 -2.5
-1.15205 -2.7
-1.1518 -2.8
-1.15156 -3.0
-1.15131 -3.1
-1.15107 -3.3
-1.15083 -3.4
-1.15058 -3.5
-1.15034 -3.6
-1.15009 -3.6
-1.14985 -3.7
-1.1496 -3.8
-1.14936 -3.8
-1.14912 -3.8
-1.14887 -3.8
-1.14863 -3.8
-1.14838 -3.8
-1.14814 -3.7
-1.1479 -3.7
-1.14765 -3.6
-1.14741 -3.5
-1.14716 -3.5
-1.14692 -3.3
-1.14668 -3.2
-1.14643 -3.1
-1.14619 -3.0
-1.14594 -2.8
-1.1457 -2.6
-1.14545 -2.5
-1.14521 -2.3
-1.14497 -2.1
-1.14472 -1.9
-1.14448 -1.7
-1.14423 -1.5
-1.14399 -1.2
-1.14375 -1.0
-1.1435 -0.8
-1.14326 -0.6
-1.14301 -0.3
-1.14277 0.0
-1.14252 0.1
-1.14228 0.4
-1.14204 0.6
-1.14179 0.8
-1.14155 1.1
-1.1413 1.3
-1.14106 1.5
-1.14082 1.7
-1.14057 1.9
-1.14033 2.1
-1.14008 2.3
-1.13984 2.5
-1.1396 2.7
-1.13935 2.8
-1.13911 3.0
-1.13886 3.1
-1.13862 3.3
-1.13837 3.4
-1.13813 3.5
-1.13789 3.6
-1.13764 3.6
-1.1374 3.7
-1.13715 3.8
-1.13691 3.8
-1.13667 3.8
-1.13642 3.8
-1.13618 3.8
-1.13593 3.8
-1.13569 3.8
-1.13544 3.7
-1.1352 3.6
-1.13496 3.6
-1.13471 3.5
-1.13447 3.4
-1.13422 3.2
-1.13398 3.1
-1.13374 3.0
-1.13349 2.8
-1.13325 2.7
-1.133 2.5
-1.13276 2.3
-1.13251 2.1
-1.13227 1.9
-1.13203 1.7
-1.13178 1.5
-1.13154 1.3
-1.13129 1.0
-1.13105 0.8
-1.13081 0.6
-1.13056 0.3
-1.13032 0.0
-1.13007 -0.1
-1.12983 -0.4
-1.12959 -0.6
-1.12934 -0.8
-1.1291 -1.1
-1.12885 -1.3
-1.12861 -1.5
-1.12836 -1.7
-1.12812 -1.9
-1.12788 -2.1
-1.12763 -2.3
-1.12739 -2.5
-1.12714 -2.7
-1.1269 -2.8
-1.12666 -3.0
-1.12641 -3.1
-1.12617 -3.3
-1.12592 -3.4
-1.12568 -3.5
-1.12543 -3.6
-1.12519 -3.7
-1.12495 -3.7
-1.1247 -3.8
-1.12446 -3.8
-1.12421 -3.8
-1.12397 -3.8
-1.12373 -3.8
-1.12348 -3.8
-1.12324 -3.8
-1.12299 -3.7
-1.12275 -3.6
-1.12251 -3.6
-1.12226 -3.5
-1.12202 -3.4
-1.12177 -3.2
-1.12153 -3.1
-1.12128 -3.0
-1.12104 -2.8
-1.1208 -2.6
-1.12055 -2.5
-1.12031 -2.3
-1.12006 -2.1
-1.11982 -1.9
-1.11958 -1.7
-1.11933 -1.4
-1.11909 -1.2
-1.11884 -1.0
-1.1186 -0.8
-1.11835 -0.5
-1.11811 -0.3
-1.11787 0.0
-1.11762 0.2
-1.11738 0.4
-1.11713 0.7
-1.11689 0.9
-1.11665 1.1
-1.1164 1.3
-1.11616 1.6
-1.11591 1.8
-1.11567 2.0
-1.11543 2.2
-1.11518 2.4
-1.11494 2.6
-1.11469 2.7
-1.11445 2.9
-1.1142 3.0
-1.11396 3.2
-1.11372 3.3
-1.11347 3.4
-1.11323 3.5
-1.11298 3.6
-1.11274 3.7
-1.1125 3.7
-1.11225 3.8
-1.11201 3.8
-1.11176 3.8
-1.11152 3.8
-1.11127 3.8
-1.11103 3.8
-1.11079 3.8
-1.11054 3.7
-1.1103 3.6
-1.11005 3.5
-1.10981 3.4
-1.10957 3.3
-1.10932 3.2
-1.10908 3.1
-1.10883 2.9
-1.10859 2.7
-1.10835 2.6
-1.1081 2.4
-1.10786 2.2
-1.10761 2.0
-1.10737 1.8
-1.10712 1.6
-1.10688 1.4
-1.10664 1.1
-1.10639 0.9
-1.10615 0.7
-1.1059 0.4
-1.10566 0.2
-1.10542 0.0
-1.10517 -0.3
-1.10493 -0.5
-1.10468 -0.8
-1.10444 -1.0
-1.10419 -1.2
-1.10395 -1.4
-1.10371 -1.7
-1.10346 -1.9
-1.10322 -2.1
-1.10297 -2.3
-1.10273 -2.5
-1.10249 -2.7
-1.10224 -2.8
-1.102 -3.0
-1.10175 -3.1
-1.10151 -3.3
-1.10126 -3.4
-1.10102 -3.5
-1.10078 -3.6
-1.10053 -3.7
-1.10029 -3.7
-1.10004 -3.8
-1.0998 -3.8
-1.09956 -3.8
-1.09931 -3.8
-1.09907 -3.8
-1.09882 -3.8
-1.09858 -3.8
-1.09834 -3.7
-1.09809 -3.7
-1.09785 -3.6
-1.0976 -3.5
-1.09736 -3.4
-1.09711 -3.3
-1.09687 -3.1
-1.09663 -3.0
-1.09638 -2.8
-1.09614 -2.7
-1.09589 -2.5
-1.09565 -2.3
-1.09541 -2.1
-1.09516 -1.9
-1.09492 -1.7
-1.09467 -1.5
-1.09443 -1.2
-1.09418 -1.0
-1.09394 -0.8
-1.0937 -0.5
-1.09345 -0.3
-1.09321 0.0
-1.09296 0.2
-1.09272 0.4
-1.09248 0.7
-1.09223 0.9
-1.09199 1.1
-1.09174 1.4
-1.0915 1.6
-1.09126 1.8
-1.09101 2.0
-1.09077 2.2
-1.09052 2.4
-1.09028 2.6
-1.09003 2.8
-1.08979 2.9
-1.08955 3.1
-1.0893 3.2
-1.08906 3.4
-1.08881 3.5
-1.08857 3.6
-1.08833 3.6
-1.08808 3.7
-1.08784 3.8
-1.08759 3.8
-1.08735 3.8
-1.0871 3.9
-1.08686 3.9
-1.08662 3.8
-1.08637 3.8
-1.08613 3.8
-1.08588 3.7
-1.08564 3.6
-1.0854 3.5
-1.08515 3.4
-1.08491 3.3
-1.08466 3.2
-1.08442 3.0
-1.08418 2.9
-1.08393 2.7
-1.08369 2.5
-1.08344 2.3
-1.0832 2.1
-1.08295 1.9
-1.08271 1.7
-1.08247 1.5
-1.08222 1.3
-1.08198 1.0
-1.08173 0.8
-1.08149 0.6
-1.08125 0.3
-1.081 0.0
-1.08076 -0.2
-1.08051 -0.4
-1.08027 -0.6
-1.08002 -0.9
-1.07978 -1.1
-1.07954 -1.3
-1.07929 -1.6
-1.07905 -1.8
-1.0788 -2.0
-1.07856 -2.2
-1.07832 -2.4
-1.07807 -2.6
-1.07783 -2.8
-1.07758 -2.9
-1.07734 -3.1
-1.0771 -3.2
-1.07685 -3.3
-1.07661 -3.5
-1.07636 -3.6
-1.07612 -3.7
-1.07587 -3.7
-1.07563 -3.8
-1.07539 -3.8
-1.07514 -3.9
-1.0749 -3.9
-1.07465 -3.9
-1.07441 -3.9
-1.07417 -3.8
-1.07392 -3.8
-1.07368 -3.7
-1.07343 -3.6
-1.07319 -3.5
-1.07294 -3.4
-1.0727 -3.3
-1.07246 -3.2
-1.07221 -3.0
-1.07197 -2.9
-1.07172 -2.7
-1.07148 -2.5
-1.07124 -2.3
-1.07099 -2.1
-1.07075 -1.9
-1.0705 -1.7
-1.07026 -1.5
-1.07001 -1.3
-1.06977 -1.0
-1.06953 -0.8
-1.06928 -0.6
-1.06904 -0.3
-1.06879 0.0
-1.06855 0.2
-1.06831 0.4
-1.06806 0.6
-1.06782 0.9
-1.06757 1.1
-1.06733 1.4
-1.06709 1.6
-1.06684 1.8
-1.0666 2.0
-1.06635 2.2
-1.06611 2.4
-1.06586 2.6
-1.06562 2.8
-1.06538 2.9
-1.06513 3.1
-1.06489 3.2
-1.06464 3.4
-1.0644 3.5
-1.06416 3.6
-1.06391 3.7
-1.06367 3.7
-1.06342 3.8
-1.06318 3.8
-1.06293 3.9
-1.06269 3.9
-1.06245 3.9
-1.0622 3.9
-1.06196 3.8
-1.06171 3.8
-1.06147 3.7
-1.06123 3.6
-1.06098 3.5
-1.06074 3.4
-1.06049 3.3
-1.06025 3.2
-1.06001 3.0
-1.05976 2.9
-1.05952 2.7
-1.05927 2.5
-1.05903 2.3
-1.05878 2.1
-1.05854 1.9
-1.0583 1.7
-1.05805 1.5
-1.05781 1.2
-1.05756 1.0
-1.05732 0.8
-1.05708 0.5
-1.05683 0.3
-1.05659 0.0
-1.05634 -0.2
-1.0561 -0.5
-1.05585 -0.7
-1.05561 -0.9
-1.05537 -1.2
-1.05512 -1.4
-1.05488 -1.6
-1.05463 -1.9
-1.05439 -2.1
-1.05415 -2.3
-1.0539 -2.5
-1.05366 -2.7
-1.05341 -2.8
-1.05317 -3.0
-1.05293 -3.1
-1.05268 -3.3
-1.05244 -3.4
-1.05219 -3.5
-1.05195 -3.6
-1.0517 -3.7
-1.05146 -3.8
-1.05122 -3.8
-1.05097 -3.9
-1.05073 -3.9
-1.05048 -3.9
-1.05024 -3.9
-1.05 -3.9
-1.04975 -3.8
-1.04951 -3.8
-1.04926 -3.7
-1.04902 -3.6
-1.04877 -3.5
-1.04853 -3.4
-1.04829 -3.3
-1.04804 -3.1
-1.0478 -3.0
-1.04755 -2.8
-1.04731 -2.6
-1.04707 -2.4
-1.04682 -2.2
-1.04658 -2.0
-1.04633 -1.8
-1.04609 -1.6
-1.04585 -1.4
-1.0456 -1.1
-1.04536 -0.9
-1.04511 -0.7
-1.04487 -0.4
-1.04462 -0.2
-1.04438 0.0
-1.04414 0.3
-1.04389 0.6
-1.04365 0.8
-1.0434 1.1
-1.04316 1.3
-1.04292 1.5
-1.04267 1.7
-1.04243 2.0
-1.04218 2.2
-1.04194 2.4
-1.04169 2.6
-1.04145 2.7
-1.04121 2.9
-1.04096 3.1
-1.04072 3.2
-1.04047 3.4
-1.04023 3.5
-1.03999 3.6
-1.03974 3.7
-1.0395 3.7
-1.03925 3.8
-1.03901 3.9
-1.03876 3.9
-1.03852 3.9
-1.03828 3.9
-1.03803 3.9
-1.03779 3.8
-1.03754 3.8
-1.0373 3.7
-1.03706 3.7
-1.03681 3.6
-1.03657 3.5
-1.03632 3.3
-1.03608 3.2
-1.03584 3.0
-1.03559 2.9
-1.03535 2.7
-1.0351 2.5
-1.03486 2.3
-1.03461 2.1
-1.03437 1.9
-1.03413 1.7
-1.03388 1.5
-1.03364 1.2
-1.03339 1.0
-1.03315 0.8
-1.03291 0.5
-1.03266 0.3
-1.03242 0.0
-1.03217 -0.2
-1.03193 -0.5
-1.03168 -0.7
-1.03144 -1.0
-1.0312 -1.2
-1.03095 -1.4
-1.03071 -1.7
-1.03046 -1.9
-1.03022 -2.1
-1.02998 -2.3
-1.02973 -2.5
-1.02949 -2.7
-1.02924 -2.9
-1.029 -3.0
-1.02876 -3.2
-1.02851 -3.3
-1.02827 -3.5
-1.02802 -3.6
-1.02778 -3.7
-1.02753 -3.7
-1.02729 -3.8
-1.02705 -3.9
-1.0268 -3.9
-1.02656 -3.9
-1.02631 -3.9
-1.02607 -3.9
-1.02583 -3.9
-1.02558 -3.8
-1.02534 -3.8
-1.02509 -3.7
-1.02485 -3.6
-1.0246 -3.5
-1.02436 -3.4
-1.02412 -3.2
-1.02387 -3.1
-1.02363 -2.9
-1.02338 -2.8
-1.02314 -2.6
-1.0229 -2.4
-1.02265 -2.2
-1.02241 -2.0
-1.02216 -1.7
-1.02192 -1.5
-1.02168 -1.3
-1.02143 -1.0
-1.02119 -0.8
-1.02094 -0.5
-1.0207 -0.3
-1.02045 0.0
-1.02021 0.2
-1.01997 0.5
-1.01972 0.7
-1.01948 0.9
-1.01923 1.2
-1.01899 1.4
-1.01875 1.7
-1.0185 1.9
-1.01826 2.1
-1.01801 2.3
-1.01777 2.5
-1.01752 2.7
-1.01728 2.9
-1.01704 3.0
-1.01679 3.2
-1.01655 3.3
-1.0163 3.5
-1.01606 3.6
-1.01582 3.7
-1.01557 3.7
-1.01533 3.8
-1.01508 3.9
-1.01484 3.9
-1.0146 3.9
-1.01435 3.9
-1.01411 3.9
-1.01386 3.9
-1.01362 3.8
-1.01337 3.8
-1.01313 3.7
-1.01289 3.6
-1.01264 3.5
-1.0124 3.4
-1.01215 3.2
-1.01191 3.1
-1.01167 2.9
-1.01142 2.8
-1.01118 2.6
-1.01093 2.4
-1.01069 2.2
-1.01044 2.0
-1.0102 1.7
-1.00996 1.5
-1.00971 1.3
-1.00947 1.0
-1.00922 0.8
-1.00898 0.5
-1.00874 0.3
-1.00849 0.0
-1.00825 -0.2
-1.008 -0.5
-1.00776 -0.7
-1.00751 -1.0
-1.00727 -1.2
-1.00703 -1.4
-1.00678 -1.7
-1.00654 -1.9
-1.00629 -2.1
-1.00605 -2.3
-1.00581 -2.5
-1.00556 -2.7
-1.00532 -2.9
-1.00507 -3.1
-1.00483 -3.2
-1.00459 -3.4
-1.00434 -3.5
-1.0041 -3.6
-1.00385 -3.7
-1.00361 -3.8
-1.00336 -3.8
-1.00312 -3.9
-1.00288 -3.9
-1.00263 -3.9
-1.00239 -3.9
-1.00214 -3.9
-1.0019 -3.9
-1.00166 -3.8
-1.00141 -3.8
-1.00117 -3.7
-1.00092 -3.6
-1.00068 -3.5
-1.00043 -3.4
-1.00019 -3.2
-0.99995 -3.1
-0.9997 -2.9
-0.99946 -2.7
-0.99921 -2.5
-0.99897 -2.3
-0.99873 -2.1
-0.99848 -1.9
-0.99824 -1.7
-0.99799 -1.5
-0.99775 -1.2
-0.99751 -1.0
-0.99726 -0.7
-0.99702 -0.5
-0.99677 -0.2
-0.99653 0.0
-0.99628 0.3
-0.99604 0.5
-0.9958 0.8
-0.99555 1.0
-0.99531 1.3
-0.99506 1.5
-0.99482 1.7
-0.99458 2.0
-0.99433 2.2
-0.99409 2.4
-0.99384 2.6
-0.9936 2.8
-0.99335 3.0
-0.99311 3.1
-0.99287 3.3
-0.99262 3.4
-0.99238 3.5
-0.99213 3.6
-0.99189 3.7
-0.99165 3.8
-0.9914 3.9
-0.99116 3.9
-0.99091 3.9
-0.99067 3.9
-0.99043 3.9
-0.99018 3.9
-0.98994 3.9
-0.98969 3.8
-0.98945 3.8
-0.9892 3.7
-0.98896 3.6
-0.98872 3.5
-0.98847 3.3
-0.98823 3.2
-0.98798 3.0
-0.98774 2.8
-0.9875 2.7
-0.98725 2.5
-0.98701 2.3
-0.98676 2.1
-0.98652 1.8
-0.98627 1.6
-0.98603 1.4
-0.98579 1.1
-0.98554 0.9
-0.9853 0.6
-0.98505 0.4
-0.98481 0.1
-0.98457 -0.1
-0.98432 -0.4
-0.98408 -0.7
-0.98383 -0.9
-0.98359 -1.2
-0.98335 -1.4
-0.9831 -1.6
-0.98286 -1.9
-0.98261 -2.1
-0.98237 -2.3
-0.98212 -2.5
-0.98188 -2.7
-0.98164 -2.9
-0.98139 -3.0
-0.98115 -3.2
-0.9809 -3.4
-0.98066 -3.5
-0.98042 -3.6
-0.98017 -3.7
-0.97993 -3.8
-0.97968 -3.8
-0.97944 -3.9
-0.97919 -3.9
-0.97895 -4.0
-0.97871 -4.0
-0.97846 -3.9
-0.97822 -3.9
-0.97797 -3.9
-0.97773 -3.8
-0.97749 -3.7
-0.97724 -3.6
-0.977 -3.5
-0.97675 -3.4
-0.97651 -3.2
-0.97626 -3.1
-0.97602 -2.9
-0.97578 -2.7
-0.97553 -2.5
-0.97529 -2.3
-0.97504 -2.1
-0.9748 -1.9
-0.97456 -1.7
-0.97431 -1.4
-0.97407 -1.2
-0.97382 -1.0
-0.97358 -0.7
-0.97334 -0.4
-0.97309 -0.2
-0.97285 0.0
-0.9726 0.3
-0.97236 0.6
-0.97211 0.8
-0.97187 1.1
-0.97163 1.3
-0.97138 1.6
-0.97114 1.8
-0.97089 2.0
-0.97065 2.2
-0.97041 2.5
-0.97016 2.7
-0.96992 2.8
-0.96967 3.0
-0.96943 3.2
-0.96918 3.3
-0.96894 3.5
-0.9687 3.6
-0.96845 3.7
-0.96821 3.8
-0.96796 3.8
-0.96772 3.9
-0.96748 3.9
-0.96723 4.0
-0.96699 4.0
-0.96674 4.0
-0.9665 3.9
-0.96626 3.9
-0.96601 3.8
-0.96577 3.7
-0.96552 3.7
-0.96528 3.5
-0.96503 3.4
-0.96479 3.3
-0.96455 3.1
-0.9643 3.0
-0.96406 2.8
-0.96381 2.6
-0.96357 2.4
-0.96333 2.2
-0.96308 2.0
-0.96284 1.7
-0.96259 1.5
-0.96235 1.2
-0.9621 1.0
-0.96186 0.7
-0.96162 0.5
-0.96137 0.2
-0.96113 0.0
-0.96088 -0.3
-0.96064 -0.6
-0.9604 -0.8
-0.96015 -1.1
-0.95991 -1.3
-0.95966 -1.6
-0.95942 -1.8
-0.95918 -2.0
-0.95893 -2.2
-0.95869 -2.4
-0.95844 -2.6
-0.9582 -2.8
-0.95795 -3.0
-0.95771 -3.2
-0.95747 -3.3
-0.95722 -3.5
-0.95698 -3.6
-0.95673 -3.7
-0.95649 -3.8
-0.95625 -3.9
-0.956 -3.9
-0.95576 -3.9
-0.95551 -4.0
-0.95527 -4.0
-0.95502 -4.0
-0.95478 -3.9
-0.95454 -3.9
-0.95429 -3.8
-0.95405 -3.8
-0.9538 -3.7
-0.95356 -3.5
-0.95332 -3.4
-0.95307 -3.3
-0.95283 -3.1
-0.95258 -3.0
-0.95234 -2.8
-0.9521 -2.6
-0.95185 -2.4
-0.95161 -2.2
-0.95136 -1.9
-0.95112 -1.7
-0.95087 -1.5
-0.95063 -1.2
-0.95039 -1.0
-0.95014 -0.7
-0.9499 -0.5
-0.94965 -0.2
-0.94941 0.0
-0.94917 0.3
-0.94892 0.6
-0.94868 0.8
-0.94843 1.1
-0.94819 1.3
-0.94794 1.6
-0.9477 1.8
-0.94746 2.1
-0.94721 2.3
-0.94697 2.5
-0.94672 2.7
-0.94648 2.9
-0.94624 3.0
-0.94599 3.2
-0.94575 3.4
-0.9455 3.5
-0.94526 3.6
-0.94501 3.7
-0.94477 3.8
-0.94453 3.9
-0.94428 3.9
-0.94404 4.0
-0.94379 4.0
-0.94355 4.0
-0.94331 4.0
-0.94306 3.9
-0.94282 3.9
-0.94257 3.8
-0.94233 3.7
-0.94209 3.6
-0.94184 3.5
-0.9416 3.4
-0.94135 3.3
-0.94111 3.1
-0.94086 2.9
-0.94062 2.7
-0.94038 2.5
-0.94013 2.3
-0.93989 2.1
-0.93964 1.9
-0.9394 1.7
-0.93916 1.4
-0.93891 1.2
-0.93867 0.9
-0.93842 0.6
-0.93818 0.4
-0.93793 0.1
-0.93769 -0.1
-0.93745 -0.4
-0.9372 -0.7
-0.93696 -0.9
-0.93671 -1.2
-0.93647 -1.4
-0.93623 -1.7
-0.93598 -1.9
-0.93574 -2.1
-0.93549 -2.4
-0.93525 -2.6
-0.93501 -2.8
-0.93476 -2.9
-0.93452 -3.1
-0.93427 -3.3
-0.93403 -3.4
-0.93378 -3.6
-0.93354 -3.7
-0.9333 -3.8
-0.93305 -3.8
-0.93281 -3.9
-0.93256 -4.0
-0.93232 -4.0
-0.93208 -4.0
-0.93183 -4.0
-0.93159 -4.0
-0.93134 -3.9
-0.9311 -3.9
-0.93085 -3.8
-0.93061 -3.7
-0.93037 -3.6
-0.93012 -3.5
-0.92988 -3.3
-0.92963 -3.2
-0.92939 -3.0
-0.92915 -2.8
-0.9289 -2.7
-0.92866 -2.5
-0.92841 -2.2
-0.92817 -2.0
-0.92793 -1.8
-0.92768 -1.5
-0.92744 -1.3
-0.92719 -1.0
-0.92695 -0.8
-0.9267 -0.5
-0.92646 -0.3
-0.92622 0.0
-0.92597 0.3
-0.92573 0.5
-0.92548 0.8
-0.92524 1.1
-0.925 1.3
-0.92475 1.6
-0.92451 1.8
-0.92426 2.0
-0.92402 2.3
-0.92377 2.5
-0.92353 2.7
-0.92329 2.9
-0.92304 3.1
-0.9228 3.2
-0.92255 3.4
-0.92231 3.5
-0.92207 3.6
-0.92182 3.7
-0.92158 3.8
-0.92133 3.9
-0.92109 4.0
-0.92085 4.0
-0.9206 4.0
-0.92036 4.0
-0.92011 4.0
-0.91987 4.0
-0.91962 3.9
-0.91938 3.8
-0.91914 3.8
-0.91889 3.7
-0.91865 3.5
-0.9184 3.4
-0.91816 3.3
-0.91792 3.1
-0.91767 2.9
-0.91743 2.7
-0.91718 2.5
-0.91694 2.3
-0.91669 2.1
-0.91645 1.9
-0.91621 1.6
-0.91596 1.4
-0.91572 1.1
-0.91547 0.9
-0.91523 0.6
-0.91499 0.3
-0.91474 0.0
-0.9145 -0.2
-0.91425 -0.5
-0.91401 -0.7
-0.91376 -1.0
-0.91352 -1.3
-0.91328 -1.5
-0.91303 -1.8
-0.91279 -2.0
-0.91254 -2.2
-0.9123 -2.4
-0.91206 -2.6
-0.91181 -2.8
-0.91157 -3.0
-0.91132 -3.2
-0.91108 -3.4
-0.91084 -3.5
-0.91059 -3.6
-0.91035 -3.7
-0.9101 -3.8
-0.90986 -3.9
-0.90961 -4.0
-0.90937 -4.0
-0.90913 -4.0
-0.90888 -4.0
-0.90864 -4.0
-0.90839 -4.0
-0.90815 -3.9
-0.90791 -3.9
-0.90766 -3.8
-0.90742 -3.7
-0.90717 -3.6
-0.90693 -3.4
-0.90668 -3.3
-0.90644 -3.1
-0.9062 -2.9
-0.90595 -2.8
-0.90571 -2.6
-0.90546 -2.3
-0.90522 -2.1
-0.90498 -1.9
-0.90473 -1.6
-0.90449 -1.4
-0.90424 -1.1
-0.904 -0.9
-0.90376 -0.6
-0.90351 -0.3
-0.90327 0.0
-0.90302 0.2
-0.90278 0.5
-0.90253 0.7
-0.90229 1.0
-0.90205 1.3
-0.9018 1.5
-0.90156 1.8
-0.90131 2.0
-0.90107 2.2
-0.90083 2.4
-0.90058 2.7
-0.90034 2.9
-0.90009 3.0
-0.89985 3.2
-0.8996 3.4
-0.89936 3.5
-0.89912 3.6
-0.89887 3.7
-0.89863 3.8
-0.89838 3.9
-0.89814 4.0
-0.8979 4.0
-0.89765 4.0
-0.89741 4.0
-0.89716 4.0
-0.89692 4.0
-0.89668 3.9
-0.89643 3.9
-0.89619 3.8
-0.89594 3.7
-0.8957 3.6
-0.89545 3.4
-0.89521 3.3
-0.89497 3.1
-0.89472 2.9
-0.89448 2.7
-0.89423 2.5
-0.89399 2.3
-0.89375 2.1
-0.8935 1.9
-0.89326 1.6
-0.89301 1.4
-0.89277 1.1
-0.89252 0.8
-0.89228 0.6
-0.89204 0.3
-0.89179 0.0
-0.89155 -0.2
-0.8913 -0.5
-0.89106 -0.8
-0.89082 -1.0
-0.89057 -1.3
-0.89033 -1.6
-0.89008 -1.8
-0.88984 -2.0
-0.8896 -2.3
-0.88935 -2.5
-0.88911 -2.7
-0.88886 -2.9
-0.88862 -3.1
-0.88837 -3.3
-0.88813 -3.4
-0.88789 -3.5
-0.88764 -3.7
-0.8874 -3.8
-0.88715 -3.9
-0.88691 -3.9
-0.88667 -4.0
-0.88642 -4.0
-0.88618 -4.0
-0.88593 -4.0
-0.88569 -4.0
-0.88544 -4.0
-0.8852 -3.9
-0.88496 -3.9
-0.88471 -3.8
-0.88447 -3.7
-0.88422 -3.5
-0.88398 -3.4
-0.88374 -3.2
-0.88349 -3.1
-0.88325 -2.9
-0.883 -2.7
-0.88276 -2.5
-0.88251 -2.3
-0.88227 -2.0
-0.88203 -1.8
-0.88178 -1.5
-0.88154 -1.3
-0.88129 -1.0
-0.88105 -0.7
-0.88081 -0.5
-0.88056 -0.2
-0.88032 0.0
-0.88007 0.3
-0.87983 0.6
-0.87959 0.9
-0.87934 1.2
-0.8791 1.4
-0.87885 1.7
-0.87861 1.9
-0.87836 2.1
-0.87812 2.4
-0.87788 2.6
-0.87763 2.8
-0.87739 3.0
-0.87714 3.2
-0.8769 3.3
-0.87666 3.5
-0.87641 3.6
-0.87617 3.7
-0.87592 3.8
-0.87568 3.9
-0.87543 4.0
-0.87519 4.0
-0.87495 4.1
-0.8747 4.1
-0.87446 4.1
-0.87421 4.0
-0.87397 4.0
-0.87373 3.9
-0.87348 3.8
-0.87324 3.7
-0.87299 3.6
-0.87275 3.5
-0.87251 3.3
-0.87226 3.2
-0.87202 3.0
-0.87177 2.8
-0.87153 2.6
-0.87128 2.4
-0.87104 2.1
-0.8708 1.9
-0.87055 1.6
-0.87031 1.4
-0.87006 1.1
-0.86982 0.9
-0.86958 0.6
-0.86933 0.3
-0.86909 0.0
-0.86884 -0.2
-0.8686 -0.5
-0.86835 -0.8
-0.86811 -1.0
-0.86787 -1.3
-0.86762 -1.6
-0.86738 -1.8
-0.86713 -2.1
-0.86689 -2.3
-0.86665 -2.5
-0.8664 -2.7
-0.86616 -2.9
-0.86591 -3.1
-0.86567 -3.3
-0.86543 -3.4
-0.86518 -3.6
-0.86494 -3.7
-0.86469 -3.8
-0.86445 -3.9
-0.8642 -4.0
-0.86396 -4.0
-0.86372 -4.1
-0.86347 -4.1
-0.86323 -4.1
-0.86298 -4.0
-0.86274 -4.0
-0.8625 -3.9
-0.86225 -3.9
-0.86201 -3.8
-0.86176 -3.7
-0.86152 -3.5
-0.86127 -3.4
-0.86103 -3.2
-0.86079 -3.0
-0.86054 -2.8
-0.8603 -2.6
-0.86005 -2.4
-0.85981 -2.2
-0.85957 -2.0
-0.85932 -1.7
-0.85908 -1.5
-0.85883 -1.2
-0.85859 -0.9
-0.85835 -0.7
-0.8581 -0.4
-0.85786 0.0
-0.85761 0.2
-0.85737 0.5
-0.85712 0.7
-0.85688 1.0
-0.85664 1.3
-0.85639 1.5
-0.85615 1.8
-0.8559 2.0
-0.85566 2.3
-0.85542 2.5
-0.85517 2.7
-0.85493 2.9
-0.85468 3.1
-0.85444 3.3
-0.85419 3.4
-0.85395 3.6
-0.85371 3.7
-0.85346 3.8
-0.85322 3.9
-0.85297 4.0
-0.85273 4.0
-0.85249 4.1
-0.85224 4.1
-0.852 4.1
-0.85175 4.1
-0.85151 4.0
-0.85126 4.0
-0.85102 3.9
-0.85078 3.8
-0.85053 3.7
-0.85029 3.5
-0.85004 3.4
-0.8498 3.2
-0.84956 3.1
-0.84931 2.9
-0.84907 2.7
-0.84882 2.4
-0.84858 2.2
-0.84834 2.0
-0.84809 1.7
-0.84785 1.5
-0.8476 1.2
-0.84736 0.9
-0.84711 0.7
-0.84687 0.4
-0.84663 0.0
-0.84638 -0.2
-0.84614 -0.5
-0.84589 -0.7
-0.84565 -1.0
-0.84541 -1.3
-0.84516 -1.5
-0.84492 -1.8
-0.84467 -2.1
-0.84443 -2.3
-0.84418 -2.5
-0.84394 -2.7
-0.8437 -2.9
-0.84345 -3.1
-0.84321 -3.3
-0.84296 -3.5
-0.84272 -3.6
-0.84248 -3.7
-0.84223 -3.8
-0.84199 -3.9
-0.84174 -4.0
-0.8415 -4.0
-0.84126 -4.1
-0.84101 -4.1
-0.84077 -4.1
-0.84052 -4.1
-0.84028 -4.0
-0.84003 -4.0
-0.83979 -3.9
-0.83955 -3.8
-0.8393 -3.7
-0.83906 -3.5
-0.83881 -3.4
-0.83857 -3.2
-0.83833 -3.0
-0.83808 -2.8
-0.83784 -2.6
-0.83759 -2.4
-0.83735 -2.2
-0.8371 -1.9
-0.83686 -1.7
-0.83662 -1.4
-0.83637 -1.1
-0.83613 -0.9
-0.83588 -0.6
-0.83564 -0.3
-0.8354 0.0
-0.83515 0.3
-0.83491 0.5
-0.83466 0.8
-0.83442 1.1
-0.83418 1.4
-0.83393 1.6
-0.83369 1.9
-0.83344 2.1
-0.8332 2.4
-0.83295 2.6
-0.83271 2.8
-0.83247 3.0
-0.83222 3.2
-0.83198 3.4
-0.83173 3.5
-0.83149 3.7
-0.83125 3.8
-0.831 3.9
-0.83076 4.0
-0.83051 4.0
-0.83027 4.1
-0.83002 4.1
-0.82978 4.1
-0.82954 4.1
-0.82929 4.1
-0.82905 4.0
-0.8288 3.9
-0.82856 3.9
-0.82832 3.8
-0.82807 3.6
-0.82783 3.5
-0.82758 3.3
-0.82734 3.2
-0.8271 3.0
-0.82685 2.8
-0.82661 2.5
-0.82636 2.3
-0.82612 2.1
-0.82587 1.8
-0.82563 1.6
-0.82539 1.3
-0.82514 1.0
-0.8249 0.7
-0.82465 0.5
-0.82441 0.2
-0.82417 -0.1
-0.82392 -0.4
-0.82368 -0.7
-0.82343 -0.9
-0.82319 -1.2
-0.82294 -1.5
-0.8227 -1.8
-0.82246 -2.0
-0.82221 -2.3
-0.82197 -2.5
-0.82172 -2.7
-0.82148 -2.9
-0.82124 -3.1
-0.82099 -3.3
-0.82075 -3.5
-0.8205 -3.6
-0.82026 -3.7
-0.82001 -3.8
-0.81977 -3.9
-0.81953 -4.0
-0.81928 -4.1
-0.81904 -4.1
-0.81879 -4.1
-0.81855 -4.1
-0.81831 -4.1
-0.81806 -4.1
-0.81782 -4.0
-0.81757 -3.9
-0.81733 -3.8
-0.81709 -3.7
-0.81684 -3.6
-0.8166 -3.4
-0.81635 -3.2
-0.81611 -3.0
-0.81586 -2.8
-0.81562 -2.6
-0.81538 -2.4
-0.81513 -2.2
-0.81489 -1.9
-0.81464 -1.7
-0.8144 -1.4
-0.81416 -1.1
-0.81391 -0.8
-0.81367 -0.6
-0.81342 -0.3
-0.81318 0.0
-0.81293 0.3
-0.81269 0.6
-0.81245 0.9
-0.8122 1.1
-0.81196 1.4
-0.81171 1.7
-0.81147 1.9
-0.81123 2.2
-0.81098 2.4
-0.81074 2.7
-0.81049 2.9
-0.81025 3.1
-0.81001 3.3
-0.80976 3.4
-0.80952 3.6
-0.80927 3.7
-0.80903 3.8
-0.80878 3.9
-0.80854 4.0
-0.8083 4.1
-0.80805 4.1
-0.80781 4.1
-0.80756 4.1
-0.80732 4.1
-0.80708 4.1
-0.80683 4.0
-0.80659 3.9
-0.80634 3.8
-0.8061 3.7
-0.80585 3.6
-0.80561 3.4
-0.80537 3.3
-0.80512 3.1
-0.80488 2.9
-0.80463 2.7
-0.80439 2.5
-0.80415 2.2
-0.8039 2.0
-0.80366 1.7
-0.80341 1.4
-0.80317 1.2
-0.80293 0.9
-0.80268 0.6
-0.80244 0.3
-0.80219 0.0
-0.80195 -0.3
-0.8017 -0.6
-0.80146 -0.8
-0.80122 -1.1
-0.80097 -1.4
-0.80073 -1.7
-0.80048 -1.9
-0.80024 -2.2
-0.8 -2.4
-0.79975 -2.6
-0.79951 -2.9
-0.79926 -3.1
-0.79902 -3.3
-0.79877 -3.4
-0.79853 -3.6
-0.79829 -3.7
-0.79804 -3.8
-0.7978 -3.9
-0.79755 -4.0
-0.79731 -4.1
-0.79707 -4.1
-0.79682 -4.1
-0.79658 -4.1
-0.79633 -4.1
-0.79609 -4.1
-0.79585 -4.0
-0.7956 -4.0
-0.79536 -3.9
-0.79511 -3.7
-0.79487 -3.6
-0.79462 -3.4
-0.79438 -3.3
-0.79414 -3.1
-0.79389 -2.9
-0.79365 -2.7
-0.7934 -2.4
-0.79316 -2.2
-0.79292 -1.9
-0.79267 -1.7
-0.79243 -1.4
-0.79218 -1.1
-0.79194 -0.9
-0.79169 -0.6
-0.79145 -0.3
-0.79121 0.0
-0.79096 0.3
-0.79072 0.6
-0.79047 0.9
-0.79023 1.2
-0.78999 1.4
-0.78974 1.7
-0.7895 2.0
-0.78925 2.2
-0.78901 2.5
-0.78876 2.7
-0.78852 2.9
-0.78828 3.1
-0.78803 3.3
-0.78779 3.5
-0.78754 3.6
-0.7873 3.8
-0.78706 3.9
-0.78681 4.0
-0.78657 4.0
-0.78632 4.1
-0.78608 4.1
-0.78584 4.2
-0.78559 4.2
-0.78535 4.1
-0.7851 4.1
-0.78486 4.0
-0.78461 3.9
-0.78437 3.8
-0.78413 3.7
-0.78388 3.6
-0.78364 3.4
-0.78339 3.2
-0.78315 3.0
-0.78291 2.8
-0.78266 2.6
-0.78242 2.4
-0.78217 2.1
-0.78193 1.9
-0.78168 1.6
-0.78144 1.3
-0.7812 1.1
-0.78095 0.8
-0.78071 0.5
-0.78046 0.2
-0.78022 -0.1
-0.77998 -0.4
-0.77973 -0.7
-0.77949 -1.0
-0.77924 -1.3
-0.779 -1.5
-0.77876 -1.8
-0.77851 -2.1
-0.77827 -2.3
-0.77802 -2.6
-0.77778 -2.8
-0.77753 -3.0
-0.77729 -3.2
-0.77705 -3.4
-0.7768 -3.5
-0.77656 -3.7
-0.77631 -3.8
-0.77607 -3.9
-0.77583 -4.0
-0.77558 -4.1
-0.77534 -4.1
-0.77509 -4.2
-0.77485 -4.2
-0.7746 -4.2
-0.77436 -4.1
-0.77412 -4.1
-0.77387 -4.0
-0.77363 -3.9
-0.77338 -3.8
-0.77314 -3.7
-0.7729 -3.5
-0.77265 -3.3
-0.77241 -3.2
-0.77216 -3.0
-0.77192 -2.7
-0.77168 -2.5
-0.77143 -2.3
-0.77119 -2.0
-0.77094 -1.7
-0.7707 -1.5
-0.77045 -1.2
-0.77021 -0.9
-0.76997 -0.6
-0.76972 -0.3
-0.76948 0.0
-0.76923 0.3
-0.76899 0.6
-0.76875 0.9
-0.7685 1.1
-0.76826 1.4
-0.76801 1.7
-0.76777 2.0
-0.76752 2.2
-0.76728 2.5
-0.76704 2.7
-0.76679 2.9
-0.76655 3.1
-0.7663 3.3
-0.76606 3.5
-0.76582 3.6
-0.76557 3.8
-0.76533 3.9
-0.76508 4.0
-0.76484 4.1
-0.7646 4.1
-0.76435 4.2
-0.76411 4.2
-0.76386 4.2
-0.76362 4.2
-0.76337 4.1
-0.76313 4.0
-0.76289 4.0
-0.76264 3.8
-0.7624 3.7
-0.76215 3.6
-0.76191 3.4
-0.76167 3.2
-0.76142 3.0
-0.76118 2.8
-0.76093 2.6
-0.76069 2.3
-0.76044 2.1
-0.7602 1.8
-0.75996 1.5
-0.75971 1.3
-0.75947 1.0
-0.75922 0.7
-0.75898 0.4
-0.75874 0.0
-0.75849 -0.2
-0.75825 -0.5
-0.758 -0.8
-0.75776 -1.1
-0.75751 -1.4
-0.75727 -1.7
-0.75703 -1.9
-0.75678 -2.2
-0.75654 -2.4
-0.75629 -2.7
-0.75605 -2.9
-0.75581 -3.1
-0.75556 -3.3
-0.75532 -3.5
-0.75507 -3.6
-0.75483 -3.8
-0.75459 -3.9
-0.75434 -4.0
-0.7541 -4.1
-0.75385 -4.1
-0.75361 -4.2
-0.75336 -4.2
-0.75312 -4.2
-0.75288 -4.2
-0.75263 -4.1
-0.75239 -4.1
-0.75214 -4.0
-0.7519 -3.9
-0.75166 -3.7
-0.75141 -3.6
-0.75117 -3.4
-0.75092 -3.2
-0.75068 -3.0
-0.75043 -2.8
-0.75019 -2.6
-0.74995 -2.4
-0.7497 -2.1
-0.74946 -1.8
-0.74921 -1.6
-0.74897 -1.3
-0.74873 -1.0
-0.74848 -0.7
-0.74824 -0.4
-0.74799 0.0
-0.74775 0.2
-0.74751 0.5
-0.74726 0.8
-0.74702 1.1
-0.74677 1.4
-0.74653 1.7
-0.74628 1.9
-0.74604 2.2
-0.7458 2.5
-0.74555 2.7
-0.74531 2.9
-0.74506 3.1
-0.74482 3.3
-0.74458 3.5
-0.74433 3.7
-0.74409 3.8
-0.74384 3.9
-0.7436 4.0
-0.74335 4.1
-0.74311 4.2
-0.74287 4.2
-0.74262 4.2
-0.74238 4.2
-0.74213 4.2
-0.74189 4.1
-0.74165 4.1
-0.7414 4.0
-0.74116 3.9
-0.74091 3.7
-0.74067 3.6
-0.74043 3.4
-0.74018 3.2
-0.73994 3.0
-0.73969 2.8
-0.73945 2.6
-0.7392 2.3
-0.73896 2.1
-0.73872 1.8
-0.73847 1.5
-0.73823 1.2
-0.73798 0.9
-0.73774 0.6
-0.7375 0.3
-0.73725 0.0
-0.73701 -0.3
-0.73676 -0.6
-0.73652 -0.9
-0.73627 -1.2
-0.73603 -1.5
-0.73579 -1.8
-0.73554 -2.0
-0.7353 -2.3
-0.73505 -2.5
-0.73481 -2.8
-0.73457 -3.0
-0.73432 -3.2
-0.73408 -3.4
-0.73383 -3.6
-0.73359 -3.7
-0.73335 -3.9
-0.7331 -4.0
-0.73286 -4.1
-0.73261 -4.1
-0.73237 -4.2
-0.73212 -4.2
-0.73188 -4.2
-0.73164 -4.2
-0.73139 -4.2
-0.73115 -4.1
-0.7309 -4.0
-0.73066 -3.9
-0.73042 -3.8
-0.73017 -3.7
-0.72993 -3.5
-0.72968 -3.3
-0.72944 -3.2
-0.72919 -2.9
-0.72895 -2.7
-0.72871 -2.5
-0.72846 -2.2
-0.72822 -1.9
-0.72797 -1.7
-0.72773 -1.4
-0.72749 -1.1
-0.72724 -0.8
-0.727 -0.5
-0.72675 -0.2
-0.72651 0.1
-0.72626 0.4
-0.72602 0.7
-0.72578 1.0
-0.72553 1.3
-0.72529 1.6
-0.72504 1.9
-0.7248 2.2
-0.72456 2.4
-0.72431 2.7
-0.72407 2.9
-0.72382 3.1
-0.72358 3.3
-0.72334 3.5
-0.72309 3.7
-0.72285 3.8
-0.7226 3.9
-0.72236 4.0
-0.72211 4.1
-0.72187 4.2
-0.72163 4.2
-0.72138 4.2
-0.72114 4.2
-0.72089 4.2
-0.72065 4.2
-0.72041 4.1
-0.72016 4.0
-0.71992 3.9
-0.71967 3.8
-0.71943 3.6
-0.71918 3.4
-0.71894 3.2
-0.7187 3.0
-0.71845 2.8
-0.71821 2.6
-0.71796 2.3
-0.71772 2.1
-0.71748 1.8
-0.71723 1.5
-0.71699 1.2
-0.71674 0.9
-0.7165 0.6
-0.71626 0.3
-0.71601 0.0
-0.71577 -0.3
-0.71552 -0.6
-0.71528 -0.9
-0.71503 -1.2
-0.71479 -1.5
-0.71455 -1.8
-0.7143 -2.1
-0.71406 -2.4
-0.71381 -2.6
-0.71357 -2.8
-0.71333 -3.1
-0.71308 -3.3
-0.71284 -3.5
-0.71259 -3.6
-0.71235 -3.8
-0.7121 -3.9
-0.71186 -4.0
-0.71162 -4.1
-0.71137 -4.2
-0.71113 -4.2
-0.71088 -4.3
-0.71064 -4.3
-0.7104 -4.2
-0.71015 -4.2
-0.70991 -4.1
-0.70966 -4.0
-0.70942 -3.9
-0.70918 -3.8
-0.70893 -3.6
-0.70869 -3.5
-0.70844 -3.3
-0.7082 -3.1
-0.70795 -2.9
-0.70771 -2.6
-0.70747 -2.4
-0.70722 -2.1
-0.70698 -1.8
-0.70673 -1.5
-0.70649 -1.2
-0.70625 -0.9
-0.706 -0.6
-0.70576 -0.3
-0.70551 0.0
-0.70527 0.3
-0.70502 0.6
-0.70478 0.9
-0.70454 1.2
-0.70429 1.5
-0.70405 1.8
-0.7038 2.1
-0.70356 2.4
-0.70332 2.6
-0.70307 2.8
-0.70283 3.1
-0.70258 3.3
-0.70234 3.5
-0.7021 3.6
-0.70185 3.8
-0.70161 3.9
-0.70136 4.0
-0.70112 4.1
-0.70087 4.2
-0.70063 4.2
-0.70039 4.3
-0.70014 4.3
-0.6999 4.2
-0.69965 4.2
-0.69941 4.1
-0.69917 4.0
-0.69892 3.9
-0.69868 3.8
-0.69843 3.6
-0.69819 3.5
-0.69794 3.3
-0.6977 3.1
-0.69746 2.8
-0.69721 2.6
-0.69697 2.3
-0.69672 2.1
-0.69648 1.8
-0.69624 1.5
-0.69599 1.2
-0.69575 0.9
-0.6955 0.6
-0.69526 0.3
-0.69501 0.0
-0.69477 -0.3
-0.69453 -0.7
-0.69428 -1.0
-0.69404 -1.3
-0.69379 -1.6
-0.69355 -1.9
-0.69331 -2.1
-0.69306 -2.4
-0.69282 -2.7
-0.69257 -2.9
-0.69233 -3.1
-0.69209 -3.3
-0.69184 -3.5
-0.6916 -3.7
-0.69135 -3.8
-0.69111 -4.0
-0.69086 -4.1
-0.69062 -4.2
-0.69038 -4.2
-0.69013 -4.3
-0.68989 -4.3
-0.68964 -4.3
-0.6894 -4.3
-0.68916 -4.2
-0.68891 -4.1
-0.68867 -4.0
-0.68842 -3.9
-0.68818 -3.8
-0.68793 -3.6
-0.68769 -3.4
-0.68745 -3.2
-0.6872 -3.0
-0.68696 -2.8
-0.68671 -2.5
-0.68647 -2.3
-0.68623 -2.0
-0.68598 -1.7
-0.68574 -1.4
-0.68549 -1.1
-0.68525 -0.8
-0.68501 -0.5
-0.68476 -0.2
-0.68452 0.1
-0.68427 0.5
-0.68403 0.8
-0.68378 1.1
-0.68354 1.4
-0.6833 1.7
-0.68305 2.0
-0.68281 2.3
-0.68256 2.5
-0.68232 2.8
-0.68208 3.0
-0.68183 3.2
-0.68159 3.4
-0.68134 3.6
-0.6811 3.8
-0.68085 3.9
-0.68061 4.0
-0.68037 4.1
-0.68012 4.2
-0.67988 4.3
-0.67963 4.3
-0.67939 4.3
-0.67915 4.3
-0.6789 4.2
-0.67866 4.2
-0.67841 4.1
-0.67817 4.0
-0.67793 3.9
-0.67768 3.7
-0.67744 3.5
-0.67719 3.3
-0.67695 3.1
-0.6767 2.9
-0.67646 2.7
-0.67622 2.4
-0.67597 2.1
-0.67573 1.8
-0.67548 1.5
-0.67524 1.2
-0.675 0.9
-0.67475 0.6
-0.67451 0.3
-0.67426 0.0
-0.67402 -0.3
-0.67377 -0.7
-0.67353 -1.0
-0.67329 -1.3
-0.67304 -1.6
-0.6728 -1.9
-0.67255 -2.2
-0.67231 -2.4
-0.67207 -2.7
-0.67182 -2.9
-0.67158 -3.2
-0.67133 -3.4
-0.67109 -3.6
-0.67085 -3.7
-0.6706 -3.9
-0.67036 -4.0
-0.67011 -4.1
-0.66987 -4.2
-0.66962 -4.3
-0.66938 -4.3
-0.66914 -4.3
-0.66889 -4.3
-0.66865 -4.3
-0.6684 -4.2
-0.66816 -4.1
-0.66792 -4.0
-0.66767 -3.9
-0.66743 -3.8
-0.66718 -3.6
-0.66694 -3.4
-0.66669 -3.2
-0.66645 -3.0
-0.66621 -2.7
-0.66596 -2.5
-0.66572 -2.2
-0.66547 -1.9
-0.66523 -1.6
-0.66499 -1.3
-0.66474 -1.0
-0.6645 -0.7
-0.66425 -0.4
-0.66401 0.0
-0.66376 0.3
-0.66352 0.6
-0.66328 0.9
-0.66303 1.2
-0.66279 1.5
-0.66254 1.8
-0.6623 2.1
-0.66206 2.4
-0.66181 2.7
-0.66157 2.9
-0.66132 3.1
-0.66108 3.4
-0.66084 3.6
-0.66059 3.7
-0.66035 3.9
-0.6601 4.0
-0.65986 4.1
-0.65961 4.2
-0.65937 4.3
-0.65913 4.3
-0.65888 4.3
-0.65864 4.3
-0.65839 4.3
-0.65815 4.2
-0.65791 4.2
-0.65766 4.1
-0.65742 3.9
-0.65717 3.8
-0.65693 3.6
-0.65668 3.4
-0.65644 3.2
-0.6562 3.0
-0.65595 2.7
-0.65571 2.5
-0.65546 2.2
-0.65522 1.9
-0.65498 1.6
-0.65473 1.3
-0.65449 1.0
-0.65424 0.7
-0.654 0.3
-0.65376 0.0
-0.65351 -0.3
-0.65327 -0.6
-0.65302 -1.0
-0.65278 -1.3
-0.65253 -1.6
-0.65229 -1.9
-0.65205 -2.2
-0.6518 -2.4
-0.65156 -2.7
-0.65131 -3.0
-0.65107 -3.2
-0.65083 -3.4
-0.65058 -3.6
-0.65034 -3.8
-0.65009 -3.9
-0.64985 -4.1
-0.6496 -4.2
-0.64936 -4.2
-0.64912 -4.3
-0.64887 -4.3
-0.64863 -4.4
-0.64838 -4.3
-0.64814 -4.3
-0.6479 -4.2
-0.64765 -4.2
-0.64741 -4.0
-0.64716 -3.9
-0.64692 -3.8
-0.64668 -3.6
-0.64643 -3.4
-0.64619 -3.2
-0.64594 -2.9
-0.6457 -2.7
-0.64545 -2.4
-0.64521 -2.1
-0.64497 -1.8
-0.64472 -1.5
-0.64448 -1.2
-0.64423 -0.9
-0.64399 -0.6
-0.64375 -0.3
-0.6435 0.0
-0.64326 0.4
-0.64301 0.7
-0.64277 1.1
-0.64252 1.4
-0.64228 1.7
-0.64204 2.0
-0.64179 2.3
-0.64155 2.5
-0.6413 2.8
-0.64106 3.0
-0.64082 3.3
-0.64057 3.5
-0.64033 3.7
-0.64008 3.8
-0.63984 4.0
-0.6396 4.1
-0.63935 4.2
-0.63911 4.3
-0.63886 4.3
-0.63862 4.4
-0.63837 4.4
-0.63813 4.3
-0.63789 4.3
-0.63764 4.2
-0.6374 4.1
-0.63715 4.0
-0.63691 3.9
-0.63667 3.7
-0.63642 3.5
-0.63618 3.3
-0.63593 3.1
-0.63569 2.8
-0.63544 2.6
-0.6352 2.3
-0.63496 2.0
-0.63471 1.7
-0.63447 1.4
-0.63422 1.1
-0.63398 0.7
-0.63374 0.4
-0.63349 0.0
-0.63325 -0.2
-0.633 -0.6
-0.63276 -0.9
-0.63251 -1.2
-0.63227 -1.5
-0.63203 -1.9
-0.63178 -2.1
-0.63154 -2.4
-0.63129 -2.7
-0.63105 -3.0
-0.63081 -3.2
-0.63056 -3.4
-0.63032 -3.6
-0.63007 -3.8
-0.62983 -3.9
-0.62959 -4.1
-0.62934 -4.2
-0.6291 -4.3
-0.62885 -4.3
-0.62861 -4.4
-0.62836 -4.4
-0.62812 -4.4
-0.62788 -4.3
-0.62763 -4.3
-0.62739 -4.2
-0.62714 -4.1
-0.6269 -3.9
-0.62666 -3.8
-0.62641 -3.6
-0.62617 -3.4
-0.62592 -3.2
-0.62568 -2.9
-0.62543 -2.7
-0.62519 -2.4
-0.62495 -2.1
-0.6247 -1.8
-0.62446 -1.5
-0.62421 -1.2
-0.62397 -0.8
-0.62373 -0.5
-0.62348 -0.2
-0.62324 0.2
-0.62299 0.5
-0.62275 0.8
-0.62251 1.2
-0.62226 1.5
-0.62202 1.8
-0.62177 2.1
-0.62153 2.4
-0.62128 2.7
-0.62104 2.9
-0.6208 3.2
-0.62055 3.4
-0.62031 3.6
-0.62006 3.8
-0.61982 3.9
-0.61958 4.1
-0.61933 4.2
-0.61909 4.3
-0.61884 4.3
-0.6186 4.4
-0.61835 4.4
-0.61811 4.4
-0.61787 4.4
-0.61762 4.3
-0.61738 4.2
-0.61713 4.1
-0.61689 3.9
-0.61665 3.8
-0.6164 3.6
-0.61616 3.4
-0.61591 3.2
-0.61567 2.9
-0.61543 2.7
-0.61518 2.4
-0.61494 2.1
-0.61469 1.8
-0.61445 1.5
-0.6142 1.2
-0.61396 0.8
-0.61372 0.5
-0.61347 0.2
-0.61323 -0.2
-0.61298 -0.5
-0.61274 -0.8
-0.6125 -1.2
-0.61225 -1.5
-0.61201 -1.8
-0.61176 -2.1
-0.61152 -2.4
-0.61127 -2.7
-0.61103 -2.9
-0.61079 -3.2
-0.61054 -3.4
-0.6103 -3.6
-0.61005 -3.8
-0.60981 -4.0
-0.60957 -4.1
-0.60932 -4.2
-0.60908 -4.3
-0.60883 -4.4
-0.60859 -4.4
-0.60835 -4.4
-0.6081 -4.4
-0.60786 -4.4
-0.60761 -4.3
-0.60737 -4.2
-0.60712 -4.1
-0.60688 -3.9
-0.60664 -3.8
-0.60639 -3.6
-0.60615 -3.4
-0.6059 -3.2
-0.60566 -2.9
-0.60542 -2.6
-0.60517 -2.4
-0.60493 -2.1
-0.60468 -1.8
-0.60444 -1.4
-0.60419 -1.1
-0.60395 -0.8
-0.60371 -0.4
-0.60346 0.0
-0.60322 0.2
-0.60297 0.6
-0.60273 0.9
-0.60249 1.3
-0.60224 1.6
-0.602 1.9
-0.60175 2.2
-0.60151 2.5
-0.60126 2.8
-0.60102 3.0
-0.60078 3.3
-0.60053 3.5
-0.60029 3.7
-0.60004 3.9
-0.5998 4.0
-0.59956 4.2
-0.59931 4.3
-0.59907 4.3
-0.59882 4.4
-0.59858 4.4
-0.59834 4.4
-0.59809 4.4
-0.59785 4.4
-0.5976 4.3
-0.59736 4.2
-0.59711 4.0
-0.59687 3.9
-0.59663 3.7
-0.59638 3.5
-0.59614 3.3
-0.59589 3.1
-0.59565 2.8
-0.59541 2.5
-0.59516 2.2
-0.59492 1.9
-0.59467 1.6
-0.59443 1.3
-0.59418 1.0
-0.59394 0.6
-0.5937 0.3
-0.59345 0.0
-0.59321 -0.4
-0.59296 -0.8
-0.59272 -1.1
-0.59248 -1.4
-0.59223 -1.7
-0.59199 -2.1
-0.59174 -2.4
-0.5915 -2.6
-0.59126 -2.9
-0.59101 -3.2
-0.59077 -3.4
-0.59052 -3.6
-0.59028 -3.8
-0.59003 -4.0
-0.58979 -4.1
-0.58955 -4.2
-0.5893 -4.3
-0.58906 -4.4
-0.58881 -4.4
-0.58857 -4.5
-0.58833 -4.4
-0.58808 -4.4
-0.58784 -4.3
-0.58759 -4.2
-0.58735 -4.1
-0.5871 -4.0
-0.58686 -3.8
-0.58662 -3.6
-0.58637 -3.4
-0.58613 -3.2
-0.58588 -2.9
-0.58564 -2.6
-0.5854 -2.3
-0.58515 -2.0
-0.58491 -1.7
-0.58466 -1.4
-0.58442 -1.1
-0.58418 -0.7
-0.58393 -0.4
-0.58369 0.0
-0.58344 0.3
-0.5832 0.7
-0.58295 1.0
-0.58271 1.3
-0.58247 1.7
-0.58222 2.0
-0.58198 2.3
-0.58173 2.6
-0.58149 2.9
-0.58125 3.1
-0.581 3.4
-0.58076 3.6
-0.58051 3.8
-0.58027 4.0
-0.58002 4.1
-0.57978 4.2
-0.57954 4.3
-0.57929 4.4
-0.57905 4.4
-0.5788 4.5
-0.57856 4.5
-0.57832 4.4
-0.57807 4.4
-0.57783 4.3
-0.57758 4.2
-0.57734 4.0
-0.5771 3.8
-0.57685 3.7
-0.57661 3.4
-0.57636 3.2
-0.57612 2.9
-0.57587 2.7
-0.57563 2.4
-0.57539 2.1
-0.57514 1.8
-0.5749 1.4
-0.57465 1.1
-0.57441 0.8
-0.57417 0.4
-0.57392 0.0
-0.57368 -0.3
-0.57343 -0.6
-0.57319 -1.0
-0.57294 -1.3
-0.5727 -1.7
-0.57246 -2.0
-0.57221 -2.3
-0.57197 -2.6
-0.57172 -2.9
-0.57148 -3.1
-0.57124 -3.4
-0.57099 -3.6
-0.57075 -3.8
-0.5705 -4.0
-0.57026 -4.1
-0.57001 -4.3
-0.56977 -4.4
-0.56953 -4.4
-0.56928 -4.5
-0.56904 -4.5
-0.56879 -4.5
-0.56855 -4.4
-0.56831 -4.4
-0.56806 -4.3
-0.56782 -4.2
-0.56757 -4.0
-0.56733 -3.8
-0.56709 -3.6
-0.56684 -3.4
-0.5666 -3.2
-0.56635 -2.9
-0.56611 -2.6
-0.56586 -2.4
-0.56562 -2.0
-0.56538 -1.7
-0.56513 -1.4
-0.56489 -1.0
-0.56464 -0.7
-0.5644 -0.3
-0.56416 0.0
-0.56391 0.4
-0.56367 0.7
-0.56342 1.1
-0.56318 1.4
-0.56293 1.7
-0.56269 2.1
-0.56245 2.4
-0.5622 2.7
-0.56196 2.9
-0.56171 3.2
-0.56147 3.4
-0.56123 3.7
-0.56098 3.9
-0.56074 4.0
-0.56049 4.2
-0.56025 4.3
-0.56001 4.4
-0.55976 4.5
-0.55952 4.5
-0.55927 4.5
-0.55903 4.5
-0.55878 4.4
-0.55854 4.4
-0.5583 4.3
-0.55805 4.1
-0.55781 4.0
-0.55756 3.8
-0.55732 3.6
-0.55708 3.4
-0.55683 3.1
-0.55659 2.8
-0.55634 2.5
-0.5561 2.2
-0.55585 1.9
-0.55561 1.6
-0.55537 1.3
-0.55512 0.9
-0.55488 0.6
-0.55463 0.2
-0.55439 -0.2
-0.55415 -0.5
-0.5539 -0.9
-0.55366 -1.2
-0.55341 -1.6
-0.55317 -1.9
-0.55293 -2.2
-0.55268 -2.5
-0.55244 -2.8
-0.55219 -3.1
-0.55195 -3.3
-0.5517 -3.6
-0.55146 -3.8
-0.55122 -4.0
-0.55097 -4.1
-0.55073 -4.3
-0.55048 -4.4
-0.55024 -4.4
-0.55 -4.5
-0.54975 -4.5
-0.54951 -4.5
-0.54926 -4.5
-0.54902 -4.4
-0.54877 -4.3
-0.54853 -4.2
-0.54829 -4.1
-0.54804 -3.9
-0.5478 -3.7
-0.54755 -3.5
-0.54731 -3.2
-0.54707 -3.0
-0.54682 -2.7
-0.54658 -2.4
-0.54633 -2.1
-0.54609 -1.7
-0.54585 -1.4
-0.5456 -1.0
-0.54536 -0.7
-0.54511 -0.3
-0.54487 0.0
-0.54462 0.4
-0.54438 0.8
-0.54414 1.1
-0.54389 1.5
-0.54365 1.8
-0.5434 2.1
-0.54316 2.5
-0.54292 2.7
-0.54267 3.0
-0.54243 3.3
-0.54218 3.5
-0.54194 3.7
-0.54169 3.9
-0.54145 4.1
-0.54121 4.3
-0.54096 4.4
-0.54072 4.5
-0.54047 4.5
-0.54023 4.5
-0.53999 4.5
-0.53974 4.5
-0.5395 4.4
-0.53925 4.4
-0.53901 4.2
-0.53876 4.1
-0.53852 3.9
-0.53828 3.7
-0.53803 3.5
-0.53779 3.3
-0.53754 3.0
-0.5373 2.7
-0.53706 2.4
-0.53681 2.1
-0.53657 1.8
-0.53632 1.4
-0.53608 1.1
-0.53584 0.7
-0.53559 0.4
-0.53535 0.0
-0.5351 -0.4
-0.53486 -0.7
-0.53461 -1.1
-0.53437 -1.5
-0.53413 -1.8
-0.53388 -2.1
-0.53364 -2.4
-0.53339 -2.8
-0.53315 -3.0
-0.53291 -3.3
-0.53266 -3.5
-0.53242 -3.8
-0.53217 -4.0
-0.53193 -4.1
-0.53168 -4.3
-0.53144 -4.4
-0.5312 -4.5
-0.53095 -4.5
-0.53071 -4.6
-0.53046 -4.6
-0.53022 -4.5
-0.52998 -4.5
-0.52973 -4.4
-0.52949 -4.2
-0.52924 -4.1
-0.529 -3.9
-0.52876 -3.7
-0.52851 -3.5
-0.52827 -3.3
-0.52802 -3.0
-0.52778 -2.7
-0.52753 -2.4
-0.52729 -2.1
-0.52705 -1.7
-0.5268 -1.4
-0.52656 -1.0
-0.52631 -0.7
-0.52607 -0.3
-0.52583 0.0
-0.52558 0.4
-0.52534 0.8
-0.52509 1.2
-0.52485 1.5
-0.5246 1.9
-0.52436 2.2
-0.52412 2.5
-0.52387 2.8
-0.52363 3.1
-0.52338 3.4
-0.52314 3.6
-0.5229 3.8
-0.52265 4.0
-0.52241 4.2
-0.52216 4.3
-0.52192 4.4
-0.52168 4.5
-0.52143 4.6
-0.52119 4.6
-0.52094 4.6
-0.5207 4.5
-0.52045 4.5
-0.52021 4.4
-0.51997 4.2
-0.51972 4.1
-0.51948 3.9
-0.51923 3.7
-0.51899 3.4
-0.51875 3.2
-0.5185 2.9
-0.51826 2.6
-0.51801 2.3
-0.51777 2.0
-0.51752 1.6
-0.51728 1.3
-0.51704 0.9
-0.51679 0.5
-0.51655 0.1
-0.5163 -0.2
-0.51606 -0.6
-0.51582 -1.0
-0.51557 -1.3
-0.51533 -1.7
-0.51508 -2.0
-0.51484 -2.4
-0.5146 -2.7
-0.51435 -3.0
-0.51411 -3.2
-0.51386 -3.5
-0.51362 -3.7
-0.51337 -3.9
-0.51313 -4.1
-0.51289 -4.3
-0.51264 -4.4
-0.5124 -4.5
-0.51215 -4.6
-0.51191 -4.6
-0.51167 -4.6
-0.51142 -4.6
-0.51118 -4.5
-0.51093 -4.4
-0.51069 -4.3
-0.51044 -4.2
-0.5102 -4.0
-0.50996 -3.8
-0.50971 -3.6
-0.50947 -3.3
-0.50922 -3.0
-0.50898 -2.7
-0.50874 -2.4
-0.50849 -2.1
-0.50825 -1.7
-0.508 -1.4
-0.50776 -1.0
-0.50751 -0.7
-0.50727 -0.3
-0.50703 0.0
-0.50678 0.5
-0.50654 0.9
-0.50629 1.2
-0.50605 1.6
-0.50581 1.9
-0.50556 2.3
-0.50532 2.6
-0.50507 2.9
-0.50483 3.2
-0.50459 3.4
-0.50434 3.7
-0.5041 3.9
-0.50385 4.1
-0.50361 4.3
-0.50336 4.4
-0.50312 4.5
-0.50288 4.6
-0.50263 4.6
-0.50239 4.6
-0.50214 4.6
-0.5019 4.5
-0.50166 4.5
-0.50141 4.3
-0.50117 4.2
-0.50092 4.0
-0.50068 3.8
-0.50043 3.6
-0.50019 3.4
-0.49995 3.1
-0.4997 2.8
-0.49946 2.5
-0.49921 2.1
-0.49897 1.8
-0.49873 1.4
-0.49848 1.1
-0.49824 0.7
-0.49799 0.3
-0.49775 0.0
-0.49751 -0.4
-0.49726 -0.8
-0.49702 -1.2
-0.49677 -1.6
-0.49653 -1.9
-0.49628 -2.3
-0.49604 -2.6
-0.4958 -2.9
-0.49555 -3.2
-0.49531 -3.5
-0.49506 -3.7
-0.49482 -3.9
-0.49458 -4.1
-0.49433 -4.3
-0.49409 -4.4
-0.49384 -4.5
-0.4936 -4.6
-0.49335 -4.6
-0.49311 -4.6
-0.49287 -4.6
-0.49262 -4.6
-0.49238 -4.5
-0.49213 -4.4
-0.49189 -4.2
-0.49165 -4.0
-0.4914 -3.8
-0.49116 -3.6
-0.49091 -3.3
-0.49067 -3.1
-0.49043 -2.8
-0.49018 -2.5
-0.48994 -2.1
-0.48969 -1.8
-0.48945 -1.4
-0.4892 -1.0
-0.48896 -0.6
-0.48872 -0.3
-0.48847 0.1
-0.48823 0.5
-0.48798 0.9
-0.48774 1.3
-0.4875 1.6
-0.48725 2.0
-0.48701 2.3
-0.48676 2.7
-0.48652 3.0
-0.48627 3.3
-0.48603 3.5
-0.48579 3.8
-0.48554 4.0
-0.4853 4.2
-0.48505 4.3
-0.48481 4.5
-0.48457 4.6
-0.48432 4.6
-0.48408 4.7
-0.48383 4.7
-0.48359 4.6
-0.48335 4.6
-0.4831 4.5
-0.48286 4.3
-0.48261 4.2
-0.48237 4.0
-0.48212 3.8
-0.48188 3.5
-0.48164 3.3
-0.48139 3.0
-0.48115 2.7
-0.4809 2.3
-0.48066 2.0
-0.48042 1.6
-0.48017 1.3
-0.47993 0.9
-0.47968 0.5
-0.47944 0.1
-0.47919 -0.3
-0.47895 -0.7
-0.47871 -1.1
-0.47846 -1.4
-0.47822 -1.8
-0.47797 -2.2
-0.47773 -2.5
-0.47749 -2.8
-0.47724 -3.1
-0.477 -3.4
-0.47675 -3.7
-0.47651 -3.9
-0.47626 -4.1
-0.47602 -4.3
-0.47578 -4.4
-0.47553 -4.5
-0.47529 -4.6
-0.47504 -4.7
-0.4748 -4.7
-0.47456 -4.7
-0.47431 -4.6
-0.47407 -4.5
-0.47382 -4.4
-0.47358 -4.3
-0.47334 -4.1
-0.47309 -3.9
-0.47285 -3.7
-0.4726 -3.4
-0.47236 -3.1
-0.47211 -2.8
-0.47187 -2.5
-0.47163 -2.1
-0.47138 -1.8
-0.47114 -1.4
-0.47089 -1.0
-0.47065 -0.6
-0.47041 -0.2
-0.47016 0.2
-0.46992 0.5
-0.46967 0.9
-0.46943 1.3
-0.46918 1.7
-0.46894 2.1
-0.4687 2.4
-0.46845 2.7
-0.46821 3.1
-0.46796 3.3
-0.46772 3.6
-0.46748 3.8
-0.46723 4.1
-0.46699 4.2
-0.46674 4.4
-0.4665 4.5
-0.46626 4.6
-0.46601 4.7
-0.46577 4.7
-0.46552 4.7
-0.46528 4.6
-0.46503 4.6
-0.46479 4.5
-0.46455 4.3
-0.4643 4.1
-0.46406 3.9
-0.46381 3.7
-0.46357 3.5
-0.46333 3.2
-0.46308 2.9
-0.46284 2.5
-0.46259 2.2
-0.46235 1.8
-0.4621 1.5
-0.46186 1.1
-0.46162 0.7
-0.46137 0.3
-0.46113 -0.1
-0.46088 -0.5
-0.46064 -0.9
-0.4604 -1.3
-0.46015 -1.7
-0.45991 -2.0
-0.45966 -2.4
-0.45942 -2.7
-0.45918 -3.1
-0.45893 -3.3
-0.45869 -3.6
-0.45844 -3.9
-0.4582 -4.1
-0.45795 -4.3
-0.45771 -4.4
-0.45747 -4.5
-0.45722 -4.6
-0.45698 -4.7
-0.45673 -4.7
-0.45649 -4.7
-0.45625 -4.7
-0.456 -4.6
-0.45576 -4.5
-0.45551 -4.3
-0.45527 -4.1
-0.45502 -3.9
-0.45478 -3.7
-0.45454 -3.4
-0.45429 -3.2
-0.45405 -2.8
-0.4538 -2.5
-0.45356 -2.2
-0.45332 -1.8
-0.45307 -1.4
-0.45283 -1.0
-0.45258 -0.6
-0.45234 -0.2
-0.4521 0.2
-0.45185 0.6
-0.45161 1.0
-0.45136 1.4
-0.45112 1.8
-0.45087 2.1
-0.45063 2.5
-0.45039 2.8
-0.45014 3.1
-0.4499 3.4
-0.44965 3.7
-0.44941 3.9
-0.44917 4.1
-0.44892 4.3
-0.44868 4.5
-0.44843 4.6
-0.44819 4.7
-0.44794 4.7
-0.4477 4.7
-0.44746 4.7
-0.44721 4.7
-0.44697 4.6
-0.44672 4.4
-0.44648 4.3
-0.44624 4.1
-0.44599 3.9
-0.44575 3.6
-0.4455 3.4
-0.44526 3.1
-0.44501 2.7
-0.44477 2.4
-0.44453 2.0
-0.44428 1.6
-0.44404 1.3
-0.44379 0.9
-0.44355 0.5
-0.44331 0.0
-0.44306 -0.4
-0.44282 -0.8
-0.44257 -1.2
-0.44233 -1.6
-0.44209 -1.9
-0.44184 -2.3
-0.4416 -2.7
-0.44135 -3.0
-0.44111 -3.3
-0.44086 -3.6
-0.44062 -3.8
-0.44038 -4.1
-0.44013 -4.3
-0.43989 -4.4
-0.43964 -4.6
-0.4394 -4.7
-0.43916 -4.7
-0.43891 -4.8
-0.43867 -4.8
-0.43842 -4.7
-0.43818 -4.6
-0.43793 -4.5
-0.43769 -4.4
-0.43745 -4.2
-0.4372 -4.0
-0.43696 -3.7
-0.43671 -3.5
-0.43647 -3.2
-0.43623 -2.9
-0.43598 -2.5
-0.43574 -2.2
-0.43549 -1.8
-0.43525 -1.4
-0.43501 -1.0
-0.43476 -0.6
-0.43452 -0.2
-0.43427 0.2
-0.43403 0.6
-0.43378 1.1
-0.43354 1.5
-0.4333 1.8
-0.43305 2.2
-0.43281 2.6
-0.43256 2.9
-0.43232 3.2
-0.43208 3.5
-0.43183 3.8
-0.43159 4.0
-0.43134 4.2
-0.4311 4.4
-0.43085 4.6
-0.43061 4.7
-0.43037 4.7
-0.43012 4.8
-0.42988 4.8
-0.42963 4.7
-0.42939 4.7
-0.42915 4.6
-0.4289 4.4
-0.42866 4.2
-0.42841 4.0
-0.42817 3.8
-0.42793 3.5
-0.42768 3.2
-0.42744 2.9
-0.42719 2.6
-0.42695 2.2
-0.4267 1.8
-0.42646 1.4
-0.42622 1.0
-0.42597 0.6
-0.42573 0.2
-0.42548 -0.2
-0.42524 -0.6
-0.425 -1.0
-0.42475 -1.4
-0.42451 -1.8
-0.42426 -2.2
-0.42402 -2.6
-0.42377 -2.9
-0.42353 -3.3
-0.42329 -3.5
-0.42304 -3.8
-0.4228 -4.1
-0.42255 -4.3
-0.42231 -4.4
-0.42207 -4.6
-0.42182 -4.7
-0.42158 -4.8
-0.42133 -4.8
-0.42109 -4.8
-0.42085 -4.8
-0.4206 -4.7
-0.42036 -4.6
-0.42011 -4.4
-0.41987 -4.2
-0.41962 -4.0
-0.41938 -3.8
-0.41914 -3.5
-0.41889 -3.2
-0.41865 -2.9
-0.4184 -2.5
-0.41816 -2.2
-0.41792 -1.8
-0.41767 -1.4
-0.41743 -1.0
-0.41718 -0.5
-0.41694 -0.1
-0.41669 0.3
-0.41645 0.7
-0.41621 1.1
-0.41596 1.5
-0.41572 1.9
-0.41547 2.3
-0.41523 2.7
-0.41499 3.0
-0.41474 3.3
-0.4145 3.6
-0.41425 3.9
-0.41401 4.1
-0.41376 4.3
-0.41352 4.5
-0.41328 4.6
-0.41303 4.7
-0.41279 4.8
-0.41254 4.8
-0.4123 4.8
-0.41206 4.8
-0.41181 4.7
-0.41157 4.5
-0.41132 4.4
-0.41108 4.2
-0.41084 4.0
-0.41059 3.7
-0.41035 3.4
-0.4101 3.1
-0.40986 2.8
-0.40961 2.4
-0.40937 2.0
-0.40913 1.6
-0.40888 1.2
-0.40864 0.8
-0.40839 0.4
-0.40815 0.0
-0.40791 -0.5
-0.40766 -0.9
-0.40742 -1.3
-0.40717 -1.8
-0.40693 -2.1
-0.40668 -2.5
-0.40644 -2.9
-0.4062 -3.2
-0.40595 -3.5
-0.40571 -3.8
-0.40546 -4.1
-0.40522 -4.3
-0.40498 -4.5
-0.40473 -4.6
-0.40449 -4.7
-0.40424 -4.8
-0.404 -4.8
-0.40376 -4.8
-0.40351 -4.8
-0.40327 -4.7
-0.40302 -4.6
-0.40278 -4.5
-0.40253 -4.3
-0.40229 -4.1
-0.40205 -3.8
-0.4018 -3.5
-0.40156 -3.2
-0.40131 -2.9
-0.40107 -2.5
-0.40083 -2.1
-0.40058 -1.7
-0.40034 -1.3
-0.40009 -0.9
-0.39985 -0.5
-0.3996 0.0
-0.39936 0.4
-0.39912 0.8
-0.39887 1.2
-0.39863 1.7
-0.39838 2.1
-0.39814 2.5
-0.3979 2.8
-0.39765 3.2
-0.39741 3.5
-0.39716 3.8
-0.39692 4.0
-0.39668 4.3
-0.39643 4.5
-0.39619 4.6
-0.39594 4.7
-0.3957 4.8
-0.39545 4.9
-0.39521 4.9
-0.39497 4.8
-0.39472 4.8
-0.39448 4.7
-0.39423 4.5
-0.39399 4.3
-0.39375 4.1
-0.3935 3.9
-0.39326 3.6
-0.39301 3.3
-0.39277 2.9
-0.39252 2.6
-0.39228 2.2
-0.39204 1.8
-0.39179 1.3
-0.39155 0.9
-0.3913 0.5
-0.39106 0.0
-0.39082 -0.4
-0.39057 -0.8
-0.39033 -1.3
-0.39008 -1.7
-0.38984 -2.1
-0.3896 -2.5
-0.38935 -2.8
-0.38911 -3.2
-0.38886 -3.5
-0.38862 -3.8
-0.38837 -4.1
-0.38813 -4.3
-0.38789 -4.5
-0.38764 -4.7
-0.3874 -4.8
-0.38715 -4.9
-0.38691 -4.9
-0.38667 -4.9
-0.38642 -4.9
-0.38618 -4.8
-0.38593 -4.7
-0.38569 -4.5
-0.38544 -4.3
-0.3852 -4.1
-0.38496 -3.8
-0.38471 -3.5
-0.38447 -3.2
-0.38422 -2.9
-0.38398 -2.5
-0.38374 -2.1
-0.38349 -1.7
-0.38325 -1.3
-0.383 -0.8
-0.38276 -0.4
-0.38251 0.0
-0.38227 0.5
-0.38203 1.0
-0.38178 1.4
-0.38154 1.8
-0.38129 2.2
-0.38105 2.6
-0.38081 3.0
-0.38056 3.3
-0.38032 3.6
-0.38007 3.9
-0.37983 4.2
-0.37959 4.4
-0.37934 4.6
-0.3791 4.7
-0.37885 4.8
-0.37861 4.9
-0.37836 4.9
-0.37812 4.9
-0.37788 4.9
-0.37763 4.8
-0.37739 4.6
-0.37714 4.4
-0.3769 4.2
-0.37666 4.0
-0.37641 3.7
-0.37617 3.4
-0.37592 3.1
-0.37568 2.7
-0.37543 2.3
-0.37519 1.9
-0.37495 1.5
-0.3747 1.0
-0.37446 0.6
-0.37421 0.1
-0.37397 -0.3
-0.37373 -0.8
-0.37348 -1.2
-0.37324 -1.6
-0.37299 -2.1
-0.37275 -2.5
-0.37251 -2.8
-0.37226 -3.2
-0.37202 -3.5
-0.37177 -3.8
-0.37153 -4.1
-0.37128 -4.3
-0.37104 -4.5
-0.3708 -4.7
-0.37055 -4.8
-0.37031 -4.9
-0.37006 -4.9
-0.36982 -4.9
-0.36958 -4.9
-0.36933 -4.8
-0.36909 -4.7
-0.36884 -4.5
-0.3686 -4.3
-0.36835 -4.1
-0.36811 -3.8
-0.36787 -3.5
-0.36762 -3.2
-0.36738 -2.8
-0.36713 -2.4
-0.36689 -2.0
-0.36665 -1.6
-0.3664 -1.1
-0.36616 -0.7
-0.36591 -0.2
-0.36567 0.2
-0.36543 0.7
-0.36518 1.1
-0.36494 1.6
-0.36469 2.0
-0.36445 2.4
-0.3642 2.8
-0.36396 3.2
-0.36372 3.5
-0.36347 3.8
-0.36323 4.1
-0.36298 4.3
-0.36274 4.5
-0.3625 4.7
-0.36225 4.8
-0.36201 4.9
-0.36176 5.0
-0.36152 5.0
-0.36127 4.9
-0.36103 4.8
-0.36079 4.7
-0.36054 4.6
-0.3603 4.4
-0.36005 4.1
-0.35981 3.8
-0.35957 3.5
-0.35932 3.2
-0.35908 2.8
-0.35883 2.4
-0.35859 2.0
-0.35835 1.6
-0.3581 1.1
-0.35786 0.7
-0.35761 0.2
-0.35737 -0.3
-0.35712 -0.7
-0.35688 -1.2
-0.35664 -1.6
-0.35639 -2.1
-0.35615 -2.5
-0.3559 -2.9
-0.35566 -3.2
-0.35542 -3.6
-0.35517 -3.9
-0.35493 -4.2
-0.35468 -4.4
-0.35444 -4.6
-0.35419 -4.8
-0.35395 -4.9
-0.35371 -5.0
-0.35346 -5.0
-0.35322 -5.0
-0.35297 -4.9
-0.35273 -4.8
-0.35249 -4.7
-0.35224 -4.5
-0.352 -4.3
-0.35175 -4.1
-0.35151 -3.8
-0.35126 -3.4
-0.35102 -3.1
-0.35078 -2.7
-0.35053 -2.3
-0.35029 -1.9
-0.35004 -1.4
-0.3498 -1.0
-0.34956 -0.5
-0.34931 0.0
-0.34907 0.4
-0.34882 0.9
-0.34858 1.3
-0.34834 1.8
-0.34809 2.2
-0.34785 2.6
-0.3476 3.0
-0.34736 3.4
-0.34711 3.7
-0.34687 4.0
-0.34663 4.3
-0.34638 4.5
-0.34614 4.7
-0.34589 4.9
-0.34565 5.0
-0.34541 5.0
-0.34516 5.0
-0.34492 5.0
-0.34467 4.9
-0.34443 4.8
-0.34418 4.6
-0.34394 4.4
-0.3437 4.2
-0.34345 3.9
-0.34321 3.6
-0.34296 3.3
-0.34272 2.9
-0.34248 2.5
-0.34223 2.1
-0.34199 1.6
-0.34174 1.2
-0.3415 0.7
-0.34126 0.2
-0.34101 -0.2
-0.34077 -0.7
-0.34052 -1.2
-0.34028 -1.6
-0.34003 -2.1
-0.33979 -2.5
-0.33955 -2.9
-0.3393 -3.3
-0.33906 -3.6
-0.33881 -4.0
-0.33857 -4.2
-0.33833 -4.5
-0.33808 -4.7
-0.33784 -4.8
-0.33759 -5.0
-0.33735 -5.0
-0.3371 -5.1
-0.33686 -5.0
-0.33662 -5.0
-0.33637 -4.9
-0.33613 -4.7
-0.33588 -4.5
-0.33564 -4.3
-0.3354 -4.0
-0.33515 -3.7
-0.33491 -3.3
-0.33466 -3.0
-0.33442 -2.6
-0.33418 -2.1
-0.33393 -1.7
-0.33369 -1.2
-0.33344 -0.8
-0.3332 -0.3
-0.33295 0.2
-0.33271 0.7
-0.33247 1.2
-0.33222 1.6
-0.33198 2.1
-0.33173 2.5
-0.33149 2.9
-0.33125 3.3
-0.331 3.7
-0.33076 4.0
-0.33051 4.3
-0.33027 4.5
-0.33002 4.7
-0.32978 4.9
-0.32954 5.0
-0.32929 5.1
-0.32905 5.1
-0.3288 5.1
-0.32856 5.0
-0.32832 4.9
-0.32807 4.7
-0.32783 4.5
-0.32758 4.3
-0.32734 4.0
-0.3271 3.7
-0.32685 3.3
-0.32661 2.9
-0.32636 2.5
-0.32612 2.1
-0.32587 1.6
-0.32563 1.2
-0.32539 0.7
-0.32514 0.2
-0.3249 -0.3
-0.32465 -0.8
-0.32441 -1.3
-0.32417 -1.7
-0.32392 -2.2
-0.32368 -2.6
-0.32343 -3.0
-0.32319 -3.4
-0.32294 -3.8
-0.3227 -4.1
-0.32246 -4.4
-0.32221 -4.6
-0.32197 -4.8
-0.32172 -4.9
-0.32148 -5.0
-0.32124 -5.1
-0.32099 -5.1
-0.32075 -5.1
-0.3205 -5.0
-0.32026 -4.9
-0.32001 -4.7
-0.31977 -4.5
-0.31953 -4.2
-0.31928 -3.9
-0.31904 -3.6
-0.31879 -3.2
-0.31855 -2.8
-0.31831 -2.4
-0.31806 -1.9
-0.31782 -1.4
-0.31757 -1.0
-0.31733 -0.5
-0.31709 0.0
-0.31684 0.5
-0.3166 1.0
-0.31635 1.5
-0.31611 2.0
-0.31586 2.4
-0.31562 2.8
-0.31538 3.2
-0.31513 3.6
-0.31489 4.0
-0.31464 4.3
-0.3144 4.5
-0.31416 4.7
-0.31391 4.9
-0.31367 5.0
-0.31342 5.1
-0.31318 5.1
-0.31293 5.1
-0.31269 5.1
-0.31245 4.9
-0.3122 4.8
-0.31196 4.6
-0.31171 4.3
-0.31147 4.0
-0.31123 3.7
-0.31098 3.3
-0.31074 2.9
-0.31049 2.5
-0.31025 2.1
-0.31001 1.6
-0.30976 1.1
-0.30952 0.6
-0.30927 0.1
-0.30903 -0.4
-0.30878 -0.9
-0.30854 -1.4
-0.3083 -1.9
-0.30805 -2.3
-0.30781 -2.8
-0.30756 -3.2
-0.30732 -3.6
-0.30708 -3.9
-0.30683 -4.2
-0.30659 -4.5
-0.30634 -4.7
-0.3061 -4.9
-0.30585 -5.0
-0.30561 -5.1
-0.30537 -5.2
-0.30512 -5.2
-0.30488 -5.1
-0.30463 -5.0
-0.30439 -4.8
-0.30415 -4.6
-0.3039 -4.4
-0.30366 -4.1
-0.30341 -3.7
-0.30317 -3.4
-0.30293 -3.0
-0.30268 -2.5
-0.30244 -2.1
-0.30219 -1.6
-0.30195 -1.1
-0.3017 -0.6
-0.30146 0.0
-0.30122 0.4
-0.30097 0.9
-0.30073 1.4
-0.30048 1.9
-0.30024 2.4
-0.3 2.8
-0.29975 3.2
-0.29951 3.6
-0.29926 4.0
-0.29902 4.3
-0.29877 4.6
-0.29853 4.8
-0.29829 5.0
-0.29804 5.1
-0.2978 5.2
-0.29755 5.2
-0.29731 5.2
-0.29707 5.1
-0.29682 5.0
-0.29658 4.8
-0.29633 4.6
-0.29609 4.3
-0.29585 4.0
-0.2956 3.7
-0.29536 3.3
-0.29511 2.9
-0.29487 2.4
-0.29462 2.0
-0.29438 1.5
-0.29414 1.0
-0.29389 0.5
-0.29365 0.0
-0.2934 -0.6
-0.29316 -1.1
-0.29292 -1.6
-0.29267 -2.1
-0.29243 -2.6
-0.29218 -3.0
-0.29194 -3.4
-0.29169 -3.8
-0.29145 -4.1
-0.29121 -4.4
-0.29096 -4.7
-0.29072 -4.9
-0.29047 -5.1
-0.29023 -5.2
-0.28999 -5.2
-0.28974 -5.2
-0.2895 -5.2
-0.28925 -5.1
-0.28901 -4.9
-0.28876 -4.7
-0.28852 -4.5
-0.28828 -4.2
-0.28803 -3.9
-0.28779 -3.5
-0.28754 -3.1
-0.2873 -2.6
-0.28706 -2.2
-0.28681 -1.7
-0.28657 -1.2
-0.28632 -0.7
-0.28608 -0.1
-0.28584 0.4
-0.28559 0.9
-0.28535 1.4
-0.2851 1.9
-0.28486 2.4
-0.28461 2.9
-0.28437 3.3
-0.28413 3.7
-0.28388 4.0
-0.28364 4.4
-0.28339 4.6
-0.28315 4.9
-0.28291 5.0
-0.28266 5.2
-0.28242 5.2
-0.28217 5.3
-0.28193 5.2
-0.28168 5.1
-0.28144 5.0
-0.2812 4.8
-0.28095 4.6
-0.28071 4.3
-0.28046 4.0
-0.28022 3.6
-0.27998 3.2
-0.27973 2.7
-0.27949 2.3
-0.27924 1.8
-0.279 1.3
-0.27876 0.7
-0.27851 0.2
-0.27827 -0.3
-0.27802 -0.9
-0.27778 -1.4
-0.27753 -1.9
-0.27729 -2.4
-0.27705 -2.9
-0.2768 -3.3
-0.27656 -3.7
-0.27631 -4.1
-0.27607 -4.4
-0.27583 -4.7
-0.27558 -4.9
-0.27534 -5.1
-0.27509 -5.2
-0.27485 -5.3
-0.2746 -5.3
-0.27436 -5.3
-0.27412 -5.2
-0.27387 -5.0
-0.27363 -4.8
-0.27338 -4.6
-0.27314 -4.3
-0.2729 -3.9
-0.27265 -3.6
-0.27241 -3.1
-0.27216 -2.7
-0.27192 -2.2
-0.27168 -1.7
-0.27143 -1.2
-0.27119 -0.6
-0.27094 -0.1
-0.2707 0.4
-0.27045 1.0
-0.27021 1.5
-0.26997 2.0
-0.26972 2.5
-0.26948 3.0
-0.26923 3.4
-0.26899 3.8
-0.26875 4.2
-0.2685 4.5
-0.26826 4.8
-0.26801 5.0
-0.26777 5.2
-0.26752 5.3
-0.26728 5.3
-0.26704 5.3
-0.26679 5.3
-0.26655 5.2
-0.2663 5.0
-0.26606 4.8
-0.26582 4.5
-0.26557 4.2
-0.26533 3.8
-0.26508 3.4
-0.26484 3.0
-0.2646 2.5
-0.26435 2.0
-0.26411 1.5
-0.26386 0.9
-0.26362 0.4
-0.26337 -0.2
-0.26313 -0.7
-0.26289 -1.3
-0.26264 -1.8
-0.2624 -2.3
-0.26215 -2.8
-0.26191 -3.2
-0.26167 -3.7
-0.26142 -4.1
-0.26118 -4.4
-0.26093 -4.7
-0.26069 -4.9
-0.26044 -5.1
-0.2602 -5.3
-0.25996 -5.3
-0.25971 -5.4
-0.25947 -5.3
-0.25922 -5.2
-0.25898 -5.1
-0.25874 -4.9
-0.25849 -4.6
-0.25825 -4.3
-0.258 -4.0
-0.25776 -3.6
-0.25751 -3.1
-0.25727 -2.7
-0.25703 -2.2
-0.25678 -1.6
-0.25654 -1.1
-0.25629 -0.5
-0.25605 0.0
-0.25581 0.6
-0.25556 1.2
-0.25532 1.7
-0.25507 2.2
-0.25483 2.7
-0.25459 3.2
-0.25434 3.6
-0.2541 4.0
-0.25385 4.4
-0.25361 4.7
-0.25336 4.9
-0.25312 5.1
-0.25288 5.3
-0.25263 5.4
-0.25239 5.4
-0.25214 5.4
-0.2519 5.3
-0.25166 5.1
-0.25141 4.9
-0.25117 4.7
-0.25092 4.3
-0.25068 4.0
-0.25043 3.6
-0.25019 3.1
-0.24995 2.7
-0.2497 2.1
-0.24946 1.6
-0.24921 1.1
-0.24897 0.5
-0.24873 0.0
-0.24848 -0.6
-0.24824 -1.2
-0.24799 -1.8
-0.24775 -2.3
-0.24751 -2.8
-0.24726 -3.3
-0.24702 -3.7
-0.24677 -4.1
-0.24653 -4.5
-0.24628 -4.8
-0.24604 -5.0
-0.2458 -5.2
-0.24555 -5.3
-0.24531 -5.4
-0.24506 -5.4
-0.24482 -5.4
-0.24458 -5.3
-0.24433 -5.1
-0.24409 -4.9
-0.24384 -4.6
-0.2436 -4.3
-0.24335 -3.9
-0.24311 -3.5
-0.24287 -3.0
-0.24262 -2.5
-0.24238 -2.0
-0.24213 -1.4
-0.24189 -0.9
-0.24165 -0.3
-0.2414 0.3
-0.24116 0.9
-0.24091 1.4
-0.24067 2.0
-0.24043 2.5
-0.24018 3.0
-0.23994 3.5
-0.23969 3.9
-0.23945 4.3
-0.2392 4.6
-0.23896 4.9
-0.23872 5.2
-0.23847 5.3
-0.23823 5.4
-0.23798 5.5
-0.23774 5.5
-0.2375 5.4
-0.23725 5.2
-0.23701 5.0
-0.23676 4.8
-0.23652 4.4
-0.23627 4.1
-0.23603 3.7
-0.23579 3.2
-0.23554 2.7
-0.2353 2.2
-0.23505 1.6
-0.23481 1.1
-0.23457 0.5
-0.23432 -0.1
-0.23408 -0.7
-0.23383 -1.3
-0.23359 -1.9
-0.23335 -2.4
-0.2331 -2.9
-0.23286 -3.4
-0.23261 -3.9
-0.23237 -4.3
-0.23212 -4.6
-0.23188 -4.9
-0.23164 -5.1
-0.23139 -5.3
-0.23115 -5.5
-0.2309 -5.5
-0.23066 -5.5
-0.23042 -5.4
-0.23017 -5.3
-0.22993 -5.1
-0.22968 -4.8
-0.22944 -4.5
-0.22919 -4.1
-0.22895 -3.7
-0.22871 -3.3
-0.22846 -2.8
-0.22822 -2.2
-0.22797 -1.7
-0.22773 -1.1
-0.22749 -0.5
-0.22724 0.1
-0.227 0.7
-0.22675 1.3
-0.22651 1.9
-0.22626 2.4
-0.22602 3.0
-0.22578 3.5
-0.22553 3.9
-0.22529 4.3
-0.22504 4.7
-0.2248 5.0
-0.22456 5.2
-0.22431 5.4
-0.22407 5.5
-0.22382 5.5
-0.22358 5.5
-0.22334 5.4
-0.22309 5.3
-0.22285 5.1
-0.2226 4.8
-0.22236 4.5
-0.22211 4.1
-0.22187 3.6
-0.22163 3.2
-0.22138 2.6
-0.22114 2.1
-0.22089 1.5
-0.22065 0.9
-0.22041 0.3
-0.22016 -0.3
-0.21992 -0.9
-0.21967 -1.5
-0.21943 -2.1
-0.21918 -2.6
-0.21894 -3.2
-0.2187 -3.7
-0.21845 -4.1
-0.21821 -4.5
-0.21796 -4.8
-0.21772 -5.1
-0.21748 -5.3
-0.21723 -5.5
-0.21699 -5.6
-0.21674 -5.6
-0.2165 -5.5
-0.21626 -5.4
-0.21601 -5.2
-0.21577 -5.0
-0.21552 -4.7
-0.21528 -4.3
-0.21503 -3.9
-0.21479 -3.4
-0.21455 -2.9
-0.2143 -2.4
-0.21406 -1.8
-0.21381 -1.2
-0.21357 -0.6
-0.21333 0.0
-0.21308 0.7
-0.21284 1.3
-0.21259 1.9
-0.21235 2.5
-0.2121 3.0
-0.21186 3.5
-0.21162 4.0
-0.21137 4.4
-0.21113 4.8
-0.21088 5.1
-0.21064 5.3
-0.2104 5.5
-0.21015 5.6
-0.20991 5.6
-0.20966 5.6
-0.20942 5.5
-0.20918 5.3
-0.20893 5.1
-0.20869 4.8
-0.20844 4.4
-0.2082 4.0
-0.20795 3.5
-0.20771 3.0
-0.20747 2.4
-0.20722 1.8
-0.20698 1.2
-0.20673 0.6
-0.20649 0.0
-0.20625 -0.7
-0.206 -1.3
-0.20576 -1.9
-0.20551 -2.5
-0.20527 -3.0
-0.20502 -3.6
-0.20478 -4.0
-0.20454 -4.5
-0.20429 -4.8
-0.20405 -5.1
-0.2038 -5.4
-0.20356 -5.5
-0.20332 -5.6
-0.20307 -5.7
-0.20283 -5.6
-0.20258 -5.5
-0.20234 -5.3
-0.2021 -5.1
-0.20185 -4.8
-0.20161 -4.4
-0.20136 -3.9
-0.20112 -3.4
-0.20087 -2.9
-0.20063 -2.3
-0.20039 -1.7
-0.20014 -1.1
-0.1999 -0.5
-0.19965 0.2
-0.19941 0.8
-0.19917 1.5
-0.19892 2.1
-0.19868 2.7
-0.19843 3.2
-0.19819 3.7
-0.19794 4.2
-0.1977 4.6
-0.19746 5.0
-0.19721 5.3
-0.19697 5.5
-0.19672 5.6
-0.19648 5.7
-0.19624 5.7
-0.19599 5.6
-0.19575 5.5
-0.1955 5.3
-0.19526 5.0
-0.19501 4.6
-0.19477 4.2
-0.19453 3.7
-0.19428 3.2
-0.19404 2.6
-0.19379 2.0
-0.19355 1.4
-0.19331 0.8
-0.19306 0.0
-0.19282 -0.6
-0.19257 -1.2
-0.19233 -1.9
-0.19209 -2.5
-0.19184 -3.0
-0.1916 -3.6
-0.19135 -4.1
-0.19111 -4.5
-0.19086 -4.9
-0.19062 -5.2
-0.19038 -5.5
-0.19013 -5.6
-0.18989 -5.7
-0.18964 -5.8
-0.1894 -5.7
-0.18916 -5.6
-0.18891 -5.4
-0.18867 -5.1
-0.18842 -4.7
-0.18818 -4.3
-0.18793 -3.8
-0.18769 -3.3
-0.18745 -2.7
-0.1872 -2.1
-0.18696 -1.5
-0.18671 -0.8
-0.18647 -0.2
-0.18623 0.5
-0.18598 1.2
-0.18574 1.8
-0.18549 2.5
-0.18525 3.0
-0.18501 3.6
-0.18476 4.1
-0.18452 4.6
-0.18427 4.9
-0.18403 5.3
-0.18378 5.5
-0.18354 5.7
-0.1833 5.8
-0.18305 5.8
-0.18281 5.7
-0.18256 5.6
-0.18232 5.4
-0.18208 5.1
-0.18183 4.7
-0.18159 4.3
-0.18134 3.8
-0.1811 3.3
-0.18085 2.7
-0.18061 2.0
-0.18037 1.4
-0.18012 0.7
-0.17988 0.0
-0.17963 -0.7
-0.17939 -1.3
-0.17915 -2.0
-0.1789 -2.6
-0.17866 -3.2
-0.17841 -3.8
-0.17817 -4.3
-0.17793 -4.7
-0.17768 -5.1
-0.17744 -5.4
-0.17719 -5.6
-0.17695 -5.8
-0.1767 -5.8
-0.17646 -5.8
-0.17622 -5.7
-0.17597 -5.6
-0.17573 -5.3
-0.17548 -5.0
-0.17524 -4.6
-0.175 -4.1
-0.17475 -3.6
-0.17451 -3.0
-0.17426 -2.4
-0.17402 -1.7
-0.17377 -1.0
-0.17353 -0.3
-0.17329 0.4
-0.17304 1.1
-0.1728 1.7
-0.17255 2.4
-0.17231 3.0
-0.17207 3.6
-0.17182 4.1
-0.17158 4.6
-0.17133 5.0
-0.17109 5.4
-0.17085 5.6
-0.1706 5.8
-0.17036 5.9
-0.17011 5.9
-0.16987 5.8
-0.16962 5.7
-0.16938 5.4
-0.16914 5.1
-0.16889 4.7
-0.16865 4.2
-0.1684 3.7
-0.16816 3.1
-0.16792 2.5
-0.16767 1.8
-0.16743 1.1
-0.16718 0.4
-0.16694 -0.3
-0.16669 -1.0
-0.16645 -1.7
-0.16621 -2.4
-0.16596 -3.0
-0.16572 -3.6
-0.16547 -4.2
-0.16523 -4.6
-0.16499 -5.1
-0.16474 -5.4
-0.1645 -5.7
-0.16425 -5.8
-0.16401 -5.9
-0.16376 -5.9
-0.16352 -5.9
-0.16328 -5.7
-0.16303 -5.4
-0.16279 -5.1
-0.16254 -4.7
-0.1623 -4.2
-0.16206 -3.6
-0.16181 -3.0
-0.16157 -2.4
-0.16132 -1.7
-0.16108 -1.0
-0.16084 -0.3
-0.16059 0.5
-0.16035 1.2
-0.1601 1.9
-0.15986 2.6
-0.15961 3.2
-0.15937 3.8
-0.15913 4.4
-0.15888 4.8
-0.15864 5.2
-0.15839 5.6
-0.15815 5.8
-0.15791 5.9
-0.15766 6.0
-0.15742 6.0
-0.15717 5.8
-0.15693 5.6
-0.15668 5.3
-0.15644 5.0
-0.1562 4.5
-0.15595 4.0
-0.15571 3.4
-0.15546 2.7
-0.15522 2.1
-0.15498 1.3
-0.15473 0.6
-0.15449 -0.2
-0.15424 -0.9
-0.154 -1.6
-0.15376 -2.3
-0.15351 -3.0
-0.15327 -3.6
-0.15302 -4.2
-0.15278 -4.7
-0.15253 -5.2
-0.15229 -5.5
-0.15205 -5.8
-0.1518 -6.0
-0.15156 -6.1
-0.15131 -6.0
-0.15107 -5.9
-0.15083 -5.7
-0.15058 -5.5
-0.15034 -5.1
-0.15009 -4.6
-0.14985 -4.1
-0.1496 -3.5
-0.14936 -2.9
-0.14912 -2.2
-0.14887 -1.4
-0.14863 -0.7
-0.14838 0.0
-0.14814 0.9
-0.1479 1.6
-0.14765 2.3
-0.14741 3.0
-0.14716 3.7
-0.14692 4.3
-0.14668 4.8
-0.14643 5.2
-0.14619 5.6
-0.14594 5.9
-0.1457 6.0
-0.14545 6.1
-0.14521 6.1
-0.14497 6.0
-0.14472 5.8
-0.14448 5.5
-0.14423 5.1
-0.14399 4.6
-0.14375 4.0
-0.1435 3.4
-0.14326 2.7
-0.14301 2.0
-0.14277 1.3
-0.14252 0.5
-0.14228 -0.3
-0.14204 -1.1
-0.14179 -1.8
-0.14155 -2.6
-0.1413 -3.3
-0.14106 -3.9
-0.14082 -4.5
-0.14057 -5.0
-0.14033 -5.4
-0.14008 -5.8
-0.13984 -6.0
-0.1396 -6.1
-0.13935 -6.2
-0.13911 -6.1
-0.13886 -5.9
-0.13862 -5.7
-0.13837 -5.3
-0.13813 -4.9
-0.13789 -4.3
-0.13764 -3.7
-0.1374 -3.1
-0.13715 -2.4
-0.13691 -1.6
-0.13667 -0.8
-0.13642 0.0
-0.13618 0.8
-0.13593 1.6
-0.13569 2.4
-0.13544 3.1
-0.1352 3.8
-0.13496 4.4
-0.13471 4.9
-0.13447 5.4
-0.13422 5.7
-0.13398 6.0
-0.13374 6.2
-0.13349 6.2
-0.13325 6.2
-0.133 6.0
-0.13276 5.8
-0.13251 5.4
-0.13227 5.0
-0.13203 4.4
-0.13178 3.8
-0.13154 3.2
-0.13129 2.4
-0.13105 1.6
-0.13081 0.8
-0.13056 0.0
-0.13032 -0.8
-0.13007 -1.6
-0.12983 -2.4
-0.12959 -3.1
-0.12934 -3.8
-0.1291 -4.5
-0.12885 -5.0
-0.12861 -5.5
-0.12836 -5.8
-0.12812 -6.1
-0.12788 -6.2
-0.12763 -6.3
-0.12739 -6.2
-0.12714 -6.1
-0.1269 -5.8
-0.12666 -5.4
-0.12641 -4.9
-0.12617 -4.3
-0.12592 -3.7
-0.12568 -3.0
-0.12543 -2.2
-0.12519 -1.4
-0.12495 -0.6
-0.1247 0.3
-0.12446 1.1
-0.12421 1.9
-0.12397 2.7
-0.12373 3.5
-0.12348 4.1
-0.12324 4.8
-0.12299 5.3
-0.12275 5.7
-0.12251 6.0
-0.12226 6.2
-0.12202 6.4
-0.12177 6.3
-0.12153 6.2
-0.12128 6.0
-0.12104 5.6
-0.1208 5.2
-0.12055 4.6
-0.12031 4.0
-0.12006 3.3
-0.11982 2.5
-0.11958 1.7
-0.11933 0.8
-0.11909 0.0
-0.11884 -0.9
-0.1186 -1.7
-0.11835 -2.6
-0.11811 -3.3
-0.11787 -4.1
-0.11762 -4.7
-0.11738 -5.2
-0.11713 -5.7
-0.11689 -6.1
-0.11665 -6.3
-0.1164 -6.4
-0.11616 -6.4
-0.11591 -6.3
-0.11567 -6.1
-0.11543 -5.7
-0.11518 -5.2
-0.11494 -4.7
-0.11469 -4.0
-0.11445 -3.3
-0.1142 -2.5
-0.11396 -1.7
-0.11372 -0.8
-0.11347 0.0
-0.11323 1.0
-0.11298 1.9
-0.11274 2.7
-0.1125 3.5
-0.11225 4.2
-0.11201 4.9
-0.11176 5.4
-0.11152 5.9
-0.11127 6.2
-0.11103 6.4
-0.11079 6.5
-0.11054 6.5
-0.1103 6.3
-0.11005 6.0
-0.10981 5.6
-0.10957 5.1
-0.10932 4.5
-0.10908 3.8
-0.10883 3.0
-0.10859 2.2
-0.10835 1.3
-0.1081 0.4
-0.10786 -0.5
-0.10761 -1.4
-0.10737 -2.3
-0.10712 -3.2
-0.10688 -3.9
-0.10664 -4.6
-0.10639 -5.2
-0.10615 -5.7
-0.1059 -6.1
-0.10566 -6.4
-0.10542 -6.6
-0.10517 -6.6
-0.10493 -6.4
-0.10468 -6.2
-0.10444 -5.8
-0.10419 -5.3
-0.10395 -4.7
-0.10371 -4.0
-0.10346 -3.2
-0.10322 -2.4
-0.10297 -1.5
-0.10273 -0.6
-0.10249 0.4
-0.10224 1.3
-0.102 2.2
-0.10175 3.1
-0.10151 3.9
-0.10126 4.6
-0.10102 5.3
-0.10078 5.8
-0.10053 6.2
-0.10029 6.5
-0.10004 6.6
-0.0998 6.6
-0.09956 6.5
-0.09931 6.2
-0.09907 5.8
-0.09882 5.3
-0.09858 4.7
-0.09834 3.9
-0.09809 3.1
-0.09785 2.2
-0.0976 1.3
-0.09736 0.3
-0.09711 -0.6
-0.09687 -1.6
-0.09663 -2.5
-0.09638 -3.4
-0.09614 -4.2
-0.09589 -4.9
-0.09565 -5.5
-0.09541 -6.0
-0.09516 -6.4
-0.09492 -6.6
-0.09467 -6.7
-0.09443 -6.7
-0.09418 -6.5
-0.09394 -6.1
-0.0937 -5.7
-0.09345 -5.1
-0.09321 -4.3
-0.09296 -3.5
-0.09272 -2.7
-0.09248 -1.7
-0.09223 -0.7
-0.09199 0.3
-0.09174 1.3
-0.0915 2.3
-0.09126 3.2
-0.09101 4.0
-0.09077 4.8
-0.09052 5.5
-0.09028 6.0
-0.09003 6.4
-0.08979 6.7
-0.08955 6.8
-0.0893 6.8
-0.08906 6.6
-0.08881 6.3
-0.08857 5.8
-0.08833 5.2
-0.08808 4.4
-0.08784 3.6
-0.08759 2.7
-0.08735 1.7
-0.0871 0.7
-0.08686 -0.3
-0.08662 -1.4
-0.08637 -2.4
-0.08613 -3.3
-0.08588 -4.2
-0.08564 -5.0
-0.0854 -5.6
-0.08515 -6.2
-0.08491 -6.6
-0.08466 -6.8
-0.08442 -6.9
-0.08418 -6.8
-0.08393 -6.6
-0.08369 -6.2
-0.08344 -5.7
-0.0832 -5.0
-0.08295 -4.2
-0.08271 -3.3
-0.08247 -2.3
-0.08222 -1.3
-0.08198 -0.3
-0.08173 0.8
-0.08149 1.9
-0.08125 2.9
-0.081 3.8
-0.08076 4.7
-0.08051 5.4
-0.08027 6.1
-0.08002 6.5
-0.07978 6.8
-0.07954 7.0
-0.07929 7.0
-0.07905 6.8
-0.0788 6.4
-0.07856 5.9
-0.07832 5.3
-0.07807 4.5
-0.07783 3.6
-0.07758 2.6
-0.07734 1.5
-0.0771 0.4
-0.07685 -0.7
-0.07661 -1.8
-0.07636 -2.8
-0.07612 -3.8
-0.07587 -4.7
-0.07563 -5.5
-0.07539 -6.1
-0.07514 -6.6
-0.0749 -6.9
-0.07465 -7.1
-0.07441 -7.1
-0.07417 -6.8
-0.07392 -6.5
-0.07368 -5.9
-0.07343 -5.2
-0.07319 -4.4
-0.07294 -3.4
-0.0727 -2.4
-0.07246 -1.2
-0.07221 0.0
-0.07197 1.1
-0.07172 2.2
-0.07148 3.2
-0.07124 4.2
-0.07099 5.1
-0.07075 5.9
-0.0705 6.5
-0.07026 6.9
-0.07001 7.1
-0.06977 7.2
-0.06953 7.1
-0.06928 6.7
-0.06904 6.2
-0.06879 5.6
-0.06855 4.8
-0.06831 3.8
-0.06806 2.7
-0.06782 1.6
-0.06757 0.4
-0.06733 -0.8
-0.06709 -1.9
-0.06684 -3.1
-0.0666 -4.1
-0.06635 -5.1
-0.06611 -5.9
-0.06586 -6.5
-0.06562 -7.0
-0.06538 -7.2
-0.06513 -7.3
-0.06489 -7.2
-0.06464 -6.9
-0.0644 -6.3
-0.06416 -5.6
-0.06391 -4.8
-0.06367 -3.8
-0.06342 -2.7
-0.06318 -1.5
-0.06293 -0.2
-0.06269 1.0
-0.06245 2.2
-0.0622 3.4
-0.06196 4.4
-0.06171 5.4
-0.06147 6.2
-0.06123 6.8
-0.06098 7.2
-0.06074 7.4
-0.06049 7.4
-0.06025 7.2
-0.06001 6.7
-0.05976 6.1
-0.05952 5.3
-0.05927 4.3
-0.05903 3.2
-0.05878 2.0
-0.05854 0.7
-0.0583 -0.6
-0.05805 -1.8
-0.05781 -3.1
-0.05756 -4.2
-0.05732 -5.2
-0.05708 -6.1
-0.05683 -6.8
-0.05659 -7.3
-0.05634 -7.5
-0.0561 -7.5
-0.05585 -7.3
-0.05561 -6.9
-0.05537 -6.3
-0.05512 -5.4
-0.05488 -4.4
-0.05463 -3.3
-0.05439 -2.0
-0.05415 -0.7
-0.0539 0.7
-0.05366 2.0
-0.05341 3.3
-0.05317 4.5
-0.05293 5.5
-0.05268 6.4
-0.05244 7.1
-0.05219 7.5
-0.05195 7.7
-0.0517 7.6
-0.05146 7.3
-0.05122 6.8
-0.05097 6.0
-0.05073 5.1
-0.05048 3.9
-0.05024 2.7
-0.05 1.3
-0.04975 -0.1
-0.04951 -1.5
-0.04926 -2.9
-0.04902 -4.2
-0.04877 -5.3
-0.04853 -6.3
-0.04829 -7.0
-0.04804 -7.5
-0.0478 -7.8
-0.04755 -7.8
-0.04731 -7.5
-0.04707 -7.0
-0.04682 -6.2
-0.04658 -5.2
-0.04633 -4.1
-0.04609 -2.7
-0.04585 -1.3
-0.0456 0.2
-0.04536 1.7
-0.04511 3.1
-0.04487 4.4
-0.04462 5.6
-0.04438 6.6
-0.04414 7.3
-0.04389 7.8
-0.04365 8.0
-0.0434 7.9
-0.04316 7.5
-0.04292 6.9
-0.04267 6.0
-0.04243 4.8
-0.04218 3.5
-0.04194 2.0
-0.04169 0.5
-0.04145 -1.1
-0.04121 -2.6
-0.04096 -4.0
-0.04072 -5.3
-0.04047 -6.4
-0.04023 -7.3
-0.03999 -7.9
-0.03974 -8.2
-0.0395 -8.1
-0.03925 -7.8
-0.03901 -7.1
-0.03876 -6.2
-0.03852 -5.0
-0.03828 -3.6
-0.03803 -2.0
-0.03779 -0.4
-0.03754 1.2
-0.0373 2.9
-0.03706 4.4
-0.03681 5.7
-0.03657 6.8
-0.03632 7.7
-0.03608 8.2
-0.03584 8.4
-0.03559 8.2
-0.03535 7.7
-0.0351 6.9
-0.03486 5.8
-0.03461 4.4
-0.03437 2.8
-0.03413 1.1
-0.03388 -0.6
-0.03364 -2.4
-0.03339 -4.0
-0.03315 -5.5
-0.03291 -6.7
-0.03266 -7.7
-0.03242 -8.3
-0.03217 -8.6
-0.03193 -8.4
-0.03168 -7.9
-0.03144 -7.1
-0.0312 -5.9
-0.03095 -4.4
-0.03071 -2.7
-0.03046 -0.9
-0.03022 1.0
-0.02998 2.8
-0.02973 4.5
-0.02949 6.1
-0.02924 7.3
-0.029 8.2
-0.02876 8.7
-0.02851 8.8
-0.02827 8.5
-0.02802 7.7
-0.02778 6.6
-0.02753 5.1
-0.02729 3.4
-0.02705 1.5
-0.0268 -0.5
-0.02656 -2.5
-0.02631 -4.4
-0.02607 -6.1
-0.02583 -7.4
-0.02558 -8.4
-0.02534 -9.0
-0.02509 -9.0
-0.02485 -8.6
-0.0246 -7.8
-0.02436 -6.5
-0.02412 -4.9
-0.02387 -2.9
-0.02363 -0.8
-0.02338 1.3
-0.02314 3.4
-0.0229 5.4
-0.02265 7.0
-0.02241 8.3
-0.02216 9.1
-0.02192 9.4
-0.02168 9.1
-0.02143 8.3
-0.02119 7.0
-0.02094 5.3
-0.0207 3.2
-0.02045 1.0
-0.02021 -1.4
-0.01997 -3.7
-0.01972 -5.8
-0.01948 -7.5
-0.01923 -8.8
-0.01899 -9.5
-0.01875 -9.7
-0.0185 -9.2
-0.01826 -8.1
-0.01801 -6.4
-0.01777 -4.4
-0.01752 -2.0
-0.01728 0.6
-0.01704 3.1
-0.01679 5.5
-0.01655 7.5
-0.0163 9.0
-0.01606 9.9
-0.01582 10.0
-0.01557 9.5
-0.01533 8.2
-0.01508 6.3
-0.01484 3.9
-0.0146 1.2
-0.01435 -1.7
-0.01411 -4.4
-0.01386 -6.9
-0.01362 -8.8
-0.01337 -10.1
-0.01313 -10.5
-0.01289 -10.1
-0.01264 -8.8
-0.0124 -6.8
-0.01215 -4.1
-0.01191 -1.0
-0.01167 2.2
-0.01142 5.3
-0.01118 7.9
-0.01093 9.9
-0.01069 10.9
-0.01044 11.0
-0.0102 9.9
-0.00996 7.9
-0.00971 5.0
-0.00947 1.6
-0.00922 -2.1
-0.00898 -5.7
-0.00874 -8.7
-0.00849 -10.8
-0.00825 -11.8
-0.008 -11.3
-0.00776 -9.6
-0.00751 -6.6
-0.00727 -2.7
-0.00703 1.6
-0.00678 5.8
-0.00654 9.4
-0.00629 11.8
-0.00605 12.7
-0.00581 11.7
-0.00556 8.9
-0.00532 4.6
-0.00507 -0.5
-0.00483 -5.8
-0.00459 -10.3
-0.00434 -13.2
-0.0041 -13.7
-0.00385 -11.6
-0.00361 -7.0
-0.00336 -0.7
-0.00312 6.2
-0.00288 12.0
-0.00263 15.2
-0.00239 14.5
-0.00214 9.7
-0.0019 1.4
-0.00166 -8.0
-0.00141 -15.4
-0.00117 -17.4
-0.00092 -11.8
-0.00068 0.4
-0.00043 13.9
-0.00019 19.9
5e-05 10.2
0.0003 -9.9
0.00054 -18.3
0.00079 -3.2
0.00103 12.9
0.00127 7.2
0.00152 -6.7
0.00176 -6.2
0.00201 3.0
0.00225 4.3
0.00249 -1.3
0.00274 -2.8
0.00298 0.5
0.00323 1.7
0.00347 -0.2
0.00372 -1.1
0.00396 0.0
0.0042 0.7
0.00445 0.0
0.00469 -0.4
0.00494 0.0
0.00518 0.2
0.00542 0.0
0.00567 -0.1
0.00591 0.0
0.00616 0.0
0.0064 0.0
0.00665 0.0
0.00689 0.0
0.00713 0.0
0.00738 0.0
0.00762 0.0
0.00787 0.0
0.00811 0.0
0.00835 0.0
0.0086 0.0
0.00884 0.0
0.00909 0.0
0.00933 0.0
0.00957 0.0
0.00982 0.0
0.01006 0.0
0.01031 0.0
0.01055 0.0
0.0108 0.0
0.01104 0.0
0.01128 0.0
0.01153 0.0
0.01177 0.0
0.01202 0.0
0.01226 0.0
0.0125 0.0
0.01275 0.0
0.01299 0.0
0.01324 0.0
0.01348 0.0
0.01373 0.0
0.01397 0.0
0.01421 0.0
0.01446 0.0
0.0147 0.0
0.01495 0.0
0.01519 0.0
0.01543 0.0
0.01568 0.0
0.01592 0.0
0.01617 0.0
0.01641 0.0
0.01665 0.0
0.0169 0.0
0.01714 0.0
0.01739 0.0
0.01763 0.0
0.01788 0.0
0.01812 0.0
0.01836 0.0
0.01861 0.0
0.01885 0.0
0.0191 0.0
0.01934 0.0
0.01958 0.0
0.01983 0.0
0.02007 0.0
0.02032 0.0
0.02056 0.0
0.02081 0.0
0.02105 0.0
0.02129 0.0
0.02154 0.0
0.02178 0.0
0.02203 0.0
0.02227 0.0
0.02251 0.0
0.02276 0.0
0.023 0.0
0.02325 0.0
0.02349 0.0
0.02374 0.0
0.02398 0.0
0.02422 0.0
0.02447 0.0
0.02471 0.0
0.02496 0.0
0.0252 0.0
0.02544 0.0
0.02569 0.0
0.02593 0.0
0.02618 0.0
0.02642 0.0
0.02666 0.0
0.02691 0.0
0.02715 0.0
0.0274 0.0
0.02764 0.0
0.02789 0.0
0.02813 0.0
0.02837 0.0
0.02862 0.0
0.02886 0.0
0.02911 0.0
0.02935 0.0
0.02959 0.0
0.02984 0.0
0.03008 0.0
0.03033 0.0
0.03057 0.0
0.03082 0.0
0.03106 0.0
0.0313 0.0
0.03155 0.0
0.03179 0.0
0.03204 0.0
0.03228 0.0
0.03252 0.0
0.03277 0.0
0.03301 0.0
0.03326 0.0
0.0335 0.0
0.03374 0.0
0.03399 0.0
0.03423 0.0
0.03448 0.0
0.03472 0.0
0.03497 0.0
0.03521 0.0
0.03545 0.0
0.0357 0.0
0.03594 0.0
0.03619 0.0
0.03643 0.0
0.03667 0.0
0.03692 0.0
0.03716 0.0
0.03741 0.0
0.03765 0.0
0.0379 0.0
0.03814 0.0
0.03838 0.0
0.03863 0.0
0.03887 0.0
0.03912 0.0
0.03936 0.0
0.0396 0.0
0.03985 0.0
0.04009 0.0
0.04034 0.0
0.04058 0.0
0.04082 0.0
