t strain*1e23
-3.10956 -2.5
-3.10931 -2.5
-3.10907 -2.5
-3.10882 -2.5
-3.10858 -2.5
-3.10834 -2.4
-3.10809 -2.4
-3.10785 -2.4
-3.1076 -2.3
-3.10736 -2.3
-3.10711 -2.2
-3.10687 -2.2
-3.10663 -2.1
-3.10638 -2.1
-3.10614 -2.0
-3.10589 -2.0
-3.10565 -1.9
-3.10541 -1.8
-3.10516 -1.8
-3.10492 -1.7
-3.10467 -1.6
-3.10443 -1.5
-3.10419 -1.5
-3.10394 -1.4
-3.1037 -1.3
-3.10345 -1.2
-3.10321 -1.1
-3.10296 -1.0
-3.10272 -0.9
-3.10248 -0.9
-3.10223 -0.8
-3.10199 -0.7
-3.10174 -0.6
-3.1015 -0.5
-3.10126 -0.4
-3.10101 -0.3
-3.10077 -0.2
-3.10052 0.0
-3.10028 0.0
-3.10003 0.1
-3.09979 0.2
-3.09955 0.3
-3.0993 0.4
-3.09906 0.5
-3.09881 0.6
-3.09857 0.7
-3.09833 0.8
-3.09808 0.9
-3.09784 1.0
-3.09759 1.1
-3.09735 1.1
-3.09711 1.2
-3.09686 1.3
-3.09662 1.4
-3.09637 1.5
-3.09613 1.6
-3.09588 1.6
-3.09564 1.7
-3.0954 1.8
-3.09515 1.9
-3.09491 1.9
-3.09466 2.0
-3.09442 2.0
-3.09418 2.1
-3.09393 2.2
-3.09369 2.2
-3.09344 2.3
-3.0932 2.3
-3.09295 2.3
-3.09271 2.4
-3.09247 2.4
-3.09222 2.4
-3.09198 2.5
-3.09173 2.5
-3.09149 2.5
-3.09125 2.5
-3.091 2.5
-3.09076 2.5
-3.09051 2.6
-3.09027 2.6
-3.09002 2.6
-3.08978 2.5
-3.08954 2.5
-3.08929 2.5
-3.08905 2.5
-3.0888 2.5
-3.08856 2.5
-3.08832 2.4
-3.08807 2.4
-3.08783 2.4
-3.08758 2.3
-3.08734 2.3
-3.0871 2.2
-3.08685 2.2
-3.08661 2.1
-3.08636 2.1
-3.08612 2.0
-3.08587 2.0
-3.08563 1.9
-3.08539 1.8
-3.08514 1.8
-3.0849 1.7
-3.08465 1.6
-3.08441 1.5
-3.08417 1.4
-3.08392 1.4
-3.08368 1.3
-3.08343 1.2
-3.08319 1.1
-3.08294 1.0
-3.0827 0.9
-3.08246 0.8
-3.08221 0.7
-3.08197 0.6
-3.08172 0.5
-3.08148 0.5
-3.08124 0.4
-3.08099 0.3
-3.08075 0.2
-3.0805 0.0
-3.08026 0.0
-3.08002 -0.1
-3.07977 -0.2
-3.07953 -0.3
-3.07928 -0.4
-3.07904 -0.5
-3.07879 -0.6
-3.07855 -0.7
-3.07831 -0.8
-3.07806 -0.9
-3.07782 -1.0
-3.07757 -1.1
-3.07733 -1.2
-3.07709 -1.3
-3.07684 -1.3
-3.0766 -1.4
-3.07635 -1.5
-3.07611 -1.6
-3.07586 -1.7
-3.07562 -1.7
-3.07538 -1.8
-3.07513 -1.9
-3.07489 -1.9
-3.07464 -2.0
-3.0744 -2.1
-3.07416 -2.1
-3.07391 -2.2
-3.07367 -2.2
-3.07342 -2.3
-3.07318 -2.3
-3.07294 -2.4
-3.07269 -2.4
-3.07245 -2.4
-3.0722 -2.5
-3.07196 -2.5
-3.07171 -2.5
-3.07147 -2.5
-3.07123 -2.5
-3.07098 -2.5
-3.07074 -2.6
-3.07049 -2.6
-3.07025 -2.6
-3.07001 -2.6
-3.06976 -2.5
-3.06952 -2.5
-3.06927 -2.5
-3.06903 -2.5
-3.06878 -2.5
-3.06854 -2.5
-3.0683 -2.4
-3.06805 -2.4
-3.06781 -2.3
-3.06756 -2.3
-3.06732 -2.3
-3.06708 -2.2
-3.06683 -2.2
-3.06659 -2.1
-3.06634 -2.1
-3.0661 -2.0
-3.06586 -1.9
-3.06561 -1.9
-3.06537 -1.8
-3.06512 -1.7
-3.06488 -1.6
-3.06463 -1.6
-3.06439 -1.5
-3.06415 -1.4
-3.0639 -1.3
-3.06366 -1.2
-3.06341 -1.2
-3.06317 -1.1
-3.06293 -1.0
-3.06268 -0.9
-3.06244 -0.8
-3.06219 -0.7
-3.06195 -0.6
-3.0617 -0.5
-3.06146 -0.4
-3.06122 -0.3
-3.06097 -0.2
-3.06073 -0.1
-3.06048 0.0
-3.06024 0.0
-3.06 0.2
-3.05975 0.3
-3.05951 0.4
-3.05926 0.5
-3.05902 0.6
-3.05877 0.7
-3.05853 0.8
-3.05829 0.9
-3.05804 1.0
-3.0578 1.0
-3.05755 1.1
-3.05731 1.2
-3.05707 1.3
-3.05682 1.4
-3.05658 1.5
-3.05633 1.6
-3.05609 1.6
-3.05585 1.7
-3.0556 1.8
-3.05536 1.8
-3.05511 1.9
-3.05487 2.0
-3.05462 2.0
-3.05438 2.1
-3.05414 2.2
-3.05389 2.2
-3.05365 2.3
-3.0534 2.3
-3.05316 2.3
-3.05292 2.4
-3.05267 2.4
-3.05243 2.4
-3.05218 2.5
-3.05194 2.5
-3.05169 2.5
-3.05145 2.5
-3.05121 2.5
-3.05096 2.6
-3.05072 2.6
-3.05047 2.6
-3.05023 2.6
-3.04999 2.6
-3.04974 2.5
-3.0495 2.5
-3.04925 2.5
-3.04901 2.5
-3.04877 2.5
-3.04852 2.4
-3.04828 2.4
-3.04803 2.4
-3.04779 2.3
-3.04754 2.3
-3.0473 2.2
-3.04706 2.2
-3.04681 2.1
-3.04657 2.1
-3.04632 2.0
-3.04608 2.0
-3.04584 1.9
-3.04559 1.8
-3.04535 1.8
-3.0451 1.7
-3.04486 1.6
-3.04461 1.5
-3.04437 1.4
-3.04413 1.4
-3.04388 1.3
-3.04364 1.2
-3.04339 1.1
-3.04315 1.0
-3.04291 0.9
-3.04266 0.8
-3.04242 0.7
-3.04217 0.6
-3.04193 0.5
-3.04169 0.4
-3.04144 0.3
-3.0412 0.2
-3.04095 0.1
-3.04071 0.0
-3.04046 0.0
-3.04022 -0.1
-3.03998 -0.2
-3.03973 -0.3
-3.03949 -0.4
-3.03924 -0.5
-3.039 -0.6
-3.03876 -0.7
-3.03851 -0.8
-3.03827 -0.9
-3.03802 -1.0
-3.03778 -1.1
-3.03753 -1.2
-3.03729 -1.3
-3.03705 -1.4
-3.0368 -1.4
-3.03656 -1.5
-3.03631 -1.6
-3.03607 -1.7
-3.03583 -1.8
-3.03558 -1.8
-3.03534 -1.9
-3.03509 -2.0
-3.03485 -2.0
-3.03461 -2.1
-3.03436 -2.1
-3.03412 -2.2
-3.03387 -2.2
-3.03363 -2.3
-3.03338 -2.3
-3.03314 -2.4
-3.0329 -2.4
-3.03265 -2.4
-3.03241 -2.5
-3.03216 -2.5
-3.03192 -2.5
-3.03168 -2.5
-3.03143 -2.5
-3.03119 -2.6
-3.03094 -2.6
-3.0307 -2.6
-3.03045 -2.6
-3.03021 -2.6
-3.02997 -2.6
-3.02972 -2.5
-3.02948 -2.5
-3.02923 -2.5
-3.02899 -2.5
-3.02875 -2.4
-3.0285 -2.4
-3.02826 -2.4
-3.02801 -2.3
-3.02777 -2.3
-3.02752 -2.3
-3.02728 -2.2
-3.02704 -2.2
-3.02679 -2.1
-3.02655 -2.0
-3.0263 -2.0
-3.02606 -1.9
-3.02582 -1.8
-3.02557 -1.8
-3.02533 -1.7
-3.02508 -1.6
-3.02484 -1.5
-3.0246 -1.5
-3.02435 -1.4
-3.02411 -1.3
-3.02386 -1.2
-3.02362 -1.1
-3.02337 -1.0
-3.02313 -0.9
-3.02289 -0.8
-3.02264 -0.7
-3.0224 -0.7
-3.02215 -0.6
-3.02191 -0.5
-3.02167 -0.4
-3.02142 -0.3
-3.02118 -0.2
-3.02093 0.0
-3.02069 0.0
-3.02044 0.1
-3.0202 0.2
-3.01996 0.3
-3.01971 0.4
-3.01947 0.5
-3.01922 0.6
-3.01898 0.7
-3.01874 0.8
-3.01849 0.9
-3.01825 1.0
-3.018 1.1
-3.01776 1.2
-3.01752 1.3
-3.01727 1.4
-3.01703 1.4
-3.01678 1.5
-3.01654 1.6
-3.01629 1.7
-3.01605 1.8
-3.01581 1.8
-3.01556 1.9
-3.01532 2.0
-3.01507 2.0
-3.01483 2.1
-3.01459 2.1
-3.01434 2.2
-3.0141 2.2
-3.01385 2.3
-3.01361 2.3
-3.01336 2.4
-3.01312 2.4
-3.01288 2.4
-3.01263 2.5
-3.01239 2.5
-3.01214 2.5
-3.0119 2.5
-3.01166 2.6
-3.01141 2.6
-3.01117 2.6
-3.01092 2.6
-3.01068 2.6
-3.01044 2.6
-3.01019 2.6
-3.00995 2.5
-3.0097 2.5
-3.00946 2.5
-3.00921 2.5
-3.00897 2.5
-3.00873 2.4
-3.00848 2.4
-3.00824 2.3
-3.00799 2.3
-3.00775 2.3
-3.00751 2.2
-3.00726 2.2
-3.00702 2.1
-3.00677 2.0
-3.00653 2.0
-3.00628 1.9
-3.00604 1.8
-3.0058 1.8
-3.00555 1.7
-3.00531 1.6
-3.00506 1.5
-3.00482 1.5
-3.00458 1.4
-3.00433 1.3
-3.00409 1.2
-3.00384 1.1
-3.0036 1.0
-3.00336 0.9
-3.00311 0.8
-3.00287 0.7
-3.00262 0.7
-3.00238 0.6
-3.00213 0.5
-3.00189 0.4
-3.00165 0.3
-3.0014 0.2
-3.00116 0.0
-3.00091 0.0
-3.00067 -0.1
-3.00043 -0.2
-3.00018 -0.3
-2.99994 -0.4
-2.99969 -0.5
-2.99945 -0.6
-2.9992 -0.7
-2.99896 -0.8
-2.99872 -0.9
-2.99847 -1.0
-2.99823 -1.1
-2.99798 -1.2
-2.99774 -1.3
-2.9975 -1.4
-2.99725 -1.5
-2.99701 -1.5
-2.99676 -1.6
-2.99652 -1.7
-2.99627 -1.8
-2.99603 -1.8
-2.99579 -1.9
-2.99554 -2.0
-2.9953 -2.0
-2.99505 -2.1
-2.99481 -2.1
-2.99457 -2.2
-2.99432 -2.3
-2.99408 -2.3
-2.99383 -2.3
-2.99359 -2.4
-2.99335 -2.4
-2.9931 -2.5
-2.99286 -2.5
-2.99261 -2.5
-2.99237 -2.5
-2.99212 -2.5
-2.99188 -2.6
-2.99164 -2.6
-2.99139 -2.6
-2.99115 -2.6
-2.9909 -2.6
-2.99066 -2.6
-2.99042 -2.6
-2.99017 -2.5
-2.98993 -2.5
-2.98968 -2.5
-2.98944 -2.5
-2.98919 -2.5
-2.98895 -2.4
-2.98871 -2.4
-2.98846 -2.3
-2.98822 -2.3
-2.98797 -2.3
-2.98773 -2.2
-2.98749 -2.1
-2.98724 -2.1
-2.987 -2.0
-2.98675 -2.0
-2.98651 -1.9
-2.98627 -1.8
-2.98602 -1.8
-2.98578 -1.7
-2.98553 -1.6
-2.98529 -1.5
-2.98504 -1.5
-2.9848 -1.4
-2.98456 -1.3
-2.98431 -1.2
-2.98407 -1.1
-2.98382 -1.0
-2.98358 -0.9
-2.98334 -0.8
-2.98309 -0.7
-2.98285 -0.6
-2.9826 -0.5
-2.98236 -0.4
-2.98211 -0.3
-2.98187 -0.2
-2.98163 -0.1
-2.98138 0.0
-2.98114 0.0
-2.98089 0.2
-2.98065 0.3
-2.98041 0.4
-2.98016 0.5
-2.97992 0.6
-2.97967 0.7
-2.97943 0.8
-2.97919 0.9
-2.97894 0.9
-2.9787 1.0
-2.97845 1.1
-2.97821 1.2
-2.97796 1.3
-2.97772 1.4
-2.97748 1.5
-2.97723 1.6
-2.97699 1.6
-2.97674 1.7
-2.9765 1.8
-2.97626 1.9
-2.97601 1.9
-2.97577 2.0
-2.97552 2.1
-2.97528 2.1
-2.97503 2.2
-2.97479 2.2
-2.97455 2.3
-2.9743 2.3
-2.97406 2.4
-2.97381 2.4
-2.97357 2.4
-2.97333 2.5
-2.97308 2.5
-2.97284 2.5
-2.97259 2.5
-2.97235 2.6
-2.97211 2.6
-2.97186 2.6
-2.97162 2.6
-2.97137 2.6
-2.97113 2.6
-2.97088 2.6
-2.97064 2.6
-2.9704 2.5
-2.97015 2.5
-2.96991 2.5
-2.96966 2.5
-2.96942 2.4
-2.96918 2.4
-2.96893 2.4
-2.96869 2.3
-2.96844 2.3
-2.9682 2.2
-2.96795 2.2
-2.96771 2.1
-2.96747 2.1
-2.96722 2.0
-2.96698 1.9
-2.96673 1.9
-2.96649 1.8
-2.96625 1.7
-2.966 1.7
-2.96576 1.6
-2.96551 1.5
-2.96527 1.4
-2.96502 1.3
-2.96478 1.2
-2.96454 1.2
-2.96429 1.1
-2.96405 1.0
-2.9638 0.9
-2.96356 0.8
-2.96332 0.7
-2.96307 0.6
-2.96283 0.5
-2.96258 0.4
-2.96234 0.3
-2.9621 0.2
-2.96185 0.0
-2.96161 0.0
-2.96136 -0.1
-2.96112 -0.2
-2.96087 -0.3
-2.96063 -0.4
-2.96039 -0.5
-2.96014 -0.6
-2.9599 -0.7
-2.95965 -0.8
-2.95941 -0.9
-2.95917 -1.0
-2.95892 -1.1
-2.95868 -1.2
-2.95843 -1.3
-2.95819 -1.3
-2.95794 -1.4
-2.9577 -1.5
-2.95746 -1.6
-2.95721 -1.7
-2.95697 -1.8
-2.95672 -1.8
-2.95648 -1.9
-2.95624 -2.0
-2.95599 -2.0
-2.95575 -2.1
-2.9555 -2.1
-2.95526 -2.2
-2.95502 -2.2
-2.95477 -2.3
-2.95453 -2.3
-2.95428 -2.4
-2.95404 -2.4
-2.95379 -2.5
-2.95355 -2.5
-2.95331 -2.5
-2.95306 -2.5
-2.95282 -2.5
-2.95257 -2.6
-2.95233 -2.6
-2.95209 -2.6
-2.95184 -2.6
-2.9516 -2.6
-2.95135 -2.6
-2.95111 -2.6
-2.95086 -2.6
-2.95062 -2.5
-2.95038 -2.5
-2.95013 -2.5
-2.94989 -2.5
-2.94964 -2.4
-2.9494 -2.4
-2.94916 -2.4
-2.94891 -2.3
-2.94867 -2.3
-2.94842 -2.2
-2.94818 -2.2
-2.94794 -2.1
-2.94769 -2.0
-2.94745 -2.0
-2.9472 -1.9
-2.94696 -1.8
-2.94671 -1.8
-2.94647 -1.7
-2.94623 -1.6
-2.94598 -1.5
-2.94574 -1.5
-2.94549 -1.4
-2.94525 -1.3
-2.94501 -1.2
-2.94476 -1.1
-2.94452 -1.0
-2.94427 -0.9
-2.94403 -0.8
-2.94378 -0.7
-2.94354 -0.6
-2.9433 -0.5
-2.94305 -0.4
-2.94281 -0.3
-2.94256 -0.2
-2.94232 -0.1
-2.94208 0.0
-2.94183 0.0
-2.94159 0.2
-2.94134 0.3
-2.9411 0.4
-2.94086 0.5
-2.94061 0.6
-2.94037 0.7
-2.94012 0.8
-2.93988 0.9
-2.93963 1.0
-2.93939 1.1
-2.93915 1.1
-2.9389 1.2
-2.93866 1.3
-2.93841 1.4
-2.93817 1.5
-2.93793 1.6
-2.93768 1.7
-2.93744 1.7
-2.93719 1.8
-2.93695 1.9
-2.9367 1.9
-2.93646 2.0
-2.93622 2.1
-2.93597 2.1
-2.93573 2.2
-2.93548 2.2
-2.93524 2.3
-2.935 2.3
-2.93475 2.4
-2.93451 2.4
-2.93426 2.4
-2.93402 2.5
-2.93377 2.5
-2.93353 2.5
-2.93329 2.5
-2.93304 2.6
-2.9328 2.6
-2.93255 2.6
-2.93231 2.6
-2.93207 2.6
-2.93182 2.6
-2.93158 2.6
-2.93133 2.6
-2.93109 2.5
-2.93085 2.5
-2.9306 2.5
-2.93036 2.5
-2.93011 2.4
-2.92987 2.4
-2.92962 2.4
-2.92938 2.3
-2.92914 2.3
-2.92889 2.2
-2.92865 2.2
-2.9284 2.1
-2.92816 2.1
-2.92792 2.0
-2.92767 1.9
-2.92743 1.9
-2.92718 1.8
-2.92694 1.7
-2.92669 1.6
-2.92645 1.6
-2.92621 1.5
-2.92596 1.4
-2.92572 1.3
-2.92547 1.2
-2.92523 1.1
-2.92499 1.0
-2.92474 0.9
-2.9245 0.8
-2.92425 0.7
-2.92401 0.7
-2.92377 0.6
-2.92352 0.5
-2.92328 0.4
-2.92303 0.3
-2.92279 0.1
-2.92254 0.0
-2.9223 0.0
-2.92206 -0.2
-2.92181 -0.3
-2.92157 -0.4
-2.92132 -0.5
-2.92108 -0.6
-2.92084 -0.7
-2.92059 -0.8
-2.92035 -0.9
-2.9201 -0.9
-2.91986 -1.0
-2.91961 -1.1
-2.91937 -1.2
-2.91913 -1.3
-2.91888 -1.4
-2.91864 -1.5
-2.91839 -1.6
-2.91815 -1.6
-2.91791 -1.7
-2.91766 -1.8
-2.91742 -1.9
-2.91717 -1.9
-2.91693 -2.0
-2.91669 -2.1
-2.91644 -2.1
-2.9162 -2.2
-2.91595 -2.2
-2.91571 -2.3
-2.91546 -2.3
-2.91522 -2.4
-2.91498 -2.4
-2.91473 -2.4
-2.91449 -2.5
-2.91424 -2.5
-2.914 -2.5
-2.91376 -2.6
-2.91351 -2.6
-2.91327 -2.6
-2.91302 -2.6
-2.91278 -2.6
-2.91253 -2.6
-2.91229 -2.6
-2.91205 -2.6
-2.9118 -2.6
-2.91156 -2.6
-2.91131 -2.5
-2.91107 -2.5
-2.91083 -2.5
-2.91058 -2.4
-2.91034 -2.4
-2.91009 -2.4
-2.90985 -2.3
-2.90961 -2.3
-2.90936 -2.2
-2.90912 -2.2
-2.90887 -2.1
-2.90863 -2.1
-2.90838 -2.0
-2.90814 -1.9
-2.9079 -1.9
-2.90765 -1.8
-2.90741 -1.7
-2.90716 -1.6
-2.90692 -1.6
-2.90668 -1.5
-2.90643 -1.4
-2.90619 -1.3
-2.90594 -1.2
-2.9057 -1.1
-2.90545 -1.0
-2.90521 -0.9
-2.90497 -0.8
-2.90472 -0.7
-2.90448 -0.7
-2.90423 -0.6
-2.90399 -0.5
-2.90375 -0.4
-2.9035 -0.2
-2.90326 -0.1
-2.90301 0.0
-2.90277 0.0
-2.90252 0.2
-2.90228 0.3
-2.90204 0.4
-2.90179 0.5
-2.90155 0.6
-2.9013 0.7
-2.90106 0.8
-2.90082 0.9
-2.90057 1.0
-2.90033 1.0
-2.90008 1.1
-2.89984 1.2
-2.8996 1.3
-2.89935 1.4
-2.89911 1.5
-2.89886 1.6
-2.89862 1.7
-2.89837 1.7
-2.89813 1.8
-2.89789 1.9
-2.89764 1.9
-2.8974 2.0
-2.89715 2.1
-2.89691 2.1
-2.89667 2.2
-2.89642 2.2
-2.89618 2.3
-2.89593 2.3
-2.89569 2.4
-2.89544 2.4
-2.8952 2.5
-2.89496 2.5
-2.89471 2.5
-2.89447 2.5
-2.89422 2.6
-2.89398 2.6
-2.89374 2.6
-2.89349 2.6
-2.89325 2.6
-2.893 2.6
-2.89276 2.6
-2.89252 2.6
-2.89227 2.6
-2.89203 2.6
-2.89178 2.5
-2.89154 2.5
-2.89129 2.5
-2.89105 2.4
-2.89081 2.4
-2.89056 2.4
-2.89032 2.3
-2.89007 2.3
-2.88983 2.2
-2.88959 2.2
-2.88934 2.1
-2.8891 2.1
-2.88885 2.0
-2.88861 1.9
-2.88836 1.9
-2.88812 1.8
-2.88788 1.7
-2.88763 1.6
-2.88739 1.6
-2.88714 1.5
-2.8869 1.4
-2.88666 1.3
-2.88641 1.2
-2.88617 1.1
-2.88592 1.0
-2.88568 0.9
-2.88544 0.8
-2.88519 0.7
-2.88495 0.6
-2.8847 0.5
-2.88446 0.4
-2.88421 0.3
-2.88397 0.2
-2.88373 0.1
-2.88348 0.0
-2.88324 0.0
-2.88299 -0.2
-2.88275 -0.3
-2.88251 -0.4
-2.88226 -0.5
-2.88202 -0.6
-2.88177 -0.7
-2.88153 -0.8
-2.88128 -0.9
-2.88104 -1.0
-2.8808 -1.1
-2.88055 -1.2
-2.88031 -1.3
-2.88006 -1.3
-2.87982 -1.4
-2.87958 -1.5
-2.87933 -1.6
-2.87909 -1.7
-2.87884 -1.8
-2.8786 -1.8
-2.87836 -1.9
-2.87811 -2.0
-2.87787 -2.0
-2.87762 -2.1
-2.87738 -2.2
-2.87713 -2.2
-2.87689 -2.3
-2.87665 -2.3
-2.8764 -2.4
-2.87616 -2.4
-2.87591 -2.4
-2.87567 -2.5
-2.87543 -2.5
-2.87518 -2.5
-2.87494 -2.5
-2.87469 -2.6
-2.87445 -2.6
-2.8742 -2.6
-2.87396 -2.6
-2.87372 -2.6
-2.87347 -2.6
-2.87323 -2.6
-2.87298 -2.6
-2.87274 -2.6
-2.8725 -2.6
-2.87225 -2.5
-2.87201 -2.5
-2.87176 -2.5
-2.87152 -2.4
-2.87127 -2.4
-2.87103 -2.4
-2.87079 -2.3
-2.87054 -2.3
-2.8703 -2.2
-2.87005 -2.2
-2.86981 -2.1
-2.86957 -2.0
-2.86932 -2.0
-2.86908 -1.9
-2.86883 -1.8
-2.86859 -1.8
-2.86835 -1.7
-2.8681 -1.6
-2.86786 -1.5
-2.86761 -1.4
-2.86737 -1.4
-2.86712 -1.3
-2.86688 -1.2
-2.86664 -1.1
-2.86639 -1.0
-2.86615 -0.9
-2.8659 -0.8
-2.86566 -0.7
-2.86542 -0.6
-2.86517 -0.5
-2.86493 -0.4
-2.86468 -0.3
-2.86444 -0.2
-2.86419 0.0
-2.86395 0.0
-2.86371 0.1
-2.86346 0.2
-2.86322 0.3
-2.86297 0.4
-2.86273 0.5
-2.86249 0.6
-2.86224 0.7
-2.862 0.8
-2.86175 0.9
-2.86151 1.0
-2.86127 1.1
-2.86102 1.2
-2.86078 1.3
-2.86053 1.4
-2.86029 1.5
-2.86004 1.6
-2.8598 1.6
-2.85956 1.7
-2.85931 1.8
-2.85907 1.9
-2.85882 1.9
-2.85858 2.0
-2.85834 2.1
-2.85809 2.1
-2.85785 2.2
-2.8576 2.2
-2.85736 2.3
-2.85711 2.3
-2.85687 2.4
-2.85663 2.4
-2.85638 2.5
-2.85614 2.5
-2.85589 2.5
-2.85565 2.5
-2.85541 2.6
-2.85516 2.6
-2.85492 2.6
-2.85467 2.6
-2.85443 2.6
-2.85419 2.6
-2.85394 2.6
-2.8537 2.6
-2.85345 2.6
-2.85321 2.6
-2.85296 2.5
-2.85272 2.5
-2.85248 2.5
-2.85223 2.5
-2.85199 2.4
-2.85174 2.4
-2.8515 2.3
-2.85126 2.3
-2.85101 2.2
-2.85077 2.2
-2.85052 2.1
-2.85028 2.1
-2.85003 2.0
-2.84979 1.9
-2.84955 1.9
-2.8493 1.8
-2.84906 1.7
-2.84881 1.6
-2.84857 1.6
-2.84833 1.5
-2.84808 1.4
-2.84784 1.3
-2.84759 1.2
-2.84735 1.1
-2.84711 1.0
-2.84686 0.9
-2.84662 0.8
-2.84637 0.7
-2.84613 0.6
-2.84588 0.5
-2.84564 0.4
-2.8454 0.3
-2.84515 0.2
-2.84491 0.1
-2.84466 0.0
-2.84442 0.0
-2.84418 -0.2
-2.84393 -0.3
-2.84369 -0.4
-2.84344 -0.5
-2.8432 -0.6
-2.84295 -0.7
-2.84271 -0.8
-2.84247 -0.9
-2.84222 -1.0
-2.84198 -1.1
-2.84173 -1.2
-2.84149 -1.3
-2.84125 -1.4
-2.841 -1.4
-2.84076 -1.5
-2.84051 -1.6
-2.84027 -1.7
-2.84002 -1.8
-2.83978 -1.8
-2.83954 -1.9
-2.83929 -2.0
-2.83905 -2.0
-2.8388 -2.1
-2.83856 -2.2
-2.83832 -2.2
-2.83807 -2.3
-2.83783 -2.3
-2.83758 -2.4
-2.83734 -2.4
-2.8371 -2.4
-2.83685 -2.5
-2.83661 -2.5
-2.83636 -2.5
-2.83612 -2.6
-2.83587 -2.6
-2.83563 -2.6
-2.83539 -2.6
-2.83514 -2.6
-2.8349 -2.6
-2.83465 -2.6
-2.83441 -2.6
-2.83417 -2.6
-2.83392 -2.6
-2.83368 -2.6
-2.83343 -2.5
-2.83319 -2.5
-2.83294 -2.5
-2.8327 -2.4
-2.83246 -2.4
-2.83221 -2.4
-2.83197 -2.3
-2.83172 -2.3
-2.83148 -2.2
-2.83124 -2.2
-2.83099 -2.1
-2.83075 -2.0
-2.8305 -2.0
-2.83026 -1.9
-2.83002 -1.8
-2.82977 -1.7
-2.82953 -1.7
-2.82928 -1.6
-2.82904 -1.5
-2.82879 -1.4
-2.82855 -1.3
-2.82831 -1.2
-2.82806 -1.1
-2.82782 -1.0
-2.82757 -1.0
-2.82733 -0.9
-2.82709 -0.8
-2.82684 -0.7
-2.8266 -0.6
-2.82635 -0.5
-2.82611 -0.4
-2.82586 -0.2
-2.82562 -0.1
-2.82538 0.0
-2.82513 0.0
-2.82489 0.2
-2.82464 0.3
-2.8244 0.4
-2.82416 0.5
-2.82391 0.6
-2.82367 0.7
-2.82342 0.8
-2.82318 0.9
-2.82294 1.0
-2.82269 1.1
-2.82245 1.2
-2.8222 1.3
-2.82196 1.3
-2.82171 1.4
-2.82147 1.5
-2.82123 1.6
-2.82098 1.7
-2.82074 1.8
-2.82049 1.8
-2.82025 1.9
-2.82001 2.0
-2.81976 2.0
-2.81952 2.1
-2.81927 2.2
-2.81903 2.2
-2.81878 2.3
-2.81854 2.3
-2.8183 2.4
-2.81805 2.4
-2.81781 2.4
-2.81756 2.5
-2.81732 2.5
-2.81708 2.5
-2.81683 2.6
-2.81659 2.6
-2.81634 2.6
-2.8161 2.6
-2.81586 2.6
-2.81561 2.6
-2.81537 2.6
-2.81512 2.6
-2.81488 2.6
-2.81463 2.6
-2.81439 2.6
-2.81415 2.5
-2.8139 2.5
-2.81366 2.5
-2.81341 2.4
-2.81317 2.4
-2.81293 2.4
-2.81268 2.3
-2.81244 2.3
-2.81219 2.2
-2.81195 2.2
-2.8117 2.1
-2.81146 2.0
-2.81122 2.0
-2.81097 1.9
-2.81073 1.8
-2.81048 1.7
-2.81024 1.7
-2.81 1.6
-2.80975 1.5
-2.80951 1.4
-2.80926 1.3
-2.80902 1.2
-2.80877 1.1
-2.80853 1.1
-2.80829 1.0
-2.80804 0.9
-2.8078 0.8
-2.80755 0.7
-2.80731 0.6
-2.80707 0.5
-2.80682 0.4
-2.80658 0.3
-2.80633 0.1
-2.80609 0.0
-2.80585 0.0
-2.8056 -0.2
-2.80536 -0.3
-2.80511 -0.4
-2.80487 -0.5
-2.80462 -0.6
-2.80438 -0.7
-2.80414 -0.8
-2.80389 -0.9
-2.80365 -1.0
-2.8034 -1.1
-2.80316 -1.2
-2.80292 -1.3
-2.80267 -1.3
-2.80243 -1.4
-2.80218 -1.5
-2.80194 -1.6
-2.80169 -1.7
-2.80145 -1.8
-2.80121 -1.8
-2.80096 -1.9
-2.80072 -2.0
-2.80047 -2.0
-2.80023 -2.1
-2.79999 -2.2
-2.79974 -2.2
-2.7995 -2.3
-2.79925 -2.3
-2.79901 -2.4
-2.79877 -2.4
-2.79852 -2.5
-2.79828 -2.5
-2.79803 -2.5
-2.79779 -2.5
-2.79754 -2.6
-2.7973 -2.6
-2.79706 -2.6
-2.79681 -2.6
-2.79657 -2.6
-2.79632 -2.6
-2.79608 -2.6
-2.79584 -2.6
-2.79559 -2.6
-2.79535 -2.6
-2.7951 -2.6
-2.79486 -2.5
-2.79461 -2.5
-2.79437 -2.5
-2.79413 -2.4
-2.79388 -2.4
-2.79364 -2.4
-2.79339 -2.3
-2.79315 -2.3
-2.79291 -2.2
-2.79266 -2.2
-2.79242 -2.1
-2.79217 -2.0
-2.79193 -2.0
-2.79169 -1.9
-2.79144 -1.8
-2.7912 -1.7
-2.79095 -1.7
-2.79071 -1.6
-2.79046 -1.5
-2.79022 -1.4
-2.78998 -1.3
-2.78973 -1.2
-2.78949 -1.1
-2.78924 -1.0
-2.789 -0.9
-2.78876 -0.8
-2.78851 -0.7
-2.78827 -0.6
-2.78802 -0.5
-2.78778 -0.4
-2.78753 -0.3
-2.78729 -0.2
-2.78705 -0.1
-2.7868 0.0
-2.78656 0.0
-2.78631 0.2
-2.78607 0.3
-2.78583 0.4
-2.78558 0.5
-2.78534 0.6
-2.78509 0.7
-2.78485 0.8
-2.78461 0.9
-2.78436 1.0
-2.78412 1.1
-2.78387 1.2
-2.78363 1.3
-2.78338 1.4
-2.78314 1.5
-2.7829 1.5
-2.78265 1.6
-2.78241 1.7
-2.78216 1.8
-2.78192 1.9
-2.78168 1.9
-2.78143 2.0
-2.78119 2.1
-2.78094 2.1
-2.7807 2.2
-2.78045 2.2
-2.78021 2.3
-2.77997 2.3
-2.77972 2.4
-2.77948 2.4
-2.77923 2.5
-2.77899 2.5
-2.77875 2.5
-2.7785 2.6
-2.77826 2.6
-2.77801 2.6
-2.77777 2.6
-2.77752 2.6
-2.77728 2.6
-2.77704 2.6
-2.77679 2.6
-2.77655 2.6
-2.7763 2.6
-2.77606 2.6
-2.77582 2.6
-2.77557 2.5
-2.77533 2.5
-2.77508 2.5
-2.77484 2.4
-2.7746 2.4
-2.77435 2.4
-2.77411 2.3
-2.77386 2.3
-2.77362 2.2
-2.77337 2.1
-2.77313 2.1
-2.77289 2.0
-2.77264 1.9
-2.7724 1.9
-2.77215 1.8
-2.77191 1.7
-2.77167 1.6
-2.77142 1.6
-2.77118 1.5
-2.77093 1.4
-2.77069 1.3
-2.77044 1.2
-2.7702 1.1
-2.76996 1.0
-2.76971 0.9
-2.76947 0.8
-2.76922 0.7
-2.76898 0.6
-2.76874 0.5
-2.76849 0.4
-2.76825 0.3
-2.768 0.2
-2.76776 0.0
-2.76752 0.0
-2.76727 -0.1
-2.76703 -0.2
-2.76678 -0.3
-2.76654 -0.4
-2.76629 -0.5
-2.76605 -0.6
-2.76581 -0.7
-2.76556 -0.8
-2.76532 -0.9
-2.76507 -1.0
-2.76483 -1.1
-2.76459 -1.2
-2.76434 -1.3
-2.7641 -1.4
-2.76385 -1.5
-2.76361 -1.6
-2.76336 -1.7
-2.76312 -1.7
-2.76288 -1.8
-2.76263 -1.9
-2.76239 -2.0
-2.76214 -2.0
-2.7619 -2.1
-2.76166 -2.2
-2.76141 -2.2
-2.76117 -2.3
-2.76092 -2.3
-2.76068 -2.4
-2.76044 -2.4
-2.76019 -2.5
-2.75995 -2.5
-2.7597 -2.5
-2.75946 -2.5
-2.75921 -2.6
-2.75897 -2.6
-2.75873 -2.6
-2.75848 -2.6
-2.75824 -2.6
-2.75799 -2.6
-2.75775 -2.6
-2.75751 -2.6
-2.75726 -2.6
-2.75702 -2.6
-2.75677 -2.6
-2.75653 -2.6
-2.75628 -2.5
-2.75604 -2.5
-2.7558 -2.5
-2.75555 -2.4
-2.75531 -2.4
-2.75506 -2.3
-2.75482 -2.3
-2.75458 -2.2
-2.75433 -2.2
-2.75409 -2.1
-2.75384 -2.0
-2.7536 -2.0
-2.75336 -1.9
-2.75311 -1.8
-2.75287 -1.8
-2.75262 -1.7
-2.75238 -1.6
-2.75213 -1.5
-2.75189 -1.4
-2.75165 -1.3
-2.7514 -1.2
-2.75116 -1.1
-2.75091 -1.0
-2.75067 -0.9
-2.75043 -0.9
-2.75018 -0.7
-2.74994 -0.6
-2.74969 -0.5
-2.74945 -0.4
-2.7492 -0.3
-2.74896 -0.2
-2.74872 -0.1
-2.74847 0.0
-2.74823 0.0
-2.74798 0.2
-2.74774 0.3
-2.7475 0.4
-2.74725 0.5
-2.74701 0.6
-2.74676 0.7
-2.74652 0.8
-2.74627 0.9
-2.74603 1.0
-2.74579 1.1
-2.74554 1.2
-2.7453 1.3
-2.74505 1.4
-2.74481 1.5
-2.74457 1.6
-2.74432 1.6
-2.74408 1.7
-2.74383 1.8
-2.74359 1.9
-2.74335 1.9
-2.7431 2.0
-2.74286 2.1
-2.74261 2.1
-2.74237 2.2
-2.74212 2.3
-2.74188 2.3
-2.74164 2.4
-2.74139 2.4
-2.74115 2.4
-2.7409 2.5
-2.74066 2.5
-2.74042 2.5
-2.74017 2.6
-2.73993 2.6
-2.73968 2.6
-2.73944 2.6
-2.73919 2.6
-2.73895 2.6
-2.73871 2.6
-2.73846 2.6
-2.73822 2.6
-2.73797 2.6
-2.73773 2.6
-2.73749 2.6
-2.73724 2.5
-2.737 2.5
-2.73675 2.5
-2.73651 2.4
-2.73627 2.4
-2.73602 2.3
-2.73578 2.3
-2.73553 2.2
-2.73529 2.2
-2.73504 2.1
-2.7348 2.1
-2.73456 2.0
-2.73431 1.9
-2.73407 1.9
-2.73382 1.8
-2.73358 1.7
-2.73334 1.6
-2.73309 1.5
-2.73285 1.4
-2.7326 1.4
-2.73236 1.3
-2.73211 1.2
-2.73187 1.1
-2.73163 1.0
-2.73138 0.9
-2.73114 0.8
-2.73089 0.7
-2.73065 0.6
-2.73041 0.5
-2.73016 0.4
-2.72992 0.3
-2.72967 0.2
-2.72943 0.0
-2.72919 0.0
-2.72894 -0.2
-2.7287 -0.3
-2.72845 -0.4
-2.72821 -0.5
-2.72796 -0.6
-2.72772 -0.7
-2.72748 -0.8
-2.72723 -0.9
-2.72699 -1.0
-2.72674 -1.1
-2.7265 -1.2
-2.72626 -1.3
-2.72601 -1.4
-2.72577 -1.5
-2.72552 -1.5
-2.72528 -1.6
-2.72503 -1.7
-2.72479 -1.8
-2.72455 -1.9
-2.7243 -1.9
-2.72406 -2.0
-2.72381 -2.1
-2.72357 -2.1
-2.72333 -2.2
-2.72308 -2.3
-2.72284 -2.3
-2.72259 -2.4
-2.72235 -2.4
-2.72211 -2.4
-2.72186 -2.5
-2.72162 -2.5
-2.72137 -2.5
-2.72113 -2.6
-2.72088 -2.6
-2.72064 -2.6
-2.7204 -2.6
-2.72015 -2.6
-2.71991 -2.6
-2.71966 -2.6
-2.71942 -2.6
-2.71918 -2.6
-2.71893 -2.6
-2.71869 -2.6
-2.71844 -2.6
-2.7182 -2.5
-2.71795 -2.5
-2.71771 -2.5
-2.71747 -2.4
-2.71722 -2.4
-2.71698 -2.4
-2.71673 -2.3
-2.71649 -2.3
-2.71625 -2.2
-2.716 -2.1
-2.71576 -2.1
-2.71551 -2.0
-2.71527 -1.9
-2.71502 -1.9
-2.71478 -1.8
-2.71454 -1.7
-2.71429 -1.6
-2.71405 -1.5
-2.7138 -1.4
-2.71356 -1.4
-2.71332 -1.3
-2.71307 -1.2
-2.71283 -1.1
-2.71258 -1.0
-2.71234 -0.9
-2.7121 -0.8
-2.71185 -0.7
-2.71161 -0.6
-2.71136 -0.5
-2.71112 -0.4
-2.71087 -0.3
-2.71063 -0.2
-2.71039 0.0
-2.71014 0.0
-2.7099 0.2
-2.70965 0.3
-2.70941 0.4
-2.70917 0.5
-2.70892 0.6
-2.70868 0.7
-2.70843 0.8
-2.70819 0.9
-2.70794 1.0
-2.7077 1.1
-2.70746 1.2
-2.70721 1.3
-2.70697 1.4
-2.70672 1.5
-2.70648 1.5
-2.70624 1.6
-2.70599 1.7
-2.70575 1.8
-2.7055 1.9
-2.70526 1.9
-2.70502 2.0
-2.70477 2.1
-2.70453 2.1
-2.70428 2.2
-2.70404 2.3
-2.70379 2.3
-2.70355 2.4
-2.70331 2.4
-2.70306 2.5
-2.70282 2.5
-2.70257 2.5
-2.70233 2.6
-2.70209 2.6
-2.70184 2.6
-2.7016 2.6
-2.70135 2.6
-2.70111 2.6
-2.70086 2.6
-2.70062 2.6
-2.70038 2.6
-2.70013 2.6
-2.69989 2.6
-2.69964 2.6
-2.6994 2.6
-2.69916 2.5
-2.69891 2.5
-2.69867 2.5
-2.69842 2.4
-2.69818 2.4
-2.69794 2.4
-2.69769 2.3
-2.69745 2.2
-2.6972 2.2
-2.69696 2.1
-2.69671 2.1
-2.69647 2.0
-2.69623 1.9
-2.69598 1.9
-2.69574 1.8
-2.69549 1.7
-2.69525 1.6
-2.69501 1.5
-2.69476 1.4
-2.69452 1.3
-2.69427 1.3
-2.69403 1.2
-2.69378 1.1
-2.69354 1.0
-2.6933 0.9
-2.69305 0.8
-2.69281 0.7
-2.69256 0.6
-2.69232 0.4
-2.69208 0.3
-2.69183 0.2
-2.69159 0.1
-2.69134 0.0
-2.6911 0.0
-2.69086 -0.2
-2.69061 -0.3
-2.69037 -0.4
-2.69012 -0.5
-2.68988 -0.6
-2.68963 -0.7
-2.68939 -0.8
-2.68915 -0.9
-2.6889 -1.0
-2.68866 -1.1
-2.68841 -1.2
-2.68817 -1.3
-2.68793 -1.4
-2.68768 -1.5
-2.68744 -1.6
-2.68719 -1.7
-2.68695 -1.7
-2.6867 -1.8
-2.68646 -1.9
-2.68622 -2.0
-2.68597 -2.0
-2.68573 -2.1
-2.68548 -2.2
-2.68524 -2.2
-2.685 -2.3
-2.68475 -2.3
-2.68451 -2.4
-2.68426 -2.4
-2.68402 -2.5
-2.68377 -2.5
-2.68353 -2.5
-2.68329 -2.6
-2.68304 -2.6
-2.6828 -2.6
-2.68255 -2.6
-2.68231 -2.6
-2.68207 -2.6
-2.68182 -2.6
-2.68158 -2.6
-2.68133 -2.6
-2.68109 -2.6
-2.68085 -2.6
-2.6806 -2.6
-2.68036 -2.6
-2.68011 -2.5
-2.67987 -2.5
-2.67962 -2.5
-2.67938 -2.4
-2.67914 -2.4
-2.67889 -2.3
-2.67865 -2.3
-2.6784 -2.2
-2.67816 -2.2
-2.67792 -2.1
-2.67767 -2.0
-2.67743 -2.0
-2.67718 -1.9
-2.67694 -1.8
-2.67669 -1.7
-2.67645 -1.7
-2.67621 -1.6
-2.67596 -1.5
-2.67572 -1.4
-2.67547 -1.3
-2.67523 -1.2
-2.67499 -1.1
-2.67474 -1.0
-2.6745 -0.9
-2.67425 -0.8
-2.67401 -0.7
-2.67377 -0.6
-2.67352 -0.5
-2.67328 -0.4
-2.67303 -0.3
-2.67279 -0.2
-2.67254 0.0
-2.6723 0.0
-2.67206 0.1
-2.67181 0.2
-2.67157 0.3
-2.67132 0.4
-2.67108 0.5
-2.67084 0.7
-2.67059 0.8
-2.67035 0.9
-2.6701 1.0
-2.66986 1.1
-2.66961 1.2
-2.66937 1.3
-2.66913 1.3
-2.66888 1.4
-2.66864 1.5
-2.66839 1.6
-2.66815 1.7
-2.66791 1.8
-2.66766 1.9
-2.66742 1.9
-2.66717 2.0
-2.66693 2.1
-2.66669 2.1
-2.66644 2.2
-2.6662 2.3
-2.66595 2.3
-2.66571 2.4
-2.66546 2.4
-2.66522 2.4
-2.66498 2.5
-2.66473 2.5
-2.66449 2.6
-2.66424 2.6
-2.664 2.6
-2.66376 2.6
-2.66351 2.6
-2.66327 2.6
-2.66302 2.6
-2.66278 2.6
-2.66253 2.6
-2.66229 2.6
-2.66205 2.6
-2.6618 2.6
-2.66156 2.6
-2.66131 2.6
-2.66107 2.5
-2.66083 2.5
-2.66058 2.5
-2.66034 2.4
-2.66009 2.4
-2.65985 2.3
-2.65961 2.3
-2.65936 2.2
-2.65912 2.1
-2.65887 2.1
-2.65863 2.0
-2.65838 1.9
-2.65814 1.9
-2.6579 1.8
-2.65765 1.7
-2.65741 1.6
-2.65716 1.5
-2.65692 1.4
-2.65668 1.4
-2.65643 1.3
-2.65619 1.2
-2.65594 1.1
-2.6557 1.0
-2.65545 0.9
-2.65521 0.8
-2.65497 0.7
-2.65472 0.6
-2.65448 0.5
-2.65423 0.3
-2.65399 0.2
-2.65375 0.1
-2.6535 0.0
-2.65326 0.0
-2.65301 -0.2
-2.65277 -0.3
-2.65252 -0.4
-2.65228 -0.5
-2.65204 -0.6
-2.65179 -0.7
-2.65155 -0.8
-2.6513 -0.9
-2.65106 -1.0
-2.65082 -1.1
-2.65057 -1.2
-2.65033 -1.3
-2.65008 -1.4
-2.64984 -1.5
-2.6496 -1.6
-2.64935 -1.7
-2.64911 -1.8
-2.64886 -1.8
-2.64862 -1.9
-2.64837 -2.0
-2.64813 -2.1
-2.64789 -2.1
-2.64764 -2.2
-2.6474 -2.2
-2.64715 -2.3
-2.64691 -2.3
-2.64667 -2.4
-2.64642 -2.4
-2.64618 -2.5
-2.64593 -2.5
-2.64569 -2.5
-2.64544 -2.6
-2.6452 -2.6
-2.64496 -2.6
-2.64471 -2.6
-2.64447 -2.6
-2.64422 -2.6
-2.64398 -2.7
-2.64374 -2.6
-2.64349 -2.6
-2.64325 -2.6
-2.643 -2.6
-2.64276 -2.6
-2.64252 -2.6
-2.64227 -2.5
-2.64203 -2.5
-2.64178 -2.5
-2.64154 -2.4
-2.64129 -2.4
-2.64105 -2.3
-2.64081 -2.3
-2.64056 -2.2
-2.64032 -2.2
-2.64007 -2.1
-2.63983 -2.0
-2.63959 -2.0
-2.63934 -1.9
-2.6391 -1.8
-2.63885 -1.7
-2.63861 -1.6
-2.63836 -1.6
-2.63812 -1.5
-2.63788 -1.4
-2.63763 -1.3
-2.63739 -1.2
-2.63714 -1.1
-2.6369 -1.0
-2.63666 -0.9
-2.63641 -0.8
-2.63617 -0.7
-2.63592 -0.6
-2.63568 -0.5
-2.63544 -0.4
-2.63519 -0.3
-2.63495 -0.2
-2.6347 0.0
-2.63446 0.0
-2.63421 0.2
-2.63397 0.3
-2.63373 0.4
-2.63348 0.5
-2.63324 0.6
-2.63299 0.7
-2.63275 0.8
-2.63251 0.9
-2.63226 1.0
-2.63202 1.1
-2.63177 1.2
-2.63153 1.3
-2.63128 1.4
-2.63104 1.5
-2.6308 1.6
-2.63055 1.7
-2.63031 1.7
-2.63006 1.8
-2.62982 1.9
-2.62958 2.0
-2.62933 2.0
-2.62909 2.1
-2.62884 2.2
-2.6286 2.2
-2.62836 2.3
-2.62811 2.3
-2.62787 2.4
-2.62762 2.4
-2.62738 2.5
-2.62713 2.5
-2.62689 2.5
-2.62665 2.6
-2.6264 2.6
-2.62616 2.6
-2.62591 2.6
-2.62567 2.6
-2.62543 2.7
-2.62518 2.7
-2.62494 2.7
-2.62469 2.6
-2.62445 2.6
-2.6242 2.6
-2.62396 2.6
-2.62372 2.6
-2.62347 2.5
-2.62323 2.5
-2.62298 2.5
-2.62274 2.4
-2.6225 2.4
-2.62225 2.3
-2.62201 2.3
-2.62176 2.2
-2.62152 2.2
-2.62127 2.1
-2.62103 2.0
-2.62079 2.0
-2.62054 1.9
-2.6203 1.8
-2.62005 1.7
-2.61981 1.7
-2.61957 1.6
-2.61932 1.5
-2.61908 1.4
-2.61883 1.3
-2.61859 1.2
-2.61835 1.1
-2.6181 1.0
-2.61786 0.9
-2.61761 0.8
-2.61737 0.7
-2.61712 0.6
-2.61688 0.5
-2.61664 0.4
-2.61639 0.3
-2.61615 0.2
-2.6159 0.0
-2.61566 0.0
-2.61542 -0.2
-2.61517 -0.3
-2.61493 -0.4
-2.61468 -0.5
-2.61444 -0.6
-2.61419 -0.7
-2.61395 -0.8
-2.61371 -0.9
-2.61346 -1.0
-2.61322 -1.1
-2.61297 -1.2
-2.61273 -1.3
-2.61249 -1.4
-2.61224 -1.5
-2.612 -1.6
-2.61175 -1.7
-2.61151 -1.7
-2.61127 -1.8
-2.61102 -1.9
-2.61078 -2.0
-2.61053 -2.1
-2.61029 -2.1
-2.61004 -2.2
-2.6098 -2.2
-2.60956 -2.3
-2.60931 -2.4
-2.60907 -2.4
-2.60882 -2.4
-2.60858 -2.5
-2.60834 -2.5
-2.60809 -2.6
-2.60785 -2.6
-2.6076 -2.6
-2.60736 -2.6
-2.60711 -2.6
-2.60687 -2.7
-2.60663 -2.7
-2.60638 -2.7
-2.60614 -2.7
-2.60589 -2.7
-2.60565 -2.6
-2.60541 -2.6
-2.60516 -2.6
-2.60492 -2.6
-2.60467 -2.5
-2.60443 -2.5
-2.60419 -2.5
-2.60394 -2.4
-2.6037 -2.4
-2.60345 -2.3
-2.60321 -2.3
-2.60296 -2.2
-2.60272 -2.2
-2.60248 -2.1
-2.60223 -2.0
-2.60199 -2.0
-2.60174 -1.9
-2.6015 -1.8
-2.60126 -1.7
-2.60101 -1.6
-2.60077 -1.6
-2.60052 -1.5
-2.60028 -1.4
-2.60003 -1.3
-2.59979 -1.2
-2.59955 -1.1
-2.5993 -1.0
-2.59906 -0.9
-2.59881 -0.8
-2.59857 -0.7
-2.59833 -0.6
-2.59808 -0.5
-2.59784 -0.4
-2.59759 -0.2
-2.59735 -0.1
-2.59711 0.0
-2.59686 0.0
-2.59662 0.2
-2.59637 0.3
-2.59613 0.4
-2.59588 0.5
-2.59564 0.6
-2.5954 0.7
-2.59515 0.8
-2.59491 0.9
-2.59466 1.0
-2.59442 1.1
-2.59418 1.2
-2.59393 1.3
-2.59369 1.4
-2.59344 1.5
-2.5932 1.6
-2.59295 1.7
-2.59271 1.8
-2.59247 1.9
-2.59222 1.9
-2.59198 2.0
-2.59173 2.1
-2.59149 2.1
-2.59125 2.2
-2.591 2.3
-2.59076 2.3
-2.59051 2.4
-2.59027 2.4
-2.59002 2.5
-2.58978 2.5
-2.58954 2.5
-2.58929 2.6
-2.58905 2.6
-2.5888 2.6
-2.58856 2.6
-2.58832 2.6
-2.58807 2.7
-2.58783 2.7
-2.58758 2.7
-2.58734 2.7
-2.5871 2.7
-2.58685 2.6
-2.58661 2.6
-2.58636 2.6
-2.58612 2.6
-2.58587 2.5
-2.58563 2.5
-2.58539 2.5
-2.58514 2.4
-2.5849 2.4
-2.58465 2.3
-2.58441 2.3
-2.58417 2.2
-2.58392 2.2
-2.58368 2.1
-2.58343 2.0
-2.58319 1.9
-2.58294 1.9
-2.5827 1.8
-2.58246 1.7
-2.58221 1.6
-2.58197 1.5
-2.58172 1.4
-2.58148 1.3
-2.58124 1.2
-2.58099 1.1
-2.58075 1.1
-2.5805 0.9
-2.58026 0.8
-2.58002 0.7
-2.57977 0.6
-2.57953 0.5
-2.57928 0.4
-2.57904 0.3
-2.57879 0.2
-2.57855 0.0
-2.57831 0.0
-2.57806 -0.1
-2.57782 -0.2
-2.57757 -0.3
-2.57733 -0.5
-2.57709 -0.6
-2.57684 -0.7
-2.5766 -0.8
-2.57635 -0.9
-2.57611 -1.0
-2.57586 -1.1
-2.57562 -1.2
-2.57538 -1.3
-2.57513 -1.4
-2.57489 -1.5
-2.57464 -1.6
-2.5744 -1.6
-2.57416 -1.7
-2.57391 -1.8
-2.57367 -1.9
-2.57342 -2.0
-2.57318 -2.0
-2.57294 -2.1
-2.57269 -2.2
-2.57245 -2.2
-2.5722 -2.3
-2.57196 -2.3
-2.57171 -2.4
-2.57147 -2.4
-2.57123 -2.5
-2.57098 -2.5
-2.57074 -2.6
-2.57049 -2.6
-2.57025 -2.6
-2.57001 -2.6
-2.56976 -2.6
-2.56952 -2.7
-2.56927 -2.7
-2.56903 -2.7
-2.56878 -2.7
-2.56854 -2.7
-2.5683 -2.7
-2.56805 -2.6
-2.56781 -2.6
-2.56756 -2.6
-2.56732 -2.6
-2.56708 -2.5
-2.56683 -2.5
-2.56659 -2.5
-2.56634 -2.4
-2.5661 -2.4
-2.56586 -2.3
-2.56561 -2.2
-2.56537 -2.2
-2.56512 -2.1
-2.56488 -2.0
-2.56463 -2.0
-2.56439 -1.9
-2.56415 -1.8
-2.5639 -1.7
-2.56366 -1.7
-2.56341 -1.6
-2.56317 -1.5
-2.56293 -1.4
-2.56268 -1.3
-2.56244 -1.2
-2.56219 -1.1
-2.56195 -1.0
-2.5617 -0.9
-2.56146 -0.8
-2.56122 -0.7
-2.56097 -0.6
-2.56073 -0.5
-2.56048 -0.4
-2.56024 -0.2
-2.56 -0.1
-2.55975 0.0
-2.55951 0.0
-2.55926 0.2
-2.55902 0.3
-2.55877 0.4
-2.55853 0.5
-2.55829 0.6
-2.55804 0.7
-2.5578 0.8
-2.55755 0.9
-2.55731 1.0
-2.55707 1.1
-2.55682 1.2
-2.55658 1.3
-2.55633 1.4
-2.55609 1.5
-2.55585 1.6
-2.5556 1.7
-2.55536 1.8
-2.55511 1.9
-2.55487 1.9
-2.55462 2.0
-2.55438 2.1
-2.55414 2.2
-2.55389 2.2
-2.55365 2.3
-2.5534 2.3
-2.55316 2.4
-2.55292 2.4
-2.55267 2.5
-2.55243 2.5
-2.55218 2.6
-2.55194 2.6
-2.55169 2.6
-2.55145 2.6
-2.55121 2.6
-2.55096 2.7
-2.55072 2.7
-2.55047 2.7
-2.55023 2.7
-2.54999 2.7
-2.54974 2.7
-2.5495 2.6
-2.54925 2.6
-2.54901 2.6
-2.54877 2.6
-2.54852 2.5
-2.54828 2.5
-2.54803 2.5
-2.54779 2.4
-2.54754 2.4
-2.5473 2.3
-2.54706 2.3
-2.54681 2.2
-2.54657 2.1
-2.54632 2.1
-2.54608 2.0
-2.54584 1.9
-2.54559 1.8
-2.54535 1.8
-2.5451 1.7
-2.54486 1.6
-2.54461 1.5
-2.54437 1.4
-2.54413 1.3
-2.54388 1.2
-2.54364 1.1
-2.54339 1.0
-2.54315 0.9
-2.54291 0.8
-2.54266 0.7
-2.54242 0.6
-2.54217 0.5
-2.54193 0.4
-2.54169 0.3
-2.54144 0.2
-2.5412 0.0
-2.54095 0.0
-2.54071 -0.2
-2.54046 -0.3
-2.54022 -0.4
-2.53998 -0.5
-2.53973 -0.6
-2.53949 -0.7
-2.53924 -0.8
-2.539 -0.9
-2.53876 -1.0
-2.53851 -1.1
-2.53827 -1.2
-2.53802 -1.3
-2.53778 -1.4
-2.53753 -1.5
-2.53729 -1.6
-2.53705 -1.7
-2.5368 -1.8
-2.53656 -1.9
-2.53631 -1.9
-2.53607 -2.0
-2.53583 -2.1
-2.53558 -2.1
-2.53534 -2.2
-2.53509 -2.3
-2.53485 -2.3
-2.53461 -2.4
-2.53436 -2.4
-2.53412 -2.5
-2.53387 -2.5
-2.53363 -2.6
-2.53338 -2.6
-2.53314 -2.6
-2.5329 -2.6
-2.53265 -2.7
-2.53241 -2.7
-2.53216 -2.7
-2.53192 -2.7
-2.53168 -2.7
-2.53143 -2.7
-2.53119 -2.7
-2.53094 -2.7
-2.5307 -2.6
-2.53045 -2.6
-2.53021 -2.6
-2.52997 -2.6
-2.52972 -2.5
-2.52948 -2.5
-2.52923 -2.4
-2.52899 -2.4
-2.52875 -2.3
-2.5285 -2.3
-2.52826 -2.2
-2.52801 -2.1
-2.52777 -2.1
-2.52752 -2.0
-2.52728 -1.9
-2.52704 -1.9
-2.52679 -1.8
-2.52655 -1.7
-2.5263 -1.6
-2.52606 -1.5
-2.52582 -1.4
-2.52557 -1.3
-2.52533 -1.2
-2.52508 -1.1
-2.52484 -1.0
-2.5246 -0.9
-2.52435 -0.8
-2.52411 -0.7
-2.52386 -0.6
-2.52362 -0.5
-2.52337 -0.4
-2.52313 -0.3
-2.52289 -0.2
-2.52264 0.0
-2.5224 0.0
-2.52215 0.2
-2.52191 0.3
-2.52167 0.4
-2.52142 0.5
-2.52118 0.6
-2.52093 0.7
-2.52069 0.8
-2.52044 0.9
-2.5202 1.0
-2.51996 1.1
-2.51971 1.2
-2.51947 1.3
-2.51922 1.4
-2.51898 1.5
-2.51874 1.6
-2.51849 1.7
-2.51825 1.8
-2.518 1.9
-2.51776 1.9
-2.51752 2.0
-2.51727 2.1
-2.51703 2.2
-2.51678 2.2
-2.51654 2.3
-2.51629 2.3
-2.51605 2.4
-2.51581 2.4
-2.51556 2.5
-2.51532 2.5
-2.51507 2.6
-2.51483 2.6
-2.51459 2.6
-2.51434 2.6
-2.5141 2.7
-2.51385 2.7
-2.51361 2.7
-2.51336 2.7
-2.51312 2.7
-2.51288 2.7
-2.51263 2.7
-2.51239 2.7
-2.51214 2.6
-2.5119 2.6
-2.51166 2.6
-2.51141 2.6
-2.51117 2.5
-2.51092 2.5
-2.51068 2.4
-2.51044 2.4
-2.51019 2.3
-2.50995 2.3
-2.5097 2.2
-2.50946 2.1
-2.50921 2.1
-2.50897 2.0
-2.50873 1.9
-2.50848 1.8
-2.50824 1.8
-2.50799 1.7
-2.50775 1.6
-2.50751 1.5
-2.50726 1.4
-2.50702 1.3
-2.50677 1.2
-2.50653 1.1
-2.50628 1.0
-2.50604 0.9
-2.5058 0.8
-2.50555 0.7
-2.50531 0.6
-2.50506 0.5
-2.50482 0.4
-2.50458 0.2
-2.50433 0.1
-2.50409 0.0
-2.50384 0.0
-2.5036 -0.2
-2.50336 -0.3
-2.50311 -0.4
-2.50287 -0.5
-2.50262 -0.6
-2.50238 -0.7
-2.50213 -0.9
-2.50189 -1.0
-2.50165 -1.1
-2.5014 -1.2
-2.50116 -1.3
-2.50091 -1.4
-2.50067 -1.5
-2.50043 -1.5
-2.50018 -1.6
-2.49994 -1.7
-2.49969 -1.8
-2.49945 -1.9
-2.4992 -2.0
-2.49896 -2.0
-2.49872 -2.1
-2.49847 -2.2
-2.49823 -2.2
-2.49798 -2.3
-2.49774 -2.4
-2.4975 -2.4
-2.49725 -2.5
-2.49701 -2.5
-2.49676 -2.5
-2.49652 -2.6
-2.49627 -2.6
-2.49603 -2.6
-2.49579 -2.6
-2.49554 -2.7
-2.4953 -2.7
-2.49505 -2.7
-2.49481 -2.7
-2.49457 -2.7
-2.49432 -2.7
-2.49408 -2.7
-2.49383 -2.7
-2.49359 -2.6
-2.49335 -2.6
-2.4931 -2.6
-2.49286 -2.5
-2.49261 -2.5
-2.49237 -2.5
-2.49212 -2.4
-2.49188 -2.4
-2.49164 -2.3
-2.49139 -2.2
-2.49115 -2.2
-2.4909 -2.1
-2.49066 -2.0
-2.49042 -2.0
-2.49017 -1.9
-2.48993 -1.8
-2.48968 -1.7
-2.48944 -1.6
-2.48919 -1.6
-2.48895 -1.5
-2.48871 -1.4
-2.48846 -1.3
-2.48822 -1.2
-2.48797 -1.1
-2.48773 -1.0
-2.48749 -0.9
-2.48724 -0.8
-2.487 -0.6
-2.48675 -0.5
-2.48651 -0.4
-2.48627 -0.3
-2.48602 -0.2
-2.48578 0.0
-2.48553 0.0
-2.48529 0.1
-2.48504 0.2
-2.4848 0.4
-2.48456 0.5
-2.48431 0.6
-2.48407 0.7
-2.48382 0.8
-2.48358 0.9
-2.48334 1.0
-2.48309 1.1
-2.48285 1.2
-2.4826 1.3
-2.48236 1.4
-2.48211 1.5
-2.48187 1.6
-2.48163 1.7
-2.48138 1.8
-2.48114 1.8
-2.48089 1.9
-2.48065 2.0
-2.48041 2.1
-2.48016 2.1
-2.47992 2.2
-2.47967 2.3
-2.47943 2.3
-2.47919 2.4
-2.47894 2.4
-2.4787 2.5
-2.47845 2.5
-2.47821 2.6
-2.47796 2.6
-2.47772 2.6
-2.47748 2.6
-2.47723 2.7
-2.47699 2.7
-2.47674 2.7
-2.4765 2.7
-2.47626 2.7
-2.47601 2.7
-2.47577 2.7
-2.47552 2.7
-2.47528 2.6
-2.47503 2.6
-2.47479 2.6
-2.47455 2.6
-2.4743 2.5
-2.47406 2.5
-2.47381 2.4
-2.47357 2.4
-2.47333 2.3
-2.47308 2.3
-2.47284 2.2
-2.47259 2.2
-2.47235 2.1
-2.47211 2.0
-2.47186 1.9
-2.47162 1.9
-2.47137 1.8
-2.47113 1.7
-2.47088 1.6
-2.47064 1.5
-2.4704 1.4
-2.47015 1.3
-2.46991 1.2
-2.46966 1.1
-2.46942 1.0
-2.46918 0.9
-2.46893 0.8
-2.46869 0.7
-2.46844 0.6
-2.4682 0.5
-2.46795 0.4
-2.46771 0.2
-2.46747 0.1
-2.46722 0.0
-2.46698 0.0
-2.46673 -0.2
-2.46649 -0.3
-2.46625 -0.4
-2.466 -0.5
-2.46576 -0.6
-2.46551 -0.8
-2.46527 -0.9
-2.46502 -1.0
-2.46478 -1.1
-2.46454 -1.2
-2.46429 -1.3
-2.46405 -1.4
-2.4638 -1.5
-2.46356 -1.6
-2.46332 -1.7
-2.46307 -1.7
-2.46283 -1.8
-2.46258 -1.9
-2.46234 -2.0
-2.4621 -2.1
-2.46185 -2.1
-2.46161 -2.2
-2.46136 -2.3
-2.46112 -2.3
-2.46087 -2.4
-2.46063 -2.4
-2.46039 -2.5
-2.46014 -2.5
-2.4599 -2.6
-2.45965 -2.6
-2.45941 -2.6
-2.45917 -2.6
-2.45892 -2.7
-2.45868 -2.7
-2.45843 -2.7
-2.45819 -2.7
-2.45794 -2.7
-2.4577 -2.7
-2.45746 -2.7
-2.45721 -2.7
-2.45697 -2.7
-2.45672 -2.6
-2.45648 -2.6
-2.45624 -2.6
-2.45599 -2.5
-2.45575 -2.5
-2.4555 -2.5
-2.45526 -2.4
-2.45502 -2.4
-2.45477 -2.3
-2.45453 -2.2
-2.45428 -2.2
-2.45404 -2.1
-2.45379 -2.0
-2.45355 -2.0
-2.45331 -1.9
-2.45306 -1.8
-2.45282 -1.7
-2.45257 -1.6
-2.45233 -1.5
-2.45209 -1.4
-2.45184 -1.3
-2.4516 -1.2
-2.45135 -1.1
-2.45111 -1.0
-2.45086 -0.9
-2.45062 -0.8
-2.45038 -0.7
-2.45013 -0.6
-2.44989 -0.5
-2.44964 -0.4
-2.4494 -0.3
-2.44916 -0.2
-2.44891 0.0
-2.44867 0.0
-2.44842 0.2
-2.44818 0.3
-2.44794 0.4
-2.44769 0.5
-2.44745 0.6
-2.4472 0.7
-2.44696 0.8
-2.44671 1.0
-2.44647 1.1
-2.44623 1.2
-2.44598 1.3
-2.44574 1.4
-2.44549 1.5
-2.44525 1.6
-2.44501 1.6
-2.44476 1.7
-2.44452 1.8
-2.44427 1.9
-2.44403 2.0
-2.44378 2.1
-2.44354 2.1
-2.4433 2.2
-2.44305 2.3
-2.44281 2.3
-2.44256 2.4
-2.44232 2.4
-2.44208 2.5
-2.44183 2.5
-2.44159 2.6
-2.44134 2.6
-2.4411 2.6
-2.44086 2.6
-2.44061 2.7
-2.44037 2.7
-2.44012 2.7
-2.43988 2.7
-2.43963 2.7
-2.43939 2.7
-2.43915 2.7
-2.4389 2.7
-2.43866 2.7
-2.43841 2.6
-2.43817 2.6
-2.43793 2.6
-2.43768 2.5
-2.43744 2.5
-2.43719 2.5
-2.43695 2.4
-2.4367 2.4
-2.43646 2.3
-2.43622 2.2
-2.43597 2.2
-2.43573 2.1
-2.43548 2.0
-2.43524 2.0
-2.435 1.9
-2.43475 1.8
-2.43451 1.7
-2.43426 1.6
-2.43402 1.5
-2.43377 1.4
-2.43353 1.3
-2.43329 1.2
-2.43304 1.1
-2.4328 1.0
-2.43255 0.9
-2.43231 0.8
-2.43207 0.7
-2.43182 0.6
-2.43158 0.5
-2.43133 0.4
-2.43109 0.3
-2.43085 0.2
-2.4306 0.0
-2.43036 0.0
-2.43011 -0.2
-2.42987 -0.3
-2.42962 -0.4
-2.42938 -0.5
-2.42914 -0.6
-2.42889 -0.7
-2.42865 -0.9
-2.4284 -1.0
-2.42816 -1.1
-2.42792 -1.2
-2.42767 -1.3
-2.42743 -1.4
-2.42718 -1.5
-2.42694 -1.6
-2.42669 -1.7
-2.42645 -1.7
-2.42621 -1.8
-2.42596 -1.9
-2.42572 -2.0
-2.42547 -2.1
-2.42523 -2.1
-2.42499 -2.2
-2.42474 -2.3
-2.4245 -2.3
-2.42425 -2.4
-2.42401 -2.4
-2.42377 -2.5
-2.42352 -2.5
-2.42328 -2.6
-2.42303 -2.6
-2.42279 -2.6
-2.42254 -2.7
-2.4223 -2.7
-2.42206 -2.7
-2.42181 -2.7
-2.42157 -2.7
-2.42132 -2.7
-2.42108 -2.7
-2.42084 -2.7
-2.42059 -2.7
-2.42035 -2.7
-2.4201 -2.6
-2.41986 -2.6
-2.41961 -2.6
-2.41937 -2.5
-2.41913 -2.5
-2.41888 -2.5
-2.41864 -2.4
-2.41839 -2.4
-2.41815 -2.3
-2.41791 -2.2
-2.41766 -2.2
-2.41742 -2.1
-2.41717 -2.0
-2.41693 -2.0
-2.41669 -1.9
-2.41644 -1.8
-2.4162 -1.7
-2.41595 -1.6
-2.41571 -1.5
-2.41546 -1.4
-2.41522 -1.3
-2.41498 -1.2
-2.41473 -1.1
-2.41449 -1.0
-2.41424 -0.9
-2.414 -0.8
-2.41376 -0.7
-2.41351 -0.6
-2.41327 -0.5
-2.41302 -0.4
-2.41278 -0.2
-2.41253 -0.1
-2.41229 0.0
-2.41205 0.0
-2.4118 0.2
-2.41156 0.3
-2.41131 0.4
-2.41107 0.6
-2.41083 0.7
-2.41058 0.8
-2.41034 0.9
-2.41009 1.0
-2.40985 1.1
-2.40961 1.2
-2.40936 1.3
-2.40912 1.4
-2.40887 1.5
-2.40863 1.6
-2.40838 1.7
-2.40814 1.8
-2.4079 1.9
-2.40765 1.9
-2.40741 2.0
-2.40716 2.1
-2.40692 2.2
-2.40668 2.2
-2.40643 2.3
-2.40619 2.3
-2.40594 2.4
-2.4057 2.5
-2.40545 2.5
-2.40521 2.5
-2.40497 2.6
-2.40472 2.6
-2.40448 2.6
-2.40423 2.7
-2.40399 2.7
-2.40375 2.7
-2.4035 2.7
-2.40326 2.7
-2.40301 2.7
-2.40277 2.7
-2.40252 2.7
-2.40228 2.7
-2.40204 2.7
-2.40179 2.6
-2.40155 2.6
-2.4013 2.6
-2.40106 2.5
-2.40082 2.5
-2.40057 2.4
-2.40033 2.4
-2.40008 2.3
-2.39984 2.3
-2.3996 2.2
-2.39935 2.2
-2.39911 2.1
-2.39886 2.0
-2.39862 1.9
-2.39837 1.8
-2.39813 1.8
-2.39789 1.7
-2.39764 1.6
-2.3974 1.5
-2.39715 1.4
-2.39691 1.3
-2.39667 1.2
-2.39642 1.1
-2.39618 1.0
-2.39593 0.9
-2.39569 0.8
-2.39544 0.6
-2.3952 0.5
-2.39496 0.4
-2.39471 0.3
-2.39447 0.2
-2.39422 0.0
-2.39398 0.0
-2.39374 -0.1
-2.39349 -0.3
-2.39325 -0.4
-2.393 -0.5
-2.39276 -0.6
-2.39252 -0.7
-2.39227 -0.8
-2.39203 -0.9
-2.39178 -1.0
-2.39154 -1.1
-2.39129 -1.2
-2.39105 -1.3
-2.39081 -1.4
-2.39056 -1.5
-2.39032 -1.6
-2.39007 -1.7
-2.38983 -1.8
-2.38959 -1.9
-2.38934 -2.0
-2.3891 -2.1
-2.38885 -2.1
-2.38861 -2.2
-2.38836 -2.3
-2.38812 -2.3
-2.38788 -2.4
-2.38763 -2.4
-2.38739 -2.5
-2.38714 -2.5
-2.3869 -2.6
-2.38666 -2.6
-2.38641 -2.6
-2.38617 -2.7
-2.38592 -2.7
-2.38568 -2.7
-2.38544 -2.7
-2.38519 -2.7
-2.38495 -2.7
-2.3847 -2.7
-2.38446 -2.7
-2.38421 -2.7
-2.38397 -2.7
-2.38373 -2.7
-2.38348 -2.6
-2.38324 -2.6
-2.38299 -2.6
-2.38275 -2.5
-2.38251 -2.5
-2.38226 -2.4
-2.38202 -2.4
-2.38177 -2.3
-2.38153 -2.2
-2.38128 -2.2
-2.38104 -2.1
-2.3808 -2.0
-2.38055 -2.0
-2.38031 -1.9
-2.38006 -1.8
-2.37982 -1.7
-2.37958 -1.6
-2.37933 -1.5
-2.37909 -1.4
-2.37884 -1.3
-2.3786 -1.2
-2.37836 -1.1
-2.37811 -1.0
-2.37787 -0.9
-2.37762 -0.8
-2.37738 -0.7
-2.37713 -0.6
-2.37689 -0.5
-2.37665 -0.4
-2.3764 -0.2
-2.37616 -0.1
-2.37591 0.0
-2.37567 0.1
-2.37543 0.2
-2.37518 0.3
-2.37494 0.5
-2.37469 0.6
-2.37445 0.7
-2.3742 0.8
-2.37396 0.9
-2.37372 1.0
-2.37347 1.1
-2.37323 1.2
-2.37298 1.3
-2.37274 1.4
-2.3725 1.5
-2.37225 1.6
-2.37201 1.7
-2.37176 1.8
-2.37152 1.9
-2.37127 2.0
-2.37103 2.0
-2.37079 2.1
-2.37054 2.2
-2.3703 2.2
-2.37005 2.3
-2.36981 2.4
-2.36957 2.4
-2.36932 2.5
-2.36908 2.5
-2.36883 2.6
-2.36859 2.6
-2.36835 2.6
-2.3681 2.7
-2.36786 2.7
-2.36761 2.7
-2.36737 2.7
-2.36712 2.7
-2.36688 2.7
-2.36664 2.7
-2.36639 2.7
-2.36615 2.7
-2.3659 2.7
-2.36566 2.7
-2.36542 2.6
-2.36517 2.6
-2.36493 2.6
-2.36468 2.5
-2.36444 2.5
-2.36419 2.4
-2.36395 2.4
-2.36371 2.3
-2.36346 2.3
-2.36322 2.2
-2.36297 2.1
-2.36273 2.1
-2.36249 2.0
-2.36224 1.9
-2.362 1.8
-2.36175 1.7
-2.36151 1.6
-2.36127 1.5
-2.36102 1.4
-2.36078 1.3
-2.36053 1.2
-2.36029 1.1
-2.36004 1.0
-2.3598 0.9
-2.35956 0.8
-2.35931 0.7
-2.35907 0.6
-2.35882 0.5
-2.35858 0.4
-2.35834 0.3
-2.35809 0.1
-2.35785 0.0
-2.3576 0.0
-2.35736 -0.2
-2.35711 -0.3
-2.35687 -0.4
-2.35663 -0.5
-2.35638 -0.7
-2.35614 -0.8
-2.35589 -0.9
-2.35565 -1.0
-2.35541 -1.1
-2.35516 -1.2
-2.35492 -1.3
-2.35467 -1.4
-2.35443 -1.5
-2.35419 -1.6
-2.35394 -1.7
-2.3537 -1.8
-2.35345 -1.9
-2.35321 -2.0
-2.35296 -2.0
-2.35272 -2.1
-2.35248 -2.2
-2.35223 -2.2
-2.35199 -2.3
-2.35174 -2.4
-2.3515 -2.4
-2.35126 -2.5
-2.35101 -2.5
-2.35077 -2.6
-2.35052 -2.6
-2.35028 -2.6
-2.35003 -2.7
-2.34979 -2.7
-2.34955 -2.7
-2.3493 -2.7
-2.34906 -2.7
-2.34881 -2.7
-2.34857 -2.7
-2.34833 -2.7
-2.34808 -2.7
-2.34784 -2.7
-2.34759 -2.7
-2.34735 -2.6
-2.34711 -2.6
-2.34686 -2.6
-2.34662 -2.5
-2.34637 -2.5
-2.34613 -2.4
-2.34588 -2.4
-2.34564 -2.3
-2.3454 -2.3
-2.34515 -2.2
-2.34491 -2.1
-2.34466 -2.1
-2.34442 -2.0
-2.34418 -1.9
-2.34393 -1.8
-2.34369 -1.7
-2.34344 -1.6
-2.3432 -1.5
-2.34295 -1.4
-2.34271 -1.3
-2.34247 -1.2
-2.34222 -1.1
-2.34198 -1.0
-2.34173 -0.9
-2.34149 -0.8
-2.34125 -0.7
-2.341 -0.6
-2.34076 -0.5
-2.34051 -0.4
-2.34027 -0.2
-2.34002 -0.1
-2.33978 0.0
-2.33954 0.0
-2.33929 0.2
-2.33905 0.3
-2.3388 0.4
-2.33856 0.6
-2.33832 0.7
-2.33807 0.8
-2.33783 0.9
-2.33758 1.0
-2.33734 1.1
-2.3371 1.2
-2.33685 1.3
-2.33661 1.4
-2.33636 1.5
-2.33612 1.6
-2.33587 1.7
-2.33563 1.8
-2.33539 1.9
-2.33514 2.0
-2.3349 2.0
-2.33465 2.1
-2.33441 2.2
-2.33417 2.3
-2.33392 2.3
-2.33368 2.4
-2.33343 2.4
-2.33319 2.5
-2.33294 2.5
-2.3327 2.6
-2.33246 2.6
-2.33221 2.6
-2.33197 2.7
-2.33172 2.7
-2.33148 2.7
-2.33124 2.7
-2.33099 2.7
-2.33075 2.7
-2.3305 2.7
-2.33026 2.7
-2.33002 2.7
-2.32977 2.7
-2.32953 2.7
-2.32928 2.6
-2.32904 2.6
-2.32879 2.6
-2.32855 2.5
-2.32831 2.5
-2.32806 2.4
-2.32782 2.4
-2.32757 2.3
-2.32733 2.3
-2.32709 2.2
-2.32684 2.1
-2.3266 2.1
-2.32635 2.0
-2.32611 1.9
-2.32586 1.8
-2.32562 1.7
-2.32538 1.6
-2.32513 1.5
-2.32489 1.4
-2.32464 1.3
-2.3244 1.2
-2.32416 1.1
-2.32391 1.0
-2.32367 0.9
-2.32342 0.8
-2.32318 0.7
-2.32294 0.6
-2.32269 0.5
-2.32245 0.3
-2.3222 0.2
-2.32196 0.1
-2.32171 0.0
-2.32147 -0.1
-2.32123 -0.2
-2.32098 -0.4
-2.32074 -0.5
-2.32049 -0.6
-2.32025 -0.7
-2.32001 -0.8
-2.31976 -0.9
-2.31952 -1.0
-2.31927 -1.1
-2.31903 -1.2
-2.31878 -1.4
-2.31854 -1.5
-2.3183 -1.5
-2.31805 -1.6
-2.31781 -1.7
-2.31756 -1.8
-2.31732 -1.9
-2.31708 -2.0
-2.31683 -2.1
-2.31659 -2.1
-2.31634 -2.2
-2.3161 -2.3
-2.31586 -2.3
-2.31561 -2.4
-2.31537 -2.5
-2.31512 -2.5
-2.31488 -2.5
-2.31463 -2.6
-2.31439 -2.6
-2.31415 -2.7
-2.3139 -2.7
-2.31366 -2.7
-2.31341 -2.7
-2.31317 -2.7
-2.31293 -2.7
-2.31268 -2.7
-2.31244 -2.7
-2.31219 -2.7
-2.31195 -2.7
-2.3117 -2.7
-2.31146 -2.7
-2.31122 -2.6
-2.31097 -2.6
-2.31073 -2.6
-2.31048 -2.5
-2.31024 -2.5
-2.31 -2.4
-2.30975 -2.4
-2.30951 -2.3
-2.30926 -2.2
-2.30902 -2.2
-2.30877 -2.1
-2.30853 -2.0
-2.30829 -1.9
-2.30804 -1.9
-2.3078 -1.8
-2.30755 -1.7
-2.30731 -1.6
-2.30707 -1.5
-2.30682 -1.4
-2.30658 -1.3
-2.30633 -1.2
-2.30609 -1.1
-2.30585 -1.0
-2.3056 -0.9
-2.30536 -0.7
-2.30511 -0.6
-2.30487 -0.5
-2.30462 -0.4
-2.30438 -0.3
-2.30414 -0.2
-2.30389 0.0
-2.30365 0.0
-2.3034 0.2
-2.30316 0.3
-2.30292 0.4
-2.30267 0.5
-2.30243 0.6
-2.30218 0.8
-2.30194 0.9
-2.30169 1.0
-2.30145 1.1
-2.30121 1.2
-2.30096 1.3
-2.30072 1.4
-2.30047 1.5
-2.30023 1.6
-2.29999 1.7
-2.29974 1.8
-2.2995 1.9
-2.29925 2.0
-2.29901 2.0
-2.29877 2.1
-2.29852 2.2
-2.29828 2.3
-2.29803 2.3
-2.29779 2.4
-2.29754 2.4
-2.2973 2.5
-2.29706 2.5
-2.29681 2.6
-2.29657 2.6
-2.29632 2.6
-2.29608 2.7
-2.29584 2.7
-2.29559 2.7
-2.29535 2.7
-2.2951 2.7
-2.29486 2.7
-2.29461 2.7
-2.29437 2.7
-2.29413 2.7
-2.29388 2.7
-2.29364 2.7
-2.29339 2.7
-2.29315 2.6
-2.29291 2.6
-2.29266 2.5
-2.29242 2.5
-2.29217 2.4
-2.29193 2.4
-2.29169 2.3
-2.29144 2.3
-2.2912 2.2
-2.29095 2.1
-2.29071 2.1
-2.29046 2.0
-2.29022 1.9
-2.28998 1.8
-2.28973 1.7
-2.28949 1.6
-2.28924 1.5
-2.289 1.4
-2.28876 1.3
-2.28851 1.2
-2.28827 1.1
-2.28802 1.0
-2.28778 0.9
-2.28753 0.8
-2.28729 0.7
-2.28705 0.6
-2.2868 0.4
-2.28656 0.3
-2.28631 0.2
-2.28607 0.0
-2.28583 0.0
-2.28558 -0.1
-2.28534 -0.3
-2.28509 -0.4
-2.28485 -0.5
-2.28461 -0.6
-2.28436 -0.7
-2.28412 -0.8
-2.28387 -1.0
-2.28363 -1.1
-2.28338 -1.2
-2.28314 -1.3
-2.2829 -1.4
-2.28265 -1.5
-2.28241 -1.6
-2.28216 -1.7
-2.28192 -1.8
-2.28168 -1.9
-2.28143 -1.9
-2.28119 -2.0
-2.28094 -2.1
-2.2807 -2.2
-2.28045 -2.2
-2.28021 -2.3
-2.27997 -2.4
-2.27972 -2.4
-2.27948 -2.5
-2.27923 -2.5
-2.27899 -2.6
-2.27875 -2.6
-2.2785 -2.6
-2.27826 -2.7
-2.27801 -2.7
-2.27777 -2.7
-2.27752 -2.7
-2.27728 -2.7
-2.27704 -2.7
-2.27679 -2.7
-2.27655 -2.7
-2.2763 -2.7
-2.27606 -2.7
-2.27582 -2.7
-2.27557 -2.7
-2.27533 -2.6
-2.27508 -2.6
-2.27484 -2.6
-2.2746 -2.5
-2.27435 -2.5
-2.27411 -2.4
-2.27386 -2.4
-2.27362 -2.3
-2.27337 -2.2
-2.27313 -2.1
-2.27289 -2.1
-2.27264 -2.0
-2.2724 -1.9
-2.27215 -1.8
-2.27191 -1.7
-2.27167 -1.6
-2.27142 -1.5
-2.27118 -1.4
-2.27093 -1.3
-2.27069 -1.2
-2.27044 -1.1
-2.2702 -1.0
-2.26996 -0.9
-2.26971 -0.8
-2.26947 -0.7
-2.26922 -0.6
-2.26898 -0.5
-2.26874 -0.3
-2.26849 -0.2
-2.26825 -0.1
-2.268 0.0
-2.26776 0.1
-2.26752 0.3
-2.26727 0.4
-2.26703 0.5
-2.26678 0.6
-2.26654 0.7
-2.26629 0.8
-2.26605 0.9
-2.26581 1.1
-2.26556 1.2
-2.26532 1.3
-2.26507 1.4
-2.26483 1.5
-2.26459 1.6
-2.26434 1.7
-2.2641 1.8
-2.26385 1.8
-2.26361 1.9
-2.26336 2.0
-2.26312 2.1
-2.26288 2.2
-2.26263 2.2
-2.26239 2.3
-2.26214 2.4
-2.2619 2.4
-2.26166 2.5
-2.26141 2.5
-2.26117 2.6
-2.26092 2.6
-2.26068 2.6
-2.26044 2.7
-2.26019 2.7
-2.25995 2.7
-2.2597 2.7
-2.25946 2.7
-2.25921 2.8
-2.25897 2.8
-2.25873 2.7
-2.25848 2.7
-2.25824 2.7
-2.25799 2.7
-2.25775 2.7
-2.25751 2.6
-2.25726 2.6
-2.25702 2.6
-2.25677 2.5
-2.25653 2.5
-2.25628 2.4
-2.25604 2.4
-2.2558 2.3
-2.25555 2.2
-2.25531 2.1
-2.25506 2.1
-2.25482 2.0
-2.25458 1.9
-2.25433 1.8
-2.25409 1.7
-2.25384 1.6
-2.2536 1.5
-2.25336 1.4
-2.25311 1.3
-2.25287 1.2
-2.25262 1.1
-2.25238 1.0
-2.25213 0.9
-2.25189 0.8
-2.25165 0.7
-2.2514 0.6
-2.25116 0.4
-2.25091 0.3
-2.25067 0.2
-2.25043 0.0
-2.25018 0.0
-2.24994 -0.1
-2.24969 -0.3
-2.24945 -0.4
-2.2492 -0.5
-2.24896 -0.6
-2.24872 -0.7
-2.24847 -0.8
-2.24823 -1.0
-2.24798 -1.1
-2.24774 -1.2
-2.2475 -1.3
-2.24725 -1.4
-2.24701 -1.5
-2.24676 -1.6
-2.24652 -1.7
-2.24627 -1.8
-2.24603 -1.9
-2.24579 -2.0
-2.24554 -2.0
-2.2453 -2.1
-2.24505 -2.2
-2.24481 -2.3
-2.24457 -2.3
-2.24432 -2.4
-2.24408 -2.4
-2.24383 -2.5
-2.24359 -2.5
-2.24335 -2.6
-2.2431 -2.6
-2.24286 -2.7
-2.24261 -2.7
-2.24237 -2.7
-2.24212 -2.7
-2.24188 -2.7
-2.24164 -2.8
-2.24139 -2.8
-2.24115 -2.8
-2.2409 -2.7
-2.24066 -2.7
-2.24042 -2.7
-2.24017 -2.7
-2.23993 -2.7
-2.23968 -2.6
-2.23944 -2.6
-2.23919 -2.6
-2.23895 -2.5
-2.23871 -2.5
-2.23846 -2.4
-2.23822 -2.3
-2.23797 -2.3
-2.23773 -2.2
-2.23749 -2.1
-2.23724 -2.1
-2.237 -2.0
-2.23675 -1.9
-2.23651 -1.8
-2.23627 -1.7
-2.23602 -1.6
-2.23578 -1.5
-2.23553 -1.4
-2.23529 -1.3
-2.23504 -1.2
-2.2348 -1.1
-2.23456 -1.0
-2.23431 -0.9
-2.23407 -0.8
-2.23382 -0.6
-2.23358 -0.5
-2.23334 -0.4
-2.23309 -0.3
-2.23285 -0.2
-2.2326 0.0
-2.23236 0.0
-2.23211 0.2
-2.23187 0.3
-2.23163 0.4
-2.23138 0.5
-2.23114 0.7
-2.23089 0.8
-2.23065 0.9
-2.23041 1.0
-2.23016 1.1
-2.22992 1.2
-2.22967 1.3
-2.22943 1.4
-2.22919 1.5
-2.22894 1.6
-2.2287 1.7
-2.22845 1.8
-2.22821 1.9
-2.22796 2.0
-2.22772 2.1
-2.22748 2.1
-2.22723 2.2
-2.22699 2.3
-2.22674 2.4
-2.2265 2.4
-2.22626 2.5
-2.22601 2.5
-2.22577 2.6
-2.22552 2.6
-2.22528 2.6
-2.22503 2.7
-2.22479 2.7
-2.22455 2.7
-2.2243 2.7
-2.22406 2.8
-2.22381 2.8
-2.22357 2.8
-2.22333 2.8
-2.22308 2.7
-2.22284 2.7
-2.22259 2.7
-2.22235 2.7
-2.22211 2.7
-2.22186 2.6
-2.22162 2.6
-2.22137 2.5
-2.22113 2.5
-2.22088 2.4
-2.22064 2.4
-2.2204 2.3
-2.22015 2.3
-2.21991 2.2
-2.21966 2.1
-2.21942 2.0
-2.21918 1.9
-2.21893 1.9
-2.21869 1.8
-2.21844 1.7
-2.2182 1.6
-2.21795 1.5
-2.21771 1.4
-2.21747 1.3
-2.21722 1.2
-2.21698 1.0
-2.21673 0.9
-2.21649 0.8
-2.21625 0.7
-2.216 0.6
-2.21576 0.5
-2.21551 0.4
-2.21527 0.2
-2.21502 0.1
-2.21478 0.0
-2.21454 -0.1
-2.21429 -0.2
-2.21405 -0.4
-2.2138 -0.5
-2.21356 -0.6
-2.21332 -0.7
-2.21307 -0.8
-2.21283 -0.9
-2.21258 -1.1
-2.21234 -1.2
-2.2121 -1.3
-2.21185 -1.4
-2.21161 -1.5
-2.21136 -1.6
-2.21112 -1.7
-2.21087 -1.8
-2.21063 -1.9
-2.21039 -2.0
-2.21014 -2.0
-2.2099 -2.1
-2.20965 -2.2
-2.20941 -2.3
-2.20917 -2.3
-2.20892 -2.4
-2.20868 -2.4
-2.20843 -2.5
-2.20819 -2.6
-2.20794 -2.6
-2.2077 -2.6
-2.20746 -2.7
-2.20721 -2.7
-2.20697 -2.7
-2.20672 -2.7
-2.20648 -2.8
-2.20624 -2.8
-2.20599 -2.8
-2.20575 -2.8
-2.2055 -2.8
-2.20526 -2.7
-2.20502 -2.7
-2.20477 -2.7
-2.20453 -2.7
-2.20428 -2.6
-2.20404 -2.6
-2.20379 -2.6
-2.20355 -2.5
-2.20331 -2.5
-2.20306 -2.4
-2.20282 -2.3
-2.20257 -2.3
-2.20233 -2.2
-2.20209 -2.1
-2.20184 -2.1
-2.2016 -2.0
-2.20135 -1.9
-2.20111 -1.8
-2.20086 -1.7
-2.20062 -1.6
-2.20038 -1.5
-2.20013 -1.4
-2.19989 -1.3
-2.19964 -1.2
-2.1994 -1.1
-2.19916 -1.0
-2.19891 -0.9
-2.19867 -0.7
-2.19842 -0.6
-2.19818 -0.5
-2.19794 -0.4
-2.19769 -0.3
-2.19745 -0.1
-2.1972 0.0
-2.19696 0.0
-2.19671 0.2
-2.19647 0.3
-2.19623 0.5
-2.19598 0.6
-2.19574 0.7
-2.19549 0.8
-2.19525 0.9
-2.19501 1.0
-2.19476 1.1
-2.19452 1.3
-2.19427 1.4
-2.19403 1.5
-2.19378 1.6
-2.19354 1.7
-2.1933 1.8
-2.19305 1.8
-2.19281 1.9
-2.19256 2.0
-2.19232 2.1
-2.19208 2.2
-2.19183 2.3
-2.19159 2.3
-2.19134 2.4
-2.1911 2.4
-2.19086 2.5
-2.19061 2.5
-2.19037 2.6
-2.19012 2.6
-2.18988 2.7
-2.18963 2.7
-2.18939 2.7
-2.18915 2.7
-2.1889 2.8
-2.18866 2.8
-2.18841 2.8
-2.18817 2.8
-2.18793 2.8
-2.18768 2.8
-2.18744 2.7
-2.18719 2.7
-2.18695 2.7
-2.1867 2.7
-2.18646 2.6
-2.18622 2.6
-2.18597 2.5
-2.18573 2.5
-2.18548 2.4
-2.18524 2.4
-2.185 2.3
-2.18475 2.2
-2.18451 2.1
-2.18426 2.1
-2.18402 2.0
-2.18377 1.9
-2.18353 1.8
-2.18329 1.7
-2.18304 1.6
-2.1828 1.5
-2.18255 1.4
-2.18231 1.3
-2.18207 1.2
-2.18182 1.1
-2.18158 1.0
-2.18133 0.9
-2.18109 0.8
-2.18085 0.6
-2.1806 0.5
-2.18036 0.4
-2.18011 0.3
-2.17987 0.2
-2.17962 0.0
-2.17938 0.0
-2.17914 -0.2
-2.17889 -0.3
-2.17865 -0.4
-2.1784 -0.6
-2.17816 -0.7
-2.17792 -0.8
-2.17767 -0.9
-2.17743 -1.0
-2.17718 -1.1
-2.17694 -1.3
-2.17669 -1.4
-2.17645 -1.5
-2.17621 -1.6
-2.17596 -1.7
-2.17572 -1.8
-2.17547 -1.9
-2.17523 -1.9
-2.17499 -2.0
-2.17474 -2.1
-2.1745 -2.2
-2.17425 -2.3
-2.17401 -2.3
-2.17377 -2.4
-2.17352 -2.4
-2.17328 -2.5
-2.17303 -2.6
-2.17279 -2.6
-2.17254 -2.6
-2.1723 -2.7
-2.17206 -2.7
-2.17181 -2.7
-2.17157 -2.7
-2.17132 -2.8
-2.17108 -2.8
-2.17084 -2.8
-2.17059 -2.8
-2.17035 -2.8
-2.1701 -2.8
-2.16986 -2.7
-2.16961 -2.7
-2.16937 -2.7
-2.16913 -2.7
-2.16888 -2.6
-2.16864 -2.6
-2.16839 -2.5
-2.16815 -2.5
-2.16791 -2.4
-2.16766 -2.4
-2.16742 -2.3
-2.16717 -2.2
-2.16693 -2.1
-2.16669 -2.1
-2.16644 -2.0
-2.1662 -1.9
-2.16595 -1.8
-2.16571 -1.7
-2.16546 -1.6
-2.16522 -1.5
-2.16498 -1.4
-2.16473 -1.3
-2.16449 -1.2
-2.16424 -1.1
-2.164 -1.0
-2.16376 -0.9
-2.16351 -0.7
-2.16327 -0.6
-2.16302 -0.5
-2.16278 -0.4
-2.16253 -0.3
-2.16229 -0.1
-2.16205 0.0
-2.1618 0.1
-2.16156 0.2
-2.16131 0.3
-2.16107 0.5
-2.16083 0.6
-2.16058 0.7
-2.16034 0.8
-2.16009 0.9
-2.15985 1.1
-2.15961 1.2
-2.15936 1.3
-2.15912 1.4
-2.15887 1.5
-2.15863 1.6
-2.15838 1.7
-2.15814 1.8
-2.1579 1.9
-2.15765 2.0
-2.15741 2.0
-2.15716 2.1
-2.15692 2.2
-2.15668 2.3
-2.15643 2.3
-2.15619 2.4
-2.15594 2.5
-2.1557 2.5
-2.15545 2.6
-2.15521 2.6
-2.15497 2.7
-2.15472 2.7
-2.15448 2.7
-2.15423 2.7
-2.15399 2.8
-2.15375 2.8
-2.1535 2.8
-2.15326 2.8
-2.15301 2.8
-2.15277 2.8
-2.15252 2.8
-2.15228 2.7
-2.15204 2.7
-2.15179 2.7
-2.15155 2.7
-2.1513 2.6
-2.15106 2.6
-2.15082 2.5
-2.15057 2.5
-2.15033 2.4
-2.15008 2.3
-2.14984 2.3
-2.1496 2.2
-2.14935 2.1
-2.14911 2.0
-2.14886 2.0
-2.14862 1.9
-2.14837 1.8
-2.14813 1.7
-2.14789 1.6
-2.14764 1.5
-2.1474 1.4
-2.14715 1.3
-2.14691 1.2
-2.14667 1.0
-2.14642 0.9
-2.14618 0.8
-2.14593 0.7
-2.14569 0.6
-2.14544 0.5
-2.1452 0.3
-2.14496 0.2
-2.14471 0.0
-2.14447 0.0
-2.14422 -0.1
-2.14398 -0.3
-2.14374 -0.4
-2.14349 -0.5
-2.14325 -0.6
-2.143 -0.8
-2.14276 -0.9
-2.14252 -1.0
-2.14227 -1.1
-2.14203 -1.2
-2.14178 -1.3
-2.14154 -1.4
-2.14129 -1.5
-2.14105 -1.6
-2.14081 -1.7
-2.14056 -1.8
-2.14032 -1.9
-2.14007 -2.0
-2.13983 -2.1
-2.13959 -2.2
-2.13934 -2.2
-2.1391 -2.3
-2.13885 -2.4
-2.13861 -2.4
-2.13836 -2.5
-2.13812 -2.5
-2.13788 -2.6
-2.13763 -2.6
-2.13739 -2.7
-2.13714 -2.7
-2.1369 -2.7
-2.13666 -2.8
-2.13641 -2.8
-2.13617 -2.8
-2.13592 -2.8
-2.13568 -2.8
-2.13544 -2.8
-2.13519 -2.8
-2.13495 -2.8
-2.1347 -2.7
-2.13446 -2.7
-2.13421 -2.7
-2.13397 -2.6
-2.13373 -2.6
-2.13348 -2.6
-2.13324 -2.5
-2.13299 -2.4
-2.13275 -2.4
-2.13251 -2.3
-2.13226 -2.2
-2.13202 -2.2
-2.13177 -2.1
-2.13153 -2.0
-2.13128 -1.9
-2.13104 -1.8
-2.1308 -1.7
-2.13055 -1.6
-2.13031 -1.5
-2.13006 -1.4
-2.12982 -1.3
-2.12958 -1.2
-2.12933 -1.1
-2.12909 -1.0
-2.12884 -0.9
-2.1286 -0.8
-2.12836 -0.6
-2.12811 -0.5
-2.12787 -0.4
-2.12762 -0.3
-2.12738 -0.2
-2.12713 0.0
-2.12689 0.0
-2.12665 0.2
-2.1264 0.3
-2.12616 0.5
-2.12591 0.6
-2.12567 0.7
-2.12543 0.8
-2.12518 0.9
-2.12494 1.1
-2.12469 1.2
-2.12445 1.3
-2.1242 1.4
-2.12396 1.5
-2.12372 1.6
-2.12347 1.7
-2.12323 1.8
-2.12298 1.9
-2.12274 2.0
-2.1225 2.1
-2.12225 2.1
-2.12201 2.2
-2.12176 2.3
-2.12152 2.4
-2.12127 2.4
-2.12103 2.5
-2.12079 2.5
-2.12054 2.6
-2.1203 2.6
-2.12005 2.7
-2.11981 2.7
-2.11957 2.7
-2.11932 2.8
-2.11908 2.8
-2.11883 2.8
-2.11859 2.8
-2.11835 2.8
-2.1181 2.8
-2.11786 2.8
-2.11761 2.8
-2.11737 2.7
-2.11712 2.7
-2.11688 2.7
-2.11664 2.7
-2.11639 2.6
-2.11615 2.6
-2.1159 2.5
-2.11566 2.5
-2.11542 2.4
-2.11517 2.3
-2.11493 2.3
-2.11468 2.2
-2.11444 2.1
-2.11419 2.0
-2.11395 1.9
-2.11371 1.9
-2.11346 1.8
-2.11322 1.7
-2.11297 1.6
-2.11273 1.5
-2.11249 1.4
-2.11224 1.2
-2.112 1.1
-2.11175 1.0
-2.11151 0.9
-2.11127 0.8
-2.11102 0.7
-2.11078 0.5
-2.11053 0.4
-2.11029 0.3
-2.11004 0.2
-2.1098 0.0
-2.10956 0.0
-2.10931 -0.2
-2.10907 -0.3
-2.10882 -0.4
-2.10858 -0.6
-2.10834 -0.7
-2.10809 -0.8
-2.10785 -0.9
-2.1076 -1.0
-2.10736 -1.1
-2.10711 -1.3
-2.10687 -1.4
-2.10663 -1.5
-2.10638 -1.6
-2.10614 -1.7
-2.10589 -1.8
-2.10565 -1.9
-2.10541 -2.0
-2.10516 -2.0
-2.10492 -2.1
-2.10467 -2.2
-2.10443 -2.3
-2.10419 -2.3
-2.10394 -2.4
-2.1037 -2.5
-2.10345 -2.5
-2.10321 -2.6
-2.10296 -2.6
-2.10272 -2.7
-2.10248 -2.7
-2.10223 -2.7
-2.10199 -2.8
-2.10174 -2.8
-2.1015 -2.8
-2.10126 -2.8
-2.10101 -2.8
-2.10077 -2.8
-2.10052 -2.8
-2.10028 -2.8
-2.10003 -2.8
-2.09979 -2.7
-2.09955 -2.7
-2.0993 -2.7
-2.09906 -2.6
-2.09881 -2.6
-2.09857 -2.5
-2.09833 -2.5
-2.09808 -2.4
-2.09784 -2.3
-2.09759 -2.3
-2.09735 -2.2
-2.09711 -2.1
-2.09686 -2.0
-2.09662 -2.0
-2.09637 -1.9
-2.09613 -1.8
-2.09588 -1.7
-2.09564 -1.6
-2.0954 -1.5
-2.09515 -1.4
-2.09491 -1.3
-2.09466 -1.1
-2.09442 -1.0
-2.09418 -0.9
-2.09393 -0.8
-2.09369 -0.7
-2.09344 -0.5
-2.0932 -0.4
-2.09295 -0.3
-2.09271 -0.2
-2.09247 0.0
-2.09222 0.0
-2.09198 0.2
-2.09173 0.3
-2.09149 0.4
-2.09125 0.6
-2.091 0.7
-2.09076 0.8
-2.09051 0.9
-2.09027 1.0
-2.09002 1.2
-2.08978 1.3
-2.08954 1.4
-2.08929 1.5
-2.08905 1.6
-2.0888 1.7
-2.08856 1.8
-2.08832 1.9
-2.08807 2.0
-2.08783 2.1
-2.08758 2.1
-2.08734 2.2
-2.0871 2.3
-2.08685 2.4
-2.08661 2.4
-2.08636 2.5
-2.08612 2.5
-2.08587 2.6
-2.08563 2.6
-2.08539 2.7
-2.08514 2.7
-2.0849 2.7
-2.08465 2.8
-2.08441 2.8
-2.08417 2.8
-2.08392 2.8
-2.08368 2.8
-2.08343 2.8
-2.08319 2.8
-2.08294 2.8
-2.0827 2.8
-2.08246 2.7
-2.08221 2.7
-2.08197 2.7
-2.08172 2.6
-2.08148 2.6
-2.08124 2.5
-2.08099 2.5
-2.08075 2.4
-2.0805 2.3
-2.08026 2.3
-2.08002 2.2
-2.07977 2.1
-2.07953 2.0
-2.07928 1.9
-2.07904 1.9
-2.07879 1.8
-2.07855 1.7
-2.07831 1.6
-2.07806 1.5
-2.07782 1.3
-2.07757 1.2
-2.07733 1.1
-2.07709 1.0
-2.07684 0.9
-2.0766 0.8
-2.07635 0.6
-2.07611 0.5
-2.07586 0.4
-2.07562 0.3
-2.07538 0.2
-2.07513 0.0
-2.07489 0.0
-2.07464 -0.2
-2.0744 -0.3
-2.07416 -0.5
-2.07391 -0.6
-2.07367 -0.7
-2.07342 -0.8
-2.07318 -0.9
-2.07294 -1.1
-2.07269 -1.2
-2.07245 -1.3
-2.0722 -1.4
-2.07196 -1.5
-2.07171 -1.6
-2.07147 -1.7
-2.07123 -1.8
-2.07098 -1.9
-2.07074 -2.0
-2.07049 -2.1
-2.07025 -2.2
-2.07001 -2.2
-2.06976 -2.3
-2.06952 -2.4
-2.06927 -2.4
-2.06903 -2.5
-2.06878 -2.6
-2.06854 -2.6
-2.0683 -2.7
-2.06805 -2.7
-2.06781 -2.7
-2.06756 -2.8
-2.06732 -2.8
-2.06708 -2.8
-2.06683 -2.8
-2.06659 -2.8
-2.06634 -2.8
-2.0661 -2.8
-2.06586 -2.8
-2.06561 -2.8
-2.06537 -2.8
-2.06512 -2.7
-2.06488 -2.7
-2.06463 -2.7
-2.06439 -2.6
-2.06415 -2.6
-2.0639 -2.5
-2.06366 -2.5
-2.06341 -2.4
-2.06317 -2.3
-2.06293 -2.3
-2.06268 -2.2
-2.06244 -2.1
-2.06219 -2.0
-2.06195 -1.9
-2.0617 -1.8
-2.06146 -1.7
-2.06122 -1.6
-2.06097 -1.5
-2.06073 -1.4
-2.06048 -1.3
-2.06024 -1.2
-2.06 -1.1
-2.05975 -1.0
-2.05951 -0.8
-2.05926 -0.7
-2.05902 -0.6
-2.05877 -0.5
-2.05853 -0.4
-2.05829 -0.2
-2.05804 -0.1
-2.0578 0.0
-2.05755 0.1
-2.05731 0.3
-2.05707 0.4
-2.05682 0.5
-2.05658 0.6
-2.05633 0.8
-2.05609 0.9
-2.05585 1.0
-2.0556 1.1
-2.05536 1.2
-2.05511 1.3
-2.05487 1.5
-2.05462 1.6
-2.05438 1.7
-2.05414 1.8
-2.05389 1.9
-2.05365 2.0
-2.0534 2.0
-2.05316 2.1
-2.05292 2.2
-2.05267 2.3
-2.05243 2.4
-2.05218 2.4
-2.05194 2.5
-2.05169 2.5
-2.05145 2.6
-2.05121 2.6
-2.05096 2.7
-2.05072 2.7
-2.05047 2.7
-2.05023 2.8
-2.04999 2.8
-2.04974 2.8
-2.0495 2.8
-2.04925 2.8
-2.04901 2.8
-2.04877 2.8
-2.04852 2.8
-2.04828 2.8
-2.04803 2.7
-2.04779 2.7
-2.04754 2.7
-2.0473 2.6
-2.04706 2.6
-2.04681 2.5
-2.04657 2.5
-2.04632 2.4
-2.04608 2.4
-2.04584 2.3
-2.04559 2.2
-2.04535 2.1
-2.0451 2.0
-2.04486 2.0
-2.04461 1.9
-2.04437 1.8
-2.04413 1.7
-2.04388 1.6
-2.04364 1.5
-2.04339 1.4
-2.04315 1.2
-2.04291 1.1
-2.04266 1.0
-2.04242 0.9
-2.04217 0.8
-2.04193 0.6
-2.04169 0.5
-2.04144 0.4
-2.0412 0.3
-2.04095 0.2
-2.04071 0.0
-2.04046 -0.1
-2.04022 -0.2
-2.03998 -0.4
-2.03973 -0.5
-2.03949 -0.6
-2.03924 -0.7
-2.039 -0.8
-2.03876 -1.0
-2.03851 -1.1
-2.03827 -1.2
-2.03802 -1.3
-2.03778 -1.4
-2.03753 -1.5
-2.03729 -1.6
-2.03705 -1.7
-2.0368 -1.8
-2.03656 -1.9
-2.03631 -2.0
-2.03607 -2.1
-2.03583 -2.2
-2.03558 -2.3
-2.03534 -2.3
-2.03509 -2.4
-2.03485 -2.5
-2.03461 -2.5
-2.03436 -2.6
-2.03412 -2.6
-2.03387 -2.7
-2.03363 -2.7
-2.03338 -2.7
-2.03314 -2.8
-2.0329 -2.8
-2.03265 -2.8
-2.03241 -2.8
-2.03216 -2.8
-2.03192 -2.8
-2.03168 -2.8
-2.03143 -2.8
-2.03119 -2.8
-2.03094 -2.8
-2.0307 -2.7
-2.03045 -2.7
-2.03021 -2.7
-2.02997 -2.6
-2.02972 -2.6
-2.02948 -2.5
-2.02923 -2.4
-2.02899 -2.4
-2.02875 -2.3
-2.0285 -2.2
-2.02826 -2.2
-2.02801 -2.1
-2.02777 -2.0
-2.02752 -1.9
-2.02728 -1.8
-2.02704 -1.7
-2.02679 -1.6
-2.02655 -1.5
-2.0263 -1.4
-2.02606 -1.3
-2.02582 -1.1
-2.02557 -1.0
-2.02533 -0.9
-2.02508 -0.8
-2.02484 -0.7
-2.0246 -0.5
-2.02435 -0.4
-2.02411 -0.3
-2.02386 -0.2
-2.02362 0.0
-2.02337 0.0
-2.02313 0.2
-2.02289 0.3
-2.02264 0.5
-2.0224 0.6
-2.02215 0.7
-2.02191 0.8
-2.02167 1.0
-2.02142 1.1
-2.02118 1.2
-2.02093 1.3
-2.02069 1.4
-2.02044 1.5
-2.0202 1.6
-2.01996 1.7
-2.01971 1.8
-2.01947 1.9
-2.01922 2.0
-2.01898 2.1
-2.01874 2.2
-2.01849 2.3
-2.01825 2.3
-2.018 2.4
-2.01776 2.5
-2.01752 2.5
-2.01727 2.6
-2.01703 2.6
-2.01678 2.7
-2.01654 2.7
-2.01629 2.7
-2.01605 2.8
-2.01581 2.8
-2.01556 2.8
-2.01532 2.8
-2.01507 2.8
-2.01483 2.8
-2.01459 2.8
-2.01434 2.8
-2.0141 2.8
-2.01385 2.8
-2.01361 2.7
-2.01336 2.7
-2.01312 2.7
-2.01288 2.6
-2.01263 2.6
-2.01239 2.5
-2.01214 2.4
-2.0119 2.4
-2.01166 2.3
-2.01141 2.2
-2.01117 2.2
-2.01092 2.1
-2.01068 2.0
-2.01044 1.9
-2.01019 1.8
-2.00995 1.7
-2.0097 1.6
-2.00946 1.5
-2.00921 1.4
-2.00897 1.3
-2.00873 1.1
-2.00848 1.0
-2.00824 0.9
-2.00799 0.8
-2.00775 0.7
-2.00751 0.5
-2.00726 0.4
-2.00702 0.3
-2.00677 0.2
-2.00653 0.0
-2.00628 0.0
-2.00604 -0.2
-2.0058 -0.3
-2.00555 -0.5
-2.00531 -0.6
-2.00506 -0.7
-2.00482 -0.8
-2.00458 -1.0
-2.00433 -1.1
-2.00409 -1.2
-2.00384 -1.3
-2.0036 -1.4
-2.00336 -1.5
-2.00311 -1.6
-2.00287 -1.7
-2.00262 -1.8
-2.00238 -1.9
-2.00213 -2.0
-2.00189 -2.1
-2.00165 -2.2
-2.0014 -2.3
-2.00116 -2.3
-2.00091 -2.4
-2.00067 -2.5
-2.00043 -2.5
-2.00018 -2.6
-1.99994 -2.6
-1.99969 -2.7
-1.99945 -2.7
-1.9992 -2.8
-1.99896 -2.8
-1.99872 -2.8
-1.99847 -2.8
-1.99823 -2.8
-1.99798 -2.8
-1.99774 -2.8
-1.9975 -2.8
-1.99725 -2.8
-1.99701 -2.8
-1.99676 -2.8
-1.99652 -2.7
-1.99627 -2.7
-1.99603 -2.7
-1.99579 -2.6
-1.99554 -2.6
-1.9953 -2.5
-1.99505 -2.4
-1.99481 -2.4
-1.99457 -2.3
-1.99432 -2.2
-1.99408 -2.1
-1.99383 -2.1
-1.99359 -2.0
-1.99335 -1.9
-1.9931 -1.8
-1.99286 -1.7
-1.99261 -1.6
-1.99237 -1.5
-1.99212 -1.4
-1.99188 -1.2
-1.99164 -1.1
-1.99139 -1.0
-1.99115 -0.9
-1.9909 -0.8
-1.99066 -0.6
-1.99042 -0.5
-1.99017 -0.4
-1.98993 -0.3
-1.98968 -0.1
-1.98944 0.0
-1.98919 0.1
-1.98895 0.3
-1.98871 0.4
-1.98846 0.5
-1.98822 0.6
-1.98797 0.8
-1.98773 0.9
-1.98749 1.0
-1.98724 1.1
-1.987 1.2
-1.98675 1.4
-1.98651 1.5
-1.98627 1.6
-1.98602 1.7
-1.98578 1.8
-1.98553 1.9
-1.98529 2.0
-1.98504 2.1
-1.9848 2.1
-1.98456 2.2
-1.98431 2.3
-1.98407 2.4
-1.98382 2.4
-1.98358 2.5
-1.98334 2.6
-1.98309 2.6
-1.98285 2.7
-1.9826 2.7
-1.98236 2.7
-1.98211 2.8
-1.98187 2.8
-1.98163 2.8
-1.98138 2.8
-1.98114 2.8
-1.98089 2.8
-1.98065 2.8
-1.98041 2.8
-1.98016 2.8
-1.97992 2.8
-1.97967 2.8
-1.97943 2.7
-1.97919 2.7
-1.97894 2.6
-1.9787 2.6
-1.97845 2.5
-1.97821 2.5
-1.97796 2.4
-1.97772 2.3
-1.97748 2.3
-1.97723 2.2
-1.97699 2.1
-1.97674 2.0
-1.9765 1.9
-1.97626 1.8
-1.97601 1.7
-1.97577 1.6
-1.97552 1.5
-1.97528 1.4
-1.97503 1.3
-1.97479 1.2
-1.97455 1.1
-1.9743 0.9
-1.97406 0.8
-1.97381 0.7
-1.97357 0.6
-1.97333 0.4
-1.97308 0.3
-1.97284 0.2
-1.97259 0.0
-1.97235 0.0
-1.97211 -0.2
-1.97186 -0.3
-1.97162 -0.4
-1.97137 -0.6
-1.97113 -0.7
-1.97088 -0.8
-1.97064 -0.9
-1.9704 -1.1
-1.97015 -1.2
-1.96991 -1.3
-1.96966 -1.4
-1.96942 -1.5
-1.96918 -1.6
-1.96893 -1.7
-1.96869 -1.8
-1.96844 -1.9
-1.9682 -2.0
-1.96795 -2.1
-1.96771 -2.2
-1.96747 -2.3
-1.96722 -2.4
-1.96698 -2.4
-1.96673 -2.5
-1.96649 -2.5
-1.96625 -2.6
-1.966 -2.6
-1.96576 -2.7
-1.96551 -2.7
-1.96527 -2.8
-1.96502 -2.8
-1.96478 -2.8
-1.96454 -2.8
-1.96429 -2.8
-1.96405 -2.8
-1.9638 -2.8
-1.96356 -2.8
-1.96332 -2.8
-1.96307 -2.8
-1.96283 -2.8
-1.96258 -2.7
-1.96234 -2.7
-1.9621 -2.7
-1.96185 -2.6
-1.96161 -2.6
-1.96136 -2.5
-1.96112 -2.4
-1.96087 -2.4
-1.96063 -2.3
-1.96039 -2.2
-1.96014 -2.1
-1.9599 -2.1
-1.95965 -2.0
-1.95941 -1.9
-1.95917 -1.8
-1.95892 -1.7
-1.95868 -1.6
-1.95843 -1.5
-1.95819 -1.3
-1.95794 -1.2
-1.9577 -1.1
-1.95746 -1.0
-1.95721 -0.9
-1.95697 -0.7
-1.95672 -0.6
-1.95648 -0.5
-1.95624 -0.4
-1.95599 -0.2
-1.95575 -0.1
-1.9555 0.0
-1.95526 0.2
-1.95502 0.3
-1.95477 0.4
-1.95453 0.5
-1.95428 0.7
-1.95404 0.8
-1.95379 0.9
-1.95355 1.0
-1.95331 1.2
-1.95306 1.3
-1.95282 1.4
-1.95257 1.5
-1.95233 1.6
-1.95209 1.7
-1.95184 1.8
-1.9516 1.9
-1.95135 2.0
-1.95111 2.1
-1.95086 2.2
-1.95062 2.3
-1.95038 2.3
-1.95013 2.4
-1.94989 2.5
-1.94964 2.5
-1.9494 2.6
-1.94916 2.6
-1.94891 2.7
-1.94867 2.7
-1.94842 2.8
-1.94818 2.8
-1.94794 2.8
-1.94769 2.8
-1.94745 2.8
-1.9472 2.8
-1.94696 2.8
-1.94671 2.8
-1.94647 2.8
-1.94623 2.8
-1.94598 2.8
-1.94574 2.8
-1.94549 2.7
-1.94525 2.7
-1.94501 2.6
-1.94476 2.6
-1.94452 2.5
-1.94427 2.5
-1.94403 2.4
-1.94378 2.3
-1.94354 2.2
-1.9433 2.2
-1.94305 2.1
-1.94281 2.0
-1.94256 1.9
-1.94232 1.8
-1.94208 1.7
-1.94183 1.6
-1.94159 1.5
-1.94134 1.4
-1.9411 1.2
-1.94086 1.1
-1.94061 1.0
-1.94037 0.9
-1.94012 0.8
-1.93988 0.6
-1.93963 0.5
-1.93939 0.4
-1.93915 0.2
-1.9389 0.1
-1.93866 0.0
-1.93841 -0.1
-1.93817 -0.3
-1.93793 -0.4
-1.93768 -0.5
-1.93744 -0.7
-1.93719 -0.8
-1.93695 -0.9
-1.9367 -1.0
-1.93646 -1.2
-1.93622 -1.3
-1.93597 -1.4
-1.93573 -1.5
-1.93548 -1.6
-1.93524 -1.7
-1.935 -1.8
-1.93475 -1.9
-1.93451 -2.0
-1.93426 -2.1
-1.93402 -2.2
-1.93377 -2.3
-1.93353 -2.3
-1.93329 -2.4
-1.93304 -2.5
-1.9328 -2.5
-1.93255 -2.6
-1.93231 -2.7
-1.93207 -2.7
-1.93182 -2.7
-1.93158 -2.8
-1.93133 -2.8
-1.93109 -2.8
-1.93085 -2.8
-1.9306 -2.9
-1.93036 -2.9
-1.93011 -2.9
-1.92987 -2.8
-1.92962 -2.8
-1.92938 -2.8
-1.92914 -2.8
-1.92889 -2.8
-1.92865 -2.7
-1.9284 -2.7
-1.92816 -2.6
-1.92792 -2.6
-1.92767 -2.5
-1.92743 -2.5
-1.92718 -2.4
-1.92694 -2.3
-1.92669 -2.2
-1.92645 -2.2
-1.92621 -2.1
-1.92596 -2.0
-1.92572 -1.9
-1.92547 -1.8
-1.92523 -1.7
-1.92499 -1.6
-1.92474 -1.5
-1.9245 -1.3
-1.92425 -1.2
-1.92401 -1.1
-1.92377 -1.0
-1.92352 -0.9
-1.92328 -0.7
-1.92303 -0.6
-1.92279 -0.5
-1.92254 -0.4
-1.9223 -0.2
-1.92206 0.0
-1.92181 0.0
-1.92157 0.2
-1.92132 0.3
-1.92108 0.4
-1.92084 0.6
-1.92059 0.7
-1.92035 0.8
-1.9201 0.9
-1.91986 1.1
-1.91961 1.2
-1.91937 1.3
-1.91913 1.4
-1.91888 1.5
-1.91864 1.6
-1.91839 1.7
-1.91815 1.8
-1.91791 1.9
-1.91766 2.0
-1.91742 2.1
-1.91717 2.2
-1.91693 2.3
-1.91669 2.4
-1.91644 2.4
-1.9162 2.5
-1.91595 2.6
-1.91571 2.6
-1.91546 2.7
-1.91522 2.7
-1.91498 2.8
-1.91473 2.8
-1.91449 2.8
-1.91424 2.8
-1.914 2.8
-1.91376 2.9
-1.91351 2.9
-1.91327 2.9
-1.91302 2.9
-1.91278 2.8
-1.91253 2.8
-1.91229 2.8
-1.91205 2.8
-1.9118 2.7
-1.91156 2.7
-1.91131 2.6
-1.91107 2.6
-1.91083 2.5
-1.91058 2.4
-1.91034 2.4
-1.91009 2.3
-1.90985 2.2
-1.90961 2.1
-1.90936 2.0
-1.90912 2.0
-1.90887 1.9
-1.90863 1.8
-1.90838 1.6
-1.90814 1.5
-1.9079 1.4
-1.90765 1.3
-1.90741 1.2
-1.90716 1.1
-1.90692 0.9
-1.90668 0.8
-1.90643 0.7
-1.90619 0.6
-1.90594 0.4
-1.9057 0.3
-1.90545 0.2
-1.90521 0.0
-1.90497 0.0
-1.90472 -0.2
-1.90448 -0.3
-1.90423 -0.5
-1.90399 -0.6
-1.90375 -0.7
-1.9035 -0.9
-1.90326 -1.0
-1.90301 -1.1
-1.90277 -1.2
-1.90252 -1.3
-1.90228 -1.5
-1.90204 -1.6
-1.90179 -1.7
-1.90155 -1.8
-1.9013 -1.9
-1.90106 -2.0
-1.90082 -2.1
-1.90057 -2.2
-1.90033 -2.2
-1.90008 -2.3
-1.89984 -2.4
-1.8996 -2.5
-1.89935 -2.5
-1.89911 -2.6
-1.89886 -2.6
-1.89862 -2.7
-1.89837 -2.7
-1.89813 -2.8
-1.89789 -2.8
-1.89764 -2.8
-1.8974 -2.8
-1.89715 -2.9
-1.89691 -2.9
-1.89667 -2.9
-1.89642 -2.9
-1.89618 -2.9
-1.89593 -2.8
-1.89569 -2.8
-1.89544 -2.8
-1.8952 -2.7
-1.89496 -2.7
-1.89471 -2.7
-1.89447 -2.6
-1.89422 -2.5
-1.89398 -2.5
-1.89374 -2.4
-1.89349 -2.3
-1.89325 -2.3
-1.893 -2.2
-1.89276 -2.1
-1.89252 -2.0
-1.89227 -1.9
-1.89203 -1.8
-1.89178 -1.7
-1.89154 -1.6
-1.89129 -1.5
-1.89105 -1.4
-1.89081 -1.2
-1.89056 -1.1
-1.89032 -1.0
-1.89007 -0.9
-1.88983 -0.8
-1.88959 -0.6
-1.88934 -0.5
-1.8891 -0.4
-1.88885 -0.2
-1.88861 -0.1
-1.88836 0.0
-1.88812 0.2
-1.88788 0.3
-1.88763 0.4
-1.88739 0.6
-1.88714 0.7
-1.8869 0.8
-1.88666 0.9
-1.88641 1.1
-1.88617 1.2
-1.88592 1.3
-1.88568 1.4
-1.88544 1.5
-1.88519 1.6
-1.88495 1.7
-1.8847 1.8
-1.88446 1.9
-1.88421 2.0
-1.88397 2.1
-1.88373 2.2
-1.88348 2.3
-1.88324 2.4
-1.88299 2.5
-1.88275 2.5
-1.88251 2.6
-1.88226 2.6
-1.88202 2.7
-1.88177 2.7
-1.88153 2.8
-1.88128 2.8
-1.88104 2.8
-1.8808 2.8
-1.88055 2.9
-1.88031 2.9
-1.88006 2.9
-1.87982 2.9
-1.87958 2.9
-1.87933 2.8
-1.87909 2.8
-1.87884 2.8
-1.8786 2.8
-1.87836 2.7
-1.87811 2.7
-1.87787 2.6
-1.87762 2.6
-1.87738 2.5
-1.87713 2.4
-1.87689 2.4
-1.87665 2.3
-1.8764 2.2
-1.87616 2.1
-1.87591 2.0
-1.87567 1.9
-1.87543 1.8
-1.87518 1.7
-1.87494 1.6
-1.87469 1.5
-1.87445 1.4
-1.8742 1.3
-1.87396 1.2
-1.87372 1.0
-1.87347 0.9
-1.87323 0.8
-1.87298 0.7
-1.87274 0.5
-1.8725 0.4
-1.87225 0.3
-1.87201 0.1
-1.87176 0.0
-1.87152 -0.1
-1.87127 -0.3
-1.87103 -0.4
-1.87079 -0.5
-1.87054 -0.7
-1.8703 -0.8
-1.87005 -0.9
-1.86981 -1.0
-1.86957 -1.2
-1.86932 -1.3
-1.86908 -1.4
-1.86883 -1.5
-1.86859 -1.6
-1.86835 -1.7
-1.8681 -1.8
-1.86786 -1.9
-1.86761 -2.0
-1.86737 -2.1
-1.86712 -2.2
-1.86688 -2.3
-1.86664 -2.4
-1.86639 -2.4
-1.86615 -2.5
-1.8659 -2.6
-1.86566 -2.6
-1.86542 -2.7
-1.86517 -2.7
-1.86493 -2.8
-1.86468 -2.8
-1.86444 -2.8
-1.86419 -2.9
-1.86395 -2.9
-1.86371 -2.9
-1.86346 -2.9
-1.86322 -2.9
-1.86297 -2.9
-1.86273 -2.9
-1.86249 -2.8
-1.86224 -2.8
-1.862 -2.8
-1.86175 -2.7
-1.86151 -2.7
-1.86127 -2.6
-1.86102 -2.6
-1.86078 -2.5
-1.86053 -2.4
-1.86029 -2.4
-1.86004 -2.3
-1.8598 -2.2
-1.85956 -2.1
-1.85931 -2.0
-1.85907 -1.9
-1.85882 -1.8
-1.85858 -1.7
-1.85834 -1.6
-1.85809 -1.5
-1.85785 -1.4
-1.8576 -1.3
-1.85736 -1.2
-1.85711 -1.0
-1.85687 -0.9
-1.85663 -0.8
-1.85638 -0.7
-1.85614 -0.5
-1.85589 -0.4
-1.85565 -0.3
-1.85541 -0.1
-1.85516 0.0
-1.85492 0.1
-1.85467 0.3
-1.85443 0.4
-1.85419 0.5
-1.85394 0.7
-1.8537 0.8
-1.85345 0.9
-1.85321 1.0
-1.85296 1.2
-1.85272 1.3
-1.85248 1.4
-1.85223 1.5
-1.85199 1.6
-1.85174 1.7
-1.8515 1.8
-1.85126 1.9
-1.85101 2.0
-1.85077 2.1
-1.85052 2.2
-1.85028 2.3
-1.85003 2.4
-1.84979 2.5
-1.84955 2.5
-1.8493 2.6
-1.84906 2.6
-1.84881 2.7
-1.84857 2.7
-1.84833 2.8
-1.84808 2.8
-1.84784 2.8
-1.84759 2.9
-1.84735 2.9
-1.84711 2.9
-1.84686 2.9
-1.84662 2.9
-1.84637 2.9
-1.84613 2.9
-1.84588 2.8
-1.84564 2.8
-1.8454 2.8
-1.84515 2.7
-1.84491 2.7
-1.84466 2.6
-1.84442 2.6
-1.84418 2.5
-1.84393 2.4
-1.84369 2.4
-1.84344 2.3
-1.8432 2.2
-1.84295 2.1
-1.84271 2.0
-1.84247 1.9
-1.84222 1.8
-1.84198 1.7
-1.84173 1.6
-1.84149 1.5
-1.84125 1.4
-1.841 1.3
-1.84076 1.1
-1.84051 1.0
-1.84027 0.9
-1.84002 0.8
-1.83978 0.6
-1.83954 0.5
-1.83929 0.4
-1.83905 0.2
-1.8388 0.0
-1.83856 0.0
-1.83832 -0.2
-1.83807 -0.3
-1.83783 -0.4
-1.83758 -0.6
-1.83734 -0.7
-1.8371 -0.8
-1.83685 -1.0
-1.83661 -1.1
-1.83636 -1.2
-1.83612 -1.3
-1.83587 -1.4
-1.83563 -1.6
-1.83539 -1.7
-1.83514 -1.8
-1.8349 -1.9
-1.83465 -2.0
-1.83441 -2.1
-1.83417 -2.2
-1.83392 -2.3
-1.83368 -2.3
-1.83343 -2.4
-1.83319 -2.5
-1.83294 -2.6
-1.8327 -2.6
-1.83246 -2.7
-1.83221 -2.7
-1.83197 -2.8
-1.83172 -2.8
-1.83148 -2.8
-1.83124 -2.9
-1.83099 -2.9
-1.83075 -2.9
-1.8305 -2.9
-1.83026 -2.9
-1.83002 -2.9
-1.82977 -2.9
-1.82953 -2.9
-1.82928 -2.8
-1.82904 -2.8
-1.82879 -2.8
-1.82855 -2.7
-1.82831 -2.7
-1.82806 -2.6
-1.82782 -2.6
-1.82757 -2.5
-1.82733 -2.4
-1.82709 -2.3
-1.82684 -2.3
-1.8266 -2.2
-1.82635 -2.1
-1.82611 -2.0
-1.82586 -1.9
-1.82562 -1.8
-1.82538 -1.7
-1.82513 -1.6
-1.82489 -1.4
-1.82464 -1.3
-1.8244 -1.2
-1.82416 -1.1
-1.82391 -1.0
-1.82367 -0.8
-1.82342 -0.7
-1.82318 -0.6
-1.82294 -0.4
-1.82269 -0.3
-1.82245 -0.2
-1.8222 0.0
-1.82196 0.0
-1.82171 0.2
-1.82147 0.4
-1.82123 0.5
-1.82098 0.6
-1.82074 0.8
-1.82049 0.9
-1.82025 1.0
-1.82001 1.1
-1.81976 1.3
-1.81952 1.4
-1.81927 1.5
-1.81903 1.6
-1.81878 1.7
-1.81854 1.8
-1.8183 1.9
-1.81805 2.0
-1.81781 2.1
-1.81756 2.2
-1.81732 2.3
-1.81708 2.4
-1.81683 2.5
-1.81659 2.5
-1.81634 2.6
-1.8161 2.6
-1.81586 2.7
-1.81561 2.7
-1.81537 2.8
-1.81512 2.8
-1.81488 2.8
-1.81463 2.9
-1.81439 2.9
-1.81415 2.9
-1.8139 2.9
-1.81366 2.9
-1.81341 2.9
-1.81317 2.9
-1.81293 2.8
-1.81268 2.8
-1.81244 2.8
-1.81219 2.7
-1.81195 2.7
-1.8117 2.6
-1.81146 2.6
-1.81122 2.5
-1.81097 2.5
-1.81073 2.4
-1.81048 2.3
-1.81024 2.2
-1.81 2.1
-1.80975 2.0
-1.80951 1.9
-1.80926 1.8
-1.80902 1.7
-1.80877 1.6
-1.80853 1.5
-1.80829 1.4
-1.80804 1.3
-1.8078 1.1
-1.80755 1.0
-1.80731 0.9
-1.80707 0.7
-1.80682 0.6
-1.80658 0.5
-1.80633 0.4
-1.80609 0.2
-1.80585 0.0
-1.8056 0.0
-1.80536 -0.2
-1.80511 -0.3
-1.80487 -0.5
-1.80462 -0.6
-1.80438 -0.7
-1.80414 -0.9
-1.80389 -1.0
-1.80365 -1.1
-1.8034 -1.2
-1.80316 -1.4
-1.80292 -1.5
-1.80267 -1.6
-1.80243 -1.7
-1.80218 -1.8
-1.80194 -1.9
-1.80169 -2.0
-1.80145 -2.1
-1.80121 -2.2
-1.80096 -2.3
-1.80072 -2.4
-1.80047 -2.4
-1.80023 -2.5
-1.79999 -2.6
-1.79974 -2.6
-1.7995 -2.7
-1.79925 -2.7
-1.79901 -2.8
-1.79877 -2.8
-1.79852 -2.8
-1.79828 -2.9
-1.79803 -2.9
-1.79779 -2.9
-1.79754 -2.9
-1.7973 -2.9
-1.79706 -2.9
-1.79681 -2.9
-1.79657 -2.9
-1.79632 -2.8
-1.79608 -2.8
-1.79584 -2.8
-1.79559 -2.7
-1.79535 -2.7
-1.7951 -2.6
-1.79486 -2.5
-1.79461 -2.5
-1.79437 -2.4
-1.79413 -2.3
-1.79388 -2.2
-1.79364 -2.1
-1.79339 -2.0
-1.79315 -1.9
-1.79291 -1.8
-1.79266 -1.7
-1.79242 -1.6
-1.79217 -1.5
-1.79193 -1.4
-1.79169 -1.3
-1.79144 -1.2
-1.7912 -1.0
-1.79095 -0.9
-1.79071 -0.8
-1.79046 -0.6
-1.79022 -0.5
-1.78998 -0.4
-1.78973 -0.2
-1.78949 0.0
-1.78924 0.0
-1.789 0.2
-1.78876 0.3
-1.78851 0.4
-1.78827 0.6
-1.78802 0.7
-1.78778 0.8
-1.78753 1.0
-1.78729 1.1
-1.78705 1.2
-1.7868 1.4
-1.78656 1.5
-1.78631 1.6
-1.78607 1.7
-1.78583 1.8
-1.78558 1.9
-1.78534 2.0
-1.78509 2.1
-1.78485 2.2
-1.78461 2.3
-1.78436 2.4
-1.78412 2.4
-1.78387 2.5
-1.78363 2.6
-1.78338 2.6
-1.78314 2.7
-1.7829 2.7
-1.78265 2.8
-1.78241 2.8
-1.78216 2.9
-1.78192 2.9
-1.78168 2.9
-1.78143 2.9
-1.78119 2.9
-1.78094 2.9
-1.7807 2.9
-1.78045 2.9
-1.78021 2.9
-1.77997 2.8
-1.77972 2.8
-1.77948 2.8
-1.77923 2.7
-1.77899 2.7
-1.77875 2.6
-1.7785 2.5
-1.77826 2.5
-1.77801 2.4
-1.77777 2.3
-1.77752 2.2
-1.77728 2.1
-1.77704 2.0
-1.77679 1.9
-1.77655 1.8
-1.7763 1.7
-1.77606 1.6
-1.77582 1.5
-1.77557 1.4
-1.77533 1.3
-1.77508 1.1
-1.77484 1.0
-1.7746 0.9
-1.77435 0.8
-1.77411 0.6
-1.77386 0.5
-1.77362 0.4
-1.77337 0.2
-1.77313 0.0
-1.77289 0.0
-1.77264 -0.2
-1.7724 -0.3
-1.77215 -0.5
-1.77191 -0.6
-1.77167 -0.7
-1.77142 -0.9
-1.77118 -1.0
-1.77093 -1.1
-1.77069 -1.3
-1.77044 -1.4
-1.7702 -1.5
-1.76996 -1.6
-1.76971 -1.7
-1.76947 -1.8
-1.76922 -1.9
-1.76898 -2.0
-1.76874 -2.1
-1.76849 -2.2
-1.76825 -2.3
-1.768 -2.4
-1.76776 -2.5
-1.76752 -2.5
-1.76727 -2.6
-1.76703 -2.7
-1.76678 -2.7
-1.76654 -2.8
-1.76629 -2.8
-1.76605 -2.8
-1.76581 -2.9
-1.76556 -2.9
-1.76532 -2.9
-1.76507 -2.9
-1.76483 -2.9
-1.76459 -2.9
-1.76434 -2.9
-1.7641 -2.9
-1.76385 -2.9
-1.76361 -2.8
-1.76336 -2.8
-1.76312 -2.8
-1.76288 -2.7
-1.76263 -2.7
-1.76239 -2.6
-1.76214 -2.5
-1.7619 -2.5
-1.76166 -2.4
-1.76141 -2.3
-1.76117 -2.2
-1.76092 -2.1
-1.76068 -2.0
-1.76044 -1.9
-1.76019 -1.8
-1.75995 -1.7
-1.7597 -1.6
-1.75946 -1.5
-1.75921 -1.4
-1.75897 -1.2
-1.75873 -1.1
-1.75848 -1.0
-1.75824 -0.8
-1.75799 -0.7
-1.75775 -0.6
-1.75751 -0.4
-1.75726 -0.3
-1.75702 -0.2
-1.75677 0.0
-1.75653 0.1
-1.75628 0.2
-1.75604 0.4
-1.7558 0.5
-1.75555 0.7
-1.75531 0.8
-1.75506 0.9
-1.75482 1.0
-1.75458 1.2
-1.75433 1.3
-1.75409 1.4
-1.75384 1.5
-1.7536 1.7
-1.75336 1.8
-1.75311 1.9
-1.75287 2.0
-1.75262 2.1
-1.75238 2.2
-1.75213 2.3
-1.75189 2.3
-1.75165 2.4
-1.7514 2.5
-1.75116 2.6
-1.75091 2.6
-1.75067 2.7
-1.75043 2.7
-1.75018 2.8
-1.74994 2.8
-1.74969 2.9
-1.74945 2.9
-1.7492 2.9
-1.74896 2.9
-1.74872 2.9
-1.74847 2.9
-1.74823 2.9
-1.74798 2.9
-1.74774 2.9
-1.7475 2.9
-1.74725 2.8
-1.74701 2.8
-1.74676 2.7
-1.74652 2.7
-1.74627 2.6
-1.74603 2.6
-1.74579 2.5
-1.74554 2.4
-1.7453 2.3
-1.74505 2.3
-1.74481 2.2
-1.74457 2.1
-1.74432 2.0
-1.74408 1.9
-1.74383 1.8
-1.74359 1.6
-1.74335 1.5
-1.7431 1.4
-1.74286 1.3
-1.74261 1.2
-1.74237 1.0
-1.74212 0.9
-1.74188 0.8
-1.74164 0.6
-1.74139 0.5
-1.74115 0.4
-1.7409 0.2
-1.74066 0.0
-1.74042 0.0
-1.74017 -0.2
-1.73993 -0.3
-1.73968 -0.5
-1.73944 -0.6
-1.73919 -0.7
-1.73895 -0.9
-1.73871 -1.0
-1.73846 -1.1
-1.73822 -1.3
-1.73797 -1.4
-1.73773 -1.5
-1.73749 -1.6
-1.73724 -1.7
-1.737 -1.8
-1.73675 -1.9
-1.73651 -2.0
-1.73627 -2.1
-1.73602 -2.2
-1.73578 -2.3
-1.73553 -2.4
-1.73529 -2.5
-1.73504 -2.6
-1.7348 -2.6
-1.73456 -2.7
-1.73431 -2.7
-1.73407 -2.8
-1.73382 -2.8
-1.73358 -2.9
-1.73334 -2.9
-1.73309 -2.9
-1.73285 -2.9
-1.7326 -2.9
-1.73236 -2.9
-1.73211 -2.9
-1.73187 -2.9
-1.73163 -2.9
-1.73138 -2.9
-1.73114 -2.8
-1.73089 -2.8
-1.73065 -2.8
-1.73041 -2.7
-1.73016 -2.7
-1.72992 -2.6
-1.72967 -2.5
-1.72943 -2.5
-1.72919 -2.4
-1.72894 -2.3
-1.7287 -2.2
-1.72845 -2.1
-1.72821 -2.0
-1.72796 -1.9
-1.72772 -1.8
-1.72748 -1.7
-1.72723 -1.6
-1.72699 -1.4
-1.72674 -1.3
-1.7265 -1.2
-1.72626 -1.1
-1.72601 -0.9
-1.72577 -0.8
-1.72552 -0.7
-1.72528 -0.5
-1.72503 -0.4
-1.72479 -0.3
-1.72455 -0.1
-1.7243 0.0
-1.72406 0.2
-1.72381 0.3
-1.72357 0.4
-1.72333 0.6
-1.72308 0.7
-1.72284 0.8
-1.72259 1.0
-1.72235 1.1
-1.72211 1.2
-1.72186 1.4
-1.72162 1.5
-1.72137 1.6
-1.72113 1.7
-1.72088 1.8
-1.72064 1.9
-1.7204 2.0
-1.72015 2.1
-1.71991 2.2
-1.71966 2.3
-1.71942 2.4
-1.71918 2.5
-1.71893 2.5
-1.71869 2.6
-1.71844 2.7
-1.7182 2.7
-1.71795 2.8
-1.71771 2.8
-1.71747 2.9
-1.71722 2.9
-1.71698 2.9
-1.71673 2.9
-1.71649 2.9
-1.71625 2.9
-1.716 2.9
-1.71576 2.9
-1.71551 2.9
-1.71527 2.9
-1.71502 2.8
-1.71478 2.8
-1.71454 2.8
-1.71429 2.7
-1.71405 2.7
-1.7138 2.6
-1.71356 2.5
-1.71332 2.5
-1.71307 2.4
-1.71283 2.3
-1.71258 2.2
-1.71234 2.1
-1.7121 2.0
-1.71185 1.9
-1.71161 1.8
-1.71136 1.7
-1.71112 1.6
-1.71087 1.5
-1.71063 1.3
-1.71039 1.2
-1.71014 1.1
-1.7099 0.9
-1.70965 0.8
-1.70941 0.7
-1.70917 0.5
-1.70892 0.4
-1.70868 0.3
-1.70843 0.1
-1.70819 0.0
-1.70794 -0.2
-1.7077 -0.3
-1.70746 -0.4
-1.70721 -0.6
-1.70697 -0.7
-1.70672 -0.9
-1.70648 -1.0
-1.70624 -1.1
-1.70599 -1.2
-1.70575 -1.4
-1.7055 -1.5
-1.70526 -1.6
-1.70502 -1.7
-1.70477 -1.8
-1.70453 -1.9
-1.70428 -2.0
-1.70404 -2.1
-1.70379 -2.2
-1.70355 -2.3
-1.70331 -2.4
-1.70306 -2.5
-1.70282 -2.6
-1.70257 -2.6
-1.70233 -2.7
-1.70209 -2.7
-1.70184 -2.8
-1.7016 -2.8
-1.70135 -2.9
-1.70111 -2.9
-1.70086 -2.9
-1.70062 -2.9
-1.70038 -2.9
-1.70013 -2.9
-1.69989 -2.9
-1.69964 -2.9
-1.6994 -2.9
-1.69916 -2.9
-1.69891 -2.9
-1.69867 -2.8
-1.69842 -2.8
-1.69818 -2.7
-1.69794 -2.7
-1.69769 -2.6
-1.69745 -2.5
-1.6972 -2.5
-1.69696 -2.4
-1.69671 -2.3
-1.69647 -2.2
-1.69623 -2.1
-1.69598 -2.0
-1.69574 -1.9
-1.69549 -1.8
-1.69525 -1.7
-1.69501 -1.6
-1.69476 -1.4
-1.69452 -1.3
-1.69427 -1.2
-1.69403 -1.0
-1.69378 -0.9
-1.69354 -0.8
-1.6933 -0.6
-1.69305 -0.5
-1.69281 -0.4
-1.69256 -0.2
-1.69232 0.0
-1.69208 0.0
-1.69183 0.2
-1.69159 0.3
-1.69134 0.5
-1.6911 0.6
-1.69086 0.8
-1.69061 0.9
-1.69037 1.0
-1.69012 1.2
-1.68988 1.3
-1.68963 1.4
-1.68939 1.5
-1.68915 1.6
-1.6889 1.8
-1.68866 1.9
-1.68841 2.0
-1.68817 2.1
-1.68793 2.2
-1.68768 2.3
-1.68744 2.4
-1.68719 2.4
-1.68695 2.5
-1.6867 2.6
-1.68646 2.7
-1.68622 2.7
-1.68597 2.8
-1.68573 2.8
-1.68548 2.8
-1.68524 2.9
-1.685 2.9
-1.68475 2.9
-1.68451 2.9
-1.68426 2.9
-1.68402 2.9
-1.68377 2.9
-1.68353 2.9
-1.68329 2.9
-1.68304 2.9
-1.6828 2.8
-1.68255 2.8
-1.68231 2.8
-1.68207 2.7
-1.68182 2.6
-1.68158 2.6
-1.68133 2.5
-1.68109 2.4
-1.68085 2.3
-1.6806 2.3
-1.68036 2.2
-1.68011 2.1
-1.67987 2.0
-1.67962 1.9
-1.67938 1.7
-1.67914 1.6
-1.67889 1.5
-1.67865 1.4
-1.6784 1.3
-1.67816 1.1
-1.67792 1.0
-1.67767 0.9
-1.67743 0.7
-1.67718 0.6
-1.67694 0.4
-1.67669 0.3
-1.67645 0.2
-1.67621 0.0
-1.67596 -0.1
-1.67572 -0.3
-1.67547 -0.4
-1.67523 -0.5
-1.67499 -0.7
-1.67474 -0.8
-1.6745 -1.0
-1.67425 -1.1
-1.67401 -1.2
-1.67377 -1.3
-1.67352 -1.5
-1.67328 -1.6
-1.67303 -1.7
-1.67279 -1.8
-1.67254 -1.9
-1.6723 -2.0
-1.67206 -2.1
-1.67181 -2.2
-1.67157 -2.3
-1.67132 -2.4
-1.67108 -2.5
-1.67084 -2.6
-1.67059 -2.6
-1.67035 -2.7
-1.6701 -2.7
-1.66986 -2.8
-1.66961 -2.8
-1.66937 -2.9
-1.66913 -2.9
-1.66888 -2.9
-1.66864 -2.9
-1.66839 -3.0
-1.66815 -3.0
-1.66791 -3.0
-1.66766 -2.9
-1.66742 -2.9
-1.66717 -2.9
-1.66693 -2.9
-1.66669 -2.8
-1.66644 -2.8
-1.6662 -2.7
-1.66595 -2.7
-1.66571 -2.6
-1.66546 -2.5
-1.66522 -2.5
-1.66498 -2.4
-1.66473 -2.3
-1.66449 -2.2
-1.66424 -2.1
-1.664 -2.0
-1.66376 -1.9
-1.66351 -1.8
-1.66327 -1.7
-1.66302 -1.5
-1.66278 -1.4
-1.66253 -1.3
-1.66229 -1.2
-1.66205 -1.0
-1.6618 -0.9
-1.66156 -0.8
-1.66131 -0.6
-1.66107 -0.5
-1.66083 -0.3
-1.66058 -0.2
-1.66034 0.0
-1.66009 0.0
-1.65985 0.2
-1.65961 0.4
-1.65936 0.5
-1.65912 0.6
-1.65887 0.8
-1.65863 0.9
-1.65838 1.1
-1.65814 1.2
-1.6579 1.3
-1.65765 1.4
-1.65741 1.6
-1.65716 1.7
-1.65692 1.8
-1.65668 1.9
-1.65643 2.0
-1.65619 2.1
-1.65594 2.2
-1.6557 2.3
-1.65545 2.4
-1.65521 2.5
-1.65497 2.6
-1.65472 2.6
-1.65448 2.7
-1.65423 2.7
-1.65399 2.8
-1.65375 2.8
-1.6535 2.9
-1.65326 2.9
-1.65301 2.9
-1.65277 2.9
-1.65252 3.0
-1.65228 3.0
-1.65204 3.0
-1.65179 2.9
-1.65155 2.9
-1.6513 2.9
-1.65106 2.9
-1.65082 2.8
-1.65057 2.8
-1.65033 2.7
-1.65008 2.7
-1.64984 2.6
-1.6496 2.6
-1.64935 2.5
-1.64911 2.4
-1.64886 2.3
-1.64862 2.2
-1.64837 2.1
-1.64813 2.0
-1.64789 1.9
-1.64764 1.8
-1.6474 1.7
-1.64715 1.6
-1.64691 1.4
-1.64667 1.3
-1.64642 1.2
-1.64618 1.1
-1.64593 0.9
-1.64569 0.8
-1.64544 0.6
-1.6452 0.5
-1.64496 0.4
-1.64471 0.2
-1.64447 0.0
-1.64422 0.0
-1.64398 -0.2
-1.64374 -0.4
-1.64349 -0.5
-1.64325 -0.6
-1.643 -0.8
-1.64276 -0.9
-1.64252 -1.0
-1.64227 -1.2
-1.64203 -1.3
-1.64178 -1.4
-1.64154 -1.6
-1.64129 -1.7
-1.64105 -1.8
-1.64081 -1.9
-1.64056 -2.0
-1.64032 -2.1
-1.64007 -2.2
-1.63983 -2.3
-1.63959 -2.4
-1.63934 -2.5
-1.6391 -2.6
-1.63885 -2.6
-1.63861 -2.7
-1.63836 -2.7
-1.63812 -2.8
-1.63788 -2.8
-1.63763 -2.9
-1.63739 -2.9
-1.63714 -2.9
-1.6369 -3.0
-1.63666 -3.0
-1.63641 -3.0
-1.63617 -3.0
-1.63592 -3.0
-1.63568 -2.9
-1.63544 -2.9
-1.63519 -2.9
-1.63495 -2.8
-1.6347 -2.8
-1.63446 -2.7
-1.63421 -2.7
-1.63397 -2.6
-1.63373 -2.6
-1.63348 -2.5
-1.63324 -2.4
-1.63299 -2.3
-1.63275 -2.2
-1.63251 -2.1
-1.63226 -2.0
-1.63202 -1.9
-1.63177 -1.8
-1.63153 -1.7
-1.63128 -1.6
-1.63104 -1.4
-1.6308 -1.3
-1.63055 -1.2
-1.63031 -1.0
-1.63006 -0.9
-1.62982 -0.8
-1.62958 -0.6
-1.62933 -0.5
-1.62909 -0.3
-1.62884 -0.2
-1.6286 0.0
-1.62836 0.0
-1.62811 0.2
-1.62787 0.4
-1.62762 0.5
-1.62738 0.7
-1.62713 0.8
-1.62689 0.9
-1.62665 1.1
-1.6264 1.2
-1.62616 1.3
-1.62591 1.5
-1.62567 1.6
-1.62543 1.7
-1.62518 1.8
-1.62494 1.9
-1.62469 2.0
-1.62445 2.1
-1.6242 2.2
-1.62396 2.3
-1.62372 2.4
-1.62347 2.5
-1.62323 2.6
-1.62298 2.6
-1.62274 2.7
-1.6225 2.8
-1.62225 2.8
-1.62201 2.9
-1.62176 2.9
-1.62152 2.9
-1.62127 2.9
-1.62103 3.0
-1.62079 3.0
-1.62054 3.0
-1.6203 3.0
-1.62005 3.0
-1.61981 2.9
-1.61957 2.9
-1.61932 2.9
-1.61908 2.8
-1.61883 2.8
-1.61859 2.7
-1.61835 2.7
-1.6181 2.6
-1.61786 2.5
-1.61761 2.5
-1.61737 2.4
-1.61712 2.3
-1.61688 2.2
-1.61664 2.1
-1.61639 2.0
-1.61615 1.9
-1.6159 1.8
-1.61566 1.6
-1.61542 1.5
-1.61517 1.4
-1.61493 1.3
-1.61468 1.1
-1.61444 1.0
-1.61419 0.9
-1.61395 0.7
-1.61371 0.6
-1.61346 0.4
-1.61322 0.3
-1.61297 0.1
-1.61273 0.0
-1.61249 -0.1
-1.61224 -0.3
-1.612 -0.4
-1.61175 -0.6
-1.61151 -0.7
-1.61127 -0.9
-1.61102 -1.0
-1.61078 -1.1
-1.61053 -1.3
-1.61029 -1.4
-1.61004 -1.5
-1.6098 -1.6
-1.60956 -1.8
-1.60931 -1.9
-1.60907 -2.0
-1.60882 -2.1
-1.60858 -2.2
-1.60834 -2.3
-1.60809 -2.4
-1.60785 -2.5
-1.6076 -2.5
-1.60736 -2.6
-1.60711 -2.7
-1.60687 -2.7
-1.60663 -2.8
-1.60638 -2.8
-1.60614 -2.9
-1.60589 -2.9
-1.60565 -2.9
-1.60541 -3.0
-1.60516 -3.0
-1.60492 -3.0
-1.60467 -3.0
-1.60443 -3.0
-1.60419 -3.0
-1.60394 -2.9
-1.6037 -2.9
-1.60345 -2.9
-1.60321 -2.8
-1.60296 -2.8
-1.60272 -2.7
-1.60248 -2.7
-1.60223 -2.6
-1.60199 -2.5
-1.60174 -2.4
-1.6015 -2.3
-1.60126 -2.2
-1.60101 -2.1
-1.60077 -2.0
-1.60052 -1.9
-1.60028 -1.8
-1.60003 -1.7
-1.59979 -1.6
-1.59955 -1.5
-1.5993 -1.3
-1.59906 -1.2
-1.59881 -1.1
-1.59857 -0.9
-1.59833 -0.8
-1.59808 -0.6
-1.59784 -0.5
-1.59759 -0.4
-1.59735 -0.2
-1.59711 0.0
-1.59686 0.0
-1.59662 0.2
-1.59637 0.4
-1.59613 0.5
-1.59588 0.7
-1.59564 0.8
-1.5954 0.9
-1.59515 1.1
-1.59491 1.2
-1.59466 1.3
-1.59442 1.5
-1.59418 1.6
-1.59393 1.7
-1.59369 1.8
-1.59344 2.0
-1.5932 2.1
-1.59295 2.2
-1.59271 2.3
-1.59247 2.4
-1.59222 2.4
-1.59198 2.5
-1.59173 2.6
-1.59149 2.7
-1.59125 2.7
-1.591 2.8
-1.59076 2.8
-1.59051 2.9
-1.59027 2.9
-1.59002 2.9
-1.58978 3.0
-1.58954 3.0
-1.58929 3.0
-1.58905 3.0
-1.5888 3.0
-1.58856 3.0
-1.58832 2.9
-1.58807 2.9
-1.58783 2.9
-1.58758 2.8
-1.58734 2.8
-1.5871 2.7
-1.58685 2.7
-1.58661 2.6
-1.58636 2.5
-1.58612 2.4
-1.58587 2.4
-1.58563 2.3
-1.58539 2.2
-1.58514 2.1
-1.5849 2.0
-1.58465 1.8
-1.58441 1.7
-1.58417 1.6
-1.58392 1.5
-1.58368 1.4
-1.58343 1.2
-1.58319 1.1
-1.58294 0.9
-1.5827 0.8
-1.58246 0.7
-1.58221 0.5
-1.58197 0.4
-1.58172 0.2
-1.58148 0.0
-1.58124 0.0
-1.58099 -0.2
-1.58075 -0.4
-1.5805 -0.5
-1.58026 -0.6
-1.58002 -0.8
-1.57977 -0.9
-1.57953 -1.1
-1.57928 -1.2
-1.57904 -1.3
-1.57879 -1.5
-1.57855 -1.6
-1.57831 -1.7
-1.57806 -1.8
-1.57782 -1.9
-1.57757 -2.1
-1.57733 -2.2
-1.57709 -2.3
-1.57684 -2.4
-1.5766 -2.4
-1.57635 -2.5
-1.57611 -2.6
-1.57586 -2.7
-1.57562 -2.7
-1.57538 -2.8
-1.57513 -2.8
-1.57489 -2.9
-1.57464 -2.9
-1.5744 -2.9
-1.57416 -3.0
-1.57391 -3.0
-1.57367 -3.0
-1.57342 -3.0
-1.57318 -3.0
-1.57294 -3.0
-1.57269 -3.0
-1.57245 -2.9
-1.5722 -2.9
-1.57196 -2.8
-1.57171 -2.8
-1.57147 -2.7
-1.57123 -2.7
-1.57098 -2.6
-1.57074 -2.5
-1.57049 -2.5
-1.57025 -2.4
-1.57001 -2.3
-1.56976 -2.2
-1.56952 -2.1
-1.56927 -2.0
-1.56903 -1.9
-1.56878 -1.7
-1.56854 -1.6
-1.5683 -1.5
-1.56805 -1.4
-1.56781 -1.2
-1.56756 -1.1
-1.56732 -0.9
-1.56708 -0.8
-1.56683 -0.7
-1.56659 -0.5
-1.56634 -0.4
-1.5661 -0.2
-1.56586 0.0
-1.56561 0.0
-1.56537 0.2
-1.56512 0.4
-1.56488 0.5
-1.56463 0.7
-1.56439 0.8
-1.56415 0.9
-1.5639 1.1
-1.56366 1.2
-1.56341 1.3
-1.56317 1.5
-1.56293 1.6
-1.56268 1.7
-1.56244 1.8
-1.56219 2.0
-1.56195 2.1
-1.5617 2.2
-1.56146 2.3
-1.56122 2.4
-1.56097 2.5
-1.56073 2.5
-1.56048 2.6
-1.56024 2.7
-1.56 2.7
-1.55975 2.8
-1.55951 2.9
-1.55926 2.9
-1.55902 2.9
-1.55877 3.0
-1.55853 3.0
-1.55829 3.0
-1.55804 3.0
-1.5578 3.0
-1.55755 3.0
-1.55731 3.0
-1.55707 3.0
-1.55682 2.9
-1.55658 2.9
-1.55633 2.8
-1.55609 2.8
-1.55585 2.7
-1.5556 2.7
-1.55536 2.6
-1.55511 2.5
-1.55487 2.4
-1.55462 2.4
-1.55438 2.3
-1.55414 2.2
-1.55389 2.1
-1.55365 1.9
-1.5534 1.8
-1.55316 1.7
-1.55292 1.6
-1.55267 1.5
-1.55243 1.3
-1.55218 1.2
-1.55194 1.1
-1.55169 0.9
-1.55145 0.8
-1.55121 0.6
-1.55096 0.5
-1.55072 0.3
-1.55047 0.2
-1.55023 0.0
-1.54999 -0.1
-1.54974 -0.3
-1.5495 -0.4
-1.54925 -0.6
-1.54901 -0.7
-1.54877 -0.8
-1.54852 -1.0
-1.54828 -1.1
-1.54803 -1.3
-1.54779 -1.4
-1.54754 -1.5
-1.5473 -1.7
-1.54706 -1.8
-1.54681 -1.9
-1.54657 -2.0
-1.54632 -2.1
-1.54608 -2.2
-1.54584 -2.3
-1.54559 -2.4
-1.54535 -2.5
-1.5451 -2.6
-1.54486 -2.6
-1.54461 -2.7
-1.54437 -2.8
-1.54413 -2.8
-1.54388 -2.9
-1.54364 -2.9
-1.54339 -3.0
-1.54315 -3.0
-1.54291 -3.0
-1.54266 -3.0
-1.54242 -3.0
-1.54217 -3.0
-1.54193 -3.0
-1.54169 -3.0
-1.54144 -3.0
-1.5412 -2.9
-1.54095 -2.9
-1.54071 -2.8
-1.54046 -2.8
-1.54022 -2.7
-1.53998 -2.7
-1.53973 -2.6
-1.53949 -2.5
-1.53924 -2.4
-1.539 -2.3
-1.53876 -2.2
-1.53851 -2.1
-1.53827 -2.0
-1.53802 -1.9
-1.53778 -1.8
-1.53753 -1.7
-1.53729 -1.5
-1.53705 -1.4
-1.5368 -1.3
-1.53656 -1.1
-1.53631 -1.0
-1.53607 -0.8
-1.53583 -0.7
-1.53558 -0.6
-1.53534 -0.4
-1.53509 -0.3
-1.53485 -0.1
-1.53461 0.0
-1.53436 0.2
-1.53412 0.3
-1.53387 0.5
-1.53363 0.6
-1.53338 0.8
-1.53314 0.9
-1.5329 1.1
-1.53265 1.2
-1.53241 1.3
-1.53216 1.5
-1.53192 1.6
-1.53168 1.7
-1.53143 1.8
-1.53119 2.0
-1.53094 2.1
-1.5307 2.2
-1.53045 2.3
-1.53021 2.4
-1.52997 2.5
-1.52972 2.5
-1.52948 2.6
-1.52923 2.7
-1.52899 2.8
-1.52875 2.8
-1.5285 2.9
-1.52826 2.9
-1.52801 2.9
-1.52777 3.0
-1.52752 3.0
-1.52728 3.0
-1.52704 3.0
-1.52679 3.0
-1.52655 3.0
-1.5263 3.0
-1.52606 3.0
-1.52582 2.9
-1.52557 2.9
-1.52533 2.9
-1.52508 2.8
-1.52484 2.7
-1.5246 2.7
-1.52435 2.6
-1.52411 2.5
-1.52386 2.4
-1.52362 2.4
-1.52337 2.3
-1.52313 2.2
-1.52289 2.0
-1.52264 1.9
-1.5224 1.8
-1.52215 1.7
-1.52191 1.6
-1.52167 1.4
-1.52142 1.3
-1.52118 1.2
-1.52093 1.0
-1.52069 0.9
-1.52044 0.7
-1.5202 0.6
-1.51996 0.4
-1.51971 0.3
-1.51947 0.1
-1.51922 0.0
-1.51898 -0.2
-1.51874 -0.3
-1.51849 -0.5
-1.51825 -0.6
-1.518 -0.7
-1.51776 -0.9
-1.51752 -1.0
-1.51727 -1.2
-1.51703 -1.3
-1.51678 -1.4
-1.51654 -1.6
-1.51629 -1.7
-1.51605 -1.8
-1.51581 -1.9
-1.51556 -2.1
-1.51532 -2.2
-1.51507 -2.3
-1.51483 -2.4
-1.51459 -2.5
-1.51434 -2.5
-1.5141 -2.6
-1.51385 -2.7
-1.51361 -2.8
-1.51336 -2.8
-1.51312 -2.9
-1.51288 -2.9
-1.51263 -2.9
-1.51239 -3.0
-1.51214 -3.0
-1.5119 -3.0
-1.51166 -3.0
-1.51141 -3.0
-1.51117 -3.0
-1.51092 -3.0
-1.51068 -3.0
-1.51044 -2.9
-1.51019 -2.9
-1.50995 -2.9
-1.5097 -2.8
-1.50946 -2.8
-1.50921 -2.7
-1.50897 -2.6
-1.50873 -2.5
-1.50848 -2.5
-1.50824 -2.4
-1.50799 -2.3
-1.50775 -2.2
-1.50751 -2.1
-1.50726 -1.9
-1.50702 -1.8
-1.50677 -1.7
-1.50653 -1.6
-1.50628 -1.4
-1.50604 -1.3
-1.5058 -1.2
-1.50555 -1.0
-1.50531 -0.9
-1.50506 -0.7
-1.50482 -0.6
-1.50458 -0.5
-1.50433 -0.3
-1.50409 -0.2
-1.50384 0.0
-1.5036 0.2
-1.50336 0.3
-1.50311 0.5
-1.50287 0.6
-1.50262 0.7
-1.50238 0.9
-1.50213 1.0
-1.50189 1.2
-1.50165 1.3
-1.5014 1.5
-1.50116 1.6
-1.50091 1.7
-1.50067 1.8
-1.50043 2.0
-1.50018 2.1
-1.49994 2.2
-1.49969 2.3
-1.49945 2.4
-1.4992 2.5
-1.49896 2.5
-1.49872 2.6
-1.49847 2.7
-1.49823 2.8
-1.49798 2.8
-1.49774 2.9
-1.4975 2.9
-1.49725 3.0
-1.49701 3.0
-1.49676 3.0
-1.49652 3.0
-1.49627 3.0
-1.49603 3.0
-1.49579 3.0
-1.49554 3.0
-1.4953 3.0
-1.49505 3.0
-1.49481 2.9
-1.49457 2.9
-1.49432 2.8
-1.49408 2.8
-1.49383 2.7
-1.49359 2.6
-1.49335 2.5
-1.4931 2.5
-1.49286 2.4
-1.49261 2.3
-1.49237 2.2
-1.49212 2.0
-1.49188 1.9
-1.49164 1.8
-1.49139 1.7
-1.49115 1.6
-1.4909 1.4
-1.49066 1.3
-1.49042 1.2
-1.49017 1.0
-1.48993 0.9
-1.48968 0.7
-1.48944 0.6
-1.48919 0.4
-1.48895 0.3
-1.48871 0.1
-1.48846 0.0
-1.48822 -0.2
-1.48797 -0.3
-1.48773 -0.5
-1.48749 -0.6
-1.48724 -0.8
-1.487 -0.9
-1.48675 -1.1
-1.48651 -1.2
-1.48627 -1.4
-1.48602 -1.5
-1.48578 -1.6
-1.48553 -1.7
-1.48529 -1.9
-1.48504 -2.0
-1.4848 -2.1
-1.48456 -2.2
-1.48431 -2.3
-1.48407 -2.4
-1.48382 -2.5
-1.48358 -2.6
-1.48334 -2.7
-1.48309 -2.7
-1.48285 -2.8
-1.4826 -2.8
-1.48236 -2.9
-1.48211 -2.9
-1.48187 -3.0
-1.48163 -3.0
-1.48138 -3.0
-1.48114 -3.0
-1.48089 -3.0
-1.48065 -3.0
-1.48041 -3.0
-1.48016 -3.0
-1.47992 -3.0
-1.47967 -2.9
-1.47943 -2.9
-1.47919 -2.9
-1.47894 -2.8
-1.4787 -2.7
-1.47845 -2.7
-1.47821 -2.6
-1.47796 -2.5
-1.47772 -2.4
-1.47748 -2.3
-1.47723 -2.2
-1.47699 -2.1
-1.47674 -2.0
-1.4765 -1.9
-1.47626 -1.8
-1.47601 -1.6
-1.47577 -1.5
-1.47552 -1.4
-1.47528 -1.2
-1.47503 -1.1
-1.47479 -1.0
-1.47455 -0.8
-1.4743 -0.7
-1.47406 -0.5
-1.47381 -0.4
-1.47357 -0.2
-1.47333 0.0
-1.47308 0.1
-1.47284 0.3
-1.47259 0.4
-1.47235 0.6
-1.47211 0.7
-1.47186 0.9
-1.47162 1.0
-1.47137 1.1
-1.47113 1.3
-1.47088 1.4
-1.47064 1.6
-1.4704 1.7
-1.47015 1.8
-1.46991 1.9
-1.46966 2.0
-1.46942 2.2
-1.46918 2.3
-1.46893 2.4
-1.46869 2.5
-1.46844 2.5
-1.4682 2.6
-1.46795 2.7
-1.46771 2.8
-1.46747 2.8
-1.46722 2.9
-1.46698 2.9
-1.46673 3.0
-1.46649 3.0
-1.46625 3.0
-1.466 3.0
-1.46576 3.0
-1.46551 3.0
-1.46527 3.0
-1.46502 3.0
-1.46478 3.0
-1.46454 3.0
-1.46429 2.9
-1.46405 2.9
-1.4638 2.8
-1.46356 2.8
-1.46332 2.7
-1.46307 2.6
-1.46283 2.6
-1.46258 2.5
-1.46234 2.4
-1.4621 2.3
-1.46185 2.2
-1.46161 2.1
-1.46136 1.9
-1.46112 1.8
-1.46087 1.7
-1.46063 1.6
-1.46039 1.4
-1.46014 1.3
-1.4599 1.2
-1.45965 1.0
-1.45941 0.9
-1.45917 0.7
-1.45892 0.6
-1.45868 0.4
-1.45843 0.3
-1.45819 0.1
-1.45794 0.0
-1.4577 -0.2
-1.45746 -0.4
-1.45721 -0.5
-1.45697 -0.7
-1.45672 -0.8
-1.45648 -1.0
-1.45624 -1.1
-1.45599 -1.2
-1.45575 -1.4
-1.4555 -1.5
-1.45526 -1.7
-1.45502 -1.8
-1.45477 -1.9
-1.45453 -2.0
-1.45428 -2.1
-1.45404 -2.2
-1.45379 -2.3
-1.45355 -2.4
-1.45331 -2.5
-1.45306 -2.6
-1.45282 -2.7
-1.45257 -2.8
-1.45233 -2.8
-1.45209 -2.9
-1.45184 -2.9
-1.4516 -3.0
-1.45135 -3.0
-1.45111 -3.0
-1.45086 -3.0
-1.45062 -3.1
-1.45038 -3.1
-1.45013 -3.0
-1.44989 -3.0
-1.44964 -3.0
-1.4494 -3.0
-1.44916 -2.9
-1.44891 -2.9
-1.44867 -2.9
-1.44842 -2.8
-1.44818 -2.7
-1.44794 -2.7
-1.44769 -2.6
-1.44745 -2.5
-1.4472 -2.4
-1.44696 -2.3
-1.44671 -2.2
-1.44647 -2.1
-1.44623 -2.0
-1.44598 -1.8
-1.44574 -1.7
-1.44549 -1.6
-1.44525 -1.4
-1.44501 -1.3
-1.44476 -1.2
-1.44452 -1.0
-1.44427 -0.9
-1.44403 -0.7
-1.44378 -0.6
-1.44354 -0.4
-1.4433 -0.3
-1.44305 -0.1
-1.44281 0.0
-1.44256 0.2
-1.44232 0.3
-1.44208 0.5
-1.44183 0.7
-1.44159 0.8
-1.44134 1.0
-1.4411 1.1
-1.44086 1.2
-1.44061 1.4
-1.44037 1.5
-1.44012 1.7
-1.43988 1.8
-1.43963 1.9
-1.43939 2.0
-1.43915 2.1
-1.4389 2.2
-1.43866 2.3
-1.43841 2.4
-1.43817 2.5
-1.43793 2.6
-1.43768 2.7
-1.43744 2.8
-1.43719 2.8
-1.43695 2.9
-1.4367 2.9
-1.43646 3.0
-1.43622 3.0
-1.43597 3.0
-1.43573 3.0
-1.43548 3.1
-1.43524 3.1
-1.435 3.1
-1.43475 3.0
-1.43451 3.0
-1.43426 3.0
-1.43402 3.0
-1.43377 2.9
-1.43353 2.9
-1.43329 2.8
-1.43304 2.7
-1.4328 2.7
-1.43255 2.6
-1.43231 2.5
-1.43207 2.4
-1.43182 2.3
-1.43158 2.2
-1.43133 2.1
-1.43109 2.0
-1.43085 1.8
-1.4306 1.7
-1.43036 1.6
-1.43011 1.4
-1.42987 1.3
-1.42962 1.2
-1.42938 1.0
-1.42914 0.9
-1.42889 0.7
-1.42865 0.6
-1.4284 0.4
-1.42816 0.3
-1.42792 0.0
-1.42767 0.0
-1.42743 -0.2
-1.42718 -0.4
-1.42694 -0.5
-1.42669 -0.7
-1.42645 -0.8
-1.42621 -1.0
-1.42596 -1.1
-1.42572 -1.3
-1.42547 -1.4
-1.42523 -1.5
-1.42499 -1.7
-1.42474 -1.8
-1.4245 -1.9
-1.42425 -2.1
-1.42401 -2.2
-1.42377 -2.3
-1.42352 -2.4
-1.42328 -2.5
-1.42303 -2.6
-1.42279 -2.6
-1.42254 -2.7
-1.4223 -2.8
-1.42206 -2.8
-1.42181 -2.9
-1.42157 -3.0
-1.42132 -3.0
-1.42108 -3.0
-1.42084 -3.0
-1.42059 -3.1
-1.42035 -3.1
-1.4201 -3.1
-1.41986 -3.1
-1.41961 -3.0
-1.41937 -3.0
-1.41913 -3.0
-1.41888 -2.9
-1.41864 -2.9
-1.41839 -2.8
-1.41815 -2.8
-1.41791 -2.7
-1.41766 -2.6
-1.41742 -2.6
-1.41717 -2.5
-1.41693 -2.4
-1.41669 -2.3
-1.41644 -2.2
-1.4162 -2.0
-1.41595 -1.9
-1.41571 -1.8
-1.41546 -1.7
-1.41522 -1.5
-1.41498 -1.4
-1.41473 -1.3
-1.41449 -1.1
-1.41424 -1.0
-1.414 -0.8
-1.41376 -0.7
-1.41351 -0.5
-1.41327 -0.3
-1.41302 -0.2
-1.41278 0.0
-1.41253 0.1
-1.41229 0.3
-1.41205 0.4
-1.4118 0.6
-1.41156 0.7
-1.41131 0.9
-1.41107 1.0
-1.41083 1.2
-1.41058 1.3
-1.41034 1.5
-1.41009 1.6
-1.40985 1.7
-1.40961 1.9
-1.40936 2.0
-1.40912 2.1
-1.40887 2.2
-1.40863 2.3
-1.40838 2.4
-1.40814 2.5
-1.4079 2.6
-1.40765 2.7
-1.40741 2.8
-1.40716 2.8
-1.40692 2.9
-1.40668 2.9
-1.40643 3.0
-1.40619 3.0
-1.40594 3.0
-1.4057 3.1
-1.40545 3.1
-1.40521 3.1
-1.40497 3.1
-1.40472 3.1
-1.40448 3.0
-1.40423 3.0
-1.40399 3.0
-1.40375 2.9
-1.4035 2.9
-1.40326 2.8
-1.40301 2.8
-1.40277 2.7
-1.40252 2.6
-1.40228 2.5
-1.40204 2.4
-1.40179 2.3
-1.40155 2.2
-1.4013 2.1
-1.40106 2.0
-1.40082 1.9
-1.40057 1.7
-1.40033 1.6
-1.40008 1.5
-1.39984 1.3
-1.3996 1.2
-1.39935 1.0
-1.39911 0.9
-1.39886 0.7
-1.39862 0.6
-1.39837 0.4
-1.39813 0.3
-1.39789 0.0
-1.39764 0.0
-1.3974 -0.2
-1.39715 -0.4
-1.39691 -0.5
-1.39667 -0.7
-1.39642 -0.8
-1.39618 -1.0
-1.39593 -1.1
-1.39569 -1.3
-1.39544 -1.4
-1.3952 -1.6
-1.39496 -1.7
-1.39471 -1.8
-1.39447 -2.0
-1.39422 -2.1
-1.39398 -2.2
-1.39374 -2.3
-1.39349 -2.4
-1.39325 -2.5
-1.393 -2.6
-1.39276 -2.7
-1.39252 -2.7
-1.39227 -2.8
-1.39203 -2.9
-1.39178 -2.9
-1.39154 -3.0
-1.39129 -3.0
-1.39105 -3.0
-1.39081 -3.1
-1.39056 -3.1
-1.39032 -3.1
-1.39007 -3.1
-1.38983 -3.1
-1.38959 -3.1
-1.38934 -3.0
-1.3891 -3.0
-1.38885 -2.9
-1.38861 -2.9
-1.38836 -2.8
-1.38812 -2.8
-1.38788 -2.7
-1.38763 -2.6
-1.38739 -2.5
-1.38714 -2.4
-1.3869 -2.3
-1.38666 -2.2
-1.38641 -2.1
-1.38617 -2.0
-1.38592 -1.9
-1.38568 -1.8
-1.38544 -1.6
-1.38519 -1.5
-1.38495 -1.3
-1.3847 -1.2
-1.38446 -1.1
-1.38421 -0.9
-1.38397 -0.7
-1.38373 -0.6
-1.38348 -0.4
-1.38324 -0.3
-1.38299 -0.1
-1.38275 0.0
-1.38251 0.2
-1.38226 0.4
-1.38202 0.5
-1.38177 0.7
-1.38153 0.8
-1.38128 1.0
-1.38104 1.1
-1.3808 1.3
-1.38055 1.4
-1.38031 1.6
-1.38006 1.7
-1.37982 1.8
-1.37958 1.9
-1.37933 2.1
-1.37909 2.2
-1.37884 2.3
-1.3786 2.4
-1.37836 2.5
-1.37811 2.6
-1.37787 2.7
-1.37762 2.7
-1.37738 2.8
-1.37713 2.9
-1.37689 2.9
-1.37665 3.0
-1.3764 3.0
-1.37616 3.0
-1.37591 3.1
-1.37567 3.1
-1.37543 3.1
-1.37518 3.1
-1.37494 3.1
-1.37469 3.1
-1.37445 3.0
-1.3742 3.0
-1.37396 3.0
-1.37372 2.9
-1.37347 2.8
-1.37323 2.8
-1.37298 2.7
-1.37274 2.6
-1.3725 2.5
-1.37225 2.4
-1.37201 2.3
-1.37176 2.2
-1.37152 2.1
-1.37127 2.0
-1.37103 1.9
-1.37079 1.8
-1.37054 1.6
-1.3703 1.5
-1.37005 1.3
-1.36981 1.2
-1.36957 1.0
-1.36932 0.9
-1.36908 0.7
-1.36883 0.6
-1.36859 0.4
-1.36835 0.3
-1.3681 0.1
-1.36786 0.0
-1.36761 -0.2
-1.36737 -0.4
-1.36712 -0.5
-1.36688 -0.7
-1.36664 -0.8
-1.36639 -1.0
-1.36615 -1.1
-1.3659 -1.3
-1.36566 -1.4
-1.36542 -1.6
-1.36517 -1.7
-1.36493 -1.8
-1.36468 -2.0
-1.36444 -2.1
-1.36419 -2.2
-1.36395 -2.3
-1.36371 -2.4
-1.36346 -2.5
-1.36322 -2.6
-1.36297 -2.7
-1.36273 -2.8
-1.36249 -2.8
-1.36224 -2.9
-1.362 -2.9
-1.36175 -3.0
-1.36151 -3.0
-1.36127 -3.1
-1.36102 -3.1
-1.36078 -3.1
-1.36053 -3.1
-1.36029 -3.1
-1.36004 -3.1
-1.3598 -3.1
-1.35956 -3.0
-1.35931 -3.0
-1.35907 -3.0
-1.35882 -2.9
-1.35858 -2.8
-1.35834 -2.8
-1.35809 -2.7
-1.35785 -2.6
-1.3576 -2.5
-1.35736 -2.4
-1.35711 -2.3
-1.35687 -2.2
-1.35663 -2.1
-1.35638 -2.0
-1.35614 -1.9
-1.35589 -1.7
-1.35565 -1.6
-1.35541 -1.4
-1.35516 -1.3
-1.35492 -1.2
-1.35467 -1.0
-1.35443 -0.8
-1.35419 -0.7
-1.35394 -0.5
-1.3537 -0.4
-1.35345 -0.2
-1.35321 0.0
-1.35296 0.1
-1.35272 0.3
-1.35248 0.4
-1.35223 0.6
-1.35199 0.7
-1.35174 0.9
-1.3515 1.1
-1.35126 1.2
-1.35101 1.3
-1.35077 1.5
-1.35052 1.6
-1.35028 1.8
-1.35003 1.9
-1.34979 2.0
-1.34955 2.1
-1.3493 2.3
-1.34906 2.4
-1.34881 2.5
-1.34857 2.6
-1.34833 2.6
-1.34808 2.7
-1.34784 2.8
-1.34759 2.9
-1.34735 2.9
-1.34711 3.0
-1.34686 3.0
-1.34662 3.1
-1.34637 3.1
-1.34613 3.1
-1.34588 3.1
-1.34564 3.1
-1.3454 3.1
-1.34515 3.1
-1.34491 3.1
-1.34466 3.0
-1.34442 3.0
-1.34418 2.9
-1.34393 2.9
-1.34369 2.8
-1.34344 2.7
-1.3432 2.7
-1.34295 2.6
-1.34271 2.5
-1.34247 2.4
-1.34222 2.3
-1.34198 2.2
-1.34173 2.0
-1.34149 1.9
-1.34125 1.8
-1.341 1.7
-1.34076 1.5
-1.34051 1.4
-1.34027 1.2
-1.34002 1.1
-1.33978 0.9
-1.33954 0.8
-1.33929 0.6
-1.33905 0.4
-1.3388 0.3
-1.33856 0.1
-1.33832 0.0
-1.33807 -0.2
-1.33783 -0.4
-1.33758 -0.5
-1.33734 -0.7
-1.3371 -0.8
-1.33685 -1.0
-1.33661 -1.1
-1.33636 -1.3
-1.33612 -1.4
-1.33587 -1.6
-1.33563 -1.7
-1.33539 -1.9
-1.33514 -2.0
-1.3349 -2.1
-1.33465 -2.2
-1.33441 -2.3
-1.33417 -2.4
-1.33392 -2.5
-1.33368 -2.6
-1.33343 -2.7
-1.33319 -2.8
-1.33294 -2.9
-1.3327 -2.9
-1.33246 -3.0
-1.33221 -3.0
-1.33197 -3.1
-1.33172 -3.1
-1.33148 -3.1
-1.33124 -3.1
-1.33099 -3.1
-1.33075 -3.1
-1.3305 -3.1
-1.33026 -3.1
-1.33002 -3.0
-1.32977 -3.0
-1.32953 -3.0
-1.32928 -2.9
-1.32904 -2.8
-1.32879 -2.8
-1.32855 -2.7
-1.32831 -2.6
-1.32806 -2.5
-1.32782 -2.4
-1.32757 -2.3
-1.32733 -2.2
-1.32709 -2.1
-1.32684 -2.0
-1.3266 -1.8
-1.32635 -1.7
-1.32611 -1.6
-1.32586 -1.4
-1.32562 -1.3
-1.32538 -1.1
-1.32513 -1.0
-1.32489 -0.8
-1.32464 -0.6
-1.3244 -0.5
-1.32416 -0.3
-1.32391 -0.2
-1.32367 0.0
-1.32342 0.2
-1.32318 0.3
-1.32294 0.5
-1.32269 0.7
-1.32245 0.8
-1.3222 1.0
-1.32196 1.1
-1.32171 1.3
-1.32147 1.4
-1.32123 1.6
-1.32098 1.7
-1.32074 1.8
-1.32049 2.0
-1.32025 2.1
-1.32001 2.2
-1.31976 2.3
-1.31952 2.4
-1.31927 2.5
-1.31903 2.6
-1.31878 2.7
-1.31854 2.8
-1.3183 2.9
-1.31805 2.9
-1.31781 3.0
-1.31756 3.0
-1.31732 3.1
-1.31708 3.1
-1.31683 3.1
-1.31659 3.1
-1.31634 3.1
-1.3161 3.1
-1.31586 3.1
-1.31561 3.1
-1.31537 3.1
-1.31512 3.0
-1.31488 3.0
-1.31463 2.9
-1.31439 2.9
-1.31415 2.8
-1.3139 2.7
-1.31366 2.6
-1.31341 2.5
-1.31317 2.4
-1.31293 2.3
-1.31268 2.2
-1.31244 2.1
-1.31219 2.0
-1.31195 1.8
-1.3117 1.7
-1.31146 1.6
-1.31122 1.4
-1.31097 1.3
-1.31073 1.1
-1.31048 1.0
-1.31024 0.8
-1.31 0.6
-1.30975 0.5
-1.30951 0.3
-1.30926 0.2
-1.30902 0.0
-1.30877 -0.2
-1.30853 -0.3
-1.30829 -0.5
-1.30804 -0.7
-1.3078 -0.8
-1.30755 -1.0
-1.30731 -1.1
-1.30707 -1.3
-1.30682 -1.4
-1.30658 -1.6
-1.30633 -1.7
-1.30609 -1.9
-1.30585 -2.0
-1.3056 -2.1
-1.30536 -2.2
-1.30511 -2.3
-1.30487 -2.4
-1.30462 -2.5
-1.30438 -2.6
-1.30414 -2.7
-1.30389 -2.8
-1.30365 -2.9
-1.3034 -2.9
-1.30316 -3.0
-1.30292 -3.0
-1.30267 -3.1
-1.30243 -3.1
-1.30218 -3.1
-1.30194 -3.1
-1.30169 -3.1
-1.30145 -3.1
-1.30121 -3.1
-1.30096 -3.1
-1.30072 -3.1
-1.30047 -3.0
-1.30023 -3.0
-1.29999 -2.9
-1.29974 -2.8
-1.2995 -2.8
-1.29925 -2.7
-1.29901 -2.6
-1.29877 -2.5
-1.29852 -2.4
-1.29828 -2.3
-1.29803 -2.2
-1.29779 -2.1
-1.29754 -1.9
-1.2973 -1.8
-1.29706 -1.7
-1.29681 -1.5
-1.29657 -1.4
-1.29632 -1.2
-1.29608 -1.1
-1.29584 -0.9
-1.29559 -0.8
-1.29535 -0.6
-1.2951 -0.4
-1.29486 -0.3
-1.29461 -0.1
-1.29437 0.0
-1.29413 0.2
-1.29388 0.4
-1.29364 0.6
-1.29339 0.7
-1.29315 0.9
-1.29291 1.0
-1.29266 1.2
-1.29242 1.3
-1.29217 1.5
-1.29193 1.6
-1.29169 1.8
-1.29144 1.9
-1.2912 2.0
-1.29095 2.2
-1.29071 2.3
-1.29046 2.4
-1.29022 2.5
-1.28998 2.6
-1.28973 2.7
-1.28949 2.8
-1.28924 2.8
-1.289 2.9
-1.28876 3.0
-1.28851 3.0
-1.28827 3.1
-1.28802 3.1
-1.28778 3.1
-1.28753 3.1
-1.28729 3.1
-1.28705 3.1
-1.2868 3.1
-1.28656 3.1
-1.28631 3.1
-1.28607 3.0
-1.28583 3.0
-1.28558 3.0
-1.28534 2.9
-1.28509 2.8
-1.28485 2.7
-1.28461 2.7
-1.28436 2.6
-1.28412 2.5
-1.28387 2.4
-1.28363 2.3
-1.28338 2.1
-1.28314 2.0
-1.2829 1.9
-1.28265 1.7
-1.28241 1.6
-1.28216 1.5
-1.28192 1.3
-1.28168 1.2
-1.28143 1.0
-1.28119 0.8
-1.28094 0.7
-1.2807 0.5
-1.28045 0.4
-1.28021 0.2
-1.27997 0.0
-1.27972 -0.1
-1.27948 -0.3
-1.27923 -0.5
-1.27899 -0.6
-1.27875 -0.8
-1.2785 -1.0
-1.27826 -1.1
-1.27801 -1.3
-1.27777 -1.4
-1.27752 -1.6
-1.27728 -1.7
-1.27704 -1.9
-1.27679 -2.0
-1.27655 -2.1
-1.2763 -2.2
-1.27606 -2.3
-1.27582 -2.5
-1.27557 -2.6
-1.27533 -2.6
-1.27508 -2.7
-1.27484 -2.8
-1.2746 -2.9
-1.27435 -2.9
-1.27411 -3.0
-1.27386 -3.0
-1.27362 -3.1
-1.27337 -3.1
-1.27313 -3.1
-1.27289 -3.1
-1.27264 -3.1
-1.2724 -3.1
-1.27215 -3.1
-1.27191 -3.1
-1.27167 -3.1
-1.27142 -3.0
-1.27118 -3.0
-1.27093 -2.9
-1.27069 -2.9
-1.27044 -2.8
-1.2702 -2.7
-1.26996 -2.6
-1.26971 -2.5
-1.26947 -2.4
-1.26922 -2.3
-1.26898 -2.2
-1.26874 -2.1
-1.26849 -1.9
-1.26825 -1.8
-1.268 -1.6
-1.26776 -1.5
-1.26752 -1.4
-1.26727 -1.2
-1.26703 -1.0
-1.26678 -0.9
-1.26654 -0.7
-1.26629 -0.6
-1.26605 -0.4
-1.26581 -0.2
-1.26556 0.0
-1.26532 0.1
-1.26507 0.3
-1.26483 0.4
-1.26459 0.6
-1.26434 0.8
-1.2641 0.9
-1.26385 1.1
-1.26361 1.2
-1.26336 1.4
-1.26312 1.5
-1.26288 1.7
-1.26263 1.8
-1.26239 2.0
-1.26214 2.1
-1.2619 2.2
-1.26166 2.3
-1.26141 2.4
-1.26117 2.5
-1.26092 2.6
-1.26068 2.7
-1.26044 2.8
-1.26019 2.9
-1.25995 2.9
-1.2597 3.0
-1.25946 3.1
-1.25921 3.1
-1.25897 3.1
-1.25873 3.1
-1.25848 3.2
-1.25824 3.2
-1.25799 3.2
-1.25775 3.1
-1.25751 3.1
-1.25726 3.1
-1.25702 3.0
-1.25677 3.0
-1.25653 2.9
-1.25628 2.9
-1.25604 2.8
-1.2558 2.7
-1.25555 2.6
-1.25531 2.5
-1.25506 2.4
-1.25482 2.3
-1.25458 2.2
-1.25433 2.1
-1.25409 1.9
-1.25384 1.8
-1.2536 1.7
-1.25336 1.5
-1.25311 1.4
-1.25287 1.2
-1.25262 1.0
-1.25238 0.9
-1.25213 0.7
-1.25189 0.6
-1.25165 0.4
-1.2514 0.2
-1.25116 0.0
-1.25091 -0.1
-1.25067 -0.3
-1.25043 -0.4
-1.25018 -0.6
-1.24994 -0.8
-1.24969 -0.9
-1.24945 -1.1
-1.2492 -1.3
-1.24896 -1.4
-1.24872 -1.6
-1.24847 -1.7
-1.24823 -1.8
-1.24798 -2.0
-1.24774 -2.1
-1.2475 -2.2
-1.24725 -2.3
-1.24701 -2.5
-1.24676 -2.6
-1.24652 -2.7
-1.24627 -2.7
-1.24603 -2.8
-1.24579 -2.9
-1.24554 -3.0
-1.2453 -3.0
-1.24505 -3.1
-1.24481 -3.1
-1.24457 -3.1
-1.24432 -3.2
-1.24408 -3.2
-1.24383 -3.2
-1.24359 -3.2
-1.24335 -3.1
-1.2431 -3.1
-1.24286 -3.1
-1.24261 -3.0
-1.24237 -3.0
-1.24212 -2.9
-1.24188 -2.9
-1.24164 -2.8
-1.24139 -2.7
-1.24115 -2.6
-1.2409 -2.5
-1.24066 -2.4
-1.24042 -2.3
-1.24017 -2.2
-1.23993 -2.0
-1.23968 -1.9
-1.23944 -1.8
-1.23919 -1.6
-1.23895 -1.5
-1.23871 -1.3
-1.23846 -1.2
-1.23822 -1.0
-1.23797 -0.9
-1.23773 -0.7
-1.23749 -0.5
-1.23724 -0.4
-1.237 -0.2
-1.23675 0.0
-1.23651 0.2
-1.23627 0.3
-1.23602 0.5
-1.23578 0.7
-1.23553 0.8
-1.23529 1.0
-1.23504 1.2
-1.2348 1.3
-1.23456 1.5
-1.23431 1.6
-1.23407 1.8
-1.23382 1.9
-1.23358 2.0
-1.23334 2.2
-1.23309 2.3
-1.23285 2.4
-1.2326 2.5
-1.23236 2.6
-1.23211 2.7
-1.23187 2.8
-1.23163 2.9
-1.23138 2.9
-1.23114 3.0
-1.23089 3.0
-1.23065 3.1
-1.23041 3.1
-1.23016 3.1
-1.22992 3.2
-1.22967 3.2
-1.22943 3.2
-1.22919 3.2
-1.22894 3.1
-1.2287 3.1
-1.22845 3.1
-1.22821 3.0
-1.22796 3.0
-1.22772 2.9
-1.22748 2.8
-1.22723 2.8
-1.22699 2.7
-1.22674 2.6
-1.2265 2.5
-1.22626 2.4
-1.22601 2.2
-1.22577 2.1
-1.22552 2.0
-1.22528 1.9
-1.22503 1.7
-1.22479 1.6
-1.22455 1.4
-1.2243 1.3
-1.22406 1.1
-1.22381 0.9
-1.22357 0.8
-1.22333 0.6
-1.22308 0.4
-1.22284 0.3
-1.22259 0.0
-1.22235 0.0
-1.22211 -0.2
-1.22186 -0.4
-1.22162 -0.6
-1.22137 -0.8
-1.22113 -0.9
-1.22088 -1.1
-1.22064 -1.2
-1.2204 -1.4
-1.22015 -1.5
-1.21991 -1.7
-1.21966 -1.8
-1.21942 -2.0
-1.21918 -2.1
-1.21893 -2.2
-1.21869 -2.3
-1.21844 -2.5
-1.2182 -2.6
-1.21795 -2.7
-1.21771 -2.8
-1.21747 -2.8
-1.21722 -2.9
-1.21698 -3.0
-1.21673 -3.0
-1.21649 -3.1
-1.21625 -3.1
-1.216 -3.1
-1.21576 -3.2
-1.21551 -3.2
-1.21527 -3.2
-1.21502 -3.2
-1.21478 -3.2
-1.21454 -3.1
-1.21429 -3.1
-1.21405 -3.1
-1.2138 -3.0
-1.21356 -2.9
-1.21332 -2.9
-1.21307 -2.8
-1.21283 -2.7
-1.21258 -2.6
-1.21234 -2.5
-1.2121 -2.4
-1.21185 -2.3
-1.21161 -2.2
-1.21136 -2.0
-1.21112 -1.9
-1.21087 -1.8
-1.21063 -1.6
-1.21039 -1.5
-1.21014 -1.3
-1.2099 -1.1
-1.20965 -1.0
-1.20941 -0.8
-1.20917 -0.7
-1.20892 -0.5
-1.20868 -0.3
-1.20843 -0.1
-1.20819 0.0
-1.20794 0.2
-1.2077 0.4
-1.20746 0.5
-1.20721 0.7
-1.20697 0.9
-1.20672 1.0
-1.20648 1.2
-1.20624 1.4
-1.20599 1.5
-1.20575 1.7
-1.2055 1.8
-1.20526 2.0
-1.20502 2.1
-1.20477 2.2
-1.20453 2.3
-1.20428 2.4
-1.20404 2.6
-1.20379 2.7
-1.20355 2.7
-1.20331 2.8
-1.20306 2.9
-1.20282 3.0
-1.20257 3.0
-1.20233 3.1
-1.20209 3.1
-1.20184 3.2
-1.2016 3.2
-1.20135 3.2
-1.20111 3.2
-1.20086 3.2
-1.20062 3.2
-1.20038 3.1
-1.20013 3.1
-1.19989 3.1
-1.19964 3.0
-1.1994 3.0
-1.19916 2.9
-1.19891 2.8
-1.19867 2.7
-1.19842 2.6
-1.19818 2.5
-1.19794 2.4
-1.19769 2.3
-1.19745 2.2
-1.1972 2.0
-1.19696 1.9
-1.19671 1.8
-1.19647 1.6
-1.19623 1.5
-1.19598 1.3
-1.19574 1.2
-1.19549 1.0
-1.19525 0.8
-1.19501 0.7
-1.19476 0.5
-1.19452 0.3
-1.19427 0.1
-1.19403 0.0
-1.19378 -0.2
-1.19354 -0.4
-1.1933 -0.5
-1.19305 -0.7
-1.19281 -0.9
-1.19256 -1.0
-1.19232 -1.2
-1.19208 -1.4
-1.19183 -1.5
-1.19159 -1.7
-1.19134 -1.8
-1.1911 -2.0
-1.19086 -2.1
-1.19061 -2.2
-1.19037 -2.3
-1.19012 -2.5
-1.18988 -2.6
-1.18963 -2.7
-1.18939 -2.8
-1.18915 -2.8
-1.1889 -2.9
-1.18866 -3.0
-1.18841 -3.0
-1.18817 -3.1
-1.18793 -3.1
-1.18768 -3.2
-1.18744 -3.2
-1.18719 -3.2
-1.18695 -3.2
-1.1867 -3.2
-1.18646 -3.2
-1.18622 -3.2
-1.18597 -3.1
-1.18573 -3.1
-1.18548 -3.0
-1.18524 -3.0
-1.185 -2.9
-1.18475 -2.8
-1.18451 -2.7
-1.18426 -2.6
-1.18402 -2.5
-1.18377 -2.4
-1.18353 -2.3
-1.18329 -2.2
-1.18304 -2.0
-1.1828 -1.9
-1.18255 -1.7
-1.18231 -1.6
-1.18207 -1.4
-1.18182 -1.3
-1.18158 -1.1
-1.18133 -1.0
-1.18109 -0.8
-1.18085 -0.6
-1.1806 -0.5
-1.18036 -0.3
-1.18011 -0.1
-1.17987 0.0
-1.17962 0.2
-1.17938 0.4
-1.17914 0.6
-1.17889 0.8
-1.17865 0.9
-1.1784 1.1
-1.17816 1.3
-1.17792 1.4
-1.17767 1.6
-1.17743 1.7
-1.17718 1.9
-1.17694 2.0
-1.17669 2.1
-1.17645 2.3
-1.17621 2.4
-1.17596 2.5
-1.17572 2.6
-1.17547 2.7
-1.17523 2.8
-1.17499 2.9
-1.17474 3.0
-1.1745 3.0
-1.17425 3.1
-1.17401 3.1
-1.17377 3.2
-1.17352 3.2
-1.17328 3.2
-1.17303 3.2
-1.17279 3.2
-1.17254 3.2
-1.1723 3.2
-1.17206 3.1
-1.17181 3.1
-1.17157 3.1
-1.17132 3.0
-1.17108 2.9
-1.17084 2.9
-1.17059 2.8
-1.17035 2.7
-1.1701 2.6
-1.16986 2.5
-1.16961 2.4
-1.16937 2.2
-1.16913 2.1
-1.16888 2.0
-1.16864 1.8
-1.16839 1.7
-1.16815 1.5
-1.16791 1.4
-1.16766 1.2
-1.16742 1.1
-1.16717 0.9
-1.16693 0.7
-1.16669 0.5
-1.16644 0.4
-1.1662 0.2
-1.16595 0.0
-1.16571 -0.2
-1.16546 -0.3
-1.16522 -0.5
-1.16498 -0.7
-1.16473 -0.8
-1.16449 -1.0
-1.16424 -1.2
-1.164 -1.3
-1.16376 -1.5
-1.16351 -1.7
-1.16327 -1.8
-1.16302 -1.9
-1.16278 -2.1
-1.16253 -2.2
-1.16229 -2.3
-1.16205 -2.5
-1.1618 -2.6
-1.16156 -2.7
-1.16131 -2.8
-1.16107 -2.9
-1.16083 -2.9
-1.16058 -3.0
-1.16034 -3.1
-1.16009 -3.1
-1.15985 -3.1
-1.15961 -3.2
-1.15936 -3.2
-1.15912 -3.2
-1.15887 -3.2
-1.15863 -3.2
-1.15838 -3.2
-1.15814 -3.2
-1.1579 -3.1
-1.15765 -3.1
-1.15741 -3.0
-1.15716 -3.0
-1.15692 -2.9
-1.15668 -2.8
-1.15643 -2.7
-1.15619 -2.6
-1.15594 -2.5
-1.1557 -2.4
-1.15545 -2.3
-1.15521 -2.2
-1.15497 -2.0
-1.15472 -1.9
-1.15448 -1.7
-1.15423 -1.6
-1.15399 -1.4
-1.15375 -1.3
-1.1535 -1.1
-1.15326 -0.9
-1.15301 -0.8
-1.15277 -0.6
-1.15252 -0.4
-1.15228 -0.2
-1.15204 0.0
-1.15179 0.1
-1.15155 0.3
-1.1513 0.5
-1.15106 0.6
-1.15082 0.8
-1.15057 1.0
-1.15033 1.1
-1.15008 1.3
-1.14984 1.5
-1.1496 1.6
-1.14935 1.8
-1.14911 1.9
-1.14886 2.1
-1.14862 2.2
-1.14837 2.3
-1.14813 2.4
-1.14789 2.6
-1.14764 2.7
-1.1474 2.8
-1.14715 2.8
-1.14691 2.9
-1.14667 3.0
-1.14642 3.1
-1.14618 3.1
-1.14593 3.2
-1.14569 3.2
-1.14544 3.2
-1.1452 3.2
-1.14496 3.2
-1.14471 3.2
-1.14447 3.2
-1.14422 3.2
-1.14398 3.1
-1.14374 3.1
-1.14349 3.0
-1.14325 3.0
-1.143 2.9
-1.14276 2.8
-1.14252 2.7
-1.14227 2.6
-1.14203 2.5
-1.14178 2.4
-1.14154 2.3
-1.14129 2.2
-1.14105 2.0
-1.14081 1.9
-1.14056 1.8
-1.14032 1.6
-1.14007 1.4
-1.13983 1.3
-1.13959 1.1
-1.13934 0.9
-1.1391 0.8
-1.13885 0.6
-1.13861 0.4
-1.13836 0.3
-1.13812 0.0
-1.13788 -0.1
-1.13763 -0.3
-1.13739 -0.5
-1.13714 -0.6
-1.1369 -0.8
-1.13666 -1.0
-1.13641 -1.2
-1.13617 -1.3
-1.13592 -1.5
-1.13568 -1.6
-1.13544 -1.8
-1.13519 -1.9
-1.13495 -2.1
-1.1347 -2.2
-1.13446 -2.3
-1.13421 -2.5
-1.13397 -2.6
-1.13373 -2.7
-1.13348 -2.8
-1.13324 -2.9
-1.13299 -2.9
-1.13275 -3.0
-1.13251 -3.1
-1.13226 -3.1
-1.13202 -3.2
-1.13177 -3.2
-1.13153 -3.2
-1.13128 -3.2
-1.13104 -3.2
-1.1308 -3.2
-1.13055 -3.2
-1.13031 -3.2
-1.13006 -3.2
-1.12982 -3.1
-1.12958 -3.0
-1.12933 -3.0
-1.12909 -2.9
-1.12884 -2.8
-1.1286 -2.7
-1.12836 -2.6
-1.12811 -2.5
-1.12787 -2.4
-1.12762 -2.3
-1.12738 -2.2
-1.12713 -2.0
-1.12689 -1.9
-1.12665 -1.7
-1.1264 -1.6
-1.12616 -1.4
-1.12591 -1.3
-1.12567 -1.1
-1.12543 -0.9
-1.12518 -0.7
-1.12494 -0.6
-1.12469 -0.4
-1.12445 -0.2
-1.1242 0.0
-1.12396 0.1
-1.12372 0.3
-1.12347 0.5
-1.12323 0.7
-1.12298 0.9
-1.12274 1.0
-1.1225 1.2
-1.12225 1.4
-1.12201 1.5
-1.12176 1.7
-1.12152 1.8
-1.12127 2.0
-1.12103 2.1
-1.12079 2.3
-1.12054 2.4
-1.1203 2.5
-1.12005 2.6
-1.11981 2.7
-1.11957 2.8
-1.11932 2.9
-1.11908 3.0
-1.11883 3.0
-1.11859 3.1
-1.11835 3.1
-1.1181 3.2
-1.11786 3.2
-1.11761 3.2
-1.11737 3.2
-1.11712 3.2
-1.11688 3.2
-1.11664 3.2
-1.11639 3.2
-1.11615 3.1
-1.1159 3.1
-1.11566 3.0
-1.11542 3.0
-1.11517 2.9
-1.11493 2.8
-1.11468 2.7
-1.11444 2.6
-1.11419 2.5
-1.11395 2.4
-1.11371 2.2
-1.11346 2.1
-1.11322 2.0
-1.11297 1.8
-1.11273 1.7
-1.11249 1.5
-1.11224 1.3
-1.112 1.2
-1.11175 1.0
-1.11151 0.8
-1.11127 0.7
-1.11102 0.5
-1.11078 0.3
-1.11053 0.1
-1.11029 0.0
-1.11004 -0.2
-1.1098 -0.4
-1.10956 -0.6
-1.10931 -0.8
-1.10907 -0.9
-1.10882 -1.1
-1.10858 -1.3
-1.10834 -1.5
-1.10809 -1.6
-1.10785 -1.8
-1.1076 -1.9
-1.10736 -2.1
-1.10711 -2.2
-1.10687 -2.3
-1.10663 -2.5
-1.10638 -2.6
-1.10614 -2.7
-1.10589 -2.8
-1.10565 -2.9
-1.10541 -2.9
-1.10516 -3.0
-1.10492 -3.1
-1.10467 -3.1
-1.10443 -3.2
-1.10419 -3.2
-1.10394 -3.2
-1.1037 -3.3
-1.10345 -3.3
-1.10321 -3.2
-1.10296 -3.2
-1.10272 -3.2
-1.10248 -3.2
-1.10223 -3.1
-1.10199 -3.1
-1.10174 -3.0
-1.1015 -2.9
-1.10126 -2.8
-1.10101 -2.7
-1.10077 -2.6
-1.10052 -2.5
-1.10028 -2.4
-1.10003 -2.3
-1.09979 -2.2
-1.09955 -2.0
-1.0993 -1.9
-1.09906 -1.7
-1.09881 -1.6
-1.09857 -1.4
-1.09833 -1.2
-1.09808 -1.1
-1.09784 -0.9
-1.09759 -0.7
-1.09735 -0.5
-1.09711 -0.4
-1.09686 -0.2
-1.09662 0.0
-1.09637 0.2
-1.09613 0.4
-1.09588 0.6
-1.09564 0.7
-1.0954 0.9
-1.09515 1.1
-1.09491 1.3
-1.09466 1.4
-1.09442 1.6
-1.09418 1.7
-1.09393 1.9
-1.09369 2.0
-1.09344 2.2
-1.0932 2.3
-1.09295 2.4
-1.09271 2.6
-1.09247 2.7
-1.09222 2.8
-1.09198 2.9
-1.09173 2.9
-1.09149 3.0
-1.09125 3.1
-1.091 3.1
-1.09076 3.2
-1.09051 3.2
-1.09027 3.2
-1.09002 3.3
-1.08978 3.3
-1.08954 3.3
-1.08929 3.2
-1.08905 3.2
-1.0888 3.2
-1.08856 3.1
-1.08832 3.1
-1.08807 3.0
-1.08783 2.9
-1.08758 2.9
-1.08734 2.8
-1.0871 2.7
-1.08685 2.6
-1.08661 2.4
-1.08636 2.3
-1.08612 2.2
-1.08587 2.0
-1.08563 1.9
-1.08539 1.7
-1.08514 1.6
-1.0849 1.4
-1.08465 1.2
-1.08441 1.1
-1.08417 0.9
-1.08392 0.7
-1.08368 0.5
-1.08343 0.4
-1.08319 0.2
-1.08294 0.0
-1.0827 -0.2
-1.08246 -0.4
-1.08221 -0.6
-1.08197 -0.7
-1.08172 -0.9
-1.08148 -1.1
-1.08124 -1.3
-1.08099 -1.4
-1.08075 -1.6
-1.0805 -1.7
-1.08026 -1.9
-1.08002 -2.0
-1.07977 -2.2
-1.07953 -2.3
-1.07928 -2.4
-1.07904 -2.6
-1.07879 -2.7
-1.07855 -2.8
-1.07831 -2.9
-1.07806 -3.0
-1.07782 -3.0
-1.07757 -3.1
-1.07733 -3.1
-1.07709 -3.2
-1.07684 -3.2
-1.0766 -3.3
-1.07635 -3.3
-1.07611 -3.3
-1.07586 -3.3
-1.07562 -3.3
-1.07538 -3.2
-1.07513 -3.2
-1.07489 -3.1
-1.07464 -3.1
-1.0744 -3.0
-1.07416 -2.9
-1.07391 -2.9
-1.07367 -2.8
-1.07342 -2.7
-1.07318 -2.5
-1.07294 -2.4
-1.07269 -2.3
-1.07245 -2.2
-1.0722 -2.0
-1.07196 -1.9
-1.07171 -1.7
-1.07147 -1.6
-1.07123 -1.4
-1.07098 -1.2
-1.07074 -1.0
-1.07049 -0.9
-1.07025 -0.7
-1.07001 -0.5
-1.06976 -0.3
-1.06952 -0.1
-1.06927 0.0
-1.06903 0.2
-1.06878 0.4
-1.06854 0.6
-1.0683 0.8
-1.06805 1.0
-1.06781 1.1
-1.06756 1.3
-1.06732 1.5
-1.06708 1.6
-1.06683 1.8
-1.06659 1.9
-1.06634 2.1
-1.0661 2.2
-1.06586 2.4
-1.06561 2.5
-1.06537 2.6
-1.06512 2.7
-1.06488 2.8
-1.06463 2.9
-1.06439 3.0
-1.06415 3.1
-1.0639 3.1
-1.06366 3.2
-1.06341 3.2
-1.06317 3.2
-1.06293 3.3
-1.06268 3.3
-1.06244 3.3
-1.06219 3.3
-1.06195 3.3
-1.0617 3.2
-1.06146 3.2
-1.06122 3.1
-1.06097 3.1
-1.06073 3.0
-1.06048 2.9
-1.06024 2.8
-1.06 2.7
-1.05975 2.6
-1.05951 2.5
-1.05926 2.4
-1.05902 2.2
-1.05877 2.1
-1.05853 2.0
-1.05829 1.8
-1.05804 1.6
-1.0578 1.5
-1.05755 1.3
-1.05731 1.1
-1.05707 1.0
-1.05682 0.8
-1.05658 0.6
-1.05633 0.4
-1.05609 0.2
-1.05585 0.0
-1.0556 -0.1
-1.05536 -0.3
-1.05511 -0.5
-1.05487 -0.7
-1.05462 -0.9
-1.05438 -1.1
-1.05414 -1.2
-1.05389 -1.4
-1.05365 -1.6
-1.0534 -1.7
-1.05316 -1.9
-1.05292 -2.0
-1.05267 -2.2
-1.05243 -2.3
-1.05218 -2.4
-1.05194 -2.6
-1.05169 -2.7
-1.05145 -2.8
-1.05121 -2.9
-1.05096 -3.0
-1.05072 -3.0
-1.05047 -3.1
-1.05023 -3.2
-1.04999 -3.2
-1.04974 -3.2
-1.0495 -3.3
-1.04925 -3.3
-1.04901 -3.3
-1.04877 -3.3
-1.04852 -3.3
-1.04828 -3.2
-1.04803 -3.2
-1.04779 -3.2
-1.04754 -3.1
-1.0473 -3.0
-1.04706 -3.0
-1.04681 -2.9
-1.04657 -2.8
-1.04632 -2.7
-1.04608 -2.5
-1.04584 -2.4
-1.04559 -2.3
-1.04535 -2.2
-1.0451 -2.0
-1.04486 -1.9
-1.04461 -1.7
-1.04437 -1.5
-1.04413 -1.4
-1.04388 -1.2
-1.04364 -1.0
-1.04339 -0.8
-1.04315 -0.7
-1.04291 -0.5
-1.04266 -0.3
-1.04242 0.0
-1.04217 0.0
-1.04193 0.3
-1.04169 0.5
-1.04144 0.7
-1.0412 0.8
-1.04095 1.0
-1.04071 1.2
-1.04046 1.4
-1.04022 1.5
-1.03998 1.7
-1.03973 1.9
-1.03949 2.0
-1.03924 2.2
-1.039 2.3
-1.03876 2.4
-1.03851 2.6
-1.03827 2.7
-1.03802 2.8
-1.03778 2.9
-1.03753 3.0
-1.03729 3.0
-1.03705 3.1
-1.0368 3.2
-1.03656 3.2
-1.03631 3.3
-1.03607 3.3
-1.03583 3.3
-1.03558 3.3
-1.03534 3.3
-1.03509 3.3
-1.03485 3.3
-1.03461 3.2
-1.03436 3.2
-1.03412 3.1
-1.03387 3.0
-1.03363 3.0
-1.03338 2.9
-1.03314 2.8
-1.0329 2.7
-1.03265 2.6
-1.03241 2.4
-1.03216 2.3
-1.03192 2.2
-1.03168 2.0
-1.03143 1.9
-1.03119 1.7
-1.03094 1.5
-1.0307 1.4
-1.03045 1.2
-1.03021 1.0
-1.02997 0.8
-1.02972 0.7
-1.02948 0.5
-1.02923 0.3
-1.02899 0.0
-1.02875 0.0
-1.0285 -0.3
-1.02826 -0.5
-1.02801 -0.7
-1.02777 -0.8
-1.02752 -1.0
-1.02728 -1.2
-1.02704 -1.4
-1.02679 -1.5
-1.02655 -1.7
-1.0263 -1.9
-1.02606 -2.0
-1.02582 -2.2
-1.02557 -2.3
-1.02533 -2.4
-1.02508 -2.6
-1.02484 -2.7
-1.0246 -2.8
-1.02435 -2.9
-1.02411 -3.0
-1.02386 -3.1
-1.02362 -3.1
-1.02337 -3.2
-1.02313 -3.2
-1.02289 -3.3
-1.02264 -3.3
-1.0224 -3.3
-1.02215 -3.3
-1.02191 -3.3
-1.02167 -3.3
-1.02142 -3.3
-1.02118 -3.2
-1.02093 -3.2
-1.02069 -3.1
-1.02044 -3.0
-1.0202 -3.0
-1.01996 -2.9
-1.01971 -2.8
-1.01947 -2.7
-1.01922 -2.5
-1.01898 -2.4
-1.01874 -2.3
-1.01849 -2.1
-1.01825 -2.0
-1.018 -1.8
-1.01776 -1.7
-1.01752 -1.5
-1.01727 -1.3
-1.01703 -1.2
-1.01678 -1.0
-1.01654 -0.8
-1.01629 -0.6
-1.01605 -0.4
-1.01581 -0.2
-1.01556 0.0
-1.01532 0.1
-1.01507 0.3
-1.01483 0.5
-1.01459 0.7
-1.01434 0.9
-1.0141 1.1
-1.01385 1.3
-1.01361 1.4
-1.01336 1.6
-1.01312 1.8
-1.01288 1.9
-1.01263 2.1
-1.01239 2.2
-1.01214 2.4
-1.0119 2.5
-1.01166 2.6
-1.01141 2.7
-1.01117 2.8
-1.01092 2.9
-1.01068 3.0
-1.01044 3.1
-1.01019 3.2
-1.00995 3.2
-1.0097 3.3
-1.00946 3.3
-1.00921 3.3
-1.00897 3.3
-1.00873 3.3
-1.00848 3.3
-1.00824 3.3
-1.00799 3.3
-1.00775 3.2
-1.00751 3.2
-1.00726 3.1
-1.00702 3.0
-1.00677 2.9
-1.00653 2.8
-1.00628 2.7
-1.00604 2.6
-1.0058 2.5
-1.00555 2.4
-1.00531 2.2
-1.00506 2.1
-1.00482 1.9
-1.00458 1.8
-1.00433 1.6
-1.00409 1.4
-1.00384 1.3
-1.0036 1.1
-1.00336 0.9
-1.00311 0.7
-1.00287 0.5
-1.00262 0.3
-1.00238 0.1
-1.00213 0.0
-1.00189 -0.2
-1.00165 -0.4
-1.0014 -0.6
-1.00116 -0.8
-1.00091 -1.0
-1.00067 -1.2
-1.00043 -1.4
-1.00018 -1.5
-0.99994 -1.7
-0.99969 -1.9
-0.99945 -2.0
-0.9992 -2.2
-0.99896 -2.3
-0.99872 -2.4
-0.99847 -2.6
-0.99823 -2.7
-0.99798 -2.8
-0.99774 -2.9
-0.9975 -3.0
-0.99725 -3.1
-0.99701 -3.1
-0.99676 -3.2
-0.99652 -3.2
-0.99627 -3.3
-0.99603 -3.3
-0.99579 -3.3
-0.99554 -3.3
-0.9953 -3.3
-0.99505 -3.3
-0.99481 -3.3
-0.99457 -3.2
-0.99432 -3.2
-0.99408 -3.1
-0.99383 -3.1
-0.99359 -3.0
-0.99335 -2.9
-0.9931 -2.8
-0.99286 -2.7
-0.99261 -2.5
-0.99237 -2.4
-0.99212 -2.3
-0.99188 -2.1
-0.99164 -2.0
-0.99139 -1.8
-0.99115 -1.7
-0.9909 -1.5
-0.99066 -1.3
-0.99042 -1.1
-0.99017 -0.9
-0.98993 -0.8
-0.98968 -0.6
-0.98944 -0.4
-0.98919 -0.2
-0.98895 0.0
-0.98871 0.2
-0.98846 0.4
-0.98822 0.6
-0.98797 0.8
-0.98773 1.0
-0.98749 1.1
-0.98724 1.3
-0.987 1.5
-0.98675 1.7
-0.98651 1.8
-0.98627 2.0
-0.98602 2.1
-0.98578 2.3
-0.98553 2.4
-0.98529 2.6
-0.98504 2.7
-0.9848 2.8
-0.98456 2.9
-0.98431 3.0
-0.98407 3.1
-0.98382 3.1
-0.98358 3.2
-0.98334 3.3
-0.98309 3.3
-0.98285 3.3
-0.9826 3.3
-0.98236 3.3
-0.98211 3.3
-0.98187 3.3
-0.98163 3.3
-0.98138 3.3
-0.98114 3.2
-0.98089 3.1
-0.98065 3.1
-0.98041 3.0
-0.98016 2.9
-0.97992 2.8
-0.97967 2.7
-0.97943 2.6
-0.97919 2.4
-0.97894 2.3
-0.9787 2.1
-0.97845 2.0
-0.97821 1.8
-0.97796 1.7
-0.97772 1.5
-0.97748 1.3
-0.97723 1.1
-0.97699 1.0
-0.97674 0.8
-0.9765 0.6
-0.97626 0.4
-0.97601 0.2
-0.97577 0.0
-0.97552 -0.2
-0.97528 -0.4
-0.97503 -0.6
-0.97479 -0.8
-0.97455 -1.0
-0.9743 -1.2
-0.97406 -1.3
-0.97381 -1.5
-0.97357 -1.7
-0.97333 -1.9
-0.97308 -2.0
-0.97284 -2.2
-0.97259 -2.3
-0.97235 -2.5
-0.97211 -2.6
-0.97186 -2.7
-0.97162 -2.8
-0.97137 -2.9
-0.97113 -3.0
-0.97088 -3.1
-0.97064 -3.2
-0.9704 -3.2
-0.97015 -3.3
-0.96991 -3.3
-0.96966 -3.3
-0.96942 -3.4
-0.96918 -3.4
-0.96893 -3.3
-0.96869 -3.3
-0.96844 -3.3
-0.9682 -3.3
-0.96795 -3.2
-0.96771 -3.1
-0.96747 -3.1
-0.96722 -3.0
-0.96698 -2.9
-0.96673 -2.8
-0.96649 -2.7
-0.96625 -2.5
-0.966 -2.4
-0.96576 -2.3
-0.96551 -2.1
-0.96527 -2.0
-0.96502 -1.8
-0.96478 -1.6
-0.96454 -1.5
-0.96429 -1.3
-0.96405 -1.1
-0.9638 -0.9
-0.96356 -0.7
-0.96332 -0.5
-0.96307 -0.3
-0.96283 -0.1
-0.96258 0.0
-0.96234 0.3
-0.9621 0.5
-0.96185 0.7
-0.96161 0.8
-0.96136 1.0
-0.96112 1.2
-0.96087 1.4
-0.96063 1.6
-0.96039 1.8
-0.96014 1.9
-0.9599 2.1
-0.95965 2.2
-0.95941 2.4
-0.95917 2.5
-0.95892 2.6
-0.95868 2.8
-0.95843 2.9
-0.95819 3.0
-0.95794 3.0
-0.9577 3.1
-0.95746 3.2
-0.95721 3.3
-0.95697 3.3
-0.95672 3.3
-0.95648 3.4
-0.95624 3.4
-0.95599 3.4
-0.95575 3.4
-0.9555 3.3
-0.95526 3.3
-0.95502 3.2
-0.95477 3.2
-0.95453 3.1
-0.95428 3.0
-0.95404 2.9
-0.95379 2.8
-0.95355 2.7
-0.95331 2.6
-0.95306 2.5
-0.95282 2.3
-0.95257 2.2
-0.95233 2.0
-0.95209 1.9
-0.95184 1.7
-0.9516 1.5
-0.95135 1.4
-0.95111 1.2
-0.95086 1.0
-0.95062 0.8
-0.95038 0.6
-0.95013 0.4
-0.94989 0.2
-0.94964 0.0
-0.9494 -0.2
-0.94916 -0.4
-0.94891 -0.6
-0.94867 -0.8
-0.94842 -1.0
-0.94818 -1.1
-0.94794 -1.3
-0.94769 -1.5
-0.94745 -1.7
-0.9472 -1.9
-0.94696 -2.0
-0.94671 -2.2
-0.94647 -2.3
-0.94623 -2.5
-0.94598 -2.6
-0.94574 -2.7
-0.94549 -2.8
-0.94525 -2.9
-0.94501 -3.0
-0.94476 -3.1
-0.94452 -3.2
-0.94427 -3.2
-0.94403 -3.3
-0.94378 -3.3
-0.94354 -3.4
-0.9433 -3.4
-0.94305 -3.4
-0.94281 -3.4
-0.94256 -3.3
-0.94232 -3.3
-0.94208 -3.3
-0.94183 -3.2
-0.94159 -3.1
-0.94134 -3.1
-0.9411 -3.0
-0.94086 -2.9
-0.94061 -2.8
-0.94037 -2.7
-0.94012 -2.5
-0.93988 -2.4
-0.93963 -2.2
-0.93939 -2.1
-0.93915 -1.9
-0.9389 -1.8
-0.93866 -1.6
-0.93841 -1.4
-0.93817 -1.2
-0.93793 -1.0
-0.93768 -0.8
-0.93744 -0.7
-0.93719 -0.5
-0.93695 -0.3
-0.9367 0.0
-0.93646 0.1
-0.93622 0.3
-0.93597 0.5
-0.93573 0.7
-0.93548 0.9
-0.93524 1.1
-0.935 1.3
-0.93475 1.5
-0.93451 1.7
-0.93426 1.8
-0.93402 2.0
-0.93377 2.2
-0.93353 2.3
-0.93329 2.5
-0.93304 2.6
-0.9328 2.7
-0.93255 2.8
-0.93231 2.9
-0.93207 3.0
-0.93182 3.1
-0.93158 3.2
-0.93133 3.2
-0.93109 3.3
-0.93085 3.3
-0.9306 3.4
-0.93036 3.4
-0.93011 3.4
-0.92987 3.4
-0.92962 3.4
-0.92938 3.3
-0.92914 3.3
-0.92889 3.2
-0.92865 3.2
-0.9284 3.1
-0.92816 3.0
-0.92792 2.9
-0.92767 2.8
-0.92743 2.7
-0.92718 2.5
-0.92694 2.4
-0.92669 2.3
-0.92645 2.1
-0.92621 1.9
-0.92596 1.8
-0.92572 1.6
-0.92547 1.4
-0.92523 1.2
-0.92499 1.0
-0.92474 0.8
-0.9245 0.6
-0.92425 0.4
-0.92401 0.2
-0.92377 0.0
-0.92352 -0.2
-0.92328 -0.4
-0.92303 -0.6
-0.92279 -0.8
-0.92254 -1.0
-0.9223 -1.1
-0.92206 -1.3
-0.92181 -1.5
-0.92157 -1.7
-0.92132 -1.9
-0.92108 -2.0
-0.92084 -2.2
-0.92059 -2.3
-0.92035 -2.5
-0.9201 -2.6
-0.91986 -2.7
-0.91961 -2.9
-0.91937 -3.0
-0.91913 -3.1
-0.91888 -3.1
-0.91864 -3.2
-0.91839 -3.3
-0.91815 -3.3
-0.91791 -3.4
-0.91766 -3.4
-0.91742 -3.4
-0.91717 -3.4
-0.91693 -3.4
-0.91669 -3.4
-0.91644 -3.3
-0.9162 -3.3
-0.91595 -3.2
-0.91571 -3.2
-0.91546 -3.1
-0.91522 -3.0
-0.91498 -2.9
-0.91473 -2.8
-0.91449 -2.6
-0.91424 -2.5
-0.914 -2.4
-0.91376 -2.2
-0.91351 -2.1
-0.91327 -1.9
-0.91302 -1.7
-0.91278 -1.5
-0.91253 -1.4
-0.91229 -1.2
-0.91205 -1.0
-0.9118 -0.8
-0.91156 -0.6
-0.91131 -0.4
-0.91107 -0.2
-0.91083 0.0
-0.91058 0.2
-0.91034 0.4
-0.91009 0.6
-0.90985 0.8
-0.90961 1.0
-0.90936 1.2
-0.90912 1.4
-0.90887 1.6
-0.90863 1.8
-0.90838 1.9
-0.90814 2.1
-0.9079 2.3
-0.90765 2.4
-0.90741 2.5
-0.90716 2.7
-0.90692 2.8
-0.90668 2.9
-0.90643 3.0
-0.90619 3.1
-0.90594 3.2
-0.9057 3.2
-0.90545 3.3
-0.90521 3.3
-0.90497 3.4
-0.90472 3.4
-0.90448 3.4
-0.90423 3.4
-0.90399 3.4
-0.90375 3.4
-0.9035 3.3
-0.90326 3.3
-0.90301 3.2
-0.90277 3.1
-0.90252 3.0
-0.90228 2.9
-0.90204 2.8
-0.90179 2.7
-0.90155 2.6
-0.9013 2.4
-0.90106 2.3
-0.90082 2.1
-0.90057 2.0
-0.90033 1.8
-0.90008 1.6
-0.89984 1.4
-0.8996 1.3
-0.89935 1.1
-0.89911 0.9
-0.89886 0.7
-0.89862 0.5
-0.89837 0.3
-0.89813 0.0
-0.89789 -0.1
-0.89764 -0.4
-0.8974 -0.6
-0.89715 -0.8
-0.89691 -1.0
-0.89667 -1.2
-0.89642 -1.3
-0.89618 -1.5
-0.89593 -1.7
-0.89569 -1.9
-0.89544 -2.1
-0.8952 -2.2
-0.89496 -2.4
-0.89471 -2.5
-0.89447 -2.6
-0.89422 -2.8
-0.89398 -2.9
-0.89374 -3.0
-0.89349 -3.1
-0.89325 -3.2
-0.893 -3.2
-0.89276 -3.3
-0.89252 -3.3
-0.89227 -3.4
-0.89203 -3.4
-0.89178 -3.4
-0.89154 -3.4
-0.89129 -3.4
-0.89105 -3.4
-0.89081 -3.3
-0.89056 -3.3
-0.89032 -3.2
-0.89007 -3.2
-0.88983 -3.1
-0.88959 -3.0
-0.88934 -2.9
-0.8891 -2.7
-0.88885 -2.6
-0.88861 -2.5
-0.88836 -2.3
-0.88812 -2.2
-0.88788 -2.0
-0.88763 -1.8
-0.88739 -1.7
-0.88714 -1.5
-0.8869 -1.3
-0.88666 -1.1
-0.88641 -0.9
-0.88617 -0.7
-0.88592 -0.5
-0.88568 -0.3
-0.88544 0.0
-0.88519 0.1
-0.88495 0.3
-0.8847 0.5
-0.88446 0.7
-0.88421 0.9
-0.88397 1.1
-0.88373 1.3
-0.88348 1.5
-0.88324 1.7
-0.88299 1.9
-0.88275 2.0
-0.88251 2.2
-0.88226 2.4
-0.88202 2.5
-0.88177 2.6
-0.88153 2.8
-0.88128 2.9
-0.88104 3.0
-0.8808 3.1
-0.88055 3.2
-0.88031 3.2
-0.88006 3.3
-0.87982 3.4
-0.87958 3.4
-0.87933 3.4
-0.87909 3.4
-0.87884 3.4
-0.8786 3.4
-0.87836 3.4
-0.87811 3.3
-0.87787 3.3
-0.87762 3.2
-0.87738 3.2
-0.87713 3.1
-0.87689 3.0
-0.87665 2.9
-0.8764 2.7
-0.87616 2.6
-0.87591 2.5
-0.87567 2.3
-0.87543 2.2
-0.87518 2.0
-0.87494 1.8
-0.87469 1.7
-0.87445 1.5
-0.8742 1.3
-0.87396 1.1
-0.87372 0.9
-0.87347 0.7
-0.87323 0.5
-0.87298 0.3
-0.87274 0.0
-0.8725 -0.2
-0.87225 -0.4
-0.87201 -0.6
-0.87176 -0.8
-0.87152 -1.0
-0.87127 -1.2
-0.87103 -1.4
-0.87079 -1.6
-0.87054 -1.7
-0.8703 -1.9
-0.87005 -2.1
-0.86981 -2.2
-0.86957 -2.4
-0.86932 -2.5
-0.86908 -2.7
-0.86883 -2.8
-0.86859 -2.9
-0.86835 -3.0
-0.8681 -3.1
-0.86786 -3.2
-0.86761 -3.3
-0.86737 -3.3
-0.86712 -3.4
-0.86688 -3.4
-0.86664 -3.4
-0.86639 -3.4
-0.86615 -3.4
-0.8659 -3.4
-0.86566 -3.4
-0.86542 -3.3
-0.86517 -3.3
-0.86493 -3.2
-0.86468 -3.1
-0.86444 -3.1
-0.86419 -3.0
-0.86395 -2.8
-0.86371 -2.7
-0.86346 -2.6
-0.86322 -2.4
-0.86297 -2.3
-0.86273 -2.1
-0.86249 -2.0
-0.86224 -1.8
-0.862 -1.6
-0.86175 -1.4
-0.86151 -1.2
-0.86127 -1.0
-0.86102 -0.8
-0.86078 -0.6
-0.86053 -0.4
-0.86029 -0.2
-0.86004 0.0
-0.8598 0.2
-0.85956 0.4
-0.85931 0.7
-0.85907 0.9
-0.85882 1.1
-0.85858 1.3
-0.85834 1.5
-0.85809 1.6
-0.85785 1.8
-0.8576 2.0
-0.85736 2.2
-0.85711 2.3
-0.85687 2.5
-0.85663 2.6
-0.85638 2.8
-0.85614 2.9
-0.85589 3.0
-0.85565 3.1
-0.85541 3.2
-0.85516 3.3
-0.85492 3.3
-0.85467 3.4
-0.85443 3.4
-0.85419 3.4
-0.85394 3.5
-0.8537 3.5
-0.85345 3.4
-0.85321 3.4
-0.85296 3.4
-0.85272 3.3
-0.85248 3.3
-0.85223 3.2
-0.85199 3.1
-0.85174 3.0
-0.8515 2.9
-0.85126 2.8
-0.85101 2.6
-0.85077 2.5
-0.85052 2.4
-0.85028 2.2
-0.85003 2.0
-0.84979 1.9
-0.84955 1.7
-0.8493 1.5
-0.84906 1.3
-0.84881 1.1
-0.84857 0.9
-0.84833 0.7
-0.84808 0.5
-0.84784 0.3
-0.84759 0.0
-0.84735 -0.2
-0.84711 -0.4
-0.84686 -0.6
-0.84662 -0.8
-0.84637 -1.0
-0.84613 -1.2
-0.84588 -1.4
-0.84564 -1.6
-0.8454 -1.8
-0.84515 -2.0
-0.84491 -2.1
-0.84466 -2.3
-0.84442 -2.4
-0.84418 -2.6
-0.84393 -2.7
-0.84369 -2.9
-0.84344 -3.0
-0.8432 -3.1
-0.84295 -3.2
-0.84271 -3.2
-0.84247 -3.3
-0.84222 -3.4
-0.84198 -3.4
-0.84173 -3.4
-0.84149 -3.5
-0.84125 -3.5
-0.841 -3.5
-0.84076 -3.4
-0.84051 -3.4
-0.84027 -3.4
-0.84002 -3.3
-0.83978 -3.2
-0.83954 -3.1
-0.83929 -3.0
-0.83905 -2.9
-0.8388 -2.8
-0.83856 -2.7
-0.83832 -2.5
-0.83807 -2.4
-0.83783 -2.2
-0.83758 -2.1
-0.83734 -1.9
-0.8371 -1.7
-0.83685 -1.5
-0.83661 -1.3
-0.83636 -1.1
-0.83612 -0.9
-0.83587 -0.7
-0.83563 -0.5
-0.83539 -0.3
-0.83514 0.0
-0.8349 0.2
-0.83465 0.4
-0.83441 0.6
-0.83417 0.8
-0.83392 1.0
-0.83368 1.2
-0.83343 1.4
-0.83319 1.6
-0.83294 1.8
-0.8327 2.0
-0.83246 2.1
-0.83221 2.3
-0.83197 2.5
-0.83172 2.6
-0.83148 2.7
-0.83124 2.9
-0.83099 3.0
-0.83075 3.1
-0.8305 3.2
-0.83026 3.3
-0.83002 3.3
-0.82977 3.4
-0.82953 3.4
-0.82928 3.5
-0.82904 3.5
-0.82879 3.5
-0.82855 3.5
-0.82831 3.4
-0.82806 3.4
-0.82782 3.4
-0.82757 3.3
-0.82733 3.2
-0.82709 3.1
-0.82684 3.0
-0.8266 2.9
-0.82635 2.8
-0.82611 2.7
-0.82586 2.5
-0.82562 2.4
-0.82538 2.2
-0.82513 2.0
-0.82489 1.9
-0.82464 1.7
-0.8244 1.5
-0.82416 1.3
-0.82391 1.1
-0.82367 0.9
-0.82342 0.7
-0.82318 0.4
-0.82294 0.2
-0.82269 0.0
-0.82245 -0.2
-0.8222 -0.4
-0.82196 -0.6
-0.82171 -0.8
-0.82147 -1.1
-0.82123 -1.3
-0.82098 -1.5
-0.82074 -1.6
-0.82049 -1.8
-0.82025 -2.0
-0.82001 -2.2
-0.81976 -2.4
-0.81952 -2.5
-0.81927 -2.7
-0.81903 -2.8
-0.81878 -2.9
-0.81854 -3.0
-0.8183 -3.1
-0.81805 -3.2
-0.81781 -3.3
-0.81756 -3.4
-0.81732 -3.4
-0.81708 -3.5
-0.81683 -3.5
-0.81659 -3.5
-0.81634 -3.5
-0.8161 -3.5
-0.81586 -3.4
-0.81561 -3.4
-0.81537 -3.3
-0.81512 -3.3
-0.81488 -3.2
-0.81463 -3.1
-0.81439 -3.0
-0.81415 -2.9
-0.8139 -2.8
-0.81366 -2.6
-0.81341 -2.5
-0.81317 -2.3
-0.81293 -2.1
-0.81268 -2.0
-0.81244 -1.8
-0.81219 -1.6
-0.81195 -1.4
-0.8117 -1.2
-0.81146 -1.0
-0.81122 -0.8
-0.81097 -0.6
-0.81073 -0.3
-0.81048 -0.1
-0.81024 0.0
-0.81 0.3
-0.80975 0.5
-0.80951 0.7
-0.80926 1.0
-0.80902 1.2
-0.80877 1.4
-0.80853 1.6
-0.80829 1.8
-0.80804 1.9
-0.8078 2.1
-0.80755 2.3
-0.80731 2.4
-0.80707 2.6
-0.80682 2.7
-0.80658 2.9
-0.80633 3.0
-0.80609 3.1
-0.80585 3.2
-0.8056 3.3
-0.80536 3.3
-0.80511 3.4
-0.80487 3.5
-0.80462 3.5
-0.80438 3.5
-0.80414 3.5
-0.80389 3.5
-0.80365 3.5
-0.8034 3.4
-0.80316 3.4
-0.80292 3.3
-0.80267 3.2
-0.80243 3.1
-0.80218 3.0
-0.80194 2.9
-0.80169 2.8
-0.80145 2.7
-0.80121 2.5
-0.80096 2.4
-0.80072 2.2
-0.80047 2.0
-0.80023 1.8
-0.79999 1.7
-0.79974 1.5
-0.7995 1.3
-0.79925 1.0
-0.79901 0.8
-0.79877 0.6
-0.79852 0.4
-0.79828 0.2
-0.79803 0.0
-0.79779 -0.3
-0.79754 -0.5
-0.7973 -0.7
-0.79706 -0.9
-0.79681 -1.1
-0.79657 -1.3
-0.79632 -1.5
-0.79608 -1.7
-0.79584 -1.9
-0.79559 -2.1
-0.79535 -2.3
-0.7951 -2.4
-0.79486 -2.6
-0.79461 -2.7
-0.79437 -2.9
-0.79413 -3.0
-0.79388 -3.1
-0.79364 -3.2
-0.79339 -3.3
-0.79315 -3.4
-0.79291 -3.4
-0.79266 -3.5
-0.79242 -3.5
-0.79217 -3.5
-0.79193 -3.5
-0.79169 -3.5
-0.79144 -3.5
-0.7912 -3.4
-0.79095 -3.4
-0.79071 -3.3
-0.79046 -3.3
-0.79022 -3.2
-0.78998 -3.1
-0.78973 -2.9
-0.78949 -2.8
-0.78924 -2.7
-0.789 -2.5
-0.78876 -2.4
-0.78851 -2.2
-0.78827 -2.0
-0.78802 -1.9
-0.78778 -1.7
-0.78753 -1.5
-0.78729 -1.3
-0.78705 -1.0
-0.7868 -0.8
-0.78656 -0.6
-0.78631 -0.4
-0.78607 -0.2
-0.78583 0.0
-0.78558 0.3
-0.78534 0.5
-0.78509 0.7
-0.78485 0.9
-0.78461 1.1
-0.78436 1.3
-0.78412 1.5
-0.78387 1.7
-0.78363 1.9
-0.78338 2.1
-0.78314 2.3
-0.7829 2.5
-0.78265 2.6
-0.78241 2.8
-0.78216 2.9
-0.78192 3.0
-0.78168 3.1
-0.78143 3.2
-0.78119 3.3
-0.78094 3.4
-0.7807 3.4
-0.78045 3.5
-0.78021 3.5
-0.77997 3.5
-0.77972 3.5
-0.77948 3.5
-0.77923 3.5
-0.77899 3.5
-0.77875 3.4
-0.7785 3.3
-0.77826 3.3
-0.77801 3.2
-0.77777 3.1
-0.77752 2.9
-0.77728 2.8
-0.77704 2.7
-0.77679 2.5
-0.77655 2.3
-0.7763 2.2
-0.77606 2.0
-0.77582 1.8
-0.77557 1.6
-0.77533 1.4
-0.77508 1.2
-0.77484 1.0
-0.7746 0.8
-0.77435 0.6
-0.77411 0.3
-0.77386 0.1
-0.77362 -0.1
-0.77337 -0.3
-0.77313 -0.6
-0.77289 -0.8
-0.77264 -1.0
-0.7724 -1.2
-0.77215 -1.4
-0.77191 -1.6
-0.77167 -1.8
-0.77142 -2.0
-0.77118 -2.2
-0.77093 -2.4
-0.77069 -2.5
-0.77044 -2.7
-0.7702 -2.8
-0.76996 -2.9
-0.76971 -3.1
-0.76947 -3.2
-0.76922 -3.3
-0.76898 -3.3
-0.76874 -3.4
-0.76849 -3.5
-0.76825 -3.5
-0.768 -3.5
-0.76776 -3.5
-0.76752 -3.5
-0.76727 -3.5
-0.76703 -3.5
-0.76678 -3.4
-0.76654 -3.4
-0.76629 -3.3
-0.76605 -3.2
-0.76581 -3.1
-0.76556 -3.0
-0.76532 -2.9
-0.76507 -2.7
-0.76483 -2.6
-0.76459 -2.4
-0.76434 -2.3
-0.7641 -2.1
-0.76385 -1.9
-0.76361 -1.7
-0.76336 -1.5
-0.76312 -1.3
-0.76288 -1.1
-0.76263 -0.9
-0.76239 -0.7
-0.76214 -0.4
-0.7619 -0.2
-0.76166 0.0
-0.76141 0.2
-0.76117 0.5
-0.76092 0.7
-0.76068 0.9
-0.76044 1.1
-0.76019 1.3
-0.75995 1.6
-0.7597 1.8
-0.75946 1.9
-0.75921 2.1
-0.75897 2.3
-0.75873 2.5
-0.75848 2.6
-0.75824 2.8
-0.75799 2.9
-0.75775 3.0
-0.75751 3.1
-0.75726 3.2
-0.75702 3.3
-0.75677 3.4
-0.75653 3.5
-0.75628 3.5
-0.75604 3.5
-0.7558 3.6
-0.75555 3.6
-0.75531 3.5
-0.75506 3.5
-0.75482 3.5
-0.75458 3.4
-0.75433 3.3
-0.75409 3.3
-0.75384 3.2
-0.7536 3.0
-0.75336 2.9
-0.75311 2.8
-0.75287 2.6
-0.75262 2.5
-0.75238 2.3
-0.75213 2.1
-0.75189 1.9
-0.75165 1.8
-0.7514 1.6
-0.75116 1.3
-0.75091 1.1
-0.75067 0.9
-0.75043 0.7
-0.75018 0.5
-0.74994 0.2
-0.74969 0.0
-0.74945 -0.2
-0.7492 -0.4
-0.74896 -0.7
-0.74872 -0.9
-0.74847 -1.1
-0.74823 -1.3
-0.74798 -1.5
-0.74774 -1.7
-0.7475 -1.9
-0.74725 -2.1
-0.74701 -2.3
-0.74676 -2.5
-0.74652 -2.6
-0.74627 -2.8
-0.74603 -2.9
-0.74579 -3.0
-0.74554 -3.2
-0.7453 -3.3
-0.74505 -3.3
-0.74481 -3.4
-0.74457 -3.5
-0.74432 -3.5
-0.74408 -3.5
-0.74383 -3.6
-0.74359 -3.6
-0.74335 -3.6
-0.7431 -3.5
-0.74286 -3.5
-0.74261 -3.4
-0.74237 -3.3
-0.74212 -3.3
-0.74188 -3.2
-0.74164 -3.1
-0.74139 -2.9
-0.74115 -2.8
-0.7409 -2.6
-0.74066 -2.5
-0.74042 -2.3
-0.74017 -2.1
-0.73993 -1.9
-0.73968 -1.7
-0.73944 -1.5
-0.73919 -1.3
-0.73895 -1.1
-0.73871 -0.9
-0.73846 -0.7
-0.73822 -0.4
-0.73797 -0.2
-0.73773 0.0
-0.73749 0.2
-0.73724 0.5
-0.737 0.7
-0.73675 0.9
-0.73651 1.2
-0.73627 1.4
-0.73602 1.6
-0.73578 1.8
-0.73553 2.0
-0.73529 2.2
-0.73504 2.3
-0.7348 2.5
-0.73456 2.7
-0.73431 2.8
-0.73407 3.0
-0.73382 3.1
-0.73358 3.2
-0.73334 3.3
-0.73309 3.4
-0.73285 3.4
-0.7326 3.5
-0.73236 3.5
-0.73211 3.6
-0.73187 3.6
-0.73163 3.6
-0.73138 3.6
-0.73114 3.5
-0.73089 3.5
-0.73065 3.4
-0.73041 3.3
-0.73016 3.2
-0.72992 3.1
-0.72967 3.0
-0.72943 2.9
-0.72919 2.7
-0.72894 2.6
-0.7287 2.4
-0.72845 2.3
-0.72821 2.1
-0.72796 1.9
-0.72772 1.7
-0.72748 1.5
-0.72723 1.3
-0.72699 1.0
-0.72674 0.8
-0.7265 0.6
-0.72626 0.3
-0.72601 0.1
-0.72577 -0.1
-0.72552 -0.3
-0.72528 -0.6
-0.72503 -0.8
-0.72479 -1.0
-0.72455 -1.3
-0.7243 -1.5
-0.72406 -1.7
-0.72381 -1.9
-0.72357 -2.1
-0.72333 -2.3
-0.72308 -2.4
-0.72284 -2.6
-0.72259 -2.8
-0.72235 -2.9
-0.72211 -3.0
-0.72186 -3.2
-0.72162 -3.3
-0.72137 -3.3
-0.72113 -3.4
-0.72088 -3.5
-0.72064 -3.5
-0.7204 -3.6
-0.72015 -3.6
-0.71991 -3.6
-0.71966 -3.6
-0.71942 -3.6
-0.71918 -3.5
-0.71893 -3.5
-0.71869 -3.4
-0.71844 -3.3
-0.7182 -3.2
-0.71795 -3.1
-0.71771 -3.0
-0.71747 -2.8
-0.71722 -2.7
-0.71698 -2.5
-0.71673 -2.3
-0.71649 -2.1
-0.71625 -2.0
-0.716 -1.8
-0.71576 -1.5
-0.71551 -1.3
-0.71527 -1.1
-0.71502 -0.9
-0.71478 -0.7
-0.71454 -0.4
-0.71429 -0.2
-0.71405 0.0
-0.7138 0.3
-0.71356 0.5
-0.71332 0.7
-0.71307 1.0
-0.71283 1.2
-0.71258 1.4
-0.71234 1.6
-0.7121 1.8
-0.71185 2.0
-0.71161 2.2
-0.71136 2.4
-0.71112 2.6
-0.71087 2.7
-0.71063 2.9
-0.71039 3.0
-0.71014 3.1
-0.7099 3.2
-0.70965 3.3
-0.70941 3.4
-0.70917 3.5
-0.70892 3.5
-0.70868 3.6
-0.70843 3.6
-0.70819 3.6
-0.70794 3.6
-0.7077 3.6
-0.70746 3.5
-0.70721 3.5
-0.70697 3.4
-0.70672 3.3
-0.70648 3.2
-0.70624 3.1
-0.70599 3.0
-0.70575 2.8
-0.7055 2.7
-0.70526 2.5
-0.70502 2.4
-0.70477 2.2
-0.70453 2.0
-0.70428 1.8
-0.70404 1.6
-0.70379 1.3
-0.70355 1.1
-0.70331 0.9
-0.70306 0.7
-0.70282 0.4
-0.70257 0.2
-0.70233 0.0
-0.70209 -0.3
-0.70184 -0.5
-0.7016 -0.7
-0.70135 -1.0
-0.70111 -1.2
-0.70086 -1.4
-0.70062 -1.6
-0.70038 -1.8
-0.70013 -2.0
-0.69989 -2.2
-0.69964 -2.4
-0.6994 -2.6
-0.69916 -2.8
-0.69891 -2.9
-0.69867 -3.0
-0.69842 -3.2
-0.69818 -3.3
-0.69794 -3.4
-0.69769 -3.4
-0.69745 -3.5
-0.6972 -3.6
-0.69696 -3.6
-0.69671 -3.6
-0.69647 -3.6
-0.69623 -3.6
-0.69598 -3.6
-0.69574 -3.5
-0.69549 -3.5
-0.69525 -3.4
-0.69501 -3.3
-0.69476 -3.2
-0.69452 -3.1
-0.69427 -3.0
-0.69403 -2.8
-0.69378 -2.7
-0.69354 -2.5
-0.6933 -2.3
-0.69305 -2.1
-0.69281 -1.9
-0.69256 -1.7
-0.69232 -1.5
-0.69208 -1.3
-0.69183 -1.1
-0.69159 -0.8
-0.69134 -0.6
-0.6911 -0.4
-0.69086 -0.1
-0.69061 0.1
-0.69037 0.3
-0.69012 0.6
-0.68988 0.8
-0.68963 1.0
-0.68939 1.3
-0.68915 1.5
-0.6889 1.7
-0.68866 1.9
-0.68841 2.1
-0.68817 2.3
-0.68793 2.5
-0.68768 2.7
-0.68744 2.8
-0.68719 3.0
-0.68695 3.1
-0.6867 3.2
-0.68646 3.3
-0.68622 3.4
-0.68597 3.5
-0.68573 3.5
-0.68548 3.6
-0.68524 3.6
-0.685 3.6
-0.68475 3.6
-0.68451 3.6
-0.68426 3.6
-0.68402 3.5
-0.68377 3.5
-0.68353 3.4
-0.68329 3.3
-0.68304 3.2
-0.6828 3.1
-0.68255 2.9
-0.68231 2.8
-0.68207 2.6
-0.68182 2.4
-0.68158 2.2
-0.68133 2.1
-0.68109 1.8
-0.68085 1.6
-0.6806 1.4
-0.68036 1.2
-0.68011 1.0
-0.67987 0.7
-0.67962 0.5
-0.67938 0.2
-0.67914 0.0
-0.67889 -0.2
-0.67865 -0.5
-0.6784 -0.7
-0.67816 -1.0
-0.67792 -1.2
-0.67767 -1.4
-0.67743 -1.6
-0.67718 -1.8
-0.67694 -2.0
-0.67669 -2.2
-0.67645 -2.4
-0.67621 -2.6
-0.67596 -2.8
-0.67572 -2.9
-0.67547 -3.1
-0.67523 -3.2
-0.67499 -3.3
-0.67474 -3.4
-0.6745 -3.5
-0.67425 -3.5
-0.67401 -3.6
-0.67377 -3.6
-0.67352 -3.6
-0.67328 -3.6
-0.67303 -3.6
-0.67279 -3.6
-0.67254 -3.6
-0.6723 -3.5
-0.67206 -3.4
-0.67181 -3.3
-0.67157 -3.2
-0.67132 -3.1
-0.67108 -3.0
-0.67084 -2.8
-0.67059 -2.7
-0.67035 -2.5
-0.6701 -2.3
-0.66986 -2.1
-0.66961 -1.9
-0.66937 -1.7
-0.66913 -1.5
-0.66888 -1.2
-0.66864 -1.0
-0.66839 -0.8
-0.66815 -0.5
-0.66791 -0.3
-0.66766 0.0
-0.66742 0.2
-0.66717 0.4
-0.66693 0.7
-0.66669 0.9
-0.66644 1.2
-0.6662 1.4
-0.66595 1.6
-0.66571 1.8
-0.66546 2.0
-0.66522 2.2
-0.66498 2.4
-0.66473 2.6
-0.66449 2.8
-0.66424 2.9
-0.664 3.1
-0.66376 3.2
-0.66351 3.3
-0.66327 3.4
-0.66302 3.5
-0.66278 3.6
-0.66253 3.6
-0.66229 3.6
-0.66205 3.7
-0.6618 3.7
-0.66156 3.6
-0.66131 3.6
-0.66107 3.6
-0.66083 3.5
-0.66058 3.4
-0.66034 3.3
-0.66009 3.2
-0.65985 3.1
-0.65961 3.0
-0.65936 2.8
-0.65912 2.7
-0.65887 2.5
-0.65863 2.3
-0.65838 2.1
-0.65814 1.9
-0.6579 1.7
-0.65765 1.5
-0.65741 1.2
-0.65716 1.0
-0.65692 0.8
-0.65668 0.5
-0.65643 0.3
-0.65619 0.0
-0.65594 -0.2
-0.6557 -0.5
-0.65545 -0.7
-0.65521 -1.0
-0.65497 -1.2
-0.65472 -1.4
-0.65448 -1.6
-0.65423 -1.9
-0.65399 -2.1
-0.65375 -2.3
-0.6535 -2.5
-0.65326 -2.6
-0.65301 -2.8
-0.65277 -3.0
-0.65252 -3.1
-0.65228 -3.2
-0.65204 -3.3
-0.65179 -3.4
-0.65155 -3.5
-0.6513 -3.6
-0.65106 -3.6
-0.65082 -3.7
-0.65057 -3.7
-0.65033 -3.7
-0.65008 -3.7
-0.64984 -3.6
-0.6496 -3.6
-0.64935 -3.5
-0.64911 -3.4
-0.64886 -3.3
-0.64862 -3.2
-0.64837 -3.1
-0.64813 -2.9
-0.64789 -2.8
-0.64764 -2.6
-0.6474 -2.4
-0.64715 -2.2
-0.64691 -2.0
-0.64667 -1.8
-0.64642 -1.6
-0.64618 -1.4
-0.64593 -1.1
-0.64569 -0.9
-0.64544 -0.7
-0.6452 -0.4
-0.64496 -0.2
-0.64471 0.0
-0.64447 0.3
-0.64422 0.6
-0.64398 0.8
-0.64374 1.1
-0.64349 1.3
-0.64325 1.5
-0.643 1.8
-0.64276 2.0
-0.64252 2.2
-0.64227 2.4
-0.64203 2.6
-0.64178 2.7
-0.64154 2.9
-0.64129 3.0
-0.64105 3.2
-0.64081 3.3
-0.64056 3.4
-0.64032 3.5
-0.64007 3.6
-0.63983 3.6
-0.63959 3.7
-0.63934 3.7
-0.6391 3.7
-0.63885 3.7
-0.63861 3.7
-0.63836 3.6
-0.63812 3.5
-0.63788 3.5
-0.63763 3.4
-0.63739 3.3
-0.63714 3.1
-0.6369 3.0
-0.63666 2.9
-0.63641 2.7
-0.63617 2.5
-0.63592 2.3
-0.63568 2.1
-0.63544 1.9
-0.63519 1.7
-0.63495 1.5
-0.6347 1.2
-0.63446 1.0
-0.63421 0.7
-0.63397 0.5
-0.63373 0.2
-0.63348 0.0
-0.63324 -0.3
-0.63299 -0.5
-0.63275 -0.8
-0.63251 -1.0
-0.63226 -1.2
-0.63202 -1.5
-0.63177 -1.7
-0.63153 -1.9
-0.63128 -2.1
-0.63104 -2.3
-0.6308 -2.5
-0.63055 -2.7
-0.63031 -2.9
-0.63006 -3.0
-0.62982 -3.2
-0.62958 -3.3
-0.62933 -3.4
-0.62909 -3.5
-0.62884 -3.6
-0.6286 -3.6
-0.62836 -3.7
-0.62811 -3.7
-0.62787 -3.7
-0.62762 -3.7
-0.62738 -3.7
-0.62713 -3.6
-0.62689 -3.6
-0.62665 -3.5
-0.6264 -3.4
-0.62616 -3.3
-0.62591 -3.2
-0.62567 -3.0
-0.62543 -2.9
-0.62518 -2.7
-0.62494 -2.5
-0.62469 -2.3
-0.62445 -2.1
-0.6242 -1.9
-0.62396 -1.7
-0.62372 -1.5
-0.62347 -1.2
-0.62323 -1.0
-0.62298 -0.8
-0.62274 -0.5
-0.6225 -0.2
-0.62225 0.0
-0.62201 0.3
-0.62176 0.5
-0.62152 0.8
-0.62127 1.0
-0.62103 1.3
-0.62079 1.5
-0.62054 1.7
-0.6203 1.9
-0.62005 2.2
-0.61981 2.4
-0.61957 2.5
-0.61932 2.7
-0.61908 2.9
-0.61883 3.1
-0.61859 3.2
-0.61835 3.3
-0.6181 3.4
-0.61786 3.5
-0.61761 3.6
-0.61737 3.7
-0.61712 3.7
-0.61688 3.7
-0.61664 3.7
-0.61639 3.7
-0.61615 3.7
-0.6159 3.6
-0.61566 3.6
-0.61542 3.5
-0.61517 3.4
-0.61493 3.3
-0.61468 3.2
-0.61444 3.0
-0.61419 2.9
-0.61395 2.7
-0.61371 2.5
-0.61346 2.3
-0.61322 2.1
-0.61297 1.9
-0.61273 1.7
-0.61249 1.4
-0.61224 1.2
-0.612 0.9
-0.61175 0.7
-0.61151 0.4
-0.61127 0.2
-0.61102 0.0
-0.61078 -0.3
-0.61053 -0.6
-0.61029 -0.8
-0.61004 -1.1
-0.6098 -1.3
-0.60956 -1.6
-0.60931 -1.8
-0.60907 -2.0
-0.60882 -2.2
-0.60858 -2.4
-0.60834 -2.6
-0.60809 -2.8
-0.60785 -3.0
-0.6076 -3.1
-0.60736 -3.3
-0.60711 -3.4
-0.60687 -3.5
-0.60663 -3.6
-0.60638 -3.6
-0.60614 -3.7
-0.60589 -3.7
-0.60565 -3.7
-0.60541 -3.7
-0.60516 -3.7
-0.60492 -3.7
-0.60467 -3.6
-0.60443 -3.6
-0.60419 -3.5
-0.60394 -3.4
-0.6037 -3.2
-0.60345 -3.1
-0.60321 -3.0
-0.60296 -2.8
-0.60272 -2.6
-0.60248 -2.4
-0.60223 -2.2
-0.60199 -2.0
-0.60174 -1.8
-0.6015 -1.5
-0.60126 -1.3
-0.60101 -1.1
-0.60077 -0.8
-0.60052 -0.6
-0.60028 -0.3
-0.60003 0.0
-0.59979 0.2
-0.59955 0.5
-0.5993 0.7
-0.59906 1.0
-0.59881 1.2
-0.59857 1.5
-0.59833 1.7
-0.59808 1.9
-0.59784 2.2
-0.59759 2.4
-0.59735 2.6
-0.59711 2.8
-0.59686 2.9
-0.59662 3.1
-0.59637 3.2
-0.59613 3.3
-0.59588 3.5
-0.59564 3.6
-0.5954 3.6
-0.59515 3.7
-0.59491 3.7
-0.59466 3.8
-0.59442 3.8
-0.59418 3.7
-0.59393 3.7
-0.59369 3.7
-0.59344 3.6
-0.5932 3.5
-0.59295 3.4
-0.59271 3.3
-0.59247 3.2
-0.59222 3.0
-0.59198 2.8
-0.59173 2.7
-0.59149 2.5
-0.59125 2.3
-0.591 2.0
-0.59076 1.8
-0.59051 1.6
-0.59027 1.3
-0.59002 1.1
-0.58978 0.8
-0.58954 0.6
-0.58929 0.3
-0.58905 0.0
-0.5888 -0.2
-0.58856 -0.5
-0.58832 -0.7
-0.58807 -1.0
-0.58783 -1.2
-0.58758 -1.5
-0.58734 -1.7
-0.5871 -1.9
-0.58685 -2.2
-0.58661 -2.4
-0.58636 -2.6
-0.58612 -2.8
-0.58587 -2.9
-0.58563 -3.1
-0.58539 -3.2
-0.58514 -3.4
-0.5849 -3.5
-0.58465 -3.6
-0.58441 -3.6
-0.58417 -3.7
-0.58392 -3.7
-0.58368 -3.8
-0.58343 -3.8
-0.58319 -3.8
-0.58294 -3.7
-0.5827 -3.7
-0.58246 -3.6
-0.58221 -3.5
-0.58197 -3.4
-0.58172 -3.3
-0.58148 -3.2
-0.58124 -3.0
-0.58099 -2.8
-0.58075 -2.7
-0.5805 -2.5
-0.58026 -2.3
-0.58002 -2.0
-0.57977 -1.8
-0.57953 -1.6
-0.57928 -1.3
-0.57904 -1.1
-0.57879 -0.8
-0.57855 -0.6
-0.57831 -0.3
-0.57806 0.0
-0.57782 0.2
-0.57757 0.5
-0.57733 0.8
-0.57709 1.0
-0.57684 1.3
-0.5766 1.5
-0.57635 1.8
-0.57611 2.0
-0.57586 2.2
-0.57562 2.4
-0.57538 2.6
-0.57513 2.8
-0.57489 3.0
-0.57464 3.1
-0.5744 3.3
-0.57416 3.4
-0.57391 3.5
-0.57367 3.6
-0.57342 3.7
-0.57318 3.7
-0.57294 3.8
-0.57269 3.8
-0.57245 3.8
-0.5722 3.8
-0.57196 3.7
-0.57171 3.7
-0.57147 3.6
-0.57123 3.5
-0.57098 3.4
-0.57074 3.3
-0.57049 3.1
-0.57025 3.0
-0.57001 2.8
-0.56976 2.6
-0.56952 2.4
-0.56927 2.2
-0.56903 1.9
-0.56878 1.7
-0.56854 1.5
-0.5683 1.2
-0.56805 1.0
-0.56781 0.7
-0.56756 0.4
-0.56732 0.2
-0.56708 -0.1
-0.56683 -0.4
-0.56659 -0.6
-0.56634 -0.9
-0.5661 -1.2
-0.56586 -1.4
-0.56561 -1.7
-0.56537 -1.9
-0.56512 -2.1
-0.56488 -2.3
-0.56463 -2.5
-0.56439 -2.7
-0.56415 -2.9
-0.5639 -3.1
-0.56366 -3.2
-0.56341 -3.4
-0.56317 -3.5
-0.56293 -3.6
-0.56268 -3.7
-0.56244 -3.7
-0.56219 -3.8
-0.56195 -3.8
-0.5617 -3.8
-0.56146 -3.8
-0.56122 -3.8
-0.56097 -3.7
-0.56073 -3.6
-0.56048 -3.5
-0.56024 -3.4
-0.56 -3.3
-0.55975 -3.2
-0.55951 -3.0
-0.55926 -2.8
-0.55902 -2.7
-0.55877 -2.5
-0.55853 -2.2
-0.55829 -2.0
-0.55804 -1.8
-0.5578 -1.5
-0.55755 -1.3
-0.55731 -1.0
-0.55707 -0.8
-0.55682 -0.5
-0.55658 -0.2
-0.55633 0.0
-0.55609 0.3
-0.55585 0.6
-0.5556 0.8
-0.55536 1.1
-0.55511 1.4
-0.55487 1.6
-0.55462 1.9
-0.55438 2.1
-0.55414 2.3
-0.55389 2.5
-0.55365 2.7
-0.5534 2.9
-0.55316 3.1
-0.55292 3.2
-0.55267 3.4
-0.55243 3.5
-0.55218 3.6
-0.55194 3.7
-0.55169 3.7
-0.55145 3.8
-0.55121 3.8
-0.55096 3.8
-0.55072 3.8
-0.55047 3.8
-0.55023 3.7
-0.54999 3.7
-0.54974 3.6
-0.5495 3.5
-0.54925 3.3
-0.54901 3.2
-0.54877 3.0
-0.54852 2.9
-0.54828 2.7
-0.54803 2.5
-0.54779 2.3
-0.54754 2.0
-0.5473 1.8
-0.54706 1.5
-0.54681 1.3
-0.54657 1.0
-0.54632 0.8
-0.54608 0.5
-0.54584 0.2
-0.54559 0.0
-0.54535 -0.3
-0.5451 -0.6
-0.54486 -0.9
-0.54461 -1.1
-0.54437 -1.4
-0.54413 -1.7
-0.54388 -1.9
-0.54364 -2.1
-0.54339 -2.4
-0.54315 -2.6
-0.54291 -2.8
-0.54266 -2.9
-0.54242 -3.1
-0.54217 -3.3
-0.54193 -3.4
-0.54169 -3.5
-0.54144 -3.6
-0.5412 -3.7
-0.54095 -3.8
-0.54071 -3.8
-0.54046 -3.8
-0.54022 -3.8
-0.53998 -3.8
-0.53973 -3.8
-0.53949 -3.7
-0.53924 -3.7
-0.539 -3.6
-0.53876 -3.4
-0.53851 -3.3
-0.53827 -3.2
-0.53802 -3.0
-0.53778 -2.8
-0.53753 -2.6
-0.53729 -2.4
-0.53705 -2.2
-0.5368 -2.0
-0.53656 -1.7
-0.53631 -1.5
-0.53607 -1.2
-0.53583 -0.9
-0.53558 -0.7
-0.53534 -0.4
-0.53509 -0.1
-0.53485 0.2
-0.53461 0.4
-0.53436 0.7
-0.53412 1.0
-0.53387 1.3
-0.53363 1.5
-0.53338 1.8
-0.53314 2.0
-0.5329 2.2
-0.53265 2.5
-0.53241 2.7
-0.53216 2.9
-0.53192 3.0
-0.53168 3.2
-0.53143 3.4
-0.53119 3.5
-0.53094 3.6
-0.5307 3.7
-0.53045 3.8
-0.53021 3.8
-0.52997 3.8
-0.52972 3.9
-0.52948 3.8
-0.52923 3.8
-0.52899 3.8
-0.52875 3.7
-0.5285 3.6
-0.52826 3.5
-0.52801 3.4
-0.52777 3.2
-0.52752 3.1
-0.52728 2.9
-0.52704 2.7
-0.52679 2.5
-0.52655 2.3
-0.5263 2.1
-0.52606 1.8
-0.52582 1.6
-0.52557 1.3
-0.52533 1.0
-0.52508 0.8
-0.52484 0.5
-0.5246 0.2
-0.52435 0.0
-0.52411 -0.4
-0.52386 -0.6
-0.52362 -0.9
-0.52337 -1.2
-0.52313 -1.4
-0.52289 -1.7
-0.52264 -1.9
-0.5224 -2.2
-0.52215 -2.4
-0.52191 -2.6
-0.52167 -2.8
-0.52142 -3.0
-0.52118 -3.2
-0.52093 -3.3
-0.52069 -3.5
-0.52044 -3.6
-0.5202 -3.7
-0.51996 -3.8
-0.51971 -3.8
-0.51947 -3.9
-0.51922 -3.9
-0.51898 -3.9
-0.51874 -3.8
-0.51849 -3.8
-0.51825 -3.7
-0.518 -3.6
-0.51776 -3.5
-0.51752 -3.4
-0.51727 -3.3
-0.51703 -3.1
-0.51678 -2.9
-0.51654 -2.8
-0.51629 -2.5
-0.51605 -2.3
-0.51581 -2.1
-0.51556 -1.8
-0.51532 -1.6
-0.51507 -1.3
-0.51483 -1.1
-0.51459 -0.8
-0.51434 -0.5
-0.5141 -0.2
-0.51385 0.0
-0.51361 0.4
-0.51336 0.6
-0.51312 0.9
-0.51288 1.2
-0.51263 1.5
-0.51239 1.7
-0.51214 2.0
-0.5119 2.2
-0.51166 2.4
-0.51141 2.7
-0.51117 2.9
-0.51092 3.0
-0.51068 3.2
-0.51044 3.4
-0.51019 3.5
-0.50995 3.6
-0.5097 3.7
-0.50946 3.8
-0.50921 3.8
-0.50897 3.9
-0.50873 3.9
-0.50848 3.9
-0.50824 3.9
-0.50799 3.8
-0.50775 3.7
-0.50751 3.7
-0.50726 3.5
-0.50702 3.4
-0.50677 3.3
-0.50653 3.1
-0.50628 2.9
-0.50604 2.7
-0.5058 2.5
-0.50555 2.3
-0.50531 2.0
-0.50506 1.8
-0.50482 1.5
-0.50458 1.3
-0.50433 1.0
-0.50409 0.7
-0.50384 0.4
-0.5036 0.1
-0.50336 -0.2
-0.50311 -0.4
-0.50287 -0.7
-0.50262 -1.0
-0.50238 -1.3
-0.50213 -1.5
-0.50189 -1.8
-0.50165 -2.1
-0.5014 -2.3
-0.50116 -2.5
-0.50091 -2.7
-0.50067 -2.9
-0.50043 -3.1
-0.50018 -3.3
-0.49994 -3.4
-0.49969 -3.6
-0.49945 -3.7
-0.4992 -3.8
-0.49896 -3.8
-0.49872 -3.9
-0.49847 -3.9
-0.49823 -3.9
-0.49798 -3.9
-0.49774 -3.9
-0.4975 -3.8
-0.49725 -3.7
-0.49701 -3.6
-0.49676 -3.5
-0.49652 -3.4
-0.49627 -3.2
-0.49603 -3.0
-0.49579 -2.8
-0.49554 -2.6
-0.4953 -2.4
-0.49505 -2.2
-0.49481 -1.9
-0.49457 -1.7
-0.49432 -1.4
-0.49408 -1.1
-0.49383 -0.8
-0.49359 -0.5
-0.49335 -0.3
-0.4931 0.0
-0.49286 0.3
-0.49261 0.6
-0.49237 0.9
-0.49212 1.2
-0.49188 1.5
-0.49164 1.7
-0.49139 2.0
-0.49115 2.2
-0.4909 2.5
-0.49066 2.7
-0.49042 2.9
-0.49017 3.1
-0.48993 3.3
-0.48968 3.4
-0.48944 3.5
-0.48919 3.7
-0.48895 3.8
-0.48871 3.8
-0.48846 3.9
-0.48822 3.9
-0.48797 3.9
-0.48773 3.9
-0.48749 3.9
-0.48724 3.8
-0.487 3.8
-0.48675 3.7
-0.48651 3.5
-0.48627 3.4
-0.48602 3.2
-0.48578 3.1
-0.48553 2.9
-0.48529 2.7
-0.48504 2.4
-0.4848 2.2
-0.48456 2.0
-0.48431 1.7
-0.48407 1.4
-0.48382 1.2
-0.48358 0.9
-0.48334 0.6
-0.48309 0.3
-0.48285 0.0
-0.4826 -0.3
-0.48236 -0.6
-0.48211 -0.9
-0.48187 -1.2
-0.48163 -1.5
-0.48138 -1.7
-0.48114 -2.0
-0.48089 -2.2
-0.48065 -2.5
-0.48041 -2.7
-0.48016 -2.9
-0.47992 -3.1
-0.47967 -3.3
-0.47943 -3.4
-0.47919 -3.6
-0.47894 -3.7
-0.4787 -3.8
-0.47845 -3.9
-0.47821 -3.9
-0.47796 -3.9
-0.47772 -3.9
-0.47748 -3.9
-0.47723 -3.9
-0.47699 -3.8
-0.47674 -3.8
-0.4765 -3.7
-0.47626 -3.5
-0.47601 -3.4
-0.47577 -3.2
-0.47552 -3.1
-0.47528 -2.9
-0.47503 -2.7
-0.47479 -2.4
-0.47455 -2.2
-0.4743 -1.9
-0.47406 -1.7
-0.47381 -1.4
-0.47357 -1.1
-0.47333 -0.8
-0.47308 -0.5
-0.47284 -0.2
-0.47259 0.0
-0.47235 0.4
-0.47211 0.7
-0.47186 1.0
-0.47162 1.3
-0.47137 1.5
-0.47113 1.8
-0.47088 2.1
-0.47064 2.3
-0.4704 2.6
-0.47015 2.8
-0.46991 3.0
-0.46966 3.2
-0.46942 3.3
-0.46918 3.5
-0.46893 3.6
-0.46869 3.7
-0.46844 3.8
-0.4682 3.9
-0.46795 3.9
-0.46771 4.0
-0.46747 4.0
-0.46722 3.9
-0.46698 3.9
-0.46673 3.8
-0.46649 3.7
-0.46625 3.6
-0.466 3.5
-0.46576 3.3
-0.46551 3.2
-0.46527 3.0
-0.46502 2.8
-0.46478 2.6
-0.46454 2.3
-0.46429 2.1
-0.46405 1.8
-0.4638 1.5
-0.46356 1.3
-0.46332 1.0
-0.46307 0.7
-0.46283 0.4
-0.46258 0.0
-0.46234 -0.2
-0.4621 -0.5
-0.46185 -0.8
-0.46161 -1.1
-0.46136 -1.4
-0.46112 -1.7
-0.46087 -2.0
-0.46063 -2.2
-0.46039 -2.5
-0.46014 -2.7
-0.4599 -2.9
-0.45965 -3.1
-0.45941 -3.3
-0.45917 -3.5
-0.45892 -3.6
-0.45868 -3.7
-0.45843 -3.8
-0.45819 -3.9
-0.45794 -3.9
-0.4577 -4.0
-0.45746 -4.0
-0.45721 -4.0
-0.45697 -3.9
-0.45672 -3.9
-0.45648 -3.8
-0.45624 -3.7
-0.45599 -3.6
-0.45575 -3.4
-0.4555 -3.2
-0.45526 -3.0
-0.45502 -2.8
-0.45477 -2.6
-0.45453 -2.4
-0.45428 -2.1
-0.45404 -1.9
-0.45379 -1.6
-0.45355 -1.3
-0.45331 -1.0
-0.45306 -0.7
-0.45282 -0.4
-0.45257 -0.1
-0.45233 0.2
-0.45209 0.5
-0.45184 0.8
-0.4516 1.1
-0.45135 1.4
-0.45111 1.7
-0.45086 2.0
-0.45062 2.2
-0.45038 2.5
-0.45013 2.7
-0.44989 2.9
-0.44964 3.1
-0.4494 3.3
-0.44916 3.5
-0.44891 3.6
-0.44867 3.7
-0.44842 3.8
-0.44818 3.9
-0.44794 4.0
-0.44769 4.0
-0.44745 4.0
-0.4472 4.0
-0.44696 4.0
-0.44671 3.9
-0.44647 3.8
-0.44623 3.7
-0.44598 3.6
-0.44574 3.4
-0.44549 3.2
-0.44525 3.0
-0.44501 2.8
-0.44476 2.6
-0.44452 2.4
-0.44427 2.1
-0.44403 1.8
-0.44378 1.6
-0.44354 1.3
-0.4433 1.0
-0.44305 0.7
-0.44281 0.4
-0.44256 0.0
-0.44232 -0.3
-0.44208 -0.6
-0.44183 -0.9
-0.44159 -1.2
-0.44134 -1.5
-0.4411 -1.7
-0.44086 -2.0
-0.44061 -2.3
-0.44037 -2.5
-0.44012 -2.8
-0.43988 -3.0
-0.43963 -3.2
-0.43939 -3.4
-0.43915 -3.5
-0.4389 -3.7
-0.43866 -3.8
-0.43841 -3.9
-0.43817 -4.0
-0.43793 -4.0
-0.43768 -4.0
-0.43744 -4.0
-0.43719 -4.0
-0.43695 -4.0
-0.4367 -3.9
-0.43646 -3.8
-0.43622 -3.7
-0.43597 -3.5
-0.43573 -3.4
-0.43548 -3.2
-0.43524 -3.0
-0.435 -2.8
-0.43475 -2.5
-0.43451 -2.3
-0.43426 -2.0
-0.43402 -1.7
-0.43377 -1.4
-0.43353 -1.1
-0.43329 -0.8
-0.43304 -0.5
-0.4328 -0.2
-0.43255 0.0
-0.43231 0.4
-0.43207 0.7
-0.43182 1.0
-0.43158 1.3
-0.43133 1.6
-0.43109 1.9
-0.43085 2.2
-0.4306 2.4
-0.43036 2.7
-0.43011 2.9
-0.42987 3.1
-0.42962 3.3
-0.42938 3.5
-0.42914 3.6
-0.42889 3.8
-0.42865 3.9
-0.4284 4.0
-0.42816 4.0
-0.42792 4.0
-0.42767 4.0
-0.42743 4.0
-0.42718 4.0
-0.42694 3.9
-0.42669 3.8
-0.42645 3.7
-0.42621 3.6
-0.42596 3.4
-0.42572 3.3
-0.42547 3.1
-0.42523 2.8
-0.42499 2.6
-0.42474 2.3
-0.4245 2.1
-0.42425 1.8
-0.42401 1.5
-0.42377 1.2
-0.42352 0.9
-0.42328 0.6
-0.42303 0.3
-0.42279 0.0
-0.42254 -0.4
-0.4223 -0.7
-0.42206 -1.0
-0.42181 -1.3
-0.42157 -1.6
-0.42132 -1.9
-0.42108 -2.2
-0.42084 -2.4
-0.42059 -2.7
-0.42035 -2.9
-0.4201 -3.1
-0.41986 -3.3
-0.41961 -3.5
-0.41937 -3.6
-0.41913 -3.8
-0.41888 -3.9
-0.41864 -4.0
-0.41839 -4.0
-0.41815 -4.1
-0.41791 -4.1
-0.41766 -4.1
-0.41742 -4.0
-0.41717 -3.9
-0.41693 -3.9
-0.41669 -3.7
-0.41644 -3.6
-0.4162 -3.4
-0.41595 -3.3
-0.41571 -3.1
-0.41546 -2.8
-0.41522 -2.6
-0.41498 -2.3
-0.41473 -2.1
-0.41449 -1.8
-0.41424 -1.5
-0.414 -1.2
-0.41376 -0.9
-0.41351 -0.6
-0.41327 -0.2
-0.41302 0.0
-0.41278 0.4
-0.41253 0.7
-0.41229 1.0
-0.41205 1.4
-0.4118 1.7
-0.41156 1.9
-0.41131 2.2
-0.41107 2.5
-0.41083 2.7
-0.41058 3.0
-0.41034 3.2
-0.41009 3.4
-0.40985 3.6
-0.40961 3.7
-0.40936 3.8
-0.40912 3.9
-0.40887 4.0
-0.40863 4.1
-0.40838 4.1
-0.40814 4.1
-0.4079 4.1
-0.40765 4.0
-0.40741 3.9
-0.40716 3.8
-0.40692 3.7
-0.40668 3.6
-0.40643 3.4
-0.40619 3.2
-0.40594 3.0
-0.4057 2.8
-0.40545 2.5
-0.40521 2.2
-0.40497 2.0
-0.40472 1.7
-0.40448 1.4
-0.40423 1.1
-0.40399 0.7
-0.40375 0.4
-0.4035 0.0
-0.40326 -0.2
-0.40301 -0.6
-0.40277 -0.9
-0.40252 -1.2
-0.40228 -1.5
-0.40204 -1.8
-0.40179 -2.1
-0.40155 -2.4
-0.4013 -2.6
-0.40106 -2.9
-0.40082 -3.1
-0.40057 -3.3
-0.40033 -3.5
-0.40008 -3.7
-0.39984 -3.8
-0.3996 -3.9
-0.39935 -4.0
-0.39911 -4.1
-0.39886 -4.1
-0.39862 -4.1
-0.39837 -4.1
-0.39813 -4.1
-0.39789 -4.0
-0.39764 -3.9
-0.3974 -3.8
-0.39715 -3.6
-0.39691 -3.5
-0.39667 -3.3
-0.39642 -3.1
-0.39618 -2.8
-0.39593 -2.6
-0.39569 -2.3
-0.39544 -2.0
-0.3952 -1.8
-0.39496 -1.4
-0.39471 -1.1
-0.39447 -0.8
-0.39422 -0.5
-0.39398 -0.2
-0.39374 0.2
-0.39349 0.5
-0.39325 0.8
-0.393 1.2
-0.39276 1.5
-0.39252 1.8
-0.39227 2.1
-0.39203 2.4
-0.39178 2.6
-0.39154 2.9
-0.39129 3.1
-0.39105 3.3
-0.39081 3.5
-0.39056 3.7
-0.39032 3.8
-0.39007 3.9
-0.38983 4.0
-0.38959 4.1
-0.38934 4.1
-0.3891 4.1
-0.38885 4.1
-0.38861 4.1
-0.38836 4.0
-0.38812 3.9
-0.38788 3.8
-0.38763 3.7
-0.38739 3.5
-0.38714 3.3
-0.3869 3.1
-0.38666 2.8
-0.38641 2.6
-0.38617 2.3
-0.38592 2.0
-0.38568 1.7
-0.38544 1.4
-0.38519 1.1
-0.38495 0.8
-0.3847 0.4
-0.38446 0.1
-0.38421 -0.2
-0.38397 -0.6
-0.38373 -0.9
-0.38348 -1.2
-0.38324 -1.5
-0.38299 -1.8
-0.38275 -2.1
-0.38251 -2.4
-0.38226 -2.7
-0.38202 -2.9
-0.38177 -3.2
-0.38153 -3.4
-0.38128 -3.6
-0.38104 -3.7
-0.3808 -3.9
-0.38055 -4.0
-0.38031 -4.1
-0.38006 -4.1
-0.37982 -4.2
-0.37958 -4.2
-0.37933 -4.1
-0.37909 -4.1
-0.37884 -4.0
-0.3786 -3.9
-0.37836 -3.8
-0.37811 -3.6
-0.37787 -3.4
-0.37762 -3.2
-0.37738 -3.0
-0.37713 -2.8
-0.37689 -2.5
-0.37665 -2.2
-0.3764 -1.9
-0.37616 -1.6
-0.37591 -1.3
-0.37567 -1.0
-0.37543 -0.6
-0.37518 -0.3
-0.37494 0.0
-0.37469 0.4
-0.37445 0.7
-0.3742 1.1
-0.37396 1.4
-0.37372 1.7
-0.37347 2.0
-0.37323 2.3
-0.37298 2.6
-0.37274 2.8
-0.3725 3.1
-0.37225 3.3
-0.37201 3.5
-0.37176 3.7
-0.37152 3.8
-0.37127 4.0
-0.37103 4.1
-0.37079 4.1
-0.37054 4.2
-0.3703 4.2
-0.37005 4.2
-0.36981 4.1
-0.36957 4.1
-0.36932 4.0
-0.36908 3.8
-0.36883 3.7
-0.36859 3.5
-0.36835 3.3
-0.3681 3.1
-0.36786 2.9
-0.36761 2.6
-0.36737 2.3
-0.36712 2.0
-0.36688 1.7
-0.36664 1.4
-0.36639 1.1
-0.36615 0.7
-0.3659 0.4
-0.36566 0.0
-0.36542 -0.3
-0.36517 -0.7
-0.36493 -1.0
-0.36468 -1.3
-0.36444 -1.7
-0.36419 -2.0
-0.36395 -2.3
-0.36371 -2.6
-0.36346 -2.8
-0.36322 -3.1
-0.36297 -3.3
-0.36273 -3.5
-0.36249 -3.7
-0.36224 -3.8
-0.362 -4.0
-0.36175 -4.1
-0.36151 -4.1
-0.36127 -4.2
-0.36102 -4.2
-0.36078 -4.2
-0.36053 -4.2
-0.36029 -4.1
-0.36004 -4.0
-0.3598 -3.9
-0.35956 -3.7
-0.35931 -3.5
-0.35907 -3.3
-0.35882 -3.1
-0.35858 -2.9
-0.35834 -2.6
-0.35809 -2.3
-0.35785 -2.0
-0.3576 -1.7
-0.35736 -1.4
-0.35711 -1.0
-0.35687 -0.7
-0.35663 -0.3
-0.35638 0.0
-0.35614 0.4
-0.35589 0.7
-0.35565 1.1
-0.35541 1.4
-0.35516 1.7
-0.35492 2.0
-0.35467 2.3
-0.35443 2.6
-0.35419 2.9
-0.35394 3.1
-0.3537 3.4
-0.35345 3.6
-0.35321 3.8
-0.35296 3.9
-0.35272 4.0
-0.35248 4.1
-0.35223 4.2
-0.35199 4.2
-0.35174 4.2
-0.3515 4.2
-0.35126 4.2
-0.35101 4.1
-0.35077 4.0
-0.35052 3.8
-0.35028 3.7
-0.35003 3.5
-0.34979 3.3
-0.34955 3.0
-0.3493 2.8
-0.34906 2.5
-0.34881 2.2
-0.34857 1.9
-0.34833 1.6
-0.34808 1.2
-0.34784 0.9
-0.34759 0.5
-0.34735 0.2
-0.34711 -0.2
-0.34686 -0.5
-0.34662 -0.9
-0.34637 -1.2
-0.34613 -1.6
-0.34588 -1.9
-0.34564 -2.2
-0.3454 -2.5
-0.34515 -2.8
-0.34491 -3.1
-0.34466 -3.3
-0.34442 -3.5
-0.34418 -3.7
-0.34393 -3.9
-0.34369 -4.0
-0.34344 -4.1
-0.3432 -4.2
-0.34295 -4.2
-0.34271 -4.3
-0.34247 -4.2
-0.34222 -4.2
-0.34198 -4.1
-0.34173 -4.0
-0.34149 -3.9
-0.34125 -3.7
-0.341 -3.6
-0.34076 -3.3
-0.34051 -3.1
-0.34027 -2.9
-0.34002 -2.6
-0.33978 -2.3
-0.33954 -2.0
-0.33929 -1.6
-0.33905 -1.3
-0.3388 -0.9
-0.33856 -0.6
-0.33832 -0.2
-0.33807 0.1
-0.33783 0.5
-0.33758 0.9
-0.33734 1.2
-0.3371 1.5
-0.33685 1.9
-0.33661 2.2
-0.33636 2.5
-0.33612 2.8
-0.33587 3.1
-0.33563 3.3
-0.33539 3.5
-0.33514 3.7
-0.3349 3.9
-0.33465 4.0
-0.33441 4.1
-0.33417 4.2
-0.33392 4.3
-0.33368 4.3
-0.33343 4.3
-0.33319 4.2
-0.33294 4.2
-0.3327 4.1
-0.33246 3.9
-0.33221 3.8
-0.33197 3.6
-0.33172 3.4
-0.33148 3.1
-0.33124 2.8
-0.33099 2.6
-0.33075 2.3
-0.3305 1.9
-0.33026 1.6
-0.33002 1.3
-0.32977 0.9
-0.32953 0.5
-0.32928 0.2
-0.32904 -0.2
-0.32879 -0.6
-0.32855 -0.9
-0.32831 -1.3
-0.32806 -1.6
-0.32782 -2.0
-0.32757 -2.3
-0.32733 -2.6
-0.32709 -2.9
-0.32684 -3.1
-0.3266 -3.4
-0.32635 -3.6
-0.32611 -3.8
-0.32586 -4.0
-0.32562 -4.1
-0.32538 -4.2
-0.32513 -4.3
-0.32489 -4.3
-0.32464 -4.3
-0.3244 -4.3
-0.32416 -4.2
-0.32391 -4.1
-0.32367 -4.0
-0.32342 -3.9
-0.32318 -3.7
-0.32294 -3.5
-0.32269 -3.3
-0.32245 -3.0
-0.3222 -2.7
-0.32196 -2.4
-0.32171 -2.1
-0.32147 -1.8
-0.32123 -1.5
-0.32098 -1.1
-0.32074 -0.7
-0.32049 -0.4
-0.32025 0.0
-0.32001 0.4
-0.31976 0.8
-0.31952 1.1
-0.31927 1.5
-0.31903 1.8
-0.31878 2.2
-0.31854 2.5
-0.3183 2.8
-0.31805 3.1
-0.31781 3.3
-0.31756 3.5
-0.31732 3.7
-0.31708 3.9
-0.31683 4.1
-0.31659 4.2
-0.31634 4.3
-0.3161 4.3
-0.31586 4.3
-0.31561 4.3
-0.31537 4.3
-0.31512 4.2
-0.31488 4.1
-0.31463 4.0
-0.31439 3.8
-0.31415 3.6
-0.3139 3.4
-0.31366 3.1
-0.31341 2.8
-0.31317 2.5
-0.31293 2.2
-0.31268 1.9
-0.31244 1.5
-0.31219 1.2
-0.31195 0.8
-0.3117 0.4
-0.31146 0.0
-0.31122 -0.3
-0.31097 -0.7
-0.31073 -1.1
-0.31048 -1.5
-0.31024 -1.8
-0.31 -2.1
-0.30975 -2.5
-0.30951 -2.8
-0.30926 -3.1
-0.30902 -3.3
-0.30877 -3.6
-0.30853 -3.8
-0.30829 -3.9
-0.30804 -4.1
-0.3078 -4.2
-0.30755 -4.3
-0.30731 -4.3
-0.30707 -4.4
-0.30682 -4.4
-0.30658 -4.3
-0.30633 -4.2
-0.30609 -4.1
-0.30585 -4.0
-0.3056 -3.8
-0.30536 -3.6
-0.30511 -3.3
-0.30487 -3.1
-0.30462 -2.8
-0.30438 -2.5
-0.30414 -2.2
-0.30389 -1.8
-0.30365 -1.5
-0.3034 -1.1
-0.30316 -0.7
-0.30292 -0.3
-0.30267 0.0
-0.30243 0.4
-0.30218 0.8
-0.30194 1.2
-0.30169 1.6
-0.30145 1.9
-0.30121 2.3
-0.30096 2.6
-0.30072 2.9
-0.30047 3.2
-0.30023 3.4
-0.29999 3.7
-0.29974 3.9
-0.2995 4.0
-0.29925 4.2
-0.29901 4.3
-0.29877 4.3
-0.29852 4.4
-0.29828 4.4
-0.29803 4.4
-0.29779 4.3
-0.29754 4.2
-0.2973 4.1
-0.29706 3.9
-0.29681 3.7
-0.29657 3.5
-0.29632 3.2
-0.29608 3.0
-0.29584 2.7
-0.29559 2.3
-0.29535 2.0
-0.2951 1.7
-0.29486 1.3
-0.29461 0.9
-0.29437 0.5
-0.29413 0.1
-0.29388 -0.3
-0.29364 -0.7
-0.29339 -1.0
-0.29315 -1.4
-0.29291 -1.8
-0.29266 -2.1
-0.29242 -2.5
-0.29217 -2.8
-0.29193 -3.1
-0.29169 -3.4
-0.29144 -3.6
-0.2912 -3.8
-0.29095 -4.0
-0.29071 -4.2
-0.29046 -4.3
-0.29022 -4.4
-0.28998 -4.4
-0.28973 -4.4
-0.28949 -4.4
-0.28924 -4.3
-0.289 -4.3
-0.28876 -4.1
-0.28851 -4.0
-0.28827 -3.8
-0.28802 -3.6
-0.28778 -3.3
-0.28753 -3.0
-0.28729 -2.7
-0.28705 -2.4
-0.2868 -2.1
-0.28656 -1.7
-0.28631 -1.3
-0.28607 -0.9
-0.28583 -0.6
-0.28558 -0.2
-0.28534 0.2
-0.28509 0.6
-0.28485 1.0
-0.28461 1.4
-0.28436 1.8
-0.28412 2.2
-0.28387 2.5
-0.28363 2.8
-0.28338 3.1
-0.28314 3.4
-0.2829 3.6
-0.28265 3.9
-0.28241 4.0
-0.28216 4.2
-0.28192 4.3
-0.28168 4.4
-0.28143 4.4
-0.28119 4.5
-0.28094 4.4
-0.2807 4.4
-0.28045 4.3
-0.28021 4.1
-0.27997 4.0
-0.27972 3.8
-0.27948 3.5
-0.27923 3.3
-0.27899 3.0
-0.27875 2.7
-0.2785 2.4
-0.27826 2.0
-0.27801 1.6
-0.27777 1.2
-0.27752 0.8
-0.27728 0.4
-0.27704 0.0
-0.27679 -0.4
-0.27655 -0.8
-0.2763 -1.2
-0.27606 -1.6
-0.27582 -1.9
-0.27557 -2.3
-0.27533 -2.6
-0.27508 -3.0
-0.27484 -3.2
-0.2746 -3.5
-0.27435 -3.8
-0.27411 -4.0
-0.27386 -4.1
-0.27362 -4.3
-0.27337 -4.4
-0.27313 -4.5
-0.27289 -4.5
-0.27264 -4.5
-0.2724 -4.4
-0.27215 -4.4
-0.27191 -4.2
-0.27167 -4.1
-0.27142 -3.9
-0.27118 -3.7
-0.27093 -3.4
-0.27069 -3.1
-0.27044 -2.8
-0.2702 -2.5
-0.26996 -2.2
-0.26971 -1.8
-0.26947 -1.4
-0.26922 -1.0
-0.26898 -0.6
-0.26874 -0.2
-0.26849 0.2
-0.26825 0.6
-0.268 1.1
-0.26776 1.4
-0.26752 1.8
-0.26727 2.2
-0.26703 2.6
-0.26678 2.9
-0.26654 3.2
-0.26629 3.5
-0.26605 3.7
-0.26581 3.9
-0.26556 4.1
-0.26532 4.3
-0.26507 4.4
-0.26483 4.5
-0.26459 4.5
-0.26434 4.5
-0.2641 4.5
-0.26385 4.4
-0.26361 4.3
-0.26336 4.1
-0.26312 3.9
-0.26288 3.7
-0.26263 3.5
-0.26239 3.2
-0.26214 2.9
-0.2619 2.5
-0.26166 2.2
-0.26141 1.8
-0.26117 1.4
-0.26092 1.0
-0.26068 0.6
-0.26044 0.2
-0.26019 -0.2
-0.25995 -0.7
-0.2597 -1.1
-0.25946 -1.5
-0.25921 -1.9
-0.25897 -2.3
-0.25873 -2.6
-0.25848 -2.9
-0.25824 -3.3
-0.25799 -3.5
-0.25775 -3.8
-0.25751 -4.0
-0.25726 -4.2
-0.25702 -4.3
-0.25677 -4.4
-0.25653 -4.5
-0.25628 -4.5
-0.25604 -4.5
-0.2558 -4.5
-0.25555 -4.4
-0.25531 -4.3
-0.25506 -4.1
-0.25482 -3.9
-0.25458 -3.7
-0.25433 -3.4
-0.25409 -3.1
-0.25384 -2.8
-0.2536 -2.4
-0.25336 -2.1
-0.25311 -1.7
-0.25287 -1.3
-0.25262 -0.9
-0.25238 -0.4
-0.25213 0.0
-0.25189 0.4
-0.25165 0.8
-0.2514 1.3
-0.25116 1.7
-0.25091 2.1
-0.25067 2.4
-0.25043 2.8
-0.25018 3.1
-0.24994 3.4
-0.24969 3.7
-0.24945 3.9
-0.2492 4.1
-0.24896 4.3
-0.24872 4.4
-0.24847 4.5
-0.24823 4.6
-0.24798 4.6
-0.24774 4.5
-0.2475 4.5
-0.24725 4.4
-0.24701 4.2
-0.24676 4.0
-0.24652 3.8
-0.24627 3.5
-0.24603 3.2
-0.24579 2.9
-0.24554 2.6
-0.2453 2.2
-0.24505 1.8
-0.24481 1.4
-0.24457 1.0
-0.24432 0.5
-0.24408 0.1
-0.24383 -0.3
-0.24359 -0.8
-0.24335 -1.2
-0.2431 -1.6
-0.24286 -2.0
-0.24261 -2.4
-0.24237 -2.8
-0.24212 -3.1
-0.24188 -3.4
-0.24164 -3.7
-0.24139 -3.9
-0.24115 -4.2
-0.2409 -4.3
-0.24066 -4.5
-0.24042 -4.6
-0.24017 -4.6
-0.23993 -4.6
-0.23968 -4.6
-0.23944 -4.5
-0.23919 -4.4
-0.23895 -4.2
-0.23871 -4.0
-0.23846 -3.8
-0.23822 -3.5
-0.23797 -3.2
-0.23773 -2.9
-0.23749 -2.6
-0.23724 -2.2
-0.237 -1.8
-0.23675 -1.4
-0.23651 -0.9
-0.23627 -0.5
-0.23602 0.0
-0.23578 0.4
-0.23553 0.8
-0.23529 1.3
-0.23504 1.7
-0.2348 2.1
-0.23456 2.5
-0.23431 2.9
-0.23407 3.2
-0.23382 3.5
-0.23358 3.8
-0.23334 4.0
-0.23309 4.2
-0.23285 4.4
-0.2326 4.5
-0.23236 4.6
-0.23211 4.6
-0.23187 4.6
-0.23163 4.6
-0.23138 4.5
-0.23114 4.4
-0.23089 4.2
-0.23065 4.0
-0.23041 3.7
-0.23016 3.4
-0.22992 3.1
-0.22967 2.8
-0.22943 2.4
-0.22919 2.0
-0.22894 1.6
-0.2287 1.2
-0.22845 0.7
-0.22821 0.3
-0.22796 -0.2
-0.22772 -0.6
-0.22748 -1.1
-0.22723 -1.5
-0.22699 -2.0
-0.22674 -2.4
-0.2265 -2.7
-0.22626 -3.1
-0.22601 -3.4
-0.22577 -3.7
-0.22552 -4.0
-0.22528 -4.2
-0.22503 -4.4
-0.22479 -4.5
-0.22455 -4.6
-0.2243 -4.7
-0.22406 -4.7
-0.22381 -4.7
-0.22357 -4.6
-0.22333 -4.4
-0.22308 -4.3
-0.22284 -4.1
-0.22259 -3.8
-0.22235 -3.5
-0.22211 -3.2
-0.22186 -2.9
-0.22162 -2.5
-0.22137 -2.1
-0.22113 -1.7
-0.22088 -1.2
-0.22064 -0.8
-0.2204 -0.3
-0.22015 0.2
-0.21991 0.6
-0.21966 1.1
-0.21942 1.5
-0.21918 2.0
-0.21893 2.4
-0.21869 2.8
-0.21844 3.1
-0.2182 3.5
-0.21795 3.8
-0.21771 4.0
-0.21747 4.2
-0.21722 4.4
-0.21698 4.6
-0.21673 4.7
-0.21649 4.7
-0.21625 4.7
-0.216 4.7
-0.21576 4.6
-0.21551 4.5
-0.21527 4.3
-0.21502 4.1
-0.21478 3.8
-0.21454 3.5
-0.21429 3.2
-0.21405 2.8
-0.2138 2.4
-0.21356 2.0
-0.21332 1.6
-0.21307 1.1
-0.21283 0.6
-0.21258 0.2
-0.21234 -0.3
-0.2121 -0.8
-0.21185 -1.2
-0.21161 -1.7
-0.21136 -2.1
-0.21112 -2.5
-0.21087 -2.9
-0.21063 -3.3
-0.21039 -3.6
-0.21014 -3.9
-0.2099 -4.2
-0.20965 -4.4
-0.20941 -4.5
-0.20917 -4.7
-0.20892 -4.7
-0.20868 -4.8
-0.20843 -4.7
-0.20819 -4.7
-0.20794 -4.6
-0.2077 -4.4
-0.20746 -4.2
-0.20721 -3.9
-0.20697 -3.7
-0.20672 -3.3
-0.20648 -3.0
-0.20624 -2.6
-0.20599 -2.2
-0.20575 -1.7
-0.2055 -1.3
-0.20526 -0.8
-0.20502 -0.3
-0.20477 0.2
-0.20453 0.6
-0.20428 1.1
-0.20404 1.6
-0.20379 2.0
-0.20355 2.5
-0.20331 2.9
-0.20306 3.2
-0.20282 3.6
-0.20257 3.9
-0.20233 4.2
-0.20209 4.4
-0.20184 4.6
-0.2016 4.7
-0.20135 4.8
-0.20111 4.8
-0.20086 4.8
-0.20062 4.7
-0.20038 4.6
-0.20013 4.4
-0.19989 4.2
-0.19964 4.0
-0.1994 3.7
-0.19916 3.4
-0.19891 3.0
-0.19867 2.6
-0.19842 2.2
-0.19818 1.7
-0.19794 1.2
-0.19769 0.8
-0.19745 0.3
-0.1972 -0.2
-0.19696 -0.7
-0.19671 -1.2
-0.19647 -1.7
-0.19623 -2.1
-0.19598 -2.6
-0.19574 -3.0
-0.19549 -3.3
-0.19525 -3.7
-0.19501 -4.0
-0.19476 -4.2
-0.19452 -4.5
-0.19427 -4.6
-0.19403 -4.8
-0.19378 -4.8
-0.19354 -4.8
-0.1933 -4.8
-0.19305 -4.7
-0.19281 -4.6
-0.19256 -4.4
-0.19232 -4.2
-0.19208 -3.9
-0.19183 -3.6
-0.19159 -3.2
-0.19134 -2.9
-0.1911 -2.4
-0.19086 -2.0
-0.19061 -1.5
-0.19037 -1.0
-0.19012 -0.5
-0.18988 0.0
-0.18963 0.5
-0.18939 1.0
-0.18915 1.5
-0.1889 1.9
-0.18866 2.4
-0.18841 2.8
-0.18817 3.2
-0.18793 3.6
-0.18768 3.9
-0.18744 4.2
-0.18719 4.4
-0.18695 4.6
-0.1867 4.8
-0.18646 4.9
-0.18622 4.9
-0.18597 4.9
-0.18573 4.8
-0.18548 4.7
-0.18524 4.5
-0.185 4.3
-0.18475 4.0
-0.18451 3.7
-0.18426 3.3
-0.18402 3.0
-0.18377 2.5
-0.18353 2.1
-0.18329 1.6
-0.18304 1.1
-0.1828 0.6
-0.18255 0.0
-0.18231 -0.4
-0.18207 -0.9
-0.18182 -1.4
-0.18158 -1.9
-0.18133 -2.4
-0.18109 -2.8
-0.18085 -3.2
-0.1806 -3.6
-0.18036 -4.0
-0.18011 -4.2
-0.17987 -4.5
-0.17962 -4.7
-0.17938 -4.8
-0.17914 -4.9
-0.17889 -4.9
-0.17865 -4.9
-0.1784 -4.8
-0.17816 -4.7
-0.17792 -4.5
-0.17767 -4.3
-0.17743 -4.0
-0.17718 -3.7
-0.17694 -3.3
-0.17669 -2.9
-0.17645 -2.4
-0.17621 -2.0
-0.17596 -1.5
-0.17572 -1.0
-0.17547 -0.4
-0.17523 0.0
-0.17499 0.6
-0.17474 1.1
-0.1745 1.6
-0.17425 2.1
-0.17401 2.6
-0.17377 3.0
-0.17352 3.4
-0.17328 3.8
-0.17303 4.1
-0.17279 4.4
-0.17254 4.6
-0.1723 4.8
-0.17206 4.9
-0.17181 5.0
-0.17157 5.0
-0.17132 4.9
-0.17108 4.8
-0.17084 4.6
-0.17059 4.4
-0.17035 4.2
-0.1701 3.8
-0.16986 3.5
-0.16961 3.1
-0.16937 2.6
-0.16913 2.1
-0.16888 1.7
-0.16864 1.1
-0.16839 0.6
-0.16815 0.0
-0.16791 -0.5
-0.16766 -1.0
-0.16742 -1.5
-0.16717 -2.0
-0.16693 -2.5
-0.16669 -3.0
-0.16644 -3.4
-0.1662 -3.8
-0.16595 -4.1
-0.16571 -4.4
-0.16546 -4.6
-0.16522 -4.8
-0.16498 -4.9
-0.16473 -5.0
-0.16449 -5.0
-0.16424 -5.0
-0.164 -4.9
-0.16376 -4.7
-0.16351 -4.5
-0.16327 -4.2
-0.16302 -3.9
-0.16278 -3.5
-0.16253 -3.1
-0.16229 -2.6
-0.16205 -2.1
-0.1618 -1.6
-0.16156 -1.1
-0.16131 -0.5
-0.16107 0.0
-0.16083 0.6
-0.16058 1.1
-0.16034 1.7
-0.16009 2.2
-0.15985 2.7
-0.15961 3.1
-0.15936 3.5
-0.15912 3.9
-0.15887 4.2
-0.15863 4.5
-0.15838 4.8
-0.15814 4.9
-0.1579 5.0
-0.15765 5.1
-0.15741 5.1
-0.15716 5.0
-0.15692 4.8
-0.15668 4.6
-0.15643 4.4
-0.15619 4.1
-0.15594 3.7
-0.1557 3.3
-0.15545 2.9
-0.15521 2.4
-0.15497 1.9
-0.15472 1.3
-0.15448 0.8
-0.15423 0.2
-0.15399 -0.3
-0.15375 -0.9
-0.1535 -1.5
-0.15326 -2.0
-0.15301 -2.5
-0.15277 -3.0
-0.15252 -3.4
-0.15228 -3.8
-0.15204 -4.2
-0.15179 -4.5
-0.15155 -4.7
-0.1513 -4.9
-0.15106 -5.1
-0.15082 -5.1
-0.15057 -5.1
-0.15033 -5.1
-0.15008 -4.9
-0.14984 -4.7
-0.1496 -4.5
-0.14935 -4.2
-0.14911 -3.8
-0.14886 -3.4
-0.14862 -2.9
-0.14837 -2.4
-0.14813 -1.9
-0.14789 -1.4
-0.14764 -0.8
-0.1474 -0.2
-0.14715 0.4
-0.14691 0.9
-0.14667 1.5
-0.14642 2.1
-0.14618 2.6
-0.14593 3.1
-0.14569 3.5
-0.14544 3.9
-0.1452 4.3
-0.14496 4.6
-0.14471 4.8
-0.14447 5.0
-0.14422 5.1
-0.14398 5.2
-0.14374 5.2
-0.14349 5.1
-0.14325 4.9
-0.143 4.7
-0.14276 4.4
-0.14252 4.1
-0.14227 3.7
-0.14203 3.3
-0.14178 2.8
-0.14154 2.3
-0.14129 1.7
-0.14105 1.2
-0.14081 0.6
-0.14056 0.0
-0.14032 -0.6
-0.14007 -1.2
-0.13983 -1.8
-0.13959 -2.3
-0.13934 -2.9
-0.1391 -3.4
-0.13885 -3.8
-0.13861 -4.2
-0.13836 -4.5
-0.13812 -4.8
-0.13788 -5.0
-0.13763 -5.1
-0.13739 -5.2
-0.13714 -5.2
-0.1369 -5.2
-0.13666 -5.0
-0.13641 -4.8
-0.13617 -4.6
-0.13592 -4.2
-0.13568 -3.8
-0.13544 -3.4
-0.13519 -2.9
-0.13495 -2.4
-0.1347 -1.8
-0.13446 -1.2
-0.13421 -0.6
-0.13397 0.0
-0.13373 0.6
-0.13348 1.2
-0.13324 1.8
-0.13299 2.3
-0.13275 2.9
-0.13251 3.4
-0.13226 3.8
-0.13202 4.2
-0.13177 4.6
-0.13153 4.9
-0.13128 5.1
-0.13104 5.2
-0.1308 5.3
-0.13055 5.3
-0.13031 5.2
-0.13006 5.1
-0.12982 4.8
-0.12958 4.6
-0.12933 4.2
-0.12909 3.8
-0.12884 3.3
-0.1286 2.8
-0.12836 2.3
-0.12811 1.7
-0.12787 1.1
-0.12762 0.5
-0.12738 -0.2
-0.12713 -0.8
-0.12689 -1.4
-0.12665 -2.0
-0.1264 -2.6
-0.12616 -3.1
-0.12591 -3.6
-0.12567 -4.1
-0.12543 -4.5
-0.12518 -4.8
-0.12494 -5.0
-0.12469 -5.2
-0.12445 -5.3
-0.1242 -5.4
-0.12396 -5.3
-0.12372 -5.2
-0.12347 -5.0
-0.12323 -4.7
-0.12298 -4.4
-0.12274 -4.0
-0.1225 -3.5
-0.12225 -3.0
-0.12201 -2.5
-0.12176 -1.9
-0.12152 -1.2
-0.12127 -0.6
-0.12103 0.0
-0.12079 0.7
-0.12054 1.3
-0.1203 2.0
-0.12005 2.6
-0.11981 3.1
-0.11957 3.6
-0.11932 4.1
-0.11908 4.5
-0.11883 4.8
-0.11859 5.1
-0.11835 5.3
-0.1181 5.4
-0.11786 5.4
-0.11761 5.4
-0.11737 5.2
-0.11712 5.0
-0.11688 4.7
-0.11664 4.4
-0.11639 4.0
-0.11615 3.5
-0.1159 3.0
-0.11566 2.4
-0.11542 1.8
-0.11517 1.1
-0.11493 0.4
-0.11468 -0.2
-0.11444 -0.9
-0.11419 -1.5
-0.11395 -2.2
-0.11371 -2.8
-0.11346 -3.3
-0.11322 -3.9
-0.11297 -4.3
-0.11273 -4.7
-0.11249 -5.0
-0.11224 -5.2
-0.112 -5.4
-0.11175 -5.5
-0.11151 -5.5
-0.11127 -5.4
-0.11102 -5.2
-0.11078 -4.9
-0.11053 -4.6
-0.11029 -4.2
-0.11004 -3.7
-0.1098 -3.2
-0.10956 -2.6
-0.10931 -2.0
-0.10907 -1.3
-0.10882 -0.6
-0.10858 0.0
-0.10834 0.7
-0.10809 1.4
-0.10785 2.1
-0.1076 2.7
-0.10736 3.3
-0.10711 3.8
-0.10687 4.3
-0.10663 4.7
-0.10638 5.0
-0.10614 5.3
-0.10589 5.5
-0.10565 5.5
-0.10541 5.5
-0.10516 5.4
-0.10492 5.3
-0.10467 5.0
-0.10443 4.6
-0.10419 4.2
-0.10394 3.7
-0.1037 3.2
-0.10345 2.6
-0.10321 1.9
-0.10296 1.2
-0.10272 0.5
-0.10248 -0.2
-0.10223 -0.9
-0.10199 -1.6
-0.10174 -2.3
-0.1015 -2.9
-0.10126 -3.5
-0.10101 -4.0
-0.10077 -4.5
-0.10052 -4.9
-0.10028 -5.2
-0.10003 -5.4
-0.09979 -5.6
-0.09955 -5.6
-0.0993 -5.6
-0.09906 -5.4
-0.09881 -5.2
-0.09857 -4.9
-0.09833 -4.5
-0.09808 -4.0
-0.09784 -3.4
-0.09759 -2.8
-0.09735 -2.2
-0.09711 -1.5
-0.09686 -0.8
-0.09662 0.0
-0.09637 0.7
-0.09613 1.4
-0.09588 2.1
-0.09564 2.8
-0.0954 3.4
-0.09515 4.0
-0.09491 4.5
-0.09466 4.9
-0.09442 5.3
-0.09418 5.5
-0.09393 5.6
-0.09369 5.7
-0.09344 5.7
-0.0932 5.5
-0.09295 5.3
-0.09271 4.9
-0.09247 4.5
-0.09222 4.0
-0.09198 3.4
-0.09173 2.8
-0.09149 2.1
-0.09125 1.4
-0.091 0.6
-0.09076 -0.1
-0.09051 -0.9
-0.09027 -1.6
-0.09002 -2.3
-0.08978 -3.0
-0.08954 -3.7
-0.08929 -4.2
-0.08905 -4.7
-0.0888 -5.1
-0.08856 -5.4
-0.08832 -5.7
-0.08807 -5.8
-0.08783 -5.8
-0.08758 -5.7
-0.08734 -5.5
-0.0871 -5.2
-0.08685 -4.8
-0.08661 -4.3
-0.08636 -3.7
-0.08612 -3.1
-0.08587 -2.4
-0.08563 -1.7
-0.08539 -0.9
-0.08514 -0.1
-0.0849 0.7
-0.08465 1.5
-0.08441 2.2
-0.08417 2.9
-0.08392 3.6
-0.08368 4.2
-0.08343 4.7
-0.08319 5.1
-0.08294 5.5
-0.0827 5.7
-0.08246 5.8
-0.08221 5.9
-0.08197 5.8
-0.08172 5.6
-0.08148 5.3
-0.08124 4.8
-0.08099 4.3
-0.08075 3.7
-0.0805 3.1
-0.08026 2.4
-0.08002 1.6
-0.07977 0.8
-0.07953 0.0
-0.07928 -0.9
-0.07904 -1.7
-0.07879 -2.5
-0.07855 -3.2
-0.07831 -3.9
-0.07806 -4.5
-0.07782 -5.0
-0.07757 -5.4
-0.07733 -5.7
-0.07709 -5.9
-0.07684 -6.0
-0.0766 -5.9
-0.07635 -5.8
-0.07611 -5.5
-0.07586 -5.1
-0.07562 -4.6
-0.07538 -4.0
-0.07513 -3.4
-0.07489 -2.6
-0.07464 -1.9
-0.0744 -1.0
-0.07416 -0.2
-0.07391 0.7
-0.07367 1.5
-0.07342 2.3
-0.07318 3.1
-0.07294 3.8
-0.07269 4.5
-0.07245 5.0
-0.0722 5.4
-0.07196 5.8
-0.07171 6.0
-0.07147 6.1
-0.07123 6.0
-0.07098 5.8
-0.07074 5.6
-0.07049 5.1
-0.07025 4.6
-0.07001 4.0
-0.06976 3.3
-0.06952 2.5
-0.06927 1.7
-0.06903 0.8
-0.06878 0.0
-0.06854 -1.0
-0.0683 -1.8
-0.06805 -2.7
-0.06781 -3.5
-0.06756 -4.2
-0.06732 -4.8
-0.06708 -5.3
-0.06683 -5.7
-0.06659 -6.0
-0.06634 -6.1
-0.0661 -6.2
-0.06586 -6.0
-0.06561 -5.8
-0.06537 -5.4
-0.06512 -4.9
-0.06488 -4.3
-0.06463 -3.6
-0.06439 -2.8
-0.06415 -1.9
-0.0639 -1.0
-0.06366 0.0
-0.06341 0.8
-0.06317 1.8
-0.06293 2.6
-0.06268 3.5
-0.06244 4.2
-0.06219 4.9
-0.06195 5.4
-0.0617 5.8
-0.06146 6.1
-0.06122 6.3
-0.06097 6.3
-0.06073 6.1
-0.06048 5.8
-0.06024 5.4
-0.06 4.9
-0.05975 4.2
-0.05951 3.4
-0.05926 2.6
-0.05902 1.6
-0.05877 0.7
-0.05853 -0.3
-0.05829 -1.3
-0.05804 -2.2
-0.0578 -3.1
-0.05755 -3.9
-0.05731 -4.7
-0.05707 -5.3
-0.05682 -5.8
-0.05658 -6.1
-0.05633 -6.3
-0.05609 -6.4
-0.05585 -6.3
-0.0556 -6.0
-0.05536 -5.6
-0.05511 -5.1
-0.05487 -4.4
-0.05462 -3.6
-0.05438 -2.7
-0.05414 -1.8
-0.05389 -0.7
-0.05365 0.3
-0.0534 1.3
-0.05316 2.3
-0.05292 3.2
-0.05267 4.1
-0.05243 4.8
-0.05218 5.5
-0.05194 6.0
-0.05169 6.3
-0.05145 6.5
-0.05121 6.5
-0.05096 6.3
-0.05072 6.0
-0.05047 5.5
-0.05023 4.9
-0.04999 4.1
-0.04974 3.2
-0.0495 2.3
-0.04925 1.2
-0.04901 0.2
-0.04877 -0.9
-0.04852 -2.0
-0.04828 -3.0
-0.04803 -3.9
-0.04779 -4.8
-0.04754 -5.5
-0.0473 -6.0
-0.04706 -6.4
-0.04681 -6.6
-0.04657 -6.7
-0.04632 -6.5
-0.04608 -6.2
-0.04584 -5.7
-0.04559 -5.0
-0.04535 -4.2
-0.0451 -3.2
-0.04486 -2.2
-0.04461 -1.1
-0.04437 0.0
-0.04413 1.2
-0.04388 2.3
-0.04364 3.3
-0.04339 4.3
-0.04315 5.1
-0.04291 5.8
-0.04266 6.3
-0.04242 6.7
-0.04217 6.8
-0.04193 6.8
-0.04169 6.5
-0.04144 6.0
-0.0412 5.4
-0.04095 4.6
-0.04071 3.6
-0.04046 2.5
-0.04022 1.4
-0.03998 0.2
-0.03973 -1.0
-0.03949 -2.2
-0.03924 -3.4
-0.039 -4.4
-0.03876 -5.3
-0.03851 -6.0
-0.03827 -6.5
-0.03802 -6.9
-0.03778 -7.0
-0.03753 -6.9
-0.03729 -6.6
-0.03705 -6.0
-0.0368 -5.3
-0.03656 -4.3
-0.03631 -3.3
-0.03607 -2.1
-0.03583 -0.8
-0.03558 0.4
-0.03534 1.7
-0.03509 3.0
-0.03485 4.1
-0.03461 5.1
-0.03436 5.9
-0.03412 6.6
-0.03387 7.0
-0.03363 7.2
-0.03338 7.1
-0.03314 6.8
-0.0329 6.2
-0.03265 5.4
-0.03241 4.4
-0.03216 3.3
-0.03192 2.0
-0.03168 0.7
-0.03143 -0.7
-0.03119 -2.1
-0.03094 -3.4
-0.0307 -4.6
-0.03045 -5.6
-0.03021 -6.4
-0.02997 -7.0
-0.02972 -7.3
-0.02948 -7.4
-0.02923 -7.1
-0.02899 -6.6
-0.02875 -5.9
-0.0285 -4.9
-0.02826 -3.7
-0.02801 -2.3
-0.02777 -0.9
-0.02752 0.6
-0.02728 2.1
-0.02704 3.5
-0.02679 4.8
-0.02655 5.9
-0.0263 6.7
-0.02606 7.3
-0.02582 7.6
-0.02557 7.6
-0.02533 7.2
-0.02508 6.6
-0.02484 5.6
-0.0246 4.5
-0.02435 3.1
-0.02411 1.5
-0.02386 0.0
-0.02362 -1.7
-0.02337 -3.3
-0.02313 -4.7
-0.02289 -5.9
-0.02264 -6.9
-0.0224 -7.6
-0.02215 -7.9
-0.02191 -7.8
-0.02167 -7.4
-0.02142 -6.7
-0.02118 -5.6
-0.02093 -4.2
-0.02069 -2.7
-0.02044 -0.9
-0.0202 0.8
-0.01996 2.6
-0.01971 4.3
-0.01947 5.7
-0.01922 6.9
-0.01898 7.7
-0.01874 8.2
-0.01849 8.2
-0.01825 7.8
-0.018 7.0
-0.01776 5.8
-0.01752 4.2
-0.01727 2.4
-0.01703 0.5
-0.01678 -1.5
-0.01654 -3.4
-0.01629 -5.1
-0.01605 -6.6
-0.01581 -7.7
-0.01556 -8.4
-0.01532 -8.6
-0.01507 -8.3
-0.01483 -7.4
-0.01459 -6.1
-0.01434 -4.4
-0.0141 -2.4
-0.01385 -0.2
-0.01361 2.0
-0.01336 4.1
-0.01312 6.0
-0.01288 7.6
-0.01263 8.6
-0.01239 9.0
-0.01214 8.9
-0.0119 8.1
-0.01166 6.7
-0.01141 4.8
-0.01117 2.5
-0.01092 0.0
-0.01068 -2.6
-0.01044 -5.0
-0.01019 -7.1
-0.00995 -8.6
-0.0097 -9.5
-0.00946 -9.6
-0.00921 -8.8
-0.00897 -7.3
-0.00873 -5.1
-0.00848 -2.4
-0.00824 0.6
-0.00799 3.6
-0.00775 6.3
-0.00751 8.5
-0.00726 9.9
-0.00702 10.4
-0.00677 9.7
-0.00653 8.0
-0.00628 5.3
-0.00604 1.9
-0.0058 -1.8
-0.00555 -5.4
-0.00531 -8.5
-0.00506 -10.6
-0.00482 -11.3
-0.00458 -10.5
-0.00433 -8.1
-0.00409 -4.4
-0.00384 0.2
-0.0036 5.0
-0.00336 9.2
-0.00311 12.0
-0.00287 12.6
-0.00262 10.7
-0.00238 6.3
-0.00213 0.2
-0.00189 -6.5
-0.00165 -11.9
-0.0014 -14.4
-0.00116 -12.5
-0.00091 -6.0
-0.00067 3.5
-0.00043 12.6
-0.00018 16.3
6e-05 10.2
0.00031 -3.6
0.00055 -14.3
0.0008 -11.3
0.00104 2.4
0.00128 10.9
0.00153 5.7
0.00177 -4.2
0.00202 -6.4
0.00226 -0.7
0.0025 4.0
0.00275 2.4
0.00299 -1.5
0.00324 -2.3
0.00348 0.0
0.00373 1.5
0.00397 0.7
0.00421 -0.6
0.00446 -0.8
0.0047 0.0
0.00495 0.5
0.00519 0.2
0.00543 -0.3
0.00568 -0.3
0.00592 0.0
0.00617 0.2
0.00641 0.0
0.00665 -0.1
0.0069 0.0
0.00714 0.0
0.00739 0.0
0.00763 0.0
0.00788 0.0
0.00812 0.0
0.00836 0.0
0.00861 0.0
0.00885 0.0
0.0091 0.0
0.00934 0.0
0.00958 0.0
0.00983 0.0
0.01007 0.0
0.01032 0.0
0.01056 0.0
0.01081 0.0
0.01105 0.0
0.01129 0.0
0.01154 0.0
0.01178 0.0
0.01203 0.0
0.01227 0.0
0.01251 0.0
0.01276 0.0
0.013 0.0
0.01325 0.0
0.01349 0.0
0.01373 0.0
0.01398 0.0
0.01422 0.0
0.01447 0.0
0.01471 0.0
0.01496 0.0
0.0152 0.0
0.01544 0.0
0.01569 0.0
0.01593 0.0
0.01618 0.0
0.01642 0.0
0.01666 0.0
0.01691 0.0
0.01715 0.0
0.0174 0.0
0.01764 0.0
0.01789 0.0
0.01813 0.0
0.01837 0.0
0.01862 0.0
0.01886 0.0
0.01911 0.0
0.01935 0.0
0.01959 0.0
0.01984 0.0
0.02008 0.0
0.02033 0.0
0.02057 0.0
0.02081 0.0
0.02106 0.0
0.0213 0.0
0.02155 0.0
0.02179 0.0
0.02204 0.0
0.02228 0.0
0.02252 0.0
0.02277 0.0
0.02301 0.0
0.02326 0.0
0.0235 0.0
0.02374 0.0
0.02399 0.0
0.02423 0.0
0.02448 0.0
0.02472 0.0
0.02497 0.0
0.02521 0.0
0.02545 0.0
0.0257 0.0
0.02594 0.0
0.02619 0.0
0.02643 0.0
0.02667 0.0
0.02692 0.0
0.02716 0.0
0.02741 0.0
0.02765 0.0
0.02789 0.0
0.02814 0.0
0.02838 0.0
0.02863 0.0
0.02887 0.0
0.02912 0.0
0.02936 0.0
0.0296 0.0
0.02985 0.0
0.03009 0.0
0.03034 0.0
0.03058 0.0
0.03082 0.0
0.03107 0.0
0.03131 0.0
0.03156 0.0
0.0318 0.0
0.03205 0.0
0.03229 0.0
0.03253 0.0
0.03278 0.0
0.03302 0.0
0.03327 0.0
0.03351 0.0
0.03375 0.0
0.034 0.0
0.03424 0.0
0.03449 0.0
0.03473 0.0
0.03498 0.0
0.03522 0.0
0.03546 0.0
0.03571 0.0
0.03595 0.0
0.0362 0.0
0.03644 0.0
0.03668 0.0
0.03693 0.0
0.03717 0.0
0.03742 0.0
0.03766 0.0
0.0379 0.0
0.03815 0.0
0.03839 0.0
0.03864 0.0
0.03888 0.0
0.03913 0.0
0.03937 0.0
0.03961 0.0
0.03986 0.0
0.0401 0.0
0.04035 0.0
0.04059 0.0
0.04083 0.0
0.04108 0.0
0.04132 0.0
0.04157 0.0
0.04181 0.0
0.04206 0.0
0.0423 0.0
0.04254 0.0
0.04279 0.0
0.04303 0.0
0.04328 0.0
0.04352 0.0
0.04376 0.0
0.04401 0.0
0.04425 0.0
0.0445 0.0
0.04474 0.0
0.04498 0.0
0.04523 0.0
0.04547 0.0
0.04572 0.0
0.04596 0.0
0.04621 0.0
0.04645 0.0
0.04669 0.0
0.04694 0.0
0.04718 0.0
0.04743 0.0
0.04767 0.0
0.04791 0.0
0.04816 0.0
