t strain*1e23
-1.94979 -3.6
-1.94955 -3.6
-1.9493 -3.6
-1.94906 -3.5
-1.94881 -3.5
-1.94857 -3.4
-1.94833 -3.4
-1.94808 -3.3
-1.94784 -3.3
-1.94759 -3.2
-1.94735 -3.2
-1.94711 -3.1
-1.94686 -3.0
-1.94662 -2.9
-1.94637 -2.8
-1.94613 -2.7
-1.94588 -2.7
-1.94564 -2.6
-1.9454 -2.5
-1.94515 -2.3
-1.94491 -2.2
-1.94466 -2.1
-1.94442 -2.0
-1.94418 -1.9
-1.94393 -1.8
-1.94369 -1.6
-1.94344 -1.5
-1.9432 -1.4
-1.94296 -1.3
-1.94271 -1.1
-1.94247 -1.0
-1.94222 -0.9
-1.94198 -0.7
-1.94173 -0.6
-1.94149 -0.4
-1.94125 -0.3
-1.941 -0.2
-1.94076 0.0
-1.94051 0.1
-1.94027 0.3
-1.94003 0.4
-1.93978 0.5
-1.93954 0.7
-1.93929 0.8
-1.93905 0.9
-1.9388 1.1
-1.93856 1.2
-1.93832 1.3
-1.93807 1.5
-1.93783 1.6
-1.93758 1.7
-1.93734 1.8
-1.9371 2.0
-1.93685 2.1
-1.93661 2.2
-1.93636 2.3
-1.93612 2.4
-1.93587 2.5
-1.93563 2.6
-1.93539 2.7
-1.93514 2.8
-1.9349 2.9
-1.93465 3.0
-1.93441 3.1
-1.93417 3.1
-1.93392 3.2
-1.93368 3.3
-1.93343 3.3
-1.93319 3.4
-1.93295 3.4
-1.9327 3.5
-1.93246 3.5
-1.93221 3.6
-1.93197 3.6
-1.93172 3.6
-1.93148 3.6
-1.93124 3.6
-1.93099 3.7
-1.93075 3.7
-1.9305 3.7
-1.93026 3.6
-1.93002 3.6
-1.92977 3.6
-1.92953 3.6
-1.92928 3.6
-1.92904 3.5
-1.92879 3.5
-1.92855 3.4
-1.92831 3.4
-1.92806 3.3
-1.92782 3.3
-1.92757 3.2
-1.92733 3.1
-1.92709 3.1
-1.92684 3.0
-1.9266 2.9
-1.92635 2.8
-1.92611 2.7
-1.92587 2.6
-1.92562 2.5
-1.92538 2.4
-1.92513 2.3
-1.92489 2.2
-1.92464 2.1
-1.9244 2.0
-1.92416 1.9
-1.92391 1.7
-1.92367 1.6
-1.92342 1.5
-1.92318 1.4
-1.92294 1.2
-1.92269 1.1
-1.92245 1.0
-1.9222 0.8
-1.92196 0.7
-1.92171 0.5
-1.92147 0.4
-1.92123 0.3
-1.92098 0.1
-1.92074 0.0
-1.92049 -0.2
-1.92025 -0.3
-1.92001 -0.4
-1.91976 -0.6
-1.91952 -0.7
-1.91927 -0.9
-1.91903 -1.0
-1.91879 -1.1
-1.91854 -1.3
-1.9183 -1.4
-1.91805 -1.5
-1.91781 -1.7
-1.91756 -1.8
-1.91732 -1.9
-1.91708 -2.0
-1.91683 -2.1
-1.91659 -2.3
-1.91634 -2.4
-1.9161 -2.5
-1.91586 -2.6
-1.91561 -2.7
-1.91537 -2.8
-1.91512 -2.9
-1.91488 -2.9
-1.91463 -3.0
-1.91439 -3.1
-1.91415 -3.2
-1.9139 -3.2
-1.91366 -3.3
-1.91341 -3.4
-1.91317 -3.4
-1.91293 -3.5
-1.91268 -3.5
-1.91244 -3.6
-1.91219 -3.6
-1.91195 -3.6
-1.91171 -3.6
-1.91146 -3.6
-1.91122 -3.7
-1.91097 -3.7
-1.91073 -3.7
-1.91048 -3.7
-1.91024 -3.6
-1.91 -3.6
-1.90975 -3.6
-1.90951 -3.6
-1.90926 -3.6
-1.90902 -3.5
-1.90878 -3.5
-1.90853 -3.4
-1.90829 -3.4
-1.90804 -3.3
-1.9078 -3.2
-1.90755 -3.2
-1.90731 -3.1
-1.90707 -3.0
-1.90682 -2.9
-1.90658 -2.9
-1.90633 -2.8
-1.90609 -2.7
-1.90585 -2.6
-1.9056 -2.5
-1.90536 -2.4
-1.90511 -2.3
-1.90487 -2.1
-1.90462 -2.0
-1.90438 -1.9
-1.90414 -1.8
-1.90389 -1.7
-1.90365 -1.5
-1.9034 -1.4
-1.90316 -1.3
-1.90292 -1.1
-1.90267 -1.0
-1.90243 -0.9
-1.90218 -0.7
-1.90194 -0.6
-1.9017 -0.4
-1.90145 -0.3
-1.90121 -0.2
-1.90096 0.0
-1.90072 0.1
-1.90047 0.3
-1.90023 0.4
-1.89999 0.5
-1.89974 0.7
-1.8995 0.8
-1.89925 1.0
-1.89901 1.1
-1.89877 1.2
-1.89852 1.4
-1.89828 1.5
-1.89803 1.6
-1.89779 1.8
-1.89754 1.9
-1.8973 2.0
-1.89706 2.1
-1.89681 2.2
-1.89657 2.3
-1.89632 2.5
-1.89608 2.6
-1.89584 2.7
-1.89559 2.8
-1.89535 2.8
-1.8951 2.9
-1.89486 3.0
-1.89462 3.1
-1.89437 3.2
-1.89413 3.2
-1.89388 3.3
-1.89364 3.4
-1.89339 3.4
-1.89315 3.5
-1.89291 3.5
-1.89266 3.6
-1.89242 3.6
-1.89217 3.6
-1.89193 3.6
-1.89169 3.7
-1.89144 3.7
-1.8912 3.7
-1.89095 3.7
-1.89071 3.7
-1.89046 3.7
-1.89022 3.6
-1.88998 3.6
-1.88973 3.6
-1.88949 3.6
-1.88924 3.5
-1.889 3.5
-1.88876 3.4
-1.88851 3.4
-1.88827 3.3
-1.88802 3.3
-1.88778 3.2
-1.88754 3.1
-1.88729 3.0
-1.88705 3.0
-1.8868 2.9
-1.88656 2.8
-1.88631 2.7
-1.88607 2.6
-1.88583 2.5
-1.88558 2.4
-1.88534 2.3
-1.88509 2.2
-1.88485 2.0
-1.88461 1.9
-1.88436 1.8
-1.88412 1.7
-1.88387 1.5
-1.88363 1.4
-1.88338 1.3
-1.88314 1.1
-1.8829 1.0
-1.88265 0.9
-1.88241 0.7
-1.88216 0.6
-1.88192 0.4
-1.88168 0.3
-1.88143 0.2
-1.88119 0.0
-1.88094 -0.1
-1.8807 -0.3
-1.88046 -0.4
-1.88021 -0.5
-1.87997 -0.7
-1.87972 -0.8
-1.87948 -1.0
-1.87923 -1.1
-1.87899 -1.2
-1.87875 -1.4
-1.8785 -1.5
-1.87826 -1.6
-1.87801 -1.8
-1.87777 -1.9
-1.87753 -2.0
-1.87728 -2.1
-1.87704 -2.2
-1.87679 -2.4
-1.87655 -2.5
-1.8763 -2.6
-1.87606 -2.7
-1.87582 -2.8
-1.87557 -2.9
-1.87533 -2.9
-1.87508 -3.0
-1.87484 -3.1
-1.8746 -3.2
-1.87435 -3.3
-1.87411 -3.3
-1.87386 -3.4
-1.87362 -3.4
-1.87337 -3.5
-1.87313 -3.5
-1.87289 -3.6
-1.87264 -3.6
-1.8724 -3.6
-1.87215 -3.6
-1.87191 -3.7
-1.87167 -3.7
-1.87142 -3.7
-1.87118 -3.7
-1.87093 -3.7
-1.87069 -3.7
-1.87045 -3.7
-1.8702 -3.6
-1.86996 -3.6
-1.86971 -3.6
-1.86947 -3.5
-1.86922 -3.5
-1.86898 -3.4
-1.86874 -3.4
-1.86849 -3.3
-1.86825 -3.3
-1.868 -3.2
-1.86776 -3.1
-1.86752 -3.0
-1.86727 -3.0
-1.86703 -2.9
-1.86678 -2.8
-1.86654 -2.7
-1.86629 -2.6
-1.86605 -2.5
-1.86581 -2.4
-1.86556 -2.3
-1.86532 -2.1
-1.86507 -2.0
-1.86483 -1.9
-1.86459 -1.8
-1.86434 -1.6
-1.8641 -1.5
-1.86385 -1.4
-1.86361 -1.2
-1.86337 -1.1
-1.86312 -1.0
-1.86288 -0.8
-1.86263 -0.7
-1.86239 -0.6
-1.86214 -0.4
-1.8619 -0.3
-1.86166 -0.1
-1.86141 0.0
-1.86117 0.2
-1.86092 0.3
-1.86068 0.5
-1.86044 0.6
-1.86019 0.7
-1.85995 0.9
-1.8597 1.0
-1.85946 1.2
-1.85921 1.3
-1.85897 1.4
-1.85873 1.6
-1.85848 1.7
-1.85824 1.8
-1.85799 1.9
-1.85775 2.1
-1.85751 2.2
-1.85726 2.3
-1.85702 2.4
-1.85677 2.5
-1.85653 2.6
-1.85629 2.7
-1.85604 2.8
-1.8558 2.9
-1.85555 3.0
-1.85531 3.1
-1.85506 3.1
-1.85482 3.2
-1.85458 3.3
-1.85433 3.4
-1.85409 3.4
-1.85384 3.5
-1.8536 3.5
-1.85336 3.6
-1.85311 3.6
-1.85287 3.6
-1.85262 3.6
-1.85238 3.7
-1.85213 3.7
-1.85189 3.7
-1.85165 3.7
-1.8514 3.7
-1.85116 3.7
-1.85091 3.7
-1.85067 3.7
-1.85043 3.6
-1.85018 3.6
-1.84994 3.6
-1.84969 3.5
-1.84945 3.5
-1.84921 3.4
-1.84896 3.4
-1.84872 3.3
-1.84847 3.2
-1.84823 3.2
-1.84798 3.1
-1.84774 3.0
-1.8475 2.9
-1.84725 2.8
-1.84701 2.7
-1.84676 2.6
-1.84652 2.5
-1.84628 2.4
-1.84603 2.3
-1.84579 2.2
-1.84554 2.1
-1.8453 2.0
-1.84505 1.8
-1.84481 1.7
-1.84457 1.6
-1.84432 1.4
-1.84408 1.3
-1.84383 1.2
-1.84359 1.0
-1.84335 0.9
-1.8431 0.8
-1.84286 0.6
-1.84261 0.5
-1.84237 0.3
-1.84212 0.2
-1.84188 0.0
-1.84164 -0.1
-1.84139 -0.3
-1.84115 -0.4
-1.8409 -0.5
-1.84066 -0.7
-1.84042 -0.8
-1.84017 -1.0
-1.83993 -1.1
-1.83968 -1.2
-1.83944 -1.4
-1.8392 -1.5
-1.83895 -1.6
-1.83871 -1.8
-1.83846 -1.9
-1.83822 -2.0
-1.83797 -2.1
-1.83773 -2.3
-1.83749 -2.4
-1.83724 -2.5
-1.837 -2.6
-1.83675 -2.7
-1.83651 -2.8
-1.83627 -2.9
-1.83602 -3.0
-1.83578 -3.1
-1.83553 -3.1
-1.83529 -3.2
-1.83504 -3.3
-1.8348 -3.3
-1.83456 -3.4
-1.83431 -3.5
-1.83407 -3.5
-1.83382 -3.5
-1.83358 -3.6
-1.83334 -3.6
-1.83309 -3.6
-1.83285 -3.7
-1.8326 -3.7
-1.83236 -3.7
-1.83212 -3.7
-1.83187 -3.7
-1.83163 -3.7
-1.83138 -3.7
-1.83114 -3.7
-1.83089 -3.6
-1.83065 -3.6
-1.83041 -3.6
-1.83016 -3.5
-1.82992 -3.5
-1.82967 -3.4
-1.82943 -3.4
-1.82919 -3.3
-1.82894 -3.3
-1.8287 -3.2
-1.82845 -3.1
-1.82821 -3.0
-1.82796 -2.9
-1.82772 -2.9
-1.82748 -2.8
-1.82723 -2.7
-1.82699 -2.6
-1.82674 -2.4
-1.8265 -2.3
-1.82626 -2.2
-1.82601 -2.1
-1.82577 -2.0
-1.82552 -1.9
-1.82528 -1.7
-1.82504 -1.6
-1.82479 -1.5
-1.82455 -1.3
-1.8243 -1.2
-1.82406 -1.1
-1.82381 -0.9
-1.82357 -0.8
-1.82333 -0.6
-1.82308 -0.5
-1.82284 -0.3
-1.82259 -0.2
-1.82235 0.0
-1.82211 0.0
-1.82186 0.2
-1.82162 0.4
-1.82137 0.5
-1.82113 0.7
-1.82088 0.8
-1.82064 1.0
-1.8204 1.1
-1.82015 1.2
-1.81991 1.4
-1.81966 1.5
-1.81942 1.6
-1.81918 1.8
-1.81893 1.9
-1.81869 2.0
-1.81844 2.1
-1.8182 2.3
-1.81796 2.4
-1.81771 2.5
-1.81747 2.6
-1.81722 2.7
-1.81698 2.8
-1.81673 2.9
-1.81649 3.0
-1.81625 3.1
-1.816 3.1
-1.81576 3.2
-1.81551 3.3
-1.81527 3.4
-1.81503 3.4
-1.81478 3.5
-1.81454 3.5
-1.81429 3.6
-1.81405 3.6
-1.8138 3.6
-1.81356 3.7
-1.81332 3.7
-1.81307 3.7
-1.81283 3.7
-1.81258 3.7
-1.81234 3.7
-1.8121 3.7
-1.81185 3.7
-1.81161 3.7
-1.81136 3.6
-1.81112 3.6
-1.81087 3.6
-1.81063 3.5
-1.81039 3.5
-1.81014 3.4
-1.8099 3.4
-1.80965 3.3
-1.80941 3.3
-1.80917 3.2
-1.80892 3.1
-1.80868 3.0
-1.80843 2.9
-1.80819 2.8
-1.80795 2.7
-1.8077 2.6
-1.80746 2.5
-1.80721 2.4
-1.80697 2.3
-1.80672 2.2
-1.80648 2.1
-1.80624 2.0
-1.80599 1.8
-1.80575 1.7
-1.8055 1.6
-1.80526 1.4
-1.80502 1.3
-1.80477 1.2
-1.80453 1.0
-1.80428 0.9
-1.80404 0.7
-1.80379 0.6
-1.80355 0.5
-1.80331 0.3
-1.80306 0.2
-1.80282 0.0
-1.80257 -0.1
-1.80233 -0.3
-1.80209 -0.4
-1.80184 -0.6
-1.8016 -0.7
-1.80135 -0.9
-1.80111 -1.0
-1.80087 -1.1
-1.80062 -1.3
-1.80038 -1.4
-1.80013 -1.5
-1.79989 -1.7
-1.79964 -1.8
-1.7994 -1.9
-1.79916 -2.1
-1.79891 -2.2
-1.79867 -2.3
-1.79842 -2.4
-1.79818 -2.5
-1.79794 -2.6
-1.79769 -2.7
-1.79745 -2.8
-1.7972 -2.9
-1.79696 -3.0
-1.79671 -3.1
-1.79647 -3.2
-1.79623 -3.2
-1.79598 -3.3
-1.79574 -3.4
-1.79549 -3.4
-1.79525 -3.5
-1.79501 -3.5
-1.79476 -3.6
-1.79452 -3.6
-1.79427 -3.7
-1.79403 -3.7
-1.79379 -3.7
-1.79354 -3.7
-1.7933 -3.7
-1.79305 -3.7
-1.79281 -3.7
-1.79256 -3.7
-1.79232 -3.7
-1.79208 -3.7
-1.79183 -3.6
-1.79159 -3.6
-1.79134 -3.6
-1.7911 -3.5
-1.79086 -3.5
-1.79061 -3.4
-1.79037 -3.4
-1.79012 -3.3
-1.78988 -3.2
-1.78963 -3.2
-1.78939 -3.1
-1.78915 -3.0
-1.7889 -2.9
-1.78866 -2.8
-1.78841 -2.7
-1.78817 -2.6
-1.78793 -2.5
-1.78768 -2.4
-1.78744 -2.3
-1.78719 -2.2
-1.78695 -2.0
-1.78671 -1.9
-1.78646 -1.8
-1.78622 -1.7
-1.78597 -1.5
-1.78573 -1.4
-1.78548 -1.2
-1.78524 -1.1
-1.785 -1.0
-1.78475 -0.8
-1.78451 -0.7
-1.78426 -0.5
-1.78402 -0.4
-1.78378 -0.2
-1.78353 0.0
-1.78329 0.0
-1.78304 0.2
-1.7828 0.4
-1.78255 0.5
-1.78231 0.6
-1.78207 0.8
-1.78182 0.9
-1.78158 1.1
-1.78133 1.2
-1.78109 1.4
-1.78085 1.5
-1.7806 1.6
-1.78036 1.8
-1.78011 1.9
-1.77987 2.0
-1.77962 2.1
-1.77938 2.3
-1.77914 2.4
-1.77889 2.5
-1.77865 2.6
-1.7784 2.7
-1.77816 2.8
-1.77792 2.9
-1.77767 3.0
-1.77743 3.1
-1.77718 3.2
-1.77694 3.2
-1.7767 3.3
-1.77645 3.4
-1.77621 3.4
-1.77596 3.5
-1.77572 3.5
-1.77547 3.6
-1.77523 3.6
-1.77499 3.7
-1.77474 3.7
-1.7745 3.7
-1.77425 3.7
-1.77401 3.7
-1.77377 3.7
-1.77352 3.7
-1.77328 3.7
-1.77303 3.7
-1.77279 3.7
-1.77254 3.7
-1.7723 3.6
-1.77206 3.6
-1.77181 3.6
-1.77157 3.5
-1.77132 3.5
-1.77108 3.4
-1.77084 3.3
-1.77059 3.3
-1.77035 3.2
-1.7701 3.1
-1.76986 3.0
-1.76962 2.9
-1.76937 2.8
-1.76913 2.7
-1.76888 2.6
-1.76864 2.5
-1.76839 2.4
-1.76815 2.3
-1.76791 2.2
-1.76766 2.1
-1.76742 1.9
-1.76717 1.8
-1.76693 1.7
-1.76669 1.6
-1.76644 1.4
-1.7662 1.3
-1.76595 1.1
-1.76571 1.0
-1.76546 0.8
-1.76522 0.7
-1.76498 0.6
-1.76473 0.4
-1.76449 0.3
-1.76424 0.1
-1.764 0.0
-1.76376 -0.2
-1.76351 -0.3
-1.76327 -0.5
-1.76302 -0.6
-1.76278 -0.8
-1.76254 -0.9
-1.76229 -1.1
-1.76205 -1.2
-1.7618 -1.3
-1.76156 -1.5
-1.76131 -1.6
-1.76107 -1.7
-1.76083 -1.9
-1.76058 -2.0
-1.76034 -2.1
-1.76009 -2.2
-1.75985 -2.4
-1.75961 -2.5
-1.75936 -2.6
-1.75912 -2.7
-1.75887 -2.8
-1.75863 -2.9
-1.75838 -3.0
-1.75814 -3.1
-1.7579 -3.2
-1.75765 -3.2
-1.75741 -3.3
-1.75716 -3.4
-1.75692 -3.4
-1.75668 -3.5
-1.75643 -3.5
-1.75619 -3.6
-1.75594 -3.6
-1.7557 -3.7
-1.75546 -3.7
-1.75521 -3.7
-1.75497 -3.7
-1.75472 -3.7
-1.75448 -3.7
-1.75423 -3.7
-1.75399 -3.7
-1.75375 -3.7
-1.7535 -3.7
-1.75326 -3.7
-1.75301 -3.6
-1.75277 -3.6
-1.75253 -3.6
-1.75228 -3.5
-1.75204 -3.5
-1.75179 -3.4
-1.75155 -3.3
-1.7513 -3.3
-1.75106 -3.2
-1.75082 -3.1
-1.75057 -3.0
-1.75033 -2.9
-1.75008 -2.8
-1.74984 -2.7
-1.7496 -2.6
-1.74935 -2.5
-1.74911 -2.4
-1.74886 -2.3
-1.74862 -2.2
-1.74837 -2.1
-1.74813 -1.9
-1.74789 -1.8
-1.74764 -1.7
-1.7474 -1.5
-1.74715 -1.4
-1.74691 -1.3
-1.74667 -1.1
-1.74642 -1.0
-1.74618 -0.8
-1.74593 -0.7
-1.74569 -0.5
-1.74545 -0.4
-1.7452 -0.2
-1.74496 0.0
-1.74471 0.0
-1.74447 0.2
-1.74422 0.4
-1.74398 0.5
-1.74374 0.7
-1.74349 0.8
-1.74325 0.9
-1.743 1.1
-1.74276 1.2
-1.74252 1.4
-1.74227 1.5
-1.74203 1.6
-1.74178 1.8
-1.74154 1.9
-1.74129 2.0
-1.74105 2.2
-1.74081 2.3
-1.74056 2.4
-1.74032 2.5
-1.74007 2.6
-1.73983 2.7
-1.73959 2.8
-1.73934 2.9
-1.7391 3.0
-1.73885 3.1
-1.73861 3.2
-1.73837 3.3
-1.73812 3.3
-1.73788 3.4
-1.73763 3.5
-1.73739 3.5
-1.73714 3.6
-1.7369 3.6
-1.73666 3.6
-1.73641 3.7
-1.73617 3.7
-1.73592 3.7
-1.73568 3.7
-1.73544 3.7
-1.73519 3.8
-1.73495 3.7
-1.7347 3.7
-1.73446 3.7
-1.73421 3.7
-1.73397 3.7
-1.73373 3.6
-1.73348 3.6
-1.73324 3.6
-1.73299 3.5
-1.73275 3.5
-1.73251 3.4
-1.73226 3.3
-1.73202 3.3
-1.73177 3.2
-1.73153 3.1
-1.73129 3.0
-1.73104 2.9
-1.7308 2.8
-1.73055 2.7
-1.73031 2.6
-1.73006 2.5
-1.72982 2.4
-1.72958 2.3
-1.72933 2.1
-1.72909 2.0
-1.72884 1.9
-1.7286 1.8
-1.72836 1.6
-1.72811 1.5
-1.72787 1.3
-1.72762 1.2
-1.72738 1.1
-1.72713 0.9
-1.72689 0.8
-1.72665 0.6
-1.7264 0.5
-1.72616 0.3
-1.72591 0.2
-1.72567 0.0
-1.72543 -0.1
-1.72518 -0.3
-1.72494 -0.4
-1.72469 -0.6
-1.72445 -0.7
-1.72421 -0.9
-1.72396 -1.0
-1.72372 -1.2
-1.72347 -1.3
-1.72323 -1.4
-1.72298 -1.6
-1.72274 -1.7
-1.7225 -1.8
-1.72225 -2.0
-1.72201 -2.1
-1.72176 -2.2
-1.72152 -2.3
-1.72128 -2.5
-1.72103 -2.6
-1.72079 -2.7
-1.72054 -2.8
-1.7203 -2.9
-1.72005 -3.0
-1.71981 -3.1
-1.71957 -3.2
-1.71932 -3.2
-1.71908 -3.3
-1.71883 -3.4
-1.71859 -3.4
-1.71835 -3.5
-1.7181 -3.6
-1.71786 -3.6
-1.71761 -3.6
-1.71737 -3.7
-1.71712 -3.7
-1.71688 -3.7
-1.71664 -3.7
-1.71639 -3.8
-1.71615 -3.8
-1.7159 -3.8
-1.71566 -3.8
-1.71542 -3.7
-1.71517 -3.7
-1.71493 -3.7
-1.71468 -3.7
-1.71444 -3.6
-1.7142 -3.6
-1.71395 -3.5
-1.71371 -3.5
-1.71346 -3.4
-1.71322 -3.4
-1.71297 -3.3
-1.71273 -3.2
-1.71249 -3.1
-1.71224 -3.0
-1.712 -2.9
-1.71175 -2.9
-1.71151 -2.8
-1.71127 -2.6
-1.71102 -2.5
-1.71078 -2.4
-1.71053 -2.3
-1.71029 -2.2
-1.71004 -2.1
-1.7098 -1.9
-1.70956 -1.8
-1.70931 -1.7
-1.70907 -1.5
-1.70882 -1.4
-1.70858 -1.2
-1.70834 -1.1
-1.70809 -1.0
-1.70785 -0.8
-1.7076 -0.7
-1.70736 -0.5
-1.70712 -0.4
-1.70687 -0.2
-1.70663 0.0
-1.70638 0.0
-1.70614 0.2
-1.70589 0.4
-1.70565 0.5
-1.70541 0.7
-1.70516 0.8
-1.70492 1.0
-1.70467 1.1
-1.70443 1.3
-1.70419 1.4
-1.70394 1.6
-1.7037 1.7
-1.70345 1.8
-1.70321 2.0
-1.70296 2.1
-1.70272 2.2
-1.70248 2.3
-1.70223 2.5
-1.70199 2.6
-1.70174 2.7
-1.7015 2.8
-1.70126 2.9
-1.70101 3.0
-1.70077 3.1
-1.70052 3.2
-1.70028 3.2
-1.70004 3.3
-1.69979 3.4
-1.69955 3.4
-1.6993 3.5
-1.69906 3.6
-1.69881 3.6
-1.69857 3.6
-1.69833 3.7
-1.69808 3.7
-1.69784 3.7
-1.69759 3.8
-1.69735 3.8
-1.69711 3.8
-1.69686 3.8
-1.69662 3.8
-1.69637 3.7
-1.69613 3.7
-1.69588 3.7
-1.69564 3.7
-1.6954 3.6
-1.69515 3.6
-1.69491 3.5
-1.69466 3.5
-1.69442 3.4
-1.69418 3.4
-1.69393 3.3
-1.69369 3.2
-1.69344 3.1
-1.6932 3.0
-1.69296 3.0
-1.69271 2.9
-1.69247 2.8
-1.69222 2.7
-1.69198 2.5
-1.69173 2.4
-1.69149 2.3
-1.69125 2.2
-1.691 2.1
-1.69076 1.9
-1.69051 1.8
-1.69027 1.7
-1.69003 1.5
-1.68978 1.4
-1.68954 1.2
-1.68929 1.1
-1.68905 1.0
-1.6888 0.8
-1.68856 0.7
-1.68832 0.5
-1.68807 0.4
-1.68783 0.2
-1.68758 0.0
-1.68734 -0.1
-1.6871 -0.3
-1.68685 -0.4
-1.68661 -0.6
-1.68636 -0.7
-1.68612 -0.9
-1.68587 -1.0
-1.68563 -1.2
-1.68539 -1.3
-1.68514 -1.4
-1.6849 -1.6
-1.68465 -1.7
-1.68441 -1.9
-1.68417 -2.0
-1.68392 -2.1
-1.68368 -2.2
-1.68343 -2.4
-1.68319 -2.5
-1.68295 -2.6
-1.6827 -2.7
-1.68246 -2.8
-1.68221 -2.9
-1.68197 -3.0
-1.68172 -3.1
-1.68148 -3.2
-1.68124 -3.3
-1.68099 -3.3
-1.68075 -3.4
-1.6805 -3.5
-1.68026 -3.5
-1.68002 -3.6
-1.67977 -3.6
-1.67953 -3.7
-1.67928 -3.7
-1.67904 -3.7
-1.67879 -3.7
-1.67855 -3.8
-1.67831 -3.8
-1.67806 -3.8
-1.67782 -3.8
-1.67757 -3.8
-1.67733 -3.8
-1.67709 -3.7
-1.67684 -3.7
-1.6766 -3.7
-1.67635 -3.6
-1.67611 -3.6
-1.67587 -3.5
-1.67562 -3.5
-1.67538 -3.4
-1.67513 -3.4
-1.67489 -3.3
-1.67464 -3.2
-1.6744 -3.1
-1.67416 -3.0
-1.67391 -2.9
-1.67367 -2.8
-1.67342 -2.7
-1.67318 -2.6
-1.67294 -2.5
-1.67269 -2.4
-1.67245 -2.3
-1.6722 -2.1
-1.67196 -2.0
-1.67171 -1.9
-1.67147 -1.8
-1.67123 -1.6
-1.67098 -1.5
-1.67074 -1.3
-1.67049 -1.2
-1.67025 -1.0
-1.67001 -0.9
-1.66976 -0.7
-1.66952 -0.6
-1.66927 -0.4
-1.66903 -0.3
-1.66879 -0.1
-1.66854 0.0
-1.6683 0.2
-1.66805 0.3
-1.66781 0.5
-1.66756 0.6
-1.66732 0.8
-1.66708 0.9
-1.66683 1.1
-1.66659 1.2
-1.66634 1.4
-1.6661 1.5
-1.66586 1.6
-1.66561 1.8
-1.66537 1.9
-1.66512 2.0
-1.66488 2.2
-1.66463 2.3
-1.66439 2.4
-1.66415 2.5
-1.6639 2.6
-1.66366 2.8
-1.66341 2.9
-1.66317 3.0
-1.66293 3.1
-1.66268 3.1
-1.66244 3.2
-1.66219 3.3
-1.66195 3.4
-1.66171 3.4
-1.66146 3.5
-1.66122 3.6
-1.66097 3.6
-1.66073 3.7
-1.66048 3.7
-1.66024 3.7
-1.66 3.7
-1.65975 3.8
-1.65951 3.8
-1.65926 3.8
-1.65902 3.8
-1.65878 3.8
-1.65853 3.8
-1.65829 3.8
-1.65804 3.7
-1.6578 3.7
-1.65755 3.7
-1.65731 3.6
-1.65707 3.6
-1.65682 3.5
-1.65658 3.5
-1.65633 3.4
-1.65609 3.3
-1.65585 3.2
-1.6556 3.2
-1.65536 3.1
-1.65511 3.0
-1.65487 2.9
-1.65462 2.8
-1.65438 2.7
-1.65414 2.6
-1.65389 2.4
-1.65365 2.3
-1.6534 2.2
-1.65316 2.1
-1.65292 1.9
-1.65267 1.8
-1.65243 1.7
-1.65218 1.5
-1.65194 1.4
-1.6517 1.2
-1.65145 1.1
-1.65121 0.9
-1.65096 0.8
-1.65072 0.6
-1.65047 0.5
-1.65023 0.3
-1.64999 0.2
-1.64974 0.0
-1.6495 -0.1
-1.64925 -0.3
-1.64901 -0.4
-1.64877 -0.6
-1.64852 -0.7
-1.64828 -0.9
-1.64803 -1.0
-1.64779 -1.2
-1.64754 -1.3
-1.6473 -1.5
-1.64706 -1.6
-1.64681 -1.8
-1.64657 -1.9
-1.64632 -2.0
-1.64608 -2.2
-1.64584 -2.3
-1.64559 -2.4
-1.64535 -2.5
-1.6451 -2.6
-1.64486 -2.7
-1.64462 -2.8
-1.64437 -2.9
-1.64413 -3.0
-1.64388 -3.1
-1.64364 -3.2
-1.64339 -3.3
-1.64315 -3.4
-1.64291 -3.4
-1.64266 -3.5
-1.64242 -3.6
-1.64217 -3.6
-1.64193 -3.7
-1.64169 -3.7
-1.64144 -3.7
-1.6412 -3.8
-1.64095 -3.8
-1.64071 -3.8
-1.64046 -3.8
-1.64022 -3.8
-1.63998 -3.8
-1.63973 -3.8
-1.63949 -3.8
-1.63924 -3.7
-1.639 -3.7
-1.63876 -3.7
-1.63851 -3.6
-1.63827 -3.6
-1.63802 -3.5
-1.63778 -3.5
-1.63754 -3.4
-1.63729 -3.3
-1.63705 -3.3
-1.6368 -3.2
-1.63656 -3.1
-1.63631 -3.0
-1.63607 -2.9
-1.63583 -2.8
-1.63558 -2.7
-1.63534 -2.6
-1.63509 -2.5
-1.63485 -2.3
-1.63461 -2.2
-1.63436 -2.1
-1.63412 -1.9
-1.63387 -1.8
-1.63363 -1.7
-1.63338 -1.5
-1.63314 -1.4
-1.6329 -1.2
-1.63265 -1.1
-1.63241 -0.9
-1.63216 -0.8
-1.63192 -0.6
-1.63168 -0.5
-1.63143 -0.3
-1.63119 -0.2
-1.63094 0.0
-1.6307 0.1
-1.63046 0.3
-1.63021 0.4
-1.62997 0.6
-1.62972 0.7
-1.62948 0.9
-1.62923 1.1
-1.62899 1.2
-1.62875 1.3
-1.6285 1.5
-1.62826 1.6
-1.62801 1.8
-1.62777 1.9
-1.62753 2.0
-1.62728 2.2
-1.62704 2.3
-1.62679 2.4
-1.62655 2.5
-1.6263 2.7
-1.62606 2.8
-1.62582 2.9
-1.62557 3.0
-1.62533 3.1
-1.62508 3.2
-1.62484 3.2
-1.6246 3.3
-1.62435 3.4
-1.62411 3.5
-1.62386 3.5
-1.62362 3.6
-1.62337 3.6
-1.62313 3.7
-1.62289 3.7
-1.62264 3.7
-1.6224 3.8
-1.62215 3.8
-1.62191 3.8
-1.62167 3.8
-1.62142 3.8
-1.62118 3.8
-1.62093 3.8
-1.62069 3.8
-1.62045 3.7
-1.6202 3.7
-1.61996 3.7
-1.61971 3.6
-1.61947 3.6
-1.61922 3.5
-1.61898 3.5
-1.61874 3.4
-1.61849 3.3
-1.61825 3.2
-1.618 3.2
-1.61776 3.1
-1.61752 3.0
-1.61727 2.9
-1.61703 2.8
-1.61678 2.7
-1.61654 2.5
-1.61629 2.4
-1.61605 2.3
-1.61581 2.2
-1.61556 2.0
-1.61532 1.9
-1.61507 1.8
-1.61483 1.6
-1.61459 1.5
-1.61434 1.3
-1.6141 1.2
-1.61385 1.1
-1.61361 0.9
-1.61337 0.7
-1.61312 0.6
-1.61288 0.4
-1.61263 0.3
-1.61239 0.1
-1.61214 0.0
-1.6119 -0.2
-1.61166 -0.3
-1.61141 -0.5
-1.61117 -0.7
-1.61092 -0.8
-1.61068 -1.0
-1.61044 -1.1
-1.61019 -1.3
-1.60995 -1.4
-1.6097 -1.6
-1.60946 -1.7
-1.60921 -1.8
-1.60897 -2.0
-1.60873 -2.1
-1.60848 -2.2
-1.60824 -2.4
-1.60799 -2.5
-1.60775 -2.6
-1.60751 -2.7
-1.60726 -2.8
-1.60702 -2.9
-1.60677 -3.0
-1.60653 -3.1
-1.60629 -3.2
-1.60604 -3.3
-1.6058 -3.4
-1.60555 -3.4
-1.60531 -3.5
-1.60506 -3.6
-1.60482 -3.6
-1.60458 -3.7
-1.60433 -3.7
-1.60409 -3.7
-1.60384 -3.8
-1.6036 -3.8
-1.60336 -3.8
-1.60311 -3.8
-1.60287 -3.8
-1.60262 -3.8
-1.60238 -3.8
-1.60213 -3.8
-1.60189 -3.8
-1.60165 -3.7
-1.6014 -3.7
-1.60116 -3.7
-1.60091 -3.6
-1.60067 -3.6
-1.60043 -3.5
-1.60018 -3.4
-1.59994 -3.4
-1.59969 -3.3
-1.59945 -3.2
-1.59921 -3.1
-1.59896 -3.0
-1.59872 -2.9
-1.59847 -2.8
-1.59823 -2.7
-1.59798 -2.6
-1.59774 -2.5
-1.5975 -2.4
-1.59725 -2.2
-1.59701 -2.1
-1.59676 -2.0
-1.59652 -1.8
-1.59628 -1.7
-1.59603 -1.6
-1.59579 -1.4
-1.59554 -1.3
-1.5953 -1.1
-1.59505 -1.0
-1.59481 -0.8
-1.59457 -0.6
-1.59432 -0.5
-1.59408 -0.3
-1.59383 -0.2
-1.59359 0.0
-1.59335 0.1
-1.5931 0.3
-1.59286 0.5
-1.59261 0.6
-1.59237 0.8
-1.59212 0.9
-1.59188 1.1
-1.59164 1.2
-1.59139 1.4
-1.59115 1.5
-1.5909 1.7
-1.59066 1.8
-1.59042 1.9
-1.59017 2.1
-1.58993 2.2
-1.58968 2.3
-1.58944 2.5
-1.5892 2.6
-1.58895 2.7
-1.58871 2.8
-1.58846 2.9
-1.58822 3.0
-1.58797 3.1
-1.58773 3.2
-1.58749 3.3
-1.58724 3.4
-1.587 3.4
-1.58675 3.5
-1.58651 3.6
-1.58627 3.6
-1.58602 3.7
-1.58578 3.7
-1.58553 3.7
-1.58529 3.8
-1.58504 3.8
-1.5848 3.8
-1.58456 3.8
-1.58431 3.8
-1.58407 3.8
-1.58382 3.8
-1.58358 3.8
-1.58334 3.8
-1.58309 3.8
-1.58285 3.7
-1.5826 3.7
-1.58236 3.6
-1.58212 3.6
-1.58187 3.5
-1.58163 3.5
-1.58138 3.4
-1.58114 3.3
-1.58089 3.2
-1.58065 3.1
-1.58041 3.0
-1.58016 2.9
-1.57992 2.8
-1.57967 2.7
-1.57943 2.6
-1.57919 2.5
-1.57894 2.4
-1.5787 2.3
-1.57845 2.1
-1.57821 2.0
-1.57796 1.8
-1.57772 1.7
-1.57748 1.6
-1.57723 1.4
-1.57699 1.3
-1.57674 1.1
-1.5765 1.0
-1.57626 0.8
-1.57601 0.7
-1.57577 0.5
-1.57552 0.3
-1.57528 0.2
-1.57504 0.0
-1.57479 -0.1
-1.57455 -0.3
-1.5743 -0.5
-1.57406 -0.6
-1.57381 -0.8
-1.57357 -0.9
-1.57333 -1.1
-1.57308 -1.2
-1.57284 -1.4
-1.57259 -1.5
-1.57235 -1.7
-1.57211 -1.8
-1.57186 -1.9
-1.57162 -2.1
-1.57137 -2.2
-1.57113 -2.3
-1.57088 -2.5
-1.57064 -2.6
-1.5704 -2.7
-1.57015 -2.8
-1.56991 -2.9
-1.56966 -3.0
-1.56942 -3.1
-1.56918 -3.2
-1.56893 -3.3
-1.56869 -3.4
-1.56844 -3.4
-1.5682 -3.5
-1.56796 -3.6
-1.56771 -3.6
-1.56747 -3.7
-1.56722 -3.7
-1.56698 -3.8
-1.56673 -3.8
-1.56649 -3.8
-1.56625 -3.8
-1.566 -3.8
-1.56576 -3.8
-1.56551 -3.8
-1.56527 -3.8
-1.56503 -3.8
-1.56478 -3.8
-1.56454 -3.8
-1.56429 -3.7
-1.56405 -3.7
-1.5638 -3.6
-1.56356 -3.6
-1.56332 -3.5
-1.56307 -3.5
-1.56283 -3.4
-1.56258 -3.3
-1.56234 -3.2
-1.5621 -3.1
-1.56185 -3.0
-1.56161 -2.9
-1.56136 -2.8
-1.56112 -2.7
-1.56087 -2.6
-1.56063 -2.5
-1.56039 -2.4
-1.56014 -2.2
-1.5599 -2.1
-1.55965 -2.0
-1.55941 -1.8
-1.55917 -1.7
-1.55892 -1.5
-1.55868 -1.4
-1.55843 -1.2
-1.55819 -1.1
-1.55795 -0.9
-1.5577 -0.8
-1.55746 -0.6
-1.55721 -0.5
-1.55697 -0.3
-1.55672 -0.1
-1.55648 0.0
-1.55624 0.2
-1.55599 0.3
-1.55575 0.5
-1.5555 0.7
-1.55526 0.8
-1.55502 1.0
-1.55477 1.1
-1.55453 1.3
-1.55428 1.4
-1.55404 1.6
-1.55379 1.7
-1.55355 1.9
-1.55331 2.0
-1.55306 2.1
-1.55282 2.3
-1.55257 2.4
-1.55233 2.5
-1.55209 2.6
-1.55184 2.8
-1.5516 2.9
-1.55135 3.0
-1.55111 3.1
-1.55087 3.2
-1.55062 3.3
-1.55038 3.3
-1.55013 3.4
-1.54989 3.5
-1.54964 3.5
-1.5494 3.6
-1.54916 3.7
-1.54891 3.7
-1.54867 3.7
-1.54842 3.8
-1.54818 3.8
-1.54794 3.8
-1.54769 3.8
-1.54745 3.9
-1.5472 3.9
-1.54696 3.8
-1.54671 3.8
-1.54647 3.8
-1.54623 3.8
-1.54598 3.8
-1.54574 3.7
-1.54549 3.7
-1.54525 3.6
-1.54501 3.6
-1.54476 3.5
-1.54452 3.4
-1.54427 3.3
-1.54403 3.3
-1.54379 3.2
-1.54354 3.1
-1.5433 3.0
-1.54305 2.9
-1.54281 2.8
-1.54256 2.7
-1.54232 2.5
-1.54208 2.4
-1.54183 2.3
-1.54159 2.2
-1.54134 2.0
-1.5411 1.9
-1.54086 1.7
-1.54061 1.6
-1.54037 1.4
-1.54012 1.3
-1.53988 1.1
-1.53963 1.0
-1.53939 0.8
-1.53915 0.7
-1.5389 0.5
-1.53866 0.4
-1.53841 0.2
-1.53817 0.0
-1.53793 -0.1
-1.53768 -0.3
-1.53744 -0.4
-1.53719 -0.6
-1.53695 -0.8
-1.53671 -0.9
-1.53646 -1.1
-1.53622 -1.2
-1.53597 -1.4
-1.53573 -1.5
-1.53548 -1.7
-1.53524 -1.8
-1.535 -2.0
-1.53475 -2.1
-1.53451 -2.2
-1.53426 -2.4
-1.53402 -2.5
-1.53378 -2.6
-1.53353 -2.7
-1.53329 -2.8
-1.53304 -2.9
-1.5328 -3.0
-1.53255 -3.1
-1.53231 -3.2
-1.53207 -3.3
-1.53182 -3.4
-1.53158 -3.5
-1.53133 -3.5
-1.53109 -3.6
-1.53085 -3.7
-1.5306 -3.7
-1.53036 -3.7
-1.53011 -3.8
-1.52987 -3.8
-1.52962 -3.8
-1.52938 -3.9
-1.52914 -3.9
-1.52889 -3.9
-1.52865 -3.9
-1.5284 -3.8
-1.52816 -3.8
-1.52792 -3.8
-1.52767 -3.8
-1.52743 -3.7
-1.52718 -3.7
-1.52694 -3.6
-1.5267 -3.6
-1.52645 -3.5
-1.52621 -3.4
-1.52596 -3.4
-1.52572 -3.3
-1.52547 -3.2
-1.52523 -3.1
-1.52499 -3.0
-1.52474 -2.9
-1.5245 -2.8
-1.52425 -2.7
-1.52401 -2.6
-1.52377 -2.4
-1.52352 -2.3
-1.52328 -2.2
-1.52303 -2.0
-1.52279 -1.9
-1.52254 -1.8
-1.5223 -1.6
-1.52206 -1.5
-1.52181 -1.3
-1.52157 -1.2
-1.52132 -1.0
-1.52108 -0.8
-1.52084 -0.7
-1.52059 -0.5
-1.52035 -0.4
-1.5201 -0.2
-1.51986 0.0
-1.51962 0.1
-1.51937 0.3
-1.51913 0.4
-1.51888 0.6
-1.51864 0.8
-1.51839 0.9
-1.51815 1.1
-1.51791 1.2
-1.51766 1.4
-1.51742 1.5
-1.51717 1.7
-1.51693 1.8
-1.51669 2.0
-1.51644 2.1
-1.5162 2.2
-1.51595 2.4
-1.51571 2.5
-1.51546 2.6
-1.51522 2.7
-1.51498 2.9
-1.51473 3.0
-1.51449 3.1
-1.51424 3.2
-1.514 3.3
-1.51376 3.3
-1.51351 3.4
-1.51327 3.5
-1.51302 3.6
-1.51278 3.6
-1.51254 3.7
-1.51229 3.7
-1.51205 3.8
-1.5118 3.8
-1.51156 3.8
-1.51131 3.8
-1.51107 3.9
-1.51083 3.9
-1.51058 3.9
-1.51034 3.9
-1.51009 3.9
-1.50985 3.8
-1.50961 3.8
-1.50936 3.8
-1.50912 3.7
-1.50887 3.7
-1.50863 3.6
-1.50838 3.6
-1.50814 3.5
-1.5079 3.4
-1.50765 3.4
-1.50741 3.3
-1.50716 3.2
-1.50692 3.1
-1.50668 3.0
-1.50643 2.9
-1.50619 2.8
-1.50594 2.7
-1.5057 2.5
-1.50546 2.4
-1.50521 2.3
-1.50497 2.2
-1.50472 2.0
-1.50448 1.9
-1.50423 1.7
-1.50399 1.6
-1.50375 1.4
-1.5035 1.3
-1.50326 1.1
-1.50301 1.0
-1.50277 0.8
-1.50253 0.6
-1.50228 0.5
-1.50204 0.3
-1.50179 0.2
-1.50155 0.0
-1.5013 -0.2
-1.50106 -0.3
-1.50082 -0.5
-1.50057 -0.7
-1.50033 -0.8
-1.50008 -1.0
-1.49984 -1.1
-1.4996 -1.3
-1.49935 -1.4
-1.49911 -1.6
-1.49886 -1.7
-1.49862 -1.9
-1.49837 -2.0
-1.49813 -2.2
-1.49789 -2.3
-1.49764 -2.4
-1.4974 -2.6
-1.49715 -2.7
-1.49691 -2.8
-1.49667 -2.9
-1.49642 -3.0
-1.49618 -3.1
-1.49593 -3.2
-1.49569 -3.3
-1.49545 -3.4
-1.4952 -3.5
-1.49496 -3.5
-1.49471 -3.6
-1.49447 -3.7
-1.49422 -3.7
-1.49398 -3.7
-1.49374 -3.8
-1.49349 -3.8
-1.49325 -3.8
-1.493 -3.9
-1.49276 -3.9
-1.49252 -3.9
-1.49227 -3.9
-1.49203 -3.9
-1.49178 -3.9
-1.49154 -3.8
-1.49129 -3.8
-1.49105 -3.8
-1.49081 -3.7
-1.49056 -3.7
-1.49032 -3.6
-1.49007 -3.6
-1.48983 -3.5
-1.48959 -3.4
-1.48934 -3.3
-1.4891 -3.2
-1.48885 -3.2
-1.48861 -3.1
-1.48837 -3.0
-1.48812 -2.8
-1.48788 -2.7
-1.48763 -2.6
-1.48739 -2.5
-1.48714 -2.4
-1.4869 -2.2
-1.48666 -2.1
-1.48641 -1.9
-1.48617 -1.8
-1.48592 -1.7
-1.48568 -1.5
-1.48544 -1.4
-1.48519 -1.2
-1.48495 -1.0
-1.4847 -0.9
-1.48446 -0.7
-1.48421 -0.6
-1.48397 -0.4
-1.48373 -0.2
-1.48348 0.0
-1.48324 0.1
-1.48299 0.3
-1.48275 0.4
-1.48251 0.6
-1.48226 0.8
-1.48202 0.9
-1.48177 1.1
-1.48153 1.2
-1.48129 1.4
-1.48104 1.5
-1.4808 1.7
-1.48055 1.8
-1.48031 2.0
-1.48006 2.1
-1.47982 2.3
-1.47958 2.4
-1.47933 2.5
-1.47909 2.6
-1.47884 2.8
-1.4786 2.9
-1.47836 3.0
-1.47811 3.1
-1.47787 3.2
-1.47762 3.3
-1.47738 3.4
-1.47713 3.4
-1.47689 3.5
-1.47665 3.6
-1.4764 3.6
-1.47616 3.7
-1.47591 3.7
-1.47567 3.8
-1.47543 3.8
-1.47518 3.9
-1.47494 3.9
-1.47469 3.9
-1.47445 3.9
-1.47421 3.9
-1.47396 3.9
-1.47372 3.9
-1.47347 3.9
-1.47323 3.8
-1.47298 3.8
-1.47274 3.7
-1.4725 3.7
-1.47225 3.6
-1.47201 3.6
-1.47176 3.5
-1.47152 3.4
-1.47128 3.4
-1.47103 3.3
-1.47079 3.2
-1.47054 3.1
-1.4703 3.0
-1.47005 2.9
-1.46981 2.8
-1.46957 2.6
-1.46932 2.5
-1.46908 2.4
-1.46883 2.2
-1.46859 2.1
-1.46835 2.0
-1.4681 1.8
-1.46786 1.7
-1.46761 1.5
-1.46737 1.4
-1.46712 1.2
-1.46688 1.1
-1.46664 0.9
-1.46639 0.7
-1.46615 0.6
-1.4659 0.4
-1.46566 0.2
-1.46542 0.0
-1.46517 0.0
-1.46493 -0.3
-1.46468 -0.4
-1.46444 -0.6
-1.4642 -0.7
-1.46395 -0.9
-1.46371 -1.1
-1.46346 -1.2
-1.46322 -1.4
-1.46297 -1.5
-1.46273 -1.7
-1.46249 -1.8
-1.46224 -2.0
-1.462 -2.1
-1.46175 -2.3
-1.46151 -2.4
-1.46127 -2.5
-1.46102 -2.6
-1.46078 -2.8
-1.46053 -2.9
-1.46029 -3.0
-1.46004 -3.1
-1.4598 -3.2
-1.45956 -3.3
-1.45931 -3.4
-1.45907 -3.5
-1.45882 -3.5
-1.45858 -3.6
-1.45834 -3.7
-1.45809 -3.7
-1.45785 -3.8
-1.4576 -3.8
-1.45736 -3.8
-1.45712 -3.9
-1.45687 -3.9
-1.45663 -3.9
-1.45638 -3.9
-1.45614 -3.9
-1.45589 -3.9
-1.45565 -3.9
-1.45541 -3.9
-1.45516 -3.8
-1.45492 -3.8
-1.45467 -3.8
-1.45443 -3.7
-1.45419 -3.6
-1.45394 -3.6
-1.4537 -3.5
-1.45345 -3.4
-1.45321 -3.4
-1.45296 -3.3
-1.45272 -3.2
-1.45248 -3.1
-1.45223 -3.0
-1.45199 -2.9
-1.45174 -2.7
-1.4515 -2.6
-1.45126 -2.5
-1.45101 -2.4
-1.45077 -2.2
-1.45052 -2.1
-1.45028 -1.9
-1.45004 -1.8
-1.44979 -1.6
-1.44955 -1.5
-1.4493 -1.3
-1.44906 -1.2
-1.44881 -1.0
-1.44857 -0.9
-1.44833 -0.7
-1.44808 -0.5
-1.44784 -0.4
-1.44759 -0.2
-1.44735 0.0
-1.44711 0.1
-1.44686 0.3
-1.44662 0.5
-1.44637 0.6
-1.44613 0.8
-1.44588 1.0
-1.44564 1.1
-1.4454 1.3
-1.44515 1.4
-1.44491 1.6
-1.44466 1.7
-1.44442 1.9
-1.44418 2.0
-1.44393 2.2
-1.44369 2.3
-1.44344 2.4
-1.4432 2.6
-1.44296 2.7
-1.44271 2.8
-1.44247 2.9
-1.44222 3.0
-1.44198 3.1
-1.44173 3.2
-1.44149 3.3
-1.44125 3.4
-1.441 3.5
-1.44076 3.6
-1.44051 3.6
-1.44027 3.7
-1.44003 3.7
-1.43978 3.8
-1.43954 3.8
-1.43929 3.9
-1.43905 3.9
-1.4388 3.9
-1.43856 3.9
-1.43832 3.9
-1.43807 3.9
-1.43783 3.9
-1.43758 3.9
-1.43734 3.9
-1.4371 3.8
-1.43685 3.8
-1.43661 3.7
-1.43636 3.7
-1.43612 3.6
-1.43587 3.6
-1.43563 3.5
-1.43539 3.4
-1.43514 3.3
-1.4349 3.2
-1.43465 3.1
-1.43441 3.0
-1.43417 2.9
-1.43392 2.8
-1.43368 2.7
-1.43343 2.6
-1.43319 2.4
-1.43295 2.3
-1.4327 2.2
-1.43246 2.0
-1.43221 1.9
-1.43197 1.7
-1.43172 1.6
-1.43148 1.4
-1.43124 1.3
-1.43099 1.1
-1.43075 0.9
-1.4305 0.8
-1.43026 0.6
-1.43002 0.4
-1.42977 0.3
-1.42953 0.1
-1.42928 0.0
-1.42904 -0.2
-1.42879 -0.4
-1.42855 -0.6
-1.42831 -0.7
-1.42806 -0.9
-1.42782 -1.1
-1.42757 -1.2
-1.42733 -1.4
-1.42709 -1.5
-1.42684 -1.7
-1.4266 -1.8
-1.42635 -2.0
-1.42611 -2.1
-1.42587 -2.3
-1.42562 -2.4
-1.42538 -2.5
-1.42513 -2.7
-1.42489 -2.8
-1.42464 -2.9
-1.4244 -3.0
-1.42416 -3.1
-1.42391 -3.2
-1.42367 -3.3
-1.42342 -3.4
-1.42318 -3.5
-1.42294 -3.6
-1.42269 -3.6
-1.42245 -3.7
-1.4222 -3.7
-1.42196 -3.8
-1.42171 -3.8
-1.42147 -3.9
-1.42123 -3.9
-1.42098 -3.9
-1.42074 -3.9
-1.42049 -3.9
-1.42025 -3.9
-1.42001 -3.9
-1.41976 -3.9
-1.41952 -3.9
-1.41927 -3.8
-1.41903 -3.8
-1.41879 -3.8
-1.41854 -3.7
-1.4183 -3.7
-1.41805 -3.6
-1.41781 -3.5
-1.41756 -3.4
-1.41732 -3.4
-1.41708 -3.3
-1.41683 -3.2
-1.41659 -3.1
-1.41634 -3.0
-1.4161 -2.8
-1.41586 -2.7
-1.41561 -2.6
-1.41537 -2.5
-1.41512 -2.3
-1.41488 -2.2
-1.41463 -2.0
-1.41439 -1.9
-1.41415 -1.8
-1.4139 -1.6
-1.41366 -1.4
-1.41341 -1.3
-1.41317 -1.1
-1.41293 -1.0
-1.41268 -0.8
-1.41244 -0.6
-1.41219 -0.5
-1.41195 -0.3
-1.41171 -0.1
-1.41146 0.0
-1.41122 0.2
-1.41097 0.4
-1.41073 0.6
-1.41048 0.7
-1.41024 0.9
-1.41 1.1
-1.40975 1.2
-1.40951 1.4
-1.40926 1.5
-1.40902 1.7
-1.40878 1.8
-1.40853 2.0
-1.40829 2.1
-1.40804 2.3
-1.4078 2.4
-1.40755 2.5
-1.40731 2.7
-1.40707 2.8
-1.40682 2.9
-1.40658 3.0
-1.40633 3.1
-1.40609 3.2
-1.40585 3.3
-1.4056 3.4
-1.40536 3.5
-1.40511 3.6
-1.40487 3.6
-1.40462 3.7
-1.40438 3.8
-1.40414 3.8
-1.40389 3.8
-1.40365 3.9
-1.4034 3.9
-1.40316 3.9
-1.40292 3.9
-1.40267 3.9
-1.40243 3.9
-1.40218 3.9
-1.40194 3.9
-1.4017 3.9
-1.40145 3.9
-1.40121 3.8
-1.40096 3.8
-1.40072 3.7
-1.40047 3.7
-1.40023 3.6
-1.39999 3.5
-1.39974 3.4
-1.3995 3.3
-1.39925 3.3
-1.39901 3.2
-1.39877 3.1
-1.39852 2.9
-1.39828 2.8
-1.39803 2.7
-1.39779 2.6
-1.39754 2.4
-1.3973 2.3
-1.39706 2.2
-1.39681 2.0
-1.39657 1.9
-1.39632 1.7
-1.39608 1.6
-1.39584 1.4
-1.39559 1.3
-1.39535 1.1
-1.3951 0.9
-1.39486 0.8
-1.39462 0.6
-1.39437 0.4
-1.39413 0.3
-1.39388 0.0
-1.39364 0.0
-1.39339 -0.3
-1.39315 -0.4
-1.39291 -0.6
-1.39266 -0.8
-1.39242 -0.9
-1.39217 -1.1
-1.39193 -1.3
-1.39169 -1.4
-1.39144 -1.6
-1.3912 -1.7
-1.39095 -1.9
-1.39071 -2.0
-1.39046 -2.2
-1.39022 -2.3
-1.38998 -2.5
-1.38973 -2.6
-1.38949 -2.7
-1.38924 -2.8
-1.389 -3.0
-1.38876 -3.1
-1.38851 -3.2
-1.38827 -3.3
-1.38802 -3.4
-1.38778 -3.5
-1.38754 -3.5
-1.38729 -3.6
-1.38705 -3.7
-1.3868 -3.7
-1.38656 -3.8
-1.38631 -3.8
-1.38607 -3.9
-1.38583 -3.9
-1.38558 -3.9
-1.38534 -3.9
-1.38509 -4.0
-1.38485 -4.0
-1.38461 -3.9
-1.38436 -3.9
-1.38412 -3.9
-1.38387 -3.9
-1.38363 -3.9
-1.38338 -3.8
-1.38314 -3.8
-1.3829 -3.7
-1.38265 -3.6
-1.38241 -3.6
-1.38216 -3.5
-1.38192 -3.4
-1.38168 -3.3
-1.38143 -3.2
-1.38119 -3.1
-1.38094 -3.0
-1.3807 -2.9
-1.38046 -2.8
-1.38021 -2.7
-1.37997 -2.5
-1.37972 -2.4
-1.37948 -2.2
-1.37923 -2.1
-1.37899 -2.0
-1.37875 -1.8
-1.3785 -1.7
-1.37826 -1.5
-1.37801 -1.3
-1.37777 -1.2
-1.37753 -1.0
-1.37728 -0.8
-1.37704 -0.7
-1.37679 -0.5
-1.37655 -0.3
-1.3763 -0.2
-1.37606 0.0
-1.37582 0.2
-1.37557 0.4
-1.37533 0.5
-1.37508 0.7
-1.37484 0.9
-1.3746 1.0
-1.37435 1.2
-1.37411 1.4
-1.37386 1.5
-1.37362 1.7
-1.37337 1.8
-1.37313 2.0
-1.37289 2.1
-1.37264 2.3
-1.3724 2.4
-1.37215 2.6
-1.37191 2.7
-1.37167 2.8
-1.37142 2.9
-1.37118 3.0
-1.37093 3.1
-1.37069 3.2
-1.37045 3.3
-1.3702 3.4
-1.36996 3.5
-1.36971 3.6
-1.36947 3.7
-1.36922 3.7
-1.36898 3.8
-1.36874 3.8
-1.36849 3.9
-1.36825 3.9
-1.368 3.9
-1.36776 3.9
-1.36752 4.0
-1.36727 4.0
-1.36703 4.0
-1.36678 3.9
-1.36654 3.9
-1.36629 3.9
-1.36605 3.9
-1.36581 3.8
-1.36556 3.8
-1.36532 3.7
-1.36507 3.7
-1.36483 3.6
-1.36459 3.5
-1.36434 3.4
-1.3641 3.3
-1.36385 3.2
-1.36361 3.1
-1.36337 3.0
-1.36312 2.9
-1.36288 2.8
-1.36263 2.7
-1.36239 2.6
-1.36214 2.4
-1.3619 2.3
-1.36166 2.1
-1.36141 2.0
-1.36117 1.8
-1.36092 1.7
-1.36068 1.5
-1.36044 1.4
-1.36019 1.2
-1.35995 1.0
-1.3597 0.9
-1.35946 0.7
-1.35921 0.5
-1.35897 0.3
-1.35873 0.2
-1.35848 0.0
-1.35824 -0.2
-1.35799 -0.3
-1.35775 -0.5
-1.35751 -0.7
-1.35726 -0.9
-1.35702 -1.0
-1.35677 -1.2
-1.35653 -1.4
-1.35629 -1.5
-1.35604 -1.7
-1.3558 -1.8
-1.35555 -2.0
-1.35531 -2.1
-1.35506 -2.3
-1.35482 -2.4
-1.35458 -2.6
-1.35433 -2.7
-1.35409 -2.8
-1.35384 -2.9
-1.3536 -3.0
-1.35336 -3.2
-1.35311 -3.3
-1.35287 -3.4
-1.35262 -3.4
-1.35238 -3.5
-1.35213 -3.6
-1.35189 -3.7
-1.35165 -3.7
-1.3514 -3.8
-1.35116 -3.8
-1.35091 -3.9
-1.35067 -3.9
-1.35043 -3.9
-1.35018 -4.0
-1.34994 -4.0
-1.34969 -4.0
-1.34945 -4.0
-1.34921 -4.0
-1.34896 -3.9
-1.34872 -3.9
-1.34847 -3.9
-1.34823 -3.8
-1.34798 -3.8
-1.34774 -3.7
-1.3475 -3.7
-1.34725 -3.6
-1.34701 -3.5
-1.34676 -3.4
-1.34652 -3.3
-1.34628 -3.2
-1.34603 -3.1
-1.34579 -3.0
-1.34554 -2.9
-1.3453 -2.8
-1.34505 -2.7
-1.34481 -2.5
-1.34457 -2.4
-1.34432 -2.3
-1.34408 -2.1
-1.34383 -2.0
-1.34359 -1.8
-1.34335 -1.7
-1.3431 -1.5
-1.34286 -1.3
-1.34261 -1.2
-1.34237 -1.0
-1.34212 -0.8
-1.34188 -0.7
-1.34164 -0.5
-1.34139 -0.3
-1.34115 -0.1
-1.3409 0.0
-1.34066 0.2
-1.34042 0.4
-1.34017 0.6
-1.33993 0.7
-1.33968 0.9
-1.33944 1.1
-1.3392 1.2
-1.33895 1.4
-1.33871 1.6
-1.33846 1.7
-1.33822 1.9
-1.33797 2.0
-1.33773 2.2
-1.33749 2.3
-1.33724 2.5
-1.337 2.6
-1.33675 2.7
-1.33651 2.9
-1.33627 3.0
-1.33602 3.1
-1.33578 3.2
-1.33553 3.3
-1.33529 3.4
-1.33504 3.5
-1.3348 3.6
-1.33456 3.6
-1.33431 3.7
-1.33407 3.8
-1.33382 3.8
-1.33358 3.9
-1.33334 3.9
-1.33309 3.9
-1.33285 4.0
-1.3326 4.0
-1.33236 4.0
-1.33212 4.0
-1.33187 4.0
-1.33163 4.0
-1.33138 3.9
-1.33114 3.9
-1.33089 3.9
-1.33065 3.8
-1.33041 3.8
-1.33016 3.7
-1.32992 3.6
-1.32967 3.6
-1.32943 3.5
-1.32919 3.4
-1.32894 3.3
-1.3287 3.2
-1.32845 3.1
-1.32821 3.0
-1.32796 2.9
-1.32772 2.7
-1.32748 2.6
-1.32723 2.5
-1.32699 2.3
-1.32674 2.2
-1.3265 2.0
-1.32626 1.9
-1.32601 1.7
-1.32577 1.6
-1.32552 1.4
-1.32528 1.2
-1.32504 1.1
-1.32479 0.9
-1.32455 0.7
-1.3243 0.6
-1.32406 0.4
-1.32381 0.2
-1.32357 0.0
-1.32333 -0.1
-1.32308 -0.3
-1.32284 -0.5
-1.32259 -0.7
-1.32235 -0.8
-1.32211 -1.0
-1.32186 -1.2
-1.32162 -1.3
-1.32137 -1.5
-1.32113 -1.7
-1.32088 -1.8
-1.32064 -2.0
-1.3204 -2.1
-1.32015 -2.3
-1.31991 -2.4
-1.31966 -2.6
-1.31942 -2.7
-1.31918 -2.8
-1.31893 -2.9
-1.31869 -3.1
-1.31844 -3.2
-1.3182 -3.3
-1.31796 -3.4
-1.31771 -3.5
-1.31747 -3.6
-1.31722 -3.6
-1.31698 -3.7
-1.31673 -3.8
-1.31649 -3.8
-1.31625 -3.9
-1.316 -3.9
-1.31576 -3.9
-1.31551 -4.0
-1.31527 -4.0
-1.31503 -4.0
-1.31478 -4.0
-1.31454 -4.0
-1.31429 -4.0
-1.31405 -4.0
-1.3138 -3.9
-1.31356 -3.9
-1.31332 -3.9
-1.31307 -3.8
-1.31283 -3.7
-1.31258 -3.7
-1.31234 -3.6
-1.3121 -3.5
-1.31185 -3.4
-1.31161 -3.3
-1.31136 -3.2
-1.31112 -3.1
-1.31087 -3.0
-1.31063 -2.9
-1.31039 -2.8
-1.31014 -2.6
-1.3099 -2.5
-1.30965 -2.4
-1.30941 -2.2
-1.30917 -2.1
-1.30892 -1.9
-1.30868 -1.8
-1.30843 -1.6
-1.30819 -1.4
-1.30795 -1.3
-1.3077 -1.1
-1.30746 -0.9
-1.30721 -0.8
-1.30697 -0.6
-1.30672 -0.4
-1.30648 -0.2
-1.30624 0.0
-1.30599 0.1
-1.30575 0.3
-1.3055 0.5
-1.30526 0.7
-1.30502 0.8
-1.30477 1.0
-1.30453 1.2
-1.30428 1.3
-1.30404 1.5
-1.30379 1.7
-1.30355 1.8
-1.30331 2.0
-1.30306 2.1
-1.30282 2.3
-1.30257 2.4
-1.30233 2.6
-1.30209 2.7
-1.30184 2.8
-1.3016 3.0
-1.30135 3.1
-1.30111 3.2
-1.30087 3.3
-1.30062 3.4
-1.30038 3.5
-1.30013 3.6
-1.29989 3.6
-1.29964 3.7
-1.2994 3.8
-1.29916 3.8
-1.29891 3.9
-1.29867 3.9
-1.29842 4.0
-1.29818 4.0
-1.29794 4.0
-1.29769 4.0
-1.29745 4.0
-1.2972 4.0
-1.29696 4.0
-1.29671 4.0
-1.29647 3.9
-1.29623 3.9
-1.29598 3.9
-1.29574 3.8
-1.29549 3.7
-1.29525 3.7
-1.29501 3.6
-1.29476 3.5
-1.29452 3.4
-1.29427 3.3
-1.29403 3.2
-1.29379 3.1
-1.29354 3.0
-1.2933 2.9
-1.29305 2.8
-1.29281 2.6
-1.29256 2.5
-1.29232 2.4
-1.29208 2.2
-1.29183 2.1
-1.29159 1.9
-1.29134 1.7
-1.2911 1.6
-1.29086 1.4
-1.29061 1.2
-1.29037 1.1
-1.29012 0.9
-1.28988 0.7
-1.28963 0.5
-1.28939 0.4
-1.28915 0.2
-1.2889 0.0
-1.28866 -0.2
-1.28841 -0.3
-1.28817 -0.5
-1.28793 -0.7
-1.28768 -0.9
-1.28744 -1.1
-1.28719 -1.2
-1.28695 -1.4
-1.28671 -1.6
-1.28646 -1.7
-1.28622 -1.9
-1.28597 -2.0
-1.28573 -2.2
-1.28548 -2.3
-1.28524 -2.5
-1.285 -2.6
-1.28475 -2.8
-1.28451 -2.9
-1.28426 -3.0
-1.28402 -3.1
-1.28378 -3.2
-1.28353 -3.3
-1.28329 -3.4
-1.28304 -3.5
-1.2828 -3.6
-1.28255 -3.7
-1.28231 -3.8
-1.28207 -3.8
-1.28182 -3.9
-1.28158 -3.9
-1.28133 -4.0
-1.28109 -4.0
-1.28085 -4.0
-1.2806 -4.0
-1.28036 -4.0
-1.28011 -4.0
-1.27987 -4.0
-1.27962 -4.0
-1.27938 -4.0
-1.27914 -3.9
-1.27889 -3.9
-1.27865 -3.8
-1.2784 -3.8
-1.27816 -3.7
-1.27792 -3.7
-1.27767 -3.6
-1.27743 -3.5
-1.27718 -3.4
-1.27694 -3.3
-1.2767 -3.2
-1.27645 -3.1
-1.27621 -3.0
-1.27596 -2.8
-1.27572 -2.7
-1.27547 -2.6
-1.27523 -2.4
-1.27499 -2.3
-1.27474 -2.1
-1.2745 -2.0
-1.27425 -1.8
-1.27401 -1.7
-1.27377 -1.5
-1.27352 -1.3
-1.27328 -1.2
-1.27303 -1.0
-1.27279 -0.8
-1.27254 -0.6
-1.2723 -0.4
-1.27206 -0.3
-1.27181 0.0
-1.27157 0.0
-1.27132 0.3
-1.27108 0.5
-1.27084 0.6
-1.27059 0.8
-1.27035 1.0
-1.2701 1.2
-1.26986 1.3
-1.26962 1.5
-1.26937 1.7
-1.26913 1.8
-1.26888 2.0
-1.26864 2.1
-1.26839 2.3
-1.26815 2.4
-1.26791 2.6
-1.26766 2.7
-1.26742 2.8
-1.26717 3.0
-1.26693 3.1
-1.26669 3.2
-1.26644 3.3
-1.2662 3.4
-1.26595 3.5
-1.26571 3.6
-1.26546 3.7
-1.26522 3.7
-1.26498 3.8
-1.26473 3.9
-1.26449 3.9
-1.26424 4.0
-1.264 4.0
-1.26376 4.0
-1.26351 4.0
-1.26327 4.0
-1.26302 4.0
-1.26278 4.0
-1.26254 4.0
-1.26229 4.0
-1.26205 4.0
-1.2618 3.9
-1.26156 3.9
-1.26131 3.8
-1.26107 3.8
-1.26083 3.7
-1.26058 3.6
-1.26034 3.5
-1.26009 3.4
-1.25985 3.3
-1.25961 3.2
-1.25936 3.1
-1.25912 3.0
-1.25887 2.9
-1.25863 2.7
-1.25838 2.6
-1.25814 2.5
-1.2579 2.3
-1.25765 2.2
-1.25741 2.0
-1.25716 1.8
-1.25692 1.7
-1.25668 1.5
-1.25643 1.3
-1.25619 1.2
-1.25594 1.0
-1.2557 0.8
-1.25546 0.6
-1.25521 0.5
-1.25497 0.3
-1.25472 0.1
-1.25448 0.0
-1.25423 -0.3
-1.25399 -0.4
-1.25375 -0.6
-1.2535 -0.8
-1.25326 -1.0
-1.25301 -1.2
-1.25277 -1.3
-1.25253 -1.5
-1.25228 -1.7
-1.25204 -1.8
-1.25179 -2.0
-1.25155 -2.1
-1.2513 -2.3
-1.25106 -2.4
-1.25082 -2.6
-1.25057 -2.7
-1.25033 -2.9
-1.25008 -3.0
-1.24984 -3.1
-1.2496 -3.2
-1.24935 -3.3
-1.24911 -3.4
-1.24886 -3.5
-1.24862 -3.6
-1.24837 -3.7
-1.24813 -3.8
-1.24789 -3.8
-1.24764 -3.9
-1.2474 -3.9
-1.24715 -4.0
-1.24691 -4.0
-1.24667 -4.0
-1.24642 -4.0
-1.24618 -4.0
-1.24593 -4.0
-1.24569 -4.0
-1.24545 -4.0
-1.2452 -4.0
-1.24496 -4.0
-1.24471 -3.9
-1.24447 -3.9
-1.24422 -3.8
-1.24398 -3.8
-1.24374 -3.7
-1.24349 -3.6
-1.24325 -3.5
-1.243 -3.4
-1.24276 -3.3
-1.24252 -3.2
-1.24227 -3.1
-1.24203 -3.0
-1.24178 -2.9
-1.24154 -2.7
-1.24129 -2.6
-1.24105 -2.4
-1.24081 -2.3
-1.24056 -2.1
-1.24032 -2.0
-1.24007 -1.8
-1.23983 -1.7
-1.23959 -1.5
-1.23934 -1.3
-1.2391 -1.1
-1.23885 -1.0
-1.23861 -0.8
-1.23837 -0.6
-1.23812 -0.4
-1.23788 -0.2
-1.23763 0.0
-1.23739 0.1
-1.23714 0.3
-1.2369 0.5
-1.23666 0.7
-1.23641 0.9
-1.23617 1.0
-1.23592 1.2
-1.23568 1.4
-1.23544 1.6
-1.23519 1.7
-1.23495 1.9
-1.2347 2.0
-1.23446 2.2
-1.23421 2.4
-1.23397 2.5
-1.23373 2.6
-1.23348 2.8
-1.23324 2.9
-1.23299 3.0
-1.23275 3.2
-1.23251 3.3
-1.23226 3.4
-1.23202 3.5
-1.23177 3.6
-1.23153 3.6
-1.23129 3.7
-1.23104 3.8
-1.2308 3.9
-1.23055 3.9
-1.23031 4.0
-1.23006 4.0
-1.22982 4.0
-1.22958 4.0
-1.22933 4.1
-1.22909 4.1
-1.22884 4.1
-1.2286 4.0
-1.22836 4.0
-1.22811 4.0
-1.22787 4.0
-1.22762 3.9
-1.22738 3.9
-1.22713 3.8
-1.22689 3.7
-1.22665 3.7
-1.2264 3.6
-1.22616 3.5
-1.22591 3.4
-1.22567 3.3
-1.22543 3.2
-1.22518 3.0
-1.22494 2.9
-1.22469 2.8
-1.22445 2.7
-1.22421 2.5
-1.22396 2.4
-1.22372 2.2
-1.22347 2.1
-1.22323 1.9
-1.22298 1.7
-1.22274 1.6
-1.2225 1.4
-1.22225 1.2
-1.22201 1.0
-1.22176 0.9
-1.22152 0.7
-1.22128 0.5
-1.22103 0.3
-1.22079 0.1
-1.22054 0.0
-1.2203 -0.2
-1.22005 -0.4
-1.21981 -0.6
-1.21957 -0.8
-1.21932 -1.0
-1.21908 -1.1
-1.21883 -1.3
-1.21859 -1.5
-1.21835 -1.7
-1.2181 -1.8
-1.21786 -2.0
-1.21761 -2.2
-1.21737 -2.3
-1.21712 -2.5
-1.21688 -2.6
-1.21664 -2.7
-1.21639 -2.9
-1.21615 -3.0
-1.2159 -3.1
-1.21566 -3.2
-1.21542 -3.4
-1.21517 -3.5
-1.21493 -3.6
-1.21468 -3.6
-1.21444 -3.7
-1.2142 -3.8
-1.21395 -3.9
-1.21371 -3.9
-1.21346 -4.0
-1.21322 -4.0
-1.21297 -4.0
-1.21273 -4.1
-1.21249 -4.1
-1.21224 -4.1
-1.212 -4.1
-1.21175 -4.1
-1.21151 -4.0
-1.21127 -4.0
-1.21102 -4.0
-1.21078 -3.9
-1.21053 -3.9
-1.21029 -3.8
-1.21004 -3.8
-1.2098 -3.7
-1.20956 -3.6
-1.20931 -3.5
-1.20907 -3.4
-1.20882 -3.3
-1.20858 -3.2
-1.20834 -3.1
-1.20809 -3.0
-1.20785 -2.8
-1.2076 -2.7
-1.20736 -2.5
-1.20712 -2.4
-1.20687 -2.2
-1.20663 -2.1
-1.20638 -1.9
-1.20614 -1.8
-1.20589 -1.6
-1.20565 -1.4
-1.20541 -1.2
-1.20516 -1.1
-1.20492 -0.9
-1.20467 -0.7
-1.20443 -0.5
-1.20419 -0.3
-1.20394 -0.1
-1.2037 0.0
-1.20345 0.2
-1.20321 0.4
-1.20296 0.6
-1.20272 0.8
-1.20248 1.0
-1.20223 1.1
-1.20199 1.3
-1.20174 1.5
-1.2015 1.7
-1.20126 1.8
-1.20101 2.0
-1.20077 2.2
-1.20052 2.3
-1.20028 2.5
-1.20004 2.6
-1.19979 2.8
-1.19955 2.9
-1.1993 3.0
-1.19906 3.1
-1.19881 3.3
-1.19857 3.4
-1.19833 3.5
-1.19808 3.6
-1.19784 3.7
-1.19759 3.7
-1.19735 3.8
-1.19711 3.9
-1.19686 3.9
-1.19662 4.0
-1.19637 4.0
-1.19613 4.0
-1.19588 4.1
-1.19564 4.1
-1.1954 4.1
-1.19515 4.1
-1.19491 4.1
-1.19466 4.1
-1.19442 4.0
-1.19418 4.0
-1.19393 3.9
-1.19369 3.9
-1.19344 3.8
-1.1932 3.8
-1.19296 3.7
-1.19271 3.6
-1.19247 3.5
-1.19222 3.4
-1.19198 3.3
-1.19173 3.2
-1.19149 3.1
-1.19125 2.9
-1.191 2.8
-1.19076 2.7
-1.19051 2.5
-1.19027 2.4
-1.19003 2.2
-1.18978 2.1
-1.18954 1.9
-1.18929 1.7
-1.18905 1.6
-1.1888 1.4
-1.18856 1.2
-1.18832 1.0
-1.18807 0.8
-1.18783 0.6
-1.18758 0.5
-1.18734 0.3
-1.1871 0.0
-1.18685 0.0
-1.18661 -0.3
-1.18636 -0.5
-1.18612 -0.7
-1.18587 -0.8
-1.18563 -1.0
-1.18539 -1.2
-1.18514 -1.4
-1.1849 -1.6
-1.18465 -1.7
-1.18441 -1.9
-1.18417 -2.1
-1.18392 -2.2
-1.18368 -2.4
-1.18343 -2.5
-1.18319 -2.7
-1.18295 -2.8
-1.1827 -3.0
-1.18246 -3.1
-1.18221 -3.2
-1.18197 -3.3
-1.18172 -3.4
-1.18148 -3.5
-1.18124 -3.6
-1.18099 -3.7
-1.18075 -3.8
-1.1805 -3.8
-1.18026 -3.9
-1.18002 -4.0
-1.17977 -4.0
-1.17953 -4.0
-1.17928 -4.1
-1.17904 -4.1
-1.17879 -4.1
-1.17855 -4.1
-1.17831 -4.1
-1.17806 -4.1
-1.17782 -4.1
-1.17757 -4.0
-1.17733 -4.0
-1.17709 -3.9
-1.17684 -3.9
-1.1766 -3.8
-1.17635 -3.7
-1.17611 -3.7
-1.17587 -3.6
-1.17562 -3.5
-1.17538 -3.4
-1.17513 -3.3
-1.17489 -3.1
-1.17464 -3.0
-1.1744 -2.9
-1.17416 -2.7
-1.17391 -2.6
-1.17367 -2.4
-1.17342 -2.3
-1.17318 -2.1
-1.17294 -2.0
-1.17269 -1.8
-1.17245 -1.6
-1.1722 -1.5
-1.17196 -1.3
-1.17171 -1.1
-1.17147 -0.9
-1.17123 -0.7
-1.17098 -0.5
-1.17074 -0.3
-1.17049 -0.2
-1.17025 0.0
-1.17001 0.2
-1.16976 0.4
-1.16952 0.6
-1.16927 0.8
-1.16903 1.0
-1.16879 1.2
-1.16854 1.3
-1.1683 1.5
-1.16805 1.7
-1.16781 1.9
-1.16756 2.0
-1.16732 2.2
-1.16708 2.3
-1.16683 2.5
-1.16659 2.6
-1.16634 2.8
-1.1661 2.9
-1.16586 3.1
-1.16561 3.2
-1.16537 3.3
-1.16512 3.4
-1.16488 3.5
-1.16463 3.6
-1.16439 3.7
-1.16415 3.8
-1.1639 3.8
-1.16366 3.9
-1.16341 4.0
-1.16317 4.0
-1.16293 4.0
-1.16268 4.1
-1.16244 4.1
-1.16219 4.1
-1.16195 4.1
-1.16171 4.1
-1.16146 4.1
-1.16122 4.1
-1.16097 4.0
-1.16073 4.0
-1.16048 4.0
-1.16024 3.9
-1.16 3.8
-1.15975 3.8
-1.15951 3.7
-1.15926 3.6
-1.15902 3.5
-1.15878 3.4
-1.15853 3.3
-1.15829 3.2
-1.15804 3.0
-1.1578 2.9
-1.15755 2.8
-1.15731 2.6
-1.15707 2.5
-1.15682 2.3
-1.15658 2.2
-1.15633 2.0
-1.15609 1.8
-1.15585 1.6
-1.1556 1.5
-1.15536 1.3
-1.15511 1.1
-1.15487 0.9
-1.15462 0.7
-1.15438 0.5
-1.15414 0.4
-1.15389 0.2
-1.15365 0.0
-1.1534 -0.2
-1.15316 -0.4
-1.15292 -0.6
-1.15267 -0.8
-1.15243 -1.0
-1.15218 -1.2
-1.15194 -1.3
-1.1517 -1.5
-1.15145 -1.7
-1.15121 -1.9
-1.15096 -2.0
-1.15072 -2.2
-1.15047 -2.4
-1.15023 -2.5
-1.14999 -2.7
-1.14974 -2.8
-1.1495 -2.9
-1.14925 -3.1
-1.14901 -3.2
-1.14877 -3.3
-1.14852 -3.4
-1.14828 -3.5
-1.14803 -3.6
-1.14779 -3.7
-1.14754 -3.8
-1.1473 -3.9
-1.14706 -3.9
-1.14681 -4.0
-1.14657 -4.0
-1.14632 -4.1
-1.14608 -4.1
-1.14584 -4.1
-1.14559 -4.1
-1.14535 -4.1
-1.1451 -4.1
-1.14486 -4.1
-1.14462 -4.1
-1.14437 -4.1
-1.14413 -4.0
-1.14388 -4.0
-1.14364 -3.9
-1.14339 -3.8
-1.14315 -3.8
-1.14291 -3.7
-1.14266 -3.6
-1.14242 -3.5
-1.14217 -3.4
-1.14193 -3.3
-1.14169 -3.1
-1.14144 -3.0
-1.1412 -2.9
-1.14095 -2.7
-1.14071 -2.6
-1.14046 -2.4
-1.14022 -2.3
-1.13998 -2.1
-1.13973 -1.9
-1.13949 -1.8
-1.13924 -1.6
-1.139 -1.4
-1.13876 -1.2
-1.13851 -1.1
-1.13827 -0.9
-1.13802 -0.7
-1.13778 -0.5
-1.13754 -0.3
-1.13729 -0.1
-1.13705 0.0
-1.1368 0.3
-1.13656 0.5
-1.13631 0.7
-1.13607 0.9
-1.13583 1.0
-1.13558 1.2
-1.13534 1.4
-1.13509 1.6
-1.13485 1.8
-1.13461 1.9
-1.13436 2.1
-1.13412 2.3
-1.13387 2.4
-1.13363 2.6
-1.13338 2.7
-1.13314 2.9
-1.1329 3.0
-1.13265 3.1
-1.13241 3.3
-1.13216 3.4
-1.13192 3.5
-1.13168 3.6
-1.13143 3.7
-1.13119 3.8
-1.13094 3.8
-1.1307 3.9
-1.13046 4.0
-1.13021 4.0
-1.12997 4.1
-1.12972 4.1
-1.12948 4.1
-1.12923 4.1
-1.12899 4.1
-1.12875 4.1
-1.1285 4.1
-1.12826 4.1
-1.12801 4.1
-1.12777 4.0
-1.12753 4.0
-1.12728 3.9
-1.12704 3.9
-1.12679 3.8
-1.12655 3.7
-1.1263 3.6
-1.12606 3.5
-1.12582 3.4
-1.12557 3.3
-1.12533 3.2
-1.12508 3.1
-1.12484 2.9
-1.1246 2.8
-1.12435 2.7
-1.12411 2.5
-1.12386 2.3
-1.12362 2.2
-1.12337 2.0
-1.12313 1.8
-1.12289 1.7
-1.12264 1.5
-1.1224 1.3
-1.12215 1.1
-1.12191 0.9
-1.12167 0.7
-1.12142 0.6
-1.12118 0.4
-1.12093 0.2
-1.12069 0.0
-1.12045 -0.2
-1.1202 -0.4
-1.11996 -0.6
-1.11971 -0.8
-1.11947 -1.0
-1.11922 -1.2
-1.11898 -1.4
-1.11874 -1.5
-1.11849 -1.7
-1.11825 -1.9
-1.118 -2.1
-1.11776 -2.2
-1.11752 -2.4
-1.11727 -2.6
-1.11703 -2.7
-1.11678 -2.8
-1.11654 -3.0
-1.11629 -3.1
-1.11605 -3.2
-1.11581 -3.4
-1.11556 -3.5
-1.11532 -3.6
-1.11507 -3.7
-1.11483 -3.8
-1.11459 -3.8
-1.11434 -3.9
-1.1141 -4.0
-1.11385 -4.0
-1.11361 -4.1
-1.11337 -4.1
-1.11312 -4.1
-1.11288 -4.1
-1.11263 -4.2
-1.11239 -4.2
-1.11214 -4.1
-1.1119 -4.1
-1.11166 -4.1
-1.11141 -4.1
-1.11117 -4.0
-1.11092 -4.0
-1.11068 -3.9
-1.11044 -3.8
-1.11019 -3.7
-1.10995 -3.7
-1.1097 -3.6
-1.10946 -3.5
-1.10921 -3.3
-1.10897 -3.2
-1.10873 -3.1
-1.10848 -3.0
-1.10824 -2.8
-1.10799 -2.7
-1.10775 -2.5
-1.10751 -2.4
-1.10726 -2.2
-1.10702 -2.0
-1.10677 -1.9
-1.10653 -1.7
-1.10629 -1.5
-1.10604 -1.3
-1.1058 -1.1
-1.10555 -0.9
-1.10531 -0.7
-1.10506 -0.6
-1.10482 -0.4
-1.10458 -0.2
-1.10433 0.0
-1.10409 0.2
-1.10384 0.4
-1.1036 0.6
-1.10336 0.8
-1.10311 1.0
-1.10287 1.2
-1.10262 1.4
-1.10238 1.6
-1.10213 1.7
-1.10189 1.9
-1.10165 2.1
-1.1014 2.3
-1.10116 2.4
-1.10091 2.6
-1.10067 2.7
-1.10043 2.9
-1.10018 3.0
-1.09994 3.1
-1.09969 3.3
-1.09945 3.4
-1.09921 3.5
-1.09896 3.6
-1.09872 3.7
-1.09847 3.8
-1.09823 3.9
-1.09798 3.9
-1.09774 4.0
-1.0975 4.0
-1.09725 4.1
-1.09701 4.1
-1.09676 4.1
-1.09652 4.2
-1.09628 4.2
-1.09603 4.2
-1.09579 4.2
-1.09554 4.1
-1.0953 4.1
-1.09505 4.1
-1.09481 4.0
-1.09457 4.0
-1.09432 3.9
-1.09408 3.8
-1.09383 3.7
-1.09359 3.6
-1.09335 3.5
-1.0931 3.4
-1.09286 3.3
-1.09261 3.2
-1.09237 3.1
-1.09212 2.9
-1.09188 2.8
-1.09164 2.6
-1.09139 2.5
-1.09115 2.3
-1.0909 2.2
-1.09066 2.0
-1.09042 1.8
-1.09017 1.6
-1.08993 1.4
-1.08968 1.3
-1.08944 1.1
-1.0892 0.9
-1.08895 0.7
-1.08871 0.5
-1.08846 0.3
-1.08822 0.0
-1.08797 -0.1
-1.08773 -0.3
-1.08749 -0.5
-1.08724 -0.7
-1.087 -0.9
-1.08675 -1.1
-1.08651 -1.3
-1.08627 -1.5
-1.08602 -1.6
-1.08578 -1.8
-1.08553 -2.0
-1.08529 -2.2
-1.08504 -2.3
-1.0848 -2.5
-1.08456 -2.7
-1.08431 -2.8
-1.08407 -2.9
-1.08382 -3.1
-1.08358 -3.2
-1.08334 -3.3
-1.08309 -3.5
-1.08285 -3.6
-1.0826 -3.7
-1.08236 -3.8
-1.08212 -3.8
-1.08187 -3.9
-1.08163 -4.0
-1.08138 -4.0
-1.08114 -4.1
-1.08089 -4.1
-1.08065 -4.2
-1.08041 -4.2
-1.08016 -4.2
-1.07992 -4.2
-1.07967 -4.2
-1.07943 -4.2
-1.07919 -4.1
-1.07894 -4.1
-1.0787 -4.1
-1.07845 -4.0
-1.07821 -3.9
-1.07796 -3.9
-1.07772 -3.8
-1.07748 -3.7
-1.07723 -3.6
-1.07699 -3.5
-1.07674 -3.4
-1.0765 -3.3
-1.07626 -3.1
-1.07601 -3.0
-1.07577 -2.8
-1.07552 -2.7
-1.07528 -2.5
-1.07504 -2.4
-1.07479 -2.2
-1.07455 -2.0
-1.0743 -1.9
-1.07406 -1.7
-1.07381 -1.5
-1.07357 -1.3
-1.07333 -1.1
-1.07308 -0.9
-1.07284 -0.7
-1.07259 -0.5
-1.07235 -0.3
-1.07211 -0.1
-1.07186 0.0
-1.07162 0.3
-1.07137 0.5
-1.07113 0.6
-1.07088 0.8
-1.07064 1.0
-1.0704 1.2
-1.07015 1.4
-1.06991 1.6
-1.06966 1.8
-1.06942 2.0
-1.06918 2.1
-1.06893 2.3
-1.06869 2.5
-1.06844 2.6
-1.0682 2.8
-1.06796 2.9
-1.06771 3.1
-1.06747 3.2
-1.06722 3.3
-1.06698 3.4
-1.06673 3.6
-1.06649 3.7
-1.06625 3.8
-1.066 3.8
-1.06576 3.9
-1.06551 4.0
-1.06527 4.0
-1.06503 4.1
-1.06478 4.1
-1.06454 4.2
-1.06429 4.2
-1.06405 4.2
-1.0638 4.2
-1.06356 4.2
-1.06332 4.2
-1.06307 4.2
-1.06283 4.1
-1.06258 4.1
-1.06234 4.0
-1.0621 4.0
-1.06185 3.9
-1.06161 3.8
-1.06136 3.7
-1.06112 3.6
-1.06087 3.5
-1.06063 3.4
-1.06039 3.3
-1.06014 3.1
-1.0599 3.0
-1.05965 2.9
-1.05941 2.7
-1.05917 2.6
-1.05892 2.4
-1.05868 2.2
-1.05843 2.0
-1.05819 1.9
-1.05795 1.7
-1.0577 1.5
-1.05746 1.3
-1.05721 1.1
-1.05697 0.9
-1.05672 0.7
-1.05648 0.5
-1.05624 0.3
-1.05599 0.1
-1.05575 0.0
-1.0555 -0.3
-1.05526 -0.5
-1.05502 -0.7
-1.05477 -0.9
-1.05453 -1.1
-1.05428 -1.3
-1.05404 -1.4
-1.05379 -1.6
-1.05355 -1.8
-1.05331 -2.0
-1.05306 -2.2
-1.05282 -2.3
-1.05257 -2.5
-1.05233 -2.7
-1.05209 -2.8
-1.05184 -3.0
-1.0516 -3.1
-1.05135 -3.2
-1.05111 -3.4
-1.05087 -3.5
-1.05062 -3.6
-1.05038 -3.7
-1.05013 -3.8
-1.04989 -3.9
-1.04964 -3.9
-1.0494 -4.0
-1.04916 -4.1
-1.04891 -4.1
-1.04867 -4.2
-1.04842 -4.2
-1.04818 -4.2
-1.04794 -4.2
-1.04769 -4.2
-1.04745 -4.2
-1.0472 -4.2
-1.04696 -4.2
-1.04671 -4.1
-1.04647 -4.1
-1.04623 -4.0
-1.04598 -3.9
-1.04574 -3.9
-1.04549 -3.8
-1.04525 -3.7
-1.04501 -3.6
-1.04476 -3.5
-1.04452 -3.4
-1.04427 -3.2
-1.04403 -3.1
-1.04379 -3.0
-1.04354 -2.8
-1.0433 -2.7
-1.04305 -2.5
-1.04281 -2.3
-1.04256 -2.2
-1.04232 -2.0
-1.04208 -1.8
-1.04183 -1.6
-1.04159 -1.4
-1.04134 -1.2
-1.0411 -1.0
-1.04086 -0.8
-1.04061 -0.6
-1.04037 -0.4
-1.04012 -0.2
-1.03988 0.0
-1.03963 0.2
-1.03939 0.4
-1.03915 0.6
-1.0389 0.8
-1.03866 1.0
-1.03841 1.2
-1.03817 1.4
-1.03793 1.5
-1.03768 1.7
-1.03744 1.9
-1.03719 2.1
-1.03695 2.3
-1.03671 2.4
-1.03646 2.6
-1.03622 2.8
-1.03597 2.9
-1.03573 3.1
-1.03548 3.2
-1.03524 3.3
-1.035 3.4
-1.03475 3.6
-1.03451 3.7
-1.03426 3.8
-1.03402 3.8
-1.03378 3.9
-1.03353 4.0
-1.03329 4.1
-1.03304 4.1
-1.0328 4.2
-1.03255 4.2
-1.03231 4.2
-1.03207 4.2
-1.03182 4.2
-1.03158 4.2
-1.03133 4.2
-1.03109 4.2
-1.03085 4.1
-1.0306 4.1
-1.03036 4.0
-1.03011 4.0
-1.02987 3.9
-1.02962 3.8
-1.02938 3.7
-1.02914 3.6
-1.02889 3.5
-1.02865 3.4
-1.0284 3.3
-1.02816 3.2
-1.02792 3.0
-1.02767 2.9
-1.02743 2.7
-1.02718 2.6
-1.02694 2.4
-1.0267 2.2
-1.02645 2.0
-1.02621 1.9
-1.02596 1.7
-1.02572 1.5
-1.02547 1.3
-1.02523 1.1
-1.02499 0.9
-1.02474 0.7
-1.0245 0.5
-1.02425 0.3
-1.02401 0.0
-1.02377 -0.1
-1.02352 -0.3
-1.02328 -0.5
-1.02303 -0.7
-1.02279 -0.9
-1.02254 -1.1
-1.0223 -1.3
-1.02206 -1.5
-1.02181 -1.7
-1.02157 -1.9
-1.02132 -2.1
-1.02108 -2.3
-1.02084 -2.4
-1.02059 -2.6
-1.02035 -2.7
-1.0201 -2.9
-1.01986 -3.0
-1.01962 -3.2
-1.01937 -3.3
-1.01913 -3.4
-1.01888 -3.6
-1.01864 -3.7
-1.01839 -3.8
-1.01815 -3.9
-1.01791 -3.9
-1.01766 -4.0
-1.01742 -4.1
-1.01717 -4.1
-1.01693 -4.2
-1.01669 -4.2
-1.01644 -4.2
-1.0162 -4.2
-1.01595 -4.2
-1.01571 -4.2
-1.01546 -4.2
-1.01522 -4.2
-1.01498 -4.2
-1.01473 -4.1
-1.01449 -4.1
-1.01424 -4.0
-1.014 -3.9
-1.01376 -3.8
-1.01351 -3.7
-1.01327 -3.6
-1.01302 -3.5
-1.01278 -3.4
-1.01254 -3.3
-1.01229 -3.2
-1.01205 -3.0
-1.0118 -2.9
-1.01156 -2.7
-1.01131 -2.6
-1.01107 -2.4
-1.01083 -2.2
-1.01058 -2.0
-1.01034 -1.8
-1.01009 -1.7
-1.00985 -1.5
-1.00961 -1.3
-1.00936 -1.1
-1.00912 -0.9
-1.00887 -0.7
-1.00863 -0.5
-1.00838 -0.3
-1.00814 0.0
-1.0079 0.2
-1.00765 0.4
-1.00741 0.6
-1.00716 0.8
-1.00692 1.0
-1.00668 1.2
-1.00643 1.4
-1.00619 1.6
-1.00594 1.8
-1.0057 1.9
-1.00546 2.1
-1.00521 2.3
-1.00497 2.5
-1.00472 2.6
-1.00448 2.8
-1.00423 2.9
-1.00399 3.1
-1.00375 3.2
-1.0035 3.4
-1.00326 3.5
-1.00301 3.6
-1.00277 3.7
-1.00253 3.8
-1.00228 3.9
-1.00204 4.0
-1.00179 4.0
-1.00155 4.1
-1.0013 4.2
-1.00106 4.2
-1.00082 4.2
-1.00057 4.2
-1.00033 4.3
-1.00008 4.3
-0.99984 4.3
-0.9996 4.2
-0.99935 4.2
-0.99911 4.2
-0.99886 4.1
-0.99862 4.1
-0.99837 4.0
-0.99813 3.9
-0.99789 3.8
-0.99764 3.7
-0.9974 3.6
-0.99715 3.5
-0.99691 3.4
-0.99667 3.2
-0.99642 3.1
-0.99618 3.0
-0.99593 2.8
-0.99569 2.7
-0.99545 2.5
-0.9952 2.3
-0.99496 2.1
-0.99471 2.0
-0.99447 1.8
-0.99422 1.6
-0.99398 1.4
-0.99374 1.2
-0.99349 1.0
-0.99325 0.8
-0.993 0.6
-0.99276 0.4
-0.99252 0.2
-0.99227 0.0
-0.99203 -0.3
-0.99178 -0.5
-0.99154 -0.7
-0.99129 -0.9
-0.99105 -1.1
-0.99081 -1.3
-0.99056 -1.5
-0.99032 -1.7
-0.99007 -1.9
-0.98983 -2.1
-0.98959 -2.2
-0.98934 -2.4
-0.9891 -2.6
-0.98885 -2.7
-0.98861 -2.9
-0.98837 -3.0
-0.98812 -3.2
-0.98788 -3.3
-0.98763 -3.5
-0.98739 -3.6
-0.98714 -3.7
-0.9869 -3.8
-0.98666 -3.9
-0.98641 -4.0
-0.98617 -4.0
-0.98592 -4.1
-0.98568 -4.2
-0.98544 -4.2
-0.98519 -4.2
-0.98495 -4.3
-0.9847 -4.3
-0.98446 -4.3
-0.98421 -4.3
-0.98397 -4.3
-0.98373 -4.2
-0.98348 -4.2
-0.98324 -4.1
-0.98299 -4.1
-0.98275 -4.0
-0.98251 -3.9
-0.98226 -3.9
-0.98202 -3.8
-0.98177 -3.7
-0.98153 -3.5
-0.98129 -3.4
-0.98104 -3.3
-0.9808 -3.2
-0.98055 -3.0
-0.98031 -2.9
-0.98006 -2.7
-0.97982 -2.5
-0.97958 -2.4
-0.97933 -2.2
-0.97909 -2.0
-0.97884 -1.8
-0.9786 -1.6
-0.97836 -1.4
-0.97811 -1.2
-0.97787 -1.0
-0.97762 -0.8
-0.97738 -0.6
-0.97713 -0.4
-0.97689 -0.2
-0.97665 0.0
-0.9764 0.2
-0.97616 0.4
-0.97591 0.7
-0.97567 0.9
-0.97543 1.1
-0.97518 1.3
-0.97494 1.5
-0.97469 1.7
-0.97445 1.9
-0.97421 2.0
-0.97396 2.2
-0.97372 2.4
-0.97347 2.6
-0.97323 2.7
-0.97298 2.9
-0.97274 3.1
-0.9725 3.2
-0.97225 3.3
-0.97201 3.5
-0.97176 3.6
-0.97152 3.7
-0.97128 3.8
-0.97103 3.9
-0.97079 4.0
-0.97054 4.1
-0.9703 4.1
-0.97005 4.2
-0.96981 4.2
-0.96957 4.3
-0.96932 4.3
-0.96908 4.3
-0.96883 4.3
-0.96859 4.3
-0.96835 4.3
-0.9681 4.2
-0.96786 4.2
-0.96761 4.2
-0.96737 4.1
-0.96712 4.0
-0.96688 3.9
-0.96664 3.9
-0.96639 3.8
-0.96615 3.7
-0.9659 3.5
-0.96566 3.4
-0.96542 3.3
-0.96517 3.1
-0.96493 3.0
-0.96468 2.8
-0.96444 2.7
-0.9642 2.5
-0.96395 2.3
-0.96371 2.2
-0.96346 2.0
-0.96322 1.8
-0.96297 1.6
-0.96273 1.4
-0.96249 1.2
-0.96224 1.0
-0.962 0.8
-0.96175 0.6
-0.96151 0.3
-0.96127 0.1
-0.96102 0.0
-0.96078 -0.3
-0.96053 -0.5
-0.96029 -0.7
-0.96004 -0.9
-0.9598 -1.1
-0.95956 -1.3
-0.95931 -1.5
-0.95907 -1.7
-0.95882 -1.9
-0.95858 -2.1
-0.95834 -2.3
-0.95809 -2.5
-0.95785 -2.6
-0.9576 -2.8
-0.95736 -3.0
-0.95712 -3.1
-0.95687 -3.3
-0.95663 -3.4
-0.95638 -3.5
-0.95614 -3.6
-0.95589 -3.8
-0.95565 -3.9
-0.95541 -3.9
-0.95516 -4.0
-0.95492 -4.1
-0.95467 -4.2
-0.95443 -4.2
-0.95419 -4.2
-0.95394 -4.3
-0.9537 -4.3
-0.95345 -4.3
-0.95321 -4.3
-0.95296 -4.3
-0.95272 -4.3
-0.95248 -4.2
-0.95223 -4.2
-0.95199 -4.1
-0.95174 -4.1
-0.9515 -4.0
-0.95126 -3.9
-0.95101 -3.8
-0.95077 -3.7
-0.95052 -3.6
-0.95028 -3.5
-0.95004 -3.4
-0.94979 -3.2
-0.94955 -3.1
-0.9493 -2.9
-0.94906 -2.8
-0.94881 -2.6
-0.94857 -2.4
-0.94833 -2.2
-0.94808 -2.1
-0.94784 -1.9
-0.94759 -1.7
-0.94735 -1.5
-0.94711 -1.3
-0.94686 -1.1
-0.94662 -0.9
-0.94637 -0.6
-0.94613 -0.4
-0.94588 -0.2
-0.94564 0.0
-0.9454 0.2
-0.94515 0.4
-0.94491 0.6
-0.94466 0.8
-0.94442 1.1
-0.94418 1.3
-0.94393 1.5
-0.94369 1.7
-0.94344 1.9
-0.9432 2.1
-0.94296 2.2
-0.94271 2.4
-0.94247 2.6
-0.94222 2.8
-0.94198 2.9
-0.94173 3.1
-0.94149 3.2
-0.94125 3.4
-0.941 3.5
-0.94076 3.6
-0.94051 3.7
-0.94027 3.8
-0.94003 3.9
-0.93978 4.0
-0.93954 4.1
-0.93929 4.2
-0.93905 4.2
-0.9388 4.3
-0.93856 4.3
-0.93832 4.3
-0.93807 4.3
-0.93783 4.3
-0.93758 4.3
-0.93734 4.3
-0.9371 4.3
-0.93685 4.2
-0.93661 4.2
-0.93636 4.1
-0.93612 4.0
-0.93587 4.0
-0.93563 3.9
-0.93539 3.8
-0.93514 3.6
-0.9349 3.5
-0.93465 3.4
-0.93441 3.3
-0.93417 3.1
-0.93392 3.0
-0.93368 2.8
-0.93343 2.6
-0.93319 2.5
-0.93295 2.3
-0.9327 2.1
-0.93246 1.9
-0.93221 1.7
-0.93197 1.5
-0.93172 1.3
-0.93148 1.1
-0.93124 0.9
-0.93099 0.7
-0.93075 0.4
-0.9305 0.2
-0.93026 0.0
-0.93002 -0.2
-0.92977 -0.4
-0.92953 -0.6
-0.92928 -0.9
-0.92904 -1.1
-0.92879 -1.3
-0.92855 -1.5
-0.92831 -1.7
-0.92806 -1.9
-0.92782 -2.1
-0.92757 -2.3
-0.92733 -2.4
-0.92709 -2.6
-0.92684 -2.8
-0.9266 -3.0
-0.92635 -3.1
-0.92611 -3.3
-0.92587 -3.4
-0.92562 -3.5
-0.92538 -3.6
-0.92513 -3.8
-0.92489 -3.9
-0.92464 -4.0
-0.9244 -4.0
-0.92416 -4.1
-0.92391 -4.2
-0.92367 -4.2
-0.92342 -4.3
-0.92318 -4.3
-0.92294 -4.3
-0.92269 -4.3
-0.92245 -4.3
-0.9222 -4.3
-0.92196 -4.3
-0.92171 -4.3
-0.92147 -4.2
-0.92123 -4.2
-0.92098 -4.1
-0.92074 -4.0
-0.92049 -3.9
-0.92025 -3.9
-0.92001 -3.7
-0.91976 -3.6
-0.91952 -3.5
-0.91927 -3.4
-0.91903 -3.2
-0.91879 -3.1
-0.91854 -2.9
-0.9183 -2.8
-0.91805 -2.6
-0.91781 -2.4
-0.91756 -2.2
-0.91732 -2.0
-0.91708 -1.8
-0.91683 -1.6
-0.91659 -1.4
-0.91634 -1.2
-0.9161 -1.0
-0.91586 -0.8
-0.91561 -0.6
-0.91537 -0.4
-0.91512 -0.2
-0.91488 0.0
-0.91463 0.3
-0.91439 0.5
-0.91415 0.7
-0.9139 0.9
-0.91366 1.1
-0.91341 1.4
-0.91317 1.6
-0.91293 1.8
-0.91268 2.0
-0.91244 2.2
-0.91219 2.3
-0.91195 2.5
-0.91171 2.7
-0.91146 2.9
-0.91122 3.0
-0.91097 3.2
-0.91073 3.3
-0.91048 3.5
-0.91024 3.6
-0.91 3.7
-0.90975 3.8
-0.90951 3.9
-0.90926 4.0
-0.90902 4.1
-0.90878 4.2
-0.90853 4.2
-0.90829 4.3
-0.90804 4.3
-0.9078 4.3
-0.90755 4.4
-0.90731 4.4
-0.90707 4.4
-0.90682 4.3
-0.90658 4.3
-0.90633 4.3
-0.90609 4.2
-0.90585 4.2
-0.9056 4.1
-0.90536 4.0
-0.90511 3.9
-0.90487 3.8
-0.90462 3.7
-0.90438 3.6
-0.90414 3.4
-0.90389 3.3
-0.90365 3.2
-0.9034 3.0
-0.90316 2.8
-0.90292 2.7
-0.90267 2.5
-0.90243 2.3
-0.90218 2.1
-0.90194 1.9
-0.9017 1.7
-0.90145 1.5
-0.90121 1.3
-0.90096 1.1
-0.90072 0.9
-0.90047 0.7
-0.90023 0.4
-0.89999 0.2
-0.89974 0.0
-0.8995 -0.2
-0.89925 -0.4
-0.89901 -0.7
-0.89877 -0.9
-0.89852 -1.1
-0.89828 -1.3
-0.89803 -1.5
-0.89779 -1.7
-0.89754 -1.9
-0.8973 -2.1
-0.89706 -2.3
-0.89681 -2.5
-0.89657 -2.7
-0.89632 -2.8
-0.89608 -3.0
-0.89584 -3.2
-0.89559 -3.3
-0.89535 -3.5
-0.8951 -3.6
-0.89486 -3.7
-0.89462 -3.8
-0.89437 -3.9
-0.89413 -4.0
-0.89388 -4.1
-0.89364 -4.2
-0.89339 -4.2
-0.89315 -4.3
-0.89291 -4.3
-0.89266 -4.4
-0.89242 -4.4
-0.89217 -4.4
-0.89193 -4.4
-0.89169 -4.4
-0.89144 -4.3
-0.8912 -4.3
-0.89095 -4.2
-0.89071 -4.2
-0.89046 -4.1
-0.89022 -4.0
-0.88998 -3.9
-0.88973 -3.8
-0.88949 -3.7
-0.88924 -3.6
-0.889 -3.5
-0.88876 -3.3
-0.88851 -3.2
-0.88827 -3.0
-0.88802 -2.8
-0.88778 -2.7
-0.88754 -2.5
-0.88729 -2.3
-0.88705 -2.1
-0.8868 -1.9
-0.88656 -1.7
-0.88631 -1.5
-0.88607 -1.3
-0.88583 -1.1
-0.88558 -0.9
-0.88534 -0.6
-0.88509 -0.4
-0.88485 -0.2
-0.88461 0.0
-0.88436 0.2
-0.88412 0.5
-0.88387 0.7
-0.88363 0.9
-0.88338 1.1
-0.88314 1.3
-0.8829 1.5
-0.88265 1.8
-0.88241 2.0
-0.88216 2.2
-0.88192 2.3
-0.88168 2.5
-0.88143 2.7
-0.88119 2.9
-0.88094 3.0
-0.8807 3.2
-0.88046 3.4
-0.88021 3.5
-0.87997 3.6
-0.87972 3.7
-0.87948 3.9
-0.87923 4.0
-0.87899 4.1
-0.87875 4.1
-0.8785 4.2
-0.87826 4.3
-0.87801 4.3
-0.87777 4.3
-0.87753 4.4
-0.87728 4.4
-0.87704 4.4
-0.87679 4.4
-0.87655 4.4
-0.8763 4.3
-0.87606 4.3
-0.87582 4.2
-0.87557 4.2
-0.87533 4.1
-0.87508 4.0
-0.87484 3.9
-0.8746 3.8
-0.87435 3.7
-0.87411 3.6
-0.87386 3.4
-0.87362 3.3
-0.87337 3.1
-0.87313 3.0
-0.87289 2.8
-0.87264 2.6
-0.8724 2.4
-0.87215 2.2
-0.87191 2.0
-0.87167 1.8
-0.87142 1.6
-0.87118 1.4
-0.87093 1.2
-0.87069 1.0
-0.87045 0.8
-0.8702 0.6
-0.86996 0.3
-0.86971 0.1
-0.86947 -0.1
-0.86922 -0.3
-0.86898 -0.6
-0.86874 -0.8
-0.86849 -1.0
-0.86825 -1.2
-0.868 -1.4
-0.86776 -1.7
-0.86752 -1.9
-0.86727 -2.1
-0.86703 -2.3
-0.86678 -2.5
-0.86654 -2.6
-0.86629 -2.8
-0.86605 -3.0
-0.86581 -3.1
-0.86556 -3.3
-0.86532 -3.4
-0.86507 -3.6
-0.86483 -3.7
-0.86459 -3.8
-0.86434 -3.9
-0.8641 -4.0
-0.86385 -4.1
-0.86361 -4.2
-0.86337 -4.3
-0.86312 -4.3
-0.86288 -4.4
-0.86263 -4.4
-0.86239 -4.4
-0.86214 -4.4
-0.8619 -4.4
-0.86166 -4.4
-0.86141 -4.4
-0.86117 -4.3
-0.86092 -4.3
-0.86068 -4.2
-0.86044 -4.1
-0.86019 -4.1
-0.85995 -4.0
-0.8597 -3.9
-0.85946 -3.7
-0.85921 -3.6
-0.85897 -3.5
-0.85873 -3.3
-0.85848 -3.2
-0.85824 -3.0
-0.85799 -2.8
-0.85775 -2.7
-0.85751 -2.5
-0.85726 -2.3
-0.85702 -2.1
-0.85677 -1.9
-0.85653 -1.7
-0.85629 -1.5
-0.85604 -1.3
-0.8558 -1.0
-0.85555 -0.8
-0.85531 -0.6
-0.85506 -0.4
-0.85482 -0.1
-0.85458 0.0
-0.85433 0.3
-0.85409 0.5
-0.85384 0.8
-0.8536 1.0
-0.85336 1.2
-0.85311 1.4
-0.85287 1.6
-0.85262 1.8
-0.85238 2.1
-0.85213 2.3
-0.85189 2.4
-0.85165 2.6
-0.8514 2.8
-0.85116 3.0
-0.85091 3.1
-0.85067 3.3
-0.85043 3.5
-0.85018 3.6
-0.84994 3.7
-0.84969 3.8
-0.84945 3.9
-0.84921 4.0
-0.84896 4.1
-0.84872 4.2
-0.84847 4.3
-0.84823 4.3
-0.84798 4.4
-0.84774 4.4
-0.8475 4.4
-0.84725 4.4
-0.84701 4.4
-0.84676 4.4
-0.84652 4.4
-0.84628 4.3
-0.84603 4.3
-0.84579 4.2
-0.84554 4.1
-0.8453 4.1
-0.84505 4.0
-0.84481 3.9
-0.84457 3.7
-0.84432 3.6
-0.84408 3.5
-0.84383 3.3
-0.84359 3.2
-0.84335 3.0
-0.8431 2.8
-0.84286 2.7
-0.84261 2.5
-0.84237 2.3
-0.84212 2.1
-0.84188 1.9
-0.84164 1.7
-0.84139 1.4
-0.84115 1.2
-0.8409 1.0
-0.84066 0.8
-0.84042 0.6
-0.84017 0.3
-0.83993 0.0
-0.83968 -0.1
-0.83944 -0.4
-0.8392 -0.6
-0.83895 -0.8
-0.83871 -1.0
-0.83846 -1.3
-0.83822 -1.5
-0.83797 -1.7
-0.83773 -1.9
-0.83749 -2.1
-0.83724 -2.3
-0.837 -2.5
-0.83675 -2.7
-0.83651 -2.9
-0.83627 -3.0
-0.83602 -3.2
-0.83578 -3.4
-0.83553 -3.5
-0.83529 -3.6
-0.83504 -3.8
-0.8348 -3.9
-0.83456 -4.0
-0.83431 -4.1
-0.83407 -4.2
-0.83382 -4.3
-0.83358 -4.3
-0.83334 -4.4
-0.83309 -4.4
-0.83285 -4.4
-0.8326 -4.4
-0.83236 -4.4
-0.83212 -4.4
-0.83187 -4.4
-0.83163 -4.4
-0.83138 -4.3
-0.83114 -4.3
-0.83089 -4.2
-0.83065 -4.1
-0.83041 -4.0
-0.83016 -3.9
-0.82992 -3.8
-0.82967 -3.7
-0.82943 -3.6
-0.82919 -3.4
-0.82894 -3.3
-0.8287 -3.1
-0.82845 -2.9
-0.82821 -2.8
-0.82796 -2.6
-0.82772 -2.4
-0.82748 -2.2
-0.82723 -2.0
-0.82699 -1.8
-0.82674 -1.6
-0.8265 -1.3
-0.82626 -1.1
-0.82601 -0.9
-0.82577 -0.7
-0.82552 -0.4
-0.82528 -0.2
-0.82504 0.0
-0.82479 0.3
-0.82455 0.5
-0.8243 0.7
-0.82406 1.0
-0.82381 1.2
-0.82357 1.4
-0.82333 1.6
-0.82308 1.8
-0.82284 2.1
-0.82259 2.3
-0.82235 2.5
-0.82211 2.6
-0.82186 2.8
-0.82162 3.0
-0.82137 3.2
-0.82113 3.3
-0.82088 3.5
-0.82064 3.6
-0.8204 3.8
-0.82015 3.9
-0.81991 4.0
-0.81966 4.1
-0.81942 4.2
-0.81918 4.3
-0.81893 4.3
-0.81869 4.4
-0.81844 4.4
-0.8182 4.4
-0.81796 4.5
-0.81771 4.5
-0.81747 4.5
-0.81722 4.4
-0.81698 4.4
-0.81673 4.4
-0.81649 4.3
-0.81625 4.2
-0.816 4.2
-0.81576 4.1
-0.81551 4.0
-0.81527 3.9
-0.81503 3.7
-0.81478 3.6
-0.81454 3.5
-0.81429 3.3
-0.81405 3.1
-0.8138 3.0
-0.81356 2.8
-0.81332 2.6
-0.81307 2.4
-0.81283 2.2
-0.81258 2.0
-0.81234 1.8
-0.8121 1.6
-0.81185 1.4
-0.81161 1.1
-0.81136 0.9
-0.81112 0.7
-0.81087 0.4
-0.81063 0.2
-0.81039 0.0
-0.81014 -0.3
-0.8099 -0.5
-0.80965 -0.7
-0.80941 -1.0
-0.80917 -1.2
-0.80892 -1.4
-0.80868 -1.6
-0.80843 -1.9
-0.80819 -2.1
-0.80795 -2.3
-0.8077 -2.5
-0.80746 -2.7
-0.80721 -2.8
-0.80697 -3.0
-0.80672 -3.2
-0.80648 -3.4
-0.80624 -3.5
-0.80599 -3.6
-0.80575 -3.8
-0.8055 -3.9
-0.80526 -4.0
-0.80502 -4.1
-0.80477 -4.2
-0.80453 -4.3
-0.80428 -4.3
-0.80404 -4.4
-0.80379 -4.4
-0.80355 -4.5
-0.80331 -4.5
-0.80306 -4.5
-0.80282 -4.5
-0.80257 -4.5
-0.80233 -4.4
-0.80209 -4.4
-0.80184 -4.3
-0.8016 -4.2
-0.80135 -4.2
-0.80111 -4.1
-0.80087 -4.0
-0.80062 -3.8
-0.80038 -3.7
-0.80013 -3.6
-0.79989 -3.4
-0.79964 -3.3
-0.7994 -3.1
-0.79916 -2.9
-0.79891 -2.8
-0.79867 -2.6
-0.79842 -2.4
-0.79818 -2.2
-0.79794 -2.0
-0.79769 -1.7
-0.79745 -1.5
-0.7972 -1.3
-0.79696 -1.1
-0.79671 -0.8
-0.79647 -0.6
-0.79623 -0.4
-0.79598 -0.1
-0.79574 0.1
-0.79549 0.3
-0.79525 0.6
-0.79501 0.8
-0.79476 1.1
-0.79452 1.3
-0.79427 1.5
-0.79403 1.7
-0.79379 1.9
-0.79354 2.2
-0.7933 2.4
-0.79305 2.6
-0.79281 2.8
-0.79256 2.9
-0.79232 3.1
-0.79208 3.3
-0.79183 3.4
-0.79159 3.6
-0.79134 3.7
-0.7911 3.9
-0.79086 4.0
-0.79061 4.1
-0.79037 4.2
-0.79012 4.3
-0.78988 4.3
-0.78963 4.4
-0.78939 4.4
-0.78915 4.5
-0.7889 4.5
-0.78866 4.5
-0.78841 4.5
-0.78817 4.5
-0.78793 4.5
-0.78768 4.4
-0.78744 4.4
-0.78719 4.3
-0.78695 4.2
-0.78671 4.1
-0.78646 4.0
-0.78622 3.9
-0.78597 3.8
-0.78573 3.7
-0.78548 3.5
-0.78524 3.4
-0.785 3.2
-0.78475 3.0
-0.78451 2.8
-0.78426 2.6
-0.78402 2.4
-0.78378 2.2
-0.78353 2.0
-0.78329 1.8
-0.78304 1.6
-0.7828 1.4
-0.78255 1.1
-0.78231 0.9
-0.78207 0.7
-0.78182 0.4
-0.78158 0.2
-0.78133 0.0
-0.78109 -0.3
-0.78085 -0.5
-0.7806 -0.8
-0.78036 -1.0
-0.78011 -1.2
-0.77987 -1.5
-0.77962 -1.7
-0.77938 -1.9
-0.77914 -2.1
-0.77889 -2.3
-0.77865 -2.5
-0.7784 -2.7
-0.77816 -2.9
-0.77792 -3.1
-0.77767 -3.3
-0.77743 -3.4
-0.77718 -3.6
-0.77694 -3.7
-0.7767 -3.9
-0.77645 -4.0
-0.77621 -4.1
-0.77596 -4.2
-0.77572 -4.3
-0.77547 -4.3
-0.77523 -4.4
-0.77499 -4.5
-0.77474 -4.5
-0.7745 -4.5
-0.77425 -4.5
-0.77401 -4.5
-0.77377 -4.5
-0.77352 -4.5
-0.77328 -4.4
-0.77303 -4.4
-0.77279 -4.3
-0.77254 -4.2
-0.7723 -4.1
-0.77206 -4.0
-0.77181 -3.9
-0.77157 -3.8
-0.77132 -3.7
-0.77108 -3.5
-0.77084 -3.4
-0.77059 -3.2
-0.77035 -3.0
-0.7701 -2.8
-0.76986 -2.6
-0.76962 -2.4
-0.76937 -2.2
-0.76913 -2.0
-0.76888 -1.8
-0.76864 -1.6
-0.76839 -1.4
-0.76815 -1.1
-0.76791 -0.9
-0.76766 -0.6
-0.76742 -0.4
-0.76717 -0.2
-0.76693 0.0
-0.76669 0.3
-0.76644 0.6
-0.7662 0.8
-0.76595 1.0
-0.76571 1.3
-0.76546 1.5
-0.76522 1.7
-0.76498 2.0
-0.76473 2.2
-0.76449 2.4
-0.76424 2.6
-0.764 2.8
-0.76376 3.0
-0.76351 3.1
-0.76327 3.3
-0.76302 3.5
-0.76278 3.6
-0.76254 3.8
-0.76229 3.9
-0.76205 4.0
-0.7618 4.1
-0.76156 4.2
-0.76131 4.3
-0.76107 4.4
-0.76083 4.4
-0.76058 4.5
-0.76034 4.5
-0.76009 4.5
-0.75985 4.5
-0.75961 4.5
-0.75936 4.5
-0.75912 4.5
-0.75887 4.4
-0.75863 4.4
-0.75838 4.3
-0.75814 4.2
-0.7579 4.1
-0.75765 4.0
-0.75741 3.9
-0.75716 3.8
-0.75692 3.6
-0.75668 3.5
-0.75643 3.3
-0.75619 3.1
-0.75594 3.0
-0.7557 2.8
-0.75546 2.6
-0.75521 2.4
-0.75497 2.2
-0.75472 1.9
-0.75448 1.7
-0.75423 1.5
-0.75399 1.3
-0.75375 1.0
-0.7535 0.8
-0.75326 0.5
-0.75301 0.3
-0.75277 0.0
-0.75253 -0.2
-0.75228 -0.4
-0.75204 -0.7
-0.75179 -0.9
-0.75155 -1.2
-0.7513 -1.4
-0.75106 -1.6
-0.75082 -1.9
-0.75057 -2.1
-0.75033 -2.3
-0.75008 -2.5
-0.74984 -2.7
-0.7496 -2.9
-0.74935 -3.1
-0.74911 -3.3
-0.74886 -3.4
-0.74862 -3.6
-0.74837 -3.7
-0.74813 -3.9
-0.74789 -4.0
-0.74764 -4.1
-0.7474 -4.2
-0.74715 -4.3
-0.74691 -4.4
-0.74667 -4.4
-0.74642 -4.5
-0.74618 -4.5
-0.74593 -4.5
-0.74569 -4.6
-0.74545 -4.6
-0.7452 -4.5
-0.74496 -4.5
-0.74471 -4.5
-0.74447 -4.4
-0.74422 -4.3
-0.74398 -4.3
-0.74374 -4.2
-0.74349 -4.1
-0.74325 -3.9
-0.743 -3.8
-0.74276 -3.7
-0.74252 -3.5
-0.74227 -3.4
-0.74203 -3.2
-0.74178 -3.0
-0.74154 -2.8
-0.74129 -2.6
-0.74105 -2.4
-0.74081 -2.2
-0.74056 -2.0
-0.74032 -1.8
-0.74007 -1.5
-0.73983 -1.3
-0.73959 -1.1
-0.73934 -0.8
-0.7391 -0.6
-0.73885 -0.3
-0.73861 0.0
-0.73837 0.2
-0.73812 0.4
-0.73788 0.7
-0.73763 0.9
-0.73739 1.2
-0.73714 1.4
-0.7369 1.6
-0.73666 1.9
-0.73641 2.1
-0.73617 2.3
-0.73592 2.5
-0.73568 2.7
-0.73544 2.9
-0.73519 3.1
-0.73495 3.3
-0.7347 3.4
-0.73446 3.6
-0.73421 3.8
-0.73397 3.9
-0.73373 4.0
-0.73348 4.1
-0.73324 4.2
-0.73299 4.3
-0.73275 4.4
-0.73251 4.5
-0.73226 4.5
-0.73202 4.5
-0.73177 4.6
-0.73153 4.6
-0.73129 4.6
-0.73104 4.6
-0.7308 4.5
-0.73055 4.5
-0.73031 4.4
-0.73006 4.4
-0.72982 4.3
-0.72958 4.2
-0.72933 4.1
-0.72909 3.9
-0.72884 3.8
-0.7286 3.7
-0.72836 3.5
-0.72811 3.3
-0.72787 3.2
-0.72762 3.0
-0.72738 2.8
-0.72713 2.6
-0.72689 2.4
-0.72665 2.2
-0.7264 1.9
-0.72616 1.7
-0.72591 1.5
-0.72567 1.2
-0.72543 1.0
-0.72518 0.7
-0.72494 0.5
-0.72469 0.3
-0.72445 0.0
-0.72421 -0.3
-0.72396 -0.5
-0.72372 -0.7
-0.72347 -1.0
-0.72323 -1.2
-0.72298 -1.5
-0.72274 -1.7
-0.7225 -1.9
-0.72225 -2.2
-0.72201 -2.4
-0.72176 -2.6
-0.72152 -2.8
-0.72128 -3.0
-0.72103 -3.2
-0.72079 -3.4
-0.72054 -3.5
-0.7203 -3.7
-0.72005 -3.8
-0.71981 -4.0
-0.71957 -4.1
-0.71932 -4.2
-0.71908 -4.3
-0.71883 -4.4
-0.71859 -4.4
-0.71835 -4.5
-0.7181 -4.5
-0.71786 -4.6
-0.71761 -4.6
-0.71737 -4.6
-0.71712 -4.6
-0.71688 -4.6
-0.71664 -4.5
-0.71639 -4.5
-0.71615 -4.4
-0.7159 -4.3
-0.71566 -4.2
-0.71542 -4.1
-0.71517 -4.0
-0.71493 -3.9
-0.71468 -3.7
-0.71444 -3.6
-0.7142 -3.4
-0.71395 -3.3
-0.71371 -3.1
-0.71346 -2.9
-0.71322 -2.7
-0.71297 -2.5
-0.71273 -2.3
-0.71249 -2.0
-0.71224 -1.8
-0.712 -1.6
-0.71175 -1.3
-0.71151 -1.1
-0.71127 -0.8
-0.71102 -0.6
-0.71078 -0.3
-0.71053 0.0
-0.71029 0.2
-0.71004 0.4
-0.7098 0.7
-0.70956 0.9
-0.70931 1.2
-0.70907 1.4
-0.70882 1.7
-0.70858 1.9
-0.70834 2.1
-0.70809 2.3
-0.70785 2.6
-0.7076 2.8
-0.70736 3.0
-0.70712 3.2
-0.70687 3.3
-0.70663 3.5
-0.70638 3.7
-0.70614 3.8
-0.70589 4.0
-0.70565 4.1
-0.70541 4.2
-0.70516 4.3
-0.70492 4.4
-0.70467 4.5
-0.70443 4.5
-0.70419 4.6
-0.70394 4.6
-0.7037 4.6
-0.70345 4.6
-0.70321 4.6
-0.70296 4.6
-0.70272 4.6
-0.70248 4.5
-0.70223 4.4
-0.70199 4.4
-0.70174 4.3
-0.7015 4.2
-0.70126 4.0
-0.70101 3.9
-0.70077 3.8
-0.70052 3.6
-0.70028 3.5
-0.70004 3.3
-0.69979 3.1
-0.69955 2.9
-0.6993 2.7
-0.69906 2.5
-0.69881 2.3
-0.69857 2.0
-0.69833 1.8
-0.69808 1.6
-0.69784 1.3
-0.69759 1.1
-0.69735 0.8
-0.69711 0.6
-0.69686 0.3
-0.69662 0.0
-0.69637 -0.2
-0.69613 -0.4
-0.69588 -0.7
-0.69564 -1.0
-0.6954 -1.2
-0.69515 -1.5
-0.69491 -1.7
-0.69466 -1.9
-0.69442 -2.2
-0.69418 -2.4
-0.69393 -2.6
-0.69369 -2.8
-0.69344 -3.0
-0.6932 -3.2
-0.69296 -3.4
-0.69271 -3.6
-0.69247 -3.7
-0.69222 -3.9
-0.69198 -4.0
-0.69173 -4.1
-0.69149 -4.2
-0.69125 -4.3
-0.691 -4.4
-0.69076 -4.5
-0.69051 -4.5
-0.69027 -4.6
-0.69003 -4.6
-0.68978 -4.6
-0.68954 -4.6
-0.68929 -4.6
-0.68905 -4.6
-0.6888 -4.6
-0.68856 -4.5
-0.68832 -4.4
-0.68807 -4.3
-0.68783 -4.3
-0.68758 -4.1
-0.68734 -4.0
-0.6871 -3.9
-0.68685 -3.7
-0.68661 -3.6
-0.68636 -3.4
-0.68612 -3.2
-0.68587 -3.0
-0.68563 -2.8
-0.68539 -2.6
-0.68514 -2.4
-0.6849 -2.2
-0.68465 -2.0
-0.68441 -1.7
-0.68417 -1.5
-0.68392 -1.2
-0.68368 -1.0
-0.68343 -0.7
-0.68319 -0.5
-0.68295 -0.2
-0.6827 0.0
-0.68246 0.3
-0.68221 0.6
-0.68197 0.8
-0.68172 1.1
-0.68148 1.3
-0.68124 1.6
-0.68099 1.8
-0.68075 2.1
-0.6805 2.3
-0.68026 2.5
-0.68002 2.7
-0.67977 2.9
-0.67953 3.1
-0.67928 3.3
-0.67904 3.5
-0.67879 3.7
-0.67855 3.8
-0.67831 4.0
-0.67806 4.1
-0.67782 4.2
-0.67757 4.3
-0.67733 4.4
-0.67709 4.5
-0.67684 4.6
-0.6766 4.6
-0.67635 4.6
-0.67611 4.7
-0.67587 4.7
-0.67562 4.7
-0.67538 4.6
-0.67513 4.6
-0.67489 4.5
-0.67464 4.5
-0.6744 4.4
-0.67416 4.3
-0.67391 4.2
-0.67367 4.1
-0.67342 3.9
-0.67318 3.8
-0.67294 3.6
-0.67269 3.5
-0.67245 3.3
-0.6722 3.1
-0.67196 2.9
-0.67171 2.7
-0.67147 2.5
-0.67123 2.2
-0.67098 2.0
-0.67074 1.8
-0.67049 1.5
-0.67025 1.3
-0.67001 1.0
-0.66976 0.8
-0.66952 0.5
-0.66927 0.2
-0.66903 0.0
-0.66879 -0.3
-0.66854 -0.5
-0.6683 -0.8
-0.66805 -1.1
-0.66781 -1.3
-0.66756 -1.6
-0.66732 -1.8
-0.66708 -2.1
-0.66683 -2.3
-0.66659 -2.5
-0.66634 -2.7
-0.6661 -2.9
-0.66586 -3.1
-0.66561 -3.3
-0.66537 -3.5
-0.66512 -3.7
-0.66488 -3.8
-0.66463 -4.0
-0.66439 -4.1
-0.66415 -4.2
-0.6639 -4.3
-0.66366 -4.4
-0.66341 -4.5
-0.66317 -4.6
-0.66293 -4.6
-0.66268 -4.7
-0.66244 -4.7
-0.66219 -4.7
-0.66195 -4.7
-0.66171 -4.7
-0.66146 -4.6
-0.66122 -4.6
-0.66097 -4.5
-0.66073 -4.4
-0.66048 -4.3
-0.66024 -4.2
-0.66 -4.1
-0.65975 -3.9
-0.65951 -3.8
-0.65926 -3.6
-0.65902 -3.5
-0.65878 -3.3
-0.65853 -3.1
-0.65829 -2.9
-0.65804 -2.7
-0.6578 -2.4
-0.65755 -2.2
-0.65731 -2.0
-0.65707 -1.7
-0.65682 -1.5
-0.65658 -1.2
-0.65633 -1.0
-0.65609 -0.7
-0.65585 -0.4
-0.6556 -0.2
-0.65536 0.0
-0.65511 0.4
-0.65487 0.6
-0.65462 0.9
-0.65438 1.1
-0.65414 1.4
-0.65389 1.7
-0.65365 1.9
-0.6534 2.1
-0.65316 2.4
-0.65292 2.6
-0.65267 2.8
-0.65243 3.0
-0.65218 3.2
-0.65194 3.4
-0.6517 3.6
-0.65145 3.8
-0.65121 3.9
-0.65096 4.1
-0.65072 4.2
-0.65047 4.3
-0.65023 4.4
-0.64999 4.5
-0.64974 4.6
-0.6495 4.6
-0.64925 4.7
-0.64901 4.7
-0.64877 4.7
-0.64852 4.7
-0.64828 4.7
-0.64803 4.7
-0.64779 4.6
-0.64754 4.5
-0.6473 4.5
-0.64706 4.4
-0.64681 4.3
-0.64657 4.2
-0.64632 4.0
-0.64608 3.9
-0.64584 3.7
-0.64559 3.5
-0.64535 3.4
-0.6451 3.2
-0.64486 3.0
-0.64462 2.8
-0.64437 2.5
-0.64413 2.3
-0.64388 2.1
-0.64364 1.8
-0.64339 1.6
-0.64315 1.3
-0.64291 1.1
-0.64266 0.8
-0.64242 0.5
-0.64217 0.3
-0.64193 0.0
-0.64169 -0.3
-0.64144 -0.5
-0.6412 -0.8
-0.64095 -1.1
-0.64071 -1.3
-0.64046 -1.6
-0.64022 -1.8
-0.63998 -2.1
-0.63973 -2.3
-0.63949 -2.6
-0.63924 -2.8
-0.639 -3.0
-0.63876 -3.2
-0.63851 -3.4
-0.63827 -3.6
-0.63802 -3.7
-0.63778 -3.9
-0.63754 -4.1
-0.63729 -4.2
-0.63705 -4.3
-0.6368 -4.4
-0.63656 -4.5
-0.63631 -4.6
-0.63607 -4.6
-0.63583 -4.7
-0.63558 -4.7
-0.63534 -4.7
-0.63509 -4.7
-0.63485 -4.7
-0.63461 -4.7
-0.63436 -4.6
-0.63412 -4.6
-0.63387 -4.5
-0.63363 -4.4
-0.63338 -4.3
-0.63314 -4.2
-0.6329 -4.0
-0.63265 -3.9
-0.63241 -3.7
-0.63216 -3.6
-0.63192 -3.4
-0.63168 -3.2
-0.63143 -3.0
-0.63119 -2.8
-0.63094 -2.5
-0.6307 -2.3
-0.63046 -2.1
-0.63021 -1.8
-0.62997 -1.6
-0.62972 -1.3
-0.62948 -1.0
-0.62923 -0.8
-0.62899 -0.5
-0.62875 -0.2
-0.6285 0.0
-0.62826 0.3
-0.62801 0.6
-0.62777 0.8
-0.62753 1.1
-0.62728 1.4
-0.62704 1.6
-0.62679 1.9
-0.62655 2.1
-0.6263 2.4
-0.62606 2.6
-0.62582 2.8
-0.62557 3.0
-0.62533 3.3
-0.62508 3.4
-0.62484 3.6
-0.6246 3.8
-0.62435 4.0
-0.62411 4.1
-0.62386 4.2
-0.62362 4.4
-0.62337 4.5
-0.62313 4.5
-0.62289 4.6
-0.62264 4.7
-0.6224 4.7
-0.62215 4.7
-0.62191 4.8
-0.62167 4.7
-0.62142 4.7
-0.62118 4.7
-0.62093 4.6
-0.62069 4.6
-0.62045 4.5
-0.6202 4.4
-0.61996 4.3
-0.61971 4.2
-0.61947 4.0
-0.61922 3.9
-0.61898 3.7
-0.61874 3.5
-0.61849 3.3
-0.61825 3.1
-0.618 2.9
-0.61776 2.7
-0.61752 2.5
-0.61727 2.2
-0.61703 2.0
-0.61678 1.7
-0.61654 1.5
-0.61629 1.2
-0.61605 0.9
-0.61581 0.7
-0.61556 0.4
-0.61532 0.1
-0.61507 -0.2
-0.61483 -0.4
-0.61459 -0.7
-0.61434 -1.0
-0.6141 -1.3
-0.61385 -1.5
-0.61361 -1.8
-0.61337 -2.0
-0.61312 -2.3
-0.61288 -2.5
-0.61263 -2.8
-0.61239 -3.0
-0.61214 -3.2
-0.6119 -3.4
-0.61166 -3.6
-0.61141 -3.8
-0.61117 -3.9
-0.61092 -4.1
-0.61068 -4.2
-0.61044 -4.3
-0.61019 -4.4
-0.60995 -4.5
-0.6097 -4.6
-0.60946 -4.7
-0.60921 -4.7
-0.60897 -4.8
-0.60873 -4.8
-0.60848 -4.8
-0.60824 -4.8
-0.60799 -4.7
-0.60775 -4.7
-0.60751 -4.6
-0.60726 -4.5
-0.60702 -4.4
-0.60677 -4.3
-0.60653 -4.2
-0.60629 -4.1
-0.60604 -3.9
-0.6058 -3.7
-0.60555 -3.6
-0.60531 -3.4
-0.60506 -3.2
-0.60482 -3.0
-0.60458 -2.7
-0.60433 -2.5
-0.60409 -2.3
-0.60384 -2.0
-0.6036 -1.8
-0.60336 -1.5
-0.60311 -1.2
-0.60287 -1.0
-0.60262 -0.7
-0.60238 -0.4
-0.60213 -0.1
-0.60189 0.1
-0.60165 0.4
-0.6014 0.7
-0.60116 1.0
-0.60091 1.3
-0.60067 1.5
-0.60043 1.8
-0.60018 2.0
-0.59994 2.3
-0.59969 2.5
-0.59945 2.8
-0.59921 3.0
-0.59896 3.2
-0.59872 3.4
-0.59847 3.6
-0.59823 3.8
-0.59798 3.9
-0.59774 4.1
-0.5975 4.2
-0.59725 4.4
-0.59701 4.5
-0.59676 4.6
-0.59652 4.6
-0.59628 4.7
-0.59603 4.8
-0.59579 4.8
-0.59554 4.8
-0.5953 4.8
-0.59505 4.8
-0.59481 4.7
-0.59457 4.7
-0.59432 4.6
-0.59408 4.5
-0.59383 4.4
-0.59359 4.3
-0.59335 4.2
-0.5931 4.1
-0.59286 3.9
-0.59261 3.7
-0.59237 3.5
-0.59212 3.4
-0.59188 3.1
-0.59164 2.9
-0.59139 2.7
-0.59115 2.5
-0.5909 2.2
-0.59066 2.0
-0.59042 1.7
-0.59017 1.4
-0.58993 1.2
-0.58968 0.9
-0.58944 0.6
-0.5892 0.3
-0.58895 0.0
-0.58871 -0.2
-0.58846 -0.5
-0.58822 -0.8
-0.58797 -1.1
-0.58773 -1.4
-0.58749 -1.6
-0.58724 -1.9
-0.587 -2.1
-0.58675 -2.4
-0.58651 -2.6
-0.58627 -2.9
-0.58602 -3.1
-0.58578 -3.3
-0.58553 -3.5
-0.58529 -3.7
-0.58504 -3.9
-0.5848 -4.0
-0.58456 -4.2
-0.58431 -4.3
-0.58407 -4.4
-0.58382 -4.5
-0.58358 -4.6
-0.58334 -4.7
-0.58309 -4.8
-0.58285 -4.8
-0.5826 -4.8
-0.58236 -4.8
-0.58212 -4.8
-0.58187 -4.8
-0.58163 -4.7
-0.58138 -4.7
-0.58114 -4.6
-0.58089 -4.5
-0.58065 -4.4
-0.58041 -4.3
-0.58016 -4.1
-0.57992 -4.0
-0.57967 -3.8
-0.57943 -3.6
-0.57919 -3.4
-0.57894 -3.2
-0.5787 -3.0
-0.57845 -2.8
-0.57821 -2.6
-0.57796 -2.3
-0.57772 -2.1
-0.57748 -1.8
-0.57723 -1.5
-0.57699 -1.2
-0.57674 -1.0
-0.5765 -0.7
-0.57626 -0.4
-0.57601 -0.1
-0.57577 0.2
-0.57552 0.5
-0.57528 0.7
-0.57504 1.0
-0.57479 1.3
-0.57455 1.6
-0.5743 1.8
-0.57406 2.1
-0.57381 2.4
-0.57357 2.6
-0.57333 2.8
-0.57308 3.1
-0.57284 3.3
-0.57259 3.5
-0.57235 3.7
-0.57211 3.9
-0.57186 4.0
-0.57162 4.2
-0.57137 4.3
-0.57113 4.4
-0.57088 4.6
-0.57064 4.6
-0.5704 4.7
-0.57015 4.8
-0.56991 4.8
-0.56966 4.8
-0.56942 4.8
-0.56918 4.8
-0.56893 4.8
-0.56869 4.8
-0.56844 4.7
-0.5682 4.6
-0.56796 4.5
-0.56771 4.4
-0.56747 4.3
-0.56722 4.2
-0.56698 4.0
-0.56673 3.8
-0.56649 3.6
-0.56625 3.5
-0.566 3.2
-0.56576 3.0
-0.56551 2.8
-0.56527 2.5
-0.56503 2.3
-0.56478 2.0
-0.56454 1.8
-0.56429 1.5
-0.56405 1.2
-0.5638 0.9
-0.56356 0.7
-0.56332 0.4
-0.56307 0.0
-0.56283 -0.2
-0.56258 -0.5
-0.56234 -0.8
-0.5621 -1.1
-0.56185 -1.4
-0.56161 -1.6
-0.56136 -1.9
-0.56112 -2.2
-0.56087 -2.4
-0.56063 -2.7
-0.56039 -2.9
-0.56014 -3.1
-0.5599 -3.4
-0.55965 -3.6
-0.55941 -3.8
-0.55917 -3.9
-0.55892 -4.1
-0.55868 -4.2
-0.55843 -4.4
-0.55819 -4.5
-0.55795 -4.6
-0.5577 -4.7
-0.55746 -4.8
-0.55721 -4.8
-0.55697 -4.9
-0.55672 -4.9
-0.55648 -4.9
-0.55624 -4.9
-0.55599 -4.8
-0.55575 -4.8
-0.5555 -4.7
-0.55526 -4.6
-0.55502 -4.5
-0.55477 -4.4
-0.55453 -4.3
-0.55428 -4.1
-0.55404 -3.9
-0.55379 -3.8
-0.55355 -3.6
-0.55331 -3.4
-0.55306 -3.2
-0.55282 -2.9
-0.55257 -2.7
-0.55233 -2.4
-0.55209 -2.2
-0.55184 -1.9
-0.5516 -1.6
-0.55135 -1.4
-0.55111 -1.1
-0.55087 -0.8
-0.55062 -0.5
-0.55038 -0.2
-0.55013 0.0
-0.54989 0.4
-0.54964 0.7
-0.5494 1.0
-0.54916 1.3
-0.54891 1.5
-0.54867 1.8
-0.54842 2.1
-0.54818 2.3
-0.54794 2.6
-0.54769 2.8
-0.54745 3.1
-0.5472 3.3
-0.54696 3.5
-0.54671 3.7
-0.54647 3.9
-0.54623 4.1
-0.54598 4.2
-0.54574 4.4
-0.54549 4.5
-0.54525 4.6
-0.54501 4.7
-0.54476 4.8
-0.54452 4.8
-0.54427 4.9
-0.54403 4.9
-0.54379 4.9
-0.54354 4.9
-0.5433 4.9
-0.54305 4.8
-0.54281 4.7
-0.54256 4.7
-0.54232 4.6
-0.54208 4.4
-0.54183 4.3
-0.54159 4.2
-0.54134 4.0
-0.5411 3.8
-0.54086 3.6
-0.54061 3.4
-0.54037 3.2
-0.54012 3.0
-0.53988 2.7
-0.53963 2.5
-0.53939 2.2
-0.53915 1.9
-0.5389 1.7
-0.53866 1.4
-0.53841 1.1
-0.53817 0.8
-0.53793 0.5
-0.53768 0.2
-0.53744 0.0
-0.53719 -0.4
-0.53695 -0.7
-0.53671 -1.0
-0.53646 -1.3
-0.53622 -1.6
-0.53597 -1.8
-0.53573 -2.1
-0.53548 -2.4
-0.53524 -2.6
-0.535 -2.9
-0.53475 -3.1
-0.53451 -3.3
-0.53426 -3.6
-0.53402 -3.8
-0.53378 -3.9
-0.53353 -4.1
-0.53329 -4.3
-0.53304 -4.4
-0.5328 -4.5
-0.53255 -4.6
-0.53231 -4.7
-0.53207 -4.8
-0.53182 -4.9
-0.53158 -4.9
-0.53133 -4.9
-0.53109 -4.9
-0.53085 -4.9
-0.5306 -4.9
-0.53036 -4.8
-0.53011 -4.7
-0.52987 -4.7
-0.52962 -4.6
-0.52938 -4.4
-0.52914 -4.3
-0.52889 -4.1
-0.52865 -4.0
-0.5284 -3.8
-0.52816 -3.6
-0.52792 -3.4
-0.52767 -3.1
-0.52743 -2.9
-0.52718 -2.6
-0.52694 -2.4
-0.5267 -2.1
-0.52645 -1.8
-0.52621 -1.6
-0.52596 -1.3
-0.52572 -1.0
-0.52547 -0.7
-0.52523 -0.4
-0.52499 0.0
-0.52474 0.2
-0.5245 0.5
-0.52425 0.8
-0.52401 1.1
-0.52377 1.4
-0.52352 1.7
-0.52328 2.0
-0.52303 2.3
-0.52279 2.5
-0.52254 2.8
-0.5223 3.0
-0.52206 3.3
-0.52181 3.5
-0.52157 3.7
-0.52132 3.9
-0.52108 4.1
-0.52084 4.2
-0.52059 4.4
-0.52035 4.5
-0.5201 4.6
-0.51986 4.7
-0.51962 4.8
-0.51937 4.9
-0.51913 4.9
-0.51888 4.9
-0.51864 5.0
-0.51839 4.9
-0.51815 4.9
-0.51791 4.9
-0.51766 4.8
-0.51742 4.7
-0.51717 4.6
-0.51693 4.5
-0.51669 4.4
-0.51644 4.2
-0.5162 4.0
-0.51595 3.8
-0.51571 3.6
-0.51546 3.4
-0.51522 3.2
-0.51498 3.0
-0.51473 2.7
-0.51449 2.5
-0.51424 2.2
-0.514 1.9
-0.51376 1.6
-0.51351 1.3
-0.51327 1.0
-0.51302 0.7
-0.51278 0.4
-0.51254 0.1
-0.51229 -0.2
-0.51205 -0.5
-0.5118 -0.8
-0.51156 -1.1
-0.51131 -1.4
-0.51107 -1.7
-0.51083 -2.0
-0.51058 -2.2
-0.51034 -2.5
-0.51009 -2.8
-0.50985 -3.0
-0.50961 -3.3
-0.50936 -3.5
-0.50912 -3.7
-0.50887 -3.9
-0.50863 -4.1
-0.50838 -4.3
-0.50814 -4.4
-0.5079 -4.5
-0.50765 -4.7
-0.50741 -4.8
-0.50716 -4.8
-0.50692 -4.9
-0.50668 -4.9
-0.50643 -5.0
-0.50619 -5.0
-0.50594 -5.0
-0.5057 -4.9
-0.50546 -4.9
-0.50521 -4.8
-0.50497 -4.7
-0.50472 -4.6
-0.50448 -4.5
-0.50423 -4.4
-0.50399 -4.2
-0.50375 -4.0
-0.5035 -3.8
-0.50326 -3.6
-0.50301 -3.4
-0.50277 -3.2
-0.50253 -2.9
-0.50228 -2.7
-0.50204 -2.4
-0.50179 -2.1
-0.50155 -1.9
-0.5013 -1.6
-0.50106 -1.3
-0.50082 -1.0
-0.50057 -0.7
-0.50033 -0.3
-0.50008 0.0
-0.49984 0.3
-0.4996 0.6
-0.49935 0.9
-0.49911 1.2
-0.49886 1.5
-0.49862 1.8
-0.49837 2.1
-0.49813 2.4
-0.49789 2.6
-0.49764 2.9
-0.4974 3.1
-0.49715 3.4
-0.49691 3.6
-0.49667 3.8
-0.49642 4.0
-0.49618 4.2
-0.49593 4.3
-0.49569 4.5
-0.49545 4.6
-0.4952 4.7
-0.49496 4.8
-0.49471 4.9
-0.49447 5.0
-0.49422 5.0
-0.49398 5.0
-0.49374 5.0
-0.49349 5.0
-0.49325 4.9
-0.493 4.9
-0.49276 4.8
-0.49252 4.7
-0.49227 4.6
-0.49203 4.4
-0.49178 4.3
-0.49154 4.1
-0.49129 3.9
-0.49105 3.7
-0.49081 3.5
-0.49056 3.3
-0.49032 3.0
-0.49007 2.8
-0.48983 2.5
-0.48959 2.2
-0.48934 2.0
-0.4891 1.7
-0.48885 1.4
-0.48861 1.1
-0.48837 0.8
-0.48812 0.4
-0.48788 0.1
-0.48763 -0.2
-0.48739 -0.5
-0.48714 -0.8
-0.4869 -1.1
-0.48666 -1.4
-0.48641 -1.7
-0.48617 -2.0
-0.48592 -2.3
-0.48568 -2.6
-0.48544 -2.9
-0.48519 -3.1
-0.48495 -3.4
-0.4847 -3.6
-0.48446 -3.8
-0.48421 -4.0
-0.48397 -4.2
-0.48373 -4.3
-0.48348 -4.5
-0.48324 -4.6
-0.48299 -4.7
-0.48275 -4.8
-0.48251 -4.9
-0.48226 -5.0
-0.48202 -5.0
-0.48177 -5.0
-0.48153 -5.0
-0.48129 -5.0
-0.48104 -5.0
-0.4808 -4.9
-0.48055 -4.8
-0.48031 -4.7
-0.48006 -4.6
-0.47982 -4.5
-0.47958 -4.3
-0.47933 -4.1
-0.47909 -4.0
-0.47884 -3.7
-0.4786 -3.5
-0.47836 -3.3
-0.47811 -3.0
-0.47787 -2.8
-0.47762 -2.5
-0.47738 -2.2
-0.47713 -1.9
-0.47689 -1.6
-0.47665 -1.3
-0.4764 -1.0
-0.47616 -0.7
-0.47591 -0.4
-0.47567 0.0
-0.47543 0.2
-0.47518 0.6
-0.47494 0.9
-0.47469 1.2
-0.47445 1.5
-0.47421 1.8
-0.47396 2.1
-0.47372 2.4
-0.47347 2.7
-0.47323 2.9
-0.47298 3.2
-0.47274 3.4
-0.4725 3.7
-0.47225 3.9
-0.47201 4.1
-0.47176 4.3
-0.47152 4.4
-0.47128 4.6
-0.47103 4.7
-0.47079 4.8
-0.47054 4.9
-0.4703 5.0
-0.47005 5.0
-0.46981 5.1
-0.46957 5.1
-0.46932 5.1
-0.46908 5.0
-0.46883 5.0
-0.46859 4.9
-0.46835 4.8
-0.4681 4.7
-0.46786 4.6
-0.46761 4.4
-0.46737 4.3
-0.46712 4.1
-0.46688 3.9
-0.46664 3.7
-0.46639 3.4
-0.46615 3.2
-0.4659 2.9
-0.46566 2.7
-0.46542 2.4
-0.46517 2.1
-0.46493 1.8
-0.46468 1.5
-0.46444 1.2
-0.4642 0.9
-0.46395 0.5
-0.46371 0.2
-0.46346 -0.1
-0.46322 -0.4
-0.46297 -0.8
-0.46273 -1.1
-0.46249 -1.4
-0.46224 -1.7
-0.462 -2.0
-0.46175 -2.3
-0.46151 -2.6
-0.46127 -2.9
-0.46102 -3.1
-0.46078 -3.4
-0.46053 -3.6
-0.46029 -3.8
-0.46004 -4.0
-0.4598 -4.2
-0.45956 -4.4
-0.45931 -4.6
-0.45907 -4.7
-0.45882 -4.8
-0.45858 -4.9
-0.45834 -5.0
-0.45809 -5.0
-0.45785 -5.1
-0.4576 -5.1
-0.45736 -5.1
-0.45712 -5.1
-0.45687 -5.0
-0.45663 -4.9
-0.45638 -4.9
-0.45614 -4.7
-0.45589 -4.6
-0.45565 -4.5
-0.45541 -4.3
-0.45516 -4.1
-0.45492 -3.9
-0.45467 -3.7
-0.45443 -3.5
-0.45419 -3.2
-0.45394 -3.0
-0.4537 -2.7
-0.45345 -2.4
-0.45321 -2.1
-0.45296 -1.8
-0.45272 -1.5
-0.45248 -1.2
-0.45223 -0.8
-0.45199 -0.5
-0.45174 -0.2
-0.4515 0.1
-0.45126 0.5
-0.45101 0.8
-0.45077 1.1
-0.45052 1.4
-0.45028 1.7
-0.45004 2.1
-0.44979 2.4
-0.44955 2.6
-0.4493 2.9
-0.44906 3.2
-0.44881 3.4
-0.44857 3.7
-0.44833 3.9
-0.44808 4.1
-0.44784 4.3
-0.44759 4.5
-0.44735 4.6
-0.44711 4.8
-0.44686 4.9
-0.44662 5.0
-0.44637 5.0
-0.44613 5.1
-0.44588 5.1
-0.44564 5.1
-0.4454 5.1
-0.44515 5.1
-0.44491 5.0
-0.44466 5.0
-0.44442 4.9
-0.44418 4.7
-0.44393 4.6
-0.44369 4.4
-0.44344 4.3
-0.4432 4.1
-0.44296 3.9
-0.44271 3.6
-0.44247 3.4
-0.44222 3.1
-0.44198 2.9
-0.44173 2.6
-0.44149 2.3
-0.44125 2.0
-0.441 1.7
-0.44076 1.4
-0.44051 1.0
-0.44027 0.7
-0.44003 0.4
-0.43978 0.0
-0.43954 -0.3
-0.43929 -0.6
-0.43905 -1.0
-0.4388 -1.3
-0.43856 -1.6
-0.43832 -1.9
-0.43807 -2.2
-0.43783 -2.5
-0.43758 -2.8
-0.43734 -3.1
-0.4371 -3.4
-0.43685 -3.6
-0.43661 -3.8
-0.43636 -4.1
-0.43612 -4.3
-0.43587 -4.4
-0.43563 -4.6
-0.43539 -4.7
-0.43514 -4.9
-0.4349 -5.0
-0.43465 -5.0
-0.43441 -5.1
-0.43417 -5.1
-0.43392 -5.2
-0.43368 -5.2
-0.43343 -5.1
-0.43319 -5.1
-0.43295 -5.0
-0.4327 -4.9
-0.43246 -4.8
-0.43221 -4.7
-0.43197 -4.5
-0.43172 -4.3
-0.43148 -4.1
-0.43124 -3.9
-0.43099 -3.7
-0.43075 -3.5
-0.4305 -3.2
-0.43026 -2.9
-0.43002 -2.6
-0.42977 -2.3
-0.42953 -2.0
-0.42928 -1.7
-0.42904 -1.4
-0.42879 -1.1
-0.42855 -0.7
-0.42831 -0.4
-0.42806 0.0
-0.42782 0.3
-0.42757 0.6
-0.42733 1.0
-0.42709 1.3
-0.42684 1.6
-0.4266 1.9
-0.42635 2.3
-0.42611 2.6
-0.42587 2.8
-0.42562 3.1
-0.42538 3.4
-0.42513 3.6
-0.42489 3.9
-0.42464 4.1
-0.4244 4.3
-0.42416 4.5
-0.42391 4.6
-0.42367 4.8
-0.42342 4.9
-0.42318 5.0
-0.42294 5.1
-0.42269 5.1
-0.42245 5.2
-0.4222 5.2
-0.42196 5.2
-0.42171 5.1
-0.42147 5.1
-0.42123 5.0
-0.42098 4.9
-0.42074 4.8
-0.42049 4.7
-0.42025 4.5
-0.42001 4.3
-0.41976 4.1
-0.41952 3.9
-0.41927 3.7
-0.41903 3.4
-0.41879 3.1
-0.41854 2.8
-0.4183 2.6
-0.41805 2.3
-0.41781 1.9
-0.41756 1.6
-0.41732 1.3
-0.41708 0.9
-0.41683 0.6
-0.41659 0.3
-0.41634 0.0
-0.4161 -0.4
-0.41586 -0.8
-0.41561 -1.1
-0.41537 -1.4
-0.41512 -1.8
-0.41488 -2.1
-0.41463 -2.4
-0.41439 -2.7
-0.41415 -3.0
-0.4139 -3.3
-0.41366 -3.5
-0.41341 -3.8
-0.41317 -4.0
-0.41293 -4.2
-0.41268 -4.4
-0.41244 -4.6
-0.41219 -4.8
-0.41195 -4.9
-0.41171 -5.0
-0.41146 -5.1
-0.41122 -5.2
-0.41097 -5.2
-0.41073 -5.2
-0.41048 -5.2
-0.41024 -5.2
-0.41 -5.1
-0.40975 -5.1
-0.40951 -5.0
-0.40926 -4.9
-0.40902 -4.7
-0.40878 -4.6
-0.40853 -4.4
-0.40829 -4.2
-0.40804 -4.0
-0.4078 -3.7
-0.40755 -3.5
-0.40731 -3.2
-0.40707 -2.9
-0.40682 -2.6
-0.40658 -2.3
-0.40633 -2.0
-0.40609 -1.7
-0.40585 -1.3
-0.4056 -1.0
-0.40536 -0.7
-0.40511 -0.3
-0.40487 0.0
-0.40462 0.4
-0.40438 0.7
-0.40414 1.1
-0.40389 1.4
-0.40365 1.8
-0.4034 2.1
-0.40316 2.4
-0.40292 2.7
-0.40267 3.0
-0.40243 3.3
-0.40218 3.6
-0.40194 3.8
-0.4017 4.0
-0.40145 4.3
-0.40121 4.5
-0.40096 4.6
-0.40072 4.8
-0.40047 4.9
-0.40023 5.0
-0.39999 5.1
-0.39974 5.2
-0.3995 5.2
-0.39925 5.3
-0.39901 5.3
-0.39877 5.2
-0.39852 5.2
-0.39828 5.1
-0.39803 5.0
-0.39779 4.9
-0.39754 4.7
-0.3973 4.6
-0.39706 4.4
-0.39681 4.2
-0.39657 4.0
-0.39632 3.7
-0.39608 3.5
-0.39584 3.2
-0.39559 2.9
-0.39535 2.6
-0.3951 2.3
-0.39486 1.9
-0.39462 1.6
-0.39437 1.3
-0.39413 0.9
-0.39388 0.6
-0.39364 0.2
-0.39339 -0.2
-0.39315 -0.5
-0.39291 -0.9
-0.39266 -1.2
-0.39242 -1.6
-0.39217 -1.9
-0.39193 -2.2
-0.39169 -2.5
-0.39144 -2.9
-0.3912 -3.1
-0.39095 -3.4
-0.39071 -3.7
-0.39046 -3.9
-0.39022 -4.2
-0.38998 -4.4
-0.38973 -4.6
-0.38949 -4.7
-0.38924 -4.9
-0.389 -5.0
-0.38876 -5.1
-0.38851 -5.2
-0.38827 -5.3
-0.38802 -5.3
-0.38778 -5.3
-0.38754 -5.3
-0.38729 -5.2
-0.38705 -5.2
-0.3868 -5.1
-0.38656 -5.0
-0.38631 -4.8
-0.38607 -4.7
-0.38583 -4.5
-0.38558 -4.3
-0.38534 -4.1
-0.38509 -3.8
-0.38485 -3.6
-0.38461 -3.3
-0.38436 -3.0
-0.38412 -2.7
-0.38387 -2.4
-0.38363 -2.0
-0.38338 -1.7
-0.38314 -1.4
-0.3829 -1.0
-0.38265 -0.6
-0.38241 -0.3
-0.38216 0.0
-0.38192 0.4
-0.38168 0.8
-0.38143 1.2
-0.38119 1.5
-0.38094 1.9
-0.3807 2.2
-0.38046 2.5
-0.38021 2.8
-0.37997 3.1
-0.37972 3.4
-0.37948 3.7
-0.37923 3.9
-0.37899 4.2
-0.37875 4.4
-0.3785 4.6
-0.37826 4.8
-0.37801 4.9
-0.37777 5.0
-0.37753 5.2
-0.37728 5.2
-0.37704 5.3
-0.37679 5.3
-0.37655 5.3
-0.3763 5.3
-0.37606 5.3
-0.37582 5.2
-0.37557 5.1
-0.37533 5.0
-0.37508 4.8
-0.37484 4.7
-0.3746 4.5
-0.37435 4.3
-0.37411 4.1
-0.37386 3.8
-0.37362 3.5
-0.37337 3.3
-0.37313 3.0
-0.37289 2.7
-0.37264 2.3
-0.3724 2.0
-0.37215 1.6
-0.37191 1.3
-0.37167 0.9
-0.37142 0.6
-0.37118 0.2
-0.37093 -0.2
-0.37069 -0.5
-0.37045 -0.9
-0.3702 -1.3
-0.36996 -1.6
-0.36971 -2.0
-0.36947 -2.3
-0.36922 -2.6
-0.36898 -3.0
-0.36874 -3.3
-0.36849 -3.5
-0.36825 -3.8
-0.368 -4.1
-0.36776 -4.3
-0.36752 -4.5
-0.36727 -4.7
-0.36703 -4.9
-0.36678 -5.0
-0.36654 -5.1
-0.36629 -5.2
-0.36605 -5.3
-0.36581 -5.3
-0.36556 -5.4
-0.36532 -5.4
-0.36507 -5.3
-0.36483 -5.3
-0.36459 -5.2
-0.36434 -5.1
-0.3641 -4.9
-0.36385 -4.8
-0.36361 -4.6
-0.36337 -4.4
-0.36312 -4.2
-0.36288 -3.9
-0.36263 -3.7
-0.36239 -3.4
-0.36214 -3.1
-0.3619 -2.8
-0.36166 -2.5
-0.36141 -2.1
-0.36117 -1.8
-0.36092 -1.4
-0.36068 -1.0
-0.36044 -0.7
-0.36019 -0.3
-0.35995 0.0
-0.3597 0.4
-0.35946 0.8
-0.35921 1.2
-0.35897 1.6
-0.35873 1.9
-0.35848 2.3
-0.35824 2.6
-0.35799 2.9
-0.35775 3.2
-0.35751 3.5
-0.35726 3.8
-0.35702 4.1
-0.35677 4.3
-0.35653 4.5
-0.35629 4.7
-0.35604 4.9
-0.3558 5.0
-0.35555 5.2
-0.35531 5.3
-0.35506 5.3
-0.35482 5.4
-0.35458 5.4
-0.35433 5.4
-0.35409 5.4
-0.35384 5.3
-0.3536 5.2
-0.35336 5.1
-0.35311 5.0
-0.35287 4.8
-0.35262 4.6
-0.35238 4.4
-0.35213 4.2
-0.35189 3.9
-0.35165 3.7
-0.3514 3.4
-0.35116 3.1
-0.35091 2.8
-0.35067 2.4
-0.35043 2.1
-0.35018 1.7
-0.34994 1.4
-0.34969 1.0
-0.34945 0.6
-0.34921 0.2
-0.34896 -0.1
-0.34872 -0.5
-0.34847 -0.9
-0.34823 -1.3
-0.34798 -1.7
-0.34774 -2.0
-0.3475 -2.4
-0.34725 -2.7
-0.34701 -3.0
-0.34676 -3.3
-0.34652 -3.6
-0.34628 -3.9
-0.34603 -4.2
-0.34579 -4.4
-0.34554 -4.6
-0.3453 -4.8
-0.34505 -5.0
-0.34481 -5.1
-0.34457 -5.2
-0.34432 -5.3
-0.34408 -5.4
-0.34383 -5.4
-0.34359 -5.4
-0.34335 -5.4
-0.3431 -5.4
-0.34286 -5.3
-0.34261 -5.2
-0.34237 -5.1
-0.34212 -4.9
-0.34188 -4.8
-0.34164 -4.6
-0.34139 -4.3
-0.34115 -4.1
-0.3409 -3.8
-0.34066 -3.5
-0.34042 -3.2
-0.34017 -2.9
-0.33993 -2.6
-0.33968 -2.2
-0.33944 -1.9
-0.3392 -1.5
-0.33895 -1.1
-0.33871 -0.7
-0.33846 -0.4
-0.33822 0.0
-0.33797 0.4
-0.33773 0.8
-0.33749 1.2
-0.33724 1.6
-0.337 1.9
-0.33675 2.3
-0.33651 2.6
-0.33627 3.0
-0.33602 3.3
-0.33578 3.6
-0.33553 3.9
-0.33529 4.2
-0.33504 4.4
-0.3348 4.6
-0.33456 4.8
-0.33431 5.0
-0.33407 5.1
-0.33382 5.3
-0.33358 5.4
-0.33334 5.4
-0.33309 5.5
-0.33285 5.5
-0.3326 5.5
-0.33236 5.4
-0.33212 5.3
-0.33187 5.2
-0.33163 5.1
-0.33138 5.0
-0.33114 4.8
-0.33089 4.6
-0.33065 4.4
-0.33041 4.1
-0.33016 3.8
-0.32992 3.5
-0.32967 3.2
-0.32943 2.9
-0.32919 2.6
-0.32894 2.2
-0.3287 1.8
-0.32845 1.5
-0.32821 1.1
-0.32796 0.7
-0.32772 0.3
-0.32748 0.0
-0.32723 -0.5
-0.32699 -0.9
-0.32674 -1.3
-0.3265 -1.7
-0.32626 -2.0
-0.32601 -2.4
-0.32577 -2.7
-0.32552 -3.1
-0.32528 -3.4
-0.32504 -3.7
-0.32479 -4.0
-0.32455 -4.3
-0.3243 -4.5
-0.32406 -4.7
-0.32381 -4.9
-0.32357 -5.1
-0.32333 -5.2
-0.32308 -5.3
-0.32284 -5.4
-0.32259 -5.5
-0.32235 -5.5
-0.32211 -5.5
-0.32186 -5.5
-0.32162 -5.4
-0.32137 -5.3
-0.32113 -5.2
-0.32088 -5.1
-0.32064 -4.9
-0.3204 -4.7
-0.32015 -4.5
-0.31991 -4.3
-0.31966 -4.0
-0.31942 -3.7
-0.31918 -3.4
-0.31893 -3.1
-0.31869 -2.7
-0.31844 -2.4
-0.3182 -2.0
-0.31796 -1.6
-0.31771 -1.2
-0.31747 -0.8
-0.31722 -0.4
-0.31698 0.0
-0.31673 0.4
-0.31649 0.8
-0.31625 1.2
-0.316 1.6
-0.31576 1.9
-0.31551 2.3
-0.31527 2.7
-0.31503 3.0
-0.31478 3.4
-0.31454 3.7
-0.31429 4.0
-0.31405 4.2
-0.3138 4.5
-0.31356 4.7
-0.31332 4.9
-0.31307 5.1
-0.31283 5.2
-0.31258 5.4
-0.31234 5.5
-0.3121 5.5
-0.31185 5.6
-0.31161 5.6
-0.31136 5.5
-0.31112 5.5
-0.31087 5.4
-0.31063 5.3
-0.31039 5.1
-0.31014 5.0
-0.3099 4.8
-0.30965 4.5
-0.30941 4.3
-0.30917 4.0
-0.30892 3.7
-0.30868 3.4
-0.30843 3.1
-0.30819 2.7
-0.30795 2.4
-0.3077 2.0
-0.30746 1.6
-0.30721 1.2
-0.30697 0.8
-0.30672 0.4
-0.30648 0.0
-0.30624 -0.4
-0.30599 -0.8
-0.30575 -1.2
-0.3055 -1.6
-0.30526 -2.0
-0.30502 -2.4
-0.30477 -2.8
-0.30453 -3.1
-0.30428 -3.5
-0.30404 -3.8
-0.30379 -4.1
-0.30355 -4.3
-0.30331 -4.6
-0.30306 -4.8
-0.30282 -5.0
-0.30257 -5.2
-0.30233 -5.3
-0.30209 -5.4
-0.30184 -5.5
-0.3016 -5.6
-0.30135 -5.6
-0.30111 -5.6
-0.30087 -5.6
-0.30062 -5.5
-0.30038 -5.4
-0.30013 -5.3
-0.29989 -5.1
-0.29964 -4.9
-0.2994 -4.7
-0.29916 -4.5
-0.29891 -4.2
-0.29867 -3.9
-0.29842 -3.6
-0.29818 -3.3
-0.29794 -2.9
-0.29769 -2.5
-0.29745 -2.2
-0.2972 -1.8
-0.29696 -1.4
-0.29671 -1.0
-0.29647 -0.5
-0.29623 -0.1
-0.29598 0.3
-0.29574 0.7
-0.29549 1.1
-0.29525 1.5
-0.29501 1.9
-0.29476 2.3
-0.29452 2.7
-0.29427 3.1
-0.29403 3.4
-0.29379 3.7
-0.29354 4.0
-0.2933 4.3
-0.29305 4.6
-0.29281 4.8
-0.29256 5.0
-0.29232 5.2
-0.29208 5.4
-0.29183 5.5
-0.29159 5.6
-0.29134 5.6
-0.2911 5.6
-0.29086 5.6
-0.29061 5.6
-0.29037 5.5
-0.29012 5.4
-0.28988 5.3
-0.28963 5.1
-0.28939 5.0
-0.28915 4.7
-0.2889 4.5
-0.28866 4.2
-0.28841 3.9
-0.28817 3.6
-0.28793 3.3
-0.28768 2.9
-0.28744 2.5
-0.28719 2.1
-0.28695 1.7
-0.28671 1.3
-0.28646 0.9
-0.28622 0.5
-0.28597 0.0
-0.28573 -0.4
-0.28548 -0.8
-0.28524 -1.2
-0.285 -1.6
-0.28475 -2.0
-0.28451 -2.4
-0.28426 -2.8
-0.28402 -3.2
-0.28378 -3.5
-0.28353 -3.9
-0.28329 -4.2
-0.28304 -4.4
-0.2828 -4.7
-0.28255 -4.9
-0.28231 -5.1
-0.28207 -5.3
-0.28182 -5.4
-0.28158 -5.6
-0.28133 -5.6
-0.28109 -5.7
-0.28085 -5.7
-0.2806 -5.7
-0.28036 -5.6
-0.28011 -5.5
-0.27987 -5.4
-0.27962 -5.3
-0.27938 -5.1
-0.27914 -4.9
-0.27889 -4.6
-0.27865 -4.4
-0.2784 -4.1
-0.27816 -3.8
-0.27792 -3.4
-0.27767 -3.1
-0.27743 -2.7
-0.27718 -2.3
-0.27694 -1.9
-0.2767 -1.5
-0.27645 -1.1
-0.27621 -0.6
-0.27596 -0.2
-0.27572 0.2
-0.27547 0.7
-0.27523 1.1
-0.27499 1.5
-0.27474 1.9
-0.2745 2.3
-0.27425 2.7
-0.27401 3.1
-0.27377 3.5
-0.27352 3.8
-0.27328 4.1
-0.27303 4.4
-0.27279 4.7
-0.27254 4.9
-0.2723 5.1
-0.27206 5.3
-0.27181 5.5
-0.27157 5.6
-0.27132 5.7
-0.27108 5.7
-0.27084 5.7
-0.27059 5.7
-0.27035 5.7
-0.2701 5.6
-0.26986 5.5
-0.26962 5.3
-0.26937 5.1
-0.26913 4.9
-0.26888 4.7
-0.26864 4.4
-0.26839 4.1
-0.26815 3.8
-0.26791 3.4
-0.26766 3.1
-0.26742 2.7
-0.26717 2.3
-0.26693 1.9
-0.26669 1.5
-0.26644 1.0
-0.2662 0.6
-0.26595 0.1
-0.26571 -0.3
-0.26546 -0.8
-0.26522 -1.2
-0.26498 -1.6
-0.26473 -2.1
-0.26449 -2.5
-0.26424 -2.9
-0.264 -3.2
-0.26376 -3.6
-0.26351 -3.9
-0.26327 -4.3
-0.26302 -4.5
-0.26278 -4.8
-0.26254 -5.0
-0.26229 -5.3
-0.26205 -5.4
-0.2618 -5.6
-0.26156 -5.7
-0.26131 -5.7
-0.26107 -5.8
-0.26083 -5.8
-0.26058 -5.8
-0.26034 -5.7
-0.26009 -5.6
-0.25985 -5.4
-0.25961 -5.3
-0.25936 -5.1
-0.25912 -4.8
-0.25887 -4.6
-0.25863 -4.3
-0.25838 -4.0
-0.25814 -3.6
-0.2579 -3.3
-0.25765 -2.9
-0.25741 -2.5
-0.25716 -2.1
-0.25692 -1.6
-0.25668 -1.2
-0.25643 -0.7
-0.25619 -0.3
-0.25594 0.2
-0.2557 0.6
-0.25546 1.1
-0.25521 1.5
-0.25497 2.0
-0.25472 2.4
-0.25448 2.8
-0.25423 3.2
-0.25399 3.6
-0.25375 3.9
-0.2535 4.2
-0.25326 4.5
-0.25301 4.8
-0.25277 5.1
-0.25253 5.3
-0.25228 5.5
-0.25204 5.6
-0.25179 5.7
-0.25155 5.8
-0.2513 5.8
-0.25106 5.8
-0.25082 5.8
-0.25057 5.7
-0.25033 5.6
-0.25008 5.5
-0.24984 5.3
-0.2496 5.1
-0.24935 4.9
-0.24911 4.6
-0.24886 4.3
-0.24862 4.0
-0.24837 3.6
-0.24813 3.2
-0.24789 2.8
-0.24764 2.4
-0.2474 2.0
-0.24715 1.6
-0.24691 1.1
-0.24667 0.6
-0.24642 0.2
-0.24618 -0.3
-0.24593 -0.7
-0.24569 -1.2
-0.24545 -1.7
-0.2452 -2.1
-0.24496 -2.5
-0.24471 -2.9
-0.24447 -3.3
-0.24422 -3.7
-0.24398 -4.1
-0.24374 -4.4
-0.24349 -4.7
-0.24325 -5.0
-0.243 -5.2
-0.24276 -5.4
-0.24252 -5.6
-0.24227 -5.7
-0.24203 -5.8
-0.24178 -5.9
-0.24154 -5.9
-0.24129 -5.9
-0.24105 -5.8
-0.24081 -5.7
-0.24056 -5.6
-0.24032 -5.4
-0.24007 -5.2
-0.23983 -5.0
-0.23959 -4.8
-0.23934 -4.5
-0.2391 -4.1
-0.23885 -3.8
-0.23861 -3.4
-0.23837 -3.0
-0.23812 -2.6
-0.23788 -2.2
-0.23763 -1.7
-0.23739 -1.2
-0.23714 -0.8
-0.2369 -0.3
-0.23666 0.2
-0.23641 0.6
-0.23617 1.1
-0.23592 1.6
-0.23568 2.0
-0.23544 2.5
-0.23519 2.9
-0.23495 3.3
-0.2347 3.7
-0.23446 4.1
-0.23421 4.4
-0.23397 4.7
-0.23373 5.0
-0.23348 5.2
-0.23324 5.4
-0.23299 5.6
-0.23275 5.8
-0.23251 5.9
-0.23226 5.9
-0.23202 5.9
-0.23177 5.9
-0.23153 5.9
-0.23129 5.8
-0.23104 5.6
-0.2308 5.5
-0.23055 5.3
-0.23031 5.0
-0.23006 4.8
-0.22982 4.5
-0.22958 4.1
-0.22933 3.8
-0.22909 3.4
-0.22884 3.0
-0.2286 2.5
-0.22836 2.1
-0.22811 1.6
-0.22787 1.1
-0.22762 0.7
-0.22738 0.2
-0.22713 -0.3
-0.22689 -0.8
-0.22665 -1.3
-0.2264 -1.8
-0.22616 -2.2
-0.22591 -2.7
-0.22567 -3.1
-0.22543 -3.5
-0.22518 -3.9
-0.22494 -4.2
-0.22469 -4.6
-0.22445 -4.9
-0.22421 -5.2
-0.22396 -5.4
-0.22372 -5.6
-0.22347 -5.7
-0.22323 -5.9
-0.22298 -5.9
-0.22274 -6.0
-0.2225 -6.0
-0.22225 -6.0
-0.22201 -5.9
-0.22176 -5.8
-0.22152 -5.6
-0.22128 -5.4
-0.22103 -5.2
-0.22079 -4.9
-0.22054 -4.6
-0.2203 -4.3
-0.22005 -3.9
-0.21981 -3.5
-0.21957 -3.1
-0.21932 -2.7
-0.21908 -2.2
-0.21883 -1.7
-0.21859 -1.2
-0.21835 -0.8
-0.2181 -0.3
-0.21786 0.2
-0.21761 0.7
-0.21737 1.2
-0.21712 1.7
-0.21688 2.2
-0.21664 2.7
-0.21639 3.1
-0.21615 3.5
-0.2159 3.9
-0.21566 4.3
-0.21542 4.6
-0.21517 4.9
-0.21493 5.2
-0.21468 5.4
-0.21444 5.6
-0.2142 5.8
-0.21395 5.9
-0.21371 6.0
-0.21346 6.0
-0.21322 6.0
-0.21297 6.0
-0.21273 5.9
-0.21249 5.8
-0.21224 5.6
-0.212 5.4
-0.21175 5.2
-0.21151 4.9
-0.21127 4.6
-0.21102 4.2
-0.21078 3.8
-0.21053 3.4
-0.21029 3.0
-0.21004 2.5
-0.2098 2.1
-0.20956 1.6
-0.20931 1.1
-0.20907 0.6
-0.20882 0.0
-0.20858 -0.4
-0.20834 -1.0
-0.20809 -1.5
-0.20785 -1.9
-0.2076 -2.4
-0.20736 -2.9
-0.20712 -3.3
-0.20687 -3.7
-0.20663 -4.1
-0.20638 -4.5
-0.20614 -4.8
-0.20589 -5.1
-0.20565 -5.4
-0.20541 -5.6
-0.20516 -5.8
-0.20492 -5.9
-0.20467 -6.0
-0.20443 -6.1
-0.20419 -6.1
-0.20394 -6.1
-0.2037 -6.0
-0.20345 -5.9
-0.20321 -5.7
-0.20296 -5.5
-0.20272 -5.3
-0.20248 -5.0
-0.20223 -4.7
-0.20199 -4.3
-0.20174 -3.9
-0.2015 -3.5
-0.20126 -3.1
-0.20101 -2.6
-0.20077 -2.2
-0.20052 -1.7
-0.20028 -1.1
-0.20004 -0.6
-0.19979 -0.1
-0.19955 0.4
-0.1993 0.9
-0.19906 1.5
-0.19881 2.0
-0.19857 2.5
-0.19833 2.9
-0.19808 3.4
-0.19784 3.8
-0.19759 4.2
-0.19735 4.6
-0.19711 4.9
-0.19686 5.2
-0.19662 5.5
-0.19637 5.7
-0.19613 5.9
-0.19588 6.0
-0.19564 6.1
-0.1954 6.2
-0.19515 6.2
-0.19491 6.1
-0.19466 6.0
-0.19442 5.9
-0.19418 5.7
-0.19393 5.5
-0.19369 5.2
-0.19344 4.9
-0.1932 4.6
-0.19296 4.2
-0.19271 3.8
-0.19247 3.4
-0.19222 2.9
-0.19198 2.5
-0.19173 2.0
-0.19149 1.4
-0.19125 0.9
-0.191 0.4
-0.19076 -0.2
-0.19051 -0.7
-0.19027 -1.2
-0.19003 -1.8
-0.18978 -2.3
-0.18954 -2.8
-0.18929 -3.2
-0.18905 -3.7
-0.1888 -4.1
-0.18856 -4.5
-0.18832 -4.9
-0.18807 -5.2
-0.18783 -5.5
-0.18758 -5.7
-0.18734 -5.9
-0.1871 -6.1
-0.18685 -6.2
-0.18661 -6.2
-0.18636 -6.2
-0.18612 -6.2
-0.18587 -6.1
-0.18563 -6.0
-0.18539 -5.8
-0.18514 -5.6
-0.1849 -5.3
-0.18465 -5.0
-0.18441 -4.7
-0.18417 -4.3
-0.18392 -3.9
-0.18368 -3.4
-0.18343 -3.0
-0.18319 -2.5
-0.18295 -2.0
-0.1827 -1.4
-0.18246 -0.9
-0.18221 -0.3
-0.18197 0.2
-0.18172 0.8
-0.18148 1.3
-0.18124 1.8
-0.18099 2.4
-0.18075 2.9
-0.1805 3.4
-0.18026 3.8
-0.18002 4.2
-0.17977 4.6
-0.17953 5.0
-0.17928 5.3
-0.17904 5.6
-0.17879 5.8
-0.17855 6.0
-0.17831 6.2
-0.17806 6.3
-0.17782 6.3
-0.17757 6.3
-0.17733 6.2
-0.17709 6.1
-0.17684 6.0
-0.1766 5.8
-0.17635 5.5
-0.17611 5.2
-0.17587 4.9
-0.17562 4.5
-0.17538 4.1
-0.17513 3.7
-0.17489 3.2
-0.17464 2.7
-0.1744 2.2
-0.17416 1.7
-0.17391 1.1
-0.17367 0.5
-0.17342 0.0
-0.17318 -0.6
-0.17294 -1.2
-0.17269 -1.7
-0.17245 -2.3
-0.1722 -2.8
-0.17196 -3.3
-0.17171 -3.8
-0.17147 -4.2
-0.17123 -4.6
-0.17098 -5.0
-0.17074 -5.3
-0.17049 -5.6
-0.17025 -5.9
-0.17001 -6.1
-0.16976 -6.2
-0.16952 -6.3
-0.16927 -6.4
-0.16903 -6.4
-0.16879 -6.3
-0.16854 -6.2
-0.1683 -6.1
-0.16805 -5.8
-0.16781 -5.6
-0.16756 -5.3
-0.16732 -4.9
-0.16708 -4.6
-0.16683 -4.1
-0.16659 -3.7
-0.16634 -3.2
-0.1661 -2.7
-0.16586 -2.1
-0.16561 -1.6
-0.16537 -1.0
-0.16512 -0.4
-0.16488 0.2
-0.16463 0.7
-0.16439 1.3
-0.16415 1.9
-0.1639 2.4
-0.16366 3.0
-0.16341 3.5
-0.16317 4.0
-0.16293 4.4
-0.16268 4.8
-0.16244 5.2
-0.16219 5.5
-0.16195 5.8
-0.16171 6.0
-0.16146 6.2
-0.16122 6.4
-0.16097 6.4
-0.16073 6.4
-0.16048 6.4
-0.16024 6.3
-0.16 6.2
-0.15975 6.0
-0.15951 5.8
-0.15926 5.5
-0.15902 5.1
-0.15878 4.7
-0.15853 4.3
-0.15829 3.8
-0.15804 3.4
-0.1578 2.8
-0.15755 2.3
-0.15731 1.7
-0.15707 1.1
-0.15682 0.5
-0.15658 0.0
-0.15633 -0.7
-0.15609 -1.3
-0.15585 -1.9
-0.1556 -2.4
-0.15536 -3.0
-0.15511 -3.5
-0.15487 -4.0
-0.15462 -4.5
-0.15438 -4.9
-0.15414 -5.3
-0.15389 -5.6
-0.15365 -5.9
-0.1534 -6.1
-0.15316 -6.3
-0.15292 -6.4
-0.15267 -6.5
-0.15243 -6.5
-0.15218 -6.5
-0.15194 -6.4
-0.1517 -6.2
-0.15145 -6.0
-0.15121 -5.8
-0.15096 -5.4
-0.15072 -5.1
-0.15047 -4.7
-0.15023 -4.2
-0.14999 -3.7
-0.14974 -3.2
-0.1495 -2.7
-0.14925 -2.1
-0.14901 -1.5
-0.14877 -0.9
-0.14852 -0.3
-0.14828 0.4
-0.14803 1.0
-0.14779 1.6
-0.14754 2.2
-0.1473 2.8
-0.14706 3.3
-0.14681 3.8
-0.14657 4.3
-0.14632 4.8
-0.14608 5.2
-0.14584 5.6
-0.14559 5.9
-0.14535 6.1
-0.1451 6.3
-0.14486 6.5
-0.14462 6.6
-0.14437 6.6
-0.14413 6.6
-0.14388 6.5
-0.14364 6.3
-0.14339 6.1
-0.14315 5.9
-0.14291 5.6
-0.14266 5.2
-0.14242 4.8
-0.14217 4.3
-0.14193 3.8
-0.14169 3.3
-0.14144 2.7
-0.1412 2.1
-0.14095 1.5
-0.14071 0.9
-0.14046 0.2
-0.14022 -0.4
-0.13998 -1.0
-0.13973 -1.7
-0.13949 -2.3
-0.13924 -2.9
-0.139 -3.4
-0.13876 -4.0
-0.13851 -4.5
-0.13827 -4.9
-0.13802 -5.4
-0.13778 -5.7
-0.13754 -6.0
-0.13729 -6.3
-0.13705 -6.5
-0.1368 -6.6
-0.13656 -6.7
-0.13631 -6.7
-0.13607 -6.6
-0.13583 -6.5
-0.13558 -6.3
-0.13534 -6.1
-0.13509 -5.8
-0.13485 -5.4
-0.13461 -5.0
-0.13436 -4.6
-0.13412 -4.1
-0.13387 -3.5
-0.13363 -3.0
-0.13338 -2.4
-0.13314 -1.7
-0.1329 -1.1
-0.13265 -0.4
-0.13241 0.2
-0.13216 0.9
-0.13192 1.5
-0.13168 2.2
-0.13143 2.8
-0.13119 3.4
-0.13094 3.9
-0.1307 4.5
-0.13046 4.9
-0.13021 5.4
-0.12997 5.8
-0.12972 6.1
-0.12948 6.3
-0.12923 6.6
-0.12899 6.7
-0.12875 6.8
-0.1285 6.8
-0.12826 6.7
-0.12801 6.6
-0.12777 6.4
-0.12753 6.1
-0.12728 5.8
-0.12704 5.5
-0.12679 5.0
-0.12655 4.6
-0.1263 4.0
-0.12606 3.5
-0.12582 2.9
-0.12557 2.2
-0.12533 1.6
-0.12508 0.9
-0.12484 0.2
-0.1246 -0.5
-0.12435 -1.1
-0.12411 -1.8
-0.12386 -2.5
-0.12362 -3.1
-0.12337 -3.7
-0.12313 -4.2
-0.12289 -4.8
-0.12264 -5.2
-0.1224 -5.7
-0.12215 -6.0
-0.12191 -6.3
-0.12167 -6.6
-0.12142 -6.7
-0.12118 -6.8
-0.12093 -6.9
-0.12069 -6.8
-0.12045 -6.7
-0.1202 -6.6
-0.11996 -6.3
-0.11971 -6.0
-0.11947 -5.6
-0.11922 -5.2
-0.11898 -4.7
-0.11874 -4.2
-0.11849 -3.6
-0.11825 -3.0
-0.118 -2.3
-0.11776 -1.7
-0.11752 -1.0
-0.11727 -0.3
-0.11703 0.5
-0.11678 1.2
-0.11654 1.9
-0.11629 2.5
-0.11605 3.2
-0.11581 3.8
-0.11556 4.4
-0.11532 4.9
-0.11507 5.4
-0.11483 5.8
-0.11459 6.2
-0.11434 6.5
-0.1141 6.7
-0.11385 6.9
-0.11361 7.0
-0.11337 7.0
-0.11312 6.9
-0.11288 6.8
-0.11263 6.6
-0.11239 6.3
-0.11214 5.9
-0.1119 5.5
-0.11166 5.0
-0.11141 4.5
-0.11117 3.9
-0.11092 3.3
-0.11068 2.7
-0.11044 2.0
-0.11019 1.3
-0.10995 0.5
-0.1097 -0.2
-0.10946 -0.9
-0.10921 -1.7
-0.10897 -2.4
-0.10873 -3.1
-0.10848 -3.7
-0.10824 -4.3
-0.10799 -4.9
-0.10775 -5.4
-0.10751 -5.8
-0.10726 -6.2
-0.10702 -6.5
-0.10677 -6.8
-0.10653 -7.0
-0.10629 -7.1
-0.10604 -7.1
-0.1058 -7.0
-0.10555 -6.9
-0.10531 -6.6
-0.10506 -6.3
-0.10482 -6.0
-0.10458 -5.5
-0.10433 -5.0
-0.10409 -4.5
-0.10384 -3.9
-0.1036 -3.2
-0.10336 -2.5
-0.10311 -1.8
-0.10287 -1.1
-0.10262 -0.3
-0.10238 0.5
-0.10213 1.2
-0.10189 2.0
-0.10165 2.7
-0.1014 3.4
-0.10116 4.0
-0.10091 4.7
-0.10067 5.2
-0.10043 5.7
-0.10018 6.2
-0.09994 6.5
-0.09969 6.8
-0.09945 7.0
-0.09921 7.1
-0.09896 7.2
-0.09872 7.1
-0.09847 7.0
-0.09823 6.8
-0.09798 6.5
-0.09774 6.2
-0.0975 5.7
-0.09725 5.2
-0.09701 4.6
-0.09676 4.0
-0.09652 3.3
-0.09628 2.6
-0.09603 1.9
-0.09579 1.1
-0.09554 0.3
-0.0953 -0.5
-0.09505 -1.3
-0.09481 -2.1
-0.09457 -2.8
-0.09432 -3.5
-0.09408 -4.2
-0.09383 -4.8
-0.09359 -5.4
-0.09335 -5.9
-0.0931 -6.4
-0.09286 -6.7
-0.09261 -7.0
-0.09237 -7.2
-0.09212 -7.3
-0.09188 -7.3
-0.09164 -7.2
-0.09139 -7.1
-0.09115 -6.8
-0.0909 -6.5
-0.09066 -6.0
-0.09042 -5.6
-0.09017 -5.0
-0.08993 -4.4
-0.08968 -3.7
-0.08944 -2.9
-0.0892 -2.2
-0.08895 -1.4
-0.08871 -0.5
-0.08846 0.3
-0.08822 1.1
-0.08797 1.9
-0.08773 2.7
-0.08749 3.5
-0.08724 4.2
-0.087 4.8
-0.08675 5.5
-0.08651 6.0
-0.08627 6.4
-0.08602 6.8
-0.08578 7.1
-0.08553 7.3
-0.08529 7.4
-0.08504 7.4
-0.0848 7.3
-0.08456 7.1
-0.08431 6.9
-0.08407 6.5
-0.08382 6.0
-0.08358 5.5
-0.08334 4.9
-0.08309 4.2
-0.08285 3.5
-0.0826 2.7
-0.08236 1.9
-0.08212 1.1
-0.08187 0.2
-0.08163 -0.7
-0.08138 -1.5
-0.08114 -2.4
-0.08089 -3.2
-0.08065 -4.0
-0.08041 -4.7
-0.08016 -5.3
-0.07992 -5.9
-0.07967 -6.4
-0.07943 -6.8
-0.07919 -7.2
-0.07894 -7.4
-0.0787 -7.5
-0.07845 -7.6
-0.07821 -7.5
-0.07796 -7.3
-0.07772 -7.0
-0.07748 -6.7
-0.07723 -6.2
-0.07699 -5.6
-0.07674 -5.0
-0.0765 -4.3
-0.07626 -3.5
-0.07601 -2.7
-0.07577 -1.8
-0.07552 -0.9
-0.07528 0.0
-0.07504 0.9
-0.07479 1.8
-0.07455 2.6
-0.0743 3.5
-0.07406 4.3
-0.07381 5.0
-0.07357 5.7
-0.07333 6.3
-0.07308 6.7
-0.07284 7.1
-0.07259 7.4
-0.07235 7.6
-0.07211 7.7
-0.07186 7.7
-0.07162 7.5
-0.07137 7.3
-0.07113 6.9
-0.07088 6.5
-0.07064 5.9
-0.0704 5.2
-0.07015 4.5
-0.06991 3.7
-0.06966 2.9
-0.06942 2.0
-0.06918 1.0
-0.06893 0.0
-0.06869 -0.9
-0.06844 -1.8
-0.0682 -2.7
-0.06796 -3.6
-0.06771 -4.4
-0.06747 -5.2
-0.06722 -5.9
-0.06698 -6.5
-0.06673 -7.0
-0.06649 -7.4
-0.06625 -7.7
-0.066 -7.8
-0.06576 -7.9
-0.06551 -7.8
-0.06527 -7.6
-0.06503 -7.3
-0.06478 -6.9
-0.06454 -6.3
-0.06429 -5.7
-0.06405 -4.9
-0.0638 -4.1
-0.06356 -3.3
-0.06332 -2.3
-0.06307 -1.4
-0.06283 -0.4
-0.06258 0.6
-0.06234 1.6
-0.0621 2.6
-0.06185 3.6
-0.06161 4.4
-0.06136 5.2
-0.06112 6.0
-0.06087 6.6
-0.06063 7.1
-0.06039 7.6
-0.06014 7.8
-0.0599 8.0
-0.05965 8.0
-0.05941 7.9
-0.05917 7.7
-0.05892 7.3
-0.05868 6.9
-0.05843 6.3
-0.05819 5.6
-0.05795 4.7
-0.0577 3.9
-0.05746 2.9
-0.05721 1.9
-0.05697 0.9
-0.05672 -0.2
-0.05648 -1.3
-0.05624 -2.3
-0.05599 -3.3
-0.05575 -4.3
-0.0555 -5.1
-0.05526 -5.9
-0.05502 -6.6
-0.05477 -7.2
-0.05453 -7.7
-0.05428 -8.0
-0.05404 -8.2
-0.05379 -8.2
-0.05355 -8.1
-0.05331 -7.9
-0.05306 -7.5
-0.05282 -7.0
-0.05257 -6.3
-0.05233 -5.5
-0.05209 -4.7
-0.05184 -3.7
-0.0516 -2.7
-0.05135 -1.6
-0.05111 -0.5
-0.05087 0.6
-0.05062 1.8
-0.05038 2.9
-0.05013 3.9
-0.04989 4.9
-0.04964 5.8
-0.0494 6.6
-0.04916 7.2
-0.04891 7.7
-0.04867 8.1
-0.04842 8.4
-0.04818 8.4
-0.04794 8.4
-0.04769 8.1
-0.04745 7.7
-0.0472 7.2
-0.04696 6.5
-0.04671 5.6
-0.04647 4.7
-0.04623 3.7
-0.04598 2.6
-0.04574 1.4
-0.04549 0.2
-0.04525 -1.0
-0.04501 -2.2
-0.04476 -3.3
-0.04452 -4.4
-0.04427 -5.4
-0.04403 -6.3
-0.04379 -7.1
-0.04354 -7.7
-0.0433 -8.2
-0.04305 -8.5
-0.04281 -8.7
-0.04256 -8.6
-0.04232 -8.4
-0.04208 -8.0
-0.04183 -7.4
-0.04159 -6.7
-0.04134 -5.8
-0.0411 -4.9
-0.04086 -3.7
-0.04061 -2.6
-0.04037 -1.3
-0.04012 0.0
-0.03988 1.3
-0.03963 2.5
-0.03939 3.8
-0.03915 4.9
-0.0389 6.0
-0.03866 6.9
-0.03841 7.6
-0.03817 8.2
-0.03793 8.7
-0.03768 8.9
-0.03744 8.9
-0.03719 8.8
-0.03695 8.4
-0.03671 7.8
-0.03646 7.1
-0.03622 6.2
-0.03597 5.1
-0.03573 3.9
-0.03548 2.6
-0.03524 1.3
-0.035 -0.1
-0.03475 -1.5
-0.03451 -2.9
-0.03426 -4.2
-0.03402 -5.4
-0.03378 -6.5
-0.03353 -7.4
-0.03329 -8.2
-0.03304 -8.8
-0.0328 -9.1
-0.03255 -9.2
-0.03231 -9.1
-0.03207 -8.8
-0.03182 -8.2
-0.03158 -7.5
-0.03133 -6.5
-0.03109 -5.4
-0.03085 -4.1
-0.0306 -2.7
-0.03036 -1.2
-0.03011 0.3
-0.02987 1.8
-0.02962 3.3
-0.02938 4.7
-0.02914 6.0
-0.02889 7.1
-0.02865 8.1
-0.0284 8.8
-0.02816 9.3
-0.02792 9.5
-0.02767 9.5
-0.02743 9.3
-0.02718 8.7
-0.02694 7.9
-0.0267 6.9
-0.02645 5.7
-0.02621 4.3
-0.02596 2.7
-0.02572 1.1
-0.02547 -0.5
-0.02523 -2.2
-0.02499 -3.8
-0.02474 -5.3
-0.0245 -6.7
-0.02425 -7.9
-0.02401 -8.8
-0.02377 -9.5
-0.02352 -9.9
-0.02328 -10.0
-0.02303 -9.7
-0.02279 -9.2
-0.02254 -8.4
-0.0223 -7.2
-0.02206 -5.9
-0.02181 -4.3
-0.02157 -2.6
-0.02132 -0.8
-0.02108 1.1
-0.02084 2.9
-0.02059 4.7
-0.02035 6.3
-0.0201 7.7
-0.01986 8.9
-0.01962 9.8
-0.01937 10.3
-0.01913 10.4
-0.01888 10.2
-0.01864 9.6
-0.01839 8.7
-0.01815 7.4
-0.01791 5.8
-0.01766 4.0
-0.01742 2.0
-0.01717 0.0
-0.01693 -2.2
-0.01669 -4.2
-0.01644 -6.1
-0.0162 -7.8
-0.01595 -9.2
-0.01571 -10.2
-0.01546 -10.8
-0.01522 -11.0
-0.01498 -10.7
-0.01473 -10.0
-0.01449 -8.8
-0.01424 -7.2
-0.014 -5.2
-0.01376 -3.0
-0.01351 -0.6
-0.01327 1.8
-0.01302 4.2
-0.01278 6.5
-0.01254 8.4
-0.01229 10.0
-0.01205 11.1
-0.0118 11.7
-0.01156 11.7
-0.01131 11.0
-0.01107 9.8
-0.01083 8.1
-0.01058 5.8
-0.01034 3.2
-0.01009 0.4
-0.00985 -2.5
-0.00961 -5.4
-0.00936 -7.9
-0.00912 -10.1
-0.00887 -11.6
-0.00863 -12.5
-0.00838 -12.6
-0.00814 -11.9
-0.0079 -10.3
-0.00765 -8.0
-0.00741 -5.1
-0.00716 -1.7
-0.00692 1.9
-0.00668 5.4
-0.00643 8.7
-0.00619 11.3
-0.00594 13.2
-0.0057 13.9
-0.00546 13.5
-0.00521 11.8
-0.00497 9.0
-0.00472 5.2
-0.00448 0.7
-0.00423 -4.1
-0.00399 -8.6
-0.00375 -12.4
-0.0035 -14.8
-0.00326 -15.6
-0.00301 -14.4
-0.00277 -11.2
-0.00253 -6.1
-0.00228 0.2
-0.00204 6.9
-0.00179 12.8
-0.00155 16.8
-0.0013 17.8
-0.00106 14.9
-0.00082 8.2
-0.00057 -1.3
-0.00033 -11.3
-8e-05 -18.4
0.00016 -18.8
0.0004 -10.9
0.00065 2.3
0.00089 13.8
0.00114 16.5
0.00138 8.9
0.00163 -3.2
0.00187 -11.0
0.00211 -9.8
0.00236 -2.2
0.0026 5.2
0.00285 7.0
0.00309 3.3
0.00333 -1.8
0.00358 -4.2
0.00382 -2.8
0.00407 0.3
0.00431 2.4
0.00455 2.1
0.0048 0.3
0.00504 -1.3
0.00529 -1.4
0.00553 -0.4
0.00578 0.6
0.00602 0.9
0.00626 0.4
0.00651 -0.3
0.00675 -0.6
0.007 -0.4
0.00724 0.0
0.00748 0.3
0.00773 0.3
0.00797 0.0
0.00822 -0.2
0.00846 -0.2
0.00871 0.0
0.00895 0.0
0.00919 0.1
0.00944 0.0
0.00968 0.0
0.00993 0.0
0.01017 0.0
0.01041 0.0
0.01066 0.0
0.0109 0.0
0.01115 0.0
0.01139 0.0
0.01163 0.0
0.01188 0.0
0.01212 0.0
0.01237 0.0
0.01261 0.0
0.01286 0.0
0.0131 0.0
0.01334 0.0
0.01359 0.0
0.01383 0.0
0.01408 0.0
0.01432 0.0
0.01456 0.0
0.01481 0.0
0.01505 0.0
0.0153 0.0
0.01554 0.0
0.01579 0.0
0.01603 0.0
0.01627 0.0
0.01652 0.0
0.01676 0.0
0.01701 0.0
0.01725 0.0
0.01749 0.0
0.01774 0.0
0.01798 0.0
0.01823 0.0
0.01847 0.0
0.01871 0.0
0.01896 0.0
0.0192 0.0
0.01945 0.0
0.01969 0.0
0.01994 0.0
0.02018 0.0
0.02042 0.0
0.02067 0.0
0.02091 0.0
0.02116 0.0
0.0214 0.0
0.02164 0.0
0.02189 0.0
0.02213 0.0
0.02238 0.0
0.02262 0.0
0.02287 0.0
0.02311 0.0
0.02335 0.0
0.0236 0.0
0.02384 0.0
0.02409 0.0
0.02433 0.0
0.02457 0.0
0.02482 0.0
0.02506 0.0
0.02531 0.0
0.02555 0.0
0.02579 0.0
0.02604 0.0
0.02628 0.0
0.02653 0.0
0.02677 0.0
0.02702 0.0
0.02726 0.0
0.0275 0.0
0.02775 0.0
0.02799 0.0
0.02824 0.0
0.02848 0.0
0.02872 0.0
0.02897 0.0
0.02921 0.0
0.02946 0.0
0.0297 0.0
0.02995 0.0
0.03019 0.0
0.03043 0.0
0.03068 0.0
0.03092 0.0
0.03117 0.0
0.03141 0.0
0.03165 0.0
0.0319 0.0
0.03214 0.0
0.03239 0.0
0.03263 0.0
0.03288 0.0
0.03312 0.0
0.03336 0.0
0.03361 0.0
0.03385 0.0
0.0341 0.0
0.03434 0.0
0.03458 0.0
0.03483 0.0
0.03507 0.0
0.03532 0.0
0.03556 0.0
0.0358 0.0
0.03605 0.0
0.03629 0.0
0.03654 0.0
0.03678 0.0
0.03703 0.0
0.03727 0.0
0.03751 0.0
0.03776 0.0
0.038 0.0
0.03825 0.0
0.03849 0.0
0.03873 0.0
0.03898 0.0
0.03922 0.0
0.03947 0.0
0.03971 0.0
0.03996 0.0
0.0402 0.0
0.04044 0.0
0.04069 0.0
0.04093 0.0
0.04118 0.0
0.04142 0.0
0.04166 0.0
0.04191 0.0
0.04215 0.0
0.0424 0.0
0.04264 0.0
0.04288 0.0
0.04313 0.0
0.04337 0.0
0.04362 0.0
0.04386 0.0
0.04411 0.0
0.04435 0.0
0.04459 0.0
0.04484 0.0
0.04508 0.0
0.04533 0.0
0.04557 0.0
0.04581 0.0
0.04606 0.0
0.0463 0.0
0.04655 0.0
0.04679 0.0
0.04704 0.0
0.04728 0.0
0.04752 0.0
0.04777 0.0
0.04801 0.0
0.04826 0.0
0.0485 0.0
0.04874 0.0
0.04899 0.0
0.04923 0.0
0.04948 0.0
0.04972 0.0
0.04996 0.0
0.05021 0.0
0.05045 0.0
0.0507 0.0
0.05094 0.0
0.05119 0.0
0.05143 0.0
0.05167 0.0
0.05192 0.0
0.05216 0.0
0.05241 0.0
0.05265 0.0
0.05289 0.0
0.05314 0.0
0.05338 0.0
0.05363 0.0
0.05387 0.0
0.05412 0.0
0.05436 0.0
0.0546 0.0
0.05485 0.0
0.05509 0.0
0.05534 0.0
0.05558 0.0
0.05582 0.0
0.05607 0.0
0.05631 0.0
0.05656 0.0
0.0568 0.0
0.05704 0.0
0.05729 0.0
0.05753 0.0
0.05778 0.0
0.05802 0.0
0.05827 0.0
0.05851 0.0
0.05875 0.0
0.059 0.0
0.05924 0.0
0.05949 0.0
0.05973 0.0
0.05997 0.0
0.06022 0.0
0.06046 0.0
0.06071 0.0
0.06095 0.0
0.0612 0.0
0.06144 0.0
0.06168 0.0
0.06193 0.0
0.06217 0.0
0.06242 0.0
0.06266 0.0
0.0629 0.0
0.06315 0.0
