t strain*1e23
-3.70704 1.9
-3.7068 1.8
-3.70656 1.7
-3.70631 1.6
-3.70607 1.6
-3.70582 1.5
-3.70558 1.4
-3.70534 1.3
-3.70509 1.2
-3.70485 1.1
-3.7046 1.0
-3.70436 0.9
-3.70411 0.8
-3.70387 0.7
-3.70363 0.6
-3.70338 0.5
-3.70314 0.4
-3.70289 0.3
-3.70265 0.2
-3.70241 0.0
-3.70216 0.0
-3.70192 -0.1
-3.70167 -0.2
-3.70143 -0.3
-3.70119 -0.4
-3.70094 -0.5
-3.7007 -0.6
-3.70045 -0.7
-3.70021 -0.8
-3.69996 -0.9
-3.69972 -1.0
-3.69948 -1.1
-3.69923 -1.2
-3.69899 -1.3
-3.69874 -1.4
-3.6985 -1.5
-3.69826 -1.6
-3.69801 -1.7
-3.69777 -1.8
-3.69752 -1.8
-3.69728 -1.9
-3.69703 -2.0
-3.69679 -2.1
-3.69655 -2.1
-3.6963 -2.2
-3.69606 -2.2
-3.69581 -2.3
-3.69557 -2.4
-3.69533 -2.4
-3.69508 -2.5
-3.69484 -2.5
-3.69459 -2.5
-3.69435 -2.6
-3.69411 -2.6
-3.69386 -2.6
-3.69362 -2.7
-3.69337 -2.7
-3.69313 -2.7
-3.69288 -2.7
-3.69264 -2.7
-3.6924 -2.7
-3.69215 -2.7
-3.69191 -2.7
-3.69166 -2.7
-3.69142 -2.7
-3.69118 -2.7
-3.69093 -2.7
-3.69069 -2.6
-3.69044 -2.6
-3.6902 -2.6
-3.68995 -2.6
-3.68971 -2.5
-3.68947 -2.5
-3.68922 -2.4
-3.68898 -2.4
-3.68873 -2.3
-3.68849 -2.3
-3.68825 -2.2
-3.688 -2.1
-3.68776 -2.1
-3.68751 -2.0
-3.68727 -1.9
-3.68703 -1.9
-3.68678 -1.8
-3.68654 -1.7
-3.68629 -1.6
-3.68605 -1.5
-3.6858 -1.4
-3.68556 -1.4
-3.68532 -1.3
-3.68507 -1.2
-3.68483 -1.1
-3.68458 -1.0
-3.68434 -0.9
-3.6841 -0.8
-3.68385 -0.7
-3.68361 -0.6
-3.68336 -0.5
-3.68312 -0.4
-3.68287 -0.3
-3.68263 -0.2
-3.68239 0.0
-3.68214 0.0
-3.6819 0.2
-3.68165 0.3
-3.68141 0.4
-3.68117 0.5
-3.68092 0.6
-3.68068 0.7
-3.68043 0.8
-3.68019 0.9
-3.67994 1.0
-3.6797 1.1
-3.67946 1.2
-3.67921 1.3
-3.67897 1.4
-3.67872 1.5
-3.67848 1.5
-3.67824 1.6
-3.67799 1.7
-3.67775 1.8
-3.6775 1.9
-3.67726 1.9
-3.67702 2.0
-3.67677 2.1
-3.67653 2.1
-3.67628 2.2
-3.67604 2.3
-3.67579 2.3
-3.67555 2.4
-3.67531 2.4
-3.67506 2.5
-3.67482 2.5
-3.67457 2.6
-3.67433 2.6
-3.67409 2.6
-3.67384 2.7
-3.6736 2.7
-3.67335 2.7
-3.67311 2.7
-3.67286 2.7
-3.67262 2.7
-3.67238 2.7
-3.67213 2.7
-3.67189 2.7
-3.67164 2.7
-3.6714 2.7
-3.67116 2.7
-3.67091 2.7
-3.67067 2.6
-3.67042 2.6
-3.67018 2.6
-3.66994 2.5
-3.66969 2.5
-3.66945 2.5
-3.6692 2.4
-3.66896 2.4
-3.66871 2.3
-3.66847 2.2
-3.66823 2.2
-3.66798 2.1
-3.66774 2.0
-3.66749 2.0
-3.66725 1.9
-3.66701 1.8
-3.66676 1.7
-3.66652 1.7
-3.66627 1.6
-3.66603 1.5
-3.66578 1.4
-3.66554 1.3
-3.6653 1.2
-3.66505 1.1
-3.66481 1.0
-3.66456 0.9
-3.66432 0.8
-3.66408 0.7
-3.66383 0.6
-3.66359 0.5
-3.66334 0.4
-3.6631 0.3
-3.66286 0.2
-3.66261 0.0
-3.66237 0.0
-3.66212 -0.1
-3.66188 -0.2
-3.66163 -0.3
-3.66139 -0.4
-3.66115 -0.5
-3.6609 -0.6
-3.66066 -0.7
-3.66041 -0.8
-3.66017 -0.9
-3.65993 -1.0
-3.65968 -1.1
-3.65944 -1.2
-3.65919 -1.3
-3.65895 -1.4
-3.6587 -1.5
-3.65846 -1.6
-3.65822 -1.7
-3.65797 -1.8
-3.65773 -1.8
-3.65748 -1.9
-3.65724 -2.0
-3.657 -2.1
-3.65675 -2.1
-3.65651 -2.2
-3.65626 -2.3
-3.65602 -2.3
-3.65578 -2.4
-3.65553 -2.4
-3.65529 -2.5
-3.65504 -2.5
-3.6548 -2.5
-3.65455 -2.6
-3.65431 -2.6
-3.65407 -2.6
-3.65382 -2.7
-3.65358 -2.7
-3.65333 -2.7
-3.65309 -2.7
-3.65285 -2.7
-3.6526 -2.7
-3.65236 -2.7
-3.65211 -2.7
-3.65187 -2.7
-3.65162 -2.7
-3.65138 -2.7
-3.65114 -2.7
-3.65089 -2.6
-3.65065 -2.6
-3.6504 -2.6
-3.65016 -2.6
-3.64992 -2.5
-3.64967 -2.5
-3.64943 -2.4
-3.64918 -2.4
-3.64894 -2.3
-3.64869 -2.3
-3.64845 -2.2
-3.64821 -2.1
-3.64796 -2.1
-3.64772 -2.0
-3.64747 -1.9
-3.64723 -1.8
-3.64699 -1.8
-3.64674 -1.7
-3.6465 -1.6
-3.64625 -1.5
-3.64601 -1.4
-3.64577 -1.3
-3.64552 -1.2
-3.64528 -1.1
-3.64503 -1.0
-3.64479 -0.9
-3.64454 -0.8
-3.6443 -0.7
-3.64406 -0.6
-3.64381 -0.5
-3.64357 -0.4
-3.64332 -0.3
-3.64308 -0.2
-3.64284 -0.1
-3.64259 0.0
-3.64235 0.0
-3.6421 0.2
-3.64186 0.3
-3.64161 0.4
-3.64137 0.5
-3.64113 0.6
-3.64088 0.7
-3.64064 0.8
-3.64039 0.9
-3.64015 1.0
-3.63991 1.1
-3.63966 1.2
-3.63942 1.3
-3.63917 1.4
-3.63893 1.5
-3.63869 1.6
-3.63844 1.7
-3.6382 1.7
-3.63795 1.8
-3.63771 1.9
-3.63746 2.0
-3.63722 2.0
-3.63698 2.1
-3.63673 2.2
-3.63649 2.2
-3.63624 2.3
-3.636 2.4
-3.63576 2.4
-3.63551 2.5
-3.63527 2.5
-3.63502 2.5
-3.63478 2.6
-3.63453 2.6
-3.63429 2.6
-3.63405 2.7
-3.6338 2.7
-3.63356 2.7
-3.63331 2.7
-3.63307 2.7
-3.63283 2.7
-3.63258 2.7
-3.63234 2.7
-3.63209 2.7
-3.63185 2.7
-3.63161 2.7
-3.63136 2.7
-3.63112 2.7
-3.63087 2.6
-3.63063 2.6
-3.63038 2.6
-3.63014 2.5
-3.6299 2.5
-3.62965 2.4
-3.62941 2.4
-3.62916 2.3
-3.62892 2.3
-3.62868 2.2
-3.62843 2.1
-3.62819 2.1
-3.62794 2.0
-3.6277 1.9
-3.62745 1.9
-3.62721 1.8
-3.62697 1.7
-3.62672 1.6
-3.62648 1.5
-3.62623 1.4
-3.62599 1.3
-3.62575 1.3
-3.6255 1.2
-3.62526 1.1
-3.62501 1.0
-3.62477 0.9
-3.62453 0.8
-3.62428 0.7
-3.62404 0.6
-3.62379 0.5
-3.62355 0.3
-3.6233 0.2
-3.62306 0.1
-3.62282 0.0
-3.62257 0.0
-3.62233 -0.2
-3.62208 -0.3
-3.62184 -0.4
-3.6216 -0.5
-3.62135 -0.6
-3.62111 -0.7
-3.62086 -0.8
-3.62062 -0.9
-3.62037 -1.0
-3.62013 -1.1
-3.61989 -1.2
-3.61964 -1.3
-3.6194 -1.4
-3.61915 -1.5
-3.61891 -1.6
-3.61867 -1.7
-3.61842 -1.7
-3.61818 -1.8
-3.61793 -1.9
-3.61769 -2.0
-3.61744 -2.0
-3.6172 -2.1
-3.61696 -2.2
-3.61671 -2.2
-3.61647 -2.3
-3.61622 -2.4
-3.61598 -2.4
-3.61574 -2.5
-3.61549 -2.5
-3.61525 -2.5
-3.615 -2.6
-3.61476 -2.6
-3.61452 -2.6
-3.61427 -2.7
-3.61403 -2.7
-3.61378 -2.7
-3.61354 -2.7
-3.61329 -2.7
-3.61305 -2.7
-3.61281 -2.7
-3.61256 -2.7
-3.61232 -2.7
-3.61207 -2.7
-3.61183 -2.7
-3.61159 -2.7
-3.61134 -2.7
-3.6111 -2.6
-3.61085 -2.6
-3.61061 -2.6
-3.61036 -2.5
-3.61012 -2.5
-3.60988 -2.4
-3.60963 -2.4
-3.60939 -2.3
-3.60914 -2.3
-3.6089 -2.2
-3.60866 -2.1
-3.60841 -2.1
-3.60817 -2.0
-3.60792 -1.9
-3.60768 -1.9
-3.60744 -1.8
-3.60719 -1.7
-3.60695 -1.6
-3.6067 -1.5
-3.60646 -1.4
-3.60621 -1.3
-3.60597 -1.3
-3.60573 -1.2
-3.60548 -1.1
-3.60524 -1.0
-3.60499 -0.9
-3.60475 -0.8
-3.60451 -0.7
-3.60426 -0.6
-3.60402 -0.4
-3.60377 -0.3
-3.60353 -0.2
-3.60328 -0.1
-3.60304 0.0
-3.6028 0.0
-3.60255 0.2
-3.60231 0.3
-3.60206 0.4
-3.60182 0.5
-3.60158 0.6
-3.60133 0.7
-3.60109 0.8
-3.60084 0.9
-3.6006 1.0
-3.60036 1.1
-3.60011 1.2
-3.59987 1.3
-3.59962 1.4
-3.59938 1.5
-3.59913 1.6
-3.59889 1.7
-3.59865 1.7
-3.5984 1.8
-3.59816 1.9
-3.59791 2.0
-3.59767 2.1
-3.59743 2.1
-3.59718 2.2
-3.59694 2.2
-3.59669 2.3
-3.59645 2.4
-3.5962 2.4
-3.59596 2.5
-3.59572 2.5
-3.59547 2.6
-3.59523 2.6
-3.59498 2.6
-3.59474 2.7
-3.5945 2.7
-3.59425 2.7
-3.59401 2.7
-3.59376 2.7
-3.59352 2.7
-3.59328 2.7
-3.59303 2.7
-3.59279 2.7
-3.59254 2.7
-3.5923 2.7
-3.59205 2.7
-3.59181 2.7
-3.59157 2.7
-3.59132 2.6
-3.59108 2.6
-3.59083 2.6
-3.59059 2.5
-3.59035 2.5
-3.5901 2.4
-3.58986 2.4
-3.58961 2.3
-3.58937 2.3
-3.58912 2.2
-3.58888 2.1
-3.58864 2.1
-3.58839 2.0
-3.58815 1.9
-3.5879 1.9
-3.58766 1.8
-3.58742 1.7
-3.58717 1.6
-3.58693 1.5
-3.58668 1.4
-3.58644 1.3
-3.58619 1.2
-3.58595 1.1
-3.58571 1.0
-3.58546 0.9
-3.58522 0.8
-3.58497 0.7
-3.58473 0.6
-3.58449 0.5
-3.58424 0.4
-3.584 0.3
-3.58375 0.2
-3.58351 0.1
-3.58327 0.0
-3.58302 -0.1
-3.58278 -0.2
-3.58253 -0.3
-3.58229 -0.4
-3.58204 -0.5
-3.5818 -0.6
-3.58156 -0.7
-3.58131 -0.8
-3.58107 -0.9
-3.58082 -1.0
-3.58058 -1.1
-3.58034 -1.2
-3.58009 -1.3
-3.57985 -1.4
-3.5796 -1.5
-3.57936 -1.6
-3.57911 -1.7
-3.57887 -1.8
-3.57863 -1.8
-3.57838 -1.9
-3.57814 -2.0
-3.57789 -2.1
-3.57765 -2.1
-3.57741 -2.2
-3.57716 -2.3
-3.57692 -2.3
-3.57667 -2.4
-3.57643 -2.4
-3.57619 -2.5
-3.57594 -2.5
-3.5757 -2.6
-3.57545 -2.6
-3.57521 -2.6
-3.57496 -2.7
-3.57472 -2.7
-3.57448 -2.7
-3.57423 -2.7
-3.57399 -2.7
-3.57374 -2.7
-3.5735 -2.7
-3.57326 -2.7
-3.57301 -2.7
-3.57277 -2.7
-3.57252 -2.7
-3.57228 -2.7
-3.57203 -2.7
-3.57179 -2.7
-3.57155 -2.6
-3.5713 -2.6
-3.57106 -2.6
-3.57081 -2.5
-3.57057 -2.5
-3.57033 -2.4
-3.57008 -2.4
-3.56984 -2.3
-3.56959 -2.3
-3.56935 -2.2
-3.56911 -2.1
-3.56886 -2.1
-3.56862 -2.0
-3.56837 -1.9
-3.56813 -1.8
-3.56788 -1.7
-3.56764 -1.7
-3.5674 -1.6
-3.56715 -1.5
-3.56691 -1.4
-3.56666 -1.3
-3.56642 -1.2
-3.56618 -1.1
-3.56593 -1.0
-3.56569 -0.9
-3.56544 -0.8
-3.5652 -0.7
-3.56495 -0.6
-3.56471 -0.5
-3.56447 -0.4
-3.56422 -0.3
-3.56398 -0.2
-3.56373 0.0
-3.56349 0.0
-3.56325 0.1
-3.563 0.3
-3.56276 0.4
-3.56251 0.5
-3.56227 0.6
-3.56203 0.7
-3.56178 0.8
-3.56154 0.9
-3.56129 1.0
-3.56105 1.1
-3.5608 1.2
-3.56056 1.3
-3.56032 1.4
-3.56007 1.5
-3.55983 1.5
-3.55958 1.6
-3.55934 1.7
-3.5591 1.8
-3.55885 1.9
-3.55861 2.0
-3.55836 2.0
-3.55812 2.1
-3.55787 2.2
-3.55763 2.2
-3.55739 2.3
-3.55714 2.4
-3.5569 2.4
-3.55665 2.5
-3.55641 2.5
-3.55617 2.5
-3.55592 2.6
-3.55568 2.6
-3.55543 2.7
-3.55519 2.7
-3.55494 2.7
-3.5547 2.7
-3.55446 2.7
-3.55421 2.7
-3.55397 2.7
-3.55372 2.7
-3.55348 2.7
-3.55324 2.7
-3.55299 2.7
-3.55275 2.7
-3.5525 2.7
-3.55226 2.7
-3.55202 2.6
-3.55177 2.6
-3.55153 2.6
-3.55128 2.5
-3.55104 2.5
-3.55079 2.4
-3.55055 2.4
-3.55031 2.3
-3.55006 2.3
-3.54982 2.2
-3.54957 2.2
-3.54933 2.1
-3.54909 2.0
-3.54884 1.9
-3.5486 1.9
-3.54835 1.8
-3.54811 1.7
-3.54786 1.6
-3.54762 1.5
-3.54738 1.4
-3.54713 1.3
-3.54689 1.3
-3.54664 1.2
-3.5464 1.1
-3.54616 1.0
-3.54591 0.9
-3.54567 0.8
-3.54542 0.7
-3.54518 0.5
-3.54494 0.4
-3.54469 0.3
-3.54445 0.2
-3.5442 0.1
-3.54396 0.0
-3.54371 0.0
-3.54347 -0.2
-3.54323 -0.3
-3.54298 -0.4
-3.54274 -0.5
-3.54249 -0.6
-3.54225 -0.7
-3.54201 -0.8
-3.54176 -0.9
-3.54152 -1.0
-3.54127 -1.1
-3.54103 -1.2
-3.54078 -1.3
-3.54054 -1.4
-3.5403 -1.5
-3.54005 -1.6
-3.53981 -1.7
-3.53956 -1.8
-3.53932 -1.9
-3.53908 -1.9
-3.53883 -2.0
-3.53859 -2.1
-3.53834 -2.1
-3.5381 -2.2
-3.53786 -2.3
-3.53761 -2.3
-3.53737 -2.4
-3.53712 -2.4
-3.53688 -2.5
-3.53663 -2.5
-3.53639 -2.6
-3.53615 -2.6
-3.5359 -2.6
-3.53566 -2.7
-3.53541 -2.7
-3.53517 -2.7
-3.53493 -2.7
-3.53468 -2.7
-3.53444 -2.7
-3.53419 -2.8
-3.53395 -2.8
-3.5337 -2.7
-3.53346 -2.7
-3.53322 -2.7
-3.53297 -2.7
-3.53273 -2.7
-3.53248 -2.7
-3.53224 -2.6
-3.532 -2.6
-3.53175 -2.6
-3.53151 -2.5
-3.53126 -2.5
-3.53102 -2.4
-3.53078 -2.4
-3.53053 -2.3
-3.53029 -2.2
-3.53004 -2.2
-3.5298 -2.1
-3.52955 -2.0
-3.52931 -2.0
-3.52907 -1.9
-3.52882 -1.8
-3.52858 -1.7
-3.52833 -1.7
-3.52809 -1.6
-3.52785 -1.5
-3.5276 -1.4
-3.52736 -1.3
-3.52711 -1.2
-3.52687 -1.1
-3.52662 -1.0
-3.52638 -0.9
-3.52614 -0.8
-3.52589 -0.7
-3.52565 -0.6
-3.5254 -0.5
-3.52516 -0.4
-3.52492 -0.3
-3.52467 -0.2
-3.52443 0.0
-3.52418 0.0
-3.52394 0.2
-3.52369 0.3
-3.52345 0.4
-3.52321 0.5
-3.52296 0.6
-3.52272 0.7
-3.52247 0.8
-3.52223 0.9
-3.52199 1.0
-3.52174 1.1
-3.5215 1.2
-3.52125 1.3
-3.52101 1.4
-3.52077 1.5
-3.52052 1.6
-3.52028 1.7
-3.52003 1.8
-3.51979 1.8
-3.51954 1.9
-3.5193 2.0
-3.51906 2.1
-3.51881 2.1
-3.51857 2.2
-3.51832 2.3
-3.51808 2.3
-3.51784 2.4
-3.51759 2.4
-3.51735 2.5
-3.5171 2.5
-3.51686 2.6
-3.51661 2.6
-3.51637 2.6
-3.51613 2.7
-3.51588 2.7
-3.51564 2.7
-3.51539 2.7
-3.51515 2.7
-3.51491 2.8
-3.51466 2.8
-3.51442 2.8
-3.51417 2.8
-3.51393 2.7
-3.51369 2.7
-3.51344 2.7
-3.5132 2.7
-3.51295 2.7
-3.51271 2.6
-3.51246 2.6
-3.51222 2.6
-3.51198 2.5
-3.51173 2.5
-3.51149 2.4
-3.51124 2.4
-3.511 2.3
-3.51076 2.3
-3.51051 2.2
-3.51027 2.1
-3.51002 2.1
-3.50978 2.0
-3.50953 1.9
-3.50929 1.8
-3.50905 1.8
-3.5088 1.7
-3.50856 1.6
-3.50831 1.5
-3.50807 1.4
-3.50783 1.3
-3.50758 1.2
-3.50734 1.1
-3.50709 1.0
-3.50685 0.9
-3.50661 0.8
-3.50636 0.7
-3.50612 0.6
-3.50587 0.5
-3.50563 0.4
-3.50538 0.3
-3.50514 0.2
-3.5049 0.0
-3.50465 0.0
-3.50441 -0.2
-3.50416 -0.3
-3.50392 -0.4
-3.50368 -0.5
-3.50343 -0.6
-3.50319 -0.7
-3.50294 -0.8
-3.5027 -0.9
-3.50245 -1.0
-3.50221 -1.1
-3.50197 -1.2
-3.50172 -1.3
-3.50148 -1.4
-3.50123 -1.5
-3.50099 -1.6
-3.50075 -1.7
-3.5005 -1.7
-3.50026 -1.8
-3.50001 -1.9
-3.49977 -2.0
-3.49953 -2.1
-3.49928 -2.1
-3.49904 -2.2
-3.49879 -2.3
-3.49855 -2.3
-3.4983 -2.4
-3.49806 -2.4
-3.49782 -2.5
-3.49757 -2.5
-3.49733 -2.6
-3.49708 -2.6
-3.49684 -2.6
-3.4966 -2.7
-3.49635 -2.7
-3.49611 -2.7
-3.49586 -2.7
-3.49562 -2.7
-3.49537 -2.8
-3.49513 -2.8
-3.49489 -2.8
-3.49464 -2.8
-3.4944 -2.7
-3.49415 -2.7
-3.49391 -2.7
-3.49367 -2.7
-3.49342 -2.7
-3.49318 -2.6
-3.49293 -2.6
-3.49269 -2.6
-3.49244 -2.5
-3.4922 -2.5
-3.49196 -2.4
-3.49171 -2.4
-3.49147 -2.3
-3.49122 -2.3
-3.49098 -2.2
-3.49074 -2.1
-3.49049 -2.1
-3.49025 -2.0
-3.49 -1.9
-3.48976 -1.8
-3.48952 -1.8
-3.48927 -1.7
-3.48903 -1.6
-3.48878 -1.5
-3.48854 -1.4
-3.48829 -1.3
-3.48805 -1.2
-3.48781 -1.1
-3.48756 -1.0
-3.48732 -0.9
-3.48707 -0.8
-3.48683 -0.7
-3.48659 -0.6
-3.48634 -0.5
-3.4861 -0.4
-3.48585 -0.3
-3.48561 -0.2
-3.48536 0.0
-3.48512 0.0
-3.48488 0.2
-3.48463 0.3
-3.48439 0.4
-3.48414 0.5
-3.4839 0.6
-3.48366 0.7
-3.48341 0.8
-3.48317 0.9
-3.48292 1.0
-3.48268 1.1
-3.48244 1.2
-3.48219 1.3
-3.48195 1.4
-3.4817 1.5
-3.48146 1.6
-3.48121 1.7
-3.48097 1.8
-3.48073 1.8
-3.48048 1.9
-3.48024 2.0
-3.47999 2.1
-3.47975 2.1
-3.47951 2.2
-3.47926 2.3
-3.47902 2.3
-3.47877 2.4
-3.47853 2.4
-3.47828 2.5
-3.47804 2.5
-3.4778 2.6
-3.47755 2.6
-3.47731 2.6
-3.47706 2.7
-3.47682 2.7
-3.47658 2.7
-3.47633 2.7
-3.47609 2.8
-3.47584 2.8
-3.4756 2.8
-3.47536 2.8
-3.47511 2.8
-3.47487 2.8
-3.47462 2.7
-3.47438 2.7
-3.47413 2.7
-3.47389 2.7
-3.47365 2.6
-3.4734 2.6
-3.47316 2.6
-3.47291 2.5
-3.47267 2.5
-3.47243 2.4
-3.47218 2.4
-3.47194 2.3
-3.47169 2.3
-3.47145 2.2
-3.4712 2.1
-3.47096 2.1
-3.47072 2.0
-3.47047 1.9
-3.47023 1.8
-3.46998 1.7
-3.46974 1.7
-3.4695 1.6
-3.46925 1.5
-3.46901 1.4
-3.46876 1.3
-3.46852 1.2
-3.46828 1.1
-3.46803 1.0
-3.46779 0.9
-3.46754 0.8
-3.4673 0.7
-3.46705 0.6
-3.46681 0.5
-3.46657 0.4
-3.46632 0.3
-3.46608 0.1
-3.46583 0.0
-3.46559 0.0
-3.46535 -0.2
-3.4651 -0.3
-3.46486 -0.4
-3.46461 -0.5
-3.46437 -0.6
-3.46412 -0.7
-3.46388 -0.8
-3.46364 -0.9
-3.46339 -1.0
-3.46315 -1.1
-3.4629 -1.2
-3.46266 -1.3
-3.46242 -1.4
-3.46217 -1.5
-3.46193 -1.6
-3.46168 -1.7
-3.46144 -1.8
-3.46119 -1.9
-3.46095 -1.9
-3.46071 -2.0
-3.46046 -2.1
-3.46022 -2.2
-3.45997 -2.2
-3.45973 -2.3
-3.45949 -2.3
-3.45924 -2.4
-3.459 -2.5
-3.45875 -2.5
-3.45851 -2.5
-3.45827 -2.6
-3.45802 -2.6
-3.45778 -2.7
-3.45753 -2.7
-3.45729 -2.7
-3.45704 -2.7
-3.4568 -2.7
-3.45656 -2.8
-3.45631 -2.8
-3.45607 -2.8
-3.45582 -2.8
-3.45558 -2.8
-3.45534 -2.8
-3.45509 -2.7
-3.45485 -2.7
-3.4546 -2.7
-3.45436 -2.7
-3.45411 -2.6
-3.45387 -2.6
-3.45363 -2.6
-3.45338 -2.5
-3.45314 -2.5
-3.45289 -2.4
-3.45265 -2.4
-3.45241 -2.3
-3.45216 -2.2
-3.45192 -2.2
-3.45167 -2.1
-3.45143 -2.0
-3.45119 -2.0
-3.45094 -1.9
-3.4507 -1.8
-3.45045 -1.7
-3.45021 -1.6
-3.44996 -1.5
-3.44972 -1.5
-3.44948 -1.4
-3.44923 -1.3
-3.44899 -1.2
-3.44874 -1.1
-3.4485 -1.0
-3.44826 -0.9
-3.44801 -0.8
-3.44777 -0.6
-3.44752 -0.5
-3.44728 -0.4
-3.44703 -0.3
-3.44679 -0.2
-3.44655 -0.1
-3.4463 0.0
-3.44606 0.1
-3.44581 0.2
-3.44557 0.3
-3.44533 0.4
-3.44508 0.5
-3.44484 0.7
-3.44459 0.8
-3.44435 0.9
-3.44411 1.0
-3.44386 1.1
-3.44362 1.2
-3.44337 1.3
-3.44313 1.4
-3.44288 1.5
-3.44264 1.5
-3.4424 1.6
-3.44215 1.7
-3.44191 1.8
-3.44166 1.9
-3.44142 2.0
-3.44118 2.0
-3.44093 2.1
-3.44069 2.2
-3.44044 2.3
-3.4402 2.3
-3.43995 2.4
-3.43971 2.4
-3.43947 2.5
-3.43922 2.5
-3.43898 2.6
-3.43873 2.6
-3.43849 2.6
-3.43825 2.7
-3.438 2.7
-3.43776 2.7
-3.43751 2.7
-3.43727 2.8
-3.43703 2.8
-3.43678 2.8
-3.43654 2.8
-3.43629 2.8
-3.43605 2.8
-3.4358 2.7
-3.43556 2.7
-3.43532 2.7
-3.43507 2.7
-3.43483 2.7
-3.43458 2.6
-3.43434 2.6
-3.4341 2.5
-3.43385 2.5
-3.43361 2.5
-3.43336 2.4
-3.43312 2.3
-3.43287 2.3
-3.43263 2.2
-3.43239 2.2
-3.43214 2.1
-3.4319 2.0
-3.43165 1.9
-3.43141 1.8
-3.43117 1.8
-3.43092 1.7
-3.43068 1.6
-3.43043 1.5
-3.43019 1.4
-3.42994 1.3
-3.4297 1.2
-3.42946 1.1
-3.42921 1.0
-3.42897 0.9
-3.42872 0.8
-3.42848 0.7
-3.42824 0.6
-3.42799 0.5
-3.42775 0.4
-3.4275 0.3
-3.42726 0.2
-3.42702 0.0
-3.42677 0.0
-3.42653 -0.2
-3.42628 -0.3
-3.42604 -0.4
-3.42579 -0.5
-3.42555 -0.6
-3.42531 -0.7
-3.42506 -0.8
-3.42482 -0.9
-3.42457 -1.0
-3.42433 -1.1
-3.42409 -1.2
-3.42384 -1.3
-3.4236 -1.4
-3.42335 -1.5
-3.42311 -1.6
-3.42286 -1.7
-3.42262 -1.8
-3.42238 -1.9
-3.42213 -1.9
-3.42189 -2.0
-3.42164 -2.1
-3.4214 -2.2
-3.42116 -2.2
-3.42091 -2.3
-3.42067 -2.4
-3.42042 -2.4
-3.42018 -2.5
-3.41994 -2.5
-3.41969 -2.6
-3.41945 -2.6
-3.4192 -2.6
-3.41896 -2.7
-3.41871 -2.7
-3.41847 -2.7
-3.41823 -2.7
-3.41798 -2.8
-3.41774 -2.8
-3.41749 -2.8
-3.41725 -2.8
-3.41701 -2.8
-3.41676 -2.8
-3.41652 -2.8
-3.41627 -2.7
-3.41603 -2.7
-3.41578 -2.7
-3.41554 -2.7
-3.4153 -2.6
-3.41505 -2.6
-3.41481 -2.6
-3.41456 -2.5
-3.41432 -2.5
-3.41408 -2.4
-3.41383 -2.4
-3.41359 -2.3
-3.41334 -2.2
-3.4131 -2.2
-3.41286 -2.1
-3.41261 -2.0
-3.41237 -2.0
-3.41212 -1.9
-3.41188 -1.8
-3.41163 -1.7
-3.41139 -1.6
-3.41115 -1.5
-3.4109 -1.4
-3.41066 -1.3
-3.41041 -1.3
-3.41017 -1.2
-3.40993 -1.0
-3.40968 -0.9
-3.40944 -0.8
-3.40919 -0.7
-3.40895 -0.6
-3.4087 -0.5
-3.40846 -0.4
-3.40822 -0.3
-3.40797 -0.2
-3.40773 0.0
-3.40748 0.0
-3.40724 0.1
-3.407 0.2
-3.40675 0.4
-3.40651 0.5
-3.40626 0.6
-3.40602 0.7
-3.40578 0.8
-3.40553 0.9
-3.40529 1.0
-3.40504 1.1
-3.4048 1.2
-3.40455 1.3
-3.40431 1.4
-3.40407 1.5
-3.40382 1.6
-3.40358 1.7
-3.40333 1.8
-3.40309 1.8
-3.40285 1.9
-3.4026 2.0
-3.40236 2.1
-3.40211 2.1
-3.40187 2.2
-3.40162 2.3
-3.40138 2.3
-3.40114 2.4
-3.40089 2.4
-3.40065 2.5
-3.4004 2.5
-3.40016 2.6
-3.39992 2.6
-3.39967 2.7
-3.39943 2.7
-3.39918 2.7
-3.39894 2.7
-3.39869 2.8
-3.39845 2.8
-3.39821 2.8
-3.39796 2.8
-3.39772 2.8
-3.39747 2.8
-3.39723 2.8
-3.39699 2.8
-3.39674 2.7
-3.3965 2.7
-3.39625 2.7
-3.39601 2.7
-3.39577 2.6
-3.39552 2.6
-3.39528 2.5
-3.39503 2.5
-3.39479 2.4
-3.39454 2.4
-3.3943 2.3
-3.39406 2.3
-3.39381 2.2
-3.39357 2.1
-3.39332 2.1
-3.39308 2.0
-3.39284 1.9
-3.39259 1.8
-3.39235 1.7
-3.3921 1.6
-3.39186 1.6
-3.39161 1.5
-3.39137 1.4
-3.39113 1.3
-3.39088 1.2
-3.39064 1.1
-3.39039 1.0
-3.39015 0.9
-3.38991 0.8
-3.38966 0.6
-3.38942 0.5
-3.38917 0.4
-3.38893 0.3
-3.38869 0.2
-3.38844 0.1
-3.3882 0.0
-3.38795 -0.1
-3.38771 -0.2
-3.38746 -0.3
-3.38722 -0.4
-3.38698 -0.6
-3.38673 -0.7
-3.38649 -0.8
-3.38624 -0.9
-3.386 -1.0
-3.38576 -1.1
-3.38551 -1.2
-3.38527 -1.3
-3.38502 -1.4
-3.38478 -1.5
-3.38453 -1.6
-3.38429 -1.7
-3.38405 -1.7
-3.3838 -1.8
-3.38356 -1.9
-3.38331 -2.0
-3.38307 -2.1
-3.38283 -2.1
-3.38258 -2.2
-3.38234 -2.3
-3.38209 -2.3
-3.38185 -2.4
-3.38161 -2.4
-3.38136 -2.5
-3.38112 -2.5
-3.38087 -2.6
-3.38063 -2.6
-3.38038 -2.7
-3.38014 -2.7
-3.3799 -2.7
-3.37965 -2.7
-3.37941 -2.8
-3.37916 -2.8
-3.37892 -2.8
-3.37868 -2.8
-3.37843 -2.8
-3.37819 -2.8
-3.37794 -2.8
-3.3777 -2.8
-3.37745 -2.7
-3.37721 -2.7
-3.37697 -2.7
-3.37672 -2.7
-3.37648 -2.6
-3.37623 -2.6
-3.37599 -2.5
-3.37575 -2.5
-3.3755 -2.4
-3.37526 -2.4
-3.37501 -2.3
-3.37477 -2.3
-3.37453 -2.2
-3.37428 -2.1
-3.37404 -2.1
-3.37379 -2.0
-3.37355 -1.9
-3.3733 -1.8
-3.37306 -1.7
-3.37282 -1.6
-3.37257 -1.6
-3.37233 -1.5
-3.37208 -1.4
-3.37184 -1.3
-3.3716 -1.2
-3.37135 -1.1
-3.37111 -1.0
-3.37086 -0.9
-3.37062 -0.8
-3.37037 -0.7
-3.37013 -0.5
-3.36989 -0.4
-3.36964 -0.3
-3.3694 -0.2
-3.36915 -0.1
-3.36891 0.0
-3.36867 0.1
-3.36842 0.2
-3.36818 0.3
-3.36793 0.5
-3.36769 0.6
-3.36744 0.7
-3.3672 0.8
-3.36696 0.9
-3.36671 1.0
-3.36647 1.1
-3.36622 1.2
-3.36598 1.3
-3.36574 1.4
-3.36549 1.5
-3.36525 1.6
-3.365 1.7
-3.36476 1.8
-3.36452 1.8
-3.36427 1.9
-3.36403 2.0
-3.36378 2.1
-3.36354 2.1
-3.36329 2.2
-3.36305 2.3
-3.36281 2.3
-3.36256 2.4
-3.36232 2.5
-3.36207 2.5
-3.36183 2.6
-3.36159 2.6
-3.36134 2.6
-3.3611 2.7
-3.36085 2.7
-3.36061 2.7
-3.36036 2.7
-3.36012 2.8
-3.35988 2.8
-3.35963 2.8
-3.35939 2.8
-3.35914 2.8
-3.3589 2.8
-3.35866 2.8
-3.35841 2.8
-3.35817 2.7
-3.35792 2.7
-3.35768 2.7
-3.35744 2.7
-3.35719 2.6
-3.35695 2.6
-3.3567 2.5
-3.35646 2.5
-3.35621 2.4
-3.35597 2.4
-3.35573 2.3
-3.35548 2.3
-3.35524 2.2
-3.35499 2.1
-3.35475 2.1
-3.35451 2.0
-3.35426 1.9
-3.35402 1.8
-3.35377 1.7
-3.35353 1.6
-3.35328 1.5
-3.35304 1.5
-3.3528 1.4
-3.35255 1.3
-3.35231 1.2
-3.35206 1.1
-3.35182 1.0
-3.35158 0.8
-3.35133 0.7
-3.35109 0.6
-3.35084 0.5
-3.3506 0.4
-3.35036 0.3
-3.35011 0.2
-3.34987 0.0
-3.34962 0.0
-3.34938 -0.1
-3.34913 -0.3
-3.34889 -0.4
-3.34865 -0.5
-3.3484 -0.6
-3.34816 -0.7
-3.34791 -0.8
-3.34767 -0.9
-3.34743 -1.0
-3.34718 -1.1
-3.34694 -1.2
-3.34669 -1.3
-3.34645 -1.4
-3.3462 -1.5
-3.34596 -1.6
-3.34572 -1.7
-3.34547 -1.8
-3.34523 -1.9
-3.34498 -1.9
-3.34474 -2.0
-3.3445 -2.1
-3.34425 -2.2
-3.34401 -2.2
-3.34376 -2.3
-3.34352 -2.4
-3.34328 -2.4
-3.34303 -2.5
-3.34279 -2.5
-3.34254 -2.6
-3.3423 -2.6
-3.34205 -2.6
-3.34181 -2.7
-3.34157 -2.7
-3.34132 -2.7
-3.34108 -2.8
-3.34083 -2.8
-3.34059 -2.8
-3.34035 -2.8
-3.3401 -2.8
-3.33986 -2.8
-3.33961 -2.8
-3.33937 -2.8
-3.33912 -2.8
-3.33888 -2.7
-3.33864 -2.7
-3.33839 -2.7
-3.33815 -2.7
-3.3379 -2.6
-3.33766 -2.6
-3.33742 -2.5
-3.33717 -2.5
-3.33693 -2.4
-3.33668 -2.4
-3.33644 -2.3
-3.33619 -2.2
-3.33595 -2.2
-3.33571 -2.1
-3.33546 -2.0
-3.33522 -2.0
-3.33497 -1.9
-3.33473 -1.8
-3.33449 -1.7
-3.33424 -1.6
-3.334 -1.5
-3.33375 -1.4
-3.33351 -1.3
-3.33327 -1.2
-3.33302 -1.1
-3.33278 -1.0
-3.33253 -0.9
-3.33229 -0.8
-3.33204 -0.7
-3.3318 -0.6
-3.33156 -0.5
-3.33131 -0.4
-3.33107 -0.3
-3.33082 -0.2
-3.33058 0.0
-3.33034 0.0
-3.33009 0.2
-3.32985 0.3
-3.3296 0.4
-3.32936 0.5
-3.32911 0.6
-3.32887 0.7
-3.32863 0.8
-3.32838 0.9
-3.32814 1.0
-3.32789 1.1
-3.32765 1.2
-3.32741 1.3
-3.32716 1.4
-3.32692 1.5
-3.32667 1.6
-3.32643 1.7
-3.32619 1.8
-3.32594 1.9
-3.3257 2.0
-3.32545 2.0
-3.32521 2.1
-3.32496 2.2
-3.32472 2.3
-3.32448 2.3
-3.32423 2.4
-3.32399 2.4
-3.32374 2.5
-3.3235 2.5
-3.32326 2.6
-3.32301 2.6
-3.32277 2.7
-3.32252 2.7
-3.32228 2.7
-3.32203 2.7
-3.32179 2.8
-3.32155 2.8
-3.3213 2.8
-3.32106 2.8
-3.32081 2.8
-3.32057 2.8
-3.32033 2.8
-3.32008 2.8
-3.31984 2.8
-3.31959 2.7
-3.31935 2.7
-3.31911 2.7
-3.31886 2.6
-3.31862 2.6
-3.31837 2.6
-3.31813 2.5
-3.31788 2.5
-3.31764 2.4
-3.3174 2.3
-3.31715 2.3
-3.31691 2.2
-3.31666 2.1
-3.31642 2.1
-3.31618 2.0
-3.31593 1.9
-3.31569 1.8
-3.31544 1.8
-3.3152 1.7
-3.31495 1.6
-3.31471 1.5
-3.31447 1.4
-3.31422 1.3
-3.31398 1.2
-3.31373 1.1
-3.31349 1.0
-3.31325 0.9
-3.313 0.8
-3.31276 0.7
-3.31251 0.5
-3.31227 0.4
-3.31203 0.3
-3.31178 0.2
-3.31154 0.0
-3.31129 0.0
-3.31105 -0.1
-3.3108 -0.2
-3.31056 -0.3
-3.31032 -0.5
-3.31007 -0.6
-3.30983 -0.7
-3.30958 -0.8
-3.30934 -0.9
-3.3091 -1.0
-3.30885 -1.1
-3.30861 -1.2
-3.30836 -1.3
-3.30812 -1.4
-3.30787 -1.5
-3.30763 -1.6
-3.30739 -1.7
-3.30714 -1.8
-3.3069 -1.9
-3.30665 -1.9
-3.30641 -2.0
-3.30617 -2.1
-3.30592 -2.2
-3.30568 -2.2
-3.30543 -2.3
-3.30519 -2.4
-3.30494 -2.4
-3.3047 -2.5
-3.30446 -2.5
-3.30421 -2.6
-3.30397 -2.6
-3.30372 -2.7
-3.30348 -2.7
-3.30324 -2.7
-3.30299 -2.7
-3.30275 -2.8
-3.3025 -2.8
-3.30226 -2.8
-3.30202 -2.8
-3.30177 -2.8
-3.30153 -2.8
-3.30128 -2.8
-3.30104 -2.8
-3.30079 -2.8
-3.30055 -2.7
-3.30031 -2.7
-3.30006 -2.7
-3.29982 -2.7
-3.29957 -2.6
-3.29933 -2.6
-3.29909 -2.5
-3.29884 -2.5
-3.2986 -2.4
-3.29835 -2.4
-3.29811 -2.3
-3.29786 -2.2
-3.29762 -2.2
-3.29738 -2.1
-3.29713 -2.0
-3.29689 -2.0
-3.29664 -1.9
-3.2964 -1.8
-3.29616 -1.7
-3.29591 -1.6
-3.29567 -1.5
-3.29542 -1.4
-3.29518 -1.3
-3.29494 -1.2
-3.29469 -1.1
-3.29445 -1.0
-3.2942 -0.9
-3.29396 -0.8
-3.29371 -0.7
-3.29347 -0.6
-3.29323 -0.5
-3.29298 -0.4
-3.29274 -0.2
-3.29249 -0.1
-3.29225 0.0
-3.29201 0.0
-3.29176 0.2
-3.29152 0.3
-3.29127 0.4
-3.29103 0.5
-3.29078 0.6
-3.29054 0.8
-3.2903 0.9
-3.29005 1.0
-3.28981 1.1
-3.28956 1.2
-3.28932 1.3
-3.28908 1.4
-3.28883 1.5
-3.28859 1.6
-3.28834 1.7
-3.2881 1.7
-3.28786 1.8
-3.28761 1.9
-3.28737 2.0
-3.28712 2.1
-3.28688 2.1
-3.28663 2.2
-3.28639 2.3
-3.28615 2.4
-3.2859 2.4
-3.28566 2.5
-3.28541 2.5
-3.28517 2.6
-3.28493 2.6
-3.28468 2.6
-3.28444 2.7
-3.28419 2.7
-3.28395 2.7
-3.2837 2.8
-3.28346 2.8
-3.28322 2.8
-3.28297 2.8
-3.28273 2.8
-3.28248 2.8
-3.28224 2.8
-3.282 2.8
-3.28175 2.8
-3.28151 2.8
-3.28126 2.7
-3.28102 2.7
-3.28078 2.7
-3.28053 2.6
-3.28029 2.6
-3.28004 2.5
-3.2798 2.5
-3.27955 2.4
-3.27931 2.4
-3.27907 2.3
-3.27882 2.3
-3.27858 2.2
-3.27833 2.1
-3.27809 2.0
-3.27785 2.0
-3.2776 1.9
-3.27736 1.8
-3.27711 1.7
-3.27687 1.6
-3.27662 1.5
-3.27638 1.4
-3.27614 1.3
-3.27589 1.2
-3.27565 1.1
-3.2754 1.0
-3.27516 0.9
-3.27492 0.8
-3.27467 0.7
-3.27443 0.6
-3.27418 0.5
-3.27394 0.4
-3.27369 0.3
-3.27345 0.2
-3.27321 0.0
-3.27296 0.0
-3.27272 -0.2
-3.27247 -0.3
-3.27223 -0.4
-3.27199 -0.5
-3.27174 -0.6
-3.2715 -0.7
-3.27125 -0.8
-3.27101 -1.0
-3.27077 -1.1
-3.27052 -1.2
-3.27028 -1.3
-3.27003 -1.4
-3.26979 -1.5
-3.26954 -1.6
-3.2693 -1.6
-3.26906 -1.7
-3.26881 -1.8
-3.26857 -1.9
-3.26832 -2.0
-3.26808 -2.1
-3.26784 -2.1
-3.26759 -2.2
-3.26735 -2.3
-3.2671 -2.3
-3.26686 -2.4
-3.26661 -2.5
-3.26637 -2.5
-3.26613 -2.6
-3.26588 -2.6
-3.26564 -2.6
-3.26539 -2.7
-3.26515 -2.7
-3.26491 -2.7
-3.26466 -2.8
-3.26442 -2.8
-3.26417 -2.8
-3.26393 -2.8
-3.26369 -2.8
-3.26344 -2.8
-3.2632 -2.8
-3.26295 -2.8
-3.26271 -2.8
-3.26246 -2.8
-3.26222 -2.7
-3.26198 -2.7
-3.26173 -2.7
-3.26149 -2.6
-3.26124 -2.6
-3.261 -2.6
-3.26076 -2.5
-3.26051 -2.5
-3.26027 -2.4
-3.26002 -2.3
-3.25978 -2.3
-3.25953 -2.2
-3.25929 -2.1
-3.25905 -2.1
-3.2588 -2.0
-3.25856 -1.9
-3.25831 -1.8
-3.25807 -1.7
-3.25783 -1.6
-3.25758 -1.5
-3.25734 -1.4
-3.25709 -1.3
-3.25685 -1.2
-3.25661 -1.1
-3.25636 -1.0
-3.25612 -0.9
-3.25587 -0.8
-3.25563 -0.7
-3.25538 -0.6
-3.25514 -0.5
-3.2549 -0.4
-3.25465 -0.3
-3.25441 -0.2
-3.25416 0.0
-3.25392 0.0
-3.25368 0.2
-3.25343 0.3
-3.25319 0.4
-3.25294 0.5
-3.2527 0.6
-3.25245 0.7
-3.25221 0.9
-3.25197 1.0
-3.25172 1.1
-3.25148 1.2
-3.25123 1.3
-3.25099 1.4
-3.25075 1.5
-3.2505 1.6
-3.25026 1.7
-3.25001 1.7
-3.24977 1.8
-3.24953 1.9
-3.24928 2.0
-3.24904 2.1
-3.24879 2.2
-3.24855 2.2
-3.2483 2.3
-3.24806 2.4
-3.24782 2.4
-3.24757 2.5
-3.24733 2.5
-3.24708 2.6
-3.24684 2.6
-3.2466 2.7
-3.24635 2.7
-3.24611 2.7
-3.24586 2.7
-3.24562 2.8
-3.24537 2.8
-3.24513 2.8
-3.24489 2.8
-3.24464 2.8
-3.2444 2.8
-3.24415 2.8
-3.24391 2.8
-3.24367 2.8
-3.24342 2.8
-3.24318 2.7
-3.24293 2.7
-3.24269 2.7
-3.24244 2.6
-3.2422 2.6
-3.24196 2.6
-3.24171 2.5
-3.24147 2.4
-3.24122 2.4
-3.24098 2.3
-3.24074 2.3
-3.24049 2.2
-3.24025 2.1
-3.24 2.0
-3.23976 2.0
-3.23952 1.9
-3.23927 1.8
-3.23903 1.7
-3.23878 1.6
-3.23854 1.5
-3.23829 1.4
-3.23805 1.3
-3.23781 1.2
-3.23756 1.1
-3.23732 1.0
-3.23707 0.9
-3.23683 0.8
-3.23659 0.7
-3.23634 0.6
-3.2361 0.5
-3.23585 0.4
-3.23561 0.2
-3.23536 0.1
-3.23512 0.0
-3.23488 0.0
-3.23463 -0.2
-3.23439 -0.3
-3.23414 -0.4
-3.2339 -0.5
-3.23366 -0.7
-3.23341 -0.8
-3.23317 -0.9
-3.23292 -1.0
-3.23268 -1.1
-3.23244 -1.2
-3.23219 -1.3
-3.23195 -1.4
-3.2317 -1.5
-3.23146 -1.6
-3.23121 -1.7
-3.23097 -1.8
-3.23073 -1.9
-3.23048 -1.9
-3.23024 -2.0
-3.22999 -2.1
-3.22975 -2.2
-3.22951 -2.2
-3.22926 -2.3
-3.22902 -2.4
-3.22877 -2.4
-3.22853 -2.5
-3.22828 -2.5
-3.22804 -2.6
-3.2278 -2.6
-3.22755 -2.7
-3.22731 -2.7
-3.22706 -2.7
-3.22682 -2.8
-3.22658 -2.8
-3.22633 -2.8
-3.22609 -2.8
-3.22584 -2.8
-3.2256 -2.8
-3.22536 -2.8
-3.22511 -2.8
-3.22487 -2.8
-3.22462 -2.8
-3.22438 -2.8
-3.22413 -2.7
-3.22389 -2.7
-3.22365 -2.7
-3.2234 -2.6
-3.22316 -2.6
-3.22291 -2.5
-3.22267 -2.5
-3.22243 -2.4
-3.22218 -2.4
-3.22194 -2.3
-3.22169 -2.2
-3.22145 -2.2
-3.2212 -2.1
-3.22096 -2.0
-3.22072 -1.9
-3.22047 -1.9
-3.22023 -1.8
-3.21998 -1.7
-3.21974 -1.6
-3.2195 -1.5
-3.21925 -1.4
-3.21901 -1.3
-3.21876 -1.2
-3.21852 -1.1
-3.21828 -1.0
-3.21803 -0.9
-3.21779 -0.8
-3.21754 -0.7
-3.2173 -0.5
-3.21705 -0.4
-3.21681 -0.3
-3.21657 -0.2
-3.21632 0.0
-3.21608 0.0
-3.21583 0.1
-3.21559 0.2
-3.21535 0.4
-3.2151 0.5
-3.21486 0.6
-3.21461 0.7
-3.21437 0.8
-3.21412 0.9
-3.21388 1.0
-3.21364 1.1
-3.21339 1.2
-3.21315 1.3
-3.2129 1.4
-3.21266 1.5
-3.21242 1.6
-3.21217 1.7
-3.21193 1.8
-3.21168 1.9
-3.21144 2.0
-3.21119 2.1
-3.21095 2.1
-3.21071 2.2
-3.21046 2.3
-3.21022 2.3
-3.20997 2.4
-3.20973 2.5
-3.20949 2.5
-3.20924 2.6
-3.209 2.6
-3.20875 2.6
-3.20851 2.7
-3.20827 2.7
-3.20802 2.7
-3.20778 2.8
-3.20753 2.8
-3.20729 2.8
-3.20704 2.8
-3.2068 2.8
-3.20656 2.8
-3.20631 2.8
-3.20607 2.8
-3.20582 2.8
-3.20558 2.8
-3.20534 2.8
-3.20509 2.7
-3.20485 2.7
-3.2046 2.7
-3.20436 2.6
-3.20411 2.6
-3.20387 2.5
-3.20363 2.5
-3.20338 2.4
-3.20314 2.4
-3.20289 2.3
-3.20265 2.2
-3.20241 2.1
-3.20216 2.1
-3.20192 2.0
-3.20167 1.9
-3.20143 1.8
-3.20119 1.7
-3.20094 1.6
-3.2007 1.5
-3.20045 1.5
-3.20021 1.4
-3.19996 1.3
-3.19972 1.1
-3.19948 1.0
-3.19923 0.9
-3.19899 0.8
-3.19874 0.7
-3.1985 0.6
-3.19826 0.5
-3.19801 0.4
-3.19777 0.3
-3.19752 0.2
-3.19728 0.0
-3.19703 0.0
-3.19679 -0.2
-3.19655 -0.3
-3.1963 -0.4
-3.19606 -0.5
-3.19581 -0.6
-3.19557 -0.8
-3.19533 -0.9
-3.19508 -1.0
-3.19484 -1.1
-3.19459 -1.2
-3.19435 -1.3
-3.19411 -1.4
-3.19386 -1.5
-3.19362 -1.6
-3.19337 -1.7
-3.19313 -1.8
-3.19288 -1.9
-3.19264 -1.9
-3.1924 -2.0
-3.19215 -2.1
-3.19191 -2.2
-3.19166 -2.2
-3.19142 -2.3
-3.19118 -2.4
-3.19093 -2.4
-3.19069 -2.5
-3.19044 -2.5
-3.1902 -2.6
-3.18995 -2.6
-3.18971 -2.7
-3.18947 -2.7
-3.18922 -2.7
-3.18898 -2.8
-3.18873 -2.8
-3.18849 -2.8
-3.18825 -2.8
-3.188 -2.8
-3.18776 -2.8
-3.18751 -2.8
-3.18727 -2.8
-3.18703 -2.8
-3.18678 -2.8
-3.18654 -2.8
-3.18629 -2.7
-3.18605 -2.7
-3.1858 -2.7
-3.18556 -2.6
-3.18532 -2.6
-3.18507 -2.5
-3.18483 -2.5
-3.18458 -2.4
-3.18434 -2.4
-3.1841 -2.3
-3.18385 -2.2
-3.18361 -2.2
-3.18336 -2.1
-3.18312 -2.0
-3.18287 -1.9
-3.18263 -1.9
-3.18239 -1.8
-3.18214 -1.7
-3.1819 -1.6
-3.18165 -1.5
-3.18141 -1.4
-3.18117 -1.3
-3.18092 -1.2
-3.18068 -1.1
-3.18043 -1.0
-3.18019 -0.9
-3.17994 -0.8
-3.1797 -0.6
-3.17946 -0.5
-3.17921 -0.4
-3.17897 -0.3
-3.17872 -0.2
-3.17848 0.0
-3.17824 0.0
-3.17799 0.2
-3.17775 0.3
-3.1775 0.4
-3.17726 0.5
-3.17702 0.6
-3.17677 0.7
-3.17653 0.8
-3.17628 0.9
-3.17604 1.0
-3.17579 1.2
-3.17555 1.3
-3.17531 1.4
-3.17506 1.5
-3.17482 1.6
-3.17457 1.6
-3.17433 1.7
-3.17409 1.8
-3.17384 1.9
-3.1736 2.0
-3.17335 2.1
-3.17311 2.2
-3.17286 2.2
-3.17262 2.3
-3.17238 2.4
-3.17213 2.4
-3.17189 2.5
-3.17164 2.5
-3.1714 2.6
-3.17116 2.6
-3.17091 2.7
-3.17067 2.7
-3.17042 2.7
-3.17018 2.8
-3.16994 2.8
-3.16969 2.8
-3.16945 2.8
-3.1692 2.8
-3.16896 2.8
-3.16871 2.8
-3.16847 2.8
-3.16823 2.8
-3.16798 2.8
-3.16774 2.8
-3.16749 2.7
-3.16725 2.7
-3.16701 2.7
-3.16676 2.6
-3.16652 2.6
-3.16627 2.6
-3.16603 2.5
-3.16578 2.5
-3.16554 2.4
-3.1653 2.3
-3.16505 2.3
-3.16481 2.2
-3.16456 2.1
-3.16432 2.0
-3.16408 2.0
-3.16383 1.9
-3.16359 1.8
-3.16334 1.7
-3.1631 1.6
-3.16286 1.5
-3.16261 1.4
-3.16237 1.3
-3.16212 1.2
-3.16188 1.1
-3.16163 1.0
-3.16139 0.9
-3.16115 0.8
-3.1609 0.7
-3.16066 0.6
-3.16041 0.4
-3.16017 0.3
-3.15993 0.2
-3.15968 0.0
-3.15944 0.0
-3.15919 -0.1
-3.15895 -0.3
-3.1587 -0.4
-3.15846 -0.5
-3.15822 -0.6
-3.15797 -0.7
-3.15773 -0.8
-3.15748 -0.9
-3.15724 -1.0
-3.157 -1.1
-3.15675 -1.2
-3.15651 -1.3
-3.15626 -1.4
-3.15602 -1.5
-3.15578 -1.6
-3.15553 -1.7
-3.15529 -1.8
-3.15504 -1.9
-3.1548 -2.0
-3.15455 -2.1
-3.15431 -2.1
-3.15407 -2.2
-3.15382 -2.3
-3.15358 -2.4
-3.15333 -2.4
-3.15309 -2.5
-3.15285 -2.5
-3.1526 -2.6
-3.15236 -2.6
-3.15211 -2.7
-3.15187 -2.7
-3.15162 -2.7
-3.15138 -2.8
-3.15114 -2.8
-3.15089 -2.8
-3.15065 -2.8
-3.1504 -2.8
-3.15016 -2.8
-3.14992 -2.8
-3.14967 -2.8
-3.14943 -2.8
-3.14918 -2.8
-3.14894 -2.8
-3.14869 -2.8
-3.14845 -2.7
-3.14821 -2.7
-3.14796 -2.7
-3.14772 -2.6
-3.14747 -2.6
-3.14723 -2.5
-3.14699 -2.5
-3.14674 -2.4
-3.1465 -2.3
-3.14625 -2.3
-3.14601 -2.2
-3.14577 -2.1
-3.14552 -2.0
-3.14528 -2.0
-3.14503 -1.9
-3.14479 -1.8
-3.14454 -1.7
-3.1443 -1.6
-3.14406 -1.5
-3.14381 -1.4
-3.14357 -1.3
-3.14332 -1.2
-3.14308 -1.1
-3.14284 -1.0
-3.14259 -0.9
-3.14235 -0.8
-3.1421 -0.7
-3.14186 -0.6
-3.14161 -0.4
-3.14137 -0.3
-3.14113 -0.2
-3.14088 0.0
-3.14064 0.0
-3.14039 0.1
-3.14015 0.3
-3.13991 0.4
-3.13966 0.5
-3.13942 0.6
-3.13917 0.7
-3.13893 0.8
-3.13869 0.9
-3.13844 1.0
-3.1382 1.1
-3.13795 1.2
-3.13771 1.4
-3.13746 1.5
-3.13722 1.6
-3.13698 1.6
-3.13673 1.7
-3.13649 1.8
-3.13624 1.9
-3.136 2.0
-3.13576 2.1
-3.13551 2.2
-3.13527 2.2
-3.13502 2.3
-3.13478 2.4
-3.13453 2.4
-3.13429 2.5
-3.13405 2.5
-3.1338 2.6
-3.13356 2.6
-3.13331 2.7
-3.13307 2.7
-3.13283 2.7
-3.13258 2.8
-3.13234 2.8
-3.13209 2.8
-3.13185 2.8
-3.13161 2.8
-3.13136 2.8
-3.13112 2.8
-3.13087 2.8
-3.13063 2.8
-3.13038 2.8
-3.13014 2.8
-3.1299 2.8
-3.12965 2.7
-3.12941 2.7
-3.12916 2.7
-3.12892 2.6
-3.12868 2.6
-3.12843 2.5
-3.12819 2.5
-3.12794 2.4
-3.1277 2.3
-3.12745 2.3
-3.12721 2.2
-3.12697 2.1
-3.12672 2.0
-3.12648 2.0
-3.12623 1.9
-3.12599 1.8
-3.12575 1.7
-3.1255 1.6
-3.12526 1.5
-3.12501 1.4
-3.12477 1.3
-3.12453 1.2
-3.12428 1.1
-3.12404 1.0
-3.12379 0.9
-3.12355 0.8
-3.1233 0.6
-3.12306 0.5
-3.12282 0.4
-3.12257 0.3
-3.12233 0.2
-3.12208 0.0
-3.12184 0.0
-3.1216 -0.2
-3.12135 -0.3
-3.12111 -0.4
-3.12086 -0.5
-3.12062 -0.6
-3.12037 -0.7
-3.12013 -0.8
-3.11989 -1.0
-3.11964 -1.1
-3.1194 -1.2
-3.11915 -1.3
-3.11891 -1.4
-3.11867 -1.5
-3.11842 -1.6
-3.11818 -1.7
-3.11793 -1.8
-3.11769 -1.9
-3.11744 -1.9
-3.1172 -2.0
-3.11696 -2.1
-3.11671 -2.2
-3.11647 -2.2
-3.11622 -2.3
-3.11598 -2.4
-3.11574 -2.4
-3.11549 -2.5
-3.11525 -2.6
-3.115 -2.6
-3.11476 -2.6
-3.11452 -2.7
-3.11427 -2.7
-3.11403 -2.8
-3.11378 -2.8
-3.11354 -2.8
-3.11329 -2.8
-3.11305 -2.8
-3.11281 -2.8
-3.11256 -2.8
-3.11232 -2.8
-3.11207 -2.8
-3.11183 -2.8
-3.11159 -2.8
-3.11134 -2.8
-3.1111 -2.8
-3.11085 -2.7
-3.11061 -2.7
-3.11036 -2.6
-3.11012 -2.6
-3.10988 -2.6
-3.10963 -2.5
-3.10939 -2.4
-3.10914 -2.4
-3.1089 -2.3
-3.10866 -2.2
-3.10841 -2.2
-3.10817 -2.1
-3.10792 -2.0
-3.10768 -1.9
-3.10744 -1.8
-3.10719 -1.8
-3.10695 -1.7
-3.1067 -1.6
-3.10646 -1.5
-3.10621 -1.4
-3.10597 -1.3
-3.10573 -1.2
-3.10548 -1.1
-3.10524 -0.9
-3.10499 -0.8
-3.10475 -0.7
-3.10451 -0.6
-3.10426 -0.5
-3.10402 -0.4
-3.10377 -0.3
-3.10353 -0.1
-3.10328 0.0
-3.10304 0.0
-3.1028 0.2
-3.10255 0.3
-3.10231 0.4
-3.10206 0.5
-3.10182 0.7
-3.10158 0.8
-3.10133 0.9
-3.10109 1.0
-3.10084 1.1
-3.1006 1.2
-3.10036 1.3
-3.10011 1.4
-3.09987 1.5
-3.09962 1.6
-3.09938 1.7
-3.09913 1.8
-3.09889 1.9
-3.09865 2.0
-3.0984 2.1
-3.09816 2.1
-3.09791 2.2
-3.09767 2.3
-3.09743 2.3
-3.09718 2.4
-3.09694 2.5
-3.09669 2.5
-3.09645 2.6
-3.0962 2.6
-3.09596 2.7
-3.09572 2.7
-3.09547 2.7
-3.09523 2.8
-3.09498 2.8
-3.09474 2.8
-3.0945 2.8
-3.09425 2.8
-3.09401 2.8
-3.09376 2.8
-3.09352 2.8
-3.09328 2.8
-3.09303 2.8
-3.09279 2.8
-3.09254 2.8
-3.0923 2.7
-3.09205 2.7
-3.09181 2.7
-3.09157 2.6
-3.09132 2.6
-3.09108 2.5
-3.09083 2.5
-3.09059 2.4
-3.09035 2.4
-3.0901 2.3
-3.08986 2.2
-3.08961 2.1
-3.08937 2.1
-3.08912 2.0
-3.08888 1.9
-3.08864 1.8
-3.08839 1.7
-3.08815 1.6
-3.0879 1.5
-3.08766 1.4
-3.08742 1.3
-3.08717 1.2
-3.08693 1.1
-3.08668 1.0
-3.08644 0.9
-3.08619 0.8
-3.08595 0.7
-3.08571 0.6
-3.08546 0.4
-3.08522 0.3
-3.08497 0.2
-3.08473 0.0
-3.08449 0.0
-3.08424 -0.1
-3.084 -0.3
-3.08375 -0.4
-3.08351 -0.5
-3.08327 -0.6
-3.08302 -0.7
-3.08278 -0.8
-3.08253 -0.9
-3.08229 -1.1
-3.08204 -1.2
-3.0818 -1.3
-3.08156 -1.4
-3.08131 -1.5
-3.08107 -1.6
-3.08082 -1.7
-3.08058 -1.8
-3.08034 -1.9
-3.08009 -1.9
-3.07985 -2.0
-3.0796 -2.1
-3.07936 -2.2
-3.07911 -2.3
-3.07887 -2.3
-3.07863 -2.4
-3.07838 -2.5
-3.07814 -2.5
-3.07789 -2.6
-3.07765 -2.6
-3.07741 -2.7
-3.07716 -2.7
-3.07692 -2.7
-3.07667 -2.8
-3.07643 -2.8
-3.07619 -2.8
-3.07594 -2.8
-3.0757 -2.8
-3.07545 -2.8
-3.07521 -2.8
-3.07496 -2.8
-3.07472 -2.8
-3.07448 -2.8
-3.07423 -2.8
-3.07399 -2.8
-3.07374 -2.8
-3.0735 -2.7
-3.07326 -2.7
-3.07301 -2.7
-3.07277 -2.6
-3.07252 -2.6
-3.07228 -2.5
-3.07203 -2.4
-3.07179 -2.4
-3.07155 -2.3
-3.0713 -2.2
-3.07106 -2.2
-3.07081 -2.1
-3.07057 -2.0
-3.07033 -1.9
-3.07008 -1.8
-3.06984 -1.8
-3.06959 -1.7
-3.06935 -1.6
-3.06911 -1.5
-3.06886 -1.4
-3.06862 -1.3
-3.06837 -1.1
-3.06813 -1.0
-3.06788 -0.9
-3.06764 -0.8
-3.0674 -0.7
-3.06715 -0.6
-3.06691 -0.5
-3.06666 -0.4
-3.06642 -0.2
-3.06618 -0.1
-3.06593 0.0
-3.06569 0.1
-3.06544 0.2
-3.0652 0.3
-3.06495 0.5
-3.06471 0.6
-3.06447 0.7
-3.06422 0.8
-3.06398 0.9
-3.06373 1.0
-3.06349 1.1
-3.06325 1.2
-3.063 1.3
-3.06276 1.4
-3.06251 1.5
-3.06227 1.6
-3.06203 1.7
-3.06178 1.8
-3.06154 1.9
-3.06129 2.0
-3.06105 2.1
-3.0608 2.2
-3.06056 2.2
-3.06032 2.3
-3.06007 2.4
-3.05983 2.4
-3.05958 2.5
-3.05934 2.6
-3.0591 2.6
-3.05885 2.6
-3.05861 2.7
-3.05836 2.7
-3.05812 2.8
-3.05787 2.8
-3.05763 2.8
-3.05739 2.8
-3.05714 2.8
-3.0569 2.8
-3.05665 2.8
-3.05641 2.8
-3.05617 2.8
-3.05592 2.8
-3.05568 2.8
-3.05543 2.8
-3.05519 2.8
-3.05494 2.7
-3.0547 2.7
-3.05446 2.7
-3.05421 2.6
-3.05397 2.6
-3.05372 2.5
-3.05348 2.5
-3.05324 2.4
-3.05299 2.3
-3.05275 2.3
-3.0525 2.2
-3.05226 2.1
-3.05202 2.0
-3.05177 1.9
-3.05153 1.9
-3.05128 1.8
-3.05104 1.7
-3.05079 1.6
-3.05055 1.5
-3.05031 1.4
-3.05006 1.3
-3.04982 1.2
-3.04957 1.1
-3.04933 1.0
-3.04909 0.8
-3.04884 0.7
-3.0486 0.6
-3.04835 0.5
-3.04811 0.4
-3.04786 0.3
-3.04762 0.1
-3.04738 0.0
-3.04713 0.0
-3.04689 -0.2
-3.04664 -0.3
-3.0464 -0.4
-3.04616 -0.6
-3.04591 -0.7
-3.04567 -0.8
-3.04542 -0.9
-3.04518 -1.0
-3.04494 -1.1
-3.04469 -1.2
-3.04445 -1.3
-3.0442 -1.4
-3.04396 -1.5
-3.04371 -1.6
-3.04347 -1.7
-3.04323 -1.8
-3.04298 -1.9
-3.04274 -2.0
-3.04249 -2.1
-3.04225 -2.2
-3.04201 -2.2
-3.04176 -2.3
-3.04152 -2.4
-3.04127 -2.4
-3.04103 -2.5
-3.04078 -2.6
-3.04054 -2.6
-3.0403 -2.6
-3.04005 -2.7
-3.03981 -2.7
-3.03956 -2.8
-3.03932 -2.8
-3.03908 -2.8
-3.03883 -2.8
-3.03859 -2.8
-3.03834 -2.9
-3.0381 -2.9
-3.03786 -2.9
-3.03761 -2.8
-3.03737 -2.8
-3.03712 -2.8
-3.03688 -2.8
-3.03663 -2.8
-3.03639 -2.7
-3.03615 -2.7
-3.0359 -2.7
-3.03566 -2.6
-3.03541 -2.6
-3.03517 -2.5
-3.03493 -2.5
-3.03468 -2.4
-3.03444 -2.3
-3.03419 -2.3
-3.03395 -2.2
-3.0337 -2.1
-3.03346 -2.0
-3.03322 -2.0
-3.03297 -1.9
-3.03273 -1.8
-3.03248 -1.7
-3.03224 -1.6
-3.032 -1.5
-3.03175 -1.4
-3.03151 -1.3
-3.03126 -1.2
-3.03102 -1.1
-3.03078 -1.0
-3.03053 -0.8
-3.03029 -0.7
-3.03004 -0.6
-3.0298 -0.5
-3.02955 -0.4
-3.02931 -0.3
-3.02907 -0.1
-3.02882 0.0
-3.02858 0.0
-3.02833 0.2
-3.02809 0.3
-3.02785 0.4
-3.0276 0.6
-3.02736 0.7
-3.02711 0.8
-3.02687 0.9
-3.02662 1.0
-3.02638 1.1
-3.02614 1.2
-3.02589 1.3
-3.02565 1.4
-3.0254 1.5
-3.02516 1.6
-3.02492 1.7
-3.02467 1.8
-3.02443 1.9
-3.02418 2.0
-3.02394 2.1
-3.02369 2.2
-3.02345 2.2
-3.02321 2.3
-3.02296 2.4
-3.02272 2.4
-3.02247 2.5
-3.02223 2.6
-3.02199 2.6
-3.02174 2.7
-3.0215 2.7
-3.02125 2.7
-3.02101 2.8
-3.02077 2.8
-3.02052 2.8
-3.02028 2.8
-3.02003 2.8
-3.01979 2.9
-3.01954 2.9
-3.0193 2.9
-3.01906 2.8
-3.01881 2.8
-3.01857 2.8
-3.01832 2.8
-3.01808 2.8
-3.01784 2.7
-3.01759 2.7
-3.01735 2.7
-3.0171 2.6
-3.01686 2.6
-3.01661 2.5
-3.01637 2.5
-3.01613 2.4
-3.01588 2.3
-3.01564 2.3
-3.01539 2.2
-3.01515 2.1
-3.01491 2.0
-3.01466 1.9
-3.01442 1.9
-3.01417 1.8
-3.01393 1.7
-3.01369 1.6
-3.01344 1.5
-3.0132 1.4
-3.01295 1.3
-3.01271 1.2
-3.01246 1.0
-3.01222 0.9
-3.01198 0.8
-3.01173 0.7
-3.01149 0.6
-3.01124 0.5
-3.011 0.4
-3.01076 0.2
-3.01051 0.1
-3.01027 0.0
-3.01002 -0.1
-3.00978 -0.2
-3.00953 -0.4
-3.00929 -0.5
-3.00905 -0.6
-3.0088 -0.7
-3.00856 -0.8
-3.00831 -0.9
-3.00807 -1.0
-3.00783 -1.2
-3.00758 -1.3
-3.00734 -1.4
-3.00709 -1.5
-3.00685 -1.6
-3.00661 -1.7
-3.00636 -1.8
-3.00612 -1.9
-3.00587 -1.9
-3.00563 -2.0
-3.00538 -2.1
-3.00514 -2.2
-3.0049 -2.3
-3.00465 -2.3
-3.00441 -2.4
-3.00416 -2.5
-3.00392 -2.5
-3.00368 -2.6
-3.00343 -2.6
-3.00319 -2.7
-3.00294 -2.7
-3.0027 -2.7
-3.00245 -2.8
-3.00221 -2.8
-3.00197 -2.8
-3.00172 -2.8
-3.00148 -2.9
-3.00123 -2.9
-3.00099 -2.9
-3.00075 -2.9
-3.0005 -2.9
-3.00026 -2.8
-3.00001 -2.8
-2.99977 -2.8
-2.99953 -2.8
-2.99928 -2.7
-2.99904 -2.7
-2.99879 -2.7
-2.99855 -2.6
-2.9983 -2.6
-2.99806 -2.5
-2.99782 -2.4
-2.99757 -2.4
-2.99733 -2.3
-2.99708 -2.2
-2.99684 -2.2
-2.9966 -2.1
-2.99635 -2.0
-2.99611 -1.9
-2.99586 -1.8
-2.99562 -1.7
-2.99537 -1.6
-2.99513 -1.5
-2.99489 -1.4
-2.99464 -1.3
-2.9944 -1.2
-2.99415 -1.1
-2.99391 -1.0
-2.99367 -0.9
-2.99342 -0.8
-2.99318 -0.7
-2.99293 -0.5
-2.99269 -0.4
-2.99244 -0.3
-2.9922 -0.2
-2.99196 0.0
-2.99171 0.0
-2.99147 0.2
-2.99122 0.3
-2.99098 0.4
-2.99074 0.5
-2.99049 0.6
-2.99025 0.7
-2.99 0.9
-2.98976 1.0
-2.98952 1.1
-2.98927 1.2
-2.98903 1.3
-2.98878 1.4
-2.98854 1.5
-2.98829 1.6
-2.98805 1.7
-2.98781 1.8
-2.98756 1.9
-2.98732 2.0
-2.98707 2.1
-2.98683 2.1
-2.98659 2.2
-2.98634 2.3
-2.9861 2.4
-2.98585 2.4
-2.98561 2.5
-2.98536 2.5
-2.98512 2.6
-2.98488 2.6
-2.98463 2.7
-2.98439 2.7
-2.98414 2.8
-2.9839 2.8
-2.98366 2.8
-2.98341 2.8
-2.98317 2.9
-2.98292 2.9
-2.98268 2.9
-2.98244 2.9
-2.98219 2.9
-2.98195 2.8
-2.9817 2.8
-2.98146 2.8
-2.98121 2.8
-2.98097 2.8
-2.98073 2.7
-2.98048 2.7
-2.98024 2.6
-2.97999 2.6
-2.97975 2.5
-2.97951 2.5
-2.97926 2.4
-2.97902 2.4
-2.97877 2.3
-2.97853 2.2
-2.97828 2.1
-2.97804 2.0
-2.9778 2.0
-2.97755 1.9
-2.97731 1.8
-2.97706 1.7
-2.97682 1.6
-2.97658 1.5
-2.97633 1.4
-2.97609 1.3
-2.97584 1.2
-2.9756 1.1
-2.97536 1.0
-2.97511 0.8
-2.97487 0.7
-2.97462 0.6
-2.97438 0.5
-2.97413 0.4
-2.97389 0.3
-2.97365 0.1
-2.9734 0.0
-2.97316 -0.1
-2.97291 -0.2
-2.97267 -0.3
-2.97243 -0.5
-2.97218 -0.6
-2.97194 -0.7
-2.97169 -0.8
-2.97145 -0.9
-2.9712 -1.0
-2.97096 -1.1
-2.97072 -1.3
-2.97047 -1.4
-2.97023 -1.5
-2.96998 -1.6
-2.96974 -1.7
-2.9695 -1.8
-2.96925 -1.9
-2.96901 -1.9
-2.96876 -2.0
-2.96852 -2.1
-2.96828 -2.2
-2.96803 -2.3
-2.96779 -2.3
-2.96754 -2.4
-2.9673 -2.5
-2.96705 -2.5
-2.96681 -2.6
-2.96657 -2.6
-2.96632 -2.7
-2.96608 -2.7
-2.96583 -2.8
-2.96559 -2.8
-2.96535 -2.8
-2.9651 -2.8
-2.96486 -2.9
-2.96461 -2.9
-2.96437 -2.9
-2.96412 -2.9
-2.96388 -2.9
-2.96364 -2.9
-2.96339 -2.8
-2.96315 -2.8
-2.9629 -2.8
-2.96266 -2.8
-2.96242 -2.7
-2.96217 -2.7
-2.96193 -2.7
-2.96168 -2.6
-2.96144 -2.6
-2.96119 -2.5
-2.96095 -2.4
-2.96071 -2.4
-2.96046 -2.3
-2.96022 -2.2
-2.95997 -2.2
-2.95973 -2.1
-2.95949 -2.0
-2.95924 -1.9
-2.959 -1.8
-2.95875 -1.7
-2.95851 -1.6
-2.95827 -1.5
-2.95802 -1.4
-2.95778 -1.3
-2.95753 -1.2
-2.95729 -1.1
-2.95704 -1.0
-2.9568 -0.9
-2.95656 -0.8
-2.95631 -0.6
-2.95607 -0.5
-2.95582 -0.4
-2.95558 -0.3
-2.95534 -0.2
-2.95509 0.0
-2.95485 0.0
-2.9546 0.2
-2.95436 0.3
-2.95411 0.4
-2.95387 0.5
-2.95363 0.7
-2.95338 0.8
-2.95314 0.9
-2.95289 1.0
-2.95265 1.1
-2.95241 1.2
-2.95216 1.3
-2.95192 1.4
-2.95167 1.5
-2.95143 1.6
-2.95119 1.7
-2.95094 1.8
-2.9507 1.9
-2.95045 2.0
-2.95021 2.1
-2.94996 2.2
-2.94972 2.3
-2.94948 2.3
-2.94923 2.4
-2.94899 2.5
-2.94874 2.5
-2.9485 2.6
-2.94826 2.6
-2.94801 2.7
-2.94777 2.7
-2.94752 2.8
-2.94728 2.8
-2.94703 2.8
-2.94679 2.8
-2.94655 2.9
-2.9463 2.9
-2.94606 2.9
-2.94581 2.9
-2.94557 2.9
-2.94533 2.9
-2.94508 2.9
-2.94484 2.8
-2.94459 2.8
-2.94435 2.8
-2.94411 2.8
-2.94386 2.7
-2.94362 2.7
-2.94337 2.6
-2.94313 2.6
-2.94288 2.5
-2.94264 2.5
-2.9424 2.4
-2.94215 2.3
-2.94191 2.3
-2.94166 2.2
-2.94142 2.1
-2.94118 2.0
-2.94093 1.9
-2.94069 1.8
-2.94044 1.7
-2.9402 1.6
-2.93995 1.5
-2.93971 1.4
-2.93947 1.3
-2.93922 1.2
-2.93898 1.1
-2.93873 1.0
-2.93849 0.9
-2.93825 0.8
-2.938 0.7
-2.93776 0.5
-2.93751 0.4
-2.93727 0.3
-2.93703 0.2
-2.93678 0.0
-2.93654 0.0
-2.93629 -0.2
-2.93605 -0.3
-2.9358 -0.4
-2.93556 -0.5
-2.93532 -0.7
-2.93507 -0.8
-2.93483 -0.9
-2.93458 -1.0
-2.93434 -1.1
-2.9341 -1.2
-2.93385 -1.3
-2.93361 -1.4
-2.93336 -1.5
-2.93312 -1.6
-2.93287 -1.7
-2.93263 -1.8
-2.93239 -1.9
-2.93214 -2.0
-2.9319 -2.1
-2.93165 -2.2
-2.93141 -2.3
-2.93117 -2.3
-2.93092 -2.4
-2.93068 -2.5
-2.93043 -2.5
-2.93019 -2.6
-2.92994 -2.6
-2.9297 -2.7
-2.92946 -2.7
-2.92921 -2.8
-2.92897 -2.8
-2.92872 -2.8
-2.92848 -2.8
-2.92824 -2.9
-2.92799 -2.9
-2.92775 -2.9
-2.9275 -2.9
-2.92726 -2.9
-2.92702 -2.9
-2.92677 -2.9
-2.92653 -2.8
-2.92628 -2.8
-2.92604 -2.8
-2.92579 -2.8
-2.92555 -2.7
-2.92531 -2.7
-2.92506 -2.6
-2.92482 -2.6
-2.92457 -2.5
-2.92433 -2.5
-2.92409 -2.4
-2.92384 -2.3
-2.9236 -2.3
-2.92335 -2.2
-2.92311 -2.1
-2.92286 -2.0
-2.92262 -1.9
-2.92238 -1.8
-2.92213 -1.7
-2.92189 -1.6
-2.92164 -1.5
-2.9214 -1.4
-2.92116 -1.3
-2.92091 -1.2
-2.92067 -1.1
-2.92042 -1.0
-2.92018 -0.9
-2.91994 -0.8
-2.91969 -0.7
-2.91945 -0.5
-2.9192 -0.4
-2.91896 -0.3
-2.91871 -0.2
-2.91847 0.0
-2.91823 0.0
-2.91798 0.2
-2.91774 0.3
-2.91749 0.4
-2.91725 0.5
-2.91701 0.7
-2.91676 0.8
-2.91652 0.9
-2.91627 1.0
-2.91603 1.1
-2.91578 1.2
-2.91554 1.3
-2.9153 1.4
-2.91505 1.5
-2.91481 1.6
-2.91456 1.7
-2.91432 1.8
-2.91408 1.9
-2.91383 2.0
-2.91359 2.1
-2.91334 2.2
-2.9131 2.3
-2.91286 2.3
-2.91261 2.4
-2.91237 2.5
-2.91212 2.5
-2.91188 2.6
-2.91163 2.6
-2.91139 2.7
-2.91115 2.7
-2.9109 2.8
-2.91066 2.8
-2.91041 2.8
-2.91017 2.8
-2.90993 2.9
-2.90968 2.9
-2.90944 2.9
-2.90919 2.9
-2.90895 2.9
-2.9087 2.9
-2.90846 2.9
-2.90822 2.8
-2.90797 2.8
-2.90773 2.8
-2.90748 2.8
-2.90724 2.7
-2.907 2.7
-2.90675 2.6
-2.90651 2.6
-2.90626 2.5
-2.90602 2.5
-2.90578 2.4
-2.90553 2.3
-2.90529 2.2
-2.90504 2.2
-2.9048 2.1
-2.90455 2.0
-2.90431 1.9
-2.90407 1.8
-2.90382 1.7
-2.90358 1.6
-2.90333 1.5
-2.90309 1.4
-2.90285 1.3
-2.9026 1.2
-2.90236 1.1
-2.90211 1.0
-2.90187 0.9
-2.90162 0.8
-2.90138 0.6
-2.90114 0.5
-2.90089 0.4
-2.90065 0.3
-2.9004 0.2
-2.90016 0.0
-2.89992 0.0
-2.89967 -0.2
-2.89943 -0.3
-2.89918 -0.5
-2.89894 -0.6
-2.89869 -0.7
-2.89845 -0.8
-2.89821 -0.9
-2.89796 -1.0
-2.89772 -1.1
-2.89747 -1.3
-2.89723 -1.4
-2.89699 -1.5
-2.89674 -1.6
-2.8965 -1.7
-2.89625 -1.8
-2.89601 -1.9
-2.89577 -2.0
-2.89552 -2.0
-2.89528 -2.1
-2.89503 -2.2
-2.89479 -2.3
-2.89454 -2.4
-2.8943 -2.4
-2.89406 -2.5
-2.89381 -2.6
-2.89357 -2.6
-2.89332 -2.7
-2.89308 -2.7
-2.89284 -2.7
-2.89259 -2.8
-2.89235 -2.8
-2.8921 -2.8
-2.89186 -2.9
-2.89161 -2.9
-2.89137 -2.9
-2.89113 -2.9
-2.89088 -2.9
-2.89064 -2.9
-2.89039 -2.9
-2.89015 -2.9
-2.88991 -2.8
-2.88966 -2.8
-2.88942 -2.8
-2.88917 -2.7
-2.88893 -2.7
-2.88869 -2.7
-2.88844 -2.6
-2.8882 -2.6
-2.88795 -2.5
-2.88771 -2.4
-2.88746 -2.4
-2.88722 -2.3
-2.88698 -2.2
-2.88673 -2.1
-2.88649 -2.1
-2.88624 -2.0
-2.886 -1.9
-2.88576 -1.8
-2.88551 -1.7
-2.88527 -1.6
-2.88502 -1.5
-2.88478 -1.4
-2.88453 -1.3
-2.88429 -1.2
-2.88405 -1.1
-2.8838 -0.9
-2.88356 -0.8
-2.88331 -0.7
-2.88307 -0.6
-2.88283 -0.5
-2.88258 -0.3
-2.88234 -0.2
-2.88209 -0.1
-2.88185 0.0
-2.88161 0.1
-2.88136 0.3
-2.88112 0.4
-2.88087 0.5
-2.88063 0.6
-2.88038 0.7
-2.88014 0.9
-2.8799 1.0
-2.87965 1.1
-2.87941 1.2
-2.87916 1.3
-2.87892 1.4
-2.87868 1.5
-2.87843 1.6
-2.87819 1.7
-2.87794 1.8
-2.8777 1.9
-2.87745 2.0
-2.87721 2.1
-2.87697 2.2
-2.87672 2.2
-2.87648 2.3
-2.87623 2.4
-2.87599 2.5
-2.87575 2.5
-2.8755 2.6
-2.87526 2.6
-2.87501 2.7
-2.87477 2.7
-2.87453 2.8
-2.87428 2.8
-2.87404 2.8
-2.87379 2.8
-2.87355 2.9
-2.8733 2.9
-2.87306 2.9
-2.87282 2.9
-2.87257 2.9
-2.87233 2.9
-2.87208 2.9
-2.87184 2.9
-2.8716 2.8
-2.87135 2.8
-2.87111 2.8
-2.87086 2.7
-2.87062 2.7
-2.87037 2.6
-2.87013 2.6
-2.86989 2.5
-2.86964 2.5
-2.8694 2.4
-2.86915 2.3
-2.86891 2.3
-2.86867 2.2
-2.86842 2.1
-2.86818 2.0
-2.86793 1.9
-2.86769 1.8
-2.86744 1.7
-2.8672 1.6
-2.86696 1.5
-2.86671 1.4
-2.86647 1.3
-2.86622 1.2
-2.86598 1.1
-2.86574 1.0
-2.86549 0.9
-2.86525 0.8
-2.865 0.6
-2.86476 0.5
-2.86452 0.4
-2.86427 0.3
-2.86403 0.2
-2.86378 0.0
-2.86354 0.0
-2.86329 -0.2
-2.86305 -0.3
-2.86281 -0.4
-2.86256 -0.6
-2.86232 -0.7
-2.86207 -0.8
-2.86183 -0.9
-2.86159 -1.0
-2.86134 -1.2
-2.8611 -1.3
-2.86085 -1.4
-2.86061 -1.5
-2.86036 -1.6
-2.86012 -1.7
-2.85988 -1.8
-2.85963 -1.9
-2.85939 -2.0
-2.85914 -2.1
-2.8589 -2.1
-2.85866 -2.2
-2.85841 -2.3
-2.85817 -2.4
-2.85792 -2.4
-2.85768 -2.5
-2.85744 -2.6
-2.85719 -2.6
-2.85695 -2.7
-2.8567 -2.7
-2.85646 -2.8
-2.85621 -2.8
-2.85597 -2.8
-2.85573 -2.8
-2.85548 -2.9
-2.85524 -2.9
-2.85499 -2.9
-2.85475 -2.9
-2.85451 -2.9
-2.85426 -2.9
-2.85402 -2.9
-2.85377 -2.9
-2.85353 -2.8
-2.85328 -2.8
-2.85304 -2.8
-2.8528 -2.8
-2.85255 -2.7
-2.85231 -2.7
-2.85206 -2.6
-2.85182 -2.6
-2.85158 -2.5
-2.85133 -2.4
-2.85109 -2.4
-2.85084 -2.3
-2.8506 -2.2
-2.85036 -2.1
-2.85011 -2.1
-2.84987 -2.0
-2.84962 -1.9
-2.84938 -1.8
-2.84913 -1.7
-2.84889 -1.6
-2.84865 -1.5
-2.8484 -1.4
-2.84816 -1.3
-2.84791 -1.1
-2.84767 -1.0
-2.84743 -0.9
-2.84718 -0.8
-2.84694 -0.7
-2.84669 -0.6
-2.84645 -0.4
-2.8462 -0.3
-2.84596 -0.2
-2.84572 0.0
-2.84547 0.0
-2.84523 0.2
-2.84498 0.3
-2.84474 0.4
-2.8445 0.5
-2.84425 0.7
-2.84401 0.8
-2.84376 0.9
-2.84352 1.0
-2.84328 1.1
-2.84303 1.2
-2.84279 1.3
-2.84254 1.5
-2.8423 1.6
-2.84205 1.7
-2.84181 1.8
-2.84157 1.9
-2.84132 2.0
-2.84108 2.0
-2.84083 2.1
-2.84059 2.2
-2.84035 2.3
-2.8401 2.4
-2.83986 2.4
-2.83961 2.5
-2.83937 2.6
-2.83912 2.6
-2.83888 2.7
-2.83864 2.7
-2.83839 2.7
-2.83815 2.8
-2.8379 2.8
-2.83766 2.8
-2.83742 2.9
-2.83717 2.9
-2.83693 2.9
-2.83668 2.9
-2.83644 2.9
-2.83619 2.9
-2.83595 2.9
-2.83571 2.9
-2.83546 2.9
-2.83522 2.8
-2.83497 2.8
-2.83473 2.8
-2.83449 2.7
-2.83424 2.7
-2.834 2.6
-2.83375 2.6
-2.83351 2.5
-2.83327 2.4
-2.83302 2.4
-2.83278 2.3
-2.83253 2.2
-2.83229 2.2
-2.83204 2.1
-2.8318 2.0
-2.83156 1.9
-2.83131 1.8
-2.83107 1.7
-2.83082 1.6
-2.83058 1.5
-2.83034 1.4
-2.83009 1.3
-2.82985 1.2
-2.8296 1.0
-2.82936 0.9
-2.82911 0.8
-2.82887 0.7
-2.82863 0.6
-2.82838 0.5
-2.82814 0.3
-2.82789 0.2
-2.82765 0.0
-2.82741 0.0
-2.82716 -0.2
-2.82692 -0.3
-2.82667 -0.4
-2.82643 -0.5
-2.82619 -0.7
-2.82594 -0.8
-2.8257 -0.9
-2.82545 -1.0
-2.82521 -1.1
-2.82496 -1.2
-2.82472 -1.3
-2.82448 -1.5
-2.82423 -1.6
-2.82399 -1.7
-2.82374 -1.8
-2.8235 -1.9
-2.82326 -1.9
-2.82301 -2.0
-2.82277 -2.1
-2.82252 -2.2
-2.82228 -2.3
-2.82203 -2.4
-2.82179 -2.4
-2.82155 -2.5
-2.8213 -2.6
-2.82106 -2.6
-2.82081 -2.7
-2.82057 -2.7
-2.82033 -2.8
-2.82008 -2.8
-2.81984 -2.8
-2.81959 -2.8
-2.81935 -2.9
-2.81911 -2.9
-2.81886 -2.9
-2.81862 -2.9
-2.81837 -2.9
-2.81813 -2.9
-2.81788 -2.9
-2.81764 -2.9
-2.8174 -2.9
-2.81715 -2.8
-2.81691 -2.8
-2.81666 -2.8
-2.81642 -2.7
-2.81618 -2.7
-2.81593 -2.6
-2.81569 -2.6
-2.81544 -2.5
-2.8152 -2.5
-2.81495 -2.4
-2.81471 -2.3
-2.81447 -2.2
-2.81422 -2.2
-2.81398 -2.1
-2.81373 -2.0
-2.81349 -1.9
-2.81325 -1.8
-2.813 -1.7
-2.81276 -1.6
-2.81251 -1.5
-2.81227 -1.4
-2.81203 -1.3
-2.81178 -1.2
-2.81154 -1.0
-2.81129 -0.9
-2.81105 -0.8
-2.8108 -0.7
-2.81056 -0.6
-2.81032 -0.4
-2.81007 -0.3
-2.80983 -0.2
-2.80958 0.0
-2.80934 0.0
-2.8091 0.2
-2.80885 0.3
-2.80861 0.4
-2.80836 0.5
-2.80812 0.7
-2.80787 0.8
-2.80763 0.9
-2.80739 1.0
-2.80714 1.1
-2.8069 1.2
-2.80665 1.4
-2.80641 1.5
-2.80617 1.6
-2.80592 1.7
-2.80568 1.8
-2.80543 1.9
-2.80519 2.0
-2.80494 2.1
-2.8047 2.1
-2.80446 2.2
-2.80421 2.3
-2.80397 2.4
-2.80372 2.4
-2.80348 2.5
-2.80324 2.6
-2.80299 2.6
-2.80275 2.7
-2.8025 2.7
-2.80226 2.8
-2.80202 2.8
-2.80177 2.8
-2.80153 2.9
-2.80128 2.9
-2.80104 2.9
-2.80079 2.9
-2.80055 2.9
-2.80031 2.9
-2.80006 2.9
-2.79982 2.9
-2.79957 2.9
-2.79933 2.9
-2.79909 2.8
-2.79884 2.8
-2.7986 2.8
-2.79835 2.7
-2.79811 2.7
-2.79786 2.6
-2.79762 2.6
-2.79738 2.5
-2.79713 2.4
-2.79689 2.4
-2.79664 2.3
-2.7964 2.2
-2.79616 2.1
-2.79591 2.1
-2.79567 2.0
-2.79542 1.9
-2.79518 1.8
-2.79494 1.7
-2.79469 1.6
-2.79445 1.5
-2.7942 1.4
-2.79396 1.2
-2.79371 1.1
-2.79347 1.0
-2.79323 0.9
-2.79298 0.8
-2.79274 0.7
-2.79249 0.5
-2.79225 0.4
-2.79201 0.3
-2.79176 0.2
-2.79152 0.0
-2.79127 0.0
-2.79103 -0.2
-2.79078 -0.3
-2.79054 -0.5
-2.7903 -0.6
-2.79005 -0.7
-2.78981 -0.8
-2.78956 -0.9
-2.78932 -1.1
-2.78908 -1.2
-2.78883 -1.3
-2.78859 -1.4
-2.78834 -1.5
-2.7881 -1.6
-2.78786 -1.7
-2.78761 -1.8
-2.78737 -1.9
-2.78712 -2.0
-2.78688 -2.1
-2.78663 -2.2
-2.78639 -2.2
-2.78615 -2.3
-2.7859 -2.4
-2.78566 -2.5
-2.78541 -2.5
-2.78517 -2.6
-2.78493 -2.6
-2.78468 -2.7
-2.78444 -2.7
-2.78419 -2.8
-2.78395 -2.8
-2.7837 -2.8
-2.78346 -2.9
-2.78322 -2.9
-2.78297 -2.9
-2.78273 -2.9
-2.78248 -2.9
-2.78224 -2.9
-2.782 -2.9
-2.78175 -2.9
-2.78151 -2.9
-2.78126 -2.9
-2.78102 -2.8
-2.78078 -2.8
-2.78053 -2.8
-2.78029 -2.7
-2.78004 -2.7
-2.7798 -2.6
-2.77955 -2.5
-2.77931 -2.5
-2.77907 -2.4
-2.77882 -2.3
-2.77858 -2.3
-2.77833 -2.2
-2.77809 -2.1
-2.77785 -2.0
-2.7776 -1.9
-2.77736 -1.8
-2.77711 -1.7
-2.77687 -1.6
-2.77662 -1.5
-2.77638 -1.4
-2.77614 -1.3
-2.77589 -1.2
-2.77565 -1.1
-2.7754 -1.0
-2.77516 -0.8
-2.77492 -0.7
-2.77467 -0.6
-2.77443 -0.5
-2.77418 -0.4
-2.77394 -0.2
-2.77369 -0.1
-2.77345 0.0
-2.77321 0.1
-2.77296 0.3
-2.77272 0.4
-2.77247 0.5
-2.77223 0.6
-2.77199 0.8
-2.77174 0.9
-2.7715 1.0
-2.77125 1.1
-2.77101 1.2
-2.77077 1.3
-2.77052 1.4
-2.77028 1.5
-2.77003 1.7
-2.76979 1.8
-2.76954 1.9
-2.7693 1.9
-2.76906 2.0
-2.76881 2.1
-2.76857 2.2
-2.76832 2.3
-2.76808 2.4
-2.76784 2.4
-2.76759 2.5
-2.76735 2.6
-2.7671 2.6
-2.76686 2.7
-2.76661 2.7
-2.76637 2.8
-2.76613 2.8
-2.76588 2.8
-2.76564 2.9
-2.76539 2.9
-2.76515 2.9
-2.76491 2.9
-2.76466 2.9
-2.76442 2.9
-2.76417 2.9
-2.76393 2.9
-2.76369 2.9
-2.76344 2.9
-2.7632 2.8
-2.76295 2.8
-2.76271 2.8
-2.76246 2.7
-2.76222 2.7
-2.76198 2.6
-2.76173 2.6
-2.76149 2.5
-2.76124 2.5
-2.761 2.4
-2.76076 2.3
-2.76051 2.2
-2.76027 2.1
-2.76002 2.1
-2.75978 2.0
-2.75953 1.9
-2.75929 1.8
-2.75905 1.7
-2.7588 1.6
-2.75856 1.5
-2.75831 1.4
-2.75807 1.2
-2.75783 1.1
-2.75758 1.0
-2.75734 0.9
-2.75709 0.8
-2.75685 0.7
-2.75661 0.5
-2.75636 0.4
-2.75612 0.3
-2.75587 0.2
-2.75563 0.0
-2.75538 0.0
-2.75514 -0.2
-2.7549 -0.3
-2.75465 -0.5
-2.75441 -0.6
-2.75416 -0.7
-2.75392 -0.8
-2.75368 -0.9
-2.75343 -1.1
-2.75319 -1.2
-2.75294 -1.3
-2.7527 -1.4
-2.75245 -1.5
-2.75221 -1.6
-2.75197 -1.7
-2.75172 -1.8
-2.75148 -1.9
-2.75123 -2.0
-2.75099 -2.1
-2.75075 -2.2
-2.7505 -2.3
-2.75026 -2.3
-2.75001 -2.4
-2.74977 -2.5
-2.74953 -2.5
-2.74928 -2.6
-2.74904 -2.7
-2.74879 -2.7
-2.74855 -2.8
-2.7483 -2.8
-2.74806 -2.8
-2.74782 -2.9
-2.74757 -2.9
-2.74733 -2.9
-2.74708 -2.9
-2.74684 -2.9
-2.7466 -2.9
-2.74635 -2.9
-2.74611 -2.9
-2.74586 -2.9
-2.74562 -2.9
-2.74537 -2.9
-2.74513 -2.8
-2.74489 -2.8
-2.74464 -2.8
-2.7444 -2.7
-2.74415 -2.7
-2.74391 -2.6
-2.74367 -2.5
-2.74342 -2.5
-2.74318 -2.4
-2.74293 -2.3
-2.74269 -2.3
-2.74244 -2.2
-2.7422 -2.1
-2.74196 -2.0
-2.74171 -1.9
-2.74147 -1.8
-2.74122 -1.7
-2.74098 -1.6
-2.74074 -1.5
-2.74049 -1.4
-2.74025 -1.3
-2.74 -1.2
-2.73976 -1.0
-2.73952 -0.9
-2.73927 -0.8
-2.73903 -0.7
-2.73878 -0.6
-2.73854 -0.4
-2.73829 -0.3
-2.73805 -0.2
-2.73781 0.0
-2.73756 0.0
-2.73732 0.2
-2.73707 0.3
-2.73683 0.4
-2.73659 0.6
-2.73634 0.7
-2.7361 0.8
-2.73585 0.9
-2.73561 1.0
-2.73536 1.2
-2.73512 1.3
-2.73488 1.4
-2.73463 1.5
-2.73439 1.6
-2.73414 1.7
-2.7339 1.8
-2.73366 1.9
-2.73341 2.0
-2.73317 2.1
-2.73292 2.2
-2.73268 2.3
-2.73244 2.3
-2.73219 2.4
-2.73195 2.5
-2.7317 2.5
-2.73146 2.6
-2.73121 2.7
-2.73097 2.7
-2.73073 2.8
-2.73048 2.8
-2.73024 2.8
-2.72999 2.9
-2.72975 2.9
-2.72951 2.9
-2.72926 2.9
-2.72902 2.9
-2.72877 2.9
-2.72853 2.9
-2.72828 2.9
-2.72804 2.9
-2.7278 2.9
-2.72755 2.9
-2.72731 2.8
-2.72706 2.8
-2.72682 2.8
-2.72658 2.7
-2.72633 2.7
-2.72609 2.6
-2.72584 2.6
-2.7256 2.5
-2.72536 2.4
-2.72511 2.3
-2.72487 2.3
-2.72462 2.2
-2.72438 2.1
-2.72413 2.0
-2.72389 1.9
-2.72365 1.8
-2.7234 1.7
-2.72316 1.6
-2.72291 1.5
-2.72267 1.4
-2.72243 1.3
-2.72218 1.2
-2.72194 1.1
-2.72169 0.9
-2.72145 0.8
-2.7212 0.7
-2.72096 0.6
-2.72072 0.5
-2.72047 0.3
-2.72023 0.2
-2.71998 0.0
-2.71974 0.0
-2.7195 -0.2
-2.71925 -0.3
-2.71901 -0.4
-2.71876 -0.6
-2.71852 -0.7
-2.71828 -0.8
-2.71803 -0.9
-2.71779 -1.0
-2.71754 -1.2
-2.7173 -1.3
-2.71705 -1.4
-2.71681 -1.5
-2.71657 -1.6
-2.71632 -1.7
-2.71608 -1.8
-2.71583 -1.9
-2.71559 -2.0
-2.71535 -2.1
-2.7151 -2.2
-2.71486 -2.3
-2.71461 -2.3
-2.71437 -2.4
-2.71412 -2.5
-2.71388 -2.5
-2.71364 -2.6
-2.71339 -2.7
-2.71315 -2.7
-2.7129 -2.8
-2.71266 -2.8
-2.71242 -2.8
-2.71217 -2.9
-2.71193 -2.9
-2.71168 -2.9
-2.71144 -2.9
-2.71119 -2.9
-2.71095 -2.9
-2.71071 -2.9
-2.71046 -2.9
-2.71022 -2.9
-2.70997 -2.9
-2.70973 -2.9
-2.70949 -2.8
-2.70924 -2.8
-2.709 -2.8
-2.70875 -2.7
-2.70851 -2.7
-2.70827 -2.6
-2.70802 -2.6
-2.70778 -2.5
-2.70753 -2.4
-2.70729 -2.3
-2.70704 -2.3
-2.7068 -2.2
-2.70656 -2.1
-2.70631 -2.0
-2.70607 -1.9
-2.70582 -1.8
-2.70558 -1.7
-2.70534 -1.6
-2.70509 -1.5
-2.70485 -1.4
-2.7046 -1.3
-2.70436 -1.2
-2.70411 -1.0
-2.70387 -0.9
-2.70363 -0.8
-2.70338 -0.7
-2.70314 -0.6
-2.70289 -0.4
-2.70265 -0.3
-2.70241 -0.2
-2.70216 0.0
-2.70192 0.0
-2.70167 0.2
-2.70143 0.3
-2.70119 0.4
-2.70094 0.6
-2.7007 0.7
-2.70045 0.8
-2.70021 0.9
-2.69996 1.1
-2.69972 1.2
-2.69948 1.3
-2.69923 1.4
-2.69899 1.5
-2.69874 1.6
-2.6985 1.7
-2.69826 1.8
-2.69801 1.9
-2.69777 2.0
-2.69752 2.1
-2.69728 2.2
-2.69703 2.3
-2.69679 2.4
-2.69655 2.4
-2.6963 2.5
-2.69606 2.6
-2.69581 2.6
-2.69557 2.7
-2.69533 2.7
-2.69508 2.8
-2.69484 2.8
-2.69459 2.8
-2.69435 2.9
-2.69411 2.9
-2.69386 2.9
-2.69362 2.9
-2.69337 2.9
-2.69313 2.9
-2.69288 2.9
-2.69264 2.9
-2.6924 2.9
-2.69215 2.9
-2.69191 2.9
-2.69166 2.8
-2.69142 2.8
-2.69118 2.8
-2.69093 2.7
-2.69069 2.7
-2.69044 2.6
-2.6902 2.5
-2.68995 2.5
-2.68971 2.4
-2.68947 2.3
-2.68922 2.2
-2.68898 2.2
-2.68873 2.1
-2.68849 2.0
-2.68825 1.9
-2.688 1.8
-2.68776 1.7
-2.68751 1.6
-2.68727 1.5
-2.68703 1.4
-2.68678 1.3
-2.68654 1.1
-2.68629 1.0
-2.68605 0.9
-2.6858 0.8
-2.68556 0.7
-2.68532 0.5
-2.68507 0.4
-2.68483 0.3
-2.68458 0.1
-2.68434 0.0
-2.6841 -0.1
-2.68385 -0.2
-2.68361 -0.4
-2.68336 -0.5
-2.68312 -0.6
-2.68287 -0.7
-2.68263 -0.9
-2.68239 -1.0
-2.68214 -1.1
-2.6819 -1.2
-2.68165 -1.3
-2.68141 -1.4
-2.68117 -1.5
-2.68092 -1.7
-2.68068 -1.8
-2.68043 -1.9
-2.68019 -2.0
-2.67994 -2.0
-2.6797 -2.1
-2.67946 -2.2
-2.67921 -2.3
-2.67897 -2.4
-2.67872 -2.5
-2.67848 -2.5
-2.67824 -2.6
-2.67799 -2.6
-2.67775 -2.7
-2.6775 -2.7
-2.67726 -2.8
-2.67702 -2.8
-2.67677 -2.9
-2.67653 -2.9
-2.67628 -2.9
-2.67604 -2.9
-2.67579 -2.9
-2.67555 -2.9
-2.67531 -2.9
-2.67506 -2.9
-2.67482 -2.9
-2.67457 -2.9
-2.67433 -2.9
-2.67409 -2.9
-2.67384 -2.8
-2.6736 -2.8
-2.67335 -2.7
-2.67311 -2.7
-2.67286 -2.6
-2.67262 -2.6
-2.67238 -2.5
-2.67213 -2.4
-2.67189 -2.4
-2.67164 -2.3
-2.6714 -2.2
-2.67116 -2.1
-2.67091 -2.0
-2.67067 -1.9
-2.67042 -1.9
-2.67018 -1.8
-2.66994 -1.6
-2.66969 -1.5
-2.66945 -1.4
-2.6692 -1.3
-2.66896 -1.2
-2.66871 -1.1
-2.66847 -1.0
-2.66823 -0.8
-2.66798 -0.7
-2.66774 -0.6
-2.66749 -0.5
-2.66725 -0.3
-2.66701 -0.2
-2.66676 0.0
-2.66652 0.0
-2.66627 0.2
-2.66603 0.3
-2.66578 0.4
-2.66554 0.5
-2.6653 0.7
-2.66505 0.8
-2.66481 0.9
-2.66456 1.0
-2.66432 1.2
-2.66408 1.3
-2.66383 1.4
-2.66359 1.5
-2.66334 1.6
-2.6631 1.7
-2.66286 1.8
-2.66261 1.9
-2.66237 2.0
-2.66212 2.1
-2.66188 2.2
-2.66163 2.3
-2.66139 2.4
-2.66115 2.4
-2.6609 2.5
-2.66066 2.6
-2.66041 2.6
-2.66017 2.7
-2.65993 2.7
-2.65968 2.8
-2.65944 2.8
-2.65919 2.8
-2.65895 2.9
-2.6587 2.9
-2.65846 2.9
-2.65822 2.9
-2.65797 2.9
-2.65773 2.9
-2.65748 2.9
-2.65724 2.9
-2.657 2.9
-2.65675 2.9
-2.65651 2.9
-2.65626 2.8
-2.65602 2.8
-2.65578 2.8
-2.65553 2.7
-2.65529 2.7
-2.65504 2.6
-2.6548 2.5
-2.65455 2.5
-2.65431 2.4
-2.65407 2.3
-2.65382 2.3
-2.65358 2.2
-2.65333 2.1
-2.65309 2.0
-2.65285 1.9
-2.6526 1.8
-2.65236 1.7
-2.65211 1.6
-2.65187 1.5
-2.65162 1.4
-2.65138 1.2
-2.65114 1.1
-2.65089 1.0
-2.65065 0.9
-2.6504 0.8
-2.65016 0.6
-2.64992 0.5
-2.64967 0.4
-2.64943 0.3
-2.64918 0.1
-2.64894 0.0
-2.64869 -0.1
-2.64845 -0.2
-2.64821 -0.4
-2.64796 -0.5
-2.64772 -0.6
-2.64747 -0.8
-2.64723 -0.9
-2.64699 -1.0
-2.64674 -1.1
-2.6465 -1.2
-2.64625 -1.4
-2.64601 -1.5
-2.64577 -1.6
-2.64552 -1.7
-2.64528 -1.8
-2.64503 -1.9
-2.64479 -2.0
-2.64454 -2.1
-2.6443 -2.2
-2.64406 -2.2
-2.64381 -2.3
-2.64357 -2.4
-2.64332 -2.5
-2.64308 -2.5
-2.64284 -2.6
-2.64259 -2.7
-2.64235 -2.7
-2.6421 -2.8
-2.64186 -2.8
-2.64161 -2.8
-2.64137 -2.9
-2.64113 -2.9
-2.64088 -2.9
-2.64064 -2.9
-2.64039 -2.9
-2.64015 -3.0
-2.63991 -2.9
-2.63966 -2.9
-2.63942 -2.9
-2.63917 -2.9
-2.63893 -2.9
-2.63869 -2.9
-2.63844 -2.8
-2.6382 -2.8
-2.63795 -2.7
-2.63771 -2.7
-2.63746 -2.6
-2.63722 -2.6
-2.63698 -2.5
-2.63673 -2.4
-2.63649 -2.4
-2.63624 -2.3
-2.636 -2.2
-2.63576 -2.1
-2.63551 -2.0
-2.63527 -1.9
-2.63502 -1.8
-2.63478 -1.7
-2.63453 -1.6
-2.63429 -1.5
-2.63405 -1.4
-2.6338 -1.3
-2.63356 -1.2
-2.63331 -1.0
-2.63307 -0.9
-2.63283 -0.8
-2.63258 -0.7
-2.63234 -0.5
-2.63209 -0.4
-2.63185 -0.3
-2.63161 -0.2
-2.63136 0.0
-2.63112 0.0
-2.63087 0.2
-2.63063 0.4
-2.63038 0.5
-2.63014 0.6
-2.6299 0.7
-2.62965 0.9
-2.62941 1.0
-2.62916 1.1
-2.62892 1.2
-2.62868 1.3
-2.62843 1.4
-2.62819 1.6
-2.62794 1.7
-2.6277 1.8
-2.62745 1.9
-2.62721 2.0
-2.62697 2.1
-2.62672 2.2
-2.62648 2.2
-2.62623 2.3
-2.62599 2.4
-2.62575 2.5
-2.6255 2.5
-2.62526 2.6
-2.62501 2.7
-2.62477 2.7
-2.62453 2.8
-2.62428 2.8
-2.62404 2.8
-2.62379 2.9
-2.62355 2.9
-2.6233 2.9
-2.62306 2.9
-2.62282 3.0
-2.62257 3.0
-2.62233 3.0
-2.62208 2.9
-2.62184 2.9
-2.6216 2.9
-2.62135 2.9
-2.62111 2.9
-2.62086 2.8
-2.62062 2.8
-2.62037 2.7
-2.62013 2.7
-2.61989 2.6
-2.61964 2.6
-2.6194 2.5
-2.61915 2.4
-2.61891 2.4
-2.61867 2.3
-2.61842 2.2
-2.61818 2.1
-2.61793 2.0
-2.61769 1.9
-2.61744 1.8
-2.6172 1.7
-2.61696 1.6
-2.61671 1.5
-2.61647 1.4
-2.61622 1.3
-2.61598 1.2
-2.61574 1.0
-2.61549 0.9
-2.61525 0.8
-2.615 0.7
-2.61476 0.5
-2.61452 0.4
-2.61427 0.3
-2.61403 0.2
-2.61378 0.0
-2.61354 0.0
-2.61329 -0.2
-2.61305 -0.4
-2.61281 -0.5
-2.61256 -0.6
-2.61232 -0.7
-2.61207 -0.9
-2.61183 -1.0
-2.61159 -1.1
-2.61134 -1.2
-2.6111 -1.3
-2.61085 -1.5
-2.61061 -1.6
-2.61036 -1.7
-2.61012 -1.8
-2.60988 -1.9
-2.60963 -2.0
-2.60939 -2.1
-2.60914 -2.2
-2.6089 -2.2
-2.60866 -2.3
-2.60841 -2.4
-2.60817 -2.5
-2.60792 -2.6
-2.60768 -2.6
-2.60744 -2.7
-2.60719 -2.7
-2.60695 -2.8
-2.6067 -2.8
-2.60646 -2.9
-2.60621 -2.9
-2.60597 -2.9
-2.60573 -2.9
-2.60548 -2.9
-2.60524 -3.0
-2.60499 -3.0
-2.60475 -3.0
-2.60451 -3.0
-2.60426 -2.9
-2.60402 -2.9
-2.60377 -2.9
-2.60353 -2.9
-2.60328 -2.8
-2.60304 -2.8
-2.6028 -2.7
-2.60255 -2.7
-2.60231 -2.6
-2.60206 -2.6
-2.60182 -2.5
-2.60158 -2.4
-2.60133 -2.4
-2.60109 -2.3
-2.60084 -2.2
-2.6006 -2.1
-2.60036 -2.0
-2.60011 -1.9
-2.59987 -1.8
-2.59962 -1.7
-2.59938 -1.6
-2.59913 -1.5
-2.59889 -1.4
-2.59865 -1.3
-2.5984 -1.1
-2.59816 -1.0
-2.59791 -0.9
-2.59767 -0.8
-2.59743 -0.7
-2.59718 -0.5
-2.59694 -0.4
-2.59669 -0.3
-2.59645 -0.1
-2.5962 0.0
-2.59596 0.1
-2.59572 0.3
-2.59547 0.4
-2.59523 0.5
-2.59498 0.6
-2.59474 0.8
-2.5945 0.9
-2.59425 1.0
-2.59401 1.1
-2.59376 1.3
-2.59352 1.4
-2.59328 1.5
-2.59303 1.6
-2.59279 1.7
-2.59254 1.8
-2.5923 1.9
-2.59205 2.0
-2.59181 2.1
-2.59157 2.2
-2.59132 2.3
-2.59108 2.4
-2.59083 2.4
-2.59059 2.5
-2.59035 2.6
-2.5901 2.6
-2.58986 2.7
-2.58961 2.7
-2.58937 2.8
-2.58912 2.8
-2.58888 2.9
-2.58864 2.9
-2.58839 2.9
-2.58815 2.9
-2.5879 3.0
-2.58766 3.0
-2.58742 3.0
-2.58717 3.0
-2.58693 3.0
-2.58668 2.9
-2.58644 2.9
-2.58619 2.9
-2.58595 2.9
-2.58571 2.8
-2.58546 2.8
-2.58522 2.7
-2.58497 2.7
-2.58473 2.6
-2.58449 2.6
-2.58424 2.5
-2.584 2.4
-2.58375 2.3
-2.58351 2.3
-2.58327 2.2
-2.58302 2.1
-2.58278 2.0
-2.58253 1.9
-2.58229 1.8
-2.58204 1.7
-2.5818 1.6
-2.58156 1.5
-2.58131 1.3
-2.58107 1.2
-2.58082 1.1
-2.58058 1.0
-2.58034 0.9
-2.58009 0.7
-2.57985 0.6
-2.5796 0.5
-2.57936 0.4
-2.57911 0.2
-2.57887 0.0
-2.57863 0.0
-2.57838 -0.2
-2.57814 -0.3
-2.57789 -0.4
-2.57765 -0.6
-2.57741 -0.7
-2.57716 -0.8
-2.57692 -0.9
-2.57667 -1.1
-2.57643 -1.2
-2.57619 -1.3
-2.57594 -1.4
-2.5757 -1.5
-2.57545 -1.6
-2.57521 -1.7
-2.57496 -1.8
-2.57472 -1.9
-2.57448 -2.0
-2.57423 -2.1
-2.57399 -2.2
-2.57374 -2.3
-2.5735 -2.4
-2.57326 -2.5
-2.57301 -2.5
-2.57277 -2.6
-2.57252 -2.7
-2.57228 -2.7
-2.57203 -2.8
-2.57179 -2.8
-2.57155 -2.8
-2.5713 -2.9
-2.57106 -2.9
-2.57081 -2.9
-2.57057 -3.0
-2.57033 -3.0
-2.57008 -3.0
-2.56984 -3.0
-2.56959 -3.0
-2.56935 -3.0
-2.56911 -2.9
-2.56886 -2.9
-2.56862 -2.9
-2.56837 -2.8
-2.56813 -2.8
-2.56788 -2.8
-2.56764 -2.7
-2.5674 -2.7
-2.56715 -2.6
-2.56691 -2.5
-2.56666 -2.5
-2.56642 -2.4
-2.56618 -2.3
-2.56593 -2.2
-2.56569 -2.1
-2.56544 -2.0
-2.5652 -1.9
-2.56495 -1.8
-2.56471 -1.7
-2.56447 -1.6
-2.56422 -1.5
-2.56398 -1.4
-2.56373 -1.3
-2.56349 -1.2
-2.56325 -1.0
-2.563 -0.9
-2.56276 -0.8
-2.56251 -0.7
-2.56227 -0.5
-2.56203 -0.4
-2.56178 -0.3
-2.56154 -0.2
-2.56129 0.0
-2.56105 0.1
-2.5608 0.2
-2.56056 0.4
-2.56032 0.5
-2.56007 0.6
-2.55983 0.8
-2.55958 0.9
-2.55934 1.0
-2.5591 1.1
-2.55885 1.2
-2.55861 1.4
-2.55836 1.5
-2.55812 1.6
-2.55787 1.7
-2.55763 1.8
-2.55739 1.9
-2.55714 2.0
-2.5569 2.1
-2.55665 2.2
-2.55641 2.3
-2.55617 2.4
-2.55592 2.4
-2.55568 2.5
-2.55543 2.6
-2.55519 2.6
-2.55494 2.7
-2.5547 2.8
-2.55446 2.8
-2.55421 2.8
-2.55397 2.9
-2.55372 2.9
-2.55348 2.9
-2.55324 3.0
-2.55299 3.0
-2.55275 3.0
-2.5525 3.0
-2.55226 3.0
-2.55202 3.0
-2.55177 2.9
-2.55153 2.9
-2.55128 2.9
-2.55104 2.9
-2.55079 2.8
-2.55055 2.8
-2.55031 2.7
-2.55006 2.7
-2.54982 2.6
-2.54957 2.6
-2.54933 2.5
-2.54909 2.4
-2.54884 2.3
-2.5486 2.3
-2.54835 2.2
-2.54811 2.1
-2.54786 2.0
-2.54762 1.9
-2.54738 1.8
-2.54713 1.7
-2.54689 1.6
-2.54664 1.4
-2.5464 1.3
-2.54616 1.2
-2.54591 1.1
-2.54567 1.0
-2.54542 0.8
-2.54518 0.7
-2.54494 0.6
-2.54469 0.5
-2.54445 0.3
-2.5442 0.2
-2.54396 0.0
-2.54371 0.0
-2.54347 -0.2
-2.54323 -0.3
-2.54298 -0.5
-2.54274 -0.6
-2.54249 -0.7
-2.54225 -0.8
-2.54201 -1.0
-2.54176 -1.1
-2.54152 -1.2
-2.54127 -1.3
-2.54103 -1.5
-2.54078 -1.6
-2.54054 -1.7
-2.5403 -1.8
-2.54005 -1.9
-2.53981 -2.0
-2.53956 -2.1
-2.53932 -2.2
-2.53908 -2.3
-2.53883 -2.3
-2.53859 -2.4
-2.53834 -2.5
-2.5381 -2.6
-2.53786 -2.6
-2.53761 -2.7
-2.53737 -2.7
-2.53712 -2.8
-2.53688 -2.8
-2.53663 -2.9
-2.53639 -2.9
-2.53615 -2.9
-2.5359 -3.0
-2.53566 -3.0
-2.53541 -3.0
-2.53517 -3.0
-2.53493 -3.0
-2.53468 -3.0
-2.53444 -3.0
-2.53419 -2.9
-2.53395 -2.9
-2.5337 -2.9
-2.53346 -2.8
-2.53322 -2.8
-2.53297 -2.7
-2.53273 -2.7
-2.53248 -2.6
-2.53224 -2.6
-2.532 -2.5
-2.53175 -2.4
-2.53151 -2.4
-2.53126 -2.3
-2.53102 -2.2
-2.53078 -2.1
-2.53053 -2.0
-2.53029 -1.9
-2.53004 -1.8
-2.5298 -1.7
-2.52955 -1.6
-2.52931 -1.5
-2.52907 -1.3
-2.52882 -1.2
-2.52858 -1.1
-2.52833 -1.0
-2.52809 -0.9
-2.52785 -0.7
-2.5276 -0.6
-2.52736 -0.5
-2.52711 -0.3
-2.52687 -0.2
-2.52662 0.0
-2.52638 0.0
-2.52614 0.2
-2.52589 0.3
-2.52565 0.4
-2.5254 0.6
-2.52516 0.7
-2.52492 0.8
-2.52467 1.0
-2.52443 1.1
-2.52418 1.2
-2.52394 1.3
-2.52369 1.4
-2.52345 1.6
-2.52321 1.7
-2.52296 1.8
-2.52272 1.9
-2.52247 2.0
-2.52223 2.1
-2.52199 2.2
-2.52174 2.3
-2.5215 2.3
-2.52125 2.4
-2.52101 2.5
-2.52077 2.6
-2.52052 2.6
-2.52028 2.7
-2.52003 2.7
-2.51979 2.8
-2.51954 2.8
-2.5193 2.9
-2.51906 2.9
-2.51881 2.9
-2.51857 3.0
-2.51832 3.0
-2.51808 3.0
-2.51784 3.0
-2.51759 3.0
-2.51735 3.0
-2.5171 3.0
-2.51686 2.9
-2.51661 2.9
-2.51637 2.9
-2.51613 2.8
-2.51588 2.8
-2.51564 2.8
-2.51539 2.7
-2.51515 2.6
-2.51491 2.6
-2.51466 2.5
-2.51442 2.4
-2.51417 2.4
-2.51393 2.3
-2.51369 2.2
-2.51344 2.1
-2.5132 2.0
-2.51295 1.9
-2.51271 1.8
-2.51246 1.7
-2.51222 1.6
-2.51198 1.5
-2.51173 1.3
-2.51149 1.2
-2.51124 1.1
-2.511 1.0
-2.51076 0.9
-2.51051 0.7
-2.51027 0.6
-2.51002 0.5
-2.50978 0.3
-2.50953 0.2
-2.50929 0.0
-2.50905 0.0
-2.5088 -0.2
-2.50856 -0.3
-2.50831 -0.5
-2.50807 -0.6
-2.50783 -0.7
-2.50758 -0.8
-2.50734 -1.0
-2.50709 -1.1
-2.50685 -1.2
-2.50661 -1.3
-2.50636 -1.5
-2.50612 -1.6
-2.50587 -1.7
-2.50563 -1.8
-2.50538 -1.9
-2.50514 -2.0
-2.5049 -2.1
-2.50465 -2.2
-2.50441 -2.3
-2.50416 -2.4
-2.50392 -2.4
-2.50368 -2.5
-2.50343 -2.6
-2.50319 -2.6
-2.50294 -2.7
-2.5027 -2.8
-2.50245 -2.8
-2.50221 -2.8
-2.50197 -2.9
-2.50172 -2.9
-2.50148 -2.9
-2.50123 -3.0
-2.50099 -3.0
-2.50075 -3.0
-2.5005 -3.0
-2.50026 -3.0
-2.50001 -3.0
-2.49977 -3.0
-2.49953 -2.9
-2.49928 -2.9
-2.49904 -2.9
-2.49879 -2.8
-2.49855 -2.8
-2.4983 -2.7
-2.49806 -2.7
-2.49782 -2.6
-2.49757 -2.6
-2.49733 -2.5
-2.49708 -2.4
-2.49684 -2.3
-2.4966 -2.3
-2.49635 -2.2
-2.49611 -2.1
-2.49586 -2.0
-2.49562 -1.9
-2.49537 -1.8
-2.49513 -1.7
-2.49489 -1.6
-2.49464 -1.4
-2.4944 -1.3
-2.49415 -1.2
-2.49391 -1.1
-2.49367 -1.0
-2.49342 -0.8
-2.49318 -0.7
-2.49293 -0.6
-2.49269 -0.4
-2.49244 -0.3
-2.4922 -0.2
-2.49196 0.0
-2.49171 0.0
-2.49147 0.2
-2.49122 0.4
-2.49098 0.5
-2.49074 0.6
-2.49049 0.8
-2.49025 0.9
-2.49 1.0
-2.48976 1.1
-2.48952 1.3
-2.48927 1.4
-2.48903 1.5
-2.48878 1.6
-2.48854 1.7
-2.48829 1.8
-2.48805 1.9
-2.48781 2.0
-2.48756 2.1
-2.48732 2.2
-2.48707 2.3
-2.48683 2.4
-2.48659 2.5
-2.48634 2.5
-2.4861 2.6
-2.48585 2.7
-2.48561 2.7
-2.48536 2.8
-2.48512 2.8
-2.48488 2.9
-2.48463 2.9
-2.48439 2.9
-2.48414 3.0
-2.4839 3.0
-2.48366 3.0
-2.48341 3.0
-2.48317 3.0
-2.48292 3.0
-2.48268 3.0
-2.48244 3.0
-2.48219 2.9
-2.48195 2.9
-2.4817 2.9
-2.48146 2.8
-2.48121 2.8
-2.48097 2.7
-2.48073 2.7
-2.48048 2.6
-2.48024 2.5
-2.47999 2.5
-2.47975 2.4
-2.47951 2.3
-2.47926 2.2
-2.47902 2.1
-2.47877 2.0
-2.47853 1.9
-2.47828 1.8
-2.47804 1.7
-2.4778 1.6
-2.47755 1.5
-2.47731 1.4
-2.47706 1.3
-2.47682 1.2
-2.47658 1.0
-2.47633 0.9
-2.47609 0.8
-2.47584 0.6
-2.4756 0.5
-2.47536 0.4
-2.47511 0.2
-2.47487 0.1
-2.47462 0.0
-2.47438 -0.2
-2.47413 -0.3
-2.47389 -0.4
-2.47365 -0.5
-2.4734 -0.7
-2.47316 -0.8
-2.47291 -0.9
-2.47267 -1.1
-2.47243 -1.2
-2.47218 -1.3
-2.47194 -1.4
-2.47169 -1.5
-2.47145 -1.7
-2.4712 -1.8
-2.47096 -1.9
-2.47072 -2.0
-2.47047 -2.1
-2.47023 -2.2
-2.46998 -2.3
-2.46974 -2.3
-2.4695 -2.4
-2.46925 -2.5
-2.46901 -2.6
-2.46876 -2.6
-2.46852 -2.7
-2.46828 -2.8
-2.46803 -2.8
-2.46779 -2.8
-2.46754 -2.9
-2.4673 -2.9
-2.46705 -2.9
-2.46681 -3.0
-2.46657 -3.0
-2.46632 -3.0
-2.46608 -3.0
-2.46583 -3.0
-2.46559 -3.0
-2.46535 -3.0
-2.4651 -3.0
-2.46486 -2.9
-2.46461 -2.9
-2.46437 -2.9
-2.46412 -2.8
-2.46388 -2.8
-2.46364 -2.7
-2.46339 -2.7
-2.46315 -2.6
-2.4629 -2.5
-2.46266 -2.4
-2.46242 -2.4
-2.46217 -2.3
-2.46193 -2.2
-2.46168 -2.1
-2.46144 -2.0
-2.46119 -1.9
-2.46095 -1.8
-2.46071 -1.7
-2.46046 -1.6
-2.46022 -1.4
-2.45997 -1.3
-2.45973 -1.2
-2.45949 -1.1
-2.45924 -1.0
-2.459 -0.8
-2.45875 -0.7
-2.45851 -0.6
-2.45827 -0.4
-2.45802 -0.3
-2.45778 -0.2
-2.45753 0.0
-2.45729 0.0
-2.45704 0.2
-2.4568 0.4
-2.45656 0.5
-2.45631 0.6
-2.45607 0.8
-2.45582 0.9
-2.45558 1.0
-2.45534 1.1
-2.45509 1.3
-2.45485 1.4
-2.4546 1.5
-2.45436 1.6
-2.45411 1.7
-2.45387 1.8
-2.45363 1.9
-2.45338 2.0
-2.45314 2.1
-2.45289 2.2
-2.45265 2.3
-2.45241 2.4
-2.45216 2.5
-2.45192 2.6
-2.45167 2.6
-2.45143 2.7
-2.45119 2.7
-2.45094 2.8
-2.4507 2.8
-2.45045 2.9
-2.45021 2.9
-2.44996 2.9
-2.44972 3.0
-2.44948 3.0
-2.44923 3.0
-2.44899 3.0
-2.44874 3.0
-2.4485 3.0
-2.44826 3.0
-2.44801 3.0
-2.44777 2.9
-2.44752 2.9
-2.44728 2.9
-2.44703 2.8
-2.44679 2.8
-2.44655 2.7
-2.4463 2.7
-2.44606 2.6
-2.44581 2.5
-2.44557 2.5
-2.44533 2.4
-2.44508 2.3
-2.44484 2.2
-2.44459 2.1
-2.44435 2.0
-2.44411 1.9
-2.44386 1.8
-2.44362 1.7
-2.44337 1.6
-2.44313 1.5
-2.44288 1.4
-2.44264 1.2
-2.4424 1.1
-2.44215 1.0
-2.44191 0.9
-2.44166 0.7
-2.44142 0.6
-2.44118 0.5
-2.44093 0.3
-2.44069 0.2
-2.44044 0.0
-2.4402 0.0
-2.43995 -0.2
-2.43971 -0.3
-2.43947 -0.5
-2.43922 -0.6
-2.43898 -0.7
-2.43873 -0.9
-2.43849 -1.0
-2.43825 -1.1
-2.438 -1.2
-2.43776 -1.4
-2.43751 -1.5
-2.43727 -1.6
-2.43703 -1.7
-2.43678 -1.8
-2.43654 -1.9
-2.43629 -2.0
-2.43605 -2.1
-2.4358 -2.2
-2.43556 -2.3
-2.43532 -2.4
-2.43507 -2.5
-2.43483 -2.5
-2.43458 -2.6
-2.43434 -2.7
-2.4341 -2.7
-2.43385 -2.8
-2.43361 -2.8
-2.43336 -2.9
-2.43312 -2.9
-2.43287 -2.9
-2.43263 -3.0
-2.43239 -3.0
-2.43214 -3.0
-2.4319 -3.0
-2.43165 -3.0
-2.43141 -3.0
-2.43117 -3.0
-2.43092 -3.0
-2.43068 -2.9
-2.43043 -2.9
-2.43019 -2.9
-2.42994 -2.8
-2.4297 -2.8
-2.42946 -2.7
-2.42921 -2.7
-2.42897 -2.6
-2.42872 -2.6
-2.42848 -2.5
-2.42824 -2.4
-2.42799 -2.3
-2.42775 -2.2
-2.4275 -2.1
-2.42726 -2.0
-2.42702 -1.9
-2.42677 -1.8
-2.42653 -1.7
-2.42628 -1.6
-2.42604 -1.5
-2.42579 -1.4
-2.42555 -1.2
-2.42531 -1.1
-2.42506 -1.0
-2.42482 -0.9
-2.42457 -0.7
-2.42433 -0.6
-2.42409 -0.5
-2.42384 -0.3
-2.4236 -0.2
-2.42335 0.0
-2.42311 0.0
-2.42286 0.2
-2.42262 0.3
-2.42238 0.5
-2.42213 0.6
-2.42189 0.7
-2.42164 0.9
-2.4214 1.0
-2.42116 1.1
-2.42091 1.2
-2.42067 1.4
-2.42042 1.5
-2.42018 1.6
-2.41994 1.7
-2.41969 1.8
-2.41945 1.9
-2.4192 2.0
-2.41896 2.1
-2.41871 2.2
-2.41847 2.3
-2.41823 2.4
-2.41798 2.5
-2.41774 2.5
-2.41749 2.6
-2.41725 2.7
-2.41701 2.7
-2.41676 2.8
-2.41652 2.8
-2.41627 2.9
-2.41603 2.9
-2.41578 3.0
-2.41554 3.0
-2.4153 3.0
-2.41505 3.0
-2.41481 3.0
-2.41456 3.0
-2.41432 3.0
-2.41408 3.0
-2.41383 3.0
-2.41359 3.0
-2.41334 2.9
-2.4131 2.9
-2.41286 2.8
-2.41261 2.8
-2.41237 2.7
-2.41212 2.7
-2.41188 2.6
-2.41163 2.5
-2.41139 2.5
-2.41115 2.4
-2.4109 2.3
-2.41066 2.2
-2.41041 2.1
-2.41017 2.0
-2.40993 1.9
-2.40968 1.8
-2.40944 1.7
-2.40919 1.6
-2.40895 1.5
-2.4087 1.4
-2.40846 1.2
-2.40822 1.1
-2.40797 1.0
-2.40773 0.9
-2.40748 0.7
-2.40724 0.6
-2.407 0.5
-2.40675 0.3
-2.40651 0.2
-2.40626 0.0
-2.40602 0.0
-2.40578 -0.2
-2.40553 -0.4
-2.40529 -0.5
-2.40504 -0.6
-2.4048 -0.8
-2.40455 -0.9
-2.40431 -1.0
-2.40407 -1.1
-2.40382 -1.3
-2.40358 -1.4
-2.40333 -1.5
-2.40309 -1.6
-2.40285 -1.7
-2.4026 -1.8
-2.40236 -1.9
-2.40211 -2.1
-2.40187 -2.1
-2.40162 -2.2
-2.40138 -2.3
-2.40114 -2.4
-2.40089 -2.5
-2.40065 -2.6
-2.4004 -2.6
-2.40016 -2.7
-2.39992 -2.8
-2.39967 -2.8
-2.39943 -2.9
-2.39918 -2.9
-2.39894 -2.9
-2.39869 -3.0
-2.39845 -3.0
-2.39821 -3.0
-2.39796 -3.0
-2.39772 -3.0
-2.39747 -3.0
-2.39723 -3.0
-2.39699 -3.0
-2.39674 -3.0
-2.3965 -3.0
-2.39625 -2.9
-2.39601 -2.9
-2.39577 -2.8
-2.39552 -2.8
-2.39528 -2.7
-2.39503 -2.7
-2.39479 -2.6
-2.39454 -2.5
-2.3943 -2.5
-2.39406 -2.4
-2.39381 -2.3
-2.39357 -2.2
-2.39332 -2.1
-2.39308 -2.0
-2.39284 -1.9
-2.39259 -1.8
-2.39235 -1.7
-2.3921 -1.6
-2.39186 -1.4
-2.39161 -1.3
-2.39137 -1.2
-2.39113 -1.1
-2.39088 -0.9
-2.39064 -0.8
-2.39039 -0.7
-2.39015 -0.6
-2.38991 -0.4
-2.38966 -0.3
-2.38942 -0.1
-2.38917 0.0
-2.38893 0.1
-2.38869 0.3
-2.38844 0.4
-2.3882 0.5
-2.38795 0.7
-2.38771 0.8
-2.38746 0.9
-2.38722 1.1
-2.38698 1.2
-2.38673 1.3
-2.38649 1.4
-2.38624 1.5
-2.386 1.7
-2.38576 1.8
-2.38551 1.9
-2.38527 2.0
-2.38502 2.1
-2.38478 2.2
-2.38453 2.3
-2.38429 2.4
-2.38405 2.4
-2.3838 2.5
-2.38356 2.6
-2.38331 2.7
-2.38307 2.7
-2.38283 2.8
-2.38258 2.8
-2.38234 2.9
-2.38209 2.9
-2.38185 3.0
-2.38161 3.0
-2.38136 3.0
-2.38112 3.0
-2.38087 3.0
-2.38063 3.0
-2.38038 3.0
-2.38014 3.0
-2.3799 3.0
-2.37965 3.0
-2.37941 2.9
-2.37916 2.9
-2.37892 2.9
-2.37868 2.8
-2.37843 2.8
-2.37819 2.7
-2.37794 2.6
-2.3777 2.6
-2.37745 2.5
-2.37721 2.4
-2.37697 2.3
-2.37672 2.3
-2.37648 2.2
-2.37623 2.1
-2.37599 2.0
-2.37575 1.9
-2.3755 1.7
-2.37526 1.6
-2.37501 1.5
-2.37477 1.4
-2.37453 1.3
-2.37428 1.1
-2.37404 1.0
-2.37379 0.9
-2.37355 0.8
-2.3733 0.6
-2.37306 0.5
-2.37282 0.4
-2.37257 0.2
-2.37233 0.0
-2.37208 0.0
-2.37184 -0.2
-2.3716 -0.3
-2.37135 -0.5
-2.37111 -0.6
-2.37086 -0.7
-2.37062 -0.9
-2.37037 -1.0
-2.37013 -1.1
-2.36989 -1.3
-2.36964 -1.4
-2.3694 -1.5
-2.36915 -1.6
-2.36891 -1.7
-2.36867 -1.8
-2.36842 -1.9
-2.36818 -2.0
-2.36793 -2.1
-2.36769 -2.2
-2.36744 -2.3
-2.3672 -2.4
-2.36696 -2.5
-2.36671 -2.6
-2.36647 -2.6
-2.36622 -2.7
-2.36598 -2.8
-2.36574 -2.8
-2.36549 -2.9
-2.36525 -2.9
-2.365 -2.9
-2.36476 -3.0
-2.36452 -3.0
-2.36427 -3.0
-2.36403 -3.0
-2.36378 -3.0
-2.36354 -3.0
-2.36329 -3.0
-2.36305 -3.0
-2.36281 -3.0
-2.36256 -3.0
-2.36232 -2.9
-2.36207 -2.9
-2.36183 -2.8
-2.36159 -2.8
-2.36134 -2.7
-2.3611 -2.7
-2.36085 -2.6
-2.36061 -2.5
-2.36036 -2.5
-2.36012 -2.4
-2.35988 -2.3
-2.35963 -2.2
-2.35939 -2.1
-2.35914 -2.0
-2.3589 -1.9
-2.35866 -1.8
-2.35841 -1.7
-2.35817 -1.6
-2.35792 -1.4
-2.35768 -1.3
-2.35744 -1.2
-2.35719 -1.1
-2.35695 -0.9
-2.3567 -0.8
-2.35646 -0.7
-2.35621 -0.5
-2.35597 -0.4
-2.35573 -0.3
-2.35548 -0.1
-2.35524 0.0
-2.35499 0.1
-2.35475 0.3
-2.35451 0.4
-2.35426 0.6
-2.35402 0.7
-2.35377 0.8
-2.35353 1.0
-2.35328 1.1
-2.35304 1.2
-2.3528 1.3
-2.35255 1.5
-2.35231 1.6
-2.35206 1.7
-2.35182 1.8
-2.35158 1.9
-2.35133 2.0
-2.35109 2.1
-2.35084 2.2
-2.3506 2.3
-2.35036 2.4
-2.35011 2.5
-2.34987 2.6
-2.34962 2.6
-2.34938 2.7
-2.34913 2.8
-2.34889 2.8
-2.34865 2.9
-2.3484 2.9
-2.34816 2.9
-2.34791 3.0
-2.34767 3.0
-2.34743 3.0
-2.34718 3.0
-2.34694 3.0
-2.34669 3.0
-2.34645 3.0
-2.3462 3.0
-2.34596 3.0
-2.34572 3.0
-2.34547 2.9
-2.34523 2.9
-2.34498 2.9
-2.34474 2.8
-2.3445 2.8
-2.34425 2.7
-2.34401 2.6
-2.34376 2.6
-2.34352 2.5
-2.34328 2.4
-2.34303 2.3
-2.34279 2.2
-2.34254 2.1
-2.3423 2.0
-2.34205 1.9
-2.34181 1.8
-2.34157 1.7
-2.34132 1.6
-2.34108 1.5
-2.34083 1.3
-2.34059 1.2
-2.34035 1.1
-2.3401 1.0
-2.33986 0.8
-2.33961 0.7
-2.33937 0.6
-2.33912 0.4
-2.33888 0.3
-2.33864 0.1
-2.33839 0.0
-2.33815 -0.1
-2.3379 -0.3
-2.33766 -0.4
-2.33742 -0.5
-2.33717 -0.7
-2.33693 -0.8
-2.33668 -0.9
-2.33644 -1.1
-2.33619 -1.2
-2.33595 -1.3
-2.33571 -1.4
-2.33546 -1.6
-2.33522 -1.7
-2.33497 -1.8
-2.33473 -1.9
-2.33449 -2.0
-2.33424 -2.1
-2.334 -2.2
-2.33375 -2.3
-2.33351 -2.4
-2.33327 -2.5
-2.33302 -2.6
-2.33278 -2.6
-2.33253 -2.7
-2.33229 -2.8
-2.33204 -2.8
-2.3318 -2.9
-2.33156 -2.9
-2.33131 -2.9
-2.33107 -3.0
-2.33082 -3.0
-2.33058 -3.0
-2.33034 -3.0
-2.33009 -3.0
-2.32985 -3.0
-2.3296 -3.0
-2.32936 -3.0
-2.32911 -3.0
-2.32887 -3.0
-2.32863 -2.9
-2.32838 -2.9
-2.32814 -2.9
-2.32789 -2.8
-2.32765 -2.8
-2.32741 -2.7
-2.32716 -2.6
-2.32692 -2.6
-2.32667 -2.5
-2.32643 -2.4
-2.32619 -2.3
-2.32594 -2.2
-2.3257 -2.1
-2.32545 -2.0
-2.32521 -1.9
-2.32496 -1.8
-2.32472 -1.7
-2.32448 -1.6
-2.32423 -1.5
-2.32399 -1.3
-2.32374 -1.2
-2.3235 -1.1
-2.32326 -1.0
-2.32301 -0.8
-2.32277 -0.7
-2.32252 -0.6
-2.32228 -0.4
-2.32203 -0.3
-2.32179 -0.1
-2.32155 0.0
-2.3213 0.1
-2.32106 0.3
-2.32081 0.4
-2.32057 0.5
-2.32033 0.7
-2.32008 0.8
-2.31984 1.0
-2.31959 1.1
-2.31935 1.2
-2.31911 1.3
-2.31886 1.5
-2.31862 1.6
-2.31837 1.7
-2.31813 1.8
-2.31788 1.9
-2.31764 2.0
-2.3174 2.1
-2.31715 2.2
-2.31691 2.3
-2.31666 2.4
-2.31642 2.5
-2.31618 2.6
-2.31593 2.6
-2.31569 2.7
-2.31544 2.8
-2.3152 2.8
-2.31495 2.9
-2.31471 2.9
-2.31447 3.0
-2.31422 3.0
-2.31398 3.0
-2.31373 3.0
-2.31349 3.0
-2.31325 3.0
-2.313 3.0
-2.31276 3.0
-2.31251 3.0
-2.31227 3.0
-2.31203 3.0
-2.31178 2.9
-2.31154 2.9
-2.31129 2.9
-2.31105 2.8
-2.3108 2.8
-2.31056 2.7
-2.31032 2.6
-2.31007 2.6
-2.30983 2.5
-2.30958 2.4
-2.30934 2.3
-2.3091 2.2
-2.30885 2.1
-2.30861 2.0
-2.30836 1.9
-2.30812 1.8
-2.30787 1.7
-2.30763 1.6
-2.30739 1.4
-2.30714 1.3
-2.3069 1.2
-2.30665 1.1
-2.30641 0.9
-2.30617 0.8
-2.30592 0.7
-2.30568 0.5
-2.30543 0.4
-2.30519 0.3
-2.30494 0.1
-2.3047 0.0
-2.30446 -0.2
-2.30421 -0.3
-2.30397 -0.4
-2.30372 -0.6
-2.30348 -0.7
-2.30324 -0.9
-2.30299 -1.0
-2.30275 -1.1
-2.3025 -1.2
-2.30226 -1.4
-2.30202 -1.5
-2.30177 -1.6
-2.30153 -1.7
-2.30128 -1.8
-2.30104 -2.0
-2.30079 -2.1
-2.30055 -2.2
-2.30031 -2.3
-2.30006 -2.3
-2.29982 -2.4
-2.29957 -2.5
-2.29933 -2.6
-2.29909 -2.7
-2.29884 -2.7
-2.2986 -2.8
-2.29835 -2.8
-2.29811 -2.9
-2.29786 -2.9
-2.29762 -3.0
-2.29738 -3.0
-2.29713 -3.0
-2.29689 -3.0
-2.29664 -3.0
-2.2964 -3.0
-2.29616 -3.0
-2.29591 -3.0
-2.29567 -3.0
-2.29542 -3.0
-2.29518 -3.0
-2.29494 -2.9
-2.29469 -2.9
-2.29445 -2.9
-2.2942 -2.8
-2.29396 -2.7
-2.29371 -2.7
-2.29347 -2.6
-2.29323 -2.5
-2.29298 -2.5
-2.29274 -2.4
-2.29249 -2.3
-2.29225 -2.2
-2.29201 -2.1
-2.29176 -2.0
-2.29152 -1.9
-2.29127 -1.8
-2.29103 -1.6
-2.29078 -1.5
-2.29054 -1.4
-2.2903 -1.3
-2.29005 -1.1
-2.28981 -1.0
-2.28956 -0.9
-2.28932 -0.7
-2.28908 -0.6
-2.28883 -0.5
-2.28859 -0.3
-2.28834 -0.2
-2.2881 0.0
-2.28786 0.0
-2.28761 0.2
-2.28737 0.4
-2.28712 0.5
-2.28688 0.6
-2.28663 0.8
-2.28639 0.9
-2.28615 1.0
-2.2859 1.2
-2.28566 1.3
-2.28541 1.4
-2.28517 1.5
-2.28493 1.7
-2.28468 1.8
-2.28444 1.9
-2.28419 2.0
-2.28395 2.1
-2.2837 2.2
-2.28346 2.3
-2.28322 2.4
-2.28297 2.5
-2.28273 2.6
-2.28248 2.6
-2.28224 2.7
-2.282 2.8
-2.28175 2.8
-2.28151 2.9
-2.28126 2.9
-2.28102 3.0
-2.28078 3.0
-2.28053 3.0
-2.28029 3.0
-2.28004 3.0
-2.2798 3.1
-2.27955 3.1
-2.27931 3.0
-2.27907 3.0
-2.27882 3.0
-2.27858 3.0
-2.27833 3.0
-2.27809 2.9
-2.27785 2.9
-2.2776 2.8
-2.27736 2.8
-2.27711 2.7
-2.27687 2.6
-2.27662 2.6
-2.27638 2.5
-2.27614 2.4
-2.27589 2.3
-2.27565 2.2
-2.2754 2.1
-2.27516 2.0
-2.27492 1.9
-2.27467 1.8
-2.27443 1.7
-2.27418 1.6
-2.27394 1.5
-2.27369 1.3
-2.27345 1.2
-2.27321 1.1
-2.27296 0.9
-2.27272 0.8
-2.27247 0.7
-2.27223 0.5
-2.27199 0.4
-2.27174 0.3
-2.2715 0.1
-2.27125 0.0
-2.27101 -0.2
-2.27077 -0.3
-2.27052 -0.4
-2.27028 -0.6
-2.27003 -0.7
-2.26979 -0.9
-2.26954 -1.0
-2.2693 -1.1
-2.26906 -1.3
-2.26881 -1.4
-2.26857 -1.5
-2.26832 -1.6
-2.26808 -1.7
-2.26784 -1.9
-2.26759 -2.0
-2.26735 -2.1
-2.2671 -2.2
-2.26686 -2.3
-2.26661 -2.4
-2.26637 -2.4
-2.26613 -2.5
-2.26588 -2.6
-2.26564 -2.7
-2.26539 -2.7
-2.26515 -2.8
-2.26491 -2.9
-2.26466 -2.9
-2.26442 -2.9
-2.26417 -3.0
-2.26393 -3.0
-2.26369 -3.0
-2.26344 -3.0
-2.2632 -3.1
-2.26295 -3.1
-2.26271 -3.1
-2.26246 -3.0
-2.26222 -3.0
-2.26198 -3.0
-2.26173 -3.0
-2.26149 -2.9
-2.26124 -2.9
-2.261 -2.9
-2.26076 -2.8
-2.26051 -2.7
-2.26027 -2.7
-2.26002 -2.6
-2.25978 -2.5
-2.25953 -2.4
-2.25929 -2.4
-2.25905 -2.3
-2.2588 -2.2
-2.25856 -2.1
-2.25831 -2.0
-2.25807 -1.8
-2.25783 -1.7
-2.25758 -1.6
-2.25734 -1.5
-2.25709 -1.4
-2.25685 -1.2
-2.25661 -1.1
-2.25636 -1.0
-2.25612 -0.8
-2.25587 -0.7
-2.25563 -0.6
-2.25538 -0.4
-2.25514 -0.3
-2.2549 -0.1
-2.25465 0.0
-2.25441 0.1
-2.25416 0.3
-2.25392 0.4
-2.25368 0.6
-2.25343 0.7
-2.25319 0.8
-2.25294 1.0
-2.2527 1.1
-2.25245 1.2
-2.25221 1.4
-2.25197 1.5
-2.25172 1.6
-2.25148 1.7
-2.25123 1.8
-2.25099 1.9
-2.25075 2.1
-2.2505 2.2
-2.25026 2.3
-2.25001 2.3
-2.24977 2.4
-2.24953 2.5
-2.24928 2.6
-2.24904 2.7
-2.24879 2.7
-2.24855 2.8
-2.2483 2.9
-2.24806 2.9
-2.24782 2.9
-2.24757 3.0
-2.24733 3.0
-2.24708 3.0
-2.24684 3.1
-2.2466 3.1
-2.24635 3.1
-2.24611 3.1
-2.24586 3.1
-2.24562 3.0
-2.24537 3.0
-2.24513 3.0
-2.24489 3.0
-2.24464 2.9
-2.2444 2.9
-2.24415 2.8
-2.24391 2.8
-2.24367 2.7
-2.24342 2.6
-2.24318 2.5
-2.24293 2.5
-2.24269 2.4
-2.24244 2.3
-2.2422 2.2
-2.24196 2.1
-2.24171 2.0
-2.24147 1.9
-2.24122 1.7
-2.24098 1.6
-2.24074 1.5
-2.24049 1.4
-2.24025 1.3
-2.24 1.1
-2.23976 1.0
-2.23952 0.9
-2.23927 0.7
-2.23903 0.6
-2.23878 0.4
-2.23854 0.3
-2.23829 0.2
-2.23805 0.0
-2.23781 -0.1
-2.23756 -0.3
-2.23732 -0.4
-2.23707 -0.5
-2.23683 -0.7
-2.23659 -0.8
-2.23634 -1.0
-2.2361 -1.1
-2.23585 -1.2
-2.23561 -1.4
-2.23536 -1.5
-2.23512 -1.6
-2.23488 -1.7
-2.23463 -1.8
-2.23439 -2.0
-2.23414 -2.1
-2.2339 -2.2
-2.23366 -2.3
-2.23341 -2.4
-2.23317 -2.4
-2.23292 -2.5
-2.23268 -2.6
-2.23244 -2.7
-2.23219 -2.7
-2.23195 -2.8
-2.2317 -2.9
-2.23146 -2.9
-2.23121 -2.9
-2.23097 -3.0
-2.23073 -3.0
-2.23048 -3.0
-2.23024 -3.1
-2.22999 -3.1
-2.22975 -3.1
-2.22951 -3.1
-2.22926 -3.1
-2.22902 -3.0
-2.22877 -3.0
-2.22853 -3.0
-2.22828 -3.0
-2.22804 -2.9
-2.2278 -2.9
-2.22755 -2.8
-2.22731 -2.8
-2.22706 -2.7
-2.22682 -2.6
-2.22658 -2.5
-2.22633 -2.5
-2.22609 -2.4
-2.22584 -2.3
-2.2256 -2.2
-2.22536 -2.1
-2.22511 -2.0
-2.22487 -1.9
-2.22462 -1.7
-2.22438 -1.6
-2.22413 -1.5
-2.22389 -1.4
-2.22365 -1.2
-2.2234 -1.1
-2.22316 -1.0
-2.22291 -0.8
-2.22267 -0.7
-2.22243 -0.6
-2.22218 -0.4
-2.22194 -0.3
-2.22169 -0.1
-2.22145 0.0
-2.2212 0.1
-2.22096 0.3
-2.22072 0.4
-2.22047 0.6
-2.22023 0.7
-2.21998 0.8
-2.21974 1.0
-2.2195 1.1
-2.21925 1.2
-2.21901 1.4
-2.21876 1.5
-2.21852 1.6
-2.21828 1.7
-2.21803 1.9
-2.21779 2.0
-2.21754 2.1
-2.2173 2.2
-2.21705 2.3
-2.21681 2.4
-2.21657 2.5
-2.21632 2.5
-2.21608 2.6
-2.21583 2.7
-2.21559 2.8
-2.21535 2.8
-2.2151 2.9
-2.21486 2.9
-2.21461 3.0
-2.21437 3.0
-2.21412 3.0
-2.21388 3.0
-2.21364 3.1
-2.21339 3.1
-2.21315 3.1
-2.2129 3.1
-2.21266 3.1
-2.21242 3.0
-2.21217 3.0
-2.21193 3.0
-2.21168 3.0
-2.21144 2.9
-2.21119 2.9
-2.21095 2.8
-2.21071 2.7
-2.21046 2.7
-2.21022 2.6
-2.20997 2.5
-2.20973 2.4
-2.20949 2.3
-2.20924 2.2
-2.209 2.2
-2.20875 2.0
-2.20851 1.9
-2.20827 1.8
-2.20802 1.7
-2.20778 1.6
-2.20753 1.5
-2.20729 1.3
-2.20704 1.2
-2.2068 1.1
-2.20656 0.9
-2.20631 0.8
-2.20607 0.7
-2.20582 0.5
-2.20558 0.4
-2.20534 0.2
-2.20509 0.0
-2.20485 0.0
-2.2046 -0.2
-2.20436 -0.3
-2.20411 -0.5
-2.20387 -0.6
-2.20363 -0.8
-2.20338 -0.9
-2.20314 -1.0
-2.20289 -1.2
-2.20265 -1.3
-2.20241 -1.4
-2.20216 -1.6
-2.20192 -1.7
-2.20167 -1.8
-2.20143 -1.9
-2.20119 -2.0
-2.20094 -2.1
-2.2007 -2.2
-2.20045 -2.3
-2.20021 -2.4
-2.19996 -2.5
-2.19972 -2.6
-2.19948 -2.7
-2.19923 -2.7
-2.19899 -2.8
-2.19874 -2.8
-2.1985 -2.9
-2.19826 -2.9
-2.19801 -3.0
-2.19777 -3.0
-2.19752 -3.0
-2.19728 -3.1
-2.19703 -3.1
-2.19679 -3.1
-2.19655 -3.1
-2.1963 -3.1
-2.19606 -3.1
-2.19581 -3.0
-2.19557 -3.0
-2.19533 -3.0
-2.19508 -2.9
-2.19484 -2.9
-2.19459 -2.8
-2.19435 -2.8
-2.19411 -2.7
-2.19386 -2.6
-2.19362 -2.6
-2.19337 -2.5
-2.19313 -2.4
-2.19288 -2.3
-2.19264 -2.2
-2.1924 -2.1
-2.19215 -2.0
-2.19191 -1.9
-2.19166 -1.8
-2.19142 -1.7
-2.19118 -1.5
-2.19093 -1.4
-2.19069 -1.3
-2.19044 -1.1
-2.1902 -1.0
-2.18995 -0.9
-2.18971 -0.7
-2.18947 -0.6
-2.18922 -0.5
-2.18898 -0.3
-2.18873 -0.2
-2.18849 0.0
-2.18825 0.1
-2.188 0.3
-2.18776 0.4
-2.18751 0.6
-2.18727 0.7
-2.18703 0.8
-2.18678 1.0
-2.18654 1.1
-2.18629 1.2
-2.18605 1.4
-2.1858 1.5
-2.18556 1.6
-2.18532 1.7
-2.18507 1.9
-2.18483 2.0
-2.18458 2.1
-2.18434 2.2
-2.1841 2.3
-2.18385 2.4
-2.18361 2.5
-2.18336 2.5
-2.18312 2.6
-2.18287 2.7
-2.18263 2.8
-2.18239 2.8
-2.18214 2.9
-2.1819 2.9
-2.18165 3.0
-2.18141 3.0
-2.18117 3.0
-2.18092 3.1
-2.18068 3.1
-2.18043 3.1
-2.18019 3.1
-2.17994 3.1
-2.1797 3.1
-2.17946 3.1
-2.17921 3.0
-2.17897 3.0
-2.17872 3.0
-2.17848 2.9
-2.17824 2.9
-2.17799 2.8
-2.17775 2.7
-2.1775 2.7
-2.17726 2.6
-2.17702 2.5
-2.17677 2.4
-2.17653 2.3
-2.17628 2.2
-2.17604 2.1
-2.17579 2.0
-2.17555 1.9
-2.17531 1.8
-2.17506 1.7
-2.17482 1.6
-2.17457 1.5
-2.17433 1.3
-2.17409 1.2
-2.17384 1.1
-2.1736 0.9
-2.17335 0.8
-2.17311 0.6
-2.17286 0.5
-2.17262 0.4
-2.17238 0.2
-2.17213 0.0
-2.17189 0.0
-2.17164 -0.2
-2.1714 -0.4
-2.17116 -0.5
-2.17091 -0.7
-2.17067 -0.8
-2.17042 -0.9
-2.17018 -1.1
-2.16994 -1.2
-2.16969 -1.3
-2.16945 -1.5
-2.1692 -1.6
-2.16896 -1.7
-2.16871 -1.8
-2.16847 -1.9
-2.16823 -2.1
-2.16798 -2.2
-2.16774 -2.3
-2.16749 -2.4
-2.16725 -2.4
-2.16701 -2.5
-2.16676 -2.6
-2.16652 -2.7
-2.16627 -2.8
-2.16603 -2.8
-2.16578 -2.9
-2.16554 -2.9
-2.1653 -3.0
-2.16505 -3.0
-2.16481 -3.0
-2.16456 -3.1
-2.16432 -3.1
-2.16408 -3.1
-2.16383 -3.1
-2.16359 -3.1
-2.16334 -3.1
-2.1631 -3.1
-2.16286 -3.0
-2.16261 -3.0
-2.16237 -3.0
-2.16212 -2.9
-2.16188 -2.9
-2.16163 -2.8
-2.16139 -2.8
-2.16115 -2.7
-2.1609 -2.6
-2.16066 -2.5
-2.16041 -2.5
-2.16017 -2.4
-2.15993 -2.3
-2.15968 -2.2
-2.15944 -2.1
-2.15919 -2.0
-2.15895 -1.8
-2.1587 -1.7
-2.15846 -1.6
-2.15822 -1.5
-2.15797 -1.3
-2.15773 -1.2
-2.15748 -1.1
-2.15724 -0.9
-2.157 -0.8
-2.15675 -0.7
-2.15651 -0.5
-2.15626 -0.4
-2.15602 -0.2
-2.15578 0.0
-2.15553 0.0
-2.15529 0.2
-2.15504 0.3
-2.1548 0.5
-2.15455 0.6
-2.15431 0.8
-2.15407 0.9
-2.15382 1.1
-2.15358 1.2
-2.15333 1.3
-2.15309 1.5
-2.15285 1.6
-2.1526 1.7
-2.15236 1.8
-2.15211 1.9
-2.15187 2.0
-2.15162 2.2
-2.15138 2.3
-2.15114 2.4
-2.15089 2.4
-2.15065 2.5
-2.1504 2.6
-2.15016 2.7
-2.14992 2.8
-2.14967 2.8
-2.14943 2.9
-2.14918 2.9
-2.14894 3.0
-2.14869 3.0
-2.14845 3.0
-2.14821 3.1
-2.14796 3.1
-2.14772 3.1
-2.14747 3.1
-2.14723 3.1
-2.14699 3.1
-2.14674 3.1
-2.1465 3.0
-2.14625 3.0
-2.14601 3.0
-2.14577 2.9
-2.14552 2.9
-2.14528 2.8
-2.14503 2.8
-2.14479 2.7
-2.14454 2.6
-2.1443 2.5
-2.14406 2.5
-2.14381 2.4
-2.14357 2.3
-2.14332 2.2
-2.14308 2.1
-2.14284 2.0
-2.14259 1.8
-2.14235 1.7
-2.1421 1.6
-2.14186 1.5
-2.14161 1.3
-2.14137 1.2
-2.14113 1.1
-2.14088 0.9
-2.14064 0.8
-2.14039 0.7
-2.14015 0.5
-2.13991 0.4
-2.13966 0.2
-2.13942 0.0
-2.13917 0.0
-2.13893 -0.2
-2.13869 -0.4
-2.13844 -0.5
-2.1382 -0.6
-2.13795 -0.8
-2.13771 -0.9
-2.13746 -1.1
-2.13722 -1.2
-2.13698 -1.3
-2.13673 -1.5
-2.13649 -1.6
-2.13624 -1.7
-2.136 -1.8
-2.13576 -1.9
-2.13551 -2.1
-2.13527 -2.2
-2.13502 -2.3
-2.13478 -2.4
-2.13453 -2.5
-2.13429 -2.5
-2.13405 -2.6
-2.1338 -2.7
-2.13356 -2.8
-2.13331 -2.8
-2.13307 -2.9
-2.13283 -2.9
-2.13258 -3.0
-2.13234 -3.0
-2.13209 -3.0
-2.13185 -3.1
-2.13161 -3.1
-2.13136 -3.1
-2.13112 -3.1
-2.13087 -3.1
-2.13063 -3.1
-2.13038 -3.1
-2.13014 -3.0
-2.1299 -3.0
-2.12965 -3.0
-2.12941 -2.9
-2.12916 -2.9
-2.12892 -2.8
-2.12868 -2.8
-2.12843 -2.7
-2.12819 -2.6
-2.12794 -2.5
-2.1277 -2.4
-2.12745 -2.4
-2.12721 -2.3
-2.12697 -2.2
-2.12672 -2.0
-2.12648 -1.9
-2.12623 -1.8
-2.12599 -1.7
-2.12575 -1.6
-2.1255 -1.4
-2.12526 -1.3
-2.12501 -1.2
-2.12477 -1.0
-2.12453 -0.9
-2.12428 -0.8
-2.12404 -0.6
-2.12379 -0.5
-2.12355 -0.3
-2.1233 -0.2
-2.12306 0.0
-2.12282 0.1
-2.12257 0.2
-2.12233 0.4
-2.12208 0.5
-2.12184 0.7
-2.1216 0.8
-2.12135 1.0
-2.12111 1.1
-2.12086 1.2
-2.12062 1.4
-2.12037 1.5
-2.12013 1.6
-2.11989 1.8
-2.11964 1.9
-2.1194 2.0
-2.11915 2.1
-2.11891 2.2
-2.11867 2.3
-2.11842 2.4
-2.11818 2.5
-2.11793 2.6
-2.11769 2.7
-2.11744 2.7
-2.1172 2.8
-2.11696 2.9
-2.11671 2.9
-2.11647 3.0
-2.11622 3.0
-2.11598 3.0
-2.11574 3.1
-2.11549 3.1
-2.11525 3.1
-2.115 3.1
-2.11476 3.1
-2.11452 3.1
-2.11427 3.1
-2.11403 3.1
-2.11378 3.0
-2.11354 3.0
-2.11329 3.0
-2.11305 2.9
-2.11281 2.9
-2.11256 2.8
-2.11232 2.7
-2.11207 2.7
-2.11183 2.6
-2.11159 2.5
-2.11134 2.4
-2.1111 2.3
-2.11085 2.2
-2.11061 2.1
-2.11036 2.0
-2.11012 1.9
-2.10988 1.8
-2.10963 1.7
-2.10939 1.5
-2.10914 1.4
-2.1089 1.3
-2.10866 1.1
-2.10841 1.0
-2.10817 0.9
-2.10792 0.7
-2.10768 0.6
-2.10744 0.4
-2.10719 0.3
-2.10695 0.1
-2.1067 0.0
-2.10646 -0.2
-2.10621 -0.3
-2.10597 -0.5
-2.10573 -0.6
-2.10548 -0.7
-2.10524 -0.9
-2.10499 -1.0
-2.10475 -1.2
-2.10451 -1.3
-2.10426 -1.4
-2.10402 -1.6
-2.10377 -1.7
-2.10353 -1.8
-2.10328 -1.9
-2.10304 -2.0
-2.1028 -2.2
-2.10255 -2.3
-2.10231 -2.4
-2.10206 -2.4
-2.10182 -2.5
-2.10158 -2.6
-2.10133 -2.7
-2.10109 -2.8
-2.10084 -2.8
-2.1006 -2.9
-2.10036 -2.9
-2.10011 -3.0
-2.09987 -3.0
-2.09962 -3.1
-2.09938 -3.1
-2.09913 -3.1
-2.09889 -3.1
-2.09865 -3.1
-2.0984 -3.1
-2.09816 -3.1
-2.09791 -3.1
-2.09767 -3.1
-2.09743 -3.0
-2.09718 -3.0
-2.09694 -2.9
-2.09669 -2.9
-2.09645 -2.8
-2.0962 -2.8
-2.09596 -2.7
-2.09572 -2.6
-2.09547 -2.6
-2.09523 -2.5
-2.09498 -2.4
-2.09474 -2.3
-2.0945 -2.2
-2.09425 -2.1
-2.09401 -1.9
-2.09376 -1.8
-2.09352 -1.7
-2.09328 -1.6
-2.09303 -1.5
-2.09279 -1.3
-2.09254 -1.2
-2.0923 -1.1
-2.09205 -0.9
-2.09181 -0.8
-2.09157 -0.6
-2.09132 -0.5
-2.09108 -0.3
-2.09083 -0.2
-2.09059 0.0
-2.09035 0.1
-2.0901 0.3
-2.08986 0.4
-2.08961 0.6
-2.08937 0.7
-2.08912 0.8
-2.08888 1.0
-2.08864 1.1
-2.08839 1.3
-2.08815 1.4
-2.0879 1.5
-2.08766 1.6
-2.08742 1.8
-2.08717 1.9
-2.08693 2.0
-2.08668 2.1
-2.08644 2.2
-2.08619 2.3
-2.08595 2.4
-2.08571 2.5
-2.08546 2.6
-2.08522 2.7
-2.08497 2.7
-2.08473 2.8
-2.08449 2.9
-2.08424 2.9
-2.084 3.0
-2.08375 3.0
-2.08351 3.1
-2.08327 3.1
-2.08302 3.1
-2.08278 3.1
-2.08253 3.1
-2.08229 3.1
-2.08204 3.1
-2.0818 3.1
-2.08156 3.1
-2.08131 3.0
-2.08107 3.0
-2.08082 3.0
-2.08058 2.9
-2.08034 2.9
-2.08009 2.8
-2.07985 2.7
-2.0796 2.7
-2.07936 2.6
-2.07911 2.5
-2.07887 2.4
-2.07863 2.3
-2.07838 2.2
-2.07814 2.1
-2.07789 2.0
-2.07765 1.9
-2.07741 1.7
-2.07716 1.6
-2.07692 1.5
-2.07667 1.4
-2.07643 1.2
-2.07619 1.1
-2.07594 0.9
-2.0757 0.8
-2.07545 0.7
-2.07521 0.5
-2.07496 0.4
-2.07472 0.2
-2.07448 0.0
-2.07423 0.0
-2.07399 -0.2
-2.07374 -0.4
-2.0735 -0.5
-2.07326 -0.7
-2.07301 -0.8
-2.07277 -1.0
-2.07252 -1.1
-2.07228 -1.2
-2.07203 -1.4
-2.07179 -1.5
-2.07155 -1.6
-2.0713 -1.8
-2.07106 -1.9
-2.07081 -2.0
-2.07057 -2.1
-2.07033 -2.2
-2.07008 -2.3
-2.06984 -2.4
-2.06959 -2.5
-2.06935 -2.6
-2.06911 -2.7
-2.06886 -2.7
-2.06862 -2.8
-2.06837 -2.9
-2.06813 -2.9
-2.06788 -3.0
-2.06764 -3.0
-2.0674 -3.1
-2.06715 -3.1
-2.06691 -3.1
-2.06666 -3.1
-2.06642 -3.1
-2.06618 -3.1
-2.06593 -3.1
-2.06569 -3.1
-2.06544 -3.1
-2.0652 -3.1
-2.06495 -3.0
-2.06471 -3.0
-2.06447 -2.9
-2.06422 -2.9
-2.06398 -2.8
-2.06373 -2.7
-2.06349 -2.7
-2.06325 -2.6
-2.063 -2.5
-2.06276 -2.4
-2.06251 -2.3
-2.06227 -2.2
-2.06203 -2.1
-2.06178 -2.0
-2.06154 -1.9
-2.06129 -1.8
-2.06105 -1.6
-2.0608 -1.5
-2.06056 -1.4
-2.06032 -1.2
-2.06007 -1.1
-2.05983 -0.9
-2.05958 -0.8
-2.05934 -0.7
-2.0591 -0.5
-2.05885 -0.4
-2.05861 -0.2
-2.05836 0.0
-2.05812 0.0
-2.05787 0.2
-2.05763 0.4
-2.05739 0.5
-2.05714 0.7
-2.0569 0.8
-2.05665 1.0
-2.05641 1.1
-2.05617 1.2
-2.05592 1.4
-2.05568 1.5
-2.05543 1.6
-2.05519 1.8
-2.05494 1.9
-2.0547 2.0
-2.05446 2.1
-2.05421 2.2
-2.05397 2.3
-2.05372 2.4
-2.05348 2.5
-2.05324 2.6
-2.05299 2.7
-2.05275 2.8
-2.0525 2.8
-2.05226 2.9
-2.05202 2.9
-2.05177 3.0
-2.05153 3.0
-2.05128 3.1
-2.05104 3.1
-2.05079 3.1
-2.05055 3.1
-2.05031 3.1
-2.05006 3.1
-2.04982 3.1
-2.04957 3.1
-2.04933 3.1
-2.04909 3.1
-2.04884 3.0
-2.0486 3.0
-2.04835 2.9
-2.04811 2.9
-2.04786 2.8
-2.04762 2.7
-2.04738 2.7
-2.04713 2.6
-2.04689 2.5
-2.04664 2.4
-2.0464 2.3
-2.04616 2.2
-2.04591 2.1
-2.04567 2.0
-2.04542 1.9
-2.04518 1.7
-2.04494 1.6
-2.04469 1.5
-2.04445 1.3
-2.0442 1.2
-2.04396 1.1
-2.04371 0.9
-2.04347 0.8
-2.04323 0.6
-2.04298 0.5
-2.04274 0.3
-2.04249 0.2
-2.04225 0.0
-2.04201 -0.1
-2.04176 -0.3
-2.04152 -0.4
-2.04127 -0.6
-2.04103 -0.7
-2.04078 -0.8
-2.04054 -1.0
-2.0403 -1.1
-2.04005 -1.3
-2.03981 -1.4
-2.03956 -1.5
-2.03932 -1.7
-2.03908 -1.8
-2.03883 -1.9
-2.03859 -2.0
-2.03834 -2.1
-2.0381 -2.2
-2.03786 -2.3
-2.03761 -2.4
-2.03737 -2.5
-2.03712 -2.6
-2.03688 -2.7
-2.03663 -2.8
-2.03639 -2.8
-2.03615 -2.9
-2.0359 -3.0
-2.03566 -3.0
-2.03541 -3.0
-2.03517 -3.1
-2.03493 -3.1
-2.03468 -3.1
-2.03444 -3.1
-2.03419 -3.1
-2.03395 -3.1
-2.0337 -3.1
-2.03346 -3.1
-2.03322 -3.1
-2.03297 -3.1
-2.03273 -3.0
-2.03248 -3.0
-2.03224 -2.9
-2.032 -2.9
-2.03175 -2.8
-2.03151 -2.7
-2.03126 -2.6
-2.03102 -2.6
-2.03078 -2.5
-2.03053 -2.4
-2.03029 -2.3
-2.03004 -2.2
-2.0298 -2.1
-2.02955 -1.9
-2.02931 -1.8
-2.02907 -1.7
-2.02882 -1.6
-2.02858 -1.4
-2.02833 -1.3
-2.02809 -1.2
-2.02785 -1.0
-2.0276 -0.9
-2.02736 -0.7
-2.02711 -0.6
-2.02687 -0.4
-2.02662 -0.3
-2.02638 -0.1
-2.02614 0.0
-2.02589 0.2
-2.02565 0.3
-2.0254 0.5
-2.02516 0.6
-2.02492 0.8
-2.02467 0.9
-2.02443 1.0
-2.02418 1.2
-2.02394 1.3
-2.02369 1.5
-2.02345 1.6
-2.02321 1.7
-2.02296 1.8
-2.02272 2.0
-2.02247 2.1
-2.02223 2.2
-2.02199 2.3
-2.02174 2.4
-2.0215 2.5
-2.02125 2.6
-2.02101 2.7
-2.02077 2.7
-2.02052 2.8
-2.02028 2.9
-2.02003 2.9
-2.01979 3.0
-2.01954 3.0
-2.0193 3.1
-2.01906 3.1
-2.01881 3.1
-2.01857 3.1
-2.01832 3.1
-2.01808 3.1
-2.01784 3.1
-2.01759 3.1
-2.01735 3.1
-2.0171 3.1
-2.01686 3.0
-2.01661 3.0
-2.01637 3.0
-2.01613 2.9
-2.01588 2.8
-2.01564 2.8
-2.01539 2.7
-2.01515 2.6
-2.01491 2.5
-2.01466 2.4
-2.01442 2.3
-2.01417 2.2
-2.01393 2.1
-2.01369 2.0
-2.01344 1.9
-2.0132 1.8
-2.01295 1.6
-2.01271 1.5
-2.01246 1.4
-2.01222 1.2
-2.01198 1.1
-2.01173 1.0
-2.01149 0.8
-2.01124 0.7
-2.011 0.5
-2.01076 0.4
-2.01051 0.2
-2.01027 0.0
-2.01002 0.0
-2.00978 -0.2
-2.00953 -0.4
-2.00929 -0.5
-2.00905 -0.7
-2.0088 -0.8
-2.00856 -1.0
-2.00831 -1.1
-2.00807 -1.3
-2.00783 -1.4
-2.00758 -1.5
-2.00734 -1.7
-2.00709 -1.8
-2.00685 -1.9
-2.00661 -2.0
-2.00636 -2.1
-2.00612 -2.3
-2.00587 -2.4
-2.00563 -2.5
-2.00538 -2.5
-2.00514 -2.6
-2.0049 -2.7
-2.00465 -2.8
-2.00441 -2.9
-2.00416 -2.9
-2.00392 -3.0
-2.00368 -3.0
-2.00343 -3.1
-2.00319 -3.1
-2.00294 -3.1
-2.0027 -3.1
-2.00245 -3.1
-2.00221 -3.1
-2.00197 -3.1
-2.00172 -3.1
-2.00148 -3.1
-2.00123 -3.1
-2.00099 -3.1
-2.00075 -3.0
-2.0005 -3.0
-2.00026 -2.9
-2.00001 -2.9
-1.99977 -2.8
-1.99953 -2.7
-1.99928 -2.6
-1.99904 -2.6
-1.99879 -2.5
-1.99855 -2.4
-1.9983 -2.3
-1.99806 -2.2
-1.99782 -2.0
-1.99757 -1.9
-1.99733 -1.8
-1.99708 -1.7
-1.99684 -1.5
-1.9966 -1.4
-1.99635 -1.3
-1.99611 -1.1
-1.99586 -1.0
-1.99562 -0.8
-1.99537 -0.7
-1.99513 -0.6
-1.99489 -0.4
-1.99464 -0.2
-1.9944 0.0
-1.99415 0.0
-1.99391 0.2
-1.99367 0.4
-1.99342 0.5
-1.99318 0.7
-1.99293 0.8
-1.99269 1.0
-1.99244 1.1
-1.9922 1.2
-1.99196 1.4
-1.99171 1.5
-1.99147 1.6
-1.99122 1.8
-1.99098 1.9
-1.99074 2.0
-1.99049 2.1
-1.99025 2.2
-1.99 2.3
-1.98976 2.4
-1.98952 2.5
-1.98927 2.6
-1.98903 2.7
-1.98878 2.8
-1.98854 2.8
-1.98829 2.9
-1.98805 3.0
-1.98781 3.0
-1.98756 3.1
-1.98732 3.1
-1.98707 3.1
-1.98683 3.1
-1.98659 3.1
-1.98634 3.2
-1.9861 3.2
-1.98585 3.1
-1.98561 3.1
-1.98536 3.1
-1.98512 3.1
-1.98488 3.0
-1.98463 3.0
-1.98439 2.9
-1.98414 2.9
-1.9839 2.8
-1.98366 2.7
-1.98341 2.7
-1.98317 2.6
-1.98292 2.5
-1.98268 2.4
-1.98244 2.3
-1.98219 2.2
-1.98195 2.1
-1.9817 1.9
-1.98146 1.8
-1.98121 1.7
-1.98097 1.6
-1.98073 1.4
-1.98048 1.3
-1.98024 1.2
-1.97999 1.0
-1.97975 0.9
-1.97951 0.7
-1.97926 0.6
-1.97902 0.4
-1.97877 0.3
-1.97853 0.1
-1.97828 0.0
-1.97804 -0.2
-1.9778 -0.3
-1.97755 -0.5
-1.97731 -0.6
-1.97706 -0.8
-1.97682 -0.9
-1.97658 -1.1
-1.97633 -1.2
-1.97609 -1.4
-1.97584 -1.5
-1.9756 -1.6
-1.97536 -1.8
-1.97511 -1.9
-1.97487 -2.0
-1.97462 -2.1
-1.97438 -2.2
-1.97413 -2.3
-1.97389 -2.4
-1.97365 -2.5
-1.9734 -2.6
-1.97316 -2.7
-1.97291 -2.8
-1.97267 -2.9
-1.97243 -2.9
-1.97218 -3.0
-1.97194 -3.0
-1.97169 -3.1
-1.97145 -3.1
-1.9712 -3.1
-1.97096 -3.1
-1.97072 -3.2
-1.97047 -3.2
-1.97023 -3.2
-1.96998 -3.1
-1.96974 -3.1
-1.9695 -3.1
-1.96925 -3.1
-1.96901 -3.0
-1.96876 -3.0
-1.96852 -2.9
-1.96828 -2.9
-1.96803 -2.8
-1.96779 -2.7
-1.96754 -2.7
-1.9673 -2.6
-1.96705 -2.5
-1.96681 -2.4
-1.96657 -2.3
-1.96632 -2.2
-1.96608 -2.1
-1.96583 -1.9
-1.96559 -1.8
-1.96535 -1.7
-1.9651 -1.6
-1.96486 -1.4
-1.96461 -1.3
-1.96437 -1.1
-1.96412 -1.0
-1.96388 -0.8
-1.96364 -0.7
-1.96339 -0.5
-1.96315 -0.4
-1.9629 -0.2
-1.96266 0.0
-1.96242 0.0
-1.96217 0.2
-1.96193 0.4
-1.96168 0.5
-1.96144 0.7
-1.96119 0.8
-1.96095 1.0
-1.96071 1.1
-1.96046 1.3
-1.96022 1.4
-1.95997 1.5
-1.95973 1.7
-1.95949 1.8
-1.95924 1.9
-1.959 2.0
-1.95875 2.2
-1.95851 2.3
-1.95827 2.4
-1.95802 2.5
-1.95778 2.6
-1.95753 2.6
-1.95729 2.7
-1.95704 2.8
-1.9568 2.9
-1.95656 2.9
-1.95631 3.0
-1.95607 3.0
-1.95582 3.1
-1.95558 3.1
-1.95534 3.1
-1.95509 3.2
-1.95485 3.2
-1.9546 3.2
-1.95436 3.2
-1.95411 3.2
-1.95387 3.1
-1.95363 3.1
-1.95338 3.1
-1.95314 3.0
-1.95289 3.0
-1.95265 2.9
-1.95241 2.9
-1.95216 2.8
-1.95192 2.7
-1.95167 2.6
-1.95143 2.6
-1.95119 2.5
-1.95094 2.4
-1.9507 2.3
-1.95045 2.1
-1.95021 2.0
-1.94996 1.9
-1.94972 1.8
-1.94948 1.7
-1.94923 1.5
-1.94899 1.4
-1.94874 1.2
-1.9485 1.1
-1.94826 1.0
-1.94801 0.8
-1.94777 0.7
-1.94752 0.5
-1.94728 0.4
-1.94703 0.2
-1.94679 0.0
-1.94655 -0.1
-1.9463 -0.3
-1.94606 -0.4
-1.94581 -0.6
-1.94557 -0.7
-1.94533 -0.9
-1.94508 -1.0
-1.94484 -1.2
-1.94459 -1.3
-1.94435 -1.4
-1.94411 -1.6
-1.94386 -1.7
-1.94362 -1.8
-1.94337 -2.0
-1.94313 -2.1
-1.94288 -2.2
-1.94264 -2.3
-1.9424 -2.4
-1.94215 -2.5
-1.94191 -2.6
-1.94166 -2.7
-1.94142 -2.8
-1.94118 -2.8
-1.94093 -2.9
-1.94069 -3.0
-1.94044 -3.0
-1.9402 -3.1
-1.93995 -3.1
-1.93971 -3.1
-1.93947 -3.1
-1.93922 -3.2
-1.93898 -3.2
-1.93873 -3.2
-1.93849 -3.2
-1.93825 -3.2
-1.938 -3.1
-1.93776 -3.1
-1.93751 -3.1
-1.93727 -3.0
-1.93703 -3.0
-1.93678 -2.9
-1.93654 -2.8
-1.93629 -2.8
-1.93605 -2.7
-1.9358 -2.6
-1.93556 -2.5
-1.93532 -2.4
-1.93507 -2.3
-1.93483 -2.2
-1.93458 -2.1
-1.93434 -2.0
-1.9341 -1.9
-1.93385 -1.7
-1.93361 -1.6
-1.93336 -1.5
-1.93312 -1.3
-1.93287 -1.2
-1.93263 -1.0
-1.93239 -0.9
-1.93214 -0.7
-1.9319 -0.6
-1.93165 -0.4
-1.93141 -0.3
-1.93117 -0.1
-1.93092 0.0
-1.93068 0.2
-1.93043 0.3
-1.93019 0.5
-1.92994 0.6
-1.9297 0.8
-1.92946 0.9
-1.92921 1.1
-1.92897 1.2
-1.92872 1.4
-1.92848 1.5
-1.92824 1.7
-1.92799 1.8
-1.92775 1.9
-1.9275 2.0
-1.92726 2.1
-1.92702 2.3
-1.92677 2.4
-1.92653 2.5
-1.92628 2.6
-1.92604 2.6
-1.92579 2.7
-1.92555 2.8
-1.92531 2.9
-1.92506 2.9
-1.92482 3.0
-1.92457 3.0
-1.92433 3.1
-1.92409 3.1
-1.92384 3.1
-1.9236 3.2
-1.92335 3.2
-1.92311 3.2
-1.92286 3.2
-1.92262 3.2
-1.92238 3.1
-1.92213 3.1
-1.92189 3.1
-1.92164 3.0
-1.9214 3.0
-1.92116 2.9
-1.92091 2.9
-1.92067 2.8
-1.92042 2.7
-1.92018 2.6
-1.91994 2.6
-1.91969 2.5
-1.91945 2.4
-1.9192 2.3
-1.91896 2.1
-1.91871 2.0
-1.91847 1.9
-1.91823 1.8
-1.91798 1.6
-1.91774 1.5
-1.91749 1.4
-1.91725 1.2
-1.91701 1.1
-1.91676 0.9
-1.91652 0.8
-1.91627 0.6
-1.91603 0.5
-1.91578 0.3
-1.91554 0.2
-1.9153 0.0
-1.91505 -0.1
-1.91481 -0.3
-1.91456 -0.4
-1.91432 -0.6
-1.91408 -0.8
-1.91383 -0.9
-1.91359 -1.1
-1.91334 -1.2
-1.9131 -1.3
-1.91286 -1.5
-1.91261 -1.6
-1.91237 -1.7
-1.91212 -1.9
-1.91188 -2.0
-1.91163 -2.1
-1.91139 -2.2
-1.91115 -2.3
-1.9109 -2.4
-1.91066 -2.5
-1.91041 -2.6
-1.91017 -2.7
-1.90993 -2.8
-1.90968 -2.9
-1.90944 -2.9
-1.90919 -3.0
-1.90895 -3.0
-1.9087 -3.1
-1.90846 -3.1
-1.90822 -3.1
-1.90797 -3.2
-1.90773 -3.2
-1.90748 -3.2
-1.90724 -3.2
-1.907 -3.2
-1.90675 -3.2
-1.90651 -3.1
-1.90626 -3.1
-1.90602 -3.1
-1.90578 -3.0
-1.90553 -3.0
-1.90529 -2.9
-1.90504 -2.8
-1.9048 -2.7
-1.90455 -2.7
-1.90431 -2.6
-1.90407 -2.5
-1.90382 -2.4
-1.90358 -2.3
-1.90333 -2.2
-1.90309 -2.0
-1.90285 -1.9
-1.9026 -1.8
-1.90236 -1.7
-1.90211 -1.5
-1.90187 -1.4
-1.90162 -1.3
-1.90138 -1.1
-1.90114 -1.0
-1.90089 -0.8
-1.90065 -0.7
-1.9004 -0.5
-1.90016 -0.3
-1.89992 -0.2
-1.89967 0.0
-1.89943 0.1
-1.89918 0.3
-1.89894 0.4
-1.89869 0.6
-1.89845 0.7
-1.89821 0.9
-1.89796 1.0
-1.89772 1.2
-1.89747 1.3
-1.89723 1.5
-1.89699 1.6
-1.89674 1.7
-1.8965 1.9
-1.89625 2.0
-1.89601 2.1
-1.89577 2.2
-1.89552 2.3
-1.89528 2.4
-1.89503 2.5
-1.89479 2.6
-1.89454 2.7
-1.8943 2.8
-1.89406 2.9
-1.89381 2.9
-1.89357 3.0
-1.89332 3.0
-1.89308 3.1
-1.89284 3.1
-1.89259 3.2
-1.89235 3.2
-1.8921 3.2
-1.89186 3.2
-1.89161 3.2
-1.89137 3.2
-1.89113 3.2
-1.89088 3.1
-1.89064 3.1
-1.89039 3.1
-1.89015 3.0
-1.88991 3.0
-1.88966 2.9
-1.88942 2.8
-1.88917 2.8
-1.88893 2.7
-1.88869 2.6
-1.88844 2.5
-1.8882 2.4
-1.88795 2.3
-1.88771 2.2
-1.88746 2.0
-1.88722 1.9
-1.88698 1.8
-1.88673 1.7
-1.88649 1.5
-1.88624 1.4
-1.886 1.2
-1.88576 1.1
-1.88551 1.0
-1.88527 0.8
-1.88502 0.6
-1.88478 0.5
-1.88453 0.3
-1.88429 0.2
-1.88405 0.0
-1.8838 -0.1
-1.88356 -0.3
-1.88331 -0.4
-1.88307 -0.6
-1.88283 -0.8
-1.88258 -0.9
-1.88234 -1.1
-1.88209 -1.2
-1.88185 -1.3
-1.88161 -1.5
-1.88136 -1.6
-1.88112 -1.8
-1.88087 -1.9
-1.88063 -2.0
-1.88038 -2.1
-1.88014 -2.2
-1.8799 -2.4
-1.87965 -2.5
-1.87941 -2.6
-1.87916 -2.6
-1.87892 -2.7
-1.87868 -2.8
-1.87843 -2.9
-1.87819 -2.9
-1.87794 -3.0
-1.8777 -3.1
-1.87745 -3.1
-1.87721 -3.1
-1.87697 -3.2
-1.87672 -3.2
-1.87648 -3.2
-1.87623 -3.2
-1.87599 -3.2
-1.87575 -3.2
-1.8755 -3.2
-1.87526 -3.1
-1.87501 -3.1
-1.87477 -3.1
-1.87453 -3.0
-1.87428 -3.0
-1.87404 -2.9
-1.87379 -2.8
-1.87355 -2.7
-1.8733 -2.7
-1.87306 -2.6
-1.87282 -2.5
-1.87257 -2.4
-1.87233 -2.3
-1.87208 -2.1
-1.87184 -2.0
-1.8716 -1.9
-1.87135 -1.8
-1.87111 -1.6
-1.87086 -1.5
-1.87062 -1.4
-1.87037 -1.2
-1.87013 -1.1
-1.86989 -0.9
-1.86964 -0.8
-1.8694 -0.6
-1.86915 -0.5
-1.86891 -0.3
-1.86867 -0.1
-1.86842 0.0
-1.86818 0.2
-1.86793 0.3
-1.86769 0.5
-1.86744 0.6
-1.8672 0.8
-1.86696 0.9
-1.86671 1.1
-1.86647 1.2
-1.86622 1.4
-1.86598 1.5
-1.86574 1.7
-1.86549 1.8
-1.86525 1.9
-1.865 2.1
-1.86476 2.2
-1.86452 2.3
-1.86427 2.4
-1.86403 2.5
-1.86378 2.6
-1.86354 2.7
-1.86329 2.8
-1.86305 2.8
-1.86281 2.9
-1.86256 3.0
-1.86232 3.0
-1.86207 3.1
-1.86183 3.1
-1.86159 3.2
-1.86134 3.2
-1.8611 3.2
-1.86085 3.2
-1.86061 3.2
-1.86036 3.2
-1.86012 3.2
-1.85988 3.2
-1.85963 3.1
-1.85939 3.1
-1.85914 3.1
-1.8589 3.0
-1.85866 2.9
-1.85841 2.9
-1.85817 2.8
-1.85792 2.7
-1.85768 2.6
-1.85744 2.5
-1.85719 2.4
-1.85695 2.3
-1.8567 2.2
-1.85646 2.1
-1.85621 2.0
-1.85597 1.9
-1.85573 1.7
-1.85548 1.6
-1.85524 1.4
-1.85499 1.3
-1.85475 1.2
-1.85451 1.0
-1.85426 0.9
-1.85402 0.7
-1.85377 0.5
-1.85353 0.4
-1.85328 0.2
-1.85304 0.0
-1.8528 0.0
-1.85255 -0.2
-1.85231 -0.4
-1.85206 -0.6
-1.85182 -0.7
-1.85158 -0.9
-1.85133 -1.0
-1.85109 -1.2
-1.85084 -1.3
-1.8506 -1.5
-1.85036 -1.6
-1.85011 -1.7
-1.84987 -1.9
-1.84962 -2.0
-1.84938 -2.1
-1.84913 -2.2
-1.84889 -2.3
-1.84865 -2.5
-1.8484 -2.6
-1.84816 -2.6
-1.84791 -2.7
-1.84767 -2.8
-1.84743 -2.9
-1.84718 -3.0
-1.84694 -3.0
-1.84669 -3.1
-1.84645 -3.1
-1.8462 -3.1
-1.84596 -3.2
-1.84572 -3.2
-1.84547 -3.2
-1.84523 -3.2
-1.84498 -3.2
-1.84474 -3.2
-1.8445 -3.2
-1.84425 -3.2
-1.84401 -3.1
-1.84376 -3.1
-1.84352 -3.0
-1.84328 -3.0
-1.84303 -2.9
-1.84279 -2.8
-1.84254 -2.8
-1.8423 -2.7
-1.84205 -2.6
-1.84181 -2.5
-1.84157 -2.4
-1.84132 -2.3
-1.84108 -2.2
-1.84083 -2.0
-1.84059 -1.9
-1.84035 -1.8
-1.8401 -1.6
-1.83986 -1.5
-1.83961 -1.4
-1.83937 -1.2
-1.83912 -1.1
-1.83888 -0.9
-1.83864 -0.8
-1.83839 -0.6
-1.83815 -0.4
-1.8379 -0.3
-1.83766 -0.1
-1.83742 0.0
-1.83717 0.2
-1.83693 0.3
-1.83668 0.5
-1.83644 0.7
-1.83619 0.8
-1.83595 1.0
-1.83571 1.1
-1.83546 1.3
-1.83522 1.4
-1.83497 1.6
-1.83473 1.7
-1.83449 1.8
-1.83424 2.0
-1.834 2.1
-1.83375 2.2
-1.83351 2.3
-1.83327 2.4
-1.83302 2.5
-1.83278 2.6
-1.83253 2.7
-1.83229 2.8
-1.83204 2.9
-1.8318 2.9
-1.83156 3.0
-1.83131 3.1
-1.83107 3.1
-1.83082 3.1
-1.83058 3.2
-1.83034 3.2
-1.83009 3.2
-1.82985 3.2
-1.8296 3.2
-1.82936 3.2
-1.82911 3.2
-1.82887 3.2
-1.82863 3.1
-1.82838 3.1
-1.82814 3.0
-1.82789 3.0
-1.82765 2.9
-1.82741 2.9
-1.82716 2.8
-1.82692 2.7
-1.82667 2.6
-1.82643 2.5
-1.82619 2.4
-1.82594 2.3
-1.8257 2.2
-1.82545 2.1
-1.82521 1.9
-1.82496 1.8
-1.82472 1.7
-1.82448 1.5
-1.82423 1.4
-1.82399 1.2
-1.82374 1.1
-1.8235 0.9
-1.82326 0.8
-1.82301 0.6
-1.82277 0.5
-1.82252 0.3
-1.82228 0.2
-1.82203 0.0
-1.82179 -0.2
-1.82155 -0.3
-1.8213 -0.5
-1.82106 -0.6
-1.82081 -0.8
-1.82057 -1.0
-1.82033 -1.1
-1.82008 -1.3
-1.81984 -1.4
-1.81959 -1.5
-1.81935 -1.7
-1.81911 -1.8
-1.81886 -1.9
-1.81862 -2.1
-1.81837 -2.2
-1.81813 -2.3
-1.81788 -2.4
-1.81764 -2.5
-1.8174 -2.6
-1.81715 -2.7
-1.81691 -2.8
-1.81666 -2.9
-1.81642 -2.9
-1.81618 -3.0
-1.81593 -3.1
-1.81569 -3.1
-1.81544 -3.1
-1.8152 -3.2
-1.81495 -3.2
-1.81471 -3.2
-1.81447 -3.2
-1.81422 -3.2
-1.81398 -3.2
-1.81373 -3.2
-1.81349 -3.2
-1.81325 -3.1
-1.813 -3.1
-1.81276 -3.1
-1.81251 -3.0
-1.81227 -2.9
-1.81203 -2.9
-1.81178 -2.8
-1.81154 -2.7
-1.81129 -2.6
-1.81105 -2.5
-1.8108 -2.4
-1.81056 -2.3
-1.81032 -2.2
-1.81007 -2.1
-1.80983 -1.9
-1.80958 -1.8
-1.80934 -1.7
-1.8091 -1.5
-1.80885 -1.4
-1.80861 -1.2
-1.80836 -1.1
-1.80812 -0.9
-1.80787 -0.8
-1.80763 -0.6
-1.80739 -0.5
-1.80714 -0.3
-1.8069 -0.2
-1.80665 0.0
-1.80641 0.2
-1.80617 0.3
-1.80592 0.5
-1.80568 0.7
-1.80543 0.8
-1.80519 1.0
-1.80494 1.1
-1.8047 1.3
-1.80446 1.4
-1.80421 1.6
-1.80397 1.7
-1.80372 1.8
-1.80348 2.0
-1.80324 2.1
-1.80299 2.2
-1.80275 2.3
-1.8025 2.4
-1.80226 2.5
-1.80202 2.6
-1.80177 2.7
-1.80153 2.8
-1.80128 2.9
-1.80104 3.0
-1.80079 3.0
-1.80055 3.1
-1.80031 3.1
-1.80006 3.2
-1.79982 3.2
-1.79957 3.2
-1.79933 3.2
-1.79909 3.2
-1.79884 3.2
-1.7986 3.2
-1.79835 3.2
-1.79811 3.2
-1.79786 3.1
-1.79762 3.1
-1.79738 3.1
-1.79713 3.0
-1.79689 2.9
-1.79664 2.9
-1.7964 2.8
-1.79616 2.7
-1.79591 2.6
-1.79567 2.5
-1.79542 2.4
-1.79518 2.3
-1.79494 2.2
-1.79469 2.0
-1.79445 1.9
-1.7942 1.8
-1.79396 1.7
-1.79371 1.5
-1.79347 1.4
-1.79323 1.2
-1.79298 1.1
-1.79274 0.9
-1.79249 0.8
-1.79225 0.6
-1.79201 0.4
-1.79176 0.3
-1.79152 0.1
-1.79127 0.0
-1.79103 -0.2
-1.79078 -0.4
-1.79054 -0.5
-1.7903 -0.7
-1.79005 -0.8
-1.78981 -1.0
-1.78956 -1.2
-1.78932 -1.3
-1.78908 -1.5
-1.78883 -1.6
-1.78859 -1.7
-1.78834 -1.9
-1.7881 -2.0
-1.78786 -2.1
-1.78761 -2.2
-1.78737 -2.4
-1.78712 -2.5
-1.78688 -2.6
-1.78663 -2.7
-1.78639 -2.8
-1.78615 -2.8
-1.7859 -2.9
-1.78566 -3.0
-1.78541 -3.0
-1.78517 -3.1
-1.78493 -3.1
-1.78468 -3.2
-1.78444 -3.2
-1.78419 -3.2
-1.78395 -3.2
-1.7837 -3.2
-1.78346 -3.2
-1.78322 -3.2
-1.78297 -3.2
-1.78273 -3.2
-1.78248 -3.1
-1.78224 -3.1
-1.782 -3.0
-1.78175 -3.0
-1.78151 -2.9
-1.78126 -2.8
-1.78102 -2.8
-1.78078 -2.7
-1.78053 -2.6
-1.78029 -2.5
-1.78004 -2.4
-1.7798 -2.3
-1.77955 -2.1
-1.77931 -2.0
-1.77907 -1.9
-1.77882 -1.7
-1.77858 -1.6
-1.77833 -1.5
-1.77809 -1.3
-1.77785 -1.2
-1.7776 -1.0
-1.77736 -0.9
-1.77711 -0.7
-1.77687 -0.5
-1.77662 -0.4
-1.77638 -0.2
-1.77614 0.0
-1.77589 0.1
-1.77565 0.3
-1.7754 0.4
-1.77516 0.6
-1.77492 0.8
-1.77467 0.9
-1.77443 1.1
-1.77418 1.2
-1.77394 1.4
-1.77369 1.5
-1.77345 1.7
-1.77321 1.8
-1.77296 1.9
-1.77272 2.1
-1.77247 2.2
-1.77223 2.3
-1.77199 2.4
-1.77174 2.5
-1.7715 2.6
-1.77125 2.7
-1.77101 2.8
-1.77077 2.9
-1.77052 2.9
-1.77028 3.0
-1.77003 3.1
-1.76979 3.1
-1.76954 3.2
-1.7693 3.2
-1.76906 3.2
-1.76881 3.2
-1.76857 3.2
-1.76832 3.2
-1.76808 3.2
-1.76784 3.2
-1.76759 3.2
-1.76735 3.2
-1.7671 3.1
-1.76686 3.1
-1.76661 3.0
-1.76637 3.0
-1.76613 2.9
-1.76588 2.8
-1.76564 2.7
-1.76539 2.6
-1.76515 2.5
-1.76491 2.4
-1.76466 2.3
-1.76442 2.2
-1.76417 2.1
-1.76393 1.9
-1.76369 1.8
-1.76344 1.7
-1.7632 1.5
-1.76295 1.4
-1.76271 1.2
-1.76246 1.1
-1.76222 0.9
-1.76198 0.8
-1.76173 0.6
-1.76149 0.4
-1.76124 0.3
-1.761 0.1
-1.76076 0.0
-1.76051 -0.2
-1.76027 -0.4
-1.76002 -0.5
-1.75978 -0.7
-1.75953 -0.9
-1.75929 -1.0
-1.75905 -1.2
-1.7588 -1.3
-1.75856 -1.5
-1.75831 -1.6
-1.75807 -1.8
-1.75783 -1.9
-1.75758 -2.0
-1.75734 -2.1
-1.75709 -2.3
-1.75685 -2.4
-1.75661 -2.5
-1.75636 -2.6
-1.75612 -2.7
-1.75587 -2.8
-1.75563 -2.9
-1.75538 -2.9
-1.75514 -3.0
-1.7549 -3.1
-1.75465 -3.1
-1.75441 -3.2
-1.75416 -3.2
-1.75392 -3.2
-1.75368 -3.2
-1.75343 -3.2
-1.75319 -3.2
-1.75294 -3.2
-1.7527 -3.2
-1.75245 -3.2
-1.75221 -3.2
-1.75197 -3.1
-1.75172 -3.1
-1.75148 -3.0
-1.75123 -3.0
-1.75099 -2.9
-1.75075 -2.8
-1.7505 -2.7
-1.75026 -2.7
-1.75001 -2.6
-1.74977 -2.4
-1.74953 -2.3
-1.74928 -2.2
-1.74904 -2.1
-1.74879 -2.0
-1.74855 -1.8
-1.7483 -1.7
-1.74806 -1.6
-1.74782 -1.4
-1.74757 -1.3
-1.74733 -1.1
-1.74708 -1.0
-1.74684 -0.8
-1.7466 -0.6
-1.74635 -0.5
-1.74611 -0.3
-1.74586 -0.1
-1.74562 0.0
-1.74537 0.2
-1.74513 0.4
-1.74489 0.5
-1.74464 0.7
-1.7444 0.8
-1.74415 1.0
-1.74391 1.1
-1.74367 1.3
-1.74342 1.5
-1.74318 1.6
-1.74293 1.7
-1.74269 1.9
-1.74244 2.0
-1.7422 2.1
-1.74196 2.3
-1.74171 2.4
-1.74147 2.5
-1.74122 2.6
-1.74098 2.7
-1.74074 2.8
-1.74049 2.9
-1.74025 2.9
-1.74 3.0
-1.73976 3.1
-1.73952 3.1
-1.73927 3.2
-1.73903 3.2
-1.73878 3.2
-1.73854 3.2
-1.73829 3.3
-1.73805 3.3
-1.73781 3.3
-1.73756 3.2
-1.73732 3.2
-1.73707 3.2
-1.73683 3.1
-1.73659 3.1
-1.73634 3.0
-1.7361 3.0
-1.73585 2.9
-1.73561 2.8
-1.73536 2.8
-1.73512 2.7
-1.73488 2.6
-1.73463 2.5
-1.73439 2.3
-1.73414 2.2
-1.7339 2.1
-1.73366 2.0
-1.73341 1.8
-1.73317 1.7
-1.73292 1.6
-1.73268 1.4
-1.73244 1.3
-1.73219 1.1
-1.73195 1.0
-1.7317 0.8
-1.73146 0.6
-1.73121 0.5
-1.73097 0.3
-1.73073 0.1
-1.73048 0.0
-1.73024 -0.2
-1.72999 -0.4
-1.72975 -0.5
-1.72951 -0.7
-1.72926 -0.8
-1.72902 -1.0
-1.72877 -1.2
-1.72853 -1.3
-1.72828 -1.5
-1.72804 -1.6
-1.7278 -1.7
-1.72755 -1.9
-1.72731 -2.0
-1.72706 -2.1
-1.72682 -2.3
-1.72658 -2.4
-1.72633 -2.5
-1.72609 -2.6
-1.72584 -2.7
-1.7256 -2.8
-1.72536 -2.9
-1.72511 -2.9
-1.72487 -3.0
-1.72462 -3.1
-1.72438 -3.1
-1.72413 -3.2
-1.72389 -3.2
-1.72365 -3.2
-1.7234 -3.2
-1.72316 -3.3
-1.72291 -3.3
-1.72267 -3.3
-1.72243 -3.2
-1.72218 -3.2
-1.72194 -3.2
-1.72169 -3.1
-1.72145 -3.1
-1.7212 -3.0
-1.72096 -3.0
-1.72072 -2.9
-1.72047 -2.8
-1.72023 -2.7
-1.71998 -2.7
-1.71974 -2.6
-1.7195 -2.4
-1.71925 -2.3
-1.71901 -2.2
-1.71876 -2.1
-1.71852 -2.0
-1.71828 -1.8
-1.71803 -1.7
-1.71779 -1.5
-1.71754 -1.4
-1.7173 -1.2
-1.71705 -1.1
-1.71681 -0.9
-1.71657 -0.8
-1.71632 -0.6
-1.71608 -0.4
-1.71583 -0.3
-1.71559 -0.1
-1.71535 0.0
-1.7151 0.2
-1.71486 0.4
-1.71461 0.6
-1.71437 0.7
-1.71412 0.9
-1.71388 1.0
-1.71364 1.2
-1.71339 1.3
-1.71315 1.5
-1.7129 1.6
-1.71266 1.8
-1.71242 1.9
-1.71217 2.1
-1.71193 2.2
-1.71168 2.3
-1.71144 2.4
-1.71119 2.5
-1.71095 2.6
-1.71071 2.7
-1.71046 2.8
-1.71022 2.9
-1.70997 3.0
-1.70973 3.0
-1.70949 3.1
-1.70924 3.1
-1.709 3.2
-1.70875 3.2
-1.70851 3.2
-1.70827 3.3
-1.70802 3.3
-1.70778 3.3
-1.70753 3.3
-1.70729 3.2
-1.70704 3.2
-1.7068 3.2
-1.70656 3.1
-1.70631 3.1
-1.70607 3.0
-1.70582 3.0
-1.70558 2.9
-1.70534 2.8
-1.70509 2.7
-1.70485 2.6
-1.7046 2.5
-1.70436 2.4
-1.70411 2.3
-1.70387 2.2
-1.70363 2.0
-1.70338 1.9
-1.70314 1.8
-1.70289 1.6
-1.70265 1.5
-1.70241 1.3
-1.70216 1.2
-1.70192 1.0
-1.70167 0.9
-1.70143 0.7
-1.70119 0.5
-1.70094 0.4
-1.7007 0.2
-1.70045 0.0
-1.70021 -0.1
-1.69996 -0.3
-1.69972 -0.5
-1.69948 -0.6
-1.69923 -0.8
-1.69899 -0.9
-1.69874 -1.1
-1.6985 -1.3
-1.69826 -1.4
-1.69801 -1.6
-1.69777 -1.7
-1.69752 -1.8
-1.69728 -2.0
-1.69703 -2.1
-1.69679 -2.2
-1.69655 -2.4
-1.6963 -2.5
-1.69606 -2.6
-1.69581 -2.7
-1.69557 -2.8
-1.69533 -2.9
-1.69508 -2.9
-1.69484 -3.0
-1.69459 -3.1
-1.69435 -3.1
-1.69411 -3.2
-1.69386 -3.2
-1.69362 -3.2
-1.69337 -3.3
-1.69313 -3.3
-1.69288 -3.3
-1.69264 -3.3
-1.6924 -3.3
-1.69215 -3.2
-1.69191 -3.2
-1.69166 -3.2
-1.69142 -3.1
-1.69118 -3.1
-1.69093 -3.0
-1.69069 -2.9
-1.69044 -2.9
-1.6902 -2.8
-1.68995 -2.7
-1.68971 -2.6
-1.68947 -2.5
-1.68922 -2.4
-1.68898 -2.2
-1.68873 -2.1
-1.68849 -2.0
-1.68825 -1.8
-1.688 -1.7
-1.68776 -1.6
-1.68751 -1.4
-1.68727 -1.3
-1.68703 -1.1
-1.68678 -0.9
-1.68654 -0.8
-1.68629 -0.6
-1.68605 -0.4
-1.6858 -0.3
-1.68556 -0.1
-1.68532 0.0
-1.68507 0.2
-1.68483 0.4
-1.68458 0.6
-1.68434 0.7
-1.6841 0.9
-1.68385 1.0
-1.68361 1.2
-1.68336 1.4
-1.68312 1.5
-1.68287 1.7
-1.68263 1.8
-1.68239 1.9
-1.68214 2.1
-1.6819 2.2
-1.68165 2.3
-1.68141 2.4
-1.68117 2.5
-1.68092 2.6
-1.68068 2.7
-1.68043 2.8
-1.68019 2.9
-1.67994 3.0
-1.6797 3.1
-1.67946 3.1
-1.67921 3.2
-1.67897 3.2
-1.67872 3.2
-1.67848 3.3
-1.67824 3.3
-1.67799 3.3
-1.67775 3.3
-1.6775 3.3
-1.67726 3.3
-1.67702 3.2
-1.67677 3.2
-1.67653 3.1
-1.67628 3.1
-1.67604 3.0
-1.67579 3.0
-1.67555 2.9
-1.67531 2.8
-1.67506 2.7
-1.67482 2.6
-1.67457 2.5
-1.67433 2.4
-1.67409 2.3
-1.67384 2.1
-1.6736 2.0
-1.67335 1.9
-1.67311 1.7
-1.67286 1.6
-1.67262 1.4
-1.67238 1.3
-1.67213 1.1
-1.67189 1.0
-1.67164 0.8
-1.6714 0.7
-1.67116 0.5
-1.67091 0.3
-1.67067 0.1
-1.67042 0.0
-1.67018 -0.2
-1.66994 -0.4
-1.66969 -0.5
-1.66945 -0.7
-1.6692 -0.9
-1.66896 -1.0
-1.66871 -1.2
-1.66847 -1.3
-1.66823 -1.5
-1.66798 -1.6
-1.66774 -1.8
-1.66749 -1.9
-1.66725 -2.1
-1.66701 -2.2
-1.66676 -2.3
-1.66652 -2.4
-1.66627 -2.5
-1.66603 -2.6
-1.66578 -2.7
-1.66554 -2.8
-1.6653 -2.9
-1.66505 -3.0
-1.66481 -3.1
-1.66456 -3.1
-1.66432 -3.2
-1.66408 -3.2
-1.66383 -3.2
-1.66359 -3.3
-1.66334 -3.3
-1.6631 -3.3
-1.66286 -3.3
-1.66261 -3.3
-1.66237 -3.3
-1.66212 -3.2
-1.66188 -3.2
-1.66163 -3.2
-1.66139 -3.1
-1.66115 -3.0
-1.6609 -3.0
-1.66066 -2.9
-1.66041 -2.8
-1.66017 -2.7
-1.65993 -2.6
-1.65968 -2.5
-1.65944 -2.4
-1.65919 -2.3
-1.65895 -2.2
-1.6587 -2.0
-1.65846 -1.9
-1.65822 -1.8
-1.65797 -1.6
-1.65773 -1.5
-1.65748 -1.3
-1.65724 -1.1
-1.657 -1.0
-1.65675 -0.8
-1.65651 -0.7
-1.65626 -0.5
-1.65602 -0.3
-1.65578 -0.2
-1.65553 0.0
-1.65529 0.2
-1.65504 0.4
-1.6548 0.5
-1.65455 0.7
-1.65431 0.9
-1.65407 1.0
-1.65382 1.2
-1.65358 1.3
-1.65333 1.5
-1.65309 1.6
-1.65285 1.8
-1.6526 1.9
-1.65236 2.1
-1.65211 2.2
-1.65187 2.3
-1.65162 2.4
-1.65138 2.5
-1.65114 2.7
-1.65089 2.7
-1.65065 2.8
-1.6504 2.9
-1.65016 3.0
-1.64992 3.1
-1.64967 3.1
-1.64943 3.2
-1.64918 3.2
-1.64894 3.2
-1.64869 3.3
-1.64845 3.3
-1.64821 3.3
-1.64796 3.3
-1.64772 3.3
-1.64747 3.3
-1.64723 3.2
-1.64699 3.2
-1.64674 3.2
-1.6465 3.1
-1.64625 3.0
-1.64601 3.0
-1.64577 2.9
-1.64552 2.8
-1.64528 2.7
-1.64503 2.6
-1.64479 2.5
-1.64454 2.4
-1.6443 2.3
-1.64406 2.1
-1.64381 2.0
-1.64357 1.9
-1.64332 1.7
-1.64308 1.6
-1.64284 1.4
-1.64259 1.3
-1.64235 1.1
-1.6421 1.0
-1.64186 0.8
-1.64161 0.6
-1.64137 0.5
-1.64113 0.3
-1.64088 0.1
-1.64064 0.0
-1.64039 -0.2
-1.64015 -0.4
-1.63991 -0.6
-1.63966 -0.7
-1.63942 -0.9
-1.63917 -1.1
-1.63893 -1.2
-1.63869 -1.4
-1.63844 -1.5
-1.6382 -1.7
-1.63795 -1.8
-1.63771 -2.0
-1.63746 -2.1
-1.63722 -2.2
-1.63698 -2.3
-1.63673 -2.5
-1.63649 -2.6
-1.63624 -2.7
-1.636 -2.8
-1.63576 -2.9
-1.63551 -2.9
-1.63527 -3.0
-1.63502 -3.1
-1.63478 -3.1
-1.63453 -3.2
-1.63429 -3.2
-1.63405 -3.3
-1.6338 -3.3
-1.63356 -3.3
-1.63331 -3.3
-1.63307 -3.3
-1.63283 -3.3
-1.63258 -3.3
-1.63234 -3.2
-1.63209 -3.2
-1.63185 -3.1
-1.63161 -3.1
-1.63136 -3.0
-1.63112 -3.0
-1.63087 -2.9
-1.63063 -2.8
-1.63038 -2.7
-1.63014 -2.6
-1.6299 -2.5
-1.62965 -2.4
-1.62941 -2.2
-1.62916 -2.1
-1.62892 -2.0
-1.62868 -1.8
-1.62843 -1.7
-1.62819 -1.5
-1.62794 -1.4
-1.6277 -1.2
-1.62745 -1.1
-1.62721 -0.9
-1.62697 -0.7
-1.62672 -0.6
-1.62648 -0.4
-1.62623 -0.2
-1.62599 0.0
-1.62575 0.1
-1.6255 0.3
-1.62526 0.5
-1.62501 0.6
-1.62477 0.8
-1.62453 1.0
-1.62428 1.1
-1.62404 1.3
-1.62379 1.4
-1.62355 1.6
-1.6233 1.7
-1.62306 1.9
-1.62282 2.0
-1.62257 2.2
-1.62233 2.3
-1.62208 2.4
-1.62184 2.5
-1.6216 2.6
-1.62135 2.7
-1.62111 2.8
-1.62086 2.9
-1.62062 3.0
-1.62037 3.1
-1.62013 3.1
-1.61989 3.2
-1.61964 3.2
-1.6194 3.3
-1.61915 3.3
-1.61891 3.3
-1.61867 3.3
-1.61842 3.3
-1.61818 3.3
-1.61793 3.3
-1.61769 3.3
-1.61744 3.2
-1.6172 3.2
-1.61696 3.1
-1.61671 3.1
-1.61647 3.0
-1.61622 2.9
-1.61598 2.8
-1.61574 2.7
-1.61549 2.6
-1.61525 2.5
-1.615 2.4
-1.61476 2.3
-1.61452 2.2
-1.61427 2.0
-1.61403 1.9
-1.61378 1.8
-1.61354 1.6
-1.61329 1.5
-1.61305 1.3
-1.61281 1.1
-1.61256 1.0
-1.61232 0.8
-1.61207 0.6
-1.61183 0.5
-1.61159 0.3
-1.61134 0.1
-1.6111 0.0
-1.61085 -0.2
-1.61061 -0.4
-1.61036 -0.6
-1.61012 -0.7
-1.60988 -0.9
-1.60963 -1.1
-1.60939 -1.2
-1.60914 -1.4
-1.6089 -1.5
-1.60866 -1.7
-1.60841 -1.8
-1.60817 -2.0
-1.60792 -2.1
-1.60768 -2.2
-1.60744 -2.4
-1.60719 -2.5
-1.60695 -2.6
-1.6067 -2.7
-1.60646 -2.8
-1.60621 -2.9
-1.60597 -3.0
-1.60573 -3.0
-1.60548 -3.1
-1.60524 -3.2
-1.60499 -3.2
-1.60475 -3.2
-1.60451 -3.3
-1.60426 -3.3
-1.60402 -3.3
-1.60377 -3.3
-1.60353 -3.3
-1.60328 -3.3
-1.60304 -3.3
-1.6028 -3.2
-1.60255 -3.2
-1.60231 -3.1
-1.60206 -3.1
-1.60182 -3.0
-1.60158 -2.9
-1.60133 -2.9
-1.60109 -2.8
-1.60084 -2.7
-1.6006 -2.6
-1.60036 -2.5
-1.60011 -2.3
-1.59987 -2.2
-1.59962 -2.1
-1.59938 -1.9
-1.59913 -1.8
-1.59889 -1.6
-1.59865 -1.5
-1.5984 -1.3
-1.59816 -1.2
-1.59791 -1.0
-1.59767 -0.8
-1.59743 -0.7
-1.59718 -0.5
-1.59694 -0.3
-1.59669 -0.2
-1.59645 0.0
-1.5962 0.2
-1.59596 0.4
-1.59572 0.5
-1.59547 0.7
-1.59523 0.9
-1.59498 1.0
-1.59474 1.2
-1.5945 1.4
-1.59425 1.5
-1.59401 1.7
-1.59376 1.8
-1.59352 2.0
-1.59328 2.1
-1.59303 2.2
-1.59279 2.4
-1.59254 2.5
-1.5923 2.6
-1.59205 2.7
-1.59181 2.8
-1.59157 2.9
-1.59132 3.0
-1.59108 3.0
-1.59083 3.1
-1.59059 3.2
-1.59035 3.2
-1.5901 3.3
-1.58986 3.3
-1.58961 3.3
-1.58937 3.3
-1.58912 3.3
-1.58888 3.3
-1.58864 3.3
-1.58839 3.3
-1.58815 3.3
-1.5879 3.2
-1.58766 3.2
-1.58742 3.1
-1.58717 3.0
-1.58693 3.0
-1.58668 2.9
-1.58644 2.8
-1.58619 2.7
-1.58595 2.6
-1.58571 2.5
-1.58546 2.3
-1.58522 2.2
-1.58497 2.1
-1.58473 2.0
-1.58449 1.8
-1.58424 1.7
-1.584 1.5
-1.58375 1.3
-1.58351 1.2
-1.58327 1.0
-1.58302 0.9
-1.58278 0.7
-1.58253 0.5
-1.58229 0.3
-1.58204 0.2
-1.5818 0.0
-1.58156 -0.2
-1.58131 -0.4
-1.58107 -0.5
-1.58082 -0.7
-1.58058 -0.9
-1.58034 -1.0
-1.58009 -1.2
-1.57985 -1.4
-1.5796 -1.5
-1.57936 -1.7
-1.57911 -1.8
-1.57887 -2.0
-1.57863 -2.1
-1.57838 -2.2
-1.57814 -2.4
-1.57789 -2.5
-1.57765 -2.6
-1.57741 -2.7
-1.57716 -2.8
-1.57692 -2.9
-1.57667 -3.0
-1.57643 -3.0
-1.57619 -3.1
-1.57594 -3.2
-1.5757 -3.2
-1.57545 -3.3
-1.57521 -3.3
-1.57496 -3.3
-1.57472 -3.3
-1.57448 -3.3
-1.57423 -3.3
-1.57399 -3.3
-1.57374 -3.3
-1.5735 -3.3
-1.57326 -3.2
-1.57301 -3.2
-1.57277 -3.1
-1.57252 -3.0
-1.57228 -3.0
-1.57203 -2.9
-1.57179 -2.8
-1.57155 -2.7
-1.5713 -2.6
-1.57106 -2.5
-1.57081 -2.3
-1.57057 -2.2
-1.57033 -2.1
-1.57008 -1.9
-1.56984 -1.8
-1.56959 -1.6
-1.56935 -1.5
-1.56911 -1.3
-1.56886 -1.2
-1.56862 -1.0
-1.56837 -0.8
-1.56813 -0.7
-1.56788 -0.5
-1.56764 -0.3
-1.5674 -0.1
-1.56715 0.0
-1.56691 0.2
-1.56666 0.4
-1.56642 0.6
-1.56618 0.7
-1.56593 0.9
-1.56569 1.1
-1.56544 1.2
-1.5652 1.4
-1.56495 1.6
-1.56471 1.7
-1.56447 1.9
-1.56422 2.0
-1.56398 2.1
-1.56373 2.3
-1.56349 2.4
-1.56325 2.5
-1.563 2.6
-1.56276 2.7
-1.56251 2.8
-1.56227 2.9
-1.56203 3.0
-1.56178 3.1
-1.56154 3.1
-1.56129 3.2
-1.56105 3.2
-1.5608 3.3
-1.56056 3.3
-1.56032 3.3
-1.56007 3.3
-1.55983 3.3
-1.55958 3.3
-1.55934 3.3
-1.5591 3.3
-1.55885 3.3
-1.55861 3.2
-1.55836 3.2
-1.55812 3.1
-1.55787 3.0
-1.55763 2.9
-1.55739 2.9
-1.55714 2.8
-1.5569 2.7
-1.55665 2.5
-1.55641 2.4
-1.55617 2.3
-1.55592 2.2
-1.55568 2.0
-1.55543 1.9
-1.55519 1.7
-1.55494 1.6
-1.5547 1.4
-1.55446 1.3
-1.55421 1.1
-1.55397 0.9
-1.55372 0.8
-1.55348 0.6
-1.55324 0.4
-1.55299 0.2
-1.55275 0.0
-1.5525 -0.1
-1.55226 -0.3
-1.55202 -0.5
-1.55177 -0.6
-1.55153 -0.8
-1.55128 -1.0
-1.55104 -1.1
-1.55079 -1.3
-1.55055 -1.5
-1.55031 -1.6
-1.55006 -1.8
-1.54982 -1.9
-1.54957 -2.1
-1.54933 -2.2
-1.54909 -2.3
-1.54884 -2.5
-1.5486 -2.6
-1.54835 -2.7
-1.54811 -2.8
-1.54786 -2.9
-1.54762 -3.0
-1.54738 -3.0
-1.54713 -3.1
-1.54689 -3.2
-1.54664 -3.2
-1.5464 -3.3
-1.54616 -3.3
-1.54591 -3.3
-1.54567 -3.3
-1.54542 -3.3
-1.54518 -3.3
-1.54494 -3.3
-1.54469 -3.3
-1.54445 -3.3
-1.5442 -3.2
-1.54396 -3.2
-1.54371 -3.1
-1.54347 -3.1
-1.54323 -3.0
-1.54298 -2.9
-1.54274 -2.8
-1.54249 -2.7
-1.54225 -2.6
-1.54201 -2.5
-1.54176 -2.4
-1.54152 -2.2
-1.54127 -2.1
-1.54103 -2.0
-1.54078 -1.8
-1.54054 -1.7
-1.5403 -1.5
-1.54005 -1.3
-1.53981 -1.2
-1.53956 -1.0
-1.53932 -0.8
-1.53908 -0.7
-1.53883 -0.5
-1.53859 -0.3
-1.53834 -0.1
-1.5381 0.0
-1.53786 0.2
-1.53761 0.4
-1.53737 0.6
-1.53712 0.7
-1.53688 0.9
-1.53663 1.1
-1.53639 1.2
-1.53615 1.4
-1.5359 1.6
-1.53566 1.7
-1.53541 1.9
-1.53517 2.0
-1.53493 2.2
-1.53468 2.3
-1.53444 2.4
-1.53419 2.5
-1.53395 2.6
-1.5337 2.8
-1.53346 2.9
-1.53322 2.9
-1.53297 3.0
-1.53273 3.1
-1.53248 3.2
-1.53224 3.2
-1.532 3.3
-1.53175 3.3
-1.53151 3.3
-1.53126 3.3
-1.53102 3.4
-1.53078 3.4
-1.53053 3.3
-1.53029 3.3
-1.53004 3.3
-1.5298 3.3
-1.52955 3.2
-1.52931 3.2
-1.52907 3.1
-1.52882 3.0
-1.52858 2.9
-1.52833 2.8
-1.52809 2.7
-1.52785 2.6
-1.5276 2.5
-1.52736 2.4
-1.52711 2.3
-1.52687 2.1
-1.52662 2.0
-1.52638 1.9
-1.52614 1.7
-1.52589 1.5
-1.52565 1.4
-1.5254 1.2
-1.52516 1.1
-1.52492 0.9
-1.52467 0.7
-1.52443 0.5
-1.52418 0.4
-1.52394 0.2
-1.52369 0.0
-1.52345 -0.2
-1.52321 -0.4
-1.52296 -0.5
-1.52272 -0.7
-1.52247 -0.9
-1.52223 -1.1
-1.52199 -1.2
-1.52174 -1.4
-1.5215 -1.5
-1.52125 -1.7
-1.52101 -1.9
-1.52077 -2.0
-1.52052 -2.1
-1.52028 -2.3
-1.52003 -2.4
-1.51979 -2.5
-1.51954 -2.6
-1.5193 -2.7
-1.51906 -2.8
-1.51881 -2.9
-1.51857 -3.0
-1.51832 -3.1
-1.51808 -3.2
-1.51784 -3.2
-1.51759 -3.3
-1.51735 -3.3
-1.5171 -3.3
-1.51686 -3.3
-1.51661 -3.4
-1.51637 -3.4
-1.51613 -3.4
-1.51588 -3.3
-1.51564 -3.3
-1.51539 -3.3
-1.51515 -3.2
-1.51491 -3.2
-1.51466 -3.1
-1.51442 -3.0
-1.51417 -2.9
-1.51393 -2.9
-1.51369 -2.8
-1.51344 -2.7
-1.5132 -2.5
-1.51295 -2.4
-1.51271 -2.3
-1.51246 -2.2
-1.51222 -2.0
-1.51198 -1.9
-1.51173 -1.7
-1.51149 -1.6
-1.51124 -1.4
-1.511 -1.2
-1.51076 -1.1
-1.51051 -0.9
-1.51027 -0.7
-1.51002 -0.5
-1.50978 -0.4
-1.50953 -0.2
-1.50929 0.0
-1.50905 0.2
-1.5088 0.4
-1.50856 0.5
-1.50831 0.7
-1.50807 0.9
-1.50783 1.1
-1.50758 1.2
-1.50734 1.4
-1.50709 1.6
-1.50685 1.7
-1.50661 1.9
-1.50636 2.0
-1.50612 2.1
-1.50587 2.3
-1.50563 2.4
-1.50538 2.5
-1.50514 2.6
-1.5049 2.8
-1.50465 2.9
-1.50441 2.9
-1.50416 3.0
-1.50392 3.1
-1.50368 3.2
-1.50343 3.2
-1.50319 3.3
-1.50294 3.3
-1.5027 3.3
-1.50245 3.4
-1.50221 3.4
-1.50197 3.4
-1.50172 3.4
-1.50148 3.3
-1.50123 3.3
-1.50099 3.3
-1.50075 3.2
-1.5005 3.2
-1.50026 3.1
-1.50001 3.0
-1.49977 2.9
-1.49953 2.8
-1.49928 2.7
-1.49904 2.6
-1.49879 2.5
-1.49855 2.4
-1.4983 2.3
-1.49806 2.1
-1.49782 2.0
-1.49757 1.8
-1.49733 1.7
-1.49708 1.5
-1.49684 1.4
-1.4966 1.2
-1.49635 1.0
-1.49611 0.9
-1.49586 0.7
-1.49562 0.5
-1.49537 0.3
-1.49513 0.1
-1.49489 0.0
-1.49464 -0.2
-1.4944 -0.4
-1.49415 -0.6
-1.49391 -0.7
-1.49367 -0.9
-1.49342 -1.1
-1.49318 -1.3
-1.49293 -1.4
-1.49269 -1.6
-1.49244 -1.7
-1.4922 -1.9
-1.49196 -2.0
-1.49171 -2.2
-1.49147 -2.3
-1.49122 -2.4
-1.49098 -2.6
-1.49074 -2.7
-1.49049 -2.8
-1.49025 -2.9
-1.49 -3.0
-1.48976 -3.1
-1.48952 -3.1
-1.48927 -3.2
-1.48903 -3.2
-1.48878 -3.3
-1.48854 -3.3
-1.48829 -3.4
-1.48805 -3.4
-1.48781 -3.4
-1.48756 -3.4
-1.48732 -3.4
-1.48707 -3.3
-1.48683 -3.3
-1.48659 -3.3
-1.48634 -3.2
-1.4861 -3.2
-1.48585 -3.1
-1.48561 -3.0
-1.48536 -2.9
-1.48512 -2.8
-1.48488 -2.7
-1.48463 -2.6
-1.48439 -2.5
-1.48414 -2.4
-1.4839 -2.2
-1.48366 -2.1
-1.48341 -1.9
-1.48317 -1.8
-1.48292 -1.6
-1.48268 -1.5
-1.48244 -1.3
-1.48219 -1.1
-1.48195 -1.0
-1.4817 -0.8
-1.48146 -0.6
-1.48121 -0.4
-1.48097 -0.3
-1.48073 0.0
-1.48048 0.1
-1.48024 0.3
-1.47999 0.5
-1.47975 0.6
-1.47951 0.8
-1.47926 1.0
-1.47902 1.2
-1.47877 1.3
-1.47853 1.5
-1.47828 1.7
-1.47804 1.8
-1.4778 2.0
-1.47755 2.1
-1.47731 2.3
-1.47706 2.4
-1.47682 2.5
-1.47658 2.6
-1.47633 2.7
-1.47609 2.8
-1.47584 2.9
-1.4756 3.0
-1.47536 3.1
-1.47511 3.2
-1.47487 3.2
-1.47462 3.3
-1.47438 3.3
-1.47413 3.3
-1.47389 3.4
-1.47365 3.4
-1.4734 3.4
-1.47316 3.4
-1.47291 3.4
-1.47267 3.3
-1.47243 3.3
-1.47218 3.2
-1.47194 3.2
-1.47169 3.1
-1.47145 3.0
-1.4712 3.0
-1.47096 2.9
-1.47072 2.8
-1.47047 2.7
-1.47023 2.5
-1.46998 2.4
-1.46974 2.3
-1.4695 2.2
-1.46925 2.0
-1.46901 1.9
-1.46876 1.7
-1.46852 1.6
-1.46828 1.4
-1.46803 1.2
-1.46779 1.0
-1.46754 0.9
-1.4673 0.7
-1.46705 0.5
-1.46681 0.3
-1.46657 0.2
-1.46632 0.0
-1.46608 -0.2
-1.46583 -0.4
-1.46559 -0.6
-1.46535 -0.8
-1.4651 -0.9
-1.46486 -1.1
-1.46461 -1.3
-1.46437 -1.4
-1.46412 -1.6
-1.46388 -1.8
-1.46364 -1.9
-1.46339 -2.1
-1.46315 -2.2
-1.4629 -2.3
-1.46266 -2.5
-1.46242 -2.6
-1.46217 -2.7
-1.46193 -2.8
-1.46168 -2.9
-1.46144 -3.0
-1.46119 -3.1
-1.46095 -3.2
-1.46071 -3.2
-1.46046 -3.3
-1.46022 -3.3
-1.45997 -3.3
-1.45973 -3.4
-1.45949 -3.4
-1.45924 -3.4
-1.459 -3.4
-1.45875 -3.4
-1.45851 -3.3
-1.45827 -3.3
-1.45802 -3.3
-1.45778 -3.2
-1.45753 -3.2
-1.45729 -3.1
-1.45704 -3.0
-1.4568 -2.9
-1.45656 -2.8
-1.45631 -2.7
-1.45607 -2.6
-1.45582 -2.5
-1.45558 -2.3
-1.45534 -2.2
-1.45509 -2.1
-1.45485 -1.9
-1.4546 -1.8
-1.45436 -1.6
-1.45411 -1.4
-1.45387 -1.3
-1.45363 -1.1
-1.45338 -0.9
-1.45314 -0.7
-1.45289 -0.6
-1.45265 -0.4
-1.45241 -0.2
-1.45216 0.0
-1.45192 0.2
-1.45167 0.4
-1.45143 0.5
-1.45119 0.7
-1.45094 0.9
-1.4507 1.1
-1.45045 1.3
-1.45021 1.4
-1.44996 1.6
-1.44972 1.7
-1.44948 1.9
-1.44923 2.1
-1.44899 2.2
-1.44874 2.3
-1.4485 2.5
-1.44826 2.6
-1.44801 2.7
-1.44777 2.8
-1.44752 2.9
-1.44728 3.0
-1.44703 3.1
-1.44679 3.2
-1.44655 3.2
-1.4463 3.3
-1.44606 3.3
-1.44581 3.4
-1.44557 3.4
-1.44533 3.4
-1.44508 3.4
-1.44484 3.4
-1.44459 3.4
-1.44435 3.4
-1.44411 3.3
-1.44386 3.3
-1.44362 3.2
-1.44337 3.2
-1.44313 3.1
-1.44288 3.0
-1.44264 2.9
-1.4424 2.8
-1.44215 2.7
-1.44191 2.6
-1.44166 2.5
-1.44142 2.3
-1.44118 2.2
-1.44093 2.1
-1.44069 1.9
-1.44044 1.8
-1.4402 1.6
-1.43995 1.4
-1.43971 1.3
-1.43947 1.1
-1.43922 0.9
-1.43898 0.7
-1.43873 0.6
-1.43849 0.4
-1.43825 0.2
-1.438 0.0
-1.43776 -0.2
-1.43751 -0.4
-1.43727 -0.5
-1.43703 -0.7
-1.43678 -0.9
-1.43654 -1.1
-1.43629 -1.3
-1.43605 -1.4
-1.4358 -1.6
-1.43556 -1.8
-1.43532 -1.9
-1.43507 -2.1
-1.43483 -2.2
-1.43458 -2.3
-1.43434 -2.5
-1.4341 -2.6
-1.43385 -2.7
-1.43361 -2.8
-1.43336 -2.9
-1.43312 -3.0
-1.43287 -3.1
-1.43263 -3.2
-1.43239 -3.2
-1.43214 -3.3
-1.4319 -3.3
-1.43165 -3.4
-1.43141 -3.4
-1.43117 -3.4
-1.43092 -3.4
-1.43068 -3.4
-1.43043 -3.4
-1.43019 -3.4
-1.42994 -3.3
-1.4297 -3.3
-1.42946 -3.2
-1.42921 -3.2
-1.42897 -3.1
-1.42872 -3.0
-1.42848 -2.9
-1.42824 -2.8
-1.42799 -2.7
-1.42775 -2.6
-1.4275 -2.5
-1.42726 -2.3
-1.42702 -2.2
-1.42677 -2.0
-1.42653 -1.9
-1.42628 -1.7
-1.42604 -1.6
-1.42579 -1.4
-1.42555 -1.2
-1.42531 -1.1
-1.42506 -0.9
-1.42482 -0.7
-1.42457 -0.5
-1.42433 -0.3
-1.42409 -0.1
-1.42384 0.0
-1.4236 0.2
-1.42335 0.4
-1.42311 0.6
-1.42286 0.8
-1.42262 1.0
-1.42238 1.1
-1.42213 1.3
-1.42189 1.5
-1.42164 1.6
-1.4214 1.8
-1.42116 2.0
-1.42091 2.1
-1.42067 2.2
-1.42042 2.4
-1.42018 2.5
-1.41994 2.6
-1.41969 2.8
-1.41945 2.9
-1.4192 3.0
-1.41896 3.0
-1.41871 3.1
-1.41847 3.2
-1.41823 3.3
-1.41798 3.3
-1.41774 3.3
-1.41749 3.4
-1.41725 3.4
-1.41701 3.4
-1.41676 3.4
-1.41652 3.4
-1.41627 3.4
-1.41603 3.4
-1.41578 3.3
-1.41554 3.3
-1.4153 3.2
-1.41505 3.1
-1.41481 3.1
-1.41456 3.0
-1.41432 2.9
-1.41408 2.8
-1.41383 2.7
-1.41359 2.5
-1.41334 2.4
-1.4131 2.3
-1.41286 2.1
-1.41261 2.0
-1.41237 1.8
-1.41212 1.7
-1.41188 1.5
-1.41163 1.3
-1.41139 1.2
-1.41115 1.0
-1.4109 0.8
-1.41066 0.6
-1.41041 0.4
-1.41017 0.3
-1.40993 0.0
-1.40968 -0.1
-1.40944 -0.3
-1.40919 -0.5
-1.40895 -0.7
-1.4087 -0.9
-1.40846 -1.0
-1.40822 -1.2
-1.40797 -1.4
-1.40773 -1.6
-1.40748 -1.7
-1.40724 -1.9
-1.407 -2.0
-1.40675 -2.2
-1.40651 -2.3
-1.40626 -2.5
-1.40602 -2.6
-1.40578 -2.7
-1.40553 -2.8
-1.40529 -2.9
-1.40504 -3.0
-1.4048 -3.1
-1.40455 -3.2
-1.40431 -3.2
-1.40407 -3.3
-1.40382 -3.3
-1.40358 -3.4
-1.40333 -3.4
-1.40309 -3.4
-1.40285 -3.4
-1.4026 -3.4
-1.40236 -3.4
-1.40211 -3.4
-1.40187 -3.3
-1.40162 -3.3
-1.40138 -3.2
-1.40114 -3.2
-1.40089 -3.1
-1.40065 -3.0
-1.4004 -2.9
-1.40016 -2.8
-1.39992 -2.7
-1.39967 -2.6
-1.39943 -2.5
-1.39918 -2.3
-1.39894 -2.2
-1.39869 -2.1
-1.39845 -1.9
-1.39821 -1.7
-1.39796 -1.6
-1.39772 -1.4
-1.39747 -1.2
-1.39723 -1.1
-1.39699 -0.9
-1.39674 -0.7
-1.3965 -0.5
-1.39625 -0.3
-1.39601 -0.1
-1.39577 0.0
-1.39552 0.2
-1.39528 0.4
-1.39503 0.6
-1.39479 0.8
-1.39454 1.0
-1.3943 1.2
-1.39406 1.3
-1.39381 1.5
-1.39357 1.7
-1.39332 1.8
-1.39308 2.0
-1.39284 2.1
-1.39259 2.3
-1.39235 2.4
-1.3921 2.5
-1.39186 2.7
-1.39161 2.8
-1.39137 2.9
-1.39113 3.0
-1.39088 3.1
-1.39064 3.2
-1.39039 3.2
-1.39015 3.3
-1.38991 3.3
-1.38966 3.4
-1.38942 3.4
-1.38917 3.4
-1.38893 3.4
-1.38869 3.4
-1.38844 3.4
-1.3882 3.4
-1.38795 3.4
-1.38771 3.3
-1.38746 3.3
-1.38722 3.2
-1.38698 3.1
-1.38673 3.1
-1.38649 3.0
-1.38624 2.9
-1.386 2.8
-1.38576 2.6
-1.38551 2.5
-1.38527 2.4
-1.38502 2.2
-1.38478 2.1
-1.38453 1.9
-1.38429 1.8
-1.38405 1.6
-1.3838 1.4
-1.38356 1.3
-1.38331 1.1
-1.38307 0.9
-1.38283 0.7
-1.38258 0.5
-1.38234 0.4
-1.38209 0.2
-1.38185 0.0
-1.38161 -0.2
-1.38136 -0.4
-1.38112 -0.6
-1.38087 -0.8
-1.38063 -1.0
-1.38038 -1.1
-1.38014 -1.3
-1.3799 -1.5
-1.37965 -1.7
-1.37941 -1.8
-1.37916 -2.0
-1.37892 -2.1
-1.37868 -2.3
-1.37843 -2.4
-1.37819 -2.5
-1.37794 -2.7
-1.3777 -2.8
-1.37745 -2.9
-1.37721 -3.0
-1.37697 -3.1
-1.37672 -3.2
-1.37648 -3.2
-1.37623 -3.3
-1.37599 -3.3
-1.37575 -3.4
-1.3755 -3.4
-1.37526 -3.4
-1.37501 -3.4
-1.37477 -3.4
-1.37453 -3.4
-1.37428 -3.4
-1.37404 -3.4
-1.37379 -3.3
-1.37355 -3.3
-1.3733 -3.2
-1.37306 -3.1
-1.37282 -3.1
-1.37257 -3.0
-1.37233 -2.9
-1.37208 -2.8
-1.37184 -2.6
-1.3716 -2.5
-1.37135 -2.4
-1.37111 -2.2
-1.37086 -2.1
-1.37062 -1.9
-1.37037 -1.8
-1.37013 -1.6
-1.36989 -1.4
-1.36964 -1.3
-1.3694 -1.1
-1.36915 -0.9
-1.36891 -0.7
-1.36867 -0.5
-1.36842 -0.4
-1.36818 -0.2
-1.36793 0.0
-1.36769 0.2
-1.36744 0.4
-1.3672 0.6
-1.36696 0.8
-1.36671 1.0
-1.36647 1.1
-1.36622 1.3
-1.36598 1.5
-1.36574 1.7
-1.36549 1.8
-1.36525 2.0
-1.365 2.1
-1.36476 2.3
-1.36452 2.4
-1.36427 2.6
-1.36403 2.7
-1.36378 2.8
-1.36354 2.9
-1.36329 3.0
-1.36305 3.1
-1.36281 3.2
-1.36256 3.2
-1.36232 3.3
-1.36207 3.4
-1.36183 3.4
-1.36159 3.4
-1.36134 3.4
-1.3611 3.4
-1.36085 3.4
-1.36061 3.4
-1.36036 3.4
-1.36012 3.4
-1.35988 3.3
-1.35963 3.3
-1.35939 3.2
-1.35914 3.1
-1.3589 3.1
-1.35866 3.0
-1.35841 2.9
-1.35817 2.7
-1.35792 2.6
-1.35768 2.5
-1.35744 2.4
-1.35719 2.2
-1.35695 2.1
-1.3567 1.9
-1.35646 1.8
-1.35621 1.6
-1.35597 1.4
-1.35573 1.2
-1.35548 1.1
-1.35524 0.9
-1.35499 0.7
-1.35475 0.5
-1.35451 0.3
-1.35426 0.1
-1.35402 0.0
-1.35377 -0.3
-1.35353 -0.5
-1.35328 -0.6
-1.35304 -0.8
-1.3528 -1.0
-1.35255 -1.2
-1.35231 -1.4
-1.35206 -1.5
-1.35182 -1.7
-1.35158 -1.9
-1.35133 -2.0
-1.35109 -2.2
-1.35084 -2.3
-1.3506 -2.5
-1.35036 -2.6
-1.35011 -2.7
-1.34987 -2.8
-1.34962 -2.9
-1.34938 -3.0
-1.34913 -3.1
-1.34889 -3.2
-1.34865 -3.3
-1.3484 -3.3
-1.34816 -3.4
-1.34791 -3.4
-1.34767 -3.4
-1.34743 -3.5
-1.34718 -3.5
-1.34694 -3.4
-1.34669 -3.4
-1.34645 -3.4
-1.3462 -3.4
-1.34596 -3.3
-1.34572 -3.3
-1.34547 -3.2
-1.34523 -3.1
-1.34498 -3.0
-1.34474 -2.9
-1.3445 -2.8
-1.34425 -2.7
-1.34401 -2.6
-1.34376 -2.4
-1.34352 -2.3
-1.34328 -2.2
-1.34303 -2.0
-1.34279 -1.9
-1.34254 -1.7
-1.3423 -1.5
-1.34205 -1.3
-1.34181 -1.2
-1.34157 -1.0
-1.34132 -0.8
-1.34108 -0.6
-1.34083 -0.4
-1.34059 -0.2
-1.34035 0.0
-1.3401 0.2
-1.33986 0.4
-1.33961 0.5
-1.33937 0.7
-1.33912 0.9
-1.33888 1.1
-1.33864 1.3
-1.33839 1.5
-1.33815 1.6
-1.3379 1.8
-1.33766 2.0
-1.33742 2.1
-1.33717 2.3
-1.33693 2.4
-1.33668 2.5
-1.33644 2.7
-1.33619 2.8
-1.33595 2.9
-1.33571 3.0
-1.33546 3.1
-1.33522 3.2
-1.33497 3.2
-1.33473 3.3
-1.33449 3.4
-1.33424 3.4
-1.334 3.4
-1.33375 3.5
-1.33351 3.5
-1.33327 3.5
-1.33302 3.4
-1.33278 3.4
-1.33253 3.4
-1.33229 3.3
-1.33204 3.3
-1.3318 3.2
-1.33156 3.2
-1.33131 3.1
-1.33107 3.0
-1.33082 2.9
-1.33058 2.8
-1.33034 2.6
-1.33009 2.5
-1.32985 2.4
-1.3296 2.2
-1.32936 2.1
-1.32911 1.9
-1.32887 1.8
-1.32863 1.6
-1.32838 1.4
-1.32814 1.2
-1.32789 1.0
-1.32765 0.9
-1.32741 0.7
-1.32716 0.5
-1.32692 0.3
-1.32667 0.0
-1.32643 -0.1
-1.32619 -0.3
-1.32594 -0.5
-1.3257 -0.7
-1.32545 -0.9
-1.32521 -1.1
-1.32496 -1.2
-1.32472 -1.4
-1.32448 -1.6
-1.32423 -1.8
-1.32399 -1.9
-1.32374 -2.1
-1.3235 -2.2
-1.32326 -2.4
-1.32301 -2.5
-1.32277 -2.6
-1.32252 -2.8
-1.32228 -2.9
-1.32203 -3.0
-1.32179 -3.1
-1.32155 -3.2
-1.3213 -3.2
-1.32106 -3.3
-1.32081 -3.4
-1.32057 -3.4
-1.32033 -3.4
-1.32008 -3.5
-1.31984 -3.5
-1.31959 -3.5
-1.31935 -3.5
-1.31911 -3.4
-1.31886 -3.4
-1.31862 -3.4
-1.31837 -3.3
-1.31813 -3.3
-1.31788 -3.2
-1.31764 -3.1
-1.3174 -3.0
-1.31715 -2.9
-1.31691 -2.8
-1.31666 -2.7
-1.31642 -2.5
-1.31618 -2.4
-1.31593 -2.3
-1.31569 -2.1
-1.31544 -1.9
-1.3152 -1.8
-1.31495 -1.6
-1.31471 -1.4
-1.31447 -1.3
-1.31422 -1.1
-1.31398 -0.9
-1.31373 -0.7
-1.31349 -0.5
-1.31325 -0.3
-1.313 -0.1
-1.31276 0.0
-1.31251 0.3
-1.31227 0.5
-1.31203 0.7
-1.31178 0.8
-1.31154 1.0
-1.31129 1.2
-1.31105 1.4
-1.3108 1.6
-1.31056 1.8
-1.31032 1.9
-1.31007 2.1
-1.30983 2.2
-1.30958 2.4
-1.30934 2.5
-1.3091 2.6
-1.30885 2.8
-1.30861 2.9
-1.30836 3.0
-1.30812 3.1
-1.30787 3.2
-1.30763 3.2
-1.30739 3.3
-1.30714 3.4
-1.3069 3.4
-1.30665 3.4
-1.30641 3.5
-1.30617 3.5
-1.30592 3.5
-1.30568 3.5
-1.30543 3.4
-1.30519 3.4
-1.30494 3.4
-1.3047 3.3
-1.30446 3.3
-1.30421 3.2
-1.30397 3.1
-1.30372 3.0
-1.30348 2.9
-1.30324 2.8
-1.30299 2.7
-1.30275 2.5
-1.3025 2.4
-1.30226 2.3
-1.30202 2.1
-1.30177 1.9
-1.30153 1.8
-1.30128 1.6
-1.30104 1.4
-1.30079 1.2
-1.30055 1.1
-1.30031 0.9
-1.30006 0.7
-1.29982 0.5
-1.29957 0.3
-1.29933 0.0
-1.29909 0.0
-1.29884 -0.3
-1.2986 -0.5
-1.29835 -0.7
-1.29811 -0.9
-1.29786 -1.1
-1.29762 -1.2
-1.29738 -1.4
-1.29713 -1.6
-1.29689 -1.8
-1.29664 -1.9
-1.2964 -2.1
-1.29616 -2.3
-1.29591 -2.4
-1.29567 -2.5
-1.29542 -2.7
-1.29518 -2.8
-1.29494 -2.9
-1.29469 -3.0
-1.29445 -3.1
-1.2942 -3.2
-1.29396 -3.3
-1.29371 -3.3
-1.29347 -3.4
-1.29323 -3.4
-1.29298 -3.5
-1.29274 -3.5
-1.29249 -3.5
-1.29225 -3.5
-1.29201 -3.5
-1.29176 -3.5
-1.29152 -3.4
-1.29127 -3.4
-1.29103 -3.3
-1.29078 -3.3
-1.29054 -3.2
-1.2903 -3.1
-1.29005 -3.0
-1.28981 -2.9
-1.28956 -2.8
-1.28932 -2.6
-1.28908 -2.5
-1.28883 -2.4
-1.28859 -2.2
-1.28834 -2.1
-1.2881 -1.9
-1.28786 -1.7
-1.28761 -1.6
-1.28737 -1.4
-1.28712 -1.2
-1.28688 -1.0
-1.28663 -0.8
-1.28639 -0.6
-1.28615 -0.4
-1.2859 -0.2
-1.28566 0.0
-1.28541 0.2
-1.28517 0.4
-1.28493 0.5
-1.28468 0.7
-1.28444 0.9
-1.28419 1.1
-1.28395 1.3
-1.2837 1.5
-1.28346 1.7
-1.28322 1.8
-1.28297 2.0
-1.28273 2.2
-1.28248 2.3
-1.28224 2.5
-1.282 2.6
-1.28175 2.7
-1.28151 2.8
-1.28126 3.0
-1.28102 3.1
-1.28078 3.1
-1.28053 3.2
-1.28029 3.3
-1.28004 3.4
-1.2798 3.4
-1.27955 3.4
-1.27931 3.5
-1.27907 3.5
-1.27882 3.5
-1.27858 3.5
-1.27833 3.5
-1.27809 3.4
-1.27785 3.4
-1.2776 3.4
-1.27736 3.3
-1.27711 3.2
-1.27687 3.1
-1.27662 3.1
-1.27638 3.0
-1.27614 2.8
-1.27589 2.7
-1.27565 2.6
-1.2754 2.5
-1.27516 2.3
-1.27492 2.2
-1.27467 2.0
-1.27443 1.8
-1.27418 1.7
-1.27394 1.5
-1.27369 1.3
-1.27345 1.1
-1.27321 0.9
-1.27296 0.7
-1.27272 0.5
-1.27247 0.3
-1.27223 0.1
-1.27199 0.0
-1.27174 -0.3
-1.2715 -0.5
-1.27125 -0.7
-1.27101 -0.8
-1.27077 -1.0
-1.27052 -1.2
-1.27028 -1.4
-1.27003 -1.6
-1.26979 -1.8
-1.26954 -1.9
-1.2693 -2.1
-1.26906 -2.3
-1.26881 -2.4
-1.26857 -2.5
-1.26832 -2.7
-1.26808 -2.8
-1.26784 -2.9
-1.26759 -3.0
-1.26735 -3.1
-1.2671 -3.2
-1.26686 -3.3
-1.26661 -3.3
-1.26637 -3.4
-1.26613 -3.4
-1.26588 -3.5
-1.26564 -3.5
-1.26539 -3.5
-1.26515 -3.5
-1.26491 -3.5
-1.26466 -3.5
-1.26442 -3.4
-1.26417 -3.4
-1.26393 -3.3
-1.26369 -3.3
-1.26344 -3.2
-1.2632 -3.1
-1.26295 -3.0
-1.26271 -2.9
-1.26246 -2.8
-1.26222 -2.6
-1.26198 -2.5
-1.26173 -2.4
-1.26149 -2.2
-1.26124 -2.1
-1.261 -1.9
-1.26076 -1.7
-1.26051 -1.5
-1.26027 -1.4
-1.26002 -1.2
-1.25978 -1.0
-1.25953 -0.8
-1.25929 -0.6
-1.25905 -0.4
-1.2588 -0.2
-1.25856 0.0
-1.25831 0.2
-1.25807 0.4
-1.25783 0.6
-1.25758 0.8
-1.25734 1.0
-1.25709 1.2
-1.25685 1.4
-1.25661 1.6
-1.25636 1.7
-1.25612 1.9
-1.25587 2.1
-1.25563 2.2
-1.25538 2.4
-1.25514 2.5
-1.2549 2.7
-1.25465 2.8
-1.25441 2.9
-1.25416 3.0
-1.25392 3.1
-1.25368 3.2
-1.25343 3.3
-1.25319 3.3
-1.25294 3.4
-1.2527 3.4
-1.25245 3.5
-1.25221 3.5
-1.25197 3.5
-1.25172 3.5
-1.25148 3.5
-1.25123 3.5
-1.25099 3.4
-1.25075 3.4
-1.2505 3.3
-1.25026 3.3
-1.25001 3.2
-1.24977 3.1
-1.24953 3.0
-1.24928 2.9
-1.24904 2.8
-1.24879 2.7
-1.24855 2.5
-1.2483 2.4
-1.24806 2.2
-1.24782 2.1
-1.24757 1.9
-1.24733 1.7
-1.24708 1.6
-1.24684 1.4
-1.2466 1.2
-1.24635 1.0
-1.24611 0.8
-1.24586 0.6
-1.24562 0.4
-1.24537 0.2
-1.24513 0.0
-1.24489 -0.2
-1.24464 -0.4
-1.2444 -0.6
-1.24415 -0.8
-1.24391 -1.0
-1.24367 -1.2
-1.24342 -1.4
-1.24318 -1.6
-1.24293 -1.7
-1.24269 -1.9
-1.24244 -2.1
-1.2422 -2.2
-1.24196 -2.4
-1.24171 -2.5
-1.24147 -2.7
-1.24122 -2.8
-1.24098 -2.9
-1.24074 -3.0
-1.24049 -3.1
-1.24025 -3.2
-1.24 -3.3
-1.23976 -3.4
-1.23952 -3.4
-1.23927 -3.5
-1.23903 -3.5
-1.23878 -3.5
-1.23854 -3.5
-1.23829 -3.5
-1.23805 -3.5
-1.23781 -3.5
-1.23756 -3.5
-1.23732 -3.4
-1.23707 -3.4
-1.23683 -3.3
-1.23659 -3.2
-1.23634 -3.1
-1.2361 -3.0
-1.23585 -2.9
-1.23561 -2.8
-1.23536 -2.7
-1.23512 -2.5
-1.23488 -2.4
-1.23463 -2.2
-1.23439 -2.1
-1.23414 -1.9
-1.2339 -1.7
-1.23366 -1.5
-1.23341 -1.4
-1.23317 -1.2
-1.23292 -1.0
-1.23268 -0.8
-1.23244 -0.6
-1.23219 -0.4
-1.23195 -0.2
-1.2317 0.0
-1.23146 0.2
-1.23121 0.4
-1.23097 0.6
-1.23073 0.8
-1.23048 1.0
-1.23024 1.2
-1.22999 1.4
-1.22975 1.6
-1.22951 1.8
-1.22926 1.9
-1.22902 2.1
-1.22877 2.3
-1.22853 2.4
-1.22828 2.6
-1.22804 2.7
-1.2278 2.8
-1.22755 2.9
-1.22731 3.0
-1.22706 3.1
-1.22682 3.2
-1.22658 3.3
-1.22633 3.4
-1.22609 3.4
-1.22584 3.5
-1.2256 3.5
-1.22536 3.5
-1.22511 3.5
-1.22487 3.5
-1.22462 3.5
-1.22438 3.5
-1.22413 3.5
-1.22389 3.4
-1.22365 3.3
-1.2234 3.3
-1.22316 3.2
-1.22291 3.1
-1.22267 3.0
-1.22243 2.9
-1.22218 2.8
-1.22194 2.6
-1.22169 2.5
-1.22145 2.3
-1.2212 2.2
-1.22096 2.0
-1.22072 1.8
-1.22047 1.7
-1.22023 1.5
-1.21998 1.3
-1.21974 1.1
-1.2195 0.9
-1.21925 0.7
-1.21901 0.5
-1.21876 0.3
-1.21852 0.1
-1.21828 0.0
-1.21803 -0.3
-1.21779 -0.5
-1.21754 -0.7
-1.2173 -0.9
-1.21705 -1.1
-1.21681 -1.3
-1.21657 -1.5
-1.21632 -1.7
-1.21608 -1.8
-1.21583 -2.0
-1.21559 -2.2
-1.21535 -2.3
-1.2151 -2.5
-1.21486 -2.6
-1.21461 -2.8
-1.21437 -2.9
-1.21412 -3.0
-1.21388 -3.1
-1.21364 -3.2
-1.21339 -3.3
-1.21315 -3.3
-1.2129 -3.4
-1.21266 -3.5
-1.21242 -3.5
-1.21217 -3.5
-1.21193 -3.5
-1.21168 -3.5
-1.21144 -3.5
-1.21119 -3.5
-1.21095 -3.5
-1.21071 -3.4
-1.21046 -3.4
-1.21022 -3.3
-1.20997 -3.2
-1.20973 -3.1
-1.20949 -3.1
-1.20924 -2.9
-1.209 -2.8
-1.20875 -2.7
-1.20851 -2.6
-1.20827 -2.4
-1.20802 -2.3
-1.20778 -2.1
-1.20753 -1.9
-1.20729 -1.8
-1.20704 -1.6
-1.2068 -1.4
-1.20656 -1.2
-1.20631 -1.0
-1.20607 -0.8
-1.20582 -0.6
-1.20558 -0.4
-1.20534 -0.2
-1.20509 0.0
-1.20485 0.2
-1.2046 0.4
-1.20436 0.6
-1.20411 0.8
-1.20387 1.0
-1.20363 1.2
-1.20338 1.4
-1.20314 1.6
-1.20289 1.8
-1.20265 2.0
-1.20241 2.1
-1.20216 2.3
-1.20192 2.4
-1.20167 2.6
-1.20143 2.7
-1.20119 2.8
-1.20094 3.0
-1.2007 3.1
-1.20045 3.2
-1.20021 3.3
-1.19996 3.3
-1.19972 3.4
-1.19948 3.5
-1.19923 3.5
-1.19899 3.5
-1.19874 3.5
-1.1985 3.6
-1.19826 3.5
-1.19801 3.5
-1.19777 3.5
-1.19752 3.5
-1.19728 3.4
-1.19703 3.3
-1.19679 3.3
-1.19655 3.2
-1.1963 3.1
-1.19606 3.0
-1.19581 2.9
-1.19557 2.7
-1.19533 2.6
-1.19508 2.5
-1.19484 2.3
-1.19459 2.1
-1.19435 2.0
-1.19411 1.8
-1.19386 1.6
-1.19362 1.4
-1.19337 1.2
-1.19313 1.0
-1.19288 0.8
-1.19264 0.6
-1.1924 0.4
-1.19215 0.2
-1.19191 0.0
-1.19166 -0.2
-1.19142 -0.4
-1.19118 -0.6
-1.19093 -0.8
-1.19069 -1.0
-1.19044 -1.2
-1.1902 -1.4
-1.18995 -1.6
-1.18971 -1.8
-1.18947 -1.9
-1.18922 -2.1
-1.18898 -2.3
-1.18873 -2.4
-1.18849 -2.6
-1.18825 -2.7
-1.188 -2.8
-1.18776 -3.0
-1.18751 -3.1
-1.18727 -3.2
-1.18703 -3.3
-1.18678 -3.3
-1.18654 -3.4
-1.18629 -3.5
-1.18605 -3.5
-1.1858 -3.5
-1.18556 -3.6
-1.18532 -3.6
-1.18507 -3.6
-1.18483 -3.5
-1.18458 -3.5
-1.18434 -3.5
-1.1841 -3.4
-1.18385 -3.4
-1.18361 -3.3
-1.18336 -3.2
-1.18312 -3.1
-1.18287 -3.0
-1.18263 -2.9
-1.18239 -2.7
-1.18214 -2.6
-1.1819 -2.5
-1.18165 -2.3
-1.18141 -2.2
-1.18117 -2.0
-1.18092 -1.8
-1.18068 -1.6
-1.18043 -1.4
-1.18019 -1.2
-1.17994 -1.0
-1.1797 -0.8
-1.17946 -0.6
-1.17921 -0.4
-1.17897 -0.2
-1.17872 0.0
-1.17848 0.2
-1.17824 0.4
-1.17799 0.6
-1.17775 0.8
-1.1775 1.0
-1.17726 1.2
-1.17702 1.4
-1.17677 1.6
-1.17653 1.8
-1.17628 1.9
-1.17604 2.1
-1.17579 2.3
-1.17555 2.4
-1.17531 2.6
-1.17506 2.7
-1.17482 2.9
-1.17457 3.0
-1.17433 3.1
-1.17409 3.2
-1.17384 3.3
-1.1736 3.3
-1.17335 3.4
-1.17311 3.5
-1.17286 3.5
-1.17262 3.5
-1.17238 3.6
-1.17213 3.6
-1.17189 3.6
-1.17164 3.5
-1.1714 3.5
-1.17116 3.5
-1.17091 3.4
-1.17067 3.4
-1.17042 3.3
-1.17018 3.2
-1.16994 3.1
-1.16969 3.0
-1.16945 2.9
-1.1692 2.7
-1.16896 2.6
-1.16871 2.4
-1.16847 2.3
-1.16823 2.1
-1.16798 2.0
-1.16774 1.8
-1.16749 1.6
-1.16725 1.4
-1.16701 1.2
-1.16676 1.0
-1.16652 0.8
-1.16627 0.6
-1.16603 0.4
-1.16578 0.2
-1.16554 0.0
-1.1653 -0.2
-1.16505 -0.4
-1.16481 -0.6
-1.16456 -0.9
-1.16432 -1.1
-1.16408 -1.3
-1.16383 -1.4
-1.16359 -1.6
-1.16334 -1.8
-1.1631 -2.0
-1.16286 -2.2
-1.16261 -2.3
-1.16237 -2.5
-1.16212 -2.6
-1.16188 -2.8
-1.16163 -2.9
-1.16139 -3.0
-1.16115 -3.1
-1.1609 -3.2
-1.16066 -3.3
-1.16041 -3.4
-1.16017 -3.4
-1.15993 -3.5
-1.15968 -3.5
-1.15944 -3.6
-1.15919 -3.6
-1.15895 -3.6
-1.1587 -3.6
-1.15846 -3.5
-1.15822 -3.5
-1.15797 -3.5
-1.15773 -3.4
-1.15748 -3.3
-1.15724 -3.3
-1.157 -3.2
-1.15675 -3.1
-1.15651 -2.9
-1.15626 -2.8
-1.15602 -2.7
-1.15578 -2.5
-1.15553 -2.4
-1.15529 -2.2
-1.15504 -2.1
-1.1548 -1.9
-1.15455 -1.7
-1.15431 -1.5
-1.15407 -1.3
-1.15382 -1.1
-1.15358 -0.9
-1.15333 -0.7
-1.15309 -0.5
-1.15285 -0.3
-1.1526 0.0
-1.15236 0.1
-1.15211 0.3
-1.15187 0.5
-1.15162 0.7
-1.15138 0.9
-1.15114 1.1
-1.15089 1.3
-1.15065 1.5
-1.1504 1.7
-1.15016 1.9
-1.14992 2.1
-1.14967 2.3
-1.14943 2.4
-1.14918 2.6
-1.14894 2.7
-1.14869 2.8
-1.14845 3.0
-1.14821 3.1
-1.14796 3.2
-1.14772 3.3
-1.14747 3.4
-1.14723 3.4
-1.14699 3.5
-1.14674 3.5
-1.1465 3.6
-1.14625 3.6
-1.14601 3.6
-1.14577 3.6
-1.14552 3.6
-1.14528 3.5
-1.14503 3.5
-1.14479 3.4
-1.14454 3.4
-1.1443 3.3
-1.14406 3.2
-1.14381 3.1
-1.14357 3.0
-1.14332 2.9
-1.14308 2.8
-1.14284 2.6
-1.14259 2.5
-1.14235 2.3
-1.1421 2.1
-1.14186 2.0
-1.14161 1.8
-1.14137 1.6
-1.14113 1.4
-1.14088 1.2
-1.14064 1.0
-1.14039 0.8
-1.14015 0.6
-1.13991 0.4
-1.13966 0.2
-1.13942 0.0
-1.13917 -0.3
-1.13893 -0.5
-1.13869 -0.7
-1.13844 -0.9
-1.1382 -1.1
-1.13795 -1.3
-1.13771 -1.5
-1.13746 -1.7
-1.13722 -1.9
-1.13698 -2.0
-1.13673 -2.2
-1.13649 -2.4
-1.13624 -2.5
-1.136 -2.7
-1.13576 -2.8
-1.13551 -2.9
-1.13527 -3.1
-1.13502 -3.2
-1.13478 -3.3
-1.13453 -3.3
-1.13429 -3.4
-1.13405 -3.5
-1.1338 -3.5
-1.13356 -3.6
-1.13331 -3.6
-1.13307 -3.6
-1.13283 -3.6
-1.13258 -3.6
-1.13234 -3.6
-1.13209 -3.5
-1.13185 -3.5
-1.13161 -3.4
-1.13136 -3.3
-1.13112 -3.2
-1.13087 -3.1
-1.13063 -3.0
-1.13038 -2.9
-1.13014 -2.8
-1.1299 -2.6
-1.12965 -2.5
-1.12941 -2.3
-1.12916 -2.2
-1.12892 -2.0
-1.12868 -1.8
-1.12843 -1.6
-1.12819 -1.4
-1.12794 -1.2
-1.1277 -1.0
-1.12745 -0.8
-1.12721 -0.6
-1.12697 -0.4
-1.12672 -0.2
-1.12648 0.0
-1.12623 0.2
-1.12599 0.4
-1.12575 0.7
-1.1255 0.9
-1.12526 1.1
-1.12501 1.3
-1.12477 1.5
-1.12453 1.7
-1.12428 1.8
-1.12404 2.0
-1.12379 2.2
-1.12355 2.4
-1.1233 2.5
-1.12306 2.7
-1.12282 2.8
-1.12257 2.9
-1.12233 3.1
-1.12208 3.2
-1.12184 3.3
-1.1216 3.4
-1.12135 3.4
-1.12111 3.5
-1.12086 3.5
-1.12062 3.6
-1.12037 3.6
-1.12013 3.6
-1.11989 3.6
-1.11964 3.6
-1.1194 3.6
-1.11915 3.5
-1.11891 3.5
-1.11867 3.4
-1.11842 3.3
-1.11818 3.2
-1.11793 3.1
-1.11769 3.0
-1.11744 2.9
-1.1172 2.8
-1.11696 2.6
-1.11671 2.5
-1.11647 2.3
-1.11622 2.2
-1.11598 2.0
-1.11574 1.8
-1.11549 1.6
-1.11525 1.4
-1.115 1.2
-1.11476 1.0
-1.11452 0.8
-1.11427 0.6
-1.11403 0.4
-1.11378 0.2
-1.11354 0.0
-1.11329 -0.3
-1.11305 -0.5
-1.11281 -0.7
-1.11256 -0.9
-1.11232 -1.1
-1.11207 -1.3
-1.11183 -1.5
-1.11159 -1.7
-1.11134 -1.9
-1.1111 -2.1
-1.11085 -2.2
-1.11061 -2.4
-1.11036 -2.6
-1.11012 -2.7
-1.10988 -2.8
-1.10963 -3.0
-1.10939 -3.1
-1.10914 -3.2
-1.1089 -3.3
-1.10866 -3.4
-1.10841 -3.4
-1.10817 -3.5
-1.10792 -3.6
-1.10768 -3.6
-1.10744 -3.6
-1.10719 -3.6
-1.10695 -3.6
-1.1067 -3.6
-1.10646 -3.6
-1.10621 -3.5
-1.10597 -3.5
-1.10573 -3.4
-1.10548 -3.3
-1.10524 -3.2
-1.10499 -3.1
-1.10475 -3.0
-1.10451 -2.9
-1.10426 -2.8
-1.10402 -2.6
-1.10377 -2.5
-1.10353 -2.3
-1.10328 -2.1
-1.10304 -1.9
-1.1028 -1.8
-1.10255 -1.6
-1.10231 -1.4
-1.10206 -1.2
-1.10182 -1.0
-1.10158 -0.8
-1.10133 -0.5
-1.10109 -0.3
-1.10084 -0.1
-1.1006 0.1
-1.10036 0.3
-1.10011 0.5
-1.09987 0.8
-1.09962 1.0
-1.09938 1.2
-1.09913 1.4
-1.09889 1.6
-1.09865 1.8
-1.0984 2.0
-1.09816 2.1
-1.09791 2.3
-1.09767 2.5
-1.09743 2.6
-1.09718 2.8
-1.09694 2.9
-1.09669 3.0
-1.09645 3.1
-1.0962 3.2
-1.09596 3.3
-1.09572 3.4
-1.09547 3.5
-1.09523 3.5
-1.09498 3.6
-1.09474 3.6
-1.0945 3.6
-1.09425 3.6
-1.09401 3.6
-1.09376 3.6
-1.09352 3.6
-1.09328 3.5
-1.09303 3.5
-1.09279 3.4
-1.09254 3.3
-1.0923 3.2
-1.09205 3.1
-1.09181 3.0
-1.09157 2.8
-1.09132 2.7
-1.09108 2.5
-1.09083 2.4
-1.09059 2.2
-1.09035 2.0
-1.0901 1.9
-1.08986 1.7
-1.08961 1.5
-1.08937 1.3
-1.08912 1.1
-1.08888 0.9
-1.08864 0.6
-1.08839 0.4
-1.08815 0.2
-1.0879 0.0
-1.08766 -0.2
-1.08742 -0.4
-1.08717 -0.7
-1.08693 -0.9
-1.08668 -1.1
-1.08644 -1.3
-1.08619 -1.5
-1.08595 -1.7
-1.08571 -1.9
-1.08546 -2.1
-1.08522 -2.2
-1.08497 -2.4
-1.08473 -2.6
-1.08449 -2.7
-1.08424 -2.9
-1.084 -3.0
-1.08375 -3.1
-1.08351 -3.2
-1.08327 -3.3
-1.08302 -3.4
-1.08278 -3.5
-1.08253 -3.5
-1.08229 -3.6
-1.08204 -3.6
-1.0818 -3.6
-1.08156 -3.6
-1.08131 -3.6
-1.08107 -3.6
-1.08082 -3.6
-1.08058 -3.5
-1.08034 -3.5
-1.08009 -3.4
-1.07985 -3.3
-1.0796 -3.2
-1.07936 -3.1
-1.07911 -3.0
-1.07887 -2.9
-1.07863 -2.7
-1.07838 -2.6
-1.07814 -2.4
-1.07789 -2.3
-1.07765 -2.1
-1.07741 -1.9
-1.07716 -1.7
-1.07692 -1.5
-1.07667 -1.3
-1.07643 -1.1
-1.07619 -0.9
-1.07594 -0.7
-1.0757 -0.5
-1.07545 -0.3
-1.07521 0.0
-1.07496 0.2
-1.07472 0.4
-1.07448 0.6
-1.07423 0.8
-1.07399 1.0
-1.07374 1.2
-1.0735 1.5
-1.07326 1.7
-1.07301 1.8
-1.07277 2.0
-1.07252 2.2
-1.07228 2.4
-1.07203 2.5
-1.07179 2.7
-1.07155 2.8
-1.0713 3.0
-1.07106 3.1
-1.07081 3.2
-1.07057 3.3
-1.07033 3.4
-1.07008 3.5
-1.06984 3.5
-1.06959 3.6
-1.06935 3.6
-1.06911 3.6
-1.06886 3.6
-1.06862 3.6
-1.06837 3.6
-1.06813 3.6
-1.06788 3.6
-1.06764 3.5
-1.0674 3.4
-1.06715 3.3
-1.06691 3.3
-1.06666 3.1
-1.06642 3.0
-1.06618 2.9
-1.06593 2.8
-1.06569 2.6
-1.06544 2.5
-1.0652 2.3
-1.06495 2.1
-1.06471 1.9
-1.06447 1.7
-1.06422 1.5
-1.06398 1.3
-1.06373 1.1
-1.06349 0.9
-1.06325 0.7
-1.063 0.5
-1.06276 0.3
-1.06251 0.0
-1.06227 -0.2
-1.06203 -0.4
-1.06178 -0.6
-1.06154 -0.8
-1.06129 -1.0
-1.06105 -1.3
-1.0608 -1.5
-1.06056 -1.7
-1.06032 -1.9
-1.06007 -2.0
-1.05983 -2.2
-1.05958 -2.4
-1.05934 -2.6
-1.0591 -2.7
-1.05885 -2.9
-1.05861 -3.0
-1.05836 -3.1
-1.05812 -3.2
-1.05787 -3.3
-1.05763 -3.4
-1.05739 -3.5
-1.05714 -3.5
-1.0569 -3.6
-1.05665 -3.6
-1.05641 -3.6
-1.05617 -3.7
-1.05592 -3.7
-1.05568 -3.6
-1.05543 -3.6
-1.05519 -3.6
-1.05494 -3.5
-1.0547 -3.4
-1.05446 -3.3
-1.05421 -3.3
-1.05397 -3.1
-1.05372 -3.0
-1.05348 -2.9
-1.05324 -2.8
-1.05299 -2.6
-1.05275 -2.4
-1.0525 -2.3
-1.05226 -2.1
-1.05202 -1.9
-1.05177 -1.7
-1.05153 -1.5
-1.05128 -1.3
-1.05104 -1.1
-1.05079 -0.9
-1.05055 -0.7
-1.05031 -0.4
-1.05006 -0.2
-1.04982 0.0
-1.04957 0.2
-1.04933 0.4
-1.04909 0.7
-1.04884 0.9
-1.0486 1.1
-1.04835 1.3
-1.04811 1.5
-1.04786 1.7
-1.04762 1.9
-1.04738 2.1
-1.04713 2.3
-1.04689 2.4
-1.04664 2.6
-1.0464 2.8
-1.04616 2.9
-1.04591 3.0
-1.04567 3.1
-1.04542 3.3
-1.04518 3.4
-1.04494 3.4
-1.04469 3.5
-1.04445 3.6
-1.0442 3.6
-1.04396 3.6
-1.04371 3.7
-1.04347 3.7
-1.04323 3.7
-1.04298 3.6
-1.04274 3.6
-1.04249 3.6
-1.04225 3.5
-1.04201 3.4
-1.04176 3.3
-1.04152 3.2
-1.04127 3.1
-1.04103 3.0
-1.04078 2.9
-1.04054 2.7
-1.0403 2.5
-1.04005 2.4
-1.03981 2.2
-1.03956 2.0
-1.03932 1.8
-1.03908 1.6
-1.03883 1.4
-1.03859 1.2
-1.03834 1.0
-1.0381 0.8
-1.03786 0.6
-1.03761 0.4
-1.03737 0.1
-1.03712 0.0
-1.03688 -0.3
-1.03663 -0.5
-1.03639 -0.8
-1.03615 -1.0
-1.0359 -1.2
-1.03566 -1.4
-1.03541 -1.6
-1.03517 -1.8
-1.03493 -2.0
-1.03468 -2.2
-1.03444 -2.4
-1.03419 -2.5
-1.03395 -2.7
-1.0337 -2.8
-1.03346 -3.0
-1.03322 -3.1
-1.03297 -3.2
-1.03273 -3.3
-1.03248 -3.4
-1.03224 -3.5
-1.032 -3.6
-1.03175 -3.6
-1.03151 -3.6
-1.03126 -3.7
-1.03102 -3.7
-1.03078 -3.7
-1.03053 -3.7
-1.03029 -3.6
-1.03004 -3.6
-1.0298 -3.5
-1.02955 -3.5
-1.02931 -3.4
-1.02907 -3.3
-1.02882 -3.2
-1.02858 -3.0
-1.02833 -2.9
-1.02809 -2.8
-1.02785 -2.6
-1.0276 -2.5
-1.02736 -2.3
-1.02711 -2.1
-1.02687 -1.9
-1.02662 -1.7
-1.02638 -1.5
-1.02614 -1.3
-1.02589 -1.1
-1.02565 -0.9
-1.0254 -0.7
-1.02516 -0.4
-1.02492 -0.2
-1.02467 0.0
-1.02443 0.2
-1.02418 0.5
-1.02394 0.7
-1.02369 0.9
-1.02345 1.1
-1.02321 1.3
-1.02296 1.5
-1.02272 1.8
-1.02247 1.9
-1.02223 2.1
-1.02199 2.3
-1.02174 2.5
-1.0215 2.6
-1.02125 2.8
-1.02101 2.9
-1.02077 3.1
-1.02052 3.2
-1.02028 3.3
-1.02003 3.4
-1.01979 3.5
-1.01954 3.5
-1.0193 3.6
-1.01906 3.6
-1.01881 3.7
-1.01857 3.7
-1.01832 3.7
-1.01808 3.7
-1.01784 3.6
-1.01759 3.6
-1.01735 3.6
-1.0171 3.5
-1.01686 3.4
-1.01661 3.3
-1.01637 3.2
-1.01613 3.1
-1.01588 3.0
-1.01564 2.8
-1.01539 2.7
-1.01515 2.5
-1.01491 2.3
-1.01466 2.1
-1.01442 2.0
-1.01417 1.8
-1.01393 1.6
-1.01369 1.3
-1.01344 1.1
-1.0132 0.9
-1.01295 0.7
-1.01271 0.5
-1.01246 0.2
-1.01222 0.0
-1.01198 -0.2
-1.01173 -0.4
-1.01149 -0.7
-1.01124 -0.9
-1.011 -1.1
-1.01076 -1.3
-1.01051 -1.5
-1.01027 -1.7
-1.01002 -1.9
-1.00978 -2.1
-1.00953 -2.3
-1.00929 -2.5
-1.00905 -2.6
-1.0088 -2.8
-1.00856 -2.9
-1.00831 -3.1
-1.00807 -3.2
-1.00783 -3.3
-1.00758 -3.4
-1.00734 -3.5
-1.00709 -3.6
-1.00685 -3.6
-1.00661 -3.7
-1.00636 -3.7
-1.00612 -3.7
-1.00587 -3.7
-1.00563 -3.7
-1.00538 -3.7
-1.00514 -3.6
-1.0049 -3.6
-1.00465 -3.5
-1.00441 -3.4
-1.00416 -3.3
-1.00392 -3.2
-1.00368 -3.1
-1.00343 -3.0
-1.00319 -2.8
-1.00294 -2.7
-1.0027 -2.5
-1.00245 -2.3
-1.00221 -2.1
-1.00197 -1.9
-1.00172 -1.7
-1.00148 -1.5
-1.00123 -1.3
-1.00099 -1.1
-1.00075 -0.9
-1.0005 -0.7
-1.00026 -0.4
-1.00001 -0.2
-0.99977 0.0
-0.99953 0.2
-0.99928 0.5
-0.99904 0.7
-0.99879 0.9
-0.99855 1.1
-0.9983 1.4
-0.99806 1.6
-0.99782 1.8
-0.99757 2.0
-0.99733 2.2
-0.99708 2.3
-0.99684 2.5
-0.9966 2.7
-0.99635 2.8
-0.99611 3.0
-0.99586 3.1
-0.99562 3.2
-0.99537 3.3
-0.99513 3.4
-0.99489 3.5
-0.99464 3.6
-0.9944 3.6
-0.99415 3.7
-0.99391 3.7
-0.99367 3.7
-0.99342 3.7
-0.99318 3.7
-0.99293 3.7
-0.99269 3.6
-0.99244 3.6
-0.9922 3.5
-0.99196 3.4
-0.99171 3.3
-0.99147 3.2
-0.99122 3.1
-0.99098 2.9
-0.99074 2.8
-0.99049 2.6
-0.99025 2.5
-0.99 2.3
-0.98976 2.1
-0.98952 1.9
-0.98927 1.7
-0.98903 1.5
-0.98878 1.3
-0.98854 1.1
-0.98829 0.8
-0.98805 0.6
-0.98781 0.4
-0.98756 0.1
-0.98732 0.0
-0.98707 -0.3
-0.98683 -0.5
-0.98659 -0.8
-0.98634 -1.0
-0.9861 -1.2
-0.98585 -1.4
-0.98561 -1.6
-0.98536 -1.8
-0.98512 -2.0
-0.98488 -2.2
-0.98463 -2.4
-0.98439 -2.6
-0.98414 -2.7
-0.9839 -2.9
-0.98366 -3.0
-0.98341 -3.2
-0.98317 -3.3
-0.98292 -3.4
-0.98268 -3.5
-0.98244 -3.5
-0.98219 -3.6
-0.98195 -3.7
-0.9817 -3.7
-0.98146 -3.7
-0.98121 -3.7
-0.98097 -3.7
-0.98073 -3.7
-0.98048 -3.7
-0.98024 -3.6
-0.97999 -3.5
-0.97975 -3.5
-0.97951 -3.4
-0.97926 -3.3
-0.97902 -3.1
-0.97877 -3.0
-0.97853 -2.9
-0.97828 -2.7
-0.97804 -2.5
-0.9778 -2.4
-0.97755 -2.2
-0.97731 -2.0
-0.97706 -1.8
-0.97682 -1.6
-0.97658 -1.4
-0.97633 -1.2
-0.97609 -0.9
-0.97584 -0.7
-0.9756 -0.5
-0.97536 -0.3
-0.97511 0.0
-0.97487 0.2
-0.97462 0.4
-0.97438 0.7
-0.97413 0.9
-0.97389 1.1
-0.97365 1.3
-0.9734 1.6
-0.97316 1.8
-0.97291 2.0
-0.97267 2.2
-0.97243 2.4
-0.97218 2.5
-0.97194 2.7
-0.97169 2.8
-0.97145 3.0
-0.9712 3.1
-0.97096 3.2
-0.97072 3.4
-0.97047 3.5
-0.97023 3.5
-0.96998 3.6
-0.96974 3.7
-0.9695 3.7
-0.96925 3.7
-0.96901 3.7
-0.96876 3.7
-0.96852 3.7
-0.96828 3.7
-0.96803 3.6
-0.96779 3.6
-0.96754 3.5
-0.9673 3.4
-0.96705 3.3
-0.96681 3.2
-0.96657 3.1
-0.96632 2.9
-0.96608 2.8
-0.96583 2.6
-0.96559 2.4
-0.96535 2.2
-0.9651 2.1
-0.96486 1.9
-0.96461 1.6
-0.96437 1.4
-0.96412 1.2
-0.96388 1.0
-0.96364 0.8
-0.96339 0.5
-0.96315 0.3
-0.9629 0.0
-0.96266 -0.2
-0.96242 -0.4
-0.96217 -0.6
-0.96193 -0.9
-0.96168 -1.1
-0.96144 -1.3
-0.96119 -1.5
-0.96095 -1.7
-0.96071 -1.9
-0.96046 -2.1
-0.96022 -2.3
-0.95997 -2.5
-0.95973 -2.7
-0.95949 -2.8
-0.95924 -3.0
-0.959 -3.1
-0.95875 -3.2
-0.95851 -3.4
-0.95827 -3.5
-0.95802 -3.5
-0.95778 -3.6
-0.95753 -3.7
-0.95729 -3.7
-0.95704 -3.7
-0.9568 -3.7
-0.95656 -3.7
-0.95631 -3.7
-0.95607 -3.7
-0.95582 -3.6
-0.95558 -3.6
-0.95534 -3.5
-0.95509 -3.4
-0.95485 -3.3
-0.9546 -3.2
-0.95436 -3.1
-0.95411 -2.9
-0.95387 -2.8
-0.95363 -2.6
-0.95338 -2.4
-0.95314 -2.3
-0.95289 -2.1
-0.95265 -1.9
-0.95241 -1.7
-0.95216 -1.4
-0.95192 -1.2
-0.95167 -1.0
-0.95143 -0.8
-0.95119 -0.5
-0.95094 -0.3
-0.9507 0.0
-0.95045 0.2
-0.95021 0.4
-0.94996 0.6
-0.94972 0.9
-0.94948 1.1
-0.94923 1.3
-0.94899 1.5
-0.94874 1.8
-0.9485 2.0
-0.94826 2.2
-0.94801 2.3
-0.94777 2.5
-0.94752 2.7
-0.94728 2.9
-0.94703 3.0
-0.94679 3.1
-0.94655 3.3
-0.9463 3.4
-0.94606 3.5
-0.94581 3.6
-0.94557 3.6
-0.94533 3.7
-0.94508 3.7
-0.94484 3.7
-0.94459 3.8
-0.94435 3.7
-0.94411 3.7
-0.94386 3.7
-0.94362 3.6
-0.94337 3.6
-0.94313 3.5
-0.94288 3.4
-0.94264 3.3
-0.9424 3.2
-0.94215 3.1
-0.94191 2.9
-0.94166 2.8
-0.94142 2.6
-0.94118 2.4
-0.94093 2.2
-0.94069 2.0
-0.94044 1.8
-0.9402 1.6
-0.93995 1.4
-0.93971 1.2
-0.93947 1.0
-0.93922 0.7
-0.93898 0.5
-0.93873 0.3
-0.93849 0.0
-0.93825 -0.2
-0.938 -0.5
-0.93776 -0.7
-0.93751 -0.9
-0.93727 -1.2
-0.93703 -1.4
-0.93678 -1.6
-0.93654 -1.8
-0.93629 -2.0
-0.93605 -2.2
-0.9358 -2.4
-0.93556 -2.6
-0.93532 -2.8
-0.93507 -2.9
-0.93483 -3.1
-0.93458 -3.2
-0.93434 -3.3
-0.9341 -3.4
-0.93385 -3.5
-0.93361 -3.6
-0.93336 -3.7
-0.93312 -3.7
-0.93287 -3.7
-0.93263 -3.8
-0.93239 -3.8
-0.93214 -3.8
-0.9319 -3.7
-0.93165 -3.7
-0.93141 -3.6
-0.93117 -3.6
-0.93092 -3.5
-0.93068 -3.4
-0.93043 -3.3
-0.93019 -3.1
-0.92994 -3.0
-0.9297 -2.9
-0.92946 -2.7
-0.92921 -2.5
-0.92897 -2.3
-0.92872 -2.2
-0.92848 -2.0
-0.92824 -1.7
-0.92799 -1.5
-0.92775 -1.3
-0.9275 -1.1
-0.92726 -0.9
-0.92702 -0.6
-0.92677 -0.4
-0.92653 -0.1
-0.92628 0.0
-0.92604 0.3
-0.92579 0.6
-0.92555 0.8
-0.92531 1.0
-0.92506 1.3
-0.92482 1.5
-0.92457 1.7
-0.92433 1.9
-0.92409 2.1
-0.92384 2.3
-0.9236 2.5
-0.92335 2.7
-0.92311 2.8
-0.92286 3.0
-0.92262 3.1
-0.92238 3.3
-0.92213 3.4
-0.92189 3.5
-0.92164 3.6
-0.9214 3.6
-0.92116 3.7
-0.92091 3.7
-0.92067 3.8
-0.92042 3.8
-0.92018 3.8
-0.91994 3.8
-0.91969 3.7
-0.91945 3.7
-0.9192 3.6
-0.91896 3.5
-0.91871 3.4
-0.91847 3.3
-0.91823 3.2
-0.91798 3.1
-0.91774 2.9
-0.91749 2.8
-0.91725 2.6
-0.91701 2.4
-0.91676 2.2
-0.91652 2.0
-0.91627 1.8
-0.91603 1.6
-0.91578 1.4
-0.91554 1.2
-0.9153 0.9
-0.91505 0.7
-0.91481 0.5
-0.91456 0.2
-0.91432 0.0
-0.91408 -0.3
-0.91383 -0.5
-0.91359 -0.7
-0.91334 -1.0
-0.9131 -1.2
-0.91286 -1.4
-0.91261 -1.7
-0.91237 -1.9
-0.91212 -2.1
-0.91188 -2.3
-0.91163 -2.5
-0.91139 -2.6
-0.91115 -2.8
-0.9109 -3.0
-0.91066 -3.1
-0.91041 -3.2
-0.91017 -3.4
-0.90993 -3.5
-0.90968 -3.6
-0.90944 -3.6
-0.90919 -3.7
-0.90895 -3.7
-0.9087 -3.8
-0.90846 -3.8
-0.90822 -3.8
-0.90797 -3.8
-0.90773 -3.7
-0.90748 -3.7
-0.90724 -3.6
-0.907 -3.6
-0.90675 -3.5
-0.90651 -3.4
-0.90626 -3.2
-0.90602 -3.1
-0.90578 -3.0
-0.90553 -2.8
-0.90529 -2.6
-0.90504 -2.5
-0.9048 -2.3
-0.90455 -2.1
-0.90431 -1.9
-0.90407 -1.6
-0.90382 -1.4
-0.90358 -1.2
-0.90333 -1.0
-0.90309 -0.7
-0.90285 -0.5
-0.9026 -0.2
-0.90236 0.0
-0.90211 0.3
-0.90187 0.5
-0.90162 0.7
-0.90138 1.0
-0.90114 1.2
-0.90089 1.4
-0.90065 1.7
-0.9004 1.9
-0.90016 2.1
-0.89992 2.3
-0.89967 2.5
-0.89943 2.7
-0.89918 2.8
-0.89894 3.0
-0.89869 3.1
-0.89845 3.3
-0.89821 3.4
-0.89796 3.5
-0.89772 3.6
-0.89747 3.6
-0.89723 3.7
-0.89699 3.8
-0.89674 3.8
-0.8965 3.8
-0.89625 3.8
-0.89601 3.8
-0.89577 3.7
-0.89552 3.7
-0.89528 3.6
-0.89503 3.6
-0.89479 3.5
-0.89454 3.4
-0.8943 3.2
-0.89406 3.1
-0.89381 3.0
-0.89357 2.8
-0.89332 2.6
-0.89308 2.4
-0.89284 2.2
-0.89259 2.0
-0.89235 1.8
-0.8921 1.6
-0.89186 1.4
-0.89161 1.2
-0.89137 0.9
-0.89113 0.7
-0.89088 0.4
-0.89064 0.2
-0.89039 0.0
-0.89015 -0.3
-0.88991 -0.5
-0.88966 -0.8
-0.88942 -1.0
-0.88917 -1.3
-0.88893 -1.5
-0.88869 -1.7
-0.88844 -1.9
-0.8882 -2.1
-0.88795 -2.3
-0.88771 -2.5
-0.88746 -2.7
-0.88722 -2.9
-0.88698 -3.0
-0.88673 -3.2
-0.88649 -3.3
-0.88624 -3.4
-0.886 -3.5
-0.88576 -3.6
-0.88551 -3.7
-0.88527 -3.7
-0.88502 -3.8
-0.88478 -3.8
-0.88453 -3.8
-0.88429 -3.8
-0.88405 -3.8
-0.8838 -3.7
-0.88356 -3.7
-0.88331 -3.6
-0.88307 -3.5
-0.88283 -3.4
-0.88258 -3.3
-0.88234 -3.2
-0.88209 -3.1
-0.88185 -2.9
-0.88161 -2.7
-0.88136 -2.6
-0.88112 -2.4
-0.88087 -2.2
-0.88063 -2.0
-0.88038 -1.8
-0.88014 -1.5
-0.8799 -1.3
-0.87965 -1.1
-0.87941 -0.8
-0.87916 -0.6
-0.87892 -0.3
-0.87868 -0.1
-0.87843 0.1
-0.87819 0.4
-0.87794 0.6
-0.8777 0.9
-0.87745 1.1
-0.87721 1.4
-0.87697 1.6
-0.87672 1.8
-0.87648 2.0
-0.87623 2.2
-0.87599 2.4
-0.87575 2.6
-0.8755 2.8
-0.87526 2.9
-0.87501 3.1
-0.87477 3.2
-0.87453 3.4
-0.87428 3.5
-0.87404 3.6
-0.87379 3.7
-0.87355 3.7
-0.8733 3.8
-0.87306 3.8
-0.87282 3.8
-0.87257 3.8
-0.87233 3.8
-0.87208 3.8
-0.87184 3.7
-0.8716 3.7
-0.87135 3.6
-0.87111 3.5
-0.87086 3.4
-0.87062 3.3
-0.87037 3.1
-0.87013 3.0
-0.86989 2.8
-0.86964 2.7
-0.8694 2.5
-0.86915 2.3
-0.86891 2.1
-0.86867 1.9
-0.86842 1.6
-0.86818 1.4
-0.86793 1.2
-0.86769 0.9
-0.86744 0.7
-0.8672 0.4
-0.86696 0.2
-0.86671 0.0
-0.86647 -0.3
-0.86622 -0.6
-0.86598 -0.8
-0.86574 -1.0
-0.86549 -1.3
-0.86525 -1.5
-0.865 -1.7
-0.86476 -2.0
-0.86452 -2.2
-0.86427 -2.4
-0.86403 -2.6
-0.86378 -2.7
-0.86354 -2.9
-0.86329 -3.1
-0.86305 -3.2
-0.86281 -3.3
-0.86256 -3.5
-0.86232 -3.6
-0.86207 -3.6
-0.86183 -3.7
-0.86159 -3.8
-0.86134 -3.8
-0.8611 -3.8
-0.86085 -3.8
-0.86061 -3.8
-0.86036 -3.8
-0.86012 -3.8
-0.85988 -3.7
-0.85963 -3.6
-0.85939 -3.5
-0.85914 -3.4
-0.8589 -3.3
-0.85866 -3.2
-0.85841 -3.0
-0.85817 -2.9
-0.85792 -2.7
-0.85768 -2.5
-0.85744 -2.3
-0.85719 -2.1
-0.85695 -1.9
-0.8567 -1.7
-0.85646 -1.4
-0.85621 -1.2
-0.85597 -1.0
-0.85573 -0.7
-0.85548 -0.5
-0.85524 -0.2
-0.85499 0.0
-0.85475 0.3
-0.85451 0.5
-0.85426 0.8
-0.85402 1.0
-0.85377 1.3
-0.85353 1.5
-0.85328 1.7
-0.85304 1.9
-0.8528 2.2
-0.85255 2.4
-0.85231 2.6
-0.85206 2.7
-0.85182 2.9
-0.85158 3.1
-0.85133 3.2
-0.85109 3.3
-0.85084 3.5
-0.8506 3.6
-0.85036 3.6
-0.85011 3.7
-0.84987 3.8
-0.84962 3.8
-0.84938 3.8
-0.84913 3.8
-0.84889 3.8
-0.84865 3.8
-0.8484 3.8
-0.84816 3.7
-0.84791 3.6
-0.84767 3.5
-0.84743 3.4
-0.84718 3.3
-0.84694 3.2
-0.84669 3.0
-0.84645 2.9
-0.8462 2.7
-0.84596 2.5
-0.84572 2.3
-0.84547 2.1
-0.84523 1.9
-0.84498 1.7
-0.84474 1.4
-0.8445 1.2
-0.84425 1.0
-0.84401 0.7
-0.84376 0.5
-0.84352 0.2
-0.84328 0.0
-0.84303 -0.3
-0.84279 -0.6
-0.84254 -0.8
-0.8423 -1.0
-0.84205 -1.3
-0.84181 -1.5
-0.84157 -1.8
-0.84132 -2.0
-0.84108 -2.2
-0.84083 -2.4
-0.84059 -2.6
-0.84035 -2.8
-0.8401 -2.9
-0.83986 -3.1
-0.83961 -3.2
-0.83937 -3.4
-0.83912 -3.5
-0.83888 -3.6
-0.83864 -3.7
-0.83839 -3.7
-0.83815 -3.8
-0.8379 -3.8
-0.83766 -3.9
-0.83742 -3.9
-0.83717 -3.8
-0.83693 -3.8
-0.83668 -3.8
-0.83644 -3.7
-0.83619 -3.6
-0.83595 -3.5
-0.83571 -3.4
-0.83546 -3.3
-0.83522 -3.2
-0.83497 -3.0
-0.83473 -2.8
-0.83449 -2.7
-0.83424 -2.5
-0.834 -2.3
-0.83375 -2.1
-0.83351 -1.8
-0.83327 -1.6
-0.83302 -1.4
-0.83278 -1.1
-0.83253 -0.9
-0.83229 -0.6
-0.83204 -0.4
-0.8318 -0.1
-0.83156 0.1
-0.83131 0.4
-0.83107 0.6
-0.83082 0.9
-0.83058 1.1
-0.83034 1.4
-0.83009 1.6
-0.82985 1.8
-0.8296 2.1
-0.82936 2.3
-0.82911 2.5
-0.82887 2.7
-0.82863 2.8
-0.82838 3.0
-0.82814 3.2
-0.82789 3.3
-0.82765 3.4
-0.82741 3.5
-0.82716 3.6
-0.82692 3.7
-0.82667 3.8
-0.82643 3.8
-0.82619 3.9
-0.82594 3.9
-0.8257 3.9
-0.82545 3.8
-0.82521 3.8
-0.82496 3.8
-0.82472 3.7
-0.82448 3.6
-0.82423 3.5
-0.82399 3.4
-0.82374 3.2
-0.8235 3.1
-0.82326 2.9
-0.82301 2.8
-0.82277 2.6
-0.82252 2.4
-0.82228 2.2
-0.82203 1.9
-0.82179 1.7
-0.82155 1.5
-0.8213 1.2
-0.82106 1.0
-0.82081 0.7
-0.82057 0.5
-0.82033 0.2
-0.82008 0.0
-0.81984 -0.3
-0.81959 -0.5
-0.81935 -0.8
-0.81911 -1.0
-0.81886 -1.3
-0.81862 -1.5
-0.81837 -1.8
-0.81813 -2.0
-0.81788 -2.2
-0.81764 -2.4
-0.8174 -2.6
-0.81715 -2.8
-0.81691 -3.0
-0.81666 -3.1
-0.81642 -3.3
-0.81618 -3.4
-0.81593 -3.5
-0.81569 -3.6
-0.81544 -3.7
-0.8152 -3.8
-0.81495 -3.8
-0.81471 -3.9
-0.81447 -3.9
-0.81422 -3.9
-0.81398 -3.9
-0.81373 -3.8
-0.81349 -3.8
-0.81325 -3.7
-0.813 -3.6
-0.81276 -3.5
-0.81251 -3.4
-0.81227 -3.3
-0.81203 -3.1
-0.81178 -3.0
-0.81154 -2.8
-0.81129 -2.6
-0.81105 -2.4
-0.8108 -2.2
-0.81056 -2.0
-0.81032 -1.8
-0.81007 -1.5
-0.80983 -1.3
-0.80958 -1.1
-0.80934 -0.8
-0.8091 -0.5
-0.80885 -0.3
-0.80861 0.0
-0.80836 0.2
-0.80812 0.5
-0.80787 0.7
-0.80763 1.0
-0.80739 1.2
-0.80714 1.5
-0.8069 1.7
-0.80665 2.0
-0.80641 2.2
-0.80617 2.4
-0.80592 2.6
-0.80568 2.8
-0.80543 3.0
-0.80519 3.1
-0.80494 3.3
-0.8047 3.4
-0.80446 3.5
-0.80421 3.6
-0.80397 3.7
-0.80372 3.8
-0.80348 3.8
-0.80324 3.9
-0.80299 3.9
-0.80275 3.9
-0.8025 3.9
-0.80226 3.8
-0.80202 3.8
-0.80177 3.7
-0.80153 3.6
-0.80128 3.5
-0.80104 3.4
-0.80079 3.3
-0.80055 3.2
-0.80031 3.0
-0.80006 2.8
-0.79982 2.6
-0.79957 2.4
-0.79933 2.2
-0.79909 2.0
-0.79884 1.8
-0.7986 1.5
-0.79835 1.3
-0.79811 1.1
-0.79786 0.8
-0.79762 0.5
-0.79738 0.3
-0.79713 0.0
-0.79689 -0.2
-0.79664 -0.5
-0.7964 -0.8
-0.79616 -1.0
-0.79591 -1.3
-0.79567 -1.5
-0.79542 -1.8
-0.79518 -2.0
-0.79494 -2.2
-0.79469 -2.4
-0.79445 -2.6
-0.7942 -2.8
-0.79396 -3.0
-0.79371 -3.1
-0.79347 -3.3
-0.79323 -3.4
-0.79298 -3.5
-0.79274 -3.7
-0.79249 -3.7
-0.79225 -3.8
-0.79201 -3.9
-0.79176 -3.9
-0.79152 -3.9
-0.79127 -3.9
-0.79103 -3.9
-0.79078 -3.9
-0.79054 -3.8
-0.7903 -3.7
-0.79005 -3.6
-0.78981 -3.5
-0.78956 -3.4
-0.78932 -3.3
-0.78908 -3.1
-0.78883 -3.0
-0.78859 -2.8
-0.78834 -2.6
-0.7881 -2.4
-0.78786 -2.2
-0.78761 -2.0
-0.78737 -1.7
-0.78712 -1.5
-0.78688 -1.2
-0.78663 -1.0
-0.78639 -0.7
-0.78615 -0.5
-0.7859 -0.2
-0.78566 0.0
-0.78541 0.3
-0.78517 0.6
-0.78493 0.8
-0.78468 1.1
-0.78444 1.4
-0.78419 1.6
-0.78395 1.8
-0.7837 2.1
-0.78346 2.3
-0.78322 2.5
-0.78297 2.7
-0.78273 2.9
-0.78248 3.1
-0.78224 3.2
-0.782 3.4
-0.78175 3.5
-0.78151 3.6
-0.78126 3.7
-0.78102 3.8
-0.78078 3.8
-0.78053 3.9
-0.78029 3.9
-0.78004 3.9
-0.7798 3.9
-0.77955 3.9
-0.77931 3.8
-0.77907 3.8
-0.77882 3.7
-0.77858 3.6
-0.77833 3.5
-0.77809 3.4
-0.77785 3.2
-0.7776 3.1
-0.77736 2.9
-0.77711 2.7
-0.77687 2.5
-0.77662 2.3
-0.77638 2.1
-0.77614 1.9
-0.77589 1.6
-0.77565 1.4
-0.7754 1.1
-0.77516 0.9
-0.77492 0.6
-0.77467 0.3
-0.77443 0.0
-0.77418 -0.2
-0.77394 -0.5
-0.77369 -0.7
-0.77345 -1.0
-0.77321 -1.2
-0.77296 -1.5
-0.77272 -1.7
-0.77247 -2.0
-0.77223 -2.2
-0.77199 -2.4
-0.77174 -2.6
-0.7715 -2.8
-0.77125 -3.0
-0.77101 -3.2
-0.77077 -3.3
-0.77052 -3.4
-0.77028 -3.6
-0.77003 -3.7
-0.76979 -3.8
-0.76954 -3.8
-0.7693 -3.9
-0.76906 -3.9
-0.76881 -3.9
-0.76857 -3.9
-0.76832 -3.9
-0.76808 -3.9
-0.76784 -3.8
-0.76759 -3.7
-0.76735 -3.7
-0.7671 -3.5
-0.76686 -3.4
-0.76661 -3.3
-0.76637 -3.1
-0.76613 -3.0
-0.76588 -2.8
-0.76564 -2.6
-0.76539 -2.4
-0.76515 -2.2
-0.76491 -1.9
-0.76466 -1.7
-0.76442 -1.4
-0.76417 -1.2
-0.76393 -0.9
-0.76369 -0.7
-0.76344 -0.4
-0.7632 -0.1
-0.76295 0.1
-0.76271 0.4
-0.76246 0.7
-0.76222 0.9
-0.76198 1.2
-0.76173 1.4
-0.76149 1.7
-0.76124 1.9
-0.761 2.2
-0.76076 2.4
-0.76051 2.6
-0.76027 2.8
-0.76002 3.0
-0.75978 3.1
-0.75953 3.3
-0.75929 3.4
-0.75905 3.6
-0.7588 3.7
-0.75856 3.8
-0.75831 3.8
-0.75807 3.9
-0.75783 3.9
-0.75758 3.9
-0.75734 3.9
-0.75709 3.9
-0.75685 3.9
-0.75661 3.8
-0.75636 3.8
-0.75612 3.7
-0.75587 3.6
-0.75563 3.4
-0.75538 3.3
-0.75514 3.1
-0.7549 3.0
-0.75465 2.8
-0.75441 2.6
-0.75416 2.4
-0.75392 2.2
-0.75368 1.9
-0.75343 1.7
-0.75319 1.4
-0.75294 1.2
-0.7527 0.9
-0.75245 0.7
-0.75221 0.4
-0.75197 0.1
-0.75172 -0.1
-0.75148 -0.4
-0.75123 -0.7
-0.75099 -0.9
-0.75075 -1.2
-0.7505 -1.5
-0.75026 -1.7
-0.75001 -2.0
-0.74977 -2.2
-0.74953 -2.4
-0.74928 -2.6
-0.74904 -2.8
-0.74879 -3.0
-0.74855 -3.2
-0.7483 -3.3
-0.74806 -3.5
-0.74782 -3.6
-0.74757 -3.7
-0.74733 -3.8
-0.74708 -3.9
-0.74684 -3.9
-0.7466 -3.9
-0.74635 -4.0
-0.74611 -4.0
-0.74586 -3.9
-0.74562 -3.9
-0.74537 -3.8
-0.74513 -3.8
-0.74489 -3.7
-0.74464 -3.6
-0.7444 -3.4
-0.74415 -3.3
-0.74391 -3.1
-0.74367 -3.0
-0.74342 -2.8
-0.74318 -2.6
-0.74293 -2.4
-0.74269 -2.1
-0.74244 -1.9
-0.7422 -1.6
-0.74196 -1.4
-0.74171 -1.1
-0.74147 -0.9
-0.74122 -0.6
-0.74098 -0.3
-0.74074 0.0
-0.74049 0.2
-0.74025 0.5
-0.74 0.8
-0.73976 1.0
-0.73952 1.3
-0.73927 1.5
-0.73903 1.8
-0.73878 2.0
-0.73854 2.3
-0.73829 2.5
-0.73805 2.7
-0.73781 2.9
-0.73756 3.1
-0.73732 3.2
-0.73707 3.4
-0.73683 3.5
-0.73659 3.6
-0.73634 3.7
-0.7361 3.8
-0.73585 3.9
-0.73561 3.9
-0.73536 4.0
-0.73512 4.0
-0.73488 4.0
-0.73463 3.9
-0.73439 3.9
-0.73414 3.8
-0.7339 3.7
-0.73366 3.6
-0.73341 3.5
-0.73317 3.4
-0.73292 3.2
-0.73268 3.1
-0.73244 2.9
-0.73219 2.7
-0.73195 2.5
-0.7317 2.3
-0.73146 2.0
-0.73121 1.8
-0.73097 1.5
-0.73073 1.3
-0.73048 1.0
-0.73024 0.7
-0.72999 0.5
-0.72975 0.2
-0.72951 0.0
-0.72926 -0.4
-0.72902 -0.6
-0.72877 -0.9
-0.72853 -1.2
-0.72828 -1.4
-0.72804 -1.7
-0.7278 -1.9
-0.72755 -2.2
-0.72731 -2.4
-0.72706 -2.6
-0.72682 -2.8
-0.72658 -3.0
-0.72633 -3.2
-0.72609 -3.3
-0.72584 -3.5
-0.7256 -3.6
-0.72536 -3.7
-0.72511 -3.8
-0.72487 -3.9
-0.72462 -3.9
-0.72438 -4.0
-0.72413 -4.0
-0.72389 -4.0
-0.72365 -4.0
-0.7234 -3.9
-0.72316 -3.9
-0.72291 -3.8
-0.72267 -3.7
-0.72243 -3.6
-0.72218 -3.4
-0.72194 -3.3
-0.72169 -3.1
-0.72145 -3.0
-0.7212 -2.8
-0.72096 -2.6
-0.72072 -2.3
-0.72047 -2.1
-0.72023 -1.9
-0.71998 -1.6
-0.71974 -1.4
-0.7195 -1.1
-0.71925 -0.8
-0.71901 -0.5
-0.71876 -0.3
-0.71852 0.0
-0.71828 0.3
-0.71803 0.6
-0.71779 0.8
-0.71754 1.1
-0.7173 1.4
-0.71705 1.6
-0.71681 1.9
-0.71657 2.1
-0.71632 2.4
-0.71608 2.6
-0.71583 2.8
-0.71559 3.0
-0.71535 3.2
-0.7151 3.3
-0.71486 3.5
-0.71461 3.6
-0.71437 3.7
-0.71412 3.8
-0.71388 3.9
-0.71364 3.9
-0.71339 4.0
-0.71315 4.0
-0.7129 4.0
-0.71266 4.0
-0.71242 3.9
-0.71217 3.9
-0.71193 3.8
-0.71168 3.7
-0.71144 3.6
-0.71119 3.5
-0.71095 3.3
-0.71071 3.2
-0.71046 3.0
-0.71022 2.8
-0.70997 2.6
-0.70973 2.4
-0.70949 2.1
-0.70924 1.9
-0.709 1.6
-0.70875 1.4
-0.70851 1.1
-0.70827 0.8
-0.70802 0.6
-0.70778 0.3
-0.70753 0.0
-0.70729 -0.3
-0.70704 -0.6
-0.7068 -0.8
-0.70656 -1.1
-0.70631 -1.4
-0.70607 -1.6
-0.70582 -1.9
-0.70558 -2.1
-0.70534 -2.4
-0.70509 -2.6
-0.70485 -2.8
-0.7046 -3.0
-0.70436 -3.2
-0.70411 -3.3
-0.70387 -3.5
-0.70363 -3.6
-0.70338 -3.7
-0.70314 -3.8
-0.70289 -3.9
-0.70265 -4.0
-0.70241 -4.0
-0.70216 -4.0
-0.70192 -4.0
-0.70167 -4.0
-0.70143 -4.0
-0.70119 -3.9
-0.70094 -3.8
-0.7007 -3.7
-0.70045 -3.6
-0.70021 -3.5
-0.69996 -3.3
-0.69972 -3.1
-0.69948 -3.0
-0.69923 -2.8
-0.69899 -2.5
-0.69874 -2.3
-0.6985 -2.1
-0.69826 -1.8
-0.69801 -1.6
-0.69777 -1.3
-0.69752 -1.0
-0.69728 -0.8
-0.69703 -0.5
-0.69679 -0.2
-0.69655 0.0
-0.6963 0.4
-0.69606 0.6
-0.69581 0.9
-0.69557 1.2
-0.69533 1.5
-0.69508 1.7
-0.69484 2.0
-0.69459 2.2
-0.69435 2.4
-0.69411 2.7
-0.69386 2.9
-0.69362 3.1
-0.69337 3.2
-0.69313 3.4
-0.69288 3.5
-0.69264 3.7
-0.6924 3.8
-0.69215 3.9
-0.69191 3.9
-0.69166 4.0
-0.69142 4.0
-0.69118 4.0
-0.69093 4.0
-0.69069 4.0
-0.69044 3.9
-0.6902 3.9
-0.68995 3.8
-0.68971 3.7
-0.68947 3.6
-0.68922 3.4
-0.68898 3.3
-0.68873 3.1
-0.68849 2.9
-0.68825 2.7
-0.688 2.5
-0.68776 2.2
-0.68751 2.0
-0.68727 1.7
-0.68703 1.5
-0.68678 1.2
-0.68654 0.9
-0.68629 0.6
-0.68605 0.4
-0.6858 0.0
-0.68556 -0.2
-0.68532 -0.5
-0.68507 -0.8
-0.68483 -1.1
-0.68458 -1.3
-0.68434 -1.6
-0.6841 -1.9
-0.68385 -2.1
-0.68361 -2.3
-0.68336 -2.6
-0.68312 -2.8
-0.68287 -3.0
-0.68263 -3.2
-0.68239 -3.3
-0.68214 -3.5
-0.6819 -3.6
-0.68165 -3.8
-0.68141 -3.9
-0.68117 -3.9
-0.68092 -4.0
-0.68068 -4.0
-0.68043 -4.0
-0.68019 -4.0
-0.67994 -4.0
-0.6797 -4.0
-0.67946 -3.9
-0.67921 -3.8
-0.67897 -3.7
-0.67872 -3.6
-0.67848 -3.5
-0.67824 -3.3
-0.67799 -3.2
-0.67775 -3.0
-0.6775 -2.8
-0.67726 -2.5
-0.67702 -2.3
-0.67677 -2.1
-0.67653 -1.8
-0.67628 -1.6
-0.67604 -1.3
-0.67579 -1.0
-0.67555 -0.7
-0.67531 -0.4
-0.67506 -0.1
-0.67482 0.1
-0.67457 0.4
-0.67433 0.7
-0.67409 1.0
-0.67384 1.3
-0.6736 1.5
-0.67335 1.8
-0.67311 2.1
-0.67286 2.3
-0.67262 2.5
-0.67238 2.8
-0.67213 3.0
-0.67189 3.2
-0.67164 3.3
-0.6714 3.5
-0.67116 3.6
-0.67091 3.7
-0.67067 3.9
-0.67042 3.9
-0.67018 4.0
-0.66994 4.0
-0.66969 4.1
-0.66945 4.1
-0.6692 4.0
-0.66896 4.0
-0.66871 3.9
-0.66847 3.9
-0.66823 3.8
-0.66798 3.6
-0.66774 3.5
-0.66749 3.4
-0.66725 3.2
-0.66701 3.0
-0.66676 2.8
-0.66652 2.6
-0.66627 2.3
-0.66603 2.1
-0.66578 1.8
-0.66554 1.6
-0.6653 1.3
-0.66505 1.0
-0.66481 0.7
-0.66456 0.4
-0.66432 0.2
-0.66408 -0.1
-0.66383 -0.4
-0.66359 -0.7
-0.66334 -1.0
-0.6631 -1.3
-0.66286 -1.6
-0.66261 -1.8
-0.66237 -2.1
-0.66212 -2.3
-0.66188 -2.6
-0.66163 -2.8
-0.66139 -3.0
-0.66115 -3.2
-0.6609 -3.4
-0.66066 -3.5
-0.66041 -3.6
-0.66017 -3.8
-0.65993 -3.9
-0.65968 -4.0
-0.65944 -4.0
-0.65919 -4.1
-0.65895 -4.1
-0.6587 -4.1
-0.65846 -4.1
-0.65822 -4.0
-0.65797 -3.9
-0.65773 -3.9
-0.65748 -3.8
-0.65724 -3.6
-0.657 -3.5
-0.65675 -3.3
-0.65651 -3.2
-0.65626 -3.0
-0.65602 -2.8
-0.65578 -2.5
-0.65553 -2.3
-0.65529 -2.0
-0.65504 -1.8
-0.6548 -1.5
-0.65455 -1.2
-0.65431 -1.0
-0.65407 -0.7
-0.65382 -0.4
-0.65358 0.0
-0.65333 0.2
-0.65309 0.5
-0.65285 0.8
-0.6526 1.1
-0.65236 1.4
-0.65211 1.6
-0.65187 1.9
-0.65162 2.2
-0.65138 2.4
-0.65114 2.6
-0.65089 2.9
-0.65065 3.1
-0.6504 3.2
-0.65016 3.4
-0.64992 3.6
-0.64967 3.7
-0.64943 3.8
-0.64918 3.9
-0.64894 4.0
-0.64869 4.0
-0.64845 4.1
-0.64821 4.1
-0.64796 4.1
-0.64772 4.1
-0.64747 4.0
-0.64723 3.9
-0.64699 3.8
-0.64674 3.7
-0.6465 3.6
-0.64625 3.4
-0.64601 3.3
-0.64577 3.1
-0.64552 2.9
-0.64528 2.7
-0.64503 2.4
-0.64479 2.2
-0.64454 1.9
-0.6443 1.7
-0.64406 1.4
-0.64381 1.1
-0.64357 0.8
-0.64332 0.5
-0.64308 0.2
-0.64284 0.0
-0.64259 -0.4
-0.64235 -0.7
-0.6421 -0.9
-0.64186 -1.2
-0.64161 -1.5
-0.64137 -1.8
-0.64113 -2.0
-0.64088 -2.3
-0.64064 -2.5
-0.64039 -2.8
-0.64015 -3.0
-0.63991 -3.2
-0.63966 -3.4
-0.63942 -3.5
-0.63917 -3.7
-0.63893 -3.8
-0.63869 -3.9
-0.63844 -4.0
-0.6382 -4.0
-0.63795 -4.1
-0.63771 -4.1
-0.63746 -4.1
-0.63722 -4.1
-0.63698 -4.0
-0.63673 -4.0
-0.63649 -3.9
-0.63624 -3.8
-0.636 -3.7
-0.63576 -3.5
-0.63551 -3.3
-0.63527 -3.2
-0.63502 -3.0
-0.63478 -2.8
-0.63453 -2.5
-0.63429 -2.3
-0.63405 -2.0
-0.6338 -1.8
-0.63356 -1.5
-0.63331 -1.2
-0.63307 -0.9
-0.63283 -0.6
-0.63258 -0.3
-0.63234 0.0
-0.63209 0.3
-0.63185 0.6
-0.63161 0.9
-0.63136 1.2
-0.63112 1.5
-0.63087 1.7
-0.63063 2.0
-0.63038 2.3
-0.63014 2.5
-0.6299 2.7
-0.62965 3.0
-0.62941 3.2
-0.62916 3.3
-0.62892 3.5
-0.62868 3.7
-0.62843 3.8
-0.62819 3.9
-0.62794 4.0
-0.6277 4.1
-0.62745 4.1
-0.62721 4.1
-0.62697 4.1
-0.62672 4.1
-0.62648 4.1
-0.62623 4.0
-0.62599 3.9
-0.62575 3.8
-0.6255 3.7
-0.62526 3.5
-0.62501 3.4
-0.62477 3.2
-0.62453 3.0
-0.62428 2.8
-0.62404 2.5
-0.62379 2.3
-0.62355 2.0
-0.6233 1.8
-0.62306 1.5
-0.62282 1.2
-0.62257 0.9
-0.62233 0.6
-0.62208 0.3
-0.62184 0.0
-0.6216 -0.3
-0.62135 -0.6
-0.62111 -0.9
-0.62086 -1.2
-0.62062 -1.5
-0.62037 -1.7
-0.62013 -2.0
-0.61989 -2.3
-0.61964 -2.5
-0.6194 -2.8
-0.61915 -3.0
-0.61891 -3.2
-0.61867 -3.4
-0.61842 -3.5
-0.61818 -3.7
-0.61793 -3.8
-0.61769 -3.9
-0.61744 -4.0
-0.6172 -4.1
-0.61696 -4.1
-0.61671 -4.1
-0.61647 -4.1
-0.61622 -4.1
-0.61598 -4.1
-0.61574 -4.0
-0.61549 -3.9
-0.61525 -3.8
-0.615 -3.7
-0.61476 -3.5
-0.61452 -3.4
-0.61427 -3.2
-0.61403 -3.0
-0.61378 -2.7
-0.61354 -2.5
-0.61329 -2.3
-0.61305 -2.0
-0.61281 -1.7
-0.61256 -1.4
-0.61232 -1.1
-0.61207 -0.9
-0.61183 -0.5
-0.61159 -0.2
-0.61134 0.0
-0.6111 0.4
-0.61085 0.7
-0.61061 1.0
-0.61036 1.3
-0.61012 1.6
-0.60988 1.8
-0.60963 2.1
-0.60939 2.4
-0.60914 2.6
-0.6089 2.8
-0.60866 3.1
-0.60841 3.3
-0.60817 3.4
-0.60792 3.6
-0.60768 3.7
-0.60744 3.9
-0.60719 4.0
-0.60695 4.1
-0.6067 4.1
-0.60646 4.1
-0.60621 4.2
-0.60597 4.1
-0.60573 4.1
-0.60548 4.1
-0.60524 4.0
-0.60499 3.9
-0.60475 3.8
-0.60451 3.6
-0.60426 3.5
-0.60402 3.3
-0.60377 3.1
-0.60353 2.9
-0.60328 2.6
-0.60304 2.4
-0.6028 2.1
-0.60255 1.9
-0.60231 1.6
-0.60206 1.3
-0.60182 1.0
-0.60158 0.7
-0.60133 0.4
-0.60109 0.0
-0.60084 -0.2
-0.6006 -0.5
-0.60036 -0.8
-0.60011 -1.1
-0.59987 -1.4
-0.59962 -1.7
-0.59938 -2.0
-0.59913 -2.3
-0.59889 -2.5
-0.59865 -2.8
-0.5984 -3.0
-0.59816 -3.2
-0.59791 -3.4
-0.59767 -3.6
-0.59743 -3.7
-0.59718 -3.8
-0.59694 -3.9
-0.59669 -4.0
-0.59645 -4.1
-0.5962 -4.2
-0.59596 -4.2
-0.59572 -4.2
-0.59547 -4.1
-0.59523 -4.1
-0.59498 -4.0
-0.59474 -3.9
-0.5945 -3.8
-0.59425 -3.7
-0.59401 -3.5
-0.59376 -3.4
-0.59352 -3.2
-0.59328 -3.0
-0.59303 -2.7
-0.59279 -2.5
-0.59254 -2.2
-0.5923 -2.0
-0.59205 -1.7
-0.59181 -1.4
-0.59157 -1.1
-0.59132 -0.8
-0.59108 -0.5
-0.59083 -0.2
-0.59059 0.2
-0.59035 0.5
-0.5901 0.8
-0.58986 1.1
-0.58961 1.4
-0.58937 1.7
-0.58912 1.9
-0.58888 2.2
-0.58864 2.5
-0.58839 2.7
-0.58815 3.0
-0.5879 3.2
-0.58766 3.4
-0.58742 3.5
-0.58717 3.7
-0.58693 3.8
-0.58668 4.0
-0.58644 4.0
-0.58619 4.1
-0.58595 4.2
-0.58571 4.2
-0.58546 4.2
-0.58522 4.2
-0.58497 4.1
-0.58473 4.1
-0.58449 4.0
-0.58424 3.8
-0.584 3.7
-0.58375 3.6
-0.58351 3.4
-0.58327 3.2
-0.58302 3.0
-0.58278 2.7
-0.58253 2.5
-0.58229 2.2
-0.58204 2.0
-0.5818 1.7
-0.58156 1.4
-0.58131 1.1
-0.58107 0.8
-0.58082 0.5
-0.58058 0.2
-0.58034 -0.2
-0.58009 -0.5
-0.57985 -0.8
-0.5796 -1.1
-0.57936 -1.4
-0.57911 -1.7
-0.57887 -2.0
-0.57863 -2.2
-0.57838 -2.5
-0.57814 -2.8
-0.57789 -3.0
-0.57765 -3.2
-0.57741 -3.4
-0.57716 -3.6
-0.57692 -3.7
-0.57667 -3.9
-0.57643 -4.0
-0.57619 -4.1
-0.57594 -4.1
-0.5757 -4.2
-0.57545 -4.2
-0.57521 -4.2
-0.57496 -4.2
-0.57472 -4.1
-0.57448 -4.1
-0.57423 -4.0
-0.57399 -3.8
-0.57374 -3.7
-0.5735 -3.5
-0.57326 -3.4
-0.57301 -3.2
-0.57277 -2.9
-0.57252 -2.7
-0.57228 -2.4
-0.57203 -2.2
-0.57179 -1.9
-0.57155 -1.6
-0.5713 -1.3
-0.57106 -1.0
-0.57081 -0.7
-0.57057 -0.4
-0.57033 0.0
-0.57008 0.3
-0.56984 0.6
-0.56959 0.9
-0.56935 1.2
-0.56911 1.5
-0.56886 1.8
-0.56862 2.1
-0.56837 2.3
-0.56813 2.6
-0.56788 2.9
-0.56764 3.1
-0.5674 3.3
-0.56715 3.5
-0.56691 3.7
-0.56666 3.8
-0.56642 3.9
-0.56618 4.0
-0.56593 4.1
-0.56569 4.2
-0.56544 4.2
-0.5652 4.2
-0.56495 4.2
-0.56471 4.2
-0.56447 4.1
-0.56422 4.0
-0.56398 3.9
-0.56373 3.8
-0.56349 3.6
-0.56325 3.5
-0.563 3.3
-0.56276 3.1
-0.56251 2.8
-0.56227 2.6
-0.56203 2.3
-0.56178 2.0
-0.56154 1.8
-0.56129 1.5
-0.56105 1.2
-0.5608 0.8
-0.56056 0.5
-0.56032 0.2
-0.56007 -0.1
-0.55983 -0.4
-0.55958 -0.8
-0.55934 -1.1
-0.5591 -1.4
-0.55885 -1.7
-0.55861 -2.0
-0.55836 -2.3
-0.55812 -2.5
-0.55787 -2.8
-0.55763 -3.0
-0.55739 -3.2
-0.55714 -3.4
-0.5569 -3.6
-0.55665 -3.8
-0.55641 -3.9
-0.55617 -4.0
-0.55592 -4.1
-0.55568 -4.2
-0.55543 -4.2
-0.55519 -4.2
-0.55494 -4.2
-0.5547 -4.2
-0.55446 -4.2
-0.55421 -4.1
-0.55397 -4.0
-0.55372 -3.8
-0.55348 -3.7
-0.55324 -3.5
-0.55299 -3.3
-0.55275 -3.1
-0.5525 -2.9
-0.55226 -2.7
-0.55202 -2.4
-0.55177 -2.1
-0.55153 -1.8
-0.55128 -1.5
-0.55104 -1.2
-0.55079 -0.9
-0.55055 -0.6
-0.55031 -0.3
-0.55006 0.0
-0.54982 0.4
-0.54957 0.7
-0.54933 1.0
-0.54909 1.3
-0.54884 1.6
-0.5486 1.9
-0.54835 2.2
-0.54811 2.5
-0.54786 2.8
-0.54762 3.0
-0.54738 3.2
-0.54713 3.4
-0.54689 3.6
-0.54664 3.8
-0.5464 3.9
-0.54616 4.0
-0.54591 4.1
-0.54567 4.2
-0.54542 4.2
-0.54518 4.3
-0.54494 4.3
-0.54469 4.2
-0.54445 4.2
-0.5442 4.1
-0.54396 4.0
-0.54371 3.9
-0.54347 3.7
-0.54323 3.5
-0.54298 3.4
-0.54274 3.1
-0.54249 2.9
-0.54225 2.7
-0.54201 2.4
-0.54176 2.1
-0.54152 1.8
-0.54127 1.5
-0.54103 1.2
-0.54078 0.9
-0.54054 0.6
-0.5403 0.2
-0.54005 0.0
-0.53981 -0.4
-0.53956 -0.7
-0.53932 -1.1
-0.53908 -1.4
-0.53883 -1.7
-0.53859 -2.0
-0.53834 -2.3
-0.5381 -2.5
-0.53786 -2.8
-0.53761 -3.0
-0.53737 -3.3
-0.53712 -3.5
-0.53688 -3.6
-0.53663 -3.8
-0.53639 -4.0
-0.53615 -4.1
-0.5359 -4.2
-0.53566 -4.2
-0.53541 -4.3
-0.53517 -4.3
-0.53493 -4.3
-0.53468 -4.2
-0.53444 -4.2
-0.53419 -4.1
-0.53395 -4.0
-0.5337 -3.8
-0.53346 -3.7
-0.53322 -3.5
-0.53297 -3.3
-0.53273 -3.1
-0.53248 -2.9
-0.53224 -2.6
-0.532 -2.3
-0.53175 -2.0
-0.53151 -1.7
-0.53126 -1.4
-0.53102 -1.1
-0.53078 -0.8
-0.53053 -0.5
-0.53029 -0.1
-0.53004 0.2
-0.5298 0.5
-0.52955 0.9
-0.52931 1.2
-0.52907 1.5
-0.52882 1.8
-0.52858 2.1
-0.52833 2.4
-0.52809 2.7
-0.52785 2.9
-0.5276 3.1
-0.52736 3.4
-0.52711 3.6
-0.52687 3.7
-0.52662 3.9
-0.52638 4.0
-0.52614 4.1
-0.52589 4.2
-0.52565 4.3
-0.5254 4.3
-0.52516 4.3
-0.52492 4.3
-0.52467 4.2
-0.52443 4.2
-0.52418 4.1
-0.52394 3.9
-0.52369 3.8
-0.52345 3.6
-0.52321 3.4
-0.52296 3.2
-0.52272 3.0
-0.52247 2.7
-0.52223 2.5
-0.52199 2.2
-0.52174 1.9
-0.5215 1.6
-0.52125 1.3
-0.52101 0.9
-0.52077 0.6
-0.52052 0.3
-0.52028 0.0
-0.52003 -0.4
-0.51979 -0.7
-0.51954 -1.1
-0.5193 -1.4
-0.51906 -1.7
-0.51881 -2.0
-0.51857 -2.3
-0.51832 -2.6
-0.51808 -2.8
-0.51784 -3.1
-0.51759 -3.3
-0.51735 -3.5
-0.5171 -3.7
-0.51686 -3.9
-0.51661 -4.0
-0.51637 -4.1
-0.51613 -4.2
-0.51588 -4.3
-0.51564 -4.3
-0.51539 -4.3
-0.51515 -4.3
-0.51491 -4.3
-0.51466 -4.2
-0.51442 -4.1
-0.51417 -4.0
-0.51393 -3.8
-0.51369 -3.7
-0.51344 -3.5
-0.5132 -3.3
-0.51295 -3.0
-0.51271 -2.8
-0.51246 -2.5
-0.51222 -2.2
-0.51198 -1.9
-0.51173 -1.6
-0.51149 -1.3
-0.51124 -1.0
-0.511 -0.6
-0.51076 -0.3
-0.51051 0.0
-0.51027 0.4
-0.51002 0.7
-0.50978 1.0
-0.50953 1.4
-0.50929 1.7
-0.50905 2.0
-0.5088 2.3
-0.50856 2.6
-0.50831 2.8
-0.50807 3.1
-0.50783 3.3
-0.50758 3.5
-0.50734 3.7
-0.50709 3.9
-0.50685 4.0
-0.50661 4.1
-0.50636 4.2
-0.50612 4.3
-0.50587 4.3
-0.50563 4.3
-0.50538 4.3
-0.50514 4.3
-0.5049 4.2
-0.50465 4.1
-0.50441 4.0
-0.50416 3.8
-0.50392 3.7
-0.50368 3.5
-0.50343 3.3
-0.50319 3.0
-0.50294 2.8
-0.5027 2.5
-0.50245 2.2
-0.50221 1.9
-0.50197 1.6
-0.50172 1.3
-0.50148 0.9
-0.50123 0.6
-0.50099 0.3
-0.50075 0.0
-0.5005 -0.4
-0.50026 -0.8
-0.50001 -1.1
-0.49977 -1.4
-0.49953 -1.8
-0.49928 -2.1
-0.49904 -2.4
-0.49879 -2.6
-0.49855 -2.9
-0.4983 -3.2
-0.49806 -3.4
-0.49782 -3.6
-0.49757 -3.8
-0.49733 -3.9
-0.49708 -4.1
-0.49684 -4.2
-0.4966 -4.3
-0.49635 -4.3
-0.49611 -4.4
-0.49586 -4.4
-0.49562 -4.3
-0.49537 -4.3
-0.49513 -4.2
-0.49489 -4.1
-0.49464 -4.0
-0.4944 -3.8
-0.49415 -3.6
-0.49391 -3.4
-0.49367 -3.2
-0.49342 -2.9
-0.49318 -2.7
-0.49293 -2.4
-0.49269 -2.1
-0.49244 -1.8
-0.4922 -1.5
-0.49196 -1.1
-0.49171 -0.8
-0.49147 -0.5
-0.49122 -0.1
-0.49098 0.2
-0.49074 0.6
-0.49049 0.9
-0.49025 1.3
-0.49 1.6
-0.48976 1.9
-0.48952 2.2
-0.48927 2.5
-0.48903 2.8
-0.48878 3.0
-0.48854 3.3
-0.48829 3.5
-0.48805 3.7
-0.48781 3.9
-0.48756 4.0
-0.48732 4.2
-0.48707 4.2
-0.48683 4.3
-0.48659 4.4
-0.48634 4.4
-0.4861 4.4
-0.48585 4.3
-0.48561 4.3
-0.48536 4.2
-0.48512 4.0
-0.48488 3.9
-0.48463 3.7
-0.48439 3.5
-0.48414 3.3
-0.4839 3.1
-0.48366 2.8
-0.48341 2.5
-0.48317 2.2
-0.48292 1.9
-0.48268 1.6
-0.48244 1.3
-0.48219 0.9
-0.48195 0.6
-0.4817 0.2
-0.48146 -0.1
-0.48121 -0.5
-0.48097 -0.8
-0.48073 -1.2
-0.48048 -1.5
-0.48024 -1.8
-0.47999 -2.1
-0.47975 -2.4
-0.47951 -2.7
-0.47926 -3.0
-0.47902 -3.2
-0.47877 -3.5
-0.47853 -3.7
-0.47828 -3.9
-0.47804 -4.0
-0.4778 -4.1
-0.47755 -4.3
-0.47731 -4.3
-0.47706 -4.4
-0.47682 -4.4
-0.47658 -4.4
-0.47633 -4.3
-0.47609 -4.3
-0.47584 -4.2
-0.4756 -4.1
-0.47536 -3.9
-0.47511 -3.7
-0.47487 -3.6
-0.47462 -3.3
-0.47438 -3.1
-0.47413 -2.8
-0.47389 -2.5
-0.47365 -2.3
-0.4734 -1.9
-0.47316 -1.6
-0.47291 -1.3
-0.47267 -0.9
-0.47243 -0.6
-0.47218 -0.2
-0.47194 0.1
-0.47169 0.5
-0.47145 0.8
-0.4712 1.2
-0.47096 1.5
-0.47072 1.8
-0.47047 2.2
-0.47023 2.5
-0.46998 2.8
-0.46974 3.0
-0.4695 3.3
-0.46925 3.5
-0.46901 3.7
-0.46876 3.9
-0.46852 4.0
-0.46828 4.2
-0.46803 4.3
-0.46779 4.4
-0.46754 4.4
-0.4673 4.4
-0.46705 4.4
-0.46681 4.4
-0.46657 4.3
-0.46632 4.2
-0.46608 4.1
-0.46583 3.9
-0.46559 3.7
-0.46535 3.5
-0.4651 3.3
-0.46486 3.1
-0.46461 2.8
-0.46437 2.5
-0.46412 2.2
-0.46388 1.9
-0.46364 1.6
-0.46339 1.2
-0.46315 0.9
-0.4629 0.5
-0.46266 0.1
-0.46242 -0.2
-0.46217 -0.6
-0.46193 -0.9
-0.46168 -1.3
-0.46144 -1.6
-0.46119 -1.9
-0.46095 -2.3
-0.46071 -2.6
-0.46046 -2.9
-0.46022 -3.1
-0.45997 -3.4
-0.45973 -3.6
-0.45949 -3.8
-0.45924 -4.0
-0.459 -4.1
-0.45875 -4.2
-0.45851 -4.3
-0.45827 -4.4
-0.45802 -4.4
-0.45778 -4.4
-0.45753 -4.4
-0.45729 -4.4
-0.45704 -4.3
-0.4568 -4.2
-0.45656 -4.0
-0.45631 -3.9
-0.45607 -3.7
-0.45582 -3.5
-0.45558 -3.2
-0.45534 -3.0
-0.45509 -2.7
-0.45485 -2.4
-0.4546 -2.1
-0.45436 -1.7
-0.45411 -1.4
-0.45387 -1.0
-0.45363 -0.7
-0.45338 -0.3
-0.45314 0.0
-0.45289 0.4
-0.45265 0.8
-0.45241 1.1
-0.45216 1.5
-0.45192 1.8
-0.45167 2.1
-0.45143 2.5
-0.45119 2.7
-0.45094 3.0
-0.4507 3.3
-0.45045 3.5
-0.45021 3.7
-0.44996 3.9
-0.44972 4.1
-0.44948 4.2
-0.44923 4.3
-0.44899 4.4
-0.44874 4.4
-0.4485 4.5
-0.44826 4.4
-0.44801 4.4
-0.44777 4.3
-0.44752 4.2
-0.44728 4.1
-0.44703 3.9
-0.44679 3.7
-0.44655 3.5
-0.4463 3.3
-0.44606 3.0
-0.44581 2.8
-0.44557 2.5
-0.44533 2.1
-0.44508 1.8
-0.44484 1.5
-0.44459 1.1
-0.44435 0.8
-0.44411 0.4
-0.44386 0.0
-0.44362 -0.3
-0.44337 -0.7
-0.44313 -1.1
-0.44288 -1.4
-0.44264 -1.8
-0.4424 -2.1
-0.44215 -2.4
-0.44191 -2.7
-0.44166 -3.0
-0.44142 -3.3
-0.44118 -3.5
-0.44093 -3.7
-0.44069 -3.9
-0.44044 -4.1
-0.4402 -4.2
-0.43995 -4.3
-0.43971 -4.4
-0.43947 -4.5
-0.43922 -4.5
-0.43898 -4.5
-0.43873 -4.4
-0.43849 -4.3
-0.43825 -4.2
-0.438 -4.1
-0.43776 -4.0
-0.43751 -3.8
-0.43727 -3.5
-0.43703 -3.3
-0.43678 -3.0
-0.43654 -2.8
-0.43629 -2.5
-0.43605 -2.1
-0.4358 -1.8
-0.43556 -1.5
-0.43532 -1.1
-0.43507 -0.7
-0.43483 -0.4
-0.43458 0.0
-0.43434 0.4
-0.4341 0.7
-0.43385 1.1
-0.43361 1.5
-0.43336 1.8
-0.43312 2.2
-0.43287 2.5
-0.43263 2.8
-0.43239 3.1
-0.43214 3.3
-0.4319 3.6
-0.43165 3.8
-0.43141 4.0
-0.43117 4.1
-0.43092 4.3
-0.43068 4.4
-0.43043 4.4
-0.43019 4.5
-0.42994 4.5
-0.4297 4.5
-0.42946 4.4
-0.42921 4.3
-0.42897 4.2
-0.42872 4.1
-0.42848 3.9
-0.42824 3.7
-0.42799 3.5
-0.42775 3.3
-0.4275 3.0
-0.42726 2.7
-0.42702 2.4
-0.42677 2.0
-0.42653 1.7
-0.42628 1.3
-0.42604 1.0
-0.42579 0.6
-0.42555 0.2
-0.42531 -0.1
-0.42506 -0.5
-0.42482 -0.9
-0.42457 -1.3
-0.42433 -1.6
-0.42409 -2.0
-0.42384 -2.3
-0.4236 -2.6
-0.42335 -2.9
-0.42311 -3.2
-0.42286 -3.5
-0.42262 -3.7
-0.42238 -3.9
-0.42213 -4.1
-0.42189 -4.2
-0.42164 -4.3
-0.4214 -4.4
-0.42116 -4.5
-0.42091 -4.5
-0.42067 -4.5
-0.42042 -4.5
-0.42018 -4.4
-0.41994 -4.3
-0.41969 -4.2
-0.41945 -4.0
-0.4192 -3.8
-0.41896 -3.6
-0.41871 -3.4
-0.41847 -3.1
-0.41823 -2.8
-0.41798 -2.5
-0.41774 -2.2
-0.41749 -1.8
-0.41725 -1.5
-0.41701 -1.1
-0.41676 -0.8
-0.41652 -0.4
-0.41627 0.0
-0.41603 0.4
-0.41578 0.8
-0.41554 1.1
-0.4153 1.5
-0.41505 1.9
-0.41481 2.2
-0.41456 2.5
-0.41432 2.8
-0.41408 3.1
-0.41383 3.4
-0.41359 3.6
-0.41334 3.9
-0.4131 4.0
-0.41286 4.2
-0.41261 4.3
-0.41237 4.4
-0.41212 4.5
-0.41188 4.5
-0.41163 4.5
-0.41139 4.5
-0.41115 4.4
-0.4109 4.4
-0.41066 4.2
-0.41041 4.1
-0.41017 3.9
-0.40993 3.7
-0.40968 3.4
-0.40944 3.2
-0.40919 2.9
-0.40895 2.6
-0.4087 2.2
-0.40846 1.9
-0.40822 1.5
-0.40797 1.2
-0.40773 0.8
-0.40748 0.4
-0.40724 0.0
-0.407 -0.4
-0.40675 -0.8
-0.40651 -1.1
-0.40626 -1.5
-0.40602 -1.9
-0.40578 -2.2
-0.40553 -2.5
-0.40529 -2.9
-0.40504 -3.2
-0.4048 -3.4
-0.40455 -3.7
-0.40431 -3.9
-0.40407 -4.1
-0.40382 -4.2
-0.40358 -4.4
-0.40333 -4.5
-0.40309 -4.5
-0.40285 -4.6
-0.4026 -4.6
-0.40236 -4.5
-0.40211 -4.5
-0.40187 -4.4
-0.40162 -4.2
-0.40138 -4.1
-0.40114 -3.9
-0.40089 -3.7
-0.40065 -3.4
-0.4004 -3.1
-0.40016 -2.8
-0.39992 -2.5
-0.39967 -2.2
-0.39943 -1.8
-0.39918 -1.5
-0.39894 -1.1
-0.39869 -0.7
-0.39845 -0.3
-0.39821 0.0
-0.39796 0.5
-0.39772 0.8
-0.39747 1.2
-0.39723 1.6
-0.39699 2.0
-0.39674 2.3
-0.3965 2.6
-0.39625 3.0
-0.39601 3.2
-0.39577 3.5
-0.39552 3.8
-0.39528 4.0
-0.39503 4.2
-0.39479 4.3
-0.39454 4.4
-0.3943 4.5
-0.39406 4.6
-0.39381 4.6
-0.39357 4.6
-0.39332 4.5
-0.39308 4.5
-0.39284 4.3
-0.39259 4.2
-0.39235 4.0
-0.3921 3.8
-0.39186 3.6
-0.39161 3.3
-0.39137 3.0
-0.39113 2.7
-0.39088 2.4
-0.39064 2.0
-0.39039 1.7
-0.39015 1.3
-0.38991 0.9
-0.38966 0.5
-0.38942 0.1
-0.38917 -0.3
-0.38893 -0.7
-0.38869 -1.1
-0.38844 -1.4
-0.3882 -1.8
-0.38795 -2.2
-0.38771 -2.5
-0.38746 -2.8
-0.38722 -3.1
-0.38698 -3.4
-0.38673 -3.7
-0.38649 -3.9
-0.38624 -4.1
-0.386 -4.3
-0.38576 -4.4
-0.38551 -4.5
-0.38527 -4.6
-0.38502 -4.6
-0.38478 -4.6
-0.38453 -4.6
-0.38429 -4.5
-0.38405 -4.4
-0.3838 -4.3
-0.38356 -4.1
-0.38331 -3.9
-0.38307 -3.7
-0.38283 -3.4
-0.38258 -3.1
-0.38234 -2.8
-0.38209 -2.5
-0.38185 -2.1
-0.38161 -1.8
-0.38136 -1.4
-0.38112 -1.0
-0.38087 -0.6
-0.38063 -0.2
-0.38038 0.2
-0.38014 0.6
-0.3799 1.0
-0.37965 1.4
-0.37941 1.8
-0.37916 2.1
-0.37892 2.5
-0.37868 2.8
-0.37843 3.1
-0.37819 3.4
-0.37794 3.7
-0.3777 3.9
-0.37745 4.1
-0.37721 4.3
-0.37697 4.4
-0.37672 4.5
-0.37648 4.6
-0.37623 4.6
-0.37599 4.6
-0.37575 4.6
-0.3755 4.5
-0.37526 4.4
-0.37501 4.3
-0.37477 4.1
-0.37453 3.9
-0.37428 3.7
-0.37404 3.4
-0.37379 3.1
-0.37355 2.8
-0.3733 2.5
-0.37306 2.1
-0.37282 1.8
-0.37257 1.4
-0.37233 1.0
-0.37208 0.6
-0.37184 0.2
-0.3716 -0.2
-0.37135 -0.6
-0.37111 -1.0
-0.37086 -1.4
-0.37062 -1.8
-0.37037 -2.2
-0.37013 -2.5
-0.36989 -2.9
-0.36964 -3.2
-0.3694 -3.5
-0.36915 -3.7
-0.36891 -4.0
-0.36867 -4.2
-0.36842 -4.3
-0.36818 -4.5
-0.36793 -4.6
-0.36769 -4.6
-0.36744 -4.7
-0.3672 -4.7
-0.36696 -4.6
-0.36671 -4.5
-0.36647 -4.4
-0.36622 -4.3
-0.36598 -4.1
-0.36574 -3.9
-0.36549 -3.6
-0.36525 -3.3
-0.365 -3.0
-0.36476 -2.7
-0.36452 -2.4
-0.36427 -2.0
-0.36403 -1.6
-0.36378 -1.2
-0.36354 -0.8
-0.36329 -0.4
-0.36305 0.0
-0.36281 0.4
-0.36256 0.8
-0.36232 1.2
-0.36207 1.6
-0.36183 2.0
-0.36159 2.4
-0.36134 2.7
-0.3611 3.0
-0.36085 3.3
-0.36061 3.6
-0.36036 3.9
-0.36012 4.1
-0.35988 4.3
-0.35963 4.4
-0.35939 4.6
-0.35914 4.6
-0.3589 4.7
-0.35866 4.7
-0.35841 4.7
-0.35817 4.6
-0.35792 4.5
-0.35768 4.4
-0.35744 4.2
-0.35719 4.0
-0.35695 3.7
-0.3567 3.5
-0.35646 3.2
-0.35621 2.9
-0.35597 2.5
-0.35573 2.2
-0.35548 1.8
-0.35524 1.4
-0.35499 1.0
-0.35475 0.6
-0.35451 0.1
-0.35426 -0.3
-0.35402 -0.7
-0.35377 -1.1
-0.35353 -1.5
-0.35328 -1.9
-0.35304 -2.3
-0.3528 -2.6
-0.35255 -3.0
-0.35231 -3.3
-0.35206 -3.6
-0.35182 -3.8
-0.35158 -4.1
-0.35133 -4.3
-0.35109 -4.4
-0.35084 -4.6
-0.3506 -4.6
-0.35036 -4.7
-0.35011 -4.7
-0.34987 -4.7
-0.34962 -4.6
-0.34938 -4.5
-0.34913 -4.4
-0.34889 -4.2
-0.34865 -4.0
-0.3484 -3.8
-0.34816 -3.5
-0.34791 -3.2
-0.34767 -2.9
-0.34743 -2.6
-0.34718 -2.2
-0.34694 -1.8
-0.34669 -1.4
-0.34645 -1.0
-0.3462 -0.6
-0.34596 -0.2
-0.34572 0.3
-0.34547 0.7
-0.34523 1.1
-0.34498 1.5
-0.34474 1.9
-0.3445 2.3
-0.34425 2.7
-0.34401 3.0
-0.34376 3.3
-0.34352 3.6
-0.34328 3.9
-0.34303 4.1
-0.34279 4.3
-0.34254 4.5
-0.3423 4.6
-0.34205 4.7
-0.34181 4.7
-0.34157 4.7
-0.34132 4.7
-0.34108 4.6
-0.34083 4.5
-0.34059 4.4
-0.34035 4.2
-0.3401 4.0
-0.33986 3.8
-0.33961 3.5
-0.33937 3.2
-0.33912 2.9
-0.33888 2.5
-0.33864 2.1
-0.33839 1.7
-0.33815 1.3
-0.3379 0.9
-0.33766 0.5
-0.33742 0.0
-0.33717 -0.4
-0.33693 -0.8
-0.33668 -1.2
-0.33644 -1.7
-0.33619 -2.1
-0.33595 -2.4
-0.33571 -2.8
-0.33546 -3.1
-0.33522 -3.5
-0.33497 -3.7
-0.33473 -4.0
-0.33449 -4.2
-0.33424 -4.4
-0.334 -4.5
-0.33375 -4.7
-0.33351 -4.7
-0.33327 -4.8
-0.33302 -4.8
-0.33278 -4.7
-0.33253 -4.6
-0.33229 -4.5
-0.33204 -4.3
-0.3318 -4.2
-0.33156 -3.9
-0.33131 -3.7
-0.33107 -3.4
-0.33082 -3.0
-0.33058 -2.7
-0.33034 -2.3
-0.33009 -1.9
-0.32985 -1.5
-0.3296 -1.1
-0.32936 -0.7
-0.32911 -0.2
-0.32887 0.2
-0.32863 0.7
-0.32838 1.1
-0.32814 1.5
-0.32789 1.9
-0.32765 2.3
-0.32741 2.7
-0.32716 3.0
-0.32692 3.4
-0.32667 3.7
-0.32643 3.9
-0.32619 4.2
-0.32594 4.4
-0.3257 4.5
-0.32545 4.7
-0.32521 4.7
-0.32496 4.8
-0.32472 4.8
-0.32448 4.8
-0.32423 4.7
-0.32399 4.6
-0.32374 4.4
-0.3235 4.2
-0.32326 4.0
-0.32301 3.7
-0.32277 3.4
-0.32252 3.1
-0.32228 2.8
-0.32203 2.4
-0.32179 2.0
-0.32155 1.6
-0.3213 1.2
-0.32106 0.7
-0.32081 0.3
-0.32057 -0.2
-0.32033 -0.6
-0.32008 -1.0
-0.31984 -1.5
-0.31959 -1.9
-0.31935 -2.3
-0.31911 -2.7
-0.31886 -3.0
-0.31862 -3.4
-0.31837 -3.7
-0.31813 -4.0
-0.31788 -4.2
-0.31764 -4.4
-0.3174 -4.6
-0.31715 -4.7
-0.31691 -4.8
-0.31666 -4.8
-0.31642 -4.8
-0.31618 -4.8
-0.31593 -4.7
-0.31569 -4.6
-0.31544 -4.4
-0.3152 -4.2
-0.31495 -4.0
-0.31471 -3.7
-0.31447 -3.4
-0.31422 -3.1
-0.31398 -2.7
-0.31373 -2.3
-0.31349 -1.9
-0.31325 -1.5
-0.313 -1.1
-0.31276 -0.6
-0.31251 -0.2
-0.31227 0.3
-0.31203 0.7
-0.31178 1.1
-0.31154 1.6
-0.31129 2.0
-0.31105 2.4
-0.3108 2.8
-0.31056 3.1
-0.31032 3.5
-0.31007 3.8
-0.30983 4.0
-0.30958 4.3
-0.30934 4.5
-0.3091 4.6
-0.30885 4.7
-0.30861 4.8
-0.30836 4.9
-0.30812 4.8
-0.30787 4.8
-0.30763 4.7
-0.30739 4.6
-0.30714 4.4
-0.3069 4.2
-0.30665 3.9
-0.30641 3.6
-0.30617 3.3
-0.30592 3.0
-0.30568 2.6
-0.30543 2.2
-0.30519 1.8
-0.30494 1.3
-0.3047 0.9
-0.30446 0.4
-0.30421 0.0
-0.30397 -0.5
-0.30372 -0.9
-0.30348 -1.4
-0.30324 -1.8
-0.30299 -2.2
-0.30275 -2.6
-0.3025 -3.0
-0.30226 -3.4
-0.30202 -3.7
-0.30177 -4.0
-0.30153 -4.2
-0.30128 -4.4
-0.30104 -4.6
-0.30079 -4.7
-0.30055 -4.8
-0.30031 -4.9
-0.30006 -4.9
-0.29982 -4.8
-0.29957 -4.8
-0.29933 -4.6
-0.29909 -4.5
-0.29884 -4.3
-0.2986 -4.0
-0.29835 -3.7
-0.29811 -3.4
-0.29786 -3.1
-0.29762 -2.7
-0.29738 -2.3
-0.29713 -1.9
-0.29689 -1.4
-0.29664 -1.0
-0.2964 -0.5
-0.29616 0.0
-0.29591 0.4
-0.29567 0.9
-0.29542 1.3
-0.29518 1.8
-0.29494 2.2
-0.29469 2.6
-0.29445 3.0
-0.2942 3.3
-0.29396 3.7
-0.29371 4.0
-0.29347 4.2
-0.29323 4.4
-0.29298 4.6
-0.29274 4.8
-0.29249 4.9
-0.29225 4.9
-0.29201 4.9
-0.29176 4.9
-0.29152 4.8
-0.29127 4.7
-0.29103 4.5
-0.29078 4.3
-0.29054 4.0
-0.2903 3.7
-0.29005 3.4
-0.28981 3.1
-0.28956 2.7
-0.28932 2.3
-0.28908 1.8
-0.28883 1.4
-0.28859 0.9
-0.28834 0.5
-0.2881 0.0
-0.28786 -0.5
-0.28761 -0.9
-0.28737 -1.4
-0.28712 -1.9
-0.28688 -2.3
-0.28663 -2.7
-0.28639 -3.1
-0.28615 -3.4
-0.2859 -3.8
-0.28566 -4.1
-0.28541 -4.3
-0.28517 -4.5
-0.28493 -4.7
-0.28468 -4.8
-0.28444 -4.9
-0.28419 -4.9
-0.28395 -4.9
-0.2837 -4.9
-0.28346 -4.8
-0.28322 -4.6
-0.28297 -4.5
-0.28273 -4.2
-0.28248 -4.0
-0.28224 -3.6
-0.282 -3.3
-0.28175 -2.9
-0.28151 -2.5
-0.28126 -2.1
-0.28102 -1.7
-0.28078 -1.2
-0.28053 -0.7
-0.28029 -0.3
-0.28004 0.2
-0.2798 0.7
-0.27955 1.2
-0.27931 1.6
-0.27907 2.1
-0.27882 2.5
-0.27858 2.9
-0.27833 3.3
-0.27809 3.6
-0.27785 3.9
-0.2776 4.2
-0.27736 4.5
-0.27711 4.7
-0.27687 4.8
-0.27662 4.9
-0.27638 5.0
-0.27614 5.0
-0.27589 4.9
-0.27565 4.9
-0.2754 4.7
-0.27516 4.6
-0.27492 4.3
-0.27467 4.1
-0.27443 3.8
-0.27418 3.4
-0.27394 3.1
-0.27369 2.7
-0.27345 2.3
-0.27321 1.8
-0.27296 1.3
-0.27272 0.9
-0.27247 0.4
-0.27223 0.0
-0.27199 -0.6
-0.27174 -1.1
-0.2715 -1.5
-0.27125 -2.0
-0.27101 -2.4
-0.27077 -2.9
-0.27052 -3.2
-0.27028 -3.6
-0.27003 -3.9
-0.26979 -4.2
-0.26954 -4.5
-0.2693 -4.7
-0.26906 -4.8
-0.26881 -4.9
-0.26857 -5.0
-0.26832 -5.0
-0.26808 -5.0
-0.26784 -4.9
-0.26759 -4.8
-0.26735 -4.6
-0.2671 -4.4
-0.26686 -4.1
-0.26661 -3.8
-0.26637 -3.5
-0.26613 -3.1
-0.26588 -2.7
-0.26564 -2.3
-0.26539 -1.8
-0.26515 -1.3
-0.26491 -0.8
-0.26466 -0.4
-0.26442 0.1
-0.26417 0.6
-0.26393 1.1
-0.26369 1.6
-0.26344 2.1
-0.2632 2.5
-0.26295 2.9
-0.26271 3.3
-0.26246 3.7
-0.26222 4.0
-0.26198 4.3
-0.26173 4.5
-0.26149 4.7
-0.26124 4.9
-0.261 5.0
-0.26076 5.0
-0.26051 5.0
-0.26027 5.0
-0.26002 4.9
-0.25978 4.8
-0.25953 4.6
-0.25929 4.3
-0.25905 4.0
-0.2588 3.7
-0.25856 3.4
-0.25831 3.0
-0.25807 2.6
-0.25783 2.1
-0.25758 1.6
-0.25734 1.2
-0.25709 0.7
-0.25685 0.2
-0.25661 -0.3
-0.25636 -0.8
-0.25612 -1.3
-0.25587 -1.8
-0.25563 -2.3
-0.25538 -2.7
-0.25514 -3.1
-0.2549 -3.5
-0.25465 -3.9
-0.25441 -4.2
-0.25416 -4.4
-0.25392 -4.7
-0.25368 -4.8
-0.25343 -5.0
-0.25319 -5.1
-0.25294 -5.1
-0.2527 -5.1
-0.25245 -5.0
-0.25221 -4.8
-0.25197 -4.7
-0.25172 -4.5
-0.25148 -4.2
-0.25123 -3.9
-0.25099 -3.5
-0.25075 -3.1
-0.2505 -2.7
-0.25026 -2.3
-0.25001 -1.8
-0.24977 -1.3
-0.24953 -0.8
-0.24928 -0.3
-0.24904 0.2
-0.24879 0.7
-0.24855 1.2
-0.2483 1.7
-0.24806 2.2
-0.24782 2.7
-0.24757 3.1
-0.24733 3.5
-0.24708 3.8
-0.24684 4.2
-0.2466 4.4
-0.24635 4.7
-0.24611 4.9
-0.24586 5.0
-0.24562 5.1
-0.24537 5.1
-0.24513 5.1
-0.24489 5.0
-0.24464 4.9
-0.2444 4.7
-0.24415 4.5
-0.24391 4.2
-0.24367 3.9
-0.24342 3.6
-0.24318 3.2
-0.24293 2.7
-0.24269 2.3
-0.24244 1.8
-0.2422 1.3
-0.24196 0.8
-0.24171 0.3
-0.24147 -0.2
-0.24122 -0.8
-0.24098 -1.3
-0.24074 -1.8
-0.24049 -2.3
-0.24025 -2.7
-0.24 -3.2
-0.23976 -3.6
-0.23952 -3.9
-0.23927 -4.2
-0.23903 -4.5
-0.23878 -4.7
-0.23854 -4.9
-0.23829 -5.1
-0.23805 -5.1
-0.23781 -5.1
-0.23756 -5.1
-0.23732 -5.0
-0.23707 -4.9
-0.23683 -4.7
-0.23659 -4.5
-0.23634 -4.2
-0.2361 -3.8
-0.23585 -3.5
-0.23561 -3.1
-0.23536 -2.6
-0.23512 -2.1
-0.23488 -1.6
-0.23463 -1.1
-0.23439 -0.6
-0.23414 0.0
-0.2339 0.5
-0.23366 1.0
-0.23341 1.5
-0.23317 2.0
-0.23292 2.5
-0.23268 2.9
-0.23244 3.4
-0.23219 3.8
-0.23195 4.1
-0.2317 4.4
-0.23146 4.7
-0.23121 4.9
-0.23097 5.0
-0.23073 5.1
-0.23048 5.2
-0.23024 5.2
-0.22999 5.1
-0.22975 5.0
-0.22951 4.8
-0.22926 4.6
-0.22902 4.3
-0.22877 4.0
-0.22853 3.6
-0.22828 3.2
-0.22804 2.8
-0.2278 2.3
-0.22755 1.8
-0.22731 1.3
-0.22706 0.8
-0.22682 0.2
-0.22658 -0.3
-0.22633 -0.9
-0.22609 -1.4
-0.22584 -1.9
-0.2256 -2.4
-0.22536 -2.9
-0.22511 -3.3
-0.22487 -3.7
-0.22462 -4.1
-0.22438 -4.4
-0.22413 -4.7
-0.22389 -4.9
-0.22365 -5.1
-0.2234 -5.2
-0.22316 -5.2
-0.22291 -5.2
-0.22267 -5.2
-0.22243 -5.0
-0.22218 -4.9
-0.22194 -4.6
-0.22169 -4.4
-0.22145 -4.0
-0.2212 -3.7
-0.22096 -3.3
-0.22072 -2.8
-0.22047 -2.3
-0.22023 -1.8
-0.21998 -1.3
-0.21974 -0.8
-0.2195 -0.2
-0.21925 0.4
-0.21901 0.9
-0.21876 1.4
-0.21852 2.0
-0.21828 2.5
-0.21803 2.9
-0.21779 3.4
-0.21754 3.8
-0.2173 4.2
-0.21705 4.5
-0.21681 4.7
-0.21657 5.0
-0.21632 5.1
-0.21608 5.2
-0.21583 5.3
-0.21559 5.2
-0.21535 5.2
-0.2151 5.0
-0.21486 4.8
-0.21461 4.6
-0.21437 4.3
-0.21412 4.0
-0.21388 3.6
-0.21364 3.1
-0.21339 2.7
-0.21315 2.2
-0.2129 1.6
-0.21266 1.1
-0.21242 0.5
-0.21217 0.0
-0.21193 -0.6
-0.21168 -1.1
-0.21144 -1.7
-0.21119 -2.2
-0.21095 -2.7
-0.21071 -3.2
-0.21046 -3.6
-0.21022 -4.0
-0.20997 -4.4
-0.20973 -4.7
-0.20949 -4.9
-0.20924 -5.1
-0.209 -5.2
-0.20875 -5.3
-0.20851 -5.3
-0.20827 -5.2
-0.20802 -5.1
-0.20778 -5.0
-0.20753 -4.7
-0.20729 -4.5
-0.20704 -4.1
-0.2068 -3.7
-0.20656 -3.3
-0.20631 -2.8
-0.20607 -2.3
-0.20582 -1.8
-0.20558 -1.3
-0.20534 -0.7
-0.20509 -0.1
-0.20485 0.4
-0.2046 1.0
-0.20436 1.6
-0.20411 2.1
-0.20387 2.6
-0.20363 3.1
-0.20338 3.6
-0.20314 4.0
-0.20289 4.3
-0.20265 4.7
-0.20241 4.9
-0.20216 5.1
-0.20192 5.2
-0.20167 5.3
-0.20143 5.3
-0.20119 5.3
-0.20094 5.2
-0.2007 5.0
-0.20045 4.8
-0.20021 4.5
-0.19996 4.1
-0.19972 3.8
-0.19948 3.3
-0.19923 2.8
-0.19899 2.3
-0.19874 1.8
-0.1985 1.2
-0.19826 0.7
-0.19801 0.0
-0.19777 -0.5
-0.19752 -1.1
-0.19728 -1.7
-0.19703 -2.2
-0.19679 -2.7
-0.19655 -3.2
-0.1963 -3.7
-0.19606 -4.1
-0.19581 -4.4
-0.19557 -4.7
-0.19533 -5.0
-0.19508 -5.2
-0.19484 -5.3
-0.19459 -5.4
-0.19435 -5.4
-0.19411 -5.3
-0.19386 -5.2
-0.19362 -5.0
-0.19337 -4.7
-0.19313 -4.4
-0.19288 -4.1
-0.19264 -3.6
-0.1924 -3.2
-0.19215 -2.7
-0.19191 -2.1
-0.19166 -1.6
-0.19142 -1.0
-0.19118 -0.4
-0.19093 0.2
-0.19069 0.8
-0.19044 1.4
-0.1902 1.9
-0.18995 2.5
-0.18971 3.0
-0.18947 3.5
-0.18922 3.9
-0.18898 4.3
-0.18873 4.7
-0.18849 4.9
-0.18825 5.2
-0.188 5.3
-0.18776 5.4
-0.18751 5.4
-0.18727 5.4
-0.18703 5.3
-0.18678 5.1
-0.18654 4.9
-0.18629 4.6
-0.18605 4.2
-0.1858 3.8
-0.18556 3.3
-0.18532 2.8
-0.18507 2.3
-0.18483 1.7
-0.18458 1.1
-0.18434 0.5
-0.1841 0.0
-0.18385 -0.7
-0.18361 -1.3
-0.18336 -1.9
-0.18312 -2.4
-0.18287 -3.0
-0.18263 -3.5
-0.18239 -3.9
-0.18214 -4.3
-0.1819 -4.7
-0.18165 -5.0
-0.18141 -5.2
-0.18117 -5.4
-0.18092 -5.4
-0.18068 -5.5
-0.18043 -5.4
-0.18019 -5.3
-0.17994 -5.1
-0.1797 -4.9
-0.17946 -4.6
-0.17921 -4.2
-0.17897 -3.8
-0.17872 -3.3
-0.17848 -2.8
-0.17824 -2.3
-0.17799 -1.7
-0.17775 -1.1
-0.1775 -0.5
-0.17726 0.2
-0.17702 0.8
-0.17677 1.4
-0.17653 2.0
-0.17628 2.6
-0.17604 3.1
-0.17579 3.6
-0.17555 4.1
-0.17531 4.5
-0.17506 4.8
-0.17482 5.1
-0.17457 5.3
-0.17433 5.4
-0.17409 5.5
-0.17384 5.5
-0.1736 5.4
-0.17335 5.3
-0.17311 5.1
-0.17286 4.8
-0.17262 4.5
-0.17238 4.1
-0.17213 3.6
-0.17189 3.1
-0.17164 2.6
-0.1714 2.0
-0.17116 1.4
-0.17091 0.8
-0.17067 0.1
-0.17042 -0.5
-0.17018 -1.1
-0.16994 -1.7
-0.16969 -2.3
-0.16945 -2.9
-0.1692 -3.4
-0.16896 -3.9
-0.16871 -4.3
-0.16847 -4.7
-0.16823 -5.0
-0.16798 -5.3
-0.16774 -5.4
-0.16749 -5.5
-0.16725 -5.6
-0.16701 -5.5
-0.16676 -5.4
-0.16652 -5.2
-0.16627 -4.9
-0.16603 -4.6
-0.16578 -4.2
-0.16554 -3.8
-0.1653 -3.3
-0.16505 -2.7
-0.16481 -2.1
-0.16456 -1.5
-0.16432 -0.9
-0.16408 -0.2
-0.16383 0.4
-0.16359 1.1
-0.16334 1.7
-0.1631 2.3
-0.16286 2.9
-0.16261 3.4
-0.16237 3.9
-0.16212 4.4
-0.16188 4.8
-0.16163 5.1
-0.16139 5.3
-0.16115 5.5
-0.1609 5.6
-0.16066 5.6
-0.16041 5.6
-0.16017 5.4
-0.15993 5.2
-0.15968 4.9
-0.15944 4.6
-0.15919 4.2
-0.15895 3.7
-0.1587 3.2
-0.15846 2.6
-0.15822 2.0
-0.15797 1.4
-0.15773 0.7
-0.15748 0.0
-0.15724 -0.6
-0.157 -1.3
-0.15675 -1.9
-0.15651 -2.5
-0.15626 -3.1
-0.15602 -3.6
-0.15578 -4.1
-0.15553 -4.6
-0.15529 -4.9
-0.15504 -5.2
-0.1548 -5.5
-0.15455 -5.6
-0.15431 -5.7
-0.15407 -5.7
-0.15382 -5.6
-0.15358 -5.4
-0.15333 -5.1
-0.15309 -4.8
-0.15285 -4.4
-0.1526 -4.0
-0.15236 -3.5
-0.15211 -2.9
-0.15187 -2.3
-0.15162 -1.7
-0.15138 -1.0
-0.15114 -0.3
-0.15089 0.4
-0.15065 1.0
-0.1504 1.7
-0.15016 2.4
-0.14992 3.0
-0.14967 3.5
-0.14943 4.0
-0.14918 4.5
-0.14894 4.9
-0.14869 5.2
-0.14845 5.5
-0.14821 5.6
-0.14796 5.7
-0.14772 5.7
-0.14747 5.6
-0.14723 5.5
-0.14699 5.2
-0.14674 4.9
-0.1465 4.5
-0.14625 4.1
-0.14601 3.5
-0.14577 3.0
-0.14552 2.3
-0.14528 1.7
-0.14503 1.0
-0.14479 0.3
-0.14454 -0.4
-0.1443 -1.1
-0.14406 -1.8
-0.14381 -2.4
-0.14357 -3.0
-0.14332 -3.6
-0.14308 -4.1
-0.14284 -4.6
-0.14259 -5.0
-0.14235 -5.3
-0.1421 -5.5
-0.14186 -5.7
-0.14161 -5.8
-0.14137 -5.8
-0.14113 -5.7
-0.14088 -5.5
-0.14064 -5.2
-0.14039 -4.9
-0.14015 -4.4
-0.13991 -3.9
-0.13966 -3.4
-0.13942 -2.8
-0.13917 -2.1
-0.13893 -1.5
-0.13869 -0.8
-0.13844 0.0
-0.1382 0.7
-0.13795 1.4
-0.13771 2.1
-0.13746 2.7
-0.13722 3.3
-0.13698 3.9
-0.13673 4.4
-0.13649 4.9
-0.13624 5.2
-0.136 5.5
-0.13576 5.7
-0.13551 5.8
-0.13527 5.8
-0.13502 5.8
-0.13478 5.6
-0.13453 5.4
-0.13429 5.0
-0.13405 4.6
-0.1338 4.2
-0.13356 3.6
-0.13331 3.0
-0.13307 2.4
-0.13283 1.7
-0.13258 0.9
-0.13234 0.2
-0.13209 -0.5
-0.13185 -1.3
-0.13161 -2.0
-0.13136 -2.6
-0.13112 -3.3
-0.13087 -3.9
-0.13063 -4.4
-0.13038 -4.9
-0.13014 -5.2
-0.1299 -5.5
-0.12965 -5.8
-0.12941 -5.9
-0.12916 -5.9
-0.12892 -5.8
-0.12868 -5.7
-0.12843 -5.4
-0.12819 -5.1
-0.12794 -4.7
-0.1277 -4.2
-0.12745 -3.6
-0.12721 -3.0
-0.12697 -2.3
-0.12672 -1.6
-0.12648 -0.8
-0.12623 0.0
-0.12599 0.7
-0.12575 1.4
-0.1255 2.1
-0.12526 2.8
-0.12501 3.5
-0.12477 4.1
-0.12453 4.6
-0.12428 5.0
-0.12404 5.4
-0.12379 5.7
-0.12355 5.9
-0.1233 6.0
-0.12306 5.9
-0.12282 5.8
-0.12257 5.6
-0.12233 5.3
-0.12208 5.0
-0.12184 4.5
-0.1216 3.9
-0.12135 3.3
-0.12111 2.7
-0.12086 1.9
-0.12062 1.2
-0.12037 0.4
-0.12013 -0.4
-0.11989 -1.1
-0.11964 -1.9
-0.1194 -2.6
-0.11915 -3.3
-0.11891 -3.9
-0.11867 -4.5
-0.11842 -5.0
-0.11818 -5.4
-0.11793 -5.7
-0.11769 -5.9
-0.11744 -6.0
-0.1172 -6.0
-0.11696 -5.9
-0.11671 -5.7
-0.11647 -5.5
-0.11622 -5.1
-0.11598 -4.6
-0.11574 -4.1
-0.11549 -3.4
-0.11525 -2.7
-0.115 -2.0
-0.11476 -1.2
-0.11452 -0.5
-0.11427 0.3
-0.11403 1.1
-0.11378 1.9
-0.11354 2.7
-0.11329 3.4
-0.11305 4.0
-0.11281 4.6
-0.11256 5.1
-0.11232 5.5
-0.11207 5.8
-0.11183 6.0
-0.11159 6.1
-0.11134 6.1
-0.1111 6.0
-0.11085 5.8
-0.11061 5.4
-0.11036 5.0
-0.11012 4.5
-0.10988 3.9
-0.10963 3.3
-0.10939 2.5
-0.10914 1.8
-0.1089 1.0
-0.10866 0.2
-0.10841 -0.7
-0.10817 -1.5
-0.10792 -2.3
-0.10768 -3.0
-0.10744 -3.7
-0.10719 -4.3
-0.10695 -4.9
-0.1067 -5.4
-0.10646 -5.7
-0.10621 -6.0
-0.10597 -6.1
-0.10573 -6.2
-0.10548 -6.1
-0.10524 -5.9
-0.10499 -5.6
-0.10475 -5.2
-0.10451 -4.7
-0.10426 -4.1
-0.10402 -3.5
-0.10377 -2.8
-0.10353 -2.0
-0.10328 -1.2
-0.10304 -0.3
-0.1028 0.5
-0.10255 1.4
-0.10231 2.2
-0.10206 3.0
-0.10182 3.7
-0.10158 4.3
-0.10133 4.9
-0.10109 5.4
-0.10084 5.8
-0.1006 6.0
-0.10036 6.2
-0.10011 6.2
-0.09987 6.2
-0.09962 6.0
-0.09938 5.7
-0.09913 5.2
-0.09889 4.7
-0.09865 4.1
-0.0984 3.4
-0.09816 2.7
-0.09791 1.9
-0.09767 1.0
-0.09743 0.1
-0.09718 -0.7
-0.09694 -1.6
-0.09669 -2.4
-0.09645 -3.2
-0.0962 -4.0
-0.09596 -4.6
-0.09572 -5.2
-0.09547 -5.6
-0.09523 -6.0
-0.09498 -6.2
-0.09474 -6.3
-0.0945 -6.3
-0.09425 -6.2
-0.09401 -5.9
-0.09376 -5.5
-0.09352 -5.0
-0.09328 -4.5
-0.09303 -3.8
-0.09279 -3.0
-0.09254 -2.2
-0.0923 -1.3
-0.09205 -0.4
-0.09181 0.5
-0.09157 1.4
-0.09132 2.2
-0.09108 3.1
-0.09083 3.8
-0.09059 4.5
-0.09035 5.1
-0.0901 5.6
-0.08986 6.0
-0.08961 6.3
-0.08937 6.4
-0.08912 6.4
-0.08888 6.3
-0.08864 6.0
-0.08839 5.6
-0.08815 5.1
-0.0879 4.5
-0.08766 3.8
-0.08742 3.0
-0.08717 2.2
-0.08693 1.3
-0.08668 0.4
-0.08644 -0.6
-0.08619 -1.5
-0.08595 -2.4
-0.08571 -3.2
-0.08546 -4.0
-0.08522 -4.7
-0.08497 -5.3
-0.08473 -5.8
-0.08449 -6.2
-0.08424 -6.4
-0.084 -6.5
-0.08375 -6.5
-0.08351 -6.3
-0.08327 -6.0
-0.08302 -5.5
-0.08278 -4.9
-0.08253 -4.3
-0.08229 -3.5
-0.08204 -2.7
-0.0818 -1.8
-0.08156 -0.8
-0.08131 0.2
-0.08107 1.1
-0.08082 2.1
-0.08058 3.0
-0.08034 3.8
-0.08009 4.6
-0.07985 5.2
-0.0796 5.8
-0.07936 6.2
-0.07911 6.4
-0.07887 6.6
-0.07863 6.6
-0.07838 6.4
-0.07814 6.1
-0.07789 5.7
-0.07765 5.1
-0.07741 4.4
-0.07716 3.6
-0.07692 2.7
-0.07667 1.8
-0.07643 0.8
-0.07619 -0.2
-0.07594 -1.2
-0.0757 -2.1
-0.07545 -3.1
-0.07521 -3.9
-0.07496 -4.7
-0.07472 -5.4
-0.07448 -5.9
-0.07423 -6.3
-0.07399 -6.6
-0.07374 -6.7
-0.0735 -6.6
-0.07326 -6.4
-0.07301 -6.1
-0.07277 -5.6
-0.07252 -4.9
-0.07228 -4.2
-0.07203 -3.3
-0.07179 -2.4
-0.07155 -1.4
-0.0713 -0.4
-0.07106 0.7
-0.07081 1.7
-0.07057 2.7
-0.07033 3.6
-0.07008 4.5
-0.06984 5.2
-0.06959 5.8
-0.06935 6.3
-0.06911 6.6
-0.06886 6.8
-0.06862 6.8
-0.06837 6.6
-0.06813 6.3
-0.06788 5.8
-0.06764 5.1
-0.0674 4.4
-0.06715 3.5
-0.06691 2.5
-0.06666 1.5
-0.06642 0.4
-0.06618 -0.6
-0.06593 -1.7
-0.06569 -2.7
-0.06544 -3.7
-0.0652 -4.6
-0.06495 -5.3
-0.06471 -6.0
-0.06447 -6.4
-0.06422 -6.8
-0.06398 -6.9
-0.06373 -6.9
-0.06349 -6.6
-0.06325 -6.3
-0.063 -5.7
-0.06276 -5.0
-0.06251 -4.2
-0.06227 -3.2
-0.06203 -2.2
-0.06178 -1.1
-0.06154 0.0
-0.06129 1.2
-0.06105 2.3
-0.0608 3.3
-0.06056 4.3
-0.06032 5.1
-0.06007 5.8
-0.05983 6.4
-0.05958 6.8
-0.05934 7.0
-0.0591 7.0
-0.05885 6.8
-0.05861 6.5
-0.05836 5.9
-0.05812 5.2
-0.05787 4.4
-0.05763 3.4
-0.05739 2.4
-0.05714 1.2
-0.0569 0.0
-0.05665 -1.1
-0.05641 -2.3
-0.05617 -3.4
-0.05592 -4.4
-0.05568 -5.3
-0.05543 -6.0
-0.05519 -6.6
-0.05494 -6.9
-0.0547 -7.1
-0.05446 -7.1
-0.05421 -6.9
-0.05397 -6.5
-0.05372 -5.9
-0.05348 -5.1
-0.05324 -4.2
-0.05299 -3.1
-0.05275 -2.0
-0.0525 -0.7
-0.05226 0.5
-0.05202 1.7
-0.05177 2.9
-0.05153 4.0
-0.05128 5.0
-0.05104 5.8
-0.05079 6.5
-0.05055 7.0
-0.05031 7.2
-0.05006 7.3
-0.04982 7.1
-0.04957 6.7
-0.04933 6.1
-0.04909 5.3
-0.04884 4.4
-0.0486 3.3
-0.04835 2.1
-0.04811 0.8
-0.04786 -0.5
-0.04762 -1.8
-0.04738 -3.0
-0.04713 -4.2
-0.04689 -5.2
-0.04664 -6.0
-0.0464 -6.7
-0.04616 -7.2
-0.04591 -7.4
-0.04567 -7.4
-0.04542 -7.2
-0.04518 -6.7
-0.04494 -6.0
-0.04469 -5.1
-0.04445 -4.0
-0.0442 -2.8
-0.04396 -1.5
-0.04371 -0.2
-0.04347 1.2
-0.04323 2.5
-0.04298 3.8
-0.04274 4.9
-0.04249 5.9
-0.04225 6.7
-0.04201 7.2
-0.04176 7.5
-0.04152 7.6
-0.04127 7.4
-0.04103 6.9
-0.04078 6.2
-0.04054 5.3
-0.0403 4.2
-0.04005 2.9
-0.03981 1.5
-0.03956 0.0
-0.03932 -1.4
-0.03908 -2.8
-0.03883 -4.1
-0.03859 -5.3
-0.03834 -6.2
-0.0381 -7.0
-0.03786 -7.5
-0.03761 -7.8
-0.03737 -7.7
-0.03712 -7.4
-0.03688 -6.8
-0.03663 -5.9
-0.03639 -4.8
-0.03615 -3.6
-0.0359 -2.1
-0.03566 -0.6
-0.03541 0.9
-0.03517 2.4
-0.03493 3.8
-0.03468 5.1
-0.03444 6.2
-0.03419 7.1
-0.03395 7.7
-0.0337 7.9
-0.03346 7.9
-0.03322 7.6
-0.03297 6.9
-0.03273 6.0
-0.03248 4.8
-0.03224 3.4
-0.032 1.9
-0.03175 0.3
-0.03151 -1.4
-0.03126 -3.0
-0.03102 -4.4
-0.03078 -5.7
-0.03053 -6.8
-0.03029 -7.6
-0.03004 -8.1
-0.0298 -8.2
-0.02955 -8.0
-0.02931 -7.4
-0.02907 -6.5
-0.02882 -5.3
-0.02858 -3.9
-0.02833 -2.3
-0.02809 -0.5
-0.02785 1.2
-0.0276 2.9
-0.02736 4.5
-0.02711 5.9
-0.02687 7.1
-0.02662 7.9
-0.02638 8.3
-0.02614 8.4
-0.02589 8.1
-0.02565 7.4
-0.0254 6.3
-0.02516 4.9
-0.02492 3.3
-0.02467 1.5
-0.02443 -0.4
-0.02418 -2.3
-0.02394 -4.1
-0.02369 -5.7
-0.02345 -7.0
-0.02321 -8.0
-0.02296 -8.6
-0.02272 -8.7
-0.02247 -8.4
-0.02223 -7.7
-0.02199 -6.5
-0.02174 -5.0
-0.0215 -3.2
-0.02125 -1.2
-0.02101 0.8
-0.02077 2.9
-0.02052 4.8
-0.02028 6.4
-0.02003 7.7
-0.01979 8.6
-0.01954 9.0
-0.0193 8.9
-0.01906 8.3
-0.01881 7.1
-0.01857 5.6
-0.01832 3.7
-0.01808 1.5
-0.01784 -0.7
-0.01759 -3.0
-0.01735 -5.1
-0.0171 -6.8
-0.01686 -8.2
-0.01661 -9.1
-0.01637 -9.4
-0.01613 -9.1
-0.01588 -8.2
-0.01564 -6.7
-0.01539 -4.8
-0.01515 -2.5
-0.01491 0.0
-0.01466 2.5
-0.01442 4.9
-0.01417 6.9
-0.01393 8.5
-0.01369 9.5
-0.01344 9.8
-0.0132 9.4
-0.01295 8.3
-0.01271 6.5
-0.01246 4.1
-0.01222 1.5
-0.01198 -1.4
-0.01173 -4.2
-0.01149 -6.7
-0.01124 -8.7
-0.011 -9.9
-0.01076 -10.4
-0.01051 -9.9
-0.01027 -8.6
-0.01002 -6.4
-0.00978 -3.7
-0.00953 -0.5
-0.00929 2.8
-0.00905 5.9
-0.0088 8.5
-0.00856 10.3
-0.00831 11.0
-0.00807 10.6
-0.00783 9.1
-0.00758 6.5
-0.00734 3.1
-0.00709 -0.7
-0.00685 -4.6
-0.00661 -8.0
-0.00636 -10.6
-0.00612 -11.8
-0.00587 -11.6
-0.00563 -9.7
-0.00538 -6.4
-0.00514 -2.1
-0.0049 2.7
-0.00465 7.3
-0.00441 10.9
-0.00416 12.9
-0.00392 12.6
-0.00368 10.1
-0.00343 5.4
-0.00319 -0.6
-0.00294 -6.8
-0.0027 -11.9
-0.00245 -14.5
-0.00221 -13.6
-0.00197 -8.8
-0.00172 -1.0
-0.00148 7.8
-0.00123 14.7
-0.00099 16.6
-0.00075 11.4
-0.0005 0.0
-0.00026 -12.9
-1e-05 -18.5
0.00023 -9.5
0.00047 8.5
0.00072 16.2
0.00096 4.6
0.00121 -9.8
0.00145 -8.3
0.0017 3.1
0.00194 6.7
0.00218 0.3
0.00243 -4.2
0.00267 -1.5
0.00292 2.2
0.00316 1.5
0.0034 -1.0
0.00365 -1.2
0.00389 0.3
0.00414 0.9
0.00438 0.0
0.00463 -0.5
0.00487 -0.2
0.00511 0.3
0.00536 0.2
0.0056 -0.1
0.00585 -0.2
0.00609 0.0
0.00633 0.1
0.00658 0.0
0.00682 0.0
0.00707 0.0
0.00731 0.0
0.00756 0.0
0.0078 0.0
0.00804 0.0
0.00829 0.0
0.00853 0.0
0.00878 0.0
0.00902 0.0
0.00926 0.0
0.00951 0.0
0.00975 0.0
0.01 0.0
0.01024 0.0
0.01048 0.0
0.01073 0.0
0.01097 0.0
0.01122 0.0
0.01146 0.0
0.01171 0.0
0.01195 0.0
0.01219 0.0
0.01244 0.0
0.01268 0.0
0.01293 0.0
0.01317 0.0
0.01341 0.0
0.01366 0.0
0.0139 0.0
0.01415 0.0
0.01439 0.0
0.01464 0.0
0.01488 0.0
0.01512 0.0
0.01537 0.0
0.01561 0.0
0.01586 0.0
0.0161 0.0
0.01634 0.0
0.01659 0.0
0.01683 0.0
0.01708 0.0
0.01732 0.0
0.01756 0.0
0.01781 0.0
0.01805 0.0
0.0183 0.0
0.01854 0.0
0.01879 0.0
0.01903 0.0
0.01927 0.0
0.01952 0.0
0.01976 0.0
0.02001 0.0
0.02025 0.0
0.02049 0.0
0.02074 0.0
0.02098 0.0
0.02123 0.0
0.02147 0.0
0.02172 0.0
0.02196 0.0
0.0222 0.0
0.02245 0.0
0.02269 0.0
0.02294 0.0
0.02318 0.0
0.02342 0.0
0.02367 0.0
0.02391 0.0
0.02416 0.0
0.0244 0.0
0.02464 0.0
0.02489 0.0
0.02513 0.0
0.02538 0.0
0.02562 0.0
0.02587 0.0
0.02611 0.0
0.02635 0.0
0.0266 0.0
0.02684 0.0
0.02709 0.0
0.02733 0.0
0.02757 0.0
0.02782 0.0
0.02806 0.0
0.02831 0.0
0.02855 0.0
0.0288 0.0
0.02904 0.0
0.02928 0.0
0.02953 0.0
0.02977 0.0
0.03002 0.0
0.03026 0.0
0.0305 0.0
0.03075 0.0
0.03099 0.0
0.03124 0.0
0.03148 0.0
0.03172 0.0
0.03197 0.0
0.03221 0.0
0.03246 0.0
0.0327 0.0
0.03295 0.0
0.03319 0.0
0.03343 0.0
0.03368 0.0
0.03392 0.0
0.03417 0.0
0.03441 0.0
0.03465 0.0
0.0349 0.0
0.03514 0.0
0.03539 0.0
0.03563 0.0
0.03588 0.0
0.03612 0.0
0.03636 0.0
0.03661 0.0
0.03685 0.0
0.0371 0.0
0.03734 0.0
0.03758 0.0
0.03783 0.0
0.03807 0.0
0.03832 0.0
0.03856 0.0
0.03881 0.0
0.03905 0.0
0.03929 0.0
0.03954 0.0
0.03978 0.0
0.04003 0.0
0.04027 0.0
0.04051 0.0
0.04076 0.0
0.041 0.0
0.04125 0.0
0.04149 0.0
0.04173 0.0
0.04198 0.0
0.04222 0.0
0.04247 0.0
0.04271 0.0
0.04296 0.0
0.0432 0.0
0.04344 0.0
0.04369 0.0
